DateTime,Depth_m,Temp_C,CDOM_ugL,Chla_ugL,Phycoerythrin_ugL,Phycocyanin_ugL,Turbidity_NTU,Cond_uScm,SpCond_uScm,DO_mgL,DOsat_percent,PAR,Salinity,DescRate_ms ,Flag
2026-07-06T10:29:10Z,-0.105,29.3759,18.72,2.6719,0.1278,2.8341,7.2739,39.67,43.144884,6.8648,90.505,1222.8,11643.302969812818,0.037,0
2026-07-06T10:29:10Z,-0.095,29.376,18.81,2.6757,0.1278,2.7072,7.2739,39.646,43.115738,6.8757,90.659,1108.4,11623.906813637386,0.036,0
2026-07-06T10:29:10Z,-0.085,29.3756,18.81,2.9084,0.1278,2.7072,7.0171,39.634,43.098587,6.8883,90.786,431.35,11612.752532067258,0.034,0
2026-07-06T10:29:10Z,-0.076,29.3744,18.81,2.9198,0.1278,2.7072,7.1228,39.633,43.092843,6.9018,90.877,538.73,11609.598762595473,0.031,0
2026-07-06T10:29:10Z,-0.068,29.3723,18.81,2.9084,0.1278,2.7072,7.0473,39.642,43.096974,6.915,90.926,967.2,11613.48070577773,0.027,0
2026-07-06T10:29:10Z,-0.062,29.369,18.9,2.9236,0.1704,3.0033,7.0473,39.664,43.116067,6.9271,90.939,1525.8,11627.942311591902,0.023,0
2026-07-06T10:29:10Z,-0.057,29.3643,18.9,2.8588,0.1704,3.0033,7.0624,39.695,43.14724,6.9374,90.92,1456.2,11651.206100241103,0.019,0
2026-07-06T10:29:10Z,-0.053,29.358,18.9,2.855,0.1704,3.0033,7.0926,39.717,43.170908,6.9451,90.878,896.17,11670.387683071274,0.015,0
2026-07-06T10:29:10Z,-0.05,29.3506,18.9,2.8473,0.1704,3.0033,7.0775,39.725,43.181427,6.9498,90.822,923.65,11681.442862402464,0.013,0
2026-07-06T10:29:10Z,-0.048,29.3443,18.72,2.8512,0.1278,2.9187,7.0926,39.73,43.189572,6.9515,90.769,1099.7,11690.322603403638,0.012,0
2026-07-06T10:29:10Z,-0.045,29.3408,18.72,2.8664,0.1278,2.9187,7.0171,39.734,43.197515,6.9504,90.732,1069.6,11697.535942342372,0.011,0
2026-07-06T10:29:10Z,-0.043,29.3406,18.72,2.855,0.1278,2.9187,7.0473,39.73,43.19542,6.9473,90.718,1246.9,11696.249745721667,0.011,0
2026-07-06T10:29:10Z,-0.04,29.3429,18.72,2.8664,0.1278,2.9187,7.0624,39.709,43.174755,6.9428,90.721,964.89,11681.223847323176,0.012,0
2026-07-06T10:29:10Z,-0.037,29.3466,18.72,2.8473,0.1278,2.9187,7.0322,39.675,43.137981,6.9383,90.737,592.53,11654.733325312414,0.013,0
2026-07-06T10:29:10Z,-0.034,29.3506,18.72,2.9198,0.1278,2.7495,7.0473,39.632,43.091234,6.935,90.765,626.01,11621.502645792238,0.015,0
2026-07-06T10:29:10Z,-0.03,29.354,18.72,2.9198,0.1278,2.7495,7.0473,39.589,43.041977,6.9334,90.804,787.82,11587.001054557604,0.017,0
2026-07-06T10:29:10Z,-0.026,29.3562,18.72,2.9465,0.1278,2.7495,7.0322,39.554,43.000988,6.9334,90.855,1253.4,11558.684785144476,0.019,0
2026-07-06T10:29:10Z,-0.021,29.3571,18.72,2.9198,0.1278,2.7495,6.9869,39.532,42.973277,6.9345,90.922,671.53,11539.885374659794,0.022,0
2026-07-06T10:29:10Z,-0.016,29.3565,18.72,2.977,0.1704,2.8764,7.3494,39.519,42.955439,6.9367,91.01,1008.2,11528.432133152617,0.025,0
2026-07-06T10:29:10Z,-0.009,29.3543,18.72,2.958,0.1704,2.8764,7.3947,39.515,42.946705,6.94,91.122,910.11,11523.857121970737,0.027,0
2026-07-06T10:29:10Z,-0.001,29.3505,18.72,2.9809,0.1704,2.8764,7.3343,39.518,42.944743,6.9443,91.252,828.92,11524.616432161223,0.029,0
2026-07-06T10:29:10Z,0.008,29.3456,18.72,2.9694,0.1704,2.8764,7.3343,39.514,42.937074,6.95,91.39,643.53,11522.20384402737,0.03,0
2026-07-06T10:29:10Z,0.017,29.3401,18.81,2.916,0.1704,2.7495,7.1077,39.5,42.917668,6.9575,91.523,534.53,11512.370980655804,0.03,0
2026-07-06T10:29:10Z,0.025,29.3346,18.81,2.9198,0.1704,2.7495,7.1077,39.481,42.893305,6.9667,91.636,469.7,11499.272857970891,0.029,0
2026-07-06T10:29:10Z,0.032,29.3292,18.81,2.9389,0.1704,2.7495,7.0624,39.466,42.873431,6.9773,91.718,592.01,11489.085329424344,0.027,0
2026-07-06T10:29:10Z,0.038,29.324,18.81,2.9084,0.1704,2.7495,7.0624,39.462,42.864703,6.9885,91.767,421.25,11486.13666157979,0.024,0
2026-07-06T10:29:10Z,0.044,29.3191,18.81,2.9275,0.1704,2.7495,6.8056,39.462,42.860806,6.9992,91.789,455.43,11486.209611056824,0.023,0
2026-07-06T10:29:10Z,0.049,29.3142,18.72,2.9275,0.1704,2.6226,6.8358,39.458,42.852731,7.0085,91.795,418.97,11483.529098798765,0.021,0
2026-07-06T10:29:10Z,0.054,29.3094,18.72,2.916,0.1704,2.6226,6.8056,39.456,42.846296,7.0154,91.797,475.56,11481.875214877537,0.021,0
2026-07-06T10:29:10Z,0.059,29.3044,18.72,2.9008,0.1704,2.6226,6.8509,39.458,42.843769,7.0197,91.805,602.52,11482.904391850025,0.021,0
2026-07-06T10:29:10Z,0.064,29.2994,18.72,3.0686,0.1704,2.6226,6.8207,39.459,42.840491,7.022,91.83,404.22,11483.4387262737,0.022,0
2026-07-06T10:29:10Z,0.07,29.2943,18.81,3.0381,0.1704,2.7918,6.8207,39.465,42.841566,7.0231,91.884,354.11,11486.896986065305,0.024,0
2026-07-06T10:29:10Z,0.076,29.2892,18.81,3.08,0.1704,2.7918,6.9113,39.476,42.849273,7.0238,91.964,381.02,11494.731148254516,0.025,0
2026-07-06T10:29:10Z,0.083,29.2837,18.81,3.0572,0.1704,2.7918,6.8509,39.484,42.855703,7.0251,92.062,435.97,11501.943316336206,0.026,0
2026-07-06T10:29:10Z,0.09,29.2778,18.81,2.9732,0.1704,2.7918,7.2588,39.48,42.852606,7.0278,92.164,572.78,11503.085617208584,0.026,0
2026-07-06T10:29:10Z,0.098,29.2716,18.9,2.9885,0.1704,3.0033,7.3796,39.466,42.839157,7.0326,92.256,655.24,11497.556230349432,0.026,0
2026-07-06T10:29:10Z,0.105,29.2662,18.9,2.9618,0.1704,3.0033,7.3192,39.452,42.82572,7.0394,92.328,603.97,11491.603239240905,0.025,0
2026-07-06T10:29:10Z,0.11,29.2635,18.9,2.977,0.1704,3.0033,7.3796,39.443,42.818674,7.0472,92.382,607.65,11488.410829958162,0.024,0
2026-07-06T10:29:10Z,0.116,29.264,18.9,3.0495,0.1704,3.0033,7.0926,39.44,42.816142,7.055,92.423,458.21,11486.47033719333,0.023,0
2026-07-06T10:29:10Z,0.121,29.2664,18.72,3.0381,0.1704,2.8341,6.9869,39.436,42.813461,7.0617,92.455,453.55,11483.407025782639,0.022,0
2026-07-06T10:29:10Z,0.126,29.2692,18.72,3.0495,0.1704,2.8341,7.0926,39.429,42.805933,7.0669,92.483,394.84,11476.932801915926,0.022,0
2026-07-06T10:29:10Z,0.132,29.2715,18.72,3.0419,0.1704,2.8341,7.1228,39.418,42.795535,7.0708,92.516,484.63,11468.839513940238,0.023,0
2026-07-06T10:29:10Z,0.138,29.2735,18.72,3.0266,0.1704,2.8341,7.1228,39.41,42.787466,7.0736,92.558,642.41,11462.446098734474,0.024,0
2026-07-06T10:29:10Z,0.144,29.2752,18.72,3.0724,0.1704,2.8341,7.0775,39.406,42.783558,7.0759,92.611,737.62,11458.95698851088,0.024,0
2026-07-06T10:29:10Z,0.15,29.2763,18.81,3.0495,0.213,2.7495,6.9567,39.395,42.772807,7.0779,92.674,436.63,11451.286203038211,0.025,0
2026-07-06T10:29:10Z,0.156,29.2772,18.81,3.0419,0.213,2.7495,7.0473,39.371,42.74836,7.0803,92.745,426.13,11434.71651871403,0.025,0
2026-07-06T10:29:10Z,0.163,29.2779,18.81,2.8893,0.213,2.7495,7.289,39.347,42.723625,7.0834,92.82,491.85,11418.080570003922,0.025,0
2026-07-06T10:29:10Z,0.169,29.2789,18.81,2.9351,0.213,2.7495,7.1682,39.337,42.713925,7.0874,92.894,616.83,11411.172215634997,0.025,0
2026-07-06T10:29:10Z,0.176,29.2801,18.81,2.9084,0.1278,2.8341,7.2739,39.342,42.72066,7.092,92.967,446.32,11414.953113679892,0.026,0
2026-07-06T10:29:10Z,0.182,29.2818,18.81,2.9313,0.1278,2.8341,7.3343,39.349,42.729685,7.0973,93.042,408.99,11419.971255878201,0.026,0
2026-07-06T10:29:10Z,0.189,29.2836,18.81,2.7215,0.1278,2.8341,7.7271,39.346,42.727463,7.1028,93.119,434.45,11417.546310254249,0.026,0
2026-07-06T10:29:10Z,0.195,29.2852,18.81,2.7367,0.1278,2.8341,7.712,39.333,42.713403,7.1082,93.2,469.4,11407.454586483429,0.026,0
2026-07-06T10:29:10Z,0.202,29.2866,18.99,2.7443,0.1704,2.9187,7.7422,39.316,42.695711,7.1137,93.275,506.93,11395.092948988287,0.025,0
2026-07-06T10:29:10Z,0.209,29.288,18.99,2.7291,0.1704,2.9187,7.7875,39.303,42.681627,7.1193,93.333,523.73,11385.106176711492,0.025,0
2026-07-06T10:29:10Z,0.215,29.2893,18.99,2.8512,0.1704,2.9187,7.2588,39.293,42.671379,7.125,93.374,428.08,11377.693045031307,0.024,0
2026-07-06T10:29:10Z,0.221,29.2905,18.99,2.8435,0.1704,2.9187,7.2739,39.285,42.662236,7.131,93.406,545.92,11371.060707364648,0.023,0
2026-07-06T10:29:10Z,0.227,29.2913,19.26,2.8512,0.213,3.0456,7.3645,39.275,42.651758,7.1367,93.437,476.38,11363.770047063757,0.022,0
2026-07-06T10:29:10Z,0.232,29.2917,19.26,2.8664,0.213,3.0456,7.2739,39.265,42.641138,7.1411,93.477,387.53,11356.602752129415,0.022,0
2026-07-06T10:29:10Z,0.238,29.2919,19.26,2.8397,0.213,3.0456,7.7271,39.26,42.635513,7.1441,93.527,425.39,11352.813974007233,0.021,0
2026-07-06T10:29:10Z,0.243,29.292,19.26,2.855,0.213,3.0456,7.7573,39.258,42.633385,7.1466,93.578,430.23,11351.367781652689,0.021,0
2026-07-06T10:29:10Z,0.248,29.2919,19.26,2.8626,0.213,3.0456,7.8328,39.252,42.626215,7.149,93.629,471.85,11346.728963327276,0.021,0
2026-07-06T10:29:10Z,0.254,29.2918,19.17,2.874,0.1704,3.0879,7.8328,39.235,42.608104,7.1521,93.681,398.98,11334.935914528238,0.02,0
2026-07-06T10:29:10Z,0.259,29.2915,19.17,2.8359,0.1704,3.0879,7.7271,39.211,42.582195,7.1559,93.731,420.43,11318.162010721846,0.019,0
2026-07-06T10:29:10Z,0.264,29.2913,19.17,2.8512,0.1704,3.0879,7.7875,39.191,42.561506,7.1598,93.773,476.7,11304.757730690691,0.019,0
2026-07-06T10:29:10Z,0.269,29.2911,19.17,2.8435,0.1704,3.0879,7.6969,39.182,42.552476,7.1637,93.809,397.51,11298.969999491317,0.018,0
2026-07-06T10:29:10Z,0.273,29.2912,19.62,2.855,0.1704,3.1302,7.6969,39.177,42.548711,7.1678,93.838,472.67,11296.46013569978,0.017,0
2026-07-06T10:29:10Z,0.277,29.2916,19.62,2.8588,0.1704,3.1302,7.7875,39.173,42.545223,7.1715,93.862,449.24,11293.97240776849,0.017,0
2026-07-06T10:29:10Z,0.281,29.2925,19.62,2.8588,0.1704,3.1302,7.8177,39.168,42.541081,7.1746,93.886,434.45,11290.793666527017,0.016,0
2026-07-06T10:29:10Z,0.286,29.2939,19.62,2.8283,0.1704,3.1302,7.7422,39.163,42.53518,7.1771,93.913,472.06,11286.20386493429,0.016,0
2026-07-06T10:29:10Z,0.29,29.2958,19.44,2.8664,0.1278,2.961,7.7724,39.154,42.525947,7.1791,93.943,440.35,11279.179056166142,0.015,0
2026-07-06T10:29:10Z,0.293,29.2975,19.44,2.8664,0.1278,2.961,7.0473,39.144,42.514905,7.1807,93.974,398.2,11271.084720953055,0.014,0
2026-07-06T10:29:10Z,0.297,29.2986,19.44,2.855,0.1278,2.961,6.9869,39.133,42.503096,7.1825,94.004,385.76,11262.812110058869,0.014,0
2026-07-06T10:29:10Z,0.3,29.2991,19.44,2.8512,0.1278,2.961,7.0926,39.119,42.487369,7.1845,94.029,444.48,11252.310475749951,0.013,0
2026-07-06T10:29:10Z,0.303,29.2992,19.44,2.8779,0.1278,2.961,7.1833,39.105,42.471502,7.1868,94.046,458.31,11241.935079078768,0.012,0
2026-07-06T10:29:10Z,0.306,29.2991,19.53,2.9503,0.1704,3.0879,6.8811,39.097,42.463221,7.1892,94.059,402.55,11236.602741422383,0.011,0
2026-07-06T10:29:10Z,0.309,29.299,19.53,2.9351,0.1704,3.0879,6.7301,39.095,42.460316,7.1915,94.07,430.98,11234.766634829826,0.011,0
2026-07-06T10:29:10Z,0.312,29.2987,19.53,2.9389,0.1704,3.0879,6.8207,39.093,42.458027,7.1934,94.081,437.3,11233.436529401326,0.011,0
2026-07-06T10:29:10Z,0.314,29.2983,19.53,2.916,0.1704,3.0879,6.8207,39.092,42.455745,7.1948,94.093,420.61,11232.1636910204,0.011,0
2026-07-06T10:29:10Z,0.317,29.2977,19.53,2.9198,0.1278,3.1302,7.0171,39.09,42.452861,7.1959,94.107,374.45,11230.604989897665,0.011,0
2026-07-06T10:29:10Z,0.319,29.2971,19.53,2.9389,0.1278,3.1302,7.0473,39.086,42.448605,7.1968,94.123,418.7,11228.154667798095,0.011,0
2026-07-06T10:29:10Z,0.322,29.2964,19.53,2.9313,0.1278,3.1302,7.1379,39.08,42.441844,7.1977,94.144,459.01,11224.129535054066,0.012,0
2026-07-06T10:29:10Z,0.325,29.2957,19.53,2.9236,0.1278,3.1302,7.0624,39.074,42.434758,7.1987,94.173,384.18,11219.894075874692,0.012,0
2026-07-06T10:29:10Z,0.329,29.2949,19.53,2.8588,0.1278,3.1302,7.4854,39.07,42.429443,7.1998,94.205,387.11,11216.862317838582,0.013,0
2026-07-06T10:29:10Z,0.332,29.2942,19.53,2.8512,0.1278,3.1302,7.6365,39.066,42.424483,7.2012,94.239,424.65,11214.008976815227,0.013,0
2026-07-06T10:29:10Z,0.336,29.2936,19.53,2.8512,0.1278,3.1302,7.5307,39.061,42.418555,7.2029,94.279,411.12,11210.474914930317,0.014,0
2026-07-06T10:29:10Z,0.339,29.2929,19.53,2.855,0.1278,3.1302,7.5307,39.053,42.410078,7.2052,94.326,411.66,11205.339304937106,0.015,0
2026-07-06T10:29:10Z,0.343,29.2923,19.53,2.9351,0.1704,3.0456,7.3192,39.045,42.400777,7.2077,94.377,376.74,11199.617842908228,0.015,0
2026-07-06T10:29:10Z,0.347,29.2916,19.53,2.9236,0.1704,3.0456,7.3343,39.041,42.396142,7.2104,94.431,462.51,11196.977720986453,0.016,0
2026-07-06T10:29:10Z,0.351,29.291,19.53,2.9008,0.1704,3.0456,7.2437,39.041,42.394938,7.2136,94.486,437.3,11196.511392459652,0.016,0
2026-07-06T10:29:10Z,0.355,29.2904,19.53,2.9389,0.1704,3.0456,7.3041,39.039,42.392858,7.2172,94.54,458.61,11195.476680707734,0.016,0
2026-07-06T10:29:10Z,0.36,29.2899,19.53,2.752,0.1704,3.0456,7.8782,39.04,42.393332,7.2212,94.589,402.9,11196.046550952418,0.015,0
2026-07-06T10:29:10Z,0.363,29.2894,19.44,2.7367,0.1704,3.0879,7.7573,39.043,42.396486,7.2254,94.63,398.03,11198.355472587396,0.015,0
2026-07-06T10:29:10Z,0.367,29.2888,19.44,2.7329,0.1704,3.0879,7.6667,39.043,42.395192,7.2297,94.661,430.98,11197.830699897042,0.014,0
2026-07-06T10:29:10Z,0.37,29.2882,19.44,2.7291,0.1704,3.0879,7.712,39.037,42.389104,7.2338,94.687,383.59,11194.19548382267,0.013,0
2026-07-06T10:29:10Z,0.374,29.2876,19.44,2.7329,0.1704,3.0879,7.425,39.03,42.380584,7.2377,94.709,418.15,11188.983491645216,0.013,0
2026-07-06T10:29:10Z,0.377,29.287,19.35,2.7253,0.213,3.0033,7.2437,39.022,42.371345,7.2409,94.725,430.32,11183.306678051249,0.013,0
2026-07-06T10:29:10Z,0.38,29.2863,19.35,2.7329,0.213,3.0033,7.2437,39.019,42.366895,7.2433,94.74,459.91,11180.788449048594,0.013,0
2026-07-06T10:29:10Z,0.383,29.2856,19.35,2.7443,0.213,3.0033,7.3645,39.015,42.362061,7.2454,94.757,390.83,11178.02159295987,0.014,0
2026-07-06T10:29:10Z,0.387,29.285,19.35,2.752,0.213,3.0033,7.863,39.002,42.347583,7.2471,94.781,466.04,11168.953369380286,0.015,0
2026-07-06T10:29:10Z,0.391,29.284300000000002,19.53,2.7443,0.1704,3.0879,7.8328,38.985,42.329564,7.2485,94.815,441.21,11157.648989716557,0.016,0
2026-07-06T10:29:10Z,0.395,29.2837,19.53,2.7291,0.1704,3.0879,7.8026,38.974,42.317148,7.2497,94.856,405.36,11149.925159863278,0.016,0
2026-07-06T10:29:10Z,0.4,29.2831,19.53,2.7215,0.1704,3.0879,7.8328,38.967,42.309016,7.2511,94.902,441.98,11144.976227370329,0.017,0
2026-07-06T10:29:10Z,0.404,29.2825,19.53,2.752,0.1704,3.0879,7.8177,38.96,42.301007,7.253,94.952,406.33,11140.108129332828,0.017,0
2026-07-06T10:29:10Z,0.408,29.2821,19.62,2.7176,0.1704,3.2148,7.7573,38.953,42.292979,7.2556,95.004,458.31,11135.12456621086,0.017,0
2026-07-06T10:29:10Z,0.413,29.2818,19.62,2.7253,0.1704,3.2148,7.6667,38.945,42.284783,7.2588,95.054,423.36,11129.981508457207,0.017,0
2026-07-06T10:29:10Z,0.417,29.2816,19.62,2.7138,0.1704,3.2148,7.8933,38.936,42.274233,7.2624,95.101,430.51,11123.266425674625,0.018,0
2026-07-06T10:29:10Z,0.422,29.2814,19.62,2.7215,0.1704,3.2148,7.3343,38.923,42.260508,7.2663,95.148,415.44,11114.502888387116,0.018,0
2026-07-06T10:29:10Z,0.426,29.2811,19.62,2.7024,0.1704,3.2148,7.3645,38.91,42.245928,7.2703,95.196,394.41,11105.243710159564,0.018,0
2026-07-06T10:29:10Z,0.431,29.2808,19.53,2.7405,0.213,3.1725,7.2437,38.9,42.234574,7.2741,95.247,420.89,11098.071003529003,0.018,0
2026-07-06T10:29:10Z,0.435,29.2803,19.53,2.7596,0.213,3.1725,7.3494,38.894,42.227404,7.2778,95.301,455.43,11093.704358292473,0.018,0
2026-07-06T10:29:10Z,0.44,29.2799,19.53,2.7825,0.213,3.1725,7.4552,38.89,42.222505,7.2814,95.352,407.12,11090.751686388632,0.018,0
2026-07-06T10:29:10Z,0.445,29.2794,19.53,2.7634,0.213,3.1725,7.4703,38.887,42.218573,7.2852,95.397,412.38,11088.475109280835,0.018,0
2026-07-06T10:29:10Z,0.45,29.2788,19.35,2.7863,0.1278,3.2148,7.5609,38.884,42.214557,7.2891,95.438,410.59,11086.19657258035,0.018,0
2026-07-06T10:29:10Z,0.454,29.2782,19.35,2.7482,0.1278,3.2148,7.4703,38.88,42.209388,7.2934,95.476,426.23,11083.174813720296,0.018,0
2026-07-06T10:29:10Z,0.459,29.2775,19.35,2.7939,0.1278,3.2148,7.2135,38.873,42.201687,7.2974,95.51,411.21,11078.573039777384,0.017,0
2026-07-06T10:29:10Z,0.463,29.2767,19.35,2.7939,0.1278,3.2148,7.289,38.863,42.189401,7.3009,95.542,393.73,11071.069472362658,0.017,0
2026-07-06T10:29:10Z,0.467,29.2759,19.26,2.7863,0.1278,3.1302,7.4099,38.852,42.177223,7.3041,95.571,404.57,11063.638446713821,0.017,0
2026-07-06T10:29:10Z,0.471,29.275,19.26,2.8092,0.1278,3.1302,7.2588,38.847,42.169876,7.3072,95.599,445.74,11059.372993440951,0.017,0
2026-07-06T10:29:10Z,0.475,29.2741,19.26,2.7939,0.1278,3.1302,7.4552,38.84,42.161416,7.3099,95.632,385.68,11054.391843678022,0.017,0
2026-07-06T10:29:10Z,0.479,29.273,19.26,2.7939,0.1278,3.1302,7.5609,38.833,42.153573,7.3124,95.674,410.68,11049.91264697623,0.017,0
2026-07-06T10:29:10Z,0.484,29.2719,19.26,2.8092,0.1278,3.1302,7.4854,38.833,42.152225,7.3148,95.723,396.13,11049.614532170466,0.017,0
2026-07-06T10:29:10Z,0.488,29.2706,19.17,2.8054,0.1704,3.1302,7.4552,38.835,42.153028,7.3171,95.773,375.02,11050.80455754691,0.017,0
2026-07-06T10:29:10Z,0.493,29.2693,19.17,2.8016,0.1704,3.1302,7.289,38.835,42.15221,7.3198,95.828,376.33,11050.951203192628,0.017,0
2026-07-06T10:29:10Z,0.498,29.268,19.17,2.8016,0.1704,3.1302,7.2739,38.833,42.149554,7.3232,95.888,418.06,11049.914604186872,0.017,0
2026-07-06T10:29:10Z,0.502,29.2667,19.17,2.7787,0.1704,3.1302,7.2437,38.829,42.14435,7.3271,95.941,378.05,11047.237953504253,0.017,0
2026-07-06T10:29:10Z,0.507,29.2653,19.44,2.8054,0.1278,3.1302,7.2739,38.826,42.139197,7.3311,95.981,385.09,11044.646129146147,0.017,0
2026-07-06T10:29:10Z,0.511,29.264,19.44,2.7825,0.1278,3.1302,7.0775,38.824,42.136705,7.3355,96.008,390.32,11043.715225491504,0.016,0
2026-07-06T10:29:10Z,0.515,29.2628,19.44,2.7787,0.1278,3.1302,7.0322,38.821,42.132225,7.3402,96.027,377.06,11041.453264655509,0.015,0
2026-07-06T10:29:10Z,0.518,29.2617,19.44,2.7634,0.1278,3.1302,7.0473,38.815,42.124561,7.3444,96.042,381.02,11037.091270149836,0.015,0
2026-07-06T10:29:10Z,0.522,29.2605,19.35,2.8092,0.1704,3.1302,7.0926,38.811,42.119642,7.3476,96.057,388.12,11034.547509151313,0.015,0
2026-07-06T10:29:10Z,0.525,29.2591,19.35,2.916,0.1704,3.1302,7.7573,38.813,42.12014,7.3499,96.073,353.27,11035.591942316287,0.015,0
2026-07-06T10:29:10Z,0.529,29.2576,19.35,2.9084,0.1704,3.1302,7.7875,38.815,42.122203,7.3515,96.095,369.52,11037.69510214882,0.015,0
2026-07-06T10:29:10Z,0.533,29.2561,19.35,2.8931,0.1704,3.1302,7.7724,38.816,42.122395,7.3529,96.13,389.39,11038.59467290602,0.016,0
2026-07-06T10:29:10Z,0.537,29.2549,19.26,2.9236,0.1704,3.1302,7.8933,38.819,42.124754,7.3542,96.175,368.48,11040.733612799684,0.016,0
2026-07-06T10:29:10Z,0.541,29.2538,19.26,2.9503,0.1704,3.1302,7.1682,38.825,42.129907,7.3555,96.224,363.86,11044.619586744835,0.017,0
2026-07-06T10:29:10Z,0.546,29.2526,19.26,2.9084,0.1704,3.1302,7.0171,38.827,42.131259,7.3574,96.274,375.1,11046.11119380175,0.017,0
2026-07-06T10:29:10Z,0.55,29.2514,19.26,2.9084,0.1704,3.1302,7.0322,38.826,42.129169,7.3602,96.324,352.04,11045.3869541937,0.018,0
2026-07-06T10:29:10Z,0.555,29.2503,19.26,2.9008,0.1704,3.1302,6.9567,38.824,42.127067,7.3638,96.374,378.95,11044.603234592378,0.018,0
2026-07-06T10:29:10Z,0.56,29.2493,19.71,2.8473,0.1704,3.1302,7.7875,38.819,42.120406,7.3677,96.425,357.2,11040.833137666941,0.019,0
2026-07-06T10:29:10Z,0.564,29.2483,19.71,2.8206,0.1704,3.1302,7.7875,38.807,42.107409,7.3716,96.475,352.04,11032.986963957374,0.019,0
2026-07-06T10:29:10Z,0.569,29.2472,19.71,2.8588,0.1704,3.1302,7.7875,38.798,42.096568,7.3756,96.527,351.05,11026.582197840196,0.019,0
2026-07-06T10:29:10Z,0.575,29.2462,19.71,2.8435,0.1704,3.1302,7.7724,38.795,42.092961,7.3796,96.579,343.43,11024.779252407174,0.02,0
2026-07-06T10:29:10Z,0.58,29.2453,19.8,2.8588,0.1704,3.2571,7.4854,38.794,42.091642,7.3836,96.63,335.31,11024.396038085188,0.02,0
2026-07-06T10:29:10Z,0.585,29.2447,19.8,2.8473,0.1704,3.2571,7.4552,38.792,42.088273,7.3875,96.682,370.24,11022.539532835579,0.02,0
2026-07-06T10:29:10Z,0.59,29.2441,19.8,2.855,0.1704,3.2571,7.5307,38.787,42.081955,7.3915,96.736,325.41,11018.787210322858,0.02,0
2026-07-06T10:29:10Z,0.595,29.2433,19.8,2.8512,0.1704,3.2571,7.5458,38.777,42.071005,7.3956,96.787,348.24,11012.161877108902,0.02,0
2026-07-06T10:29:10Z,0.6,29.2425,19.71,2.9046,0.1704,3.1302,7.712,38.765,42.056487,7.3996,96.834,327.75,11003.246862008886,0.02,0
2026-07-06T10:29:10Z,0.605,29.2417,19.71,2.9275,0.1704,3.1302,7.8026,38.753,42.0425,7.4037,96.883,325.2,10994.677040474617,0.021,0
2026-07-06T10:29:10Z,0.61,29.2408,19.71,2.916,0.1704,3.1302,7.712,38.741,42.0293,7.408,96.932,329.89,10986.667711665339,0.021,0
2026-07-06T10:29:10Z,0.616,29.2398,19.71,2.9008,0.1704,3.1302,7.6818,38.731,42.017352,7.412,96.982,318.97,10979.516377914666,0.021,0
2026-07-06T10:29:10Z,0.621,29.2386,19.71,2.9046,0.1278,3.1302,7.0322,38.726,42.011441,7.4158,97.033,312.52,10976.342164798023,0.021,0
2026-07-06T10:29:10Z,0.627,29.2373,19.71,2.9198,0.1278,3.1302,7.0473,38.725,42.00999,7.4197,97.084,302.96,10976.080235997342,0.021,0
2026-07-06T10:29:10Z,0.632,29.2362,19.71,2.9236,0.1278,3.1302,7.0473,38.721,42.004641,7.4236,97.135,315.86,10973.215410272349,0.021,0
2026-07-06T10:29:10Z,0.637,29.2353,19.71,2.958,0.1278,3.1302,7.0171,38.715,41.997954,7.4276,97.188,308.14,10969.390166589503,0.021,0
2026-07-06T10:29:10Z,0.642,29.2344,19.71,2.9656,0.1278,3.1302,7.0171,38.717,42.000102,7.4316,97.243,314.43,10971.230129847068,0.021,0
2026-07-06T10:29:10Z,0.647,29.2337,19.8,2.9809,0.1278,3.1302,7.0775,38.724,42.007671,7.4356,97.3,291.97,10976.444472716348,0.021,0
2026-07-06T10:29:10Z,0.653,29.2332,19.8,2.9656,0.1278,3.1302,7.0171,38.731,42.01471,7.4395,97.356,293.94,10981.21748527783,0.021,0
2026-07-06T10:29:10Z,0.658,29.2328,19.8,2.9885,0.1278,3.1302,7.0775,38.736,42.01911,7.4436,97.403,303.09,10984.24672855681,0.021,0
2026-07-06T10:29:10Z,0.664,29.2324,19.8,3.0343,0.1278,3.1302,6.9869,38.736,42.018058,7.4479,97.444,294.39,10983.777391335816,0.021,0
2026-07-06T10:29:10Z,0.669,29.2318,19.89,3.0419,0.1278,3.0879,7.0926,38.734,42.015261,7.4524,97.483,291.78,10982.291290230361,0.022,0
2026-07-06T10:29:10Z,0.675,29.2311,19.89,3.0305,0.1278,3.0879,7.0926,38.734,42.013957,7.4567,97.524,286.13,10981.814736428028,0.022,0
2026-07-06T10:29:10Z,0.68,29.2304,19.89,3.0648,0.1278,3.0879,7.1077,38.735,42.013799,7.4604,97.568,289.51,10982.073591581593,0.022,0
2026-07-06T10:29:10Z,0.686,29.2295,19.89,3.1029,0.1278,3.0879,7.5307,38.733,42.010759,7.4637,97.611,288.19,10980.586077734239,0.021,0
2026-07-06T10:29:10Z,0.691,29.2286,19.71,3.0991,0.1278,3.1725,7.5458,38.729,42.004026,7.4668,97.656,273.13,10976.729277339622,0.021,0
2026-07-06T10:29:10Z,0.697,29.2274,19.71,3.1144,0.1278,3.1725,7.5005,38.727,41.999776,7.4701,97.697,274.38,10974.62025224012,0.021,0
2026-07-06T10:29:10Z,0.702,29.226,19.71,3.1144,0.1278,3.1725,7.5005,38.735,42.004845,7.4736,97.723,277.31,10978.592589193076,0.021,0
2026-07-06T10:29:10Z,0.707,29.2242,19.71,3.122,0.1278,3.1725,7.5005,38.758,42.024571,7.4772,97.721,270.88,10992.18154372389,0.02,0
2026-07-06T10:29:10Z,0.712,29.221800000000002,19.71,3.1525,0.1278,3.1302,7.7422,38.799,42.060229,7.4809,97.672,271.06,11016.334235196,0.02,0
2026-07-06T10:29:10Z,0.717,29.2184,19.71,3.1678,0.1278,3.1302,7.8933,38.863,42.117342,7.4845,97.551,260.49,11054.863720415255,0.02,0
2026-07-06T10:29:10Z,0.722,29.2138,19.71,3.1678,0.1278,3.1302,7.8328,38.973,42.215125,7.4871,97.319,268.95,11120.402281198805,0.019,0
2026-07-06T10:29:10Z,0.727,29.2072,19.71,3.1792,0.1278,3.1302,7.7573,39.128,42.349763,7.4878,96.905,258.63,11211.20337155733,0.019,0
2026-07-06T10:29:10Z,0.732,29.1969,19.71,3.3471,0.1278,3.1302,7.0322,39.295,42.477453,7.4853,96.249,264.77,11299.916597414927,0.019,0
2026-07-06T10:29:10Z,0.737,29.1805,19.62,3.3433,0.1278,3.1725,7.0775,39.437,42.56449,7.4781,95.386,251.97,11365.668774746762,0.019,0
2026-07-06T10:29:10Z,0.742,29.1542,19.62,3.3433,0.1278,3.1725,6.9869,39.539,42.608172,7.4636,94.371,248.22,11408.46399203574,0.019,0
2026-07-06T10:29:10Z,0.747,29.1113,19.62,3.3356,0.1278,3.1725,6.9869,39.611,42.634092,7.4373,93.149,254.84,11448.620672479832,0.019,0
2026-07-06T10:29:10Z,0.752,29.0447,19.62,3.9536,0.1278,3.1725,7.5911,39.67,42.663108,7.3955,91.649,245.75,11503.819448052705,0.019,0
2026-07-06T10:29:10Z,0.756,28.9593,19.62,3.9498,0.1278,3.1725,7.5005,39.709,42.683028,7.34,89.902,246.82,11563.516994509568,0.019,0
2026-07-06T10:29:10Z,0.761,28.8755,19.62,3.9536,0.1278,3.1725,7.5005,39.724,42.68721,7.2726,88.03,239.17,11612.176611948591,0.019,0
2026-07-06T10:29:10Z,0.766,28.8099,19.62,3.9498,0.1278,3.1725,7.5307,39.728,42.684737,7.1867,86.214,245.06,11646.599004704336,0.019,0
2026-07-06T10:29:10Z,0.771,28.7655,19.62,5.0408,0.1278,3.1725,6.7603,39.726,42.678938,7.0765,84.634,234.89,11667.202147345293,0.019,0
2026-07-06T10:29:10Z,0.776,28.7385,19.62,5.0523,0.1704,3.0879,6.6847,39.717,42.668265,6.945,83.374,238.75,11674.943670173012,0.019,0
2026-07-06T10:29:10Z,0.78,28.7228,19.62,5.0446,0.1704,3.0879,6.8358,39.704,42.653858,6.8023,82.391,233.22,11673.924047551336,0.018,0
2026-07-06T10:29:10Z,0.785,28.7138,19.62,5.0523,0.1704,3.0879,6.8207,39.694,42.643831,6.6631,81.576,237.15,11672.147627983448,0.018,0
2026-07-06T10:29:10Z,0.789,28.7093,19.62,5.7046,0.1704,3.0879,6.5639,39.693,42.643481,6.5416,80.819,229.94,11674.401374903371,0.018,0
2026-07-06T10:29:10Z,0.794,28.7082,19.62,5.7275,0.1704,3.0879,6.6243,39.697,42.64873,6.4443,80.029,229.94,11678.547609279933,0.018,0
2026-07-06T10:29:10Z,0.798,28.7088,19.71,5.716,0.1704,3.0456,6.6243,39.697,42.649022,6.3683,79.14,228.25,11678.412107244254,0.018,0
2026-07-06T10:29:10Z,0.803,28.7097,19.71,5.7046,0.1704,3.0456,6.5639,39.685,42.636462,6.3053,78.114,227.95,11669.450384827782,0.018,0
2026-07-06T10:29:10Z,0.808,28.7103,19.71,6.2768,0.1704,3.0456,6.3373,39.665,42.615673,6.2467,76.947,224.37,11655.118884921541,0.018,0
2026-07-06T10:29:10Z,0.812,28.7107,19.71,6.2806,0.1704,3.0456,6.2769,39.651,42.601038,6.1856,75.686,224.51,11645.049034053032,0.018,0
2026-07-06T10:29:10Z,0.817,28.7111,19.8,6.2844,0.1278,3.1302,6.2013,39.646,42.596626,6.1169,74.415,223.49,11641.860099637983,0.018,0
2026-07-06T10:29:10Z,0.821,28.7116,19.8,6.2692,0.1278,3.1302,6.3373,39.64,42.589304,6.0375,73.213,220.55,11636.659680860355,0.018,0
2026-07-06T10:29:10Z,0.825,28.7123,19.8,6.7537,0.1278,3.1302,5.5669,39.629,42.577119,5.9472,72.113,220.36,11628.081691881358,0.018,0
2026-07-06T10:29:10Z,0.829,28.7131,19.8,6.7956,0.1278,3.1302,5.6726,39.623,42.568779,5.8497,71.121,219.83,11622.036141911347,0.018,0
2026-07-06T10:29:10Z,0.834,28.7137,19.89,6.7765,0.1278,3.2148,5.7784,39.619,42.562058,5.7514,70.234,218.83,11617.190372553974,0.017,0
2026-07-06T10:29:10Z,0.838,28.7137,19.89,6.7613,0.1278,3.2148,5.5971,39.615,42.555165,5.6585,69.452,217.31,11612.560627637251,0.017,0
2026-07-06T10:29:10Z,0.843,28.7126,19.89,6.952,0.1278,3.2148,5.4158,39.614,42.550247,5.5736,68.765,216.94,11609.863150479954,0.017,0
2026-07-06T10:29:10Z,0.847,28.7104,19.89,6.9635,0.1278,3.2148,5.3705,39.609,42.542006,5.4971,68.167,215.48,11605.53999402433,0.017,0
2026-07-06T10:29:10Z,0.852,28.7072,20.07,6.9329,0.1704,3.1725,5.4309,39.599,42.528245,5.4289,67.645,212.78,11598.062301807868,0.017,0
2026-07-06T10:29:10Z,0.856,28.7032,20.07,6.9368,0.1704,3.1725,5.3705,39.583,42.50928,5.3688,67.178,213.38,11587.535007064154,0.016,0
2026-07-06T10:29:10Z,0.86,28.6988,20.07,7.1924,0.1704,3.1725,4.872,39.561,42.484038,5.3161,66.758,216.98,11573.023481004106,0.016,0
2026-07-06T10:29:10Z,0.864,28.6947,20.07,7.2114,0.1704,3.1725,4.8569,39.538,42.457744,5.2702,66.39,215.01,11557.651904557744,0.017,0
2026-07-06T10:29:10Z,0.868,28.6912,20.07,7.1962,0.1704,3.1725,4.8871,39.517,42.435344,5.2302,66.086,215.71,11544.568860005431,0.017,0
2026-07-06T10:29:10Z,0.872,28.6885,20.07,7.2152,0.1704,3.2994,4.9777,39.496,42.414848,5.1944,65.857,210.71,11532.32984364708,0.018,0
2026-07-06T10:29:10Z,0.877,28.6866,20.07,7.8599,0.1704,3.2994,4.8418,39.475,42.394778,5.1621,65.719,210.3,11519.945765422346,0.019,0
2026-07-06T10:29:10Z,0.882,28.6856,20.07,7.8523,0.1704,3.2994,4.8418,39.457,42.377752,5.1337,65.7,208.52,11509.112139586612,0.02,0
2026-07-06T10:29:10Z,0.887,28.6858,20.07,7.8866,0.1704,3.2994,4.8267,39.441,42.363214,5.1102,65.816,207.66,11499.292110496528,0.02,0
2026-07-06T10:29:10Z,0.893,28.6875,19.89,7.8714,0.1278,3.0879,4.8115,39.429,42.351275,5.0923,66.035,205.29,11490.395575360864,0.021,0
2026-07-06T10:29:10Z,0.898,28.6908,19.89,8.1232,0.1278,3.0879,4.9626,39.427,42.348714,5.0813,66.288,205.6,11486.89021006609,0.021,0
2026-07-06T10:29:10Z,0.904,28.6946,19.89,8.0812,0.1278,3.0879,4.9022,39.435,42.356841,5.0795,66.51,202.28,11490.244991901833,0.021,0
2026-07-06T10:29:10Z,0.909,28.6973,19.89,8.1117,0.1278,3.0879,4.9928,39.442,42.363873,5.0882,66.66,201.27,11493.46793423659,0.021,0
2026-07-06T10:29:10Z,0.915,28.6987,19.98,8.1232,0.1704,3.2148,4.9324,39.441,42.361723,5.1051,66.716,197.28,11491.27074143154,0.021,0
2026-07-06T10:29:10Z,0.92,28.6986,19.98,8.4703,0.1704,3.2148,5.4007,39.434,42.353802,5.1247,66.664,201,11486.039948489995,0.021,0
2026-07-06T10:29:10Z,0.925,28.6978,19.98,8.4512,0.1704,3.2148,5.3252,39.428,42.345969,5.1418,66.506,194.43,11481.250008808867,0.02,0
2026-07-06T10:29:10Z,0.93,28.6971,19.98,8.4741,0.1704,3.2148,5.3554,39.426,42.340121,5.1535,66.272,196.09,11477.73044169169,0.02,0
2026-07-06T10:29:10Z,0.936,28.6965,20.07,8.4894,0.1704,3.1302,5.4158,39.421,42.330713,5.1579,66.001,190.75,11471.783758244756,0.02,0
2026-07-06T10:29:10Z,0.941,28.6955,20.07,9.1302,0.1704,3.1302,5.3856,39.414,42.317227,5.154,65.714,193.29,11463.338617550995,0.02,0
2026-07-06T10:29:10Z,0.945,28.6934,20.07,9.1455,0.1704,3.1302,5.3554,39.408,42.306032,5.142,65.419,189.55,11457.019932684472,0.019,0
2026-07-06T10:29:10Z,0.95,28.6893,20.07,9.1379,0.1704,3.1302,5.5064,39.404,42.298127,5.1242,65.123,189.06,11453.978963678046,0.019,0
2026-07-06T10:29:10Z,0.955,28.6832,20.07,9.1531,0.1704,3.1302,5.4913,39.402,42.293396,5.1038,64.837,187.22,11454.137161775767,0.019,0
2026-07-06T10:29:10Z,0.96,28.6762,20.16,9.7597,0.1704,3.2571,5.6424,39.402,42.290577,5.0822,64.582,186.81,11456.057710691337,0.019,0
2026-07-06T10:29:10Z,0.965,28.6699,20.16,9.7597,0.1704,3.2571,5.7028,39.402,42.286927,5.06,64.382,186.24,11457.044982564981,0.018,0
2026-07-06T10:29:10Z,0.969,28.6651,20.16,9.7559,0.1704,3.2571,5.6424,39.401,42.283463,5.0375,64.249,182.84,11457.3420503771,0.018,0
2026-07-06T10:29:10Z,0.974,28.6614,20.16,9.7597,0.1704,3.2571,5.6424,39.402,42.281256,5.0157,64.195,183.95,11457.879708544635,0.018,0
2026-07-06T10:29:10Z,0.978,28.658,20.16,10.2594,0.1704,3.2148,6.0805,39.401,42.277723,4.9963,64.243,179.92,11457.370611035221,0.018,0
2026-07-06T10:29:10Z,0.983,28.6542,20.16,10.2632,0.1704,3.2148,6.1862,39.394,42.267938,4.9811,64.421,181.25,11452.911193391365,0.018,0
2026-07-06T10:29:10Z,0.987,28.6504,20.16,10.2442,0.1704,3.2148,6.156,39.383,42.253276,4.9712,64.714,177.82,11445.202556227046,0.017,0
2026-07-06T10:29:10Z,0.992,28.647,20.16,10.2442,0.1704,3.2148,6.2013,39.375,42.241782,4.9673,65.074,177.82,11439.389222822001,0.017,0
2026-07-06T10:29:10Z,0.996,28.6438,20.07,10.4807,0.1704,3.2148,6.292,39.367,42.230393,4.9713,65.459,176.2,11433.538480950634,0.016,0
2026-07-06T10:29:10Z,1,28.6405,20.07,10.4807,0.1704,3.2148,6.292,39.349,42.210093,4.9853,65.843,174.79,11421.811511312166,0.016,0
2026-07-06T10:29:10Z,1.004,28.637,20.07,10.4807,0.1704,3.2148,6.2769,39.327,42.185431,5.0083,66.212,176.24,11407.297592909477,0.015,0
2026-07-06T10:29:10Z,1.007,28.6333,20.07,10.454,0.1704,3.2148,6.3222,39.314,42.17175,5.0366,66.55,174.79,11400.20029622935,0.015,0
2026-07-06T10:29:10Z,1.011,28.6301,20.07,11.9951,0.1704,3.2148,7.1077,39.314,42.173373,5.0666,66.843,171.78,11403.008624671002,0.015,0
2026-07-06T10:29:10Z,1.015,28.6282,20.25,12.0028,0.1704,3.1302,7.0473,39.317,42.178777,5.0965,67.084,172.87,11407.629719432362,0.015,0
2026-07-06T10:29:10Z,1.019,28.6276,20.25,12.0142,0.1704,3.1302,7.0624,39.32,42.185418,5.1252,67.265,169.59,11412.372136366646,0.015,0
2026-07-06T10:29:10Z,1.023,28.6281,20.25,12.0104,0.1704,3.1302,7.1379,39.327,42.195068,5.1513,67.381,170.18,11418.523144664,0.016,0
2026-07-06T10:29:10Z,1.027,28.6299,20.25,13.8796,0.1704,3.1302,8.2105,39.332,42.202328,5.1738,67.415,169.85,11422.38101359915,0.016,0
2026-07-06T10:29:10Z,1.031,28.6329,20.7,13.8949,0.1704,3.1302,8.1048,39.334,42.205149,5.1921,67.349,166.34,11422.634364493893,0.017,0
2026-07-06T10:29:10Z,1.036,28.6365,20.7,13.8949,0.1704,3.1302,8.2558,39.329,42.200298,5.2059,67.167,167.32,11417.456961186883,0.017,0
2026-07-06T10:29:10Z,1.04,28.6397,20.7,13.8949,0.1704,3.1302,8.3465,39.317,42.186483,5.2145,66.873,163.09,11406.536214035905,0.017,0
2026-07-06T10:29:10Z,1.045,28.642,20.7,14.4976,0.1704,3.1302,10.129,39.304,42.171973,5.217,66.485,163.34,11395.647635232226,0.018,0
2026-07-06T10:29:10Z,1.049,28.6433,21.33,14.49,0.1704,3.2994,10.1592,39.295,42.160872,5.2117000000000004,66.026,162.1,11387.57028825227,0.018,0
2026-07-06T10:29:10Z,1.054,28.6438,21.33,14.4976,0.1704,3.2994,10.2045,39.287,42.150219,5.1976,65.516,161.47,11380.225800820564,0.018,0
2026-07-06T10:29:10Z,1.059,28.6433,21.33,14.5205,0.1704,3.2994,10.1894,39.282,42.141158,5.1749,64.981,158.3,11374.480048031348,0.018,0
2026-07-06T10:29:10Z,1.063,28.6419,21.33,14.5968,0.1704,3.2994,10.6275,39.279,42.135258,5.145,64.444,156.9,11371.318494978173,0.018,0
2026-07-06T10:29:10Z,1.068,28.6397,21.78,14.6006,0.213,3.0456,10.6577,39.279,42.130946,5.1096,63.929,155.37,11369.642068009265,0.018,0
2026-07-06T10:29:10Z,1.073,28.6367,21.78,14.6159,0.213,3.0456,10.6275,39.283,42.131057,5.0705,63.454,156.29,11371.332038645745,0.018,0
2026-07-06T10:29:10Z,1.077,28.633,21.78,14.6273,0.213,3.0456,10.688,39.289,42.131635,5.0294,63.027,155.68,11373.709657564978,0.018,0
2026-07-06T10:29:10Z,1.082,28.6288,21.78,17.6562,0.213,3.0456,15.658,39.29,42.124864,4.9882,62.653,154.03,11371.478342548935,0.018,0
2026-07-06T10:29:10Z,1.086,28.624,21.78,17.641,0.213,3.0456,15.7033,39.285,42.108938,4.9487,62.333,151.77,11363.493901985492,0.018,0
2026-07-06T10:29:10Z,1.091,28.6181,21.87,17.6677,0.1278,3.0879,15.658,39.276,42.087578,4.9124,62.058,150.55,11352.498952026854,0.017,0
2026-07-06T10:29:10Z,1.095,28.6104,21.87,17.6715,0.1278,3.0879,15.6278,39.272,42.071031,4.88,61.815,149.58,11345.667046854975,0.017,0
2026-07-06T10:29:10Z,1.099,28.6,21.87,21.8944,0.1278,3.0879,25.7642,39.272,42.058868,4.852,61.597,147.93,11343.194067543895,0.017,0
2026-07-06T10:29:10Z,1.104,28.587,21.87,21.902,0.1278,3.0879,25.7642,39.276,42.047847,4.8282,61.404,146.74,11342.875838628406,0.017,0
2026-07-06T10:29:10Z,1.108,28.5722,22.5,21.8906,0.1704,3.0033,25.6584,39.284,42.039011,4.8082,61.248,145.95,11344.975275313045,0.016,0
2026-07-06T10:29:10Z,1.112,28.5566,22.5,21.8906,0.1704,3.0033,25.6282,39.297,42.03399,4.7907,61.126,145.03,11350.03922686782,0.016,0
2026-07-06T10:29:10Z,1.116,28.5404,22.5,20.7614,0.1704,3.0033,27.728,39.316,42.03543,4.7752,61.014,142.75,11359.723650047252,0.016,0
2026-07-06T10:29:10Z,1.12,28.5214,22.5,20.75,0.1704,3.0033,27.6374,39.333,42.035741,4.7618,60.898,143,11370.179092814793,0.015,0
2026-07-06T10:29:10Z,1.124,28.4991,22.86,20.7576,0.1278,2.961,27.5467,39.345,42.031022,4.7516,60.781,141.17,11379.081775747185,0.015,0
2026-07-06T10:29:10Z,1.127,28.4757,22.86,20.7538,0.1278,2.961,27.6223,39.354,42.023998,4.7441,60.665,142.1,11387.054448595722,0.015,0
2026-07-06T10:29:10Z,1.131,28.4524,22.86,20.0443,0.1278,2.961,29.5257,39.357,42.012794,4.7373,60.536,140.93,11392.194492334333,0.015,0
2026-07-06T10:29:10Z,1.134,28.4287,22.86,20.0633,0.1278,2.961,29.5408,39.36,42.002393,4.7302,60.377,141.64,11398.092100353624,0.015,0
2026-07-06T10:29:10Z,1.138,28.4061,22.95,20.0672,0.1278,3.0879,29.5861,39.369,41.997993,4.723,60.182,139.71,11407.407952866148,0.015,0
2026-07-06T10:29:10Z,1.142,28.3857,22.95,20.0595,0.1278,3.0879,29.5861,39.38,41.994433,4.7157,59.965,139.29,11416.102415874686,0.016,0
2026-07-06T10:29:10Z,1.146,28.3671,22.95,19.5789,0.1278,3.0879,30.0091,39.386,41.986779,4.7072,59.748,137.78,11421.088721845445,0.016,0
2026-07-06T10:29:10Z,1.151,28.3492,22.95,19.6285,0.1278,3.0879,30.0695,39.39,41.976974,4.6963,59.542,137.15,11424.258312305732,0.017,0
2026-07-06T10:29:10Z,1.155,28.3313,22.95,19.6132,0.1278,3.0879,30.0242,39.395,41.966388,4.6827,59.353,135.35,11426.906704168136,0.018,0
2026-07-06T10:29:10Z,1.159,28.3131,23.22,19.6285,0.1278,3.1725,30.0091,39.405,41.956184,4.6673,59.192,134.7,11429.97590138237,0.018,0
2026-07-06T10:29:10Z,1.164,28.2949,23.22,19.7734,0.1278,3.1725,31.278,39.421,41.947624,4.6519,59.071,133.33,11434.14933700152,0.019,0
2026-07-06T10:29:10Z,1.169,28.2766,23.22,19.7963,0.1278,3.1725,31.2478,39.441,41.938425,4.6374,59,131.89,11437.951658641754,0.019,0
2026-07-06T10:29:10Z,1.174,28.2564,23.22,19.8116,0.1278,3.1725,31.3233,39.466,41.934103,4.6243,58.976,130.75,11446.067964727383,0.019,0
2026-07-06T10:29:10Z,1.179,28.2307,23.58,19.8001,0.1278,3.1725,31.3082,39.501,41.937488,4.6138,58.999,129.42,11462.38054476961,0.019,0
2026-07-06T10:29:10Z,1.184,28.1979,23.58,17.6028,0.1278,3.1725,29.4804,39.54,41.937528,4.6071,59.077,127.8,11480.359597385315,0.019,0
2026-07-06T10:29:10Z,1.189,28.1604,23.58,17.5914,0.1278,3.1725,29.4199,39.573,41.92626,4.6046,59.222,126.37,11493.328588200417,0.019,0
2026-07-06T10:29:10Z,1.194,28.1213,23.58,17.5914,0.1278,3.1725,29.2689,39.607,41.912631,4.6059,59.44,126.37,11505.60726430323,0.019,0
2026-07-06T10:29:10Z,1.199,28.0781,23.67,17.5837,0.1278,3.2148,29.3897,39.651,41.908948,4.6113,59.728,125.57,11526.899309338154,0.019,0
2026-07-06T10:29:10Z,1.204,28.0263,23.67,13.1586,0.1278,3.2148,22.7429,39.693,41.902268,4.6216,60.091,125.11,11550.968829380081,0.019,0
2026-07-06T10:29:10Z,1.209,27.9672,23.67,13.1319,0.1278,3.2148,22.8637,39.717,41.882837,4.6379,60.537,123.92,11570.488444056347,0.018,0
2026-07-06T10:29:10Z,1.213,27.9049,23.67,13.1434,0.1278,3.2148,22.8033,39.739,41.871374,4.6602,61.039,123.03,11597.2772382786,0.018,0
2026-07-06T10:29:10Z,1.218,27.8406,23.49,13.1548,0.1278,3.0456,22.7731,39.759,41.874785,4.688,61.549,121.33,11635.45209116832,0.018,0
2026-07-06T10:29:10Z,1.223,27.7771,23.49,12.8267,0.1278,3.0456,20.5525,39.758,41.876042,4.7219,62.041,120.07,11671.866225777374,0.018,0
2026-07-06T10:29:10Z,1.227,27.7206,23.49,12.8496,0.1278,3.0456,20.6582,39.732,41.869504,4.7617,62.519,118.29,11699.12562779456,0.017,0
2026-07-06T10:29:10Z,1.232,27.6773,23.49,12.8534,0.1278,3.0456,20.5978,39.7,41.865386,4.8048,63,118.36,11720.695121217519,0.017,0
2026-07-06T10:29:10Z,1.236,27.6539,23.49,12.8458,0.1278,3.0456,20.6582,39.673,41.866577,4.8469,63.515,117.62,11734.73430256203,0.016,0
2026-07-06T10:29:10Z,1.24,27.6573,23.49,13.3227,0.1278,3.1725,21.6401,39.646,41.861442,4.8853,64.094,117.34,11729.267717603461,0.016,0
2026-07-06T10:29:10Z,1.244,27.6841,23.49,13.3112,0.1278,3.1725,21.5797,39.62,41.848613,4.9205,64.75,116.43,11705.298216549145,0.015,0
2026-07-06T10:29:10Z,1.247,27.7217,23.49,13.3265,0.1278,3.1725,21.4286,39.609,41.840611,4.955,65.47,116.1,11678.632673434213,0.015,0
2026-07-06T10:29:10Z,1.251,27.7585,23.49,13.3188,0.1278,3.1725,21.625,39.617,41.839288,4.9922,66.218,114.15,11657.072151897739,0.015,0
2026-07-06T10:29:10Z,1.255,27.788,23.4,11.7357,0.1278,3.2571,15.2954,39.639,41.836322,5.0351,66.947,113.85,11638.521693804369,0.015,0
2026-07-06T10:29:10Z,1.258,27.8061,23.4,11.7739,0.1278,3.2571,15.4163,39.677,41.83092,5.0851,67.6,113.53,11624.707359892715,0.015,0
2026-07-06T10:29:10Z,1.262,27.8103,23.4,11.7777,0.1278,3.2571,15.3709,39.737,41.825625,5.1414,68.131,112.69,11618.739919053554,0.015,0
2026-07-06T10:29:10Z,1.266,27.7983,23.4,11.7815,0.1278,3.2571,15.3558,39.806,41.815036,5.2014,68.525,111.33,11618.194023840086,0.015,0
2026-07-06T10:29:10Z,1.27,27.7658,23.31,9.63,0.1278,3.5109,11.549,39.876,41.798317,5.2617,68.767,110.97,11624.901009514488,0.015,0
2026-07-06T10:29:10Z,1.273,27.7077,23.31,9.63,0.1278,3.5109,11.5943,39.945,41.782959,5.3186,68.825,109.98,11646.883682694912,0.015,0
2026-07-06T10:29:10Z,1.277,27.6228,23.31,9.63,0.1278,3.5109,11.5641,40.009,41.774824,5.3685,68.683,109.46,11688.98748653717,0.015,0
2026-07-06T10:29:10Z,1.281,27.5177,23.31,9.6033,0.1278,3.5109,11.5792,40.067,41.773732,5.4096,68.364,107.92,11747.634392143742,0.014,0
2026-07-06T10:29:10Z,1.285,27.4046,23.31,8.9662,0.1278,3.5109,10.5671,40.109,41.771418,5.4395,67.925,107.43,11810.403850426319,0.014,0
2026-07-06T10:29:10Z,1.288,27.2959,23.04,8.9662,0.1278,3.3417,10.6124,40.133,41.763277,5.4546,67.437,106.76,11867.023509768052,0.014,0
2026-07-06T10:29:10Z,1.292,27.2012,23.04,8.9471,0.1278,3.3417,10.5822,40.146,41.75511,5.4524,66.979,106.97,11915.91071515144,0.014,0
2026-07-06T10:29:10Z,1.295,27.1248,23.04,8.9471,0.1278,3.3417,10.6426,40.154,41.750714,5.4345,66.618,104.96,11957.110270342706,0.013,0
2026-07-06T10:29:10Z,1.298,27.0667,23.04,10.7401,0.1278,3.3417,11.9871,40.152,41.744933,5.4051,66.407,104.51,11986.84930791949,0.013,0
2026-07-06T10:29:10Z,1.302,27.0253,22.86,10.7363,0.1278,3.7647,12.0928,40.141,41.736224,5.3703,66.363,104.33,12004.849284432608,0.013,0
2026-07-06T10:29:10Z,1.305,26.9978,22.86,10.7324,0.1278,3.7647,12.0173,40.125,41.726251,5.3364,66.469,103.85,12013.854740714547,0.012,0
2026-07-06T10:29:10Z,1.308,26.9824,22.86,10.7363,0.1278,3.7647,12.0324,40.104,41.712355,5.3092,66.69,102.82,12012.998310057104,0.012,0
2026-07-06T10:29:10Z,1.311,26.9777,22.86,10.6027,0.1278,3.7647,11.5641,40.082,41.698803,5.2928,66.98,102.93,12006.123141482516,0.012,0
2026-07-06T10:29:10Z,1.313,26.9809,22.5,10.6142,0.1704,4.5684,11.6699,40.068,41.693935,5.289,67.289,102.42,12000.794968721137,0.012,0
2026-07-06T10:29:10Z,1.316,26.989,22.5,10.5989,0.1704,4.5684,11.5641,40.058,41.69247,5.2967,67.581,102.35,11995.020315074164,0.012,0
2026-07-06T10:29:10Z,1.319,26.9993,22.5,10.5989,0.1704,4.5684,11.6094,40.043,41.686046,5.3133,67.842,101.46,11984.447988533355,0.012,0
2026-07-06T10:29:10Z,1.323,27.0106,22.5,8.5313,0.1704,4.5684,10.0686,40.028,41.676937,5.3354,68.051,101.27,11971.400462818581,0.013,0
2026-07-06T10:29:10Z,1.326,27.0225,22.59,8.5008,0.1278,5.4144,10.129,40.014,41.666699,5.3589,68.168,100.06,11957.219215411591,0.013,0
2026-07-06T10:29:10Z,1.33,27.0341,22.59,8.5161,0.1278,5.4144,10.2348,40.003,41.656587,5.381,68.154,99.477,11943.318448508993,0.014,0
2026-07-06T10:29:10Z,1.333,27.0447,22.59,8.5237,0.1278,5.4144,10.1139,40.001,41.651875,5.4007,67.987,97.933,11933.82928899428,0.014,0
2026-07-06T10:29:10Z,1.337,27.0535,22.59,6.624,0.1278,5.4144,6.7754,40.007,41.651308,5.4165,67.673,97.487,11928.319772677607,0.014,0
2026-07-06T10:29:10Z,1.34,27.0589,22.59,6.6545,0.1278,5.4144,6.8358,40.012,41.646762,5.4253,67.24,96.664,11921.97713533878,0.013,0
2026-07-06T10:29:10Z,1.344,27.0604,22.41,6.6316,0.1704,5.4567,6.8207,40.02,41.641011,5.424,66.722,95.807,11917.048433306785,0.012,0
2026-07-06T10:29:10Z,1.346,27.0574,22.41,6.6468,0.1704,5.4567,6.8509,40.037,41.640491,5.411,66.166,95.641,11918.42075983858,0.012,0
2026-07-06T10:29:10Z,1.349,27.0495,22.41,6.212,0.1704,5.4567,5.8237,40.056,41.641077,5.3868,65.619,96.539,11923.416277969418,0.012,0
2026-07-06T10:29:10Z,1.352,27.0365,22.41,6.1814,0.1704,5.4567,5.9143,40.078,41.642923,5.3535,65.121,96.622,11932.265789600857,0.012,0
2026-07-06T10:29:10Z,1.354,27.0186,21.78,6.2387,0.1278,6.1758,5.869,40.104,41.646522,5.314,64.712,95.87,11945.212248693208,0.013,0
2026-07-06T10:29:10Z,1.358,26.9969,21.78,6.2158,0.1278,6.1758,5.9143,40.126,41.644862,5.2718,64.407,94.607,11956.66540952983,0.014,0
2026-07-06T10:29:10Z,1.361,26.9726,21.78,7.3106,0.1278,6.1758,8.3162,40.145,41.637499,5.2304,64.187,94.299,11965.60812748822,0.015,0
2026-07-06T10:29:10Z,1.365,26.9456,21.78,7.3221,0.1278,6.1758,8.135,40.162,41.626453,5.1932,64.03,93.85,11973.525303014374,0.016,0
2026-07-06T10:29:10Z,1.369,26.9162,21.96,7.3297,0.1704,6.345,8.3465,40.183,41.616749,5.1634,63.916,93.361,11983.807827957002,0.018,0
2026-07-06T10:29:10Z,1.374,26.8855,21.96,7.3144,0.1704,6.345,8.2407,40.209,41.609781,5.1419,63.829,92.032,11996.812066722357,0.018,0
2026-07-06T10:29:10Z,1.379,26.8527,21.96,9.1913,0.1704,6.345,10.6124,40.232,41.595721,5.1273,63.761,90.86,12006.020094666132,0.019,0
2026-07-06T10:29:10Z,1.385,26.8165,21.96,9.1875,0.1704,6.345,10.688,40.249,41.574802,5.1181,63.71,88.714,12012.348150616703,0.019,0
2026-07-06T10:29:10Z,1.39,26.7776,21.96,9.2256,0.1704,6.0489,10.5822,40.264,41.553399,5.1126,63.664,88.579,12019.924584606966,0.019,0
2026-07-06T10:29:10Z,1.395,26.7356,21.96,9.1951,0.1704,6.0489,10.5067,40.275,41.529788,5.1095,63.608,88.559,12027.757687724605,0.018,0
2026-07-06T10:29:10Z,1.399,26.6893,21.96,8.9052,0.1704,6.0489,9.4492,40.286,41.509628,5.1084,63.528,88.041,12040.605140099886,0.018,0
2026-07-06T10:29:10Z,1.403,26.6414,21.96,8.9014,0.1704,6.0489,9.3888,40.307,41.50348,5.1087,63.408,87.393,12064.471238366723,0.017,0
2026-07-06T10:29:10Z,1.408,26.5955,21.96,8.9014,0.1704,6.0489,9.3888,40.33,41.505721,5.1092,63.249,86.581,12093.252458698547,0.017,0
2026-07-06T10:29:10Z,1.412,26.5519,20.88,8.8785,0.213,7.6986,9.3133,40.346,41.50499,5.1087,63.051,85.775,12118.615019375915,0.016,0
2026-07-06T10:29:10Z,1.416,26.5122,20.88,6.521,0.213,7.6986,8.9356,40.347,41.493121,5.1059,62.806,85.366,12133.6848984847,0.015,0
2026-07-06T10:29:10Z,1.42,26.4784,20.88,6.5095,0.213,7.6986,8.845,40.336,41.470935,5.0994,62.518,84.867,12137.810870860463,0.015,0
2026-07-06T10:29:10Z,1.423,26.4509,20.88,6.5438,0.213,7.6986,8.9356,40.322,41.448455,5.0892,62.207,84.683,12137.96824979195,0.014,0
2026-07-06T10:29:10Z,1.427,26.4298,20.25,6.5248,0.1704,11.1249,8.9658,40.311,41.431642,5.0751,61.898,84.096,12138.402282813071,0.014,0
2026-07-06T10:29:10Z,1.43,26.4135,20.25,4.873,0.1704,11.1249,5.1288,40.303,41.419999,5.0569,61.619,83.568,12139.71006882422,0.013,0
2026-07-06T10:29:10Z,1.434,26.4004,20.25,4.8501,0.1704,11.1249,5.2194,40.296,41.410419,5.035,61.389,83.332,12140.600004205127,0.013,0
2026-07-06T10:29:10Z,1.437,26.3907,20.25,4.873,0.1704,11.1249,5.1439,40.289,41.400348,5.0108,61.223,82.395,12139.103921485359,0.012,0
2026-07-06T10:29:10Z,1.44,26.3839,20.16,4.8539,0.213,9.0522,5.1892,40.289,41.395072,4.9865,61.131,82.413,12139.346001168742,0.012,0
2026-07-06T10:29:10Z,1.443,26.3797,20.16,4.9149,0.213,9.0522,4.6605,40.295,41.393184,4.9644,61.094,82.163,12140.487751847966,0.011,0
2026-07-06T10:29:10Z,1.445,26.3769,20.16,4.9149,0.213,9.0522,4.6303,40.295,41.382223,4.9461,61.08,81.258,12134.225497367252,0.01,0
2026-07-06T10:29:10Z,1.448,26.3731,20.16,4.9226,0.213,9.0522,4.6756,40.295,41.371223,4.9331,61.075,80.712,12128.53311628897,0.01,0
2026-07-06T10:29:10Z,1.451,26.3669,20.16,4.9531,0.213,9.0522,4.6605,40.292,41.361232,4.9262,61.064,81.24,12125.003279073877,0.01,0
2026-07-06T10:29:10Z,1.453,26.3565,20.7,5.4223,0.1704,7.8678,4.8115,40.273,41.339624,4.9241,61.029,81.328,12115.573696859099,0.01,0
2026-07-06T10:29:10Z,1.455,26.3423,20.7,5.4185,0.1704,7.8678,4.8267,40.253,41.31857,4.9243,60.965,81.24,12108.809700571888,0.011,0
2026-07-06T10:29:10Z,1.458,26.3291,20.7,5.4337,0.1704,7.8678,4.9928,40.243,41.308398,4.925,60.888,81.011,12109.319599600547,0.012,0
2026-07-06T10:29:10Z,1.461,26.3213,20.7,5.4109,0.1704,7.8678,4.872,40.234,41.298423,4.9249,60.832,80.153,12106.75215039223,0.013,0
2026-07-06T10:29:10Z,1.465,26.3182,20.16,4.9951,0.1278,8.1216,4.6454,40.222,41.282002,4.9224,60.835,79.701,12096.720486122433,0.014,0
2026-07-06T10:29:10Z,1.468,26.3177,20.16,4.9722,0.1278,8.1216,4.7058,40.213,41.266711,4.9173,60.914,78.926,12085.962245605495,0.015,0
2026-07-06T10:29:10Z,1.472,26.3179,20.16,4.9874,0.1278,8.1216,4.5547,40.206,41.250464,4.911,61.068,79.08,12074.10305617313,0.016,0
2026-07-06T10:29:10Z,1.476,26.3162,20.16,4.976,0.1278,8.1216,4.6152,40.201,41.232915,4.9066,61.293,78.532,12062.439707110318,0.017,0
2026-07-06T10:29:10Z,1.481,26.3116,20.43,5.2697,0.1704,7.7832,5.1288,40.21,41.225323,4.9073,61.59,77.464,12059.690232576746,0.017,0
2026-07-06T10:29:10Z,1.486,26.3041,20.43,5.3079,0.1704,7.7832,5.159,40.227,41.223671,4.9144,61.962,76.245,12062.951530852972,0.017,0
2026-07-06T10:29:10Z,1.491,26.2929,20.43,5.2888,0.1704,7.7832,5.1439,40.239,41.215561,4.9278,62.416,75.569,12063.747726721984,0.017,0
2026-07-06T10:29:10Z,1.495,26.2771,20.43,5.2735,0.1704,7.7832,5.2647,40.25,41.202815,4.9474,62.963,75.389,12063.92798221797,0.017,0
2026-07-06T10:29:10Z,1.5,26.2564,20.07,5.594,0.1704,7.7832,4.9324,40.263,41.190004,4.9732,63.64,75.029,12066.973961295951,0.016,0
2026-07-06T10:29:10Z,1.504,26.2325,20.07,5.613,0.1704,7.7832,4.9324,40.266,41.16574,5.0055,64.487,74.574,12063.640835786307,0.015,0
2026-07-06T10:29:10Z,1.508,26.2069,20.07,5.6054,0.1704,7.7832,4.872,40.249,41.12355,5.0445,65.536,74.412,12048.34861123626,0.015,0
2026-07-06T10:29:10Z,1.511,26.1777,20.07,5.6092,0.1704,7.7832,4.8418,40.221,41.076094,5.0915,66.833,73.48,12031.380906308306,0.014,0
2026-07-06T10:29:10Z,1.515,26.1446,20.07,4.7433,0.1704,7.7832,4.6756,40.2,41.050565,5.1493,68.408,73.241,12032.572919336442,0.013,0
2026-07-06T10:29:10Z,1.518,26.1111,20.07,4.7089,0.1704,6.8526,4.6303,40.194,41.060081,5.2209,70.215,73.305,12059.388092833622,0.012,0
2026-07-06T10:29:10Z,1.521,26.0805,20.07,4.7166,0.1704,6.8526,4.6454,40.177,41.075298,5.3087,72.149,73.066,12088.683708835732,0.012,0
2026-07-06T10:29:10Z,1.523,26.0571,20.07,4.7242,0.1704,6.8526,4.6907,40.133,41.068398,5.4159,74.064,72.607,12097.65586090296,0.011,0
2026-07-06T10:29:10Z,1.526,26.0516,20.07,4.5411,0.1704,6.8526,4.1922,40.069,41.041527,5.5439,75.804,71.916,12081.410784679014,0.01,0
2026-07-06T10:29:10Z,1.529,26.0722,19.98,4.5602,0.1704,6.8949,4.2224,40,41.011433,5.688,77.261,71.916,12047.283813242775,0.01,0
2026-07-06T10:29:10Z,1.531,26.1124,19.98,4.5792,0.1704,6.8949,4.162,39.941,40.994004,5.8403,78.376,71.979,12010.777630266472,0.009,0
2026-07-06T10:29:10Z,1.533,26.1596,19.98,4.5525,0.1704,6.8949,4.1922,39.898,40.996548,5.9902,79.144,71.511,11984.663638549277,0.009,0
2026-07-06T10:29:10Z,1.535,26.2084,19.98,4.5525,0.1704,6.8949,3.9958,39.863,41.007791,6.1255,79.624,71.838,11963.946831263962,0.008,0
2026-07-06T10:29:10Z,1.537,26.2588,19.71,4.7967,0.1704,7.0218,4.026,39.81,40.998852,6.2376,79.923,71.869,11927.855322844072,0.008,0
2026-07-06T10:29:10Z,1.539,26.3129,19.71,4.8119,0.1704,7.0218,3.9505,39.741,40.971335,6.3216,80.168,71.294,11876.447456088135,0.009,0
2026-07-06T10:29:10Z,1.542,26.3712,19.71,4.8158,0.1704,7.0218,4.026,39.689,40.949788,6.3769,80.452,70.631,11827.095423412644,0.009,0
2026-07-06T10:29:10Z,1.544,26.43,19.71,4.8005,0.1704,7.0218,3.9354,39.662,40.936436,6.4089,80.786,70.615,11783.506523482214,0.009,0
2026-07-06T10:29:10Z,1.546,26.4877,19.62,4.6899,0.1278,6.345,4.1922,39.648,40.923734,6.4264,81.111,70.938,11741.206600006464,0.01,0
2026-07-06T10:29:10Z,1.549,26.5417,19.62,4.6861,0.1278,6.345,4.162,39.64,40.912278,6.4398,81.36,71.294,11702.091624222017,0.01,0
2026-07-06T10:29:10Z,1.551,26.5817,19.62,4.6594,0.1278,6.345,4.1015,39.63,40.899014,6.458,81.488,70.985,11669.860467972192,0.011,0
2026-07-06T10:29:10Z,1.554,26.6005,19.62,4.6861,0.1278,6.345,4.2979,39.617,40.880404,6.4827,81.477,69.625,11646.057576600228,0.012,0
2026-07-06T10:29:10Z,1.557,26.6029,19.62,4.5792,0.1278,6.345,4.2677,39.604,40.859454,6.5085,81.317,69.308,11629.990226024582,0.013,0
2026-07-06T10:29:10Z,1.561,26.5989,19.62,4.5525,0.1704,6.5988,4.1771,39.591,40.83855,6.5289,80.978,68.977,11617.608013920308,0.014,0
2026-07-06T10:29:10Z,1.564,26.5941,19.62,4.5487,0.1704,6.5988,4.1167,39.589,40.826063,6.5398,80.454,69.143,11611.584043521758,0.014,0
2026-07-06T10:29:10Z,1.568,26.5878,19.62,4.5373,0.1704,6.5988,4.2979,39.597,40.824641,6.5397,79.787,68.858,11614.167440027282,0.015,0
2026-07-06T10:29:10Z,1.572,26.5794,19.62,4.7356,0.1704,6.5988,4.6605,39.607,40.823941,6.5278,79.01,67.686,11618.452135698308,0.016,0
2026-07-06T10:29:10Z,1.576,26.5689,19.62,4.7318,0.1278,6.4719,4.5698,39.617,40.823776,6.5018,78.135,66.649,11624.309387602008,0.016,0
2026-07-06T10:29:10Z,1.58,26.5565,19.62,4.7395,0.1278,6.4719,4.6454,39.634,40.83008,6.4612,77.18,66.073,11635.795086959799,0.016,0
2026-07-06T10:29:10Z,1.585,26.5437,19.62,4.7356,0.1278,6.4719,4.6756,39.648,40.83457,6.4091,76.172,65.958,11646.246531865303,0.016,0
2026-07-06T10:29:10Z,1.589,26.5304,19.62,4.6212,0.1278,6.4719,4.7058,39.653,40.82848,6.3482,75.155,65.188,11649.553536373049,0.015,0
2026-07-06T10:29:10Z,1.592,26.5163,19.62,4.6021,0.1704,5.7951,4.585,39.656,40.820148,6.2794,74.179,64.274,11651.742030034642,0.015,0
2026-07-06T10:29:10Z,1.596,26.5028,19.62,4.6021,0.1704,5.7951,4.6152,39.67,40.821301,6.2041,73.282,64.079,11660.264655023817,0.014,0
2026-07-06T10:29:10Z,1.6,26.4897,19.62,4.6212,0.1704,5.7951,4.5698,39.691,40.830252,6.1245,72.497,64.065,11674.060886291962,0.014,0
2026-07-06T10:29:10Z,1.603,26.4757,19.62,4.4877,0.1704,5.7951,4.6907,39.7,40.82747,6.0443,71.836,63.676,11680.115250928191,0.014,0
2026-07-06T10:29:10Z,1.606,26.461,19.8,4.5029,0.1278,5.5413,4.6454,39.695,40.810219,5.9674,71.3,63.442,11676.369614794608,0.013,0
2026-07-06T10:29:10Z,1.61,26.4451,19.8,4.5029,0.1278,5.5413,4.6907,39.701,40.803788,5.897,70.9,63.208,11680.941919494808,0.013,0
2026-07-06T10:29:10Z,1.613,26.4293,19.8,4.4762,0.1278,5.5413,4.5698,39.708,40.800481,5.8354,70.639,62.253,11687.665881024983,0.012,0
2026-07-06T10:29:10Z,1.616,26.4141,19.8,4.7242,0.1278,5.5413,4.6303,39.704,40.787463,5.7839,70.494,61.101,11687.191606766177,0.012,0
2026-07-06T10:29:10Z,1.619,26.398,19.8,4.7356,0.1278,5.5413,4.6907,39.707,40.783178,5.7424,70.425,61.088,11693.40373319249,0.011,0
2026-07-06T10:29:10Z,1.622,26.3822,19.8,4.7433,0.0852,3.9762,4.6907,39.718,40.784493,5.7118,70.396,61.889,11703.409672354517,0.011,0
2026-07-06T10:29:10Z,1.624,26.3691,19.8,4.7242,0.0852,3.9762,4.6152,39.716,40.76984,5.6922,70.398,61.715,11700.57349342991,0.01,0
2026-07-06T10:29:10Z,1.627,26.3585,19.8,4.5068,0.0852,3.9762,4.5094,39.702,40.741288,5.6816,70.455,60.889,11686.469091714265,0.01,0
2026-07-06T10:29:10Z,1.629,26.3483,19.8,4.5068,0.0852,3.9762,4.4641,39.686,40.713139,5.6771,70.576,60.77,11672.424401205926,0.009,0
2026-07-06T10:29:10Z,1.632,26.3364,19.8,4.4915,0.1278,3.6378,4.449,39.683,40.701799,5.676,70.731,60.942,11671.234690621915,0.009,0
2026-07-06T10:29:10Z,1.634,26.3208,19.8,4.4953,0.1278,3.6378,4.4792,39.708,40.720182,5.6778,70.919,60.126,11693.194123213052,0.01,0
2026-07-06T10:29:10Z,1.636,26.3032,19.8,4.5144,0.1278,3.6378,4.162,39.754,40.753267,5.6842,71.151,59.736,11726.771863818054,0.01,0
2026-07-06T10:29:10Z,1.639,26.2882,19.8,4.5106,0.1278,3.6378,4.1771,39.793,40.770024,5.6955,71.416,59.167,11747.326686863671,0.01,0
2026-07-06T10:29:10Z,1.641,26.2784,19.8,4.5068,0.0852,3.8916,4.1771,39.814,40.762965,5.7091,71.686,58.949,11747.975017170089,0.011,0
2026-07-06T10:29:10Z,1.644,26.2687,19.8,4.4762,0.0852,3.8916,4.1922,39.838,40.760093,5.7252,71.93,58.783,11751.541642681603,0.011,0
2026-07-06T10:29:10Z,1.647,26.2507,19.8,4.1978,0.0852,3.8916,4.449,39.874,40.770606,5.7459,72.104,57.895,11769.438137100715,0.012,0
2026-07-06T10:29:10Z,1.65,26.2213,19.8,4.2245,0.0852,3.8916,4.4792,39.906,40.779372,5.7703,72.192,58.223,11792.737768773692,0.014,0
2026-07-06T10:29:10Z,1.653,26.1858,19.8,4.2092,0.0852,3.8916,4.4188,39.919,40.768801,5.7959,72.201,57.319,11805.830450778863,0.015,0
2026-07-06T10:29:10Z,1.658,26.1511,19.8,4.2016,0.1278,4.3146,4.3281,39.92,40.744045,5.8192,72.127,55.457,11808.340113248987,0.017,0
2026-07-06T10:29:10Z,1.662,26.1187,19.8,4.091,0.1278,4.3146,4.313,39.951,40.746322,5.8367000000000004,71.978,53.948,11828.855590912686,0.018,0
2026-07-06T10:29:10Z,1.667,26.0881,19.8,4.1024,0.1278,4.3146,4.2224,40.011,40.776238,5.8471,71.783,52.036,11868.198133021553,0.019,0
2026-07-06T10:29:10Z,1.672,26.0582,19.8,4.0643,0.1278,4.3146,4.1318,40.054,40.789963,5.851,71.563,51.162,11895.606213029243,0.02,0
2026-07-06T10:29:10Z,1.677,26.0255,19.71,4.0795,0.0852,4.1031,4.2224,40.08,40.78717,5.8484,71.34,50.455,11912.829075690963,0.021,0
2026-07-06T10:29:10Z,1.683,25.9888,19.71,3.7858,0.0852,4.1031,4.5245,40.11,40.793015,5.8401,71.161,48.763,11938.684614033307,0.021,0
2026-07-06T10:29:10Z,1.688,25.9505,19.71,3.7705,0.0852,4.1031,4.4641,40.133,40.795108,5.8284,71.074,45.517,11962.84294219962,0.022,0
2026-07-06T10:29:10Z,1.694,25.9121,19.71,3.7781,0.0852,4.1031,4.2979,40.143,40.786037,5.8146,71.093,43.204,11979.031669478212,0.022,0
2026-07-06T10:29:10Z,1.699,25.8759,19.71,3.7934,0.1278,3.0456,4.4792,40.155,40.777331,5.8003,71.195,41.955,11994.212670664096,0.023,0
2026-07-06T10:29:10Z,1.705,25.845,19.71,4.0147,0.1278,3.0456,4.585,40.167,40.764675,5.789,71.352,40.171,12003.39795663637,0.023,0
2026-07-06T10:29:10Z,1.711,25.8193,19.71,4.0147,0.1278,3.0456,4.6756,40.182,40.748677,5.7847,71.543,38.967,12007.067571596142,0.024,0
2026-07-06T10:29:10Z,1.717,25.7951,19.71,4.0375,0.1278,3.0456,4.6605,40.21,40.739018,5.7888,71.729,37.619,12014.459541352213,0.024,0
2026-07-06T10:29:10Z,1.724,25.7686,19.71,4.0337,0.0852,3.1725,4.6756,40.246,40.727146,5.7999,71.86,36.683,12021.620207994065,0.024,0
2026-07-06T10:29:10Z,1.73,25.7374,19.71,4.6174,0.0852,3.1725,4.5698,40.295,40.717861,5.8161,71.897,33.673,12033.484646805518,0.024,0
2026-07-06T10:29:10Z,1.736,25.6996,19.71,4.6021,0.0852,3.1725,4.736,40.36,40.718646,5.8357,71.8,31.927,12056.680078259342,0.024,0
2026-07-06T10:29:10Z,1.743,25.6526,19.71,4.6174,0.0852,3.1725,4.6756,40.415,40.709782,5.8558,71.534,30.642,12078.395404355331,0.023,0
2026-07-06T10:29:10Z,1.748,25.5925,19.71,4.6212,0.0852,3.1725,4.7209,40.463,40.698864,5.8729,71.082,30.964,12106.556959369356,0.022,0
2026-07-06T10:29:10Z,1.753,25.5193,19.71,3.9536,0.0852,3.2571,4.5698,40.509,40.694933,5.8837,70.453,30.702,12147.896813345282,0.021,0
2026-07-06T10:29:10Z,1.758,25.4392,19.71,3.9536,0.0852,3.2571,4.3886,40.537,40.68299,5.8843,69.677,29.782,12187.705145495638,0.02,0
2026-07-06T10:29:10Z,1.763,25.3595,19.71,3.9727,0.0852,3.2571,4.4037,40.565,40.677782,5.871,68.803,28.343,12232.466651161556,0.02,0
2026-07-06T10:29:10Z,1.768,25.2859,19.71,3.9384,0.0852,3.2571,4.4943,40.605,40.689874,5.8417,67.892,27.872,12286.615363990762,0.019,0
2026-07-06T10:29:10Z,1.773,25.2238,19.71,4.8081,0.1278,3.5955,4.8115,40.64,40.696588,5.7966,67.025,28.349,12329.924464728894,0.019,0
2026-07-06T10:29:10Z,1.778,25.1742,19.71,4.8081,0.1278,3.5955,4.9626,40.664,40.68975,5.738,66.286,28.251,12355.497789489771,0.019,0
2026-07-06T10:29:10Z,1.782,25.1338,19.71,4.7929,0.1278,3.5955,4.8418,40.681,40.671521,5.6702,65.718,26.92,12366.868396340922,0.019,0
2026-07-06T10:29:10Z,1.787,25.0984,19.71,4.7929,0.1278,3.5955,4.9324,40.7,40.647002,5.5988,65.33,26.71,12370.418229325376,0.019,0
2026-07-06T10:29:10Z,1.792,25.0637,19.62,4.9378,0.0852,3.2148,4.8569,40.742,40.639539,5.5308,65.112,25.68,12386.381260327385,0.019,0
2026-07-06T10:29:10Z,1.797,25.0262,19.62,4.9226,0.0852,3.2148,4.9173,40.802,40.649134,5.4736,65.032,24.588,12417.001456416789,0.019,0
2026-07-06T10:29:10Z,1.802,24.9826,19.62,4.9378,0.0852,3.2148,4.9022,40.861,40.658416,5.4312,65.045,23.588,12451.29834351873,0.019,0
2026-07-06T10:29:10Z,1.807,24.9293,19.62,4.9149,0.0852,3.2148,4.9324,40.924,40.677828,5.4045,65.103,23.111,12499.511283512553,0.019,0
2026-07-06T10:29:10Z,1.812,24.8688,19.62,4.5754,0.1278,2.7495,4.9022,40.994,40.710552,5.3925,65.148,22.424,12562.657200529859,0.018,0
2026-07-06T10:29:10Z,1.816,24.807,19.62,4.5602,0.1278,2.7495,4.9022,41.056,40.73941,5.3921,65.128,21.582,12624.017742279426,0.018,0
2026-07-06T10:29:10Z,1.821,24.7473,19.62,4.5411,0.1278,2.7495,4.9928,41.102,40.752172,5.3991,65.03,21.27,12671.97785304889,0.017,0
2026-07-06T10:29:10Z,1.825,24.694,19.62,4.5869,0.1278,2.7495,4.872,41.126,40.742275,5.4092,64.869,20.539,12698.555763599961,0.017,0
2026-07-06T10:29:10Z,1.829,24.649,19.62,5.7008,0.1278,2.7495,5.1439,41.144,40.727006,5.4175,64.675,20.459,12715.718205405785,0.017,0
2026-07-06T10:29:10Z,1.833,24.6084,19.71,5.6512,0.0852,3.0456,5.1288,41.175,40.724209,5.4199,64.478,20.155,12739.736461233128,0.017,0
2026-07-06T10:29:10Z,1.837,24.5684,19.71,5.6703,0.0852,3.0456,5.0533,41.203,40.721181,5.4157,64.3,20.15,12763.251032357428,0.017,0
2026-07-06T10:29:10Z,1.841,24.5281,19.71,5.6741,0.0852,3.0456,5.1137,41.219,40.711135,5.4064,64.17,19.255,12781.566339297573,0.017,0
2026-07-06T10:29:10Z,1.846,24.4871,19.71,6.1586,0.0852,3.0456,5.6273,41.226,40.697369,5.3943,64.119,18.801,12797.482419600216,0.017,0
2026-07-06T10:29:10Z,1.85,24.4466,19.71,6.1509,0.1278,3.1302,5.4913,41.222,40.670234,5.3819,64.182,18.036,12802.684527624157,0.017,0
2026-07-06T10:29:10Z,1.855,24.4094,19.71,6.1509,0.1278,3.1302,5.5518,41.222,40.644411,5.3708,64.403,17.892,12806.765239965709,0.017,0
2026-07-06T10:29:10Z,1.859,24.3785,19.71,6.1547,0.1278,3.1302,5.6877,41.245,40.642901,5.363,64.794,17.431,12825.731572963281,0.017,0
2026-07-06T10:29:10Z,1.863,24.3526,19.71,5.903,0.1278,3.1302,5.869,41.27,40.651352,5.3614,65.317,17.488,12849.263145512386,0.017,0
2026-07-06T10:29:10Z,1.867,24.3253,19.71,5.922,0.0852,2.8764,5.8539,41.286,40.664045,5.3694,65.937,16.997,12877.089927780265,0.017,0
2026-07-06T10:29:10Z,1.872,24.294,19.71,5.9182,0.0852,2.8764,5.8086,41.288,40.674403,5.3911,66.633,16.647,12905.780164026422,0.017,0
2026-07-06T10:29:10Z,1.876,24.2646,19.71,5.9144,0.0852,2.8764,5.8992000000000004,41.271,40.671241,5.4268,67.371,16.268,12922.648828013027,0.017,0
2026-07-06T10:29:10Z,1.88,24.2453,19.71,5.6169,0.0852,2.8764,5.8539,41.26,40.67165,5.4725,68.136,16.467,12935.697189660375,0.017,0
2026-07-06T10:29:10Z,1.885,24.2415,19.71,5.6092,0.0852,2.8764,5.9899,41.253,40.671756,5.5248,68.91,16.574,12938.288314048847,0.018,0
2026-07-06T10:29:10Z,1.889,24.2518,19.62,5.5902,0.1278,2.8764,5.8388,41.248,40.661626,5.582,69.632,16.495,12923.515679353399,0.018,0
2026-07-06T10:29:10Z,1.894,24.2676,19.62,5.6054,0.1278,2.8764,5.8388,41.266,40.66446,5.6422,70.245,15.97,12915.336243599866,0.019,0
2026-07-06T10:29:10Z,1.899,24.2817,19.62,6.2158,0.1278,2.8764,5.8539,41.308,40.68699,5.7048,70.717,15.739,12923.773655035195,0.019,0
2026-07-06T10:29:10Z,1.904,24.2893,19.62,6.231,0.1278,2.8764,5.869,41.353,40.715298,5.7687,71.026,15.357,12941.04275456713,0.02,0
2026-07-06T10:29:10Z,1.91,24.284,19.71,6.2234,0.1278,2.8341,5.8992000000000004,41.386,40.735012,5.8298,71.165,15.244,12960.07081853755,0.02,0
2026-07-06T10:29:10Z,1.915,24.2654,19.71,6.2158,0.1278,2.8341,5.7935,41.405,40.741427,5.8832,71.179,14.975,12977.42998630795,0.021,0
2026-07-06T10:29:10Z,1.92,24.2424,19.71,7.5242000000000004,0.1278,2.8341,6.292,41.427,40.750202,5.9253,71.138,14.717,12999.59898117284,0.021,0
2026-07-06T10:29:10Z,1.925,24.2231,19.71,7.5166,0.1278,2.8341,6.4128,41.454,40.763675,5.9533,71.107,14.257,13023.070876831262,0.021,0
2026-07-06T10:29:10Z,1.93,24.2077,19.71,7.509,0.1278,2.6649,6.3826,41.478,40.773484,5.9667,71.148,14.002,13041.085537744344,0.021,0
2026-07-06T10:29:10Z,1.936,24.1927,19.71,7.4937,0.1278,2.6649,6.292,41.489,40.77228,5.9695,71.298,13.899,13050.123556816878,0.021,0
2026-07-06T10:29:10Z,1.941,24.177,19.71,8.9243,0.1278,2.6649,6.6394,41.48,40.751772,5.9678,71.547,13.773,13044.320722543956,0.022,0
2026-07-06T10:29:10Z,1.947,24.1609,19.71,8.8823,0.1278,2.6649,6.5337,41.454,40.714461,5.967,71.877,13.262,13025.457104955327,0.022,0
2026-07-06T10:29:10Z,1.952,24.1453,19.71,8.8899,0.0852,2.6649,6.5639,41.425,40.680284,5.9721,72.271,12.693,13008.747480004507,0.021,0
2026-07-06T10:29:10Z,1.958,24.1308,19.71,8.8785,0.0852,2.6649,6.5035,41.401,40.672007,5.9863,72.686,12.544,13011.829435207901,0.021,0
2026-07-06T10:29:10Z,1.963,24.1166,19.71,8.3826,0.0852,2.6649,7.2437,41.38,40.685429,6.0088,73.11,12.248,13031.928661713637,0.021,0
2026-07-06T10:29:10Z,1.969,24.1022,19.71,8.352,0.0852,2.6649,7.2437,41.366,40.702217,6.0381,73.612,12.1,13054.867532706745,0.021,0
2026-07-06T10:29:10Z,1.974,24.0959,19.71,8.333,0.0852,2.6649,7.2135,41.36,40.708919,6.0719,74.238,11.58,13064.40418630156,0.02,0
2026-07-06T10:29:10Z,1.979,24.1139,19.71,8.3749,0.1278,3.0879,7.3041,41.354,40.701344,6.1047,74.934,11.413,13046.36467646191,0.02,0
2026-07-06T10:29:10Z,1.984,24.1551,19.71,8.394,0.1278,3.0879,7.0473,41.364,40.703374,6.1357,75.602,11.187,13020.526798203939,0.02,0
2026-07-06T10:29:10Z,1.989,24.1924,19.71,8.4283,0.1278,3.0879,7.0775,41.394,40.725511,6.1735,76.133,11.042,13013.260780911542,0.019,0
2026-07-06T10:29:10Z,1.994,24.2071,19.71,8.4016,0.1278,3.0879,7.0473,41.412,40.7358,6.2243,76.44,10.788,13011.637908651814,0.019,0
2026-07-06T10:29:10Z,1.999,24.2044,19.71,8.4093,0.1278,3.0879,7.1228,41.426,40.742961,6.283,76.488,10.522,13019.100280261437,0.019,0
2026-07-06T10:29:10Z,2.004,24.196,19.71,9.424,0.1278,3.0879,7.5005,41.462,40.772815,6.34,76.278,10.463,13048.3458544729,0.018,0
2026-07-06T10:29:10Z,2.008,24.1869,19.71,9.4469,0.1278,3.0879,7.5307,41.496,40.801441,6.3856,75.847,10.332,13077.13533152251,0.018,0
2026-07-06T10:29:10Z,2.013,24.178,19.71,9.4431,0.1278,3.0879,7.4854,41.512,40.81057,6.4125,75.277,10.205,13090.337669163977,0.018,0
2026-07-06T10:29:10Z,2.017,24.1703,19.62,9.424,0.1278,2.961,7.5307,41.516,40.806622,6.4174,74.647,10.007,13092.349377151697,0.018,0
2026-07-06T10:29:10Z,2.022,24.1638,19.62,8.764,0.1278,2.961,7.5911,41.52,40.798507,6.4004,74.009,9.9118,13090.245070131266,0.018,0
2026-07-06T10:29:10Z,2.026,24.1573,19.62,8.8022,0.1278,2.961,7.5911,41.532,40.794021,6.365,73.404,9.9204,13091.02615016988,0.018,0
2026-07-06T10:29:10Z,2.031,24.1498,19.62,8.7717,0.1278,2.961,7.5156,41.549,40.789978,6.3181,72.85,9.6798,13092.8288659704,0.018,0
2026-07-06T10:29:10Z,2.036,24.1401,19.71,8.7831,0.1278,3.5109,7.4552,41.566,40.781311,6.2663,72.342,9.5731,13092.425674212189,0.018,0
2026-07-06T10:29:10Z,2.041,24.1262,19.71,9.4888,0.1278,3.5109,8.1803,41.589,40.771687,6.2144,71.863,9.4882,13094.072104240444,0.019,0
2026-07-06T10:29:10Z,2.045,24.1065,19.71,9.5079,0.1278,3.5109,8.3465,41.626,40.770494,6.1658,71.394,9.3877,13106.320563183936,0.019,0
2026-07-06T10:29:10Z,2.05,24.0813,19.71,9.4965,0.1278,3.5109,8.3465,41.685,40.791359,6.1222,70.919,9.2923,13139.882357558716,0.019,0
2026-07-06T10:29:10Z,2.055,24.0503,19.71,9.4812,0.1278,3.5109,8.2407,41.751,40.823903,6.083,70.428,9.1025,13186.795095519346,0.02,0
2026-07-06T10:29:10Z,2.061,24.0116,19.71,10.6714,0.1278,3.5532,8.8752,41.799,40.844921,6.047,69.943,8.8663,13229.836785408308,0.02,0
2026-07-06T10:29:10Z,2.066,23.9668,19.71,10.6676,0.1278,3.5532,8.9356,41.839,40.86201,6.0126,69.489,8.6757,13274.020830749878,0.02,0
2026-07-06T10:29:10Z,2.071,23.9228,19.71,10.6561,0.1278,3.5532,8.9809,41.881,40.883711,5.9775,69.062,8.6625,13321.554448005772,0.02,0
2026-07-06T10:29:10Z,2.076,23.8845,19.71,10.6752,0.1278,3.5532,8.9356,41.92,40.899871,5.9404,68.645,8.5707,13360.872375870285,0.019,0
2026-07-06T10:29:10Z,2.081,23.8529,19.89,10.679,0.1278,4.1454,9.1622,41.957,40.910814,5.9029,68.227,8.4139,13391.470717467622,0.019,0
2026-07-06T10:29:10Z,2.085,23.827,19.89,10.6485,0.1278,4.1454,9.2528,41.995,40.919456,5.8675,67.8,8.2725,13416.344467909466,0.018,0
2026-07-06T10:29:10Z,2.09,23.8038,19.89,10.6676,0.1278,4.1454,9.2528,42.032,40.924114,5.834,67.358,8.2869,13436.159646811744,0.018,0
2026-07-06T10:29:10Z,2.094,23.7783,19.89,10.679,0.1278,4.1454,9.1924,42.072,40.930017,5.8015,66.902,8.2509,13458.619751371341,0.017,0
2026-07-06T10:29:10Z,2.098,23.7479,20.16,9.9352,0.1278,6.1758,9.6305,42.125,40.946705,5.7695,66.431,8.0859,13493.345400454853,0.017,0
2026-07-06T10:29:10Z,2.103,23.714,20.16,9.9161,0.1278,6.1758,9.5248,42.188,40.970658,5.737,65.955,7.9482,13536.56583558113,0.017,0
2026-07-06T10:29:10Z,2.107,23.6772,20.16,9.9237,0.1278,6.1758,9.706,42.239,40.984349,5.7035,65.508,7.9293,13573.526172862496,0.016,0
2026-07-06T10:29:10Z,2.111,23.6377,20.16,9.9313,0.1278,6.1758,9.6758,42.278,40.987443,5.6691,65.119,7.9035,13603.767905632669,0.016,0
2026-07-06T10:29:10Z,2.115,23.596,20.34,9.3172,0.1278,7.3179,9.9326,42.323,40.996705,5.6336,64.795,7.8249,13640.740837412439,0.016,0
2026-07-06T10:29:10Z,2.119,23.5524,20.34,9.3362,0.1278,7.3179,9.9175,42.374,41.014603,5.5978,64.546,7.7791,13686.333848325525,0.016,0
2026-07-06T10:29:10Z,2.123,23.5094,20.34,9.3248,0.1278,7.3179,9.9175,42.41,41.021996,5.5645,64.37,7.6367,13722.946326682704,0.016,0
2026-07-06T10:29:10Z,2.127,23.4684,20.34,9.3248,0.1278,7.3179,9.9175,42.426,41.012886,5.5357,64.241,7.597,13744.517122480669,0.016,0
2026-07-06T10:29:10Z,2.131,23.4283,20.34,9.4354,0.1278,7.3179,9.2075,42.44,41.004766,5.5123,64.132,7.5263,13766.32395979131,0.016,0
2026-07-06T10:29:10Z,2.135,23.3907,20.43,9.4316,0.1704,7.191,9.1018,42.462,41.011413,5.495,64.042,7.458,13798.733687536342,0.016,0
2026-07-06T10:29:10Z,2.14,23.358,20.43,9.4164,0.1704,7.191,9.1924,42.505,41.042567,5.4835,63.993,7.3278,13848.253674346794,0.016,0
2026-07-06T10:29:10Z,2.144,23.329,20.43,9.4049,0.1704,7.191,9.1471,42.558,41.08661,5.4755,64.019,7.339,13906.117124989414,0.016,0
2026-07-06T10:29:10Z,2.147,23.3043,20.43,9.5918,0.1704,7.191,8.9356,42.583,41.105472,5.4688,64.157,7.3886,13939.854036318342,0.016,0
2026-07-06T10:29:10Z,2.151,23.2866,20.43,9.6109000000000009,0.1278,7.5717,8.9658,42.578,41.098205,5.4629,64.423,7.355,13946.550271613223,0.017,0
2026-07-06T10:29:10Z,2.156,23.2747,20.43,9.63,0.1278,7.5717,8.9507,42.573,41.092761,5.46,64.815,7.2235,13950.584522677425,0.017,0
2026-07-06T10:29:10Z,2.16,23.2658,20.43,9.63,0.1278,7.5717,8.996,42.576,41.093664,5.4632,65.33,7.116,13957.80135495422,0.018,0
2026-07-06T10:29:10Z,2.165,23.2598,20.43,11.9303,0.1278,7.5717,10.6124,42.598,41.113113,5.4756,65.943,7.1067,13978.581971365733,0.018,0
2026-07-06T10:29:10Z,2.169,23.2569,20.61,11.9036,0.1704,8.3754,10.5822,42.65,41.160279,5.4985,66.592,7.0116,14020.582943191705,0.019,0
2026-07-06T10:29:10Z,2.174,23.2557,20.61,11.8807,0.1704,8.3754,10.6577,42.703,41.205894,5.5321,67.214,6.8953,14060.109928052605,0.019,0
2026-07-06T10:29:10Z,2.18,23.2541,20.61,11.8807,0.1704,8.3754,10.6577,42.734,41.228248,5.5763,67.766,6.772,14080.247687294956,0.019,0
2026-07-06T10:29:10Z,2.185,23.2516,20.61,13.8834,0.1704,8.3754,12.0626,42.753,41.235294,5.6289,68.214,6.7647,14088.061296884342,0.019,0
2026-07-06T10:29:10Z,2.19,23.2478,20.61,13.8605,0.1704,8.3754,12.0324,42.77,41.234889,5.6847,68.539,6.651,14090.501968184322,0.019,0
2026-07-06T10:29:10Z,2.194,23.2417,21.51,13.872,0.1278,12.0132,11.9871,42.8,41.238879,5.7385,68.74,6.5506,14098.364136116126,0.019,0
2026-07-06T10:29:10Z,2.199,23.2327,21.51,13.8758,0.1278,12.0132,12.1533,42.846,41.254307,5.7866,68.82,6.4181,14118.088010237978,0.019,0
2026-07-06T10:29:10Z,2.204,23.2196,21.51,12.9793,0.1278,12.0132,11.6397,42.894,41.271334,5.8263,68.771,6.4126,14142.215928070245,0.019,0
2026-07-06T10:29:10Z,2.209,23.1999,21.51,12.9603,0.1278,12.0132,11.5339,42.94,41.290515,5.8562,68.595,6.3309,14173.089793590449,0.019,0
2026-07-06T10:29:10Z,2.213,23.1718,21.78,12.9603,0.1704,15.228,11.5037,42.977,41.303016,5.8765,68.316,6.2285,14204.534878400988,0.019,0
2026-07-06T10:29:10Z,2.218,23.1377,21.78,13.0022,0.1704,15.228,11.5943,42.992,41.296228,5.8871,67.983,6.0999,14223.985290932531,0.019,0
2026-07-06T10:29:10Z,2.223,23.1037,21.78,13.6088,0.1704,15.228,11.8663,43.001,41.288266,5.8867,67.637,6.0788,14242.394779648106,0.018,0
2026-07-06T10:29:10Z,2.228,23.0738,21.78,13.5401,0.1704,15.228,11.7756,43.03,41.30291,5.8749,67.284,6.0013,14277.21599738802,0.018,0
2026-07-06T10:29:10Z,2.232,23.0471,21.87,13.5706,0.1278,14.1282,11.8663,43.068,41.330117,5.8539,66.932,5.9352,14320.565156050083,0.018,0
2026-07-06T10:29:10Z,2.237,23.0231,21.87,13.5592,0.1278,14.1282,11.8511,43.092,41.351236,5.8281,66.592,5.9275,14356.759632841606,0.018,0
2026-07-06T10:29:10Z,2.241,23.003,21.87,12.4682,0.1278,14.1282,10.5218,43.108,41.367914,5.8006,66.264,5.7912,14386.270681934413,0.017,0
2026-07-06T10:29:10Z,2.246,22.9875,21.87,12.472,0.1278,14.1282,10.6426,43.114,41.374637,5.772,65.944,5.7262,14403.753561535465,0.017,0
2026-07-06T10:29:10Z,2.25,22.9775,22.5,12.4682,0.1704,17.3007,10.6124,43.118,41.37519,5.7429,65.634,5.6976,14411.76579930459,0.017,0
2026-07-06T10:29:10Z,2.254,22.9747,22.5,12.4605,0.1704,17.3007,10.6124,43.132,41.381678,5.7141,65.332,5.6165,14419.499826614514,0.017,0
2026-07-06T10:29:10Z,2.259,22.9769,22.5,11.9379,0.1704,17.3007,9.9024,43.16,41.399814,5.6857,65.033,5.5933,14433.56692648591,0.016,0
2026-07-06T10:29:10Z,2.263,22.9781,22.5,11.9684,0.1704,17.3007,9.8722,43.194,41.422478,5.6582,64.736,5.5413,14452.327325428552,0.016,0
2026-07-06T10:29:10Z,2.267,22.9744,22.5,11.9417,0.1704,17.3007,9.9326,43.212,41.431801,5.632,64.441,5.5173,14463.220444271992,0.016,0
2026-07-06T10:29:10Z,2.271,22.9661,22.68,11.9455,0.1704,18.612,9.9024,43.215,41.43027,5.6069,64.156,5.5425,14468.170316510268,0.016,0
2026-07-06T10:29:10Z,2.275,22.9552,22.68,9.836,0.1704,18.612,9.706,43.218,41.429431,5.5824,63.887,5.5341,14475.693250968978,0.016,0
2026-07-06T10:29:10Z,2.279,22.9439,22.68,9.8322,0.1704,18.612,9.7665,43.231,41.437033,5.5581,63.638,5.3555,14490.869084790256,0.017,0
2026-07-06T10:29:10Z,2.283,22.9351,22.68,9.8016,0.1704,18.612,9.7816,43.258,41.459086,5.5337,63.405,5.3427,14516.752180635223,0.017,0
2026-07-06T10:29:10Z,2.287,22.9295,23.13,9.8245,0.213,19.0773,9.6758,43.302,41.497487,5.5098,63.182,5.3578,14554.503273433445,0.017,0
2026-07-06T10:29:10Z,2.291,22.9249,23.13,8.3291,0.213,19.0773,9.3737,43.343,41.534578,5.4872,62.964,5.308,14590.415679435246,0.017,0
2026-07-06T10:29:10Z,2.296,22.9198,23.13,8.3597,0.213,19.0773,9.419,43.364,41.556338,5.4663,62.746,5.2517,14613.350968648852,0.018,0
2026-07-06T10:29:10Z,2.3,22.9148,23.13,8.3482,0.213,19.0773,9.4794,43.384,41.580526,5.4468,62.523,5.229,14638.364904729187,0.018,0
2026-07-06T10:29:10Z,2.305,22.9106,23.31,8.3711,0.213,20.5578,9.4794,43.412,41.613591,5.4281,62.286,5.1177,14670.585852316848,0.018,0
2026-07-06T10:29:10Z,2.31,22.9081,23.31,7.3182,0.213,20.5578,8.996,43.432,41.636456,5.4096,62.037,5.0723,14692.585349327373,0.018,0
2026-07-06T10:29:10Z,2.314,22.9096,23.31,7.3259,0.213,20.5578,8.9507,43.452,41.655218,5.3907,61.794,4.9925,14707.917292613365,0.018,0
2026-07-06T10:29:10Z,2.319,22.9159,23.31,7.3182,0.213,20.5578,8.9658,43.493,41.688829,5.3709,61.569,4.9633,14732.617418326778,0.018,0
2026-07-06T10:29:10Z,2.323,22.9232,23.49,7.3221,0.213,21.6153,8.9658,43.535,41.718353,5.3499,61.376,4.9182,14752.964757119054,0.018,0
2026-07-06T10:29:10Z,2.328,22.9273,23.49,6.9139,0.213,21.6153,8.0594,43.561,41.727752,5.3281,61.239,4.8809,14758.071368962444,0.017,0
2026-07-06T10:29:10Z,2.332,22.9264,23.49,6.8948,0.213,21.6153,7.9839,43.575,41.721525,5.3073,61.17,4.8862,14753.283906203678,0.017,0
2026-07-06T10:29:10Z,2.337,22.9203,23.49,6.8834,0.213,21.6153,8.0443,43.576,41.701994,5.2886,61.176,4.8502,14740.804206385515,0.017,0
2026-07-06T10:29:10Z,2.341,22.908,23.49,6.8872,0.213,21.6153,8.1199,43.565,41.673913,5.2733,61.27,4.7708,14725.590065058312,0.016,0
2026-07-06T10:29:10Z,2.345,22.8897,23.67,6.8223,0.213,22.4613,7.7422,43.556,41.655698,5.2633,61.453,4.7522,14723.684067941373,0.016,0
2026-07-06T10:29:10Z,2.349,22.8677,23.67,6.8299,0.213,22.4613,7.6667,43.56,41.662416,5.2596,61.689,4.7213,14746.594416503023,0.016,0
2026-07-06T10:29:10Z,2.353,22.8445,23.67,6.8147,0.213,22.4613,7.6969,43.565,41.679917,5.2624,61.942,4.7367,14779.996072349571,0.016,0
2026-07-06T10:29:10Z,2.357,22.8242,23.67,6.8223,0.213,22.4613,7.8026,43.567,41.69693,5.2726,62.194,4.7604,14810.790554190873,0.016,0
2026-07-06T10:29:10Z,2.361,22.8131,23.94,6.8795,0.213,22.0806,7.4854,43.577,41.717993,5.2894,62.407,4.645,14838.071359225025,0.016,0
2026-07-06T10:29:10Z,2.365,22.8162,23.94,6.8795,0.213,22.0806,7.5307,43.596,41.742744,5.3094,62.535,4.6238,14857.587319135704,0.016,0
2026-07-06T10:29:10Z,2.369,22.8309,23.94,6.8605,0.213,22.0806,7.5609,43.607,41.753873,5.3297,62.549,4.5858,14855.98754137689,0.016,0
2026-07-06T10:29:10Z,2.373,22.8482,23.94,6.8872,0.213,22.0806,7.5609,43.611,41.754347,5.3496,62.446,4.5511,14842.927000706079,0.016,0
2026-07-06T10:29:10Z,2.377,22.8614,24.3,6.4447,0.213,24.111,7.4099,43.64,41.776176,5.3666,62.244,4.5048,14851.971254148359,0.016,0
2026-07-06T10:29:10Z,2.381,22.8688,24.3,6.4599,0.213,24.111,7.4703,43.684,41.809238,5.3768,61.975,4.4941,14875.486111030403,0.016,0
2026-07-06T10:29:10Z,2.385,22.8701,24.3,6.479,0.213,24.111,7.5609,43.704,41.81851,5.3779,61.674,4.4785,14882.688552185127,0.016,0
2026-07-06T10:29:10Z,2.389,22.866,24.3,6.4599,0.213,24.111,7.5156,43.702,41.806464,5.3694,61.378,4.3927,14875.212405739923,0.015,0
2026-07-06T10:29:10Z,2.393,22.8587,24.3,6.0174,0.213,24.111,7.3041,43.708,41.801771,5.3528,61.118,4.3566,14876.749710359562,0.015,0
2026-07-06T10:29:10Z,2.397,22.849,24.66,6.0289,0.213,26.8605,7.289,43.738,41.81912,5.3306,60.922,4.3282,14899.713156886823,0.015,0
2026-07-06T10:29:10Z,2.4,22.8375,24.66,6.0174,0.213,26.8605,7.3494,43.783,41.851181,5.3059,60.813,4.3198,14937.193852609273,0.015,0
2026-07-06T10:29:10Z,2.404,22.8255,24.66,6.0174,0.213,26.8605,7.2437,43.833,41.888568,5.2816,60.803,4.2889,14979.889396799168,0.015,0
2026-07-06T10:29:10Z,2.408,22.8134,24.66,5.4681,0.213,26.8605,7.4854,43.882,41.925311,5.2605,60.9,4.2805,15022.187256348838,0.015,0
2026-07-06T10:29:10Z,2.411,22.8006,25.02,5.4643,0.2556,26.8182,7.5005,43.924,41.955264,5.2449,61.109,4.2141,15059.062720932332,0.015,0
2026-07-06T10:29:10Z,2.415,22.788,25.02,5.4643,0.2556,26.8182,7.4703,43.96,41.978446,5.2368,61.409,4.204,15089.790714084254,0.014,0
2026-07-06T10:29:10Z,2.419,22.7765,25.02,5.4681,0.2556,26.8182,7.5458,43.995,41.997051,5.2371,61.776,4.1433,15115.594499854113,0.014,0
2026-07-06T10:29:10Z,2.422,22.7654,25.02,5.304,0.2556,26.8182,7.2286,44.018,42.004083,5.2466,62.187,4.1137,15130.72893729075,0.014,0
2026-07-06T10:29:10Z,2.426,22.7538,24.84,5.2583,0.213,24.4917,7.2739,44.038,42.005404,5.2657,62.595,4.0701,15141.147301701782,0.013,0
2026-07-06T10:29:10Z,2.429,22.7404,24.84,5.2697,0.213,24.4917,7.2437,44.075,42.021291,5.293,62.933,4.0349,15166.107580542493,0.013,0
2026-07-06T10:29:10Z,2.433,22.7245,24.84,5.2812,0.213,24.4917,7.3343,44.13,42.051996,5.3263,63.15,4.0095,15206.457631564457,0.012,0
2026-07-06T10:29:10Z,2.436,22.7066,24.84,5.2201,0.213,24.4917,7.289,44.183,42.077807,5.3635,63.24,4.0008,15244.087370141458,0.011,0
2026-07-06T10:29:10Z,2.438,22.6872,24.93,5.2163,0.213,25.9299,7.2588,44.229,42.097634,5.4007,63.215,3.9396,15277.596595454896,0.01,0
2026-07-06T10:29:10Z,2.441,22.6653,24.93,5.2278,0.213,25.9299,7.2588,44.268,42.110787,5.4321,63.092,3.9576,15307.146692844064,0.009,0
2026-07-06T10:29:10Z,2.443,22.6401,24.93,5.2239,0.213,25.9299,7.3192,44.291,42.110807,5.4535,62.896,3.9379,15327.506052903504,0.009,0
2026-07-06T10:29:10Z,2.445,22.6127,24.93,5.2087,0.213,25.9299,7.002,44.323,42.123603,5.4641,62.658,3.9285,15361.29649025042,0.008,0
2026-07-06T10:29:10Z,2.447,22.5849,24.93,5.2316,0.213,25.9299,7.0624,44.36,42.144617,5.4648,62.408,3.8902,15402.98397422281,0.008,0
2026-07-06T10:29:10Z,2.449,22.5581,25.11,5.2239,0.213,25.6338,7.153,44.375,42.149561,5.4569,62.187,3.8818,15429.299742328918,0.008,0
2026-07-06T10:29:10Z,2.451,22.5338,25.11,5.243,0.213,25.6338,7.0473,44.392,42.161672,5.4425,62.015,3.8978,15460.183808183076,0.009,0
2026-07-06T10:29:10Z,2.453,22.5138,25.11,5.2354,0.213,25.6338,7.0473,44.423,42.19016,5.4239,61.882,3.875,15502.621992501152,0.009,0
2026-07-06T10:29:10Z,2.455,22.4984,25.11,4.8577,0.213,25.6338,6.8358,44.449,42.214722,5.4038,61.785,3.875,15537.784256897188,0.01,0
2026-07-06T10:29:10Z,2.458,22.4878,25.2,4.8348,0.2556,25.0839,6.7905,44.455,42.219989,5.3858,61.74,3.839,15551.332237419454,0.012,0
2026-07-06T10:29:10Z,2.461,22.4827,25.2,4.8539,0.2556,25.0839,6.8358,44.441,42.205373,5.3715,61.756,3.8843,15542.096461834219,0.013,0
2026-07-06T10:29:10Z,2.464,22.4816,25.2,4.8463,0.2556,25.0839,6.7603,44.436,42.196867,5.3601,61.814,3.8532,15535.187617704305,0.015,0
2026-07-06T10:29:10Z,2.469,22.4817,25.2,4.3504,0.2556,25.0839,7.4854,44.461,42.214122,5.3516,61.898,3.7876,15550.956303035106,0.017,0
2026-07-06T10:29:10Z,2.473,22.4812,25.29,4.3885,0.2556,25.2108,7.5307,44.505,42.249784,5.3478,62.004,3.625,15584.160626830884,0.019,0
2026-07-06T10:29:10Z,2.479,22.4793,25.29,4.3694,0.2556,25.2108,7.5307,44.563,42.297419,5.3494,62.129,3.6124,15629.602003149354,0.02,0
2026-07-06T10:29:10Z,2.484,22.475,25.29,4.3732,0.2556,25.2108,7.5307,44.631,42.351797,5.3549,62.253,3.5695,15683.35010501228,0.021,0
2026-07-06T10:29:10Z,2.49,22.4686,25.29,4.194,0.2556,25.2108,7.7573,44.69,42.391548,5.3628,62.348,3.489,15725.42970159067,0.021,0
2026-07-06T10:29:10Z,2.495,22.4614,25.47,4.1673,0.213,25.8876,7.7573,44.739,42.419301,5.3727,62.396,3.4528,15757.13493819677,0.022,0
2026-07-06T10:29:10Z,2.501,22.4531,25.47,4.1787,0.213,25.8876,7.7271,44.795,42.45242,5.3844,62.386,3.4266,15794.791517122216,0.022,0
2026-07-06T10:29:10Z,2.506,22.4413,25.47,4.1825,0.213,25.8876,7.6818,44.851,42.4818,5.3963,62.321,3.3326,15831.974080707121,0.022,0
2026-07-06T10:29:10Z,2.512,22.424,25.47,3.9002,0.213,25.8876,7.0322,44.891,42.493356,5.4063,62.221,3.2837,15857.24627331287,0.021,0
2026-07-06T10:29:10Z,2.517,22.4029,25.47,3.8811,0.213,25.8876,7.0171,44.911,42.482196,5.4127,62.107,3.2673,15864.576258179475,0.021,0
2026-07-06T10:29:10Z,2.523,22.3795,25.83,3.8926,0.213,23.7726,7.0775,44.931,42.471249,5.4142,61.994,3.2567,15874.046660541548,0.021,0
2026-07-06T10:29:10Z,2.528,22.3534,25.83,3.8926,0.213,23.7726,7.0171,44.971,42.479514,5.4113,61.898,3.1936,15903.751050909674,0.021,0
2026-07-06T10:29:10Z,2.534,22.3238,25.83,3.1602,0.213,23.7726,6.7905,45.01,42.49126,5.4057,61.853,3.0605,15939.73999996703,0.021,0
2026-07-06T10:29:10Z,2.539,22.291,25.83,3.1678,0.213,23.7726,6.715,45.049,42.507625,5.3992000000000004,61.878,2.9953,15982.872901119943,0.021,0
2026-07-06T10:29:10Z,2.545,22.2571,25.74,3.1449,0.213,20.8962,6.8056,45.086,42.525001,5.3929,61.96,2.9856,16028.023854208113,0.02,0
2026-07-06T10:29:10Z,2.55,22.2252,25.74,3.1449,0.213,20.8962,6.8811,45.108,42.532078,5.3879,62.071,2.994,16061.892857263592,0.02,0
2026-07-06T10:29:10Z,2.555,22.1974,25.74,2.7253,0.213,20.8962,6.579,45.148,42.554656,5.3868,62.179,2.9348,16106.988334485459,0.019,0
2026-07-06T10:29:10Z,2.559,22.1742,25.74,2.7138,0.213,20.8962,6.5639,45.217,42.602743,5.3914,62.249,2.893,16172.437173433069,0.018,0
2026-07-06T10:29:10Z,2.564,22.1552,25.65,2.7291,0.213,19.7118,6.443,45.291,42.65329,5.4006,62.267,2.813,16236.825371355739,0.017,0
2026-07-06T10:29:10Z,2.568,22.139,25.65,2.7062,0.213,19.7118,6.5337,45.348,42.687892,5.4119,62.243,2.7917,16283.794565972556,0.017,0
2026-07-06T10:29:10Z,2.573,22.1226,25.65,2.3438,0.213,19.7118,6.0503,45.385,42.703818,5.423,62.205,2.7736,16313.223544783808,0.016,0
2026-07-06T10:29:10Z,2.577,22.1035,25.65,2.3324,0.213,19.7118,6.0956,45.427,42.725242,5.4311,62.195,2.7448,16350.31467491071,0.016,0
2026-07-06T10:29:10Z,2.581,22.0827,25.65,2.3552,0.213,19.7118,6.005,45.493,42.771825,5.4348,62.255,2.7157,16413.08934211709,0.016,0
2026-07-06T10:29:10Z,2.585,22.0616,25.74,2.3514,0.213,20.1771,6.0352,45.551,42.816133,5.4349,62.414,2.7157,16474.14641219359,0.015,0
2026-07-06T10:29:10Z,2.588,22.0406,25.74,2.2751,0.213,20.1771,6.0805,45.576,42.836104,5.4338,62.686,2.6788,16511.853428253016,0.015,0
2026-07-06T10:29:10Z,2.592,22.0212,25.74,2.3095,0.213,20.1771,6.1711,45.58,42.845034,5.435,63.061,2.6401,16537.578227626724,0.015,0
2026-07-06T10:29:10Z,2.596,22.0046,25.74,2.2789,0.213,20.1771,6.1258,45.584,42.859255,5.442,63.506,2.6338,16565.98290311808,0.015,0
2026-07-06T10:29:10Z,2.6,21.9927,25.83,2.2904,0.213,19.7118,6.0805,45.583,42.87658,5.457,63.992,2.6343,16593.273656490266,0.015,0
2026-07-06T10:29:10Z,2.604,21.989,25.83,2.3514,0.213,19.7118,9.0111,45.579,42.897644,5.4811,64.506,2.561,16616.945385137707,0.015,0
2026-07-06T10:29:10Z,2.608,21.9943,25.83,2.3667,0.213,19.7118,8.996,45.588,42.940023,5.5134,65.017,2.5504,16653.301018881917,0.015,0
2026-07-06T10:29:10Z,2.612,22.0068,25.83,2.3552,0.213,19.7118,8.8601,45.603,42.997083,5.5509,65.459,2.5278,16697.52992410336,0.015,0
2026-07-06T10:29:10Z,2.616,22.0261,26.28,2.3247,0.1704,18.4428,8.9205,45.607,43.054151,5.5913,65.781,2.5152,16735.73449682715,0.016,0
2026-07-06T10:29:10Z,2.62,22.0538,26.28,2.3209,0.1704,18.4428,8.9356,45.598,43.102532,5.6333,65.965,2.4025,16757.989670721414,0.016,0
2026-07-06T10:29:10Z,2.624,22.0904,26.28,2.2942,0.1704,18.4428,8.9658,45.584,43.139192,5.6739,66.018,2.4161,16760.87345046296,0.016,0
2026-07-06T10:29:10Z,2.628,22.1373,26.28,2.2789,0.1704,18.4428,8.9356,45.594,43.181881,5.7073,65.973,2.3698,16760.390265706592,0.016,0
2026-07-06T10:29:10Z,2.632,22.1957,26.37,2.2866,0.1704,17.3007,8.9356,45.636,43.234013,5.729,65.873,2.3631,16758.78068409548,0.016,0
2026-07-06T10:29:10Z,2.636,22.2586,26.37,2.2866,0.1704,17.3007,5.3403,45.697,43.28956,5.7381,65.774,2.3462,16756.4488295991,0.017,0
2026-07-06T10:29:10Z,2.641,22.3132,26.37,2.2866,0.1704,17.3007,5.295,45.779,43.357357,5.7368,65.715,2.2913,16773.344672825973,0.017,0
2026-07-06T10:29:10Z,2.645,22.349,26.37,2.2942,0.1704,17.3007,5.3252,45.857,43.415626,5.7289,65.72,2.2348,16797.760112654363,0.017,0
2026-07-06T10:29:10Z,2.649,22.3629,26.37,2.3095,0.1704,17.3007,5.295,45.888,43.426095,5.7187,65.788,2.2377,16795.477145120396,0.017,0
2026-07-06T10:29:10Z,2.654,22.3607,26.46,2.195,0.1704,15.7779,5.3403,45.916,43.429421,5.7103,65.891,2.1763,16800.65741058221,0.017,0
2026-07-06T10:29:10Z,2.658,22.3496,26.46,2.1531,0.1704,15.7779,5.3856,46.002,43.480297,5.7065,65.997,2.1725,16859.85604670379,0.017,0
2026-07-06T10:29:10Z,2.663,22.3333,26.46,2.1874,0.1704,15.7779,5.295,46.108,43.542467,5.7087,66.094,2.1365,16934.876062243726,0.016,0
2026-07-06T10:29:10Z,2.667,22.3129,26.46,2.1912,0.1704,15.7779,5.3554,46.209,43.590658,5.7169,66.184,2.1019,17000.229617715115,0.016,0
2026-07-06T10:29:10Z,2.671,22.2875,26.64,1.9356,0.1704,12.7323,4.8569,46.311,43.631743,5.7286,66.267,2.0896,17063.388355649786,0.016,0
2026-07-06T10:29:10Z,2.675,22.2547,26.64,1.8937,0.1704,12.7323,4.8871,46.397,43.650765,5.7414,66.346,2.0657,17111.867719227466,0.016,0
2026-07-06T10:29:10Z,2.679,22.2129,26.64,1.9661,0.1704,12.7323,4.9324,46.489,43.674717,5.7545,66.404,2.0541,17173.58268843347,0.015,0
2026-07-06T10:29:10Z,2.682,22.1625,26.64,1.928,0.1704,12.7323,4.872,46.604,43.725924,5.7679,66.417,2.0139,17270.378469849966,0.015,0
2026-07-06T10:29:10Z,2.686,22.1029,26.46,1.9432,0.213,13.3668,5.1741,46.7,43.766226,5.7818,66.384,2.0073,17365.424197435153,0.015,0
2026-07-06T10:29:10Z,2.69,22.0363,26.46,1.9356,0.213,13.3668,5.0684,46.751,43.772486,5.7961,66.313,1.9744,17433.606622813182,0.015,0
2026-07-06T10:29:10Z,2.694,21.9695,26.46,1.9394,0.213,13.3668,5.1137,46.78,43.768296,5.8086,66.197,1.9642,17491.86187238658,0.015,0
2026-07-06T10:29:10Z,2.698,21.9079,26.46,1.9089,0.213,13.3668,5.0835,46.819,43.780438,5.8166,66.019,1.9358,17561.893002308072,0.015,0
2026-07-06T10:29:10Z,2.702,21.8544,27.09,1.9509,0.1704,12.9438,4.8569,46.877,43.81414,5.8197,65.775,1.9132,17646.3431670851,0.015,0
2026-07-06T10:29:10Z,2.706,21.8106,27.09,1.9356,0.1704,12.9438,4.8115,46.956,43.864441,5.8184,65.481,1.9049,17738.802545132465,0.015,0
2026-07-06T10:29:10Z,2.71,21.7766,27.09,1.9165,0.1704,12.9438,4.8418,47.044,43.916854,5.812,65.176,1.8757,17824.48779854247,0.016,0
2026-07-06T10:29:10Z,2.714,21.7507,27.09,1.9204,0.1704,12.9438,4.872,47.135,43.963433,5.7993,64.908,1.8042,17896.8005530184,0.016,0
2026-07-06T10:29:10Z,2.718,21.7283,27.09,1.9204,0.1704,12.9438,4.872,47.224,44.000653,5.7803,64.699,1.7999,17956.41938562645,0.015,0
2026-07-06T10:29:10Z,2.722,21.7037,27.81,1.9318,0.1704,12.3516,4.9928,47.314,44.038437,5.7571,64.535,1.7524,18018.931633009794,0.015,0
2026-07-06T10:29:10Z,2.726,21.6719,27.81,1.9432,0.1704,12.3516,4.9626,47.411,44.090843,5.7338,64.393,1.6841,18103.70508093851,0.015,0
2026-07-06T10:29:10Z,2.729,21.6309,27.81,1.9242,0.1704,12.3516,4.9022,47.486,44.139957,5.7148,64.275,1.6731,18194.466527548248,0.015,0
2026-07-06T10:29:10Z,2.733,21.5826,27.81,1.867,0.1704,12.3516,4.6001,47.521,44.16699,5.7018,64.188,1.659,18269.96600539001,0.015,0
2026-07-06T10:29:10Z,2.737,21.5339,27.81,1.886,0.1704,12.2247,4.7058,47.539,44.183136,5.6927,64.113,1.6605,18334.87575030988,0.016,0
2026-07-06T10:29:10Z,2.741,21.4943,27.81,1.8288,0.1704,12.2247,4.5698,47.581,44.212633,5.6846,64.024,1.6461,18404.938512133147,0.017,0
2026-07-06T10:29:10Z,2.745,21.472,27.81,1.8441,0.1704,12.2247,4.6605,47.647,44.251388,5.6766,63.922,1.6457,18467.68621882246,0.018,0
2026-07-06T10:29:10Z,2.75,21.4665,27.81,1.6648,0.1704,12.2247,4.6756,47.716,44.279843,5.6696,63.823,1.617,18502.990154437284,0.019,0
2026-07-06T10:29:10Z,2.755,21.4655,27.72,1.6571,0.1704,12.9438,4.7058,47.813,44.32352,5.663,63.745,1.5798,18549.806351568852,0.02,0
2026-07-06T10:29:10Z,2.76,21.456,27.72,1.6953,0.1704,12.9438,4.6454,47.959,44.410006,5.6563,63.676,1.5496,18650.323801227845,0.021,0
2026-07-06T10:29:10Z,2.766,21.4323,27.72,1.6724,0.1704,12.9438,4.7209,48.092,44.488621,5.6498,63.603,1.5781,18757.322547322514,0.022,0
2026-07-06T10:29:10Z,2.772,21.3947,27.72,1.619,0.1704,12.9438,4.7964,48.179,44.532498,5.6452,63.541,1.4921,18842.127005342783,0.022,0
2026-07-06T10:29:10Z,2.778,21.347,27.99,1.6037,0.1704,11.7594,4.8569,48.277,44.595187,5.6435,63.524,1.4683,18957.744717593534,0.022,0
2026-07-06T10:29:10Z,2.783,21.2958,27.99,1.6037,0.1704,11.7594,4.872,48.392,44.67746,5.643,63.596,1.4157,19098.675062199145,0.021,0
2026-07-06T10:29:10Z,2.789,21.2492,27.99,1.619,0.1704,11.7594,4.872,48.481,44.737483,5.6417,63.8,1.4265,19211.753938646598,0.021,0
2026-07-06T10:29:10Z,2.794,21.2117,27.99,1.4893,0.1704,11.7594,4.6303,48.586,44.813182,5.6403,64.172,1.3882,19332.885149472666,0.021,0
2026-07-06T10:29:10Z,2.799,21.1826,27.99,1.4855,0.1704,11.7594,4.6756,48.734,44.92873,5.6421,64.738,1.3789,19489.181594157104,0.02,0
2026-07-06T10:29:10Z,2.804,21.1576,28.98,1.4969,0.1704,11.6748,4.6454,48.843,45.009309,5.6512,65.528,1.359,19603.788777328773,0.02,0
2026-07-06T10:29:10Z,2.809,21.1346,28.98,1.5351,0.1704,11.6748,4.7511,48.92,45.072417,5.6719,66.56,1.3338,19697.600948840976,0.019,0
2026-07-06T10:29:10Z,2.814,21.1129,28.98,1.4511,0.1704,11.6748,4.3886,49.049,45.208623,5.7074,67.81,1.3106,19871.030895615768,0.019,0
2026-07-06T10:29:10Z,2.819,21.0906,28.98,1.4244,0.1704,11.6748,4.4188,49.153,45.344633,5.7601,69.262,1.2916,20046.019716074887,0.018,0
2026-07-06T10:29:10Z,2.824,21.07,29.97,1.4511,0.1704,9.6867,4.3886,49.135,45.3792,5.8326,70.94,1.2815,20107.063650370004,0.018,0
2026-07-06T10:29:10Z,2.828,21.0622,29.97,1.4283,0.1704,9.6867,4.3433,49.087,45.387317,5.9252,72.827,1.2829,20124.679068666468,0.017,0
2026-07-06T10:29:10Z,2.832,21.0798,29.97,1.371,0.1704,9.6867,4.4792,49.097,45.450873,6.0341,74.802,1.2622,20176.199974317737,0.017,0
2026-07-06T10:29:10Z,2.836,21.1214,29.97,1.3634,0.1704,9.6867,4.5094,49.13,45.540977,6.1581,76.664,1.2475,20230.91436030601,0.017,0
2026-07-06T10:29:10Z,2.84,21.1734,30.24,1.3672,0.1704,8.0793,4.3735,49.151,45.623862,6.3007,78.194,1.2407,20266.03947455307,0.017,0
2026-07-06T10:29:10Z,2.844,21.2266,30.24,1.3596,0.1704,8.0793,4.449,49.177,45.70569,6.4616,79.202,1.2151,20298.594794452,0.018,0
2026-07-06T10:29:10Z,2.849,21.2817,30.24,1.2871,0.1704,8.0793,4.162,49.209,45.782375,6.6297,79.582,1.1861,20323.241914529837,0.018,0
2026-07-06T10:29:10Z,2.854,21.3426,30.24,1.3024,0.1704,8.0793,4.1771,49.26,45.862408,6.7867,79.334,1.1991,20345.141135049034,0.019,0
2026-07-06T10:29:10Z,2.859,21.4066,30.24,1.2909,0.1704,8.0793,4.1922,49.385,45.993046,6.9137,78.543,1.1846,20419.985173788507,0.019,0
2026-07-06T10:29:10Z,2.864,21.4653,30.24,1.2871,0.1278,7.9524,4.1469,49.525,46.115449,6.9951,77.372,1.1426,20491.45708721528,0.02,0
2026-07-06T10:29:10Z,2.869,21.5131,30.24,1.31,0.1278,7.9524,4.2526,49.618,46.170574,7.0223,76.02,1.1142,20499.841954245752,0.02,0
2026-07-06T10:29:10Z,2.874,21.5467,30.24,1.3024,0.1278,7.9524,4.1771,49.756,46.244874,6.996,74.642,1.1101,20545.41074057839,0.02,0
2026-07-06T10:29:10Z,2.879,21.5613,30.24,1.3138,0.1278,7.9524,4.2375,49.967,46.372112,6.9243,73.324,1.0909,20671.48996979109,0.02,0
2026-07-06T10:29:10Z,2.884,21.5531,30.87,1.3024,0.1278,8.6292,4.162,50.179,46.500507,6.822,72.116,1.1132,20825.014101474277,0.019,0
2026-07-06T10:29:10Z,2.889,21.5217,30.87,1.2947,0.1278,8.6292,4.1771,50.369,46.622438,6.7068,71.041,1.0931,20998.423104889393,0.019,0
2026-07-06T10:29:10Z,2.894,21.4681,30.87,1.2871,0.1278,8.6292,4.2224,50.567,46.770418,6.5919,70.109,1.09,21228.278924818027,0.02,0
2026-07-06T10:29:10Z,2.899,21.3994,30.87,1.2871,0.1278,8.6292,4.162,50.757,46.922117,6.4842,69.335,1.0599,21482.172854999564,0.02,0
2026-07-06T10:29:10Z,2.904,21.3311,31.86,1.2947,0.1278,8.2485,4.1167,50.894,47.026304,6.3858,68.746,1.0687,21683.026022144506,0.021,0
2026-07-06T10:29:10Z,2.91,21.2773,31.86,1.2299,0.1278,8.2485,3.8901,51.023,47.114749,6.2974,68.37,1.0425,21849.91975659805,0.022,0
2026-07-06T10:29:10Z,2.915,21.2416,31.86,1.2719,0.1278,8.2485,3.9354,51.146,47.185122,6.2193,68.212,1.0199,21975.021996128566,0.022,0
2026-07-06T10:29:10Z,2.921,21.2176,31.86,1.249,0.1278,8.2485,3.9052,51.219,47.196393,6.1536,68.266,0.99406,22017.10404317675,0.022,0
2026-07-06T10:29:10Z,2.927,21.1952,32.31,1.2528,0.1704,7.7832,3.8447,51.316,47.225311,6.1041,68.49,0.96574,22078.12657831894,0.022,0
2026-07-06T10:29:10Z,2.933,21.1655,32.31,1.1231,0.1704,7.7832,3.6937,51.487,47.327424,6.0743,68.795,0.98225,22234.702119921138,0.022,0
2026-07-06T10:29:10Z,2.939,21.1233,32.31,1.1002,0.1704,7.7832,3.6937,51.636,47.426309,6.0653,69.087,0.92951,22403.664065347162,0.022,0
2026-07-06T10:29:10Z,2.944,21.069,32.31,1.1231,0.1704,7.7832,3.6181,51.702,47.466612,6.0767,69.299,0.93701,22518.592006793027,0.021,0
2026-07-06T10:29:10Z,2.949,21.0097,32.31,1.0964,0.1704,7.7832,3.7541,51.759,47.510903,6.1038,69.365,0.91349,22645.150286784214,0.02,0
2026-07-06T10:29:10Z,2.955,20.9568,32.49,0.9857,0.1704,7.4448,3.4369,51.858,47.600894,6.1373,69.239,0.89152,22819.65819292517,0.02,0
2026-07-06T10:29:10Z,2.96,20.9196,32.49,1.0163,0.1704,7.4448,3.4218,51.949,47.686833,6.1678,68.918,0.89327,22970.626167697224,0.019,0
2026-07-06T10:29:10Z,2.964,20.8993,32.49,1.001,0.1704,7.4448,3.3764,52.055,47.785658,6.1891,68.44,0.884,23116.684371203017,0.019,0
2026-07-06T10:29:10Z,2.969,20.8916,32.49,1.001,0.1704,7.4448,3.4671,52.222,47.937672,6.1959,67.862,0.81394,23312.522553281862,0.018,0
2026-07-06T10:29:10Z,2.973,20.8911,32.76,0.9934,0.1278,7.1064,3.1498,52.369,48.067805,6.1847,67.257,0.89619,23473.171699298455,0.018,0
2026-07-06T10:29:10Z,2.978,20.893,32.76,1.001,0.1278,7.1064,3.1801,52.45,48.135012,6.1558,66.689,0.86688,23553.610878668453,0.018,0
2026-07-06T10:29:10Z,2.982,20.8946,32.76,1.001,0.1278,7.1064,3.1196,52.557,48.219009,6.1129,66.2,0.88554,23655.387277385253,0.018,0
2026-07-06T10:29:10Z,2.987,20.8936,32.76,1.001,0.1278,7.1064,3.2103,52.707,48.328241,6.0614,65.824,0.88132,23792.17683657286,0.018,0
2026-07-06T10:29:10Z,2.992,20.8894,33.21,1.0468,0.1278,7.0641,3.4671,52.814,48.378215,6.0078,65.595,0.85975,23859.843605022932,0.018,0
2026-07-06T10:29:10Z,2.996,20.8821,33.21,1.0392,0.1278,7.0641,3.4671,52.938,48.42611,5.958,65.509,0.85342,23929.137470425107,0.018,0
2026-07-06T10:29:10Z,3.001,20.8686,33.21,1.0582,0.1278,7.0641,3.4822,53.177,48.568414,5.9158,65.522,0.87616,24124.999829761975,0.018,0
2026-07-06T10:29:10Z,3.006,20.8418,33.21,1.0735,0.1278,7.0641,3.4369,53.403,48.697556,5.8854,65.594,0.78647,24323.224903576196,0.018,0
2026-07-06T10:29:10Z,3.01,20.7969,32.94,0.9781,0.0852,6.8526,3.1347,53.529,48.742319,5.8701,65.703,0.7851,24440.217991138477,0.018,0
2026-07-06T10:29:10Z,3.015,20.7356,32.94,0.9781,0.0852,6.8526,3.1952,53.677,48.820286,5.8694,65.818,0.82947,24622.332123474407,0.018,0
2026-07-06T10:29:10Z,3.02,20.6641,32.94,0.9857,0.0852,6.8526,3.1498,53.867,48.952249,5.8789,65.911,0.80672,24889.081884614712,0.018,0
2026-07-06T10:29:10Z,3.025,20.5908,32.94,0.9781,0.0852,6.8526,3.1347,54.03,49.075719,5.8938,65.964,0.77157,25149.962038796897,0.018,0
2026-07-06T10:29:10Z,3.029,20.5248,32.94,0.9285,0.0852,6.8526,2.8326,54.149,49.171793,5.9112,65.98,0.75976,25367.32363014562,0.018,0
2026-07-06T10:29:10Z,3.034,20.4719,33.21,0.9247,0.1278,6.5988,2.9535,54.207,49.220243,5.9278,65.972,0.75171,25505.401790579897,0.018,0
2026-07-06T10:29:10Z,3.039,20.4337,33.21,0.9094,0.1278,6.5988,3.029,54.292,49.297777,5.9406,65.962,0.76622,25661.556547017346,0.018,0
2026-07-06T10:29:10Z,3.043,20.4105,33.21,0.9362,0.1278,6.5988,2.9837,54.463,49.452979,5.9481,65.979,0.72555,25899.765623393654,0.017,0
2026-07-06T10:29:10Z,3.048,20.3996,33.21,0.9781,0.1278,6.5988,2.9535,54.612,49.587696,5.9508,66.066,0.7756,26094.42181744575,0.017,0
2026-07-06T10:29:10Z,3.052,20.3958,33.21,0.9857,0.0852,7.1064,2.9837,54.732,49.693999,5.9505,66.258,0.78664,26241.713814139453,0.017,0
2026-07-06T10:29:10Z,3.056,20.3954,33.21,0.9819,0.0852,7.1064,2.9837,54.883,49.82615,5.9496,66.545,0.82051,26419.213287832696,0.017,0
2026-07-06T10:29:10Z,3.061,20.396,33.21,1.0086,0.0852,7.1064,2.9837,55.024,49.945629,5.9511,66.889,0.76257,26578.914397396507,0.017,0
2026-07-06T10:29:10Z,3.065,20.3956,33.21,0.9476,0.0852,7.1064,2.9384,55.15,50.05041,5.959,67.244,0.73667,26720.839798210127,0.017,0
2026-07-06T10:29:10Z,3.069,20.3931,33.3,0.9362,0.0852,6.4296,2.9988,55.268,50.14451,5.9766,67.557,0.74634,26851.906034915344,0.017,0
2026-07-06T10:29:10Z,3.073,20.3881,33.3,0.898,0.0852,6.4296,3.0139,55.333,50.185243,6.0031,67.787,0.74715,26914.646368129877,0.016,0
2026-07-06T10:29:10Z,3.078,20.3811,33.3,0.94,0.0852,6.4296,2.9535,55.412,50.233309,6.035,67.896,0.72225,26990.472374326804,0.016,0
2026-07-06T10:29:10Z,3.082,20.3724,33.3,0.9094,0.0852,6.4296,3.0894,55.534,50.315478,6.068,67.854,0.72666,27115.520164840465,0.016,0
2026-07-06T10:29:10Z,3.086,20.3606,33.3,0.9362,0.0852,6.4296,3.029,55.629,50.369932,6.0977,67.664,0.70688,27207.77306875574,0.016,0
2026-07-06T10:29:10Z,3.09,20.3443,34.11,0.9171,0.1278,6.3873,3.0592,55.748,50.443089,6.1204,67.357,0.72792,27332.77729634659,0.016,0
2026-07-06T10:29:10Z,3.094,20.3232,34.11,0.9362,0.1278,6.3873,2.9535,55.899,50.540501,6.1328,66.988,0.71584,27498.993826390197,0.016,0
2026-07-06T10:29:10Z,3.098,20.2977,34.11,0.9438,0.1278,6.3873,2.9837,56.078,50.65425,6.1321,66.615,0.69033,27695.412452700974,0.016,0
2026-07-06T10:29:10Z,3.102,20.2693,34.11,0.9209,0.1278,6.3873,2.9384,56.348,50.840583,6.1184,66.278,0.6571,27998.590368031855,0.015,0
2026-07-06T10:29:10Z,3.106,20.2386,33.3,0.9247,0.0852,6.345,2.9535,56.581,50.9897,6.0943,66.004,0.65796,28255.579132099978,0.015,0
2026-07-06T10:29:10Z,3.11,20.2034,33.3,0.9362,0.0852,6.345,2.9837,56.736,51.069596,6.0651,65.818,0.67008,28423.845167340725,0.015,0
2026-07-06T10:29:10Z,3.114,20.1608,33.3,0.8599,0.0852,6.345,2.9686,56.903,51.165366,6.0364,65.703,0.67315,28627.35618594842,0.015,0
2026-07-06T10:29:10Z,3.118,20.1099,33.3,0.8713,0.0852,6.345,3.0441,57.045,51.244733,6.0119,65.626,0.67843,28822.189747923345,0.015,0
2026-07-06T10:29:10Z,3.122,20.0552,31.86,0.8866,0.0852,5.2875,2.9686,57.21,51.358766,5.9936,65.568,0.65184,29074.193017528116,0.015,0
2026-07-06T10:29:10Z,3.125,20.003,31.86,0.8713,0.0852,5.2875,2.9837,57.419,51.527901,5.9829,65.532,0.66674,29403.707805260296,0.015,0
2026-07-06T10:29:10Z,3.129,19.9547,31.86,0.8026,0.0852,5.2875,2.9837,57.563,51.651706,5.9782,65.547,0.65782,29663.703313120743,0.015,0
2026-07-06T10:29:10Z,3.133,19.9123,31.86,0.8065,0.0852,5.2875,3.029,57.738,51.813038,5.9762,65.661,0.66689,29970.76479323512,0.015,0
2026-07-06T10:29:10Z,3.136,19.8817,31.95,0.8026,0.1278,4.653,2.893,58.055,52.104758,5.9746,65.92,0.65128,30453.225266290337,0.015,0
2026-07-06T10:29:10Z,3.14,19.8654,31.95,0.795,0.1278,4.653,3.0894,58.388,52.409278,5.9733,66.366,0.66011,30935.37762056004,0.016,0
2026-07-06T10:29:10Z,3.144,19.861,31.95,0.795,0.1278,4.653,2.8326,58.655,52.648312,5.9752,67.018,0.6455,31302.566752356797,0.016,0
2026-07-06T10:29:10Z,3.149,19.8643,31.95,0.8141,0.1278,4.653,2.9081,58.856,52.819808,5.9852,67.825,0.66255,31556.209942138077,0.016,0
2026-07-06T10:29:10Z,3.153,19.8704,31.95,0.8179,0.1278,4.653,2.9232,58.963,52.893734,6.008,68.69,0.63825,31657.564877722267,0.016,0
2026-07-06T10:29:10Z,3.157,19.875,32.58,0.7912,0.0852,4.6107,2.9988,59.071,52.953602,6.0482,69.495,0.64061,31740.382580429214,0.016,0
2026-07-06T10:29:10Z,3.161,19.8752,32.58,0.8217,0.0852,4.6107,2.9232,59.306,53.117055,6.1076,70.126,0.63672,31989.410529647972,0.016,0
2026-07-06T10:29:10Z,3.166,19.8677,32.58,0.8141,0.0852,4.6107,2.9988,59.5,53.240259,6.1821,70.508,0.61751,32191.828375309706,0.016,0
2026-07-06T10:29:10Z,3.17,19.849,32.58,0.8255,0.0852,4.6107,3.0139,59.574,53.258367,6.2633,70.622,0.6139,32253.70913326556,0.016,0
2026-07-06T10:29:10Z,3.174,19.8182,30.96,0.8065,0.0852,4.5261,3.0139,59.798,53.415463,6.3407,70.476,0.6127,32552.56594637241,0.016,0
2026-07-06T10:29:10Z,3.178,19.7786,30.96,0.8522,0.0852,4.5261,2.9837,60.19,53.729513,6.4033,70.11,0.59901,33115.17686366151,0.016,0
2026-07-06T10:29:10Z,3.182,19.7361,30.96,0.8141,0.0852,4.5261,2.9837,60.501,53.979208,6.4435,69.609,0.59862,33588.47246095876,0.017,0
2026-07-06T10:29:10Z,3.186,19.696,30.96,0.7797,0.0852,4.5261,2.9837,60.718,54.153372,6.459,69.056,0.57465,33941.74080699656,0.017,0
2026-07-06T10:29:10Z,3.191,19.6601,29.97,0.8141,0.0852,3.6801,2.9686,61.002,54.394157,6.4503,68.492,0.59163,34396.7912008587,0.017,0
2026-07-06T10:29:10Z,3.195,19.6295,29.97,0.8293,0.0852,3.6801,3.0894,61.347,54.69399,6.4206,67.924,0.6159,34941.72954795522,0.017,0
2026-07-06T10:29:10Z,3.199,19.6061,29.97,0.8217,0.0852,3.6801,3.0441,61.598,54.913492,6.3777,67.351,0.5955,35346.54153008169,0.017,0
2026-07-06T10:29:10Z,3.204,19.5901,29.97,0.7874,0.0852,3.6801,3.0139,61.72,55.019473,6.3291,66.771,0.55237,35552.69704393914,0.017,0
2026-07-06T10:29:10Z,3.208,19.5798,29.34,0.8141,0.0852,3.7647,2.9535,61.836,55.119957,6.2786,66.19,0.5749,35739.07844373302,0.017,0
2026-07-06T10:29:10Z,3.213,19.5734,29.34,0.8141,0.0852,3.7647,3.0139,61.971,55.235754,6.2273,65.617,0.53454,35943.529122447006,0.017,0
2026-07-06T10:29:10Z,3.217,19.5695,29.34,0.8179,0.0852,3.7647,2.893,62.032,55.280099,6.1753,65.078,0.50102,36025.0041880901,0.017,0
2026-07-06T10:29:10Z,3.222,19.5673,29.34,0.7988,0.0852,3.7647,2.893,62.096,55.320649,6.1225,64.601,0.54498,36096.81154027555,0.017,0
2026-07-06T10:29:10Z,3.226,19.5653,29.34,0.795,0.0852,3.7647,3.0592,62.321,55.495833,6.0694,64.219,0.51807,36392.582201963814,0.016,0
2026-07-06T10:29:10Z,3.23,19.5611,29.07,0.8141,0.1278,3.9339,2.6966,62.543,55.652956,6.0174,63.972,0.56684,36664.18596297943,0.016,0
2026-07-06T10:29:10Z,3.234,19.553,29.07,0.8026,0.1278,3.9339,2.7571,62.625,55.670397,5.9688,63.903,0.49788,36710.37697961496,0.016,0
2026-07-06T10:29:10Z,3.238,19.5401,29.07,0.795,0.1278,3.9339,2.7873,62.832,55.798075,5.9267,64.015,0.52499,36952.237755789036,0.016,0
2026-07-06T10:29:10Z,3.242,19.5196,29.07,0.8103,0.1278,3.9339,2.6966,63.137,56.026166,5.894,64.271,0.50584,37381.699032855155,0.016,0
2026-07-06T10:29:10Z,3.246,19.4871,28.98,0.837,0.1278,3.384,3.1196,63.241,56.098434,5.8752,64.636,0.47422,37574.203536055196,0.016,0
2026-07-06T10:29:10Z,3.25,19.4434,28.98,0.7988,0.1278,3.384,3.1649,63.352,56.201651,5.874,65.064,0.45673,37844.81452169055,0.016,0
2026-07-06T10:29:10Z,3.254,19.3987,28.98,0.8332,0.1278,3.384,3.2556,63.745,56.578702,5.8896,65.485,0.49421,38593.358678639146,0.016,0
2026-07-06T10:29:10Z,3.258,19.3648,28.98,0.8217,0.1278,3.384,3.2858,64.111,56.941278,5.9172,65.852,0.46001,39302.785259790784,0.016,0
2026-07-06T10:29:10Z,3.262,19.3481,28.62,0.8026,0.0852,3.384,2.7722,64.263,57.10689,5.9528,66.155,0.50661,39632.6267142767,0.016,0
2026-07-06T10:29:10Z,3.266,19.3515,28.62,0.795,0.0852,3.384,2.8477,64.545,57.368982,5.9918,66.381,0.48254,40090.068088172055,0.016,0
2026-07-06T10:29:10Z,3.27,19.3732,28.62,0.8141,0.0852,3.384,2.7571,64.918,57.695737,6.0279,66.526,0.46951,40624.186025167575,0.016,0
2026-07-06T10:29:10Z,3.275,19.403,28.62,0.8179,0.0852,3.384,2.742,65.091,57.839254,6.058,66.622,0.47764,40812.59884479941,0.016,0
2026-07-06T10:29:10Z,3.279,19.427,28.62,0.856,0.0852,3.384,2.7571,65.32,58.037233,6.083,66.696,0.45504,41113.189528372604,0.016,0
2026-07-06T10:29:10Z,3.283,19.4367,28.89,0.8713,0.0426,3.5532,2.8175,65.783,58.450158,6.1026,66.751,0.44788,41839.97067454454,0.017,0
2026-07-06T10:29:10Z,3.287,19.4329,28.89,0.8675,0.0426,3.5532,2.8175,66.17,58.803242,6.1164,66.806,0.43635,42496.874365647556,0.017,0
2026-07-06T10:29:10Z,3.292,19.4246,28.89,0.8637,0.0426,3.5532,2.7118,66.374,58.995206,6.1262,66.896,0.42921,42872.0461369722,0.017,0
2026-07-06T10:29:10Z,3.296,19.4204,28.89,0.8217,0.0426,3.5532,3.0743,66.511,59.119126,6.1335,67.048,0.45702,43112.5363752651,0.017,0
2026-07-06T10:29:10Z,3.301,19.422,29.16,0.8217,0.0852,3.2994,3.0592,66.593,59.182121,6.1384,67.293,0.43882,43225.8738090137,0.017,0
2026-07-06T10:29:10Z,3.305,19.4286,29.16,0.8103,0.0852,3.2994,2.9535,66.67,59.232898,6.1427,67.646,0.43342,43304.17704062141,0.017,0
2026-07-06T10:29:10Z,3.31,19.4364,29.16,0.7912,0.0852,3.2994,2.9686,66.865,59.38671,6.15,68.09,0.42855,43572.188577755456,0.017,0
2026-07-06T10:29:10Z,3.314,19.4381,29.16,0.837,0.0852,3.2994,2.7118,67.109,59.58086,6.1638,68.604,0.39588,43932.31881643784,0.017,0
2026-07-06T10:29:10Z,3.318,19.4309,29.34,0.7759,0.0852,3.3417,2.7722,67.239,59.667676,6.1872,69.175,0.39399,44114.06502341722,0.018,0
2026-07-06T10:29:10Z,3.323,19.4182,29.34,0.8179,0.0852,3.3417,2.8326,67.38,59.754077,6.2212,69.773,0.35783,44309.5232632269,0.018,0
2026-07-06T10:29:10Z,3.327,19.4036,29.34,0.8179,0.0852,3.3417,2.7571,67.685,59.978782,6.264,70.351,0.37162,44773.52519000937,0.018,0
2026-07-06T10:29:10Z,3.332,19.387,29.34,0.8332,0.0852,3.3417,3.0139,67.963,60.174336,6.3134,70.877,0.36371,45190.12711538581,0.018,0
2026-07-06T10:29:10Z,3.337,19.3659,29.16,0.8217,0.0852,3.2571,2.893,68.064,60.209386,6.3687,71.339,0.39339,45312.20727252245,0.018,0
2026-07-06T10:29:10Z,3.342,19.3377,29.16,0.8065,0.0852,3.2571,2.9081,68.262,60.32464,6.4273,71.712,0.36371,45607.791181370136,0.018,0
2026-07-06T10:29:10Z,3.346,19.3035,29.16,0.7912,0.0852,3.2571,2.893,68.666,60.618647,6.485,71.955,0.35853,46268.37372821649,0.018,0
2026-07-06T10:29:10Z,3.351,19.2662,29.16,0.7492,0.0852,3.2571,2.9686,68.945,60.806798,6.5384,72.046,0.37267,46736.18582743952,0.017,0
2026-07-06T10:29:10Z,3.355,19.2265,29.16,0.7454,0.0852,3.2571,3.0139,69.047,60.851504,6.5863,71.981,0.34824,46931.13791526874,0.017,0
2026-07-06T10:29:10Z,3.359,19.183,28.53,0.7492,0.0852,3.1725,3.0894,69.279,61.021982,6.6265,71.74,0.3274,47386.33086482459,0.016,0
2026-07-06T10:29:10Z,3.363,19.137,28.53,0.7569,0.0852,3.1725,2.9535,69.629,61.30386,6.655,71.314,0.35892,48074.92472242894,0.016,0
2026-07-06T10:29:10Z,3.367,19.0946,28.53,0.7569,0.0852,3.1725,2.7873,69.934,61.552904,6.6691,70.731,0.36017,48694.58692844424,0.015,0
2026-07-06T10:29:10Z,3.371,19.0612,28.53,0.7569,0.0852,3.1725,2.7269,70.133,61.709858,6.6676,70.026,0.33832,49107.20789664099,0.015,0
2026-07-06T10:29:10Z,3.374,19.0367,28.35,0.7797,0.0852,3.0033,2.7571,70.164,61.716841,6.6484,69.242,0.34216,49191.036781973584,0.014,0
2026-07-06T10:29:10Z,3.378,19.0181,28.35,0.7302,0.0852,3.0033,2.7269,70.179,61.703377,6.6114,68.413,0.32169,49216.52920334734,0.014,0
2026-07-06T10:29:10Z,3.381,19.0037,28.35,0.7645,0.0852,3.0033,2.6513,70.259,61.741675,6.5592,67.55,0.32513,49335.724890014,0.013,0
2026-07-06T10:29:10Z,3.385,18.991,28.35,0.7492,0.0852,3.0033,2.7571,70.275,61.722269,6.4955,66.666,0.32513,49332.34193075329,0.013,0
2026-07-06T10:29:10Z,3.388,18.9762,28.62,0.7416,0.0852,2.6649,2.6966,70.297,61.711785,6.4246,65.796,0.31334,49353.185960481605,0.012,0
2026-07-06T10:29:10Z,3.391,18.9573,28.62,0.7569,0.0852,2.6649,2.6966,70.502,61.865002,6.3501,64.965,0.32169,49721.37379910825,0.012,0
2026-07-06T10:29:10Z,3.394,18.9345,28.62,0.8065,0.0852,2.6649,2.7269,70.782,62.087141,6.2728,64.192,0.33641,50245.364788159255,0.012,0
2026-07-06T10:29:10Z,3.397,18.9108,28.62,0.8293,0.0852,2.6649,2.8024,70.916,62.182122,6.1938,63.505,0.32435,50511.450280895995,0.012,0
2026-07-06T10:29:10Z,3.4,18.8894,28.89,0.795,0.0852,2.6649,2.7722,70.991,62.225137,6.1156,62.926,0.2739,50663.66542155863,0.013,0
2026-07-06T10:29:10Z,3.403,18.8707,28.89,0.7912,0.0852,2.6649,2.6966,71.24,62.419143,6.0406,62.464,0.31835,51123.96710473614,0.013,0
2026-07-06T10:29:10Z,3.406,18.8536,28.89,0.8026,0.0852,2.6649,2.9988,71.49,62.608424,5.9708,62.125,0.27041,51572.501174809455,0.013,0
2026-07-06T10:29:10Z,3.41,18.8377,28.89,0.8217,0.0852,2.6649,2.9081,71.511,62.592116,5.9088,61.92,0.27307,51585.7544751031,0.013,0
2026-07-06T10:29:10Z,3.413,18.8221,28.89,0.8255,0.0852,2.6649,2.9232,71.557,62.591276,5.8568,61.83,0.2614,51630.73959327342,0.013,0
2026-07-06T10:29:10Z,3.416,18.8048,28.62,0.8103,0.0852,2.8764,3.029,71.78,62.73933,5.8158,61.81,0.27124,51995.88875598578,0.012,0
2026-07-06T10:29:10Z,3.419,18.7842,28.62,0.7721,0.0852,2.8764,2.9837,71.956,62.848357,5.7868,61.829,0.26506,52289.87625316385,0.012,0
2026-07-06T10:29:10Z,3.422,18.7598,28.62,0.753,0.0852,2.8764,2.9837,72.107,62.943438,5.7706,61.871,0.2739,52566.99146000165,0.011,0
2026-07-06T10:29:10Z,3.425,18.7311,28.62,0.7645,0.0852,2.8764,2.9535,72.471,63.231448,5.7656,61.912,0.23695,53273.384216396655,0.011,0
2026-07-06T10:29:10Z,3.428,18.6988,28.8,0.7645,0.0426,3.0033,3.0894,72.869,63.551805,5.7675,61.934,0.24105,54068.27450211845,0.011,0
2026-07-06T10:29:10Z,3.43,18.6675,28.8,0.8179,0.0426,3.0033,2.9837,73.007,63.646828,5.7729,61.948,0.2486,54374.46289910421,0.011,0
2026-07-06T10:29:10Z,3.433,18.6419,28.8,0.795,0.0426,3.0033,3.0139,73.055,63.663545,5.7798,61.955,0.24677,54492.28746510122,0.011,0
2026-07-06T10:29:10Z,3.436,18.6215,28.8,0.8103,0.0426,3.0033,2.8628,73.284,63.83782,5.786,61.94,0.25346,54940.184593047234,0.012,0
2026-07-06T10:29:10Z,3.439,18.603,28.62,0.8217,0.0426,3.0456,2.9837,73.614,64.100421,5.7903,61.9,0.22855,55580.44553074309,0.012,0
2026-07-06T10:29:10Z,3.442,18.5851,28.62,0.8217,0.0426,3.0456,2.8628,73.844,64.279995,5.7937,61.843,0.24731,56038.412433280515,0.012,0
2026-07-06T10:29:10Z,3.446,18.5679,28.62,0.8141,0.0426,3.0456,2.6966,74.056,64.450365,5.7963,61.77,0.22771,56476.125868178264,0.012,0
2026-07-06T10:29:10Z,3.449,18.5509,28.62,0.8141,0.0426,3.0456,2.7571,74.335,64.682893000000007,5.7969,61.682,0.23231,57055.90195608296,0.012,0
2026-07-06T10:29:10Z,3.452,18.534,28.62,0.7836,0.0426,3.0456,2.7571,74.439,64.762286,5.7952,61.587,0.22142,57291.95589971832,0.012,0
2026-07-06T10:29:10Z,3.455,18.5199,28.53,0.7988,0.0852,3.0033,2.7873,74.305,64.633902,5.7915,61.486,0.21408,57048.62932674208,0.012,0
2026-07-06T10:29:10Z,3.458,18.5104,28.53,0.8217,0.0852,3.0033,2.7118,74.297,64.612623,5.7858,61.379,0.24095,57032.232938933645,0.012,0
2026-07-06T10:29:10Z,3.461,18.5034,28.53,0.8141,0.0852,3.0033,2.7118,74.503,64.776561,5.7784,61.27,0.21964,57426.98234060738,0.012,0
2026-07-06T10:29:10Z,3.464,18.4962,28.53,0.8332,0.0852,3.0033,2.7722,74.639,64.882163,5.7703,61.173,0.24027,57691.307414981115,0.012,0
2026-07-06T10:29:10Z,3.467,18.4878,28.35,0.8217,0.0852,2.8764,2.7873,74.764,64.983527,5.7619,61.101,0.19579,57950.864322109344,0.012,0
2026-07-06T10:29:10Z,3.47,18.4781,28.35,0.7416,0.0852,2.8764,2.5003,75.029,65.205428,5.753,61.064,0.20219,58492.180047416114,0.012,0
2026-07-06T10:29:10Z,3.473,18.468,28.35,0.7378,0.0852,2.8764,2.4852,75.234,65.369641,5.7439,61.086,0.19558,58905.01155527102,0.012,0
2026-07-06T10:29:10Z,3.476,18.4598,28.35,0.7454,0.0852,2.8764,2.5305,75.428,65.51198,5.7358,61.187,0.19317,59262.537550626934,0.012,0
2026-07-06T10:29:10Z,3.48,18.4545,28.26,0.7645,0.0852,2.7918,2.5003,75.768,65.77015,5.7297,61.364,0.20767,59881.174612655566,0.013,0
2026-07-06T10:29:10Z,3.483,18.4494,28.26,0.8293,0.0852,2.7918,2.6966,76.031,65.955634,5.7268,61.605,0.20232,60332.75830816521,0.013,0
2026-07-06T10:29:10Z,3.486,18.4401,28.26,0.8217,0.0852,2.7918,2.7118,76.173,66.040086,5.7299,61.888,0.19588,60563.865018543176,0.013,0
2026-07-06T10:29:10Z,3.489,18.4232,28.26,0.8293,0.0852,2.7918,2.606,76.487,66.277452,5.7414,62.175,0.19507,61183.72571310185,0.014,0
2026-07-06T10:29:10Z,3.493,18.3984,28.17,0.8103,0.0426,2.7495,2.7571,76.919,66.617306,5.761,62.445,0.2021,62081.080328376534,0.014,0
2026-07-06T10:29:10Z,3.496,18.3705,28.17,0.7569,0.0426,2.7495,2.7873,77.29,66.900887,5.7869,62.71,0.18475,62863.43506653016,0.015,0
2026-07-06T10:29:10Z,3.5,18.345,28.17,0.7302,0.0426,2.7495,2.742,77.649,67.167902,5.8165,62.99,0.16703,63603.68060640729,0.016,0
2026-07-06T10:29:10Z,3.504,18.3226,28.17,0.7416,0.0426,2.7495,2.742,77.867,67.305997,5.8462,63.312,0.15906,64023.627682359605,0.016,0
2026-07-06T10:29:10Z,3.509,18.3001,28.17,0.7378,0.0426,2.7495,2.6966,77.906,67.288153,5.8743,63.687,0.18467,64064.82904387474,0.017,0
2026-07-06T10:29:10Z,3.513,18.2755,28.44,0.8103,0.0852,2.9187,2.6966,78.12,67.41886,5.9021,64.1,0.1591,64477.55006573422,0.017,0
2026-07-06T10:29:10Z,3.517,18.2471,28.44,0.7836,0.0852,2.9187,2.6513,78.549,67.730965,5.932,64.546,0.17833,65354.68548787402,0.018,0
2026-07-06T10:29:10Z,3.522,18.215,28.44,0.8103,0.0852,2.9187,2.893,78.846,67.924612,5.9663,65.054,0.1811,65959.41810813485,0.019,0
2026-07-06T10:29:10Z,3.527,18.1815,28.44,0.8026,0.0852,2.9187,2.7269,79.023,68.013542,6.0057,65.645,0.16066,66311.87279664875,0.02,0
2026-07-06T10:29:10Z,3.532,18.1471,28.35,0.7721,0.0852,2.7918,2.7571,79.264,68.15715,6.049,66.297,0.1527,66806.90356733411,0.021,0
2026-07-06T10:29:10Z,3.537,18.1102,28.35,0.7492,0.0852,2.7918,2.6966,79.461,68.268023,6.0957,66.967,0.15511,67232.21323707757,0.021,0
2026-07-06T10:29:10Z,3.543,18.071,28.35,0.7645,0.0852,2.7918,2.742,79.643,68.37572,6.1486,67.621,0.15487,67661.03141161021,0.022,0
2026-07-06T10:29:10Z,3.548,18.0306,28.35,0.753,0.0852,2.7918,2.7118,80.044,68.684538,6.2096,68.246,0.12617,68611.25370872513,0.022,0
2026-07-06T10:29:10Z,3.554,17.9903,28.26,0.7416,0.0852,2.7072,2.6966,80.48,69.033398,6.2765,68.858,0.13195,69674.68017281027,0.022,0
2026-07-06T10:29:10Z,3.56,17.9531,28.26,0.7263,0.0852,2.7072,2.7118,80.595,69.118253,6.3447,69.488,0.1161,70048.73099480805,0.021,0
2026-07-06T10:29:10Z,3.566,17.9228,28.26,0.7378,0.0852,2.7072,2.6815,80.622,69.133331,6.4106,70.132,0.11605,70213.87964555656,0.021,0
2026-07-06T10:29:10Z,3.571,17.9003,28.26,0.7721,0.0852,2.7072,2.742,80.857,69.332074,6.4727,70.753,0.13986,70827.3369538249,0.02,0
2026-07-06T10:29:10Z,3.576,17.8848,27.99,0.7492,0.0426,2.8341,2.7269,81.013,69.470167,6.5328,71.316,0.13189,71255.34105348792,0.02,0
2026-07-06T10:29:10Z,3.581,17.8756,27.99,0.7492,0.0426,2.8341,2.7722,80.865,69.358959,6.5937,71.794,0.13503,71001.76286434071,0.019,0
2026-07-06T10:29:10Z,3.586,17.8708,27.99,0.7302,0.0426,2.8341,2.6815,80.611,69.162356,6.6555,72.134,0.116,70506.58636480954,0.019,0
2026-07-06T10:29:10Z,3.591,17.8684,27.99,0.7378,0.0426,2.8341,2.6966,80.203,68.829926,6.7147,72.276,0.11605,69650.29960183318,0.019,0
2026-07-06T10:29:10Z,3.595,17.8706,27.99,0.8141,0.0426,2.8341,2.7269,79.223,68.003632,6.7678,72.208,0.11992,67516.72109287113,0.019,0
2026-07-06T10:29:10Z,3.6,17.8796,27.9,0.837,0.0852,2.8764,2.7873,77.207,66.289519,6.8119,71.944,0.12002,63204.77311202009,0.019,0
2026-07-06T10:29:10Z,3.605,17.8909,27.9,0.8103,0.0852,2.8764,2.742,73.685,63.286361,6.8425,71.53,0.1162,56088.23974583925,0.019,0
2026-07-06T10:29:10Z,3.61,17.8991,27.9,0.8103,0.0852,2.8764,2.7269,67.906,58.352961,6.8549,71.046,0.11617,45551.333888662906,0.02,0
2026-07-06T10:29:10Z,3.615,17.9039,27.9,0.7416,0.0852,2.8764,2.8175,58.228,50.087939,6.8477,70.577,0.1162,30856.558576045783,0.02,0
2026-07-06T10:29:10Z,3.62,17.9064,27.99,0.7225,0.0426,2.3265,2.6664,41.759,36.021876,6.8223,70.198,0.11587,13450.377128093987,0.02,0
2026-07-06T10:29:10Z,3.625,17.9063,27.99,0.7378,0.0426,2.3265,2.7571,13.806,12.146376,6.7831,69.97,0.11612,1103.6715059697574,0.02,0
2026-07-06T10:29:10Z,3.63,17.9024,27.99,0.7492,0.0426,2.3265,2.7873,-33.128,-27.935303,6.7378,69.9,0.11643,NA,0.02,0
2026-07-06T10:29:10Z,3.635,17.8942,27.99,0.8103,0.0426,2.3265,2.9232,-111.287,-94.658156,6.6944,69.937,0.11597,NA,0.02,0
2026-07-06T10:29:10Z,3.641,17.8802,28.08,0.8293,0.0426,2.3688,2.9837,-241.655,-205.908751,6.6604,70.005,0.1159,NA,0.02,0
2026-07-06T10:29:10Z,3.646,17.8572,28.08,0.795,0.0426,2.3688,3.029,-459.33,-391.613363,6.6419,70.04,0.11623,NA,0.02,0
2026-07-06T10:29:10Z,3.651,17.824,28.08,0.8065,0.0426,2.3688,3.0441,-595.341,-507.665959,6.6399,69.981,0.11605,NA,0.02,0
2026-07-06T10:29:10Z,3.656,17.7837,28.08,0.7874,0.0426,2.3688,2.7571,-458.947,-391.396611,6.6489,69.773,0.11587,NA,0.02,0
2026-07-06T10:29:10Z,3.66,17.7412,28.08,0.8217,0.0426,2.3688,2.7571,-240.932,-205.505266,6.6613,69.397,0.1159,NA,0.02,0
2026-07-06T10:29:10Z,3.665,17.7006,28.17,0.7988,0.0852,2.3688,2.7571,-110.215,-94.048167,6.6703,68.872,0.11607,NA,0.02,0
2026-07-06T10:29:10Z,3.67,17.6649,28.17,0.8179,0.0852,2.3688,2.6664,-31.661,-27.063928,6.6696,68.233,0.116,NA,0.019,0
2026-07-06T10:29:10Z,3.675,17.6361,28.17,0.7492,0.0852,2.3688,2.7873,15.811,13.421688,6.6537,67.514,0.11592,1371.9692876582503,0.019,0
2026-07-06T10:29:10Z,3.68,17.616,28.17,0.7454,0.0852,2.3688,2.8024,44.495,37.891501,6.6205,66.772,0.11585,15515.895630806832,0.019,0
2026-07-06T10:29:10Z,3.685,17.6043,28.17,0.7378,0.0852,2.3688,2.7269,61.722,52.593373,6.5719,66.069,0.11605,35554.26932961657,0.019,0
2026-07-06T10:29:10Z,3.69,17.5996,28.17,0.7492,0.0852,2.3688,2.6815,72.058,61.417868,6.5115,65.438,0.11605,52849.12661098767,0.019,0
2026-07-06T10:29:10Z,3.694,17.6005,28.17,0.8026,0.0852,2.3688,2.8024,78.294,66.742139,6.4427,64.889,0.11607,65391.66884070877,0.018,0
2026-07-06T10:29:10Z,3.699,17.6051,28.17,0.8065,0.0852,2.3688,2.7269,82.184,70.061835,6.3713,64.417,0.11607,74044.71546756949,0.018,0
2026-07-06T10:29:10Z,3.704,17.6112,28.35,0.8217,0.0852,2.2842,2.7118,84.691,72.196346,6.3035,64.006,0.11607,79946.99314061127,0.018,0
2026-07-06T10:29:10Z,3.708,17.6169,28.35,0.8065,0.0852,2.2842,2.7269,86.219,73.487337,6.2425,63.656,0.11602,83642.34503052762,0.018,0
2026-07-06T10:29:10Z,3.713,17.6207,28.35,0.7645,0.0852,2.2842,2.8175,87.147,74.257115,6.1896,63.364,0.11605,85892.4299309235,0.017,0
2026-07-06T10:29:10Z,3.717,17.6219,28.35,0.7492,0.0852,2.2842,2.7873,87.844,74.820735,6.1444,63.107,0.11592,87571.34481194997,0.017,0
2026-07-06T10:29:10Z,3.721,17.6197,28.44,0.7416,0.0426,2.2842,2.742,88.368,75.230687,6.1055,62.86,0.11628,88821.37420780887,0.016,0
2026-07-06T10:29:10Z,3.725,17.6129,28.44,0.753,0.0426,2.2842,2.6966,88.561,75.35477,6.0729,62.616,0.116,89234.62126939968,0.016,0
2026-07-06T10:29:10Z,3.729,17.6009,28.44,0.7416,0.0426,2.2842,2.7571,88.604,75.35181,6.0465,62.377,0.1161,89289.64250888376,0.016,0
2026-07-06T10:29:10Z,3.733,17.5839,28.44,0.7569,0.0426,2.2842,2.742,88.878,75.550351,6.0241,62.141,0.11605,89986.98138647128,0.016,0
2026-07-06T10:29:10Z,3.737,17.563,28.44,0.7416,0.0426,2.2842,2.8175,89.303,75.889575,6.0031,61.91,0.1161,91143.04109400396,0.016,0
2026-07-06T10:29:10Z,3.741,17.5402,28.35,0.7683,0.0426,2.4957,2.6815,89.676,76.198472,5.9827,61.696,0.11595,92225.47154630054,0.016,0
2026-07-06T10:29:10Z,3.745,17.5176,28.35,0.7492,0.0426,2.4957,2.4398,89.985,76.463601,5.9626,61.511,0.11595,93178.66160507708,0.016,0
2026-07-06T10:29:10Z,3.749,17.4985,28.35,0.7492,0.0426,2.4957,2.4701,90.108,76.570022,5.9424,61.372,0.11595,93619.48847495268,0.016,0
2026-07-06T10:29:10Z,3.753,17.4859,28.35,0.7645,0.0426,2.4957,2.4852,90.092,76.550101,5.9219,61.288,0.1159,93627.55780302032,0.016,0
2026-07-06T10:29:10Z,3.758,17.4815,28.26,0.7721,0.0852,2.7072,2.5154,90.307,76.715903,5.9019,61.253,0.11615,94174.62974187054,0.016,0
2026-07-06T10:29:10Z,3.762,17.4828,28.26,0.7492,0.0852,2.7072,2.7571,90.726,77.049766,5.8841,61.258,0.11605,95224.51649215694,0.016,0
2026-07-06T10:29:10Z,3.766,17.484,28.26,0.7378,0.0852,2.7072,2.8175,90.982,77.243489,5.8706,61.311,0.11592,95834.41053264501,0.016,0
2026-07-06T10:29:10Z,3.77,17.4803,28.26,0.7569,0.0852,2.7072,2.8024,91.125,77.342744,5.8631,61.413,0.11607,96172.68770529774,0.016,0
2026-07-06T10:29:10Z,3.775,17.4714,28.35,0.7492,0.0852,2.6226,2.7873,91.362,77.521716,5.8608,61.535,0.11605,96797.59655584037,0.016,0
2026-07-06T10:29:10Z,3.779,17.459,28.35,0.7225,0.0852,2.6226,2.5607,91.51,77.62252,5.8628,61.645,0.1159,97193.84415437074,0.016,0
2026-07-06T10:29:10Z,3.783,17.4459,28.35,0.7492,0.0852,2.6226,2.5456,91.561,77.644083,5.8694,61.728,0.11597,97339.7631884678,0.016,0
2026-07-06T10:29:10Z,3.787,17.4338,28.35,0.753,0.0852,2.6226,2.5305,91.692,77.739869,5.8807,61.764,0.1159,97719.78405210502,0.016,0
2026-07-06T10:29:10Z,3.791,17.4214,28.35,0.7378,0.0852,2.6226,2.5305,91.738,77.769737,5.894,61.74,0.11605,97889.19350031603,0.016,0
2026-07-06T10:29:10Z,3.795,17.4079,28.44,0.7492,0.0852,2.6226,2.5909,91.754,77.779589,5.9062,61.651,0.116,98000.48831437813,0.016,0
2026-07-06T10:29:10Z,3.799,17.396,28.44,0.7797,0.0852,2.6226,2.5909,91.977,77.965689,5.9155,61.494,0.1162,98675.10687050529,0.016,0
2026-07-06T10:29:10Z,3.803,17.3877,28.44,0.7492,0.0852,2.6226,2.5607,92.291,78.229942,5.9199,61.286,0.11592,99587.1300284661,0.015,0
2026-07-06T10:29:10Z,3.806,17.3829,28.44,0.7569,0.0852,2.6226,2.5305,92.55,78.449181,5.9182,61.058,0.11585,100335.41635775886,0.015,0
2026-07-06T10:29:10Z,3.81,17.3808,28.35,0.734,0.0852,2.3265,2.7571,92.872,78.723793,5.9099,60.832,0.11607,101253.9999548014,0.015,0
2026-07-06T10:29:10Z,3.814,17.3794,28.35,0.7569,0.0852,2.3265,2.7571,93.251,79.04715,5.8951,60.638,0.1159,102335.77436829467,0.015,0
2026-07-06T10:29:10Z,3.818,17.378,28.35,0.734,0.0852,2.3265,2.6513,93.401,79.176079,5.8753,60.524,0.11607,102774.2958893007,0.015,0
2026-07-06T10:29:10Z,3.822,17.3778,28.35,0.7569,0.0852,2.3265,2.7118,93.261,79.059121,5.8534,60.522,0.11602,102385.48630170496,0.014,0
2026-07-06T10:29:10Z,3.825,17.3788,28.35,0.7416,0.0426,2.5803,2.4398,93.172,78.984502,5.8317,60.635,0.11595,102130.97605231288,0.014,0
2026-07-06T10:29:10Z,3.828,17.3799,28.35,0.734,0.0426,2.5803,2.5607,93.364,79.143934,5.813,60.849,0.1159,102655.27857101761,0.013,0
2026-07-06T10:29:10Z,3.832,17.381,28.35,0.7492,0.0426,2.5803,2.5607,93.578,79.314422,5.8018,61.163,0.11615,103218.2125781316,0.013,0
2026-07-06T10:29:10Z,3.835,17.3822,28.35,0.734,0.0426,2.5803,2.5607,93.628,79.341793,5.8016,61.568,0.11595,103302.40698635743,0.013,0
2026-07-06T10:29:10Z,3.838,17.3826,28.26,0.692,0.0852,2.5803,2.5003,93.792,79.460934,5.8123,62.029,0.1161,103699.3903260127,0.013,0
2026-07-06T10:29:10Z,3.841,17.3804,28.26,0.6424,0.0852,2.5803,2.4398,94.134,79.72557,5.8331,62.486,0.11605,104603.92191933635,0.013,0
2026-07-06T10:29:10Z,3.845,17.375,28.26,0.6882,0.0852,2.5803,2.5003,94.328,79.86089,5.8639,62.906,0.11605,105095.36761818278,0.014,0
2026-07-06T10:29:10Z,3.848,17.3669,28.26,0.6806,0.0852,2.5803,2.4852,94.279,79.787192,5.9037,63.277,0.11617,104897.14469615264,0.014,0
2026-07-06T10:29:10Z,3.852,17.3564,28.26,0.6729,0.0852,2.5803,2.7722,94.177,79.668498,5.9492,63.558,0.116,104562.2059243124,0.015,0
2026-07-06T10:29:10Z,3.856,17.3431,28.44,0.6806,0.0852,2.5803,2.742,94.273,79.718711,5.9947,63.693,0.11602,104815.64252424073,0.015,0
2026-07-06T10:29:10Z,3.86,17.3273,28.44,0.6729,0.0852,2.5803,2.7873,94.615,79.979164,6.0369,63.656,0.11595,105799.38935073173,0.016,0
2026-07-06T10:29:10Z,3.864,17.3104,28.44,0.6806,0.0852,2.5803,2.7571,94.919,80.20787,6.0747,63.464,0.11607,106687.93650655742,0.017,0
2026-07-06T10:29:10Z,3.869,17.2933,28.44,0.7492,0.0852,2.5803,2.8175,95.051,80.292128,6.1037,63.16,0.11605,107086.72036982748,0.018,0
2026-07-06T10:29:10Z,3.873,17.2769,28.44,0.7454,0.0426,2.7495,2.7873,95.183,80.374198,6.1188,62.796,0.116,107474.67304422999,0.018,0
2026-07-06T10:29:10Z,3.878,17.2615,28.44,0.7302,0.0426,2.7495,2.6815,95.325,80.459989,6.1172,62.422,0.11605,107870.11593275107,0.019,0
2026-07-06T10:29:10Z,3.883,17.2467,28.44,0.7492,0.0426,2.7495,2.6966,95.37,80.45658,6.1005,62.104,0.1159,107954.61083042002,0.02,0
2026-07-06T10:29:10Z,3.888,17.2324,28.44,0.7721,0.0426,2.7495,2.7722,95.483,80.504813,6.0732,61.89,0.1161,108214.45189686787,0.02,0
2026-07-06T10:29:10Z,3.894,17.2171,28.44,0.7569,0.0426,2.6649,2.8024,95.72,80.651483,6.04,61.789,0.11605,108822.80384855926,0.02,0
2026-07-06T10:29:10Z,3.899,17.1989,28.44,0.7569,0.0426,2.6649,2.7269,95.908,80.754019,6.0063,61.798,0.11612,109299.07496858333,0.02,0
2026-07-06T10:29:10Z,3.904,17.1774,28.44,0.7759,0.0426,2.6649,2.7873,96.151,80.907646,5.9784,61.917,0.11595,109977.50479236672,0.02,0
2026-07-06T10:29:10Z,3.909,17.1525,28.44,0.7492,0.0426,2.6649,2.9232,96.465,81.129368,5.961,62.155,0.1161,110921.33548027539,0.019,0
2026-07-06T10:29:10Z,3.914,17.1249,28.26,0.734,0.0852,2.538,2.9232,96.627,81.236726,5.9547,62.531,0.11595,111485.16035748502,0.018,0
2026-07-06T10:29:10Z,3.918,17.0962,28.26,0.7378,0.0852,2.538,2.9837,96.715,81.296286,5.9591,63.053,0.11605,111889.536555674,0.018,0
2026-07-06T10:29:10Z,3.923,17.0694,28.26,0.7454,0.0852,2.538,3.0743,96.797,81.359867,5.9739,63.713,0.11605,112296.70910280649,0.017,0
2026-07-06T10:29:10Z,3.927,17.0474,28.26,0.7569,0.0852,2.538,2.742,96.759,81.326623,5.9997,64.497,0.11607,112328.05895933075,0.017,0
2026-07-06T10:29:10Z,3.931,17.0324,28.26,0.7759,0.0852,2.538,2.7873,96.807,81.367382,6.0378,65.375,0.11597,112575.13567658934,0.016,0
2026-07-06T10:29:10Z,3.935,17.0248,28.26,0.7225,0.0426,2.7495,2.742,97.084,81.600826,6.0892,66.281,0.11605,113460.4127444782,0.016,0
2026-07-06T10:29:10Z,3.939,17.0222,28.26,0.753,0.0426,2.7495,2.7269,97.26,81.751781,6.1532,67.146,0.11612,114019.33740856881,0.016,0
2026-07-06T10:29:10Z,3.943,17.0214,28.26,0.692,0.0426,2.7495,2.7118,97.231,81.734715,6.2291,67.903,0.11607,113963.60734196471,0.015,0
2026-07-06T10:29:10Z,3.947,17.0214,28.26,0.692,0.0426,2.7495,2.7118,97.28,81.784676,6.3139,68.478,0.11592,114142.97946520214,0.015,0
2026-07-06T10:29:10Z,3.951,17.0218,28.17,0.7073,0.0852,2.3688,2.8477,97.447,81.932962,6.4013,68.804,0.11602,114673.60918369153,0.015,0
2026-07-06T10:29:10Z,3.954,17.0233,28.17,0.6882,0.0852,2.3688,2.8175,97.636,82.095328,6.4846,68.853,0.116,115248.93848752984,0.015,0
2026-07-06T10:29:10Z,3.958,17.027,28.17,0.7263,0.0852,2.3688,2.7571,97.833,82.263157,6.5573,68.623,0.1161,115830.36841206199,0.015,0
2026-07-06T10:29:10Z,3.962,17.0317,28.17,0.7492,0.0852,2.3688,2.8175,98.018,82.419307,6.6121,68.137,0.11595,116364.00194749369,0.016,0
2026-07-06T10:29:10Z,3.966,17.0353,27.99,0.7492,0.0852,2.2842,2.6966,98.247,82.609412,6.6431,67.445,0.11615,117030.58323091295,0.016,0
2026-07-06T10:29:10Z,3.971,17.0374,27.99,0.7416,0.0852,2.2842,2.6664,98.428,82.75238,6.6475,66.624,0.1159,117537.67405311433,0.017,0
2026-07-06T10:29:10Z,3.975,17.0384,27.99,0.7454,0.0852,2.2842,2.7571,98.404,82.712619,6.6252,65.775,0.11605,117385.25668036149,0.018,0
2026-07-06T10:29:10Z,3.979,17.0387,27.99,0.7454,0.0852,2.2842,2.7571,98.347,82.633275,6.5782,64.987,0.11595,117093.50908561597,0.018,0
2026-07-06T10:29:10Z,3.984,17.0376,27.99,0.795,0.0852,2.2842,2.7118,98.406,82.642947,6.5115,64.308,0.11612,117136.589408991,0.019,0
2026-07-06T10:29:10Z,3.989,17.0329,27.63,0.7721,0.0852,2.2419,2.6966,98.507,82.686308,6.4328,63.755,0.1159,117328.23000027696,0.019,0
2026-07-06T10:29:10Z,3.994,17.0228,27.63,0.7073,0.0852,2.2419,2.4852,98.625,82.74896,6.3521,63.33,0.11607,117629.11509198352,0.019,0
2026-07-06T10:29:10Z,3.999,17.0068,27.63,0.692,0.0852,2.2419,2.5607,98.785,82.851605,6.2781,63.033,0.11605,118119.48048194226,0.019,0
2026-07-06T10:29:10Z,4.004,16.9867,27.63,0.6806,0.0852,2.2419,2.5003,99.019,83.021612,6.2152,62.849,0.11607,118889.09288004272,0.019,0
2026-07-06T10:29:10Z,4.009,16.9658,27.81,0.6996,0.0852,2.1996000000000002,2.5456,99.253,83.196487,6.1644,62.75,0.11615,119686.33840086061,0.019,0
2026-07-06T10:29:10Z,4.014,16.9471,27.81,0.6233,0.0852,2.1996000000000002,2.3039,99.335,83.249144,6.1257,62.733,0.11612,120017.46037566138,0.019,0
2026-07-06T10:29:10Z,4.018,16.9313,27.81,0.6233,0.0852,2.1996000000000002,2.3039,99.443,83.325409,6.0991,62.799,0.11612,120416.05917889392,0.018,0
2026-07-06T10:29:10Z,4.023,16.9181,27.81,0.6119,0.0852,2.1996000000000002,2.3039,99.757,83.57541,6.0829,62.934,0.116,121445.56810061695,0.018,0
2026-07-06T10:29:10Z,4.028,16.9075,27.9,0.6462,0.0852,2.1996000000000002,2.2435,100.038,83.796247,6.0747,63.13,0.11605,122352.13184903334,0.017,0
2026-07-06T10:29:10Z,4.032,16.8992,27.9,0.6081,0.0852,2.1996000000000002,2.5607,100.113,83.84713,6.0741,63.384,0.11605,122605.2581811363,0.016,0
2026-07-06T10:29:10Z,4.036,16.8922,27.9,0.6272,0.0852,2.1996000000000002,2.4701,100.167,83.881407,6.0814,63.668,0.11628,122786.51382535213,0.016,0
2026-07-06T10:29:10Z,4.04,16.8854,27.9,0.631,0.0852,2.1996000000000002,2.5909,100.268,83.952148,6.0954,63.932,0.11617,123104.11244011443,0.015,0
2026-07-06T10:29:10Z,4.044,16.8784,28.26,0.6157,0.0426,2.0304,2.5909,100.31,83.970387,6.1153,64.147,0.11597,123225.35667397312,0.015,0
2026-07-06T10:29:10Z,4.047,16.8722,28.26,0.7454,0.0426,2.0304,2.7118,100.371,84.000894,6.1407,64.297,0.11595,123387.10824664052,0.015,0
2026-07-06T10:29:10Z,4.051,16.8667,28.26,0.7607,0.0426,2.0304,2.7873,100.577,84.151648,6.1689,64.373,0.11605,123999.46176604321,0.015,0
2026-07-06T10:29:10Z,4.055,16.8599,28.26,0.7683,0.0426,2.0304,2.7571,100.856,84.363002,6.1953,64.397,0.11595,124854.47099814046,0.015,0
2026-07-06T10:29:10Z,4.059,16.8513,28.26,0.7607,0.0426,2.0304,2.7118,101.028,84.487634,6.2172,64.402,0.1161,125395.45599459957,0.015,0
2026-07-06T10:29:10Z,4.063,16.8414,28.26,0.692,0.0426,2.1573,2.5607,101.071,84.506865,6.233,64.421,0.116,125544.48039559634,0.015,0
2026-07-06T10:29:10Z,4.067,16.8304,28.26,0.6691,0.0426,2.1573,2.6211,101.124,84.53565,6.2419,64.472,0.11597,125738.67213493104,0.016,0
2026-07-06T10:29:10Z,4.071,16.8195,28.26,0.692,0.0426,2.1573,2.4096,101.257,84.627592,6.2456,64.531,0.11595,126174.69282855699,0.016,0
2026-07-06T10:29:10Z,4.075,16.8099,28.26,0.6996,0.0426,2.1573,2.5003,101.316,84.659436,6.2474,64.555,0.11612,126370.73613634006,0.016,0
2026-07-06T10:29:10Z,4.079,16.8018,28.26,0.6729,0.0426,2.1996000000000002,2.9837,101.289,84.627693,6.2503,64.517,0.116,126310.98396470971,0.016,0
2026-07-06T10:29:10Z,4.083,16.7939,28.26,0.6767,0.0426,2.1996000000000002,3.0894,101.375,84.697627,6.2562,64.405,0.11595,126640.77510375925,0.016,0
2026-07-06T10:29:10Z,4.087,16.7847,28.26,0.6767,0.0426,2.1996000000000002,2.9081,101.526,84.825984,6.2632,64.221,0.11592,127206.73753588801,0.016,0
2026-07-06T10:29:10Z,4.091,16.7761,28.26,0.6767,0.0426,2.1996000000000002,3.029,101.594,84.887242,6.2666,63.979,0.11612,127510.13650819974,0.016,0
2026-07-06T10:29:10Z,4.095,16.7714,28.08,0.753,0.0426,2.2842,2.7571,101.644,84.935679,6.2635,63.696,0.11605,127734.1069216149,0.015,0
2026-07-06T10:29:10Z,4.099,16.7704,28.08,0.7225,0.0426,2.2842,2.7269,101.772,85.05011,6.2529,63.39,0.1159,128185.52088616947,0.015,0
2026-07-06T10:29:10Z,4.103,16.7713,28.08,0.7492,0.0426,2.2842,2.6664,101.879,85.145228,6.2349,63.086,0.11628,128547.96180103296,0.015,0
2026-07-06T10:29:10Z,4.106,16.7735,28.08,0.7569,0.0426,2.2842,2.7269,101.9,85.166516,6.2111,62.803,0.11605,128613.51415479487,0.015,0
2026-07-06T10:29:10Z,4.11,16.7769,28.08,0.7492,0.0426,2.2842,2.5003,102.001,85.249457,6.1832,62.536,0.11607,128909.61480346826,0.015,0
2026-07-06T10:29:10Z,4.114,16.7807,27.99,0.7225,0.0426,1.9458,2.5003,102.171,85.382217,6.153,62.276,0.11597,129397.27338806602,0.015,0
2026-07-06T10:29:10Z,4.118,16.7836,27.99,0.7645,0.0426,1.9458,2.4398,102.24,85.42047,6.1231,62.035,0.11602,129523.74724538985,0.015,0
2026-07-06T10:29:10Z,4.122,16.7852,27.99,0.7302,0.0426,1.9458,2.5003,102.288,85.432332,6.0954,61.828,0.11595,129557.45154786867,0.015,0
2026-07-06T10:29:10Z,4.125,16.7844,27.99,0.734,0.0426,1.9458,2.7873,102.4,85.490862,6.0695,61.651,0.116,129792.46276035672,0.016,0
2026-07-06T10:29:10Z,4.129,16.7799,27.9,0.7492,0.0852,2.0304,2.6362,102.51,85.545764,6.0449,61.494,0.11602,130042.82931608237,0.016,0
2026-07-06T10:29:10Z,4.134,16.7707,27.9,0.7721,0.0852,2.0304,2.7571,102.636,85.617668,6.0227,61.338,0.11612,130397.50438407202,0.017,0
2026-07-06T10:29:10Z,4.138,16.757,27.9,0.7149,0.0852,2.0304,2.7571,102.793,85.72375,6.0043,61.17,0.116,130923.14267023858,0.018,0
2026-07-06T10:29:10Z,4.143,16.7397,27.9,0.6958,0.0852,2.0304,2.7571,102.862,85.764488,5.9893,60.987,0.11615,131221.62337159982,0.019,0
2026-07-06T10:29:10Z,4.148,16.7216,27.9,0.6958,0.0426,2.2419,2.7873,102.814,85.714798,5.9762,60.793,0.11612,131170.4913720761,0.019,0
2026-07-06T10:29:10Z,4.153,16.7056,27.9,0.6577,0.0426,2.2419,2.7722,102.848,85.739162,5.9631,60.59,0.11602,131394.5912366801,0.02,0
2026-07-06T10:29:10Z,4.158,16.6932,27.9,0.6729,0.0426,2.2419,2.7571,103.037,85.894002,5.9483,60.403,0.11595,132106.3886871948,0.02,0
2026-07-06T10:29:10Z,4.163,16.685,27.9,0.7378,0.0426,2.2419,2.8326,103.264,86.080817,5.9316,60.277,0.11602,132914.07074686678,0.02,0
2026-07-06T10:29:10Z,4.168,16.6806,27.81,0.753,0.0852,2.3265,2.7571,103.481,86.259562,5.9132,60.255,0.11605,133661.90128077968,0.02,0
2026-07-06T10:29:10Z,4.173,16.6785,27.81,0.7187,0.0852,2.3265,2.6664,103.6,86.356079,5.8938,60.356,0.11605,134064.5898612564,0.02,0
2026-07-06T10:29:10Z,4.179,16.6771,27.81,0.7607,0.0852,2.3265,2.8326,103.581,86.334198,5.8757,60.561,0.11597,133988.55868738482,0.019,0
2026-07-06T10:29:10Z,4.184,16.6759,27.81,0.6767,0.0852,2.3265,2.7873,103.588,86.327879,5.8637,60.812,0.11587,133973.10700273982,0.019,0
2026-07-06T10:29:10Z,4.188,16.6749,27.81,0.6767,0.0852,2.3265,2.6664,103.696,86.399343,5.8617,61.052,0.11615,134267.12031091415,0.019,0
2026-07-06T10:29:10Z,4.193,16.6737,28.17,0.6729,0.0852,2.0727,2.8326,103.794,86.461799,5.8716,61.251,0.116,134527.0848705823,0.019,0
2026-07-06T10:29:10Z,4.198,16.6708,28.17,0.7073,0.0852,2.0727,2.7873,103.889,86.525913,5.8919,61.4,0.11605,134808.00526589077,0.018,0
2026-07-06T10:29:10Z,4.203,16.6648,28.17,0.692,0.0852,2.0727,2.7571,104.035,86.63674,5.917,61.497,0.116,135302.69272861906,0.018,0
2026-07-06T10:29:10Z,4.207,16.6558,28.17,0.7073,0.0852,2.0727,2.7269,104.195,86.75793,5.9414,61.561,0.11592,135865.29291133114,0.018,0
2026-07-06T10:29:10Z,4.212,16.6466,28.44,0.6882,0.0852,2.1996000000000002,2.7722,104.319,86.843913,5.962,61.628,0.11607,136288.8776366185,0.017,0
2026-07-06T10:29:10Z,4.216,16.6396,28.44,0.6958,0.0852,2.1996000000000002,2.7269,104.358,86.849715,5.9774,61.74,0.11595,136370.5845737251,0.017,0
2026-07-06T10:29:10Z,4.22,16.6341,28.44,0.6844,0.0852,2.1996000000000002,2.6966,104.396,86.842787,5.9875,61.923,0.11612,136388.3504270145,0.016,0
2026-07-06T10:29:10Z,4.224,16.6284,28.44,0.6653,0.0852,2.1996000000000002,2.8326,104.518,86.899169,5.9945,62.151,0.11602,136664.09070891462,0.016,0
2026-07-06T10:29:10Z,4.229,16.6203,28.44,0.7149,0.0426,2.0727,2.7722,104.631,86.950012,6.0021,62.366,0.11617,136937.84728389845,0.016,0
2026-07-06T10:29:10Z,4.233,16.6077,28.44,0.6958,0.0426,2.0727,2.6966,104.696,86.968932,6.0146,62.517,0.1159,137120.08133626406,0.016,0
2026-07-06T10:29:10Z,4.237,16.5893,28.44,0.6767,0.0426,2.0727,2.7269,104.792,87.022884,6.0347,62.571,0.11602,137493.7501090388,0.016,0
2026-07-06T10:29:10Z,4.241,16.5674,28.44,0.631,0.0426,2.0727,2.7571,104.934,87.120262,6.0598,62.508,0.11597,138075.06393221728,0.016,0
2026-07-06T10:29:10Z,4.245,16.5469,28.44,0.6348,0.0426,2.1573,2.7722,105.024,87.177189,6.0834,62.326,0.116,138481.02580296108,0.016,0
2026-07-06T10:29:10Z,4.25,16.5304,28.44,0.631,0.0426,2.1573,2.7118,105.021,87.154925,6.1002,62.042,0.11597,138529.6550613441,0.016,0
2026-07-06T10:29:10Z,4.254,16.5179,28.44,0.631,0.0426,2.1573,2.6966,105.078,87.177344,6.107,61.686,0.11597,138727.49643306836,0.016,0
2026-07-06T10:29:10Z,4.258,16.5082,28.44,0.7035,0.0426,2.1573,2.5003,105.247,87.28637,6.1021,61.299,0.11612,139257.472005042,0.016,0
2026-07-06T10:29:10Z,4.262,16.4995,28.44,0.6996,0.0426,2.1573,2.4247,105.366,87.345311,6.0854,60.928,0.1159,139574.1191014494,0.015,0
2026-07-06T10:29:10Z,4.266,16.4902,28.35,0.692,0.0426,2.0304,2.4096,105.454,87.371885,6.0589,60.614,0.1159,139763.06178415605,0.015,0
2026-07-06T10:29:10Z,4.269,16.4786,28.35,0.6996,0.0426,2.0304,2.4549,105.558,87.407127,6.0256,60.361,0.116,140007.7123914596,0.014,0
2026-07-06T10:29:10Z,4.273,16.4635,28.35,0.6806,0.0426,2.0304,2.4701,105.616,87.406508,5.9896,60.155,0.1159,140134.66213751203,0.013,0
2026-07-06T10:29:10Z,4.276,16.4446,28.35,0.6729,0.0426,2.0304,2.5154,105.743,87.469719,5.9558,59.979,0.11597,140558.49333176904,0.013,0
2026-07-06T10:29:10Z,4.279,16.4227,28.26,0.692,0.0426,2.2842,2.5456,105.96,87.61761,5.9278,59.815,0.11595,141361.08844914913,0.012,0
2026-07-06T10:29:10Z,4.282,16.3987,28.26,0.692,0.0426,2.2842,2.4096,106.073,87.691893,5.9061,59.664,0.116,141878.6143796888,0.012,0
2026-07-06T10:29:10Z,4.285,16.3754,28.26,0.6005,0.0426,2.2842,2.3794,106.024,87.644474,5.8888,59.546,0.11605,141883.63392241957,0.011,0
2026-07-06T10:29:10Z,4.288,16.3558,28.26,0.6386,0.0426,2.2842,2.2132,105.999,87.628475,5.874,59.477,0.116,141987.53803844718,0.012,0
2026-07-06T10:29:10Z,4.291,16.341,28.35,0.6233,0.0426,2.1996000000000002,2.2283,106.101,87.725506,5.8597,59.475,0.11607,142522.32039404116,0.013,0
2026-07-06T10:29:10Z,4.294,16.3319,28.35,0.5928,0.0426,2.1996000000000002,2.183,106.185,87.813653,5.8461,59.558,0.11595,142971.39268927806,0.014,0
2026-07-06T10:29:10Z,4.298,16.3286,28.35,0.6958,0.0426,2.1996000000000002,2.5003,106.205,87.852513,5.835,59.734,0.11605,143163.44898689134,0.015,0
2026-07-06T10:29:10Z,4.302,16.3307,28.35,0.6844,0.0426,2.1996000000000002,2.4398,106.23,87.894392,5.828,60.003,0.11605,143320.86078885206,0.016,0
2026-07-06T10:29:10Z,4.306,16.3367,28.35,0.6806,0.0426,2.1996000000000002,2.4701,106.228,87.908518,5.8271,60.339,0.11612,143327.41272907192,0.017,0
2026-07-06T10:29:10Z,4.311,16.3455,28.35,0.6806,0.0852,1.9035,2.4852,106.202,87.894665,5.8341,60.692,0.11605,143191.86918052105,0.017,0
2026-07-06T10:29:10Z,4.315,16.3559,28.35,0.6806,0.0852,1.9035,2.4398,106.235,87.921037,5.85,61.008,0.11607,143211.15408705882,0.018,0
2026-07-06T10:29:10Z,4.32,16.3659,28.35,0.692,0.0852,1.9035,2.5758,106.299,87.964711,5.8751,61.254,0.11602,143306.54693295958,0.018,0
2026-07-06T10:29:10Z,4.324,16.3733,28.35,0.6806,0.0852,1.9035,2.4701,106.308,87.955443,5.9071,61.427,0.116,143202.62579982946,0.017,0
2026-07-06T10:29:10Z,4.328,16.3771,28.53,0.6958,0.0426,1.9035,2.4701,106.332,87.952678,5.9412,61.537,0.116,143157.65404570004,0.017,0
2026-07-06T10:29:10Z,4.333,16.3766,28.53,0.6653,0.0426,1.9035,2.4701,106.482,88.047548,5.9722,61.594,0.11607,143560.21828365457,0.017,0
2026-07-06T10:29:10Z,4.337,16.3721,28.53,0.6653,0.0426,1.9035,2.4549,106.65,88.151507,5.9969,61.62,0.11607,144037.0757526601,0.017,0
2026-07-06T10:29:10Z,4.341,16.3644,28.53,0.6882,0.0426,1.9035,2.4701,106.667,88.124506,6.0148,61.647,0.11587,143991.4430806491,0.016,0
2026-07-06T10:29:10Z,4.346,16.3538,28.62,0.692,0.0426,2.0727,2.5003,106.621,88.043229,6.0268,61.7,0.11612,143743.00759074712,0.016,0
2026-07-06T10:29:10Z,4.35,16.3402,28.62,0.6157,0.0426,2.0727,2.4701,106.711,88.075739,6.0342,61.763,0.116,143999.93408017757,0.015,0
2026-07-06T10:29:10Z,4.353,16.3234,28.62,0.6233,0.0426,2.0727,2.5003,106.928,88.214726,6.0388,61.807,0.11595,144735.31200258186,0.014,0
2026-07-06T10:29:10Z,4.357,16.3043,28.62,0.6424,0.0426,2.0727,2.4852,107.093,88.315501,6.044,61.822,0.11592,145332.06010627316,0.014,0
2026-07-06T10:29:10Z,4.36,16.2842,28.53,0.631,0.0426,2.4534,2.5456,107.148,88.333034,6.0517,61.815,0.116,145586.06820171652,0.013,0
2026-07-06T10:29:10Z,4.363,16.2644,28.53,0.6958,0.0426,2.4534,2.4701,107.197,88.35389,6.0605,61.784,0.11605,145852.01397206032,0.012,0
2026-07-06T10:29:10Z,4.366,16.2456,28.53,0.6996,0.0426,2.4534,2.5003,107.289,88.417584,6.0672,61.711,0.116,146292.05577212188,0.011,0
2026-07-06T10:29:10Z,4.369,16.2291,28.53,0.6729,0.0426,2.4534,2.5607,107.405,88.509143,6.0707,61.597,0.11605,146831.61303286458,0.011,0
2026-07-06T10:29:10Z,4.372,16.2161,28.53,0.6996,0.0426,2.4534,2.5154,107.522,88.607047,6.0717,61.457,0.11607,147368.26568616135,0.01,0
2026-07-06T10:29:10Z,4.374,16.207,28.53,0.6806,0.0852,2.0304,2.7722,107.606,88.681479,6.0698,61.313,0.11605,147770.16038420715,0.009,0
2026-07-06T10:29:10Z,4.376,16.2015,28.53,0.6653,0.0852,2.0304,2.7118,107.641,88.718334,6.0634,61.183,0.11607,147978.52374756348,0.009,0
2026-07-06T10:29:10Z,4.378,16.1994,28.53,0.6806,0.0852,2.0304,2.6664,107.629,88.717454,6.0524,61.065,0.11592,147993.8657275739,0.008,0
2026-07-06T10:29:10Z,4.381,16.2002,28.53,0.6729,0.0852,2.0304,2.7873,107.624,88.722544,6.0385,60.949,0.11602,148008.45764668152,0.008,0
2026-07-06T10:29:10Z,4.383,16.2028,28.44,0.692,0.0426,2.1996000000000002,2.4701,107.683,88.778904,6.0241,60.834,0.11605,148227.1226568921,0.008,0
2026-07-06T10:29:10Z,4.384,16.2065,28.44,0.6996,0.0426,2.1996000000000002,2.4549,107.778,88.861617,6.0108,60.724,0.116,148549.39823554855,0.008,0
2026-07-06T10:29:10Z,4.386,16.2107,28.44,0.6958,0.0426,2.1996000000000002,2.5003,107.835,88.908852,5.9987,60.621,0.11605,148714.5073079525,0.008,0
2026-07-06T10:29:10Z,4.388,16.2149,28.44,0.6996,0.0426,2.1996000000000002,2.5305,107.806,88.881276,5.9868,60.53,0.11615,148557.28901525,0.009,0
2026-07-06T10:29:10Z,4.39,16.2183,28.71,0.7035,0.0426,2.2419,2.5909,107.772,88.845435,5.9751,60.452,0.11612,148371.94032609242,0.009,0
2026-07-06T10:29:10Z,4.393,16.2203,28.71,0.6844,0.0426,2.2419,2.4852,107.765,88.82772,5.964,60.388,0.116,148277.47725382083,0.01,0
2026-07-06T10:29:10Z,4.395,16.2205,28.71,0.6653,0.0426,2.2419,2.4852,107.69,88.755499,5.9539,60.36,0.116,147965.22080930212,0.012,0
2026-07-06T10:29:10Z,4.398,16.2188,28.71,0.6996,0.0426,2.2419,2.3945,107.628,88.705382,5.9452,60.385,0.11612,147765.48708727647,0.013,0
2026-07-06T10:29:10Z,4.402,16.2152,28.71,0.6882,0.0852,2.4111,2.6211,107.637,88.735905,5.9379,60.453,0.1159,147929.2925370232,0.015,0
2026-07-06T10:29:10Z,4.406,16.2098,28.71,0.7073,0.0852,2.4111,2.5305,107.572,88.725386,5.9324,60.553,0.11625,147933.25340707644,0.016,0
2026-07-06T10:29:10Z,4.411,16.2046,28.71,0.6882,0.0852,2.4111,2.5909,107.44,88.667028,5.9302,60.677,0.11605,147729.92985255737,0.018,0
2026-07-06T10:29:10Z,4.415,16.2051,28.71,0.692,0.0852,2.4111,2.5305,107.37,88.659119,5.9326,60.788,0.11597,147691.43329594127,0.019,0
2026-07-06T10:29:10Z,4.42,16.216,28.71,0.6729,0.0852,2.4111,3.0441,107.382,88.711535,5.9379,60.839,0.11612,147817.3542669801,0.02,0
2026-07-06T10:29:10Z,4.426,16.236,28.71,0.6844,0.0426,2.4111,2.9837,107.406,88.764357,5.9452,60.796,0.11592,147862.22597345163,0.022,0
2026-07-06T10:29:10Z,4.432,16.2598,28.71,0.6806,0.0426,2.4111,3.0441,107.421,88.797716,5.9544,60.639,0.11607,147789.00585511432,0.023,0
2026-07-06T10:29:10Z,4.438,16.2828,28.71,0.6348,0.0426,2.4111,3.0139,107.541,88.902398,5.9624,60.371,0.11595,148028.91449151104,0.023,0
2026-07-06T10:29:10Z,4.444,16.3027,28.71,0.7378,0.0426,2.4111,2.7118,107.782,89.090343,5.9649,60.008,0.11592,148654.70514848552,0.024,0
2026-07-06T10:29:10Z,4.45,16.3183,28.71,0.7492,0.0852,2.1996000000000002,2.7269,108.011,89.255875,5.9587,59.576,0.11585,149224.34766933022,0.024,0
2026-07-06T10:29:10Z,4.456,16.3281,28.71,0.7492,0.0852,2.1996000000000002,2.7722,108.127,89.319301,5.9421,59.114,0.116,149407.76942320843,0.024,0
2026-07-06T10:29:10Z,4.462,16.3303,28.71,0.753,0.0852,2.1996000000000002,2.6966,108.119,89.275559,5.9155,58.652,0.116,149199.154102327,0.024,0
2026-07-06T10:29:10Z,4.468,16.3251,28.71,0.7492,0.0852,2.1996000000000002,2.6966,108.104,89.220841,5.8806,58.206,0.1159,149011.2251127341,0.024,0
2026-07-06T10:29:10Z,4.474,16.314,28.8,0.753,0.0852,2.2419,2.7118,108.189,89.242422,5.8396,57.788,0.116,149205.80047028727,0.024,0
2026-07-06T10:29:10Z,4.48,16.2992,28.8,0.7492,0.0852,2.2419,2.7722,108.301,89.284135,5.7961,57.407,0.116,149521.45048239958,0.024,0
2026-07-06T10:29:10Z,4.487,16.2821,28.8,0.7645,0.0852,2.2419,2.6966,108.328,89.259229,5.7529,57.083,0.116,149571.09358149496,0.024,0
2026-07-06T10:29:10Z,4.493,16.2626,28.8,0.6767,0.0852,2.2419,2.893,108.321,89.208999,5.7115,56.823,0.11595,149533.44542887868,0.023,0
2026-07-06T10:29:10Z,4.499,16.2401,28.8,0.6806,0.0852,2.2419,2.7269,108.369,89.203939,5.6731,56.609,0.11597,149718.5968150084,0.023,0
2026-07-06T10:29:10Z,4.505,16.2168,28.8,0.6882,0.0852,2.1573,2.8024,108.497,89.262672,5.6385,56.418,0.11585,150187.8539056942,0.022,0
2026-07-06T10:29:10Z,4.51,16.1949,28.8,0.6996,0.0852,2.1573,2.7269,108.655,89.346929,5.6092,56.243,0.116,150756.4762724115,0.022,0
2026-07-06T10:29:10Z,4.516,16.1744,28.8,0.6844,0.0852,2.1573,2.742,108.77,89.399281,5.5862,56.087,0.11595,151174.88329425736,0.021,0
2026-07-06T10:29:10Z,4.521,16.1536,28.8,0.6844,0.0852,2.1573,2.6966,108.874,89.449666,5.5676,55.959,0.1159,151588.60285560094,0.021,0
2026-07-06T10:29:10Z,4.526,16.1321,28.62,0.65,0.0426,2.115,2.6966,109.017,89.537486,5.5514,55.874,0.1159,152173.8610356787,0.021,0
2026-07-06T10:29:10Z,4.531,16.111,28.62,0.6882,0.0426,2.115,2.7571,109.134,89.606262,5.5367,55.867,0.11602,152673.68899414744,0.022,0
2026-07-06T10:29:10Z,4.537,16.0919,28.62,0.7569,0.0426,2.115,2.7571,109.167,89.606423,5.5236,55.992,0.11607,152854.30475652084,0.022,0
2026-07-06T10:29:10Z,4.543,16.0758,28.62,0.7454,0.0426,2.115,2.7571,109.201,89.605922,5.5128,56.286,0.11597,153003.96177862617,0.023,0
2026-07-06T10:29:10Z,4.549,16.062,28.44,0.734,0.0426,1.9881,2.742,109.329,89.680524,5.5061,56.746,0.116,153463.05133930407,0.023,0
2026-07-06T10:29:10Z,4.555,16.0494,28.44,0.7378,0.0426,1.9881,2.6513,109.504,89.7922,5.5069,57.338,0.116,154075.77224904057,0.023,0
2026-07-06T10:29:10Z,4.561,16.0372,28.44,0.7416,0.0426,1.9881,2.6513,109.668,89.896824,5.5206,58.016,0.11607,154655.27206863227,0.023,0
2026-07-06T10:29:10Z,4.567,16.0244,28.44,0.753,0.0426,1.9881,2.6966,109.795,89.976353,5.5512,58.723,0.11605,155130.66482599042,0.023,0
2026-07-06T10:29:10Z,4.573,16.0103,28.53,0.734,0.0426,2.1996000000000002,2.6664,109.871,90.018039,5.5982,59.396,0.11612,155451.2580605139,0.022,0
2026-07-06T10:29:10Z,4.578,15.9957,28.53,0.7569,0.0426,2.1996000000000002,2.7571,109.941,90.056965,5.6583,59.971,0.11617,155764.97258903558,0.022,0
2026-07-06T10:29:10Z,4.584,15.9823,28.53,0.7378,0.0426,2.1996000000000002,2.8024,110.013,90.09752,5.7268,60.392,0.11612,156074.98315437188,0.022,0
2026-07-06T10:29:10Z,4.589,15.971,28.53,0.7607,0.0426,2.1996000000000002,2.7571,110.077,90.130543,5.798,60.64,0.1159,156331.59291306764,0.022,0
2026-07-06T10:29:10Z,4.595,15.9615,28.53,0.7378,0.0426,2.1996000000000002,2.8175,110.144,90.162843,5.8657,60.732,0.11615,156567.93486158678,0.022,0
2026-07-06T10:29:10Z,4.6,15.9531,28.62,0.753,0.0426,2.0304,2.8326,110.153,90.143108,5.9235,60.712,0.116,156560.90837061565,0.022,0
2026-07-06T10:29:10Z,4.606,15.9448,28.62,0.8141,0.0426,2.0304,2.9837,110.131,90.092042,5.9662,60.624,0.11605,156412.67637964152,0.023,0
2026-07-06T10:29:10Z,4.611,15.9359,28.62,0.8141,0.0426,2.0304,3.0139,110.189,90.103885,5.9917,60.502,0.11605,156551.81082899813,0.023,0
2026-07-06T10:29:10Z,4.617,15.9258,28.62,0.8217,0.0426,2.0304,2.9988,110.28,90.149837,6.0021,60.373,0.116,156855.6188033934,0.024,0
2026-07-06T10:29:10Z,4.624,15.9134,28.62,0.8141,0.0426,3.1302,3.0139,110.328,90.172239,6.0017,60.274,0.116,157076.54415350055,0.024,0
2026-07-06T10:29:10Z,4.63,15.8983,28.62,0.7454,0.0426,3.1302,2.9837,110.386,90.207027,5.995,60.223,0.1159,157379.75664991027,0.025,0
2026-07-06T10:29:10Z,4.637,15.8823,28.62,0.7492,0.0426,3.1302,3.0139,110.499,90.281456,5.9849,60.193,0.11605,157870.9195892764,0.025,0
2026-07-06T10:29:10Z,4.643,15.8694,28.62,0.7683,0.0426,3.1302,2.9384,110.618,90.351454,5.9737,60.156,0.11595,158312.9809056035,0.025,0
2026-07-06T10:29:10Z,4.649,15.8616,28.62,0.7454,0.0852,2.0304,3.0592,110.682,90.365777,5.965,60.117,0.11595,158454.18847071566,0.026,0
2026-07-06T10:29:10Z,4.656,15.8559,28.62,0.7416,0.0852,2.0304,2.8024,110.742,90.366192,5.9607,60.089,0.1161,158512.0091904934,0.026,0
2026-07-06T10:29:10Z,4.662,15.8479,28.62,0.7149,0.0852,2.0304,2.7118,110.876,90.420722,5.9587,60.089,0.116,158837.3487210363,0.026,0
2026-07-06T10:29:10Z,4.669,15.8356,28.62,0.7645,0.0852,2.0304,2.8779,111.022,90.487976,5.9566,60.137,0.1161,159263.34535952137,0.026,0
2026-07-06T10:29:10Z,4.676,15.8185,28.62,0.7378,0.0852,2.0304,2.7118,111.092,90.505988,5.9548,60.264,0.11615,159514.00789972232,0.026,0
2026-07-06T10:29:10Z,4.683,15.7966,28.98,0.7569,0.0426,2.4957,2.742,111.135,90.515513,5.9549,60.502,0.11605,159774.03583290518,0.026,0
2026-07-06T10:29:10Z,4.69,15.7718,28.98,0.7263,0.0426,2.4957,2.6664,111.21,90.563033,5.9581,60.863,0.116,160236.57917582817,0.026,0
2026-07-06T10:29:10Z,4.696,15.7487,28.98,0.7187,0.0426,2.4957,2.7873,111.213,90.563344,5.9658,61.326,0.11612,160467.80465508078,0.026,0
2026-07-06T10:29:10Z,4.703,15.731,28.98,0.7378,0.0426,2.4957,2.742,111.149,90.526512,5.9806,61.866,0.1159,160475.82344154417,0.026,0
2026-07-06T10:29:10Z,4.709,15.7196,28.71,0.6882,0.0852,2.1996000000000002,2.9988,111.158,90.568558,6.0057,62.459,0.11633,160781.76003751217,0.026,0
2026-07-06T10:29:10Z,4.716,15.7134,28.71,0.6996,0.0852,2.1996000000000002,2.9535,111.194,90.634783,6.0422,63.079,0.11595,161147.00025656077,0.025,0
2026-07-06T10:29:10Z,4.722,15.7125,28.71,0.6844,0.0852,2.1996000000000002,2.9081,111.264,90.700905,6.0882,63.729,0.11607,161459.2373326009,0.025,0
2026-07-06T10:29:10Z,4.729,15.7192,28.71,0.692,0.0852,2.1996000000000002,2.9384,111.483,90.856468,6.141,64.44,0.11595,162106.56798582684,0.025,0
2026-07-06T10:29:10Z,4.735,15.735,28.71,0.7302,0.0852,2.4111,2.9837,111.778,91.061053,6.1978,65.232,0.11595,162889.29715899067,0.025,0
2026-07-06T10:29:10Z,4.742,15.7516,28.71,0.7569,0.0852,2.4111,3.0139,111.97,91.187438,6.2571,66.087,0.11592,163304.34909332622,0.024,0
2026-07-06T10:29:10Z,4.748,15.7558,28.71,0.7492,0.0852,2.4111,2.9686,112.042,91.231371,6.3212,66.947,0.11605,163464.62183856452,0.024,0
2026-07-06T10:29:10Z,4.754,15.7456,28.71,0.7263,0.0852,2.4111,2.9535,112.12,91.288463,6.3931,67.723,0.1161,163832.11489172318,0.024,0
2026-07-06T10:29:10Z,4.76,15.7293,28.71,0.7492,0.0426,2.115,2.9384,112.237,91.377937,6.4739,68.314,0.11597,164412.6327283474,0.023,0
2026-07-06T10:29:10Z,4.766,15.7161,28.71,0.7569,0.0426,2.115,2.9232,112.347,91.457732,6.5606,68.626,0.116,164918.09949814028,0.023,0
2026-07-06T10:29:10Z,4.772,15.7092,28.71,0.7569,0.0426,2.115,2.9988,112.446,91.52316,6.6469,68.587,0.11607,165293.21792596555,0.024,0
2026-07-06T10:29:10Z,4.778,15.7063,28.71,0.7302,0.0426,2.115,2.9988,112.523,91.561702,6.7244,68.17,0.1159,165502.5198857381,0.024,0
2026-07-06T10:29:10Z,4.784,15.7037,28.71,0.7225,0.0426,2.115,2.7118,112.545,91.53969,6.7833,67.416,0.11595,165426.6865128981,0.025,0
2026-07-06T10:29:10Z,4.791,15.6995,28.62,0.7378,0.0852,2.115,2.6815,112.597,91.525163,6.8149,66.411,0.11595,165402.16640710155,0.026,0
2026-07-06T10:29:10Z,4.798,15.6928,28.62,0.7569,0.0852,2.115,2.6966,112.777,91.602136,6.8119,65.257,0.116,165829.99788528224,0.027,0
2026-07-06T10:29:10Z,4.805,15.682,28.62,0.7454,0.0852,2.115,2.7722,112.965,91.681264,6.772,64.063,0.11605,166311.08566219377,0.028,0
2026-07-06T10:29:10Z,4.812,15.6645,28.62,0.7454,0.0852,2.115,3.0139,113.113,91.72372,6.6994,62.931,0.1159,166690.89593227144,0.029,0
2026-07-06T10:29:10Z,4.819,15.6394,28.89,0.7416,0.0852,2.2419,2.9232,113.365,91.838706,6.603,61.92,0.11597,167491.3064624778,0.029,0
2026-07-06T10:29:10Z,4.827,15.6088,28.89,0.7645,0.0852,2.2419,3.029,113.712,92.012935,6.4925,61.043,0.11595,168632.37815762003,0.029,0
2026-07-06T10:29:10Z,4.835,15.5763,28.89,0.753,0.0852,2.2419,2.9081,114.047,92.163019,6.378,60.302,0.11612,169685.3155453314,0.029,0
2026-07-06T10:29:10Z,4.842,15.5422,28.89,0.8217,0.0852,2.2419,2.9384,114.424,92.336967,6.2699,59.697,0.116,170874.73556443423,0.029,0
2026-07-06T10:29:10Z,4.85,15.503,29.07,0.8293,0.0852,2.4957,2.9686,114.874,92.567175,6.1744,59.213,0.1161,172395.89923343886,0.028,0
2026-07-06T10:29:10Z,4.857,15.4563,29.07,0.8026,0.0852,2.4957,2.9535,115.302,92.783179,6.0929,58.84,0.11595,173940.9276317122,0.028,0
2026-07-06T10:29:10Z,4.864,15.4033,29.07,0.7836,0.0852,2.4957,2.9988,115.687,92.970661,6.0259,58.586,0.116,175428.09729205034,0.027,0
2026-07-06T10:29:10Z,4.871,15.3463,29.07,0.8065,0.0852,2.4957,2.9535,116.044,93.141653,5.9728,58.465,0.11607,176890.21691892535,0.026,0
2026-07-06T10:29:10Z,4.877,15.2885,29.07,0.8179,0.0852,2.4957,3.0139,116.351,93.27982,5.9317,58.502,0.11585,178210.83752758437,0.025,0
2026-07-06T10:29:10Z,4.883,15.2328,28.89,0.795,0.0852,2.5803,2.9837,116.663,93.43199,5.9015,58.734,0.11592,179586.7739480175,0.024,0
2026-07-06T10:29:10Z,4.889,15.1798,28.89,0.8065,0.0852,2.5803,2.9686,117.039,93.642734,5.8829,59.196,0.116,181234.29937075725,0.023,0
2026-07-06T10:29:10Z,4.895,15.1296,28.89,0.7797,0.0852,2.5803,2.8779,117.415,93.85837,5.8772,59.908,0.11623,182887.61186897173,0.022,0
2026-07-06T10:29:10Z,4.9,15.083,28.89,0.734,0.0852,2.5803,2.8628,117.805,94.090447,5.8869,60.841,0.11617,184595.49791316484,0.021,0
2026-07-06T10:29:10Z,4.905,15.0408,28.71,0.7454,0.0426,2.3688,3.0139,118.307,94.41883,5.9157,61.889,0.11612,186756.24169847442,0.02,0
2026-07-06T10:29:10Z,4.91,15.0022,28.71,0.7569,0.0426,2.3688,3.0894,118.805,94.749279,5.9673,62.91,0.11607,188904.66570711785,0.02,0
2026-07-06T10:29:10Z,4.915,14.9659,28.71,0.8408,0.0426,2.3688,2.9384,119.197,94.998093,6.0439,63.811,0.1162,190621.77039336198,0.019,0
2026-07-06T10:29:10Z,4.92,14.932,28.71,0.8065,0.0426,2.3688,2.9232,119.647,95.297553,6.1426,64.563,0.11607,192586.19260570526,0.019,0
2026-07-06T10:29:10Z,4.925,14.9013,28.71,0.8255,0.0852,2.4534,3.0592,120.182,95.669571,6.2525,65.162,0.116,194908.00078185598,0.019,0
2026-07-06T10:29:10Z,4.93,14.8731,28.71,0.7759,0.0852,2.4534,3.0592,120.655,95.995571,6.3595,65.604,0.11602,196975.64030857375,0.019,0
2026-07-06T10:29:10Z,4.935,14.8463,28.71,0.7187,0.0852,2.4534,3.1045,121.134,96.328522,6.4543,65.861,0.11597,199078.98855829134,0.019,0
2026-07-06T10:29:10Z,4.94,14.8215,28.71,0.7683,0.0852,2.4534,3.1498,121.691,96.721242,6.5338,65.884,0.11628,201494.4166239473,0.019,0
2026-07-06T10:29:10Z,4.944,14.7989,28.89,0.7492,0.0426,2.538,3.2103,122.184,97.062661,6.5975,65.637,0.1158,203624.6197385209,0.018,0
2026-07-06T10:29:10Z,4.949,14.7782,28.89,0.7378,0.0426,2.538,3.2103,122.635,97.373891,6.6452,65.105,0.11605,205581.78686994952,0.018,0
2026-07-06T10:29:10Z,4.954,14.7582,28.89,0.8065,0.0426,2.538,3.1649,123.182,97.763899,6.674,64.276,0.11605,207975.26467614205,0.019,0
2026-07-06T10:29:10Z,4.959,14.7376,28.89,0.8026,0.0426,2.538,3.2103,123.762,98.180827,6.6792,63.175,0.11597,210544.9860249579,0.019,0
2026-07-06T10:29:10Z,4.964,14.7169,28.89,0.8065,0.0426,2.538,3.2405,124.343,98.601978,6.6571,61.893,0.11607,213161.60114861536,0.019,0
2026-07-06T10:29:10Z,4.968,14.6977,29.07,0.8255,0.0852,2.7072,3.2103,124.954,99.049733,6.6057,60.547,0.1161,215929.82613768987,0.019,0
2026-07-06T10:29:10Z,4.973,14.6798,29.07,0.8713,0.0852,2.7072,2.7571,125.482,99.435667,6.5241,59.237,0.11602,218354.23535226614,0.019,0
2026-07-06T10:29:10Z,4.978,14.6623,29.07,0.8713,0.0852,2.7072,2.7269,125.937,99.766775,6.4148,58.004,0.116,220479.1139936648,0.019,0
2026-07-06T10:29:10Z,4.983,14.6461,29.07,0.8446,0.0852,2.7072,2.6815,126.443,100.143342,6.2868,56.803,0.116,222861.00032339472,0.019,0
2026-07-06T10:29:10Z,4.987,14.6315,29.07,0.8827,0.0852,2.8341,2.7571,126.926,100.50391,6.152,55.589,0.11617,225145.185354336,0.019,0
2026-07-06T10:29:10Z,4.992,14.6182,29.07,0.7988,0.0852,2.8341,2.9232,127.325,100.800744,6.0207,54.376,0.11607,227056.02246250227,0.019,0
2026-07-06T10:29:10Z,4.997,14.6066,29.07,0.795,0.0852,2.8341,2.9535,127.743,101.112997,5.8968,53.195,0.11625,229043.42669043652,0.019,0
2026-07-06T10:29:10Z,5.002,14.5969,29.07,0.7874,0.0852,2.8341,2.893,128.142,101.406024,5.7759,52.065,0.11605,230901.79304216735,0.019,0
2026-07-06T10:29:10Z,5.007,14.5884,29.16,0.8065,0.0426,2.7072,2.9837,128.481,101.648046,5.6535,51.034,0.11587,232451.51060179155,0.02,0
2026-07-06T10:29:10Z,5.012,14.5808,29.16,0.8141,0.0426,2.7072,3.0441,128.849,101.911595,5.5312,50.158,0.11605,234122.43345221615,0.02,0
2026-07-06T10:29:10Z,5.017,14.5734,29.16,0.7645,0.0426,2.7072,2.9081,129.216,102.175014,5.4119,49.464,0.116,235797.55866774183,0.02,0
2026-07-06T10:29:10Z,5.022,14.5646,29.16,0.7645,0.0426,2.7072,3.0139,129.527,102.394627,5.298,48.924,0.1159,237239.80230435682,0.02,0
2026-07-06T10:29:10Z,5.027,14.5544,29.16,0.7569,0.0852,2.6226,2.9686,129.798,102.585025,5.1942,48.454,0.1159,238533.99330592656,0.02,0
2026-07-06T10:29:10Z,5.032,14.5438,29.16,0.7416,0.0852,2.6226,2.9535,130.018,102.73702,5.1062,47.961,0.11595,239608.10785261827,0.02,0
2026-07-06T10:29:10Z,5.037,14.5332,29.16,0.8332,0.0852,2.6226,2.9988,130.213,102.871157,5.0367,47.388,0.11595,240577.97818345198,0.02,0
2026-07-06T10:29:10Z,5.042,14.523,29.16,0.8065,0.0852,2.6226,3.029,130.419,103.017209,4.9828,46.681,0.116,241616.70255154595,0.02,0
2026-07-06T10:29:10Z,5.047,14.5138,29.16,0.8141,0.0852,2.6226,3.0441,130.598,103.144166,4.9359,45.8,0.116,242527.41406674907,0.02,0
2026-07-06T10:29:10Z,5.053,14.5052,29.07,0.8103,0.0852,2.5803,3.0139,130.73,103.235916,4.8867,44.757,0.11605,243217.29934724493,0.02,0
2026-07-06T10:29:10Z,5.058,14.4978,29.07,0.9438,0.0852,2.5803,3.2707,130.855,103.320922,4.8291,43.596,0.11605,243849.00042398303,0.02,0
2026-07-06T10:29:10Z,5.063,14.4914,29.07,0.9171,0.0852,2.5803,3.1801,131.001,103.419855,4.7577,42.383,0.11597,244551.34337055968,0.02,0
2026-07-06T10:29:10Z,5.068,14.4858,29.07,0.9323,0.0852,2.5803,3.2103,131.165,103.531113,4.6684,41.226,0.11612,245318.00632396934,0.02,0
2026-07-06T10:29:10Z,5.073,14.4809,29.07,0.9094,0.0426,2.5803,3.1498,131.34,103.650385,4.5626,40.25,0.11605,246124.48938100843,0.02,0
2026-07-06T10:29:10Z,5.078,14.4757,29.07,0.9896,0.0426,2.5803,3.5577,131.514,103.769501,4.4447,39.572,0.11595,246936.543425801,0.02,0
2026-07-06T10:29:10Z,5.083,14.4694,29.07,0.9934,0.0426,2.5803,3.4218,131.668,103.874252,4.3216,39.268,0.11607,247679.401975114,0.02,0
2026-07-06T10:29:10Z,5.088,14.4626,29.07,1.0086,0.0426,2.5803,3.4218,131.826,103.982578,4.2043,39.312,0.1159,248453.79814585892,0.019,0
2026-07-06T10:29:10Z,5.093,14.4555,29.07,0.9934,0.0426,2.8341,3.4369,132.012,104.111371,4.1054,39.567,0.11587,249361.1461813154,0.019,0
2026-07-06T10:29:10Z,5.098,14.4485,29.07,1.1078,0.0426,2.8341,3.6937,132.182,104.225017,4.0369,39.812,0.11592,250175.43171734887,0.018,0
2026-07-06T10:29:10Z,5.102,14.4422,29.07,1.1231,0.0426,2.8341,3.6332,132.341,104.323841,4.0064,39.801,0.11587,250888.46576602643,0.017,0
2026-07-06T10:29:10Z,5.106,14.4359,29.07,1.1002,0.0426,2.8341,3.7239,132.539,104.446186,4.0115,39.37,0.11595,251749.20672178996,0.016,0
2026-07-06T10:29:10Z,5.11,14.4292,29.07,1.1154,0.0426,2.8341,3.6937,132.781,104.600692,4.038,38.5,0.11605,252818.9570065807,0.015,0
2026-07-06T10:29:10Z,5.114,14.4215,29.16,1.3214,0.0852,2.4534,4.0562,133.051,104.778585,4.0638,37.282,0.11612,254054.28468580366,0.014,0
2026-07-06T10:29:10Z,5.118,14.4114,29.16,1.2871,0.0852,2.4534,4.2224,133.31,104.951345,4.0635,35.865,0.116,255300.57957148878,0.014,0
2026-07-06T10:29:10Z,5.121,14.3987,29.16,1.3214,0.0852,2.4534,4.1167,133.561,105.123064,4.0205,34.426,0.11605,256587.170580969,0.013,0
2026-07-06T10:29:10Z,5.125,14.3851,29.16,1.2757,0.0852,2.4534,4.1318,133.838,105.317545,3.9328,33.094,0.11597,258037.17669449706,0.012,0
2026-07-06T10:29:10Z,5.128,14.3719,29.16,1.6877,0.0852,2.538,4.3433,134.106,105.506691,3.8094,31.892,0.11607,259452.69415675008,0.011,0
2026-07-06T10:29:10Z,5.13,14.3602,29.16,1.6877,0.0852,2.538,4.449,134.336,105.668977,3.6656,30.728,0.11605,260677.93508791047,0.011,0
2026-07-06T10:29:10Z,5.133,14.3507,29.16,1.6686,0.0852,2.538,4.3281,134.543,105.815697,3.5193,29.441,0.11595,261771.3143864077,0.01,0
2026-07-06T10:29:10Z,5.135,14.342,29.16,1.6724,0.0852,2.538,4.3735,134.749,105.963986,3.3837,27.901,0.11597,262864.6391645079,0.01,0
2026-07-06T10:29:10Z,5.138,14.3338,29.16,2.0348,0.1704,2.6226,7.2739,134.972,106.125402,3.2614,26.059,0.1162,264037.0628329193,0.011,0
2026-07-06T10:29:10Z,5.141,14.3268,29.16,2.0424,0.1704,2.6226,7.2135,135.221,106.303009,3.1428,23.963,0.11605,265297.098943,0.011,0
2026-07-06T10:29:10Z,5.144,14.3208,29.16,2.0577,0.1704,2.6226,7.2437,135.47,106.478199,3.0115,21.742,0.11607,266528.63088899216,0.011,0
2026-07-06T10:29:10Z,5.147,14.3156,29.16,2.0691,0.1704,2.6226,7.2437,135.7,106.637719,2.8543,19.547,0.11612,267648.8688152909,0.012,0
2026-07-06T10:29:10Z,5.15,14.3104,29.16,1.9547,0.0852,2.7072,28.6193,135.949,106.810111,2.6661,17.527,0.11595,268855.8635296001,0.012,0
2026-07-06T10:29:10Z,5.153,14.3039,29.16,1.9738,0.0852,2.7072,28.4984,136.252,107.021356,2.4521,15.808,0.11612,270342.05774514144,0.012,0
2026-07-06T10:29:10Z,5.156,14.2964,29.16,1.9928,0.0852,2.7072,28.5438,136.617,107.273812,2.2251,14.45,0.1158,272120.7472108397,0.013,0
2026-07-06T10:29:10Z,5.159,14.2885,29.16,1.97,0.0852,2.7072,28.6193,137.068,107.582821,2.0008,13.443,0.11607,274286.09961419133,0.013,0
2026-07-06T10:29:10Z,5.163,14.2799,29.16,2.5498,0.0852,2.7072,19.0569,137.646,107.982804,1.7943,12.738,0.11605,277077.0668327033,0.014,0
2026-07-06T10:29:10Z,5.166,14.2701,29.16,2.5498,0.0852,2.7495,19.1627,138.356,108.484463,1.6186,12.264,0.116,280586.0152975804,0.014,0
2026-07-06T10:29:10Z,5.17,14.2577,29.16,2.5269,0.0852,2.7495,19.1627,139.169,109.075628,1.48,11.947,0.11615,284773.49812989304,0.014,0
2026-07-06T10:29:10Z,5.174,14.2414,29.16,2.5307,0.0852,2.7495,19.1324,140.027,109.714014,1.3774,11.72,0.11595,289394.93522181304,0.014,0
2026-07-06T10:29:10Z,5.177,14.222,29.16,4.6594,0.0852,2.7495,32.0031,140.871,110.347932,1.3058,11.516,0.11605,294093.35652550583,0.013,0
2026-07-06T10:29:10Z,5.181,14.2023,28.8,4.6784,0.0852,2.8764,32.0182,141.748,111.002472,1.2577,11.279,0.11605,298991.78844797425,0.013,0
2026-07-06T10:29:10Z,5.184,14.1856,28.8,4.6632,0.0852,2.8764,32.0484,142.836,111.81019,1.2256,10.969,0.116,304963.1240721409,0.012,0
2026-07-06T10:29:10Z,5.188,14.1737,28.8,4.667,0.0852,2.8764,32.0182,144.365,112.944488,1.2027,10.551,0.11612,313247.9520638209,0.01,0
2026-07-06T10:29:10Z,5.191,14.1641,28.8,7.6654,0.0852,2.8764,61.0377,146.543,114.56188,1.182,10.01,0.11595,325152.45520856755,0.009,0
2026-07-06T10:29:10Z,5.193,14.1531,28.53,7.6578,0.0852,2.7918,60.8564,149.497,116.765729,1.1579,9.362,0.116,341776.886398238,0.006,0
2026-07-06T10:29:10Z,5.194,14.1384,28.53,7.6654,0.0852,2.7918,60.8564,152.988,119.387764,1.1264,8.639,0.11602,362270.2247337285,0.004,0
2026-07-06T10:29:10Z,5.195,14.1176,28.53,7.6692,0.0852,2.7918,60.8715,156.377,121.943093,1.0839,7.891,0.1162,383122.8614580846,0.001,0
