DateTime,Depth_m,Temp_C,Chla_ugL,Turbidity_NTU,Cond_uScm,SpCond_uScm,DO_mgL,DOsat_percent,pH,ORP_mV,PAR,Salinity,DescRate_ms ,Flag
2026-07-13T10:36:36Z,-0.112,24.9568,4.8066,11.6778,40.196,40.164709,4.5407,54.759,9.988,99.6633,475.67,12096.73340548264,0.042,0
2026-07-13T10:36:36Z,-0.1,24.9573,4.802,11.8684,40.183,40.152123,4.5331,54.725,9.986,99.5908,410.58,12087.067990906613,0.049,0
2026-07-13T10:36:36Z,-0.08,24.9568,4.8092,12.1113,40.201,40.169713,4.5317,54.735,9.985,99.3488,342.71,12100.455221119268,0.055,0
2026-07-13T10:36:36Z,-0.059,24.9562,4.8114,12.189,40.218,40.187008,4.5325,54.792,9.985,99.319,305.74,12113.693269878238,0.063,0
2026-07-13T10:36:36Z,-0.044,24.9556,4.8035,12.0562,40.202,40.170844,4.5276,54.856,9.983,99.4025,288.36,12102.025623031603,0.071,0
2026-07-13T10:36:36Z,-0.03,24.9549,4.7632,11.838,40.196,40.164659,4.5239,54.9,9.98,99.326,271.66,12097.848956092606,0.081,0
2026-07-13T10:36:36Z,-0.014,24.9547,4.7488,11.805,40.208,40.175687,4.5241,54.951,9.976,99.0821,249.44,12106.176881831329,0.092,0
2026-07-13T10:36:36Z,0.008,24.9549,4.7795,11.9312,40.21,40.177256,4.5306,55.03,9.973,98.9482,221.99,12107.222290802574,0.105,0
2026-07-13T10:36:36Z,0.039,24.955,4.7846,11.9287,40.216,40.183632,4.5375,55.131,9.972,98.7404,190.3,12111.90710027877,0.115,0
2026-07-13T10:36:36Z,0.079,24.9547,4.7186,11.6722,40.221,40.189314,4.5388,55.232,9.971,95.3644,160.54,12116.319187587456,0.12,0
2026-07-13T10:36:36Z,0.118,24.9544,4.6231,11.3579,40.214,40.182501,4.543,55.307,9.971,88.501,136.75,12111.427166093508,0.119,0
2026-07-13T10:36:36Z,0.151,24.9543,4.5785,11.305,40.196,40.164712,4.5497,55.366,9.971,83.8127,118.42,12098.24636772619,0.112,0
2026-07-13T10:36:36Z,0.177,24.9548,4.5952,11.4426,40.197,40.164618,4.5586,55.413,9.972,82.387,106.17,12097.87122139586,0.102,0
2026-07-13T10:36:36Z,0.196,24.9553,4.6918,11.4841,40.214,40.181359,4.5681,55.419,9.973,81.6744,97.393,12110.025851534669,0.09,0
2026-07-13T10:36:36Z,0.214,24.9551,4.8309,11.3966,40.21,40.176739,4.5737,55.375,9.974,81.1324,89.594,12106.707758692077,0.08,0
2026-07-13T10:36:36Z,0.233,24.9546,4.879,11.2734,40.206,40.172213,4.5779,55.279,9.975,80.6526,83.004,12103.64262074812,0.071,0
2026-07-13T10:36:36Z,0.253,24.9542,4.8495,11.2587,40.224,40.190096,4.5838,55.159,9.976,80.0888,77.79,12117.199723896429,0.063,0
2026-07-13T10:36:36Z,0.272,24.9535,4.8986,11.3556,40.237,40.202581,4.584,55.076,9.976,79.8214,74.152,12126.92684092273,0.058,0
2026-07-13T10:36:36Z,0.285,24.9527,5.0396,11.3519,40.231,40.196235,4.5808,55.049,9.972,80.2598,72.38,12122.685754592188,0.064,0
2026-07-13T10:36:36Z,0.293,24.952,5.115,11.2139,40.211,40.176834,4.5727,55.059,9.965,80.5712,71.306,12108.663045225032,0.082,0
2026-07-13T10:36:36Z,0.299,24.9518,5.0854,11.0875,40.192,40.158387,4.5593,55.086,9.959,80.4029,69.26,12095.055896194577,0.104,0
2026-07-13T10:36:36Z,0.317,24.9517,4.948,11.1556,40.198,40.163579,4.5527,55.103,9.958,80.2899,61.31,12098.979602205558,0.122,0
2026-07-13T10:36:36Z,0.367,24.9518,4.7445,11.3884,40.211,40.176148,4.5512,55.103,9.958,80.2369,47.032,12108.271717116053,0.132,0
2026-07-13T10:36:36Z,0.436,24.952,4.6468,11.511,40.218,40.183428,4.5525,55.124,9.959,80.0204,36.301,12113.566937682059,0.133,0
2026-07-13T10:36:36Z,0.483,24.9518,4.6411,11.4434,40.223,40.188143,4.5557,55.188,9.961,79.7375,32.396,12117.198602498074,0.126,0
2026-07-13T10:36:36Z,0.502,24.9516,4.642,11.2535,40.204,40.169695,4.5576,55.256,9.963,79.6548,31.182,12103.584320744816,0.11,0
2026-07-13T10:36:36Z,0.511,24.9518,4.675,11.1276,40.185,40.150761,4.556,55.282,9.965,79.7096,30.453,12089.375121580011,0.088,0
2026-07-13T10:36:36Z,0.521,24.9519,4.7227,11.1851,40.185,40.149597,4.5566,55.278,9.966,79.626,29.067,12088.448360322867,0.069,0
2026-07-13T10:36:36Z,0.538,24.9514,4.7361,11.2653,40.191,40.155631,4.5636,55.295,9.968,79.4172,27.204,12093.239753743805,0.059,0
2026-07-13T10:36:36Z,0.559,24.9508,4.7126,11.2092,40.196,40.160243,4.5711,55.342,9.97,79.3364,25.645,12097.035094518213,0.054,0
2026-07-13T10:36:36Z,0.578,24.9506,4.6963,11.0542,40.177,40.141894,4.5728,55.373,9.973,79.4235,24.63,12083.508054775164,0.049,0
2026-07-13T10:36:36Z,0.592,24.9506,4.7306,11.0304,40.16,40.12417,4.5702,55.368,9.975,79.5243,24.159,12070.33360497348,0.041,0
2026-07-13T10:36:36Z,0.599,24.9504,4.778,11.1596,40.172,40.136333,4.5711,55.346,9.976,79.6081,24.152,12079.494343969576,0.031,0
2026-07-13T10:36:36Z,0.6,24.9502,4.7861,11.182,40.198,40.162028,4.5775,55.319,9.977,79.6624,24.146,12098.726884374812,0.023,0
2026-07-13T10:36:36Z,0.602,24.9499,4.854,11.0621,40.217,40.181001,4.5806,55.295,9.979,79.7511,23.879,12113.033191755192,0.018,0
2026-07-13T10:36:36Z,0.605,24.9494,5.0161,11.009,40.211,40.175336,4.5791,55.293,9.98,79.8194,23.53,12109.119289647639,0.017,0
2026-07-13T10:36:36Z,0.61,24.9493,5.1236,11.1201,40.192,40.157003,4.5769,55.302,9.982,79.7995,23.032,12095.535063264602,0.02,0
2026-07-13T10:36:36Z,0.617,24.9496,5.1544,11.2787,40.185,40.149731,4.5747,55.29,9.984,79.8549,22.386,12089.942621138765,0.026,0
2026-07-13T10:36:36Z,0.624,24.9499,5.0723,11.2872,40.186,40.150867,4.5718,55.258,9.985,79.8876,21.881,12090.604831640881,0.032,0
2026-07-13T10:36:36Z,0.631,24.9501,4.8883,11.1545,40.206,40.170737,4.5719,55.236,9.986,79.8508,21.32,12105.268343197537,0.035,0
2026-07-13T10:36:36Z,0.641,24.9503,4.7942,11.0398,40.236,40.199588,4.5742,55.231,9.987,79.8402,20.333,12126.634360135291,0.035,0
2026-07-13T10:36:36Z,0.655,24.9502,4.8085,11.0621,40.219,40.182389,4.5733,55.229,9.988,79.8453,19.326,12113.881972236062,0.033,0
2026-07-13T10:36:36Z,0.668,24.9501,4.8617,11.2527,40.191,40.153174,4.569,55.226,9.989,79.826,18.848,12092.197571023124,0.029,0
2026-07-13T10:36:36Z,0.674,24.95,4.9038,11.3633,40.201,40.163664,4.5671,55.211,9.991,79.6929,18.853,12100.063082833418,0.028,0
2026-07-13T10:36:36Z,0.674,24.9493,4.9014,11.2717,40.219,40.182294,4.5676,55.17,9.991,79.6124,18.931,12114.358922221216,0.029,0
2026-07-13T10:36:36Z,0.675,24.9483,4.8995,11.2043,40.224,40.188042,4.5673,55.145,9.992,79.6276,18.676,12119.24983095152,0.031,0
2026-07-13T10:36:36Z,0.681,24.9475,4.9485,11.2316,40.205,40.169697,4.5672,55.176,9.993,79.6182,17.993,12106.075257393222,0.035,0
2026-07-13T10:36:36Z,0.695,24.9477,5.027,11.2604,40.186,40.150877,4.5675,55.234,9.995,79.6714,17.074,12091.947438812282,0.04,0
2026-07-13T10:36:36Z,0.713,24.9483,5.049,11.2107,40.186,40.150878,4.5621,55.3,9.995,79.7541,16.215,12091.582608728755,0.045,0
2026-07-13T10:36:36Z,0.728,24.949,5.0325,11.1087,40.205,40.169706,4.5576,55.356,9.995,79.8437,15.63,12105.166734518574,0.045,0
2026-07-13T10:36:36Z,0.738,24.9498,5.0345,11.0531,40.223,40.188144,4.5628,55.36,9.996,79.8947,15.17,12118.408973763348,0.04,0
2026-07-13T10:36:36Z,0.748,24.9502,5.057,11.0849,40.218,40.183423,4.5674,55.302,9.997,79.7691,14.689,12114.64853422081,0.035,0
2026-07-13T10:36:36Z,0.755,24.9505,5.1042,11.1857,40.21,40.176086,4.5728,55.227,9.999,79.7018,14.378,12109.002025800608,0.03,0
2026-07-13T10:36:36Z,0.759,24.9507,5.1226,11.1777,40.197,40.162893,4.5795,55.159,10,79.7691,14.223,12099.060192019127,0.03,0
2026-07-13T10:36:36Z,0.762,24.9508,5.0971,11.0568,40.185,40.150826,4.5806,55.104,10.001,79.7216,13.973,12090.021953871177,0.033,0
2026-07-13T10:36:36Z,0.769,24.9509,5.1205,11.0903,40.191,40.157115,4.5732,55.056,10.002,79.6433,13.414,12094.639205411098,0.035,0
2026-07-13T10:36:36Z,0.782,24.9509,5.2136,11.2756,40.21,40.175472,4.5668,55.017,10.002,79.5977,12.651,12108.300368859398,0.039,0
2026-07-13T10:36:36Z,0.798,24.9509,5.2825,11.4184,40.217,40.182391,4.561,54.997,10.003,79.5142,12.099,12113.451468506588,0.046,0
2026-07-13T10:36:36Z,0.809,24.9511,5.2875,11.4164,40.212,40.177301,4.5565,54.987,10.003,79.5805,11.789,12109.539161096713,0.052,0
2026-07-13T10:36:36Z,0.818,24.9512,5.3492,11.3202,40.213,40.177396,4.553,55.001,10.003,79.7962,11.349,12109.548833434166,0.056,0
2026-07-13T10:36:36Z,0.832,24.9512,5.4957,11.2797,40.219,40.183543,4.5484,55.055,10.004,79.8002,10.658,12114.125502111794,0.056,0
2026-07-13T10:36:36Z,0.852,24.9511,5.5856,11.3367,40.224,40.188155,4.5483,55.133,10.005,79.6285,9.9945,12117.620445354836,0.055,0
2026-07-13T10:36:36Z,0.87,24.9505,5.6123,11.4283,40.205,40.169697,4.5464,55.201,10.006,79.5274,9.5582,12104.241414003292,0.053,0
2026-07-13T10:36:36Z,0.884,24.95,5.5608,11.3624,40.185,40.150763,4.5469,55.251,10.005,79.5247,9.2563,12090.456783161439,0.048,0
2026-07-13T10:36:36Z,0.894,24.9501,5.4288,11.1214,40.185,40.14961,4.5521,55.307,10.005,79.5097,8.9929,12089.538075711713,0.041,0
2026-07-13T10:36:36Z,0.903,24.9503,5.3558,11.0072,40.192,40.155758,4.5595,55.329,10.005,79.4316,8.7679,12093.989327110216,0.035,0
2026-07-13T10:36:36Z,0.91,24.9507,5.3618,11.1091,40.199,40.161628,4.5665,55.306,10.006,79.4404,8.6052,12098.113179713253,0.032,0
2026-07-13T10:36:36Z,0.915,24.9509,5.3508,11.2944,40.194,40.15712,4.5673,55.265,10.006,79.4448,8.4616,12094.637224352395,0.032,0
2026-07-13T10:36:36Z,0.92,24.9503,5.2727,11.4029,40.202,40.164714,4.5753,55.202,10.007,79.3978,8.2435,12100.652648983527,0.034,0
2026-07-13T10:36:36Z,0.928,24.9491,5.1917,11.3281,40.227,40.189985,4.5776,55.148,10.008,79.4748,7.9451,12120.199923842414,0.037,0
2026-07-13T10:36:36Z,0.94,24.948,5.1618,11.2439,40.246,40.208825,4.573,55.098,10.009,79.6013,7.6177,12134.911442510507,0.04,0
2026-07-13T10:36:36Z,0.953,24.9476,5.1279,11.2044,40.238,40.202107,4.5725,55.044,10.009,79.5504,7.3113,12130.146903812305,0.042,0
2026-07-13T10:36:36Z,0.965,24.9476,5.0651,11.0907,40.208,40.172225,4.5638,55.022,10.009,79.3755,7.0408,12107.885499881979,0.045,0
2026-07-13T10:36:36Z,0.977,24.9481,5.0097,10.9627,40.201,40.164839,4.5608,55.039,10.009,79.2942,6.822,12102.082436519473,0.047,0
2026-07-13T10:36:36Z,0.987,24.9487,4.9662,10.8521,40.212,40.176265,4.5574,55.066,10.009,79.2554,6.6229,12110.222864128042,0.049,0
2026-07-13T10:36:36Z,0.997,24.949,4.9552,10.7781,40.218,40.183452,4.5506,55.07,10.009,79.2511,6.3424,12115.391903085902,0.049,0
2026-07-13T10:36:36Z,1.012,24.9488,5.0513,10.7506,40.223,40.188272,4.549,55.071,10.01,79.242,6.0248,12119.103492619282,0.049,0
2026-07-13T10:36:36Z,1.027,24.949,5.2133,10.7585,40.205,40.171077,4.5509,55.117,10.01,79.1451,5.7646,12106.175964461108,0.048,0
2026-07-13T10:36:36Z,1.041,24.9497,5.2822,10.7374,40.2,40.165943,4.5553,55.211,10.01,79.1119,5.551,12101.92778497473,0.045,0
2026-07-13T10:36:36Z,1.051,24.9501,5.2516,10.597,40.224,40.189654,4.5544,55.318,10.01,79.0984,5.3646,12119.338977477528,0.04,0
2026-07-13T10:36:36Z,1.06,24.9508,5.2173,10.4621,40.239,40.203917,4.552,55.384,10.011,79.0677,5.2084,12129.539522489848,0.036,0
2026-07-13T10:36:36Z,1.066,24.9511,5.2012,10.4042,40.246,40.211472,4.5567,55.386,10.011,79.0847,5.0804,12134.98784286879,0.032,0
2026-07-13T10:36:36Z,1.072,24.9509,5.1981,10.342,40.253,40.217538,4.5648,55.331,10.011,79.0458,4.9434,12139.63269956587,0.029,0
2026-07-13T10:36:36Z,1.08,24.9509,5.1707,10.2215,40.25,40.213788,4.576,55.244,10.012,78.9414,4.7746,12136.83622369473,0.027,0
2026-07-13T10:36:36Z,1.089,24.9507,4.9786,10.0064,40.267,40.229596,4.5821,55.155,10.012,78.8556,4.6363,12148.748076316973,0.027,0
2026-07-13T10:36:36Z,1.096,24.9508,4.6817,9.8247,40.321,40.28175,4.5814,55.02,10.011,78.8686,4.5605,12187.63608532968,0.031,0
2026-07-13T10:36:36Z,1.1,24.9502,4.5523,9.8349,40.377,40.336665000000004,4.5772,54.799,10.01,79.0134,4.4891,12229.101709316516,0.037,0
2026-07-13T10:36:36Z,1.106,24.9489,4.5629,9.8905,40.429,40.38586,4.5673,54.536,10.009,79.1432,4.3641,12266.795323285438,0.043,0
2026-07-13T10:36:36Z,1.117,24.9476,4.6022,9.7464,40.48,40.432317,4.5626,54.25,10.007,79.1474,4.1615,12302.504687288294,0.048,0
2026-07-13T10:36:36Z,1.136,24.9462,4.6774,9.4932,40.511,40.454117,4.5539,53.859,10.004,79.0638,3.9079,12319.773932375023,0.049,0
2026-07-13T10:36:36Z,1.156,24.9434,4.7391,9.4594,40.524,40.459043,4.533,53.258,10.002,78.9071,3.6864,12325.218653108432,0.046,0
2026-07-13T10:36:36Z,1.172,24.9428,4.7659,9.6107,40.561,40.491866,4.5101,52.399,10.001,78.7146,3.5667,12350.322557759464,0.039,0
2026-07-13T10:36:36Z,1.179,24.9383,4.7267,9.7174,40.606,40.533651,4.4902,51.312,9.999,78.5436,3.5465,12384.658871909645,0.029,0
2026-07-13T10:36:36Z,1.179,24.9229,4.6153,9.7234,40.597,40.520007,4.4629,50.107,9.998,78.4742,3.5666,12383.956460239831,0.019,0
2026-07-13T10:36:36Z,1.179,24.9109,4.5345,9.6489,40.599,40.517286,4.4152,48.921,9.998,78.5648,3.5611,12389.387821988092,0.012,0
2026-07-13T10:36:36Z,1.179,24.9083,4.5319,9.6711,40.651,40.564205,4.3438,47.803,9.997,78.6924,3.5185,12426.51813700854,0.008,0
2026-07-13T10:36:36Z,1.182,24.9075,4.5413,9.7184,40.672,40.579585,4.2503,46.732,9.997,78.7256,3.4715,12438.672632670645,0.007,0
2026-07-13T10:36:36Z,1.186,24.9002,4.5736,9.5718,40.738,40.639778,4.1463,45.757,9.997,78.7083,3.4383,12488.942641963782,0.008,0
2026-07-13T10:36:36Z,1.189,24.893,4.648,9.3339,40.889,40.784264,4.0468,44.939,9.997,78.7414,3.4144,12603.631047020952,0.009,0
2026-07-13T10:36:36Z,1.19,24.889,4.6753,9.1654,40.982,40.866864,3.9575,44.227,9.998,78.7819,3.4056,12669.435191859702,0.009,0
2026-07-13T10:36:36Z,1.191,24.8798,4.6951,9.2075,41.003,40.8769,3.8673,43.524,9.998,78.7676,3.4039,12683.021277735133,0.009,0
2026-07-13T10:36:36Z,1.194,24.8739,4.9037,9.4665,41.042,40.905587,3.7828,42.668,9.998,78.8262,3.394,12708.841256067597,0.01,0
2026-07-13T10:36:36Z,1.197,24.8691,5.2417,9.7351,41.105,40.959845,3.7196,41.468,9.997,78.9746,3.3951,12753.689509820515,0.014,0
2026-07-13T10:36:36Z,1.2,24.8549,5.4032,9.7909,41.18,41.025192,3.6628,39.923,9.997,79.0989,3.3961,12813.29465745075,0.021,0
2026-07-13T10:36:36Z,1.204,24.8387,5.3992000000000004,9.6973,41.352,41.187963,3.6101,38.197,9.995,79.2108,3.3567,12950.123746498686,0.03,0
2026-07-13T10:36:36Z,1.21,24.8266,5.5347,9.731,41.647,41.468159,3.5487,36.444,9.991,79.3812,3.2805,13177.503291964551,0.04,0
2026-07-13T10:36:36Z,1.222,24.8165,5.8186,9.8911,41.887,41.683932,3.4486,34.646,9.985,79.5252,3.155,13354.91557265465,0.049,0
2026-07-13T10:36:36Z,1.238,24.8063,5.9766,9.9592,42.001,41.765887,3.3157,32.701,9.976,79.574700000000007,2.9751,13427.039077450761,0.056,0
2026-07-13T10:36:36Z,1.257,24.797,6.031,9.8363,42.087,41.82435,3.1662,30.394,9.967,79.6348,2.7919,13480.039118260462,0.06,0
2026-07-13T10:36:36Z,1.276,24.785,6.5587,9.9422,42.232,41.946482,3.024,27.394,9.96,79.6498,2.6437,13586.133273721529,0.06,0
2026-07-13T10:36:36Z,1.293,24.7558,7.5548,10.4542,42.406,42.100117,2.8802,23.694,9.953,79.6698,2.5397,13730.237454946462,0.055,0
2026-07-13T10:36:36Z,1.305,24.712,8.1282,10.801,42.482,42.158662,2.7226,19.622,9.946,79.7915,2.4609,13808.337729122708,0.048,0
2026-07-13T10:36:36Z,1.315,24.6787,8.2146,10.8554,42.483,42.146565,2.5511,15.609,9.939,79.8308,2.4102,13821.869813233487,0.041,0
2026-07-13T10:36:36Z,1.323,24.6552,8.3502,10.8386,42.488,42.144247,2.3001,12.082,9.932,79.7145,2.3718,13836.500573459525,0.033,0
2026-07-13T10:36:36Z,1.33,24.6334,8.5862,10.8719,42.482,42.130623,1.9808,9.166,9.926,79.5042,2.3054,13840.73470628912,0.027,0
2026-07-13T10:36:36Z,1.337,24.6124,8.7372,10.9843,42.532,42.172233,1.6336,6.879,9.92,79.3525,2.2503,13889.52168217516,0.023,0
2026-07-13T10:36:36Z,1.343,24.5955,8.7781,11.0362,42.633,42.266519,1.2803,5.314,9.913,79.342,2.2278,13978.765369920167,0.022,0
2026-07-13T10:36:36Z,1.346,24.5899,8.7724,10.9535,42.627,42.255111,0.9882,4.449,9.906,79.2916,2.2069,13973.38228439399,0.025,0
2026-07-13T10:36:36Z,1.349,24.5815,8.8101,10.8723,42.534,42.161227,0.7469,4.119,9.898,79.2604,2.1802,13902.371160955481,0.03,0
2026-07-13T10:36:36Z,1.355,24.5709,8.9343,10.9425,42.516,42.146885,0.5504,4.083,9.889,79.3084,2.1287,13898.131826243749,0.035,0
2026-07-13T10:36:36Z,1.365,24.5646,9.0257,11.0855,42.573,42.208646,0.4215,4.108,9.88,79.269,2.0365,13953.22577962764,0.038,0
2026-07-13T10:36:36Z,1.382,24.5563,9.0657,11.2,42.636,42.273289,0.3548,4.112,9.872,79.1288,1.925,14012.270776924295,0.038,0
2026-07-13T10:36:36Z,1.398,24.5529,9.0932,11.1655,42.721,42.357262,0.3346,4.171,9.864,78.9896,1.8398,14083.937556365674,0.034,0
2026-07-13T10:36:36Z,1.408,24.5602,9.101,10.9755,42.768,42.398854,0.3393,4.301,9.856,79.0486,1.7996,14113.060132408633,0.027,0
2026-07-13T10:36:36Z,1.41,24.5683,9.0846,10.8162,42.706,42.331869,0.3452,4.447,9.848,79.1538,1.7894,14051.946493729485,0.018,0
2026-07-13T10:36:36Z,1.409,24.5713,9.1038,10.8099,42.622,42.245509,0.3393,4.58,9.842,79.057,1.7933,13978.730346138607,0.009,0
2026-07-13T10:36:36Z,1.408,24.5699,9.3411,10.7632,42.554,42.179786,0.3445,4.635,9.837,78.9968,1.7953,13925.78931311272,0.002,0
2026-07-13T10:36:36Z,1.408,24.5629,9.7236,10.5587,42.478,42.108439,0.3589,4.606,9.832,79.0286,1.7873000000000001,13872.327873594535,-0.001,0
2026-07-13T10:36:36Z,1.408,24.5544,9.9073,10.4216,42.378,42.017554,0.3696,4.624,9.826,79.0115,1.7753,13804.097732956494,-0.002,0
2026-07-13T10:36:36Z,1.408,24.5508,9.8725,10.3695,42.253,41.906011,0.3843,4.796,9.82,78.9623,1.7716,13715.843793438109,-0.003,0
2026-07-13T10:36:36Z,1.408,24.5529,9.5698,10.4746,42.107,41.7753,0.3904,5.165,9.815,78.9496,1.7649,13608.484012081572,-0.004,0
2026-07-13T10:36:36Z,1.407,24.5582,9.0516,10.6684,41.957,41.643051,0.3815,5.825,9.81,79.0301,1.7537,13498.231043464295,-0.006,0
2026-07-13T10:36:36Z,1.405,24.5675,8.7676,10.7309,41.872,41.576386,0.3797,6.898,9.806,79.0746,1.7599,13438.34765585643,-0.007,0
2026-07-13T10:36:36Z,1.402,24.5817,8.6826,10.718,41.82,41.540482,0.3945,8.387,9.801,79.0581,1.7717,13399.913491356263,-0.003,0
2026-07-13T10:36:36Z,1.398,24.599,8.2907,10.5809,41.859,41.589763,0.422,10.186,9.795,79.0884,1.7662,13427.55581939984,0.007,0
2026-07-13T10:36:36Z,1.397,24.6182,7.6497,10.4058,42.121,41.854914,0.4718,12.195,9.787,79.1833,1.7543,13627.582441878727,0.024,0
2026-07-13T10:36:36Z,1.399,24.6424,7.3323,10.3087,42.418,42.144219,0.5603,14.285,9.777,79.3452,1.7163,13845.482845734075,0.042,0
2026-07-13T10:36:36Z,1.411,24.6632,7.3163,10.2602,42.527,42.23165,0.6894,16.322,9.769,79.4974,1.5946,13902.181363348374,0.057,0
2026-07-13T10:36:36Z,1.438,24.6734,7.2815,10.2291,42.597,42.277306,0.8396,18.04,9.761,79.4754,1.4355,13932.294053917089,0.065,0
2026-07-13T10:36:36Z,1.47,24.6832,7.0623,9.9676,42.717,42.378854,1.0114,18.824,9.756,79.3359,1.3283,14008.546196428779,0.067,0
2026-07-13T10:36:36Z,1.492,24.6799,6.7214,9.558,42.733,42.380449,1.1892,18.239,9.752,79.2741,1.2783,14012.205589327159,0.061,0
2026-07-13T10:36:36Z,1.502,24.6477,6.5723,9.376,42.723,42.360057,1.3613,16.523,9.748,79.2446,1.246,14018.40974193069,0.047,0
2026-07-13T10:36:36Z,1.508,24.6146,6.5989,9.3715,42.753,42.386159,1.5294,14.241,9.744,79.1502,1.221,14063.54103685875,0.031,0
2026-07-13T10:36:36Z,1.511,24.599,6.8009,9.3339,42.747,42.378688,1.6135,11.866,9.741,79.0802,1.2184,14068.555491456647,0.017,0
2026-07-13T10:36:36Z,1.512,24.5804,7.1512,9.2629,42.702,42.333203,1.5531,9.736,9.738,79.1718,1.2193,14044.382907495106,0.009,0
2026-07-13T10:36:36Z,1.512,24.5649,7.3466,9.2977,42.647,42.280484,1.3904,8.049,9.735,79.3108,1.2131,14012.048103322722,0.006,0
2026-07-13T10:36:36Z,1.513,24.5655,7.3494,9.3797,42.675,42.312499,1.1885,6.867,9.732,79.3844,1.2034,14037.981820903502,0.004,0
2026-07-13T10:36:36Z,1.514,24.5638,6.9439,9.3658,42.828,42.466424,0.98,6.221,9.729,79.374,1.18,14166.391556793174,0.003,0
2026-07-13T10:36:36Z,1.516,24.5598,6.1558,9.3013,42.92,42.55483,0.7969,6.077,9.727,79.2707,1.1572,14242.675483597743,0.002,0
2026-07-13T10:36:36Z,1.518,24.5636,5.6934,9.248,42.8,42.429354,0.6564,6.297,9.725,79.1679,1.153,14135.837012370597,0.001,0
2026-07-13T10:36:36Z,1.518,24.5709,5.6323,9.2342,42.654,42.282157,0.5558,6.688,9.723,79.0784,1.1567,14009.142431943344,0.001,0
2026-07-13T10:36:36Z,1.516,24.5751,5.525,9.0323,42.729,42.361825,0.5029,7.09,9.721,79.0482,1.1641,14071.775262057761,0.005,0
2026-07-13T10:36:36Z,1.512,24.5716,5.319,8.5826,43.063,42.69445,0.4949,7.431,9.719,79.1472,1.1677,14350.438857464083,0.013,0
2026-07-13T10:36:36Z,1.512,24.5582,5.1978,8.3062,43.453,43.066901,0.5201,7.758,9.718,79.2429,1.1375,14673.711067068823,0.023,0
2026-07-13T10:36:36Z,1.519,24.553,5.1584,8.2182,43.667,43.247222,0.5571,8.176,9.716,79.2594,1.0762,14830.944625710506,0.032,0
2026-07-13T10:36:36Z,1.534,24.5642,5.1586,8.0657,43.74,43.28786,0.5931,8.626,9.714,79.2602,1.0142,14857.13790878013,0.037,0
2026-07-13T10:36:36Z,1.553,24.5744,5.2011,7.7939,43.779,43.304313,0.6203,8.855,9.712,79.1663,0.96723,14863.445823129185,0.039,0
2026-07-13T10:36:36Z,1.567,24.5588,5.2315,7.5959,43.809,43.319174,0.6417,8.571,9.71,78.9844,0.94544,14887.995928003933,0.036,0
2026-07-13T10:36:36Z,1.574,24.5129,5.2257,7.585,43.845,43.340577,0.6792,7.724,9.707,78.7816,0.93901,14941.310430183357,0.03,0
2026-07-13T10:36:36Z,1.576,24.4715,5.1977,7.559,43.825,43.309184,0.7254,6.544,9.705,78.6933,0.92873000000000006,14946.004537622006,0.022,0
2026-07-13T10:36:36Z,1.578,24.4512,5.2003,7.5205,43.842,43.320424,0.7557,5.272,9.702,78.7769,0.91945,14971.201904925223,0.015,0
2026-07-13T10:36:36Z,1.581,24.4363,5.2323,7.4964,44.012,43.476463,0.7351,4.032,9.699,78.8459,0.91263,15117.312613014034,0.013,0
2026-07-13T10:36:36Z,1.584,24.4204,5.2436,7.4727,44.182,43.608996,0.6538,2.909,9.697,78.84,0.90656,15244.721331626793,0.016,0
2026-07-13T10:36:36Z,1.586,24.4019,5.212,7.4392,44.282,43.653355,0.5484,2.021,9.695,78.7045,0.89268,15297.864629909845,0.023,0
2026-07-13T10:36:36Z,1.591,24.3993,5.0668,7.3972,44.382,43.695352,0.4391,1.427,9.691,78.5845,0.86013,15336.588362624827,0.032,0
2026-07-13T10:36:36Z,1.6,24.4013,4.8615,7.4429,44.474,43.735859,0.3342,1.076,9.686,78.595,0.83185,15370.447049341494,0.041,0
2026-07-13T10:36:36Z,1.612,24.3551,4.7858,7.4797,44.541,43.762202,0.2359,0.838,9.68,78.5721,0.80715,15430.04265479224,0.048,0
2026-07-13T10:36:36Z,1.628,24.282,4.8006,7.4669,44.564,43.75991,0.1594,0.56,9.674,78.4804,0.7573,15486.053240107805,0.051,0
2026-07-13T10:36:36Z,1.648,24.2175,4.8243,7.3901,44.525,43.708115,0.1126,0.223,9.67,78.4329,0.70145,15491.710831914916,0.047,0
2026-07-13T10:36:36Z,1.665,24.1597,4.8718,7.201,44.462,43.643716,0.0859,-0.122,9.666,78.4276,0.66729,15480.87945302866,0.039,0
2026-07-13T10:36:36Z,1.675,24.1137,4.9175,7.127,44.423,43.616002,0.0734,-0.457,9.664,78.3297,0.65822,15493.058307641673,0.028,0
2026-07-13T10:36:36Z,1.676,24.088,4.944,7.2134,44.415,43.626944,0.0495,-0.725,9.662,78.1961,0.67169,15523.291715257903,0.016,0
2026-07-13T10:36:36Z,1.674,24.0732,4.9177,7.2205,44.422,43.64909,0.0176,-0.888,9.659,78.1029,0.68185,15554.800711812584,0.006,0
2026-07-13T10:36:36Z,1.67,24.068,4.8405,7.1098,44.395,43.629898,-0.0092,-0.959,9.656,78.0629,0.675,15541.929192557662,0,0
2026-07-13T10:36:36Z,1.669,24.0829,4.7846,7.0024,44.344,43.585323,-0.041,-0.929,9.652,78.0568,0.66455,15490.486715829173,-0.003,0
2026-07-13T10:36:36Z,1.669,24.1076,4.7912,7.0159,44.304,43.554468,-0.0648,-0.805,9.65,77.9425,0.65555,15443.50696748259,-0.004,0
2026-07-13T10:36:36Z,1.671,24.1275,4.8626,7.1009,44.25,43.510738,-0.0763,-0.629,9.649,77.7997,0.65864,15389.12257246582,-0.004,0
2026-07-13T10:36:36Z,1.672,24.134,4.9568,7.177,44.229,43.500915,-0.0838,-0.437,9.648,77.7927,0.68295,15375.321767455629,-0.004,0
2026-07-13T10:36:36Z,1.669,24.1366,4.9894,7.219,44.279,43.562663,-0.081,-0.259,9.646,77.7719,0.7062,15427.685444283976,0,0
2026-07-13T10:36:36Z,1.664,24.1472,4.9575,7.1299,44.334,43.622613,-0.0688,-0.111,9.644,77.6345,0.71298,15472.190318318253,0.01,0
2026-07-13T10:36:36Z,1.661,24.1591,4.9129,7.0905,44.376,43.654506,-0.0534,0.04,9.641,77.5087,0.70469,15490.896643033353,0.025,0
2026-07-13T10:36:36Z,1.665,24.1682,4.8819,7.2204,44.441,43.694366,-0.0364,0.214,9.637,77.5415,0.67159,15518.892442903787,0.04,0
2026-07-13T10:36:36Z,1.68,24.1875,4.8747,7.3008,44.506,43.723676,-0.0203,0.351,9.632,77.6009,0.62069,15529.408826541989,0.053,0
2026-07-13T10:36:36Z,1.706,24.1993,4.85,7.2078,44.576,43.754948,-0.0092,0.405,9.629,77.5384,0.57589,15547.654533701269,0.062,0
2026-07-13T10:36:36Z,1.732,24.1866,4.7999,7.0529,44.677,43.818533,0.0014,0.389,9.629,77.4733,0.55174,15614.223347727877,0.067,0
2026-07-13T10:36:36Z,1.75,24.1599,4.7181,6.9646,44.758,43.857675,0.0194,0.291,9.629,77.4161,0.53814,15670.540196426235,0.067,0
2026-07-13T10:36:36Z,1.761,24.1151,4.603,6.8584,44.789,43.847298,0.0328,0.111,9.627,77.3639,0.51543,15697.495919078758,0.06,0
2026-07-13T10:36:36Z,1.773,24.0727,4.5399,6.7599,44.793,43.819952,0.0353,-0.124,9.624,77.3576,0.48504,15707.408569005063,0.047,0
2026-07-13T10:36:36Z,1.788,24.037,4.5127,6.6954,44.767,43.780891,0.0354,-0.395,9.623,77.2543,0.45526,15701.423967690416,0.033,0
2026-07-13T10:36:36Z,1.801,23.9898,4.3983,6.4883,44.732,43.755845,0.0273,-0.661,9.622,76.975,0.44565,15717.29806500003,0.022,0
2026-07-13T10:36:36Z,1.805,23.9383,4.2386,6.2709,44.726,43.771026,0.0102,-0.884,9.622,76.7347,0.46543,15772.819573025217,0.013,0
2026-07-13T10:36:36Z,1.8,23.8999,4.1801,6.2532,44.778,43.837531,-0.0086,-1.052,9.621,76.5858,0.48754,15864.125441986389,0.007,0
2026-07-13T10:36:36Z,1.794,23.8846,4.1909,6.2744,44.875,43.925232,-0.0334,-1.152,9.62,76.3783,0.49251,15956.030683506851,0.007,0
2026-07-13T10:36:36Z,1.792,23.8962,4.2019,6.1853,44.924,43.942766,-0.0574,-1.173,9.618,76.2049,0.47696,15962.334323771038,0.014,0
2026-07-13T10:36:36Z,1.794,23.9303,4.2217,6.0648,44.938,43.922531,-0.0758,-1.129,9.618,76.2103,0.44983,15915.89842942176,0.027,0
2026-07-13T10:36:36Z,1.804,23.9546,4.2473,6.0801,44.968,43.934417,-0.0908,-1.068,9.617,76.2708,0.42511,15906.638771167212,0.042,0
2026-07-13T10:36:36Z,1.821,23.9467,4.2785,6.2336,45.003,43.959505,-0.0995,-1.052,9.616,76.1625,0.39971,15935.810391835083,0.052,0
2026-07-13T10:36:36Z,1.841,23.9037,4.3242,6.3836,45.033,43.971957,-0.101,-1.082,9.613,75.848,0.37416,15982.588469621787,0.054,0
2026-07-13T10:36:36Z,1.861,23.8536,4.3674,6.4256,45.039,43.958005,-0.0962,-1.115,9.61,75.5649,0.35291,16011.424488731414,0.047,0
2026-07-13T10:36:36Z,1.876,23.8398,4.3675,6.3666,45.009,43.91773,-0.0884,-1.155,9.607,75.4925,0.33704,15986.279228406263,0.033,0
2026-07-13T10:36:36Z,1.885,23.842,4.359,6.3865,44.95,43.865815,-0.0865,-1.214,9.605,75.4894,0.33769,15937.366465322322,0.016,0
2026-07-13T10:36:36Z,1.883,23.818,4.3556,6.3931,44.898,43.838116,-0.0925,-1.278,9.604,75.3547,0.35441,15932.076288097089,0.002,0
2026-07-13T10:36:36Z,1.873,23.7891,4.3266,6.2419,44.867,43.836751,-0.0937,-1.322,9.603,75.1552,0.37665,15954.722517654875,-0.008,0
2026-07-13T10:36:36Z,1.863,23.777,4.2835,6.0611,44.86,43.849368,-0.0968,-1.331,9.602,75.0558,0.38998,15976.201409697123,-0.011,0
2026-07-13T10:36:36Z,1.858,23.7798,4.2417,5.9142,44.871,43.863744,-0.1025,-1.308,9.602,74.9278,0.38053,15986.949278322827,-0.009,0
2026-07-13T10:36:36Z,1.859,23.8102,4.2376,5.8669,44.9,43.883631,-0.1084,-1.256,9.601,74.6393,0.36918,15979.82952726824,-0.001,0
2026-07-13T10:36:36Z,1.864,23.8529,4.3583,6.0704,44.995,43.962855,-0.1131,-1.186,9.6,74.4077,0.3676,16016.412377915321,0.014,0
2026-07-13T10:36:36Z,1.867,23.8764,4.5609,6.4269,45.123,44.059918,-0.1128,-1.116,9.599,74.364,0.36114,16085.184297481772,0.032,0
2026-07-13T10:36:36Z,1.871,23.8756,4.6481,6.5221,45.222,44.105036,-0.1115,-1.058,9.597,74.2829,0.3534,16126.980249456641,0.049,0
2026-07-13T10:36:36Z,1.881,23.8627,4.6224,6.402,45.312,44.127445,-0.1064,-1.019,9.593,74.1164,0.33016,16158.228132881635,0.062,0
2026-07-13T10:36:36Z,1.905,23.8525,4.5909,6.5118,45.387,44.14035,-0.1002,-1.013,9.589,74.0714,0.28397,16178.57014098504,0.068,0
2026-07-13T10:36:36Z,1.938,23.8286,4.5587,6.8252,45.422,44.134027,-0.094,-1.069,9.586,74.0825,0.24938,16192.834613396086,0.068,0
2026-07-13T10:36:36Z,1.964,23.7656,4.5326,7.0139,45.418,44.114408,-0.0888,-1.171,9.583,73.9927,0.24273,16227.824203099379,0.062,0
2026-07-13T10:36:36Z,1.979,23.685,4.5085,6.9833,45.393,44.093542,-0.0859,-1.295,9.581,73.9318,0.24748,16276.669805990807,0.05,0
2026-07-13T10:36:36Z,1.982,23.6131,4.4838,6.7969,45.36,44.072176,-0.0834,-1.442,9.581,74.0339,0.2499,16317.893873001629,0.033,0
2026-07-13T10:36:36Z,1.982,23.5643,4.4923,6.6739,45.321,44.046512,-0.0891,-1.572,9.58,74.1956,0.25184,16335.632181447088,0.017,0
2026-07-13T10:36:36Z,1.984,23.5512,4.5279,6.7245,45.293,44.037159,-0.0998,-1.658,9.579,74.1658,0.25265,16338.118056330133,0.007,0
2026-07-13T10:36:36Z,1.985,23.5599,4.5474,6.7602,45.252,44.022593,-0.108,-1.721,9.578,73.9318,0.2493,16317.234043869083,0.002,0
2026-07-13T10:36:36Z,1.985,23.5748,4.5374,6.6955,45.195,43.997377,-0.1232,-1.758,9.577,73.6893,0.24482,16281.274602223786,0,0
2026-07-13T10:36:36Z,1.984,23.5872,4.5154,6.5919,45.156,43.986224,-0.1354,-1.755,9.577,73.5573,0.23817,16260.474283092402,-0.004,0
2026-07-13T10:36:36Z,1.984,23.6032,4.5215,6.5994,45.101,43.951256,-0.1405,-1.715,9.579,73.5399,0.23139,16214.720772035296,-0.009,0
2026-07-13T10:36:36Z,1.984,23.6341,4.5539,6.7184,45.024,43.891991,-0.1468,-1.641,9.579,73.5647,0.23287,16134.25560063185,-0.012,0
2026-07-13T10:36:36Z,1.98,23.6717,4.5244,6.7328,44.948,43.84094,-0.1503,-1.552,9.578,73.5992,0.23884,16056.060196349663,-0.007,0
2026-07-13T10:36:36Z,1.97,23.7032,4.4058,6.5684,44.92,43.841826,-0.1496,-1.457,9.575,73.5267,0.24442,16030.619460618955,0.007,0
2026-07-13T10:36:36Z,1.961,23.721,4.3023,6.3706,44.97,43.902746,-0.1464,-1.357,9.571,73.3771,0.25299,16071.393268895059,0.027,0
2026-07-13T10:36:36Z,1.964,23.7342,4.2802,6.3564,45.031,43.942796,-0.1391,-1.261,9.567,73.2534,0.2514,16096.964258108459,0.044,0
2026-07-13T10:36:36Z,1.987,23.758,4.2794,6.6026,45.073,43.945194,-0.1311,-1.146,9.565,73.1484,0.2263,16079.28080544075,0.057,0
2026-07-13T10:36:36Z,2.024,23.7999,4.2504,6.888,45.094,43.931684,-0.1238,-1,9.565,72.9688,0.20235,16032.067026548588,0.063,0
2026-07-13T10:36:36Z,2.053,23.824,4.2217,6.9369,45.082,43.906337,-0.1137,-0.859,9.564,72.6301,0.20452,15989.012855816285,0.06,0
2026-07-13T10:36:36Z,2.065,23.795,4.1991,6.8183,45.065,43.892604,-0.1074,-0.755,9.562,72.323,0.20652,16000.575349338524,0.048,0
2026-07-13T10:36:36Z,2.066,23.7413,4.2007,6.8194,45.059,43.892604,-0.0986,-0.705,9.561,72.0947,0.19795,16045.209834991332,0.029,0
2026-07-13T10:36:36Z,2.065,23.6955,4.2415,6.9165,45.069,43.906344,-0.0841,-0.69,9.561,71.849,0.2028,16095.975786516905,0.012,0
2026-07-13T10:36:36Z,2.064,23.6823,4.2764,6.866,45.09,43.931794,-0.0719,-0.681,9.56,71.5889,0.21481,16130.324545035654,0.002,0
2026-07-13T10:36:36Z,2.063,23.6936,4.2731,6.7206,45.101,43.946424,-0.0618,-0.666,9.559,71.3594,0.22196,16134.257332795674,-0.001,0
2026-07-13T10:36:36Z,2.063,23.7012,4.2436,6.593,45.114,43.956287,-0.0586,-0.654,9.557,71.0524,0.21919,16136.922681734213,0.002,0
2026-07-13T10:36:36Z,2.063,23.7029,4.2444,6.5531,45.224,44.051042,-0.0585,-0.647,9.555,70.5445,0.21849,16222.440703145983,0.011,0
2026-07-13T10:36:36Z,2.064,23.7102,4.2986,6.7166,45.676,44.457324,-0.058,-0.647,9.551,70.0362,0.22086,16592.262865341687,0.026,0
2026-07-13T10:36:36Z,2.066,23.718,4.3496,6.9303,46.316,44.99648,-0.0561,-0.642,9.547,69.5537,0.2164,17092.644953502608,0.044,0
2026-07-13T10:36:36Z,2.074,23.7149,4.3294,6.9499,46.706,45.237733,-0.0552,-0.625,9.544,69.0127,0.20457,17325.46859541133,0.058,0
2026-07-13T10:36:36Z,2.097,23.7025,4.087,6.9547,46.9,45.279331,-0.0546,-0.633,9.543,68.4848,0.18636,17376.552052120347,0.065,0
2026-07-13T10:36:36Z,2.132,23.6822,3.6913,7.1244,46.979,45.245308,-0.0545,-0.707,9.541,67.9886,0.17736,17362.27226575818,0.064,0
2026-07-13T10:36:36Z,2.159,23.5985,3.5063,7.2943,46.874,45.080123,-0.0557,-0.852,9.541,67.5732,0.16576,17279.449044419598,0.057,0
2026-07-13T10:36:36Z,2.17,23.4225,3.5231,7.4029,46.674,44.868968,-0.052,-1.026,9.54,67.2491,0.14528,17235.520996768806,0.043,0
2026-07-13T10:36:36Z,2.171,23.2499,3.5196,7.2762,46.499,44.723539,-0.0522,-1.206,9.54,66.9083,0.13625,17251.43343655888,0.026,0
2026-07-13T10:36:36Z,2.169,23.131,3.4809,6.9241,46.379,44.654824,-0.0576,-1.38,9.54,66.4635,0.14184,17292.841125086896,0.01,0
2026-07-13T10:36:36Z,2.167,23.0634,3.4551,6.7325,46.348,44.672975,-0.0725,-1.524,9.54,65.9151,0.14516,17372.07856961085,0.002,0
2026-07-13T10:36:36Z,2.167,23.0461,3.4659,6.8043,46.403,44.752649,-0.0882,-1.628,9.54,65.2691,0.14224,17465.591348332036,0.002,0
2026-07-13T10:36:36Z,2.167,23.0757,3.5616,6.9036,46.444,44.792989,-0.1028,-1.681,9.539,64.5024,0.14118,17477.75527524218,0.003,0
2026-07-13T10:36:36Z,2.168,23.1361,3.7052,6.8055,46.511,44.843338,-0.1197,-1.676,9.539,63.4429,0.14918,17471.35344994463,0.004,0
2026-07-13T10:36:36Z,2.172,23.1949,3.7614,6.6428,46.673,44.980519,-0.131,-1.62,9.54,61.9226,0.16232,17551.06281683385,0.007,0
2026-07-13T10:36:36Z,2.174,23.2301,3.7505,6.576,47.045,45.308995,-0.1409,-1.54,9.54,60.4032,0.1619,17840.558718280416,0.015,0
2026-07-13T10:36:36Z,2.173,23.2209,3.7475,6.545,47.58,45.767869,-0.145,-1.483,9.539,59.2688,0.16489,18305.294241093387,0.025,0
2026-07-13T10:36:36Z,2.174,23.2013,3.7505,6.6437,47.939,46.021567,-0.145,-1.451,9.539,58.1009,0.17717,18579.72754504694,0.033,0
2026-07-13T10:36:36Z,2.185,23.1849,3.7374,6.8132,48.051,46.027535,-0.1395,-1.429,9.539,56.7789,0.16926,18601.82057211337,0.037,0
2026-07-13T10:36:36Z,2.207,23.1585,3.7134,6.7837,48,45.90335,-0.1304,-1.419,9.539,55.5016,0.15136,18502.01558022852,0.038,0
2026-07-13T10:36:36Z,2.226,23.1077,3.7014,6.6966,47.852,45.726095,-0.1261,-1.445,9.539,54.187,0.14344,18372.63529742451,0.036,0
2026-07-13T10:36:36Z,2.233,22.9994,3.651,6.7168,47.788,45.661775,-0.1243,-1.514,9.537,53.0154,0.13712,18412.83482422932,0.031,0
2026-07-13T10:36:36Z,2.233,22.877,3.5531,6.7538,47.945,45.823955,-0.1226,-1.598,9.535,52.1767,0.13269,18697.757168156746,0.022,0
2026-07-13T10:36:36Z,2.232,22.7944,3.4749,6.7005,48.227,46.099993,-0.1211,-1.682,9.535,51.5317,0.13496,19064.711528088035,0.012,0
2026-07-13T10:36:36Z,2.234,22.7612,3.4472,6.5851,48.484,46.333117,-0.1226,-1.758,9.535,50.9819,0.1422,19341.532566863287,0.007,0
2026-07-13T10:36:36Z,2.238,22.764,3.4587,6.5537,48.871,46.674687,-0.1304,-1.798,9.536,50.3466,0.14765,19698.448435618655,0.008,0
2026-07-13T10:36:36Z,2.241,22.7842,3.4812,6.6285,49.573,47.309599,-0.1377,-1.804,9.536,49.6154,0.14472,20356.434532182764,0.013,0
2026-07-13T10:36:36Z,2.241,22.7984,3.5117,6.7376,50.465,48.105612,-0.1445,-1.799,9.536,49.0247,0.1428,21212.308182189878,0.018,0
2026-07-13T10:36:36Z,2.243,22.7833,3.5193,6.7112,51.105,48.61722,-0.1528,-1.786,9.536,48.5389,0.14628,21801.920722970346,0.023,0
2026-07-13T10:36:36Z,2.25,22.7485,3.4566,6.5831,51.295,48.670151,-0.1562,-1.777,9.538,47.9574,0.14533,21902.29995648311,0.024,0
2026-07-13T10:36:36Z,2.263,22.7147,3.3688,6.555,51.288,48.554958,-0.1553,-1.782,9.539,47.156,0.13624,21811.363732385293,0.024,0
2026-07-13T10:36:36Z,2.274,22.6772,3.3401,6.6445,51.221,48.430592,-0.1559,-1.802,9.539,46.3341,0.12768,21714.462162538744,0.022,0
2026-07-13T10:36:36Z,2.279,22.5756,3.3513,6.743,50.98,48.182192,-0.154,-1.841,9.539,45.6786,0.12915,21551.953600765166,0.017,0
2026-07-13T10:36:36Z,2.279,22.4263,3.3379,6.6539,50.336,47.583183,-0.1535,-1.904,9.539,44.8224,0.13463,21051.759828458296,0.01,0
2026-07-13T10:36:36Z,2.279,22.3118,3.311,6.4202,49.427,46.774879,-0.1546,-1.969,9.539,43.7251,0.13232,20288.327628397772,0.003,0
2026-07-13T10:36:36Z,2.279,22.2553,3.3006,6.3082,48.797,46.281304,-0.1563,-2.001,9.539,42.8219,0.12849,19814.68342130662,-0.002,0
2026-07-13T10:36:36Z,2.279,22.2452,3.3033,6.3588,48.769,46.376867,-0.1593,-2.012,9.538,42.2479,0.13241,19928.382537390557,-0.003,0
2026-07-13T10:36:36Z,2.277,22.2481,3.31,6.4177,48.987,46.660841,-0.1651,-2.022,9.538,41.9469,0.14095,20233.213738550832,-0.002,0
2026-07-13T10:36:36Z,2.274,22.287,3.3658,6.5082,48.976,46.66773,-0.1732,-2.011,9.539,41.6784,0.14355,20198.56882642532,-0.001,0
2026-07-13T10:36:36Z,2.274,22.4069,3.4707,6.6328,48.952,46.650642,-0.174,-1.961,9.539,41.1523,0.13706,20050.924682092565,0.002,0
2026-07-13T10:36:36Z,2.276,22.5636,3.5123,6.5932,49.066,46.771667,-0.1737,-1.902,9.54,40.4046,0.1357,20013.698798879264,0.007,0
2026-07-13T10:36:36Z,2.278,22.6492,3.4862,6.5063,49.096,46.797882,-0.1751,-1.852,9.541,39.7794,0.13885,19950.68161762992,0.015,0
2026-07-13T10:36:36Z,2.28,22.637,3.4048,6.5393,49.088,46.77716,-0.1758,-1.805,9.541,39.4433,0.13689,19941.45438162109,0.022,0
2026-07-13T10:36:36Z,2.285,22.6346,3.2693,6.5821,49.157,46.838518,-0.1694,-1.78,9.542,39.1794,0.13296,20009.766885590107,0.026,0
2026-07-13T10:36:36Z,2.297,22.6659,3.1958,6.5452,49.226,46.904907,-0.1632,-1.759,9.542,38.8257,0.12953,20047.632022594153,0.026,0
2026-07-13T10:36:36Z,2.31,22.6606,3.1655,6.4345,49.273,46.945022,-0.1608,-1.726,9.543,38.4364,0.12874,20096.39177466238,0.024,0
2026-07-13T10:36:36Z,2.317,22.6336,3.0775,6.3367000000000004,49.344,47.006125,-0.1542,-1.71,9.544,38.172,0.12789,20191.174640978843,0.019,0
2026-07-13T10:36:36Z,2.319,22.6339,2.9811,6.3197,49.419,47.072316,-0.1539,-1.703,9.545,38.039,0.12518,20262.35120796309,0.012,0
2026-07-13T10:36:36Z,2.318,22.6414,2.9483,6.3312,49.465,47.110479,-0.1532,-1.699,9.546,37.9468,0.12542,20295.534365825864,0.005,0
2026-07-13T10:36:36Z,2.317,22.6326,2.955,6.3043,49.513,47.150123,-0.1475,-1.715,9.547,37.9173,0.12678,20348.010386683833,0,0
2026-07-13T10:36:36Z,2.316,22.6238,2.9871,6.2339,49.609,47.234206,-0.1478,-1.729,9.547,37.7675,0.12539,20448.898450879246,-0.001,0
2026-07-13T10:36:36Z,2.315,22.6213,3.0456,6.198,49.761,47.365283,-0.1476,-1.728,9.548,37.426,0.12386,20594.54853311953,0,0
2026-07-13T10:36:36Z,2.315,22.615,3.0803,6.2113,49.955,47.528725,-0.1452,-1.739,9.548,37.1448,0.12391,20780.619994919933,0.002,0
2026-07-13T10:36:36Z,2.316,22.6073,3.0905,6.2243,50.214,47.750162,-0.1486,-1.758,9.548,36.9483,0.12567,21033.534060585214,0.004,0
2026-07-13T10:36:36Z,2.318,22.6037,3.1016,6.2524,50.587,48.074527,-0.1505,-1.768,9.55,36.7709,0.12742,21398.84791104913,0.008,0
2026-07-13T10:36:36Z,2.32,22.5907,3.0733,6.2784,51.183,48.593602,-0.1483,-1.784,9.552,36.6351,0.12737,22000.304780240753,0.014,0
2026-07-13T10:36:36Z,2.321,22.5688,3.0233,6.3669,52.097,49.391467,-0.1499,-1.807,9.553,36.4246,0.12997,22948.276147690474,0.022,0
2026-07-13T10:36:36Z,2.325,22.5406,2.9959,6.4354,53.014,50.165863,-0.1532,-1.81,9.552,36.032,0.13166,23902.202580275643,0.029,0
2026-07-13T10:36:36Z,2.333,22.5192,2.8504,6.2515,53.451,50.464439,-0.1526,-1.814,9.551,35.5881,0.12747,24290.55076601108,0.033,0
2026-07-13T10:36:36Z,2.35,22.4745,2.5705,5.9209,53.417,50.334605,-0.1538,-1.834,9.552,35.1881,0.12416,24191.22258848818,0.033,0
2026-07-13T10:36:36Z,2.367,22.403,2.4005,5.6824,53.243,50.119803,-0.1583,-1.842,9.553,34.7219,0.12388,24023.820736709167,0.03,0
2026-07-13T10:36:36Z,2.374,22.3234,2.3675,5.5882,53.086,49.962562,-0.157,-1.849,9.553,34.2544,0.12383,23936.484860400764,0.025,0
2026-07-13T10:36:36Z,2.374,22.1937,2.3627,5.5675,52.931,49.830279,-0.1567,-1.88,9.552,33.9237,0.1238,23943.761998688682,0.018,0
2026-07-13T10:36:36Z,2.374,22.0893,2.3765,5.6367,52.802,49.726794,-0.1611,-1.911,9.551,33.6487,0.12379,23953.19345824609,0.009,0
2026-07-13T10:36:36Z,2.375,22.0495,2.4011,5.7072,52.783,49.727254,-0.1612,-1.929,9.551,33.2514,0.12377,24005.35432890479,0.003,0
2026-07-13T10:36:36Z,2.376,22.0444,2.4019,5.6355,52.881,49.835855,-0.1598,-1.951,9.551,32.5622,0.12374,24144.504810849798,0.001,0
2026-07-13T10:36:36Z,2.376,22.0668,2.3774,5.5893,53.075,50.02401,-0.1644,-1.975,9.553,31.7679,0.12375,24345.668810440635,0.001,0
2026-07-13T10:36:36Z,2.376,22.0823,2.3639,5.6955,53.513,50.41488,-0.168,-1.99,9.555,31.1339,0.12375,24807.86362429534,0,0
2026-07-13T10:36:36Z,2.375,22.0996,2.38,5.8255,54.199,51.006055,-0.1673,-1.985,9.555,30.5745,0.12367,25525.13591431361,0,0
2026-07-13T10:36:36Z,2.375,22.1195,2.4138,5.7953,54.88,51.584078,-0.1705,-1.965,9.555,29.9091,0.12367,26234.051054521,0.001,0
2026-07-13T10:36:36Z,2.375,22.1293,2.4233,5.7394,55.663,52.260279,-0.1724,-1.955,9.556,28.9387,0.12374,27097.801759124097,0.005,0
2026-07-13T10:36:36Z,2.376,22.1175,2.3865,5.7989,57.588,53.974839,-0.1741,-1.943,9.557,27.8763,0.12374,29423.542379331662,0.013,0
2026-07-13T10:36:36Z,2.378,22.0509,2.3345,5.832,60.66,56.691609,-0.1748,-1.924,9.557,27.0433,0.12373,33446.58026022382,0.024,0
2026-07-13T10:36:36Z,2.381,21.9836,2.3271,5.9011,63.066,58.687584,-0.1705,-1.922,9.557,26.2671,0.12376,36654.411427527455,0.034,0
2026-07-13T10:36:36Z,2.391,21.9524,2.3547,6.0193,63.581,58.862434,-0.1715,-1.93,9.557,25.461,0.12383,36995.90352780977,0.04,0
2026-07-13T10:36:36Z,2.41,21.8785,2.3278,5.9628,62.547,57.661731,-0.1711,-1.938,9.556,24.6957,0.12388,35250.31189814029,0.041,0
2026-07-13T10:36:36Z,2.431,21.7569,2.2264,5.7309,61.457,56.556043,-0.1675,-1.954,9.555,23.9822,0.12383,33783.18260012998,0.037,0
2026-07-13T10:36:36Z,2.442,21.5514,2.1367,5.606,61.078,56.228208,-0.1695,-2.001,9.553,23.3742,0.12375,33666.20114432987,0.029,0
2026-07-13T10:36:36Z,2.444,21.2635,2.1084,5.6147,61.509,56.683163,-0.1712,-2.065,9.55,22.765,0.12372,34912.96821831415,0.019,0
2026-07-13T10:36:36Z,2.441,21.0381,2.108,5.5968,62.633,57.737812,-0.1726,-2.101,9.549,22.0374,0.12372,37048.924306192195,0.009,0
2026-07-13T10:36:36Z,2.438,20.9681,2.0997,5.5255,63.294,58.308987,-0.173,-2.119,9.551,21.4598,0.12382,38136.99201035017,0.003,0
2026-07-13T10:36:36Z,2.437,21.017,2.0747,5.4019,62.737,57.745459,-0.177,-2.141,9.553,21.1154,0.12387,37104.94749846436,0,0
2026-07-13T10:36:36Z,2.439,21.0848,2.0384,5.332,61.698,56.767864,-0.1858,-2.155,9.555,20.6269,0.1238,35394.65521262336,0,0
2026-07-13T10:36:36Z,2.442,21.1103,2.0098,5.3641,61.905,56.969302,-0.1872,-2.147,9.556,19.8546,0.12374,35664.28816588103,0.001,0
2026-07-13T10:36:36Z,2.444,21.0589,2.0122,5.4825,63.784,58.719943,-0.1881,-2.131,9.556,19.1769,0.12375,38628.968013777296,0.004,0
2026-07-13T10:36:36Z,2.442,21.0042,2.0423,5.6359,65.977,60.720859,-0.1912,-2.126,9.556,18.7994,0.1238,42198.97077209788,0.007,0
2026-07-13T10:36:36Z,2.44,20.9912,2.0667,5.6809,67.93,62.42266,-0.1929,-2.124,9.558,18.3875,0.12383,45313.219236542864,0.011,0
2026-07-13T10:36:36Z,2.443,21.0014,2.0577,5.5835,69.533,63.73104,-0.1918,-2.123,9.561,17.8108,0.12378,47748.992685840676,0.014,0
2026-07-13T10:36:36Z,2.45,21.0361,2.0243,5.4144,69.829,63.833147,-0.1888,-2.123,9.564,17.1613,0.12374,47851.48461073055,0.016,0
2026-07-13T10:36:36Z,2.459,21.0354,2.0202,5.378,69.119,63.085085,-0.1895,-2.119,9.567,16.2138,0.12378,46435.19046879741,0.017,0
2026-07-13T10:36:36Z,2.465,20.9637,2.0504,5.52,69.882,63.771898,-0.1896,-2.125,9.568,15.0433,0.1238,47928.2414859811,0.019,0
2026-07-13T10:36:36Z,2.468,20.8272,2.0645,5.5942,72.517,66.164268,-0.1894,-2.143,9.568,14.1944,0.12378,53060.417791543565,0.022,0
2026-07-13T10:36:36Z,2.468,20.6814,2.0249,5.4554,74.38,67.737943,-0.1909,-2.134,9.569,13.6073,0.12376,56811.77315510797,0.025,0
2026-07-13T10:36:36Z,2.469,20.597,1.9457,5.2089,74.466,67.611895,-0.19,-2.11,9.569,12.9355,0.12374,56812.016709896416,0.027,0
2026-07-13T10:36:36Z,2.479,20.6195,1.8972,5.0724,73.896,66.927755,-0.1895,-2.111,9.569,12.1802,0.12376,55283.131255899425,0.029,0
2026-07-13T10:36:36Z,2.497,20.6569,1.8885,5.1371,73.669,66.646892,-0.1942,-2.127,9.569,11.444,0.12384,54576.53440484598,0.03,0
2026-07-13T10:36:36Z,2.51,20.5547,1.9066,5.2736,74.222,67.13912,-0.1927,-2.138,9.568,10.7455,0.1239,55935.16444782835,0.03,0
2026-07-13T10:36:36Z,2.513,20.3753,1.9417,5.2543,75.297,68.113079,-0.1887,-2.154,9.566,10.0153,0.1239,58627.28035909872,0.028,0
2026-07-13T10:36:36Z,2.514,20.2539,1.9552,5.0752,76.048,68.763319,-0.1907,-2.17,9.566,9.3258,0.12387,60486.21801177959,0.023,0
2026-07-13T10:36:36Z,2.519,20.212,1.9361,4.918,75.904,68.582353,-0.1931,-2.181,9.567,8.6893,0.12388,60223.080387028334,0.017,0
2026-07-13T10:36:36Z,2.526,20.222,1.9021,4.9244,75.039,67.76799,-0.1931,-2.209,9.568,7.9133,0.12386,58376.652967919814,0.012,0
2026-07-13T10:36:36Z,2.532,20.2364,1.8686,5.0504,74.168,66.987887,-0.1943,-2.22,9.567,6.9114,0.12378,56626.38253208976,0.008,0
2026-07-13T10:36:36Z,2.534,20.2119,1.8561,5.1436,73.692,66.585542,-0.1978,-2.21,9.566,5.9544,0.12378,55838.21800734936,0.003,0
2026-07-13T10:36:36Z,2.532,20.166,1.8756,5.1287,73.451,66.398458,-0.1956,-2.229,9.566,5.2045,0.1238,55582.7658086743,-0.003,0
2026-07-13T10:36:36Z,2.527,20.1384,1.9134,5.0067,73.25,66.251023,-0.2011,-2.253,9.567,4.3827,0.12381,55354.53741179427,-0.008,0
2026-07-13T10:36:36Z,2.523,20.15,1.9464,4.8986,72.731,65.8197,-0.2036,-2.258,9.567,3.2466,0.12383,54401.652564333854,-0.009,0
2026-07-13T10:36:36Z,2.521,20.1756,1.9504,4.8805,73.308,66.393995,-0.197,-2.245,9.565,1.7925,0.12379,55542.86469445327,-0.001,0
2026-07-13T10:36:36Z,2.518,20.1915,1.9616,4.9587,75.715,68.618652,-0.2025,-2.22,9.562,0.3955,0.12374,60375.150878327026,0.015,0
2026-07-13T10:36:36Z,2.515,20.2175,1.9656,5.126,77.446,70.157628,-0.2046,-2.207,9.559,-0.7395,0.12377,63808.322776749046,0.034,0
2026-07-13T10:36:36Z,2.521,20.242,1.9239,5.2638,77.806,70.385012,-0.2045,-2.201,9.557,-1.6912,0.12378,64249.519298767635,0.05,0
2026-07-13T10:36:36Z,2.546,20.2722,1.8813,5.2589,77.801,70.287299,-0.2044,-2.201,9.556,-2.508,0.12375,63911.3018377483,0.059,0
2026-07-13T10:36:36Z,2.579,20.3319,1.8499,5.1693,77.412,69.865876,-0.1991,-2.198,9.556,-3.4738,0.1238,62721.21159658436,0.06,0
2026-07-13T10:36:36Z,2.603,20.3133,1.8359,5.1029,76.624,69.102945,-0.1997,-2.185,9.557,-4.5064,0.12389,61047.2245037229,0.055,0
2026-07-13T10:36:36Z,2.614,20.216,1.8281,5.0365,76.106,68.625795,-0.1989,-2.187,9.558,-5.4433,0.12385,60307.02009977686,0.043,0
2026-07-13T10:36:36Z,2.616,20.1616,1.8062,4.9466,76.129,68.672648,-0.1992,-2.2,9.56,-6.3692,0.12375,60599.98024355495,0.027,0
2026-07-13T10:36:36Z,2.613,20.1212,1.7872,4.9051,76.147,68.716203,-0.2006,-2.204,9.563,-7.2699,0.12376,60838.394691586305,0.014,0
2026-07-13T10:36:36Z,2.612,20.0743,1.7651,4.8412,76.121,68.707586,-0.1971,-2.209,9.566,-8.2453,0.12383,60981.84156791323,0.006,0
2026-07-13T10:36:36Z,2.615,20.0705,1.7469,4.6872,76.244,68.822694,-0.1981,-2.214,9.569,-9.4726,0.12383,61257.02065458079,0.001,0
2026-07-13T10:36:36Z,2.618,20.1007,1.7507,4.5801,76.267,68.836898,-0.2004,-2.207,9.571,-11.011,0.12378,61183.83875768182,-0.001,0
2026-07-13T10:36:36Z,2.619,20.12,1.76,4.6386,76.044,68.625088,-0.1998,-2.207,9.574,-12.5626,0.12381,60636.253150374854,-0.001,0
2026-07-13T10:36:36Z,2.617,20.1272,1.784,4.7806,75.893,68.486079,-0.1997,-2.216,9.576,-13.865,0.12387,60297.57773609754,-0.001,0
2026-07-13T10:36:36Z,2.613,20.1312,1.8086,4.8271,76.384,68.935642,-0.2019,-2.208,9.579,-15.057,0.12387,61302.02280023212,0,0
2026-07-13T10:36:36Z,2.611,20.1258,1.8084,4.8261,77.911,70.310977,-0.1996,-2.206,9.581,-16.219,0.12381,64502.62723780622,0.008,0
2026-07-13T10:36:36Z,2.611,20.1151,1.8067,4.8372,80.061,72.212907,-0.1991,-2.207,9.583,-17.3328,0.12379,69109.96090383545,0.021,0
2026-07-13T10:36:36Z,2.615,20.1118,1.7955,4.825,81.72,73.625917,-0.2029,-2.197,9.583,-18.4563,0.12377,72643.0980771538,0.034,0
2026-07-13T10:36:36Z,2.625,20.1211,1.7734,4.8142,82.233,73.983167,-0.1991,-2.193,9.584,-19.6506,0.1237,73511.10459666394,0.044,0
2026-07-13T10:36:36Z,2.646,20.1266,1.7636,4.8432,81.854,73.544573,-0.1999,-2.191,9.585,-20.8461,0.1237,72376.21854733418,0.048,0
2026-07-13T10:36:36Z,2.67,20.1067,1.7696,4.9025,81.071,72.772598,-0.2013,-2.198,9.586,-21.8981,0.12374,70524.95163508487,0.045,0
2026-07-13T10:36:36Z,2.685,20.0476,1.7624,4.8476,80.187,71.959446,-0.1984,-2.205,9.588,-22.9063,0.12373,68754.93031386452,0.037,0
2026-07-13T10:36:36Z,2.689,19.9766,1.7428,4.6916,79.479,71.340604,-0.2002,-2.202,9.59,-23.9161,0.12375,67523.7905545002,0.026,0
2026-07-13T10:36:36Z,2.688,19.9141,1.7497,4.6231,79.149,71.074509,-0.1985,-2.215,9.592,-24.8163,0.12377,67120.24219237683,0.014,0
2026-07-13T10:36:36Z,2.687,19.8635,1.7868,4.7026,78.989,70.966826,-0.2002,-2.237,9.595,-25.6164,0.12376,67054.26626471295,0.005,0
2026-07-13T10:36:36Z,2.686,19.8571,1.8177,4.8326,78.759,70.801399,-0.2022,-2.246,9.596,-26.3621,0.12376,66678.9644675598,0.002,0
2026-07-13T10:36:36Z,2.687,19.8742,1.8063,4.8961,78.554,70.663396,-0.1994,-2.246,9.597,-27.1211,0.12381,66281.42569607537,0.002,0
2026-07-13T10:36:36Z,2.688,19.8927,1.7655,4.8553,78.478,70.633074,-0.2015,-2.241,9.599,-27.8243,0.12383,66138.38606911931,0.004,0
2026-07-13T10:36:36Z,2.69,19.9163,1.7319,4.715,78.519,70.689069,-0.2043,-2.212,9.601,-28.5835,0.12377,66183.21558073282,0.007,0
2026-07-13T10:36:36Z,2.691,19.941,1.716,4.6013,78.534,70.704852,-0.2049,-2.187,9.603,-29.7619,0.12368,66127.43171074054,0.011,0
2026-07-13T10:36:36Z,2.693,19.9741,1.7072,4.6075,78.665,70.823904,-0.2039,-2.191,9.604,-31.489,0.12365,66287.29787554563,0.018,0
2026-07-13T10:36:36Z,2.696,20.0029,1.7002,4.7561,79.756,71.8107,-0.2053,-2.187,9.603,-33.4626,0.12371,68566.51432912225,0.029,0
2026-07-13T10:36:36Z,2.701,20.0132,1.6816,4.9968,81.701,73.546418,-0.2012,-2.171,9.6,-35.2123,0.12375,72852.28570502895,0.042,0
2026-07-13T10:36:36Z,2.711,20.0108,1.6646,5.0585,82.701,74.393161,-0.1965,-2.174,9.599,-36.7272,0.12378,75032.7048173051,0.052,0
2026-07-13T10:36:36Z,2.731,20.0086,1.6449,4.921,82.319,73.975472,-0.2001,-2.187,9.599,-38.0978,0.12381,73966.47895607588,0.056,0
2026-07-13T10:36:36Z,2.757,20.0179,1.5765,4.7696,81.8,73.454608,-0.1999,-2.198,9.599,-39.3954,0.12379,72599.78611468084,0.054,0
2026-07-13T10:36:36Z,2.78,20.0162,1.5037,4.6967,81.442,73.11743,-0.1955,-2.21,9.601,-40.7148,0.12376,71755.4733587383,0.046,0
2026-07-13T10:36:36Z,2.789,19.9781,1.5047,4.792,81.179,72.886347,-0.1979,-2.22,9.603,-41.9186,0.12374,71331.11301197004,0.035,0
2026-07-13T10:36:36Z,2.787,19.9218,1.5475,4.931,80.821,72.567627,-0.1994,-2.226,9.607,-43.2822,0.12369,70762.32256973459,0.02,0
2026-07-13T10:36:36Z,2.784,19.8829,1.572,4.8401,79.826,71.679279,-0.1999,-2.221,9.611,-45.1571,0.1237,68716.37905064909,0.002,0
2026-07-13T10:36:36Z,2.784,19.8808,1.5759,4.5471,78.73,70.726466,-0.2019,-2.214,9.613,-47.2075,0.12375,66407.9537807218,-0.014,0
2026-07-13T10:36:36Z,2.787,19.8891,1.5611,4.36,78.144,70.263807,-0.2018,-2.215,9.617,-48.9735,0.12375,65269.623707552484,-0.023,0
2026-07-13T10:36:36Z,2.781,19.8909,1.5436,4.3545,77.869,70.089684,-0.2035,-2.21,9.622,-50.3332,0.12375,64849.38755645553,-0.026,0
2026-07-13T10:36:36Z,2.765,19.8859,1.5716,4.5487,77.863,70.146654,-0.2025,-2.201,9.626,-51.4299,0.12376,65003.1284231115,-0.027,0
2026-07-13T10:36:36Z,2.749,19.9021,1.634,4.8636,78.221,70.507807,-0.2009,-2.202,9.63,-52.5972,0.12378,65802.81839514691,-0.025,0
2026-07-13T10:36:36Z,2.743,19.9539,1.666,4.9841,79.14,71.342019,-0.2019,-2.197,9.634,-54.0361,0.12382,67615.07692624352,-0.02,0
2026-07-13T10:36:36Z,2.743,20.0013,1.6669,4.8782,80.363,72.414969,-0.2013,-2.183,9.638,-55.6632,0.12378,70061.38511415476,-0.007,0
2026-07-13T10:36:36Z,2.745,20.0455,1.6524,4.7787,81.511,73.374177,-0.1987,-2.178,9.641,-57.2998,0.12374,72281.7919567716,0.011,0
2026-07-13T10:36:36Z,2.746,20.0742,1.641,4.8747,82.581,74.230982,-0.2004,-2.172,9.642,-58.682,0.12378,74343.40453448611,0.028,0
2026-07-13T10:36:36Z,2.75,20.0744,1.6459,5.0484,83.214,74.701052,-0.2002,-2.171,9.643,-59.9851,0.12373,75555.77365048397,0.039,0
2026-07-13T10:36:36Z,2.765,20.0614,1.6447,5.1025,83.474,74.862003,-0.1971,-2.18,9.644,-61.6122,0.12372,76030.56796792764,0.046,0
2026-07-13T10:36:36Z,2.789,20.0128,1.6101,4.9827,83.51,74.841899,-0.1986,-2.182,9.645,-63.3841,0.12382,76190.15648274594,0.048,0
2026-07-13T10:36:36Z,2.808,19.9363,1.5521,4.7617,83.406,74.712179,-0.1973,-2.176,9.647,-65.1473,0.12388,76185.5944552224,0.047,0
2026-07-13T10:36:36Z,2.818,19.874,1.5175,4.6502,83.544,74.819259,-0.1971,-2.167,9.649,-67.014,0.12384,76740.12455129444,0.044,0
2026-07-13T10:36:36Z,2.823,19.833,1.4912,4.6242,83.661,74.928705,-0.1997,-2.175,9.651,-68.7465,0.12377,77210.20521279413,0.04,0
2026-07-13T10:36:36Z,2.826,19.8028,1.4674,4.6527,83.75,75.018338,-0.1989,-2.191,9.654,-70.0919,0.12373,77582.04716711763,0.038,0
2026-07-13T10:36:36Z,2.831,19.779,1.454,4.7898,84.11,75.330852,-0.1995,-2.196,9.657,-71.1493,0.12373,78521.38702272027,0.039,0
2026-07-13T10:36:36Z,2.844,19.7678,1.4303,4.882,84.441,75.592137,-0.1968,-2.2,9.661,-72.2388,0.12372,79273.15068364557,0.039,0
2026-07-13T10:36:36Z,2.863,19.7747,1.397,4.8111,84.529,75.634493,-0.198,-2.202,9.666,-73.7151,0.12372,79355.61656734422,0.037,0
2026-07-13T10:36:36Z,2.878,19.7876,1.3756,4.6493,84.499,75.588624,-0.2011,-2.201,9.669,-75.3191,0.1238,79173.35544431683,0.033,0
2026-07-13T10:36:36Z,2.885,19.7844,1.3621,4.5659,84.601,75.67327,-0.1998,-2.208,9.671,-76.7478,0.12385,79415.66160656557,0.028,0
2026-07-13T10:36:36Z,2.885,19.755,1.3506,4.6574,85.071,76.085742,-0.2013,-2.214,9.674,-78.1691,0.12381,80667.60815101961,0.02,0
2026-07-13T10:36:36Z,2.885,19.7289,1.3612,4.8328,85.994,76.888344,-0.2017,-2.207,9.678,-79.7703,0.12381,82994.20461840114,0.015,0
2026-07-13T10:36:36Z,2.888,19.7211,1.3664,4.9098,88.576,79.146794,-0.2004,-2.197,9.683,-81.5675,0.12383,89437.420105255,0.018,0
2026-07-13T10:36:36Z,2.893,19.7177,1.3468,4.768,93.302,83.23491,-0.2018,-2.196,9.687,-83.2066,0.12383,101809.03666808632,0.029,0
2026-07-13T10:36:36Z,2.897,19.7185,1.3327,4.5205,97.357,86.507219,-0.2034,-2.19,9.692,-84.4465,0.12384,112410.68656791507,0.042,0
2026-07-13T10:36:36Z,2.905,19.7062,1.328,4.411,98.996,87.420412,-0.2016,-2.166,9.697,-85.4595,0.12385,115569.00814406229,0.05,0
2026-07-13T10:36:36Z,2.926,19.6806,1.3073,4.4345,99.064,86.960703,-0.2006,-2.138,9.702,-86.506,0.12381,114182.24559394104,0.051,0
2026-07-13T10:36:36Z,2.954,19.6484,1.2488,4.4624,97.789,85.528201,-0.2011,-2.127,9.707,-87.7223,0.12378,109613.67411977521,0.046,0
2026-07-13T10:36:36Z,2.971,19.478,1.1865,4.4743,95.652,83.58441,-0.2021,-2.147,9.711,-88.98,0.12375,104350.98008790416,0.038,0
2026-07-13T10:36:36Z,2.975,19.1389,1.1783,4.4766,93.883,82.157916,-0.2005,-2.187,9.714,-90.0111,0.12373,101826.09441354073,0.027,0
2026-07-13T10:36:36Z,2.971,18.8424,1.1915,4.4217,92.76,81.382355,-0.1983,-2.223,9.717,-90.8974,0.12373,101113.30884515228,0.014,0
2026-07-13T10:36:36Z,2.967,18.6831,1.188,4.2883,92.042,80.948532,-0.1975,-2.254,9.72,-91.7808,0.12372,100671.29287762938,0.004,0
2026-07-13T10:36:36Z,2.967,18.647,1.1771,4.162,91.618,80.728463,-0.1994,-2.283,9.724,-92.6049,0.1237,100181.83746825291,0,0
2026-07-13T10:36:36Z,2.97,18.7358,1.1685,4.1242,91.677,80.883843,-0.2047,-2.297,9.727,-93.4624,0.12375,100153.8508604602,0,0
2026-07-13T10:36:36Z,2.972,18.8705,1.175,4.2072,92.407,81.555478,-0.2068,-2.304,9.73,-94.4049,0.1238,101499.67849045826,0.002,0
2026-07-13T10:36:36Z,2.972,18.9779,1.1974,4.3455,93.397,82.362658,-0.2088,-2.309,9.735,-95.396,0.1238,103448.87692220214,0.002,0
2026-07-13T10:36:36Z,2.971,19.0607,1.2312,4.4298,94.182,82.948287,-0.2124,-2.291,9.739,-96.498,0.1238,104841.01217104886,0.002,0
2026-07-13T10:36:36Z,2.971,19.1224,1.259,4.4068,94.737,83.357563,-0.2129,-2.258,9.743,-97.6623,0.12382,105793.66727546752,0.001,0
2026-07-13T10:36:36Z,2.971,19.1471,1.2425,4.2731,95.319,83.813127,-0.2122,-2.236,9.746,-98.7188,0.12382,107131.66309327276,0.001,0
2026-07-13T10:36:36Z,2.972,19.0966,1.1819,4.1794,95.822,84.19516,-0.2151,-2.216,9.75,-99.5495,0.12377,108711.94780832254,0.001,0
2026-07-13T10:36:36Z,2.973,19.0207,1.1333,4.2643,95.997,84.287739,-0.2131,-2.193,9.754,-100.2204,0.12375,109504.7863930999,0.002,0
2026-07-13T10:36:36Z,2.973,18.9856,1.1379,4.4108,95.98,84.232779,-0.2084,-2.18,9.756,-100.8936,0.12375,109546.25887988189,0.002,0
2026-07-13T10:36:36Z,2.973,18.9631,1.1707,4.4484,96.065,84.29382,-0.2076,-2.176,9.759,-101.6665,0.12375,109895.28131685634,0.002,0
2026-07-13T10:36:36Z,2.973,18.9294,1.1726,4.3431,96.315,84.516935,-0.2063,-2.179,9.762,-102.5962,0.12373,110863.5924727666,0.003,0
2026-07-13T10:36:36Z,2.973,18.8919,1.1603,4.1972,96.533,84.704345,-0.2032,-2.197,9.765,-103.4447,0.12372,111742.39503797825,0.005,0
2026-07-13T10:36:36Z,2.974,18.8702,1.1801,4.1524,96.645,84.778884,-0.2023,-2.215,9.767,-104.1831,0.12379,112138.17972041738,0.007,0
2026-07-13T10:36:36Z,2.977,18.8648,1.1951,4.1439,96.973,85.036516,-0.2029,-2.225,9.771,-105.157,0.12385,113052.44271730499,0.012,0
2026-07-13T10:36:36Z,2.981,18.8715,1.1843,4.1619,97.651,85.59312,-0.2012,-2.233,9.775,-106.3576,0.12381,114920.04716442387,0.022,0
2026-07-13T10:36:36Z,2.985,18.8751,1.174,4.2343,98.238,86.038557,-0.2047,-2.24,9.777,-107.6003,0.12376,116439.85312389799,0.032,0
2026-07-13T10:36:36Z,2.99,18.8561,1.1782,4.2332,98.473,86.160506,-0.2064,-2.241,9.779,-108.6526,0.12377,116995.30534353592,0.04,0
2026-07-13T10:36:36Z,3.003,18.8396,1.1947,4.1827,98.49,86.113361,-0.2068,-2.226,9.781,-109.2735,0.12377,116944.04704715381,0.044,0
2026-07-13T10:36:36Z,3.025,18.8299,1.1983,4.1359,98.369,85.977319,-0.2078,-2.202,9.784,-109.7727,0.12374,116535.87192562387,0.043,0
2026-07-13T10:36:36Z,3.044,18.791,1.1465,4.0091,98.09,85.724149,-0.2089,-2.212,9.786,-110.38720000000001,0.12374,115920.12781018976,0.038,0
2026-07-13T10:36:36Z,3.052,18.7375,1.0603,3.8109,97.713,85.405771,-0.2094,-2.243,9.788,-110.9383,0.12374,115178.0109255389,0.03,0
2026-07-13T10:36:36Z,3.053,18.7049,1.0211,3.7208,97.346,85.117372,-0.2088,-2.244,9.79,-111.5308,0.12374,114399.68231064989,0.019,0
2026-07-13T10:36:36Z,3.052,18.6955,1.0226,3.7743,96.985,84.845018,-0.2038,-2.241,9.792,-112.1307,0.12378,113523.42595483726,0.008,0
2026-07-13T10:36:36Z,3.051,18.6886,1.0358,3.9106,96.718,84.657011,-0.2045,-2.247,9.793,-112.5132,0.12379,112923.46902232117,0.002,0
2026-07-13T10:36:36Z,3.051,18.6927,1.0558,4.0712,96.707,84.688781,-0.2126,-2.258,9.797,-112.8861,0.12378,113005.20123290429,-0.001,0
2026-07-13T10:36:36Z,3.052,18.7133,1.0648,4.1104,96.779,84.783977,-0.2081,-2.277,9.801,-113.4562,0.12374,113194.8017512161,-0.002,0
2026-07-13T10:36:36Z,3.052,18.7365,1.0533,4.0081,96.761,84.790402,-0.2086,-2.278,9.803,-114.1578,0.12378,113062.37565858084,-0.002,0
2026-07-13T10:36:36Z,3.051,18.7605,1.0085,3.8594,96.782,84.830094,-0.2098,-2.27,9.806,-115.002,0.12386,113038.81758003091,-0.002,0
2026-07-13T10:36:36Z,3.05,18.7831,0.9643,3.7819,96.827,84.882292,-0.2087,-2.263,9.809,-115.834,0.12385,113067.40281745311,-0.002,0
2026-07-13T10:36:36Z,3.048,18.8017,0.9681,3.8567,96.8,84.849105,-0.2139,-2.248,9.811,-116.4733,0.1238,112830.30434784158,-0.001,0
2026-07-13T10:36:36Z,3.047,18.8091,1.0042,3.944,96.848,84.874055,-0.2116,-2.237,9.812,-116.9668,0.12373,112866.54525283951,0,0
2026-07-13T10:36:36Z,3.047,18.8205,1.0354,3.9484,97.21,85.183931,-0.2111,-2.237,9.815,-117.4142,0.12368,113853.0286812997,0.002,0
2026-07-13T10:36:36Z,3.048,18.8349,1.0373000000000001,3.8759,97.787,85.669913,-0.211,-2.235,9.818,-118.0102,0.1237,115433.31181887552,0.002,0
2026-07-13T10:36:36Z,3.051,18.8245,1.0179,3.751,98.214,85.979533,-0.209,-2.226,9.822,-118.8391,0.12375,116580.58240705534,0.003,0
2026-07-13T10:36:36Z,3.053,18.8091,1.01,3.7022,98.643,86.255948,-0.2079,-2.244,9.824,-119.6931,0.12374,117653.4840930853,0.006,0
2026-07-13T10:36:36Z,3.052,18.8113,1.0089,3.7642,99.295,86.721958,-0.2077,-2.264,9.827,-120.3329,0.12374,119279.98524039742,0.011,0
2026-07-13T10:36:36Z,3.051,18.8107,1.0206,3.9197,99.854,87.097598,-0.2096,-2.256,9.832,-120.8107,0.12376,120617.79638868746,0.017,0
2026-07-13T10:36:36Z,3.053,18.7744,1.0507,4.0792,100.156,87.235453,-0.2051,-2.243,9.835,-121.255,0.12376,121368.43215071745,0.021,0
2026-07-13T10:36:36Z,3.063,18.7145,1.0652,4.1217,100.222,87.179964,-0.2091,-2.23,9.837,-121.6604,0.12373,121598.06090606417,0.024,0
2026-07-13T10:36:36Z,3.078,18.6664,1.047,4.0575,100.011,86.935426,-0.2137,-2.23,9.84,-122.099,0.1237,121065.24944460031,0.024,0
2026-07-13T10:36:36Z,3.088,18.6122,1.0046,3.8843,99.722,86.695902,-0.2098,-2.25,9.842,-122.5996,0.1237,120593.9035349378,0.021,0
2026-07-13T10:36:36Z,3.09,18.5438,0.969,3.7007,99.648,86.701139,-0.2107,-2.254,9.844,-123.1541,0.12372,121100.70733181875,0.016,0
2026-07-13T10:36:36Z,3.09,18.4794,0.958,3.6485,99.894,86.998843,-0.2086,-2.234,9.845,-123.7266,0.12377,122639.37196491889,0.01,0
2026-07-13T10:36:36Z,3.089,18.4439,0.9707,3.7305,100.39,87.496628,-0.2077,-2.234,9.846,-124.1011,0.12378,124714.66152767677,0.006,0
2026-07-13T10:36:36Z,3.089,18.4533,0.9983,3.8044,100.937,88.012599,-0.2118,-2.246,9.847,-124.4131,0.12373,126545.41356472696,0.005,0
2026-07-13T10:36:36Z,3.09,18.4966,1.0169,3.7566,101.161,88.211983,-0.213,-2.247,9.847,-124.917,0.12374,126958.70470271535,0.006,0
2026-07-13T10:36:36Z,3.093,18.5466,1.0119,3.6649,101.098,88.126168,-0.2071,-2.251,9.848,-125.4619,0.12382,126267.32336556847,0.007,0
2026-07-13T10:36:36Z,3.097,18.5771,0.9964,3.6174,101.284,88.247269,-0.2084,-2.234,9.851,-125.8395,0.1238,126486.12597513667,0.008,0
2026-07-13T10:36:36Z,3.1,18.5992,0.971,3.6616,101.274,88.213004,-0.2115,-2.206,9.853,-126.1267,0.12377,126194.98172209974,0.009,0
2026-07-13T10:36:36Z,3.1,18.604,0.9218,3.7553,100.552,87.584543,-0.2086,-2.208,9.855,-126.6113,0.12382,123859.61846534756,0.008,0
2026-07-13T10:36:36Z,3.101,18.5804,0.8918,3.7934,100.025,87.137204,-0.212,-2.223,9.857,-127.2252,0.1238,122409.00297565095,0.007,0
2026-07-13T10:36:36Z,3.105,18.5577,0.9168,3.7803,100.171,87.257264,-0.21,-2.222,9.859,-127.7839,0.12372,123008.19045906741,0.005,0
2026-07-13T10:36:36Z,3.108,18.5409,0.9576,3.7343,100.421,87.44588,-0.2044,-2.228,9.861,-128.3769,0.12371,123816.29674841613,0.005,0
2026-07-13T10:36:36Z,3.108,18.5436,0.9689,3.6458,100.456,87.445723,-0.2064,-2.251,9.862,-129.0599,0.12375,123795.97263996325,0.005,0
2026-07-13T10:36:36Z,3.108,18.5598,0.9449,3.5644,100.405,87.38255,-0.2093,-2.258,9.864,-129.7614,0.12378,123447.79619063948,0.004,0
2026-07-13T10:36:36Z,3.108,18.5547,0.9097,3.4682,100.486,87.445383,-0.2076,-2.249,9.867,-130.32,0.1238,123713.5737545386,0.002,0
2026-07-13T10:36:36Z,3.109,18.535,0.8931,3.4055,100.707,87.632906,-0.2072,-2.247,9.869,-130.7372,0.12386,124542.20369558087,0.002,0
2026-07-13T10:36:36Z,3.11,18.5173,0.9019,3.4886,100.912,87.805097,-0.212,-2.251,9.872,-131.106,0.12389,125303.85703065436,0.002,0
2026-07-13T10:36:36Z,3.11,18.5077,0.925,3.6539,101.009,87.873376,-0.2121,-2.248,9.874,-131.5097,0.12388,125626.01179955916,0.003,0
2026-07-13T10:36:36Z,3.111,18.5067,0.9472,3.7299,101.062,87.88591,-0.2103,-2.242,9.876,-132.0053,0.12387,125679.55502445318,0.003,0
2026-07-13T10:36:36Z,3.112,18.5048,0.9539,3.6562,101.112,87.892987,-0.2101,-2.239,9.877,-132.3654,0.12382,125719.72108645806,0.003,0
2026-07-13T10:36:36Z,3.113,18.5024,0.9318,3.514,101.362,88.086117,-0.2114,-2.238,9.878,-132.5949,0.12378,126449.70773195836,0.004,0
2026-07-13T10:36:36Z,3.113,18.4977,0.8952,3.4111,102.07,88.694208,-0.2108,-2.236,9.879,-132.8868,0.12384,128743.93145624183,0.005,0
2026-07-13T10:36:36Z,3.113,18.4778,0.8776,3.4031,102.801,89.329066,-0.2097,-2.23,9.88,-133.0558,0.12386,131283.24233657354,0.006,0
2026-07-13T10:36:36Z,3.114,18.4557,0.8938,3.5192,103.253,89.718528,-0.2102,-2.22,9.881,-133.0889,0.12381,132935.14548449533,0.006,0
2026-07-13T10:36:36Z,3.118,18.4432,0.9421,3.722,103.627,90.031348,-0.2096,-2.215,9.883,-133.2017,0.12376,134230.64759834664,0.005,0
2026-07-13T10:36:36Z,3.121,18.4422,0.9955,3.8731,103.911,90.248413,-0.21,-2.223,9.886,-133.3869,0.12374,135073.15957740776,0.003,0
2026-07-13T10:36:36Z,3.121,18.4439,1.0226,3.9461,104.076,90.307145,-0.2093,-2.237,9.888,-133.5208,0.12376,135285.8913796422,0.002,0
2026-07-13T10:36:36Z,3.12,18.4433,1.0111,3.8869,104.021,90.105149,-0.2082,-2.242,9.891,-133.7032,0.12375,134513.22358275307,0.001,0
2026-07-13T10:36:36Z,3.118,18.4362,0.9907,3.6701,103.741,89.714499,-0.2071,-2.233,9.893,-134.0429,0.12368,133073.38058879183,0,0
2026-07-13T10:36:36Z,3.118,18.4299,0.9932,3.4777,103.447,89.400867,-0.2085,-2.24,9.894,-134.2727,0.12361,131928.63463063975,0,0
2026-07-13T10:36:36Z,3.119,18.4001,1.0077,3.4043,103.31,89.303096,-0.2101,-2.264,9.895,-134.4169,0.1236,131790.13282767072,0.001,0
2026-07-13T10:36:36Z,3.12,18.3052,1.0399,3.5001,103.768,89.741154,-0.2119,-2.265,9.896,-134.7534,0.12366,134213.77884325435,0.004,0
2026-07-13T10:36:36Z,3.122,18.2143,1.066,3.7478,105.058,90.880195,-0.2097,-2.246,9.898,-135.1583,0.12372,139393.49307997868,0.008,0
2026-07-13T10:36:36Z,3.123,18.1917,1.0493,3.9402,106.539,92.132102,-0.2096,-2.231,9.9,-135.5267,0.12373,144584.8152772584,0.014,0
2026-07-13T10:36:36Z,3.124,18.2152,1.013,3.9137,107.339,92.725449,-0.2149,-2.213,9.902,-135.9386,0.1237,146788.8399990456,0.022,0
2026-07-13T10:36:36Z,3.129,18.2409,0.9938,3.8022,108.134,93.282151,-0.2139,-2.201,9.903,-136.4381,0.12369,148840.78974656345,0.031,0
2026-07-13T10:36:36Z,3.139,18.2544,0.9916,3.822,109.716,94.472203,-0.2109,-2.207,9.904,-136.9206,0.12374,153655.62338744273,0.041,0
2026-07-13T10:36:36Z,3.153,18.2517,0.9778,3.8803,110.919,95.214636,-0.2106,-2.212,9.906,-137.2979,0.12382,156809.39418088572,0.048,0
2026-07-13T10:36:36Z,3.169,18.1901,0.9605,3.8918,111.078,95.004316,-0.2087,-2.214,9.908,-137.7309,0.12386,156491.8899338942,0.048,0
2026-07-13T10:36:36Z,3.187,18.1277,0.9653,3.9615,110.823,94.537848,-0.2065,-2.221,9.91,-138.1983,0.12384,155096.63413171476,0.043,0
2026-07-13T10:36:36Z,3.203,18.0791,0.9776,4.0058,110.559,94.219722,-0.2089,-2.221,9.911,-138.5607,0.12382,154202.5935166849,0.033,0
2026-07-13T10:36:36Z,3.209,17.9291,0.9683,3.8804,110.158,93.894082,-0.21,-2.227,9.913,-138.9295,0.12382,154209.6310078319,0.022,0
2026-07-13T10:36:36Z,3.208,17.7381,0.9438,3.6745,109.723,93.591358,-0.2096,-2.253,9.914,-139.3877,0.12383,154692.50736055785,0.012,0
2026-07-13T10:36:36Z,3.204,17.6202,0.9219,3.4975,109.42,93.423094,-0.2129,-2.268,9.914,-139.7992,0.12383,155071.52651626972,0.003,0
2026-07-13T10:36:36Z,3.203,17.5895,0.8953,3.4147,109.08,93.196014,-0.2117,-2.265,9.916,-140.0324,0.12373,154387.37126957148,-0.002,0
2026-07-13T10:36:36Z,3.202,17.6081,0.864,3.4592,108.919,93.072924,-0.2111,-2.262,9.919,-140.1433,0.12367,153690.72616216828,-0.002,0
2026-07-13T10:36:36Z,3.202,17.6383,0.8514,3.5224,109.164,93.271074,-0.2157,-2.256,9.921,-140.2793,0.1237,154254.53872385915,-0.001,0
2026-07-13T10:36:36Z,3.203,17.6912,0.8683,3.5647,109.534,93.555631,-0.217,-2.246,9.923,-140.4715,0.12368,154976.17369130003,0,0
2026-07-13T10:36:36Z,3.205,17.7268,0.9008,3.6629,109.708,93.650029,-0.215,-2.237,9.926,-140.7468,0.12369,155047.48733781266,0,0
2026-07-13T10:36:36Z,3.205,17.7227,0.9118,3.7188,109.757,93.648771,-0.21560000000000001,-2.226,9.928,-141.0269,0.1237,155080.28121992497,-0.001,0
2026-07-13T10:36:36Z,3.204,17.7195,0.8847,3.6262,110.007,93.858516,-0.2152,-2.242,9.93,-141.2772,0.12371,156006.36213308034,-0.002,0
2026-07-13T10:36:36Z,3.203,17.7077,0.8563,3.4997,110.326,94.149774,-0.2132,-2.277,9.931,-141.6215,0.12375,157367.68935374898,-0.002,0
2026-07-13T10:36:36Z,3.202,17.6753,0.8679,3.4541,110.281,94.115983,-0.2143,-2.283,9.933,-142.007,0.12379,157528.5115517003,-0.002,0
2026-07-13T10:36:36Z,3.2,17.649,0.9085,3.5183,110.034,93.895395,-0.2108,-2.269,9.936,-142.4968,0.12383,156826.97735647816,-0.001,0
2026-07-13T10:36:36Z,3.199,17.6507,0.931,3.661,109.964,93.837086,-0.212,-2.256,9.939,-143.2416,0.12385,156560.27088631783,0.003,0
2026-07-13T10:36:36Z,3.2,17.6697,0.932,3.745,110.338,94.174573,-0.2195,-2.246,9.941,-144.0426,0.12384,157834.30772224642,0.01,0
2026-07-13T10:36:36Z,3.202,17.6702,0.9458,3.7471,111.146,94.857848,-0.2177,-2.238,9.942,-144.6101,0.12384,160795.85814959972,0.02,0
2026-07-13T10:36:36Z,3.204,17.6594,0.9649,3.6874,111.836,95.353176,-0.216,-2.23,9.944,-144.941,0.12384,163073.27793306953,0.029,0
2026-07-13T10:36:36Z,3.213,17.659,0.9552,3.5352,112.155,95.454372,-0.2153,-2.224,9.946,-145.1184,0.12379,163523.3615985569,0.034,0
2026-07-13T10:36:36Z,3.23,17.6724,0.9189,3.4099,112.277,95.381157,-0.2137,-2.225,9.948,-145.2923,0.12374,163069.09389201138,0.034,0
2026-07-13T10:36:36Z,3.247,17.687,0.8921,3.4018,112.329,95.294997,-0.2134,-2.231,9.951,-145.5804,0.12381,162547.27339994037,0.031,0
2026-07-13T10:36:36Z,3.255,17.6421,0.8901,3.506,112.337,95.23975,-0.2127,-2.247,9.953,-145.9354,0.12391,162743.2544464599,0.025,0
2026-07-13T10:36:36Z,3.257,17.5495,0.8863,3.6459,112.326,95.22219,-0.2119,-2.261,9.955,-146.3999,0.1239,163574.90506996677,0.017,0
2026-07-13T10:36:36Z,3.256,17.4634,0.8798,3.6919,112.296,95.209951,-0.213,-2.252,9.956,-146.8959,0.12385,164371.45347221167,0.008,0
2026-07-13T10:36:36Z,3.254,17.4016,0.8941,3.6861,112.137,95.091788,-0.2135,-2.261,9.958,-147.1998,0.12378,164458.60129394347,0.002,0
2026-07-13T10:36:36Z,3.254,17.3766,0.9095,3.6442,111.783,94.811703,-0.2146,-2.285,9.96,-147.4068,0.12374,163460.22023276094,-0.001,0
2026-07-13T10:36:36Z,3.255,17.3801,0.8908,3.5273,111.368,94.496209,-0.2193,-2.289,9.962,-147.678,0.12379,162028.45926011042,-0.001,0
2026-07-13T10:36:36Z,3.256,17.3887,0.8519,3.4343,111.1,94.331734,-0.214,-2.293,9.964,-148.0705,0.12381,161219.23734517198,0,0
2026-07-13T10:36:36Z,3.256,17.3955,0.8392,3.4073,110.96,94.286741,-0.21560000000000001,-2.308,9.965,-148.5388,0.1238,160955.13958994977,-3.081e-10,0
2026-07-13T10:36:36Z,3.255,17.4021,0.8621,3.44,110.864,94.270472,-0.2209,-2.316,9.966,-148.9519,0.12379,160819.52524463026,-3.389e-9,0
2026-07-13T10:36:36Z,3.254,17.4153,0.8785,3.4886,110.866,94.326012,-0.2186,-2.305,9.968,-149.2798,0.12376,160935.43987683865,-3.728e-8,0
2026-07-13T10:36:36Z,3.254,17.448,0.879,3.4819,110.955,94.449265,-0.219,-2.277,9.97,-149.4916,0.12376,161159.43203936866,-4.101e-7,0
2026-07-13T10:36:36Z,3.254,17.4848,0.8928,3.4275,110.957,94.488076,-0.221,-2.255,9.972,-149.706,0.12379,160972.4884656708,0,0
2026-07-13T10:36:36Z,3.255,17.514,0.9034,3.3772,110.841,94.413509,-0.2223,-2.254,9.973,-149.8935,0.12376,160363.03440183582,-0,0
2026-07-13T10:36:36Z,3.255,17.5368,0.8838,3.3858,110.773,94.374966,-0.2209,-2.252,9.975,-149.9515,0.12374,159974.6061347588,-0.001,0
2026-07-13T10:36:36Z,3.255,17.5592,0.8551,3.4292,110.789,94.403882,-0.2174,-2.23,9.977,-149.9772,0.12379,159885.09901737553,-0.001,0
2026-07-13T10:36:36Z,3.254,17.5779,0.8483,3.4583,110.746,94.381344,-0.2138,-2.195,9.979,-150.0317,0.12387,159607.0488383017,-0.001,0
2026-07-13T10:36:36Z,3.252,17.5856,0.8594,3.5326,110.536,94.229745,-0.2155,-2.181,9.98,-150.1804,0.12391,158873.92168768012,-0.002,0
2026-07-13T10:36:36Z,3.252,17.5944,0.8807,3.6451,110.173,93.9709,-0.21560000000000001,-2.202,9.983,-150.3989,0.12382,157668.775353177,-0.002,0
2026-07-13T10:36:36Z,3.253,17.603,0.8982,3.6908,109.66,93.606187,-0.2135,-2.225,9.985,-150.6939,0.12373,156016.75642860486,-0.001,0
2026-07-13T10:36:36Z,3.253,17.6043,0.8959,3.6064,109.36,93.447162,-0.2087,-2.225,9.987,-151.0801,0.12374,155322.86355082135,0.003,0
2026-07-13T10:36:36Z,3.252,17.6159,0.8939,3.4452,110.002,94.084488,-0.206,-2.22,9.988,-151.4556,0.1238,157955.7204530391,0.012,0
2026-07-13T10:36:36Z,3.252,17.6395,0.8912,3.381,111.195,95.076012,-0.2101,-2.229,9.991,-151.7062,0.12385,162048.8832659446,0.023,0
2026-07-13T10:36:36Z,3.254,17.6722,0.8713,3.4113,111.931,95.508528,-0.2133,-2.246,9.994,-151.7869,0.12381,163632.54923656472,0.033,0
2026-07-13T10:36:36Z,3.266,17.7161,0.8534,3.4357,112.21,95.495612,-0.212,-2.25,9.997,-151.9153,0.12374,163144.7103289261,0.038,0
2026-07-13T10:36:36Z,3.288,17.7799,0.8484,3.5394,112.274,95.364984,-0.2104,-2.234,9.999,-152.2259,0.12369,161949.17260855305,0.038,0
2026-07-13T10:36:36Z,3.307,17.7865,0.853,3.7085,112.198,95.201631,-0.2114,-2.219,10.001,-152.6172,0.12368,161171.82167670794,0.033,0
2026-07-13T10:36:36Z,3.313,17.6655,0.8588,3.7721,112.122,95.111344,-0.2146,-2.222,10.003,-153.0325,0.12367,161950.70355773595,0.024,0
2026-07-13T10:36:36Z,3.313,17.5324,0.852,3.6941,111.869,94.909682,-0.2161,-2.244,10.004,-153.46190000000001,0.12363,162362.77360095756,0.011,0
2026-07-13T10:36:36Z,3.31,17.4529,0.8215,3.516,111.398,94.545171,-0.2134,-2.253,10.005,-153.937,0.12366,161533.5477803308,-0.003,0
2026-07-13T10:36:36Z,3.308,17.4082,0.7978,3.327,111.205,94.458627,-0.2121,-2.254,10.007,-154.3892,0.12369,161588.14283935432,-0.012,0
2026-07-13T10:36:36Z,3.304,17.4047,0.8153,3.2868,111.432,94.754287,-0.2116,-2.286,10.007,-154.7131,0.12369,162928.6616811328,-0.014,0
2026-07-13T10:36:36Z,3.297,17.4155,0.8329,3.338,111.869,95.192882,-0.21560000000000001,-2.309,10.008,-154.928,0.12368,164771.0520188965,-0.012,0
2026-07-13T10:36:36Z,3.29,17.4229,0.8447,3.3318,112.389,95.625346,-0.2174,-2.299,10.011,-155.095,0.12365,166631.88264317415,-0.008,0
2026-07-13T10:36:36Z,3.289,17.4595,0.8746,3.4843,112.668,95.783057,-0.2128,-2.293,10.014,-155.3557,0.12365,166971.61318486597,-0.003,0
2026-07-13T10:36:36Z,3.291,17.5198,0.9028,3.7816,112.61,95.635975,-0.2192,-2.289,10.014,-155.7566,0.12371,165708.39114608712,0.002,0
2026-07-13T10:36:36Z,3.295,17.5561,0.9113,3.8527,112.527,95.501456,-0.223,-2.267,10.015,-156.1568,0.12372,164748.0049162334,0.006,0
2026-07-13T10:36:36Z,3.299,17.5511,0.9023,3.7975,112.615,95.556574,-0.2182,-2.232,10.017,-156.4944,0.12371,165042.73240279127,0.007,0
2026-07-13T10:36:36Z,3.302,17.5053,0.8697,3.7288,112.828,95.729644,-0.2194,-2.208,10.019,-156.7411,0.12371,166272.03375102414,0.006,0
2026-07-13T10:36:36Z,3.302,17.4514,0.8158,3.6031,113.043,95.875779,-0.2197,-2.205,10.022,-156.9031,0.12372,167470.13153829097,0.005,0
2026-07-13T10:36:36Z,3.301,17.423,0.7836,3.5418,113.171,95.923372,-0.2178,-2.215,10.024,-156.9898,0.12374,167972.00879336416,0.003,0
2026-07-13T10:36:36Z,3.301,17.419,0.7962,3.5341,113.226,95.923166,-0.213,-2.223,10.026,-157.1019,0.12372,168011.64182712135,0.003,0
2026-07-13T10:36:36Z,3.302,17.4254,0.8276,3.6111,113.271,95.936862,-0.2106,-2.222,10.028,-157.3974,0.12368,168008.53036001828,0.003,0
2026-07-13T10:36:36Z,3.303,17.4085,0.8389,3.7218,113.322,95.961668,-0.211,-2.238,10.029,-157.7242,0.12373,168292.07284164257,0.003,0
2026-07-13T10:36:36Z,3.305,17.3718,0.8239,3.6767,113.357,95.968516,-0.212,-2.268,10.029,-157.9553,0.12379,168696.52134531486,0.004,0
2026-07-13T10:36:36Z,3.307,17.3499,0.8134,3.544,113.37,95.955997,-0.2146,-2.283,10.03,-158.1263,0.12378,168863.14796206667,0.004,0
2026-07-13T10:36:36Z,3.307,17.344,0.8108,3.4836,113.378,95.937545,-0.2118,-2.273,10.031,-158.2438,0.12375,168839.7018544429,0.003,0
2026-07-13T10:36:36Z,3.307,17.3372,0.7927,3.5274,113.4,95.936304,-0.214,-2.252,10.034,-158.4294,0.12374,168903.48715297403,0.001,0
2026-07-13T10:36:36Z,3.307,17.3257,0.778,3.561,113.479,96.004609,-0.2189,-2.246,10.036,-158.8218,0.1237,169331.16281445784,0.001,0
2026-07-13T10:36:36Z,3.307,17.3164,0.7905,3.5495,113.752,96.254284,-0.2195,-2.251,10.037,-159.3741,0.12374,170563.92107961787,0.005,0
2026-07-13T10:36:36Z,3.307,17.3042,0.8194,3.6275,114.332,96.727713,-0.2192,-2.245,10.039,-159.8584,0.12377,172861.20094591953,0.014,0
2026-07-13T10:36:36Z,3.307,17.2919,0.8361,3.7173,114.886,97.08295,-0.2152,-2.235,10.042,-160.2041,0.12373,174631.48192138784,0.024,0
2026-07-13T10:36:36Z,3.311,17.2915,0.8257,3.6447,115.047,97.048959,-0.2151,-2.238,10.044,-160.4561,0.12375,174478.2168334501,0.031,0
2026-07-13T10:36:36Z,3.326,17.3082,0.81,3.5012,114.928,96.825652,-0.2171,-2.256,10.046,-160.6678,0.12384,173270.5652638945,0.033,0
2026-07-13T10:36:36Z,3.346,17.3171,0.8044,3.4162,114.714,96.610305,-0.2157,-2.26,10.048,-161.0442,0.12391,172186.7226340618,0.033,0
2026-07-13T10:36:36Z,3.358,17.2601,0.8088,3.4028,114.54,96.481729,-0.2142,-2.248,10.05,-161.5656,0.12395,172189.7909334542,0.028,0
2026-07-13T10:36:36Z,3.361,17.162,0.8131,3.4078,114.502,96.480267,-0.2144,-2.251,10.051,-162.0666,0.1239,173209.5197761067,0.019,0
2026-07-13T10:36:36Z,3.36,17.1045,0.8143,3.3743,114.613,96.592673,-0.2182,-2.254,10.051,-162.6289,0.1238,174337.07354088023,0.008,0
2026-07-13T10:36:36Z,3.358,17.0976,0.8321,3.4086,114.816,96.758936,-0.2192,-2.241,10.053,-163.2882,0.1238,175184.69874584215,-0.002,0
2026-07-13T10:36:36Z,3.356,17.1116,0.8449,3.4801,114.936,96.83584,-0.2151,-2.237,10.055,-164.0142,0.12385,175394.5712073588,-0.005,0
2026-07-13T10:36:36Z,3.353,17.1289,0.8277,3.4193,114.955,96.822417,-0.217,-2.262,10.058,-164.7822,0.12383,175147.95233260503,-0.005,0
2026-07-13T10:36:36Z,3.351,17.1381,0.816,3.2535,115.007,96.851171,-0.2183,-2.291,10.06,-165.4324,0.12378,175184.19434732717,-0.002,0
2026-07-13T10:36:36Z,3.35,17.136,0.82,3.15,115.102,96.928904,-0.2153,-2.297,10.06,-165.8531,0.1237,175569.07549326544,0,0
2026-07-13T10:36:36Z,3.352,17.1232,0.8173,3.227,115.194,96.998572,-0.2145,-2.303,10.062,-165.9972,0.12368,176031.07857801203,0.001,0
2026-07-13T10:36:36Z,3.355,17.1059,0.808,3.3304,115.296,97.057095,-0.2175,-2.313,10.064,-166.2282,0.12368,176490.0905214629,0.003,0
2026-07-13T10:36:36Z,3.356,17.0996,0.8077,3.3409,115.43,97.127319,-0.2229,-2.308,10.067,-166.7537,0.12372,176886.95364068376,0.007,0
2026-07-13T10:36:36Z,3.355,17.1027,0.8305,3.3887,115.655,97.274804,-0.2206,-2.298,10.069,-167.103,0.12376,177546.46594153458,0.012,0
2026-07-13T10:36:36Z,3.355,17.1022,0.8424,3.4979,115.908,97.440103,-0.2215,-2.288,10.071,-167.268,0.1238,178330.33449309005,0.019,0
2026-07-13T10:36:36Z,3.358,17.0899,0.8188,3.5683,116.097,97.534768,-0.2242,-2.261,10.072,-167.4583,0.12384,178910.67515330127,0.025,0
2026-07-13T10:36:36Z,3.368,17.0658,0.8024,3.5567,116.246,97.591933,-0.223,-2.229,10.075,-167.5963,0.1238,179443.4824910068,0.03,0
2026-07-13T10:36:36Z,3.383,17.0502,0.8023,3.529,116.273,97.558385,-0.2211,-2.222,10.078,-167.7318,0.12378,179454.58806089524,0.033,0
2026-07-13T10:36:36Z,3.396,17.034,0.8007,3.5747,116.175,97.447296,-0.222,-2.221,10.08,-167.8059,0.1238,179104.75595834688,0.033,0
2026-07-13T10:36:36Z,3.404,17.001,0.799,3.6648,116.028,97.330691,-0.2192,-2.221,10.08,-167.8049,0.12377,178911.6295940598,0.028,0
2026-07-13T10:36:36Z,3.41,16.9716,0.7989,3.6955,115.871,97.230483,-0.2134,-2.237,10.081,-167.8911,0.12372,178756.76553100758,0.019,0
2026-07-13T10:36:36Z,3.413,16.9436,0.8161,3.7077,115.771,97.190392,-0.2155,-2.26,10.082,-168.0739,0.12367,178871.4485673743,0.01,0
2026-07-13T10:36:36Z,3.413,16.929,0.8322,3.7441,115.767,97.227877,-0.2148,-2.274,10.083,-168.2949,0.12372,179208.5066441291,0.003,0
2026-07-13T10:36:36Z,3.411,16.936,0.8191,3.6909,115.829,97.301892,-0.214,-2.283,10.084,-168.4118,0.1238,179483.7563396088,-0.001,0
2026-07-13T10:36:36Z,3.408,16.9494,0.7993,3.5433,115.928,97.38525,-0.2159,-2.284,10.085,-168.455,0.12378,179733.58054075553,-0.002,0
2026-07-13T10:36:36Z,3.406,16.9721,0.7923,3.4284,116.05,97.472023,-0.2194,-2.274,10.086,-168.6451,0.12375,179897.85203267421,-0.002,0
2026-07-13T10:36:36Z,3.406,16.9922,0.8017,3.4292,116.143,97.523656,-0.2197,-2.274,10.089,-168.9031,0.12376,179923.3654447155,0,0
2026-07-13T10:36:36Z,3.407,17.0014,0.8125,3.4506,116.234,97.564,-0.2207,-2.278,10.09,-169.1658,0.12376,180014.46759378377,0.005,0
2026-07-13T10:36:36Z,3.409,17.0015,0.8153,3.4136,116.382,97.641554,-0.2215,-2.268,10.091,-169.4119,0.12376,180382.33896063056,0.013,0
2026-07-13T10:36:36Z,3.41,16.9922,0.8271,3.426,116.588,97.761192,-0.2188,-2.25,10.092,-169.6414,0.12371,181054.82315770054,0.022,0
2026-07-13T10:36:36Z,3.415,16.982,0.8217,3.5665,117.013,98.055797,-0.2196,-2.244,10.095,-169.8755,0.12371,182577.43617429843,0.032,0
2026-07-13T10:36:36Z,3.424,16.9664,0.7837,3.7113,117.514,98.403064,-0.221,-2.234,10.097,-170.0923,0.12378,184423.37475536065,0.042,0
2026-07-13T10:36:36Z,3.438,16.9452,0.7501,3.7077,117.757,98.522952,-0.2201,-2.218,10.099,-170.4561,0.12378,185241.88234638175,0.048,0
2026-07-13T10:36:36Z,3.456,16.9228,0.7393,3.6597,117.802,98.486907,-0.2163,-2.212,10.101,-170.9181,0.1237,185319.91736689748,0.049,0
2026-07-13T10:36:36Z,3.475,16.897,0.7366,3.6088,117.683,98.349034,-0.2181,-2.212,10.103,-171.2908,0.12368,184942.55262603165,0.045,0
2026-07-13T10:36:36Z,3.489,16.8671,0.7342,3.5717,117.485,98.192495,-0.2171,-2.215,10.105,-171.5206,0.12375,184520.86982882122,0.035,0
2026-07-13T10:36:36Z,3.494,16.8278,0.7524,3.6551,117.271,98.05811,-0.214,-2.227,10.105,-171.7175,0.12377,184311.99329920605,0.023,0
2026-07-13T10:36:36Z,3.495,16.7918,0.7905,3.7287,117.051,97.933537,-0.2148,-2.252,10.106,-171.9502,0.12376,184113.19133063816,0.011,0
2026-07-13T10:36:36Z,3.494,16.774,0.7948,3.6417,116.935,97.895641,-0.2143,-2.266,10.107,-172.0975,0.12376,184129.63033685097,0.001,0
2026-07-13T10:36:36Z,3.492,16.7795,0.7712,3.4225,116.82,97.854571000000007,-0.2152,-2.271,10.107,-172.2937,0.12379,183868.8579287716,-0.004,0
2026-07-13T10:36:36Z,3.489,16.8032,0.7796,3.2304,116.647,97.755261,-0.2147,-2.297,10.107,-172.6886,0.12381,183123.21991520442,-0.006,0
2026-07-13T10:36:36Z,3.487,16.8298,0.7965,3.1642,116.548,97.713276,-0.2191,-2.312,10.108,-173.0857,0.12379,182623.960130326,-0.006,0
2026-07-13T10:36:36Z,3.487,16.8549,0.7922,3.1677,116.603,97.792502,-0.2206,-2.295,10.11,-173.3956,0.12378,182725.867689312,-0.006,0
2026-07-13T10:36:36Z,3.486,16.8813,0.786,3.3078,116.793,97.949476,-0.2179,-2.279,10.111,-173.6818,0.12379,183187.63626171995,-0.005,0
2026-07-13T10:36:36Z,3.485,16.8989,0.7969,3.5937,117.082,98.147385,-0.2231,-2.271,10.113,-173.9653,0.12379,183945.61678172252,-0.001,0
2026-07-13T10:36:36Z,3.482,16.9149,0.8235,3.7544,117.541,98.466891,-0.2257,-2.243,10.115,-174.4138,0.12376,185312.0231419784,0.008,0
2026-07-13T10:36:36Z,3.481,16.9363,0.842,3.7482,118.057,98.82108,-0.2217,-2.209,10.118,-175.0609,0.12374,186791.07217271774,0.02,0
2026-07-13T10:36:36Z,3.483,16.9374,0.8291,3.7246,118.304,98.929106,-0.2192,-2.207,10.12,-175.6803,0.12376,187305.19423040748,0.031,0
2026-07-13T10:36:36Z,3.493,16.9109,0.8001,3.7079,118.285,98.81819,-0.2215,-2.227,10.122,-176.1385,0.12382,187066.2117006732,0.038,0
2026-07-13T10:36:36Z,3.514,16.8829,0.7916,3.7171,118.12,98.625556,-0.2178,-2.253,10.122,-176.4716,0.12382,186445.7474412279,0.04,0
2026-07-13T10:36:36Z,3.537,16.855,0.7921,3.6991,117.899,98.445725,-0.2121,-2.26,10.123,-176.7822,0.12376,185886.8105989622,0.038,0
2026-07-13T10:36:36Z,3.547,16.8067,0.7821,3.5927,117.737,98.362367,-0.2137,-2.254,10.126,-177.0551,0.12376,186028.80115342265,0.03,0
2026-07-13T10:36:36Z,3.547,16.7601,0.7782,3.4892,117.603,98.317872,-0.21560000000000001,-2.259,10.126,-177.1895,0.12379,186341.43722928007,0.02,0
2026-07-13T10:36:36Z,3.545,16.7344,0.7957,3.4728,117.498,98.289705,-0.2199,-2.258,10.126,-177.2894,0.12378,186496.4754213614,0.009,0
2026-07-13T10:36:36Z,3.543,16.7373,0.818,3.4969,117.425,98.276468,-0.2205,-2.25,10.126,-177.5745,0.12379,186398.7177794564,0.002,0
2026-07-13T10:36:36Z,3.543,16.7672,0.8232,3.5066,117.407,98.285175,-0.2173,-2.242,10.127,-177.9691,0.12381,186101.0472860351,0,0
2026-07-13T10:36:36Z,3.544,16.7983,0.8005,3.4544,117.391,98.267723,-0.2202,-2.219,10.128,-178.2747,0.12378,185663.00961211565,-0.002,0
2026-07-13T10:36:36Z,3.545,16.8232,0.7595,3.309,117.152,98.065438,-0.2191,-2.207,10.129,-178.5159,0.12378,184399.22292323734,-0.007,0
2026-07-13T10:36:36Z,3.547,16.8461,0.7357,3.1833,116.802,97.812404,-0.2174,-2.227,10.13,-178.7354,0.12381,182919.83506464044,-0.014,0
2026-07-13T10:36:36Z,3.546,16.8587,0.73,3.1984,116.707,97.817851,-0.2189,-2.236,10.131,-179.0349,0.12383,182805.57808008467,-0.018,0
2026-07-13T10:36:36Z,3.536,16.8509,0.7403,3.2869,116.91,98.067759,-0.2145,-2.225,10.132,-179.3843,0.12382,184099.1492358595,-0.017,0
2026-07-13T10:36:36Z,3.521,16.8419,0.7768,3.3318,117.229,98.351927,-0.2118,-2.223,10.134,-179.604,0.12375,185578.93039342223,-0.009,0
2026-07-13T10:36:36Z,3.511,16.8585,0.8051,3.3305,117.489,98.516912,-0.2168,-2.224,10.137,-179.8845,0.1237,186193.68394760767,0.003,0
2026-07-13T10:36:36Z,3.514,16.9033,0.8071,3.374,117.61,98.534977,-0.2179,-2.214,10.139,-180.2803,0.12375,185773.66436276087,0.016,0
2026-07-13T10:36:36Z,3.527,16.9491,0.7846,3.4137,117.58,98.442938,-0.2138,-2.204,10.14,-180.6048,0.12379,184810.52407350542,0.027,0
2026-07-13T10:36:36Z,3.547,16.9571,0.7499,3.3318,117.438,98.295059,-0.2151,-2.197,10.141,-180.8823,0.12377,184006.2947016761,0.035,0
2026-07-13T10:36:36Z,3.563,16.9265,0.7364,3.2385,117.336,98.210835,-0.2159,-2.192,10.143,-181.1398,0.12377,183942.6672622428,0.035,0
2026-07-13T10:36:36Z,3.568,16.8831,0.7558,3.2763,117.296,98.18837,-0.2141,-2.192,10.144,-181.3954,0.1238,184321.00957303942,0.029,0
2026-07-13T10:36:36Z,3.57,16.8515,0.7926,3.4125,117.236,98.150748,-0.2136,-2.205,10.145,-181.7359,0.12383,184494.15389733794,0.02,0
2026-07-13T10:36:36Z,3.572,16.8409,0.8075,3.5194,117.206,98.137839,-0.2129,-2.216,10.145,-182.1592,0.12386,184550.89598045006,0.012,0
2026-07-13T10:36:36Z,3.574,16.8444,0.8029,3.5449,117.216,98.159598,-0.2124,-2.207,10.145,-182.5552,0.12385,184616.95141510898,0.008,0
2026-07-13T10:36:36Z,3.574,16.852,0.7866,3.4468,117.192,98.159271,-0.2116,-2.192,10.147,-182.8252,0.12379,184529.81657342406,0.012,0
2026-07-13T10:36:36Z,3.575,16.8557,0.7515,3.2551,117.129,98.133904,-0.2135,-2.192,10.149,-183.0149,0.12371,184365.34230833154,0.018,0
2026-07-13T10:36:36Z,3.578,16.8615,0.7275,3.1744,117.068,98.107505,-0.2161,-2.197,10.15,-183.3,0.12369,184172.40843682428,0.025,0
2026-07-13T10:36:36Z,3.587,16.8669,0.722,3.2219,117.037,98.094701,-0.214,-2.193,10.151,-183.6054,0.1238,184049.86264657826,0.03,0
2026-07-13T10:36:36Z,3.6,16.8737,0.7265,3.2841,117.045,98.106403,-0.2112,-2.185,10.152,-183.7819,0.12387,184030.1412194547,0.03,0
2026-07-13T10:36:36Z,3.614,16.8875,0.7477,3.4137,117.06,98.121699,-0.2122,-2.179,10.152,-184.0574,0.12385,183949.29640723468,0.028,0
2026-07-13T10:36:36Z,3.624,16.8996,0.7871,3.5926,117.092,98.152357,-0.2132,-2.179,10.153,-184.5268,0.12384,183961.74916509102,0.027,0
2026-07-13T10:36:36Z,3.626,16.9052,0.8116,3.7054,117.185,98.222502,-0.2121,-2.185,10.154,-184.8976,0.12382,184237.86945282537,0.027,0
2026-07-13T10:36:36Z,3.624,16.9056,0.8028,3.7186,117.351,98.333343,-0.2118,-2.199,10.156,-185.0988,0.12377,184769.63451584565,0.029,0
2026-07-13T10:36:36Z,3.624,16.9065,0.7721,3.6157,117.569,98.474128,-0.2103,-2.2,10.157,-185.325,0.12377,185441.96989223332,0.031,0
2026-07-13T10:36:36Z,3.636,16.9097,0.7325,3.4867,117.767,98.588078,-0.2111,-2.187,10.159,-185.567,0.12379,185959.21762402184,0.031,0
2026-07-13T10:36:36Z,3.657,16.9095,0.7145,3.4225,117.973,98.692682,-0.2107,-2.178,10.161,-185.6157,0.12379,186470.38648491955,0.031,0
2026-07-13T10:36:36Z,3.672,16.8952,0.7215,3.4194,118.173,98.784074,-0.2136,-2.176,10.163,-185.5704,0.12377,187078.66566601393,0.028,0
2026-07-13T10:36:36Z,3.676,16.8757,0.7418,3.4839,118.261,98.801916,-0.2142,-2.176,10.164,-185.7072,0.12373,187388.36282885086,0.021,0
2026-07-13T10:36:36Z,3.675,16.8571,0.7856,3.5864,118.267,98.781041,-0.211,-2.165,10.166,-185.9797,0.12373,187498.8765504828,0.011,0
2026-07-13T10:36:36Z,3.672,16.8264,0.8346,3.6687,118.287,98.786243,-0.2115,-2.16,10.166,-186.2829,0.12382,187875.8388345222,0.002,0
2026-07-13T10:36:36Z,3.67,16.7884,0.8514,3.694,118.322,98.801147,-0.2105,-2.168,10.167,-186.6212,0.12388,188385.33794144637,-0.002,0
2026-07-13T10:36:36Z,3.67,16.7634,0.8227,3.6187,118.308,98.770273,-0.2123,-2.181,10.167,-186.9726,0.12386,188521.26329155779,-0.002,0
2026-07-13T10:36:36Z,3.671,16.756,0.77,3.476,118.273,98.731171,-0.2099,-2.189,10.167,-187.3481,0.12383,188414.123171746,-0.001,0
2026-07-13T10:36:36Z,3.672,16.7539,0.7387,3.4035,118.316,98.773892,-0.2089,-2.179,10.168,-187.72,0.12384,188648.5136880194,0.003,0
2026-07-13T10:36:36Z,3.672,16.7487,0.7352,3.4246,118.62,99.032231,-0.211,-2.175,10.17,-187.8552,0.12387,189983.13917192107,0.01,0
2026-07-13T10:36:36Z,3.672,16.7365,0.7362,3.5608,119.15,99.436051,-0.2113,-2.187,10.173,-187.6057,0.12391,192129.39415051628,0.02,0
2026-07-13T10:36:36Z,3.672,16.7313,0.7512,3.7865,119.547,99.646442,-0.2142,-2.18,10.176,-187.1988,0.12388,193240.30149362676,0.03,0
2026-07-13T10:36:36Z,3.68,16.7373,0.7833,3.9324,119.688,99.602741,-0.2113,-2.157,10.177,-186.9794,0.12382,192951.17211989366,0.037,0
2026-07-13T10:36:36Z,3.7,16.7439,0.8002,3.9587,119.687,99.480317,-0.2095,-2.148,10.179,-187.0169,0.12377,192262.93647073687,0.039,0
2026-07-13T10:36:36Z,3.722,16.7395,0.788,3.8652,119.618,99.375435,-0.2143,-2.156,10.181,-187.1374,0.12373,191792.48991617252,0.038,0
2026-07-13T10:36:36Z,3.733,16.6812,0.7778,3.7245,119.578,99.352981,-0.2127,-2.176,10.181,-187.1456,0.12374,192365.33618428526,0.033,0
2026-07-13T10:36:36Z,3.734,16.5954,0.7764,3.657,119.524,99.336142,-0.2091,-2.195,10.182,-187.1152,0.12383,193293.98120366907,0.023,0
2026-07-13T10:36:36Z,3.734,16.5435,0.7547,3.6642,119.378,99.235529,-0.2089,-2.199,10.184,-187.2002,0.12384,193404.01472041282,0.011,0
2026-07-13T10:36:36Z,3.735,16.5249,0.7321,3.7099,119.249,99.154907,-0.21,-2.194,10.184,-187.2271,0.12374,193219.5472881151,0.002,0
2026-07-13T10:36:36Z,3.735,16.5373,0.7438,3.7311,119.167,99.125187,-0.2121,-2.195,10.185,-187.1822,0.12368,192923.52670259477,0,0
2026-07-13T10:36:36Z,3.733,16.5548,0.78,3.7497,119.051,99.067172,-0.2148,-2.204,10.186,-187.1733,0.12368,192426.03513422346,0.001,0
2026-07-13T10:36:36Z,3.732,16.5574,0.8039,3.7641,118.954,99.026357,-0.215,-2.209,10.186,-187.1202,0.12368,192191.12266082538,0.002,0
2026-07-13T10:36:36Z,3.733,16.568,0.8001,3.6665,118.889,99.013639,-0.2134,-2.203,10.187,-187.0562,0.12374,192002.71285672646,0.002,0
2026-07-13T10:36:36Z,3.737,16.5879,0.7755,3.4576,118.796,98.977099,-0.2136,-2.183,10.188,-187.174,0.12382,191586.35116099453,0.002,0
2026-07-13T10:36:36Z,3.739,16.6021,0.747,3.2879,118.734,98.966505,-0.2151,-2.156,10.189,-187.3398,0.12383,191366.95245230588,0.006,0
2026-07-13T10:36:36Z,3.738,16.6193,0.7393,3.2876,118.754,99.012896,-0.2155,-2.145,10.19,-187.3401,0.12382,191396.51981565077,0.014,0
2026-07-13T10:36:36Z,3.736,16.6381,0.7483,3.3522,118.839,99.092497,-0.215,-2.154,10.191,-187.5217,0.12382,191572.7303464647,0.024,0
2026-07-13T10:36:36Z,3.737,16.6532,0.7644,3.3861,118.946,99.165162,-0.2132,-2.169,10.193,-187.987,0.12377,191757.70368011948,0.032,0
2026-07-13T10:36:36Z,3.75,16.6733,0.7848,3.4581,119.016,99.191322,-0.2087,-2.168,10.196,-188.319,0.1237,191652.2372532966,0.036,0
2026-07-13T10:36:36Z,3.773,16.6881,0.7952,3.5059,119.007,99.154151,-0.208,-2.15,10.197,-188.4394,0.12371,191293.9013193998,0.036,0
2026-07-13T10:36:36Z,3.792,16.6919,0.7983,3.4174,118.953,99.097594,-0.2092,-2.152,10.198,-188.5827,0.12373,190968.40257571952,0.033,0
2026-07-13T10:36:36Z,3.797,16.6842,0.7888,3.3104,118.923,99.080333,-0.2117,-2.182,10.2,-188.7607,0.12374,190972.6039766537,0.026,0
2026-07-13T10:36:36Z,3.794,16.6672,0.7549,3.3731,118.896,99.072758,-0.2122,-2.202,10.2,-188.7842,0.12377,191133.659127489,0.017,0
2026-07-13T10:36:36Z,3.792,16.6516,0.7302,3.5269,118.872,99.069677,-0.2081,-2.192,10.201,-188.6097,0.12382,191300.87948125193,0.009,0
2026-07-13T10:36:36Z,3.793,16.6462,0.7314,3.5648,118.895,99.106742,-0.2077,-2.167,10.202,-188.4567,0.12383,191548.70505753736,0.005,0
2026-07-13T10:36:36Z,3.797,16.6528,0.7605,3.5232,118.92,99.13904,-0.2132,-2.147,10.202,-188.4827,0.12381,191632.21155325035,0.005,0
2026-07-13T10:36:36Z,3.799,16.6598,0.79990000000000006,3.5702,118.925,99.141948,-0.21560000000000001,-2.135,10.203,-188.4949,0.12379,191564.61592844545,0.007,0
2026-07-13T10:36:36Z,3.8,16.6663,0.8077,3.6556,118.937,99.141908,-0.2137,-2.13,10.205,-188.4317,0.12376,191488.23627812447,0.008,0
2026-07-13T10:36:36Z,3.802,16.675,0.797,3.5984,118.947,99.138534,-0.2105,-2.129,10.205,-188.4077,0.12372,191369.5446952421,0.008,0
2026-07-13T10:36:36Z,3.805,16.681,0.7783,3.4593,118.994,99.164789,-0.2084,-2.116,10.205,-188.3761,0.12367,191429.91704009907,0.008,0
2026-07-13T10:36:36Z,3.807,16.6805,0.7488,3.4092,119.221,99.332039,-0.2076,-2.107,10.206,-188.4806,0.12371,192269.06042929526,0.011,0
2026-07-13T10:36:36Z,3.808,16.6735,0.7313,3.4021,119.569,99.56945,-0.2064,-2.112,10.208,-188.8098,0.12385,193538.59622111023,0.02,0
2026-07-13T10:36:36Z,3.809,16.6696,0.7329,3.4072,119.81,99.680166,-0.2083,-2.121,10.21,-189.1731,0.12389,194140.08940039022,0.03,0
2026-07-13T10:36:36Z,3.814,16.6646,0.7518,3.5392,119.973,99.715824,-0.2055,-2.138,10.212,-189.431,0.12383,194378.60742828966,0.04,0
2026-07-13T10:36:36Z,3.828,16.6599,0.7838,3.7692,120.113,99.745851,-0.204,-2.146,10.214,-189.6058,0.12373,194585.46937968305,0.045,0
2026-07-13T10:36:36Z,3.852,16.641,0.8039,3.8995,120.233,99.788503,-0.2063,-2.139,10.215,-189.6516,0.12368,195025.49768102408,0.046,0
2026-07-13T10:36:36Z,3.872,16.5954,0.787,3.8501,120.339,99.84955,-0.2057,-2.143,10.216,-189.5543,0.12369,195879.4734530668,0.042,0
2026-07-13T10:36:36Z,3.882,16.5518,0.7634,3.7191,120.351,99.847415,-0.2089,-2.144,10.218,-189.7202,0.12375,196392.82847263385,0.033,0
2026-07-13T10:36:36Z,3.884,16.5133,0.7677,3.6475,120.261,99.762679,-0.2109,-2.133,10.219,-190.1088,0.12376,196426.81590363092,0.021,0
2026-07-13T10:36:36Z,3.883,16.4883,0.7728,3.6331,120.13,99.652474,-0.2074,-2.12,10.219,-190.2089,0.1237,196168.72412365288,0.009,0
2026-07-13T10:36:36Z,3.882,16.481,0.7752,3.6478,120.03,99.597005,-0.2099,-2.109,10.219,-190.1564,0.1237,195975.1861772778,0.001,0
2026-07-13T10:36:36Z,3.88,16.4782,0.78,3.6882,119.972,99.601254,-0.2102,-2.116,10.219,-190.1623,0.12376,196030.43220161,-0.001,0
2026-07-13T10:36:36Z,3.88,16.4733,0.7885,3.7458,119.967,99.64026,-0.2078,-2.131,10.219,-190.1071,0.12379,196287.42384536576,-0.001,0
2026-07-13T10:36:36Z,3.881,16.4682,0.8196,3.8327,120.015,99.686782,-0.208,-2.13,10.22,-190.0911,0.12377,196585.2981783014,0,0
2026-07-13T10:36:36Z,3.881,16.4789,0.8487,3.8845,120.08,99.718194,-0.2045,-2.132,10.221,-190.1424,0.12373,196615.8019452163,0,0
2026-07-13T10:36:36Z,3.882,16.5083,0.8494,3.8585,120.18,99.765422,-0.2063,-2.155,10.222,-190.2107,0.12375,196501.01592477172,0.001,0
2026-07-13T10:36:36Z,3.882,16.5312,0.8194,3.6894,120.27,99.812197,-0.2091,-2.168,10.223,-190.487,0.12381,196462.3699551399,0.004,0
2026-07-13T10:36:36Z,3.881,16.5315,0.7766,3.4801,120.309,99.838157,-0.2078,-2.158,10.223,-190.8159,0.12381,196590.4909470487,0.01,0
2026-07-13T10:36:36Z,3.881,16.5193,0.7482,3.4113,120.277,99.824675,-0.2066,-2.143,10.224,-190.917,0.12377,196669.2041924269,0.019,0
2026-07-13T10:36:36Z,3.883,16.5012,0.751,3.4724,120.189,99.776518,-0.2113,-2.133,10.226,-190.9359,0.12374,196643.01548419864,0.027,0
2026-07-13T10:36:36Z,3.892,16.4874,0.7853,3.6382,120.134,99.765142,-0.2132,-2.135,10.228,-190.9584,0.12374,196751.8077343596,0.032,0
2026-07-13T10:36:36Z,3.91,16.4854,0.8141,3.8107,120.149,99.814462,-0.2103,-2.132,10.229,-191.1022,0.12375,197026.8097999797,0.033,0
2026-07-13T10:36:36Z,3.927,16.4925,0.8158,3.8844,120.195,99.863672,-0.2094,-2.111,10.23,-191.3845,0.12374,197191.33073414708,0.03,0
2026-07-13T10:36:36Z,3.934,16.5033,0.8059,3.8464,120.215,99.850947,-0.2071,-2.091,10.231,-191.618,0.12371,196995.94559937282,0.023,0
2026-07-13T10:36:36Z,3.935,16.5165,0.7863,3.6926,120.181,99.787865,-0.2088,-2.103,10.232,-191.9473,0.12369,196516.06585072115,0.014,0
2026-07-13T10:36:36Z,3.933,16.5377,0.7535,3.5284,120.121,99.737427,-0.2088,-2.127,10.233,-192.3549,0.12373,196005.06768400976,0.005,0
2026-07-13T10:36:36Z,3.931,16.5471,0.734,3.4659,120.092,99.750317,-0.2063,-2.142,10.233,-192.6736,0.12377,195957.37389864048,-0.001,0
2026-07-13T10:36:36Z,3.929,16.5264,0.7329,3.4494,120.115,99.816463,-0.202,-2.152,10.234,-192.962,0.1238,196541.86343369962,-0.002,0
2026-07-13T10:36:36Z,3.929,16.5047,0.757,3.5001,120.187,99.900732,-0.2049,-2.145,10.235,-193.2604,0.12385,197232.2825958771,-0.001,0
2026-07-13T10:36:36Z,3.93,16.5056,0.8176,3.6351,120.335,100.005417,-0.2088,-2.129,10.236,-193.6149,0.12385,197754.55013636642,0.001,0
2026-07-13T10:36:36Z,3.931,16.5245,0.8578,3.7149,120.546,100.127391,-0.2084,-2.117,10.236,-193.9783,0.12382,198146.95211067706,0.003,0
2026-07-13T10:36:36Z,3.933,16.5506,0.8523,3.6789,120.836,100.293342,-0.2112,-2.093,10.237,-194.3845,0.12382,198676.27048409398,0.007,0
2026-07-13T10:36:36Z,3.934,16.5639,0.8176,3.5411,121.337,100.611455,-0.2095,-2.056,10.238,-194.8263,0.12377,200141.4015008504,0.015,0
2026-07-13T10:36:36Z,3.935,16.5538,0.7704,3.4161,121.984,100.981793,-0.2072,-2.036,10.24,-195.1048,0.12366,202171.05944348415,0.025,0
2026-07-13T10:36:36Z,3.938,16.5303,0.7482,3.3969,122.491,101.142543,-0.2069,-2.039,10.243,-195.1703,0.12366,203294.534001896,0.033,0
2026-07-13T10:36:36Z,3.948,16.4973,0.7487,3.4115,122.816,101.154327,-0.2054,-2.049,10.246,-195.1882,0.12371,203767.865260121,0.038,0
2026-07-13T10:36:36Z,3.968,16.4637,0.7685,3.49,123.123,101.251256,-0.2,-2.055,10.248,-195.2343,0.12366,204693.4818614141,0.039,0
2026-07-13T10:36:36Z,3.986,16.409,0.8045,3.6281,123.516,101.486771,-0.198,-2.053,10.25,-195.2123,0.12363,206616.5263761328,0.038,0
2026-07-13T10:36:36Z,3.994,16.2818,0.8174,3.681,123.826,101.646521,-0.2,-2.058,10.252,-195.1808,0.12368,209086.72223655257,0.033,0
2026-07-13T10:36:36Z,3.997,16.1553,0.808,3.6514,123.897,101.591233,-0.2015,-2.066,10.253,-195.2836,0.12366,210429.39916670765,0.023,0
2026-07-13T10:36:36Z,4,16.1042,0.7992,3.5777,123.994,101.582043,-0.2031,-2.071,10.254,-195.4225,0.12361,211045.57814596972,0.013,0
2026-07-13T10:36:36Z,4.004,16.0816,0.7779,3.4731,124.16,101.662609,-0.2017,-2.079,10.256,-195.397,0.12366,211773.08585527923,0.007,0
2026-07-13T10:36:36Z,4.004,16.0472,0.7416,3.4111,124.16,101.610414,-0.2027,-2.098,10.256,-195.4059,0.12371,211943.359923865,0.004,0
2026-07-13T10:36:36Z,4.001,15.9876,0.7272,3.4098,124.021,101.460162,-0.2042,-2.113,10.257,-195.5296,0.1237,211916.66389684993,0.003,0
2026-07-13T10:36:36Z,4.002,15.9514,0.7365,3.4232,123.826,101.309993,-0.2045,-2.115,10.259,-195.6026,0.12374,211582.8772113415,0.003,0
2026-07-13T10:36:36Z,4.004,15.9396,0.7451,3.5046,123.612,101.195198,-0.2047,-2.121,10.259,-195.6865,0.12383,211119.6126018425,0.005,0
2026-07-13T10:36:36Z,4.006,15.9128,0.7648,3.6426,123.618,101.281747,-0.2073,-2.132,10.259,-195.8557,0.12386,211937.34120806272,0.01,0
2026-07-13T10:36:36Z,4.007,15.8935,0.7913,3.6566,124.168,101.783635,-0.2102,-2.138,10.26,-196.0133,0.12382,214913.00946563925,0.019,0
2026-07-13T10:36:36Z,4.008,15.896,0.7998,3.6059,124.932,102.361859,-0.2085,-2.131,10.262,-196.0433,0.12383,218041.3903577983,0.027,0
2026-07-13T10:36:36Z,4.013,15.9255,0.7847,3.5754,125.35,102.543657,-0.2096,-2.117,10.265,-196.0472,0.12388,218640.86996257945,0.033,0
2026-07-13T10:36:36Z,4.027,15.9645,0.7582,3.4933,125.399,102.39007,-0.2106,-2.106,10.268,-196.0597,0.12382,217271.57488241262,0.035,0
2026-07-13T10:36:36Z,4.047,15.9979,0.7375,3.4323,125.193,102.096099,-0.2115,-2.091,10.269,-196.1084,0.12373,215221.01465270575,0.035,0
2026-07-13T10:36:36Z,4.061,15.9841,0.7344,3.4878,124.91,101.853803,-0.211,-2.078,10.269,-196.2064,0.1237,214089.43904275054,0.03,0
2026-07-13T10:36:36Z,4.065,15.9033,0.7452,3.5833,124.615,101.688568,-0.2084,-2.08,10.269,-196.2115,0.12372,214265.5019096533,0.021,0
2026-07-13T10:36:36Z,4.064,15.8112,0.7603,3.5627,124.325,101.562487,-0.2093,-2.084,10.27,-196.1697,0.1238,214805.73432975315,0.009,0
2026-07-13T10:36:36Z,4.063,15.7518,0.7839,3.4431,124.154,101.539003,-0.2074,-2.087,10.271,-196.1319,0.12389,215471.750536214,-0.001,0
2026-07-13T10:36:36Z,4.062,15.7549,0.8057,3.367,124.184,101.659398,-0.2049,-2.095,10.271,-196.0985,0.12386,216089.50244365074,-0.006,0
2026-07-13T10:36:36Z,4.058,15.795,0.7982,3.3604,124.394,101.872458,-0.2065,-2.097,10.271,-196.1104,0.12382,216718.3287547552,-0.006,0
2026-07-13T10:36:36Z,4.054,15.8397,0.7607,3.3629,124.608,102.014415,-0.2067,-2.094,10.271,-196.1026,0.12384,216894.7732427873,-0.005,0
2026-07-13T10:36:36Z,4.053,15.8917,0.7349,3.3975,124.738,102.038917,-0.2056,-2.097,10.272,-196.0907,0.12384,216329.75590712763,-0.004,0
2026-07-13T10:36:36Z,4.055,15.9347,0.7449,3.5054,124.826,102.041287,-0.2076,-2.107,10.274,-196.1384,0.12384,215766.5255762866,0,0
2026-07-13T10:36:36Z,4.056,15.9555,0.7483,3.6425,124.774,101.979324,-0.2074,-2.119,10.275,-196.2494,0.12381,215151.28666189182,0.007,0
2026-07-13T10:36:36Z,4.055,15.9393,0.734,3.6898,124.684,101.926283,-0.2063,-2.123,10.275,-196.4002,0.12379,215078.72709879282,0.02,0
2026-07-13T10:36:36Z,4.055,15.8937,0.7467,3.6667,124.727,101.972933,-0.2073,-2.114,10.277,-196.5849,0.12381,215942.43786341744,0.034,0
2026-07-13T10:36:36Z,4.061,15.8621,0.7602,3.6698,124.681,101.906791,-0.2081,-2.106,10.279,-196.7624,0.1238,216004.63202263782,0.044,0
2026-07-13T10:36:36Z,4.08,15.8538,0.7469,3.5912,124.617,101.826781,-0.2103,-2.109,10.28,-196.8252,0.12378,215678.7020510369,0.049,0
2026-07-13T10:36:36Z,4.109,15.871,0.7362,3.4677,124.694,101.896714,-0.2106,-2.104,10.281,-196.8278,0.12372,215830.2848776319,0.048,0
2026-07-13T10:36:36Z,4.13,15.8848,0.7313,3.4402,124.699,101.924799,-0.209,-2.08,10.283,-196.7933,0.12367,215798.8153937803,0.041,0
2026-07-13T10:36:36Z,4.135,15.8618,0.7285,3.4304,124.575,101.848093,-0.2078,-2.061,10.283,-196.7527,0.12373,215687.95849510608,0.029,0
2026-07-13T10:36:36Z,4.133,15.8441,0.7359,3.4855,124.48,101.796863,-0.2089,-2.052,10.284,-196.8528,0.12378,215645.15468749264,0.014,0
2026-07-13T10:36:36Z,4.129,15.854,0.7459,3.6285,124.466,101.814681,-0.2098,-2.044,10.285,-196.9723,0.12377,215609.93094563053,0.002,0
2026-07-13T10:36:36Z,4.126,15.8654,0.7494,3.6899,124.503,101.872594,-0.2049,-2.05,10.285,-196.9927,0.12377,215773.55613544388,-0.003,0
2026-07-13T10:36:36Z,4.125,15.8735,0.7543,3.6814,124.536,101.924188,-0.2034,-2.066,10.285,-197.0127,0.12375,215946.8572168954,-0.003,0
2026-07-13T10:36:36Z,4.125,15.8851,0.7551,3.6281,124.522,101.929257,-0.2036,-2.072,10.286,-197.0426,0.12377,215819.13994890908,-0.001,0
2026-07-13T10:36:36Z,4.126,15.8968,0.7337,3.4558,124.526,101.933901,-0.2011,-2.079,10.286,-197.0098,0.12382,215687.8705217773,0,0
2026-07-13T10:36:36Z,4.128,15.908,0.6957,3.2717,124.597,101.980337,-0.2019,-2.091,10.286,-196.9604,0.12384,215791.34116100354,0,0
2026-07-13T10:36:36Z,4.13,15.919,0.6695,3.2125,124.706,102.045082,-0.2051,-2.096,10.287,-196.96190000000001,0.12386,215997.3624930503,-0.001,0
2026-07-13T10:36:36Z,4.129,15.9265,0.6667,3.2185,124.786,102.080122,-0.2047,-2.103,10.288,-197.0269,0.12387,216088.13451145668,-0.001,0
2026-07-13T10:36:36Z,4.125,15.9267,0.6869,3.2761,124.821,102.085663,-0.2046,-2.098,10.289,-197.1446,0.12386,216115.70122321486,0.001,0
2026-07-13T10:36:36Z,4.123,15.9217,0.7314,3.4641,124.863,102.112057,-0.2081,-2.075,10.29,-197.267,0.12384,216326.8657440787,0.006,0
2026-07-13T10:36:36Z,4.124,15.9117,0.7712,3.6479,124.909,102.144594,-0.2063,-2.064,10.291,-197.3881,0.12377,216638.9548575595,0.014,0
2026-07-13T10:36:36Z,4.128,15.8966,0.7843,3.6873,124.955,102.160767,-0.2085,-2.068,10.292,-197.5766,0.12372,216930.505940101,0.022,0
2026-07-13T10:36:36Z,4.134,15.8861,0.7573,3.6334,125.03,102.180247,-0.2091,-2.07,10.294,-197.7389,0.1238,217178.61750763477,0.028,0
2026-07-13T10:36:36Z,4.149,15.8854,0.7024,3.5085,125.098,102.189103,-0.2039,-2.075,10.294,-197.8024,0.12389,217236.5857294635,0.03,0
2026-07-13T10:36:36Z,4.163,15.8866,0.6787,3.4068,125.162,102.204125,-0.2037,-2.077,10.295,-198.0001,0.12387,217302.75081263253,0.028,0
2026-07-13T10:36:36Z,4.169,15.8796,0.679,3.3945,125.232,102.234512,-0.2048,-2.055,10.296,-198.2358,0.12384,217563.86461910253,0.023,0
2026-07-13T10:36:36Z,4.171,15.8589,0.6729,3.4278,125.257,102.238186,-0.2048,-2.04,10.298,-198.3291,0.12385,217863.7631875511,0.017,0
2026-07-13T10:36:36Z,4.171,15.8371,0.6877,3.5362,125.28,102.248526,-0.2047,-2.042,10.298,-198.4399,0.12382,218215.7595611856,0.01,0
2026-07-13T10:36:36Z,4.172,15.8245,0.7252,3.6803,125.348,102.295865,-0.2077,-2.033,10.299,-198.5429,0.12382,218647.40981240734,0.005,0
2026-07-13T10:36:36Z,4.174,15.8122,0.7436,3.7352,125.45,102.364919,-0.2031,-2.025,10.299,-198.6274,0.12383,219195.62952833853,0.003,0
2026-07-13T10:36:36Z,4.176,15.8059,0.727,3.6536,125.578,102.446834,-0.2003,-2.032,10.299,-198.7736,0.12374,219734.2121908101,0.003,0
2026-07-13T10:36:36Z,4.176,15.8047,0.715,3.5138,125.712,102.522348,-0.2041,-2.05,10.299,-198.8485,0.12369,220168.5190685734,0.002,0
2026-07-13T10:36:36Z,4.176,15.8013,0.7159,3.4464,125.837,102.577653,-0.201,-2.068,10.3,-198.8447,0.12372,220521.49412844557,0.002,0
2026-07-13T10:36:36Z,4.176,15.7969,0.6951,3.4187,126.012,102.669833,-0.2,-2.06,10.301,-198.8997,0.12372,221093.30487166747,0.002,0
2026-07-13T10:36:36Z,4.177,15.7876,0.6797,3.3841,126.316,102.872896,-0.2013,-2.047,10.302,-199.0829,0.12377,222351.1486052769,0.003,0
2026-07-13T10:36:36Z,4.178,15.7752,0.7057,3.4716,126.766,103.186639,-0.2025,-2.049,10.304,-199.4252,0.12383,224276.8438372488,0.006,0
2026-07-13T10:36:36Z,4.178,15.7558,0.7347,3.6569,127.63,103.789398,-0.207,-2.046,10.306,-199.8552,0.12379,227945.61668173588,0.012,0
2026-07-13T10:36:36Z,4.179,15.7315,0.731,3.7464,128.72,104.494525,-0.2046,-2.032,10.307,-200.1525,0.12378,232311.5071740538,0.021,0
2026-07-13T10:36:36Z,4.182,15.7179,0.7102,3.7334,129.191,104.645183,-0.2017,-2.011,10.308,-200.1808,0.12378,233373.7010608678,0.029,0
2026-07-13T10:36:36Z,4.19,15.7017,0.6989,3.7049,129.018,104.337417,-0.2045,-1.996,10.309,-200.1972,0.12377,231841.57425376662,0.034,0
2026-07-13T10:36:36Z,4.206,15.6696,0.7031,3.6745,128.744,104.083813,-0.203,-1.995,10.311,-200.3497,0.1238,230852.26954690897,0.034,0
2026-07-13T10:36:36Z,4.224,15.5984,0.6866,3.6731,128.499,103.9345,-0.2029,-2.022,10.312,-200.5623,0.1238,231022.34189815665,0.03,0
2026-07-13T10:36:36Z,4.233,15.4856,0.6661,3.654,128.272,103.805466,-0.1999,-2.047,10.313,-200.8753,0.12372,231910.9941291345,0.024,0
2026-07-13T10:36:36Z,4.234,15.4069,0.6871,3.614,128.125,103.733371,-0.1993,-2.038,10.313,-201.123,0.12366,232638.03455112688,0.016,0
2026-07-13T10:36:36Z,4.231,15.4076,0.7076,3.6682,128.035,103.699513,-0.198,-2.036,10.313,-201.2337,0.12366,232432.07260618056,0.007,0
2026-07-13T10:36:36Z,4.229,15.4416,0.7069,3.7286,127.95,103.650794,-0.201,-2.047,10.313,-201.2679,0.12371,231657.26445185443,0,0
2026-07-13T10:36:36Z,4.229,15.4602,0.7198,3.6612,127.856,103.589979,-0.2079,-2.062,10.313,-201.1914,0.12377,231038.00757756166,-0.002,0
2026-07-13T10:36:36Z,4.23,15.477,0.7391,3.502,127.754,103.537205,-0.2016,-2.08,10.314,-201.1696,0.12378,230492.38013773115,-0.002,0
2026-07-13T10:36:36Z,4.23,15.4975,0.7319,3.3407,127.684,103.522053,-0.2029,-2.079,10.314,-201.3492,0.12373,230110.41348126027,-0.001,0
2026-07-13T10:36:36Z,4.229,15.5018,0.6991,3.2484,127.648,103.534161,-0.2045,-2.073,10.313,-201.5558,0.12373,230117.9973727562,-0.001,0
2026-07-13T10:36:36Z,4.228,15.5032,0.6833,3.2404,127.645,103.556328,-0.2044,-2.086,10.313,-201.6023,0.12377,230224.94326647578,-0.002,0
2026-07-13T10:36:36Z,4.228,15.5169,0.6993,3.3129,127.623,103.535447,-0.2091,-2.092,10.315,-201.653,0.12379,229908.3980142833,-0.003,0
2026-07-13T10:36:36Z,4.228,15.5342,0.726,3.4414,127.564,103.472674,-0.2073,-2.063,10.316,-201.7384,0.12381,229301.21542570615,-0.003,0
2026-07-13T10:36:36Z,4.228,15.5533,0.7571,3.5636,127.604,103.497627,-0.2053,-2.025,10.316,-201.7741,0.12382,229170.41232176797,-0.002,0
2026-07-13T10:36:36Z,4.227,15.5653,0.7845,3.6634,127.782,103.646152,-0.2079,-2.022,10.317,-201.8272,0.1238,229847.28048658164,0.001,0
2026-07-13T10:36:36Z,4.225,15.561,0.7821,3.7602,128.215,103.9952,-0.2102,-2.052,10.317,-201.9505,0.12374,231911.02296175875,0.007,0
2026-07-13T10:36:36Z,4.224,15.5517,0.7611,3.8462,128.946,104.534669,-0.206,-2.063,10.318,-202.3185,0.12367,235162.7152473296,0.018,0
2026-07-13T10:36:36Z,4.227,15.5485,0.7468,3.8491,129.543,104.884473,-0.2001,-2.033,10.32,-202.8355,0.12371,237244.89044366984,0.034,0
2026-07-13T10:36:36Z,4.235,15.5515,0.7175,3.7264,129.793,104.913804,-0.1997,-2.02,10.324,-203.1255,0.12382,237371.55971233186,0.048,0
2026-07-13T10:36:36Z,4.25,15.5581,0.6902,3.5584,129.934,104.8891,-0.2053,-2.046,10.326,-203.2428,0.12383,237129.70627638217,0.056,0
2026-07-13T10:36:36Z,4.277,15.5449,0.691,3.4575,129.97,104.840285,-0.2082,-2.061,10.328,-203.3928,0.1238,237040.47112242828,0.056,0
2026-07-13T10:36:36Z,4.305,15.4855,0.6944,3.4283,129.833,104.705488,-0.2014,-2.042,10.329,-203.4772,0.1238,237133.6386409149,0.049,0
2026-07-13T10:36:36Z,4.317,15.4052,0.7065,3.479,129.674,104.596274,-0.1995,-2.019,10.328,-203.489,0.12376,237687.09366930102,0.039,0
2026-07-13T10:36:36Z,4.318,15.3495,0.7368,3.6267,129.553,104.538504,-0.2059,-2.003,10.328,-203.6206,0.12374,238177.99454689532,0.025,0
2026-07-13T10:36:36Z,4.316,15.3222,0.753,3.7102,129.472,104.516386,-0.2081,-2.002,10.329,-203.8644,0.12378,238455.64870683782,0.011,0
2026-07-13T10:36:36Z,4.314,15.3131,0.7444,3.6357,129.427,104.519894,-0.2041,-2.019,10.331,-204.0274,0.12377,238612.36908160857,0.001,0
2026-07-13T10:36:36Z,4.314,15.3241,0.732,3.5458,129.382,104.517305,-0.2019,-2.018,10.332,-204.0431,0.1237,238432.6597606097,-0.002,0
2026-07-13T10:36:36Z,4.314,15.3427,0.729,3.4774,129.322,104.485123,-0.2004,-2.019,10.332,-203.9682,0.12366,237965.81003157617,-0.002,0
2026-07-13T10:36:36Z,4.314,15.3593,0.7324,3.3894,129.272,104.449135,-0.1982,-2.04,10.332,-203.8958,0.12369,237507.3426837035,-0.001,0
2026-07-13T10:36:36Z,4.313,15.3744,0.7409,3.3695,129.298,104.464185,-0.2042,-2.054,10.332,-203.8568,0.12378,237371.0157043712,0.001,0
2026-07-13T10:36:36Z,4.313,15.3906,0.7563,3.3737,129.345,104.476075,-0.2014,-2.056,10.333,-203.8408,0.12386,237199.9708001342,0.002,0
2026-07-13T10:36:36Z,4.314,15.3958,0.7688,3.4401,129.36,104.465538,-0.1998,-2.047,10.334,-203.8739,0.12383,237061.09069129356,0.002,0
2026-07-13T10:36:36Z,4.315,15.3947,0.7584,3.5916,129.35,104.464092,-0.2055,-2.035,10.334,-204.0849,0.12375,237068.9517343587,0.003,0
2026-07-13T10:36:36Z,4.317,15.3984,0.7309,3.5995,129.312,104.458596,-0.2048,-2.007,10.335,-204.4133,0.12377,236981.88855712122,0.003,0
2026-07-13T10:36:36Z,4.317,15.3824,0.7185,3.5365,129.282,104.462786,-0.2069,-1.985,10.335,-204.6603,0.12379,237243.93602340875,0.003,0
2026-07-13T10:36:36Z,4.317,15.3675,0.7173,3.5475,129.322,104.514782,-0.2038,-1.996,10.335,-204.9203,0.12377,237770.37365464968,0.004,0
2026-07-13T10:36:36Z,4.317,15.3756,0.691,3.4925,129.482,104.641636,-0.2049,-1.992,10.336,-205.2345,0.12374,238394.42752864768,0.007,0
2026-07-13T10:36:36Z,4.318,15.3859,0.6668,3.4183,129.698,104.786889,-0.2011,-1.968,10.338,-205.4479,0.12375,239094.5612089341,0.015,0
2026-07-13T10:36:36Z,4.319,15.3985,0.6911,3.5034,129.86,104.870299,-0.1952,-1.97,10.338,-205.5215,0.12377,239396.78899486864,0.024,0
2026-07-13T10:36:36Z,4.324,15.4087,0.7356,3.7019,129.941,104.886066,-0.2012,-2.001,10.339,-205.6085,0.12378,239336.7653572889,0.031,0
2026-07-13T10:36:36Z,4.337,15.4079,0.7549,3.8038,129.942,104.850127,-0.2003,-2.017,10.341,-205.7259,0.1238,239137.28848924118,0.033,0
2026-07-13T10:36:36Z,4.356,15.3954,0.7582,3.7788,129.924,104.817724,-0.1952,-2.016,10.343,-205.8218,0.12383,239133.76870289983,0.033,0
2026-07-13T10:36:36Z,4.369,15.3745,0.759,3.7403,129.924,104.81261,-0.1951,-2.016,10.345,-205.9078,0.12388,239416.78960542017,0.028,0
2026-07-13T10:36:36Z,4.373,15.3541,0.7392,3.6459,129.896,104.788287,-0.2017,-2.037,10.345,-205.991,0.12391,239579.46743046277,0.021,0
2026-07-13T10:36:36Z,4.372,15.3382,0.7019,3.4577,129.881,104.778302,-0.2024,-2.063,10.345,-206.1396,0.12386,239759.33756530847,0.011,0
2026-07-13T10:36:36Z,4.371,15.3322,0.674,3.275,129.92,104.819226,-0.2017,-2.058,10.346,-206.3289,0.12378,240091.19680357617,0.004,0
2026-07-13T10:36:36Z,4.37,15.3326,0.6606,3.1798,129.929,104.83743,-0.2011,-2.04,10.346,-206.4729,0.12377,240192.73203621022,0.001,0
2026-07-13T10:36:36Z,4.37,15.3309,0.6564,3.1601,129.87,104.807416,-0.2027,-2.037,10.346,-206.5029,0.1238,240040.99189167123,0.001,0
2026-07-13T10:36:36Z,4.372,15.3313,0.6818,3.2426,129.797,104.774683,-0.2091,-2.032,10.346,-206.6056,0.12377,239841.67163265625,0.001,0
2026-07-13T10:36:36Z,4.374,15.3364,0.7267,3.3906,129.751,104.760024,-0.2061,-2.016,10.347,-206.8551,0.12375,239678.51517147047,0.002,0
2026-07-13T10:36:36Z,4.374,15.3399,0.7493,3.4807,129.731,104.757545,-0.203,-1.996,10.347,-206.9386,0.12379,239611.32744691207,0.002,0
2026-07-13T10:36:36Z,4.373,15.3448,0.7556,3.5124,129.701,104.74472,-0.2043,-1.982,10.347,-206.9257,0.12384,239462.14071815734,0.001,0
2026-07-13T10:36:36Z,4.373,15.3582,0.7442,3.4319,129.672,104.732314,-0.2035,-1.979,10.348,-206.9579,0.12389,239188.1077619018,-0.001,0
2026-07-13T10:36:36Z,4.373,15.3681,0.7025,3.2591,129.662,104.73489,-0.202,-1.994,10.349,-206.8972,0.12387,239054.9909970925,-0.002,0
2026-07-13T10:36:36Z,4.373,15.3709,0.6675,3.1986,129.698,104.775888,-0.1992,-2.001,10.35,-206.8798,0.12382,239254.4479785829,-0.003,0
2026-07-13T10:36:36Z,4.372,15.3759,0.6622,3.2479,129.782,104.846028,-0.1979,-1.993,10.35,-207.0062,0.12382,239592.70667610707,-0.004,0
2026-07-13T10:36:36Z,4.37,15.3798,0.6712,3.3424,129.848,104.882595,-0.1968,-2.004,10.351,-207.1348,0.12384,239749.71964036723,-0.004,0
2026-07-13T10:36:36Z,4.368,15.3838,0.6937,3.4533,129.912,104.899662,-0.1993,-2.013,10.352,-207.2303,0.1238,239790.2807388906,-0.002,0
2026-07-13T10:36:36Z,4.367,15.3894,0.7272,3.4609,129.984,104.925005,-0.202,-1.999,10.353,-207.3863,0.12374,239855.60139634614,0.002,0
2026-07-13T10:36:36Z,4.366,15.3924,0.7423,3.4006,130.022,104.934298,-0.1968,-1.976,10.354,-207.6451,0.12371,239865.33596163825,0.01,0
2026-07-13T10:36:36Z,4.367,15.3867,0.7267,3.4417,129.982,104.884661,-0.2011,-1.943,10.355,-207.8642,0.12371,239658.32985581644,0.021,0
2026-07-13T10:36:36Z,4.373,15.3691,0.7135,3.5832,129.937,104.834171,-0.2026,-1.925,10.356,-208.056,0.12369,239624.86163054148,0.032,0
2026-07-13T10:36:36Z,4.383,15.3542,0.7162,3.676,130.027,104.896814,-0.1996,-1.94,10.357,-208.3293,0.12367,240218.43324320452,0.041,0
2026-07-13T10:36:36Z,4.398,15.3491,0.7004,3.6751,130.189,105.005374,-0.1988,-1.955,10.358,-208.5014,0.12371,240937.11744473537,0.044,0
2026-07-13T10:36:36Z,4.419,15.3419,0.697,3.6408,130.315,105.064379,-0.1939,-1.956,10.359,-208.5877,0.12376,241395.33176086223,0.041,0
2026-07-13T10:36:36Z,4.435,15.3347,0.751,3.6367,130.415,105.100851,-0.1908,-1.968,10.36,-208.6843,0.12381,241720.5550014538,0.034,0
2026-07-13T10:36:36Z,4.44,15.3346,0.82,3.694,130.485,105.127953,-0.1944,-1.985,10.361,-208.638,0.12386,241882.86590723472,0.025,0
2026-07-13T10:36:36Z,4.439,15.3292,0.849,3.7535,130.515,105.137362,-0.1972,-1.99,10.363,-208.7162,0.12385,242020.60452128726,0.015,0
2026-07-13T10:36:36Z,4.437,15.3082,0.8188,3.7069,130.54,105.150923,-0.1943,-1.99,10.363,-208.9413,0.1238,242420.06578869247,0.006,0
2026-07-13T10:36:36Z,4.436,15.288,0.7627,3.5057,130.552,105.164566,-0.197,-1.982,10.363,-208.9509,0.12377,242808.59741502456,0.001,0
2026-07-13T10:36:36Z,4.437,15.2782,0.7206,3.2681,130.55,105.174989,-0.1998,-1.976,10.364,-208.9183,0.12379,243020.02198423428,0,0
2026-07-13T10:36:36Z,4.438,15.2728,0.6917,3.1568,130.582,105.213293,-0.199,-1.976,10.365,-208.9765,0.12379,243330.78626660004,0.001,0
2026-07-13T10:36:36Z,4.439,15.2706,0.6716,3.2193,130.614,105.245703,-0.2002,-1.969,10.365,-209.0533,0.12374,243557.77656008542,0.001,0
2026-07-13T10:36:36Z,4.439,15.272,0.6684,3.3067,130.616,105.248509,-0.1986,-1.969,10.366,-209.1586,0.12374,243553.1303209863,0.001,0
2026-07-13T10:36:36Z,4.439,15.2776,0.6954,3.3589,130.616,105.247216,-0.1968,-1.972,10.366,-209.3036,0.12377,243459.86019109434,0,0
2026-07-13T10:36:36Z,4.439,15.2838,0.7316,3.4754,130.6,105.23007,-0.1993,-1.964,10.366,-209.5154,0.12378,243262.94136718946,-0.001,0
2026-07-13T10:36:36Z,4.438,15.2861,0.7314,3.4858,130.614,105.232207,-0.1963,-1.959,10.366,-209.7399,0.12381,243240.58721240013,-0.001,0
2026-07-13T10:36:36Z,4.438,15.2858,0.718,3.4162,130.68,105.273038,-0.1969,-1.959,10.367,-209.8676,0.12385,243488.6664464109,0,0
2026-07-13T10:36:36Z,4.438,15.2852,0.7275,3.5217,130.772,105.341729,-0.1987,-1.95,10.368,-210.0265,0.12384,243907.83253874516,0.003,0
2026-07-13T10:36:36Z,4.438,15.2842,0.7211,3.6001,131.125,105.617052,-0.1965,-1.945,10.369,-210.3705,0.12381,245570.82181628328,0.009,0
2026-07-13T10:36:36Z,4.438,15.2808,0.6912,3.4759,131.742,106.055101,-0.1957,-1.952,10.371,-210.7579,0.12381,248259.32440605396,0.019,0
2026-07-13T10:36:36Z,4.44,15.2738,0.6734,3.3865,132.229,106.308436,-0.1972,-1.957,10.373,-211.0961,0.1238,249901.47059097415,0.028,0
2026-07-13T10:36:36Z,4.448,15.2717,0.6812,3.4756,132.474,106.324097,-0.195,-1.959,10.375,-211.3626,0.12376,250029.37960952037,0.033,0
2026-07-13T10:36:36Z,4.466,15.2764,0.702,3.5627,132.478,106.180562,-0.1937,-1.951,10.377,-211.4849,0.12371,249086.25611590818,0.035,0
2026-07-13T10:36:36Z,4.484,15.2615,0.7173,3.5515,132.297,105.973578,-0.1967,-1.94,10.378,-211.6292,0.12368,248067.65667097757,0.032,0
2026-07-13T10:36:36Z,4.492,15.202,0.7326,3.5103,132.049,105.79523,-0.1957,-1.946,10.377,-211.8159,0.12371,247916.81503673334,0.026,0
2026-07-13T10:36:36Z,4.492,15.1208,0.7459,3.4405,131.818,105.679648,-0.1979,-1.972,10.377,-211.7639,0.12376,248484.05310850198,0.017,0
2026-07-13T10:36:36Z,4.492,15.058,0.7359,3.3555,131.676,105.658581,-0.1967,-1.984,10.378,-211.6874,0.1238,249339.9973373957,0.008,0
2026-07-13T10:36:36Z,4.492,15.0356,0.72,3.2689,131.575,105.667967,-0.1946,-1.963,10.378,-211.8381,0.12376,249749.28934218548,0.002,0
2026-07-13T10:36:36Z,4.492,15.0499,0.7125,3.214,131.49,105.665903,-0.1947,-1.949,10.379,-212.0378,0.12372,249511.83126671356,2.2536e-7,0
2026-07-13T10:36:36Z,4.492,15.079,0.7026,3.238,131.404,105.633699,-0.1989,-1.953,10.38,-212.2085,0.12376,248859.27451742516,0,0
2026-07-13T10:36:36Z,4.492,15.1166,0.7001,3.2854,131.326,105.596985,-0.2019,-1.955,10.38,-212.2675,0.12381,248048.56019602486,0,0
2026-07-13T10:36:36Z,4.492,15.1559,0.7083,3.3094,131.305,105.604052,-0.1959,-1.956,10.38,-212.2354,0.12383,247478.9227581347,0,0
2026-07-13T10:36:36Z,4.492,15.1812,0.7259,3.4601,131.347,105.655503,-0.1948,-1.953,10.381,-212.4223,0.12381,247396.2827489249,0.003,0
2026-07-13T10:36:36Z,4.492,15.1914,0.7382,3.6719,131.579,105.837074,-0.1965,-1.947,10.381,-212.8067,0.12378,248335.14397731103,0.011,0
2026-07-13T10:36:36Z,4.492,15.2002,0.7321,3.6841,132.029,106.143952,-0.1959,-1.955,10.382,-213.0109,0.12383,250058.32658727583,0.022,0
2026-07-13T10:36:36Z,4.494,15.2103,0.7267,3.6083,132.455,106.373311,-0.1964,-1.959,10.384,-213.0848,0.12388,251294.87170792196,0.033,0
2026-07-13T10:36:36Z,4.505,15.2182,0.7312,3.6088,132.707,106.445242,-0.1966,-1.948,10.385,-213.27,0.12385,251608.50446922553,0.039,0
2026-07-13T10:36:36Z,4.526,15.2215,0.7285,3.6218,132.826,106.440451,-0.1942,-1.939,10.388,-213.5293,0.12378,251527.1468992567,0.04,0
2026-07-13T10:36:36Z,4.546,15.2038,0.7283,3.6292,132.902,106.442603,-0.1962,-1.929,10.39,-213.8103,0.12378,251820.09505107577,0.036,0
2026-07-13T10:36:36Z,4.556,15.1536,0.7368,3.6298,132.973,106.471202,-0.1984,-1.919,10.391,-214.0866,0.12384,252791.02675806324,0.027,0
2026-07-13T10:36:36Z,4.558,15.0955,0.7402,3.6295,133.059,106.53151,-0.1948,-1.921,10.391,-214.3746,0.12383,254087.60616006618,0.013,0
2026-07-13T10:36:36Z,4.555,15.0585,0.7441,3.6599,133.143,106.598716,-0.1959,-1.915,10.391,-214.6256,0.12382,255094.89841547783,-0.002,0
2026-07-13T10:36:36Z,4.55,15.0385,0.7501,3.6898,133.116,106.583381,-0.1943,-1.9,10.392,-214.7129,0.12386,255321.74868296518,-0.015,0
2026-07-13T10:36:36Z,4.546,15.0289,0.7548,3.6485,132.95,106.473445,-0.1923,-1.897,10.393,-214.7418,0.12385,254797.0877410216,-0.022,0
2026-07-13T10:36:36Z,4.539,15.0266,0.7515,3.571,132.739,106.351962,-0.1941,-1.909,10.393,-214.9747,0.12385,254084.7055429314,-0.024,0
2026-07-13T10:36:36Z,4.528,15.0281,0.7263,3.5384,132.633,106.324387,-0.1936,-1.928,10.393,-215.464,0.12384,253890.81197146288,-0.022,0
2026-07-13T10:36:36Z,4.519,15.0283,0.6914,3.4931,132.678,106.394797,-0.1906,-1.958,10.394,-215.9261,0.12378,254321.52190445893,-0.018,0
2026-07-13T10:36:36Z,4.516,15.0343,0.6792,3.4339,132.831,106.502923,-0.19,-1.968,10.395,-216.2591,0.12379,254892.34745126317,-0.013,0
2026-07-13T10:36:36Z,4.517,15.0555,0.6869,3.403,133.118,106.676624,-0.193,-1.955,10.396,-216.5658,0.12385,255624.38748219528,-0.008,0
2026-07-13T10:36:36Z,4.517,15.0813,0.7012,3.4617,133.42,106.839418,-0.1924,-1.934,10.396,-216.8811,0.12385,256215.17028571843,-0.003,0
2026-07-13T10:36:36Z,4.517,15.0995,0.744,3.6309,133.487,106.815625,-0.1986,-1.906,10.398,-217.1455,0.12381,255774.78986729815,0,0
2026-07-13T10:36:36Z,4.516,15.0917,0.7968,3.7414,133.402,106.707222,-0.1989,-1.884,10.399,-217.2674,0.12382,255231.0684689887,0.003,0
2026-07-13T10:36:36Z,4.516,15.0673,0.8067,3.738,133.674,106.92951,-0.1965,-1.862,10.399,-217.4086,0.12388,256999.30523965808,0.008,0
2026-07-13T10:36:36Z,4.517,15.0359,0.7804,3.7607,134.435,107.529348,-0.196,-1.863,10.401,-217.6486,0.12388,261250.79954112426,0.018,0
2026-07-13T10:36:36Z,4.52,15.0007,0.745,3.811,135.02,107.910627,-0.1908,-1.897,10.403,-217.8458,0.12382,264232.6602416842,0.029,0
2026-07-13T10:36:36Z,4.525,14.9819,0.7199,3.8345,135.189,107.909879,-0.1909,-1.922,10.404,-217.9866,0.12377,264541.4331486361,0.037,0
2026-07-13T10:36:36Z,4.54,14.9929,0.7179,3.9074,135.311,107.902204,-0.1869,-1.933,10.406,-218.2328,0.12379,264309.44387869793,0.042,0
2026-07-13T10:36:36Z,4.563,15.0054,0.7303,3.9411,135.511,108.008731,-0.1854,-1.938,10.406,-218.4991,0.12381,264774.24263439776,0.045,0
2026-07-13T10:36:36Z,4.579,14.9654,0.7523,3.8998,135.756,108.178981,-0.1926,-1.928,10.407,-218.5387,0.1238,266523.78461119457,0.046,0
2026-07-13T10:36:36Z,4.584,14.8999,0.7845,3.9545,135.95,108.305017,-0.1946,-1.925,10.409,-218.3674,0.12379,268433.36528730113,0.043,0
2026-07-13T10:36:36Z,4.59,14.8605,0.8042,3.9882,136.021,108.322698,-0.1948,-1.92,10.411,-218.2353,0.12376,269215.9308153558,0.036,0
2026-07-13T10:36:36Z,4.6,14.8454,0.8069,3.8631,135.993,108.265357,-0.1977,-1.904,10.411,-218.3188,0.12371,269105.26264838845,0.029,0
2026-07-13T10:36:36Z,4.61,14.8406,0.8009,3.6719,135.835,108.121102,-0.1937,-1.899,10.411,-218.4297,0.12374,268262.6993344202,0.023,0
2026-07-13T10:36:36Z,4.617,14.8321,0.7727,3.5213,135.566,107.915741,-0.1948,-1.892,10.412,-218.4577,0.12377,267093.82418007444,0.018,0
2026-07-13T10:36:36Z,4.62,14.8138,0.7402,3.4764,135.313,107.756382,-0.1958,-1.886,10.412,-218.4857,0.12374,266385.74786527577,0.013,0
2026-07-13T10:36:36Z,4.621,14.7994,0.7157,3.5393,135.11,107.658949,-0.1912,-1.898,10.412,-218.5095,0.12375,266007.10242658516,0.008,0
2026-07-13T10:36:36Z,4.62,14.7922,0.6941,3.5973,134.913,107.565562,-0.1929,-1.915,10.413,-218.4875,0.12376,265533.23421722354,0.004,0
2026-07-13T10:36:36Z,4.619,14.7933,0.7029,3.5971,134.71,107.455131,-0.192,-1.918,10.413,-218.4775,0.12374,264812.13584503566,0.002,0
2026-07-13T10:36:36Z,4.62,14.8106,0.7393,3.6401,134.513,107.342612,-0.1896,-1.925,10.413,-218.5611,0.12375,263808.46812268544,0.001,0
2026-07-13T10:36:36Z,4.622,14.8389,0.7761,3.6396,134.385,107.287651,-0.1916,-1.931,10.414,-218.6376,0.12378,262989.000731343,0.001,0
2026-07-13T10:36:36Z,4.623,14.8631,0.8064,3.4889,134.334,107.300068,-0.195,-1.926,10.415,-218.7147,0.12376,262665.35071064957,0.002,0
2026-07-13T10:36:36Z,4.622,14.8813,0.8146,3.3546,134.351,107.365454,-0.1932,-1.928,10.416,-218.8904,0.12376,262776.0230254374,0.005,0
2026-07-13T10:36:36Z,4.621,14.8966,0.7925,3.313,134.407,107.441526,-0.194,-1.927,10.415,-219.0412,0.12377,263002.2145707433,0.012,0
2026-07-13T10:36:36Z,4.621,14.9134,0.7547,3.3619,134.508,107.519461,-0.1965,-1.91,10.415,-219.2471,0.12378,263215.15236981004,0.021,0
2026-07-13T10:36:36Z,4.625,14.9341,0.7326,3.5361,134.745,107.670983,-0.1933,-1.89,10.417,-219.5729,0.12376,263827.9939066446,0.028,0
2026-07-13T10:36:36Z,4.637,14.9559,0.7334,3.7112,135.003,107.808953,-0.1946,-1.885,10.42,-219.7117,0.12374,264336.9394929358,0.032,0
2026-07-13T10:36:36Z,4.656,14.9708,0.7389,3.8057,135.148,107.850342,-0.1955,-1.884,10.421,-219.7203,0.12379,264350.11681879405,0.032,0
2026-07-13T10:36:36Z,4.669,14.9681,0.7583,3.8588,135.221,107.852927,-0.1926,-1.87,10.422,-219.7631,0.12386,264411.4969879653,0.029,0
2026-07-13T10:36:36Z,4.673,14.9544,0.7928,3.943,135.253,107.840155,-0.1902,-1.871,10.422,-219.8851,0.12385,264559.3589208791,0.023,0
2026-07-13T10:36:36Z,4.672,14.9264,0.8153,4.0039,135.269,107.823229,-0.1894,-1.882,10.422,-220.3355,0.12381,264920.1126569527,0.016,0
2026-07-13T10:36:36Z,4.672,14.8929,0.7965,3.9113,135.226,107.775594,-0.1921,-1.889,10.422,-220.9068,0.12388,265178.808735483,0.007,0
2026-07-13T10:36:36Z,4.674,14.8746,0.7491,3.7462,135.042,107.64624,-0.1876,-1.905,10.423,-221.3713,0.12397,264664.448155785,0.001,0
2026-07-13T10:36:36Z,4.678,14.8627,0.7327,3.5442,134.834,107.53279,-0.1884,-1.905,10.424,-221.822,0.12395,264144.10607555025,-0.004,0
2026-07-13T10:36:36Z,4.678,14.8493,0.7406,3.3145,134.763,107.55012,-0.1919,-1.891,10.424,-222.1404,0.12381,264477.8812640103,-0.007,0
2026-07-13T10:36:36Z,4.674,14.8426,0.7366,3.2225,134.825,107.664843,-0.1891,-1.898,10.424,-222.4685,0.12366,265318.6226876789,-0.006,0
2026-07-13T10:36:36Z,4.666,14.8481,0.7504,3.3205,134.941,107.773799,-0.1943,-1.912,10.425,-222.9504,0.12364,265919.31171676656,-0.001,0
2026-07-13T10:36:36Z,4.66,14.8692,0.7819,3.5774,134.92,107.721332,-0.1934,-1.902,10.427,-223.4914,0.12369,265231.4768707643,0.011,0
2026-07-13T10:36:36Z,4.66,14.9008,0.7935,3.8354,134.8,107.603496,-0.1896,-1.885,10.429,-224.0204,0.12369,263956.12620462046,0.026,0
2026-07-13T10:36:36Z,4.669,14.9303,0.7993,3.9458,134.872,107.686241,-0.1908,-1.874,10.43,-224.3556,0.12372,263987.7582456903,0.038,0
2026-07-13T10:36:36Z,4.689,14.941,0.8094,3.9222,135.035,107.830346,-0.1951,-1.859,10.431,-224.4474,0.12378,264721.09319348464,0.045,0
2026-07-13T10:36:36Z,4.714,14.9145,0.7918,3.7884,135.06,107.817637,-0.1919,-1.851,10.431,-224.5273,0.12378,265083.78683796426,0.047,0
2026-07-13T10:36:36Z,4.73,14.8963,0.7522,3.6604,134.988,107.723568,-0.1897,-1.831,10.431,-224.7188,0.12378,264791.82258218,0.043,0
2026-07-13T10:36:36Z,4.735,14.9224,0.7302,3.6384,134.906,107.648081,-0.1904,-1.813,10.432,-224.8712,0.12384,263878.0875993004,0.035,0
2026-07-13T10:36:36Z,4.736,14.933,0.7253,3.659,134.844,107.605358,-0.1861,-1.823,10.434,-224.907,0.12384,263431.6555646617,0.025,0
2026-07-13T10:36:36Z,4.738,14.9096,0.7436,3.704,134.807,107.589081,-0.1885,-1.833,10.434,-224.8926,0.12374,263718.26760858373,0.016,0
2026-07-13T10:36:36Z,4.743,14.8925,0.7756,3.8416,134.774,107.578645,-0.1852,-1.827,10.434,-224.9562,0.1237,263937.2315163078,0.011,0
2026-07-13T10:36:36Z,4.747,14.8921,0.7876,3.9566,134.695,107.542866,-0.181,-1.827,10.434,-225.1595,0.12377,263717.5149175722,0.009,0
2026-07-13T10:36:36Z,4.75,14.896,0.7975,3.967,134.555,107.474896,-0.1844,-1.832,10.434,-225.458,0.12382,263222.9127932301,0.009,0
2026-07-13T10:36:36Z,4.752,14.9012,0.8039,3.898,134.47,107.457329,-0.1866,-1.838,10.434,-225.812,0.12384,263025.52832876064,0.011,0
2026-07-13T10:36:36Z,4.752,14.9059,0.7814,3.7716,134.582,107.585221,-0.1834,-1.842,10.435,-226.1695,0.12385,263755.48849669896,0.017,0
2026-07-13T10:36:36Z,4.752,14.9141,0.7511,3.7032,134.784,107.747746,-0.1844,-1.827,10.437,-226.5119,0.12386,264647.4286901455,0.027,0
2026-07-13T10:36:36Z,4.755,14.933,0.7376,3.6872,134.86,107.76681,-0.1853,-1.823,10.438,-226.8549,0.12384,264452.4324321676,0.034,0
2026-07-13T10:36:36Z,4.768,14.9531,0.742,3.6799,134.827,107.688316,-0.1845,-1.839,10.438,-227.1327,0.12379,263621.1579206983,0.038,0
2026-07-13T10:36:36Z,4.792,14.9717,0.7547,3.6825,134.789,107.626419,-0.188,-1.852,10.439,-227.3752,0.12379,262921.69554438523,0.038,0
2026-07-13T10:36:36Z,4.811,14.9748,0.7658,3.6847,134.748,107.591464,-0.1829,-1.857,10.439,-227.6371,0.12378,262650.102855869,0.034,0
2026-07-13T10:36:36Z,4.815,14.9527,0.7938,3.7062,134.717,107.58407,-0.183,-1.848,10.439,-227.804,0.1237,262970.0046654225,0.026,0
2026-07-13T10:36:36Z,4.813,14.9287,0.8176,3.7033,134.713,107.600714,-0.1861,-1.832,10.439,-228.0156,0.12368,263473.82403580926,0.014,0
2026-07-13T10:36:36Z,4.811,14.9161,0.7957,3.6503,134.693,107.601704,-0.1873,-1.824,10.44,-228.3893,0.12374,263689.79486332665,0.004,0
2026-07-13T10:36:36Z,4.81,14.9166,0.7545,3.5437,134.663,107.596064,-0.1883,-1.826,10.441,-228.7948,0.12379,263645.8182555243,-0.001,0
2026-07-13T10:36:36Z,4.81,14.9266,0.7347,3.4389,134.723,107.659892,-0.1868,-1.814,10.441,-229.218,0.1238,263882.7612311082,-0.001,0
2026-07-13T10:36:36Z,4.81,14.9334,0.7315,3.4081,134.906,107.800367,-0.185,-1.8,10.442,-229.6347,0.12382,264658.19774495705,-0.001,0
2026-07-13T10:36:36Z,4.811,14.9397,0.7327,3.4106,135.161,107.957318,-0.1826,-1.806,10.444,-230.1334,0.12384,265547.66380638775,0,0
2026-07-13T10:36:36Z,4.811,14.9466,0.7323,3.4008,135.516,108.156612,-0.1858,-1.806,10.444,-230.6882,0.12379,266697.8297868336,0.005,0
2026-07-13T10:36:36Z,4.811,14.9543,0.7438,3.4599,136.135,108.554276,-0.1831,-1.791,10.445,-231.0077,0.12372,269103.7706323088,0.015,0
2026-07-13T10:36:36Z,4.81,14.9574,0.7634,3.5451,136.67,108.880851,-0.1799,-1.791,10.446,-231.1574,0.12369,271143.97212182026,0.025,0
2026-07-13T10:36:36Z,4.814,14.9382,0.7778,3.6786,136.913,108.984747,-0.1828,-1.793,10.448,-231.3796,0.12374,272141.5274731736,0.033,0
2026-07-13T10:36:36Z,4.829,14.9025,0.8174,3.9133,137.309,109.237241,-0.1838,-1.79,10.449,-231.6295,0.12377,274388.8744509954,0.038,0
2026-07-13T10:36:36Z,4.852,14.8673,0.8517,4.0263,137.56,109.38641,-0.1792,-1.798,10.45,-231.7693,0.12376,275969.7035768401,0.038,0
2026-07-13T10:36:36Z,4.867,14.8298,0.834,4.0195,137.539,109.323625,-0.1815,-1.808,10.45,-231.8656,0.12377,276215.5553282666,0.034,0
2026-07-13T10:36:36Z,4.871,14.7918,0.7947,3.9674,137.864,109.560646,-0.1825,-1.828,10.45,-232.1062,0.12373,278431.77507121494,0.026,0
2026-07-13T10:36:36Z,4.871,14.7731,0.7766,3.9082,138.385,109.959594,-0.1797,-1.852,10.451,-232.4407,0.12368,281387.68516165466,0.016,0
2026-07-13T10:36:36Z,4.87,14.7578,0.7821,3.9536,138.487,110.007837,-0.1832,-1.859,10.453,-232.727,0.12371,281979.3870811258,0.007,0
2026-07-13T10:36:36Z,4.87,14.7331,0.7856,4.0374,138.294,109.825506,-0.1823,-1.849,10.453,-232.9864,0.12376,281215.069176763,0.002,0
2026-07-13T10:36:36Z,4.871,14.7302,0.7938,4.1019,138.182,109.729207,-0.1853,-1.836,10.454,-233.168,0.12372,280630.9815576592,0.001,0
2026-07-13T10:36:36Z,4.871,14.7318,0.8231,4.1866,138.192,109.735072,-0.1886,-1.828,10.454,-233.2878,0.12368,280641.2199692954,0.002,0
2026-07-13T10:36:36Z,4.872,14.7125,0.8409,4.2074,138.25,109.76905,-0.1891,-1.824,10.455,-233.4891,0.12368,281209.23259599885,0.002,0
2026-07-13T10:36:36Z,4.873,14.6992,0.8252,4.1148,138.415,109.885279,-0.188,-1.827,10.456,-233.7086,0.12369,282215.8800730798,0.003,0
2026-07-13T10:36:36Z,4.873,14.7011,0.7912,3.9892,138.891,110.248798,-0.1854,-1.828,10.456,-233.8765,0.12369,284596.3466724558,0.008,0
2026-07-13T10:36:36Z,4.874,14.7027,0.7635,3.919,139.53,110.725315,-0.1861,-1.829,10.457,-234.143,0.12372,287751.2278138026,0.016,0
2026-07-13T10:36:36Z,4.875,14.6957,0.7555,3.8804,140.01,111.061406,-0.1841,-1.824,10.459,-234.5205,0.12378,290138.5748334979,0.022,0
2026-07-13T10:36:36Z,4.88,14.6897,0.762,3.8303,140.315,111.255427,-0.1859,-1.803,10.46,-234.7417,0.12374,291558.8629777101,0.026,0
2026-07-13T10:36:36Z,4.895,14.6882,0.768,3.8251,140.488,111.351575,-0.1853,-1.791,10.46,-234.667,0.12367,292237.10250631795,0.027,0
2026-07-13T10:36:36Z,4.91,14.677,0.7863,3.9196,140.58,111.395929,-0.1855,-1.801,10.461,-234.4785,0.1237,292745.4050509555,0.026,0
2026-07-13T10:36:36Z,4.917,14.6581,0.8246,4.0515,140.622,111.409541,-0.1866,-1.812,10.462,-234.3549,0.12374,293189.1105218022,0.023,0
2026-07-13T10:36:36Z,4.917,14.6404,0.8396,4.0867000000000004,140.453,111.26138,-0.1825,-1.81,10.463,-234.2906,0.1237,292512.7791431647,0.016,0
2026-07-13T10:36:36Z,4.917,14.6255,0.8097,4.0044,139.975,110.87828,-0.1808,-1.8,10.463,-234.3888,0.1237,290195.9486233736,0.008,0
2026-07-13T10:36:36Z,4.918,14.6152,0.7801,3.8764,139.355,110.407674,-0.1832,-1.803,10.465,-234.682,0.12379,287216.9197083584,0.003,0
2026-07-13T10:36:36Z,4.919,14.6096,0.7726,3.8031,138.82,110.029391,-0.1847,-1.818,10.466,-234.9111,0.12384,284786.35802237573,0.002,0
2026-07-13T10:36:36Z,4.919,14.6035,0.7523,3.7325,138.383,109.743546,-0.1845,-1.817,10.465,-234.922,0.1238,282991.2413982203,0.001,0
2026-07-13T10:36:36Z,4.919,14.5992,0.734,3.6379,137.994,109.498979,-0.1828,-1.818,10.465,-234.8999,0.12376,281443.9969649083,0.001,0
2026-07-13T10:36:36Z,4.919,14.6065,0.7508,3.6509,137.672,109.301345,-0.1815,-1.831,10.466,-235.0744,0.12381,280005.53368586337,0.002,0
2026-07-13T10:36:36Z,4.919,14.6253,0.773,3.7867,137.481,109.200827,-0.1868,-1.834,10.466,-235.3964,0.12384,279008.4468692761,0.006,0
2026-07-13T10:36:36Z,4.919,14.6483,0.7776,3.9122,137.473,109.238921,-0.184,-1.826,10.467,-235.5241,0.12374,278852.21922181064,0.015,0
2026-07-13T10:36:36Z,4.92,14.6724,0.7973,4.0079,137.611,109.379887,-0.1835,-1.821,10.468,-235.4131,0.12369,279353.9840618316,0.025,0
2026-07-13T10:36:36Z,4.924,14.6939,0.8286,4.1239,137.915,109.631637,-0.187,-1.826,10.469,-235.4308,0.12374,280632.7392126796,0.032,0
2026-07-13T10:36:36Z,4.938,14.712,0.8231,4.119,138.22,109.862861,-0.1861,-1.821,10.47,-235.5661,0.12374,281838.5364852929,0.037,0
2026-07-13T10:36:36Z,4.959,14.7292,0.7972,3.9828,138.275,109.882978,-0.1854,-1.788,10.471,-235.501,0.1237,281664.42927772336,0.037,0
2026-07-13T10:36:36Z,4.973,14.7418,0.7907,3.8775,138.293,109.874854,-0.1838,-1.751,10.473,-235.245,0.12373,281385.943205756,0.034,0
2026-07-13T10:36:36Z,4.978,14.7455,0.7782,3.8025,138.415,109.955654,-0.1854,-1.741,10.474,-235.1388,0.12377,281853.97162847145,0.027,0
2026-07-13T10:36:36Z,4.98,14.7404,0.7617,3.7931,138.526,110.032019,-0.1861,-1.752,10.473,-235.0783,0.12379,282450.4750409476,0.017,0
2026-07-13T10:36:36Z,4.982,14.7298,0.7741,3.9009,138.706,110.161316,-0.1814,-1.765,10.473,-234.8571,0.12377,283497.84528701263,0.007,0
2026-07-13T10:36:36Z,4.982,14.7205,0.7869,3.9096,138.922,110.308953,-0.1761,-1.774,10.474,-234.7001,0.12377,284646.7491311652,0,0
2026-07-13T10:36:36Z,4.982,14.7157,0.7916,3.8302,139.021,110.352301,-0.1756,-1.777,10.475,-234.6426,0.12383,285022.1089735515,-0.003,0
2026-07-13T10:36:36Z,4.98,14.7114,0.8222,3.8968,139.077,110.36696,-0.1781,-1.765,10.475,-234.6792,0.12381,285197.52861714666,-0.004,0
2026-07-13T10:36:36Z,4.977,14.7083,0.8495,3.9296,139.166,110.422479,-0.1793,-1.76,10.475,-234.799,0.12375,285623.9069143822,-0.004,0
2026-07-13T10:36:36Z,4.975,14.7007,0.8465,3.8513,139.208,110.450384,-0.1798,-1.768,10.475,-234.8858,0.12373,285947.91310449666,-0.003,0
2026-07-13T10:36:36Z,4.974,14.6845,0.8202,3.8392,139.288,110.513296,-0.1817,-1.763,10.475,-234.9543,0.1237,286662.6434154092,0.002,0
2026-07-13T10:36:36Z,4.975,14.6719,0.7887,3.885,139.648,110.801025,-0.1787,-1.761,10.476,-235.0251,0.1237,288822.73318434454,0.012,0
2026-07-13T10:36:36Z,4.977,14.6686,0.7823,3.927,140.154,111.190756,-0.1773,-1.785,10.477,-235.1388,0.12372,291511.7873279718,0.023,0
2026-07-13T10:36:36Z,4.981,14.6669,0.7836,4.0045,140.385,111.340561,-0.1809,-1.799,10.478,-235.2108,0.12372,292557.5970688248,0.03,0
2026-07-13T10:36:36Z,4.993,14.6661,0.7881,4.2077,140.268,111.211137,-0.1791,-1.797,10.479,-235.1216,0.12373,291695.91624841123,0.032,0
2026-07-13T10:36:36Z,5.013,14.6698,0.8116,4.4027,139.89,110.899612,-0.1765,-1.807,10.48,-235.0069,0.12376,289524.70538212237,0.032,0
2026-07-13T10:36:36Z,5.026,14.6683,0.8347,4.4498,139.364,110.503547,-0.1824,-1.815,10.481,-234.9429,0.12379,286892.0849496579,0.027,0
2026-07-13T10:36:36Z,5.028,14.6522,0.8344,4.4008,138.904,110.179885,-0.184,-1.811,10.481,-234.9495,0.12383,285020.38807706675,0.02,0
2026-07-13T10:36:36Z,5.027,14.6348,0.817,4.1866,138.674,110.043196,-0.1808,-1.797,10.482,-235.0003,0.12385,284423.0414567762,0.011,0
2026-07-13T10:36:36Z,5.026,14.6302,0.7985,3.8754,138.647,110.060917,-0.1842,-1.771,10.483,-234.955,0.12385,284624.32274539914,0.003,0
2026-07-13T10:36:36Z,5.026,14.6392,0.7861,3.7461,138.552,110.012091,-0.1849,-1.758,10.484,-234.8322,0.12383,284136.3145555527,-0.001,0
2026-07-13T10:36:36Z,5.026,14.6567,0.7756,3.7511,138.388,109.898676,-0.1838,-1.778,10.484,-234.6341,0.12373,283066.6886888258,-0.001,0
2026-07-13T10:36:36Z,5.026,14.6744,0.7707,3.8321,138.368,109.89964,-0.1832,-1.788,10.484,-234.5389,0.12366,282755.3797045854,0,0
2026-07-13T10:36:36Z,5.026,14.689,0.7933,4.0436,138.418,109.960071,-0.1799,-1.774,10.484,-234.7994,0.12368,282894.5492750268,0.003,0
2026-07-13T10:36:36Z,5.026,14.6994,0.8332,4.1896,138.514,110.056214,-0.1755,-1.76,10.485,-235.2024,0.12373,283346.1398990332,0.01,0
2026-07-13T10:36:36Z,5.026,14.703,0.8535,4.197,138.65,110.170534,-0.1817,-1.747,10.486,-235.4536,0.12374,284041.18449083576,0.019,0
2026-07-13T10:36:36Z,5.029,14.7081,0.8636,4.2352,138.695,110.195998,-0.1827,-1.747,10.487,-235.5136,0.12375,284118.6870413747,0.024,0
2026-07-13T10:36:36Z,5.039,14.7169,0.8723,4.2766,138.762,110.236715,-0.179,-1.744,10.487,-235.5841,0.12381,284230.9656631706,0.026,0
2026-07-13T10:36:36Z,5.056,14.7253,0.8756,4.2532,138.91,110.344402,-0.1795,-1.729,10.487,-235.7039,0.12383,284796.0934381678,0.026,0
2026-07-13T10:36:36Z,5.067,14.7296,0.8692,4.2262,139.017,110.415374,-0.1756,-1.71,10.488,-235.7575,0.1238,285191.12826620654,0.023,0
2026-07-13T10:36:36Z,5.069,14.7223,0.8284,4.1547,139.092,110.457958,-0.1778,-1.702,10.488,-235.8021,0.1238,285607.07504217024,0.018,0
2026-07-13T10:36:36Z,5.068,14.7172,0.7906,4.0717,139.217,110.540833,-0.1774,-1.702,10.488,-235.8131,0.12376,286252.7242025185,0.011,0
2026-07-13T10:36:36Z,5.068,14.7157,0.7955,4.076,139.373,110.653152,-0.1757,-1.707,10.488,-235.8038,0.12371,287030.939715777,0.004,0
2026-07-13T10:36:36Z,5.068,14.7097,0.8042,4.139,139.487,110.733313,-0.1729,-1.725,10.489,-235.7763,0.12374,287677.06665893627,0.001,0
2026-07-13T10:36:36Z,5.069,14.7032,0.8202,4.2194,139.597,110.809498,-0.1725,-1.745,10.491,-235.7386,0.12376,288306.72490727005,0.001,0
2026-07-13T10:36:36Z,5.069,14.6967,0.8643,4.3302,139.774,110.937419,-0.1728,-1.753,10.491,-235.6921,0.1237,289285.32043282007,0.001,0
2026-07-13T10:36:36Z,5.069,14.6928,0.8889,4.3851,139.962,111.069929,-0.1723,-1.756,10.492,-235.5585,0.1237,290249.328906076,0.002,0
2026-07-13T10:36:36Z,5.07,14.6898,0.8756,4.3022,140.072,111.137889,-0.175,-1.765,10.492,-235.4996,0.12372,290763.0090852619,0.002,0
2026-07-13T10:36:36Z,5.07,14.6857,0.8451,4.1481,140.156,111.185909,-0.1776,-1.756,10.491,-235.5813,0.12368,291162.9237338198,0.001,0
2026-07-13T10:36:36Z,5.071,14.6815,0.8285,4.1271,140.28,111.268389,-0.1785,-1.728,10.491,-235.6862,0.12371,291798.1744436051,0.001,0
2026-07-13T10:36:36Z,5.071,14.6756,0.8321,4.2538,140.427,111.370866,-0.177,-1.711,10.492,-235.908,0.12372,292601.45840142923,0.004,0
2026-07-13T10:36:36Z,5.071,14.668,0.8308,4.313,140.895,111.724361,-0.1803,-1.713,10.492,-236.1989,0.12372,295145.5969107281,0.009,0
2026-07-13T10:36:36Z,5.071,14.6615,0.8291,4.331,141.656,112.29423800000001,-0.1794,-1.716,10.492,-236.3639,0.12374,299168.2628221863,0.017,0
2026-07-13T10:36:36Z,5.073,14.6557,0.8454,4.403,141.865,112.401628,-0.1748,-1.713,10.494,-236.4401,0.12377,300017.3026392955,0.024,0
2026-07-13T10:36:36Z,5.08,14.651,0.8698,4.4664,141.515,112.067389,-0.1725,-1.693,10.495,-236.4311,0.12382,297810.10752009205,0.028,0
2026-07-13T10:36:36Z,5.096,14.6462,0.8819,4.4489,141.227,111.819638,-0.1746,-1.678,10.496,-236.4278,0.12386,296204.88684700546,0.029,0
2026-07-13T10:36:36Z,5.111,14.6373,0.8915,4.3957,140.977,111.635246,-0.1743,-1.696,10.497,-236.4008,0.12381,295113.17118466424,0.027,0
2026-07-13T10:36:36Z,5.118,14.613,0.8863,4.2667,140.762,111.493869,-0.1747,-1.71,10.496,-236.1902,0.12373,294604.26011989306,0.022,0
2026-07-13T10:36:36Z,5.118,14.585,0.8438,4.0512,140.664,111.447771,-0.1733,-1.716,10.497,-236.033,0.12373,294814.11003038863,0.015,0
2026-07-13T10:36:36Z,5.118,14.581,0.7947,3.9423,140.65,111.46005,-0.1673,-1.74,10.499,-236.0484,0.12373,294972.8850525982,0.009,0
2026-07-13T10:36:36Z,5.118,14.5884,0.7756,3.9401,140.865,111.642368,-0.1741,-1.766,10.5,-236.2044,0.12372,296079.95061597397,0.007,0
2026-07-13T10:36:36Z,5.118,14.5992,0.8036,4.0596,141.39,112.059938,-0.1743,-1.78,10.501,-236.4569,0.12376,298740.1652887567,0.013,0
2026-07-13T10:36:36Z,5.119,14.6132,0.8503,4.2932,141.879,112.432658,-0.1728,-1.772,10.501,-236.6053,0.12378,301042.33523446915,0.023,0
2026-07-13T10:36:36Z,5.123,14.6211,0.8747,4.4072,142.027,112.518496,-0.1775,-1.747,10.501,-236.7085,0.12374,301484.27434118296,0.03,0
2026-07-13T10:36:36Z,5.134,14.6249,0.8905,4.4132,141.993,112.460841,-0.1793,-1.73,10.502,-236.7581,0.12372,301013.255599928,0.034,0
2026-07-13T10:36:36Z,5.153,14.6263,0.899,4.3665,141.895,112.37245,-0.1824,-1.735,10.503,-236.6026,0.12374,300376.58971575985,0.034,0
2026-07-13T10:36:36Z,5.168,14.6224,0.8864,4.2525,141.767,112.27774,-0.1805,-1.72,10.503,-236.4621,0.12374,299798.17569670547,0.032,0
2026-07-13T10:36:36Z,5.173,14.6084,0.8715,4.1962,141.667,112.207414,-0.1776,-1.677,10.503,-236.5224,0.12371,299580.28383321926,0.027,0
2026-07-13T10:36:36Z,5.174,14.5935,0.8685,4.1638,141.6,112.159054,-0.1743,-1.678,10.503,-236.6431,0.12369,299530.73810381553,0.02,0
2026-07-13T10:36:36Z,5.175,14.5913,0.8753,4.1684,141.57,112.138874,-0.1768,-1.707,10.503,-236.7171,0.12373,299433.58557666634,0.014,0
2026-07-13T10:36:36Z,5.177,14.5963,0.8863,4.3209,141.502,112.090813,-0.1783,-1.721,10.503,-236.8161,0.12376,299007.6180545157,0.01,0
2026-07-13T10:36:36Z,5.18,14.5998,0.8941,4.4349,141.407,112.023793,-0.1665,-1.736,10.504,-236.8928,0.12375,298480.24733241706,0.009,0
2026-07-13T10:36:36Z,5.183,14.6003,0.9118,4.4883,141.399,112.02914,-0.1694,-1.744,10.505,-236.8708,0.1238,298507.51751729863,0.008,0
2026-07-13T10:36:36Z,5.187,14.6014,0.9333,4.6243,141.468,112.091786,-0.176,-1.744,10.506,-236.8933,0.12384,298917.433586679,0.006,0
2026-07-13T10:36:36Z,5.188,14.6037,0.9459,4.7136,141.529,112.144348,-0.1733,-1.751,10.505,-236.9072,0.12381,299235.4346685627,0.005,0
2026-07-13T10:36:36Z,5.188,14.6061,0.9639,4.6454,141.539,112.155133,-0.1774,-1.748,10.505,-236.867,0.12381,299264.0460938766,0.005,0
2026-07-13T10:36:36Z,5.187,14.612,0.9767,4.5513,141.787,112.349575,-0.178,-1.718,10.505,-236.9233,0.1238,300491.6728315602,0.01,0
2026-07-13T10:36:36Z,5.186,14.6147,0.9931,4.5663,142.267,112.711914,-0.1764,-1.688,10.506,-237.0723,0.1237,302946.12490442663,0.018,0
2026-07-13T10:36:36Z,5.188,14.6151,1.0283,4.5887,142.397,112.77828,-0.1782,-1.682,10.507,-237.2909,0.12365,303398.79182635265,0.026,0
2026-07-13T10:36:36Z,5.197,14.6167,1.0526,4.5827,142.512,112.833533,-0.1797,-1.698,10.508,-237.502,0.12369,303751.5188939703,0.032,0
2026-07-13T10:36:36Z,5.215,14.6182,1.0791,4.6633,143.545,113.634697,-0.1741,-1.722,10.508,-237.559,0.12372,309317.0434097315,0.035,0
2026-07-13T10:36:36Z,5.232,14.6124,1.1152,4.8812,144.883,114.694102,-0.1704,-1.726,10.509,-237.5505,0.1237,316927.7077538914,0.035,0
2026-07-13T10:36:36Z,5.238,14.5959,1.1317,5.0657,145.37,115.069016,-0.1705,-1.712,10.51,-237.572,0.12368,319942.36943942396,0.03,0
2026-07-13T10:36:36Z,5.242,14.5811,1.1368,5.0829,145.321,114.982936,-0.1716,-1.71,10.51,-237.5602,0.12374,319625.88996513496,0.021,0
2026-07-13T10:36:36Z,5.246,14.5746,1.1353,5.0896,144.937,114.608768,-0.1766,-1.715,10.511,-237.4937,0.12383,317080.6857136155,0.011,0
2026-07-13T10:36:36Z,5.247,14.5796,1.1135,5.0441,144.139,113.920927,-0.1765,-1.706,10.512,-237.4566,0.12384,312095.55891471845,0.004,0
2026-07-13T10:36:36Z,5.246,14.5808,1.0646,4.7707,143.363,113.290787,-0.1733,-1.687,10.513,-237.6272,0.12379,307638.1361310529,0.001,0
2026-07-13T10:36:36Z,5.244,14.5619,1.0186,4.4497,142.935,112.977201,-0.1735,-1.668,10.513,-237.9227,0.1238,305813.443337491,-0.001,0
2026-07-13T10:36:36Z,5.244,14.5316,1.0061,4.3388,143.061,113.123059,-0.1755,-1.669,10.511,-238.1039,0.12383,307424.88640239666,-0.002,0
2026-07-13T10:36:36Z,5.244,14.5084,1.0053,4.3521,143.769,113.71682,-0.174,-1.69,10.511,-238.1831,0.12381,312065.255968219,-0.002,0
2026-07-13T10:36:36Z,5.243,14.5028,0.9758,4.3371,145.077,114.742236,-0.172,-1.696,10.513,-238.3636,0.12378,319490.2459047434,0,0
2026-07-13T10:36:36Z,5.242,14.514,0.94,4.3973,147.687,116.730959,-0.1694,-1.689,10.515,-238.7383,0.12373,333733.17229026376,0.007,0
2026-07-13T10:36:36Z,5.242,14.5348,0.9305,4.4983,152.885,120.689414,-0.1681,-1.694,10.516,-239.185,0.12373,363231.65841390204,0.018,0
2026-07-13T10:36:36Z,5.244,14.5501,0.9363,4.5679,157.939,124.437248,-0.1733,-1.695,10.517,-239.6348,0.1238,392659.9319547171,0.03,0
2026-07-13T10:36:36Z,5.249,14.5508,1.0267,4.8975,159.168,125.087095,-0.1737,-1.693,10.519,-240.0469,0.12384,397952.739039264,0.04,0
2026-07-13T10:36:36Z,5.266,14.5241,1.183,5.3751,158.537,124.341796,-0.1703,-1.686,10.521,-240.2107,0.12381,392532.9372963017,0.046,0
2026-07-13T10:36:36Z,5.291,14.4776,1.2538,5.5611,157.75,123.647192,-0.1737,-1.666,10.523,-240.2387,0.12379,388050.24356457946,0.047,0
2026-07-13T10:36:36Z,5.309,14.4074,1.2495,5.5063,156.726,122.870179,-0.1732,-1.662,10.523,-240.5577,0.12379,383504.8878705481,0.044,0
2026-07-13T10:36:36Z,5.316,14.2809,1.2647,5.5665,155.535,122.020671,-0.1728,-1.682,10.522,-241.0555,0.1238,379759.4429030418,0.036,0
2026-07-13T10:36:36Z,5.319,14.1839,1.2794,5.8108,153.785,120.767774,-0.1749,-1.7,10.521,-241.2676,0.12377,372085.11864996,0.026,0
2026-07-13T10:36:36Z,5.322,14.1813,1.2601,5.9655,152.312,119.700922,-0.1696,-1.713,10.521,-241.2287,0.12372,363725.4732993652,0.016,0
2026-07-13T10:36:36Z,5.324,14.1899,1.2482,6.0367,152.082,119.571248,-0.1691,-1.724,10.521,-241.2733,0.1237,362510.1447927763,0.01,0
2026-07-13T10:36:36Z,5.327,14.2145,1.3187,6.3309,152.691,120.091968,-0.1734,-1.736,10.52,-241.4635,0.12373,366019.719453903,0.008,0
2026-07-13T10:36:36Z,5.33,14.2702,1.4469,6.7895,152.624,120.071426,-0.1738,-1.744,10.52,-241.8079,0.12375,364556.6720112685,0.006,0
2026-07-13T10:36:36Z,5.331,14.2961,1.5167,7.038,151.715,119.386551,-0.1757,-1.753,10.52,-242.254,0.12375,358622.3978814789,0.006,0
2026-07-13T10:36:36Z,5.33,14.3066,1.5386,7.0814,153.289,120.667533,-0.1762,-1.76,10.52,-242.6406,0.12374,368385.42326271225,0.011,0
2026-07-13T10:36:36Z,5.33,14.3234,1.5527,7.1429,156.819,123.451501,-0.178,-1.745,10.521,-242.8691,0.1237,390290.5922565999,0.017,0
2026-07-13T10:36:36Z,5.331,14.3337,1.5457,7.2362,157.868,124.181333,-0.1783,-1.718,10.522,-242.9519,0.12372,396009.087671594,0.022,0
2026-07-13T10:36:36Z,5.34,14.3383,1.5369,7.2187,157.184,123.503283,-0.1789,-1.695,10.522,-243.0398,0.12384,390341.14248970605,0.024,0
2026-07-13T10:36:36Z,5.356,14.3577,1.5381,7.17,156.367,122.773241,-0.1814,-1.687,10.523,-243.2435,0.12388,383941.25124769786,0.022,0
2026-07-13T10:36:36Z,5.368,14.375,1.5516,7.2965,155.702,122.236617,-0.1783,-1.697,10.523,-243.4364,0.12385,379208.3846390799,0.018,0
2026-07-13T10:36:36Z,5.371,14.3332,1.576,7.4841,156.234,122.686465,-0.1759,-1.706,10.523,-243.4787,0.12382,383841.9694428919,0.013,0
2026-07-13T10:36:36Z,5.366,14.2731,1.5907,7.5595,157.803,123.94282,-0.1728,-1.704,10.523,-243.4106,0.12376,395579.9396185105,0.006,0
2026-07-13T10:36:36Z,5.361,14.2464,1.5964,7.5589,159.336,125.127859,-0.172,-1.698,10.524,-243.3008,0.12367,406102.51844473917,0,0
2026-07-13T10:36:36Z,5.36,14.2429,1.6119,7.5798,159.686,125.352169,-0.1742,-1.709,10.525,-243.2695,0.12362,408074.30344250286,-0.002,0
2026-07-13T10:36:36Z,5.363,14.2617,1.6532,7.573,159.221,124.934184,-0.175,-1.727,10.526,-243.2907,0.12364,404087.3646549717,-0.002,0
2026-07-13T10:36:36Z,5.365,14.2744,1.7047,7.5107,159.653,125.236266,-0.1752,-1.721,10.527,-243.3848,0.12369,406282.0112812787,0.001,0
2026-07-13T10:36:36Z,5.365,14.2655,1.736,7.5099,161.249,126.45518,-0.1729,-1.697,10.528,-243.6329,0.12375,416796.8761113576,0.004,0
2026-07-13T10:36:36Z,5.364,14.2462,1.773,7.768,166.473,130.494334,-0.1743,-1.668,10.529,-243.7959,0.12379,452561.7027268259,0.009,0
2026-07-13T10:36:36Z,5.363,14.2264,1.8115,8.1378,178.29,139.64561,-0.1787,-1.642,10.53,-243.8067,0.12372,539670.1063219724,0.017,0
2026-07-13T10:36:36Z,5.366,14.2173,1.8267,8.2922,187.119,146.356308,-0.1771,-1.636,10.533,-243.9352,0.12369,609435.1395443709,0.026,0
2026-07-13T10:36:36Z,5.372,14.2113,1.8229,8.3026,186.524,145.622386,-0.1737,-1.637,10.536,-244.2317,0.12376,601820.7173481899,0.032,0
2026-07-13T10:36:36Z,5.386,14.1941,1.7913,8.2298,183.958,143.40729,-0.1718,-1.636,10.538,-244.4657,0.12381,579144.6567966235,0.034,0
2026-07-13T10:36:36Z,5.405,14.1719,1.7272,7.9248,181.587,141.457898,-0.1671,-1.664,10.538,-244.6142,0.12386,559864.1909628037,0.033,0
2026-07-13T10:36:36Z,5.417,14.1158,1.6472,7.4492,180.544,140.613442,-0.1677,-1.7,10.538,-244.8225,0.12385,553277.1453531971,0.029,0
2026-07-13T10:36:36Z,5.419,14.0206,1.6146,7.159,182.835,142.381716,-0.17,-1.715,10.538,-245.091,0.12378,574899.1297942341,0.024,0
2026-07-13T10:36:36Z,5.419,13.9634,1.6242,7.1488,185.572,144.468359,-0.1663,-1.725,10.538,-245.2799,0.12378,599071.3285065378,0.018,0
2026-07-13T10:36:36Z,5.42,13.941,1.6382,7.3256,187.14,145.622368,-0.1713,-1.725,10.538,-245.2987,0.1238,612367.2184241189,0.012,0
2026-07-13T10:36:36Z,5.423,13.935,1.6763,7.5882,187.15,145.553435,-0.1773,-1.713,10.539,-245.2328,0.1238,611856.7735310864,0.008,0
2026-07-13T10:36:36Z,5.429,13.9399,1.7018,7.7279,185.577,144.272999,-0.1761,-1.711,10.54,-245.2574,0.12377,597889.5652734082,0.005,0
2026-07-13T10:36:36Z,5.434,13.9229,1.7046,7.7853,183.043,142.324913,-0.1785,-1.703,10.541,-245.5106,0.12375,577931.7436468768,0.001,0
2026-07-13T10:36:36Z,5.434,13.9049,1.7266,8.0088,181.638,141.327136,-0.1792,-1.685,10.541,-245.8848,0.12381,568202.9788446688,-0.002,0
2026-07-13T10:36:36Z,5.429,13.8841,1.7776,8.3475,182.914,142.415048,-0.1756,-1.697,10.542,-246.2538,0.12386,580325.2829187816,0,0
2026-07-13T10:36:36Z,5.422,13.858,1.8295,8.5321,186.683,145.400714,-0.1769,-1.724,10.544,-246.6172,0.12381,613240.122216294,0.007,0
2026-07-13T10:36:36Z,5.417,13.8651,1.963,9.0453,191.368,149.038284,-0.1774,-1.715,10.545,-246.8365,0.12379,653268.3793891573,0.019,0
2026-07-13T10:36:36Z,5.422,13.902,3.3838,14.9625,194.152,151.114891,-0.1718,-1.699,10.545,-246.9261,0.12379,675375.8610093539,0.03,0
2026-07-13T10:36:36Z,5.44,13.9312,5.9818,25.7975,195.201,151.81388,-0.1739,-1.705,10.546,-247.0987,0.12378,682170.5867991135,0.039,0
2026-07-13T10:36:36Z,5.464,13.9437,7.391,31.6959,195.689,152.129111,-0.1807,-1.721,10.546,-247.2034,0.12379,685274.567399514,0.042,0
2026-07-13T10:36:36Z,5.48,13.9471,7.5625,32.5125,195.124,151.671608,-0.1769,-1.736,10.546,-247.1585,0.12378,679827.3907117725,0.039,0
2026-07-13T10:36:36Z,5.486,13.9173,8.1062,35.7395,193.771,150.621693,-0.1737,-1.747,10.547,-247.1588,0.12375,669049.5519972914,0.03,0
2026-07-13T10:36:36Z,5.488,13.8741,9.0868,41.5416,192.318,149.517165,-0.1764,-1.752,10.548,-247.1211,0.12375,658309.5711736508,0.018,0
2026-07-13T10:36:36Z,5.488,13.8632,9.6226,44.6627,190.983,148.526514,-0.1776,-1.748,10.548,-247.0464,0.12379,647581.8489103582,0.008,0
2026-07-13T10:36:36Z,5.488,13.8619,9.6731,44.9524,189.347,147.321646,-0.1797,-1.746,10.548,-247.0297,0.12379,634181.5587901383,0.002,0
2026-07-13T10:36:36Z,5.488,13.8593,9.6893,45.6255,187.282,145.795669,-0.1803,-1.756,10.548,-247.0908,0.12372,617491.2730091639,0,0
2026-07-13T10:36:36Z,5.488,13.8681,9.7198,46.8571,185.837,144.749878,-0.1813,-1.749,10.548,-247.1841,0.1237,605794.485463,0,0
2026-07-13T10:36:36Z,5.488,13.8791,9.7422,47.5809,185.508,144.565623,-0.181,-1.719,10.549,-247.2112,0.12377,603380.4767010162,0.001,0
2026-07-13T10:36:36Z,5.488,13.8979,9.7521,48.0234,185.638,144.716262,-0.1786,-1.71,10.549,-247.2462,0.12379,604269.5768233688,0.002,0
2026-07-13T10:36:36Z,5.488,13.9218,9.8224,52.2758,185.629,144.721306,-0.1825,-1.725,10.549,-247.2636,0.12377,603393.6356351877,0.003,0
2026-07-13T10:36:36Z,5.489,13.942,9.9349,60.088,185.947,144.94558,-0.182,-1.74,10.549,-247.3352,0.12378,605018.9980752115,0.004,0
2026-07-13T10:36:36Z,5.491,13.9639,9.989,64.3925,187.389,146.02436,-0.1754,-1.743,10.549,-247.5957,0.12379,615824.9644286529,0.005,0
2026-07-13T10:36:36Z,5.493,13.9789,10.018,65.4473,188.454,146.791575,-0.1752,-1.724,10.549,-247.7457,0.12379,623596.7502512061,0.005,0
2026-07-13T10:36:36Z,5.495,13.9816,10.3112,72.8077,189.411,147.459237,-0.1779,-1.696,10.55,-247.6864,0.12381,630823.9299892208,0.005,0
2026-07-13T10:36:36Z,5.496,13.9734,10.8452,86.1944,193.534,150.587212,-0.1796,-1.684,10.551,-247.7389,0.12381,666242.3518690595,0.004,0
2026-07-13T10:36:36Z,5.497,13.9611,11.1236,93.4689,198.012,153.982067,-0.1804,-1.679,10.552,-247.8649,0.12374,706197.9804123094,0.003,0
2026-07-13T10:36:36Z,5.497,13.9449,11.0126,93.9466,198.962,154.621126,-0.1788,-1.669,10.553,-248.0041,0.12368,714520.2450619781,0.002,0
2026-07-13T10:36:36Z,5.498,13.9219,9.5126,91.2869,199.059,154.613276,-0.1735,-1.66,10.554,-248.2186,0.12365,715486.6517288879,0.002,0
2026-07-13T10:36:36Z,5.498,13.9021,6.7616,86.1781,201.148,156.184905,-0.174,-1.656,10.555,-248.2216,0.12364,735314.8371083499,0.001,0
2026-07-13T10:36:36Z,5.498,13.8817,5.2664,83.3821,203.668,158.112582,-0.1737,-1.66,10.555,-248.1266,0.1237,759924.8149774892,0,0
2026-07-13T10:36:36Z,5.498,13.8509,5.1849,83.2016,203.213,157.7498,-0.1724,-1.668,10.555,-248.274,0.12377,756943.7760395671,0,0
2026-07-13T10:36:36Z,5.498,13.8293,5.7761,83.9286,201.338,156.330938,-0.1717,-1.683,10.555,-248.4542,0.12381,740558.5477483157,0.001,0
2026-07-13T10:36:36Z,5.498,13.8186,6.8621,85.2721,201.794,156.787885,-0.1704,-1.697,10.555,-248.499,0.12381,746664.4133612745,0.002,0
2026-07-13T10:36:36Z,5.498,13.812,7.4376,86.0549,200.024,155.48714,-0.1722,-1.707,10.555,-248.558,0.12374,731119.5255889783,0.004,0
2026-07-13T10:36:36Z,5.499,13.8082,7.441,87.0056,197.682,153.617829,-0.1718,-1.736,10.556,-248.7369,0.12371,708858.5797357183,0.006,0
2026-07-13T10:36:36Z,5.5,13.8092,6.8953,97.1429,202.165,156.96629,-0.174,-1.754,10.557,-249.0265,0.12373,749310.2296067197,0.007,0
2026-07-13T10:36:36Z,5.503,13.8466,5.9075,115.8133,208.113,161.446582,-0.1763,-1.732,10.558,-249.3067,0.12367,803713.1681666803,0.009,0
2026-07-13T10:36:36Z,5.507,13.8791,5.3774,126.0319,212.214,164.514106,-0.1744,-1.717,10.559,-249.3723,0.1236,841871.5401926256,0.01,0
2026-07-13T10:36:36Z,5.509,13.8593,5.2553,126.6202,214.597,166.279738,-0.1795,-1.714,10.56,-249.3031,0.12365,866446.6457310986,0.01,0
2026-07-13T10:36:36Z,5.511,13.8172,4.5066,122.3119,212.642,164.724358,-0.1846,-1.687,10.561,-249.2442,0.12378,848028.1520637075,0.009,0
2026-07-13T10:36:36Z,5.514,13.7827,3.1321,114.1805,208.266,161.351629,-0.1777,-1.66,10.56,-249.0911,0.12381,805815.5128204715,0.008,0
2026-07-13T10:36:36Z,5.516,13.7564,2.3697,109.6716,205.138,159.022052,-0.1768,-1.671,10.559,-248.9992,0.12379,777504.3791954399,0.008,0
2026-07-13T10:36:36Z,5.517,13.7351,2.3051,109.0265,202.755,157.308148,-0.1795,-1.692,10.559,-249.2522,0.12384,757139.9462330596,0.008,0
2026-07-13T10:36:36Z,5.519,13.7257,2.2434,106.8928,198.66,154.225654,-0.1752,-1.694,10.56,-249.9131,0.12388,719937.5293192193,0.009,0
2026-07-13T10:36:36Z,5.521,13.7256,1.7483,84.4196,194.037,150.664583,-0.1695,-1.693,10.56,-250.8808,0.12383,677879.7001545551,0.011,0
2026-07-13T10:36:36Z,5.524,13.7515,0.8959,43.3191,189.294,146.990762,-0.1728,-1.689,10.558,-251.9188,0.12374,635027.9043947302,0.013,0
2026-07-13T10:36:36Z,5.527,13.795,0.4349,20.8876,184.611,143.429797,-0.1767,-1.684,10.555,-252.7416,0.12375,594453.0196557306,0.016,0
2026-07-13T10:36:36Z,5.532,13.8206,0.386,18.4321,182.719,142.122546,-0.1745,-1.691,10.554,-253.1715,0.12383,579627.0562738366,0.018,0
2026-07-13T10:36:36Z,5.538,13.8238,0.2963,14.0748,181.959,141.712442,-0.1753,-1.696,10.553,-253.589,0.12382,575206.1197504574,0.019,0
2026-07-13T10:36:36Z,5.544,13.8144,0.1168,6.5307,181.798,141.724385,-0.1751,-1.691,10.548,-254.1761,0.12376,575680.2888693288,0.019,0
2026-07-13T10:36:36Z,5.549,13.832,-0.0032,2.4701,185.341,144.562846,-0.1731,-1.703,10.542,-254.5914,0.12375,605186.7445931768,0.018,0
2026-07-13T10:36:36Z,5.554,13.8868,-0.0142,2.247,191.258,149.17566,-0.1747,-1.713,10.538,-254.9111,0.12374,653905.4023167429,0.015,0
2026-07-13T10:36:36Z,5.557,13.9434,3e-4,2.5349,198.035,154.369281,-0.1762,-1.693,10.537,-255.288,0.12372,711594.036459019,0.012,0
2026-07-13T10:36:36Z,5.559,13.9808,-0.0121,2.8769,205.277,159.878246,-0.1727,-1.663,10.538,-255.7072,0.12376,777000.4909963442,0.008,0
2026-07-13T10:36:36Z,5.561,14.0019,-0.0305,3.0339,210.922,164.143964,-0.1752,-1.637,10.541,-256.108,0.12379,830401.7252469431,0.005,0
2026-07-13T10:36:36Z,5.562,14.006,-0.038,2.9986,215.065,167.256486,-0.1786,-1.625,10.545,-256.4344,0.12376,871334.4931004265,0.003,0
2026-07-13T10:36:36Z,5.562,13.9759,-0.0367,2.4162,219.035,170.243482,-0.1742,-1.636,10.549,-257.0724,0.12377,913742.7955694746,0.003,0
2026-07-13T10:36:36Z,5.562,13.9373,-0.0316,1.3211,221.171,171.773735,-0.1714,-1.651,10.554,-258.4871,0.12378,937371.0825834816,0.004,0
2026-07-13T10:36:36Z,5.563,13.9068,-0.0342,0.6884,218.227,169.342923,-0.1687,-1.655,10.559,-260.2035,0.12378,905372.1182224932,0.006,0
2026-07-13T10:36:36Z,5.563,13.8792,-0.0355,0.608,210.802,163.52523,-0.1662,-1.663,10.562,-261.3912,0.12374,828893.5238176623,0.009,0
2026-07-13T10:36:36Z,5.564,13.8627,-0.0391,0.5541,205.565,159.543811,-0.1692,-1.681,10.565,-262.0935,0.12373,778727.479265151,0.013,0
2026-07-13T10:36:36Z,5.568,13.8343,-0.0441,0.4467,206.654,160.536692,-0.1715,-1.686,10.568,-262.586,0.12376,792725.5988256098,0.015,0
2026-07-13T10:36:36Z,5.575,13.7867,-0.0386,0.3685,211.188,164.167092,-0.1708,-1.675,10.571,-262.8707,0.12376,842316.7780686384,0.016,0
2026-07-13T10:36:36Z,5.582,13.7687,-0.0306,0.3591,216.372,168.194401,-0.1714,-1.666,10.574,-263.0412,0.12372,897613.7507522908,0.016,0
2026-07-13T10:36:36Z,5.587,13.7975,-0.0136,0.3332,221.562,172.127596,-0.1748,-1.663,10.577,-263.1849,0.12369,950894.5663346739,0.014,0
2026-07-13T10:36:36Z,5.59,13.8419,0.0013,0.2264,226.245,175.634936,-0.1753,-1.666,10.579,-263.3181,0.12374,998715.7952266164,0.011,0
2026-07-13T10:36:36Z,5.592,13.8748,-0.009,0.0924,229.091,177.700788,-0.1725,-1.669,10.581,-263.3603,0.12376,1027053.8843217121,0.007,0
2026-07-13T10:36:36Z,5.592,13.8735,-0.0218,0.0795,229.449,177.810686,-0.1722,-1.673,10.583,-263.4371,0.12371,1028776.1331147748,0.004,0
2026-07-13T10:36:36Z,5.592,13.8413,-0.0207,0.173,228.719,177.091426,-0.1715,-1.673,10.586,-263.7308,0.12372,1020216.364544706,0.002,0
2026-07-13T10:36:36Z,5.592,13.812,-0.0112,0.1297,228.663,176.927164,-0.1723,-1.671,10.589,-264.1575,0.12379,1019710.5106574828,0.002,0
2026-07-13T10:36:36Z,5.593,13.7852,-0.0073,0.035,229.603,177.549577,-0.1728,-1.688,10.591,-264.5534,0.12379,1030754.9987360901,0.002,0
2026-07-13T10:36:36Z,5.593,13.7418,-0.0153,0.0179,230.438,178.099545,-0.1728,-1.703,10.593,-264.9035,0.12373,1041914.9330684864,0.002,0
2026-07-13T10:36:36Z,5.594,13.7065,-0.0247,-0.0432,230.257,177.88995,-0.1745,-1.694,10.596,-265.3796,0.1237,1041137.3703321179,0.003,0
2026-07-13T10:36:36Z,5.595,13.684,-0.0131,-0.0209,228.64,176.61263,-0.1714,-1.68,10.598,-265.7486,0.12372,1023490.7339094826,0.003,0
2026-07-13T10:36:36Z,5.596,13.6605,1e-4,0.0485,226.681,175.114797,-0.1752,-1.679,10.6,-265.8382,0.12372,1002817.9906041279,0.004,0
2026-07-13T10:36:36Z,5.597,13.6385,0.0017,0.0447,226.224,174.794344,-0.1788,-1.692,10.601,-265.8612,0.12369,999524.0484115025,0.004,0
2026-07-13T10:36:36Z,5.598,13.6217,0.0237,0.1039,227.44,175.740971,-0.1753,-1.69,10.603,-265.9406,0.12369,1014624.4257261191,0.004,0
2026-07-13T10:36:36Z,5.599,13.6153,0.0241,0.1153,229.408,177.232477,-0.1745,-1.666,10.606,-266.0233,0.12372,1037372.085976236,0.004,0
2026-07-13T10:36:36Z,5.6,13.6209,0.0062,0.0459,232.932,179.921747,-0.173,-1.641,10.609,-265.9147,0.12377,1077986.4244712882,0.003,0
2026-07-13T10:36:36Z,5.601,13.6323,0.0078,0.0512,237.953,183.781368,-0.1768,-1.634,10.609,-265.6607,0.1238,1137674.2050234624,0.002,0
