DateTime,Depth_m,Temp_C,CDOM_ugL,Chla_ugL,Phycoerythrin_ugL,Phycocyanin_ugL,Turbidity_NTU,Cond_uScm,SpCond_uScm,DO_mgL,DOsat_percent,PAR,Salinity,DescRate_ms ,Flag
2026-07-16T10:44:13Z,-0.117,27.3964,0,0.3601,-3.0246,4.4838,0.0077,150.614,160.089956,7.0471,90.076,1694,359254.9285600981,0.159,0
2026-07-16T10:44:13Z,-0.073,27.6595,0,0.3563,-3.0246,4.4838,0.0983,150.912,160.585195,7.0239,90.538,1714,357225.5049467379,0.161,0
2026-07-16T10:44:13Z,-0.028,27.8623,0,0.3334,-3.0246,4.4838,0.2192,151.007,160.792442,7.0137,91.051,1530.2,354686.2384373117,0.156,0
2026-07-16T10:44:13Z,0.014,28.0121,0,0.2152,-3.0246,4.4838,0.3552,150.938,160.770975,7.0171,91.569,1558.3,351846.0528379981,0.146,0
2026-07-16T10:44:13Z,0.051,28.1166,6.66,0.2152,0.1278,0.423,0.2645,150.753,160.589226,7.0336,92.053,1231,348949.9549377727,0.132,0
2026-07-16T10:44:13Z,0.082,28.1846,6.66,0.2457,0.1278,0.423,0.4609,150.529,160.341033,7.0611,92.468,1399.4,346357.64452381124,0.115,0
2026-07-16T10:44:13Z,0.109,28.225,6.66,0.2152,0.1278,0.423,0.4005,150.317,160.092489,7.096,92.788,374.04,344267.41817458096,0.098,0
2026-07-16T10:44:13Z,0.131,28.2456,6.66,0.2724,0.1278,0.423,0.2947,150.138,159.871511,7.1337,92.999,692.27,342686.5309390562,0.082,0
2026-07-16T10:44:13Z,0.149,28.2525,7.02,0.2762,0,0.2961,0.3552,149.993,159.681298,7.1706,93.108,363.78,341519.38863944105,0.067,0
2026-07-16T10:44:13Z,0.163,28.2506,7.02,0.2609,0,0.2961,0.3703,149.866,159.50719900000001,7.2032,93.132,402.55,340596.56342103105,0.054,0
2026-07-16T10:44:13Z,0.174,28.2437,7.02,0.2724,0,0.2961,0.2343,149.744,159.336857,7.229,93.088,461.61,339782.6315999223,0.044,0
2026-07-16T10:44:13Z,0.183,28.2338,7.02,0.2762,0,0.2961,0.4156,149.641,159.184969,7.2467,92.996,431.82,339122.67243178765,0.035,0
2026-07-16T10:44:13Z,0.191,28.2223,6.93,0.28,0.0852,0.2538,0.2947,149.58,159.077164,7.2567,92.871,375.1,338732.0600127226,0.028,0
2026-07-16T10:44:13Z,0.197,28.2098,6.93,0.2648,0.0852,0.2538,0.3098,149.553,159.004733,7.2601,92.724,374.29,338552.32948691957,0.022,0
2026-07-16T10:44:13Z,0.201,28.1964,6.93,0.2648,0.0852,0.2538,0.3249,149.509,158.912286,7.2584,92.561,364.65,338278.6468516588,0.017,0
2026-07-16T10:44:13Z,0.205,28.1823,6.93,0.1999,0.0852,0.2538,0.3552,149.414,158.759137,7.253,92.39,364.1,337685.19497108174,0.013,0
2026-07-16T10:44:13Z,0.207,28.1679,6.93,0.2228,0.0852,0.2538,0.3249,149.306,158.578595,7.2451,92.213,479.71,336947.6287124251,0.009,0
2026-07-16T10:44:13Z,0.208,28.1533,6.93,0.2037,0.0426,0.1692,0.189,149.236,158.422716,7.2355,92.042,358.29,336348.56995983835,0.007,0
2026-07-16T10:44:13Z,0.21,28.138,6.93,0.2075,0.0426,0.1692,0.2645,149.212,158.296022,7.2248,91.891,354.96,335920.93970952387,0.005,0
2026-07-16T10:44:13Z,0.211,28.1204,6.93,0.2724,0.0426,0.1692,0.2645,149.215,158.182758,7.2136,91.77,677.83,335606.09517923964,0.004,0
2026-07-16T10:44:13Z,0.211,28.0986,6.93,0.2724,0.0426,0.1692,0.3249,149.218,158.072751,7.2026,91.686,386.35,335381.1023724225,0.003,0
2026-07-16T10:44:13Z,0.212,28.0712,7.02,0.2991,0.0426,0.3384,0.3703,149.211,157.96672,7.1927,91.641,326.54,335273.8691373956,0.003,0
2026-07-16T10:44:13Z,0.213,28.0371,7.02,0.28,0.0426,0.3384,0.2494,149.199,157.872456,7.1853,91.631,394.15,335345.8836840278,0.002,0
2026-07-16T10:44:13Z,0.213,27.9983,7.02,0.2762,0.0426,0.3384,0.2192,149.18,157.788867,7.1808,91.652,350.36,335557.14419762744,0.002,0
2026-07-16T10:44:13Z,0.214,27.9604,7.02,0.2876,0.0426,0.3384,0.3552,149.15,157.705683,7.179,91.697,287.69,335755.3812210526,0.002,0
2026-07-16T10:44:13Z,0.214,27.9272,7.02,0.28,0.0426,0.0423,0.3249,149.101,157.608737,7.1797,91.759,357.82,335797.4039997371,0.001,0
2026-07-16T10:44:13Z,0.214,27.8999,7.02,0.2838,0.0426,0.0423,0.3703,149.042,157.502235,7.1824,91.828,318.34,335685.2224011121,0.001,0
2026-07-16T10:44:13Z,0.214,27.8786,7.02,0.2838,0.0426,0.0423,0.4005,148.988,157.40186,7.1868,91.895,333.93,335502.925766889,0.001,0
2026-07-16T10:44:13Z,0.215,27.8616,7.02,0.2686,0.0426,0.0423,0.3249,148.939,157.310904,7.1925,91.957,340.97,335297.9332799055,0.002,0
2026-07-16T10:44:13Z,0.215,27.8463,7.02,0.2991,0.0426,0.0846,0.3854,148.899,157.233164,7.1992,92.018,365.76,335135.9301065941,0.002,0
2026-07-16T10:44:13Z,0.216,27.8314,7.02,0.2991,0.0426,0.0846,0.3249,148.865,157.163939,7.2065,92.075,432.38,335013.59839748894,0.002,0
2026-07-16T10:44:13Z,0.216,27.817,7.02,0.1961,0.0426,0.0846,0.3854,148.828,157.092783,7.2136,92.127,396.9,334872.0062961989,0.001,0
2026-07-16T10:44:13Z,0.217,27.8037,7.02,0.2075,0.0426,0.0846,0.34,148.794,157.024768,7.2202,92.174,510.25,334728.6034374018,0.001,0
2026-07-16T10:44:13Z,0.217,27.7918,7.02,0.1999,0.0426,0.0846,0.3249,148.771,156.967805,7.2265,92.211,613.89,334621.5714384281,0.001,0
2026-07-16T10:44:13Z,0.217,27.7807,6.84,0.2266,0.0852,0.2115,0.2796,148.759,156.922733,7.2323,92.24,531.06,334565.860395417,0.001,0
2026-07-16T10:44:13Z,0.217,27.7699,6.84,0.1656,0.0852,0.2115,0.2947,148.76,156.891559,7.2378,92.264,720.67,334581.10703831684,0,0
2026-07-16T10:44:13Z,0.218,27.7591,6.84,0.2037,0.0852,0.2115,0.2947,148.779,156.881998,7.2429,92.282,343.87,334714.8318841072,0,0
2026-07-16T10:44:13Z,0.218,27.7481,6.84,0.1961,0.0852,0.2115,0.2645,148.822,156.899517,7.2473,92.294,369.36,335000.6453386796,-0.001,0
2026-07-16T10:44:13Z,0.217,27.7372,6.93,0.1999,0.0852,0.0846,0.2192,148.874,156.926742,7.251,92.3,816.23,335338.2924930351,-0.002,0
2026-07-16T10:44:13Z,0.216,27.7266,6.93,0.28,0.0852,0.0846,0.34,148.92,156.940876,7.2543,92.301,481.28,335599.1573556603,-0.004,0
2026-07-16T10:44:13Z,0.215,27.7165,6.93,0.2609,0.0852,0.0846,0.2494,148.98,156.951699,7.257,92.299,419.34,335833.3877952916,-0.005,0
2026-07-16T10:44:13Z,0.214,27.7072,6.93,0.2762,0.0852,0.0846,0.3552,149.077,156.974121,7.2591,92.292,377.23,336117.7652853276,-0.006,0
2026-07-16T10:44:13Z,0.212,27.6979,6.93,0.2762,0,0.1269,0.3854,149.196,157.002092,7.2608,92.275,1013.7,336432.94492185663,-0.007,0
2026-07-16T10:44:13Z,0.21,27.6864,6.93,0.28,0,0.1269,0.3098,149.308,157.029034,7.2624,92.248,465.64,336780.94643173844,-0.008,0
2026-07-16T10:44:13Z,0.208,27.6688,6.93,0.2686,0,0.1269,0.34,149.401,157.054112,7.2644,92.211,966.78,337225.1110994504,-0.007,0
2026-07-16T10:44:13Z,0.205,27.6422,6.93,0.2571,0,0.1269,0.3249,149.469,157.067978,7.2673,92.173,1115.6,337764.7925206863,-0.007,0
2026-07-16T10:44:13Z,0.203,27.6097,6.93,0.2571,0,0.1269,0.2192,149.526,157.062309,7.2702,92.137,1206.1,338300.4325884468,-0.006,0
2026-07-16T10:44:13Z,0.202,27.5792,7.02,0.2838,0.0426,0.0846,0.3249,149.615,157.051624,7.272,92.108,703.19,338774.39895847323,-0.004,0
2026-07-16T10:44:13Z,0.202,27.555,7.02,0.2648,0.0426,0.0846,0.2645,149.746,157.049102,7.2722,92.09,1001.2,339184.1654246299,-0.003,0
2026-07-16T10:44:13Z,0.201,27.5355,7.02,0.2419,0.0426,0.0846,0.3854,149.869,157.042034,7.2717,92.081,453.75,339486.84752237843,-0.001,0
2026-07-16T10:44:13Z,0.201,27.5135,7.02,0.2724,0.0426,0.0846,0.3249,149.941,157.012491,7.2717,92.083,752.84,339708.8422650812,-0,0
2026-07-16T10:44:13Z,0.201,27.4788,7.11,0.2648,0.0426,0.0846,0.3249,149.962,156.962611,7.274,92.095,968.04,340041.20647807076,0.001,0
2026-07-16T10:44:13Z,0.202,27.4323,7.11,0.2876,0.0426,0.0846,0.3854,149.961,156.91516,7.2785,92.116,1247.5,340595.62362093246,0.002,0
2026-07-16T10:44:13Z,0.202,27.3868,7.11,0.2724,0.0426,0.0846,0.3098,149.952,156.879527,7.2837,92.142,854.34,341199.82449910074,0.003,0
2026-07-16T10:44:13Z,0.203,27.3517,7.11,0.2686,0.0426,0.0846,0.34,149.933,156.846209,7.2884,92.168,905.37,341634.3706397334,0.003,0
2026-07-16T10:44:13Z,0.205,27.3277,7.02,0.2609,0.0852,0.2115,0.34,149.913,156.814338,7.2926,92.192,1019.9,341881.0526677968,0.004,0
2026-07-16T10:44:13Z,0.206,27.3122,7.02,0.1846,0.0852,0.2115,0.3552,149.907,156.791447,7.2962,92.217,1172.3,342027.58833389916,0.005,0
2026-07-16T10:44:13Z,0.207,27.3034,7.02,0.2152,0.0852,0.2115,0.4156,149.918,156.77544,7.2994,92.249,933.74,342093.94637921726,0.005,0
2026-07-16T10:44:13Z,0.208,27.2988,7.02,0.2342,0.0852,0.2115,0.4005,149.941,156.754033,7.302,92.288,414.08,342055.51142498804,0.005,0
2026-07-16T10:44:13Z,0.21,27.2953,6.93,0.2266,0.0426,0.1692,0.2947,149.979,156.729529,7.3044,92.323,480.33,341980.1877835683,0.005,0
2026-07-16T10:44:13Z,0.212,27.2899,6.93,0.1923,0.0426,0.1692,0.4005,150.023,156.707414,7.3071,92.349,442.46,341951.96018869145,0.005,0
2026-07-16T10:44:13Z,0.213,27.2806,6.93,0.2113,0.0426,0.1692,0.3854,150.053,156.677777,7.3109,92.367,377.55,341950.7232740745,0.004,0
2026-07-16T10:44:13Z,0.213,27.2653,6.93,0.2075,0.0426,0.1692,0.3552,150.058,156.636719,7.316,92.382,375.59,341991.87283954566,0.003,0
2026-07-16T10:44:13Z,0.214,27.244,6.93,0.1961,0.0426,0.1692,0.4307,150.044,156.593326,7.3215,92.394,567.7,342126.4621594489,0.002,0
2026-07-16T10:44:13Z,0.214,27.2213,6.84,0.2037,0.0426,-0.0423,0.3249,150.019,156.556065,7.3265,92.404,374.04,342320.5001557692,0.002,0
2026-07-16T10:44:13Z,0.215,27.2011,6.84,0.1808,0.0426,-0.0423,0.3552,149.989,156.523015,7.3306,92.408,368.8,342493.93884593394,0.002,0
2026-07-16T10:44:13Z,0.215,27.1855,6.84,0.2152,0.0426,-0.0423,0.2192,149.958,156.493379,7.3338,92.408,448.65,342604.8520944639,0.002,0
2026-07-16T10:44:13Z,0.215,27.176,6.84,0.2075,0.0426,-0.0423,0.3249,149.935,156.471279,7.336,92.411,343.65,342649.6216336375,0.002,0
2026-07-16T10:44:13Z,0.216,27.1722,7.02,0.1198,0.0426,0.0846,0.2645,149.918,156.454828,7.3373,92.419,402.37,342624.6941878122,0.002,0
2026-07-16T10:44:13Z,0.217,27.1717,7.02,0.1541,0.0426,0.0846,0.189,149.906,156.443648,7.3377,92.431,399.41,342570.6749885026,0.001,0
2026-07-16T10:44:13Z,0.217,27.1724,7.02,0.1503,0.0426,0.0846,0.4005,149.895,156.434758,7.3376,92.441,369.6,342508.18591571826,0.001,0
2026-07-16T10:44:13Z,0.218,27.1732,7.02,0.1351,0.0426,0.0846,0.2494,149.876,156.41777,7.3377,92.444,385.85,342398.3660243528,0.001,0
2026-07-16T10:44:13Z,0.218,27.1736,6.93,0.2075,0.0426,0.0423,0.3098,149.85,156.392164,7.3383,92.444,477.42,342247.2138382822,0.001,0
2026-07-16T10:44:13Z,0.218,27.174,6.93,0.2075,0.0426,0.0423,0.3854,149.828,156.367142,7.3392,92.443,407.83,342099.38858369656,0.001,0
2026-07-16T10:44:13Z,0.218,27.1749,6.93,0.1923,0.0426,0.0423,0.3854,149.809,156.344047,7.3398,92.443,462.41,341953.5515986324,0,0
2026-07-16T10:44:13Z,0.218,27.1759,6.93,0.2075,0.0426,0.0423,0.3552,149.784,156.316718,7.34,92.446,386.86,341782.1890463022,0,0
2026-07-16T10:44:13Z,0.218,27.1762,6.93,0.219,0.0426,0.0423,0.3552,149.753,156.281877,7.34,92.452,676.22,341581.11321252753,0,0
2026-07-16T10:44:13Z,0.218,27.1754,6.84,0.2113,0,0.1269,0.3703,149.729,156.248268,7.34,92.459,658.53,341406.54477299005,0,0
2026-07-16T10:44:13Z,0.218,27.1745,6.84,0.2037,0,0.1269,0.2947,149.724,156.222959,7.3402,92.467,1264.1,341280.39675378834,-0.001,0
2026-07-16T10:44:13Z,0.218,27.174,6.84,0.1999,0,0.1269,0.3703,149.734,156.197198,7.3405,92.475,626.29,341144.64434930333,-0.001,0
2026-07-16T10:44:13Z,0.217,27.1733,6.84,0.1389,0,0.1269,0.3249,149.753,156.16812,7.341,92.479,378.13,340993.8514942766,-0.002,0
2026-07-16T10:44:13Z,0.217,27.1706,6.84,0.1427,0.0852,0.1692,0.3249,149.776,156.148003,7.3419,92.479,649.15,340928.8043986945,-0.002,0
2026-07-16T10:44:13Z,0.216,27.164,6.84,0.1503,0.0852,0.1692,0.4005,149.802,156.143504,7.3434,92.471,407.39,341020.5121634809,-0.002,0
2026-07-16T10:44:13Z,0.216,27.1516,6.84,0.1503,0.0852,0.1692,0.34,149.822,156.141398,7.3457,92.457,341.42,341228.55423592747,-0.003,0
2026-07-16T10:44:13Z,0.215,27.1354,6.84,0.2648,0.0852,0.1692,0.3552,149.829,156.129102,7.3482,92.443,379.61,341446.95508739084,-0.003,0
2026-07-16T10:44:13Z,0.214,27.1207,7.02,0.2991,0.0426,0.1269,0.4156,149.83,156.119364,7.3501,92.428,920.05,341653.2955406521,-0.003,0
2026-07-16T10:44:13Z,0.213,27.1103,7.02,0.28,0.0426,0.1269,0.3703,149.835,156.125618,7.3508,92.409,701.36,341873.3513712192,-0.004,0
2026-07-16T10:44:13Z,0.212,27.1024,7.02,0.2724,0.0426,0.1269,0.2947,149.848,156.141517,7.3507,92.389,564.74,342103.39676846715,-0.004,0
2026-07-16T10:44:13Z,0.211,27.096,7.02,0.2228,0.0426,0.1269,0.5969,149.88,156.167297,7.3504,92.373,409.25,342362.5609048146,-0.004,0
2026-07-16T10:44:13Z,0.21,27.0926,7.02,0.1999,0.0426,0.1269,0.5062,149.941,156.205825,7.3497,92.363,407.48,342640.29448008764,-0.003,0
2026-07-16T10:44:13Z,0.209,27.0927,7.11,0.2037,0,-0.0846,0.5364,150.015,156.241325,7.3482,92.357,402.64,342838.6815500072,-0.003,0
2026-07-16T10:44:13Z,0.208,27.0937,7.11,0.2228,0,-0.0846,0.5515,150.092,156.269233,7.3464,92.355,388.96,342978.24782409903,-0.003,0
2026-07-16T10:44:13Z,0.208,27.0912,7.11,0.1885,0,-0.0846,0.2645,150.175,156.305003,7.3455,92.356,1124.9,343224.7017756476,-0.002,0
2026-07-16T10:44:13Z,0.208,27.0829,7.11,0.2075,0,-0.0846,0.3552,150.241,156.340132,7.3458,92.354,447.78,343571.34851337346,-0.002,0
2026-07-16T10:44:13Z,0.207,27.069,6.93,0.2152,0.0852,0.0423,0.3552,150.274,156.36395,7.3471,92.347,455.73,343954.6267991506,-0.002,0
2026-07-16T10:44:13Z,0.206,27.0514,6.93,0.2304,0.0852,0.0423,0.3552,150.301,156.396834,7.3493,92.335,418.06,344456.0209907983,-0.001,0
2026-07-16T10:44:13Z,0.206,27.0344,6.93,0.2686,0.0852,0.0423,0.6573,150.342,156.441546,7.3516,92.322,422.81,345014.45485436555,-0.001,0
2026-07-16T10:44:13Z,0.205,27.0232,6.93,0.2724,0.0852,0.0423,0.612,150.393,156.475946,7.353,92.315,1249.1,345410.90544093953,0.001,0
2026-07-16T10:44:13Z,0.206,27.0199,7.02,0.2762,0.0426,0.1269,0.6724,150.459,156.501193,7.3528,92.317,1114.9,345613.56564457633,0.002,0
2026-07-16T10:44:13Z,0.207,27.0214,7.02,0.2838,0.0426,0.1269,0.5364,150.539,156.532029,7.3517,92.327,1072.6,345761.5973698927,0.004,0
2026-07-16T10:44:13Z,0.208,27.022,7.02,0.2075,0.0426,0.1269,0.34,150.604,156.560641,7.3505,92.344,1231.8,345913.2455740913,0.005,0
2026-07-16T10:44:13Z,0.209,27.016,7.02,0.2152,0.0426,0.1269,0.4458,150.638,156.578624,7.3507,92.369,365.29,346123.53764743643,0.007,0
2026-07-16T10:44:13Z,0.211,27.0015,6.93,0.2342,0.0852,0.1269,0.3249,150.66,156.598791,7.3528,92.407,487.38,346499.7905329725,0.009,0
2026-07-16T10:44:13Z,0.214,26.984,6.93,0.2228,0.0852,0.1269,0.3552,150.699,156.63053,7.3559,92.462,343.58,346996.62407371093,0.011,0
2026-07-16T10:44:13Z,0.217,26.971,6.93,0.1351,0.0852,0.1269,0.3703,150.757,156.662268,7.359,92.531,388.63,347412.7031127611,0.012,0
2026-07-16T10:44:13Z,0.22,26.9655,6.93,0.1351,0.0852,0.1269,0.3703,150.821,156.682427,7.3617,92.608,443.23,347627.2738497452,0.012,0
2026-07-16T10:44:13Z,0.224,26.9644,6.93,0.1503,0.0852,0.1269,0.2494,150.883,156.700388,7.3649,92.681,530.02,347749.64588810835,0.012,0
2026-07-16T10:44:13Z,0.228,26.9615,7.02,0.1808,0.0852,0,0.3552,150.933,156.724941,7.3696,92.741,953.22,347942.3116561233,0.011,0
2026-07-16T10:44:13Z,0.231,26.9522,7.02,0.2648,0.0852,0,0.7177,150.953,156.746599,7.3764,92.784,968.04,348234.7318143954,0.01,0
2026-07-16T10:44:13Z,0.233,26.9369,7.02,0.2686,0.0852,0,0.612,150.938,156.755109,7.3845,92.809,636.44,348561.3413644003,0.008,0
2026-07-16T10:44:13Z,0.234,26.9214,7.02,0.2724,0.0852,0,0.5969,150.903,156.752744,7.3924,92.818,399.59,348829.7565112815,0.007,0
2026-07-16T10:44:13Z,0.235,26.9122,6.93,0.2876,0.0852,0.0846,0.5515,150.874,156.7509,7.3984,92.816,362.21,348986.6835784693,0.006,0
2026-07-16T10:44:13Z,0.236,26.9125,6.93,0.2648,0.0852,0.0846,0.3249,150.867,156.757104,7.4018,92.814,405.36,349016.72229440155,0.006,0
2026-07-16T10:44:13Z,0.238,26.9207,6.93,0.2991,0.0852,0.0846,0.2494,150.889,156.769005,7.4027,92.815,368.48,348935.51304270286,0.005,0
2026-07-16T10:44:13Z,0.24,26.9318,6.93,0.2686,0.0852,0.0846,0.4156,150.938,156.789773,7.4019,92.821,413.01,348852.2722672939,0.004,0
2026-07-16T10:44:13Z,0.241,26.9412,7.02,0.2686,0.0426,0.2115,0.3249,150.992,156.816928,7.4006,92.829,499.39,348836.5094480674,0.004,0
2026-07-16T10:44:13Z,0.242,26.9455,7.02,0.2876,0.0426,0.2115,0.3552,151.011,156.829653,7.3999,92.831,420.7,348831.0304415651,0.003,0
2026-07-16T10:44:13Z,0.242,26.942,7.02,0.2648,0.0426,0.2115,0.3249,150.988,156.823323,7.4004,92.821,421.44,348858.51712762617,0.002,0
2026-07-16T10:44:13Z,0.242,26.9321,7.02,0.28,0.0426,0.2115,0.3249,150.952,156.816293,7.4022,92.807,394.41,348998.4894756095,0.002,0
2026-07-16T10:44:13Z,0.242,26.9227,7.02,0.2762,0.0426,0.2115,0.3098,150.928,156.818714,7.4041,92.795,1067.7,349183.5220436234,0.002,0
2026-07-16T10:44:13Z,0.242,26.9204,6.93,0.2953,0.0852,-0.0423,0.3098,150.923,156.827228,7.4045,92.788,384.34,349274.1577903651,0.002,0
2026-07-16T10:44:13Z,0.244,26.9262,6.93,0.2724,0.0852,-0.0423,0.34,150.922,156.836089,7.403,92.786,395.27,349219.1984656331,0.003,0
2026-07-16T10:44:13Z,0.245,26.936,6.93,0.28,0.0852,-0.0423,0.3703,150.903,156.835634,7.4005,92.785,358.29,349038.12059852737,0.003,0
2026-07-16T10:44:13Z,0.246,26.9449,6.93,0.2953,0.0852,-0.0423,0.3552,150.863,156.825743,7.3984,92.791,410.5,348819.59176010155,0.003,0
2026-07-16T10:44:13Z,0.246,26.9496,7.02,0.2571,0.0426,0.0846,0.2645,150.83,156.819813,7.3972,92.805,406.33,348700.2129223264,0.003,0
2026-07-16T10:44:13Z,0.247,26.9527,7.02,0.28,0.0426,0.0846,0.2343,150.818,156.820274,7.3966,92.822,386.35,348646.48232580815,0.002,0
2026-07-16T10:44:13Z,0.247,26.9593,7.02,0.2648,0.0426,0.0846,0.4156,150.832,156.823243,7.3957,92.84,384.51,348543.47759041586,0.002,0
2026-07-16T10:44:13Z,0.248,26.9697,7.02,0.2571,0.0426,0.0846,0.2796,150.864,156.829509,7.3947,92.858,452.37,348390.31769627874,0.001,0
2026-07-16T10:44:13Z,0.249,26.9793,6.93,0.2609,0.0426,0.0846,0.3098,150.898,156.840741,7.3946,92.87,413.18,348280.1170443916,0,0
2026-07-16T10:44:13Z,0.249,26.9834,6.93,0.2876,0.0426,0.0846,0.2796,150.924,156.855921,7.3955,92.873,381.18,348292.3221266776,-0.001,0
2026-07-16T10:44:13Z,0.248,26.9797,6.93,0.2724,0.0426,0.0846,0.3249,150.931,156.867074,7.3974,92.867,382.59,348423.16473189264,-0.002,0
2026-07-16T10:44:13Z,0.247,26.9708,6.93,0.28,0.0426,0.0846,0.3552,150.927,156.873168,7.4,92.854,382.01,348619.65532180236,-0.002,0
2026-07-16T10:44:13Z,0.246,26.9626,6.84,0.28,0.0426,0.0846,0.3249,150.931,156.879838,7.402,92.837,488.12,348806.83952171355,-0.002,0
2026-07-16T10:44:13Z,0.245,26.959,6.84,0.2648,0.0426,0.0846,0.3854,150.947,156.884858,7.4028,92.823,410.86,348901.011224438,-0.002,0
2026-07-16T10:44:13Z,0.245,26.9603,6.84,0.2724,0.0426,0.0846,0.3703,150.984,156.893573,7.4021,92.816,597.18,348927.1760362118,-0.003,0
2026-07-16T10:44:13Z,0.245,26.9633,6.84,0.2686,0.0426,0.0846,0.3249,151.035,156.910307,7.4007,92.811,413.01,348968.24819614645,-0.003,0
2026-07-16T10:44:13Z,0.244,26.9643,6.84,0.3296,0.0426,0.0846,0.0983,151.067,156.91948,7.3991,92.801,450.02,349002.4881908022,-0.004,0
2026-07-16T10:44:13Z,0.243,26.9603,7.11,0.3372,0.0426,0.0846,0.0681,151.057,156.905501,7.3986,92.78,503.31,348995.3617760341,-0.004,0
2026-07-16T10:44:13Z,0.241,26.9506,7.11,0.3411,0.0426,0.0846,0.0379,151.019,156.878668,7.3994,92.753,393.47,349018.47236007184,-0.005,0
2026-07-16T10:44:13Z,0.239,26.9386,7.11,0.3296,0.0426,0.0846,0.189,150.989,156.863893,7.4006,92.725,421.16,349152.4353954955,-0.005,0
2026-07-16T10:44:13Z,0.238,26.9306,7.11,0.2495,0.0426,0.0846,0.2796,150.985,156.867257,7.4008,92.702,458.61,349317.415540341,-0.005,0
2026-07-16T10:44:13Z,0.236,26.9296,7.02,0.2571,0.0426,0.2115,0.3703,150.996,156.87563,7.3993,92.684,456.22,349383.5653093862,-0.004,0
2026-07-16T10:44:13Z,0.236,26.9338,7.02,0.2724,0.0426,0.2115,0.34,150.998,156.877215,7.3966,92.669,1075.6,349316.10070336435,-0.003,0
2026-07-16T10:44:13Z,0.235,26.9391,7.02,0.2876,0.0426,0.2115,0.3854,150.987,156.87444,7.3937,92.661,682.27,349203.6711772937,-0.002,0
2026-07-16T10:44:13Z,0.235,26.9414,7.02,0.2686,0.0426,0.2115,0.3249,150.972,156.872575,7.3915,92.661,430.13,349151.11509590375,-0.001,0
2026-07-16T10:44:13Z,0.235,26.9406,7.11,0.2915,0,0.1692,0.3249,150.96,156.871126,7.3901,92.669,447.19,349157.39413952536,0.001,0
2026-07-16T10:44:13Z,0.235,26.9403,7.11,0.2609,0,0.1692,0.2796,150.964,156.873715,7.389,92.687,698.01,349177.6686538569,0.003,0
2026-07-16T10:44:13Z,0.236,26.943,7.11,0.2876,0,0.1692,0.4156,150.992,156.885043,7.388,92.714,444.87,349193.302452335,0.004,0
2026-07-16T10:44:13Z,0.237,26.9476,7.11,0.2915,0,0.1692,0.2947,151.045,156.908127,7.3874,92.75,715.21,349241.5823647337,0.005,0
2026-07-16T10:44:13Z,0.24,26.9512,7.11,0.2953,0,0.1692,0.3098,151.109,156.94311,7.3876,92.789,845.47,349376.1477395988,0.005,0
2026-07-16T10:44:13Z,0.242,26.9508,7.02,0.2876,0.0426,-0.0423,0.3854,151.151,156.97126,7.389,92.822,483.06,349544.5248909746,0.004,0
2026-07-16T10:44:13Z,0.243,26.9449,7.02,0.2648,0.0426,-0.0423,0.2494,151.144,156.974031,7.392,92.846,426.6,349667.9558200892,0.003,0
2026-07-16T10:44:13Z,0.243,26.9345,7.02,0.28,0.0426,-0.0423,0.34,151.108,156.962185,7.3962,92.86,374.21,349789.82318319555,0.002,0
2026-07-16T10:44:13Z,0.243,26.9238,7.02,0.28,0.0426,-0.0423,0.2947,151.081,156.956613,7.4007,92.871,441.5,349953.1872564532,0,0
2026-07-16T10:44:13Z,0.242,26.9189,7.02,0.28,0.0852,-0.1692,0.3703,151.083,156.963848,7.404,92.88,541.43,350084.1341068079,-0.001,0
2026-07-16T10:44:13Z,0.242,26.9223,7.02,0.2876,0.0852,-0.1692,0.2645,151.107,156.979808,7.4055,92.877,426.5,350113.5218473948,-0.002,0
2026-07-16T10:44:13Z,0.242,26.9307,7.02,0.28,0.0852,-0.1692,0.34,151.128,156.996722,7.4055,92.857,798.68,350057.05693993624,-0.004,0
2026-07-16T10:44:13Z,0.241,26.9382,7.02,0.1999,0.0852,-0.1692,0.4005,151.125,157.005071,7.4054,92.827,439.3,349967.9688994998,-0.005,0
2026-07-16T10:44:13Z,0.24,26.9398,7.02,0.2228,0.0852,-0.0423,0.3854,151.098,157.00107,7.4058,92.791,569.43,349915.8455763171,-0.005,0
2026-07-16T10:44:13Z,0.237,26.9368,7.02,0.2075,0.0852,-0.0423,0.3703,151.062,156.987665,7.406,92.753,391.59,349893.80753810325,-0.005,0
2026-07-16T10:44:13Z,0.235,26.9352,7.02,0.2075,0.0852,-0.0423,0.3703,151.035,156.975309,7.4047,92.718,746.82,349852.2270882782,-0.004,0
2026-07-16T10:44:13Z,0.234,26.939,7.02,0.2113,0.0852,-0.0423,0.4156,151.029,156.97073,7.4018,92.692,1178.4,349756.6682630232,-0.003,0
2026-07-16T10:44:13Z,0.234,26.947,7.02,0.1999,0.0426,0.1269,0.3703,151.037,156.972704,7.3978,92.68,985.02,349622.0688226175,-0.002,0
2026-07-16T10:44:13Z,0.235,26.955,7.02,0.2342,0.0426,0.1269,0.4458,151.05,156.981757,7.3937,92.678,769.72,349528.04857977846,-0,0
2026-07-16T10:44:13Z,0.235,26.9601,7.02,0.2113,0.0426,0.1269,0.3249,151.052,156.990281,7.3902,92.686,984.38,349483.8814702433,0.001,0
2026-07-16T10:44:13Z,0.235,26.9607,7.02,0.2838,0.0426,0.1269,0.3249,151.036,156.986524,7.3881,92.7,477.21,349451.45277239,0.002,0
2026-07-16T10:44:13Z,0.235,26.9583,7.02,0.2648,0.0426,0.1269,0.3552,151.008,156.969485,7.3874,92.718,431.73,349397.6965637395,0.003,0
2026-07-16T10:44:13Z,0.236,26.9571,6.84,0.2571,0.0852,0,0.2947,150.986,156.94865,7.3875,92.741,763.39,349300.36688770074,0.003,0
2026-07-16T10:44:13Z,0.237,26.9592,6.84,0.2724,0.0852,0,0.3249,150.98,156.93249,7.3878,92.77,565.11,349169.70008830086,0.004,0
2026-07-16T10:44:13Z,0.239,26.9635,6.84,0.28,0.0852,0,0.3249,150.975,156.914691,7.3884,92.798,484.32,348989.67117855465,0.004,0
2026-07-16T10:44:13Z,0.24,26.9674,6.84,0.2724,0.0852,0,0.2192,150.936,156.872467,7.3893,92.819,449.92,348677.4522011507,0.004,0
2026-07-16T10:44:13Z,0.241,26.9681,7.11,0.2609,0.0426,0.1692,0.2343,150.841,156.782537,7.3911,92.837,433.51,348151.2307018869,0.003,0
2026-07-16T10:44:13Z,0.241,26.9647,7.11,0.2915,0.0426,0.1692,0.3552,150.688,156.632943,7.3938,92.853,408.19,347359.64426988875,0.003,0
2026-07-16T10:44:13Z,0.242,26.9606,7.11,0.2228,0.0426,0.1692,0.2796,150.455,156.395819,7.3966,92.867,419.97,346083.6471417972,0.002,0
2026-07-16T10:44:13Z,0.242,26.96,7.11,0.2228,0.0426,0.1692,0.2645,150.083,156.007933,7.3983,92.878,549.73,343892.5820073539,0.002,0
2026-07-16T10:44:13Z,0.243,26.9629,7.02,0.1999,0.0426,0,0.3552,149.452,155.353822,7.3993,92.884,473.19,340147.4234562825,0.002,0
2026-07-16T10:44:13Z,0.244,26.9663,7.02,0.1999,0.0426,0,0.3854,148.365,154.231003,7.4002,92.883,420.89,333805.43740508414,0.002,0
2026-07-16T10:44:13Z,0.244,26.9677,7.02,0.322,0.0426,0,0.3552,146.524,152.328034,7.4011,92.881,378.13,323298.4509327191,0.002,0
2026-07-16T10:44:13Z,0.244,26.9674,7.02,0.3525,0.0426,0,0.2645,143.46,149.153489,7.402,92.883,379.86,306268.65685284854,0.002,0
2026-07-16T10:44:13Z,0.244,26.9679,7.02,0.3449,0.0426,0,0.3552,138.38,143.880863,7.4024,92.891,542.84,279202.7458483965,0.002,0
2026-07-16T10:44:13Z,0.245,26.9704,7.02,0.3296,0.0426,0.1269,0.3552,129.948,135.118149,7.4021,92.899,401.94,237538.3225741118,0.002,0
2026-07-16T10:44:13Z,0.246,26.9738,7.02,0.2533,0.0426,0.1269,0.2796,115.914,120.526622,7.4015,92.906,398.98,177074.21720835177,0.002,0
2026-07-16T10:44:13Z,0.246,26.9771,7.02,0.2724,0.0426,0.1269,0.3098,92.517,96.201179,7.4012,92.911,432.29,99288.78814121365,0.001,0
2026-07-16T10:44:13Z,0.247,26.9797,7.02,0.2724,0.0426,0.1269,0.2796,53.499,55.641006,7.4014,92.912,378.87,24649.848918080617,0.001,0
2026-07-16T10:44:13Z,0.247,26.9804,7.11,0.2876,0.0426,0.0846,0.3854,-11.564,-11.985973,7.402,92.911,438.06,NA,0,0
2026-07-16T10:44:13Z,0.246,26.9789,7.11,0.28,0.0426,0.0846,0.3703,-120.011,-124.705604,7.4027,92.908,437.49,NA,0,0
2026-07-16T10:44:13Z,0.246,26.9766,7.11,0.3067,0.0426,0.0846,0.3854,-300.728,-312.546397,7.4035,92.903,395.18,NA,0,0
2026-07-16T10:44:13Z,0.246,26.9754,7.11,0.28,0.0426,0.0846,0.2192,-413.647,-429.921123,7.4038,92.898,391.34,NA,-0.001,0
2026-07-16T10:44:13Z,0.246,26.9754,7.11,0.28,0.0426,0.2538,0.3854,-300.66,-312.483666,7.4038,92.89,377.97,NA,-0.001,0
2026-07-16T10:44:13Z,0.246,26.9758,7.11,0.2648,0.0426,0.2538,0.2947,-119.932,-124.619527,7.4036,92.875,440.16,NA,0,0
2026-07-16T10:44:13Z,0.246,26.9753,7.11,0.2876,0.0426,0.2538,0.34,-11.529,-11.91572,7.4035,92.859,938.83,NA,0,0
2026-07-16T10:44:13Z,0.245,26.9735,7.11,0.3029,0.0426,0.2538,0.3854,53.487,55.698139,7.4035,92.848,434.64,24721.31010603875,0.001,0
2026-07-16T10:44:13Z,0.245,26.9728,7.11,0.28,0.0426,0.2538,0.3098,92.501,96.280469,7.4028,92.848,1097.1,99520.68013030525,0.001,0
2026-07-16T10:44:13Z,0.245,26.977,6.93,0.1808,0.0426,-0.0423,0.2947,115.932,120.653228,7.4009,92.859,543.91,177522.82970660523,0.002,0
2026-07-16T10:44:13Z,0.246,26.9864,6.93,0.2228,0.0426,-0.0423,0.3854,130,135.291771,7.3982,92.876,425.76,238125.18133767263,0.002,0
2026-07-16T10:44:13Z,0.248,26.9981,6.93,0.2266,0.0426,-0.0423,0.2494,138.421,144.079668,7.3957,92.892,353.65,279755.0988372858,0.002,0
2026-07-16T10:44:13Z,0.248,27.0083,6.93,0.1961,0.0426,-0.0423,0.3552,143.429,149.344327,7.3943,92.9,416.16,306622.9302730948,0.003,0
2026-07-16T10:44:13Z,0.248,27.0146,7.2,0.2876,0.1278,0.3384,0.34,146.392,152.489663,7.3943,92.907,407.3,323389.74596322636,0.003,0
2026-07-16T10:44:13Z,0.248,27.0199,7.2,0.2648,0.1278,0.3384,0.3249,148.169,154.378486,7.395,92.921,389.56,333693.2444435442,0.003,0
2026-07-16T10:44:13Z,0.249,27.0313,7.2,0.2724,0.1278,0.3384,0.3552,149.276,155.534527,7.3947,92.942,985.23,339951.5239813127,0.002,0
2026-07-16T10:44:13Z,0.251,27.0511,7.2,0.2648,0.1278,0.3384,0.3552,149.986,156.258045,7.3927,92.96,448.65,343676.28934907273,0.002,0
2026-07-16T10:44:13Z,0.252,27.0728,6.93,0.2686,0.0426,0.2538,0.4458,150.421,156.709909,7.3904,92.963,354.65,345845.4939383321,0.001,0
2026-07-16T10:44:13Z,0.253,27.0868,6.93,0.28,0.0426,0.2538,0.2947,150.639,156.970533,7.3896,92.953,344.62,347072.72586717695,0,0
2026-07-16T10:44:13Z,0.252,27.0887,6.93,0.28,0.0426,0.2538,0.3703,150.706,157.101404,7.391,92.939,391.42,347782.52933574154,-0.001,0
2026-07-16T10:44:13Z,0.25,27.0839,6.93,0.2762,0.0426,0.2538,0.3552,150.727,157.177509,7.3931,92.927,369.68,348302.6941566589,-0.002,0
2026-07-16T10:44:13Z,0.249,27.0836,6.93,0.219,0,-0.0423,0.2947,150.785,157.247206,7.3934,92.911,545.68,348705.226828786,-0.003,0
2026-07-16T10:44:13Z,0.248,27.095,6.93,0.2152,0,-0.0423,0.3703,150.883,157.313051,7.3911,92.889,768.05,348873.60264510073,-0.004,0
2026-07-16T10:44:13Z,0.248,27.1153,6.93,0.2075,0,-0.0423,0.3703,150.972,157.364538,7.3873,92.865,395.78,348798.57332030055,-0.004,0
2026-07-16T10:44:13Z,0.248,27.1332,6.93,0.2075,0,-0.0423,0.4609,151.003,157.395348,7.384,92.842,364.57,348649.37434516626,-0.004,0
2026-07-16T10:44:13Z,0.246,27.1365,6.93,0.1961,0,-0.0423,0.3249,150.965,157.401673,7.3823,92.821,444.96,348625.5527651476,-0.004,0
2026-07-16T10:44:13Z,0.244,27.1244,6.93,0.2419,0.0852,0.0846,0.2947,150.899,157.397229,7.3821,92.804,1078.7,348819.6887918097,-0.003,0
2026-07-16T10:44:13Z,0.243,27.1109,6.93,0.2228,0.0852,0.0846,0.2494,150.868,157.40489,7.382,92.795,1538.5,349108.38955875894,-0.002,0
2026-07-16T10:44:13Z,0.243,27.1102,6.93,0.2419,0.0852,0.0846,0.2947,150.895,157.43071,7.3803,92.795,623.71,349268.30743157334,-0.002,0
2026-07-16T10:44:13Z,0.243,27.1254,6.93,0.3067,0.0852,0.0846,0.1286,150.953,157.469549,7.3766,92.798,382.18,349213.59445130697,-0.001,0
2026-07-16T10:44:13Z,0.244,27.1467,7.02,0.2876,0.0426,0.423,0.189,150.989,157.501695,7.3724,92.8,529.91,349010.0540326929,-0.001,0
2026-07-16T10:44:13Z,0.243,27.16,7.02,0.2724,0.0426,0.423,0.1286,150.971,157.503656,7.3699,92.799,344.4,348779.9794546998,-0.001,0
2026-07-16T10:44:13Z,0.243,27.159300000000002,7.02,0.2648,0.0426,0.423,0.1739,150.919,157.483976,7.37,92.798,411.3,348680.6745115517,-0.001,0
2026-07-16T10:44:13Z,0.242,27.152,7.02,0.28,0.0426,0.423,0.3703,150.883,157.473481,7.3712,92.806,817.29,348753.28328902816,-0.002,0
2026-07-16T10:44:13Z,0.241,27.1501,7.11,0.3067,0.0426,0.0846,0.3552,150.892,157.487411,7.3716,92.82,613.49,348867.0365767658,-0.002,0
2026-07-16T10:44:13Z,0.241,27.1572,7.11,0.28,0.0426,0.0846,0.3249,150.934,157.521466,7.3706,92.83,461.11,348932.1350741837,-0.003,0
2026-07-16T10:44:13Z,0.241,27.1686,7.11,0.2953,0.0426,0.0846,0.3552,150.972,157.554663,7.3691,92.831,456.03,348914.34050695313,-0.003,0
2026-07-16T10:44:13Z,0.24,27.1774,7.11,0.2762,0.0426,0.0846,0.2796,150.976,157.56379,7.3686,92.825,363.15,348806.7249480639,-0.004,0
2026-07-16T10:44:13Z,0.239,27.1792,7.11,0.2648,0.0426,0.0846,0.3552,150.956,157.55529,7.3695,92.808,455.23,348725.7448420811,-0.005,0
2026-07-16T10:44:13Z,0.237,27.1758,6.57,0.2648,0.0426,0.5922,0.2645,150.936,157.546938,7.3706,92.782,794.36,348739.8519256824,-0.006,0
2026-07-16T10:44:13Z,0.235,27.1736,6.57,0.2915,0.0426,0.5922,0.2645,150.93,157.546527,7.3711,92.749,483.69,348777.3899066229,-0.007,0
2026-07-16T10:44:13Z,0.233,27.1754,6.57,0.219,0.0426,0.5922,0.3854,150.944,157.557958,7.3703,92.712,866.11,348809.80024940334,-0.007,0
2026-07-16T10:44:13Z,0.231,27.1795,6.57,0.2152,0.0426,0.5922,0.2343,150.965,157.574256,7.3685,92.676,736.98,348828.2065989785,-0.006,0
2026-07-16T10:44:13Z,0.23,27.1835,7.2,0.1961,0.0852,0.0423,0.34,150.973,157.583736,7.3659,92.643,1121.9,348809.6339730898,-0.005,0
2026-07-16T10:44:13Z,0.228,27.1855,7.2,0.1885,0.0852,0.0423,0.4005,150.967,157.584917,7.363,92.622,834.7,348780.1038350219,-0.004,0
2026-07-16T10:44:13Z,0.227,27.1845,7.2,0.2075,0.0852,0.0423,0.3854,150.962,157.58613,7.3601,92.62,1273.5,348805.1285093783,-0.002,0
2026-07-16T10:44:13Z,0.227,27.1826,7.2,0.2228,0.0852,0.0423,0.4005,150.979,157.60173,7.3575,92.633,676.8,348928.3268280023,-0.001,0
2026-07-16T10:44:13Z,0.227,27.1828,6.93,0.2304,0.0426,0.5076,0.3703,151.017,157.633872,7.3549,92.65,580.8,349107.6184937257,0,0
2026-07-16T10:44:13Z,0.228,27.1852,6.93,0.1999,0.0426,0.5076,0.2947,151.041,157.655053,7.353,92.667,423.27,349184.6394181068,0.001,0
2026-07-16T10:44:13Z,0.228,27.1874,6.93,0.219,0.0426,0.5076,0.2645,151.023,157.64487,7.3525,92.684,408.1,349086.76860814693,0.002,0
2026-07-16T10:44:13Z,0.228,27.1869,6.93,0.2381,0.0426,0.5076,0.3249,150.99,157.622651,7.3536,92.705,967.62,348969.39807538484,0.002,0
2026-07-16T10:44:13Z,0.229,27.1842,7.02,0.2075,0.0852,0.3807,0.3098,150.987,157.618545,7.3553,92.731,905.77,348994.99550654,0.002,0
2026-07-16T10:44:13Z,0.229,27.1832,7.02,0.2037,0.0852,0.3807,0.2796,151.024,157.639476,7.3568,92.756,431.82,349132.2587954449,0.002,0
2026-07-16T10:44:13Z,0.23,27.186,7.02,0.1923,0.0852,0.3807,0.3552,151.071,157.670981,7.3577,92.77,377.72,349260.79448050616,0.001,0
2026-07-16T10:44:13Z,0.231,27.1897,7.02,0.1961,0.0852,0.3807,0.4156,151.088,157.691397,7.3589,92.77,371.61,349309.8715901333,0.001,0
2026-07-16T10:44:13Z,0.231,27.1894,7.02,0.1923,0.0852,0.3807,0.3854,151.068,157.690139,7.361,92.764,1210.9,349308.1546848173,0.001,0
2026-07-16T10:44:13Z,0.23,27.1836,7.02,0.2152,0.0852,0.2961,0.3552,151.046,157.682906,7.3637,92.762,764.72,349372.25617684255,0,0
2026-07-16T10:44:13Z,0.229,27.178,7.02,0.1923,0.0852,0.2961,0.3249,151.056,157.691822,7.3656,92.766,717.39,349524.73104637663,0,0
2026-07-16T10:44:13Z,0.23,27.1788,7.02,0.1961,0.0852,0.2961,0.2947,151.1,157.719262,7.3655,92.768,766.71,349666.52862614713,0,0
2026-07-16T10:44:13Z,0.231,27.1853,7.02,0.2228,0.0852,0.2961,0.4005,151.139,157.748492,7.3642,92.762,381.26,349714.95593614643,-0.001,0
2026-07-16T10:44:13Z,0.231,27.1907,7.02,0.2228,0.0852,0.0846,0.3854,151.145,157.763257,7.3633,92.746,1000.5,349700.9510217013,-0.001,0
2026-07-16T10:44:13Z,0.23,27.19,7.02,0.2075,0.0852,0.0846,0.3854,151.117,157.759478,7.3637,92.731,730.13,349692.14163437864,-0.001,0
2026-07-16T10:44:13Z,0.229,27.1841,7.02,0.2228,0.0852,0.0846,0.4458,151.086,157.752184,7.3647,92.723,919.85,349757.8015450768,-0.001,0
2026-07-16T10:44:13Z,0.228,27.18,7.02,0.2266,0.0852,0.0846,0.3249,151.088,157.763481,7.3647,92.72,958,349896.71853777184,-0.002,0
2026-07-16T10:44:13Z,0.228,27.183,6.93,0.2075,0.0426,0.2961,0.3552,151.117,157.792373,7.3631,92.718,749.25,350006.8576904747,-0.002,0
2026-07-16T10:44:13Z,0.229,27.1914,6.93,0.1923,0.0426,0.2961,0.2494,151.136,157.822513,7.3608,92.71,460.71,350025.8922532985,-0.003,0
2026-07-16T10:44:13Z,0.228,27.1996,6.93,0.2113,0.0426,0.2961,0.3854,151.111,157.837887,7.3591,92.695,364.42,349964.40237853886,-0.003,0
2026-07-16T10:44:13Z,0.226,27.2028,6.93,0.2037,0.0426,0.2961,0.2947,151.042,157.834584,7.3584,92.675,1313.1,349887.4100567493,-0.004,0
2026-07-16T10:44:13Z,0.224,27.2023,6.93,0.2228,0.0426,0.2961,0.4005,150.965,157.823752,7.3583,92.656,757.27,349834.78816289565,-0.004,0
2026-07-16T10:44:13Z,0.222,27.2055,7.11,0.1999,0.0426,0.0846,0.4156,150.926,157.822551,7.3573,92.636,1312.8,349769.7976126858,-0.003,0
2026-07-16T10:44:13Z,0.222,27.2192,7.11,0.2152,0.0426,0.0846,0.3854,150.944,157.842689,7.3542,92.615,512.58,349635.6204880833,-0.002,0
2026-07-16T10:44:13Z,0.222,27.2419,7.11,0.1846,0.0426,0.0846,0.2645,150.98,157.873499,7.3497,92.594,401.94,349398.9454976485,-0.001,0
2026-07-16T10:44:13Z,0.222,27.265,7.11,0.2266,0.0426,0.0846,0.3854,150.984,157.891128,7.3452,92.579,631.75,349080.39017993625,0.001,0
2026-07-16T10:44:13Z,0.222,27.2781,7.38,0.219,0,0.2115,0.1134,150.954,157.892262,7.3419,92.579,797.12,348849.5967204165,0.002,0
2026-07-16T10:44:13Z,0.222,27.2788,7.38,0.2075,0,0.2115,0.0681,150.936,157.901256,7.3401,92.603,1354.3,348887.99604181014,0.004,0
2026-07-16T10:44:13Z,0.223,27.2764,7.38,0.2228,0,0.2115,0.0983,150.962,157.928529,7.3388,92.643,1085.7,349086.3580072844,0.005,0
2026-07-16T10:44:13Z,0.225,27.2809,7.38,0.2152,0,0.2115,0.0983,151.018,157.965323,7.337,92.687,777.62,349213.86136314715,0.005,0
2026-07-16T10:44:13Z,0.228,27.2917,6.84,0.1923,0.0426,0.0846,0.0681,151.069,158.001404,7.3356,92.727,411.12,349223.15212426975,0.006,0
2026-07-16T10:44:13Z,0.23,27.3008,6.84,0.1999,0.0426,0.0846,0.3249,151.083,158.022341,7.3362,92.764,798.34,349177.21826226736,0.006,0
2026-07-16T10:44:13Z,0.231,27.3009,6.84,0.1999,0.0426,0.0846,0.3552,151.062,158.021694,7.3394,92.799,613.76,349171.7325035672,0.005,0
2026-07-16T10:44:13Z,0.232,27.2936,6.84,0.2075,0.0426,0.0846,0.4307,151.039,158.015328,7.3439,92.833,1150.3,349267.82052917185,0.005,0
2026-07-16T10:44:13Z,0.233,27.2879,7.02,0.2228,0.0852,0.423,0.3552,151.05,158.025597,7.3478,92.857,928.89,349429.4738771764,0.003,0
2026-07-16T10:44:13Z,0.234,27.2898,7.02,0.2075,0.0852,0.423,0.3249,151.086,158.051229,7.3505,92.866,403.43,349540.6963236619,0.002,0
2026-07-16T10:44:13Z,0.235,27.297,7.02,0.1999,0.0852,0.423,0.4156,151.106,158.071,7.3523,92.858,361.81,349522.5005750914,0.002,0
2026-07-16T10:44:13Z,0.235,27.3029,7.02,0.2152,0.0852,0.423,0.3249,151.09,158.07014,7.3542,92.842,669.78,349410.65966039785,0.002,0
2026-07-16T10:44:13Z,0.235,27.3026,7.02,0.1961,0.0852,0.423,0.2494,151.063,158.060448,7.3562,92.828,758.92,349361.03975694894,0.001,0
2026-07-16T10:44:13Z,0.234,27.2987,6.93,0.2152,0.0426,0.423,0.3854,151.063,158.067397,7.3574,92.821,558.03,349471.2066698734,0.001,0
2026-07-16T10:44:13Z,0.235,27.2981,6.93,0.2342,0.0426,0.423,0.4156,151.095,158.096851,7.3568,92.815,609.24,349649.47080902744,0.001,0
2026-07-16T10:44:13Z,0.236,27.3032,6.93,0.1999,0.0426,0.423,0.3703,151.132,158.132611,7.3548,92.803,404.13,349760.21884985076,0.001,0
2026-07-16T10:44:13Z,0.237,27.3096,6.93,0.2037,0.0426,0.423,0.4307,151.142,158.154152,7.3529,92.79,383.17,349766.55138816696,0.001,0
2026-07-16T10:44:13Z,0.236,27.3119,6.93,0.2075,0.0426,0.1269,0.3552,151.121,158.153193,7.352,92.784,410.86,349719.38096930267,0.001,0
2026-07-16T10:44:13Z,0.236,27.3103,6.93,0.219,0.0426,0.1269,0.3552,151.097,158.147515,7.3517,92.786,398.03,349716.1335643988,0.001,0
2026-07-16T10:44:13Z,0.236,27.3095,6.93,0.2075,0.0426,0.1269,0.476,151.107,158.16166,7.3509,92.795,359.38,349811.0405583949,0,0
2026-07-16T10:44:13Z,0.236,27.3129,6.93,0.2152,0.0426,0.1269,0.3854,151.146,158.195391,7.3495,92.803,402.99,349941.0892879517,0,0
2026-07-16T10:44:13Z,0.237,27.3199,7.02,0.2991,0.0426,-0.0846,0.34,151.18,158.231647,7.3481,92.806,500.04,350020.15330295084,0,0
2026-07-16T10:44:13Z,0.237,27.3264,7.02,0.2495,0.0426,-0.0846,0.4458,151.185,158.252041,7.3474,92.806,537.21,350018.10779152444,0,0
2026-07-16T10:44:13Z,0.236,27.3279,7.02,0.2648,0.0426,-0.0846,0.2947,151.162,158.25199,7.3479,92.809,366.64,349990.59521666414,0,0
2026-07-16T10:44:13Z,0.236,27.3256,7.02,0.2762,0.0426,-0.0846,0.4307,151.146,158.253531,7.3488,92.815,527.61,350041.0979079716,0,0
2026-07-16T10:44:13Z,0.236,27.3255,7.02,0.1999,0.0426,-0.0846,0.3249,151.157,158.27511,7.3491,92.818,395.44,350165.59319187456,-0.001,0
2026-07-16T10:44:13Z,0.236,27.3306,7.11,0.1999,0.0426,-0.0423,0.3098,151.172,158.304445,7.3484,92.817,430.79,350239.77890240075,-0.001,0
2026-07-16T10:44:13Z,0.236,27.3385,7.11,0.2419,0.0426,-0.0423,0.3098,151.143,158.315288,7.3476,92.806,537.1,350157.9847346041,-0.002,0
2026-07-16T10:44:13Z,0.236,27.3448,7.11,0.2037,0.0426,-0.0423,0.4307,151.07,158.306522,7.3472,92.79,662.54,349993.83405794116,-0.002,0
2026-07-16T10:44:13Z,0.234,27.3479,7.11,0.219,0.0426,-0.0423,0.3249,150.999,158.299868,7.3471,92.777,385.93,349899.79749971983,-0.002,0
2026-07-16T10:44:13Z,0.233,27.3526,6.93,0.2152,0.0852,0.0846,0.3552,150.972,158.305582,7.3463,92.773,441.59,349847.0174232819,-0.002,0
2026-07-16T10:44:13Z,0.233,27.3661,6.93,0.2152,0.0852,0.0846,0.2947,150.994,158.321183,7.3438,92.775,585.11,349690.8789503807,-0.002,0
2026-07-16T10:44:13Z,0.233,27.3886,6.93,0.219,0.0852,0.0846,0.3552,151.034,158.338804,7.3395,92.773,672.85,349383.3686240163,-0.002,0
2026-07-16T10:44:13Z,0.233,27.411,6.93,0.219,0.0852,0.0846,0.3098,151.056,158.347106,7.3355,92.765,704.72,349025.2742075027,-0.002,0
2026-07-16T10:44:13Z,0.232,27.4224,7.11,0.2152,0.0426,0.0846,0.2041,151.052,158.340284,7.3338,92.755,571.53,348780.6840481694,-0.003,0
2026-07-16T10:44:13Z,0.231,27.4198,7.11,0.219,0.0426,0.0846,0.2494,151.046,158.334557,7.3342,92.746,443.23,348795.21815668134,-0.003,0
2026-07-16T10:44:13Z,0.23,27.4117,7.11,0.2075,0.0426,0.0846,0.3249,151.057,158.346436,7.3351,92.737,424.47,349008.82821584644,-0.004,0
2026-07-16T10:44:13Z,0.229,27.4067,7.11,0.219,0.0426,0.0846,0.0832,151.076,158.36506,7.3352,92.724,434.17,349204.74070195714,-0.004,0
2026-07-16T10:44:13Z,0.228,27.4057,7.11,0.2113,0.0426,0.0846,0.1437,151.082,158.37335,7.3346,92.708,410.05,349269.809174608,-0.004,0
2026-07-16T10:44:13Z,0.226,27.4061,7.02,0.2075,0.0852,-0.2115,0.0983,151.068,158.365501,7.3338,92.696,786.11,349218.09178682225,-0.004,0
2026-07-16T10:44:13Z,0.225,27.4061,7.02,0.2152,0.0852,-0.2115,0.0228,151.056,158.355453,7.3331,92.691,473.29,349161.1525353063,-0.004,0
2026-07-16T10:44:13Z,0.224,27.4057,7.02,0.2762,0.0852,-0.2115,0.3249,151.069,158.364575,7.3321,92.686,395.61,349220.0791571506,-0.004,0
2026-07-16T10:44:13Z,0.224,27.4066,7.02,0.2533,0.0852,-0.2115,0.2947,151.098,158.391292,7.3307,92.673,622.08,349355.22350178065,-0.005,0
2026-07-16T10:44:13Z,0.223,27.4086,7.38,0.2762,0.0426,0.2115,0.2947,151.099,158.406652,7.3295,92.648,455.43,349406.10372105375,-0.005,0
2026-07-16T10:44:13Z,0.221,27.4095,7.38,0.2609,0.0426,0.2115,0.2796,151.048,158.386694,7.3289,92.612,368.32,349276.70129721833,-0.005,0
2026-07-16T10:44:13Z,0.218,27.408,7.38,0.2037,0.0426,0.2115,0.4005,150.976,158.342135,7.3287,92.582,509.58,349051.34576089034,-0.004,0
2026-07-16T10:44:13Z,0.217,27.407,7.38,0.2152,0.0426,0.2115,0.4458,150.93,158.293162,7.3279,92.57,411.66,348792.03608921275,-0.004,0
2026-07-16T10:44:13Z,0.216,27.4115,6.75,0.2266,0.0426,0.0846,0.3098,150.917,158.242749,7.3253,92.572,918.85,348425.4268108797,-0.003,0
2026-07-16T10:44:13Z,0.217,27.4226,6.75,0.2304,0.0426,0.0846,0.2796,150.899,158.173439,7.321,92.575,2331.5,347833.3881936529,-0.002,0
2026-07-16T10:44:13Z,0.217,27.433,6.75,0.2648,0.0426,0.0846,0.3249,150.81,158.042694,7.3173,92.578,788.34,346908.1423334483,-0.002,0
2026-07-16T10:44:13Z,0.216,27.4329,6.75,0.28,0.0426,0.0846,0.2947,150.596,157.799614,7.3164,92.586,877.1,345540.368271491,-0.001,0
2026-07-16T10:44:13Z,0.215,27.4205,7.02,0.2915,0.0852,0.0423,0.34,150.219,157.395411,7.3181,92.599,1272.4,343490.7462245949,-0.001,0
2026-07-16T10:44:13Z,0.214,27.4039,7.02,0.2915,0.0852,0.0423,0.3249,149.591,156.730315,7.3206,92.609,1474,340065.1314706364,-0.001,0
2026-07-16T10:44:13Z,0.214,27.3915,7.02,0.2648,0.0852,0.0423,0.3854,148.528,155.610933,7.3224,92.608,889.96,334072.76723209454,0,0
2026-07-16T10:44:13Z,0.215,27.3852,7.02,0.2724,0.0852,0.0423,0.2947,146.723,153.726738,7.3238,92.602,1160.4,323881.4660244205,0.002,0
2026-07-16T10:44:13Z,0.215,27.3825,7.02,0.2838,0.0852,0.0423,0.3854,143.682,150.56726,7.3252,92.604,1660.8,307092.52039386,0.004,0
2026-07-16T10:44:13Z,0.216,27.3802,6.84,0.2915,0,0.1692,0.3552,138.617,145.297992,7.3263,92.627,1395.5,280261.46242690977,0.007,0
2026-07-16T10:44:13Z,0.218,27.3787,6.84,0.3639,0,0.1692,0.3098,130.223,136.529831,7.3265,92.672,940.67,238855.97187402274,0.008,0
2026-07-16T10:44:13Z,0.221,27.3816,6.84,0.3449,0,0.1692,0.3249,116.283,121.924607,7.3256,92.729,563.27,178588.21429228893,0.009,0
2026-07-16T10:44:13Z,0.225,27.3914,6.84,0.322,0,0.1692,0.3249,93.062,97.579574,7.3245,92.783,1081.3,100803.39020764185,0.01,0
2026-07-16T10:44:13Z,0.228,27.4053,7.02,0.3449,-0.0426,0.1692,0.34,54.346,56.994706,7.3245,92.833,1002.7,25636.908349654193,0.01,0
2026-07-16T10:44:13Z,0.23,27.4163,7.02,0.2724,-0.0426,0.1692,0.2796,-10.192,-10.660645,7.3267,92.88,1424,NA,0.009,0
2026-07-16T10:44:13Z,0.232,27.4206,7.02,0.2571,-0.0426,0.1692,0.2645,-117.738,-123.423893,7.3306,92.922,940.67,NA,0.008,0
2026-07-16T10:44:13Z,0.233,27.4223,7.02,0.28,-0.0426,0.1692,0.3098,-296.949,-311.353213,7.3347,92.952,1431.1,NA,0.006,0
2026-07-16T10:44:13Z,0.235,27.4268,6.39,0.2724,0.213,-0.0846,0.3854,-408.937,-428.798829,7.3381,92.963,810.4,NA,0.005,0
2026-07-16T10:44:13Z,0.236,27.4335,6.39,0.3296,0.213,-0.0846,0.2494,-296.909,-311.327338,7.341,92.957,915.86,NA,0.004,0
2026-07-16T10:44:13Z,0.236,27.4376,6.39,0.3258,0.213,-0.0846,0.3854,-117.692,-123.389295,7.3439,92.949,374.04,NA,0.004,0
2026-07-16T10:44:13Z,0.237,27.4362,6.39,0.3296,0.213,-0.0846,0.3552,-10.163,-10.624134,7.3466,92.949,1939.1,NA,0.003,0
2026-07-16T10:44:13Z,0.238,27.4324,6.39,0.3334,0.213,-0.0846,0.2645,54.379,57.05489,7.3481,92.954,1344.3,25670.458467850916,0.003,0
2026-07-16T10:44:13Z,0.239,27.4311,7.11,0.3296,0.0426,0.1269,0.053,93.132,97.683493,7.3476,92.953,1369,100873.1425636386,0.003,0
2026-07-16T10:44:13Z,0.241,27.4331,7.11,0.3601,0.0426,0.1269,0.0077,116.387,122.0639,7.3465,92.945,1036.6,178637.56150462062,0.003,0
2026-07-16T10:44:13Z,0.241,27.4355,7.11,0.3411,0.0426,0.1269,0.0379,130.327,136.68553,7.3461,92.936,926.27,238854.30784298305,0.003,0
2026-07-16T10:44:13Z,0.241,27.4351,7.11,0.3449,0.0426,0.1269,0.0983,138.684,145.459508,7.3465,92.931,776.94,280265.6768267638,0.002,0
2026-07-16T10:44:13Z,0.241,27.4322,6.93,0.3487,0.1278,-0.1692,0.4005,143.705,150.733579,7.3468,92.929,1444.5,307173.87313823565,0.002,0
2026-07-16T10:44:13Z,0.242,27.4305,6.93,0.322,0.1278,-0.1692,0.3703,146.728,153.910154,7.3463,92.923,1182.8,324114.4931161242,0.002,0
2026-07-16T10:44:13Z,0.243,27.432,6.93,0.3258,0.1278,-0.1692,0.4609,148.545,155.824297,7.3454,92.913,1709.5,334548.96002225886,0.002,0
2026-07-16T10:44:13Z,0.243,27.4353,6.93,0.3296,0.1278,-0.1692,0.3249,149.62,156.966404,7.3446,92.908,757.11,340828.60100968066,0.003,0
2026-07-16T10:44:13Z,0.243,27.4383,6.93,0.3182,0,-0.0423,0.3552,150.245,157.637029,7.344,92.924,687.93,344529.8465649708,0.004,0
2026-07-16T10:44:13Z,0.244,27.4406,6.93,0.3449,0,-0.0423,0.3552,150.62,158.039058,7.3433,92.963,1378.3,346751.1821718997,0.005,0
2026-07-16T10:44:13Z,0.246,27.4435,6.93,0.3449,0,-0.0423,0.3703,150.866,158.295732,7.3421,93.013,1274.6,348148.0415014299,0.006,0
2026-07-16T10:44:13Z,0.249,27.4481,6.93,0.3334,0,-0.0423,0.476,151.031,158.463471,7.3411,93.059,875.39,349013.80303229933,0.006,0
2026-07-16T10:44:13Z,0.251,27.4531,7.11,0.3334,0.0426,0.2538,0.3854,151.125,158.562956,7.3417,93.094,815.7,349486.7305751155,0.005,0
2026-07-16T10:44:13Z,0.252,27.4561,7.11,0.322,0.0426,0.2538,0.3249,151.167,158.616707,7.3444,93.113,1109.6,349736.96828416636,0.004,0
2026-07-16T10:44:13Z,0.253,27.4559,7.11,0.3105,0.0426,0.2538,0.3552,151.188,158.65509,7.3484,93.117,1035.3,349958.1252539295,0.002,0
2026-07-16T10:44:13Z,0.253,27.4541,7.11,0.3449,0.0426,0.2538,0.3098,151.2,158.688342,7.3523,93.101,941.69,350179.2680917989,0,0
2026-07-16T10:44:13Z,0.252,27.4541,7.11,0.3182,0.0426,0.2538,0.3703,151.2,158.713309,7.355,93.057,823.35,350320.87368250475,-0.001,0
2026-07-16T10:44:13Z,0.252,27.4573,6.84,0.322,0.0852,0.2115,0.4156,151.182,158.726627,7.3561,93.004,1435.1,350338.4009476739,-0.002,0
2026-07-16T10:44:13Z,0.25,27.4629,6.84,0.3296,0.0852,0.2115,0.3703,151.146,158.725837,7.3557,92.966,1075.4,350232.4118248421,-0.002,0
2026-07-16T10:44:13Z,0.249,27.4698,6.84,0.3525,0.0852,0.2115,0.2494,151.12,158.728769,7.3536,92.948,1704.7,350124.01152880647,-0.001,0
2026-07-16T10:44:13Z,0.249,27.478,6.84,0.3334,0.0852,0.2115,0.2645,151.133,158.758252,7.349,92.949,1449.6,350142.58605150855,-0.001,0
2026-07-16T10:44:13Z,0.25,27.4886,7.02,0.3334,0.0426,-0.0423,0.3249,151.177,158.814132,7.3434,92.954,962.17,350267.27616493363,0,0
2026-07-16T10:44:13Z,0.251,27.5009,7.02,0.3296,0.0426,-0.0423,0.2947,151.23,158.891267,7.3388,92.944,1056.4,350481.5971976035,0.001,0
2026-07-16T10:44:13Z,0.25,27.511,7.02,0.3258,0.0426,-0.0423,0.3703,151.294,159.00221,7.336,92.926,1270.4,350927.4948767629,0.001,0
2026-07-16T10:44:13Z,0.25,27.5162,7.02,0.3143,0.0426,-0.0423,0.3249,151.405,159.184562,7.3354,92.912,849.89,351868.0724341101,0.002,0
2026-07-16T10:44:13Z,0.25,27.5193,6.93,0.3296,0.0852,0.2961,0.3854,151.62,159.502986,7.3354,92.892,1086,353623.03783206176,0.002,0
2026-07-16T10:44:13Z,0.252,27.5265,6.93,0.3372,0.0852,0.2961,0.3854,151.979,160.024359,7.3338,92.841,1198.3,356468.427575154,0.003,0
2026-07-16T10:44:13Z,0.253,27.5408,6.93,0.3296,0.0852,0.2961,0.2796,152.325,160.621152,7.3305,92.681,767.05,359628.8477722527,0.004,0
2026-07-16T10:44:13Z,0.254,27.5623,6.93,0.3372,0.0852,0.2961,0.4458,152.389,160.997562,7.3266,92.29,1084.3,361396.81647915184,0.006,0
2026-07-16T10:44:13Z,0.255,27.5925,6.93,0.3258,0.0852,0.2961,0.4458,152.208,161.115703,7.3212,91.638,1445.2,361514.2113861341,0.006,0
2026-07-16T10:44:13Z,0.257,27.6398,7.02,0.3143,0.0426,0.0846,0.2796,152.02,161.159436,7.3112,90.829,1122.4,360883.9727940424,0.006,0
2026-07-16T10:44:13Z,0.259,27.7164,7.02,0.3639,0.0426,0.0846,0.3249,151.887,161.182528,7.2888,90.027,2022.6,359593.1483340468,0.006,0
2026-07-16T10:44:13Z,0.261,27.8184,7.02,0.3334,0.0426,0.0846,0.3098,151.751,161.141033,7.245,89.389,952.6,357472.0224668191,0.006,0
2026-07-16T10:44:13Z,0.263,27.92,7.02,0.3258,0.0426,0.0846,0.476,151.619,161.061969,7.1809,89.022,929.29,355160.6588725174,0.005,0
2026-07-16T10:44:13Z,0.264,27.9997,7.2,0.3105,0.1278,0.2961,0.3703,151.553,161.02046,7.1073,88.973,1328.9,353475.539125674,0.005,0
2026-07-16T10:44:13Z,0.264,28.0536,7.2,0.3449,0.1278,0.2961,0.4458,151.561,161.0355,7.0378,89.238,1317.4,352583.90794415394,0.004,0
2026-07-16T10:44:13Z,0.266,28.0875,7.2,0.3143,0.1278,0.2961,0.4156,151.57,161.042953,6.9837,89.761,1835.4,352013.4119805341,0.004,0
2026-07-16T10:44:13Z,0.267,28.1074,7.2,0.3067,0.1278,0.2961,0.3552,151.527,160.992692,6.9525,90.425,1565.8,351372.61448523414,0.004,0
2026-07-16T10:44:13Z,0.268,28.1167,7.11,0.3334,0.0852,0,0.3249,151.488,160.939461,6.9474,91.104,1158.1,350906.90266504657,0.004,0
2026-07-16T10:44:13Z,0.269,28.119,7.11,0.3143,0.0852,0,0.2947,151.512,160.943223,6.9678,91.706,1461.6,350886.62489320687,0.004,0
2026-07-16T10:44:13Z,0.27,28.1183,7.11,0.322,0.0852,0,0.3249,151.558,160.964895,7.0087,92.186,1310,351020.6324639232,0.003,0
2026-07-16T10:44:13Z,0.271,28.1165,7.11,0.3449,0.0852,0,0.3098,151.551,160.93409,7.0607,92.533,1352.5,350880.40811200906,0.003,0
2026-07-16T10:44:13Z,0.272,28.1127,6.93,0.3449,0.0852,0.1269,0.3854,151.492,160.854617,7.1142,92.757,874.06,350503.60195125215,0.003,0
2026-07-16T10:44:13Z,0.272,28.1055,6.93,0.3411,0.0852,0.1269,0.2494,151.438,160.781448,7.1621,92.89,1222.5,350223.27740163583,0.003,0
2026-07-16T10:44:13Z,0.272,28.0965,6.93,0.3372,0.0852,0.1269,0.3703,151.434,160.753194,7.2007,92.967,1837.4,350226.67128116294,0.004,0
2026-07-16T10:44:13Z,0.273,28.0889,6.93,0.4021,0.0852,0.1269,0.3854,151.479,160.768333,7.2288,93.016,1066.3,350447.92032581655,0.004,0
2026-07-16T10:44:13Z,0.275,28.0835,6.93,0.3792,0.0852,0.1269,0.34,151.522,160.782797,7.247,93.043,1106.7,350625.9867819232,0.004,0
2026-07-16T10:44:13Z,0.276,28.078,7.02,0.4059,0.0426,0.0846,0.3854,151.532,160.766367,7.2581,93.049,1051.4,350632.7836394624,0.004,0
2026-07-16T10:44:13Z,0.277,28.0701,7.02,0.3906,0.0426,0.0846,0.2796,151.542,160.752744,7.2651,93.035,963.42,350698.46653266245,0.004,0
2026-07-16T10:44:13Z,0.278,28.0596,7.02,0.322,0.0426,0.0846,0.3552,151.58,160.768356,7.2703,93.013,954.46,350974.91553695063,0.004,0
2026-07-16T10:44:13Z,0.279,28.049,7.02,0.3487,0.0426,0.0846,0.3552,151.617,160.783294,7.2738,92.987,878.05,351249.62290494563,0.004,0
2026-07-16T10:44:13Z,0.28,28.0402,7.02,0.3372,0.0426,0.1269,0.3703,151.619,160.767467,7.2754,92.956,863.3,351319.33646204346,0.003,0
2026-07-16T10:44:13Z,0.281,28.0323,7.02,0.3449,0.0426,0.1269,0.2645,151.588,160.722667,7.2753,92.916,1045.9,351210.14695197507,0.003,0
2026-07-16T10:44:13Z,0.282,28.0241,7.02,0.3258,0.0426,0.1269,0.2947,151.569,160.689057,7.2746,92.875,1082.7,351169.17591572786,0.003,0
2026-07-16T10:44:13Z,0.282,28.0163,7.02,0.3296,0.0426,0.1269,0.2192,151.589,160.691748,7.2736,92.846,921.05,351324.8779895515,0.003,0
2026-07-16T10:44:13Z,0.282,28.0104,7.02,0.3296,0,0.0846,0.3098,151.629,160.711413,7.2719,92.83,1291,351541.7897672814,0.003,0
2026-07-16T10:44:13Z,0.283,28.0063,7.02,0.3143,0,0.0846,0.3552,151.648,160.715213,7.2693,92.821,1301.2,351637.13473369554,0.003,0
2026-07-16T10:44:13Z,0.284,28.0021,7.02,0.3372,0,0.0846,0.3249,151.629,160.686122,7.2667,92.815,1239.4,351549.3833628329,0.004,0
2026-07-16T10:44:13Z,0.285,27.9958,7.02,0.3182,0,0.0846,0.2947,151.61,160.658473,7.2652,92.813,960.71,351507.62473536504,0.005,0
2026-07-16T10:44:13Z,0.286,27.9885,7.02,0.3372,0,0.0846,0.4156,151.627,160.666981,7.2649,92.819,1421.2,351687.23013413214,0.006,0
2026-07-16T10:44:13Z,0.288,27.9828,6.93,0.3563,0.0426,0.0846,0.34,151.654,160.683851,7.2649,92.832,1682.6,351885.0867988158,0.006,0
2026-07-16T10:44:13Z,0.29,27.9798,6.93,0.3334,0.0426,0.0846,0.34,151.646,160.667483,7.2648,92.85,1718.4,351847.1810113491,0.007,0
2026-07-16T10:44:13Z,0.292,27.9776,6.93,0.3601,0.0426,0.0846,0.34,151.612,160.627542,7.2649,92.873,941.49,351662.1944410932,0.008,0
2026-07-16T10:44:13Z,0.294,27.9743,6.93,0.3143,0.0426,0.0846,0.3098,151.596,160.607491,7.2658,92.904,1111,351608.98242484976,0.008,0
2026-07-16T10:44:13Z,0.296,27.9704,7.11,0.3296,0.0426,0.1269,0.4156,151.621,160.630044,7.2673,92.941,1974.8,351806.31533668685,0.008,0
2026-07-16T10:44:13Z,0.299,27.9678,7.11,0.3945,0.0426,0.1269,0.3098,151.657,160.667141,7.2691,92.976,860.3,352062.1305785659,0.007,0
2026-07-16T10:44:13Z,0.301,27.9666,7.11,0.4021,0.0426,0.1269,0.2947,151.655,160.672554,7.2711,92.997,1177.9,352114.3081367663,0.006,0
2026-07-16T10:44:13Z,0.303,27.9657,7.11,0.3945,0.0426,0.1269,0.2192,151.617,160.647728,7.2736,93.003,889,351990.7927610047,0.004,0
2026-07-16T10:44:13Z,0.303,27.9643,6.93,0.4135,0.0426,0.0846,0.4156,151.596,160.634148,7.2767,93,884.56,351939.64460721426,0.003,0
2026-07-16T10:44:13Z,0.303,27.9637,6.93,0.4059,0.0426,0.0846,0.4156,151.614,160.646233,7.2795,92.997,911.29,352018.5317430247,0.001,0
2026-07-16T10:44:13Z,0.303,27.9665,6.93,0.3906,0.0426,0.0846,0.476,151.633,160.65313,7.2808,92.996,1666.6,352006.74481499096,0,0
2026-07-16T10:44:13Z,0.303,27.9716,6.93,0.3983,0.0426,0.0846,0.3249,151.62,160.630622,7.2806,92.992,1280.1,351787.8868422064,0,0
2026-07-16T10:44:13Z,0.303,27.9744,7.02,0.4059,0.0426,0.1692,0.3854,151.594,160.598761,7.28,92.99,745.03,351558.06647099234,0,0
2026-07-16T10:44:13Z,0.303,27.9721,7.02,0.2991,0.0426,0.1692,0.3854,151.598,160.595151,7.2801,92.999,1228.4,351579.282503319,0,0
2026-07-16T10:44:13Z,0.302,27.9676,7.02,0.3296,0.0426,0.1692,0.2343,151.641,160.626844,7.2805,93.019,596.01,351838.8924469763,0,0
2026-07-16T10:44:13Z,0.302,27.9647,7.02,0.3372,0.0426,0.1692,0.3552,151.686,160.662206,7.2806,93.038,919.05,352090.39367869595,0,0
2026-07-16T10:44:13Z,0.302,27.9632,7.02,0.322,0.0426,0.1692,0.3552,151.704,160.674589,7.2807,93.045,933.14,352187.2597458618,0.001,0
2026-07-16T10:44:13Z,0.302,27.9607,7.02,0.3945,0.0426,0.1269,0.3249,151.7,160.667296,7.2817,93.041,1266.9,352191.40321696625,0.001,0
2026-07-16T10:44:13Z,0.303,27.9563,7.02,0.4097,0.0426,0.1269,0.3854,151.704,160.670449,7.2838,93.027,1313.7,352288.7697991696,0.002,0
2026-07-16T10:44:13Z,0.304,27.9522,7.02,0.4021,0.0426,0.1269,0.3552,151.736,160.700924,7.2858,93,1438.3,352534.73066397116,0.003,0
2026-07-16T10:44:13Z,0.305,27.9499,7.02,0.383,0.0426,0.1269,0.34,151.755,160.720748,7.2867,92.971,1359,352688.1554176702,0.003,0
2026-07-16T10:44:13Z,0.306,27.949,6.93,0.3449,0.0852,0.0846,0.4307,151.738,160.705145,7.2865,92.948,794.18,352616.4828490797,0.003,0
2026-07-16T10:44:13Z,0.306,27.9484,6.93,0.3411,0.0852,0.0846,0.3854,151.722,160.688035,7.2854,92.938,727.12,352530.8878031213,0.004,0
2026-07-16T10:44:13Z,0.307,27.9475,6.93,0.322,0.0852,0.0846,0.3703,151.733,160.690912,7.2835,92.948,968.25,352563.40676780115,0.003,0
2026-07-16T10:44:13Z,0.308,27.9474,6.93,0.3296,0.0852,0.0846,0.3703,151.752,160.694501,7.2812,92.977,964.68,352585.4520744241,0.003,0
2026-07-16T10:44:13Z,0.309,27.9483,6.84,0.3182,0.0426,0.0846,0.2796,151.744,160.673699,7.2793,93.003,1487.2,352451.88611777197,0.002,0
2026-07-16T10:44:13Z,0.31,27.9482,6.84,0.322,0.0426,0.0846,0.3703,151.708,160.628973,7.2785,93.012,866.49,352201.647421979,0.001,0
2026-07-16T10:44:13Z,0.31,27.945,6.84,0.3372,0.0426,0.0846,0.3098,151.676,160.590484,7.2797,93.012,938.83,352042.7020874464,0,0
2026-07-16T10:44:13Z,0.309,27.9398,6.84,0.3487,0.0426,0.0846,0.4005,151.674,160.582042,7.2827,93.01,1057.1,352089.1989136687,0,0
2026-07-16T10:44:13Z,0.309,27.9355,6.84,0.3296,0.0426,0.0846,0.3854,151.692,160.593378,7.2852,93,1087.6,352230.87919382844,-0.001,0
2026-07-16T10:44:13Z,0.308,27.9334,6.93,0.3601,0.0426,0.2115,0.3249,151.702,160.599454,7.2862,92.978,816.94,352303.1357167338,-0.001,0
2026-07-16T10:44:13Z,0.308,27.932,6.93,0.3563,0.0426,0.2115,0.2796,151.706,160.601891,7.2864,92.95,1223.3,352342.2183361328,-0.001,0
2026-07-16T10:44:13Z,0.308,27.9298,6.93,0.322,0.0426,0.2115,0.3249,151.716,160.613363,7.2865,92.919,1576.1,352446.7342822457,-0.001,0
2026-07-16T10:44:13Z,0.307,27.9273,6.93,0.322,0.0426,0.2115,0.3249,151.733,160.632923,7.286,92.894,820.5,352602.33133368497,-0.001,0
2026-07-16T10:44:13Z,0.307,27.9257,7.02,0.3334,0.0426,0.0846,0.4005,151.748,160.649751,7.2845,92.878,1187.7,352726.2570808627,-0.001,0
2026-07-16T10:44:13Z,0.307,27.9254,7.02,0.3067,0.0426,0.0846,0.3854,151.745,160.648293,7.2823,92.863,1750.8,352723.4693782096,-0.001,0
2026-07-16T10:44:13Z,0.307,27.9257,7.02,0.3182,0.0426,0.0846,0.4156,151.726,160.632169,7.2799,92.844,1483,352627.0707012253,0,0
2026-07-16T10:44:13Z,0.307,27.926,7.02,0.4288,0.0426,0.0846,0.4156,151.708,160.617122,7.2779,92.821,1874.5,352536.76350393955,-0,0
2026-07-16T10:44:13Z,0.307,27.9262,7.02,0.4097,0.0852,0.0846,0.3552,151.699,160.611165,7.2766,92.805,924.86,352499.5442736323,0,0
2026-07-16T10:44:13Z,0.307,27.9269,7.02,0.3945,0.0852,0.0846,0.2796,151.698,160.61271,7.2754,92.799,1124.4,352495.57754569675,0,0
2026-07-16T10:44:13Z,0.307,27.9281,7.02,0.3868,0.0852,0.0846,0.4005,151.7,160.614152,7.2737,92.797,943.13,352481.97351797,0.001,0
2026-07-16T10:44:13Z,0.307,27.9295,7.02,0.3868,0.0852,0.0846,0.3249,151.704,160.615875,7.2718,92.8,1460.3,352466.33253586025,0.001,0
2026-07-16T10:44:13Z,0.307,27.9308,7.02,0.3792,0.0852,0.0846,0.4005,151.717,160.622348,7.2704,92.812,1026.1,352479.28738993616,0.001,0
2026-07-16T10:44:13Z,0.308,27.9314,7.02,0.4135,0,0.1269,0.4156,151.732,160.62728,7.2698,92.83,1498.9,352496.23116765806,0,0
2026-07-16T10:44:13Z,0.308,27.9314,7.02,0.3945,0,0.1269,0.3703,151.736,160.619959,7.2696,92.848,1186.9,352454.94978448463,0,0
2026-07-16T10:44:13Z,0.308,27.9304,7.02,0.3792,0,0.1269,0.34,151.723,160.598432,7.2701,92.863,783.22,352351.6860665963,-0.001,0
2026-07-16T10:44:13Z,0.307,27.9279,7.02,0.4021,0,0.1269,0.3552,151.708,160.577,7.2713,92.871,1175.6,352276.1243353518,-0.001,0
2026-07-16T10:44:13Z,0.306,27.9243,7.02,0.4059,0.0426,0.1692,0.34,151.721,160.586025,7.2731,92.872,1019.9,352392.1876411463,-0.002,0
2026-07-16T10:44:13Z,0.306,27.9208,7.02,0.3906,0.0426,0.1692,0.3249,151.755,160.617891,7.275,92.87,1099,352635.3226225395,-0.002,0
2026-07-16T10:44:13Z,0.306,27.9182,7.02,0.3334,0.0426,0.1692,0.3249,151.764,160.62698,7.2765,92.865,964.68,352733.73074971366,-0.001,0
2026-07-16T10:44:13Z,0.306,27.9164,7.02,0.3411,0.0426,0.1692,0.3854,151.748,160.613714,7.2774,92.854,1277.1,352691.50456860167,-0.001,0
2026-07-16T10:44:13Z,0.305,27.9147,6.93,0.3601,0.0852,0.1269,0.3249,151.747,160.616643,7.2777,92.837,1035.7,352738.8506684868,-0.001,0
2026-07-16T10:44:13Z,0.305,27.9135,6.93,0.322,0.0852,0.1269,0.2645,151.766,160.640559,7.2777,92.82,806.53,352895.59542763984,-0.001,0
2026-07-16T10:44:13Z,0.304,27.9133,6.93,0.3143,0.0852,0.1269,0.4156,151.774,160.651753,7.2773,92.803,1463.2,352962.4163191367,-0.001,0
2026-07-16T10:44:13Z,0.304,27.9143,6.93,0.3525,0.0852,0.1269,0.2947,151.759,160.637176,7.2763,92.784,2133.2,352861.98969349643,-0,0
2026-07-16T10:44:13Z,0.304,27.9159,7.02,0.3296,0.0426,0.0846,0.3552,151.733,160.612985,7.2748,92.764,1252.1,352696.4549098316,0,0
2026-07-16T10:44:13Z,0.304,27.9171,7.02,0.2991,0.0426,0.0846,0.2947,151.716,160.59678,7.2733,92.75,1140.9,352583.27626591164,0,0
2026-07-16T10:44:13Z,0.305,27.9178,7.02,0.3754,0.0426,0.0846,0.3552,151.714,160.596264,7.2719,92.743,1202.2,352567.68098413874,0.001,0
2026-07-16T10:44:13Z,0.305,27.9185,7.02,0.4021,0.0426,0.0846,0.3552,151.713,160.595267,7.2703,92.743,946.62,352549.37321288977,0.001,0
2026-07-16T10:44:13Z,0.305,27.9194,7.02,0.4135,0.0426,0.0846,0.2494,151.696,160.577487,7.2687,92.751,794.18,352432.78354758216,0.001,0
2026-07-16T10:44:13Z,0.306,27.9202,7.02,0.3639,0.0852,0.1692,0.2796,151.677,160.558227,7.2674,92.767,2250.3,352309.68766070664,0.001,0
2026-07-16T10:44:13Z,0.306,27.9206,7.02,0.3906,0.0852,0.1692,0.3552,151.676,160.556401,7.2668,92.787,1058.2,352292.1498941104,0.001,0
2026-07-16T10:44:13Z,0.307,27.9207,7.02,0.3983,0.0852,0.1692,0.3552,151.684,160.563506,7.2668,92.805,982.88,352330.3996779409,0.001,0
2026-07-16T10:44:13Z,0.307,27.9208,7.02,0.3945,0.0852,0.1692,0.3552,151.683,160.561393,7.2674,92.815,2359,352316.6748837672,0,0
2026-07-16T10:44:13Z,0.307,27.9209,7.11,0.4097,0.0426,0.0846,0.3552,151.671,160.549498,7.2687,92.816,1587.7,352247.79951190203,0,0
2026-07-16T10:44:13Z,0.307,27.9207,7.11,0.4135,0.0426,0.0846,0.3249,151.666,160.544693,7.2702,92.81,1087.6,352224.33110622654,-0.001,0
2026-07-16T10:44:13Z,0.306,27.9203,7.11,0.3983,0.0426,0.0846,0.3098,151.678,160.557721,7.2717,92.801,739.87,352305.0237104933,-0.002,0
2026-07-16T10:44:13Z,0.306,27.9201,7.11,0.3945,0.0426,0.0846,0.3098,151.699,160.580032,7.2726,92.788,1395.8,352434.45775114594,-0.003,0
2026-07-16T10:44:13Z,0.305,27.9203,7.02,0.3983,0.0426,0,0.34,151.706,160.589515,7.2726,92.766,1137.2,352484.31834389904,-0.003,0
2026-07-16T10:44:13Z,0.304,27.9204,7.02,0.444,0.0426,0,0.3098,151.693,160.580681,7.2721,92.736,1682.6,352432.68447725807,-0.004,0
2026-07-16T10:44:13Z,0.303,27.9204,7.02,0.4631,0.0426,0,0.3703,151.678,160.571219,7.2714,92.705,1593.3,352379.3257258883,-0.004,0
2026-07-16T10:44:13Z,0.302,27.9205,7.02,0.444,0.0426,0,0.3854,151.673,160.570632,7.2703,92.679,1258.9,352374.20499685674,-0.003,0
2026-07-16T10:44:13Z,0.301,27.9214,7.02,0.4593,0.0426,0,0.3854,151.674,160.574753,7.2685,92.663,1799.8,352381.1452393012,-0.003,0
2026-07-16T10:44:13Z,0.301,27.923,7.02,0.4593,0.0852,0.1269,0.3552,151.67,160.572657,7.266,92.655,944.77,352340.3535432009,-0.002,0
2026-07-16T10:44:13Z,0.3,27.9249,7.02,0.4593,0.0852,0.1269,0.3249,151.656,160.559777,7.2633,92.654,1082.9,352233.3421369618,-0.002,0
2026-07-16T10:44:13Z,0.3,27.9265,7.02,0.4593,0.0852,0.1269,0.2947,151.646,160.548712,7.2611,92.662,841.44,352142.0159867931,-0.001,0
2026-07-16T10:44:13Z,0.3,27.9276,7.02,0.4708,0.0852,0.1269,0.3249,151.65,160.552544,7.2597,92.678,2819.1,352143.70805490646,-0.001,0
2026-07-16T10:44:13Z,0.3,27.9283,6.93,0.4708,0.0426,0.0846,0.3552,151.657,160.560272,7.2589,92.698,687.18,352174.5959148265,-0,0
2026-07-16T10:44:13Z,0.3,27.9286,6.93,0.4479,0.0426,0.0846,0.3552,151.647,160.549903,7.2588,92.719,2084.2,352110.72928357846,-0,0
2026-07-16T10:44:13Z,0.3,27.9286,6.93,0.4669,0.0426,0.0846,0.3854,151.637,160.538717,7.2594,92.734,1161.6,352047.69418040616,-0,0
2026-07-16T10:44:13Z,0.3,27.9285,6.93,0.4936,0.0426,0.0846,0.2343,151.654,160.555796,7.2606,92.743,1482.4,352145.75019641424,-0,0
2026-07-16T10:44:13Z,0.3,27.9286,6.93,0.4593,0.0852,0.0846,0.3249,151.68,160.581645,7.2622,92.748,841.99,352289.6399295625,-0,0
2026-07-16T10:44:13Z,0.3,27.9286,6.93,0.4593,0.0852,0.0846,0.4156,151.687,160.587081,7.2638,92.745,1791.2,352320.28491686296,-0.001,0
2026-07-16T10:44:13Z,0.3,27.9285,6.93,0.4517,0.0852,0.0846,0.4156,151.68,160.577562,7.265,92.737,858.62,352268.4335937988,-0.001,0
2026-07-16T10:44:13Z,0.3,27.9281,6.93,0.444,0.0852,0.0846,0.3098,151.672,160.566584,7.2659,92.724,852.67,352213.79264422413,-0.001,0
2026-07-16T10:44:13Z,0.299,27.9276,6.93,0.4288,0,0.1692,0.2494,151.663,160.555226,7.2663,92.708,935.37,352158.82387816545,-0.002,0
2026-07-16T10:44:13Z,0.299,27.9269,6.93,0.444,0,0.1692,0.2494,151.658,160.548477,7.2661,92.691,829.46,352133.4537072348,-0.002,0
2026-07-16T10:44:13Z,0.298,27.9261,6.93,0.4746,0,0.1692,0.4307,151.659,160.548545,7.2656,92.672,996.64,352148.31344121345,-0.003,0
2026-07-16T10:44:13Z,0.298,27.9254,6.93,0.4517,0,0.1692,0.3854,151.659,160.547433,7.2647,92.648,1050.5,352154.7137257127,-0.003,0
2026-07-16T10:44:13Z,0.297,27.9247,6.93,0.4517,0,0.1692,0.3098,151.657,160.544842,7.2635,92.622,929.29,352152.77796167246,-0.003,0
2026-07-16T10:44:13Z,0.295,27.9243,6.93,0.444,0.0852,0.0846,0.4156,151.656,160.544092,7.2623,92.6,1013.5,352155.7897242134,-0.003,0
2026-07-16T10:44:13Z,0.294,27.924,6.93,0.4517,0.0852,0.0846,0.3854,151.653,160.540974,7.2609,92.584,1118.8,352143.6447570865,-0.003,0
2026-07-16T10:44:13Z,0.294,27.9238,6.93,0.4669,0.0852,0.0846,0.3552,151.647,160.534655,7.259,92.575,1283.8,352111.6489565661,-0.002,0
2026-07-16T10:44:13Z,0.294,27.9237,6.93,0.4631,0.0852,0.0846,0.2343,151.644,160.531467,7.257,92.573,700.75,352095.49083266867,-0.001,0
2026-07-16T10:44:13Z,0.294,27.9236,7.02,0.444,0.0426,0,0.3703,151.647,160.534571,7.2552,92.578,1052.3,352114.79451150267,-0.001,0
2026-07-16T10:44:13Z,0.294,27.9236,7.02,0.4708,0.0426,0,0.3854,151.654,160.540783,7.2539,92.585,757.93,352149.80719160126,-0,0
2026-07-16T10:44:13Z,0.294,27.9236,7.02,0.4631,0.0426,0,0.4156,151.657,160.543745,7.2532,92.593,860.86,352166.50265353324,-0,0
2026-07-16T10:44:13Z,0.293,27.9236,7.02,0.4517,0.0426,0,0.3703,151.663,160.54825399999999,7.2531,92.6,759.42,352191.9187869534,0,0
2026-07-16T10:44:13Z,0.293,27.9235,7.02,0.4555,0.0852,0,0.3854,151.675,160.559521,7.2535,92.607,1379.2,352257.24325280846,0,0
2026-07-16T10:44:13Z,0.294,27.9233,7.02,0.4555,0.0852,0,0.3249,151.684,160.568525,7.2541,92.612,842.72,352311.6268444102,0.001,0
2026-07-16T10:44:13Z,0.294,27.9231,7.02,0.4593,0.0852,0,0.3098,151.685,160.56965,7.2548,92.612,1131,352321.5908723216,0.001,0
2026-07-16T10:44:13Z,0.295,27.9227,7.02,0.4593,0.0852,0,0.3552,151.68,160.567205,7.2554,92.61,1014.1,352315.04744654935,0.002,0
2026-07-16T10:44:13Z,0.295,27.9222,7.02,0.4517,0.0852,0,0.2947,151.672,160.564545,7.256,92.611,989.74,352309.10264316195,0.002,0
2026-07-16T10:44:13Z,0.296,27.9219,6.93,0.444,0.0426,0.0846,0.3552,151.665,160.564971,7.2564,92.617,903.21,352316.9359100677,0.003,0
2026-07-16T10:44:13Z,0.296,27.922,6.93,0.4555,0.0426,0.0846,0.34,151.659,160.568596,7.2564,92.627,1298.6,352335.56406885636,0.004,0
2026-07-16T10:44:13Z,0.297,27.923,6.93,0.4784,0.0426,0.0846,0.3552,151.651,160.568371,7.2561,92.638,1155.3,352316.1888704229,0.004,0
2026-07-16T10:44:13Z,0.299,27.9248,6.93,0.4631,0.0426,0.0846,0.2796,151.644,160.568245,7.2559,92.651,1665.1,352282.8900569042,0.005,0
2026-07-16T10:44:13Z,0.3,27.9275,6.93,0.4784,0.0426,0.1269,0.3249,151.645,160.576202,7.256,92.667,822.46,352278.8690826456,0.005,0
2026-07-16T10:44:13Z,0.302,27.9306,6.93,0.4593,0.0426,0.1269,0.4005,151.649,160.586345,7.2564,92.684,1545.2,352279.9292688171,0.005,0
2026-07-16T10:44:13Z,0.303,27.9335,6.93,0.4669,0.0426,0.1269,0.3703,151.645,160.589357,7.2569,92.7,879.96,352244.4153520022,0.006,0
2026-07-16T10:44:13Z,0.305,27.9359,6.93,0.4517,0.0426,0.1269,0.4005,151.639,160.590047,7.2576,92.715,1801.4,352204.86900495365,0.006,0
2026-07-16T10:44:13Z,0.306,27.938,7.02,0.4364,0.0426,0,0.34,151.639,160.596618,7.2586,92.73,986.09,352203.89772239025,0.007,0
2026-07-16T10:44:13Z,0.307,27.9402,7.02,0.4479,0.0426,0,0.3249,151.641,160.60681400000001,7.2597,92.746,721.92,352221.5441183762,0.007,0
2026-07-16T10:44:13Z,0.309,27.9424,7.02,0.486,0.0426,0,0.2947,151.642,160.615336,7.2606,92.767,1187.7,352229.7554486178,0.007,0
2026-07-16T10:44:13Z,0.312,27.9446,7.02,0.4593,0.0426,0,0.3703,151.639,160.620449,7.2615,92.79,1875.3,352218.75620077376,0.007,0
2026-07-16T10:44:13Z,0.314,27.947,7.02,0.4517,0.0426,0,0.34,151.633,160.623518,7.2624,92.809,988.88,352192.6228800766,0.007,0
2026-07-16T10:44:13Z,0.316,27.9495,7.02,0.4517,0.0852,0.0846,0.3249,151.621,160.621352,7.2634,92.823,1783.1,352135.1922183227,0.007,0
2026-07-16T10:44:13Z,0.318,27.952,7.02,0.4555,0.0852,0.0846,0.3552,151.606,160.617383,7.2647,92.839,926.67,352067.6171431622,0.006,0
2026-07-16T10:44:13Z,0.319,27.9547,7.02,0.4479,0.0852,0.0846,0.3854,151.596,160.618569,7.2661,92.863,1569.6,352025.47116960783,0.006,0
2026-07-16T10:44:13Z,0.32,27.9578,7.02,0.4555,0.0852,0.0846,0.2796,151.583,160.617212,7.2672,92.889,1920.7,351961.7815354288,0.005,0
2026-07-16T10:44:13Z,0.322,27.9615,6.93,0.4669,0.0426,0.1269,0.3854,151.563,160.608941,7.2678,92.911,1346.3,351848.340392279,0.004,0
2026-07-16T10:44:13Z,0.323,27.9655,6.93,0.4593,0.0426,0.1269,0.4307,151.547,160.603576,7.2685,92.929,841.08,351745.8717497227,0.003,0
2026-07-16T10:44:13Z,0.323,27.9694,6.93,0.4593,0.0426,0.1269,0.3249,151.541,160.607705,7.2699,92.945,1105.3,351698.66164459835,0.002,0
2026-07-16T10:44:13Z,0.323,27.9733,6.93,0.4631,0.0426,0.1269,0.3703,151.541,160.61842,7.2714,92.961,1881.4,351688.51502375584,0.001,0
2026-07-16T10:44:13Z,0.323,27.9774,7.02,0.4555,0.0852,0.1692,0.3854,151.534,160.622545,7.2726,92.97,2177.2,351637.685047038,0,0
2026-07-16T10:44:13Z,0.323,27.9812,7.02,0.4593,0.0852,0.1692,0.2947,151.512,160.609155,7.2735,92.969,838.16,351493.7781481795,-0.001,0
2026-07-16T10:44:13Z,0.323,27.9848,7.02,0.4059,0.0852,0.1692,0.3854,151.489,160.590715,7.2744,92.962,983.52,351325.14683109394,-0.002,0
2026-07-16T10:44:13Z,0.322,27.9885,7.02,0.4021,0.0852,0.1692,0.3552,151.474,160.578341,7.2751,92.949,1085.3,351188.87380284886,-0.004,0
2026-07-16T10:44:13Z,0.321,27.9921,7.02,0.3945,0.0426,0.1692,0.3552,151.467,160.572743,7.2754,92.932,1517.9,351092.52290429984,-0.005,0
2026-07-16T10:44:13Z,0.32,27.9952,7.02,0.3868,0.0426,0.1692,0.4307,151.469,160.576435,7.2749,92.914,1366.1,351057.3954815133,-0.007,0
2026-07-16T10:44:13Z,0.318,27.9973,7.02,0.4708,0.0426,0.1692,0.0983,151.474,160.582386,7.2741,92.889,851,351052.9825080995,-0.008,0
2026-07-16T10:44:13Z,0.315,27.9984,7.02,0.4784,0.0426,0.1692,0.0228,151.473,160.580158,7.2729,92.856,1127.1,351020.6469990438,-0.009,0
2026-07-16T10:44:13Z,0.313,27.9991,7.02,0.4555,0.0426,0.1692,0.0983,151.462,160.565146,7.2715,92.818,1429.2,350923.72358741827,-0.009,0
2026-07-16T10:44:13Z,0.31,27.9995,7.02,0.4593,0.0852,0,0.1286,151.447,160.545375,7.2701,92.778,878.24,350805.50073088,-0.009,0
2026-07-16T10:44:13Z,0.307,27.9998,7.02,0.28,0.0852,0,0.4156,151.45,160.543629,7.2681,92.743,1279,350790.2963743226,-0.009,0
2026-07-16T10:44:13Z,0.305,27.9994,7.02,0.28,0.0852,0,0.3249,151.472,160.563452,7.2655,92.713,1196.2,350908.8092881549,-0.009,0
2026-07-16T10:44:13Z,0.303,27.9984,7.02,0.2724,0.0852,0,0.3854,151.493,160.582069,7.2627,92.687,1068.6,351031.38535727456,-0.008,0
2026-07-16T10:44:13Z,0.301,27.9969,7.11,0.2609,0.0426,0.1692,0.3552,151.501,160.588413,7.2598,92.662,814.99,351094.05354116095,-0.008,0
2026-07-16T10:44:13Z,0.299,27.9955,7.11,0.3487,0.0426,0.1692,0.3249,151.502,160.588182,7.2572,92.638,917.65,351117.9890500491,-0.007,0
2026-07-16T10:44:13Z,0.297,27.9942,7.11,0.3449,0.0426,0.1692,0.3552,151.505,160.589332,7.255,92.619,1217.7,351147.883446847,-0.007,0
2026-07-16T10:44:13Z,0.296,27.9932,7.11,0.3105,0.0426,0.1692,0.3098,151.509,160.592171,7.2531,92.606,1226,351181.86305261543,-0.007,0
2026-07-16T10:44:13Z,0.294,27.9924,7.02,0.3372,0,0.1269,0.3552,151.513,160.593446,7.2512,92.593,1398.8,351203.4511813189,-0.007,0
2026-07-16T10:44:13Z,0.292,27.9919,7.02,0.322,0,0.1269,0.34,151.516,160.593498,7.2494,92.579,2311.3,351212.7588838755,-0.006,0
2026-07-16T10:44:13Z,0.29,27.9914,7.02,0.3067,0,0.1269,0.3552,151.515,160.592339,7.248,92.564,1038.9,351215.2611770235,-0.006,0
2026-07-16T10:44:13Z,0.289,27.9907,7.02,0.3296,0,0.1269,0.3552,151.51,160.58966,7.247,92.547,1302.3,351212.8280028164,-0.006,0
2026-07-16T10:44:13Z,0.287,27.9897,7.02,0.3296,0,0.1269,0.3098,151.501,160.584749,7.2462,92.529,1386.4,351203.26026705146,-0.005,0
2026-07-16T10:44:13Z,0.286,27.989,6.93,0.2571,0.1278,0.0846,0.4458,151.491,160.580302,7.2452,92.509,992.32,351190.8908226269,-0.004,0
2026-07-16T10:44:13Z,0.286,27.989,6.93,0.28,0.1278,0.0846,0.3552,151.486,160.583152,7.244,92.49,851.74,351206.9073742502,-0.003,0
2026-07-16T10:44:13Z,0.285,27.9898,6.93,0.28,0.1278,0.0846,0.4156,151.481,160.59005,7.2426,92.475,871.59,351231.2485219794,-0.003,0
2026-07-16T10:44:13Z,0.284,27.9911,6.93,0.2953,0.1278,0.0846,0.3249,151.469,160.590812,7.241,92.466,1027.2,351212.09107998025,-0.002,0
2026-07-16T10:44:13Z,0.284,27.9931,7.02,0.2609,0.0426,0.0846,0.2645,151.456,160.58965,7.2392,92.459,1057.3,351169.5039227657,-0.002,0
2026-07-16T10:44:13Z,0.284,27.996,7.02,0.28,0.0426,0.0846,0.3249,151.448,160.594272,7.2373,92.454,905.18,351143.19743873336,-0.001,0
2026-07-16T10:44:13Z,0.284,27.9999,7.02,0.28,0.0426,0.0846,0.3703,151.439,160.597894,7.2357,92.454,1153.3,351093.2541243941,-0.001,0
2026-07-16T10:44:13Z,0.283,28.0043,7.02,0.2571,0.0426,0.0846,0.2343,151.426,160.597474,7.2344,92.462,1076.3,351011.6117969943,0,0
2026-07-16T10:44:13Z,0.283,28.0087,6.84,0.2876,0.0426,0.0846,0.4307,151.417,160.600918,7.2333,92.474,1474,350951.6900047978,0.001,0
2026-07-16T10:44:13Z,0.283,28.0128,6.84,0.2533,0.0426,0.0846,0.3249,151.409,160.605136,7.2324,92.49,1127.1,350901.53097065707,0.001,0
2026-07-16T10:44:13Z,0.284,28.0171,6.84,0.2571,0.0426,0.0846,0.2796,151.395,160.603236,7.2318,92.511,835.43,350813.44189829286,0.002,0
2026-07-16T10:44:13Z,0.285,28.0217,6.84,0.2648,0.0426,0.0846,0.3552,151.377,160.594712,7.2318,92.536,736.82,350682.81298818963,0.002,0
2026-07-16T10:44:13Z,0.286,28.0261,7.02,0.2838,0,0.0846,0.3854,151.355,160.581301,7.2322,92.563,1000.5,350528.4214599203,0.003,0
2026-07-16T10:44:13Z,0.286,28.0303,7.02,0.28,0,0.0846,0.4458,151.344,160.57546,7.233,92.588,921.45,350420.1390259014,0.003,0
2026-07-16T10:44:13Z,0.287,28.034300000000002,7.02,0.2838,0,0.0846,0.3098,151.354,160.587659,7.2341,92.616,942.1,350416.62877312535,0.003,0
2026-07-16T10:44:13Z,0.287,28.038,7.02,0.2571,0,0.0846,0.2645,151.374,160.605116,7.2355,92.646,876.53,350447.99012562796,0.004,0
2026-07-16T10:44:13Z,0.288,28.0411,7.02,0.2648,0,0.0846,0.34,151.389,160.612444,7.2372,92.672,810.93,350433.3452976762,0.004,0
2026-07-16T10:44:13Z,0.289,28.043,7.11,0.2915,0.0426,0.0846,0.2947,151.394,160.607587,7.239,92.693,711.34,350371.9652003515,0.004,0
2026-07-16T10:44:13Z,0.291,28.0435,7.11,0.2495,0.0426,0.0846,0.4307,151.395,160.597268,7.2411,92.71,1026.1,350305.13970159314,0.005,0
2026-07-16T10:44:13Z,0.292,28.0424,7.11,0.2876,0.0426,0.0846,0.34,151.4,160.594766,7.2436,92.724,1394,350310.8820384584,0.005,0
2026-07-16T10:44:13Z,0.293,28.0397,7.11,0.28,0.0426,0.0846,0.2796,151.41,160.599415,7.246,92.733,1623.7,350385.4663372357,0.004,0
2026-07-16T10:44:13Z,0.294,28.0361,7.02,0.2762,0.0426,0.0846,0.4609,151.419,160.604437,7.2481,92.735,1094,350478.3408675288,0.004,0
2026-07-16T10:44:13Z,0.295,28.0325,7.02,0.2686,0.0426,0.0846,0.4458,151.429,160.611172,7.2499,92.726,1383.7,350580.8504464528,0.003,0
2026-07-16T10:44:13Z,0.296,28.0297,7.02,0.2724,0.0426,0.0846,0.34,151.438,160.617405,7.2513,92.711,2235.7,350666.1824695571,0.002,0
2026-07-16T10:44:13Z,0.296,28.0277,7.02,0.2876,0.0426,0.0846,0.3098,151.444,160.620792,7.2523,92.699,926.67,350721.17062512174,0.002,0
2026-07-16T10:44:13Z,0.297,28.0262,7.02,0.2686,0.0426,0.0846,0.3249,151.446,160.622236,7.2526,92.691,1662.6,350756.26683517836,0.001,0
2026-07-16T10:44:13Z,0.297,28.0249,7.02,0.28,0.0426,0.0846,0.2796,151.45,160.626128,7.252,92.682,1144.6,350801.50470124296,0.001,0
2026-07-16T10:44:13Z,0.297,28.0239,7.02,0.2686,0.0426,0.0846,0.3552,151.463,160.641525,7.251,92.672,915.46,350905.92043530795,0.001,0
2026-07-16T10:44:13Z,0.297,28.0231,7.02,0.2648,0.0426,0.0846,0.3854,151.477,160.660507,7.2502,92.664,935.37,351026.8835340476,0.001,0
2026-07-16T10:44:13Z,0.297,28.0227,7.02,0.2838,0.0426,0.0846,0.34,151.477,160.668092,7.2496,92.661,960.71,351076.6743527629,0.001,0
2026-07-16T10:44:13Z,0.297,28.0228,7.02,0.2571,0.0852,0.0846,0.3854,151.464,160.666305,7.2489,92.667,1092.8,351064.83956181584,0.001,0
2026-07-16T10:44:13Z,0.297,28.0234,7.02,0.2724,0.0852,0.0846,0.4005,151.448,160.662685,7.248,92.678,871.97,351033.7076187193,0.001,0
2026-07-16T10:44:13Z,0.298,28.0247,7.02,0.2724,0.0852,0.0846,0.3098,151.433,160.660279,7.2472,92.688,747.95,350996.78573146573,0.002,0
2026-07-16T10:44:13Z,0.298,28.0271,7.02,0.28,0.0852,0.0846,0.2947,151.419,160.654436,7.2467,92.699,955.29,350920.7694916037,0.002,0
2026-07-16T10:44:13Z,0.299,28.031,7.02,0.2724,0.0426,0.1692,0.3552,151.405,160.647607,7.2467,92.715,788.17,350812.2373005728,0.002,0
2026-07-16T10:44:13Z,0.299,28.0356,7.02,0.2609,0.0426,0.1692,0.3854,151.401,160.649996,7.2469,92.735,1364,350742.85793382913,0.002,0
2026-07-16T10:44:13Z,0.3,28.0398,7.02,0.2724,0.0426,0.1692,0.3854,151.403,160.658233,7.2472,92.755,776.44,350713.4950272124,0.002,0
2026-07-16T10:44:13Z,0.301,28.043,7.02,0.2648,0.0426,0.1692,0.3552,151.402,160.662488,7.2477,92.77,1863.1,350679.7925847602,0.001,0
2026-07-16T10:44:13Z,0.302,28.0455,7.02,0.2686,0.0426,0.1692,0.2947,151.398,160.663897,7.2486,92.78,1049.5,350642.7258064235,0,0
2026-07-16T10:44:13Z,0.302,28.0477,7.02,0.2648,0.0426,0.1692,0.3703,151.391,160.662835,7.2499,92.787,1396.7,350597.2044918351,-0.002,0
2026-07-16T10:44:13Z,0.301,28.0497,7.02,0.2762,0.0426,0.1692,0.3098,151.382,160.659021,7.2511,92.791,713.81,350539.8577603855,-0.004,0
2026-07-16T10:44:13Z,0.3,28.0517,7.02,0.2419,0.0426,0.1692,0.4005,151.377,160.659453,7.2521,92.783,1005.3,350506.32294099213,-0.006,0
2026-07-16T10:44:13Z,0.298,28.0535,7.11,0.2686,0.0426,0.0846,0.3249,151.376,160.664248,7.2526,92.759,880.73,350500.84444856405,-0.008,0
2026-07-16T10:44:13Z,0.296,28.0554,7.11,0.2648,0.0426,0.0846,0.4458,151.376,160.670675,7.253,92.717,819.25,350502.7164515316,-0.011,0
2026-07-16T10:44:13Z,0.293,28.0572,7.11,0.2876,0.0426,0.0846,0.2947,151.376,160.676441,7.253,92.66,1038,350502.6808554844,-0.012,0
2026-07-16T10:44:13Z,0.289,28.0591,7.11,0.28,0.0426,0.0846,0.3552,151.373,160.679075,7.2522,92.59,842.54,350483.2930018147,-0.014,0
2026-07-16T10:44:13Z,0.285,28.0612,7.11,0.2724,0.0426,0.0846,0.4156,151.365,160.675272,7.25,92.517,1178.2,350424.2392426541,-0.014,0
2026-07-16T10:44:13Z,0.28,28.0633,6.93,0.2648,0.0426,0.0846,0.2947,151.354,160.668025,7.2465,92.453,893.84,350345.8988960305,-0.014,0
2026-07-16T10:44:13Z,0.276,28.0653,6.93,0.2648,0.0426,0.0846,0.3552,151.353,160.671437,7.2417,92.405,1538.8,350329.0863428725,-0.013,0
2026-07-16T10:44:13Z,0.274,28.0671,6.93,0.1885,0.0426,0.0846,0.2947,151.36,160.682409,7.236,92.372,1043,350358.22209132544,-0.012,0
2026-07-16T10:44:13Z,0.271,28.0687,6.93,0.219,0.0426,0.0846,0.3249,151.358,160.683824,7.2301,92.348,1004.3,350337.4065191864,-0.012,0
2026-07-16T10:44:13Z,0.269,28.0702,6.93,0.1999,0.0852,0.0846,0.2947,151.345,160.672052,7.2249,92.326,1422.7,350244.5213883114,-0.012,0
2026-07-16T10:44:13Z,0.267,28.0716,6.93,0.1999,0.0852,0.0846,0.3552,151.336,160.659988,7.2209,92.302,837.25,350151.81718749506,-0.012,0
2026-07-16T10:44:13Z,0.263,28.0729,6.93,0.2648,0.0852,0.0846,0.3703,151.337,160.65644,7.2182,92.271,1149.6,350108.6117638285,-0.013,0
2026-07-16T10:44:13Z,0.259,28.0741,6.93,0.2876,0.0852,0.0846,0.4156,151.342,160.652445,7.2162,92.237,944.15,350064.70414818916,-0.014,0
2026-07-16T10:44:13Z,0.255,28.0745,7.02,0.2838,0.0426,0.0846,0.4609,151.345,160.642928,7.2144,92.2,871.02,350004.24408805446,-0.014,0
2026-07-16T10:44:13Z,0.251,28.0739,7.02,0.2762,0.0426,0.0846,0.3703,151.358,160.641386,7.2126,92.165,1029,350006.37996902596,-0.014,0
2026-07-16T10:44:13Z,0.248,28.0722,7.02,0.1999,0.0426,0.0846,0.34,151.387,160.655423,7.2104,92.133,2110.6,350115.48792188405,-0.013,0
2026-07-16T10:44:13Z,0.245,28.0692,7.02,0.2228,0.0426,0.0846,0.476,151.42,160.672746,7.2081,92.106,1996.4,350266.37629162456,-0.012,0
2026-07-16T10:44:13Z,0.243,28.0652,7.02,0.1885,0.0426,0.0846,0.3098,151.443,160.681942,7.2058,92.084,1284.9,350389.75213587296,-0.01,0
2026-07-16T10:44:13Z,0.24,28.0601,6.93,0.219,0.0426,0.2115,0.3703,151.453,160.681452,7.2036,92.069,1589.5,350478.6577558439,-0.009,0
2026-07-16T10:44:13Z,0.238,28.0542,6.93,0.2152,0.0426,0.2115,0.3098,151.448,160.671145,7.2019,92.061,1531.8,350526.94239822583,-0.008,0
2026-07-16T10:44:13Z,0.236,28.0485,6.93,0.2228,0.0426,0.2115,0.2947,151.435,160.656289,7.2006,92.063,920.85,350546.13805625925,-0.007,0
2026-07-16T10:44:13Z,0.235,28.0436,6.93,0.219,0.0426,0.2115,0.3854,151.425,160.648956,7.1995,92.071,1101.7,350593.1340501574,-0.006,0
2026-07-16T10:44:13Z,0.234,28.04,6.84,0.2152,0.0426,0.2115,0.4156,151.426,160.655209,7.1987,92.079,897.73,350692.9565939745,-0.006,0
2026-07-16T10:44:13Z,0.232,28.038,6.84,0.1999,0.0426,0.2115,0.3249,151.432,160.668698,7.1984,92.078,1008.2,350804.6121033669,-0.007,0
2026-07-16T10:44:13Z,0.231,28.0378,6.84,0.1961,0.0426,0.2115,0.3552,151.435,160.680997,7.1986,92.068,1199.6,350877.2181504758,-0.008,0
2026-07-16T10:44:13Z,0.228,28.0389,6.84,0.2228,0.0426,0.2115,0.3703,151.436,160.691375,7.1991,92.044,985.02,350915.6503352197,-0.008,0
2026-07-16T10:44:13Z,0.226,28.0408,6.93,0.2342,0.0852,0.0846,0.3098,151.426,160.688573,7.1994,92.008,941.28,350865.7287632474,-0.008,0
2026-07-16T10:44:13Z,0.223,28.0432,6.93,0.1427,0.0852,0.0846,0.3854,151.405,160.673847,7.1991,91.966,926.27,350739.9302906745,-0.008,0
2026-07-16T10:44:13Z,0.221,28.046,6.93,0.1579,0.0852,0.0846,0.3552,151.4,160.673333,7.1979,91.929,1067.3,350686.67657718033,-0.007,0
2026-07-16T10:44:13Z,0.219,28.049,6.93,0.1503,0.0852,0.0846,0.3854,151.411,160.688901,7.1957,91.899,658.81,350720.02010985214,-0.006,0
2026-07-16T10:44:13Z,0.218,28.0519,6.93,0.1579,0.0852,0.0846,0.3249,151.419,160.702654,7.1925,91.882,861.61,350744.9808161571,-0.005,0
2026-07-16T10:44:13Z,0.217,28.0542,7.11,0.2037,0.0852,0.0846,0.4458,151.417,160.70423,7.189,91.873,1467.6,350712.4456841393,-0.004,0
2026-07-16T10:44:13Z,0.216,28.0558,7.11,0.1923,0.0852,0.0846,0.3098,151.41,160.700063,7.1858,91.866,1114.9,350660.30348995153,-0.004,0
2026-07-16T10:44:13Z,0.215,28.0572,7.11,0.2113,0.0852,0.0846,0.2947,151.416,160.707081,7.1834,91.868,873.87,350674.4747486987,-0.003,0
2026-07-16T10:44:13Z,0.214,28.0587,7.11,0.2075,0.0852,0.0846,0.4005,151.438,160.727154,7.1818,91.88,910.7,350760.0485225497,-0.002,0
2026-07-16T10:44:13Z,0.214,28.0602,6.93,0.2152,0.0852,0,0.34,151.455,160.73958,7.1809,91.901,817.83,350802.7450514745,-0.001,0
2026-07-16T10:44:13Z,0.214,28.0613,6.93,0.1961,0.0852,0,0.2796,151.452,160.733642,7.1802,91.924,895.39,350749.66027238854,-0.001,0
2026-07-16T10:44:13Z,0.214,28.0615,6.93,0.2304,0.0852,0,0.4307,151.445,160.729803,7.1803,91.944,1136.2,350724.5376730758,0,0
2026-07-16T10:44:13Z,0.214,28.0603,6.93,0.2075,0.0852,0,0.3703,151.447,160.741068,7.1814,91.964,1201.4,350809.2900794919,0,0
2026-07-16T10:44:13Z,0.214,28.0584,7.11,0.1579,0.0852,0.1269,0.3854,151.449,160.758417,7.1833,91.985,1004,350940.7824797722,0.001,0
2026-07-16T10:44:13Z,0.214,28.0576,7.11,0.1579,0.0852,0.1269,0.4307,151.444,160.76844,7.1852,92.009,716.77,351011.408584798,0.001,0
2026-07-16T10:44:13Z,0.215,28.0586,7.11,0.1732,0.0852,0.1269,0.3854,151.428,160.763789,7.1866,92.029,1426.8,350967.3167071048,0.001,0
2026-07-16T10:44:13Z,0.215,28.0619,7.11,0.1351,0.0852,0.1269,0.34,151.409,160.753245,7.1877,92.042,567.33,350848.7915321684,0.001,0
2026-07-16T10:44:13Z,0.216,28.0668,6.84,0.2228,0.0426,0.2115,0.3552,151.39,160.740011,7.1888,92.051,438.72,350686.45032078354,0.002,0
2026-07-16T10:44:13Z,0.216,28.0719,6.84,0.1885,0.0426,0.2115,0.4458,151.369,160.724565,7.1901,92.056,692.27,350508.1954194288,0.002,0
2026-07-16T10:44:13Z,0.217,28.076,6.84,0.2304,0.0426,0.2115,0.3703,151.356,160.718822,7.1911,92.06,444.77,350402.34626244335,0.003,0
2026-07-16T10:44:13Z,0.218,28.079,6.84,0.2381,0.0426,0.2115,0.3249,151.348,160.719248,7.1917,92.066,708.25,350350.84141124605,0.004,0
2026-07-16T10:44:13Z,0.219,28.0815,6.84,0.2152,0.0426,0.2115,0.3854,151.333,160.711926,7.192,92.074,581.43,350264.93401122896,0.005,0
2026-07-16T10:44:13Z,0.22,28.0836,6.93,0.1923,0,0.3807,0.3854,151.319,160.704926,7.1922,92.084,507.26,350188.0316300441,0.005,0
2026-07-16T10:44:13Z,0.222,28.0861,6.93,0.2228,0,0.3807,0.34,151.317,160.710412,7.1922,92.101,517.84,350173.8674617517,0.005,0
2026-07-16T10:44:13Z,0.224,28.0891,6.93,0.2075,0,0.3807,0.3854,151.316,160.717821,7.1923,92.125,437.49,350161.49518623034,0.005,0
2026-07-16T10:44:13Z,0.225,28.0922,6.93,0.1923,0,0.3807,0.34,151.308,160.717103,7.1925,92.15,427.9,350101.83821754844,0.005,0
2026-07-16T10:44:13Z,0.226,28.0949,7.02,0.2037,0,0.1269,0.3854,151.299,160.716084,7.1929,92.176,603.97,350047.68626366893,0.004,0
2026-07-16T10:44:13Z,0.227,28.0974,7.02,0.2152,0,0.1269,0.3552,151.297,160.72251,7.194,92.199,572.65,350038.7938995365,0.003,0
2026-07-16T10:44:13Z,0.228,28.1,7.02,0.2152,0,0.1269,0.4005,151.296,160.730079,7.1955,92.215,785.77,350034.5039454599,0.002,0
2026-07-16T10:44:13Z,0.229,28.1028,7.02,0.2075,0,0.1269,0.2947,151.288,160.728784,7.1971,92.224,860.3,349977.0307529751,0.001,0
2026-07-16T10:44:13Z,0.229,28.1056,7.02,0.2152,0.0852,0.1692,0.3854,151.279,160.722289,7.1988,92.225,798.34,349890.4812736808,0,0
2026-07-16T10:44:13Z,0.229,28.1085,7.02,0.2037,0.0852,0.1692,0.2343,151.277,160.720886,7.2002,92.222,1471.5,349830.63961042016,-0.001,0
2026-07-16T10:44:13Z,0.228,28.1113,7.02,0.219,0.0852,0.1692,0.476,151.281,160.724203,7.2011,92.221,620.46,349798.9969951703,-0.002,0
2026-07-16T10:44:13Z,0.227,28.1135,7.02,0.2113,0.0852,0.1692,0.3703,151.288,160.729114,7.2015,92.221,1296.9,349787.02632500883,-0.003,0
2026-07-16T10:44:13Z,0.226,28.1147,7.02,0.2075,0.0852,0.1692,0.2796,151.297,160.736929,7.2015,92.218,827.84,349809.21825060225,-0.004,0
2026-07-16T10:44:13Z,0.226,28.1148,6.93,0.2152,0,0.1692,0.4156,151.305,160.743719,7.2012,92.21,864.42,349845.395956908,-0.005,0
2026-07-16T10:44:13Z,0.225,28.1143,6.93,0.2075,0,0.1692,0.34,151.308,160.745283,7.2012,92.199,1043.6,349863.10617373674,-0.006,0
2026-07-16T10:44:13Z,0.223,28.1136,6.93,0.219,0,0.1692,0.3854,151.308,160.74404,7.2013,92.182,688.07,349868.7046179965,-0.007,0
2026-07-16T10:44:13Z,0.221,28.1129,6.93,0.219,0,0.1692,0.3249,151.306,160.741665,7.2011,92.161,874.06,349867.9722704367,-0.007,0
2026-07-16T10:44:13Z,0.219,28.1124,6.93,0.2304,0.0852,0.0846,0.4156,151.302,160.737523,7.2006,92.14,1326.9,349853.7723636459,-0.008,0
2026-07-16T10:44:13Z,0.216,28.1119,6.93,0.219,0.0852,0.0846,0.3249,151.299,160.734519,7.1998,92.118,592.01,349845.93649557943,-0.008,0
2026-07-16T10:44:13Z,0.214,28.1116,6.93,0.177,0.0852,0.0846,0.3249,151.299,160.733856,7.1985,92.096,1010.4,349847.6074202077,-0.007,0
2026-07-16T10:44:13Z,0.212,28.1115,6.93,0.2113,0.0852,0.0846,0.2947,151.297,160.729344,7.1969,92.075,1803,349824.16726644774,-0.007,0
2026-07-16T10:44:13Z,0.211,28.1116,6.93,0.1885,0.0426,0.0846,0.3552,151.3,160.729801,7.1952,92.057,820.5,349824.9307217643,-0.006,0
2026-07-16T10:44:13Z,0.209,28.1115,6.93,0.2037,0.0426,0.0846,0.3703,151.321,160.749378,7.1935,92.045,958.83,349936.2177566492,-0.005,0
2026-07-16T10:44:13Z,0.208,28.1113,6.93,0.2228,0.0426,0.0846,0.3249,151.348,160.775259,7.1918,92.041,724.28,350084.5899998969,-0.004,0
2026-07-16T10:44:13Z,0.207,28.1107,6.93,0.2228,0.0426,0.0846,0.4005,151.36,160.786284,7.1902,92.041,682.71,350157.044224487,-0.003,0
2026-07-16T10:44:13Z,0.207,28.1097,6.93,0.2152,0.0852,0.2538,0.3249,151.361,160.785395,7.1889,92.045,1169.5,350170.01342106675,-0.002,0
2026-07-16T10:44:13Z,0.206,28.1087,6.93,0.2113,0.0852,0.2538,0.3552,151.359,160.782373,7.1882,92.052,1192.8,350171.0466880523,-0.001,0
2026-07-16T10:44:13Z,0.206,28.1078,6.93,0.1923,0.0852,0.2538,0.3854,151.349,160.772406,7.1879,92.057,969.94,350131.42099866533,-0.001,0
2026-07-16T10:44:13Z,0.206,28.1071,6.93,0.2152,0.0852,0.2538,0.4156,151.335,160.758848,7.1881,92.062,790.57,350068.11526268686,-0.001,0
2026-07-16T10:44:13Z,0.206,28.1065,6.93,0.1846,0.0852,0.2538,0.4911,151.326,160.752114,7.1885,92.064,830.36,350041.20105802716,-0.001,0
2026-07-16T10:44:13Z,0.206,28.1062,6.93,0.2075,0.0426,0.2115,0.3854,151.321,160.750407,7.189,92.062,817.29,350037.03179161367,-0.001,0
2026-07-16T10:44:13Z,0.205,28.1064,6.93,0.1618,0.0426,0.2115,0.2192,151.313,160.745257,7.1894,92.057,1147.6,350004.6307219976,-0.001,0
2026-07-16T10:44:13Z,0.205,28.1069,6.93,0.1732,0.0426,0.2115,0.3552,151.304,160.739298,7.1897,92.054,840.53,349962.32515100087,-0.001,0
2026-07-16T10:44:13Z,0.204,28.1077,6.93,0.1541,0.0426,0.2115,0.3249,151.303,160.742967,7.1897,92.053,511.91,349968.50292805064,-0,0
2026-07-16T10:44:13Z,0.204,28.1088,6.93,0.1541,0.0426,0.0846,0.2796,151.307,160.75123,7.1895,92.054,477.21,349995.0002290746,0,0
2026-07-16T10:44:13Z,0.204,28.1101,6.93,0.1618,0.0426,0.0846,0.3249,151.308,160.756269,7.189,92.056,494.96,349999.8738643455,0.001,0
2026-07-16T10:44:13Z,0.205,28.1114,6.93,0.1503,0.0426,0.0846,0.2947,151.308,160.759428,7.1885,92.057,673.43,349994.2301399309,0.001,0
2026-07-16T10:44:13Z,0.205,28.1127,6.93,0.1236,0.0426,0.0846,0.3854,151.306,160.76155,7.1882,92.058,840.89,349982.78577627713,0.001,0
2026-07-16T10:44:13Z,0.205,28.1141,6.93,0.1312,0,0.1692,0.3552,151.306,160.765205,7.1882,92.058,713.5,349978.12375883735,0.001,0
2026-07-16T10:44:13Z,0.206,28.1154,6.93,0.1656,0,0.1692,0.3249,151.305,160.76736,7.1882,92.057,500.26,349966.86468634405,0.001,0
2026-07-16T10:44:13Z,0.206,28.1167,6.93,0.1312,0,0.1692,0.3703,151.296,160.760572,7.1881,92.052,447.19,349905.5895490748,0,0
2026-07-16T10:44:13Z,0.206,28.118,6.93,0.1579,0,0.1692,0.4156,151.285,160.751048,7.188,92.049,452.87,349829.02483726904,0,0
2026-07-16T10:44:13Z,0.206,28.1191,6.93,0.1427,0,0.1692,0.34,151.284,160.752282,7.1879,92.053,413.01,349816.2083346752,0,0
2026-07-16T10:44:13Z,0.206,28.1202,7.02,0.1274,0.0426,0.0846,0.34,151.289,160.760596,7.1876,92.063,666.01,349842.9798861127,-0.001,0
2026-07-16T10:44:13Z,0.206,28.121,7.02,0.1579,0.0426,0.0846,0.3703,151.287,160.762173,7.1872,92.074,505.5,349837.458167926,-0.001,0
2026-07-16T10:44:13Z,0.205,28.1219,7.02,0.1465,0.0426,0.0846,0.3854,151.275,160.753424,7.1868,92.084,719.89,349772.41168991633,-0.001,0
2026-07-16T10:44:13Z,0.205,28.1228,7.02,0.1579,0.0426,0.0846,0.2947,151.262,160.744042,7.187,92.093,536.51,349703.83609418845,-0.001,0
2026-07-16T10:44:13Z,0.205,28.1238,6.93,0.2152,0.0426,0.1692,0.2645,151.263,160.749564,7.1876,92.107,722.87,349716.7868670965,-0.001,0
2026-07-16T10:44:13Z,0.204,28.125,6.93,0.1923,0.0426,0.1692,0.4005,151.279,160.771462,7.1883,92.131,794.01,349817.7022989235,-0.001,0
2026-07-16T10:44:13Z,0.204,28.1263,6.93,0.1961,0.0426,0.1692,0.3249,151.3,160.797539,7.1889,92.16,728.54,349940.2054642382,0,0
2026-07-16T10:44:13Z,0.204,28.1276,6.93,0.2304,0.0426,0.1692,0.3703,151.321,160.824726,7.1895,92.186,1077.3,350068.93643136224,0,0
2026-07-16T10:44:13Z,0.205,28.1291,7.11,0.2152,0.0852,0.2538,0.2947,151.339,160.848248,7.1904,92.209,827.48,350173.59916379786,0.001,0
2026-07-16T10:44:13Z,0.205,28.1306,7.11,0.2113,0.0852,0.2538,0.2947,151.347,160.860349,7.1921,92.231,580.17,350214.38133354235,0.001,0
2026-07-16T10:44:13Z,0.205,28.132,7.11,0.2113,0.0852,0.2538,0.4156,151.345,160.862251,7.1942,92.252,554.41,350199.9042776812,0.002,0
2026-07-16T10:44:13Z,0.205,28.1335,7.11,0.2648,0.0852,0.2538,0.3854,151.331,160.850452,7.1961,92.271,704.72,350107.00368029746,0.002,0
2026-07-16T10:44:13Z,0.206,28.1349,7.02,0.1885,0.0852,0.0846,0.4458,151.31,160.831828,7.1976,92.292,729.49,349977.7544391935,0.003,0
2026-07-16T10:44:13Z,0.207,28.1362,7.02,0.1579,0.0852,0.0846,0.4156,151.294,160.819452,7.1992,92.316,640.04,349885.26022652944,0.003,0
2026-07-16T10:44:13Z,0.208,28.1374,7.02,0.1656,0.0852,0.0846,0.2796,151.283,160.812026,7.2007,92.339,1171.5,349822.2446477283,0.004,0
2026-07-16T10:44:13Z,0.209,28.1386,7.02,0.1389,0.0852,0.0846,0.3098,151.271,160.805567,7.202,92.363,574.52,349764.6432452552,0.005,0
2026-07-16T10:44:13Z,0.21,28.1398,7.02,0.1351,0.0852,0.0846,0.4005,151.264,160.804366,7.2035,92.385,822.64,349736.43318840675,0.005,0
2026-07-16T10:44:13Z,0.211,28.1411,7.02,0.1427,0.0426,0.1269,0.3249,151.258,160.806098,7.2051,92.399,877.1,349722.82417436555,0.005,0
2026-07-16T10:44:13Z,0.213,28.1427,7.02,0.1503,0.0426,0.1269,0.3249,151.24,160.797195,7.2068,92.404,391,349644.4198256524,0.005,0
2026-07-16T10:44:13Z,0.214,28.1446,7.02,0.1351,0.0426,0.1269,0.3552,151.213,160.779293,7.2084,92.4,591.88,349510.3929971875,0.006,0
2026-07-16T10:44:13Z,0.215,28.1468,7.02,0.1579,0.0426,0.1269,0.4156,151.19,160.76766,7.2099,92.392,796.43,349406.0467066314,0.006,0
2026-07-16T10:44:13Z,0.217,28.1496,6.93,0.1656,0.0426,0.2115,0.2796,151.186,160.777233,7.2106,92.379,936.18,349409.3982577283,0.006,0
2026-07-16T10:44:13Z,0.219,28.1528,6.93,0.1274,0.0426,0.2115,0.2192,151.196,160.804552,7.2106,92.352,994.48,349504.68773269374,0.006,0
2026-07-16T10:44:13Z,0.221,28.1565,6.93,0.1198,0.0426,0.2115,0.3098,151.193,160.820828,7.2098,92.294,1493.4,349529.35608014074,0.005,0
2026-07-16T10:44:13Z,0.222,28.1605,6.93,0.1503,0.0426,0.2115,0.3098,151.166,160.812364,7.2087,92.194,1753.9,349410.5146476182,0.004,0
2026-07-16T10:44:13Z,0.223,28.1652,7.02,0.1541,0.0852,0.0846,0.0228,151.14,160.802958,7.2071,92.061,1383.1,349273.93943398795,0.003,0
2026-07-16T10:44:13Z,0.223,28.1708,7.02,0.1541,0.0852,0.0846,0.1134,151.144,160.818163,7.2043,91.918,1156.1,349258.6520859954,0.002,0
2026-07-16T10:44:13Z,0.223,28.1773,7.02,0.1503,0.0852,0.0846,0.1134,151.171,160.850011,7.1989,91.788,1064.7,349320.137057952,0.002,0
2026-07-16T10:44:13Z,0.224,28.184,7.02,0.177,0.0852,0.0846,0.0077,151.194,160.870916,7.1903,91.678,976.28,349316.9743360252,0.001,0
2026-07-16T10:44:13Z,0.224,28.19,7.02,0.1503,0.0852,0.0846,0.4156,151.2,160.872422,7.1791,91.59,1188.5,349218.11205527483,0.001,0
2026-07-16T10:44:13Z,0.225,28.1938,6.93,0.1274,0.0852,0.1269,0.3552,151.198,160.866955,7.1675,91.533,662.54,349119.71373073326,0.001,0
2026-07-16T10:44:13Z,0.225,28.1946,6.93,0.1732,0.0852,0.1269,0.3249,151.198,160.865084,7.1573,91.517,1438.3,349094.9872186465,0,0
2026-07-16T10:44:13Z,0.224,28.1935,6.93,0.1579,0.0852,0.1269,0.4458,151.207,160.874327,7.1488,91.546,1183.8,349166.1845018879,0,0
2026-07-16T10:44:13Z,0.224,28.192,6.93,0.1579,0.0852,0.1269,0.2796,151.223,160.889132,7.1421,91.607,959.25,349275.56743776344,0,0
2026-07-16T10:44:13Z,0.224,28.1908,7.02,0.1579,0.0426,0.0846,0.2947,151.233,160.897411,7.1378,91.683,1075.6,349343.20474018576,0,0
2026-07-16T10:44:13Z,0.225,28.1902,7.02,0.1656,0.0426,0.0846,0.2947,151.245,160.905383,7.1367,91.764,925.66,349398.4102026427,0,0
2026-07-16T10:44:13Z,0.225,28.1899,7.02,0.1656,0.0426,0.0846,0.2947,151.267,160.923189,7.139,91.846,819.96,349503.13205138454,-0.001,0
2026-07-16T10:44:13Z,0.224,28.1893,7.02,0.1503,0.0426,0.0846,0.3552,151.287,160.939543,7.1438,91.92,387.19,349605.1381673045,-0.001,0
2026-07-16T10:44:13Z,0.224,28.1883,7.02,0.1656,0.0852,0.2115,0.34,151.286,160.934753,7.1499,91.98,985.02,349596.29649857426,-0.001,0
2026-07-16T10:44:13Z,0.224,28.1868,7.02,0.1656,0.0852,0.2115,0.2947,151.263,160.907544,7.1564,92.022,1318.8,349471.27912066825,-0.001,0
2026-07-16T10:44:13Z,0.224,28.185,7.02,0.1846,0.0852,0.2115,0.3703,151.231,160.872706,7.163,92.049,1115.1,349309.0809112992,-0.001,0
2026-07-16T10:44:13Z,0.223,28.1833,7.02,0.1579,0.0852,0.2115,0.2947,151.21,160.849008,7.169,92.07,1207.7,349207.26839287445,-0.001,0
2026-07-16T10:44:13Z,0.223,28.182,7.02,0.1579,0.0852,0.2115,0.4458,151.204,160.842158,7.1739,92.085,1213.2,349192.2943228359,-0.001,0
2026-07-16T10:44:13Z,0.223,28.1812,7.11,0.1465,0.0426,0.2115,0.3703,151.208,160.846319,7.1772,92.089,1473.1,349229.8071927158,0,0
2026-07-16T10:44:13Z,0.223,28.1808,7.11,0.1427,0.0426,0.2115,0.3552,151.226,160.862602,7.1793,92.081,1330.6,349327.80609360157,-0,0
2026-07-16T10:44:13Z,0.223,28.1806,7.11,0.1503,0.0426,0.2115,0.2494,151.253,160.885328,7.181,92.069,1774.2,349458.20359384513,-0,0
2026-07-16T10:44:13Z,0.223,28.1805,7.11,0.1618,0.0426,0.2115,0.3249,151.283,160.90853,7.1822,92.052,1184.3,349589.49952253414,-0,0
2026-07-16T10:44:13Z,0.223,28.1802,6.93,0.1503,0.0426,0.0846,0.3249,151.314,160.934387,7.1825,92.021,1454.9,349739.2315038827,-0,0
2026-07-16T10:44:13Z,0.223,28.1793,6.93,0.1579,0.0426,0.0846,0.3552,151.333,160.951754,7.182,91.959,1183.6,349852.3322735216,-0,0
2026-07-16T10:44:13Z,0.223,28.1773,6.93,0.1427,0.0426,0.0846,0.3098,151.33,160.951231,7.1813,91.852,1013.7,349885.23204629746,0,0
2026-07-16T10:44:13Z,0.223,28.1746,6.93,0.1579,0.0426,0.0846,0.2796,151.311,160.93669,7.1804,91.71,1256.4,349852.37193746853,0,0
2026-07-16T10:44:13Z,0.223,28.1723,6.93,0.1656,0,0.2115,0.3249,151.292,160.926299,7.1783,91.567,1129.8,349835.5257808408,0,0
2026-07-16T10:44:13Z,0.223,28.1713,6.93,0.1732,0,0.2115,0.2796,151.285,160.931318,7.1735,91.46,1007.3,349881.47335168667,0.001,0
2026-07-16T10:44:13Z,0.223,28.172,6.93,0.1579,0,0.2115,0.3854,151.277,160.935047,7.1651,91.405,984.59,349889.76525435864,0.001,0
2026-07-16T10:44:13Z,0.223,28.174,6.93,0.1656,0,0.2115,0.3552,151.262,160.928462,7.1538,91.404,1029.2,349817.16079003597,0.001,0
2026-07-16T10:44:13Z,0.224,28.1772,7.02,0.1694,0.0426,0.0846,0.34,151.251,160.921832,7.1422,91.456,877.86,349722.83464604436,0.001,0
2026-07-16T10:44:13Z,0.224,28.1813,7.02,0.1274,0.0426,0.0846,0.2796,151.253,160.925415,7.1334,91.55,775.76,349669.4450571432,0.002,0
2026-07-16T10:44:13Z,0.225,28.1854,7.02,0.1694,0.0426,0.0846,0.4609,151.267,160.940166,7.1285,91.667,787.82,349678.4115444741,0.002,0
2026-07-16T10:44:13Z,0.225,28.1887,7.02,0.1351,0.0426,0.0846,0.4156,151.275,160.949976,7.1281,91.785,1329.8,349674.1110953614,0.002,0
2026-07-16T10:44:13Z,0.226,28.1904,7.02,0.1618,0.0426,0.0846,0.3249,151.27,160.945436,7.1319,91.88,2280.9,349618.34616708965,0.003,0
2026-07-16T10:44:13Z,0.226,28.1908,6.93,0.1694,0.0852,0.2115,0.4458,151.269,160.945377,7.1391,91.942,686.13,349610.85890021414,0.003,0
2026-07-16T10:44:13Z,0.227,28.1908,6.93,0.1351,0.0852,0.2115,0.3249,151.281,160.961809,7.1483,91.963,1289.3,349702.5794819655,0.003,0
2026-07-16T10:44:13Z,0.228,28.191,6.93,0.1579,0.0852,0.2115,0.3552,151.293,160.979071,7.1575,91.939,1543.2,349795.36815035244,0.004,0
2026-07-16T10:44:13Z,0.229,28.1913,6.93,0.1541,0.0852,0.2115,0.3552,151.29,160.981724,7.1649,91.87,1112.2,349804.80902425764,0.004,0
2026-07-16T10:44:13Z,0.23,28.1918,7.02,0.1694,0.0852,0.1692,0.3552,151.285,160.982501,7.1696,91.77,1130.3,349800.1950862732,0.004,0
2026-07-16T10:44:13Z,0.231,28.1928,7.02,0.1503,0.0852,0.1692,0.3854,151.292,160.997645,7.1711,91.665,2033.2,349866.84492365795,0.003,0
2026-07-16T10:44:13Z,0.232,28.1942,7.02,0.1579,0.0852,0.1692,0.3854,151.301,161.01516,7.169,91.577,981.6,349939.5760251222,0.003,0
2026-07-16T10:44:13Z,0.233,28.1961,7.02,0.1427,0.0852,0.1692,0.3703,151.299,161.019674,7.1634,91.512,1400.3,349930.7544569516,0.003,0
2026-07-16T10:44:13Z,0.233,28.1983,7.02,0.1656,0.0426,0.1692,0.2947,151.289,161.016401,7.1554,91.474,621.81,349873.084037403,0.002,0
2026-07-16T10:44:13Z,0.234,28.2007,7.02,0.1732,0.0426,0.1692,0.3552,151.287,161.020501,7.1469,91.47,991.03,349853.0028097643,0.002,0
2026-07-16T10:44:13Z,0.234,28.2033,7.02,0.1656,0.0426,0.1692,0.4458,151.302,161.041085,7.1397,91.499,1435.5,349921.3667795056,0.001,0
2026-07-16T10:44:13Z,0.234,28.2057,7.02,0.1579,0.0426,0.1692,0.4005,151.323,161.067609,7.1343,91.547,565.6,350026.4796528511,0.001,0
2026-07-16T10:44:13Z,0.235,28.2079,7.02,0.1732,0.0426,0.1692,0.3703,151.33,161.079086,7.131,91.594,1258.1,350051.15921247576,0.001,0
2026-07-16T10:44:13Z,0.235,28.2099,7.11,0.1808,0.0426,0.1692,0.34,151.315,161.06655,7.1305,91.611,816.05,349945.3512024495,0,0
2026-07-16T10:44:13Z,0.235,28.2116,7.11,0.1351,0.0426,0.1692,0.3552,151.29,161.042694,7.1325,91.573,825.32,349781.76361714775,0,0
2026-07-16T10:44:13Z,0.235,28.213,7.11,0.1465,0.0426,0.1692,0.4005,151.266,161.021197,7.1361,91.49,1165.7,349636.7612712329,0,0
2026-07-16T10:44:13Z,0.235,28.2143,7.11,0.1541,0.0426,0.1692,0.3098,151.244,161.000338,7.1396,91.404,843.82,349497.1503205033,0,0
2026-07-16T10:44:13Z,0.235,28.2154,7.11,0.1732,0.0852,0.1269,0.3854,151.227,160.986578,7.1408,91.351,773.24,349400.74224375776,0,0
2026-07-16T10:44:13Z,0.235,28.2165,7.11,0.1579,0.0852,0.1269,0.3552,151.222,160.984267,7.1376,91.346,750.4,349368.19228128024,0,0
2026-07-16T10:44:13Z,0.235,28.2176,7.11,0.1732,0.0852,0.1269,0.2494,151.22,160.98477,7.131,91.389,1367.3,349351.33574536,0,0
2026-07-16T10:44:13Z,0.235,28.2188,7.11,0.1656,0.0852,0.1269,0.3552,151.226,160.992232,7.1242,91.469,748.93,349371.49462728837,0,0
2026-07-16T10:44:13Z,0.235,28.2199,7.11,0.1541,0.0426,0.0423,0.4005,151.247,161.016658,7.1199,91.568,629.56,349488.0398066417,0,0
2026-07-16T10:44:13Z,0.235,28.221,7.11,0.1656,0.0426,0.0423,0.4609,151.261,161.032494,7.1194,91.663,632.85,349556.69093171984,0,0
2026-07-16T10:44:13Z,0.235,28.221800000000002,7.11,0.1312,0.0426,0.0423,0.2947,151.236,161.007886,7.1226,91.721,669.93,349405.156216295,0,0
2026-07-16T10:44:13Z,0.235,28.2224,7.11,0.1503,0.0426,0.0423,0.3552,151.187,160.956314,7.1288,91.724,409.16,349106.9518642589,0,0
2026-07-16T10:44:13Z,0.235,28.2229,7.2,0.2037,0.0852,0.0423,0.3703,151.151,160.918141,7.1365,91.683,801.64,348885.33208338125,0,0
2026-07-16T10:44:13Z,0.235,28.2234,7.2,0.2075,0.0852,0.0423,0.3249,151.152,160.917261,7.1439,91.628,655.38,348871.50618746865,-0.001,0
2026-07-16T10:44:13Z,0.234,28.2238,7.2,0.2342,0.0852,0.0423,0.3552,151.166,160.931392,7.1483,91.578,421.25,348943.088348772,-0.001,0
2026-07-16T10:44:13Z,0.234,28.2241,7.2,0.2152,0.0852,0.0423,0.4156,151.167,160.930229,7.1485,91.535,452.28,348931.2540633856,-0.001,0
2026-07-16T10:44:13Z,0.234,28.224,7.2,0.1656,0.0852,0.0423,0.2947,151.145,160.905446,7.1454,91.496,594.98,348794.98855251353,-0.001,0
2026-07-16T10:44:13Z,0.234,28.2236,7.02,0.1656,0,0.0846,0.3703,151.113,160.868471,7.1411,91.467,430.23,348596.21866198286,-0.001,0
2026-07-16T10:44:13Z,0.233,28.2231,7.02,0.1694,0,0.0846,0.4005,151.088,160.839509,7.1372,91.456,559.98,348443.89876157953,-0.002,0
2026-07-16T10:44:13Z,0.233,28.2225,7.02,0.1656,0,0.0846,0.2192,151.067,160.816849,7.134,91.461,529.91,348328.46980523237,-0.002,0
2026-07-16T10:44:13Z,0.232,28.221800000000002,7.02,0.1579,0,0.0846,0.3854,151.038,160.784427,7.1311,91.469,672.55,348160.5270030831,-0.003,0
2026-07-16T10:44:13Z,0.231,28.221,6.93,0.1579,0.0852,0.0846,0.4005,150.976,160.717564,7.1289,91.484,359.54,347802.87241836387,-0.003,0
2026-07-16T10:44:13Z,0.23,28.2204,6.93,0.1579,0.0852,0.0846,0.3552,150.849,160.582394,7.1281,91.517,732.83,347062.42695771786,-0.003,0
2026-07-16T10:44:13Z,0.229,28.2201,6.93,0.1579,0.0852,0.0846,0.3249,150.623,160.342873,7.1285,91.568,380.77,345739.18237442046,-0.003,0
2026-07-16T10:44:13Z,0.229,28.2198,6.93,0.1427,0.0852,0.0846,0.34,150.24,159.935128,7.1292,91.637,401.85,343489.9355907621,-0.003,0
2026-07-16T10:44:13Z,0.228,28.2197,6.93,0.1541,0.0426,0.0846,0.3854,149.596,159.250427,7.1304,91.712,609.77,339725.98971725267,-0.002,0
2026-07-16T10:44:13Z,0.227,28.2197,6.93,0.1732,0.0426,0.0846,0.4005,148.528,158.114201,7.133,91.781,387.78,333532.86258952465,-0.002,0
2026-07-16T10:44:13Z,0.227,28.2198,6.93,0.1656,0.0426,0.0846,0.3854,146.751,156.223456,7.137,91.837,560.46,323379.3460798351,-0.001,0
2026-07-16T10:44:13Z,0.227,28.22,6.93,0.1427,0.0426,0.0846,0.2645,143.784,153.065977,7.1423,91.875,435.21,306848.39789475896,-0.001,0
2026-07-16T10:44:13Z,0.227,28.2203,6.93,0.116,0.0426,0.0846,0.2796,138.837,147.799769,7.1481,91.893,489.4,280447.55424892897,-0,0
2026-07-16T10:44:13Z,0.227,28.2205,7.02,0.1732,0.0426,-0.0423,0.4156,130.598,139.028527,7.1534,91.897,348.46,239656.37738915416,0,0
2026-07-16T10:44:13Z,0.227,28.2208,7.02,0.1427,0.0426,-0.0423,0.4156,116.873,124.417261,7.1577,91.894,431.16,180192.50343758508,0,0
2026-07-16T10:44:13Z,0.227,28.2211,7.02,0.2075,0.0426,-0.0423,0.34,93.999,100.065625,7.1607,91.884,626.29,103062.37878936555,0,0
2026-07-16T10:44:13Z,0.227,28.2214,7.02,0.2152,0.0426,-0.0423,0.476,55.865,59.467824,7.162,91.87,388.54,27401.96399056084,0,0
2026-07-16T10:44:13Z,0.227,28.2216,7.11,0.2152,0.0426,0.0846,0.3854,-7.697,-8.202221,7.1623,91.854,470.93,NA,0,0
2026-07-16T10:44:13Z,0.227,28.221800000000002,7.11,0.2152,0.0426,0.0846,0.3552,-113.618,-120.969814,7.1621,91.835,363.86,NA,-0,0
2026-07-16T10:44:13Z,0.227,28.2221,7.11,0.1427,0.0426,0.0846,0.3098,-290.148,-308.910321,7.1613,91.81,578.15,NA,-0,0
2026-07-16T10:44:13Z,0.227,28.2224,7.11,0.1503,0.0426,0.0846,0.3854,-400.473,-426.366013,7.1602,91.773,464.22,NA,0,0
2026-07-16T10:44:13Z,0.227,28.2226,7.02,0.1351,0.0426,0.0423,0.2494,-290.113,-308.871183,7.159,91.721,434.83,NA,0,0
2026-07-16T10:44:13Z,0.227,28.2229,7.02,0.1427,0.0426,0.0423,0.3249,-113.558,-120.901144,7.1576,91.656,527.38,NA,0,0
2026-07-16T10:44:13Z,0.227,28.2232,7.02,0.2075,0.0426,0.0423,0.4307,-7.628,-8.121783,7.1558,91.575,364.97,NA,0.001,0
2026-07-16T10:44:13Z,0.228,28.2236,7.02,0.1923,0.0426,0.0423,0.3552,55.925,59.541395,7.153,91.47,757.11,27484.552987280185,0.001,0
2026-07-16T10:44:13Z,0.228,28.224,7.02,0.2304,0.0426,0.1269,0.2947,94.033,100.115871,7.1488,91.34,393.64,103179.84048989529,0,0
2026-07-16T10:44:13Z,0.228,28.2245,7.02,0.2075,0.0426,0.1269,0.3703,116.883,124.445555,7.1435,91.208,455.83,180263.74814490072,0,0
2026-07-16T10:44:13Z,0.228,28.2251,7.02,0.2037,0.0426,0.1269,0.3552,130.598,139.050433,7.137,91.112,439.01,239697.0966702031,-0.001,0
2026-07-16T10:44:13Z,0.228,28.2259,7.02,0.1465,0.0426,0.1269,0.3098,138.837,147.825139,7.1286,91.063,394.84,280490.97593386885,-0.001,0
2026-07-16T10:44:13Z,0.227,28.2267,7.02,0.1236,0.0426,0.1269,0.3854,143.788,153.097568,7.1183,91.051,687.93,306905.99799498275,-0.002,0
2026-07-16T10:44:13Z,0.227,28.2277,7.02,0.1427,0.0852,0.0846,0.3249,146.754,156.253661,7.1079,91.058,495.39,323409.3394787292,-0.002,0
2026-07-16T10:44:13Z,0.226,28.2288,7.02,0.1694,0.0852,0.0846,0.4005,148.527,158.135041,7.1003,91.069,516.04,333490.5790234613,-0.002,0
2026-07-16T10:44:13Z,0.225,28.2298,7.02,0.1503,0.0852,0.0846,0.3854,149.601,159.267461,7.0963,91.088,979.25,339643.85946545925,-0.002,0
2026-07-16T10:44:13Z,0.224,28.2303,7.02,0.1579,0.0852,0.0846,0.2494,150.265,159.956908,7.0953,91.126,671.82,343425.63745274127,-0.001,0
2026-07-16T10:44:13Z,0.224,28.2298,6.93,0.1694,0.0426,0.1269,0.2645,150.668,160.367191,7.0959,91.185,474.01,345702.3534630954,-0.001,0
2026-07-16T10:44:13Z,0.224,28.2278,6.93,0.1656,0.0426,0.1269,0.3249,150.904,160.599699,7.097,91.264,384.26,347027.14471372624,-0.001,0
2026-07-16T10:44:13Z,0.224,28.2238,6.93,0.1427,0.0426,0.1269,0.4005,151.044,160.732469,7.099,91.364,550.09,347835.930896146,-0,0
2026-07-16T10:44:13Z,0.224,28.2183,6.93,0.1732,0.0426,0.1269,0.3854,151.14,160.820946,7.1027,91.478,534.19,348426.13124771614,0,0
2026-07-16T10:44:13Z,0.224,28.2121,6.93,0.1503,0.0426,0.0846,0.4307,151.219,160.892734,7.108,91.602,430.79,348936.56584137154,0,0
2026-07-16T10:44:13Z,0.224,28.2059,6.93,0.1503,0.0426,0.0846,0.34,151.289,160.958957,7.115,91.725,1364,349416.539831485,0,0
2026-07-16T10:44:13Z,0.224,28.2004,6.93,0.1351,0.0426,0.0846,0.3552,151.347,161.013223,7.1234,91.83,481.9,349817.74757909536,0,0
2026-07-16T10:44:13Z,0.225,28.1957,6.93,0.1732,0.0426,0.0846,0.3552,151.374,161.037935,7.1329,91.909,496.36,350039.9002597581,0.001,0
2026-07-16T10:44:13Z,0.225,28.1919,6.93,0.1389,0.0426,0.0846,0.4005,151.378,161.039682,7.1431,91.954,791.6,350117.74294071464,0.001,0
2026-07-16T10:44:13Z,0.225,28.1889,6.93,0.1503,0.0852,0.1692,0.2947,151.378,161.038973,7.153,91.97,621.54,350167.5458662919,0,0
2026-07-16T10:44:13Z,0.225,28.1867,6.93,0.1427,0.0852,0.1692,0.3552,151.382,161.043636,7.1615,91.96,403.34,350233.03518490423,0,0
2026-07-16T10:44:13Z,0.225,28.1852,6.93,0.1427,0.0852,0.1692,0.34,151.391,161.054915,7.1678,91.93,881.69,350322.96147045423,0,0
2026-07-16T10:44:13Z,0.225,28.1844,6.93,0.1503,0.0852,0.1692,0.34,151.401,161.067801,7.1715,91.885,413.45,350409.33440133056,0,0
2026-07-16T10:44:13Z,0.225,28.1841,6.93,0.1465,0.0852,0.1269,0.3854,151.399,161.069695,7.1727,91.825,904.98,350425.302978409,0,0
2026-07-16T10:44:13Z,0.225,28.1843,6.93,0.2037,0.0852,0.1269,0.3854,151.387,161.061103,7.172,91.75,813.22,350373.68791749096,0,0
2026-07-16T10:44:13Z,0.225,28.1848,6.93,0.1846,0.0852,0.1269,0.2494,151.373,161.051759,7.1696,91.67,625.61,350312.4954579625,0,0
2026-07-16T10:44:13Z,0.226,28.1857,6.93,0.1923,0.0852,0.1269,0.3552,151.36,161.04318,7.1659,91.606,980.75,350248.4144854359,0,0
2026-07-16T10:44:13Z,0.226,28.1869,7.02,0.1999,0.0426,0.0846,0.3703,151.346,161.033079,7.1611,91.572,682.71,350170.46171746776,0,0
2026-07-16T10:44:13Z,0.225,28.1884,7.02,0.2075,0.0426,0.0846,0.4307,151.334,161.026781,7.1551,91.568,746.33,350108.39258834,0,0
2026-07-16T10:44:13Z,0.225,28.19,7.02,0.2266,0.0426,0.0846,0.34,151.336,161.03463,7.1486,91.586,693.93,350123.5686907834,0,0
2026-07-16T10:44:13Z,0.225,28.1918,7.02,0.219,0.0426,0.0846,0.4156,151.345,161.050704,7.1434,91.62,687.93,350181.10982279945,0,0
2026-07-16T10:44:13Z,0.225,28.1937,7.02,0.1923,0.0426,0.0846,0.2796,151.347,161.059247,7.1405,91.665,764.05,350194.78424643294,0,0
2026-07-16T10:44:13Z,0.225,28.1957,7.11,0.2113,0.0852,0.1269,0.3249,151.337,161.05452,7.1399,91.712,543.91,350132.5351565357,0,0
2026-07-16T10:44:13Z,0.225,28.1977,7.11,0.1999,0.0852,0.1269,0.4307,151.322,161.04328,7.141,91.754,667.02,350033.9228585082,0,0
2026-07-16T10:44:13Z,0.225,28.1998,7.11,0.2037,0.0852,0.1269,0.3552,151.313,161.038563,7.1435,91.79,859.55,349969.9668448292,0,0
2026-07-16T10:44:13Z,0.225,28.2018,7.11,0.2152,0.0852,0.1269,0.4307,151.31,161.039113,7.1467,91.816,1033.3,349937.2203011838,0,0
2026-07-16T10:44:13Z,0.226,28.2037,6.93,0.2228,0.0426,0.1269,0.3552,151.308,161.041068,7.1501,91.828,411.04,349914.11237657495,0,0
2026-07-16T10:44:13Z,0.226,28.2053,6.93,0.1846,0.0426,0.1269,0.3249,151.317,161.052965,7.1532,91.827,1218.8,349951.8825704443,0,0
2026-07-16T10:44:13Z,0.226,28.2069,6.93,0.2152,0.0426,0.1269,0.2494,151.337,161.077979,7.1558,91.812,672.26,350062.89315501647,0,0
2026-07-16T10:44:13Z,0.226,28.2082,6.93,0.2304,0.0426,0.1269,0.476,151.362,161.106744,7.1577,91.777,737.78,350200.2429601881,0,0
2026-07-16T10:44:13Z,0.226,28.2094,7.02,0.2304,0.0426,0.0846,0.34,151.366,161.114864,7.1585,91.711,655.95,350224.0911728575,0,0
2026-07-16T10:44:13Z,0.226,28.2104,7.02,0.2228,0.0426,0.0846,0.3249,151.35,161.100494,7.1583,91.613,549.25,350125.92062463216,0,0
2026-07-16T10:44:13Z,0.226,28.2114,7.02,0.2304,0.0426,0.0846,0.2947,151.338,161.091873,7.157,91.49,439.2,350059.86915491236,0,0
2026-07-16T10:44:13Z,0.226,28.2124,7.02,0.1923,0.0426,0.0846,0.2947,151.332,161.090709,7.1541,91.347,674.9,350035.4595915382,0,0
2026-07-16T10:44:13Z,0.226,28.2134,7.02,0.2113,0.0426,0.0846,0.3703,151.323,161.084666,7.1489,91.185,1054.3,349983.81433171645,0,0
2026-07-16T10:44:13Z,0.226,28.2145,7.02,0.1999,0.0426,0.0846,0.34,151.318,161.084161,7.1411,91.022,571.91,349961.2984288395,0,0
2026-07-16T10:44:13Z,0.226,28.2159,7.02,0.1923,0.0426,0.0846,0.3552,151.318,161.089056,7.1313,90.889,665.43,349963.5552226422,0,0
2026-07-16T10:44:13Z,0.226,28.2173,7.02,0.1999,0.0426,0.0846,0.4609,151.309,161.084625,7.12,90.806,450.9,349913.7574858984,0,0
2026-07-16T10:44:13Z,0.226,28.2186,7.02,0.1389,0.0426,0.0846,0.4156,151.289,161.069685,7.1072,90.761,620.6,349807.1114740178,0,0
2026-07-16T10:44:13Z,0.226,28.22,6.93,0.1503,0.0852,0,0.3249,151.263,161.048271,7.0943,90.732,658.81,349662.5842369739,0,0
2026-07-16T10:44:13Z,0.226,28.2216,6.93,0.1427,0.0852,0,0.3854,151.238,161.026697,7.0838,90.687,757.77,349513.6333193212,0,0
2026-07-16T10:44:13Z,0.226,28.2235,6.93,0.1694,0.0852,0,0.4156,151.232,161.025267,7.077,90.579,506.71,349471.6881278332,0.001,0
2026-07-16T10:44:13Z,0.226,28.2256,6.93,0.1923,0.0852,0,0.4307,151.256,161.057629,7.0733,90.336,556.22,349614.61848808907,0.001,0
2026-07-16T10:44:13Z,0.226,28.2275,6.93,0.2113,0.0426,0.1692,0.2947,151.279,161.090323,7.0708,89.86,397.42,349763.0025037786,0.001,0
2026-07-16T10:44:13Z,0.227,28.2292,6.93,0.2113,0.0426,0.1692,0.3854,151.276,161.097995,7.067,89.113,435.4,349775.3862270367,0.001,0
2026-07-16T10:44:13Z,0.227,28.2311,6.93,0.1885,0.0426,0.1692,0.3552,151.264,161.098726,7.0584,88.226,424.75,349745.470908419,0.001,0
2026-07-16T10:44:13Z,0.227,28.2334,6.93,0.1923,0.0426,0.1692,0.2645,151.252,161.100729,7.0392,87.399,433.42,349715.4990818232,0.001,0
2026-07-16T10:44:13Z,0.227,28.2362,7.02,0.1961,0.0426,0.1692,0.4156,151.24,161.100531,7.0018,86.689,603.44,349664.31374877226,0.001,0
2026-07-16T10:44:13Z,0.227,28.2399,7.02,0.2037,0.0426,0.1692,0.3552,151.231,161.09808,6.9431,86.018,422.63,349584.4835951409,0.001,0
2026-07-16T10:44:13Z,0.228,28.2443,7.02,0.2152,0.0426,0.1692,0.3552,151.225,161.092723,6.8735,85.383,417.24,349475.96507731406,0.001,0
2026-07-16T10:44:13Z,0.228,28.249,7.02,0.219,0.0426,0.1692,0.3249,151.222,161.087039,6.8085,84.956,482.95,349360.30271998444,0.001,0
2026-07-16T10:44:13Z,0.228,28.2531,7.02,0.2075,0.0426,0.1692,0.3249,151.225,161.08753,6.7527,84.948,366.32,349289.8002614826,0.001,0
2026-07-16T10:44:13Z,0.228,28.2554,7.02,0.2228,0.0852,0.2538,0.3703,151.233,161.094326,6.7001,85.409,463.12,349286.58275622356,0.001,0
2026-07-16T10:44:13Z,0.228,28.2558,7.02,0.2075,0.0852,0.2538,0.3703,151.24,161.101222,6.6505,86.188,415.35,349317.8568917556,0.001,0
2026-07-16T10:44:13Z,0.228,28.255,7.02,0.2075,0.0852,0.2538,0.3552,151.244,161.106048,6.6174,87.046,451.78,349359.0348844695,0.001,0
2026-07-16T10:44:13Z,0.228,28.254,7.02,0.2075,0.0852,0.2538,0.3098,151.247,161.110092,6.6169,87.781,461.21,349399.4328292563,0.001,0
2026-07-16T10:44:13Z,0.228,28.2534,7.02,0.2266,0.0852,0.1269,0.3703,151.246,161.110422,6.6529,88.23,417.52,349411.991549596,0.001,0
2026-07-16T10:44:13Z,0.229,28.2533,7.02,0.1999,0.0852,0.1269,0.4458,151.238,161.103119,6.7136,88.236,476.07,349373.0840488912,0.001,0
2026-07-16T10:44:13Z,0.229,28.2534,7.02,0.1999,0.0852,0.1269,0.4156,151.225,161.090244,6.7804,87.691,417.43,349299.56218805944,0,0
2026-07-16T10:44:13Z,0.229,28.2537,7.02,0.2113,0.0852,0.1269,0.2947,151.207,161.072372,6.8377,86.642,482.85,349194.64330900373,0,0
2026-07-16T10:44:13Z,0.229,28.2541,6.93,0.2113,0.0426,0.0846,0.3703,151.191,161.056762,6.8726,85.377,456.22,349100.5575848521,0,0
2026-07-16T10:44:13Z,0.229,28.2545,6.93,0.2228,0.0426,0.0846,0.4156,151.188,161.055287,6.873,84.346,392.19,349085.20258634974,0.001,0
2026-07-16T10:44:13Z,0.229,28.255,6.93,0.1846,0.0426,0.0846,0.3098,151.193,161.063545,6.8305,83.909,1029.4,349122.2683158799,0.001,0
2026-07-16T10:44:13Z,0.23,28.2555,6.93,0.2075,0.0426,0.0846,0.3854,151.198,161.071711,6.7488,84.088,434.45,349158.82326487964,0,0
2026-07-16T10:44:13Z,0.23,28.256,7.11,0.1961,0.0852,0.0846,0.3249,151.197,161.073948,6.6501,84.603,424.19,349162.35607478407,0,0
2026-07-16T10:44:13Z,0.23,28.2566,7.11,0.1961,0.0852,0.0846,0.3552,151.194,161.074861,6.5697,85.156,968.25,349156.7293121207,0,0
2026-07-16T10:44:13Z,0.23,28.2573,7.11,0.1999,0.0852,0.0846,0.3854,151.202,161.086717,6.5356,85.644,433.61,349210.26698674227,0.001,0
2026-07-16T10:44:13Z,0.23,28.2584,7.11,0.2266,0.0852,0.0846,0.3854,151.219,161.108672,6.5494,86.051,482.85,349312.922774137,0.001,0
2026-07-16T10:44:13Z,0.23,28.2596,7.11,0.1961,0.0852,0.0846,0.3552,151.228,161.122528,6.5894,86.215,473.91,349368.6816631881,0.001,0
2026-07-16T10:44:13Z,0.231,28.2608,6.93,0.1885,0.0426,0.0846,0.4005,151.217,161.115946,6.6324,85.907,459.71,349310.5800783298,0.001,0
2026-07-16T10:44:13Z,0.231,28.262,6.93,0.2113,0.0426,0.0846,0.34,151.205,161.107214,6.6702,85.116,322.66,349240.51189688314,0.002,0
2026-07-16T10:44:13Z,0.231,28.2634,6.93,0.2037,0.0426,0.0846,0.3552,151.211,161.118054,6.7017,84.092,526.01,349275.8901083028,0.002,0
2026-07-16T10:44:13Z,0.232,28.2648,6.93,0.2152,0.0426,0.0846,0.3703,151.228,161.139334,6.7143,83.055,442.17,349369.42415029835,0.003,0
2026-07-16T10:44:13Z,0.232,28.2663,6.93,0.219,0.0852,0.0423,0.4005,151.237,161.148666,6.6902,82.002,394.5,349394.61720797396,0.003,0
2026-07-16T10:44:13Z,0.233,28.2678,6.93,0.2152,0.0852,0.0423,0.3703,151.237,161.144532,6.6285,80.853,421.25,349344.7970114312,0.004,0
2026-07-16T10:44:13Z,0.235,28.2693,6.93,0.2037,0.0852,0.0423,0.3552,151.24,161.141862,6.5485,79.677,420.61,349303.13776642276,0.004,0
2026-07-16T10:44:13Z,0.236,28.2702,6.93,0.2228,0.0852,0.0423,0.3854,151.249,161.147961,6.4677,78.648,512.25,349321.0346256389,0.004,0
2026-07-16T10:44:13Z,0.237,28.27,7.02,0.2152,0,0.0846,0.2343,151.263,161.160448,6.3857,77.823,494.53,349394.1590737709,0.004,0
2026-07-16T10:44:13Z,0.238,28.2687,7.02,0.2113,0,0.0846,0.2947,151.264,161.162607,6.2964,77.092,518.4,349429.40704316547,0.004,0
2026-07-16T10:44:13Z,0.239,28.2669,7.02,0.2152,0,0.0846,0.2796,151.244,161.142991,6.2049,76.38,463.82,349352.28512401093,0.003,0
2026-07-16T10:44:13Z,0.24,28.2656,7.02,0.2075,0,0.0846,0.4005,151.225,161.124428,6.125,75.803,541.9,349272.1047221584,0.002,0
2026-07-16T10:44:13Z,0.24,28.2651,7.02,0.2113,0,0.0846,0.3552,151.222,161.122011,6.0608,75.603,656.38,349267.5709159477,0.001,0
2026-07-16T10:44:13Z,0.24,28.2653,6.84,0.2037,0.0426,0.0846,0.3854,151.219,161.119061,6.0038,75.863,406.59,349247.5691258404,0.001,0
2026-07-16T10:44:13Z,0.24,28.2658,6.84,0.2113,0.0426,0.0846,0.3854,151.199,161.098757,5.9483,76.335,439.49,349125.57286148216,0,0
2026-07-16T10:44:13Z,0.24,28.2663,6.84,0.1923,0.0426,0.0846,0.2947,151.171,161.067711,5.9034,76.676,457.61,348943.8074796591,0,0
2026-07-16T10:44:13Z,0.24,28.2666,6.84,0.1923,0.0426,0.0846,0.3703,151.159,161.053722,5.8878,76.758,592.4,348860.5936318494,0,0
2026-07-16T10:44:13Z,0.24,28.2668,7.02,0.2075,0.0852,0.0846,0.3552,151.173,161.065083,5.9079,76.653,776.77,348920.25998716225,0,0
2026-07-16T10:44:13Z,0.24,28.2669,7.02,0.2152,0.0852,0.0846,0.3854,151.203,161.092799,5.9447,76.371,522.93,349072.7671480902,0,0
2026-07-16T10:44:13Z,0.24,28.2668,7.02,0.1923,0.0852,0.0846,0.3703,151.246,161.132236,5.9712,75.777,803.73,349294.16474855196,0,0
2026-07-16T10:44:13Z,0.24,28.2661,7.02,0.219,0.0852,0.0846,0.3098,151.287,161.169858,5.9777,74.778,573.4,349516.25705966615,0,0
2026-07-16T10:44:13Z,0.241,28.2651,6.93,0.2075,0.0426,0.2115,0.3854,151.31,161.187636,5.9696,73.468,677.25,349633.19939722784,0,0
2026-07-16T10:44:13Z,0.241,28.2637,6.93,0.219,0.0426,0.2115,0.3854,151.31,161.182294,5.9478,72.055,551.05,349628.4518718494,0,0
2026-07-16T10:44:13Z,0.24,28.2617,6.93,0.2113,0.0426,0.2115,0.3854,151.301,161.168441,5.9018,70.733,564.87,349586.9938781764,0,0
2026-07-16T10:44:13Z,0.24,28.2594,6.93,0.2228,0.0426,0.2115,0.4307,151.3,161.162427,5.8242,69.624,504.51,349594.5860730895,0,0
2026-07-16T10:44:13Z,0.24,28.2574,7.02,0.1503,0.0426,0.1269,0.3249,151.307,161.166655,5.7224,68.769,394.58,349653.9054316243,0,0
2026-07-16T10:44:13Z,0.24,28.2556,7.02,0.1465,0.0426,0.1269,0.3098,151.313,161.170227,5.6125,68.151,707.33,349706.0021128224,0,0
2026-07-16T10:44:13Z,0.24,28.254,7.02,0.1465,0.0426,0.1269,0.3854,151.314,161.170088,5.5096,67.778,677.25,349733.838777808,0,0
2026-07-16T10:44:13Z,0.24,28.2525,7.02,0.1427,0.0426,0.1269,0.4156,151.315,161.170207,5.4234,67.672,577.4,349761.3284431952,0,0
2026-07-16T10:44:13Z,0.24,28.2514,7.02,0.1427,0.0426,0.1269,0.4005,151.314,161.170618,5.3569,67.799,630.24,349783.2941831611,0.001,0
2026-07-16T10:44:13Z,0.241,28.2506,7.11,0.2075,0,0.0846,0.2796,151.313,161.17143,5.3089,68.114,511.91,349802.13184360653,0.001,0
2026-07-16T10:44:13Z,0.241,28.2501,7.11,0.2113,0,0.0846,0.4307,151.312,161.172859,5.2799,68.688,881.11,349819.04493686836,0,0
2026-07-16T10:44:13Z,0.241,28.2499,7.11,0.2228,0,0.0846,0.3098,151.316,161.179296,5.2716,69.726,512.69,349858.52179072663,0,0
2026-07-16T10:44:13Z,0.241,28.2501,7.11,0.2113,0,0.0846,0.3552,151.332,161.196465,5.2815,71.363,651.27,349950.7050939658,0,0
2026-07-16T10:44:13Z,0.241,28.2508,6.93,0.2228,0.0426,0.1692,0.3249,151.346,161.212912,5.306,73.357,402.03,350029.9247386434,0,0
2026-07-16T10:44:13Z,0.241,28.2516,6.93,0.2152,0.0426,0.1692,0.3854,151.349,161.220994,5.3506,75.153,544.38,350060.69296856,0,0
2026-07-16T10:44:13Z,0.241,28.2522,6.93,0.2266,0.0426,0.1692,0.3854,151.358,161.238902,5.4314,76.318,432.57,350149.86618681095,-0.001,0
2026-07-16T10:44:13Z,0.241,28.2525,6.93,0.1999,0.0426,0.1692,0.4005,151.375,161.267405,5.5589,76.707,812.16,350303.5538388044,-0.001,0
2026-07-16T10:44:13Z,0.24,28.2531,6.93,0.1503,0.0852,0.0423,0.4005,151.385,161.286043,5.7142,76.312,851.93,350396.835449139,-0.001,0
2026-07-16T10:44:13Z,0.24,28.2547,6.93,0.1732,0.0852,0.0423,0.3854,151.385,161.29177,5.8539,75.181,675.92,350400.13562332944,-0.002,0
2026-07-16T10:44:13Z,0.239,28.2574,6.93,0.1732,0.0852,0.0423,0.4005,151.384,161.294131,5.9443,73.456,541.2,350364.94092804834,-0.002,0
2026-07-16T10:44:13Z,0.239,28.2607,6.93,0.1427,0.0852,0.0423,0.4156,151.388,161.301771,5.9743,71.386,1045,350348.46400614775,-0.002,0
2026-07-16T10:44:13Z,0.238,28.2635,6.93,0.1274,0.0852,0.0423,0.4156,151.398,161.31673,5.9432,69.28,551.76,350381.78877514973,-0.002,0
2026-07-16T10:44:13Z,0.238,28.2654,6.93,0.1236,0.0426,0.0423,0.3249,151.398,161.320947,5.855,67.377,476.8,350371.2865794161,-0.002,0
2026-07-16T10:44:13Z,0.237,28.2666,6.93,0.1465,0.0426,0.0423,0.2796,151.376,161.301518,5.7205,65.768,935.37,350241.38730638707,-0.002,0
2026-07-16T10:44:13Z,0.237,28.2678,6.93,0.1579,0.0426,0.0423,0.3552,151.344,161.271301,5.5592,64.444,967.83,350051.355060468,-0.002,0
2026-07-16T10:44:13Z,0.236,28.269,6.93,0.1351,0.0426,0.0423,0.3249,151.316,161.244287,5.3951,63.363,748.12,349879.252355083,-0.002,0
2026-07-16T10:44:13Z,0.235,28.2704,7.02,0.1274,0.0426,0.0423,0.3552,151.304,161.233313,5.2467,62.484,721.3,349793.0373649289,-0.001,0
2026-07-16T10:44:13Z,0.235,28.2717,7.02,0.1503,0.0426,0.0423,0.3249,151.312,161.243471,5.1214,61.76,472.06,349826.4143347996,-0.001,0
2026-07-16T10:44:13Z,0.235,28.2729,7.02,0.1427,0.0426,0.0423,0.34,151.327,161.261435,5.0181,61.151,1210.9,349905.0965752571,-0.001,0
2026-07-16T10:44:13Z,0.235,28.2738,7.02,0.1923,0.0426,0.0423,0.4458,151.342,161.27997,4.9339,60.634,896.56,349992.3363699752,-0,0
2026-07-16T10:44:13Z,0.235,28.2745,6.93,0.1999,0.0852,0.0846,0.3854,151.359,161.300011,4.8654,60.201,581.56,350091.56405759184,-0,0
2026-07-16T10:44:13Z,0.235,28.2752,6.93,0.1923,0.0852,0.0846,0.4458,151.371,161.314876,4.809,59.841,704.26,350161.93735910754,-0,0
2026-07-16T10:44:13Z,0.235,28.2759,6.93,0.1732,0.0852,0.0846,0.3703,151.374,161.320511,4.7615,59.548,1000.5,350180.83603105816,0,0
2026-07-16T10:44:13Z,0.235,28.2766,6.93,0.1503,0.0852,0.0846,0.4005,151.377,161.326437,4.7212,59.327,847.31,350201.3574682218,0.001,0
2026-07-16T10:44:13Z,0.235,28.2773,6.93,0.1427,0.0852,0.0846,0.4307,151.389,161.342252,4.6874,59.185,481.28,350277.03882024536,0.001,0
2026-07-16T10:44:13Z,0.235,28.2779,6.93,0.1351,0,0.0423,0.4156,151.4,161.358141,4.6593,59.101,930.1,350354.9316787874,0.002,0
2026-07-16T10:44:13Z,0.236,28.2787,6.93,0.1427,0,0.0423,0.3552,151.401,161.364313,4.6364,59.035,614.56,350375.03707791347,0.002,0
2026-07-16T10:44:13Z,0.236,28.2796,6.93,0.1351,0,0.0423,0.4156,151.404,161.372435,4.6192,58.948,437.68,350404.2306722559,0.003,0
2026-07-16T10:44:13Z,0.237,28.2806,6.93,0.1122,0,0.0423,0.4156,151.417,161.390687,4.608,58.823,582.57,350488.15481026634,0.003,0
2026-07-16T10:44:13Z,0.238,28.282,7.11,0.1389,0,0.2115,0.3249,151.424,161.401888,4.6013,58.656,440.92,350525.57367652043,0.003,0
2026-07-16T10:44:13Z,0.239,28.2836,7.11,0.1618,0,0.2115,0.3703,151.408,161.388981,4.596,58.442,491.21,350424.8973989426,0.003,0
2026-07-16T10:44:13Z,0.24,28.2852,7.11,0.2304,0,0.2115,0.3854,151.381,161.364561,4.5891,58.18,703.19,350260.0321644793,0.002,0
2026-07-16T10:44:13Z,0.24,28.2866,7.11,0.2266,0,0.2115,0.3703,151.364,161.350175,4.5793,57.889,701.82,350154.7497935066,0.002,0
2026-07-16T10:44:13Z,0.24,28.288,7.02,0.2152,0.0852,0.0846,0.4156,151.356,161.343993,4.5662,57.614,951.98,350095.2295692779,0.001,0
2026-07-16T10:44:13Z,0.24,28.2894,7.02,0.1999,0.0852,0.0846,0.3249,151.342,161.332339,4.5495,57.411,833.25,350005.21608135116,0.001,0
2026-07-16T10:44:13Z,0.24,28.2908,7.02,0.1846,0.0852,0.0846,0.3098,151.318,161.308098,4.529,57.328,796.08,349845.0769578373,0,0
2026-07-16T10:44:13Z,0.24,28.2919,7.02,0.1999,0.0852,0.0846,0.4156,151.287,161.27683,4.5063,57.397,715.68,349651.2075088541,0,0
2026-07-16T10:44:13Z,0.24,28.2929,7.02,0.219,0.0426,0.0846,0.4005,151.27,161.258259,4.4847,57.671,894.81,349529.9054019371,0,0
2026-07-16T10:44:13Z,0.241,28.2937,7.02,0.2152,0.0426,0.0846,0.3249,151.272,161.259458,4.4689,58.213,614.56,349522.2931067237,0,0
2026-07-16T10:44:13Z,0.241,28.2943,7.02,0.2075,0.0426,0.0846,0.3703,151.279,161.264712,4.4624,59.002,749.91,349540.8352340216,0.001,0
2026-07-16T10:44:13Z,0.241,28.2948,7.02,0.2113,0.0426,0.0846,0.4156,151.277,161.259388,4.4677,59.92,801.99,349502.2558193713,0.001,0
2026-07-16T10:44:13Z,0.241,28.2949,7.02,0.2152,0.0426,0.0846,0.4005,151.277,161.25409200000001,4.489,60.887,480.75,349470.97940266493,0.001,0
2026-07-16T10:44:13Z,0.241,28.2946,7.02,0.2152,0,0.0846,0.4005,151.292,161.263445,4.5312,61.945,651.13,349528.4206529694,0.001,0
2026-07-16T10:44:13Z,0.242,28.2937,7.02,0.2075,0,0.0846,0.4005,151.309,161.273906,4.5927,63.131,1206.4,349602.759044123,0.001,0
2026-07-16T10:44:13Z,0.242,28.2925,7.02,0.2228,0,0.0846,0.3098,151.309,161.268223,4.6642,64.294,897.93,349592.5445260541,0.001,0
2026-07-16T10:44:13Z,0.243,28.2908,7.02,0.2152,0,0.0846,0.2796,151.294,161.248887,4.7396,65.187,898.9,349515.2209301473,0.001,0
2026-07-16T10:44:13Z,0.243,28.2886,7.02,0.2075,0.0426,0.2115,0.4458,151.283,161.234794,4.8222,65.704,1448.3,349476.0297198296,0,0
2026-07-16T10:44:13Z,0.243,28.2863,7.02,0.1999,0.0426,0.2115,0.3552,151.288,161.238221,4.9147,65.904,553.81,349536.20031312626,-0.001,0
2026-07-16T10:44:13Z,0.243,28.2844,7.02,0.2113,0.0426,0.2115,0.189,151.3,161.248055,5.0054,65.868,839.25,349624.9275959139,-0.002,0
2026-07-16T10:44:13Z,0.242,28.2832,7.02,0.2228,0.0426,0.2115,0.4005,151.305,161.250884,5.0751,65.616,608.97,349662.1337361788,-0.002,0
2026-07-16T10:44:13Z,0.242,28.2825,6.93,0.2037,0.0426,0.1692,0.2494,151.308,161.251471,5.1153,65.173,959.25,349677.91481695196,-0.003,0
2026-07-16T10:44:13Z,0.241,28.2819,6.93,0.1579,0.0426,0.1692,0.2947,151.318,161.261998,5.131,64.644,1010.2,349747.2975978344,-0.004,0
2026-07-16T10:44:13Z,0.24,28.2809,6.93,0.1465,0.0426,0.1692,0.3703,151.329,161.273247,5.1283,64.156,559.98,349827.8665528105,-0.004,0
2026-07-16T10:44:13Z,0.238,28.28,6.93,0.1694,0.0426,0.1692,0.3552,151.325,161.268173,5.1087,63.784,649.29,349815.6804474253,-0.004,0
2026-07-16T10:44:13Z,0.237,28.2793,6.93,0.1618,0.0426,0.1692,0.34,151.314,161.257451,5.0744,63.546,1003.4,349768.4406549467,-0.004,0
2026-07-16T10:44:13Z,0.236,28.279,6.93,0.1618,0.0426,0.0846,0.3854,151.314,161.258263,5.0332,63.443,533.95,349778.3298533643,-0.004,0
2026-07-16T10:44:13Z,0.235,28.2788,6.93,0.1579,0.0426,0.0846,0.3552,151.312,161.258801,4.9952,63.463,846.03,349784.9043421003,-0.003,0
2026-07-16T10:44:13Z,0.234,28.2787,6.93,0.1541,0.0426,0.0846,0.2947,151.308,161.255199,4.9662,63.574,1171.3,349766.6181561456,-0.002,0
2026-07-16T10:44:13Z,0.234,28.2789,6.93,0.1541,0.0426,0.0846,0.3552,151.314,161.262531,4.9477,63.735,451.29,349803.9050926118,-0.002,0
2026-07-16T10:44:13Z,0.233,28.2794,7.02,0.2075,0.0426,-0.0423,0.4458,151.321,161.270728,4.9396,63.904,585.74,349840.65082561085,-0.001,0
2026-07-16T10:44:13Z,0.233,28.28,7.02,0.1999,0.0426,-0.0423,0.4005,151.325,161.277965,4.9411,64.049,721.45,349870.25915666757,-0.001,0
2026-07-16T10:44:13Z,0.233,28.2804,7.02,0.1961,0.0426,-0.0423,0.3854,151.345,161.302208,4.9497,64.144,774.75,349998.2472373314,-0.001,0
2026-07-16T10:44:13Z,0.233,28.2806,7.02,0.2228,0.0426,-0.0423,0.3552,151.374,161.335892,4.9622,64.168,892.29,350182.4899336392,-0.001,0
2026-07-16T10:44:13Z,0.233,28.281,6.93,0.2152,0.0426,0.0846,0.2947,151.391,161.357933,4.9754,64.106,455.53,350298.2608945179,-0,0
2026-07-16T10:44:13Z,0.233,28.2818,6.93,0.2266,0.0426,0.0846,0.34,151.392,161.364189,4.9866,63.959,742.93,350318.83262543764,-0,0
2026-07-16T10:44:13Z,0.232,28.2827,6.93,0.2304,0.0426,0.0846,0.4005,151.387,161.362342,4.9939,63.741,824.43,350292.4157793017,-0,0
2026-07-16T10:44:13Z,0.232,28.2838,6.93,0.219,0.0426,0.0846,0.3854,151.378,161.355907,4.9956,63.473,909.32,350236.83249695814,0,0
2026-07-16T10:44:13Z,0.232,28.2851,6.93,0.1389,0.0852,0.2115,0.4609,151.366,161.347176,4.9907,63.174,988.23,350164.87430797814,0,0
2026-07-16T10:44:13Z,0.232,28.2865,6.93,0.1503,0.0852,0.2115,0.4156,151.353,161.337832,4.9791,62.852,737.14,350087.7218092188,0,0
2026-07-16T10:44:13Z,0.232,28.2879,6.93,0.1351,0.0852,0.2115,0.34,151.338,161.325381,4.9621,62.505,591.37,349993.2645226144,0,0
2026-07-16T10:44:13Z,0.232,28.2891,6.93,0.1503,0.0852,0.2115,0.4156,151.325,161.314522,4.9411,62.142,930.1,349911.27700742095,0,0
2026-07-16T10:44:13Z,0.232,28.2903,6.93,0.2228,0.0852,0.2115,0.3854,151.319,161.310376,4.9177,61.769,692.12,349866.7134477688,0,0
2026-07-16T10:44:13Z,0.232,28.2918,7.02,0.2037,0.0426,0.1269,0.4156,151.322,161.315846,4.8925,61.389,828.38,349870.37554119545,0,0
2026-07-16T10:44:13Z,0.233,28.2931,7.02,0.2152,0.0426,0.1269,0.3854,151.331,161.328382,4.8654,61.005,761.57,349916.9898933819,0,0
2026-07-16T10:44:13Z,0.233,28.294,7.02,0.2113,0.0426,0.1269,0.3854,151.336,161.335292,4.837,60.623,606.99,349939.40462652745,0,0
2026-07-16T10:44:13Z,0.233,28.2947,7.02,0.2304,0.0426,0.1269,0.2796,151.333,161.334412,4.8079,60.249,985.23,349921.9827468993,0,0
2026-07-16T10:44:13Z,0.233,28.2955,7.02,0.2075,0.0426,0.1269,0.3249,151.33,161.333523,4.7783,59.891,1262.2,349902.7236096229,0,0
2026-07-16T10:44:13Z,0.233,28.2962,7.02,0.2152,0.0426,0.1269,0.34,151.331,161.336397,4.7484,59.556,1444.2,349906.22232924786,0,0
2026-07-16T10:44:13Z,0.233,28.297,7.02,0.1999,0.0426,0.1269,0.4005,151.332,161.339793,4.7186,59.247,1264.9,349910.8416392757,0,0
2026-07-16T10:44:13Z,0.233,28.2977,7.02,0.2228,0.0426,0.1269,0.3098,151.331,161.340606,4.6894,58.968,1019.9,349902.85560332413,0,0
2026-07-16T10:44:13Z,0.233,28.2984,7.11,0.2152,0.0852,0.1692,0.4005,151.328,161.339055,4.6615,58.722,970.78,349881.69761924533,0,0
2026-07-16T10:44:13Z,0.233,28.2991,7.11,0.1999,0.0852,0.1692,0.2796,151.327,161.338733,4.6354,58.516,690.62,349867.38858495065,0,0
2026-07-16T10:44:13Z,0.232,28.2998,7.11,0.2381,0.0852,0.1692,0.2947,151.327,161.339557,4.6113,58.36,1188.5,349859.4652567167,0,0
2026-07-16T10:44:13Z,0.232,28.3003,7.11,0.2113,0.0852,0.1692,0.2494,151.315,161.327714,4.5895,58.262,830,349784.54803791386,0,0
2026-07-16T10:44:13Z,0.232,28.3008,7.11,0.1732,0.0852,0.1692,0.3854,151.291,161.302052,4.5703,58.226,823.71,349632.67536186305,0,0
2026-07-16T10:44:13Z,0.232,28.3012,6.93,0.1961,0.0852,0.0846,0.4156,151.278,161.285791,4.5542,58.266,1632.2,349534.976600439,0,0
2026-07-16T10:44:13Z,0.232,28.3016,6.93,0.1923,0.0852,0.0846,0.4458,151.284,161.288626,4.5421,58.384,1161.1,349543.6184749569,0,0
2026-07-16T10:44:13Z,0.232,28.3018,6.93,0.2075,0.0852,0.0846,0.3854,151.292,161.291269,4.5345,58.524,1196,349554.7634212736,-0.001,0
2026-07-16T10:44:13Z,0.232,28.3017,6.93,0.2113,0.0852,0.0846,0.4005,151.284,161.27839,4.5316,58.615,470.42,349484.8384136411,-0.001,0
2026-07-16T10:44:13Z,0.232,28.301,7.02,0.2228,0.0852,0.1269,0.4156,151.272,161.262589,4.5348,58.617,1247.2,349409.3671375157,-0.001,0
2026-07-16T10:44:13Z,0.232,28.2996,7.02,0.2075,0.0852,0.1269,0.4156,151.276,161.263704,4.5441,58.516,1306.3,349440.5719064852,-0.001,0
2026-07-16T10:44:13Z,0.231,28.298,7.02,0.2152,0.0852,0.1269,0.2645,151.287,161.274015,4.5551,58.316,479.5,349526.5572189796,-0.002,0
2026-07-16T10:44:13Z,0.231,28.2965,7.02,0.2152,0.0852,0.1269,0.3703,151.287,161.272219,4.5624,58.028,879.39,349543.34792079375,-0.002,0
2026-07-16T10:44:13Z,0.231,28.2954,7.02,0.2113,0.0426,0.1269,0.3854,151.282,161.265855,4.5626,57.671,696.2,349527.5560059172,-0.003,0
2026-07-16T10:44:13Z,0.23,28.2945,7.02,0.2152,0.0426,0.1269,0.34,151.282,161.265252,4.5548,57.279,734.26,349540.27369082824,-0.004,0
2026-07-16T10:44:13Z,0.228,28.2937,7.02,0.2152,0.0426,0.1269,0.3098,151.282,161.26624,4.5393,56.901,986.73,349560.0671454911,-0.004,0
2026-07-16T10:44:13Z,0.227,28.2932,7.02,0.2152,0.0426,0.1269,0.3098,151.287,161.273091,4.517,56.583,816.23,349607.1572899759,-0.005,0
2026-07-16T10:44:13Z,0.226,28.2929,7.02,0.2266,0,0.0423,0.3854,151.295,161.283624,4.4892,56.351,811.1,349671.189120957,-0.004,0
2026-07-16T10:44:13Z,0.224,28.2928,7.02,0.2419,0,0.0423,0.4156,151.297,161.288622,4.4587,56.224,1242,349700.81868260825,-0.004,0
2026-07-16T10:44:13Z,0.223,28.2931,7.02,0.2037,0,0.0423,0.3552,151.289,161.281401,4.4292,56.221,740.67,349655.2328957554,-0.003,0
2026-07-16T10:44:13Z,0.223,28.2936,7.02,0.2113,0,0.0423,0.2947,151.282,161.27607,4.4044,56.367,1057.8,349616.60508222226,-0.002,0
2026-07-16T10:44:13Z,0.223,28.2943,7.02,0.219,0,0.0423,0.3552,151.295,161.291249,4.3863,56.672,763.06,349688.6476193666,-0.001,0
2026-07-16T10:44:13Z,0.223,28.2951,7.02,0.1846,0.0426,0.0846,0.34,151.313,161.310944,4.3763,57.128,1022.1,349784.0695471655,0,0
2026-07-16T10:44:13Z,0.223,28.2958,7.02,0.1846,0.0426,0.0846,0.4005,151.332,161.332389,4.376,57.729,629.56,349891.0433625013,0.001,0
2026-07-16T10:44:13Z,0.223,28.2964,7.02,0.2762,0.0426,0.0846,0.4005,151.362,161.367317,4.3873,58.479,1785.4,350074.97301024036,0.001,0
2026-07-16T10:44:13Z,0.223,28.2967,7.02,0.2724,0.0426,0.0846,0.3703,151.386,161.39698,4.4111,59.373,875.77,350234.9707139716,0.002,0
2026-07-16T10:44:13Z,0.224,28.2969,6.93,0.28,0.0852,0.3807,0.2947,151.398,161.413256,4.4466,60.386,1739.5,350322.1455634917,0.003,0
2026-07-16T10:44:13Z,0.224,28.2974,6.93,0.2648,0.0852,0.3807,0.3854,151.404,161.422488,4.4933,61.476,768.71,350364.67674990173,0.003,0
2026-07-16T10:44:13Z,0.225,28.2983,6.93,0.2304,0.0852,0.3807,0.3552,151.402,161.42313,4.5516,62.591,1072.8,350352.143461275,0.004,0
2026-07-16T10:44:13Z,0.227,28.2997,6.93,0.1999,0.0852,0.3807,0.2494,151.4,161.423371,4.6211,63.667,769.89,350328.42384051275,0.005,0
2026-07-16T10:44:13Z,0.228,28.301,7.02,0.2228,0.0852,0.0846,0.3249,151.401,161.427283,4.6998,64.626,974.16,350326.96543737996,0.005,0
2026-07-16T10:44:13Z,0.23,28.3019,7.02,0.2152,0.0852,0.0846,0.3854,151.404,161.431902,4.7846,65.394,853.41,350336.60917971976,0.005,0
2026-07-16T10:44:13Z,0.231,28.3027,7.02,0.2838,0.0852,0.0846,0.2947,151.407,161.43846,4.8713,65.92,1651.4,350358.85479204427,0.005,0
2026-07-16T10:44:13Z,0.233,28.3035,7.02,0.2724,0.0852,0.0846,0.3854,151.406,161.440687,4.955,66.18,1476.3,350356.9506647754,0.005,0
2026-07-16T10:44:13Z,0.234,28.3043,7.02,0.2648,0.0852,0.0846,0.3249,151.394,161.43116,5.0296,66.188,1417.5,350289.5109433467,0.004,0
2026-07-16T10:44:13Z,0.235,28.3051,7.02,0.2915,0.0426,0.2115,0.2947,151.376,161.415356,5.0893,65.982,848.05,350187.09180937725,0.003,0
2026-07-16T10:44:13Z,0.235,28.306,7.02,0.2915,0.0426,0.2115,0.3552,151.358,161.401088,5.1301,65.611,995.35,350091.46542633435,0.002,0
2026-07-16T10:44:13Z,0.236,28.307,7.02,0.3105,0.0426,0.2115,0.4005,151.342,161.388559,5.1503,65.131,1120,350003.76039961487,0.002,0
2026-07-16T10:44:13Z,0.236,28.3081,7.02,0.28,0.0426,0.2115,0.34,151.331,161.382445,5.1508,64.59,1184.6,349950.0246546138,0.001,0
2026-07-16T10:44:13Z,0.237,28.3094,6.93,0.3067,0.0426,0.1692,0.4005,151.334,161.391138,5.1346,64.029,1079.8,349975.21367329155,0.001,0
2026-07-16T10:44:13Z,0.237,28.3108,6.93,0.2876,0.0426,0.1692,0.4156,151.342,161.40493,5.1056,63.477,970.78,350027.0252747047,0.001,0
2026-07-16T10:44:13Z,0.237,28.3124,6.93,0.3143,0.0426,0.1692,0.3552,151.335,161.403448,5.0681,62.959,650.98,349990.1570185609,0,0
2026-07-16T10:44:13Z,0.237,28.314,6.93,0.2419,0.0426,0.1692,0.3249,151.309,161.382289,5.0259,62.494,792.98,349843.68523621594,0,0
2026-07-16T10:44:13Z,0.237,28.3159,6.93,0.2876,0.0426,-0.0423,0.3552,151.283,161.359861,4.982,62.102,1320,349684.8347780184,-0.001,0
2026-07-16T10:44:13Z,0.237,28.3179,6.93,0.2686,0.0426,-0.0423,0.4307,151.267,161.348224,4.9389,61.795,784.92,349584.3236074943,-0.001,0
2026-07-16T10:44:13Z,0.236,28.3199,6.93,0.28,0.0426,-0.0423,0.3854,151.259,161.344274,4.8984,61.572,943.95,349526.62270579196,-0.001,0
2026-07-16T10:44:13Z,0.236,28.3218,6.93,0.2991,0.0426,-0.0423,0.476,151.265,161.354975,4.8621,61.425,919.45,349552.2608183297,-0.001,0
2026-07-16T10:44:13Z,0.235,28.3236,6.93,0.2648,0.0426,-0.0423,0.2494,151.288,161.383181,4.8314,61.339,740.03,349677.1275131279,-0.001,0
2026-07-16T10:44:13Z,0.235,28.3254,6.93,0.2648,0.0426,0.2115,0.3249,151.313,161.414367,4.8074,61.294,1301.5,349818.60542462365,-0.001,0
2026-07-16T10:44:13Z,0.235,28.3271,6.93,0.28,0.0426,0.2115,0.3552,151.327,161.432798,4.7899,61.268,1725.2,349890.86055871734,0,0
2026-07-16T10:44:13Z,0.235,28.3286,6.93,0.2838,0.0426,0.2115,0.4458,151.321,161.429357,4.7784,61.236,1061.7,349844.8938607887,0,0
2026-07-16T10:44:13Z,0.235,28.3299,6.93,0.2648,0.0426,0.2115,0.4156,151.303,161.41315,4.7715,61.175,1106.7,349731.4344891483,-0,0
2026-07-16T10:44:13Z,0.235,28.3311,6.93,0.2724,0.0426,0.1269,0.3854,151.291,161.403906,4.7679,61.075,963.01,349658.54457832954,-0,0
2026-07-16T10:44:13Z,0.235,28.3323,6.93,0.28,0.0426,0.1269,0.3552,151.286,161.403169,4.7658,60.93,940.06,349633.01338370837,-0,0
2026-07-16T10:44:13Z,0.235,28.3334,6.93,0.2686,0.0426,0.1269,0.3552,151.28,161.400721,4.7633,60.74,1121.9,349599.7473640314,-0,0
2026-07-16T10:44:13Z,0.235,28.3344,6.93,0.2915,0.0426,0.1269,0.4156,151.273,161.397913,4.7585,60.514,1144.1,349566.2666014517,-0,0
2026-07-16T10:44:13Z,0.235,28.3356,7.02,0.2609,0.0426,0.1692,0.4005,151.275,161.404019,4.7505,60.265,1053.9,349578.82164870424,-0,0
2026-07-16T10:44:13Z,0.235,28.3369,7.02,0.2571,0.0426,0.1692,0.3249,151.278,161.410646,4.7391,60.008,1091.2,349592.4898017139,0,0
2026-07-16T10:44:13Z,0.235,28.3383,7.02,0.28,0.0426,0.1692,0.3854,151.261,161.395508,4.7242,59.752,1705.8,349483.26769515476,0,0
2026-07-16T10:44:13Z,0.235,28.3397,7.02,0.2724,0.0426,0.1692,0.4458,151.231,161.366596,4.7065,59.501,1603,349297.4615798651,0,0
2026-07-16T10:44:13Z,0.235,28.341,7.02,0.2876,0.0426,0.1269,0.34,151.216,161.352278,4.6871,59.26,1019.4,349194.65266591473,0,0
2026-07-16T10:44:13Z,0.235,28.3423,7.02,0.2724,0.0426,0.1269,0.2947,151.222,161.358757,4.6671,59.03,1190,349207.4969382913,0,0
2026-07-16T10:44:13Z,0.235,28.3434,7.02,0.2648,0.0426,0.1269,0.3249,151.232,161.369722,4.647,58.803,934.96,349248.8522613311,0,0
2026-07-16T10:44:13Z,0.235,28.3442,7.02,0.2724,0.0426,0.1269,0.34,151.226,161.364044,4.6274,58.577,1174.1,349203.0133541308,-0.001,0
2026-07-16T10:44:13Z,0.234,28.3447,7.02,0.2724,0.0426,0.1269,0.3703,151.211,161.348228,4.6087,58.359,667.89,349106.16621478647,-0.001,0
2026-07-16T10:44:13Z,0.234,28.345,6.93,0.2953,0.0426,0.2961,0.3854,151.209,161.346116,4.5907,58.159,907.93,349089.0774859786,-0.001,0
2026-07-16T10:44:13Z,0.234,28.3451,6.93,0.2686,0.0426,0.2961,0.4458,151.216,161.353136,4.5731,57.975,766.05,349126.32037004316,-0.001,0
2026-07-16T10:44:13Z,0.234,28.3452,6.93,0.2953,0.0426,0.2961,0.3703,151.22,161.35713,4.5555,57.803,733.31,349146.74205849087,-0.001,0
2026-07-16T10:44:13Z,0.234,28.3451,6.93,0.28,0.0426,0.2961,0.3854,151.227,161.365176,4.5386,57.637,1167,349193.2594486268,0,0
2026-07-16T10:44:13Z,0.234,28.3451,7.02,0.2571,0.0852,0.0846,0.3098,151.24,161.381424,4.523,57.477,1054.8,349283.6058276414,0,0
2026-07-16T10:44:13Z,0.234,28.345,7.02,0.3029,0.0852,0.0846,0.3703,151.258,161.402189,4.5087,57.322,1246.4,349400.87376252975,0,0
2026-07-16T10:44:13Z,0.234,28.345,7.02,0.3067,0.0852,0.0846,0.3552,151.272,161.418979,4.4953,57.161,1788.5,349494.26824647957,-0,0
2026-07-16T10:44:13Z,0.234,28.3452,7.02,0.2571,0.0852,0.0846,0.3854,151.278,161.42625,4.4824,56.985,1302,349531.1482637203,-0,0
2026-07-16T10:44:13Z,0.234,28.3458,7.11,0.2762,0.0426,0.1269,0.4307,151.282,161.431954,4.4699,56.798,1212.4,349552.17239928176,-0,0
2026-07-16T10:44:13Z,0.234,28.3465,7.11,0.2648,0.0426,0.1269,0.3552,151.286,161.437611,4.4578,56.615,767.55,349571.1502650646,-0,0
2026-07-16T10:44:13Z,0.234,28.3471,7.11,0.28,0.0426,0.1269,0.4005,151.287,161.438718,4.4452,56.451,1749.7,349566.59878156276,-0,0
2026-07-16T10:44:13Z,0.234,28.3476,7.11,0.2724,0.0426,0.1269,0.4458,151.287,161.439578,4.4314,56.312,1340.2,349562.45853250654,0,0
2026-07-16T10:44:13Z,0.234,28.3479,7.11,0.2876,0.0426,0.1269,0.3249,151.299,161.452446,4.4169,56.201,739.87,349628.6964541201,0,0
2026-07-16T10:44:13Z,0.234,28.3481,6.93,0.2648,0.0426,0.0846,0.34,151.325,161.480753,4.4027,56.116,1102.6,349782.64453117026,0,0
2026-07-16T10:44:13Z,0.234,28.3484,6.93,0.28,0.0426,0.0846,0.34,151.34,161.497976,4.3899,56.051,730.13,349873.14615558053,0,0
2026-07-16T10:44:13Z,0.234,28.3486,6.93,0.2724,0.0426,0.0846,0.4307,151.332,161.490667,4.379,55.994,1010.8,349828.89121335914,0,0
2026-07-16T10:44:13Z,0.234,28.3487,6.93,0.2762,0.0426,0.0846,0.3854,151.323,161.482934,4.3704,55.931,874.82,349784.06637171167,0,0
2026-07-16T10:44:13Z,0.234,28.3489,7.02,0.2648,0,0.0846,0.4005,151.321,161.482737,4.3638,55.856,894.42,349779.39794800483,0,0
2026-07-16T10:44:13Z,0.234,28.3491,7.02,0.2876,0,0.0846,0.2947,151.314,161.480001,4.3587,55.769,1865.5,349760.5996567013,0,0
2026-07-16T10:44:13Z,0.234,28.3495,7.02,0.2876,0,0.0846,0.3249,151.302,161.471992,4.3543,55.673,1371.1,349708.8879478061,0,0
2026-07-16T10:44:13Z,0.234,28.35,7.02,0.2762,0,0.0846,0.3249,151.282,161.456576,4.3494,55.572,915.46,349614.1855512261,0,0
2026-07-16T10:44:13Z,0.234,28.3509,7.02,0.2915,0.0426,0.0846,0.3098,151.26,161.439664,4.3434,55.467,930.71,349504.04084963055,0,0
2026-07-16T10:44:13Z,0.234,28.3523,7.02,0.2495,0.0426,0.0846,0.3249,151.249,161.432781,4.3366,55.356,1007.1,349440.7764272184,-0.001,0
2026-07-16T10:44:13Z,0.233,28.354,7.02,0.2838,0.0426,0.0846,0.4156,151.247,161.434091,4.329,55.242,1632.9,349417.732144825,-0.001,0
2026-07-16T10:44:13Z,0.233,28.356,7.02,0.2686,0.0426,0.0846,0.3552,151.241,161.431918,4.321,55.135,966.15,349369.9709603049,-0.001,0
2026-07-16T10:44:13Z,0.233,28.358,6.93,0.2876,0,0.0846,0.3552,151.23,161.423679,4.3126,55.045,981.17,349288.4926142561,-0.001,0
2026-07-16T10:44:13Z,0.233,28.3596,6.93,0.2686,0,0.0846,0.3703,151.221,161.417197,4.3039,54.984,1288.8,349223.9294951285,-0.001,0
2026-07-16T10:44:13Z,0.233,28.361,6.93,0.2648,0,0.0846,0.2947,151.224,161.422771,4.2949,54.959,1388.5,349229.95318295504,-0.001,0
2026-07-16T10:44:13Z,0.232,28.3622,6.93,0.2571,0,0.0846,0.3552,151.242,161.441888,4.2865,54.973,884.18,349314.82670334517,-0.001,0
2026-07-16T10:44:13Z,0.232,28.3634,6.93,0.2648,0,0.0846,0.3249,151.253,161.451584,4.2795,55.024,1380.4,349347.33072196535,0,0
2026-07-16T10:44:13Z,0.232,28.3645,7.02,0.2571,0,0.0846,0.2796,151.237,161.432397,4.2746,55.118,1121.7,349221.0602866705,0,0
2026-07-16T10:44:13Z,0.232,28.3652,7.02,0.2915,0,0.0846,0.4911,151.22,161.413284,4.2727,55.258,949.91,349102.3627292309,0.001,0
2026-07-16T10:44:13Z,0.232,28.3652,7.02,0.2571,0,0.0846,0.2494,151.226,161.419212,4.2737,55.453,1242.3,349135.30459842086,0.001,0
2026-07-16T10:44:13Z,0.233,28.3647,7.02,0.2876,0,0.0846,0.4307,151.236,161.429716,4.2777,55.716,645.07,349202.593535507,0.001,0
2026-07-16T10:44:13Z,0.233,28.3639,7.11,0.2724,0.0426,0.2115,0.4307,151.239,161.433565,4.285,56.069,919.85,349238.2483490945,0.001,0
2026-07-16T10:44:13Z,0.234,28.3635,7.11,0.2724,0.0426,0.2115,0.3854,151.247,161.441809,4.296,56.534,908.92,349291.20566117414,0.001,0
2026-07-16T10:44:13Z,0.234,28.3634,7.11,0.2762,0.0426,0.2115,0.34,151.26,161.454642,4.3111,57.121,1351,349364.33118407766,0.001,0
2026-07-16T10:44:13Z,0.234,28.3635,7.11,0.2991,0.0426,0.2115,0.2796,151.267,161.461454,4.3316,57.819,1034.4,349400.4210162671,0.001,0
2026-07-16T10:44:13Z,0.234,28.3635,6.93,0.2724,0.0852,0.2115,0.4156,151.274,161.468072,4.359,58.606,1074,349437.21813946165,0,0
2026-07-16T10:44:13Z,0.234,28.3633,6.93,0.2724,0.0852,0.2115,0.3249,151.295,161.486281,4.3952,59.466,1067.7,349542.0437307938,0,0
2026-07-16T10:44:13Z,0.234,28.3631,6.93,0.2876,0.0852,0.2115,0.4307,151.323,161.510917,4.4409,60.378,1007.1,349682.6404822034,0,0
2026-07-16T10:44:13Z,0.234,28.3629,6.93,0.2991,0.0852,0.2115,0.3098,151.347,161.530508,4.4951,61.304,1221.7,349795.20242542034,0,0
2026-07-16T10:44:13Z,0.234,28.3624,6.93,0.2876,0.0852,0.2115,0.3854,151.364,161.542263,4.5563,62.196,774.92,349869.54034957255,-0.001,0
2026-07-16T10:44:13Z,0.233,28.3613,7.02,0.1351,0.0852,0.0846,0.4005,151.372,161.545306,4.6233,63.009,1458.4,349906.1227827334,-0.001,0
2026-07-16T10:44:13Z,0.233,28.3596,7.02,0.1503,0.0852,0.0846,0.3703,151.375,161.544457,4.6944,63.703,970.99,349931.76691809733,-0.001,0
2026-07-16T10:44:13Z,0.233,28.3576,7.02,0.1656,0.0852,0.0846,0.3098,151.378,161.543497,4.7666,64.235,996.64,349962.1559602057,-0.001,0
2026-07-16T10:44:13Z,0.233,28.3555,7.02,0.1503,0.0852,0.0846,0.3854,151.374,161.534155,4.8361,64.573,1414.1,349947.6782337142,-0.001,0
2026-07-16T10:44:13Z,0.232,28.3537,6.93,0.219,0.0426,0.2115,0.3249,151.368,161.521955,4.8995,64.707,782.36,349911.9309434749,-0.001,0
2026-07-16T10:44:13Z,0.232,28.3523,6.93,0.2152,0.0426,0.2115,0.3552,151.371,161.519679,4.9535,64.638,1115.1,349924.2749051554,-0.001,0
2026-07-16T10:44:13Z,0.232,28.3508,6.93,0.219,0.0426,0.2115,0.4156,151.378,161.52271,4.995,64.385,1397.6,349967.9496086981,-0.001,0
2026-07-16T10:44:13Z,0.231,28.3491,6.93,0.1846,0.0426,0.2115,0.3098,151.375,161.51582200000001,5.0215,63.972,1120.2,349959.982134875,-0.001,0
2026-07-16T10:44:13Z,0.231,28.3472,7.02,0.2762,0,0.0846,0.4156,151.364,161.501188,5.032,63.429,1123.7,349912.46596588084,-0.001,0
2026-07-16T10:44:13Z,0.231,28.3454,7.02,0.2876,0,0.0846,0.3552,151.361,161.494947,5.0268,62.794,758.1,349909.8847877172,-0.001,0
2026-07-16T10:44:13Z,0.231,28.3439,7.02,0.2648,0,0.0846,0.3854,151.367,161.499443,5.0072,62.114,1528.8,349961.7192571262,-0.002,0
2026-07-16T10:44:13Z,0.23,28.3427,7.02,0.28,0,0.0846,0.2947,151.375,161.507859,4.9753,61.43,1359.9,350030.02737361705,-0.002,0
2026-07-16T10:44:13Z,0.23,28.3418,7.11,0.2953,0.0852,0.0846,0.3703,151.385,161.51843,4.9331,60.777,858.81,350104.9846003842,-0.003,0
2026-07-16T10:44:13Z,0.229,28.341,7.11,0.2648,0.0852,0.0846,0.3854,151.395,161.529965,4.8838,60.18,866.49,350183.53588632675,-0.004,0
2026-07-16T10:44:13Z,0.228,28.3405,7.11,0.2648,0.0852,0.0846,0.3854,151.404,161.541534,4.831,59.65,1465.1,350256.9237045932,-0.004,0
2026-07-16T10:44:13Z,0.227,28.3401,7.11,0.2762,0.0852,0.0846,0.3552,151.411,161.552212,4.7778,59.191,1539.5,350323.5690094433,-0.005,0
2026-07-16T10:44:13Z,0.226,28.3401,7.11,0.2609,0.0852,0.0846,0.3098,151.415,161.560837,4.727,58.808,560.22,350371.6264697058,-0.006,0
2026-07-16T10:44:13Z,0.224,28.3404,7.11,0.2648,0.0852,0.1269,0.3854,151.415,161.565702,4.6806,58.488,920.45,350393.3671735434,-0.007,0
2026-07-16T10:44:13Z,0.222,28.3411,7.11,0.2991,0.0852,0.1269,0.3854,151.393,161.548061,4.6393,58.212,1330,350282.554930407,-0.007,0
2026-07-16T10:44:13Z,0.22,28.342,7.11,0.2838,0.0852,0.1269,0.4458,151.352,161.509224,4.6035,57.955,932.73,350050.1444508296,-0.007,0
2026-07-16T10:44:13Z,0.218,28.3434,7.11,0.2571,0.0852,0.1269,0.3249,151.326,161.486936,4.5736,57.692,1194.1,349901.02724736783,-0.007,0
2026-07-16T10:44:13Z,0.216,28.3452,7.02,0.2724,0.0852,0.0846,0.3552,151.325,161.491291,4.5486,57.404,1104.1,349893.1106936523,-0.007,0
2026-07-16T10:44:13Z,0.214,28.3471,7.02,0.28,0.0852,0.0846,0.4307,151.329,161.499397,4.5269,57.088,942.31,349904.28827782575,-0.006,0
2026-07-16T10:44:13Z,0.213,28.3489,7.02,0.2876,0.0852,0.0846,0.2494,151.331,161.5054,4.5068,56.751,1341.9,349905.54476194916,-0.005,0
2026-07-16T10:44:13Z,0.212,28.3505,7.02,0.2724,0.0852,0.0846,0.3098,151.338,161.516912,4.4863,56.399,1048.4,349941.0401799818,-0.004,0
2026-07-16T10:44:13Z,0.211,28.3521,7.02,0.2686,0.0426,0.1269,0.3552,151.341,161.522975,4.4637,56.05,537.1,349946.20229754114,-0.003,0
2026-07-16T10:44:13Z,0.211,28.3536,7.02,0.28,0.0426,0.1269,0.3854,151.33,161.515182,4.4391,55.72,916.06,349876.02701564296,-0.002,0
2026-07-16T10:44:13Z,0.21,28.3549,7.02,0.2724,0.0426,0.1269,0.3854,151.32,161.507492,4.4127,55.42,398.2,349810.0092009108,-0.001,0
2026-07-16T10:44:13Z,0.21,28.3561,7.02,0.28,0.0426,0.1269,0.3249,151.316,161.50587,4.3853,55.153,1190.8,349779.55227185064,-0.001,0
2026-07-16T10:44:13Z,0.21,28.3572,7.02,0.2648,0.0426,0.1269,0.3552,151.31,161.501868,4.358,54.915,1757.3,349737.64155841,-0,0
2026-07-16T10:44:13Z,0.21,28.3583,6.84,0.322,0.0426,0.0846,0.3249,151.302,161.494418,4.3323,54.69,1077.5,349676.5532683744,0.001,0
2026-07-16T10:44:13Z,0.21,28.3593,6.84,0.28,0.0426,0.0846,0.3552,151.296,161.48955,4.3089,54.461,1718.4,349631.6216845847,0.001,0
2026-07-16T10:44:13Z,0.211,28.3602,6.84,0.2838,0.0426,0.0846,0.3552,151.295,161.489975,4.2881,54.222,507.15,349617.9214210997,0.002,0
2026-07-16T10:44:13Z,0.211,28.361,6.84,0.28,0.0426,0.0846,0.3854,151.297,161.491799,4.2695,53.973,1141.4,349613.7880192678,0.002,0
2026-07-16T10:44:13Z,0.212,28.3616,7.11,0.2876,0,0.0846,0.3854,151.3,161.495507,4.252,53.713,889,349623.7040623155,0.003,0
2026-07-16T10:44:13Z,0.212,28.362,7.11,0.2724,0,0.0846,0.4005,151.31,161.506097,4.2341,53.45,696.04,349675.4715603306,0.003,0
2026-07-16T10:44:13Z,0.213,28.3622,7.11,0.2648,0,0.0846,0.3854,151.321,161.518376,4.2155,53.194,1134.5,349740.21023357875,0.003,0
2026-07-16T10:44:13Z,0.214,28.3624,7.11,0.3372,0,0.0846,0.4458,151.321,161.519582,4.1962,52.954,840.35,349743.34847794584,0.003,0
2026-07-16T10:44:13Z,0.215,28.3625,7.02,0.3296,0.0426,0.0846,0.4156,151.312,161.510039,4.1759,52.744,482.11,349688.47356424865,0.003,0
2026-07-16T10:44:13Z,0.216,28.3626,7.02,0.3182,0.0426,0.0846,0.3552,151.31,161.509247,4.1555,52.573,1161.4,349682.2822875464,0.003,0
2026-07-16T10:44:13Z,0.217,28.3627,7.02,0.3487,0.0426,0.0846,0.34,151.326,161.527019,4.1356,52.448,826.04,349779.3675913677,0.003,0
2026-07-16T10:44:13Z,0.217,28.3629,7.02,0.3449,0.0426,0.0846,0.2494,151.342,161.546046,4.1169,52.366,2183.9,349881.66618733073,0.003,0
2026-07-16T10:44:13Z,0.218,28.3632,7.02,0.3296,0.0426,0.0846,0.3552,151.343,161.549355,4.1005,52.317,833.07,349894.72110171657,0.003,0
2026-07-16T10:44:13Z,0.219,28.3635,7.02,0.3182,0.0426,0.1692,0.4156,151.343,161.549852,4.0872,52.293,988.66,349892.1278374545,0.003,0
2026-07-16T10:44:13Z,0.22,28.3639,7.02,0.3334,0.0426,0.1692,0.4307,151.359,161.567715,4.0775,52.286,1534.2,349984.39297201927,0.003,0
2026-07-16T10:44:13Z,0.22,28.3644,7.02,0.3487,0.0426,0.1692,0.34,151.38,161.591673,4.0711,52.285,977.77,350108.8124210086,0.002,0
2026-07-16T10:44:13Z,0.221,28.3648,7.02,0.3449,0.0426,0.1692,0.4005,151.388,161.600053,4.0673,52.278,1275.4,350148.3134338656,0.002,0
2026-07-16T10:44:13Z,0.221,28.3652,7.02,0.3143,0.0426,0.1692,0.3552,151.385,161.595091,4.0654,52.249,1275.7,350113.5408943143,0.001,0
2026-07-16T10:44:13Z,0.221,28.3655,7.02,0.3296,0.0426,0.1692,0.4156,151.384,161.591498,4.0648,52.188,1256.2,350088.1785181861,0.001,0
2026-07-16T10:44:13Z,0.221,28.3658,7.02,0.3563,0.0426,0.1692,0.3854,151.384,161.588314,4.0647,52.09,1458.4,350065.09412507864,0,0
2026-07-16T10:44:13Z,0.221,28.3658,7.02,0.3258,0.0426,0.1692,0.4156,151.369,161.568657,4.0641,51.958,1172.3,349955.69017491624,0,0
2026-07-16T10:44:13Z,0.221,28.3654,7.02,0.3296,0.0426,0.0423,0.4156,151.343,161.53931,4.0619,51.799,1345.7,349799.536564735,0,0
2026-07-16T10:44:13Z,0.221,28.3645,7.02,0.3601,0.0426,0.0423,0.3552,151.323,161.5165,4.0573,51.631,1220.4,349688.7095767343,0,0
2026-07-16T10:44:13Z,0.221,28.3635,7.02,0.3258,0.0426,0.0423,0.3249,151.313,161.504164,4.0497,51.478,1033.9,349637.9409781595,0,0
2026-07-16T10:44:13Z,0.222,28.3625,7.02,0.3334,0.0426,0.0423,0.4156,151.314,161.505027,4.0395,51.359,1170.8,349660.59105125756,0,0
2026-07-16T10:44:13Z,0.222,28.3617,7.11,0.3487,0.0852,0.2538,0.3098,151.313,161.505288,4.0271,51.288,1071.2,349676.3236472866,0,0
2026-07-16T10:44:13Z,0.221,28.3612,7.11,0.3105,0.0852,0.2538,0.3098,151.308,161.501008,4.0142,51.269,1200.1,349661.44033773226,-0.001,0
2026-07-16T10:44:13Z,0.221,28.3609,7.11,0.3487,0.0852,0.2538,0.4156,151.315,161.509085,4.0023,51.303,947.85,349711.7285969828,-0.002,0
2026-07-16T10:44:13Z,0.221,28.3609,7.11,0.3601,0.0852,0.2538,0.4005,151.33,161.52566,3.993,51.388,1254.8,349803.94797139434,-0.002,0
2026-07-16T10:44:13Z,0.22,28.3612,7.11,0.3296,0.0852,0.2538,0.4156,151.333,161.529097,3.9875,51.514,963.84,349817.7147233626,-0.003,0
2026-07-16T10:44:13Z,0.219,28.3615,7.02,0.3372,0.0426,0.1692,0.3854,151.327,161.522317,3.986,51.661,1577.4,349774.633395713,-0.003,0
2026-07-16T10:44:13Z,0.218,28.3619,7.02,0.3487,0.0426,0.1692,0.3552,151.336,161.529568,3.9886,51.82,1486.9,349807.8352103113,-0.003,0
2026-07-16T10:44:13Z,0.217,28.3621,7.02,0.3334,0.0426,0.1692,0.2947,151.359,161.550779,3.9952,51.993,1744.4,349922.2953829149,-0.003,0
2026-07-16T10:44:13Z,0.216,28.3621,7.02,0.3296,0.0426,0.1692,0.3854,151.372,161.561542,4.005,52.176,476.28,349982.1971659585,-0.002,0
2026-07-16T10:44:13Z,0.216,28.3617,7.02,0.3334,0.0426,0.0846,0.3552,151.366,161.5527,4.0164,52.365,572.03,349940.13245878374,-0.001,0
2026-07-16T10:44:13Z,0.216,28.361,7.02,0.3296,0.0426,0.0846,0.3098,151.359,161.541939,4.0288,52.575,1460.3,349892.74965307175,-0.001,0
2026-07-16T10:44:13Z,0.217,28.3601,7.02,0.3372,0.0426,0.0846,0.4307,151.358,161.538414,4.0424,52.822,786.46,349889.20921711274,-0,0
2026-07-16T10:44:13Z,0.217,28.359,7.02,0.3487,0.0426,0.0846,0.34,151.358,161.537178,4.0566,53.098,1415.9,349901.9798157835,-0,0
2026-07-16T10:44:13Z,0.217,28.3579,7.02,0.3525,0.0426,0.0846,0.4458,151.37,161.549925,4.0714,53.387,493.56,349992.5806055907,-0,0
2026-07-16T10:44:13Z,0.217,28.357,7.02,0.3067,0.0426,0.0846,0.3552,151.397,161.580056,4.0879,53.666,1416.6,350176.415479372,-0,0
2026-07-16T10:44:13Z,0.216,28.3563,7.02,0.3563,0.0426,0.0846,0.2947,151.43,161.615563,4.1071,53.899,1384.9,350386.6835103256,-0,0
2026-07-16T10:44:13Z,0.216,28.356,7.02,0.3143,0.0426,0.0846,0.4005,151.461,161.649878,4.1285,54.06,792.29,350583.2322793978,-0.001,0
2026-07-16T10:44:13Z,0.216,28.356,7.02,0.3105,0.0426,0.0846,0.4005,151.477,161.6681,4.1511,54.131,630.24,350684.77987299016,-0.001,0
2026-07-16T10:44:13Z,0.216,28.3562,7.02,0.3945,0.0852,0.1269,0.3703,151.475,161.667073,4.1727,54.111,970.99,350675.47527655214,-0.001,0
2026-07-16T10:44:13Z,0.216,28.3565,7.02,0.4173,0.0852,0.1269,0.4307,151.469,161.662556,4.1908,54.02,1131.3,350644.93096508435,-0.001,0
2026-07-16T10:44:13Z,0.215,28.3569,7.02,0.3868,0.0852,0.1269,0.3552,151.456,161.649336,4.2033,53.906,1160.6,350564.1035338621,-0.001,0
2026-07-16T10:44:13Z,0.215,28.3572,7.02,0.4059,0.0852,0.1269,0.2645,151.426,161.61988,4.2088,53.824,1071,350394.63062249724,-0.001,0
2026-07-16T10:44:13Z,0.215,28.3575,7.02,0.3716,0.0852,0.0846,0.3854,151.401,161.594394,4.2072,53.809,1920.2,350247.3178238647,-0.001,0
2026-07-16T10:44:13Z,0.215,28.3579,7.02,0.4059,0.0852,0.0846,0.2645,151.388,161.582115,4.2001,53.861,903.21,350171.79040498263,-0.001,0
2026-07-16T10:44:13Z,0.215,28.3584,7.02,0.4135,0.0852,0.0846,0.3854,151.378,161.571753,4.1912,53.959,1195.7,350105.15935667686,-0,0
2026-07-16T10:44:13Z,0.215,28.359,7.02,0.3906,0.0852,0.0846,0.3249,151.369,161.560544,4.1848,54.072,895.59,350032.03535586415,-0,0
2026-07-16T10:44:13Z,0.215,28.3596,7.02,0.322,0.0426,0.0846,0.3703,151.361,161.549508,4.1836,54.171,602.52,349959.88530800655,-0,0
2026-07-16T10:44:13Z,0.214,28.3599,7.02,0.3449,0.0426,0.0846,0.2645,151.355,161.53971,4.1876,54.244,1110.8,349899.99495600606,-0,0
2026-07-16T10:44:13Z,0.214,28.3599,7.02,0.3563,0.0426,0.0846,0.4156,151.359,161.540563,4.1952,54.295,1027.7,349904.74212226627,-0,0
2026-07-16T10:44:13Z,0.214,28.3596,7.02,0.3334,0.0426,0.0846,0.34,151.372,161.552295,4.204,54.321,1517.6,349975.39787812415,0,0
2026-07-16T10:44:13Z,0.215,28.3588,7.11,0.3792,0.0426,0.0846,0.34,151.379,161.55799,4.2118,54.306,1037.3,350021.39233907685,0.001,0
2026-07-16T10:44:13Z,0.215,28.3576,7.11,0.4021,0.0426,0.0846,0.3552,151.373,161.55115,4.2176,54.236,416.52,350004.7608528651,0.001,0
2026-07-16T10:44:13Z,0.215,28.3565,7.11,0.4135,0.0426,0.0846,0.3249,151.366,161.541978,4.2216,54.115,946,349973.36121004884,0.001,0
2026-07-16T10:44:13Z,0.215,28.3558,7.11,0.3945,0.0426,0.0846,0.3098,151.357,161.532034,4.2237,53.953,786.46,349930.5182313252,0.001,0
2026-07-16T10:44:13Z,0.216,28.3554,7.11,0.3906,0.0426,0.0846,0.2494,151.341,161.51466,4.2225,53.756,796.95,349840.9670420492,0.001,0
2026-07-16T10:44:13Z,0.216,28.355,7.02,0.3906,0.0426,0.1692,0.3249,151.325,161.497247,4.2171,53.53,1376.5,349751.211719465,0.001,0
2026-07-16T10:44:13Z,0.216,28.3547,7.02,0.3945,0.0426,0.1692,0.3098,151.318,161.491188,4.2078,53.299,1192.8,349722.85502951406,0.001,0
2026-07-16T10:44:13Z,0.217,28.3545,7.02,0.4135,0.0426,0.1692,0.4156,151.317,161.490858,4.1952,53.087,1570.9,349724.5896881458,0.002,0
2026-07-16T10:44:13Z,0.217,28.3543,7.02,0.3945,0.0426,0.1692,0.3552,151.309,161.484142,4.1798,52.923,700.9,349690.79297113285,0.002,0
2026-07-16T10:44:13Z,0.217,28.3544,6.93,0.3868,0.0426,0.2115,0.3552,151.303,161.479273,4.1623,52.831,1508.4,349661.9180544663,0.002,0
2026-07-16T10:44:13Z,0.217,28.3546,6.93,0.4021,0.0426,0.2115,0.4156,151.31,161.48898,4.1443,52.805,1078.9,349712.3548138169,0.002,0
2026-07-16T10:44:13Z,0.218,28.3551,6.93,0.4021,0.0426,0.2115,0.4609,151.324,161.505833,4.1278,52.795,1771.1,349797.20252174383,0.003,0
2026-07-16T10:44:13Z,0.219,28.3557,6.93,0.486,0.0426,0.2115,0.4156,151.34,161.524303,4.115,52.758,1482.4,349889.2742277128,0.004,0
2026-07-16T10:44:13Z,0.22,28.3562,7.02,0.4898,0.0852,0.1692,0.3249,151.365,161.553324,4.1078,52.693,1268,350041.8800483982,0.005,0
2026-07-16T10:44:13Z,0.221,28.3568,7.02,0.5013,0.0852,0.1692,0.4156,151.405,161.596626,4.1058,52.62,1160.1,350272.26372207864,0.005,0
2026-07-16T10:44:13Z,0.222,28.3574,7.02,0.4517,0.0852,0.1692,0.4005,151.44,161.633689,4.1049,52.547,1010.6,350467.97566870175,0.006,0
2026-07-16T10:44:13Z,0.224,28.358,7.02,0.4021,0.0852,0.1692,0.3552,151.453,161.646333,4.102,52.471,944.97,350527.6816116114,0.006,0
2026-07-16T10:44:13Z,0.226,28.3586,7.02,0.3945,0.0852,0.1692,0.3552,151.463,161.653967,4.0969,52.394,1805.3,350559.47696203075,0.006,0
2026-07-16T10:44:13Z,0.228,28.359,7.02,0.4021,0,0.0846,0.3703,151.489,161.678668,4.0912,52.334,916.26,350689.9597608748,0.006,0
2026-07-16T10:44:13Z,0.23,28.3589,7.02,0.4059,0,0.0846,0.3854,151.517,161.706981,4.0856,52.319,1511.6,350849.5606046696,0.005,0
2026-07-16T10:44:13Z,0.231,28.3583,7.02,0.4898,0,0.0846,0.3854,151.537,161.726411,4.0797,52.375,1040.2,350968.63531606295,0.004,0
2026-07-16T10:44:13Z,0.232,28.3573,7.02,0.4212,0,0.0846,0.34,151.552,161.74214,4.0738,52.533,1053,351074.26734667487,0.003,0
2026-07-16T10:44:13Z,0.232,28.3564,7.11,0.4746,0.0426,0.0846,0.34,151.555,161.746335,4.0692,52.814,1063.8,351113.7961401339,0.002,0
2026-07-16T10:44:13Z,0.232,28.3557,7.11,0.4708,0.0426,0.0846,0.3098,151.539,161.732099,4.068,53.199,1058.7,351046.94760331756,0.001,0
2026-07-16T10:44:13Z,0.233,28.3553,7.11,0.3868,0.0426,0.0846,0.3703,151.513,161.707662,4.0724,53.633,1454,350917.8490685263,0,0
2026-07-16T10:44:13Z,0.233,28.3552,7.11,0.4021,0.0426,0.0846,0.3552,151.478,161.674523,4.0847,54.071,1012.4,350734.8985370418,0,0
2026-07-16T10:44:13Z,0.232,28.3556,7.02,0.4021,0.0426,0.2538,0.4156,151.445,161.645895,4.1065,54.499,1272.4,350568.1923195153,-0.001,0
2026-07-16T10:44:13Z,0.232,28.3564,7.02,0.4097,0.0426,0.2538,0.34,151.438,161.644208,4.1364,54.903,1181.8,350544.47381134966,-0.002,0
2026-07-16T10:44:13Z,0.232,28.3575,7.02,0.3906,0.0426,0.2538,0.2947,151.442,161.654983,4.1701,55.272,1138.9,350584.82460264635,-0.002,0
2026-07-16T10:44:13Z,0.231,28.359,7.02,0.4021,0.0426,0.2538,0.34,151.437,161.655036,4.2041,55.613,1155.6,350558.27253002924,-0.003,0
2026-07-16T10:44:13Z,0.23,28.3609,7.02,0.3906,0.0426,0.2538,0.3098,151.423,161.644384,4.2372,55.961,1303.2,350464.9287713988,-0.004,0
2026-07-16T10:44:13Z,0.229,28.363,7.02,0.3983,0.0852,0.0846,0.3249,151.403,161.628202,4.2684,56.365,2326.4,350337.2315147904,-0.005,0
2026-07-16T10:44:13Z,0.228,28.365,7.02,0.3792,0.0852,0.0846,0.4458,151.385,161.614201,4.2969,56.84,1507.1,350223.50444323756,-0.006,0
2026-07-16T10:44:13Z,0.226,28.3668,7.02,0.3792,0.0852,0.0846,0.2796,151.371,161.602657,4.3233,57.36,820.68,350127.05998572847,-0.006,0
2026-07-16T10:44:13Z,0.224,28.3684,7.02,0.3906,0.0852,0.0846,0.3703,151.356,161.590493,4.3502,57.882,2477.7,350030.76168413134,-0.006,0
2026-07-16T10:44:13Z,0.222,28.37,7.02,0.4135,0.0426,0.2115,0.3098,151.354,161.590498,4.3814,58.37,1715.8,350002.2032084309,-0.005,0
2026-07-16T10:44:13Z,0.221,28.3716,7.02,0.4021,0.0426,0.2115,0.3249,151.372,161.610691,4.4183,58.801,488.02,350085.99744252494,-0.004,0
2026-07-16T10:44:13Z,0.22,28.3729,7.02,0.3792,0.0426,0.2115,0.2947,151.387,161.628397,4.4586,59.151,1169.2,350161.31684530666,-0.003,0
2026-07-16T10:44:13Z,0.22,28.374,7.02,0.3945,0.0426,0.2115,0.3249,151.379,161.620277,4.4991,59.411,1586.7,350096.46275915083,-0.001,0
2026-07-16T10:44:13Z,0.22,28.3748,6.93,0.3983,0.0426,0.1269,0.3098,151.363,161.604209,4.537,59.582,1129.3,349992.75052295486,-0,0
2026-07-16T10:44:13Z,0.22,28.3752,6.93,0.3868,0.0426,0.1269,0.4156,151.363,161.603968,4.5704,59.677,884.18,349984.26395441755,0,0
2026-07-16T10:44:13Z,0.22,28.3756,6.93,0.4021,0.0426,0.1269,0.4005,151.374,161.615481,4.5976,59.705,1045.9,350041.1831560318,0.001,0
2026-07-16T10:44:13Z,0.221,28.3759,6.93,0.383,0.0426,0.1269,0.2494,151.391,161.633803,4.6178,59.674,1347.5,350137.78998400876,0.002,0
2026-07-16T10:44:13Z,0.221,28.3762,7.02,0.3868,0.0426,0.2538,0.3249,151.412,161.6558,4.6311,59.591,1265.5,350254.86943074234,0.002,0
2026-07-16T10:44:13Z,0.222,28.3762,7.02,0.4097,0.0426,0.2538,0.2947,151.422,161.667295,4.6384,59.464,1108.1,350318.8640388102,0.003,0
2026-07-16T10:44:13Z,0.222,28.3762,7.02,0.4364,0.0426,0.2538,0.3703,151.422,161.667346,4.6406,59.299,1413.5,350319.1476489302,0.003,0
2026-07-16T10:44:13Z,0.223,28.3761,7.02,0.4593,0.0426,0.2538,0.3552,151.422,161.667991,4.6382,59.098,984.38,350324.5267608929,0.004,0
2026-07-16T10:44:13Z,0.224,28.3761,7.02,0.4708,0.0426,0.2538,0.3703,151.43,161.677421,4.6318,58.861,1752.7,350377.03078981844,0.004,0
2026-07-16T10:44:13Z,0.225,28.3762,7.02,0.4479,0.0852,0.1269,0.3552,151.442,161.690132,4.622,58.593,1740.2,350446.0216716254,0.005,0
2026-07-16T10:44:13Z,0.226,28.3764,7.02,0.3945,0.0852,0.1269,0.3552,151.44,161.68947,4.6091,58.306,1275.4,350438.75719159085,0.005,0
2026-07-16T10:44:13Z,0.228,28.3765,7.02,0.3983,0.0852,0.1269,0.2494,151.43,161.679268,4.5935,58.001,1237.2,350380.1602396041,0.005,0
2026-07-16T10:44:13Z,0.229,28.3767,7.02,0.3868,0.0852,0.1269,0.3854,151.416,161.664823,4.575,57.675,1248.8,350296.15900019655,0.005,0
2026-07-16T10:44:13Z,0.23,28.3768,7.02,0.4021,0.0426,0.2115,0.3552,151.398,161.646292,4.5542,57.325,1184.1,350191.2147202418,0.004,0
2026-07-16T10:44:13Z,0.231,28.3771,7.02,0.425,0.0426,0.2115,0.4911,151.394,161.642785,4.5319,56.959,1081.3,350166.33237110113,0.003,0
2026-07-16T10:44:13Z,0.232,28.3773,7.02,0.4402,0.0426,0.2115,0.3703,151.399,161.649357,4.5082,56.584,1464.1,350199.337783989,0.002,0
2026-07-16T10:44:13Z,0.232,28.3776,7.02,0.444,0.0426,0.2115,0.3854,151.39,161.639702,4.4827,56.213,1250.4,350140.2373399901,0.001,0
2026-07-16T10:44:13Z,0.233,28.3778,7.02,0.4517,0.0426,0.2115,0.3552,151.374,161.623269,4.4556,55.856,1428.6,350045.2117560191,0.001,0
2026-07-16T10:44:13Z,0.233,28.378,7.02,0.4631,0.0426,0.2115,0.4458,151.374,161.623739,4.4271,55.516,919.05,350044.2539362671,0,0
2026-07-16T10:44:13Z,0.233,28.3782,7.02,0.4593,0.0426,0.2115,0.3854,151.39,161.641235,4.3979,55.192,945.59,350138.04649902007,0,0
2026-07-16T10:44:13Z,0.232,28.3784,7.02,0.4555,0.0426,0.2115,0.3854,151.399,161.652364,4.3691,54.899,1711,350196.41388269735,-0.001,0
2026-07-16T10:44:13Z,0.232,28.3785,7.02,0.4593,0.0426,0.2115,0.4458,151.394,161.648067,4.3413,54.644,1285.2,350170.7098543588,-0.001,0
2026-07-16T10:44:13Z,0.232,28.3787,6.93,0.3639,0,0.0846,0.4156,151.389,161.643233,4.3149,54.418,883.6,350140.2313310884,-0.001,0
2026-07-16T10:44:13Z,0.232,28.379,6.93,0.4135,0,0.0846,0.2947,151.383,161.636573,4.2897,54.203,1079.1,350097.8059547227,-0.001,0
2026-07-16T10:44:13Z,0.232,28.3793,6.93,0.3868,0,0.0846,0.3552,151.362,161.614285,4.2669,53.983,1228.4,349968.4276475295,-0.001,0
2026-07-16T10:44:13Z,0.232,28.3796,6.93,0.3945,0,0.0846,0.4458,151.339,161.588464,4.2471,53.757,1496.6,349819.42833635403,0,0
2026-07-16T10:44:13Z,0.232,28.3797,7.02,0.3868,0.0426,0.0846,0.3552,151.339,161.586299,4.2295,53.534,1368.7,349805.60086356755,0,0
2026-07-16T10:44:13Z,0.231,28.3798,7.02,0.3906,0.0426,0.0846,0.3854,151.355,161.601198,4.2127,53.322,1157.6,349886.6909077806,-0.001,0
2026-07-16T10:44:13Z,0.231,28.3797,7.02,0.3868,0.0426,0.0846,0.34,151.36,161.603062,4.1956,53.139,723.02,349898.84600621706,-0.001,0
2026-07-16T10:44:13Z,0.231,28.3794,7.02,0.4021,0.0426,0.0846,0.2192,151.35,161.588377,4.1781,53.011,2010.3,349822.51523262385,-0.001,0
2026-07-16T10:44:13Z,0.231,28.3788,7.02,0.4021,0.0426,0.0846,0.3703,151.354,161.589307,4.1608,52.956,1249.4,349838.40140641335,-0.001,0
2026-07-16T10:44:13Z,0.231,28.3778,7.02,0.4021,0.0426,0.0846,0.3552,151.386,161.618125,4.1444,52.974,1170.8,350016.58860619535,-0.001,0
2026-07-16T10:44:13Z,0.231,28.3769,7.02,0.3716,0.0426,0.0846,0.2645,151.422,161.650446,4.1303,53.053,1087.9,350212.5495794437,-0,0
2026-07-16T10:44:13Z,0.231,28.3758,7.02,0.4021,0.0426,0.0846,0.3552,151.446,161.670837,4.1204,53.173,1481.7,350345.7341023327,0,0
2026-07-16T10:44:13Z,0.231,28.3744,7.11,0.4059,0,0.0846,0.3098,151.459,161.680726,4.1162,53.314,1135.2,350425.83645057824,0,0
2026-07-16T10:44:13Z,0.231,28.3727,7.11,0.4097,0,0.0846,0.3249,151.469,161.686759,4.1177,53.458,1459.7,350489.84513650363,0,0
2026-07-16T10:44:13Z,0.231,28.3708,7.11,0.4021,0,0.0846,0.4307,151.48,161.694553,4.124,53.587,2110.6,350567.25344414747,0,0
2026-07-16T10:44:13Z,0.231,28.369,7.11,0.4021,0,0.0846,0.3854,151.483,161.694161,4.1335,53.706,1420.9,350597.28194511106,0.001,0
2026-07-16T10:44:13Z,0.231,28.3674,7.11,0.3868,0,0.0846,0.2947,151.471,161.677461,4.1446,53.837,1433.9,350532.8825727925,0.001,0
2026-07-16T10:44:13Z,0.231,28.3662,7.11,0.3868,0.0852,-0.0423,0.476,151.457,161.660043,4.1558,54.006,1481.4,350457.3301988843,0.002,0
2026-07-16T10:44:13Z,0.232,28.365,7.11,0.3792,0.0852,-0.0423,0.34,151.453,161.65329500000001,4.166,54.237,1193.9,350441.21231154364,0.002,0
2026-07-16T10:44:13Z,0.232,28.3636,7.11,0.4097,0.0852,-0.0423,0.2947,151.456,161.655419,4.1754,54.54,1094.5,350478.0902944179,0.002,0
2026-07-16T10:44:13Z,0.233,28.3624,7.11,0.3296,0.0852,-0.0423,0.3854,151.459,161.658963,4.1856,54.906,1359.3,350519.30476487865,0.002,0
2026-07-16T10:44:13Z,0.234,28.3614,7.02,0.3182,0.0852,0.0846,0.34,151.448,161.648837,4.1988,55.307,1272.9,350480.78771766194,0.002,0
2026-07-16T10:44:13Z,0.234,28.3608,7.02,0.3067,0.0852,0.0846,0.2645,151.435,161.638377,4.2168,55.711,874.44,350433.25480183534,0.002,0
2026-07-16T10:44:13Z,0.235,28.3605,7.02,0.3678,0.0852,0.0846,0.3854,151.438,161.644837,4.2404,56.093,1088.3,350474.607915214,0.002,0
2026-07-16T10:44:13Z,0.235,28.3606,7.02,0.3449,0.0852,0.0846,0.4307,151.442,161.653903,4.2688,56.433,1654.3,350523.3250358006,0.001,0
2026-07-16T10:44:13Z,0.235,28.3611,7.02,0.3182,0.0426,0.0846,0.3552,151.442,161.659978,4.2999,56.728,1385.8,350548.2225170043,0.001,0
2026-07-16T10:44:13Z,0.236,28.362,7.02,0.3296,0.0426,0.0846,0.3552,151.445,161.668691,4.3313,56.987,1252.9,350580.6597281527,0,0
2026-07-16T10:44:13Z,0.236,28.3632,7.02,0.322,0.0426,0.0846,0.3552,151.442,161.670339,4.3609,57.227,1193.6,350568.3648429999,-0.001,0
2026-07-16T10:44:13Z,0.235,28.3649,7.02,0.3449,0.0426,0.0846,0.0228,151.423,161.653335,4.3872,57.468,837.79,350443.2227656525,-0.001,0
2026-07-16T10:44:13Z,0.235,28.3668,7.02,0.322,0.0426,0.0846,0.1739,151.405,161.637199,4.41,57.736,1274.3,350319.3734881918,-0.002,0
2026-07-16T10:44:13Z,0.234,28.3686,6.93,0.3487,0.0426,0.0846,0.0832,151.41,161.645686,4.43,58.053,1070.3,350334.4440417976,-0.002,0
2026-07-16T10:44:13Z,0.234,28.3702,6.93,0.3258,0.0426,0.0846,0.0228,151.422,161.661017,4.4485,58.444,1120,350391.2019863521,-0.002,0
2026-07-16T10:44:13Z,0.233,28.3713,6.93,0.3411,0.0426,0.0846,0.3703,151.421,161.66323,4.4672,58.934,1345.7,350383.85196033283,-0.001,0
2026-07-16T10:44:13Z,0.233,28.3723,6.93,0.3449,0.0426,0.0846,0.4156,151.431,161.676965,4.4879,59.552,1354.5,350442.4541301841,-0.001,0
2026-07-16T10:44:13Z,0.232,28.3732,7.02,0.3372,0.0852,0.0846,0.3098,151.459,161.709893,4.5125,60.332,1319.1,350609.75622378406,0,0
2026-07-16T10:44:13Z,0.232,28.3742,7.02,0.3334,0.0852,0.0846,0.4005,151.479,161.734719,4.5428,61.292,1433.9,350730.16719336994,0,0
2026-07-16T10:44:13Z,0.232,28.3752,7.02,0.3372,0.0852,0.0846,0.4005,151.487,161.746037,4.5808,62.416,1245.3,350775.32634906843,0.001,0
2026-07-16T10:44:13Z,0.232,28.3762,7.02,0.3525,0.0852,0.0846,0.3552,151.486,161.746864,4.6287,63.663,1075.2,350762.03028964216,0.001,0
2026-07-16T10:44:13Z,0.233,28.3774,7.11,0.3334,0.0426,0.1269,0.3703,151.48,161.741431,4.6893,64.964,1089.3,350710.27846156387,0.001,0
2026-07-16T10:44:13Z,0.233,28.3785,7.11,0.3334,0.0426,0.1269,0.4458,151.485,161.748332,4.7638,66.235,1764.6,350729.03416835977,0.002,0
2026-07-16T10:44:13Z,0.234,28.3794,7.11,0.2724,0.0426,0.1269,0.3552,151.504,161.769407,4.8511,67.383,953.01,350830.3431883869,0.002,0
2026-07-16T10:44:13Z,0.234,28.38,7.11,0.2686,0.0426,0.1269,0.3854,151.512,161.778207,4.948,68.316,1053.9,350868.6348181989,0.002,0
2026-07-16T10:44:13Z,0.235,28.3803,7.02,0.2648,0.0852,0.1269,0.2947,151.499,161.765051,5.049,68.963,870.45,350789.95769348706,0.002,0
2026-07-16T10:44:13Z,0.235,28.3806,7.02,0.2648,0.0852,0.1269,0.3249,151.481,161.746476,5.1478,69.277,937.4,350681.1052708232,0.001,0
2026-07-16T10:44:13Z,0.236,28.3808,7.02,0.2686,0.0852,0.1269,0.2192,151.469,161.733563,5.237,69.237,1042,350605.5990604838,0.001,0
2026-07-16T10:44:13Z,0.236,28.3811,7.02,0.2724,0.0852,0.1269,0.3098,151.46,161.722869,5.3095,68.877,1268,350540.6720516547,0.001,0
2026-07-16T10:44:13Z,0.236,28.3813,7.02,0.2533,0.0852,0.1269,0.4307,151.452,161.711541,5.3598,68.264,2073.3,350474.01116530166,0.001,0
2026-07-16T10:44:13Z,0.236,28.3814,7.02,0.28,0.0426,0.1692,0.34,151.454,161.708586,5.3841,67.468,1702.4,350455.76811846986,0.001,0
2026-07-16T10:44:13Z,0.237,28.3814,7.02,0.2838,0.0426,0.1692,0.3552,151.461,161.709206,5.3811,66.569,1303.4,350459.22042922105,0.001,0
2026-07-16T10:44:13Z,0.237,28.3811,7.02,0.2495,0.0426,0.1692,0.4005,151.456,161.697531,5.3532,65.647,972.89,350399.579619028,0.001,0
2026-07-16T10:44:13Z,0.237,28.3801,7.02,0.2724,0.0426,0.1692,0.3098,151.439,161.674457,5.3055,64.766,1136.9,350289.00187654945,0.001,0
2026-07-16T10:44:13Z,0.237,28.3784,7.02,0.2876,0,0,0.3854,151.427,161.657881,5.2438,63.958,878.44,350227.1209167247,0.001,0
2026-07-16T10:44:13Z,0.237,28.3762,7.02,0.3372,0,0,0.3552,151.438,161.667436,5.1741,63.232,1472.1,350319.6440827762,0,0
2026-07-16T10:44:13Z,0.237,28.3741,7.02,0.322,0,0,0.3552,151.464,161.693643,5.1027,62.579,1238.8,350503.1368875192,0,0
2026-07-16T10:44:13Z,0.237,28.3726,7.02,0.3372,0,0,0.4005,151.486,161.715431,5.0343,61.994,1433,350651.3444829435,0,0
2026-07-16T10:44:13Z,0.237,28.3715,6.93,0.3563,0.0426,0.1269,0.3249,151.498,161.726582,4.9716,61.471,841.81,350733.1641997552,-0.001,0
2026-07-16T10:44:13Z,0.237,28.3707,6.93,0.322,0.0426,0.1269,0.1286,151.49,161.718046,4.9152,61.01,785.26,350699.9241693092,-0.002,0
2026-07-16T10:44:13Z,0.236,28.3701,6.93,0.3372,0.0426,0.1269,0.2192,151.469,161.695562,4.8646,60.617,1044.1,350585.39887550613,-0.003,0
2026-07-16T10:44:13Z,0.235,28.3696,6.93,0.3411,0.0426,0.1269,0.0983,151.448,161.673178,4.8191,60.302,1488.5,350469.6619311419,-0.003,0
2026-07-16T10:44:13Z,0.234,28.3693,6.93,0.2953,0.0426,0.1269,0.0983,151.428,161.652943,4.7785,60.074,1283.5,350362.3361207757,-0.004,0
2026-07-16T10:44:13Z,0.233,28.3691,6.93,0.322,0.0426,0.1692,0.4609,151.417,161.641487,4.7427,59.934,1007.3,350302.12155000796,-0.004,0
2026-07-16T10:44:13Z,0.232,28.3691,6.93,0.3143,0.0426,0.1692,0.4156,151.427,161.65179,4.7122,59.871,1176.6,350359.49334053474,-0.004,0
2026-07-16T10:44:13Z,0.231,28.3691,6.93,0.3334,0.0426,0.1692,0.3854,151.459,161.686598,4.6877,59.87,1225.7,350553.360657602,-0.003,0
2026-07-16T10:44:13Z,0.23,28.3692,6.93,0.3487,0.0426,0.1692,0.2947,151.492,161.723126,4.67,59.913,981.6,350755.0876726846,-0.002,0
2026-07-16T10:44:13Z,0.229,28.3693,6.93,0.3372,0.0852,0.0846,0.4156,151.51,161.743053,4.659,59.992,900.27,350864.35053365066,-0.001,0
2026-07-16T10:44:13Z,0.229,28.3694,6.93,0.3258,0.0852,0.0846,0.2947,151.514,161.747684,4.6541,60.099,1130,350888.3710507247,0,0
2026-07-16T10:44:13Z,0.23,28.3696,6.93,0.3296,0.0852,0.0846,0.2947,151.5,161.734245,4.654,60.221,871.02,350809.8885466521,0.001,0
2026-07-16T10:44:13Z,0.23,28.3698,6.93,0.322,0.0852,0.0846,0.4458,151.481,161.715188,4.6573,60.332,1052.1,350700.11329141987,0.003,0
2026-07-16T10:44:13Z,0.231,28.37,7.02,0.2991,0.0426,0.1692,0.0681,151.482,161.717499,4.6634,60.414,1224.4,350709.40963022754,0.004,0
2026-07-16T10:44:13Z,0.232,28.3703,7.02,0.3067,0.0426,0.1692,0.0681,151.496,161.733779,4.6718,60.466,934.15,350794.7560547091,0.005,0
2026-07-16T10:44:13Z,0.233,28.3707,7.02,0.3449,0.0426,0.1692,0.2041,151.504,161.744317,4.6812,60.506,1092.4,350846.3204318564,0.006,0
2026-07-16T10:44:13Z,0.235,28.3711,7.02,0.3067,0.0426,0.1692,0.0832,151.512,161.75593,4.6898,60.54,1155.1,350903.88032117515,0.006,0
2026-07-16T10:44:13Z,0.237,28.3715,7.02,0.322,0.0426,0.1692,0.3854,151.531,161.779734,4.6961,60.55,1178.4,351029.40464284865,0.007,0
2026-07-16T10:44:13Z,0.239,28.3721,7.02,0.3525,0.0426,0.1269,0.4156,151.548,161.802033,4.7001,60.513,1203.3,351142.97796040407,0.006,0
2026-07-16T10:44:13Z,0.241,28.3729,7.02,0.3143,0.0426,0.1269,0.3552,151.544,161.800713,4.7031,60.429,1337,351121.27870860085,0.006,0
2026-07-16T10:44:13Z,0.242,28.3739,7.02,0.322,0.0426,0.1269,0.4911,151.534,161.791457,4.7058,60.301,1031.9,351051.7533247933,0.005,0
2026-07-16T10:44:13Z,0.243,28.375,7.02,0.28,0.0426,0.1269,0.4307,151.545,161.803865,4.7064,60.131,861.98,351101.21614150517,0.004,0
2026-07-16T10:44:13Z,0.244,28.3761,7.02,0.28,0.0426,0.1269,0.3854,151.559,161.8192,4.7035,59.93,1420.6,351167.00081748614,0.003,0
2026-07-16T10:44:13Z,0.245,28.3771,7.02,0.2762,0.0426,0.1269,0.2947,151.545,161.803467,4.6969,59.718,796.08,351061.3654500129,0.002,0
2026-07-16T10:44:13Z,0.245,28.3778,7.02,0.2609,0.0426,0.1269,0.4005,151.519,161.774519,4.6869,59.511,1144.9,350887.4783085876,0.002,0
2026-07-16T10:44:13Z,0.245,28.3781,7.02,0.2495,0.0426,0.1269,0.3552,151.508,161.76272,4.6736,59.323,944.56,350816.3566845048,0.002,0
2026-07-16T10:44:13Z,0.245,28.378,7.02,0.2533,0.0426,0.1269,0.4307,151.498,161.752896,4.658,59.181,1274.6,350763.4089749223,0.002,0
2026-07-16T10:44:13Z,0.246,28.3777,7.02,0.2724,0.0426,0.1269,0.3854,151.477,161.730402,4.6415,59.112,1411,350643.46421642473,0.002,0
2026-07-16T10:44:13Z,0.246,28.3775,7.02,0.2648,0.0426,0.1269,0.2796,151.468,161.721308,4.6254,59.143,946.2,350596.38718731113,0.003,0
2026-07-16T10:44:13Z,0.247,28.3775,7.02,0.2495,0.0426,0.1269,0.4458,151.487,161.743235,4.6109,59.298,487.7,350718.53418100486,0.004,0
2026-07-16T10:44:13Z,0.248,28.3776,7.11,0.2648,0.0426,0.1269,0.3854,151.518,161.777975,4.5998,59.603,1157.1,350910.3193623523,0.006,0
2026-07-16T10:44:13Z,0.25,28.3777,7.11,0.2686,0.0426,0.1269,0.3249,151.532,161.794707,4.5944,60.109,516.49,351001.7832329062,0.008,0
2026-07-16T10:44:13Z,0.252,28.3779,7.11,0.28,0.0426,0.1269,0.4458,151.526,161.789876,4.5969,60.874,887.07,350971.2727810962,0.01,0
2026-07-16T10:44:13Z,0.254,28.3783,7.11,0.2724,0.0426,0.1269,0.3854,151.526,161.790253,4.6089,61.931,1116.1,350966.20770026185,0.012,0
2026-07-16T10:44:13Z,0.258,28.3789,7.11,0.2686,0.0426,0.1269,0.4458,151.531,161.795939,4.6326,63.27,1301.7,350987.1500140042,0.013,0
2026-07-16T10:44:13Z,0.263,28.3794,6.93,0.2838,0.0426,0,0.4005,151.523,161.788408,4.6718,64.843,706.1,350936.2188450349,0.014,0
2026-07-16T10:44:13Z,0.267,28.38,6.93,0.2762,0.0426,0,0.4005,151.512,161.777676,4.7313,66.528,926.07,350865.66527199163,0.014,0
2026-07-16T10:44:13Z,0.271,28.3804,6.93,0.2724,0.0426,0,0.2947,151.511,161.776918,4.8133,68.111,829.28,350854.27762029984,0.013,0
2026-07-16T10:44:13Z,0.274,28.3805,6.93,0.3296,0.0426,0,0.4156,151.509,161.773905,4.9174,69.345,1322.3,350835.6968946999,0.012,0
2026-07-16T10:44:13Z,0.277,28.3807,7.02,0.3525,0,0.0423,0.4911,151.497,161.759816,5.0396,70.055,1277.6,350753.61715579545,0.01,0
2026-07-16T10:44:13Z,0.279,28.381,7.02,0.3258,0,0.0423,0.3854,151.487,161.746928,5.1706,70.172,631.34,350676.45010503696,0.008,0
2026-07-16T10:44:13Z,0.281,28.3811,7.02,0.3296,0,0.0423,0.3703,151.489,161.74784,5.2936,69.725,1620.2,350679.73990656744,0.007,0
2026-07-16T10:44:13Z,0.282,28.3808,7.02,0.3411,0,0.0423,0.3854,151.497,161.754778,5.3895,68.819,789.54,350723.7584952641,0.005,0
2026-07-16T10:44:13Z,0.283,28.3803,6.93,0.3449,0.0426,0.0846,0.4458,151.496,161.753555,5.4447,67.609,720.04,350725.8949838301,0.004,0
2026-07-16T10:44:13Z,0.284,28.3798,6.93,0.3525,0.0426,0.0846,0.2947,151.495,161.751865,5.4538,66.274,1003.8,350725.42982701806,0.003,0
2026-07-16T10:44:13Z,0.284,28.3792,6.93,0.3411,0.0426,0.0846,0.3552,151.504,161.761281,5.4192,64.987,782.03,350788.6306893938,0.002,0
2026-07-16T10:44:13Z,0.284,28.3788,6.93,0.3525,0.0426,0.0846,0.3552,151.514,161.772288,5.3488,63.88,705.95,350857.12455907214,0.002,0
2026-07-16T10:44:13Z,0.285,28.3785,6.93,0.3411,0.0426,0.0846,0.4005,151.513,161.771789,5.2548,63.03,944.15,350859.7161612561,0.001,0
2026-07-16T10:44:13Z,0.285,28.3783,7.02,0.3334,0.0426,0.1692,0.4911,151.505,161.763657,5.1511,62.446,1075.6,350817.9833650274,0.001,0
2026-07-16T10:44:13Z,0.285,28.3782,7.02,0.3449,0.0426,0.1692,0.476,151.494,161.753742,5.051,62.094,1257.8,350764.5290411175,0.001,0
2026-07-16T10:44:13Z,0.285,28.3783,7.02,0.3296,0.0426,0.1692,0.3552,151.483,161.743408,4.965,61.925,1141.9,350705.16523079306,0.001,0
2026-07-16T10:44:13Z,0.286,28.3786,7.02,0.3449,0.0426,0.1692,0.3854,151.487,161.749945,4.8989,61.88,1368.4,350736.2132123565,0.001,0
2026-07-16T10:44:13Z,0.286,28.379,7.11,0.3563,0.0426,0.1269,0.4156,151.513,161.779102,4.8534,61.897,1249.9,350891.513721666,0.001,0
2026-07-16T10:44:13Z,0.286,28.3794,7.11,0.3449,0.0426,0.1269,0.2796,151.545,161.814604,4.8261,61.914,1108.1,351082.2230070975,0.001,0
2026-07-16T10:44:13Z,0.286,28.38,7.11,0.2686,0.0426,0.1269,0.3552,151.573,161.845875,4.8129,61.886,871.97,351245.8140999598,0.001,0
2026-07-16T10:44:13Z,0.287,28.3805,7.11,0.2686,0.0426,0.1269,0.4458,151.589,161.865218,4.8093,61.787,1003.4,351344.71525031637,0.001,0
2026-07-16T10:44:13Z,0.287,28.3811,7.11,0.2648,0.0852,0.2115,0.2645,151.592,161.869775,4.8106,61.607,995.99,351359.37024084706,0.001,0
2026-07-16T10:44:13Z,0.287,28.3816,7.11,0.2648,0.0852,0.2115,0.4005,151.583,161.860759,4.8119,61.349,987.59,351300.1251499008,0.001,0
2026-07-16T10:44:13Z,0.287,28.3821,7.11,0.3029,0.0852,0.2115,0.4005,151.577,161.855812,4.8097,61.023,966.57,351263.5755618394,0.001,0
2026-07-16T10:44:13Z,0.287,28.3826,7.11,0.2495,0.0852,0.2115,0.3552,151.586,161.86564,4.8019,60.647,935.57,351309.4140137373,0.001,0
2026-07-16T10:44:13Z,0.288,28.383,7.02,0.2457,0,0.1269,0.3552,151.588,161.868812,4.7879,60.245,817.65,351319.930444531,0,0
2026-07-16T10:44:13Z,0.288,28.3833,7.02,0.2838,0,0.1269,0.4458,151.584,161.866172,4.7678,59.847,1579.5,351299.83013786544,0,0
2026-07-16T10:44:13Z,0.288,28.3837,7.02,0.2838,0,0.1269,0.3552,151.59,161.873052,4.7424,59.474,889.58,351331.02310263214,0,0
2026-07-16T10:44:13Z,0.288,28.384,7.02,0.2686,0,0.1269,0.4156,151.587,161.871244,4.7132,59.137,1485.6,351315.56204734,0,0
2026-07-16T10:44:13Z,0.288,28.3844,7.02,0.28,0,0.1269,0.4156,151.561,161.844231,4.682,58.848,1302.9,351157.78122677124,0,0
2026-07-16T10:44:13Z,0.288,28.3847,7.02,0.2724,0.0426,0.0846,0.34,151.538,161.820886,4.6511,58.607,1892.9,351022.28023232316,0,0
2026-07-16T10:44:13Z,0.288,28.3851,7.02,0.2648,0.0426,0.0846,0.4458,151.542,161.827055,4.622,58.398,1607.2,351049.49695244053,0,0
2026-07-16T10:44:13Z,0.288,28.3855,7.02,0.2609,0.0426,0.0846,0.2947,151.561,161.848348,4.5958,58.206,994.7,351161.01870979735,0,0
2026-07-16T10:44:13Z,0.288,28.3858,7.02,0.2724,0.0426,0.0846,0.3854,151.581,161.870399,4.5733,58.018,960.29,351278.579357878,0.001,0
2026-07-16T10:44:13Z,0.288,28.3861,7.02,0.2648,0.0426,0.1269,0.34,151.588,161.879046,4.5545,57.82,915.26,351321.4157596665,0.001,0
2026-07-16T10:44:13Z,0.289,28.3865,7.02,0.2838,0.0426,0.1269,0.3552,151.577,161.868577,4.5383,57.597,1035.3,351255.8721602667,0,0
2026-07-16T10:44:13Z,0.289,28.3868,7.02,0.2533,0.0426,0.1269,0.4911,151.561,161.852234,4.5233,57.341,901.45,351159.3837393285,0,0
2026-07-16T10:44:13Z,0.289,28.3872,7.02,0.2724,0.0426,0.1269,0.3552,151.542,161.833679,4.5087,57.057,1126.3,351048.79309277475,0,0
2026-07-16T10:44:13Z,0.289,28.3875,7.02,0.2571,0.0426,0.1269,0.4156,151.525,161.815979,4.4933,56.763,994.05,350944.78069779545,0,0
2026-07-16T10:44:13Z,0.289,28.3879,7.02,0.2686,0.0426,0.1269,0.4458,151.515,161.806442,4.4759,56.467,904.98,350884.4779420655,0,0
2026-07-16T10:44:13Z,0.289,28.3883,7.02,0.2648,0.0426,0.1269,0.3249,151.518,161.810542,4.4559,56.172,1432,350900.15927730687,0,0
2026-07-16T10:44:13Z,0.289,28.3886,7.02,0.2838,0.0426,0.1269,0.3854,151.528,161.821353,4.4339,55.88,1306.8,350955.0258000632,0.001,0
2026-07-16T10:44:13Z,0.289,28.3889,7.02,0.2724,0.0426,0.1269,0.4307,151.528,161.821717,4.4109,55.603,810.75,350951.68086197256,0.001,0
2026-07-16T10:44:13Z,0.29,28.3892,7.11,0.2762,0.0426,0.0846,0.3552,151.518,161.811729,4.3879,55.346,814.63,350890.65649540676,0.001,0
2026-07-16T10:44:13Z,0.29,28.3895,7.11,0.2724,0.0426,0.0846,0.3854,151.499,161.792735,4.365,55.098,1039.6,350779.46925079334,0.001,0
2026-07-16T10:44:13Z,0.291,28.3898,7.11,0.2609,0.0426,0.0846,0.4458,151.475,161.767688,4.3423,54.845,1375.9,350634.5949183988,0.001,0
2026-07-16T10:44:13Z,0.291,28.3901,7.11,0.2762,0.0426,0.0846,0.2796,151.461,161.75396,4.3208,54.585,897.93,350552.78180461045,0.001,0
2026-07-16T10:44:13Z,0.291,28.3903,7.11,0.3372,0.0426,0.2115,0.3854,151.459,161.751899,4.3008,54.324,879.39,350537.72826106317,0.001,0
2026-07-16T10:44:13Z,0.291,28.3906,7.11,0.3411,0.0426,0.2115,0.3552,151.459,161.752939,4.2815,54.061,1059.6,350538.1522890075,0.001,0
2026-07-16T10:44:13Z,0.291,28.3908,7.11,0.3372,0.0426,0.2115,0.3249,151.463,161.757357,4.2618,53.796,821.92,350559.17441861937,0.001,0
2026-07-16T10:44:13Z,0.292,28.3911,7.11,0.3449,0.0426,0.2115,0.3703,151.46,161.754306,4.2416,53.535,803.56,350536.8198047876,0.001,0
2026-07-16T10:44:13Z,0.292,28.3913,7.11,0.322,0.0426,0.1692,0.4458,151.445,161.738961,4.2213,53.288,1080.8,350447.8096888974,0.001,0
2026-07-16T10:44:13Z,0.292,28.3915,7.11,0.3525,0.0426,0.1692,0.3552,151.441,161.735294,4.2008,53.064,983.95,350423.81933427136,0.001,0
2026-07-16T10:44:13Z,0.292,28.3917,7.11,0.322,0.0426,0.1692,0.4156,151.462,161.75836,4.1802,52.867,1263.8,350548.6595395009,0,0
2026-07-16T10:44:13Z,0.292,28.3918,7.11,0.322,0.0426,0.1692,0.3703,151.495,161.794266,4.16,52.699,863.86,350746.82823595824,0,0
2026-07-16T10:44:13Z,0.292,28.392,7.02,0.2648,0,0.0846,0.3249,151.515,161.816511,4.1407,52.569,1582.6,350867.1628213584,0,0
2026-07-16T10:44:13Z,0.292,28.3922,7.02,0.2648,0,0.0846,0.4458,151.51,161.810982,4.1233,52.494,1436.1,350832.7808832663,0,0
2026-07-16T10:44:13Z,0.292,28.3923,7.02,0.2876,0,0.0846,0.3249,151.497,161.796248,4.108,52.473,878.44,350748.91859430063,0,0
2026-07-16T10:44:13Z,0.292,28.3924,7.02,0.2457,0,0.0846,0.34,151.495,161.792433,4.0949,52.498,1327.2,350725.88030051236,-0.001,0
2026-07-16T10:44:13Z,0.291,28.3925,7.02,0.3525,0,0.0846,0.34,151.496,161.790502,4.0848,52.575,650.98,350713.33616407,-0.001,0
2026-07-16T10:44:13Z,0.291,28.3924,6.93,0.3411,0.0426,0.0846,0.5364,151.49,161.781921,4.0789,52.725,1019.4,350667.33581700386,0,0
2026-07-16T10:44:13Z,0.291,28.3921,6.93,0.3372,0.0426,0.0846,0.3249,151.487,161.77643,4.0774,52.928,1553.3,350642.1247784371,0,0
2026-07-16T10:44:13Z,0.291,28.3916,6.93,0.322,0.0426,0.0846,0.4156,151.491,161.776572,4.0794,53.14,636.58,350651.8621249971,0,0
2026-07-16T10:44:13Z,0.291,28.3909,6.93,0.2991,0.0426,0.0846,0.3552,151.494,161.774367,4.0855,53.317,1335.5,350652.10789629753,0,0
2026-07-16T10:44:13Z,0.291,28.3901,7.02,0.2571,0.0852,0.1692,0.3854,151.498,161.773237,4.0971,53.432,1055.3,350660.12991626485,0,0
2026-07-16T10:44:13Z,0.291,28.3892,7.02,0.2991,0.0852,0.1692,0.4005,151.513,161.784905,4.113,53.484,793.84,350741.2237494077,0,0
2026-07-16T10:44:13Z,0.291,28.3879,7.02,0.2876,0.0852,0.1692,0.2494,151.531,161.800456,4.1295,53.49,1034.4,350851.12630232563,0,0
2026-07-16T10:44:13Z,0.291,28.3862,7.02,0.2724,0.0852,0.1692,0.4156,151.537,161.803994,4.1434,53.471,1139.4,350901.2793548538,0.001,0
2026-07-16T10:44:13Z,0.292,28.3844,7.11,0.2876,0.0426,0.1692,0.4005,151.542,161.808488,4.1525,53.446,1008,350958.558235961,0.001,0
2026-07-16T10:44:13Z,0.292,28.3828,7.11,0.2724,0.0426,0.1692,0.4156,151.56,161.827162,4.1566,53.427,1112.7,351091.30135037715,0.001,0
2026-07-16T10:44:13Z,0.292,28.3816,7.11,0.2609,0.0426,0.1692,0.4458,151.575,161.844953,4.1572,53.421,860.49,351211.9900806214,0.001,0
2026-07-16T10:44:13Z,0.292,28.3807,7.11,0.2724,0.0426,0.1692,0.3854,151.59,161.862597,4.1558,53.431,1157.6,351326.5107060567,0.002,0
2026-07-16T10:44:13Z,0.293,28.3803,7.11,0.2724,0.0426,0.1692,0.3249,151.621,161.896824,4.1538,53.447,930.91,351524.5939139502,0.002,0
2026-07-16T10:44:13Z,0.293,28.3804,7.02,0.2686,0.0852,0,0.3854,151.653,161.93271,4.1523,53.45,1075.2,351723.03142267466,0.002,0
2026-07-16T10:44:13Z,0.294,28.3807,7.02,0.2876,0.0852,0,0.3552,151.665,161.947754,4.1518,53.436,1118.3,351801.60554292327,0.003,0
2026-07-16T10:44:13Z,0.295,28.3813,7.02,0.2648,0.0852,0,0.34,151.662,161.945968,4.1526,53.425,597.18,351780.86432312115,0.003,0
2026-07-16T10:44:13Z,0.295,28.3819,7.02,0.28,0.0852,0,0.3854,151.653,161.938903,4.1538,53.46,1431.1,351730.6639218513,0.003,0
2026-07-16T10:44:13Z,0.296,28.3825,7.02,0.28,0.0852,0.0846,0.476,151.638,161.924675,4.154,53.591,775.76,351640.50139146356,0.002,0
2026-07-16T10:44:13Z,0.297,28.3831,7.02,0.2991,0.0852,0.0846,0.3703,151.612,161.899489,4.1528,53.842,1296.9,351489.2271630151,0.002,0
2026-07-16T10:44:13Z,0.297,28.3838,7.02,0.1961,0.0852,0.0846,0.4307,151.589,161.876674,4.1519,54.203,1231.8,351349.42559958494,0.002,0
2026-07-16T10:44:13Z,0.298,28.3845,7.02,0.2152,0.0852,0.0846,0.3552,151.58,161.870188,4.1547,54.653,559.25,351300.7060882736,0.002,0
2026-07-16T10:44:13Z,0.298,28.3852,7.02,0.2152,0.0852,0.0423,0.4156,151.582,161.874294,4.1648,55.169,482.64,351311.05134949624,0.002,0
2026-07-16T10:44:13Z,0.299,28.3859,7.02,0.219,0.0852,0.0423,0.3854,151.583,161.878061,4.1842,55.721,397.59,351319.5058273743,0.002,0
2026-07-16T10:44:13Z,0.299,28.3866,7.02,0.2113,0.0852,0.0423,0.34,151.578,161.874474,4.2122,56.28,357.28,351286.95527082373,0.002,0
2026-07-16T10:44:13Z,0.3,28.3874,7.02,0.2113,0.0852,0.0423,0.3703,151.565,161.862579,4.2471,56.812,405.18,351206.29695947503,0.002,0
2026-07-16T10:44:13Z,0.3,28.3882,7.02,0.2228,0.0852,0.0423,0.4005,151.548,161.847221,4.2872,57.272,542.61,351106.3505177067,0.002,0
2026-07-16T10:44:13Z,0.301,28.389,7.02,0.2113,0.0426,0.0846,0.4911,151.525,161.824305,4.3301,57.63,479.71,350964.3072199592,0.002,0
2026-07-16T10:44:13Z,0.301,28.3897,7.02,0.1999,0.0426,0.0846,0.4458,151.493,161.791727,4.3734,57.885,484.63,350770.27091049956,0.003,0
2026-07-16T10:44:13Z,0.302,28.3905,7.02,0.219,0.0426,0.0846,0.3854,151.467,161.764854,4.4147,58.036,472.78,350606.2846143318,0.003,0
2026-07-16T10:44:13Z,0.303,28.3912,7.02,0.2113,0.0426,0.0846,0.4005,151.452,161.748545,4.4504,58.074,630.79,350502.9516302214,0.002,0
2026-07-16T10:44:13Z,0.304,28.3919,7.02,0.2228,0.0426,0.1269,0.4458,151.431,161.726426,4.4781,57.999,455.23,350367.29962250986,0.002,0
2026-07-16T10:44:13Z,0.304,28.3924,7.02,0.2152,0.0426,0.1269,0.3854,151.393,161.684579,4.4979,57.82,386.18,350125.48518532666,0.001,0
2026-07-16T10:44:13Z,0.304,28.3927,7.02,0.1999,0.0426,0.1269,0.4156,151.319,161.603829,4.5096,57.56,434.36,349671.03230658866,0,0
2026-07-16T10:44:13Z,0.304,28.3927,7.02,0.2266,0.0426,0.1269,0.3854,151.181,161.454624,4.5126,57.248,377.55,348842.15125901817,-0.001,0
2026-07-16T10:44:13Z,0.304,28.3925,7.02,0.219,0.0426,0.0846,0.3703,150.949,161.205194,4.5068,56.914,589.32,347462.7169590443,-0.002,0
2026-07-16T10:44:13Z,0.303,28.3921,7.02,0.2152,0.0426,0.0846,0.4156,150.572,160.801051,4.4929,56.592,836.7,345236.06340466207,-0.003,0
2026-07-16T10:44:13Z,0.303,28.3916,7.02,0.1465,0.0426,0.0846,0.3854,149.952,160.138431,4.4728,56.309,1245,341601.4238692839,-0.004,0
2026-07-16T10:44:13Z,0.302,28.391,7.02,0.1274,0.0426,0.0846,0.4458,148.925,159.040635,4.4486,56.092,958.21,335627.29636529536,-0.005,0
2026-07-16T10:44:13Z,0.3,28.3904,7.11,0.1312,0.0426,0.0846,0.2947,147.207,157.206901,4.4226,55.976,747.47,325784.465440253,-0.006,0
2026-07-16T10:44:13Z,0.298,28.3899,7.11,0.1579,0.0426,0.0846,0.2192,144.35,154.15625,4.3977,55.985,572.4,309796.0368175018,-0.007,0
2026-07-16T10:44:13Z,0.296,28.3896,7.11,0.2228,0.0426,0.0846,0.3552,139.621,149.107246,4.3757,56.099,860.11,284397.6752392346,-0.006,0
2026-07-16T10:44:13Z,0.293,28.3895,7.11,0.2152,0.0426,0.0846,0.34,131.754,140.705469,4.3589,56.269,830.72,245031.6779012542,-0.005,0
2026-07-16T10:44:13Z,0.292,28.3897,7.11,0.1999,0.0426,0.0846,0.3854,118.62,126.678376,4.3499,56.463,1429.9,187105.38228532532,-0.004,0
2026-07-16T10:44:13Z,0.291,28.39,7.02,0.1846,0,0.1269,0.2494,96.718,103.285409,4.3505,56.669,803.38,110822.20666470156,-0.002,0
2026-07-16T10:44:13Z,0.291,28.3904,7.02,0.2381,0,0.1269,0.34,60.214,64.296462,4.3593,56.875,494.74,33098.34623915239,-0.001,0
2026-07-16T10:44:13Z,0.292,28.3907,7.02,0.2037,0,0.1269,0.3854,-0.62,-0.677501,4.3725,57.07,428.08,NA,0,0
2026-07-16T10:44:13Z,0.293,28.3908,7.02,0.2152,0,0.1269,0.4609,-102.002,-108.958862,4.3876,57.271,396.9,NA,0.001,0
2026-07-16T10:44:13Z,0.293,28.3905,7.02,0.1885,0.0426,0.0423,0.3854,-270.985,-289.438685,4.4036,57.522,463.42,NA,0.001,0
2026-07-16T10:44:13Z,0.293,28.3901,7.02,0.1846,0.0426,0.0423,0.3098,-552.64,-590.256949,4.4197,57.881,653.96,NA,0.001,0
2026-07-16T10:44:13Z,0.293,28.3896,7.02,0.219,0.0426,0.0423,0.3854,-838.702,-895.778498,4.4349,58.363,477.84,NA,0,0
2026-07-16T10:44:13Z,0.293,28.389,7.02,0.2152,0.0426,0.0423,0.3552,-838.699,-895.714695,4.4506,58.931,694.53,NA,0,0
2026-07-16T10:44:13Z,0.293,28.3885,6.93,0.1999,0,0.0846,0.3703,-552.63,-590.191159,4.4703,59.52,574.15,NA,-0,0
2026-07-16T10:44:13Z,0.293,28.388,6.93,0.1541,0,0.0846,0.3552,-270.965,-289.428531,4.4984,60.064,570.91,NA,-0,0
2026-07-16T10:44:13Z,0.293,28.3876,6.93,0.1427,0,0.0846,0.3854,-101.965,-108.930165,4.5361,60.498,645.77,NA,-0.001,0
2026-07-16T10:44:13Z,0.293,28.3872,6.93,0.1732,0,0.0846,0.3552,-0.562,-0.626617,4.5803,60.766,485.27,NA,-0.001,0
2026-07-16T10:44:13Z,0.293,28.3869,6.93,0.1312,0,0.0846,0.4156,60.284,64.359049,4.6259,60.842,573.4,33185.683060889576,-0.001,0
2026-07-16T10:44:13Z,0.292,28.3868,7.02,0.2075,0,0.1692,0.3098,96.789,103.348327,4.668,60.724,500.04,111013.24964586616,-0.001,0
2026-07-16T10:44:13Z,0.292,28.3867,7.02,0.2037,0,0.1692,0.3552,118.692,126.742368,4.7016,60.44,413.99,187376.72473366078,-0.001,0
2026-07-16T10:44:13Z,0.292,28.3867,7.02,0.2228,0,0.1692,0.3703,131.835,140.779581,4.7224,60.041,483.58,245398.33655812163,-0.001,0
2026-07-16T10:44:13Z,0.292,28.3867,7.02,0.2152,0,0.1692,0.4156,139.707,149.18719,4.7282,59.59,370.56,284831.68390016555,-0.001,0
2026-07-16T10:44:13Z,0.291,28.3867,7.02,0.1846,0.0852,0.1692,0.3249,144.423,154.223256,4.719,59.151,431.35,310192.74117605423,0,0
2026-07-16T10:44:13Z,0.291,28.3866,7.02,0.2152,0.0852,0.1692,0.3854,147.272,157.266811,4.697,58.759,882.45,326166.76899586886,0,0
2026-07-16T10:44:13Z,0.291,28.3866,7.02,0.1999,0.0852,0.1692,0.34,149.015,159.129468,4.6659,58.422,422.26,336184.6291495394,0.001,0
2026-07-16T10:44:13Z,0.292,28.3867,7.02,0.1999,0.0852,0.1692,0.3249,150.067,160.253817,4.6309,58.156,389.56,342319.76231065043,0.001,0
2026-07-16T10:44:13Z,0.292,28.3867,7.02,0.2228,0.0426,0.0846,0.3703,150.668,160.897595,4.5968,57.988,461.11,345864.1659897939,0.002,0
2026-07-16T10:44:13Z,0.292,28.3868,7.02,0.2075,0.0426,0.0846,0.3854,151.015,161.270557,4.5663,57.913,398.46,347925.9932114524,0.002,0
2026-07-16T10:44:13Z,0.293,28.3871,7.02,0.2075,0.0426,0.0846,0.2947,151.232,161.506236,4.54,57.885,499.06,349228.522768031,0.002,0
2026-07-16T10:44:13Z,0.294,28.3875,7.02,0.2228,0.0426,0.0846,0.4156,151.365,161.651444,4.5193,57.854,527.61,350028.6744192404,0.003,0
2026-07-16T10:44:13Z,0.295,28.3881,6.93,0.1999,0.0852,0.1692,0.3854,151.438,161.732877,4.5063,57.811,609.37,350471.16610679653,0.003,0
2026-07-16T10:44:13Z,0.295,28.389,6.93,0.1885,0.0852,0.1692,0.3552,151.48,161.78027,4.5004,57.771,412.47,350718.9846442513,0.003,0
2026-07-16T10:44:13Z,0.296,28.39,6.93,0.2037,0.0852,0.1692,0.3854,151.518,161.822294,4.4981,57.749,444.77,350935.1940864716,0.002,0
2026-07-16T10:44:13Z,0.296,28.3911,6.93,0.1999,0.0852,0.1692,0.3854,151.562,161.870156,4.4956,57.759,385.26,351182.2250695836,0.002,0
2026-07-16T10:44:13Z,0.297,28.3921,6.93,0.219,0.0852,0.1692,0.3249,151.591,161.902545,4.4922,57.848,379.61,351344.8663243011,0.001,0
2026-07-16T10:44:13Z,0.297,28.3929,7.02,0.2304,0.0426,0.0423,0.3249,151.591,161.902042,4.489,58.084,411.04,351327.7192042904,0.001,0
2026-07-16T10:44:13Z,0.297,28.3935,7.02,0.2152,0.0426,0.0423,0.4005,151.589,161.898578,4.4872,58.507,444.09,351297.65018860844,0,0
2026-07-16T10:44:13Z,0.297,28.3939,7.02,0.2342,0.0426,0.0423,0.4458,151.604,161.913277,4.488,59.126,414.89,351372.4314920595,-0.001,0
2026-07-16T10:44:13Z,0.297,28.3941,7.02,0.2152,0.0426,0.0423,0.34,151.613,161.921998,4.4949,59.963,534.07,351417.47327815805,-0.001,0
2026-07-16T10:44:13Z,0.297,28.3941,7.11,0.2266,0.0426,0.1269,0.4458,151.615,161.923056,4.5133,61.036,463.12,351423.3728550613,-0.002,0
2026-07-16T10:44:13Z,0.296,28.3939,7.11,0.1885,0.0426,0.1269,0.34,151.62,161.928761,4.5461,62.314,520.1,351458.7730354028,-0.003,0
2026-07-16T10:44:13Z,0.295,28.3935,7.11,0.2419,0.0426,0.1269,0.4156,151.612,161.920591,4.5943,63.708,1086.2,351420.38756510196,-0.005,0
2026-07-16T10:44:13Z,0.294,28.3929,7.11,0.2075,0.0426,0.1269,0.4911,151.586,161.892357,4.6593,65.103,472.16,351273.72502850747,-0.006,0
2026-07-16T10:44:13Z,0.292,28.3926,7.02,0.2113,0.0426,0.0846,0.3552,151.56,161.864593,4.7427,66.378,377.8,351124.3409350679,-0.008,0
2026-07-16T10:44:13Z,0.29,28.3926,7.02,0.2113,0.0426,0.0846,0.2645,151.554,161.857956,4.842,67.425,531.87,351087.351419476,-0.009,0
2026-07-16T10:44:13Z,0.288,28.3928,7.02,0.2075,0.0426,0.0846,0.4005,151.567,161.870675,4.9504,68.159,1505.1,351154.65722759126,-0.012,0
2026-07-16T10:44:13Z,0.285,28.3929,7.02,0.1618,0.0426,0.0846,0.4005,151.576,161.878082,5.0588,68.538,930.1,351194.1522213021,-0.014,0
2026-07-16T10:44:13Z,0.281,28.3928,7.02,0.1389,0.0426,0.0846,0.34,151.577,161.878142,5.1579,68.56,1129.8,351196.28009201674,-0.017,0
2026-07-16T10:44:13Z,0.276,28.3926,6.93,0.1579,0.0852,0.1269,0.4307,151.579,161.878889,5.2392,68.267,654.39,351204.0295841522,-0.021,0
2026-07-16T10:44:13Z,0.271,28.3922,6.93,0.1503,0.0852,0.1269,0.3249,151.582,161.880522,5.2963,67.729,1377.4,351220.3032395333,-0.026,0
2026-07-16T10:44:13Z,0.264,28.3917,6.93,0.1618,0.0852,0.1269,0.4609,151.584,161.881473,5.3258,67.04,1263.3,351234.56836860947,-0.031,0
2026-07-16T10:44:13Z,0.256,28.3912,6.93,0.1503,0.0852,0.1269,0.4156,151.564,161.859946,5.3275,66.311,1110.5,351123.5372653324,-0.037,0
2026-07-16T10:44:13Z,0.245,28.3907,7.02,0.1236,0.0426,0.0846,0.3552,151.528,161.820224,5.3048,65.655,760.41,350911.14175259625,-0.042,0
2026-07-16T10:44:13Z,0.233,28.3904,7.02,0.1351,0.0426,0.0846,0.2796,151.506,161.793805,5.263,65.128,1308,350769.33829218964,-0.048,0
2026-07-16T10:44:13Z,0.22,28.3901,7.02,0.1618,0.0426,0.0846,0.3249,151.502,161.78567,5.2095,64.725,385.85,350729.39960768045,-0.053,0
2026-07-16T10:44:13Z,0.205,28.3898,7.02,0.1503,0.0426,0.0846,0.4609,151.503,161.781625,5.1529,64.421,1118.1,350712.2434684378,-0.057,0
2026-07-16T10:44:13Z,0.191,28.3893,6.93,0.1312,0.0426,0.1269,0.4005,151.494,161.768563,5.102,64.22,922.45,350648.44711632765,-0.061,0
2026-07-16T10:44:13Z,0.175,28.3884,6.93,0.1236,0.0426,0.1269,0.3552,151.477,161.74701,5.0611,64.133,501.13,350544.5311848784,-0.063,0
2026-07-16T10:44:13Z,0.157,28.3871,6.93,0.2228,0.0426,0.1269,0.4156,151.454,161.719237,5.0299,64.164,1445.2,350413.1552689861,-0.062,0
2026-07-16T10:44:13Z,0.139,28.3856,6.93,0.2304,0.0426,0.1269,0.3552,151.433,161.693871,5.0064,64.283,1243.9,350298.7757365484,-0.06,0
2026-07-16T10:44:13Z,0.122,28.3842,6.93,0.2304,0.0426,0.0846,0.2645,151.431,161.6882,4.9909,64.417,1206.1,350292.2424137843,-0.055,0
2026-07-16T10:44:13Z,0.108,28.3832,6.93,0.1999,0.0426,0.0846,0.4156,151.446,161.700712,4.9843,64.478,1199.6,350379.77829619485,-0.049,0
2026-07-16T10:44:13Z,0.097,28.3822,6.93,0.2113,0.0426,0.0846,0.4005,151.469,161.722717,4.9867,64.404,1230.8,350520.1917967223,-0.042,0
2026-07-16T10:44:13Z,0.089,28.3811,6.93,0.2113,0.0426,0.0846,0.34,151.49,161.744048,4.9961,64.152,1221.7,350658.6795519082,-0.035,0
2026-07-16T10:44:13Z,0.081,28.3799,6.93,0.1999,0.0426,0.0846,0.34,151.504,161.758368,5.0065,63.706,1181.2,350759.93478000583,-0.029,0
2026-07-16T10:44:13Z,0.075,28.3788,7.02,0.2266,0.0426,0.0423,0.3249,151.514,161.769495,5.0114,63.086,1311.1,350841.6293562051,-0.024,0
2026-07-16T10:44:13Z,0.069,28.3781,7.02,0.1465,0.0426,0.0423,0.2947,151.524,161.780397,5.0057,62.346,1287.1,350914.92011656327,-0.02,0
2026-07-16T10:44:13Z,0.065,28.3777,7.02,0.1541,0.0426,0.0423,0.4458,151.533,161.789973,4.9862,61.557,1293.6,350975.45686886547,-0.016,0
2026-07-16T10:44:13Z,0.061,28.3775,7.02,0.1045,0.0426,0.0423,0.34,151.535,161.792757,4.9515,60.787,1301.7,350994.55847425235,-0.013,0
2026-07-16T10:44:13Z,0.058,28.3774,7.11,0.1618,0.0426,0,0.3552,151.536,161.793502,4.9033,60.096,1309.1,351000.5035397932,-0.009,0
2026-07-16T10:44:13Z,0.057,28.3775,7.11,0.1732,0.0426,0,0.3854,151.542,161.800423,4.8458,59.519,1299.5,351037.29083838797,-0.006,0
2026-07-16T10:44:13Z,0.056,28.3776,7.11,0.1656,0.0426,0,0.3249,151.544,161.80334,4.7845,59.069,1322.6,351051.7598735865,-0.003,0
2026-07-16T10:44:13Z,0.055,28.3777,7.11,0.1503,0.0426,0,0.3249,151.528,161.786996,4.7247,58.731,1337,350958.86757130816,0,0
2026-07-16T10:44:13Z,0.056,28.3779,7.02,0.1541,0.0426,0.1692,0.3249,151.505,161.763068,4.6709,58.484,1345.7,350821.9382845235,0.003,0
2026-07-16T10:44:13Z,0.057,28.378,7.02,0.1389,0.0426,0.1692,0.4156,151.492,161.749226,4.626,58.31,1348.1,350743.0229516403,0.006,0
2026-07-16T10:44:13Z,0.059,28.3781,7.02,0.1465,0.0426,0.1692,0.4005,151.485,161.741779,4.5911,58.19,1347.5,350699.7436541124,0.008,0
2026-07-16T10:44:13Z,0.062,28.3783,7.02,0.1656,0.0426,0.1692,0.4156,151.482,161.738743,4.5648,58.106,1361.3,350679.24975804595,0.009,0
2026-07-16T10:44:13Z,0.065,28.3784,7.02,0.1503,0.0426,0.1692,0.3552,151.482,161.739306,4.5456,58.037,1350.1,350680.59524884616,0.01,0
2026-07-16T10:44:13Z,0.068,28.3785,7.02,0.2724,0.0426,0.1692,0.4156,151.482,161.739611,4.532,57.978,1366.1,350680.5034858032,0.01,0
2026-07-16T10:44:13Z,0.071,28.3786,7.02,0.2838,0.0426,0.1692,0.4307,151.481,161.739739,4.5227,57.922,1374.1,350679.42603726033,0.009,0
2026-07-16T10:44:13Z,0.073,28.3787,7.02,0.2648,0.0426,0.1692,0.4005,151.477,161.735715,4.5161,57.854,1378.9,350655.219560464,0.008,0
2026-07-16T10:44:13Z,0.074,28.3789,7.02,0.2838,0.0426,0.1692,0.2343,151.468,161.726467,4.5108,57.753,1389.1,350600.1266935909,0.006,0
2026-07-16T10:44:13Z,0.076,28.379,7.02,0.2876,0.0426,0.0846,0.34,151.459,161.717545,4.5062,57.609,1388.2,350548.6446424561,0.005,0
2026-07-16T10:44:13Z,0.077,28.3792,7.02,0.2953,0.0426,0.0846,0.3552,151.459,161.718598,4.5019,57.42,1397.6,350550.93057470035,0.004,0
2026-07-16T10:44:13Z,0.078,28.3794,7.02,0.2724,0.0426,0.0846,0.34,151.477,161.737922,4.4966,57.19,1384,350654.98395111965,0.003,0
2026-07-16T10:44:13Z,0.079,28.3796,7.02,0.2648,0.0426,0.0846,0.3552,151.501,161.764635,4.4887,56.924,1387.9,350800.2236866616,0.003,0
2026-07-16T10:44:13Z,0.079,28.3798,7.02,0.1732,0.0426,0.1269,0.4156,151.521,161.785819,4.4775,56.628,1382.5,350914.6858295809,0.002,0
2026-07-16T10:44:13Z,0.08,28.3801,7.02,0.1427,0.0426,0.1269,0.4156,151.532,161.799105,4.4627,56.322,1374.4,350983.35748881206,0.002,0
2026-07-16T10:44:13Z,0.08,28.3803,7.02,0.1808,0.0426,0.1269,0.3854,151.536,161.804026,4.4449,56.034,1370.5,351007.20233089273,0.001,0
2026-07-16T10:44:13Z,0.081,28.3804,7.02,0.1312,0.0426,0.1269,0.4156,151.538,161.805905,4.4242,55.786,1370.5,351015.883559854,0.001,0
2026-07-16T10:44:13Z,0.081,28.3806,7.02,0.2075,0.0426,0.1269,0.3552,151.54,161.809251,4.4012,55.591,1375.3,351030.9505174187,0.001,0
2026-07-16T10:44:13Z,0.081,28.3808,7.02,0.2228,0.0426,0.1269,0.2947,151.549,161.818964,4.3774,55.453,1392.1,351081.5082960564,0.001,0
2026-07-16T10:44:13Z,0.081,28.381,7.02,0.2152,0.0426,0.1269,0.3854,151.569,161.841644,4.3549,55.361,1397.9,351204.36384102865,0,0
2026-07-16T10:44:13Z,0.081,28.3812,7.02,0.2304,0.0426,0.1269,0.3854,151.592,161.867304,4.3357,55.283,1388.8,351343.86346437165,0,0
2026-07-16T10:44:13Z,0.081,28.3814,7.02,0.2304,0.0426,0.1269,0.4156,151.61,161.886751,4.3205,55.191,1394.6,351448.73952646257,0,0
2026-07-16T10:44:13Z,0.081,28.3816,7.02,0.2152,0.0426,0.0846,0.3854,151.62,161.899159,4.3097,55.071,1387.3,351514.36565850023,0,0
2026-07-16T10:44:13Z,0.081,28.3819,7.02,0.2304,0.0426,0.0846,0.3249,151.607,161.885788,4.3026,54.913,1382.2,351434.40017488785,0,0
2026-07-16T10:44:13Z,0.081,28.3822,7.02,0.2113,0.0426,0.0846,0.4005,151.564,161.841069,4.2964,54.71,1381,351179.6497691619,0,0
2026-07-16T10:44:13Z,0.081,28.3825,7.02,0.1503,0.0426,0.0846,0.4005,151.528,161.803184,4.2893,54.462,1376.8,350963.100050516,0,0
2026-07-16T10:44:13Z,0.081,28.3828,7.02,0.1579,0.0852,0.1269,0.3249,151.519,161.794102,4.28,54.179,1384.3,350907.11534308473,0,0
2026-07-16T10:44:13Z,0.081,28.3831,7.02,0.1503,0.0852,0.1269,0.3854,151.509,161.78334,4.2677,53.883,1386.1,350841.776088878,0,0
2026-07-16T10:44:13Z,0.081,28.3834,7.02,0.1732,0.0852,0.1269,0.4005,151.487,161.76001,4.2519,53.602,1379.5,350706.4315533351,-0.001,0
2026-07-16T10:44:13Z,0.08,28.3836,7.02,0.1541,0.0852,0.1269,0.3249,151.474,161.745952,4.2326,53.349,1383.4,350624.54886105994,-0.001,0
2026-07-16T10:44:13Z,0.08,28.3838,7.02,0.2152,0.0852,0.0846,0.3703,151.473,161.745435,4.2106,53.121,1388.5,350618.0909243853,-0.001,0
2026-07-16T10:44:13Z,0.08,28.3839,7.02,0.1999,0.0852,0.0846,0.4156,151.477,161.750304,4.1875,52.908,1386.4,350643.42010785826,-0.001,0
2026-07-16T10:44:13Z,0.08,28.384,7.02,0.2152,0.0852,0.0846,0.3854,151.48,161.753839,4.1657,52.698,1391.8,350661.31997161446,-0.001,0
2026-07-16T10:44:13Z,0.08,28.384,7.02,0.2152,0.0852,0.0846,0.34,151.479,161.752975,4.1461,52.476,1393.4,350656.50757231953,0,0
2026-07-16T10:44:13Z,0.08,28.3841,7.02,0.2152,0.0852,0.0846,0.3703,151.474,161.74748,4.1283,52.241,1382.5,350624.11247137544,0,0
2026-07-16T10:44:13Z,0.08,28.3841,7.02,0.2266,0.0426,0.0846,0.3098,151.463,161.73589,4.1117,52.003,1384.9,350559.5649268457,0,0
2026-07-16T10:44:13Z,0.08,28.3842,7.02,0.219,0.0426,0.0846,0.3552,151.447,161.719123,4.0954,51.766,1377.7,350464.40966292925,-0,0
2026-07-16T10:44:13Z,0.08,28.3843,7.02,0.2304,0.0426,0.0846,0.3552,151.429,161.700725,4.0782,51.534,1378.9,350360.1907525731,-0,0
2026-07-16T10:44:13Z,0.08,28.3844,7.02,0.2228,0.0426,0.0846,0.4458,151.425,161.695833,4.06,51.314,1383.7,350331.16986324906,-0,0
2026-07-16T10:44:13Z,0.079,28.3845,7.02,0.2304,0.0852,0.1269,0.4005,151.435,161.707152,4.0414,51.116,1388.2,350392.3943806803,-0.001,0
2026-07-16T10:44:13Z,0.079,28.3846,7.02,0.1923,0.0852,0.1269,0.4156,151.441,161.713647,4.023,50.951,1391.8,350426.76685062185,-0.001,0
2026-07-16T10:44:13Z,0.079,28.3846,7.02,0.2228,0.0852,0.1269,0.3249,151.437,161.709033,4.005,50.819,1385.2,350401.07858058665,-0.001,0
2026-07-16T10:44:13Z,0.079,28.3847,7.02,0.1618,0.0852,0.1269,0.3854,151.433,161.704105,3.9879,50.709,1385.2,350371.8552990261,-0.001,0
2026-07-16T10:44:13Z,0.078,28.3847,7.02,0.1465,0.0426,0.1269,0.3854,151.442,161.713586,3.9725,50.608,1369.6,350424.63885846327,-0.001,0
2026-07-16T10:44:13Z,0.078,28.3847,7.02,0.1541,0.0426,0.1269,0.3098,151.459,161.731985,3.9597,50.513,1397.6,350527.0857781914,-0.001,0
2026-07-16T10:44:13Z,0.078,28.3846,7.02,0.1351,0.0426,0.1269,0.3098,151.471,161.744165,3.9494,50.428,1428.3,350596.7039567024,-0.001,0
2026-07-16T10:44:13Z,0.077,28.3846,7.02,0.2037,0.0426,0.1269,0.3552,151.473,161.745357,3.9409,50.357,1444.8,350603.34252416645,0,0
2026-07-16T10:44:13Z,0.078,28.3845,7.02,0.2075,0.0426,0.1269,0.4005,151.456,161.727861,3.933,50.317,1468.6,350507.6991072638,0,0
2026-07-16T10:44:13Z,0.078,28.3844,7.02,0.2075,0.0852,0.0423,0.2645,151.429,161.699039,3.9257,50.329,1465.7,350349.017583996,0.001,0
2026-07-16T10:44:13Z,0.078,28.3843,7.02,0.2419,0.0852,0.0423,0.4156,151.414,161.683273,3.919,50.406,1464.4,350263.0448101246,0.002,0
2026-07-16T10:44:13Z,0.078,28.3842,7.02,0.1579,0.0852,0.0423,0.3552,151.419,161.688386,3.9135,50.561,1460,350293.29200025235,0.002,0
2026-07-16T10:44:13Z,0.079,28.3841,7.02,0.1389,0.0852,0.0423,0.4307,151.429,161.699705,3.9104,50.81,1420.9,350358.08885145246,0.003,0
2026-07-16T10:44:13Z,0.08,28.3841,7.02,0.1579,0.0852,0.0846,0.3703,151.439,161.712233,3.9114,51.155,1453.7,350427.8355060267,0.004,0
2026-07-16T10:44:13Z,0.081,28.3842,7.02,0.1312,0.0852,0.0846,0.3249,151.454,161.729309,3.9173,51.572,1387.9,350521.1274187687,0.004,0
2026-07-16T10:44:13Z,0.082,28.3844,7.02,0.1579,0.0852,0.0846,0.3854,151.466,161.743462,3.9294,52.029,1410.4,350596.36562016414,0.004,0
2026-07-16T10:44:13Z,0.084,28.3847,7.02,0.1579,0.0852,0.0846,0.3854,151.476,161.754458,3.9487,52.524,1404.9,350652.23943734675,0.005,0
2026-07-16T10:44:13Z,0.085,28.385,7.11,0.1389,0.0852,0.0846,0.3552,151.489,161.769236,3.9755,53.084,1409.8,350729.1851661474,0.005,0
2026-07-16T10:44:13Z,0.086,28.3854,7.11,0.1503,0.0852,0.0846,0.3854,151.509,161.791738,4.0079,53.747,1416.6,350847.3828994776,0.005,0
2026-07-16T10:44:13Z,0.087,28.3858,7.11,0.1503,0.0852,0.0846,0.3854,151.527,161.81193,4.0434,54.562,1422.1,350952.73062964465,0.005,0
2026-07-16T10:44:13Z,0.088,28.3861,7.11,0.1465,0.0852,0.0846,0.3249,151.526,161.811144,4.0818,55.576,1413.5,350942.97728101956,0.005,0
2026-07-16T10:44:13Z,0.09,28.3864,7.02,0.1503,0,0.0846,0.34,151.509,161.793178,4.1253,56.791,1424.6,350837.5000896169,0.006,0
2026-07-16T10:44:13Z,0.091,28.3866,7.02,0.1579,0,0.0846,0.4005,151.493,161.777296,4.1768,58.148,1423.3,350745.44179960305,0.006,0
2026-07-16T10:44:13Z,0.093,28.3868,7.02,0.1465,0,0.0846,0.5062,151.483,161.767277,4.2401,59.572,1421.2,350686.054473292,0.006,0
2026-07-16T10:44:13Z,0.095,28.387,7.02,0.1427,0,0.0846,0.3854,151.471,161.756443,4.3189,60.996,1427.4,350622.1345045121,0.007,0
2026-07-16T10:44:13Z,0.096,28.3871,7.02,0.1351,0,0.0846,0.3703,151.467,161.753931,4.4133,62.333,1419.6,350606.355241334,0.008,0
2026-07-16T10:44:13Z,0.098,28.3873,6.93,0.1351,0,0.2115,0.3854,151.461,161.751052,4.5187,63.479,1415.3,350586.7432346149,0.009,0
2026-07-16T10:44:13Z,0.1,28.3877,6.93,0.1351,0,0.2115,0.34,151.439,161.731006,4.6294,64.358,1413.5,350467.9664077086,0.01,0
2026-07-16T10:44:13Z,0.102,28.3882,6.93,0.1579,0,0.2115,0.4005,151.419,161.712497,4.74,64.95,1408.3,350355.98382148397,0.012,0
2026-07-16T10:44:13Z,0.106,28.389,6.93,0.1541,0,0.2115,0.4005,151.414,161.710636,4.8438,65.286,1428.9,350331.32113175624,0.014,0
2026-07-16T10:44:13Z,0.109,28.39,7.11,0.1389,0.0426,0.1269,0.4458,151.42,161.720916,4.9328,65.448,1409.5,350370.66282655665,0.016,0
2026-07-16T10:44:13Z,0.114,28.3912,7.11,0.1923,0.0426,0.1269,0.3703,151.425,161.730044,5.001,65.558,1387.9,350400.0165845218,0.019,0
2026-07-16T10:44:13Z,0.119,28.3923,7.11,0.1351,0.0426,0.1269,0.3249,151.423,161.732437,5.0469,65.736,1427.4,350393.6671978723,0.022,0
2026-07-16T10:44:13Z,0.125,28.3934,7.11,0.1503,0.0426,0.1269,0.2796,151.426,161.740759,5.0729,66.067,1386.1,350420.3207821659,0.025,0
2026-07-16T10:44:13Z,0.132,28.3945,6.93,0.1465,0.0852,0.0846,0.3552,151.437,161.757231,5.0854,66.625,1380.7,350492.34417747665,0.027,0
2026-07-16T10:44:13Z,0.14,28.3958,6.93,0.1732,0.0852,0.0846,0.3249,151.445,161.770209,5.0938,67.469,1805.7,350541.34245130286,0.029,0
2026-07-16T10:44:13Z,0.148,28.3974,6.93,0.1503,0.0852,0.0846,0.3249,151.443,161.771129,5.1075,68.55,1107.2,350517.84433325613,0.029,0
2026-07-16T10:44:13Z,0.157,28.399,6.93,0.1465,0.0852,0.0846,0.3854,151.433,161.764244,5.133,69.687,1127.6,350450.90254415426,0.027,0
2026-07-16T10:44:13Z,0.164,28.4006,6.93,0.1503,0.0852,0.0846,0.4307,151.425,161.759746,5.1763,70.666,610.03,350397.257353413,0.025,0
2026-07-16T10:44:13Z,0.17,28.402,7.02,0.1427,0.0426,0.0846,0.2947,151.422,161.760444,5.2417,71.339,1136.7,350376.11182115757,0.022,0
2026-07-16T10:44:13Z,0.175,28.4033,7.02,0.1656,0.0426,0.0846,0.4156,151.421,161.762515,5.3256,71.652,1272.6,350364.39679491223,0.019,0
2026-07-16T10:44:13Z,0.179,28.4045,7.02,0.1694,0.0426,0.0846,0.3703,151.408,161.750476,5.4138,71.614,963.42,350275.9579736736,0.016,0
2026-07-16T10:44:13Z,0.182,28.4056,7.02,0.1656,0.0426,0.0846,0.4005,151.389,161.733144,5.4898,71.265,1621.6,350159.8796648375,0.014,0
2026-07-16T10:44:13Z,0.185,28.4068,7.11,0.1198,0.0426,0.0423,0.3098,151.388,161.733957,5.542,70.679,1128.8,350142.964333226,0.013,0
2026-07-16T10:44:13Z,0.188,28.4078,7.11,0.1579,0.0426,0.0423,0.3854,151.393,161.741107,5.5662,69.972,1483.7,350164.8711203892,0.012,0
2026-07-16T10:44:13Z,0.191,28.4087,7.11,0.1541,0.0426,0.0423,0.4005,151.398,161.748483,5.5631,69.268,863.3,350189.8210907167,0.012,0
2026-07-16T10:44:13Z,0.193,28.4095,7.11,0.1503,0.0426,0.0423,0.34,151.409,161.762061,5.5359,68.652,1075.2,350251.05908221233,0.013,0
2026-07-16T10:44:13Z,0.196,28.4101,7.02,0.1579,0.0426,0.1269,0.4156,151.42,161.777443,5.4904,68.137,830,350325.91274184256,0.014,0
2026-07-16T10:44:13Z,0.2,28.4107,7.02,0.1694,0.0426,0.1269,0.4005,151.434,161.794723,5.4354,67.69,886.87,350411.3356896845,0.016,0
2026-07-16T10:44:13Z,0.204,28.4115,7.02,0.1579,0.0426,0.1269,0.3098,151.446,161.810493,5.3807,67.264,1136.2,350484.78949313244,0.017,0
2026-07-16T10:44:13Z,0.209,28.4124,7.02,0.1427,0.0426,0.1269,0.3854,151.457,161.824949,5.3327,66.823,712.57,350549.14831668505,0.017,0
2026-07-16T10:44:13Z,0.215,28.4133,7.02,0.1923,0.0426,0.1269,0.3703,151.475,161.845953,5.2926,66.349,1509,350649.9605052035,0.017,0
2026-07-16T10:44:13Z,0.22,28.4142,7.02,0.1999,0.0426,-0.0846,0.4156,151.493,161.867083,5.2578,65.828,1014.8,350751.4881740127,0.016,0
2026-07-16T10:44:13Z,0.224,28.4151,7.02,0.2304,0.0426,-0.0846,0.3552,151.493,161.869919,5.2246,65.252,445.35,350751.172788993,0.014,0
2026-07-16T10:44:13Z,0.227,28.4159,7.02,0.2152,0.0426,-0.0846,0.34,151.474,161.851209,5.1903,64.638,615.49,350632.70753988676,0.013,0
2026-07-16T10:44:13Z,0.229,28.4166,7.02,0.2304,0.0426,-0.0846,0.3552,151.457,161.834026,5.1534,64.013,463.12,350524.5564104969,0.011,0
2026-07-16T10:44:13Z,0.231,28.4172,7.11,0.2152,0.0852,0.2115,0.3854,151.453,161.829823,5.1129,63.399,666.15,350490.4395193024,0.011,0
2026-07-16T10:44:13Z,0.233,28.4179,7.11,0.1923,0.0852,0.2115,0.3854,151.452,161.82946,5.0682,62.821,434.83,350475.9044723695,0.012,0
2026-07-16T10:44:13Z,0.236,28.4184,7.11,0.1999,0.0852,0.2115,0.4156,151.455,161.832841,5.0204,62.304,518.29,350485.7777914124,0.013,0
2026-07-16T10:44:13Z,0.239,28.4188,7.11,0.2075,0.0852,0.2115,0.4307,151.463,161.840869,4.9718,61.864,479.6,350523.29711003584,0.016,0
2026-07-16T10:44:13Z,0.244,28.419,7.02,0.219,0,0.1692,0.2796,151.466,161.843657,4.9241,61.5,370.89,350535.23432126583,0.018,0
2026-07-16T10:44:13Z,0.248,28.4191,7.02,0.1923,0,0.1692,0.3249,151.465,161.841949,4.8791,61.205,591.24,350523.9401234702,0.021,0
2026-07-16T10:44:13Z,0.254,28.4191,7.02,0.219,0,0.1692,0.3098,151.471,161.847315,4.839,60.965,392.7,350553.79926100466,0.023,0
2026-07-16T10:44:13Z,0.261,28.419,7.02,0.1999,0,0.1692,0.3854,151.473,161.84916,4.8048,60.77,634.64,350565.8525461536,0.024,0
2026-07-16T10:44:13Z,0.268,28.4188,7.02,0.2075,0,0.1269,0.3249,151.465,161.839958,4.7766,60.618,506.93,350518.21841509367,0.023,0
2026-07-16T10:44:13Z,0.275,28.4186,7.02,0.2342,0,0.1269,0.3249,151.463,161.8373,4.7537,60.494,670.07,350507.00118533865,0.022,0
2026-07-16T10:44:13Z,0.28,28.4184,7.02,0.2152,0,0.1269,0.4156,151.477,161.852501,4.7351,60.358,506.05,350595.169307189,0.021,0
2026-07-16T10:44:13Z,0.285,28.4182,7.02,0.2075,0,0.1269,0.3854,151.503,161.8816,4.7199,60.176,468.17,350760.717884203,0.018,0
2026-07-16T10:44:13Z,0.289,28.418,7.02,0.2113,0,0.1269,0.3552,151.539,161.920328,4.7081,59.941,527.38,350979.9389836709,0.017,0
2026-07-16T10:44:13Z,0.292,28.4179,7.11,0.2266,0.0426,0.0846,0.3249,151.581,161.966989,4.6985,59.679,437.58,351241.6531511584,0.015,0
2026-07-16T10:44:13Z,0.295,28.418,7.11,0.2113,0.0426,0.0846,0.3552,151.615,162.003958,4.688,59.431,475.45,351445.87876910536,0.015,0
2026-07-16T10:44:13Z,0.299,28.4182,7.11,0.2228,0.0426,0.0846,0.3249,151.631,162.023055,4.6738,59.241,457.71,351548.7422984121,0.014,0
2026-07-16T10:44:13Z,0.303,28.4185,7.11,0.2152,0.0426,0.0846,0.3552,151.644,162.039394,4.6556,59.138,437.87,351634.4525412002,0.014,0
2026-07-16T10:44:13Z,0.307,28.4189,7.02,0.1808,0.0426,0.1692,0.2645,151.647,162.045307,4.6352,59.135,489.93,351660.24486404593,0.013,0
2026-07-16T10:44:13Z,0.311,28.4194,7.02,0.219,0.0426,0.1692,0.3703,151.633,162.032348,4.6159,59.223,459.91,351579.0256186679,0.012,0
2026-07-16T10:44:13Z,0.314,28.42,7.02,0.2876,0.0426,0.1692,0.2796,151.626,162.027129,4.601,59.361,484.74,351539.1711585709,0.01,0
2026-07-16T10:44:13Z,0.316,28.4209,7.02,0.2724,0.0426,0.1692,0.3098,151.638,162.040283,4.5929,59.494,470.32,351596.3598511869,0.008,0
2026-07-16T10:44:13Z,0.318,28.4217,7.02,0.2724,0.0426,0.0423,0.2947,151.652,162.055274,4.5927,59.586,654.25,351665.58775346563,0.006,0
2026-07-16T10:44:13Z,0.318,28.4225,7.02,0.2838,0.0426,0.0423,0.3703,151.672,162.0761,4.5994,59.629,496.57,351767.35937256034,0.004,0
2026-07-16T10:44:13Z,0.319,28.4231,7.02,0.1846,0.0426,0.0423,0.4156,151.698,162.1023,4.6101,59.628,464.12,351902.70794750866,0.003,0
2026-07-16T10:44:13Z,0.319,28.4233,7.02,0.2228,0.0426,0.0423,0.3098,151.702,162.106788,4.6205,59.604,518.07,351924.15062119893,0.003,0
2026-07-16T10:44:13Z,0.319,28.4232,7.02,0.1999,0.0426,0.0423,0.2645,151.691,162.094769,4.6276,59.588,522.7,351858.9100261318,0.004,0
2026-07-16T10:44:13Z,0.32,28.4229,7.02,0.2113,0.0852,0.1269,0.3552,151.691,162.095107,4.631,59.604,560.22,351866.1789053071,0.006,0
2026-07-16T10:44:13Z,0.321,28.4227,7.02,0.28,0.0852,0.1269,0.34,151.702,162.107894,4.6309,59.679,794.7,351941.08916170755,0.009,0
2026-07-16T10:44:13Z,0.324,28.4226,7.02,0.2648,0.0852,0.1269,0.4458,151.709,162.116495,4.629,59.836,477.42,351990.86222107837,0.013,0
2026-07-16T10:44:13Z,0.328,28.4226,7.02,0.2876,0.0852,0.1269,0.3249,151.702,162.109172,4.6277,60.098,666.88,351950.0110539596,0.016,0
2026-07-16T10:44:13Z,0.333,28.4227,7.11,0.2876,0.0426,0.0846,0.3703,151.69,162.098005,4.629,60.479,634.37,351885.92733103613,0.019,0
2026-07-16T10:44:13Z,0.339,28.4229,7.11,0.2915,0.0426,0.0846,0.3854,151.694,162.102063,4.6348,60.971,727.28,351904.96925031947,0.021,0
2026-07-16T10:44:13Z,0.346,28.4231,7.11,0.2838,0.0426,0.0846,0.3854,151.703,162.112407,4.647,61.562,635.88,351959.07468031987,0.022,0
2026-07-16T10:44:13Z,0.352,28.4234,7.11,0.2609,0.0426,0.0846,0.3249,151.709,162.117764,4.6673,62.256,756.45,351983.5691503044,0.022,0
2026-07-16T10:44:13Z,0.358,28.4237,7.02,0.2724,0.0852,0.0846,0.3552,151.711,162.119562,4.6969,63.068,896.56,351988.21136265853,0.02,0
2026-07-16T10:44:13Z,0.363,28.424,7.02,0.2419,0.0852,0.0846,0.3249,151.715,162.122291,4.7351,64.016,836.34,351998.04701810604,0.018,0
2026-07-16T10:44:13Z,0.367,28.4239,7.02,0.1999,0.0852,0.0846,0.3249,151.721,162.126678,4.781,65.114,751.37,352024.3141699162,0.017,0
2026-07-16T10:44:13Z,0.37,28.4238,7.02,0.219,0.0852,0.0846,0.3249,151.721,162.125874,4.8349,66.343,1175.6,352021.6234363826,0.017,0
2026-07-16T10:44:13Z,0.374,28.4235,7.02,0.1999,0.0426,0.0846,0.2645,151.72,162.125678,4.898,67.631,1162.1,352025.91556502006,0.017,0
2026-07-16T10:44:13Z,0.378,28.423,7.02,0.2304,0.0426,0.0846,0.3249,151.738,162.146082,4.9717,68.882,1304.6,352148.7345855909,0.018,0
2026-07-16T10:44:13Z,0.383,28.4226,7.02,0.2037,0.0426,0.0846,0.3854,151.784,162.196537,5.057,70.019,1067.7,352437.52981480886,0.02,0
2026-07-16T10:44:13Z,0.388,28.4223,7.02,0.2113,0.0426,0.0846,0.3249,151.832,162.250408,5.1524,71.005,766.71,352743.75562054844,0.021,0
2026-07-16T10:44:13Z,0.395,28.4224,7.02,0.2075,0.0426,0.0846,0.2947,151.843,162.263933,5.2524,71.835,676.95,352817.5070159328,0.023,0
2026-07-16T10:44:13Z,0.401,28.4228,7.02,0.219,0.0852,0.0846,0.3249,151.825,162.246734,5.3495,72.485,1854.6,352714.2341917617,0.023,0
2026-07-16T10:44:13Z,0.407,28.4234,7.02,0.2152,0.0852,0.0846,0.3854,151.814,162.236316,5.4378,72.907,839.98,352645.2532613012,0.023,0
2026-07-16T10:44:13Z,0.413,28.4241,7.02,0.1961,0.0852,0.0846,0.3249,151.813,162.235913,5.5143,73.089,2316.3,352630.4100390262,0.021,0
2026-07-16T10:44:13Z,0.418,28.4248,7.02,0.2304,0.0852,0.0846,0.476,151.833,162.255442,5.5787,73.082,2142.5,352726.8846826975,0.019,0
2026-07-16T10:44:13Z,0.424,28.4254,7.02,0.2152,0.0426,0.1692,0.3552,151.869,162.292091,5.6291,72.968,992.97,352920.81675723346,0.016,0
2026-07-16T10:44:13Z,0.428,28.4258,7.02,0.2571,0.0426,0.1692,0.3249,151.882,162.30352,5.6618,72.837,1021.9,352977.47295360983,0.013,0
2026-07-16T10:44:13Z,0.431,28.4258,7.02,0.2724,0.0426,0.1692,0.4156,151.867,162.284758,5.676,72.737,615.76,352872.6454713417,0.009,0
2026-07-16T10:44:13Z,0.433,28.4255,7.02,0.2915,0.0426,0.1692,0.3249,151.863,162.278907,5.6755,72.621,1223.3,352845.3574742118,0.006,0
2026-07-16T10:44:13Z,0.433,28.4247,7.11,0.2838,0.0426,0.2115,0.34,151.877,162.292426,5.6667,72.387,1169.2,352935.286292151,0.003,0
2026-07-16T10:44:13Z,0.432,28.4239,7.11,0.219,0.0426,0.2115,0.3854,151.883,162.296848,5.6566,71.957,1080.3,352974.3969390541,0.001,0
2026-07-16T10:44:13Z,0.431,28.4232,7.11,0.1961,0.0426,0.2115,0.3854,151.885,162.297362,5.6489,71.302,766.38,352989.8725038581,-0.001,0
2026-07-16T10:44:13Z,0.431,28.4227,7.11,0.2152,0.0426,0.2115,0.3098,151.894,162.30613,5.6399,70.44,634.64,353047.87474460236,-0.001,0
2026-07-16T10:44:13Z,0.431,28.4221,7.11,0.2037,0.0426,0.2115,0.4307,151.905,162.317473,5.6218,69.433,899.69,353122.07781484886,-0.001,0
2026-07-16T10:44:13Z,0.431,28.4214,7.02,0.2876,0.0426,0.0846,0.2796,151.914,162.326398,5.5885,68.393,1351.6,353184.57655879884,0,0
2026-07-16T10:44:13Z,0.431,28.4209,7.02,0.2609,0.0426,0.0846,0.3854,151.914,162.327269,5.5377,67.458,736.02,353198.4535236596,0.001,0
2026-07-16T10:44:13Z,0.431,28.4205,7.02,0.2991,0.0426,0.0846,0.4307,151.915,162.328334,5.4708,66.743,1107.9,353211.61395111855,0.003,0
2026-07-16T10:44:13Z,0.431,28.4203,7.02,0.2991,0.0426,0.0846,0.4609,151.93,162.345914,5.3926,66.295,1871.6,353313.5083320963,0.004,0
2026-07-16T10:44:13Z,0.433,28.4203,7.11,0.2762,0,0.0846,0.2947,151.943,162.360642,5.3118,66.111,955.09,353395.865778663,0.006,0
2026-07-16T10:44:13Z,0.435,28.4205,7.11,0.28,0,0.0846,0.3249,151.927,162.344376,5.2391,66.159,766.88,353301.30294966407,0.007,0
2026-07-16T10:44:13Z,0.438,28.4207,7.11,0.3067,0,0.0846,0.34,151.904,162.320841,5.1835,66.382,930.71,353166.1206614842,0.008,0
2026-07-16T10:44:13Z,0.44,28.4209,7.11,0.2991,0,0.0846,0.2645,151.914,162.331865,5.1488,66.697,1371.7,353224.1444093008,0.008,0
2026-07-16T10:44:13Z,0.442,28.4212,7.02,0.2991,0.0852,0.1692,0.3703,151.947,162.368362,5.1344,67.036,747.3,353422.8119982762,0.007,0
2026-07-16T10:44:13Z,0.444,28.4216,7.02,0.2724,0.0852,0.1692,0.4005,151.965,162.38795,5.1382,67.352,1090,353525.15474106977,0.006,0
2026-07-16T10:44:13Z,0.446,28.4219,7.02,0.2724,0.0852,0.1692,0.4005,151.956,162.379819,5.1554,67.618,1115.1,353474.26653263904,0.005,0
2026-07-16T10:44:13Z,0.447,28.4222,7.02,0.28,0.0852,0.1692,0.3249,151.943,162.365851,5.1799,67.82,836.52,353390.7418661723,0.004,0
2026-07-16T10:44:13Z,0.447,28.4225,7.02,0.2915,0.0426,0.2115,0.3552,151.939,162.362367,5.2062,67.954,706.71,353365.85173752334,0.003,0
2026-07-16T10:44:13Z,0.448,28.4228,7.02,0.3029,0.0426,0.2115,0.3552,151.94,162.364429,5.2308,68.012,889.77,353371.97474905226,0.002,0
2026-07-16T10:44:13Z,0.448,28.423,7.02,0.2876,0.0426,0.2115,0.2796,151.94,162.364569,5.2514,68.002,648.16,353369.1527242103,0.002,0
2026-07-16T10:44:13Z,0.448,28.4232,7.02,0.2724,0.0426,0.2115,0.34,151.926,162.350798,5.2671,67.941,672.55,353288.5490990234,0.002,0
2026-07-16T10:44:13Z,0.449,28.4234,7.02,0.3182,0.0426,0.2115,0.3249,151.893,162.315434,5.2775,67.83,790.57,353087.26163706766,0.002,0
2026-07-16T10:44:13Z,0.449,28.4236,7.02,0.3372,0.0426,0.1692,0.3703,151.864,162.285127,5.2819,67.658,900.66,352914.29987218103,0.002,0
2026-07-16T10:44:13Z,0.45,28.4238,7.02,0.3296,0.0426,0.1692,0.34,151.855,162.275848,5.2811,67.42,748.77,352858.85791336093,0.002,0
2026-07-16T10:44:13Z,0.45,28.424,7.02,0.3182,0.0426,0.1692,0.2343,151.86,162.281113,5.2764,67.108,660.68,352884.6727296847,0.002,0
2026-07-16T10:44:13Z,0.451,28.4241,7.02,0.2876,0.0426,0.1692,0.34,151.88,162.302327,5.2678,66.714,709.79,353001.4065940239,0.003,0
2026-07-16T10:44:13Z,0.451,28.4243,6.93,0.2838,0.0852,0.0846,0.3249,151.893,162.317085,5.2544,66.242,1740.2,353080.27946229716,0.004,0
2026-07-16T10:44:13Z,0.452,28.4244,6.93,0.3067,0.0852,0.0846,0.4156,151.879,162.301261,5.2359,65.715,1343.1,352990.04764749424,0.006,0
2026-07-16T10:44:13Z,0.454,28.4245,6.93,0.2838,0.0852,0.0846,0.2947,151.858,162.278697,5.2117000000000004,65.164,1093.1,352862.17464232934,0.007,0
2026-07-16T10:44:13Z,0.456,28.4245,6.93,0.3143,0.0852,0.0846,0.4458,151.859,162.279454,5.181,64.625,626.15,352866.40313019586,0.009,0
2026-07-16T10:44:13Z,0.458,28.4244,7.02,0.2762,0.0426,0.1692,0.3854,151.87,162.291709,5.1444,64.133,586.12,352936.6719636169,0.012,0
2026-07-16T10:44:13Z,0.462,28.4244,7.02,0.2724,0.0426,0.1692,0.34,151.873,162.294677,5.1034,63.729,786.97,352953.254723682,0.015,0
2026-07-16T10:44:13Z,0.466,28.4244,7.02,0.2609,0.0426,0.1692,0.4156,151.875,162.297166,5.0606,63.452,827.3,352967.16109590867,0.017,0
2026-07-16T10:44:13Z,0.471,28.4243,7.02,0.3487,0.0426,0.1692,0.3552,151.886,162.307857,5.0188,63.33,564.74,353028.7016301914,0.02,0
2026-07-16T10:44:13Z,0.476,28.4243,7.02,0.2991,0.0426,0.1692,0.34,151.884,162.30555,4.9806,63.397,713.04,353015.8078080934,0.021,0
2026-07-16T10:44:13Z,0.483,28.4242,7.02,0.3296,0.0852,0.0846,0.3552,151.861,162.281611,4.9492,63.71,925.06,352883.8445629748,0.021,0
2026-07-16T10:44:13Z,0.489,28.4242,7.02,0.3372,0.0852,0.0846,0.3249,151.851,162.269744,4.9277,64.3,606.73,352817.5460222763,0.02,0
2026-07-16T10:44:13Z,0.494,28.4241,7.02,0.3296,0.0852,0.0846,0.2947,151.858,162.274802,4.9182,65.134,749.91,352847.6003256328,0.018,0
2026-07-16T10:44:13Z,0.498,28.4241,7.02,0.3639,0.0852,0.0846,0.5213,151.848,162.262055,4.9234,66.138,568.19,352776.3908433647,0.016,0
2026-07-16T10:44:13Z,0.501,28.424,7.02,0.3563,0,0.2115,0.4156,151.825,162.236121,4.9478,67.228,679.16,352633.3413074629,0.014,0
2026-07-16T10:44:13Z,0.504,28.4237,7.02,0.3525,0,0.2115,0.34,151.813,162.222154,4.9936,68.353,705.49,352560.741238629,0.012,0
2026-07-16T10:44:13Z,0.507,28.4231,7.02,0.2686,0,0.2115,0.4156,151.818,162.226453,5.0584,69.489,696.5,352595.5364026745,0.011,0
2026-07-16T10:44:13Z,0.509,28.4225,7.02,0.28,0,0.2115,0.5062,151.839,162.248158,5.1364,70.573,1085.3,352727.5500997784,0.01,0
2026-07-16T10:44:13Z,0.512,28.4219,7.02,0.2648,0.0426,0.2115,0.3854,151.861,162.27101,5.2212,71.505,670.36,352866.00509681465,0.011,0
2026-07-16T10:44:13Z,0.514,28.4214,7.02,0.2876,0.0426,0.2115,0.4458,151.873,162.283063,5.3086,72.219,718.01,352942.3501839314,0.012,0
2026-07-16T10:44:13Z,0.517,28.421,7.02,0.2724,0.0426,0.2115,0.4156,151.884,162.295548,5.3968,72.705,600.56,353019.32013355265,0.013,0
2026-07-16T10:44:13Z,0.52,28.4207,7.02,0.2724,0.0426,0.2115,0.3249,151.899,162.311794,5.4811,72.98,524.98,353115.5225132913,0.014,0
2026-07-16T10:44:13Z,0.525,28.4206,7.02,0.2648,0.0426,0.2115,0.4156,151.911,162.324109,5.5536,73.087,531.06,353186.1622275939,0.014,0
2026-07-16T10:44:13Z,0.529,28.4205,7.11,0.2724,0.0426,0.0423,0.4156,151.915,162.327758,5.609,73.093,622.08,353208.36184813455,0.014,0
2026-07-16T10:44:13Z,0.533,28.4206,7.11,0.2838,0.0426,0.0423,0.3249,151.9,162.311687,5.6467,73.066,618.71,353116.721294223,0.013,0
2026-07-16T10:44:13Z,0.537,28.4206,7.11,0.2991,0.0426,0.0423,0.476,151.871,162.279629,5.668,73.063,523.38,352937.55610676465,0.012,0
2026-07-16T10:44:13Z,0.539,28.4205,7.11,0.28,0.0426,0.0423,0.3552,151.853,162.259114,5.6764,73.111,843.27,352824.7312631863,0.01,0
2026-07-16T10:44:13Z,0.541,28.4204,7.02,0.2876,0.0426,0.0846,0.3703,151.866,162.272733,5.6769,73.182,614.96,352902.62226858083,0.008,0
2026-07-16T10:44:13Z,0.543,28.4202,7.02,0.2648,0.0426,0.0846,0.4005,151.896,162.304073,5.6747,73.224,556.22,353081.36461786693,0.007,0
2026-07-16T10:44:13Z,0.544,28.4199,7.02,0.2991,0.0426,0.0846,0.4458,151.916,162.325412,5.6745,73.19,946,353206.0515232982,0.007,0
2026-07-16T10:44:13Z,0.546,28.4197,7.02,0.2571,0.0426,0.0846,0.3552,151.924,162.334424,5.6783,73.026,548.3,353260.0389770795,0.006,0
2026-07-16T10:44:13Z,0.547,28.4195,7.02,0.2762,0.0426,0.1692,0.4005,151.919,162.329503,5.6839,72.687,539.9,353236.12918458815,0.007,0
2026-07-16T10:44:13Z,0.549,28.4195,7.02,0.28,0.0426,0.1692,0.4156,151.908,162.317354,5.6871,72.169,596.27,353168.2088435274,0.008,0
2026-07-16T10:44:13Z,0.551,28.4194,7.02,0.2495,0.0426,0.1692,0.3703,151.901,162.310772,5.6845,71.508,662.26,353133.21577498096,0.009,0
2026-07-16T10:44:13Z,0.553,28.4194,7.02,0.2495,0.0426,0.1692,0.2796,151.91,162.32003,5.6718,70.764,621,353184.9687327327,0.011,0
2026-07-16T10:44:13Z,0.556,28.4194,6.93,0.3029,0.0426,0.1269,0.3854,151.939,162.351604,5.6454,69.995,520.89,353361.5060221694,0.013,0
2026-07-16T10:44:13Z,0.56,28.4195,6.93,0.2533,0.0426,0.1269,0.3552,151.975,162.389861,5.6052,69.245,658.1,353573.6782965124,0.015,0
2026-07-16T10:44:13Z,0.564,28.4196,6.93,0.2648,0.0426,0.1269,0.3249,151.979,162.394893,5.5539,68.551,915.46,353600.02335742366,0.017,0
2026-07-16T10:44:13Z,0.57,28.4197,6.93,0.28,0.0426,0.1269,0.3703,151.941,162.35401,5.496,67.939,691.52,353369.54884876945,0.017,0
2026-07-16T10:44:13Z,0.575,28.4197,6.93,0.2724,0.0426,0.1269,0.4609,151.904,162.314439,5.4363,67.402,697.1,353148.3024384178,0.017,0
2026-07-16T10:44:13Z,0.579,28.4198,7.02,0.28,0.0852,0.2538,0.3098,151.894,162.303712,5.3781,66.92,763.72,353086.5390680242,0.015,0
2026-07-16T10:44:13Z,0.583,28.4198,7.02,0.2571,0.0852,0.2538,0.3249,151.894,162.302931,5.3241,66.479,1459,353082.17242755386,0.013,0
2026-07-16T10:44:13Z,0.586,28.4198,7.02,0.2876,0.0852,0.2538,0.3249,151.891,162.299864,5.2766,66.065,683.6,353065.02910695126,0.011,0
2026-07-16T10:44:13Z,0.588,28.4198,7.02,0.2762,0.0852,0.2538,0.3249,151.889,162.2977,5.2349,65.653,645.77,353052.93354505027,0.01,0
2026-07-16T10:44:13Z,0.59,28.4197,7.02,0.2876,0.0426,0.1269,0.3249,151.899,162.307889,5.1974,65.227,628.19,353111.68434823037,0.009,0
2026-07-16T10:44:13Z,0.592,28.4196,7.02,0.2876,0.0426,0.1269,0.4156,151.914,162.32513,5.1632,64.781,652.4,353209.8647333948,0.009,0
2026-07-16T10:44:13Z,0.593,28.4196,7.02,0.2724,0.0426,0.1269,0.3703,151.926,162.337987,5.131,64.338,900.86,353281.7471363515,0.009,0
2026-07-16T10:44:13Z,0.596,28.4196,7.02,0.28,0.0426,0.1269,0.34,151.94,162.353895,5.0991,63.941,696.5,353370.69994783896,0.01,0
2026-07-16T10:44:13Z,0.599,28.4196,6.93,0.2876,0.0852,0,0.4156,151.943,162.357054,5.0659,63.639,685.24,353388.3648986346,0.012,0
2026-07-16T10:44:13Z,0.602,28.4198,6.93,0.2724,0.0852,0,0.3552,151.927,162.340288,5.0313,63.489,970.99,353291.00597814086,0.014,0
2026-07-16T10:44:13Z,0.605,28.4199,6.93,0.2915,0.0852,0,0.3703,151.918,162.331195,4.9969,63.543,1461.6,353238.36292942136,0.015,0
2026-07-16T10:44:13Z,0.609,28.4201,6.93,0.28,0.0852,0,0.4609,151.915,162.327353,4.9661,63.855,872.92,353213.2784652969,0.016,0
2026-07-16T10:44:13Z,0.614,28.4202,6.93,0.3525,0.0852,0,0.34,151.904,162.315709,4.9426,64.472,1530.5,353146.38218640786,0.016,0
2026-07-16T10:44:13Z,0.619,28.4202,7.11,0.2953,0.0426,0.1269,0.3854,151.89,162.301176,4.9309,65.402,657.52,353065.1476480173,0.016,0
2026-07-16T10:44:13Z,0.624,28.4203,7.11,0.3296,0.0426,0.1269,0.4458,151.874,162.283887,4.9352,66.602,1147.6,352966.72274247836,0.014,0
2026-07-16T10:44:13Z,0.627,28.4203,7.11,0.3334,0.0426,0.1269,0.34,151.862,162.271259,4.9594,68.015,1198.8,352896.1583841953,0.012,0
2026-07-16T10:44:13Z,0.63,28.4203,7.11,0.2724,0.0426,0.1269,0.3249,151.871,162.279969,5.0073,69.537,1039.1,352944.82663040375,0.01,0
2026-07-16T10:44:13Z,0.631,28.4203,7.11,0.2762,0.0852,0.0846,0.4458,151.895,162.30432,5.0796,71.005,641.3,353080.91518864356,0.007,0
2026-07-16T10:44:13Z,0.632,28.4203,7.11,0.28,0.0852,0.0846,0.3854,151.913,162.322745,5.1727,72.258,712.42,353183.9067830343,0.006,0
2026-07-16T10:44:13Z,0.633,28.4202,7.11,0.2762,0.0852,0.0846,0.3703,151.922,162.332141,5.2824,73.176,658.81,353238.2370320382,0.005,0
2026-07-16T10:44:13Z,0.635,28.42,7.11,0.2724,0.0852,0.0846,0.3552,151.925,162.335011,5.4007,73.693,1124.1,353257.8864498681,0.006,0
2026-07-16T10:44:13Z,0.636,28.4198,7.02,0.2571,0.0426,0.0423,0.4458,151.923,162.332123,5.5147,73.805,521.79,353245.3428249272,0.007,0
2026-07-16T10:44:13Z,0.638,28.4196,7.02,0.2724,0.0426,0.0423,0.2494,151.929,162.33874,5.612,73.553,843.64,353285.9430929326,0.008,0
2026-07-16T10:44:13Z,0.64,28.4194,7.02,0.2724,0.0426,0.0423,0.4156,151.949,162.360637,5.6834,73.004,785.09,353411.99476399185,0.01,0
2026-07-16T10:44:13Z,0.642,28.4192,7.02,0.2724,0.0426,0.0423,0.34,151.966,162.379599,5.7236,72.259,856.38,353521.6568986824,0.011,0
2026-07-16T10:44:13Z,0.646,28.4191,7.02,0.28,0.0852,0.1692,0.4307,151.97,162.384648,5.7323,71.423,766.55,353551.7025362785,0.012,0
2026-07-16T10:44:13Z,0.65,28.4192,7.02,0.2915,0.0852,0.1692,0.3552,151.959,162.37312,5.7127,70.567,869.13,353485.414256401,0.012,0
2026-07-16T10:44:13Z,0.654,28.4193,7.02,0.2571,0.0852,0.1692,0.3249,151.93,162.341943,5.67,69.733,731.56,353309.2537647764,0.011,0
2026-07-16T10:44:13Z,0.657,28.4194,7.02,0.2876,0.0852,0.1692,0.3552,151.89,162.298838,5.6122,68.952,587.02,353066.4751216877,0.01,0
2026-07-16T10:44:13Z,0.659,28.4196,7.02,0.28,0.0852,0.1692,0.34,151.858,162.26438,5.5473,68.229,2138.8,352870.31200231303,0.007,0
2026-07-16T10:44:13Z,0.661,28.4197,7.02,0.2724,0.0426,0.0846,0.3854,151.848,162.253433,5.4808,67.549,743.58,352807.350688867,0.005,0
2026-07-16T10:44:13Z,0.661,28.4197,7.02,0.2648,0.0426,0.0846,0.2494,151.858,162.263079,5.416,66.894,705.18,352861.2426697014,0.003,0
2026-07-16T10:44:13Z,0.661,28.4197,7.02,0.2648,0.0426,0.0846,0.3703,151.881,162.287871,5.3553,66.278,708.71,352999.7780740152,0.001,0
2026-07-16T10:44:13Z,0.661,28.4196,7.02,0.2152,0.0426,0.0846,0.3854,151.91,162.318386,5.2992,65.728,1919.4,353172.1401818352,0.001,0
2026-07-16T10:44:13Z,0.661,28.4194,7.02,0.2075,0.0426,0.0846,0.2343,151.933,162.342717,5.2464,65.258,767.88,353311.7771217548,0.001,0
2026-07-16T10:44:13Z,0.661,28.4192,7.02,0.2228,0.0426,0.0846,0.4911,151.942,162.351318,5.1955,64.862,1972.7,353363.47769155476,0.002,0
2026-07-16T10:44:13Z,0.661,28.419,7.02,0.1961,0.0426,0.0846,0.3854,151.934,162.342472,5.1477,64.534,695.89,353317.61616922246,0.004,0
2026-07-16T10:44:13Z,0.662,28.4189,7.02,0.1999,0.0426,0.0846,0.3249,151.922,162.329856,5.105,64.271,720.67,353248.8764675819,0.006,0
2026-07-16T10:44:13Z,0.664,28.4188,7.11,0.219,0.0426,0.2115,0.4609,151.911,162.31812300000001,5.0685,64.083,720.98,353185.081355283,0.008,0
2026-07-16T10:44:13Z,0.667,28.4187,7.11,0.2113,0.0426,0.2115,0.4005,151.89,162.296127,5.0377,63.981,746.17,353063.9264220029,0.01,0
2026-07-16T10:44:13Z,0.669,28.4187,7.11,0.2075,0.0426,0.2115,0.3552,151.875,162.280051,5.0122,63.963,1050.2,352974.0789914591,0.013,0
2026-07-16T10:44:13Z,0.673,28.4187,7.11,0.2648,0.0426,0.2115,0.3703,151.89,162.295674,4.9918,64.025,868.75,353061.39247288473,0.015,0
2026-07-16T10:44:13Z,0.677,28.4188,7.11,0.2838,0.0426,0.2115,0.4307,151.921,162.329122,4.9772,64.191,767.21,353246.56987868424,0.017,0
2026-07-16T10:44:13Z,0.683,28.4188,7.11,0.28,0.0852,0.0846,0.4156,151.942,162.351231,4.9692,64.503,777.45,353370.19427491556,0.018,0
2026-07-16T10:44:13Z,0.688,28.4188,7.11,0.2915,0.0852,0.0846,0.4307,151.946,162.35587,4.9679,64.984,787.31,353396.13535150746,0.018,0
2026-07-16T10:44:13Z,0.693,28.4187,7.11,0.2686,0.0852,0.0846,0.4307,151.951,162.360311,4.9727,65.622,626.56,353422.7733722566,0.017,0
2026-07-16T10:44:13Z,0.698,28.4187,7.11,0.2876,0.0852,0.0846,0.3552,151.964,162.373758,4.9856,66.385,1119.3,353497.98303044867,0.015,0
2026-07-16T10:44:13Z,0.701,28.4186,7.11,0.2724,0.0426,0.2115,0.3249,151.981,162.391776,5.0098,67.237,2236.2,353600.57832916325,0.013,0
2026-07-16T10:44:13Z,0.704,28.4185,7.11,0.28,0.0426,0.2115,0.3703,151.992,162.403138,5.0472,68.15,1116.1,353665.9496957066,0.011,0
2026-07-16T10:44:13Z,0.706,28.4184,7.11,0.28,0.0426,0.2115,0.4005,151.993,162.402853,5.0968,69.104,876.15,353666.15848225995,0.01,0
2026-07-16T10:44:13Z,0.708,28.4182,7.11,0.2762,0.0426,0.2115,0.4458,151.997,162.406883,5.1561,70.077,602.79,353692.31517581095,0.009,0
2026-07-16T10:44:13Z,0.71,28.418,7.02,0.2724,0.0426,0.1692,0.4609,152.002,162.412292,5.2223,71.058,790.74,353726.1898008585,0.009,0
2026-07-16T10:44:13Z,0.712,28.4178,7.02,0.28,0.0426,0.1692,0.3854,151.998,162.408497,5.2932,72.06,542.96,353708.562093018,0.009,0
2026-07-16T10:44:13Z,0.714,28.4176,7.02,0.2724,0.0426,0.1692,0.3703,152,162.410521,5.3673,73.061,958,353723.49587472534,0.01,0
2026-07-16T10:44:13Z,0.716,28.4176,7.02,0.2648,0.0426,0.1692,0.4005,152.012,162.422912,5.4429,73.974,588.29,353792.8366977156,0.011,0
2026-07-16T10:44:13Z,0.719,28.4175,7.02,0.2495,0.0426,0.0423,0.4156,152.021,162.432939,5.5191,74.688,922.45,353850.7596858959,0.012,0
2026-07-16T10:44:13Z,0.723,28.4175,7.02,0.2762,0.0426,0.0423,0.3854,152.02,162.43125,5.5969,75.122,947.23,353841.3050121049,0.013,0
2026-07-16T10:44:13Z,0.727,28.4175,7.02,0.3372,0.0426,0.0423,0.4458,151.999,162.409377,5.6746,75.238,756.62,353718.8943357285,0.013,0
2026-07-16T10:44:13Z,0.731,28.4175,7.02,0.3296,0.0426,0.0423,0.3552,151.966,162.373512,5.7456,75.045,669.35,353518.23527161917,0.013,0
2026-07-16T10:44:13Z,0.735,28.4175,7.02,0.3411,0.0426,0.0423,0.4458,151.936,162.342155,5.801,74.597,627.1,353342.8549094738,0.013,0
2026-07-16T10:44:13Z,0.738,28.4175,7.02,0.3372,0.0852,0.0423,0.3703,151.926,162.330994,5.8347,73.975,683.46,353280.44338472595,0.012,0
2026-07-16T10:44:13Z,0.74,28.4176,7.02,0.3182,0.0852,0.0423,0.2947,151.943,162.349082,5.8437,73.276,738.59,353379.78833818255,0.011,0
2026-07-16T10:44:13Z,0.743,28.4176,7.02,0.3296,0.0852,0.0423,0.3552,151.97,162.377188,5.8287,72.603,653.68,353536.99147579714,0.01,0
2026-07-16T10:44:13Z,0.745,28.4176,7.02,0.3449,0.0852,0.0423,0.3703,151.979,162.386729,5.7939,72.038,681.38,353590.36568981176,0.01,0
2026-07-16T10:44:13Z,0.747,28.4176,6.93,0.3372,0.0426,0.2115,0.3552,151.969,162.376239,5.7456,71.619,906.36,353531.6811218807,0.01,0
2026-07-16T10:44:13Z,0.75,28.4174,6.93,0.3334,0.0426,0.2115,0.2645,151.961,162.366974,5.6913,71.366,757.93,353483.461085474,0.01,0
2026-07-16T10:44:13Z,0.752,28.4173,6.93,0.3372,0.0426,0.2115,0.4156,151.963,162.36849,5.6391,71.305,707.02,353493.74312753556,0.01,0
2026-07-16T10:44:13Z,0.755,28.4172,6.93,0.3372,0.0426,0.2115,0.3854,151.972,162.377182,5.5952,71.441,893.65,353544.1674142952,0.01,0
2026-07-16T10:44:13Z,0.757,28.4171,7.02,0.3372,0.0426,0,0.3703,151.993,162.399378,5.5626,71.753,890.16,353670.15130492434,0.01,0
2026-07-16T10:44:13Z,0.76,28.417,7.02,0.3029,0.0426,0,0.3854,152.02,162.428969,5.5431,72.199,906.16,353837.55129758385,0.011,0
2026-07-16T10:44:13Z,0.762,28.4168,7.02,0.3372,0.0426,0,0.3552,152.028,162.437767,5.5384,72.691,509.25,353890.40512044076,0.012,0
2026-07-16T10:44:13Z,0.765,28.4167,7.02,0.3029,0.0426,0,0.4156,152.012,162.420101,5.5489,73.125,822.28,353793.3316815649,0.014,0
2026-07-16T10:44:13Z,0.769,28.4167,7.02,0.3449,0.0426,0,0.4458,152.007,162.415355,5.5731,73.429,925.46,353766.7698973422,0.015,0
2026-07-16T10:44:13Z,0.774,28.4167,7.11,0.3792,0.0426,0.0846,0.4156,152.029,162.438301,5.6077,73.562,908.33,353895.19582140155,0.016,0
2026-07-16T10:44:13Z,0.779,28.4167,7.11,0.4059,0.0426,0.0846,0.4458,152.044,162.454969,5.646,73.505,1205.6,353988.50195285876,0.016,0
2026-07-16T10:44:13Z,0.783,28.4167,7.11,0.4059,0.0426,0.0846,0.4458,152.047,162.457776,5.6797,73.251,498.63,354004.21573963534,0.015,0
2026-07-16T10:44:13Z,0.787,28.4168,7.11,0.3868,0.0426,0.0846,0.5062,152.048,162.459499,5.7033,72.815,1251.3,354012.05501570733,0.013,0
2026-07-16T10:44:13Z,0.79,28.4168,7.11,0.3945,0.0426,0.0846,0.4458,152.045,162.456587,5.7137,72.229,707.79,353995.7508680958,0.011,0
2026-07-16T10:44:13Z,0.792,28.4169,7.11,0.4097,0.0426,0.0846,0.4458,152.037,162.448265,5.7092,71.542,649.01,353947.3555483888,0.009,0
2026-07-16T10:44:13Z,0.794,28.4169,7.11,0.3983,0.0426,0.0846,0.3552,152.03,162.440331,5.6895,70.806,942.92,353902.94164889085,0.008,0
2026-07-16T10:44:13Z,0.796,28.417,7.11,0.4021,0.0426,0.0846,0.3098,152.025,162.434678,5.6556,70.062,551.05,353869.4936630518,0.007,0
2026-07-16T10:44:13Z,0.797,28.4171,7.11,0.4097,0.0426,0.2538,0.3854,152.024,162.433808,5.6101,69.337,1183.3,353862.8182527275,0.006,0
2026-07-16T10:44:13Z,0.798,28.4171,7.11,0.3945,0.0426,0.2538,0.4458,152.024,162.433479,5.5567,68.657,800.77,353860.976439704,0.007,0
2026-07-16T10:44:13Z,0.8,28.417,7.11,0.3868,0.0426,0.2538,0.4156,152.012,162.421578,5.4995,68.061,669.2,353796.172506041,0.007,0
2026-07-16T10:44:13Z,0.802,28.417,7.11,0.4173,0.0426,0.2538,0.4156,152.006,162.414974,5.4417,67.588,764.38,353759.21321154066,0.008,0
2026-07-16T10:44:13Z,0.804,28.4169,7.11,0.3792,0.0426,0.2538,0.3249,152.019,162.427942,5.3854,67.277,641.02,353833.5935304056,0.009,0
2026-07-16T10:44:13Z,0.806,28.4169,7.11,0.3983,0.0426,0.0846,0.2645,152.022,162.431869,5.3326,67.185,635.88,353855.57251005754,0.01,0
2026-07-16T10:44:13Z,0.809,28.4169,7.11,0.3868,0.0426,0.0846,0.3249,152.003,162.411768,5.2863,67.38,677.1,353743.0738400398,0.011,0
2026-07-16T10:44:13Z,0.813,28.4169,7.11,0.3983,0.0426,0.0846,0.3552,151.987,162.394347,5.2496,67.913,505.28,353645.59178656025,0.012,0
2026-07-16T10:44:13Z,0.816,28.4168,7.11,0.4135,0.0426,0.0846,0.3703,151.998,162.407033,5.2254,68.794,802.51,353718.37940161856,0.012,0
2026-07-16T10:44:13Z,0.819,28.4168,7.11,0.4173,0.0852,0.0423,0.3249,152.019,162.429156,5.2183,69.943,540.26,353842.1882842202,0.012,0
2026-07-16T10:44:13Z,0.823,28.4169,7.11,0.4097,0.0852,0.0423,0.3552,152.016,162.426526,5.2334,71.176,671.97,353825.6623011884,0.011,0
2026-07-16T10:44:13Z,0.825,28.417,7.11,0.3639,0.0852,0.0423,0.3552,151.993,162.402452,5.2748,72.296,714.28,353689.1338969709,0.01,0
2026-07-16T10:44:13Z,0.828,28.4171,7.11,0.4021,0.0852,0.0423,0.3249,151.971,162.378575,5.3433,73.148,437.49,353553.7399512603,0.009,0
2026-07-16T10:44:13Z,0.83,28.4172,7.11,0.3906,0.0426,0.1692,0.3854,151.961,162.368573,5.4325,73.61,582.69,353495.98531019845,0.009,0
2026-07-16T10:44:13Z,0.832,28.4173,7.11,0.3906,0.0426,0.1692,0.3703,151.955,162.361759,5.5282,73.633,651.55,353456.0676964819,0.008,0
2026-07-16T10:44:13Z,0.833,28.4173,7.11,0.4097,0.0426,0.1692,0.3703,151.946,162.35231,5.6153,73.253,501.02,353403.218744763,0.009,0
2026-07-16T10:44:13Z,0.835,28.4174,7.11,0.4212,0.0426,0.1692,0.3854,151.948,162.35374,5.6814,72.54,546.28,353409.4133038392,0.009,0
2026-07-16T10:44:13Z,0.838,28.4174,7.11,0.3906,0.0852,0.0423,0.3249,151.967,162.374447,5.7173,71.585,807.06,353525.23392661044,0.01,0
2026-07-16T10:44:13Z,0.841,28.4174,7.11,0.4021,0.0852,0.0423,0.4005,151.987,162.395902,5.7191,70.495,542.26,353645.26316556835,0.011,0
2026-07-16T10:44:13Z,0.844,28.4174,7.11,0.3792,0.0852,0.0423,0.4458,151.987,162.395763,5.6895,69.364,760.24,353644.4841177145,0.012,0
2026-07-16T10:44:13Z,0.847,28.4174,7.11,0.3716,0.0852,0.0423,0.2494,151.985,162.394037,5.6342,68.244,641.85,353634.8261109517,0.012,0
2026-07-16T10:44:13Z,0.85,28.4174,7.11,0.3868,0.0852,0.0423,0.3854,152.004,162.414318,5.56,67.161,703.95,353748.3079159423,0.012,0
2026-07-16T10:44:13Z,0.853,28.4174,7.11,0.4059,0,0.0846,0.4156,152.038,162.449986,5.4753,66.136,482.22,353947.94198864326,0.011,0
2026-07-16T10:44:13Z,0.856,28.4174,7.11,0.3754,0,0.0846,0.4156,152.064,162.478484,5.3875,65.2,705.95,354107.494757996,0.01,0
2026-07-16T10:44:13Z,0.858,28.4174,7.11,0.4059,0,0.0846,0.34,152.065,162.479348,5.3005,64.388,592.91,354112.3321149679,0.01,0
2026-07-16T10:44:13Z,0.861,28.4175,7.11,0.383,0,0.0846,0.4156,152.054,162.468844,5.2164,63.741,1025,354051.7102766522,0.011,0
2026-07-16T10:44:13Z,0.863,28.4175,7.11,0.3868,0.0426,0.0846,0.3249,152.053,162.468225,5.1368,63.292,535.93,354048.24351103266,0.012,0
2026-07-16T10:44:13Z,0.866,28.4176,7.11,0.4021,0.0426,0.0846,0.3249,152.05,162.465297,5.0641,63.056,610.96,354030.0433597136,0.013,0
2026-07-16T10:44:13Z,0.869,28.4176,7.11,0.3906,0.0426,0.0846,0.4156,152.041,162.455273,5.001,63.034,581.43,353973.92266478675,0.014,0
2026-07-16T10:44:13Z,0.873,28.4177,7.11,0.3792,0.0426,0.0846,0.4005,152.03,162.443497,4.9507,63.213,708.25,353906.1950098881,0.014,0
2026-07-16T10:44:13Z,0.878,28.4177,7.02,0.3945,0.0426,0.0846,0.3703,152.018,162.430836,4.9159,63.552,568.68,353835.32726384874,0.015,0
2026-07-16T10:44:13Z,0.882,28.4178,7.02,0.4021,0.0426,0.0846,0.3249,152.014,162.425943,4.8975,63.984,501.67,353806.1362367938,0.015,0
2026-07-16T10:44:13Z,0.885,28.4179,7.02,0.4593,0.0426,0.0846,0.3703,152.015,162.42751,4.8959,64.463,595.49,353813.1003045296,0.014,0
2026-07-16T10:44:13Z,0.889,28.4179,7.02,0.486,0.0426,0.0846,0.3249,152.02,162.431949,4.9097,64.986,588.55,353837.9429944329,0.013,0
2026-07-16T10:44:13Z,0.891,28.4179,7.02,0.4593,0.0426,0.0846,0.4156,152.035,162.448459,4.936,65.566,566.34,353930.35420711193,0.013,0
2026-07-16T10:44:13Z,0.894,28.4179,7.11,0.4822,0,0.0423,0.3854,152.046,162.459395,4.9697,66.199,480.33,353991.5736974879,0.012,0
2026-07-16T10:44:13Z,0.897,28.4178,7.11,0.4784,0,0.0423,0.3552,152.03,162.441615,5.0068,66.894,529.91,353893.84756027156,0.012,0
2026-07-16T10:44:13Z,0.901,28.4178,7.11,0.4669,0,0.0423,0.4307,152.003,162.412428,5.0474,67.674,618.31,353730.4973274364,0.013,0
2026-07-16T10:44:13Z,0.904,28.4177,7.11,0.4326,0,0.0423,0.3703,151.99,162.398125,5.0925,68.532,590.6,353652.2683705007,0.014,0
2026-07-16T10:44:13Z,0.907,28.4175,7.11,0.4669,0.0852,0.1692,0.2947,151.994,162.402909,5.1417,69.428,462.71,353682.6430049159,0.014,0
2026-07-16T10:44:13Z,0.911,28.4174,7.11,0.4669,0.0852,0.1692,0.8839,151.999,162.408012,5.1957,70.304,634.09,353713.000502644,0.015,0
2026-07-16T10:44:13Z,0.915,28.4173,7.11,0.4708,0.0852,0.1692,0.9896,151.99,162.398759,5.2562,71.12,505.5,353663.02794190776,0.016,0
2026-07-16T10:44:13Z,0.92,28.4173,7.11,0.4708,0.0852,0.1692,0.8688,151.977,162.384709,5.3229,71.852,495.06,353584.4185622912,0.016,0
2026-07-16T10:44:13Z,0.924,28.4172,7.02,0.4517,0.0426,0.1692,0.899,151.979,162.386168,5.3925,72.468,523.73,353594.3833947758,0.016,0
2026-07-16T10:44:13Z,0.928,28.4172,7.02,0.4669,0.0426,0.1692,0.34,151.999,162.407535,5.4606,72.968,429.48,353713.9343611299,0.015,0
2026-07-16T10:44:13Z,0.932,28.4172,7.02,0.4517,0.0426,0.1692,0.3249,152.02,162.430453,5.524,73.377,604.49,353842.19089671795,0.014,0
2026-07-16T10:44:13Z,0.935,28.4172,7.02,0.4364,0.0426,0.1692,0.34,152.037,162.44901,5.5808,73.695,475.35,353946.06275554845,0.013,0
2026-07-16T10:44:13Z,0.938,28.4172,7.02,0.4708,0.0852,0.1692,0.5062,152.059,162.472161,5.6286,73.898,499.17,354075.6756507325,0.011,0
2026-07-16T10:44:13Z,0.941,28.4172,7.02,0.4517,0.0852,0.1692,0.3703,152.072,162.486036,5.6674,73.968,476.8,354153.36954092456,0.01,0
2026-07-16T10:44:13Z,0.943,28.4172,7.02,0.3945,0.0852,0.1692,0.34,152.064,162.478299,5.6992,73.884,531.98,354110.0432388349,0.009,0
2026-07-16T10:44:13Z,0.945,28.4173,7.02,0.425,0.0852,0.1692,0.4156,152.05,162.462924,5.7239,73.643,475.35,354022.1493557283,0.008,0
2026-07-16T10:44:13Z,0.947,28.4174,7.02,0.4021,0.0852,0.1692,0.3552,152.039,162.451846,5.7397,73.275,528.64,353958.3240233861,0.007,0
2026-07-16T10:44:13Z,0.948,28.4174,6.93,0.3906,0.0852,0.0846,0.3854,152.038,162.450127,5.7451,72.807,501.02,353948.700301786,0.006,0
2026-07-16T10:44:13Z,0.949,28.4174,6.93,0.444,0.0852,0.0846,0.5213,152.041,162.453301,5.7386,72.253,574.02,353966.46831661987,0.006,0
2026-07-16T10:44:13Z,0.951,28.4174,6.93,0.4555,0.0852,0.0846,0.3552,152.038,162.450188,5.7198,71.665,549.73,353949.0411135628,0.006,0
2026-07-16T10:44:13Z,0.952,28.4175,6.93,0.4517,0.0852,0.0846,0.4458,152.028,162.439957,5.6913,71.125,442.75,353889.96477611974,0.006,0
2026-07-16T10:44:13Z,0.954,28.4175,7.02,0.4631,0.0426,0.2115,0.3552,152.021,162.431906,5.6549,70.689,669.93,353844.9012958119,0.006,0
2026-07-16T10:44:13Z,0.955,28.4175,7.02,0.4288,0.0426,0.2115,0.3552,152.013,162.42389,5.6119,70.364,522.82,353800.036866898,0.007,0
2026-07-16T10:44:13Z,0.957,28.4174,7.02,0.4669,0.0426,0.2115,0.3703,151.996,162.405752,5.5662,70.135,543.91,353700.3392943352,0.008,0
2026-07-16T10:44:13Z,0.959,28.4174,7.02,0.4517,0.0426,0.2115,0.4307,151.98,162.388691,5.5243,69.967,565.23,353604.87983049394,0.01,0
2026-07-16T10:44:13Z,0.961,28.4175,7.02,0.4593,0.0426,0.0423,0.3552,151.983,162.39221,5.4904,69.817,521,353622.76298071747,0.012,0
2026-07-16T10:44:13Z,0.965,28.4175,7.02,0.4708,0.0426,0.0423,0.3703,152.007,162.417248,5.4652,69.651,1002.3,353762.8627086115,0.013,0
2026-07-16T10:44:13Z,0.968,28.4175,7.02,0.4784,0.0426,0.0423,0.3552,152.026,162.438411,5.4474,69.45,617.9,353881.30588216195,0.014,0
2026-07-16T10:44:13Z,0.973,28.4175,7.02,0.4479,0.0426,0.0423,0.3098,152.033,162.445306,5.4344,69.197,871.21,353919.8995291166,0.015,0
2026-07-16T10:44:13Z,0.977,28.4176,7.02,0.4708,0.0426,0.0423,0.3552,152.039,162.4518,5.4227,68.881,631.62,353954.44533641054,0.015,0
2026-07-16T10:44:13Z,0.98,28.4176,7.11,0.4631,0,0.0846,0.4156,152.038,162.451605,5.4098,68.521,558.88,353953.3527193642,0.015,0
2026-07-16T10:44:13Z,0.984,28.4176,7.11,0.4364,0,0.0846,0.4458,152.028,162.440663,5.3942,68.164,1007.1,353892.10097951413,0.015,0
2026-07-16T10:44:13Z,0.987,28.4176,7.11,0.4631,0,0.0846,0.4005,152.021,162.432089,5.3745,67.85,538.38,353844.1095318737,0.015,0
2026-07-16T10:44:13Z,0.99,28.4177,7.11,0.4669,0,0.0846,0.3249,152.021,162.431615,5.35,67.609,720.83,353839.6505827948,0.015,0
2026-07-16T10:44:13Z,0.994,28.4177,6.93,0.486,0.0426,0.0423,0.3249,152.02,162.431097,5.322,67.489,1211.4,353836.7500520754,0.016,0
2026-07-16T10:44:13Z,0.998,28.4176,6.93,0.4517,0.0426,0.0423,0.3098,152.016,162.426387,5.2943,67.536,625.88,353812.1927955588,0.017,0
2026-07-16T10:44:13Z,1.003,28.4176,6.93,0.4555,0.0426,0.0423,0.3098,152.014,162.424248,5.2699,67.759,585.11,353800.21998375695,0.017,0
2026-07-16T10:44:13Z,1.008,28.4175,6.93,0.4364,0.0426,0.0423,0.3703,152.018,162.428118,5.2512,68.109,667.31,353823.68227346754,0.018,0
2026-07-16T10:44:13Z,1.013,28.4174,7.11,0.5318,0,0.2115,0.3552,152.028,162.439029,5.2418,68.504,757.6,353886.55594348174,0.017,0
2026-07-16T10:44:13Z,1.017,28.4173,7.11,0.528,0,0.2115,0.2947,152.04,162.451873,5.2456,68.863,610.17,353960.2574406562,0.016,0
2026-07-16T10:44:13Z,1.021,28.4173,7.11,0.547,0,0.2115,0.3098,152.05,162.462057,5.2629,69.121,971.2,354017.270271329,0.015,0
2026-07-16T10:44:13Z,1.025,28.4172,7.11,0.4975,0,0.2115,0.3552,152.063,162.476305,5.29,69.236,765.88,354098.85108852753,0.013,0
2026-07-16T10:44:13Z,1.028,28.4172,7.02,0.5318,0,0.1692,0.2947,152.079,162.49441,5.3207,69.191,610.03,354200.2375448404,0.011,0
2026-07-16T10:44:13Z,1.031,28.4172,7.02,0.4936,0,0.1692,0.3552,152.082,162.497144,5.3486,68.997,648.73,354215.54840292374,0.009,0
2026-07-16T10:44:13Z,1.033,28.4173,7.02,0.5127,0,0.1692,0.4307,152.059,162.473212,5.3686,68.696,876.91,354079.7232561144,0.008,0
2026-07-16T10:44:13Z,1.035,28.4173,7.02,0.5394,0,0.1692,0.3098,152.043,162.456318,5.3775,68.335,643.67,353985.1359965406,0.006,0
2026-07-16T10:44:13Z,1.036,28.4174,7.02,0.3411,0,0.1692,0.4609,152.068,162.482047,5.374,67.94,956.33,354127.3875719449,0.005,0
2026-07-16T10:44:13Z,1.037,28.4174,7.02,0.322,0,0.1269,0.4307,152.108,162.52519,5.359,67.52,544.26,354369.026878234,0.005,0
2026-07-16T10:44:13Z,1.038,28.4175,7.02,0.3334,0,0.1269,0.3552,152.125,162.54313,5.3356,67.095,590.34,354467.72811874177,0.004,0
2026-07-16T10:44:13Z,1.039,28.4175,7.02,0.3334,0,0.1269,0.3098,152.11,162.526622,5.3076,66.69,770.89,354375.2406867294,0.004,0
2026-07-16T10:44:13Z,1.04,28.4174,7.02,0.4021,0,0.1269,0.3854,152.075,162.489303,5.2769,66.304,673.28,354168.01932802884,0.004,0
2026-07-16T10:44:13Z,1.041,28.4174,7.02,0.3716,0.0426,0.1269,0.2494,152.043,162.455296,5.2443,65.924,731.72,353977.60678503703,0.005,0
2026-07-16T10:44:13Z,1.042,28.4174,7.02,0.4021,0.0426,0.1269,0.5213,152.02,162.431569,5.2113,65.545,876.72,353844.7911243927,0.005,0
2026-07-16T10:44:13Z,1.043,28.4174,7.02,0.3792,0.0426,0.1269,0.3703,152.002,162.411794,5.1798,65.175,1064.5,353734.12061697774,0.006,0
2026-07-16T10:44:13Z,1.045,28.4175,7.02,0.3906,0.0426,0.1269,0.3098,151.978,162.386689,5.1498,64.821,554.05,353591.8473337225,0.007,0
2026-07-16T10:44:13Z,1.046,28.4175,7.02,0.3945,0.0852,0.1692,0.34,151.925,162.329516,5.1203,64.495,1204,353272.0782536828,0.007,0
2026-07-16T10:44:13Z,1.049,28.4174,7.02,0.3945,0.0852,0.1692,0.3854,151.835,162.233045,5.0909,64.216,579.41,352734.7146058399,0.008,0
2026-07-16T10:44:13Z,1.051,28.4174,7.02,0.3945,0.0852,0.1692,0.4458,151.702,162.091595,5.0621,63.999,626.97,351945.07628102077,0.008,0
2026-07-16T10:44:13Z,1.053,28.4174,7.02,0.4746,0.0852,0.1692,0.34,151.481,161.855421,5.0346,63.856,620.33,350629.0541724816,0.008,0
2026-07-16T10:44:13Z,1.055,28.4174,7.02,0.4555,0.0852,0.1692,0.3249,151.098,161.445507,5.0093,63.816,614.16,348352.0537923389,0.007,0
2026-07-16T10:44:13Z,1.057,28.4175,7.02,0.4631,0.0426,0.1269,0.3854,150.453,160.75655,4.9876,63.914,811.45,344543.65523356077,0.007,0
2026-07-16T10:44:13Z,1.059,28.4175,7.02,0.4517,0.0426,0.1269,0.3249,149.375,159.604829,4.9708,64.167,621.41,338237.13043525297,0.006,0
2026-07-16T10:44:13Z,1.06,28.4175,7.02,0.383,0.0426,0.1269,0.4156,147.584,157.691237,4.9597,64.588,871.4,327915.70926756726,0.006,0
2026-07-16T10:44:13Z,1.061,28.4175,7.02,0.3983,0.0426,0.1269,0.476,144.639,154.545571,4.9565,65.167,715.05,311371.428356705,0.005,0
2026-07-16T10:44:13Z,1.062,28.4175,7.02,0.4059,0.0852,0.2115,0.3703,139.753,149.324976,4.9641,65.848,749.25,285059.9699813379,0.005,0
2026-07-16T10:44:13Z,1.063,28.4175,7.02,0.3945,0.0852,0.2115,0.3249,131.573,140.585181,4.9839,66.572,815.34,244145.42699081532,0.006,0
2026-07-16T10:44:13Z,1.065,28.4175,7.02,0.3868,0.0852,0.2115,0.4458,117.894,125.971519,5.0166,67.311,600.56,184176.03469837774,0.007,0
2026-07-16T10:44:13Z,1.066,28.4175,7.02,0.3945,0.0852,0.2115,0.3854,95.075,101.591023,5.0615,68.045,848.42,106075.8271175043,0.008,0
2026-07-16T10:44:13Z,1.069,28.4175,7.02,0.3906,0.0852,0.0846,0.3249,57.043,60.958263,5.1144,68.743,699.84,28887.12963666677,0.009,0
2026-07-16T10:44:13Z,1.071,28.4174,7.02,0.3868,0.0852,0.0846,0.4307,-6.324,-6.74212,5.1706,69.373,552.84,NA,0.01,0
2026-07-16T10:44:13Z,1.074,28.4174,7.02,0.4784,0.0852,0.0846,0.4156,-111.912,-119.551535,5.2281,69.907,836.16,NA,0.01,0
2026-07-16T10:44:13Z,1.077,28.4174,7.02,0.444,0.0852,0.0846,0.476,-287.875,-307.548483,5.2851,70.308,1036.2,NA,0.01,0
2026-07-16T10:44:13Z,1.08,28.4174,7.02,0.4517,0.0852,0.0846,0.3854,-397.846,-425.040707,5.3393,70.531,574.52,NA,0.009,0
2026-07-16T10:44:13Z,1.083,28.4173,7.02,0.4784,0.0852,0.1269,0.4458,-287.862,-307.534691,5.3884,70.558,804.43,NA,0.008,0
2026-07-16T10:44:13Z,1.084,28.4173,7.02,0.4593,0.0852,0.1269,0.3552,-111.89,-119.528291,5.4299,70.417,966.99,NA,0.007,0
2026-07-16T10:44:13Z,1.086,28.4173,7.02,0.4669,0.0852,0.1269,0.4005,-6.31,-6.727278,5.4612,70.14,738.91,NA,0.005,0
2026-07-16T10:44:13Z,1.087,28.4173,7.02,0.4669,0.0852,0.1269,0.3552,57.034,60.948616,5.4786,69.769,568.56,28875.875050147242,0.004,0
2026-07-16T10:44:13Z,1.087,28.4173,7.02,0.4517,0.0852,0.1692,0.4156,95.045,101.558324,5.4806,69.369,602,105989.44687371349,0.003,0
2026-07-16T10:44:13Z,1.087,28.4173,7.02,0.3716,0.0852,0.1692,0.2947,117.853,125.927092,5.4695,69.015,699.38,184011.18209884223,0.002,0
2026-07-16T10:44:13Z,1.088,28.4172,7.02,0.4021,0.0852,0.1692,0.4005,131.536,140.545242,5.4479,68.768,562.78,243971.0213599374,0.002,0
2026-07-16T10:44:13Z,1.088,28.4172,7.02,0.4097,0.0852,0.1692,0.3552,139.737,149.306936,5.4191,68.67,925.46,284975.85216246475,0.002,0
2026-07-16T10:44:13Z,1.089,28.4172,7.02,0.3792,0.0426,0.1692,0.3249,144.647,154.552637,5.3879,68.718,653.54,311412.760100382,0.002,0
2026-07-16T10:44:13Z,1.089,28.4172,7.02,0.4631,0.0426,0.1692,0.3249,147.594,157.701241,5.3604,68.854,744.22,327974.16900040116,0.002,0
2026-07-16T10:44:13Z,1.09,28.4172,7.02,0.4784,0.0426,0.1692,0.4307,149.371,159.600394,5.3412,69.001,707.48,338218.1480256447,0.002,0
2026-07-16T10:44:13Z,1.09,28.4173,7.02,0.4402,0.0426,0.1692,0.3854,150.445,160.74852,5.3336,69.104,640.46,344502.94226651016,0.003,0
2026-07-16T10:44:13Z,1.091,28.4173,7.11,0.4708,0.0426,0.1692,0.3552,151.096,161.443767,5.3373,69.12,559.61,348344.17331029894,0.004,0
2026-07-16T10:44:13Z,1.092,28.4173,7.11,0.4555,0.0426,0.1692,0.3552,151.489,161.863517,5.3479,69.021,730.13,350675.8934754372,0.005,0
2026-07-16T10:44:13Z,1.094,28.4174,7.11,0.4669,0.0426,0.1692,0.3854,151.721,162.111685,5.3594,68.802,640.88,352057.1482372058,0.007,0
2026-07-16T10:44:13Z,1.096,28.4174,7.11,0.4631,0.0426,0.1692,0.3854,151.851,162.250441,5.3674,68.474,681.08,352831.88659784873,0.008,0
2026-07-16T10:44:13Z,1.098,28.4174,7.11,0.4822,0.0426,0.1692,0.34,151.917,162.320796,5.3686,68.057,747.47,353225.1076552309,0.008,0
2026-07-16T10:44:13Z,1.101,28.4173,7.02,0.4555,0.0426,0.0846,0.3703,151.944,162.349528,5.3608,67.564,805.13,353387.5730016698,0.008,0
2026-07-16T10:44:13Z,1.103,28.4173,7.02,0.4669,0.0426,0.0846,0.4005,151.954,162.360335,5.3438,66.992,701.97,353448.01468111423,0.008,0
2026-07-16T10:44:13Z,1.105,28.4173,7.02,0.486,0.0426,0.0846,0.4156,151.965,162.372133,5.3183,66.339,684.5,353514.0061219341,0.007,0
2026-07-16T10:44:13Z,1.106,28.4174,7.02,0.4708,0.0426,0.0846,0.34,151.98,162.388068,5.286,65.613,1017.2,353601.3460403044,0.006,0
2026-07-16T10:44:13Z,1.107,28.4174,7.11,0.4555,0,0.0423,0.2947,151.995,162.404374,5.2477,64.831,688.97,353692.57927878003,0.006,0
2026-07-16T10:44:13Z,1.109,28.4174,7.11,0.4517,0,0.0423,0.476,152.004,162.41337,5.2032,64.021,627.24,353742.9185475814,0.005,0
2026-07-16T10:44:13Z,1.11,28.4174,7.11,0.4631,0,0.0423,0.3703,151.992,162.40142,5.1525,63.219,1201.7,353676.04964399437,0.005,0
2026-07-16T10:44:13Z,1.111,28.4174,7.11,0.4631,0,0.0423,0.3552,151.966,162.373357,5.0961,62.46,513.58,353519.04731005104,0.006,0
2026-07-16T10:44:13Z,1.113,28.4174,7.11,0.444,0.0426,0.2115,0.3249,151.955,162.361784,5.0354,61.775,1180,353454.3129031685,0.006,0
2026-07-16T10:44:13Z,1.114,28.4174,7.11,0.444,0.0426,0.2115,0.4609,151.972,162.379651,4.9725,61.19,597.57,353554.2554436308,0.006,0
2026-07-16T10:44:13Z,1.116,28.4175,7.11,0.444,0.0426,0.2115,0.3249,151.99,162.399651,4.9102,60.722,670.36,353664.345417926,0.007,0
2026-07-16T10:44:13Z,1.117,28.4175,7.11,0.4555,0.0426,0.2115,0.3249,151.986,162.395048,4.8512,60.388,622.35,353638.5907270905,0.008,0
2026-07-16T10:44:13Z,1.119,28.4175,7.11,0.4975,0.0426,0.2115,0.2947,151.965,162.372632,4.798,60.192,1059.9,353513.18612537975,0.009,0
2026-07-16T10:44:13Z,1.122,28.4176,7.02,0.5165,0.0426,0.1269,0.3854,151.948,162.354486,4.7525,60.104,554.53,353409.8863605678,0.01,0
2026-07-16T10:44:13Z,1.124,28.4176,7.02,0.5356,0.0426,0.1269,0.3249,151.953,162.359825,4.7162,60.09,811.98,353439.74597523257,0.01,0
2026-07-16T10:44:13Z,1.127,28.4176,7.02,0.5356,0.0426,0.1269,0.4911,151.988,162.398089,4.6903,60.118,678.42,353653.79766721115,0.01,0
2026-07-16T10:44:13Z,1.13,28.4176,7.02,0.5051,0.0426,0.1269,0.3854,152.038,162.45142,4.675,60.148,654.25,353952.268076441,0.01,0
2026-07-16T10:44:13Z,1.133,28.4176,7.11,0.486,0.0852,0.1269,0.4156,152.078,162.493953,4.6682,60.134,1062.6,354190.41655546636,0.01,0
2026-07-16T10:44:13Z,1.135,28.4176,7.11,0.5127,0.0852,0.1269,0.3854,152.096,162.512977,4.6671,60.044,808.11,354296.96615847957,0.01,0
2026-07-16T10:44:13Z,1.138,28.4176,7.11,0.5051,0.0852,0.1269,0.2947,152.085,162.501538,4.6693,59.859,597.57,354232.89486878546,0.01,0
2026-07-16T10:44:13Z,1.14,28.4176,7.11,0.5318,0.0852,0.1269,0.3552,152.054,162.468612,4.6716,59.578,996.64,354048.51388456754,0.011,0
2026-07-16T10:44:13Z,1.143,28.4176,7.11,0.4898,0.0852,0.1269,0.3098,152.029,162.441499,4.6706,59.224,693.33,353896.7284530917,0.011,0
2026-07-16T10:44:13Z,1.145,28.4177,7.11,0.5356,0.0852,0.1269,0.3249,152.025,162.437021,4.6636,58.831,513.58,353869.8576560118,0.012,0
2026-07-16T10:44:13Z,1.149,28.4177,7.11,0.5356,0.0852,0.1269,0.3854,152.033,162.445967,4.6492000000000004,58.43,642.27,353919.9311455681,0.013,0
2026-07-16T10:44:13Z,1.152,28.4178,7.11,0.5089,0.0852,0.1269,0.4609,152.038,162.450677,4.6274,58.066,697.41,353944.4903686574,0.012,0
2026-07-16T10:44:13Z,1.156,28.4178,7.11,0.5394,0.0852,0.1269,0.3552,152.047,162.460426,4.5999,57.788,754.48,353999.0657447636,0.012,0
2026-07-16T10:44:13Z,1.159,28.4178,7.11,0.5356,0.0852,0.1269,0.3703,152.064,162.477812,4.5693,57.614,707.33,354096.407552672,0.011,0
2026-07-16T10:44:13Z,1.162,28.4177,7.11,0.5127,0.0852,0.1269,0.2947,152.069,162.483421,4.5382,57.523,659.53,354129.6211743662,0.01,0
2026-07-16T10:44:13Z,1.163,28.4176,7.11,0.5089,0.0852,0.1269,0.3098,152.065,162.478746,4.51,57.484,785.26,354105.24874255393,0.008,0
2026-07-16T10:44:13Z,1.165,28.4175,7.11,0.5127,0.0852,0.1269,0.4156,152.065,162.478577,4.4884,57.465,853.04,354106.10810974654,0.007,0
2026-07-16T10:44:13Z,1.167,28.4174,7.02,0.5127,0.0426,0.1692,0.4005,152.077,162.490886,4.4749,57.441,605.67,354176.842704891,0.007,0
2026-07-16T10:44:13Z,1.169,28.4173,7.02,0.4975,0.0426,0.1692,0.2947,152.088,162.502921,4.4678,57.408,609.37,354246.0519005969,0.006,0
2026-07-16T10:44:13Z,1.17,28.4173,7.02,0.5013,0.0426,0.1692,0.2947,152.091,162.505865,4.4648,57.382,501.02,354262.54049035325,0.006,0
2026-07-16T10:44:13Z,1.172,28.4172,7.02,0.5432,0.0426,0.1692,0.476,152.093,162.508519,4.4633,57.384,859.93,354279.2127777647,0.006,0
2026-07-16T10:44:13Z,1.173,28.4172,7.11,0.5013,0.0426,0.2115,0.4156,152.104,162.51961,4.4614,57.454,888.42,354341.33892738516,0.007,0
2026-07-16T10:44:13Z,1.175,28.4172,7.11,0.5547,0.0426,0.2115,0.3552,152.117,162.534077,4.4589,57.646,494.31,354422.38548262644,0.008,0
2026-07-16T10:44:13Z,1.176,28.4172,7.11,0.5089,0.0426,0.2115,0.4156,152.119,162.535734,4.4568,57.996,620.33,354431.6684056552,0.009,0
2026-07-16T10:44:13Z,1.179,28.4172,7.11,0.5699,0.0426,0.2115,0.3552,152.109,162.525023,4.457,58.495,640.46,354371.6603816513,0.009,0
2026-07-16T10:44:13Z,1.182,28.4171,6.93,0.5814,0,0.0846,0.4156,152.1,162.515123,4.4625,59.127,619.92,354318.0085384965,0.01,0
2026-07-16T10:44:13Z,1.185,28.4171,6.93,0.5776,0,0.0846,0.3703,152.097,162.511411,4.4774,59.878,718.64,354297.2147408215,0.01,0
2026-07-16T10:44:13Z,1.188,28.4171,6.93,0.5509,0,0.0846,0.3703,152.087,162.500871,4.5045,60.726,708.1,354238.1779108393,0.009,0
2026-07-16T10:44:13Z,1.191,28.417,6.93,0.5699,0,0.0846,0.4156,152.065,162.476684,4.5434,61.641,511.24,354104.53196776233,0.008,0
2026-07-16T10:44:13Z,1.192,28.4169,6.93,0.5661,0,0.0846,0.3552,152.054,162.46447,4.5924,62.631,833.43,354037.94835189485,0.007,0
2026-07-16T10:44:13Z,1.194,28.4168,7.11,0.5776,0.0426,0.3384,0.3703,152.07,162.481017,4.6508,63.72,622.08,354132.40701755637,0.006,0
2026-07-16T10:44:13Z,1.195,28.4166,7.11,0.5738,0.0426,0.3384,0.3552,152.087,162.498665,4.7166,64.933,553.08,354234.8553040003,0.005,0
2026-07-16T10:44:13Z,1.196,28.4165,7.11,0.5432,0.0426,0.3384,0.3552,152.083,162.49406,4.7877,66.295,532.1,354210.870489386,0.004,0
2026-07-16T10:44:13Z,1.197,28.4163,7.11,0.5585,0.0426,0.3384,0.3854,152.072,162.482009,4.8647,67.791,715.99,354146.99392677285,0.004,0
2026-07-16T10:44:13Z,1.198,28.4162,7.11,0.5509,0.0426,0.2538,0.3703,152.066,162.475334,4.9493,69.33,488.33,354111.42089762463,0.004,0
2026-07-16T10:44:13Z,1.199,28.416,7.11,0.5852,0.0426,0.2538,0.3854,152.049,162.45622,5.0434,70.783,561.2,354008.00959850894,0.005,0
2026-07-16T10:44:13Z,1.2,28.4159,7.11,0.5585,0.0426,0.2538,0.6573,152.019,162.423577,5.1493,72.006,627.51,353827.08343844453,0.005,0
2026-07-16T10:44:13Z,1.201,28.4157,7.11,0.5776,0.0426,0.2538,0.6724,152.009,162.412797,5.2655,72.842,597.18,353770.35958101484,0.006,0
2026-07-16T10:44:13Z,1.202,28.4156,7.11,0.5814,0.0852,0.1269,0.6422,152.024,162.429025,5.385,73.183,556.58,353862.99112904485,0.008,0
2026-07-16T10:44:13Z,1.204,28.4155,7.11,0.5547,0.0852,0.1269,0.5969,152.038,162.444518,5.4979,73.016,558.03,353951.5228012286,0.009,0
2026-07-16T10:44:13Z,1.206,28.4155,7.11,0.5661,0.0852,0.1269,0.3098,152.045,162.451379,5.5929,72.412,558.4,353989.9329902714,0.012,0
2026-07-16T10:44:13Z,1.21,28.4154,7.11,0.5852,0.0852,0.1269,0.3703,152.056,162.463466,5.6579,71.491,506.6,354059.4126211459,0.013,0
2026-07-16T10:44:13Z,1.214,28.4154,7.02,0.5738,0.0426,0.2115,0.2645,152.076,162.484001,5.6843,70.413,516.49,354174.4043572468,0.015,0
2026-07-16T10:44:13Z,1.218,28.4154,7.02,0.5699,0.0426,0.2115,0.3249,152.089,162.498417,5.6714,69.335,495.39,354255.14385919634,0.015,0
2026-07-16T10:44:13Z,1.223,28.4154,7.02,0.5661,0.0426,0.2115,0.3249,152.093,162.502539,5.6244,68.356,553.08,354278.2310996727,0.015,0
2026-07-16T10:44:13Z,1.227,28.4153,7.02,0.5547,0.0426,0.2115,0.3552,152.089,162.497467,5.5529,67.512,488.97,354251.62723596726,0.015,0
2026-07-16T10:44:13Z,1.23,28.4153,7.02,0.5623,0.0426,0.2115,0.3703,152.071,162.477839,5.4692,66.803,577.78,354141.6968954679,0.014,0
2026-07-16T10:44:13Z,1.233,28.4152,7.02,0.5623,0.0426,0.2115,0.3854,152.057,162.462474,5.3855,66.214,510.14,354057.4627813308,0.013,0
2026-07-16T10:44:13Z,1.236,28.4151,7.02,0.5509,0.0426,0.2115,0.4458,152.062,162.467319,5.3094,65.718,486.64,354086.39736387104,0.011,0
2026-07-16T10:44:13Z,1.239,28.4149,7.02,0.5699,0.0426,0.2115,0.3854,152.076,162.481641,5.2439,65.292,608.05,354170.2128128018,0.01,0
2026-07-16T10:44:13Z,1.242,28.4148,7.02,0.547,0.0426,0.2115,0.3854,152.087,162.493221,5.1888,64.941,646.47,354236.87549217214,0.01,0
2026-07-16T10:44:13Z,1.244,28.4146,7.11,0.5394,0.0426,0.1692,0.2343,152.079,162.485104,5.1431,64.686,517.17,354195.0263650878,0.009,0
2026-07-16T10:44:13Z,1.246,28.4145,7.11,0.5509,0.0426,0.1692,0.612,152.055,162.459135,5.1046,64.546,591.11,354051.4054594293,0.008,0
2026-07-16T10:44:13Z,1.248,28.4143,7.11,0.5852,0.0426,0.1692,0.612,152.038,162.440459,5.0715,64.543,611.09,353950.452810527,0.008,0
2026-07-16T10:44:13Z,1.249,28.4142,7.11,0.5432,0.0426,0.1692,0.5817,152.038,162.440131,5.0442,64.705,491.42,353950.42151992413,0.008,0
2026-07-16T10:44:13Z,1.251,28.4141,7.11,0.5585,0.0852,0.0846,0.5969,152.044,162.446038,5.0245,65.029,694.84,353985.2972727482,0.01,0
2026-07-16T10:44:13Z,1.253,28.4141,7.11,0.5699,0.0852,0.0846,0.2947,152.046,162.447727,5.0136,65.459,713.66,353994.7529418761,0.011,0
2026-07-16T10:44:13Z,1.256,28.414,7.11,0.5738,0.0852,0.0846,0.3854,152.052,162.453666,5.0134,65.923,594.07,354029.81036097335,0.013,0
2026-07-16T10:44:13Z,1.26,28.4139,7.11,0.5699,0.0852,0.0846,0.2796,152.063,162.46544,5.026,66.368,518.63,354097.5438474219,0.014,0
2026-07-16T10:44:13Z,1.264,28.4139,7.11,0.5623,0.0852,0.0846,0.3552,152.075,162.478171,5.0511,66.764,603.97,354168.8384483991,0.015,0
2026-07-16T10:44:13Z,1.269,28.4139,7.02,0.589,0.0426,0.0846,0.4156,152.087,162.491245,5.0845,67.061,576.15,354242.06303686847,0.014,0
2026-07-16T10:44:13Z,1.273,28.4138,7.02,0.6233,0.0426,0.0846,0.3552,152.088,162.492112,5.1205,67.213,631.89,354248.72517308197,0.013,0
2026-07-16T10:44:13Z,1.276,28.4138,7.02,0.6272,0.0426,0.0846,0.3854,152.07,162.472987,5.1551,67.219,756.62,354141.60900130705,0.011,0
2026-07-16T10:44:13Z,1.278,28.4137,7.02,0.6272,0.0426,0.0846,0.4156,152.044,162.444804,5.1859,67.128,523.27,353985.60307186085,0.01,0
2026-07-16T10:44:13Z,1.28,28.4136,7.11,0.547,0.0426,0.2538,0.3552,152.018,162.416084,5.209,66.999,596.66,353826.63276431477,0.008,0
2026-07-16T10:44:13Z,1.282,28.4135,7.11,0.5738,0.0426,0.2538,0.3552,151.999,162.395202,5.2208,66.893,553.2,353711.5664322681,0.007,0
2026-07-16T10:44:13Z,1.283,28.4134,7.11,0.5699,0.0426,0.2538,0.4458,152.001,162.396635,5.2213,66.865,600.82,353721.38993195625,0.006,0
2026-07-16T10:44:13Z,1.284,28.4132,7.11,0.5547,0.0426,0.2538,0.5062,152.027,162.424773,5.2142,66.937,515.71,353882.4892286961,0.005,0
2026-07-16T10:44:13Z,1.285,28.4131,7.11,0.5623,0.0852,0.2115,0.34,152.063,162.463068,5.2042,67.106,681.97,354098.70427851,0.005,0
2026-07-16T10:44:13Z,1.286,28.4129,7.11,0.5738,0.0852,0.2115,0.3854,152.077,162.477633,5.196,67.368,521.45,354183.8865446105,0.005,0
2026-07-16T10:44:13Z,1.287,28.4128,7.11,0.5699,0.0852,0.2115,0.3249,152.061,162.460327,5.1938,67.712,766.55,354088.7735024313,0.006,0
2026-07-16T10:44:13Z,1.288,28.4127,7.11,0.589,0.0852,0.2115,0.4458,152.041,162.438604,5.1994,68.107,729.65,353968.9455535887,0.007,0
2026-07-16T10:44:13Z,1.29,28.4126,7.11,0.5699,0.0852,0.2115,0.3854,152.042,162.438744,5.2125,68.517,680.05,353971.53450090025,0.008,0
2026-07-16T10:44:13Z,1.292,28.4126,7.11,0.5738,0.0852,0.0846,0.2796,152.063,162.460783,5.2328,68.917,623.43,354094.9382204641,0.01,0
2026-07-16T10:44:13Z,1.295,28.4125,7.11,0.5585,0.0852,0.0846,0.3249,152.084,162.482536,5.2596,69.312,507.37,354218.57301333733,0.012,0
2026-07-16T10:44:13Z,1.299,28.4124,7.11,0.5928,0.0852,0.0846,0.4156,152.096,162.493768,5.2903,69.75,756.45,354283.29477883293,0.013,0
2026-07-16T10:44:13Z,1.303,28.4122,7.11,0.5776,0.0852,0.0846,0.4307,152.104,162.501485,5.3222,70.242,637.41,354330.1394295806,0.013,0
2026-07-16T10:44:13Z,1.307,28.412,7.2,0.5547,0.0852,0.0423,0.2947,152.107,162.503734,5.3533,70.691,815.52,354346.35319789284,0.012,0
2026-07-16T10:44:13Z,1.31,28.4118,7.2,0.5814,0.0852,0.0423,0.3552,152.098,162.493097,5.384,70.958,642.97,354290.37681521045,0.011,0
2026-07-16T10:44:13Z,1.313,28.4115,7.2,0.5699,0.0852,0.0423,0.3854,152.09,162.482774,5.4181,70.95,850.26,354237.9717489987,0.01,0
2026-07-16T10:44:13Z,1.315,28.4111,7.2,0.5661,0.0852,0.0423,0.3552,152.09,162.482038,5.4563,70.646,759.91,354241.07719930034,0.009,0
2026-07-16T10:44:13Z,1.317,28.4107,7.2,0.5814,0.0426,0.0846,0.3854,152.083,162.474658,5.4912,70.091,683.9,354206.9667611062,0.008,0
2026-07-16T10:44:13Z,1.319,28.4103,7.2,0.5661,0.0426,0.0846,0.3552,152.061,162.450648,5.512,69.376,674.46,354079.72108671383,0.008,0
2026-07-16T10:44:13Z,1.321,28.4099,7.2,0.5509,0.0426,0.0846,0.3854,152.044,162.431666,5.5114,68.601,648.44,353980.6531697869,0.008,0
2026-07-16T10:44:13Z,1.323,28.4097,7.2,0.5699,0.0426,0.0846,0.3249,152.046,162.432696,5.4878,67.88,553.57,353990.031583194,0.009,0
2026-07-16T10:44:13Z,1.325,28.4095,7.11,0.5547,0.0426,0.0846,0.4458,152.059,162.445994,5.4447,67.336,704.41,354068.1075613003,0.01,0
2026-07-16T10:44:13Z,1.327,28.409300000000002,7.11,0.5547,0.0426,0.0846,0.4156,152.08,162.467088,5.3892,67.037,572.65,354189.86037039617,0.01,0
2026-07-16T10:44:13Z,1.33,28.409,7.11,0.5738,0.0426,0.0846,0.5817,152.094,162.481559,5.3289,67.007,703.8,354276.34301931196,0.011,0
2026-07-16T10:44:13Z,1.333,28.4088,7.11,0.5585,0.0426,0.0846,0.3854,152.09,162.477231,5.273,67.253,564.01,354255.71124924254,0.011,0
2026-07-16T10:44:13Z,1.336,28.4085,7.11,0.5852,0.0426,0.0846,0.4156,152.08,162.464976,5.2308,67.755,579.54,354192.4835937337,0.011,0
2026-07-16T10:44:13Z,1.339,28.4083,7.2,0.5852,0.0426,0.1269,0.4458,152.077,162.461571,5.2076,68.44,636.16,354177.02417202125,0.01,0
2026-07-16T10:44:13Z,1.341,28.4081,7.2,0.5738,0.0426,0.1269,0.3552,152.082,162.466108,5.2052,69.212,579.92,354206.05109256157,0.009,0
2026-07-16T10:44:13Z,1.343,28.4079,7.2,0.6348,0.0426,0.1269,0.3249,152.088,162.471777,5.2244,69.972,642.13,354241.421016652,0.008,0
2026-07-16T10:44:13Z,1.345,28.4076,7.2,0.6195,0.0426,0.1269,0.34,152.096,162.480092,5.2634,70.626,650.7,354293.4247465237,0.007,0
2026-07-16T10:44:13Z,1.347,28.4074,7.11,0.6157,0.0852,0.0846,0.3552,152.101,162.485252,5.3167,71.13,639.63,354325.94887642236,0.007,0
2026-07-16T10:44:13Z,1.348,28.4072,7.11,0.5928,0.0852,0.0846,0.4458,152.093,162.476606,5.3767,71.494,772.4,354281.1239923883,0.006,0
2026-07-16T10:44:13Z,1.35,28.4071,7.11,0.5852,0.0852,0.0846,0.3552,152.078,162.459867,5.4357,71.745,533.26,354189.16028222255,0.006,0
2026-07-16T10:44:13Z,1.351,28.4069,7.11,0.547,0.0852,0.0846,0.3249,152.074,162.454623,5.4865,71.918,564.5,354163.39999402175,0.007,0
2026-07-16T10:44:13Z,1.352,28.4067,7.2,0.5509,0.0426,0.1269,0.3854,152.086,162.467494,5.5257,72.06,816.94,354239.1126327319,0.008,0
2026-07-16T10:44:13Z,1.354,28.4066,7.2,0.5776,0.0426,0.1269,0.3854,152.104,162.485877,5.554,72.208,718.64,354343.91084954864,0.009,0
2026-07-16T10:44:13Z,1.357,28.4064,7.2,0.6653,0.0426,0.1269,0.3552,152.113,162.494629,5.5735,72.341,571.16,354396.56632822414,0.01,0
2026-07-16T10:44:13Z,1.36,28.4062,7.2,0.6081,0.0426,0.1269,0.3249,152.104,162.484059,5.587,72.411,784.41,354340.9543028421,0.011,0
2026-07-16T10:44:13Z,1.363,28.406,7.2,0.6348,0.0426,0.1269,0.4156,152.082,162.459364,5.5981,72.376,554.77,354206.21631049813,0.011,0
2026-07-16T10:44:13Z,1.367,28.4057,7.2,0.6233,0.0852,0.0846,0.34,152.066,162.442022,5.6096,72.208,733.63,354114.49750758614,0.011,0
2026-07-16T10:44:13Z,1.37,28.4055,7.2,0.5928,0.0852,0.0846,0.3552,152.06,162.435425,5.62,71.89,696.95,354081.1614552872,0.011,0
2026-07-16T10:44:13Z,1.372,28.4053,7.2,0.6424,0.0852,0.0846,0.3854,152.063,162.437814,5.6253,71.44,654.25,354098.15410201036,0.01,0
2026-07-16T10:44:13Z,1.374,28.4051,7.2,0.6424,0.0852,0.0846,0.4156,152.086,162.461853,5.6227,70.899,737.78,354236.42136957357,0.009,0
2026-07-16T10:44:13Z,1.376,28.4049,7.2,0.6081,0.0426,0.1269,0.3854,152.117,162.493909,5.6097,70.294,544.14,354419.64862046984,0.008,0
2026-07-16T10:44:13Z,1.378,28.4047,7.2,0.5699,0.0426,0.1269,0.4307,152.133,162.510457,5.5849,69.652,682.86,354516.00732968544,0.008,0
2026-07-16T10:44:13Z,1.38,28.4046,7.2,0.5852,0.0426,0.1269,0.4156,152.134,162.511904,5.55,69.016,556.94,354525.92588240746,0.008,0
2026-07-16T10:44:13Z,1.382,28.4044,7.2,0.5509,0.0426,0.1269,0.3552,152.126,162.502642,5.5079,68.437,743.58,354477.6310108976,0.009,0
2026-07-16T10:44:13Z,1.384,28.4042,7.2,0.5699,0.0852,0.1692,0.3552,152.106,162.480204,5.461,67.945,641.16,354355.5043700623,0.011,0
2026-07-16T10:44:13Z,1.387,28.404,7.2,0.5661,0.0852,0.1692,0.6724,152.08,162.45063,5.4111,67.537,741.48,354193.4257224681,0.012,0
2026-07-16T10:44:13Z,1.39,28.4039,7.2,0.5356,0.0852,0.1692,0.7177,152.07,162.438106,5.3618,67.195,645.77,354125.0778383728,0.014,0
2026-07-16T10:44:13Z,1.394,28.4037,7.2,0.5509,0.0852,0.1692,0.5666,152.095,162.463345,5.3168,66.918,586.89,354270.07831249246,0.015,0
2026-07-16T10:44:13Z,1.398,28.4034,7.2,0.5585,0.0426,0.0846,0.6422,152.133,162.50301,5.2786,66.732,548.77,354497.7749969377,0.016,0
2026-07-16T10:44:13Z,1.403,28.403,7.2,0.5699,0.0426,0.0846,0.5817,152.148,162.517567,5.2469,66.665,710.1,354586.6061447157,0.016,0
2026-07-16T10:44:13Z,1.408,28.4024,7.2,0.6157,0.0426,0.0846,0.3854,152.142,162.508896,5.2204,66.722,751.21,354548.8526871256,0.015,0
2026-07-16T10:44:13Z,1.412,28.4019,7.2,0.6233,0.0426,0.0846,0.3249,152.133,162.496731,5.199,66.876,509.58,354489.70843583107,0.014,0
2026-07-16T10:44:13Z,1.415,28.4013,7.2,0.631,0.0426,0.0846,0.2796,152.128,162.489856,5.1846,67.09,790.91,354462.02597791824,0.012,0
2026-07-16T10:44:13Z,1.417,28.4008,7.2,0.6043,0.0426,0.1692,0.3552,152.123,162.482429,5.1795,67.313,660.96,354429.4419506704,0.011,0
2026-07-16T10:44:13Z,1.419,28.4002,7.2,0.5585,0.0426,0.1692,0.4458,152.108,162.46445,5.1839,67.474,569.67,354339.53426842164,0.01,0
2026-07-16T10:44:13Z,1.422,28.3995,7.2,0.5585,0.0426,0.1692,0.34,152.094,162.447161,5.1959,67.518,672.7,354255.31194305705,0.009,0
2026-07-16T10:44:13Z,1.424,28.3988,7.2,0.5661,0.0426,0.1692,0.4005,152.098,162.450003,5.2126,67.426,586,354283.88928369514,0.009,0
2026-07-16T10:44:13Z,1.426,28.3981,7.2,0.5394,0.0426,0.0846,0.3249,152.11,162.461709,5.23,67.206,610.17,354362.14172853885,0.01,0
2026-07-16T10:44:13Z,1.429,28.3974,7.2,0.5585,0.0426,0.0846,0.3854,152.103,162.45333,5.2426,66.901,637.96,354327.8415388279,0.01,0
2026-07-16T10:44:13Z,1.432,28.3967,7.2,0.5738,0.0426,0.0846,0.3552,152.082,162.430648,5.246,66.577,687.48,354213.39829323237,0.011,0
2026-07-16T10:44:13Z,1.434,28.3962,7.2,0.5509,0.0426,0.0846,0.3098,152.076,162.423694,5.2389,66.282,603.18,354183.47255809425,0.011,0
2026-07-16T10:44:13Z,1.437,28.396,7.2,0.5928,0.0426,0.2538,0.3249,152.091,162.438632,5.2218,66.043,752.68,354270.785696039,0.012,0
2026-07-16T10:44:13Z,1.44,28.3958,7.2,0.5089,0.0426,0.2538,0.34,152.111,162.459401,5.1981,65.9,495.17,354390.7928207343,0.013,0
2026-07-16T10:44:13Z,1.444,28.3957,7.2,0.5852,0.0426,0.2538,0.4458,152.123,162.471495,5.173,65.901,717.55,354460.3878936439,0.013,0
2026-07-16T10:44:13Z,1.448,28.3954,7.2,0.547,0.0426,0.2538,0.34,152.114,162.462104,5.1501,66.099,869.89,354413.17422316945,0.013,0
2026-07-16T10:44:13Z,1.452,28.3951,7.2,0.5661,0.0426,0.2538,0.2947,152.087,162.432733,5.1316,66.509,531.29,354253.9957375259,0.013,0
2026-07-16T10:44:13Z,1.455,28.3948,7.11,0.5776,0.0426,0.1692,0.3552,152.069,162.411628,5.1205,67.047,500.47,354141.1670108921,0.012,0
2026-07-16T10:44:13Z,1.458,28.3947,7.11,0.5776,0.0426,0.1692,0.3249,152.075,162.417214,5.1206,67.56,507.92,354174.26923566114,0.01,0
2026-07-16T10:44:13Z,1.46,28.3947,7.11,0.5738,0.0426,0.1692,0.4307,152.097,162.438954,5.1359,67.932,658.53,354296.0849694252,0.009,0
2026-07-16T10:44:13Z,1.462,28.3944,7.11,0.5852,0.0426,0.1692,0.5213,152.116,162.458594,5.1679,68.114,587.91,354411.5812913521,0.008,0
2026-07-16T10:44:13Z,1.463,28.394,7.11,0.5394,0,0.2538,0.4156,152.123,162.465334,5.2097,68.103,509.69,354456.5954003817,0.007,0
2026-07-16T10:44:13Z,1.465,28.3935,7.11,0.547,0,0.2538,0.3552,152.123,162.46498,5.2496,67.926,640.18,354463.6544062998,0.006,0
2026-07-16T10:44:13Z,1.466,28.3931,7.11,0.5509,0,0.2538,0.4307,152.127,162.469466,5.2785,67.631,602.92,354496.03762409824,0.006,0
2026-07-16T10:44:13Z,1.468,28.3929,7.11,0.5661,0,0.2538,0.3703,152.129,162.47197,5.2927,67.279,528.53,354513.6928221811,0.006,0
2026-07-16T10:44:13Z,1.47,28.3927,7.2,0.5623,0.0852,0.0846,0.3552,152.12,162.461133,5.2918,66.922,549.37,354456.55864193,0.005,0
2026-07-16T10:44:13Z,1.471,28.3927,7.2,0.5852,0.0852,0.0846,0.4307,152.106,162.44609,5.2781,66.578,540.73,354372.23764076794,0.005,0
2026-07-16T10:44:13Z,1.472,28.3926,7.2,0.5699,0.0852,0.0846,0.3098,152.1,162.438868,5.2552,66.242,651.13,354333.568465305,0.005,0
2026-07-16T10:44:13Z,1.473,28.3924,7.2,0.5432,0.0852,0.0846,0.4156,152.1,162.437538,5.2278,65.915,620.06,354329.7305070975,0.006,0
2026-07-16T10:44:13Z,1.474,28.3922,7.2,0.5661,0.0852,0.0846,0.4307,152.097,162.43373,5.2001,65.615,506.71,354312.0047836708,0.007,0
2026-07-16T10:44:13Z,1.476,28.392,7.2,0.5432,0.0426,0.0846,0.3098,152.095,162.430436,5.1734,65.38,573.9,354297.1596907507,0.008,0
2026-07-16T10:44:13Z,1.478,28.3917,7.2,0.5509,0.0426,0.0846,0.3552,152.092,162.426778,5.1473,65.264,527.61,354282.0829099085,0.01,0
2026-07-16T10:44:13Z,1.481,28.3914,7.2,0.5585,0.0426,0.0846,0.3854,152.084,162.417771,5.122,65.289,556.82,354237.03125799773,0.011,0
2026-07-16T10:44:13Z,1.484,28.3912,7.2,0.547,0.0426,0.0846,0.3249,152.081,162.41304,5.0987,65.456,602.13,354214.1345456647,0.012,0
2026-07-16T10:44:13Z,1.488,28.3909,7.29,0.5509,0.0426,0.2115,0.4156,152.076,162.407314,5.0804,65.785,690.02,354187.4710891224,0.013,0
2026-07-16T10:44:13Z,1.492,28.3906,7.29,0.5585,0.0426,0.2115,0.3249,152.066,162.395058,5.0714,66.299,517.17,354124.22127901507,0.013,0
2026-07-16T10:44:13Z,1.495,28.3903,7.29,0.5776,0.0426,0.2115,0.4156,152.055,162.381022,5.0734,66.988,636.58,354051.00620274135,0.013,0
2026-07-16T10:44:13Z,1.498,28.3901,7.29,0.5432,0.0426,0.2115,0.3854,152.049,162.373487,5.0864,67.812,492.38,354012.40852715005,0.013,0
2026-07-16T10:44:13Z,1.501,28.3898,7.2,0.5738,0.0852,0.1692,0.34,152.067,162.39049,5.1121,68.697,601.87,354113.08234946994,0.013,0
2026-07-16T10:44:13Z,1.504,28.3894,7.2,0.5814,0.0852,0.1692,0.4458,152.097,162.420529,5.152,69.54,518.52,354288.6374629632,0.013,0
2026-07-16T10:44:13Z,1.508,28.3888,7.2,0.5661,0.0852,0.1692,0.3552,152.117,162.439544,5.2056,70.252,909.51,354406.06655007496,0.013,0
2026-07-16T10:44:13Z,1.511,28.3883,7.2,0.5623,0.0852,0.1692,0.4307,152.12,162.440578,5.2697,70.767,532.33,354420.9051244188,0.013,0
2026-07-16T10:44:13Z,1.515,28.3877,7.2,0.5509,0.0426,0.1269,0.2947,152.102,162.419899,5.3385,71.028,497.22,354315.8416176084,0.014,0
2026-07-16T10:44:13Z,1.518,28.387,7.2,0.5509,0.0426,0.1269,0.476,152.078,162.392035,5.404,71.012,597.18,354172.3387590912,0.015,0
2026-07-16T10:44:13Z,1.522,28.3862,7.2,0.5585,0.0426,0.1269,0.3552,152.07,162.381628,5.4595,70.746,504.29,354128.48226797715,0.016,0
2026-07-16T10:44:13Z,1.525,28.3855,7.2,0.5699,0.0426,0.1269,0.4458,152.083,162.39392,5.4995,70.298,651.13,354210.0142338118,0.017,0
2026-07-16T10:44:13Z,1.53,28.3849,7.2,0.5585,0.0426,0.1269,0.3552,152.105,162.416152,5.5199,69.746,514.25,354345.4677254335,0.018,0
2026-07-16T10:44:13Z,1.535,28.3843,7.2,0.5432,0.0426,0.1269,0.3098,152.12,162.430201,5.5187,69.173,464.93,354435.07615993486,0.019,0
2026-07-16T10:44:13Z,1.541,28.3838,7.2,0.5852,0.0426,0.1269,0.4911,152.123,162.431795,5.4981,68.653,576.9,354453.05629092286,0.019,0
2026-07-16T10:44:13Z,1.547,28.3833,7.2,0.5661,0.0426,0.1269,0.4005,152.119,162.425367,5.4633,68.213,665.86,354426.0602253577,0.018,0
2026-07-16T10:44:13Z,1.551,28.3827,7.2,0.5814,0.0426,0.1269,0.2494,152.114,162.417223,5.4205,67.845,440.54,354391.2540161424,0.016,0
2026-07-16T10:44:13Z,1.555,28.3821,7.2,0.5661,0.0852,0.2115,0.3552,152.115,162.417215,5.376,67.552,590.08,354402.0605942189,0.015,0
2026-07-16T10:44:13Z,1.558,28.3813,7.2,0.5623,0.0852,0.2115,0.2947,152.12,162.421333,5.3356,67.349,551.28,354439.6190214688,0.013,0
2026-07-16T10:44:13Z,1.561,28.3806,7.2,0.5699,0.0852,0.2115,0.7026,152.119,162.418648,5.3015,67.23,694.84,354437.22731055575,0.012,0
2026-07-16T10:44:13Z,1.563,28.38,7.2,0.5623,0.0852,0.2115,0.5969,152.123,162.420472,5.2729,67.18,559.37,354458.30816726666,0.011,0
2026-07-16T10:44:13Z,1.566,28.3794,7.11,0.5509,0.0426,0.0846,0.5515,152.146,162.443324,5.2503,67.182,509.91,354597.31528052286,0.011,0
2026-07-16T10:44:13Z,1.568,28.379,7.11,0.5509,0.0426,0.0846,0.5062,152.175,162.473256,5.2345,67.223,580.92,354772.4569280674,0.011,0
2026-07-16T10:44:13Z,1.571,28.3785,7.11,0.631,0.0426,0.0846,0.3854,152.187,162.484174,5.2253,67.316,453.55,354842.76842646615,0.012,0
2026-07-16T10:44:13Z,1.574,28.3779,7.11,0.6348,0.0426,0.0846,0.2645,152.167,162.460948,5.2215,67.523,567.08,354723.323684755,0.013,0
2026-07-16T10:44:13Z,1.577,28.3774,7.11,0.6348,0.0426,0.0846,0.3552,152.132,162.423444,5.2217,67.927,489.18,354522.01331996825,0.014,0
2026-07-16T10:44:13Z,1.581,28.3768,7.11,0.6233,0.0426,0.0846,0.5213,152.113,162.403752,5.225,68.587,606.6,354422.4429934954,0.015,0
2026-07-16T10:44:13Z,1.585,28.3763,7.11,0.5661,0.0426,0.0846,0.612,152.113,162.40464,5.2322,69.524,529.33,354436.46616775985,0.016,0
2026-07-16T10:44:13Z,1.59,28.3758,7.11,0.5814,0.0426,0.0846,0.7328,152.125,162.418326,5.2484,70.669,649.57,354522.2596832437,0.015,0
2026-07-16T10:44:13Z,1.595,28.3756,7.11,0.5699,0.0426,0.0846,0.6422,152.143,162.436433,5.2797,71.844,502.65,354627.4358267578,0.014,0
2026-07-16T10:44:13Z,1.598,28.3758,7.2,0.5509,0.0852,0.2538,0.6573,152.161,162.455773,5.3311,72.837,510.91,354732.3068863923,0.012,0
2026-07-16T10:44:13Z,1.601,28.3761,7.2,0.6081,0.0852,0.2538,0.3854,152.182,162.477495,5.4039,73.484,581.56,354848.7509107884,0.01,0
2026-07-16T10:44:13Z,1.603,28.3762,7.2,0.6043,0.0852,0.2538,0.4005,152.195,162.491354,5.4928,73.704,505.72,354924.71153275395,0.009,0
2026-07-16T10:44:13Z,1.604,28.3761,7.2,0.6157,0.0852,0.2538,0.3552,152.2,162.497038,5.5842,73.503,572.9,354958.4229582652,0.007,0
2026-07-16T10:44:13Z,1.606,28.376,7.11,0.6005,0.0852,0.2115,0.3703,152.203,162.500071,5.6614,72.96,484.42,354977.2569287763,0.006,0
2026-07-16T10:44:13Z,1.607,28.3759,7.11,0.6348,0.0852,0.2115,0.4458,152.193,162.489236,5.7117000000000004,72.184,631.75,354918.2588202387,0.006,0
2026-07-16T10:44:13Z,1.609,28.3759,7.11,0.5928,0.0852,0.2115,0.3854,152.171,162.465653,5.7287,71.279,496.36,354785.9242882344,0.005,0
2026-07-16T10:44:13Z,1.61,28.3758,7.11,0.6233,0.0852,0.2115,0.2645,152.15,162.443076,5.7131,70.327,571.04,354661.0737317623,0.005,0
2026-07-16T10:44:13Z,1.611,28.3758,7.2,0.6233,0.0426,0.1269,0.3098,152.139,162.431521,5.671,69.378,452.28,354596.258372472,0.004,0
2026-07-16T10:44:13Z,1.612,28.3758,7.2,0.6119,0.0426,0.1269,0.3854,152.143,162.435925,5.6106,68.453,600.3,354620.96037616924,0.004,0
2026-07-16T10:44:13Z,1.612,28.3758,7.2,0.6081,0.0426,0.1269,0.4156,152.168,162.461469,5.5403,67.547,507.81,354764.2591502083,0.004,0
2026-07-16T10:44:13Z,1.613,28.3758,7.2,0.6195,0.0426,0.1269,0.3552,152.191,162.484899,5.4663,66.652,560.95,354895.7293979888,0.005,0
2026-07-16T10:44:13Z,1.615,28.3758,7.2,0.6233,0.0426,0.1269,0.4458,152.179,162.470371,5.3926,65.769,556.46,354814.20560879365,0.006,0
2026-07-16T10:44:13Z,1.616,28.3757,7.2,0.6233,0.0426,0.1269,0.3552,152.152,162.440067,5.3207,64.915,464.63,354646.00300935074,0.007,0
2026-07-16T10:44:13Z,1.618,28.3755,7.2,0.6195,0.0426,0.1269,0.2494,152.139,162.423991,5.2503,64.121,551.4,354559.45157751953,0.009,0
2026-07-16T10:44:13Z,1.62,28.3751,7.2,0.6272,0.0426,0.1269,0.3854,152.135,162.417855,5.1807,63.41,489.61,354532.27604510024,0.01,0
2026-07-16T10:44:13Z,1.623,28.3746,7.2,0.6119,0.0426,0.1269,0.3703,152.139,162.420023,5.1122,62.788,493.67,354553.4831010177,0.011,0
2026-07-16T10:44:13Z,1.627,28.374,7.2,0.6195,0.0852,0.2115,0.5515,152.152,162.431073,5.0459,62.253,579.79,354626.3222045859,0.012,0
2026-07-16T10:44:13Z,1.63,28.3733,7.2,0.6424,0.0852,0.2115,0.612,152.159,162.437916,4.9841,61.814,441.11,354677.38062079955,0.012,0
2026-07-16T10:44:13Z,1.634,28.3725,7.2,0.6233,0.0852,0.2115,0.612,152.153,162.43035,4.9289,61.496,632.58,354649.41828114615,0.011,0
2026-07-16T10:44:13Z,1.637,28.3718,7.2,0.6005,0.0852,0.2115,0.6271,152.138,162.414376,4.8807,61.336,464.73,354572.4822762248,0.01,0
2026-07-16T10:44:13Z,1.639,28.3713,7.2,0.6272,0.0426,0.1692,0.3703,152.134,162.409787,4.8392,61.38,512.91,354555.79109922063,0.008,0
2026-07-16T10:44:13Z,1.64,28.3709,7.2,0.6157,0.0426,0.1692,0.4307,152.143,162.419368,4.8051,61.655,540.02,354616.7742190094,0.007,0
2026-07-16T10:44:13Z,1.642,28.3707,7.2,0.6195,0.0426,0.1692,0.2947,152.15,162.42563,4.7804,62.146,556.58,354655.5237426793,0.006,0
2026-07-16T10:44:13Z,1.643,28.3705,7.2,0.6157,0.0426,0.1692,0.3552,152.151,162.426234,4.7679,62.804,640.46,354662.53285304294,0.005,0
2026-07-16T10:44:13Z,1.644,28.3705,7.2,0.6157,0.0426,0.1692,0.4609,152.151,162.42535,4.7713,63.562,452.28,354657.57313466386,0.005,0
2026-07-16T10:44:13Z,1.645,28.3704,7.2,0.6157,0.0426,0.1269,0.3854,152.149,162.422742,4.7928,64.329,488.97,354644.7521269396,0.005,0
2026-07-16T10:44:13Z,1.647,28.3702,7.2,0.6348,0.0426,0.1269,0.3854,152.146,162.417714,4.8309,65.008,480.13,354620.1654469779,0.006,0
2026-07-16T10:44:13Z,1.648,28.37,7.2,0.6195,0.0426,0.1269,0.2947,152.143,162.412934,4.8821,65.527,522.48,354596.9711223163,0.007,0
2026-07-16T10:44:13Z,1.65,28.3697,7.2,0.6348,0.0426,0.1269,0.4005,152.15,162.419155,4.941,65.841,426.32,354637.29995119246,0.009,0
2026-07-16T10:44:13Z,1.652,28.3694,7.2,0.6348,0.0426,0.1692,0.4458,152.166,162.434026,5.0007,65.919,482.53,354726.1645433803,0.01,0
2026-07-16T10:44:13Z,1.655,28.3689,7.2,0.6119,0.0426,0.1692,0.3249,152.17,162.437459,5.0535,65.763,464.63,354754.4809949141,0.011,0
2026-07-16T10:44:13Z,1.659,28.3683,7.2,0.6195,0.0426,0.1692,0.4156,152.157,162.422353,5.0939,65.409,477.21,354680.5861191057,0.012,0
2026-07-16T10:44:13Z,1.662,28.3678,7.2,0.6386,0.0426,0.1692,0.3854,152.126,162.388687,5.1183,64.914,506.38,354500.7771761245,0.012,0
2026-07-16T10:44:13Z,1.665,28.3672,7.29,0.6348,0.0852,0.1269,0.4307,152.088,162.347528,5.1245,64.341,393.81,354280.8156372123,0.012,0
2026-07-16T10:44:13Z,1.668,28.3668,7.29,0.6081,0.0852,0.1269,0.3249,152.074,162.331997,5.1124,63.747,517.5,354200.9739559964,0.011,0
2026-07-16T10:44:13Z,1.671,28.3664,7.29,0.6081,0.0852,0.1269,0.4458,152.095,162.353988,5.0849,63.174,426.6,354331.50624459074,0.01,0
2026-07-16T10:44:13Z,1.673,28.3662,7.29,0.6233,0.0852,0.1269,0.4156,152.123,162.383286,5.0464,62.664,426.69,354499.4350935829,0.009,0
2026-07-16T10:44:13Z,1.675,28.366,7.2,0.6043,0.0852,0.1269,0.3552,152.142,162.403651,5.0019,62.257,517.39,354617.29562998883,0.009,0
2026-07-16T10:44:13Z,1.677,28.3659,7.2,0.6233,0.0852,0.1269,0.3552,152.159,162.420514,4.9557,61.972,417.7,354713.7193101981,0.008,0
2026-07-16T10:44:13Z,1.679,28.3658,7.2,0.6272,0.0852,0.1269,0.4005,152.165,162.426345,4.9112,61.793,419.34,354748.2495172267,0.008,0
2026-07-16T10:44:13Z,1.682,28.3656,7.2,0.6348,0.0852,0.1269,0.3249,152.163,162.422698,4.8715,61.702,428.73,354731.4058102817,0.009,0
2026-07-16T10:44:13Z,1.684,28.3654,7.2,0.6233,0.0852,0.1269,0.6724,152.166,162.424638,4.84,61.695,446.13,354745.9134389361,0.009,0
2026-07-16T10:44:13Z,1.686,28.3651,7.2,0.6386,0.0426,0.1269,0.6422,152.171,162.42867,4.8178,61.779,391.76,354773.9725950781,0.01,0
2026-07-16T10:44:13Z,1.689,28.3648,7.2,0.6348,0.0426,0.1269,0.5515,152.16,162.415828,4.8039,61.97,426.32,354707.34092547046,0.012,0
2026-07-16T10:44:13Z,1.691,28.3644,7.2,0.6005,0.0426,0.1269,0.7177,152.134,162.386695,4.7969,62.296,414.98,354551.13052873616,0.013,0
2026-07-16T10:44:13Z,1.695,28.3639,7.2,0.6348,0.0426,0.1269,0.4156,152.108,162.357555,4.7964,62.787,393.47,354396.72899478936,0.015,0
2026-07-16T10:44:13Z,1.699,28.3635,7.2,0.6005,0.0426,0.2115,0.34,152.096,162.344689,4.803,63.491,417.97,354331.81074401253,0.016,0
2026-07-16T10:44:13Z,1.704,28.363,7.2,0.6424,0.0426,0.2115,0.4609,152.096,162.344668,4.8178,64.437,400.72,354340.7363249736,0.016,0
2026-07-16T10:44:13Z,1.708,28.3627,7.2,0.6272,0.0426,0.2115,0.4458,152.105,162.353477,4.8432,65.562,408.81,354395.5652019668,0.017,0
2026-07-16T10:44:13Z,1.713,28.3625,7.2,0.6195,0.0426,0.2115,0.5213,152.133,162.381482,4.8814,66.729,400.89,354556.27075568016,0.016,0
2026-07-16T10:44:13Z,1.717,28.3624,7.2,0.6157,0.0852,0.1692,0.4911,152.159,162.40809,4.9361,67.805,411.3,354707.3720942015,0.016,0
2026-07-16T10:44:13Z,1.721,28.3622,7.2,0.6348,0.0852,0.1692,0.6271,152.168,162.416344,5.0097,68.701,390.91,354757.31290348555,0.015,0
2026-07-16T10:44:13Z,1.724,28.3618,7.2,0.631,0.0852,0.1692,0.6724,152.165,162.412452,5.0972,69.381,412.83,354742.7143321336,0.014,0
2026-07-16T10:44:13Z,1.727,28.3615,7.2,0.6462,0.0852,0.1692,0.34,152.15,162.395377,5.1879,69.87,427.06,354652.329256334,0.014,0
2026-07-16T10:44:13Z,1.731,28.3612,7.2,0.6348,0.0852,0.1692,0.3703,152.133,162.376601,5.2716,70.207,412.11,354552.4141675977,0.015,0
2026-07-16T10:44:13Z,1.734,28.3608,7.2,0.5928,0.0426,0.1269,0.2494,152.133,162.37517,5.3413,70.425,420.43,354551.6253307863,0.016,0
2026-07-16T10:44:13Z,1.738,28.3604,7.2,0.6348,0.0426,0.1269,0.2947,152.147,162.390701,5.3942,70.557,419.7,354646.00528536405,0.017,0
2026-07-16T10:44:13Z,1.743,28.3601,7.2,0.6424,0.0426,0.1269,0.5817,152.163,162.407294,5.4323,70.652,400.63,354744.55100597726,0.017,0
2026-07-16T10:44:13Z,1.748,28.3598,7.2,0.5966,0.0426,0.1269,0.5969,152.18,162.425363,5.4585,70.75,498.19,354851.39935034903,0.017,0
2026-07-16T10:44:13Z,1.753,28.3596,7.2,0.6119,0.0852,0.2961,0.5817,152.204,162.449728,5.4755,70.846,400.46,354991.8047799738,0.017,0
2026-07-16T10:44:13Z,1.757,28.3596,7.2,0.631,0.0852,0.2961,0.6573,152.214,162.458823,5.4858,70.903,418.06,355042.87046165974,0.015,0
2026-07-16T10:44:13Z,1.761,28.3596,7.2,0.631,0.0852,0.2961,0.34,152.197,162.439038,5.4931,70.883,461.41,354931.7851454174,0.014,0
2026-07-16T10:44:13Z,1.764,28.3594,7.2,0.6081,0.0852,0.2961,0.34,152.178,162.417169,5.5007,70.734,438.34,354812.64721147926,0.013,0
2026-07-16T10:44:13Z,1.767,28.359,7.2,0.6348,0.0426,0.1692,0.3854,152.174,162.411436,5.5082,70.412,473.39,354787.7140396237,0.011,0
2026-07-16T10:44:13Z,1.769,28.3584,7.2,0.5928,0.0426,0.1692,0.3854,152.162,162.396257,5.5127,69.901,495.39,354713.39072527905,0.011,0
2026-07-16T10:44:13Z,1.772,28.3578,7.2,0.6081,0.0426,0.1692,0.5213,152.132,162.363575,5.5113,69.222,446.81,354540.8668442526,0.011,0
2026-07-16T10:44:13Z,1.775,28.3573,7.2,0.6462,0.0426,0.1692,0.4911,152.105,162.332738,5.4997,68.436,420.61,354376.9293966168,0.011,0
2026-07-16T10:44:13Z,1.777,28.3569,7.2,0.6157,0.0426,0.1692,0.5817,152.094,162.319575,5.4747,67.636,550.81,354310.339001021,0.012,0
2026-07-16T10:44:13Z,1.78,28.3564,7.2,0.6424,0.0426,0.2115,0.5969,152.104,162.328593,5.4351,66.942,463.72,354369.96266890515,0.013,0
2026-07-16T10:44:13Z,1.784,28.3559,7.2,0.6233,0.0426,0.2115,0.612,152.121,162.346162,5.3823,66.49,433.89,354477.5631700776,0.014,0
2026-07-16T10:44:13Z,1.788,28.3553,7.2,0.5814,0.0426,0.2115,0.5213,152.135,162.360931,5.3212,66.392,544.62,354571.2848606612,0.015,0
2026-07-16T10:44:13Z,1.792,28.3548,7.2,0.6348,0.0426,0.2115,0.5817,152.14,162.364812,5.2591,66.683,464.63,354602.11313283344,0.015,0
2026-07-16T10:44:13Z,1.796,28.3544,7.2,0.6043,0.0426,0.2115,0.6573,152.136,162.35884,5.2052,67.299,441.88,354575.8430897646,0.015,0
2026-07-16T10:44:13Z,1.8,28.3541,7.2,0.6539,0.0426,0.2115,0.5817,152.136,162.357459,5.17,68.122,552.48,354573.5244691345,0.015,0
2026-07-16T10:44:13Z,1.804,28.3538,7.2,0.6081,0.0426,0.2115,0.5817,152.139,162.360298,5.1625,69.008,410.14,354594.8851885398,0.014,0
2026-07-16T10:44:13Z,1.807,28.3535,7.2,0.6348,0.0426,0.2115,0.6724,152.144,162.364108,5.1851,69.809,537.56,354621.6962232195,0.013,0
2026-07-16T10:44:13Z,1.81,28.3531,7.2,0.6424,0.0852,0.1692,0.5817,152.155,162.373912,5.2331,70.408,431.07,354683.95919371146,0.012,0
2026-07-16T10:44:13Z,1.813,28.3527,7.2,0.692,0.0852,0.1692,0.34,152.162,162.380299,5.2971,70.738,550.69,354727.0505068388,0.012,0
2026-07-16T10:44:13Z,1.816,28.3523,7.2,0.7073,0.0852,0.1692,0.3552,152.161,162.376954,5.366,70.772,486.11,354715.51981190924,0.013,0
2026-07-16T10:44:13Z,1.819,28.3519,7.2,0.6653,0.0852,0.1692,0.3552,152.161,162.375011,5.4283,70.52,442.17,354711.8581860308,0.013,0
2026-07-16T10:44:13Z,1.822,28.3515,7.2,0.6767,0.0852,0.1269,0.3552,152.166,162.377961,5.4749,70.036,461.51,354735.6604564108,0.014,0
2026-07-16T10:44:13Z,1.826,28.3509,7.2,0.6462,0.0852,0.1269,0.3854,152.17,162.378572,5.5006,69.42,528.87,354749.9575746066,0.016,0
2026-07-16T10:44:13Z,1.83,28.3503,7.2,0.631,0.0852,0.1269,0.2947,152.175,162.381016,5.5033,68.792,489.18,354774.5445675202,0.018,0
2026-07-16T10:44:13Z,1.834,28.3496,7.2,0.6005,0.0852,0.1269,0.3552,152.189,162.393963,5.4838,68.251,530.48,354859.91019183677,0.02,0
2026-07-16T10:44:13Z,1.84,28.3486,7.2,0.6195,0.0852,0.1269,0.5364,152.2,162.404828,5.4463,67.869,461.81,354939.0370863091,0.022,0
2026-07-16T10:44:13Z,1.846,28.3476,7.2,0.6806,0.0426,0.1269,0.5969,152.191,162.392457,5.3984,67.721,483.27,354887.6939326494,0.022,0
2026-07-16T10:44:13Z,1.853,28.3467,7.2,0.7263,0.0426,0.1269,0.612,152.172,162.369587,5.3497,67.849,479.92,354775.5967864807,0.022,0
2026-07-16T10:44:13Z,1.859,28.346,7.2,0.6806,0.0426,0.1269,0.6271,152.167,162.362187,5.3077,68.218,473.19,354746.73365781165,0.021,0
2026-07-16T10:44:13Z,1.864,28.3456,7.2,0.6806,0.0426,0.1269,0.612,152.174,162.368286,5.2781,68.757,446.61,354788.2184617979,0.019,0
2026-07-16T10:44:13Z,1.869,28.345,7.29,0.6691,0.0852,0.0846,0.3854,152.18,162.373474,5.2666,69.393,470.11,354828.21596935764,0.018,0
2026-07-16T10:44:13Z,1.872,28.3441,7.29,0.6844,0.0852,0.0846,0.3854,152.181,162.375126,5.2766,70.043,458.01,354853.79958004487,0.016,0
2026-07-16T10:44:13Z,1.875,28.3433,7.29,0.6806,0.0852,0.0846,0.4156,152.191,162.385709,5.3054,70.599,460.51,354927.72557080496,0.015,0
2026-07-16T10:44:13Z,1.879,28.3427,7.29,0.6653,0.0852,0.0846,0.4156,152.212,162.408045,5.3474,70.948,441.02,355064.0522898995,0.014,0
2026-07-16T10:44:13Z,1.882,28.3425,7.29,0.6882,0.0426,0.2115,0.3552,152.231,162.428047,5.3969,71.013,465.84,355180.0452610093,0.015,0
2026-07-16T10:44:13Z,1.886,28.3426,7.29,0.6577,0.0426,0.2115,0.3854,152.242,162.439021,5.4474,70.774,451.88,355239.8887507485,0.016,0
2026-07-16T10:44:13Z,1.89,28.3427,7.29,0.6806,0.0426,0.2115,0.3552,152.251,162.447904,5.4907,70.265,511.02,355287.9882712134,0.017,0
2026-07-16T10:44:13Z,1.895,28.3427,7.29,0.692,0.0426,0.2115,0.3854,152.253,162.449044,5.5178,69.55,425.21,355294.39271537826,0.017,0
2026-07-16T10:44:13Z,1.9,28.3425,7.29,0.6882,0.0426,0.2115,0.3249,152.241,162.43473,5.5229,68.705,432.76,355217.58821588184,0.017,0
2026-07-16T10:44:13Z,1.905,28.3422,7.29,0.6729,0,0.1269,0.3552,152.222,162.413171,5.5043,67.803,432.57,355101.90580129763,0.017,0
2026-07-16T10:44:13Z,1.909,28.3418,7.29,0.6691,0,0.1269,0.3854,152.203,162.390643,5.4647,66.904,500.47,354982.61548512056,0.016,0
2026-07-16T10:44:13Z,1.913,28.3415,7.29,0.7073,0,0.1269,0.3552,152.186,162.369157,5.4091,66.056,457.71,354867.3873493441,0.014,0
2026-07-16T10:44:13Z,1.916,28.3411,7.29,0.6996,0,0.1269,0.6271,152.175,162.355009,5.3434,65.296,408.54,354795.19225847686,0.013,0
2026-07-16T10:44:13Z,1.919,28.3406,7.2,0.692,0.0852,0.1692,0.6573,152.179,162.356454,5.2733,64.64,446.81,354812.3648301091,0.012,0
2026-07-16T10:44:13Z,1.922,28.3399,7.2,0.692,0.0852,0.1692,0.6271,152.191,162.365859,5.2035,64.087,393.47,354877.862346649,0.012,0
2026-07-16T10:44:13Z,1.925,28.339,7.2,0.6615,0.0852,0.1692,0.5817,152.197,162.369695,5.1377,63.64,478.25,354915.7168708944,0.013,0
2026-07-16T10:44:13Z,1.928,28.3381,7.2,0.6653,0.0852,0.1692,0.3854,152.188,162.356961,5.0787,63.324,434.08,354860.5142524739,0.014,0
2026-07-16T10:44:13Z,1.932,28.337,7.2,0.6958,0.0426,0.2115,0.4005,152.141,162.304214,5.0277,63.194,471.44,354584.2944781712,0.016,0
2026-07-16T10:44:13Z,1.936,28.336,7.2,0.692,0.0426,0.2115,0.2645,152.039,162.193382,4.9848,63.319,442.84,353980.5814649771,0.018,0
2026-07-16T10:44:13Z,1.941,28.3351,7.2,0.6767,0.0426,0.2115,0.3703,151.876,162.01896,4.95,63.788,405.8,353019.56268425455,0.019,0
2026-07-16T10:44:13Z,1.946,28.3342,7.2,0.6653,0.0426,0.2115,0.6422,151.631,161.758489,4.9256,64.704,429.39,351579.36981740745,0.02,0
2026-07-16T10:44:13Z,1.952,28.3332,7.2,0.6882,0.0426,0.2115,0.5817,151.256,161.358546,4.9155,66.101,481.28,349368.09084228583,0.02,0
2026-07-16T10:44:13Z,1.958,28.3325,7.2,0.6767,0.0426,0.2115,0.5817,150.648,160.708471,4.9253,67.841,419.43,345775.4722784728,0.02,0
2026-07-16T10:44:13Z,1.963,28.3324,7.2,0.6844,0.0426,0.2115,0.5666,149.609,159.598831,4.9618,69.676,402.72,339676.1816893706,0.019,0
2026-07-16T10:44:13Z,1.968,28.3326,7.2,0.6767,0.0426,0.2115,0.5817,147.839,157.709669,5.0331,71.376,442.65,329437.9750605195,0.018,0
2026-07-16T10:44:13Z,1.972,28.3326,7.2,0.6844,0.0426,0.2115,0.612,144.865,154.537209,5.1417,72.783,403.6,312679.1268051441,0.017,0
2026-07-16T10:44:13Z,1.975,28.3322,7.2,0.6806,0,0.0846,0.763,139.907,149.247487,5.2771,73.799,394.32,285920.6529194028,0.018,0
2026-07-16T10:44:13Z,1.98,28.3316,7.2,0.6996,0,0.0846,0.6271,131.667,140.457972,5.4199,74.365,416.97,244646.27788046075,0.018,0
2026-07-16T10:44:13Z,1.984,28.3311,7.2,0.6539,0,0.0846,0.5515,117.959,125.83682,5.5521,74.459,413.63,184479.14262241914,0.019,0
2026-07-16T10:44:13Z,1.99,28.3306,7.2,0.6806,0,0.0846,0.6422,95.12,101.47704,5.6616,74.132,409.97,106236.78518012854,0.02,0
2026-07-16T10:44:13Z,1.996,28.3299,7.29,0.6767,0.0426,0.1692,0.7177,57.047,60.870662,5.7408,73.5,394.41,28907.001848057273,0.02,0
2026-07-16T10:44:13Z,2.002,28.3291,7.29,0.6806,0.0426,0.1692,0.5969,-6.419,-6.814688,5.7849,72.674,412.56,NA,0.02,0
2026-07-16T10:44:13Z,2.007,28.3282,7.29,0.6882,0.0426,0.1692,0.5817,-112.179,-119.604385,5.7923,71.71,361.5,NA,0.019,0
2026-07-16T10:44:13Z,2.011,28.3271,7.29,0.6653,0.0426,0.1692,0.612,-288.438,-307.575682,5.767,70.661,425.86,NA,0.018,0
2026-07-16T10:44:13Z,2.015,28.3258,7.29,0.6729,0.0852,0.2538,0.5817,-398.603,-425.061548,5.718,69.614,413.27,NA,0.017,0
2026-07-16T10:44:13Z,2.019,28.3245,7.29,0.7149,0.0852,0.2538,0.612,-288.424,-307.566767,5.654,68.656,396.82,NA,0.017,0
2026-07-16T10:44:13Z,2.023,28.3232,7.29,0.6806,0.0852,0.2538,0.6422,-112.149,-119.584177,5.5791,67.866,373.39,NA,0.017,0
2026-07-16T10:44:13Z,2.027,28.3219,7.29,0.7111,0.0852,0.2538,0.5364,-6.401,-6.813879,5.4979,67.305,410.68,NA,0.018,0
2026-07-16T10:44:13Z,2.032,28.3208,7.29,0.7035,0.0852,0.2538,0.5817,57.041,60.840261,5.4166,67.019,378.79,28883.537699394532,0.019,0
2026-07-16T10:44:13Z,2.037,28.32,7.29,0.6844,0.0852,0.1692,0.5817,95.109,101.435382,5.3421,67.022,417.88,106182.01252278351,0.021,0
2026-07-16T10:44:13Z,2.042,28.3193,7.29,0.6767,0.0852,0.1692,0.612,117.957,125.800856,5.2805,67.296,366.96,184454.4903402943,0.022,0
2026-07-16T10:44:13Z,2.049,28.3186,7.29,0.6653,0.0852,0.1692,0.6422,131.678,140.434146,5.2368,67.804,414.53,244701.7832299376,0.023,0
2026-07-16T10:44:13Z,2.055,28.3179,7.29,0.6806,0.0852,0.1692,0.612,139.921,149.225434,5.2145,68.525,390.23,286020.7248228029,0.022,0
2026-07-16T10:44:13Z,2.061,28.3174,7.29,0.6806,0.0426,0.1269,0.6271,144.878,154.511047,5.2148,69.426,387.11,312785.7326673055,0.021,0
2026-07-16T10:44:13Z,2.067,28.3173,7.29,0.6806,0.0426,0.1269,0.5817,147.863,157.692463,5.2361,70.425,398.98,329603.020354828,0.019,0
2026-07-16T10:44:13Z,2.071,28.3176,7.29,0.6806,0.0426,0.1269,0.5817,149.646,159.594007,5.2756,71.403,386.69,339906.5963191361,0.017,0
2026-07-16T10:44:13Z,2.075,28.3177,7.29,0.6844,0.0426,0.1269,0.5515,150.697,160.71474,5.3317,72.227,392.1,346071.5997083554,0.015,0
2026-07-16T10:44:13Z,2.078,28.3174,7.2,0.6844,0.0852,0.0846,0.7177,151.322,161.381586,5.4018,72.781,370.08,349778.411479326,0.014,0
2026-07-16T10:44:13Z,2.081,28.317,7.2,0.6882,0.0852,0.0846,0.6422,151.7,161.784396,5.4795,72.989,416.07,352033.1742620199,0.013,0
2026-07-16T10:44:13Z,2.083,28.3167,7.2,0.6729,0.0852,0.0846,0.5666,151.927,162.026579,5.5556,72.82,380.69,353394.16731352755,0.014,0
2026-07-16T10:44:13Z,2.086,28.3167,7.2,0.6958,0.0852,0.0846,0.5515,152.064,162.172716,5.6198,72.312,421.25,354213.69567967096,0.015,0
2026-07-16T10:44:13Z,2.09,28.3168,7.2,0.692,0.0426,0.1692,0.612,152.136,162.249751,5.6629,71.581,388.71,354644.3582455274,0.017,0
2026-07-16T10:44:13Z,2.094,28.317,7.2,0.6806,0.0426,0.1692,0.7479,152.171,162.286244,5.679,70.793,413.99,354845.714417357,0.02,0
2026-07-16T10:44:13Z,2.1,28.3172,7.2,0.7492,0.0426,0.1692,0.5515,152.199,162.315979,5.6658,70.114,394.32,355009.1602292486,0.021,0
2026-07-16T10:44:13Z,2.107,28.3172,7.2,0.7569,0.0426,0.1692,0.5817,152.233,162.350894,5.6263,69.669,449.53,355205.3982069801,0.022,0
2026-07-16T10:44:13Z,2.114,28.3171,7.2,0.753,0.0426,0.1692,0.5969,152.269,162.388274,5.5695,69.497,358.68,355417.37961751135,0.021,0
2026-07-16T10:44:13Z,2.119,28.3169,7.29,0.7378,0.0426,0.1269,0.5969,152.294,162.414033,5.5082,69.542,459.11,355565.88522205927,0.019,0
2026-07-16T10:44:13Z,2.124,28.3167,7.29,0.7683,0.0426,0.1269,0.612,152.297,162.414997,5.4554,69.706,405.18,355574.9392696165,0.017,0
2026-07-16T10:44:13Z,2.127,28.3164,7.29,0.734,0.0426,0.1269,0.4911,152.288,162.403448,5.4208,69.87,373.56,355515.4267287229,0.014,0
2026-07-16T10:44:13Z,2.13,28.3159,7.29,0.7492,0.0426,0.1269,0.5515,152.283,162.396352,5.4075,69.922,470.21,355484.5964325982,0.012,0
2026-07-16T10:44:13Z,2.132,28.3155,7.2,0.7302,0.0426,0.2115,0.612,152.282,162.391816,5.4111,69.803,387.95,355466.348456768,0.011,0
2026-07-16T10:44:13Z,2.135,28.315,7.2,0.7797,0.0426,0.2115,0.6271,152.282,162.388629,5.4238,69.512,398.81,355457.50401684333,0.01,0
2026-07-16T10:44:13Z,2.137,28.3144,7.2,0.7645,0.0426,0.2115,0.5515,152.286,162.389951,5.4366,69.087,413.99,355475.8350188971,0.01,0
2026-07-16T10:44:13Z,2.14,28.3136,7.2,0.7569,0.0426,0.2115,0.612,152.292,162.392126,5.4408,68.598,402.03,355502.59781999193,0.011,0
2026-07-16T10:44:13Z,2.142,28.3127,7.29,0.7454,0.0426,0.3807,0.5515,152.302,162.399742,5.4316,68.138,428.92,355561.7858650965,0.013,0
2026-07-16T10:44:13Z,2.145,28.3117,7.29,0.7607,0.0426,0.3807,0.6724,152.321,162.418838,5.409,67.819,392.1,355687.3906751965,0.014,0
2026-07-16T10:44:13Z,2.149,28.3105,7.29,0.7645,0.0426,0.3807,0.6422,152.342,162.442479,5.3761,67.737,447.29,355842.2432886327,0.015,0
2026-07-16T10:44:13Z,2.154,28.3092,7.29,0.753,0.0426,0.3807,0.5515,152.354,162.456927,5.3381,67.939,396.56,355947.2085252115,0.016,0
2026-07-16T10:44:13Z,2.159,28.3082,7.29,0.734,0.0426,0.3807,0.5817,152.347,162.449998,5.3025,68.401,442.84,355926.38713179895,0.016,0
2026-07-16T10:44:13Z,2.164,28.3079,7.29,0.7492,0.0426,0.1692,0.612,152.327,162.427864,5.2777,69.018,384.43,355807.25083679665,0.015,0
2026-07-16T10:44:13Z,2.167,28.3082,7.29,0.7492,0.0426,0.1692,0.6724,152.307,162.404665,5.2713,69.637,428.92,355671.2408701948,0.014,0
2026-07-16T10:44:13Z,2.17,28.3088,7.29,0.7645,0.0426,0.1692,0.6271,152.299,162.394259,5.2869,70.135,433.7,355601.7864244981,0.012,0
2026-07-16T10:44:13Z,2.172,28.309,7.29,0.7683,0.0426,0.1692,0.6422,152.312,162.405898,5.3229,70.457,414.08,355663.6386097661,0.011,0
2026-07-16T10:44:13Z,2.175,28.3087,7.2,0.7721,0.0426,0.1269,0.5817,152.337,162.430659,5.3709,70.582,416.7,355808.43416521116,0.01,0
2026-07-16T10:44:13Z,2.177,28.3081,7.2,0.753,0.0426,0.1269,0.6271,152.361,162.455101,5.4191,70.51,468.28,355956.9276613549,0.011,0
2026-07-16T10:44:13Z,2.18,28.3074,7.2,0.7797,0.0426,0.1269,0.5817,152.376,162.469705,5.4579,70.274,400.89,356051.8846023011,0.012,0
2026-07-16T10:44:13Z,2.182,28.3067,7.2,0.753,0.0426,0.1269,0.7026,152.37,162.46233,5.483,69.94,452.37,356023.0924138975,0.014,0
2026-07-16T10:44:13Z,2.186,28.3062,7.2,0.7454,0.0426,0.1692,0.6422,152.352,162.443037,5.4928,69.591,391.76,355923.56442571554,0.015,0
2026-07-16T10:44:13Z,2.19,28.3057,7.2,0.7454,0.0426,0.1692,0.6422,152.348,162.438752,5.4873,69.296,409.88,355908.5335998047,0.017,0
2026-07-16T10:44:13Z,2.195,28.3054,7.2,0.7874,0.0426,0.1692,0.5817,152.349,162.440314,5.469,69.114,427.15,355922.7814466164,0.018,0
2026-07-16T10:44:13Z,2.201,28.3051,7.2,0.7492,0.0426,0.1692,0.5364,152.334,162.424086,5.443,69.102,387.95,355836.8825737187,0.019,0
2026-07-16T10:44:13Z,2.206,28.305,7.2,0.7645,0.0426,0.1692,0.612,152.318,162.405786,5.4158,69.265,410.68,355735.6980535389,0.018,0
2026-07-16T10:44:13Z,2.211,28.3049,7.29,0.7416,0.0426,0.2538,0.612,152.32,162.408594,5.3929,69.536,416.16,355753.3180981446,0.017,0
2026-07-16T10:44:13Z,2.215,28.305,7.29,0.7263,0.0426,0.2538,0.6271,152.325,162.413217,5.3787,69.826,415.53,355777.5182573627,0.015,0
2026-07-16T10:44:13Z,2.218,28.3049,7.29,0.7607,0.0426,0.2538,0.6422,152.321,162.408859,5.3778,70.074,451.2,355754.8072139325,0.013,0
2026-07-16T10:44:13Z,2.221,28.3048,7.29,0.7569,0.0426,0.2538,0.6271,152.335,162.42242100000001,5.3905,70.26,376.08,355832.9585468519,0.012,0
2026-07-16T10:44:13Z,2.224,28.3048,7.29,0.7492,0.0852,0.1692,0.6875,152.361,162.449502,5.4116,70.375,472.06,355985.4147078196,0.011,0
2026-07-16T10:44:13Z,2.226,28.3048,7.29,0.753,0.0852,0.1692,0.5666,152.374,162.461243,5.4341,70.395,391.85,356051.52394040884,0.011,0
2026-07-16T10:44:13Z,2.229,28.3047,7.29,0.7607,0.0852,0.1692,0.612,152.368,162.452758,5.4534,70.288,417.24,356005.5647124786,0.011,0
2026-07-16T10:44:13Z,2.232,28.3044,7.29,0.7416,0.0852,0.1692,0.612,152.344,162.425793,5.4679,70.065,411.39,355859.2094758537,0.01,0
2026-07-16T10:44:13Z,2.235,28.3039,7.29,0.7225,0.0426,0.0846,0.612,152.32,162.397209,5.477,69.76,466.75,355707.41309188626,0.01,0
2026-07-16T10:44:13Z,2.238,28.3034,7.29,0.7378,0.0426,0.0846,0.6724,152.321,162.395465,5.4785,69.371,390.32,355706.6857561964,0.01,0
2026-07-16T10:44:13Z,2.24,28.3027,7.29,0.7149,0.0426,0.0846,0.5364,152.33,162.404059,5.4702,68.868,425.76,355767.77860741504,0.009,0
2026-07-16T10:44:13Z,2.242,28.3019,7.29,0.7645,0.0426,0.0846,0.5666,152.325,162.39722,5.453,68.241,401.94,355743.8284376947,0.009,0
2026-07-16T10:44:13Z,2.244,28.301,7.38,0.7721,0.0426,0.0846,0.612,152.317,162.389162,5.4294,67.517,415.25,355714.83538744715,0.009,0
2026-07-16T10:44:13Z,2.246,28.3002,7.38,0.7492,0.0426,0.0846,0.476,152.322,162.393769,5.3991,66.757,405.18,355755.308072245,0.01,0
2026-07-16T10:44:13Z,2.249,28.2996,7.38,0.7492,0.0426,0.0846,0.6271,152.334,162.404255,5.36,66.035,415.35,355825.24257590494,0.01,0
2026-07-16T10:44:13Z,2.251,28.2994,7.38,0.7721,0.0426,0.0846,0.6422,152.346,162.415396,5.3113,65.421,410.23,355891.5999372526,0.011,0
2026-07-16T10:44:13Z,2.254,28.2993,7.38,0.7378,0.0426,0.0846,0.612,152.366,162.434172,5.255,64.97,429.48,355999.1385928439,0.011,0
2026-07-16T10:44:13Z,2.257,28.2991,7.47,0.7302,0.0426,0.2538,0.6573,152.379,162.445547,5.1958,64.699,424.56,356066.83470144065,0.011,0
2026-07-16T10:44:13Z,2.26,28.2986,7.47,0.7569,0.0426,0.2538,0.6724,152.37,162.432508,5.1397,64.579,371.77,356002.50130151364,0.011,0
2026-07-16T10:44:13Z,2.263,28.2979,7.47,0.753,0.0426,0.2538,0.612,152.346,162.403606,5.092,64.569,405.89,355852.4981689076,0.011,0
2026-07-16T10:44:13Z,2.265,28.2971,7.47,0.734,0.0426,0.2538,0.6724,152.312,162.36316,5.0569,64.647,408.1,355639.3744591266,0.011,0
2026-07-16T10:44:13Z,2.268,28.2963,7.38,0.7607,0.0852,0.1269,0.6422,152.285,162.332454,5.0359,64.794,412.65,355481.1215410907,0.012,0
2026-07-16T10:44:13Z,2.271,28.2953,7.38,0.7378,0.0852,0.1269,0.6422,152.282,162.327353,5.0266,65.009,393.38,355470.5866332246,0.013,0
2026-07-16T10:44:13Z,2.274,28.2942,7.38,0.7263,0.0852,0.1269,0.6422,152.29,162.334469,5.0259,65.347,438.25,355530.61152268143,0.015,0
2026-07-16T10:44:13Z,2.278,28.293,7.38,0.7721,0.0852,0.1269,0.5515,152.302,162.347684,5.0321,65.913,392.53,355626.78796270833,0.017,0
2026-07-16T10:44:13Z,2.283,28.2921,7.38,0.7378,0.0426,0.1692,0.5817,152.314,162.362502,5.0437,66.824,389.05,355726.554095319,0.018,0
2026-07-16T10:44:13Z,2.288,28.2914,7.38,0.7492,0.0426,0.1692,0.4156,152.323,162.374857,5.0605,68.187,374.04,355808.83629852044,0.019,0
2026-07-16T10:44:13Z,2.294,28.291,7.38,0.7492,0.0426,0.1692,0.612,152.334,162.388047,5.0868,70.015,370.16,355890.37715678156,0.019,0
2026-07-16T10:44:13Z,2.299,28.2912,7.38,0.7645,0.0426,0.1692,0.6422,152.344,162.397569,5.1309,72.131,429.95,355940.3583261758,0.017,0
2026-07-16T10:44:13Z,2.304,28.292,7.38,0.7454,0.0426,0.1692,0.612,152.35,162.401954,5.2017,74.242,381.26,355950.4974724482,0.016,0
2026-07-16T10:44:13Z,2.307,28.2928,7.47,0.7645,0.0426,0.1692,0.6422,152.359,162.410389,5.3077,76.074,402.99,355983.44450124074,0.014,0
2026-07-16T10:44:13Z,2.31,28.293,7.47,0.7645,0.0426,0.1692,0.7177,152.367,162.417105,5.45,77.407,426.97,356017.6283689217,0.012,0
2026-07-16T10:44:13Z,2.312,28.2928,7.47,0.7302,0.0426,0.1692,0.6724,152.36,162.407858,5.6147,78.097,360.32,355969.1890714643,0.011,0
2026-07-16T10:44:13Z,2.314,28.2924,7.47,0.7797,0.0426,0.1692,0.5969,152.34,162.384192,5.7791,78.094,365.53,355843.20074025186,0.011,0
2026-07-16T10:44:13Z,2.317,28.2919,7.38,0.753,0.0426,0.1692,0.7328,152.326,162.367855,5.9217,77.459,446.81,355760.3137928028,0.011,0
2026-07-16T10:44:13Z,2.32,28.2913,7.38,0.7378,0.0426,0.1692,0.6573,152.326,162.366519,6.0256,76.355,358.91,355763.70140009676,0.012,0
2026-07-16T10:44:13Z,2.324,28.2906,7.38,0.7302,0.0426,0.1692,0.5213,152.321,162.359782,6.0793,75.001,361.18,355738.5003567384,0.014,0
2026-07-16T10:44:13Z,2.327,28.2899,7.38,0.7492,0.0426,0.1692,0.5666,152.316,162.353867,6.0791,73.607,420.06,355717.9274136899,0.015,0
2026-07-16T10:44:13Z,2.331,28.2894,7.38,0.7378,0.0426,0.2538,0.6875,152.329,162.367238,6.0298,72.336,366.88,355802.2955099307,0.016,0
2026-07-16T10:44:13Z,2.336,28.2889,7.38,0.7378,0.0426,0.2538,0.612,152.353,162.391436,5.9439,71.306,393.04,355947.6498478508,0.016,0
2026-07-16T10:44:13Z,2.34,28.2884,7.38,0.7607,0.0426,0.2538,0.6875,152.366,162.404852,5.8385,70.564,388.88,356032.3086550546,0.015,0
2026-07-16T10:44:13Z,2.345,28.2881,7.38,0.7263,0.0426,0.2538,0.5364,152.354,162.391019,5.7301,70.06,375.1,355959.85300279234,0.014,0
2026-07-16T10:44:13Z,2.348,28.2879,7.47,0.7454,0.0852,0.1692,0.5364,152.335,162.370301,5.6311,69.702,377.14,355846.81659526046,0.013,0
2026-07-16T10:44:13Z,2.351,28.2877,7.47,0.7988,0.0852,0.1692,0.6422,152.338,162.373253,5.551,69.413,369.2,355867.0762617411,0.012,0
2026-07-16T10:44:13Z,2.354,28.2874,7.47,0.8103,0.0852,0.1692,0.7026,152.356,162.392644,5.4933,69.142,373.88,355981.73840192606,0.01,0
2026-07-16T10:44:13Z,2.356,28.2871,7.47,0.8141,0.0852,0.1692,0.5817,152.366,162.401575,5.4541,68.854,377.88,356037.50163473334,0.01,0
2026-07-16T10:44:13Z,2.358,28.287,7.47,0.7988,0.0852,0.1692,0.6573,152.354,162.386393,5.4262,68.531,358.52,355953.8081539791,0.01,0
2026-07-16T10:44:13Z,2.36,28.287,7.47,0.7645,0.0426,0.2115,0.6724,152.334,162.363091,5.4037,68.177,377.23,355822.5825156959,0.011,0
2026-07-16T10:44:13Z,2.363,28.2868,7.47,0.7645,0.0426,0.2115,0.5817,152.324,162.349511,5.3826,67.817,369.6,355749.75668933796,0.012,0
2026-07-16T10:44:13Z,2.366,28.2864,7.47,0.7492,0.0426,0.2115,0.5817,152.316,162.338021,5.3602,67.508,369.36,355692.34084918565,0.014,0
2026-07-16T10:44:13Z,2.37,28.2857,7.47,0.7492,0.0426,0.2115,0.6271,152.313,162.333574,5.3352,67.307,355.5,355680.0307460004,0.015,0
2026-07-16T10:44:13Z,2.374,28.2848,7.38,0.795,0.0426,0.2115,0.5515,152.338,162.359037,5.3077,67.261,360.32,355839.7629942301,0.017,0
2026-07-16T10:44:13Z,2.379,28.2839,7.38,0.8332,0.0426,0.2115,0.612,152.375,162.397148,5.2797,67.422,379.78,356070.79373960407,0.017,0
2026-07-16T10:44:13Z,2.384,28.2832,7.38,0.8065,0.0426,0.2115,0.5364,152.388,162.409962,5.2557,67.809,352.81,356155.7287029056,0.017,0
2026-07-16T10:44:13Z,2.389,28.2827,7.38,0.795,0.0426,0.2115,0.6422,152.381,162.400898,5.2402,68.383,377.64,356113.75966111873,0.016,0
2026-07-16T10:44:13Z,2.393,28.2824,7.47,0.8179,0.0426,0.0846,0.5364,152.378,162.395601,5.2366,69.079,354.65,356089.37557281373,0.015,0
2026-07-16T10:44:13Z,2.397,28.2819,7.47,0.8141,0.0426,0.0846,0.6724,152.38,162.396666,5.2492,69.803,353.19,356104.4760452582,0.013,0
2026-07-16T10:44:13Z,2.4,28.2813,7.47,0.8065,0.0426,0.0846,0.6271,152.374,162.388343,5.2794,70.422,348.08,356068.50446023216,0.012,0
2026-07-16T10:44:13Z,2.403,28.2807,7.47,0.8141,0.0426,0.0846,0.6271,152.358,162.368411,5.3241,70.835,347.18,355967.1375764776,0.011,0
2026-07-16T10:44:13Z,2.405,28.2803,7.47,0.8293,0.0426,0.0846,0.7479,152.332,162.339572,5.3784,71.001,371.94,355811.9860563566,0.011,0
2026-07-16T10:44:13Z,2.407,28.2798,7.38,0.8255,0.0426,0.1692,0.6422,152.302,162.306164,5.4347,70.949,357.9,355632.9678165164,0.012,0
2026-07-16T10:44:13Z,2.41,28.2791,7.38,0.795,0.0426,0.1692,0.5817,152.289,162.291346,5.483,70.773,350.28,355562.2731660438,0.013,0
2026-07-16T10:44:13Z,2.413,28.2784,7.38,0.8141,0.0426,0.1692,0.612,152.303,162.307204,5.5152,70.584,377.23,355664.27375296183,0.015,0
2026-07-16T10:44:13Z,2.418,28.2778,7.38,0.8026,0.0426,0.1692,0.612,152.327,162.333912,5.5282,70.467,338.9,355825.5787617904,0.017,0
2026-07-16T10:44:13Z,2.423,28.2774,7.47,0.8332,0.0426,0.1269,0.7479,152.349,162.35855,5.5242000000000004,70.489,361.89,355971.63151366345,0.018,0
2026-07-16T10:44:13Z,2.429,28.2772,7.47,0.8217,0.0426,0.1269,0.6422,152.369,162.379669,5.5106,70.657,345.82,356094.25383723015,0.018,0
2026-07-16T10:44:13Z,2.434,28.2774,7.47,0.7874,0.0426,0.1269,0.5817,152.374,162.382858,5.4958,70.882,344.7,356108.57988094125,0.017,0
2026-07-16T10:44:13Z,2.438,28.2778,7.47,0.8103,0.0426,0.1269,0.5817,152.367,162.372975,5.4867,71.044,349.07,356045.6130239141,0.016,0
2026-07-16T10:44:13Z,2.441,28.2782,7.38,0.8217,0.0852,0.1692,0.5062,152.367,162.371439,5.4883,71.065,344.7,356029.6780730086,0.014,0
2026-07-16T10:44:13Z,2.444,28.278,7.38,0.8217,0.0852,0.1692,0.5213,152.37,162.373829,5.5014,70.933,343.58,356046.78227857564,0.013,0
2026-07-16T10:44:13Z,2.447,28.2775,7.38,0.795,0.0852,0.1692,0.6422,152.366,162.368758,5.519,70.689,346.35,356027.31173242285,0.012,0
2026-07-16T10:44:13Z,2.45,28.2769,7.38,0.753,0.0852,0.1692,0.5817,152.364,162.366899,5.5316,70.382,332.05,356027.7577191371,0.011,0
2026-07-16T10:44:13Z,2.452,28.2764,7.47,0.7759,0.0852,0.0846,0.5515,152.368,162.371766,5.5333,70.056,354.27,356064.2789062617,0.011,0
2026-07-16T10:44:13Z,2.455,28.276,7.47,0.7645,0.0852,0.0846,0.5817,152.372,162.376638,5.5231,69.756,345.3,356099.0108384673,0.011,0
2026-07-16T10:44:13Z,2.458,28.2758,7.47,0.7454,0.0852,0.0846,0.5515,152.378,162.382815,5.5042,69.507,344.32,356137.45834953635,0.013,0
2026-07-16T10:44:13Z,2.461,28.2758,7.47,0.7569,0.0852,0.0846,0.5817,152.387,162.391944,5.4803,69.288,340.97,356188.9029398953,0.014,0
2026-07-16T10:44:13Z,2.464,28.276,7.47,0.7454,0.0852,0.0846,0.7177,152.402,162.406459,5.4549,69.058,348.77,356267.0662255457,0.016,0
2026-07-16T10:44:13Z,2.469,28.2762,7.47,0.7569,0.0426,0.1692,0.7177,152.412,162.414197,5.4315,68.779,346.8,356307.037861508,0.018,0
2026-07-16T10:44:13Z,2.474,28.2762,7.47,0.7492,0.0426,0.1692,0.5515,152.407,162.405192,5.412,68.436,339.2,356256.27947797027,0.019,0
2026-07-16T10:44:13Z,2.48,28.2759,7.47,0.7721,0.0426,0.1692,0.6271,152.395,162.389071,5.395,68.031,348.39,356170.8847670263,0.019,0
2026-07-16T10:44:13Z,2.485,28.2753,7.47,0.8141,0.0426,0.1692,0.6875,152.384,162.373561,5.3771,67.567,333.14,356094.4058525556,0.018,0
2026-07-16T10:44:13Z,2.49,28.2744,7.47,0.8255,0.0426,0.2115,0.7177,152.377,162.362543,5.3555,67.039,333.64,356048.7046938132,0.016,0
2026-07-16T10:44:13Z,2.494,28.2733,7.47,0.8141,0.0426,0.2115,0.5213,152.376,162.357088,5.3289,66.467,344.7,356037.9894932937,0.014,0
2026-07-16T10:44:13Z,2.497,28.2722,7.47,0.795,0.0426,0.2115,0.6422,152.37,162.347723,5.2975,65.902,344.47,356005.2437652652,0.011,0
2026-07-16T10:44:13Z,2.499,28.271,7.47,0.8026,0.0426,0.2115,0.5515,152.35,162.323934,5.2615,65.401,354.96,355893.0576449186,0.009,0
2026-07-16T10:44:13Z,2.501,28.2698,7.47,0.8065,0.0426,0.0846,0.6422,152.337,162.307437,5.2205,65.019,342.09,355821.96038861736,0.008,0
2026-07-16T10:44:13Z,2.503,28.2685,7.47,0.8103,0.0426,0.0846,0.5817,152.348,162.317886,5.1761,64.795,331.33,355904.4741517462,0.007,0
2026-07-16T10:44:13Z,2.504,28.2674,7.47,0.7874,0.0426,0.0846,0.7479,152.364,162.334015,5.1321,64.737,359.93,356015.3687887378,0.007,0
2026-07-16T10:44:13Z,2.506,28.2665,7.47,0.8141,0.0426,0.0846,0.6724,152.375,162.344091,5.0932,64.826,332.05,356088.5335825418,0.008,0
2026-07-16T10:44:13Z,2.508,28.2658,7.47,0.8484,0.0426,0.0846,0.5666,152.383,162.350798,5.0635,65.028,341.19,356139.0790811892,0.01,0
2026-07-16T10:44:13Z,2.51,28.2653,7.47,0.8065,0.0852,0.1269,0.612,152.382,162.347909,5.0461,65.297,357.51,356131.8996209101,0.011,0
2026-07-16T10:44:13Z,2.513,28.2649,7.47,0.8293,0.0852,0.1269,0.6422,152.375,162.338663,5.0416,65.574,339.27,356087.0703441891,0.013,0
2026-07-16T10:44:13Z,2.517,28.2645,7.47,0.8103,0.0852,0.1269,0.7026,152.369,162.32861,5.0486,65.802,350.06,356037.69559768273,0.015,0
2026-07-16T10:44:13Z,2.521,28.2641,7.47,0.795,0.0852,0.1269,0.5515,152.372,162.327096,5.0644,65.951,334.51,356036.4438224251,0.016,0
2026-07-16T10:44:13Z,2.526,28.2635,7.38,0.795,0.0426,0.2115,0.6271,152.39,162.341735,5.0854,66.01,360.48,356129.87147580035,0.016,0
2026-07-16T10:44:13Z,2.531,28.2626,7.38,0.8065,0.0426,0.2115,0.5817,152.416,162.364405,5.1071,65.958,340.53,356274.05777998304,0.016,0
2026-07-16T10:44:13Z,2.535,28.2615,7.38,0.8065,0.0426,0.2115,0.6573,152.434,162.377096,5.1249,65.775,336.48,356365.6556885515,0.015,0
2026-07-16T10:44:13Z,2.538,28.2601,7.38,0.8293,0.0426,0.2115,0.6724,152.422,162.35914,5.1366,65.479,341.42,356289.91442250577,0.014,0
2026-07-16T10:44:13Z,2.541,28.2585,7.38,0.8179,0.0426,0.1692,0.5515,152.398,162.329801,5.1414,65.108,352.04,356153.6489013936,0.013,0
2026-07-16T10:44:13Z,2.544,28.2566,7.38,0.7912,0.0426,0.1692,0.6875,152.4,162.329361,5.1375,64.702,342.38,356185.7718839387,0.013,0
2026-07-16T10:44:13Z,2.547,28.2547,7.38,0.8141,0.0426,0.1692,0.5817,152.422,162.349685,5.1234,64.313,343.28,356334.9847416698,0.014,0
2026-07-16T10:44:13Z,2.551,28.2531,7.38,0.8141,0.0426,0.1692,0.5213,152.429,162.356105,5.1005,64.024,341.57,356400.3501804561,0.015,0
2026-07-16T10:44:13Z,2.554,28.2518,7.38,0.8065,0.0426,0.1692,0.5817,152.424,162.350332,5.0717,63.941,344.32,356391.48104908236,0.017,0
2026-07-16T10:44:13Z,2.559,28.2509,7.38,0.8065,0.0426,0.2961,0.5515,152.42,162.346862,5.0402,64.171,343.58,356388.31093348004,0.02,0
2026-07-16T10:44:13Z,2.564,28.2501,7.38,0.837,0.0426,0.2961,0.5969,152.42,162.34878,5.0099,64.824,333.72,356413.70890886814,0.021,0
2026-07-16T10:44:13Z,2.57,28.2496,7.38,0.8103,0.0426,0.2961,0.7328,152.43,162.360604,4.9874,66.002,347.56,356489.52245316305,0.022,0
2026-07-16T10:44:13Z,2.577,28.2495,7.38,0.8065,0.0426,0.2961,0.5817,152.447,162.377471,4.981,67.696,338.9,356586.50723938306,0.022,0
2026-07-16T10:44:13Z,2.584,28.2498,7.47,0.8141,0.0852,0.2538,0.6875,152.46,162.387844,4.9989,69.697,324.84,356639.5658194183,0.021,0
2026-07-16T10:44:13Z,2.589,28.2504,7.47,0.8713,0.0852,0.2538,0.5817,152.455,162.378453,5.0498,71.656,333.14,356575.6318653857,0.018,0
2026-07-16T10:44:13Z,2.593,28.2507,7.47,0.8713,0.0852,0.2538,0.6724,152.428,162.346793,5.1415,73.25,339.72,356391.55554991507,0.015,0
2026-07-16T10:44:13Z,2.596,28.2502,7.47,0.9056,0.0852,0.2538,0.6422,152.398,162.312484,5.2735,74.268,335.68,356207.17632787785,0.012,0
2026-07-16T10:44:13Z,2.599,28.2491,7.38,0.8713,0.0426,0.1692,0.5666,152.386,162.298445,5.4295,74.606,334.59,356148.05326279224,0.01,0
2026-07-16T10:44:13Z,2.601,28.2478,7.38,0.856,0.0426,0.1692,0.5817,152.396,162.308951,5.5822,74.262,332.99,356230.9747563421,0.008,0
2026-07-16T10:44:13Z,2.602,28.2467,7.38,0.856,0.0426,0.1692,0.5213,152.408,162.322752,5.7065,73.33,341.79,356328.8524439264,0.006,0
2026-07-16T10:44:13Z,2.603,28.246,7.38,0.8866,0.0426,0.1692,0.6573,152.413,162.327492,5.7858,71.985,335.61,356368.3458704939,0.005,0
2026-07-16T10:44:13Z,2.604,28.2456,7.38,0.8675,0.0426,0.0846,0.5817,152.426,162.34047,5.8122,70.435,326.19,356448.8481517393,0.004,0
2026-07-16T10:44:13Z,2.605,28.2457,7.38,0.8522,0.0426,0.0846,0.5515,152.447,162.361139,5.7854,68.866,315.38,356563.64193282573,0.004,0
2026-07-16T10:44:13Z,2.606,28.2459,7.38,0.8675,0.0426,0.0846,0.6875,152.454,162.366948,5.7127,67.405,366.64,356592.7733304004,0.004,0
2026-07-16T10:44:13Z,2.607,28.2458,7.38,0.8599,0.0426,0.0846,0.5817,152.441,162.351429,5.608,66.129,333.21,356507.0299390256,0.005,0
2026-07-16T10:44:13Z,2.609,28.2455,7.38,0.8713,0.0426,0.0846,0.5666,152.43,162.338505,5.4873,65.079,322.24,356439.58418196806,0.006,0
2026-07-16T10:44:13Z,2.61,28.2449,7.47,0.856,0.0426,0.1692,0.6724,152.433,162.340765,5.3651,64.263,345.67,356463.27212043613,0.007,0
2026-07-16T10:44:13Z,2.612,28.2442,7.47,0.8942,0.0426,0.1692,0.5969,152.432,162.338767,5.2513,63.679,342.09,356464.7614474909,0.008,0
2026-07-16T10:44:13Z,2.614,28.2437,7.47,0.8637,0.0426,0.1692,0.5969,152.419,162.32396,5.152,63.313,331.12,356390.340893239,0.009,0
2026-07-16T10:44:13Z,2.617,28.2434,7.47,0.8713,0.0426,0.1692,0.6422,152.387,162.288389,5.0702,63.138,343.2,356195.175047959,0.011,0
2026-07-16T10:44:13Z,2.62,28.2431,7.47,0.8713,0.0426,0.1692,0.5515,152.326,162.222565,5.0067,63.122,332.49,355829.5446228956,0.013,0
2026-07-16T10:44:13Z,2.623,28.2429,7.47,0.8713,0.0426,0.1692,0.7026,152.232,162.120964,4.9612,63.229,341.19,355260.8470384007,0.015,0
2026-07-16T10:44:13Z,2.628,28.2426,7.47,0.8942,0.0426,0.1692,0.7177,152.087,161.964509,4.9327,63.427,333.35,354386.04432015924,0.016,0
2026-07-16T10:44:13Z,2.632,28.2422,7.47,0.8866,0.0426,0.1692,0.5817,151.863,161.723504,4.9191,63.693,326.05,353039.9241592029,0.016,0
2026-07-16T10:44:13Z,2.637,28.2417,7.38,0.8789,0.0426,0.0846,0.5969,151.503,161.337692,4.9179,63.999,344.1,350888.939828621,0.016,0
2026-07-16T10:44:13Z,2.641,28.2411,7.38,0.8789,0.0426,0.0846,0.6875,150.89,160.684143,4.9262,64.296,318.21,347259.0851325379,0.016,0
2026-07-16T10:44:13Z,2.645,28.2405,7.38,0.8827,0.0426,0.0846,0.5515,149.834,159.560516,4.9417,64.538,324.84,341064.4641878503,0.015,0
2026-07-16T10:44:13Z,2.649,28.2396,7.38,0.898,0.0426,0.0846,0.5364,148.047,157.659161,4.9625,64.706,345.97,330734.60770561633,0.013,0
2026-07-16T10:44:13Z,2.652,28.2388,7.38,0.8827,0.0426,0.0846,0.3854,145.066,154.485076,4.9865,64.808,323.58,313908.4477760355,0.013,0
2026-07-16T10:44:13Z,2.654,28.2385,7.38,0.8866,0.0426,0.2115,0.2947,140.106,149.203864,5.0097,64.869,315.66,287075.8930425145,0.012,0
2026-07-16T10:44:13Z,2.657,28.2388,7.38,0.8942,0.0426,0.2115,0.3098,131.853,140.41522,5.0285,64.934,347.4,245614.76143275652,0.012,0
2026-07-16T10:44:13Z,2.66,28.2391,7.38,0.9018,0.0426,0.2115,0.3854,118.112,125.783523,5.0416,65.033,323.22,185143.5076546415,0.013,0
2026-07-16T10:44:13Z,2.663,28.2392,7.38,0.8789,0.0426,0.2115,0.5515,95.224,101.410996,5.0494,65.163,326.19,106551.55274963807,0.013,0
2026-07-16T10:44:13Z,2.667,28.2391,7.47,0.8789,0.0426,0.2538,0.6422,57.083,60.798299,5.0542,65.3,326.19,28949.80302495964,0.014,0
2026-07-16T10:44:13Z,2.671,28.2388,7.47,0.8713,0.0426,0.2538,0.5364,-6.486,-6.888631,5.0593,65.441,320.5,NA,0.014,0
2026-07-16T10:44:13Z,2.675,28.2384,7.47,0.8942,0.0426,0.2538,0.5969,-112.427,-119.691624,5.0671,65.592,326.61,NA,0.013,0
2026-07-16T10:44:13Z,2.679,28.2378,7.47,0.8675,0.0426,0.2538,0.5817,-288.977,-307.675442,5.0773,65.742,313.06,NA,0.013,0
2026-07-16T10:44:13Z,2.682,28.237,7.47,0.8942,0.0426,0.2538,0.612,-399.311,-425.156346,5.0881,65.861,322.73,NA,0.012,0
2026-07-16T10:44:13Z,2.684,28.2363,7.47,0.8904,0.0426,0.2538,0.612,-288.955,-307.657836,5.0992,65.931,329.39,NA,0.011,0
2026-07-16T10:44:13Z,2.687,28.2358,7.47,0.8522,0.0426,0.2538,0.5969,-112.397,-119.67176,5.1111,65.96,316.41,NA,0.011,0
2026-07-16T10:44:13Z,2.689,28.2352,7.47,0.8827,0.0426,0.2538,0.5364,-6.469,-6.889276,5.1229,65.973,322.1,NA,0.012,0
2026-07-16T10:44:13Z,2.692,28.2344,7.47,0.8789,0.0426,0.1269,0.6724,57.078,60.768955,5.1324,65.999,322.87,28921.257773199733,0.013,0
2026-07-16T10:44:13Z,2.696,28.2332,7.47,0.8713,0.0426,0.1269,0.5817,95.206,101.361164,5.1378,66.086,325.27,106449.80704662729,0.014,0
2026-07-16T10:44:13Z,2.699,28.2318,7.47,0.8942,0.0426,0.1269,0.6422,118.09,125.723964,5.1401,66.311,317.1,184987.27644149755,0.016,0
2026-07-16T10:44:13Z,2.703,28.2304,7.47,0.8942,0.0426,0.1269,0.612,131.828,140.350093,5.1411,66.777,319.94,245427.4282186252,0.017,0
2026-07-16T10:44:13Z,2.708,28.2291,7.47,0.8827,0.0426,0.1269,0.5969,140.078,149.135844,5.1432,67.591,311.1,286877.50904906413,0.019,0
2026-07-16T10:44:13Z,2.713,28.2277,7.38,0.8904,0.0426,0.0846,0.6573,145.028,154.408049,5.1501,68.824,315.66,313684.39190693264,0.019,0
2026-07-16T10:44:13Z,2.719,28.2266,7.38,0.8827,0.0426,0.0846,0.5213,147.986,157.556593,5.1677,70.4,318.48,330401.5902438643,0.019,0
2026-07-16T10:44:13Z,2.725,28.2261,7.38,0.8789,0.0426,0.0846,0.5515,149.757,159.441133,5.2041,72.09,308.4,340659.9447783652,0.019,0
2026-07-16T10:44:13Z,2.73,28.2266,7.38,0.8713,0.0426,0.0846,0.5969,150.83,160.584257,5.2675,73.647,329.75,346961.90299379744,0.017,0
2026-07-16T10:44:13Z,2.734,28.2271,7.47,0.8713,0.0426,0.1692,0.6422,151.485,161.28278,5.3635,74.875,310.02,350844.04170176655,0.015,0
2026-07-16T10:44:13Z,2.737,28.227,7.47,0.8713,0.0426,0.1692,0.4911,151.884,161.706939,5.4863,75.611,304.81,353221.5058233661,0.013,0
2026-07-16T10:44:13Z,2.739,28.2267,7.47,0.8522,0.0426,0.1692,0.5817,152.116,161.953808,5.6181,75.757,323.51,354614.145532097,0.012,0
2026-07-16T10:44:13Z,2.742,28.2268,7.47,0.8713,0.0426,0.1692,0.5817,152.248,162.093229,5.7394,75.332,318.62,355397.2366928247,0.011,0
2026-07-16T10:44:13Z,2.745,28.227,7.47,0.8942,0.0852,0.1269,0.5364,152.333,162.182423,5.8351,74.471,315.66,355896.29059628956,0.011,0
2026-07-16T10:44:13Z,2.747,28.2271,7.47,0.8866,0.0852,0.1269,0.5666,152.393,162.245176,5.8924,73.383,321.19,356248.39906404197,0.012,0
2026-07-16T10:44:13Z,2.75,28.2269,7.47,0.8789,0.0852,0.1269,0.6724,152.436,162.290204,5.9038,72.284,304.87,356506.13818827,0.013,0
2026-07-16T10:44:13Z,2.753,28.2266,7.47,0.8675,0.0852,0.1269,0.5062,152.463,162.317488,5.8708,71.33,314.15,356665.62987513613,0.014,0
2026-07-16T10:44:13Z,2.756,28.2262,7.47,0.8446,0.0852,0.1269,0.5666,152.462,162.314261,5.8037,70.615,321.75,356654.7084508564,0.016,0
2026-07-16T10:44:13Z,2.761,28.2259,7.38,0.8904,0.0852,0.3807,0.6271,152.441,162.291687,5.7189,70.182,309.41,356532.74461154174,0.018,0
2026-07-16T10:44:13Z,2.766,28.2254,7.38,0.8789,0.0852,0.3807,0.8235,152.423,162.271808,5.6333,70.032,323.65,356429.66118236864,0.019,0
2026-07-16T10:44:13Z,2.772,28.2249,7.38,0.8713,0.0852,0.3807,0.8083,152.415,162.261351,5.559,70.127,312.25,356379.7620812168,0.019,0
2026-07-16T10:44:13Z,2.778,28.2243,7.38,0.9133,0.0852,0.3807,0.899,152.413,162.257525,5.5033,70.398,307.47,356369.1087343001,0.018,0
2026-07-16T10:44:13Z,2.782,28.224,7.47,0.8599,0.0426,0.1269,0.8537,152.406,162.247285,5.4696,70.734,325.83,356316.7919235711,0.017,0
2026-07-16T10:44:13Z,2.786,28.2238,7.47,0.8675,0.0426,0.1269,0.5666,152.397,162.235917,5.4579,70.992,324.84,356256.2923552872,0.016,0
2026-07-16T10:44:13Z,2.79,28.2234,7.47,0.8751,0.0426,0.1269,0.6875,152.41,162.248451,5.4654,71.049,308.87,356334.3072786313,0.014,0
2026-07-16T10:44:13Z,2.793,28.2228,7.47,0.8637,0.0426,0.1269,0.6573,152.441,162.280212,5.4866,70.836,319.25,356524.505618474,0.013,0
2026-07-16T10:44:13Z,2.796,28.2221,7.38,0.8827,0.0426,0.0846,0.612,152.465,162.303589,5.5128,70.357,334.51,356669.2542673773,0.012,0
2026-07-16T10:44:13Z,2.799,28.2214,7.38,0.9438,0.0426,0.0846,0.899,152.476,162.312792,5.533,69.675,310.15,356733.9953173571,0.012,0
2026-07-16T10:44:13Z,2.802,28.2209,7.38,0.9514,0.0426,0.0846,0.8688,152.48,162.314282,5.5375,68.909,308.67,356751.5351468286,0.012,0
2026-07-16T10:44:13Z,2.804,28.2203,7.38,0.9438,0.0426,0.0846,0.8235,152.476,162.304449,5.521,68.239,329.61,356706.9567801207,0.013,0
2026-07-16T10:44:13Z,2.807,28.2197,7.47,0.94,0.0426,0.1269,0.899,152.462,162.284678,5.4836,67.896,312.38,356606.2674463836,0.015,0
2026-07-16T10:44:13Z,2.811,28.2189,7.47,0.9247,0.0426,0.1269,0.899,152.455,162.273749,5.4306,68.135,320.01,356559.15794760693,0.016,0
2026-07-16T10:44:13Z,2.816,28.2178,7.47,0.9362,0.0426,0.1269,0.7781,152.459,162.276765,5.371,69.144,334.22,356596.25345725013,0.016,0
2026-07-16T10:44:13Z,2.821,28.2161,7.47,0.9438,0.0426,0.1269,0.8688,152.467,162.282504,5.3189,70.875,324.07,356659.6783528237,0.016,0
2026-07-16T10:44:13Z,2.826,28.2143,7.47,0.9438,0.0426,0.1269,0.8688,152.488,162.300514,5.2923,72.96,304.81,356794.24809180707,0.014,0
2026-07-16T10:44:13Z,2.83,28.2133,7.47,0.9629,0.0426,0.2961,0.7932,152.52,162.331589,5.311,74.909,319.25,356988.0668602753,0.011,0
2026-07-16T10:44:13Z,2.833,28.2129,7.47,0.9476,0.0426,0.2961,0.5515,152.541,162.351944,5.3897,76.364,333.93,357110.402013805,0.008,0
2026-07-16T10:44:13Z,2.834,28.212,7.47,0.959,0.0426,0.2961,0.5969,152.55,162.358991,5.5248,77.161,300.99,357166.67907922104,0.005,0
2026-07-16T10:44:13Z,2.834,28.2107,7.47,0.9133,0.0426,0.2961,0.612,152.551,162.358617,5.6874,77.275,320.57,357188.32555918524,0.003,0
2026-07-16T10:44:13Z,2.834,28.2096,7.38,0.9552,0.0852,0.2538,0.612,152.552,162.358741,5.8395,76.768,321.54,357209.13314048917,0.002,0
2026-07-16T10:44:13Z,2.834,28.2089,7.38,0.9323,0.0852,0.2538,0.6271,152.563,162.37142,5.953,75.759,327.25,357293.61091418564,0.002,0
2026-07-16T10:44:13Z,2.834,28.2083,7.38,0.959,0.0852,0.2538,0.6573,152.574,162.384002,6.0152,74.445,326.4,357375.72586724843,0.002,0
2026-07-16T10:44:13Z,2.835,28.2078,7.38,0.959,0.0852,0.2538,0.6724,152.566,162.375788,6.0242000000000004,73.056,324.35,357338.42199385515,0.004,0
2026-07-16T10:44:13Z,2.836,28.2076,7.47,0.9209,0.0426,0.1692,0.612,152.537,162.344589,5.9847,71.783,336.19,357165.6891839061,0.006,0
2026-07-16T10:44:13Z,2.837,28.2077,7.47,0.9285,0.0426,0.1692,0.7932,152.506,162.310146,5.906,70.735,335.97,356969.1934346793,0.008,0
2026-07-16T10:44:13Z,2.839,28.208,7.47,0.9362,0.0426,0.1692,0.7932,152.487,162.287327,5.8035,69.983,319.8,356834.78000688436,0.011,0
2026-07-16T10:44:13Z,2.842,28.2081,7.47,0.94,0.0426,0.1692,0.8386,152.477,162.274056,5.6952,69.568,327.82,356757.9819165132,0.013,0
2026-07-16T10:44:13Z,2.847,28.208,7.47,0.9133,0.0426,0.1692,0.8537,152.475,162.266794,5.5959,69.468,319.52,356718.7855302509,0.015,0
2026-07-16T10:44:13Z,2.852,28.2075,7.47,0.9247,0.0426,0.1692,0.8386,152.476,162.259596,5.5143,69.583,311.1,356687.2539336429,0.017,0
2026-07-16T10:44:13Z,2.857,28.2069,7.47,0.9362,0.0426,0.1692,0.8537,152.476,162.250542,5.4557,69.786,320.08,356647.06593487057,0.017,0
2026-07-16T10:44:13Z,2.862,28.2061,7.47,0.9056,0.0426,0.1692,0.899,152.48,162.245233,5.4235,69.962,316.28,356631.68076648336,0.017,0
2026-07-16T10:44:13Z,2.866,28.2044,7.47,0.94,0.0426,0.1692,0.8688,152.496,162.254281,5.4159,70.038,327.39,356713.8155365137,0.016,0
2026-07-16T10:44:13Z,2.87,28.2017,7.38,0.9819,0.0426,0.3384,0.8688,152.519,162.272078,5.4251,69.989,314.49,356863.66358891776,0.015,0
2026-07-16T10:44:13Z,2.873,28.1986,7.38,0.9514,0.0426,0.3384,0.8688,152.523,162.271302,5.4412,69.817,330.04,356915.9004210521,0.015,0
2026-07-16T10:44:13Z,2.876,28.1956,7.38,0.9896,0.0426,0.3384,0.7932,152.509,162.251744,5.4552,69.565,317.79,356860.1691643477,0.015,0
2026-07-16T10:44:13Z,2.88,28.1928,7.38,1.001,0.0426,0.3384,0.8688,152.491,162.228233,5.4615,69.32,316.41,356778.44500078127,0.016,0
2026-07-16T10:44:13Z,2.884,28.1906,7.47,0.9285,0.0852,0.2538,0.9292,152.479,162.210536,5.4578,69.193,332.49,356718.6179734533,0.018,0
2026-07-16T10:44:13Z,2.888,28.1889,7.47,0.9209,0.0852,0.2538,0.8083,152.48,162.205958,5.4445,69.315,316.34,356723.7895553111,0.021,0
2026-07-16T10:44:13Z,2.893,28.1873,7.47,0.94,0.0852,0.2538,0.9443,152.488,162.209269,5.425,69.845,326.05,356771.71699368744,0.023,0
2026-07-16T10:44:13Z,2.9,28.1859,7.47,0.9133,0.0852,0.2538,0.7932,152.5,162.221352,5.4061,70.918,310.83,356865.57863039774,0.026,0
2026-07-16T10:44:13Z,2.907,28.1844,7.47,0.9819,0.0852,0.2538,1.1256,152.515,162.237412,5.3963,72.498,319.87,356983.77161138057,0.028,0
2026-07-16T10:44:13Z,2.916,28.1827,7.47,0.9781,0.0426,0.2538,1.2162,152.524,162.245696,5.406,74.287,303.81,357061.67925916234,0.028,0
2026-07-16T10:44:13Z,2.925,28.181,7.47,1.0086,0.0426,0.2538,1.0349,152.526,162.244404,5.4475,75.858,309.14,357085.44656988146,0.027,0
2026-07-16T10:44:13Z,2.932,28.1805,7.47,1.001,0.0426,0.2538,1.0652,152.527,162.241211,5.5312,76.872,293.94,357076.52789182664,0.025,0
2026-07-16T10:44:13Z,2.938,28.1808,7.47,1.0163,0.0426,0.2538,0.8688,152.531,162.24328,5.6544,77.166,313.06,357082.74203936424,0.023,0
2026-07-16T10:44:13Z,2.943,28.1804,7.47,1.001,0.0426,0.2115,0.899,152.53,162.239137,5.794,76.735,314.15,357066.6236910221,0.02,0
2026-07-16T10:44:13Z,2.947,28.1791,7.47,1.0163,0.0426,0.2115,0.8235,152.513,162.219661,5.9167,75.686,285.51,356980.2539228964,0.017,0
2026-07-16T10:44:13Z,2.951,28.1778,7.47,1.001,0.0426,0.2115,0.8083,152.489,162.191682,5.9959,74.198,318.76,356845.8215057536,0.015,0
2026-07-16T10:44:13Z,2.954,28.1769,7.47,1.001,0.0426,0.2115,0.9896,152.473,162.173799,6.0189,72.497,303.02,356761.17227137875,0.013,0
2026-07-16T10:44:13Z,2.957,28.1761,7.47,0.9896,0.0426,0.1269,0.8537,152.472,162.171262,5.9854,70.84,303.95,356761.44329849945,0.013,0
2026-07-16T10:44:13Z,2.959,28.1753,7.47,1.001,0.0426,0.1269,0.8386,152.471,162.169366,5.9037,69.446,307.4,356765.3379522615,0.014,0
2026-07-16T10:44:13Z,2.963,28.1747,7.47,1.001,0.0426,0.1269,0.899,152.472,162.16961,5.7876,68.461,314.29,356777.6760629435,0.015,0
2026-07-16T10:44:13Z,2.967,28.1743,7.47,1.001,0.0426,0.1269,0.8688,152.469,162.168048,5.655,67.981,294.45,356776.1516814788,0.016,0
2026-07-16T10:44:13Z,2.972,28.174,7.47,1.0048,0.0852,0.1692,0.8688,152.46,162.160256,5.5258,68.057,296.25,356737.5838790686,0.017,0
2026-07-16T10:44:13Z,2.977,28.1737,7.47,1.001,0.0852,0.1692,0.899,152.46,162.160191,5.4171,68.662,305.93,356742.6939799047,0.018,0
2026-07-16T10:44:13Z,2.982,28.1735,7.47,1.001,0.0852,0.1692,0.8386,152.468,162.167837,5.3403,69.666,298.51,356789.56736389006,0.018,0
2026-07-16T10:44:13Z,2.987,28.1739,7.47,0.9972,0.0852,0.1692,0.899,152.47,162.169196,5.3028,70.872,291.4,356789.94146790716,0.017,0
2026-07-16T10:44:13Z,2.991,28.1744,7.47,1.0124,0.0852,0.1692,0.899,152.458,162.156613,5.3087,72.062,298.32,356709.68021143536,0.016,0
2026-07-16T10:44:13Z,2.995,28.1745,7.65,1.0048,0.0426,0.2115,0.9745,152.443,162.138761,5.3558,73.014,303.88,356606.9583123326,0.015,0
2026-07-16T10:44:13Z,2.998,28.1743,7.65,0.9934,0.0426,0.2115,0.8688,152.441,162.132926,5.4342,73.548,288.06,356577.63469343464,0.015,0
2026-07-16T10:44:13Z,3.002,28.1742,7.65,1.001,0.0426,0.2115,0.899,152.456,162.143566,5.5283,73.586,287.06,356639.58858396363,0.016,0
2026-07-16T10:44:13Z,3.006,28.174,7.65,0.9781,0.0426,0.2115,0.7932,152.481,162.163495,5.6212,73.165,290.07,356755.88164785947,0.018,0
2026-07-16T10:44:13Z,3.01,28.1733,7.65,0.9857,0.0852,0.2538,0.7781,152.5,162.175979,5.6955,72.422,284.52,356839.2416713254,0.02,0
2026-07-16T10:44:13Z,3.015,28.1722,7.65,1.0277,0.0852,0.2538,0.8688,152.509,162.174325,5.7372,71.561,301.64,356849.9869502265,0.023,0
2026-07-16T10:44:13Z,3.021,28.1705,7.65,1.0086,0.0852,0.2538,0.7932,152.521,162.176131,5.7403,70.825,283.65,356891.2595556291,0.026,0
2026-07-16T10:44:13Z,3.028,28.1683,7.65,0.9857,0.0852,0.2538,0.8386,152.537,162.183881,5.7077,70.464,286.25,356975.2905621531,0.028,0
2026-07-16T10:44:13Z,3.037,28.1655,7.74,0.9972,0.0852,0.2115,0.899,152.543,162.181603,5.65,70.641,288,357013.58816833,0.028,0
2026-07-16T10:44:13Z,3.046,28.1621,7.74,0.9514,0.0852,0.2115,0.7932,152.535,162.160671,5.5832,71.314,274.79,356957.3456713297,0.027,0
2026-07-16T10:44:13Z,3.053,28.1585,7.74,1.043,0.0852,0.2115,0.8083,152.52,162.131539,5.5261,72.245,270.82,356858.37858678953,0.025,0
2026-07-16T10:44:13Z,3.059,28.1555,7.74,1.0697,0.0852,0.2115,0.8083,152.513,162.112493,5.4983,73.142,282.36,356805.48739228566,0.021,0
2026-07-16T10:44:13Z,3.064,28.1524,7.74,1.0697,0.0852,0.2115,0.7781,152.513,162.104467,5.5124,73.767,274.02,356816.74479906476,0.018,0
2026-07-16T10:44:13Z,3.067,28.1484,7.83,1.0582,0.0426,0.1692,0.8083,152.515,162.101311,5.5653,73.978,267.02,356871.9999046285,0.014,0
2026-07-16T10:44:13Z,3.07,28.1441,7.83,1.0506,0.0426,0.1692,0.8235,152.526,162.108197,5.6384,73.725,283.59,356989.5719790282,0.011,0
2026-07-16T10:44:13Z,3.072,28.1404,7.83,1.0506,0.0426,0.1692,0.7177,152.539,162.118944,5.7087,73.032,282.18,357118.0633080726,0.009,0
2026-07-16T10:44:13Z,3.074,28.1378,7.83,1.043,0.0426,0.1692,0.763,152.542,162.120383,5.7578,71.986,270.12,357173.77641244984,0.008,0
2026-07-16T10:44:13Z,3.076,28.1359,7.83,1.0277,0.0852,0.2115,0.899,152.542,162.11891,5.7745,70.726,279.31,357200.2039189496,0.007,0
2026-07-16T10:44:13Z,3.077,28.1345,7.83,1.0697,0.0852,0.2115,0.8083,152.546,162.12215,5.7549,69.405,281.93,357244.1677363996,0.007,0
2026-07-16T10:44:13Z,3.079,28.1334,7.83,1.0468,0.0852,0.2115,0.899,152.558,162.130967,5.7009,68.134,276.29,357314.22618277976,0.007,0
2026-07-16T10:44:13Z,3.081,28.1328,7.83,1.0659,0.0852,0.2115,0.8083,152.578,162.147712,5.6192,66.978,270.12,357420.04291721503,0.008,0
2026-07-16T10:44:13Z,3.083,28.1325,7.83,1.0468,0.0426,0.2961,0.8083,152.601,162.164825,5.521,65.96,280.71,357522.4706134563,0.009,0
2026-07-16T10:44:13Z,3.085,28.1319,7.83,1.0277,0.0426,0.2961,0.9141,152.615,162.170832,5.4179,65.078,279.55,357567.4907713578,0.01,0
2026-07-16T10:44:13Z,3.088,28.1308,7.83,1.0353,0.0426,0.2961,0.763,152.621,162.167335,5.3187,64.323,274.02,357567.82935005386,0.011,0
2026-07-16T10:44:13Z,3.091,28.1291,7.83,1.0315,0.0426,0.2961,0.9141,152.618,162.153401,5.2286,63.684,270.7,357520.02822517627,0.011,0
2026-07-16T10:44:13Z,3.095,28.1266,7.92,1.062,0.0852,0.2961,0.8083,152.605,162.129324,5.1494,63.132,281.44,357429.4212898606,0.01,0
2026-07-16T10:44:13Z,3.098,28.1237,7.92,0.9857,0.0852,0.2961,0.9292,152.593,162.10672,5.0808,62.632,274.5,357354.48595475295,0.009,0
2026-07-16T10:44:13Z,3.1,28.1205,7.92,0.9857,0.0852,0.2961,0.9141,152.59,162.093593,5.0222,62.167,270.35,357338.7229297425,0.007,0
2026-07-16T10:44:13Z,3.101,28.1171,7.92,0.9781,0.0852,0.2961,0.8537,152.596,162.09045,4.9726,61.733,280.22,357383.1792614397,0.006,0
2026-07-16T10:44:13Z,3.102,28.1136,7.92,0.9934,0.0852,0.2961,0.8083,152.608,162.092444,4.9298,61.345,282.79,357458.58332668146,0.006,0
2026-07-16T10:44:13Z,3.103,28.1104,7.92,0.9743,0.0852,0.2115,0.9745,152.615,162.090085,4.891,61.034,273.01,357503.8396989171,0.006,0
2026-07-16T10:44:13Z,3.104,28.1072,7.92,0.9705,0.0852,0.2115,0.763,152.617,162.080738,4.8549,60.832,271.94,357509.4976474199,0.008,0
2026-07-16T10:44:13Z,3.106,28.1041,7.92,0.9819,0.0852,0.2115,0.8386,152.619,162.071933,4.8213,60.783,284.02,357516.39474220894,0.01,0
2026-07-16T10:44:13Z,3.109,28.1009,7.92,1.0124,0.0852,0.2115,0.8386,152.618,162.063325,4.7913,60.96,277.92,357526.2407783314,0.011,0
2026-07-16T10:44:13Z,3.112,28.0975,7.92,0.9667,0,0.2538,0.8083,152.612,162.052617,4.7673,61.446,270.18,357527.8478349163,0.012,0
2026-07-16T10:44:13Z,3.117,28.0939,7.92,1.0048,0,0.2538,0.8537,152.62,162.054995,4.7519,62.276,278.34,357607.3135672833,0.013,0
2026-07-16T10:44:13Z,3.121,28.0903,7.92,1.0163,0,0.2538,0.7781,152.647,162.0751,4.7483,63.385,275.15,357787.3440018937,0.012,0
2026-07-16T10:44:13Z,3.124,28.0877,7.92,0.9705,0,0.2538,0.7932,152.669,162.090233,4.7624,64.593,272.95,357920.89237066865,0.011,0
2026-07-16T10:44:13Z,3.126,28.086,7.92,1.043,0.0852,0.2115,0.8386,152.672,162.086389,4.8005,65.688,266.68,357930.2755681267,0.009,0
2026-07-16T10:44:13Z,3.128,28.0841,7.92,1.0544,0.0852,0.2115,0.8537,152.662,162.070559,4.8655,66.526,277.98,357875.31985060126,0.008,0
2026-07-16T10:44:13Z,3.129,28.0815,7.92,1.0392,0.0852,0.2115,0.8083,152.655,162.060571,4.9524,67.056,270.23,357866.353601125,0.008,0
2026-07-16T10:44:13Z,3.131,28.0787,7.92,1.0582,0.0852,0.2115,0.7781,152.664,162.067791,5.047,67.285,271.59,357958.70727568795,0.008,0
2026-07-16T10:44:13Z,3.133,28.0763,7.92,1.0239,0.0852,0.2115,0.9292,152.684,162.086129,5.1328,67.262,278.1,358106.85456600715,0.009,0
2026-07-16T10:44:13Z,3.135,28.0748,7.92,1.0277,0.0852,0.2115,0.7479,152.708,162.108446,5.1985,67.085,272.42,358261.1149218583,0.011,0
2026-07-16T10:44:13Z,3.138,28.0739,7.92,1.0468,0.0852,0.2115,0.7328,152.731,162.130673,5.2399,66.894,276.71,358403.8866031663,0.013,0
2026-07-16T10:44:13Z,3.141,28.0731,7.92,1.0582,0.0852,0.2115,0.899,152.746,162.144705,5.2579,66.84,271.94,358498.3002795725,0.014,0
2026-07-16T10:44:13Z,3.145,28.0721,7.92,1.0468,0.0852,0.2115,1.1105,152.75,162.142259,5.2562,67.036,273.36,358502.7862999714,0.015,0
2026-07-16T10:44:13Z,3.15,28.071,7.92,1.0506,0.0426,0.3384,1.1256,152.749,162.126691,5.2424,67.527,273.66,358434.5631053474,0.015,0
2026-07-16T10:44:13Z,3.155,28.0702,7.92,1.0353,0.0426,0.3384,1.1709,152.75,162.109884,5.2276,68.291,275.51,358353.79423646035,0.015,0
2026-07-16T10:44:13Z,3.159,28.0696,7.92,1.0468,0.0426,0.3384,1.0198,152.752,162.095372,5.2234,69.263,259.7,358282.3934374024,0.013,0
2026-07-16T10:44:13Z,3.162,28.0674,7.92,1.0697,0.0426,0.3384,0.8688,152.752,162.085297,5.2389,70.339,267.66,358265.5924010371,0.012,0
2026-07-16T10:44:13Z,3.165,28.0628,7.92,1.0506,0.0426,0.3384,0.899,152.758,162.086992,5.2777,71.395,275.99,358359.74885280046,0.01,0
2026-07-16T10:44:13Z,3.167,28.057,7.92,1.0506,0.0426,0.3384,0.8537,152.764,162.09089,5.338,72.311,267.2,358488.51853795216,0.009,0
2026-07-16T10:44:13Z,3.168,28.0517,7.92,1.0392,0.0426,0.3384,0.8386,152.752,162.07598,5.4145,73.002,267.66,358501.2392492593,0.009,0
2026-07-16T10:44:13Z,3.17,28.0483,7.92,1.0926,0.0426,0.3384,1.0198,152.727,162.04831,5.4989,73.432,275.15,358406.4977582614,0.009,0
2026-07-16T10:44:13Z,3.172,28.0466,7.92,1.1231,0.0426,0.3384,1.1407,152.708,162.028561,5.5816,73.605,277.86,358325.5199231002,0.01,0
2026-07-16T10:44:13Z,3.175,28.0458,7.83,1.1154,0.0426,0.2115,1.0954,152.697,162.01748,5.6533,73.573,276.59,358277.257831854,0.011,0
2026-07-16T10:44:13Z,3.178,28.0454,7.83,1.1345,0.0426,0.2115,1.0803,152.698,162.012115,5.7074,73.44,265.92,358254.1243397152,0.012,0
2026-07-16T10:44:13Z,3.182,28.0451,7.83,1.0773,0.0426,0.2115,0.8235,152.711,162.011033,5.741,73.303,275.57,358253.48864683806,0.012,0
2026-07-16T10:44:13Z,3.185,28.0452,7.83,1.0353,0.0426,0.2115,0.899,152.731,162.009938,5.7545,73.187,265.75,358245.428114045,0.012,0
2026-07-16T10:44:13Z,3.188,28.0452,7.92,1.0582,0.0426,0.2961,0.8688,152.753,162.012543,5.752,73.066,247.47,358260.2285662223,0.012,0
2026-07-16T10:44:13Z,3.191,28.0433,7.92,1.0468,0.0426,0.2961,0.7177,152.776,162.019541,5.7418,72.908,272.71,358334.9173892519,0.012,0
2026-07-16T10:44:13Z,3.194,28.0382,7.92,1.0926,0.0426,0.2961,0.8386,152.792,162.022776,5.7316,72.68,269.12,358447.07608758454,0.011,0
2026-07-16T10:44:13Z,3.196,28.0312,7.92,1.1193,0.0426,0.2961,1.186,152.798,162.017098,5.7233,72.35,257.23,358543.5492273491,0.011,0
2026-07-16T10:44:13Z,3.199,28.0241,7.83,1.1154,0.0426,0.2115,1.0652,152.794,162.000991,5.7145,71.898,267.2,358582.5830195493,0.011,0
2026-07-16T10:44:13Z,3.202,28.0184,7.83,1.1154,0.0426,0.2115,1.1709,152.785,161.982186,5.7027,71.328,286.94,358580.51245121757,0.011,0
2026-07-16T10:44:13Z,3.205,28.014,7.83,1.1231,0.0426,0.2115,0.9745,152.782,161.969699,5.6853,70.669,260.83,358590.45470116124,0.011,0
2026-07-16T10:44:13Z,3.208,28.0101,7.83,1.0506,0.0426,0.2115,0.9745,152.772,161.950178,5.6599,69.968,259.3,358551.1772637096,0.011,0
2026-07-16T10:44:13Z,3.211,28.0065,7.83,1.0353,0.0426,0.2115,0.8386,152.76,161.926434,5.6249,69.285,268.42,358482.350596164,0.011,0
2026-07-16T10:44:13Z,3.214,28.0032,7.83,1.0582,0.0426,0.2115,0.899,152.761,161.916188,5.5806,68.664,264.43,358484.7866395833,0.011,0
2026-07-16T10:44:13Z,3.217,28.0003,7.83,1.0659,0.0426,0.2115,0.8839,152.773,161.916706,5.5293,68.127,259.3,358541.10375057533,0.011,0
2026-07-16T10:44:13Z,3.219,27.9972,7.83,1.0353,0.0426,0.2115,0.8688,152.786,161.918104,5.4748,67.692,266.79,358606.12225517584,0.01,0
2026-07-16T10:44:13Z,3.222,27.9938,7.83,1.0506,0.0426,0.2115,0.9443,152.789,161.906724,5.4216,67.38,268.01,358603.9521081583,0.01,0
2026-07-16T10:44:13Z,3.224,27.99,7.92,1.0506,0.0426,0.1269,0.8386,152.786,161.889552,5.3734,67.206,267.9,358576.1796171547,0.01,0
2026-07-16T10:44:13Z,3.226,27.986,7.92,1.0697,0.0426,0.1269,0.7479,152.797,161.888066,5.3318,67.178,263.34,358641.3704685368,0.01,0
2026-07-16T10:44:13Z,3.229,27.9817,7.92,1.1574,0.0426,0.1269,1.05,152.816,161.89385,5.2982,67.301,260.21,358753.49837177683,0.011,0
2026-07-16T10:44:13Z,3.232,27.9772,7.92,1.1307,0.0426,0.1269,1.1407,152.828,161.892412,5.2742000000000004,67.576,266.1,358828.2176648608,0.013,0
2026-07-16T10:44:13Z,3.235,27.9725,7.92,1.1307,0.0426,0.2961,1.1407,152.836,161.887375,5.261,68.022,259.81,358886.1426821163,0.014,0
2026-07-16T10:44:13Z,3.239,27.968,7.92,1.146,0.0426,0.2961,1.0954,152.837,161.885413,5.2593,68.655,262.99,358957.914946783,0.016,0
2026-07-16T10:44:13Z,3.243,27.9635,7.92,1.1078,0.0426,0.2961,1.0803,152.832,161.886001,5.2693,69.473,263.05,359044.23941001506,0.017,0
2026-07-16T10:44:13Z,3.248,27.9587,7.92,1.0926,0.0426,0.2961,1.0954,152.813,161.873264,5.2913,70.471,253.4,359060.17059873056,0.017,0
2026-07-16T10:44:13Z,3.254,27.9546,7.92,1.1116,0.0426,0.3384,1.1709,152.79,161.847815,5.3266,71.624,256.89,358990.7340262354,0.017,0
2026-07-16T10:44:13Z,3.259,27.9534,7.92,1.1002,0.0426,0.3384,1.0652,152.768,161.818903,5.3762,72.82,259.81,358848.09168732126,0.016,0
2026-07-16T10:44:13Z,3.262,27.9555,7.92,1.1956,0.0426,0.3384,1.0803,152.753,161.794851,5.4401,73.875,251.1,358672.3565824938,0.014,0
2026-07-16T10:44:13Z,3.265,27.9577,7.92,1.1574,0.0426,0.3384,1.0954,152.758,161.793297,5.5181,74.619,258.8,358622.9729395851,0.012,0
2026-07-16T10:44:13Z,3.268,27.9576,7.92,1.165,0.0426,0.3384,1.2011,152.769,161.797791,5.6084,74.948,260.38,358650.41113714216,0.01,0
2026-07-16T10:44:13Z,3.269,27.9556,8.01,1.1574,0.0426,0.2115,1.0954,152.768,161.789489,5.7022,74.837,248.87,358639.968976224,0.009,0
2026-07-16T10:44:13Z,3.271,27.953,8.01,1.1841,0.0426,0.2115,1.1407,152.766,161.778203,5.7851,74.318,262.08,358623.5823258449,0.009,0
2026-07-16T10:44:13Z,3.273,27.9506,8.01,1.2032,0.0426,0.2115,1.186,152.777,161.780966,5.8436,73.45,257.96,358683.5409508032,0.01,0
2026-07-16T10:44:13Z,3.275,27.9484,8.01,1.1689,0.0426,0.2115,1.1256,152.805,161.802522,5.8696,72.319,254.34,358846.913455706,0.011,0
2026-07-16T10:44:13Z,3.278,27.9459,8.01,1.1689,0.0426,0.3384,1.0652,152.823,161.81655,5.8611,71.043,255.39,358972.965176537,0.012,0
2026-07-16T10:44:13Z,3.282,27.943,8.01,1.1765,0.0426,0.3384,1.1709,152.827,161.818773,5.8208,69.754,261.11,359039.1275566128,0.013,0
2026-07-16T10:44:13Z,3.286,27.94,8.01,1.1841,0.0426,0.3384,1.0652,152.834,161.825818,5.7531,68.553,247.15,359134.6467909693,0.014,0
2026-07-16T10:44:13Z,3.29,27.9374,8.01,1.1765,0.0426,0.3384,1.0954,152.836,161.82353,5.6648,67.48,249.52,359169.5781424768,0.014,0
2026-07-16T10:44:13Z,3.294,27.9357,8.01,1.2032,0.0426,0.3807,1.0652,152.833,161.80729,5.565,66.542,254.78,359108.3314465796,0.013,0
2026-07-16T10:44:13Z,3.297,27.9352,8.01,1.1536,0.0426,0.3807,1.1558,152.842,161.796821,5.4641,65.744,254.17,359057.8554210555,0.013,0
2026-07-16T10:44:13Z,3.3,27.9351,8.01,1.1727,0.0426,0.3807,1.05,152.868,161.797345,5.37,65.101,247.25,359062.6875315227,0.012,0
2026-07-16T10:44:13Z,3.302,27.9335,8.01,1.1689,0.0426,0.3807,1.186,152.898,161.796976,5.286,64.63,251.21,359090.1050203526,0.013,0
2026-07-16T10:44:13Z,3.305,27.9294,8.01,1.1574,0.0852,0.1692,1.0198,152.917,161.783587,5.2129,64.356,252.58,359089.40186762944,0.014,0
2026-07-16T10:44:13Z,3.309,27.9228,8.01,1.1917,0.0852,0.1692,1.0803,152.93,161.765632,5.1511,64.318,249.41,359108.7905852001,0.015,0
2026-07-16T10:44:13Z,3.313,27.9138,8.01,1.1612,0.0852,0.1692,1.186,152.947,161.754355,5.1015,64.582,251.04,359210.5924912986,0.017,0
2026-07-16T10:44:13Z,3.317,27.9033,8.01,1.165,0.0852,0.1692,1.1407,152.941,161.734719,5.0655,65.244,252.03,359292.4323857858,0.02,0
2026-07-16T10:44:13Z,3.323,27.8925,8.01,1.1689,0.0852,0.1692,1.1256,152.91,161.709504,5.045,66.421,241.47,359347.99326984445,0.022,0
2026-07-16T10:44:13Z,3.329,27.882,8.01,1.1574,0.0852,0.2961,1.4277,152.888,161.696042,5.043,68.148,244.1,359465.1622378733,0.022,0
2026-07-16T10:44:13Z,3.336,27.8724,8.01,1.1727,0.0852,0.2961,1.3673,152.883,161.686738,5.0645,70.241,247.9,359589.51043599437,0.022,0
2026-07-16T10:44:13Z,3.343,27.8682,8.01,1.1917,0.0852,0.2961,1.3975,152.885,161.675101,5.1169,72.351,239.85,359600.6851142117,0.021,0
2026-07-16T10:44:13Z,3.348,27.8708,8.01,1.1917,0.0852,0.2961,1.322,152.888,161.662034,5.2089,74.189,241.99,359477.92678961455,0.019,0
2026-07-16T10:44:13Z,3.352,27.874,8.1,1.1689,0.0852,0.2961,1.0954,152.887,161.640044,5.3441,75.619,244.05,359293.1488957835,0.016,0
2026-07-16T10:44:13Z,3.356,27.8727,8.1,1.1956,0.0852,0.2961,1.0954,152.877,161.607275,5.5084,76.6,236.43,359130.0202353557,0.014,0
2026-07-16T10:44:13Z,3.358,27.8683,8.1,1.1803,0.0852,0.2961,1.0954,152.87,161.579038,5.6743,77.117,246.66,359050.04845034156,0.012,0
2026-07-16T10:44:13Z,3.361,27.8627,8.1,1.1765,0.0852,0.2961,1.2011,152.877,161.571854,5.819,77.165,240.37,359112.45876803255,0.011,0
2026-07-16T10:44:13Z,3.363,27.8561,8.1,1.1956,0.0852,0.2115,1.0349,152.888,161.575789,5.9319,76.783,240.73,359256.89068001794,0.01,0
2026-07-16T10:44:13Z,3.365,27.8486,8.1,1.1917,0.0852,0.2115,1.0803,152.888,161.571848,6.0096,76.075,249.52,359373.0188375689,0.01,0
2026-07-16T10:44:13Z,3.368,27.8419,8.1,1.1727,0.0852,0.2115,1.1105,152.881,161.56299,6.0509,75.17,239.27,359446.2898398684,0.011,0
2026-07-16T10:44:13Z,3.37,27.8372,8.1,1.1536,0.0852,0.2115,1.0652,152.877,161.558879,6.0551,74.167,240.79,359509.72775304515,0.012,0
2026-07-16T10:44:13Z,3.373,27.8346,8.1,1.165,0.0852,0.2115,1.0954,152.881,161.562426,6.0254,73.121,241.2,359578.11853406986,0.014,0
2026-07-16T10:44:13Z,3.376,27.8334,8.1,1.1803,0,0.2115,1.1256,152.88,161.562553,5.97,72.09,240.47,359601.0509671179,0.016,0
2026-07-16T10:44:13Z,3.38,27.8329,8.1,1.1841,0,0.2115,1.0652,152.868,161.555283,5.899,71.174,236.84,359568.7230317283,0.018,0
2026-07-16T10:44:13Z,3.386,27.8326,8.1,1.1994,0,0.2115,1.1709,152.866,161.560726,5.8203,70.508,242.41,359605.40386322665,0.019,0
2026-07-16T10:44:13Z,3.392,27.8325,8.1,1.1841,0,0.2115,1.1407,152.886,161.586348,5.7383,70.206,234.79,359753.8189808131,0.02,0
2026-07-16T10:44:13Z,3.398,27.8331,8.19,1.1612,0.0426,0.2538,1.186,152.89,161.59689,5.6573,70.312,235.71,359803.02076910867,0.02,0
2026-07-16T10:44:13Z,3.403,27.8349,8.19,1.1689,0.0426,0.2538,1.2615,152.86,161.57512,5.5852,70.8,234.08,359645.15878038964,0.019,0
2026-07-16T10:44:13Z,3.408,27.8371,8.19,1.1727,0.0426,0.2538,1.1256,152.837,161.557324,5.5327,71.605,236.17,359502.6736382152,0.018,0
2026-07-16T10:44:13Z,3.412,27.8387,8.19,1.165,0.0426,0.2538,1.2615,152.837,161.556797,5.5089,72.623,237.61,359470.05979631346,0.016,0
2026-07-16T10:44:13Z,3.415,27.8407,8.19,1.1956,0.0852,0.2538,1.3522,152.84,161.555359,5.517,73.701,235.66,359424.8434270571,0.015,0
2026-07-16T10:44:13Z,3.419,27.8439,8.19,1.1917,0.0852,0.2538,1.3673,152.837,161.548617,5.555,74.667,238.03,359327.1273050132,0.015,0
2026-07-16T10:44:13Z,3.422,27.8461,8.19,1.1841,0.0852,0.2538,1.2615,152.83,161.538781,5.6179,75.39,235.51,359230.24245256284,0.016,0
2026-07-16T10:44:13Z,3.426,27.8458,8.19,1.1689,0.0852,0.2538,1.322,152.823,161.527239,5.6979,75.805,228.15,359169.83392964915,0.017,0
2026-07-16T10:44:13Z,3.43,27.8444,8.28,1.1879,0,0.1692,1.4277,152.824,161.522936,5.7826,75.917,238.6,359171.11920561007,0.02,0
2026-07-16T10:44:13Z,3.435,27.8434,8.28,1.1803,0,0.1692,1.3975,152.822,161.516709,5.8584,75.833,239.12,359154.017633623,0.022,0
2026-07-16T10:44:13Z,3.441,27.8425,8.28,1.1574,0,0.1692,1.4126,152.805,161.494871,5.9153,75.735,231.3,359045.8748508122,0.024,0
2026-07-16T10:44:13Z,3.448,27.8412,8.28,1.2299,0,0.1692,1.4428,152.792,161.473645,5.9479,75.786,226.87,358948.6316037268,0.025,0
2026-07-16T10:44:13Z,3.456,27.8395,8.28,1.2223,0,0.1692,1.2918,152.784,161.453384,5.9569,76.022,233.62,358864.2970244191,0.025,0
2026-07-16T10:44:13Z,3.463,27.838,8.28,1.2375,0.0852,0.3384,1.322,152.769,161.424675,5.9505,76.351,226.42,358728.03242993297,0.024,0
2026-07-16T10:44:13Z,3.469,27.8366,8.28,1.2375,0.0852,0.3384,1.3522,152.763,161.405919,5.943,76.642,225.39,358646.77294673445,0.022,0
2026-07-16T10:44:13Z,3.474,27.8343,8.28,1.3176,0.0852,0.3384,1.1558,152.766,161.400131,5.9472,76.758,231.95,358656.1729475908,0.02,0
2026-07-16T10:44:13Z,3.478,27.8305,8.28,1.2795,0.0852,0.3384,1.1256,152.778,161.40777,5.9661,76.57,226.52,358769.94946053735,0.018,0
2026-07-16T10:44:13Z,3.482,27.8262,8.28,1.2947,0.0852,0.2961,1.1256,152.805,161.434881,5.9924,75.999,225.39,359004.2621239588,0.016,0
2026-07-16T10:44:13Z,3.486,27.8223,8.28,1.2909,0.0852,0.2961,1.0198,152.823,161.454622,6.0157,75.04,228.65,359189.1770584839,0.015,0
2026-07-16T10:44:13Z,3.49,27.8192,8.28,1.2947,0.0852,0.2961,1.4277,152.829,161.460231,6.0251,73.772,227.66,359278.5674558217,0.014,0
2026-07-16T10:44:13Z,3.493,27.8173,8.28,1.31,0.0852,0.2961,1.3975,152.849,161.475252,6.0105,72.344,226.97,359399.61154151027,0.013,0
2026-07-16T10:44:13Z,3.496,27.8169,8.28,1.2795,0.0852,0.1692,1.3069,152.871,161.485651,5.9657,70.93,230.7,359466.4908680617,0.013,0
2026-07-16T10:44:13Z,3.499,27.8171,8.28,1.2871,0.0852,0.1692,1.4277,152.875,161.470149,5.8904,69.679,228.55,359374.1241671059,0.014,0
2026-07-16T10:44:13Z,3.502,27.8169,8.28,1.2947,0.0852,0.1692,1.4428,152.877,161.448662,5.7909,68.717,226.87,359254.9470521856,0.016,0
2026-07-16T10:44:13Z,3.506,27.8152,8.28,1.2909,0.0852,0.1692,1.4126,152.871,161.423476,5.679,68.146,225.1,359142.3777618212,0.017,0
2026-07-16T10:44:13Z,3.511,27.8111,8.28,1.2947,0.0852,0.1692,1.2766,152.847,161.385868,5.5684,68.05,227.71,359003.1719457097,0.018,0
2026-07-16T10:44:13Z,3.517,27.8044,8.37,1.2909,0.1278,0.2538,1.3673,152.847,161.371911,5.4709,68.456,223.88,359047.2230801842,0.019,0
2026-07-16T10:44:13Z,3.522,27.7967,8.37,1.3596,0.1278,0.2538,1.3673,152.895,161.397927,5.3961,69.261,219.21,359338.4239540584,0.019,0
2026-07-16T10:44:13Z,3.528,27.7905,8.37,1.3596,0.1278,0.2538,1.2918,152.944,161.422746,5.3519,70.232,224.61,359595.2224489144,0.018,0
2026-07-16T10:44:13Z,3.532,27.7866,8.37,1.3558,0.1278,0.2538,1.322,152.966,161.424924,5.3447,71.119,221.85,359679.9223129271,0.017,0
2026-07-16T10:44:13Z,3.536,27.7819,8.46,1.371,0.0852,0.2538,1.322,152.971,161.415063,5.3771,71.757,222.04,359710.52473497693,0.015,0
2026-07-16T10:44:13Z,3.539,27.7741,8.46,1.3634,0.0852,0.2538,1.2766,152.967,161.394541,5.4411,72.083,227.56,359737.514594383,0.013,0
2026-07-16T10:44:13Z,3.542,27.7653,8.46,1.3787,0.0852,0.2538,1.4277,152.962,161.371917,5.5182,72.104,222.23,359771.00060114614,0.011,0
2026-07-16T10:44:13Z,3.544,27.7583,8.46,1.3558,0.0852,0.2538,1.3975,152.96,161.351178,5.5886,71.877,223.39,359781.92590509093,0.01,0
2026-07-16T10:44:13Z,3.547,27.7532,8.46,1.352,0.0426,0.3384,1.3371,152.946,161.318774,5.6391,71.498,226.03,359690.7872285133,0.01,0
2026-07-16T10:44:13Z,3.549,27.7482,8.46,1.3443,0.0426,0.3384,1.3673,152.918,161.274082,5.6652,71.099,225.25,359527.3905595044,0.011,0
2026-07-16T10:44:13Z,3.551,27.7423,8.46,1.3634,0.0426,0.3384,1.322,152.897,161.237251,5.6675,70.829,218.92,359425.7000890218,0.012,0
2026-07-16T10:44:13Z,3.554,27.7361,8.46,1.3596,0.0426,0.3384,1.2918,152.886,161.214493,5.6502,70.819,222.76,359410.1726162052,0.013,0
2026-07-16T10:44:13Z,3.558,27.7304,8.46,1.371,0.0426,0.3384,1.4579,152.867,161.191721,5.621,71.135,221.8,359385.29543481,0.015,0
2026-07-16T10:44:13Z,3.562,27.7254,8.46,1.4359,0.0426,0.423,1.322,152.849,161.174889,5.5901,71.74,218.73,359381.4776130794,0.016,0
2026-07-16T10:44:13Z,3.567,27.7207,8.46,1.4206,0.0426,0.423,1.2918,152.844,161.167527,5.5694,72.5,220.12,359426.3669911597,0.016,0
2026-07-16T10:44:13Z,3.572,27.7171,8.46,1.4092,0.0426,0.423,1.2313,152.844,161.159654,5.569,73.232,222.43,359447.95222066314,0.015,0
2026-07-16T10:44:13Z,3.576,27.7161,8.46,1.4016,0.0426,0.423,1.3673,152.86,161.169213,5.594,73.784,219.16,359521.2752471384,0.014,0
2026-07-16T10:44:13Z,3.579,27.7168,8.55,1.4206,0.0426,0.2538,1.3673,152.897,161.202761,5.6415,74.082,215.39,359700.63182325277,0.013,0
2026-07-16T10:44:13Z,3.582,27.7161,8.55,1.4206,0.0426,0.2538,1.322,152.926,161.225149,5.7013,74.117,225.79,359842.00301359186,0.011,0
2026-07-16T10:44:13Z,3.584,27.7137,8.55,1.4168,0.0426,0.2538,1.3673,152.919,161.206271,5.7591,73.92,222.23,359778.25336024695,0.011,0
2026-07-16T10:44:13Z,3.586,27.7113,8.55,1.4016,0.0426,0.2538,1.3522,152.891,161.161135,5.8028,73.567,216.09,359563.94001516886,0.01,0
2026-07-16T10:44:13Z,3.589,27.7093,8.55,1.4016,0.0426,0.3384,1.3673,152.883,161.137832,5.8264,73.152,219.26,359467.4176714715,0.011,0
2026-07-16T10:44:13Z,3.591,27.7068,8.55,1.4511,0.0426,0.3384,1.4277,152.887,161.134154,5.8294,72.753,223.78,359492.66997763293,0.011,0
2026-07-16T10:44:13Z,3.594,27.703,8.55,1.4359,0.0426,0.3384,1.322,152.869,161.117051,5.8143,72.434,214.17,359465.0514939484,0.011,0
2026-07-16T10:44:13Z,3.598,27.698,8.55,1.4321,0.0426,0.3384,1.3522,152.85,161.097998,5.787,72.247,214.82,359448.4914349721,0.011,0
2026-07-16T10:44:13Z,3.601,27.693,8.55,1.4283,0.0426,0.2538,1.3824,152.843,161.083942,5.7549,72.239,222.23,359460.5801837018,0.011,0
2026-07-16T10:44:13Z,3.604,27.6905,8.55,1.4244,0.0426,0.2538,1.2766,152.845,161.075142,5.7238,72.409,215.25,359456.46224610455,0.01,0
2026-07-16T10:44:13Z,3.606,27.691,8.55,1.4244,0.0426,0.2538,1.4579,152.87,161.093302,5.6986,72.671,214.54,359551.3397934003,0.01,0
2026-07-16T10:44:13Z,3.608,27.6916,8.55,1.4359,0.0426,0.2538,1.322,152.913,161.135246,5.6839,72.889,223.39,359780.8256077481,0.009,0
2026-07-16T10:44:13Z,3.61,27.6893,8.55,1.4092,0.0426,0.2538,1.3522,152.943,161.164057,5.6835,72.964,216.37,359988.85779430816,0.009,0
2026-07-16T10:44:13Z,3.612,27.6857,8.55,1.4206,0.0426,0.3807,1.2918,152.942,161.159358,5.6972,72.86,212.97,360028.7295923075,0.009,0
2026-07-16T10:44:13Z,3.614,27.6832,8.55,1.4435,0.0426,0.3807,1.2918,152.93,161.143946,5.7181,72.602,223.39,359986.6759310879,0.009,0
2026-07-16T10:44:13Z,3.616,27.682,8.55,1.4359,0.0426,0.3807,1.4277,152.924,161.137763,5.7354,72.25,218.31,359973.4626675757,0.01,0
2026-07-16T10:44:13Z,3.619,27.6811,8.55,1.4359,0.0426,0.3807,1.3522,152.906,161.123126,5.7413,71.888,215.53,359906.1491688292,0.012,0
2026-07-16T10:44:13Z,3.622,27.6798,8.55,1.4359,0.0426,0.2538,1.3673,152.879,161.10014,5.7332,71.643,218.45,359798.34676585614,0.013,0
2026-07-16T10:44:13Z,3.626,27.6787,8.55,1.4359,0.0426,0.2538,1.3975,152.871,161.090738,5.7131,71.63,214.64,359764.8009558754,0.013,0
2026-07-16T10:44:13Z,3.63,27.6788,8.55,1.4206,0.0426,0.2538,1.322,152.873,161.084396,5.6854,71.857,212.27,359726.5481017258,0.013,0
2026-07-16T10:44:13Z,3.633,27.6804,8.55,1.4397,0.0426,0.2538,1.4428,152.867,161.067394,5.6568,72.243,211.81,359599.3061639949,0.013,0
2026-07-16T10:44:13Z,3.637,27.6821,8.73,1.4283,0.0426,0.2538,1.3975,152.856,161.047224,5.6373,72.702,215.95,359452.07487865014,0.013,0
2026-07-16T10:44:13Z,3.64,27.6818,8.73,1.4359,0.0426,0.2538,1.2313,152.847,161.030533,5.6364,73.147,214.22,359361.9097415332,0.013,0
2026-07-16T10:44:13Z,3.643,27.6791,8.73,1.4397,0.0426,0.2538,1.4579,152.842,161.016879,5.6545,73.475,212.97,359333.653921471,0.013,0
2026-07-16T10:44:13Z,3.646,27.6756,8.73,1.4283,0.0426,0.2538,1.3975,152.833,160.99861,5.6852,73.592,214.17,359293.7574175634,0.014,0
2026-07-16T10:44:13Z,3.649,27.6727,8.73,1.4092,0.0426,0.2538,1.2615,152.812,160.966848,5.7216,73.445,211.81,359165.3638928039,0.015,0
2026-07-16T10:44:13Z,3.654,27.6703,8.73,1.4435,0.0852,0.423,1.322,152.792,160.935167,5.7569,73.062,215.67,359028.18542797334,0.016,0
2026-07-16T10:44:13Z,3.658,27.6677,8.73,1.4511,0.0852,0.423,1.3975,152.793,160.925184,5.783,72.546,210.8,359019.1108566963,0.017,0
2026-07-16T10:44:13Z,3.663,27.6647,8.73,1.4359,0.0852,0.423,1.3522,152.8,160.920205,5.7925,72.031,210.89,359046.13432093034,0.018,0
2026-07-16T10:44:13Z,3.668,27.6616,8.73,1.4206,0.0852,0.423,1.3673,152.799,160.906878,5.7812,71.618,216.37,359027.1461216697,0.018,0
2026-07-16T10:44:13Z,3.673,27.6584,8.82,1.4473,0.0852,0.2961,1.3673,152.811,160.907703,5.7513,71.339,209.61,359091.1618528194,0.018,0
2026-07-16T10:44:13Z,3.677,27.6547,8.82,1.4359,0.0852,0.2961,1.3522,152.851,160.936929,5.7111,71.16,209.43,359327.3885970486,0.018,0
2026-07-16T10:44:13Z,3.682,27.6506,8.82,1.4016,0.0852,0.2961,1.3975,152.91,160.980304,5.671,71.021,210.07,359652.3940748526,0.018,0
2026-07-16T10:44:13Z,3.686,27.6465,8.82,1.4435,0.0852,0.2961,1.4277,152.96,161.009306,5.6388,70.882,210.62,359895.0660350799,0.018,0
2026-07-16T10:44:13Z,3.691,27.6428,8.82,1.413,0.0426,0.2538,1.2464,152.985,161.011627,5.6173,70.711,207.3,359977.1319109309,0.018,0
2026-07-16T10:44:13Z,3.696,27.6385,8.82,1.4092,0.0426,0.2538,1.322,153,161.007925,5.6036,70.473,208.25,360035.759487676,0.018,0
2026-07-16T10:44:13Z,3.701,27.6322,8.82,1.4359,0.0426,0.2538,1.3673,153.022,161.017256,5.5933,70.149,207.85,360206.49850328587,0.017,0
2026-07-16T10:44:13Z,3.705,27.6245,8.82,1.4702,0.0426,0.2538,1.4277,153.043,161.026072,5.5831,69.749,203.91,360400.41312164604,0.016,0
2026-07-16T10:44:13Z,3.709,27.6168,8.91,1.4817,0.0852,0.2538,1.3371,153.052,161.020691,5.5704,69.307,205.73,360512.7575207073,0.015,0
2026-07-16T10:44:13Z,3.712,27.6104,8.91,1.5084,0.0852,0.2538,1.3975,153.047,160.999678,5.5523,68.861,207.75,360510.9870377047,0.014,0
2026-07-16T10:44:13Z,3.715,27.6056,8.91,1.4702,0.0852,0.2538,1.3371,153.033,160.969452,5.5272,68.424,204.57,360426.41092146357,0.013,0
2026-07-16T10:44:13Z,3.718,27.6015,8.91,1.4283,0.0852,0.2538,1.3975,153.015,160.937988,5.4961,67.973,207.66,360321.6785720574,0.013,0
2026-07-16T10:44:13Z,3.721,27.5967,8.91,1.4206,0.0852,0.2538,1.3824,152.995,160.904912,5.4617000000000004,67.481,205.29,360220.69515483646,0.013,0
2026-07-16T10:44:13Z,3.724,27.5914,9,1.4206,0.0426,0.2961,1.2313,152.983,160.883449,5.4271,66.945,203.55,360195.8186226495,0.013,0
2026-07-16T10:44:13Z,3.728,27.5865,9,1.3939,0.0426,0.2961,1.2766,152.992,160.885914,5.3931,66.369,204.49,360301.1832204184,0.013,0
2026-07-16T10:44:13Z,3.731,27.5823,9,1.4511,0.0426,0.2961,1.4277,153.001,160.890917,5.3579,65.76,199.01,360408.1628059726,0.013,0
2026-07-16T10:44:13Z,3.734,27.5786,9,1.4778,0.0426,0.2961,1.3522,152.998,160.881753,5.3196,65.132,200.61,360424.2983683559,0.013,0
2026-07-16T10:44:13Z,3.737,27.5755,9,1.474,0.0852,0.3807,1.2464,152.992,160.868006,5.2776,64.502,209.16,360402.87583016563,0.013,0
2026-07-16T10:44:13Z,3.74,27.5734,9,1.4969,0.0852,0.3807,1.3371,152.982,160.84601,5.2324,63.893,203.47,360315.3419374517,0.013,0
2026-07-16T10:44:13Z,3.743,27.5718,9,1.4206,0.0852,0.3807,1.3069,152.965,160.809897,5.1846,63.331,200.31,360137.2558377066,0.014,0
2026-07-16T10:44:13Z,3.747,27.5699,9,1.4435,0.0852,0.3807,1.2918,152.948,160.766072,5.1352,62.85,207.03,359920.4201301969,0.014,0
2026-07-16T10:44:13Z,3.751,27.5673,9.09,1.4092,0.0852,0.423,1.322,152.941,160.724894,5.0858,62.485,203.2,359731.8822932044,0.014,0
2026-07-16T10:44:13Z,3.755,27.5635,9.09,1.4359,0.0852,0.423,1.3824,152.949,160.691414,5.0381,62.249,197.07,359609.94897310255,0.014,0
2026-07-16T10:44:13Z,3.759,27.5576,9.09,1.5007,0.0852,0.423,1.3522,152.963,160.658706,4.9943,62.136,201.22,359531.4756172291,0.014,0
2026-07-16T10:44:13Z,3.762,27.5493,9.09,1.5046,0.0852,0.423,1.2313,152.982,160.63007,4.9571,62.135,203.91,359521.000892967,0.013,0
2026-07-16T10:44:13Z,3.766,27.5382,9.09,1.4969,0.0852,0.423,1.2918,152.995,160.595865,4.9292,62.258,197.15,359530.51521926996,0.012,0
2026-07-16T10:44:13Z,3.769,27.5244,9.18,1.5236,0.0852,0.3384,1.322,152.975,160.520911,4.9119,62.528,194.05,359355.7379834159,0.012,0
2026-07-16T10:44:13Z,3.772,27.5088,9.18,1.4626,0.0852,0.3384,1.3975,152.907,160.383216,4.9043,62.97,199.7,358853.4616885053,0.011,0
2026-07-16T10:44:13Z,3.774,27.493,9.18,1.4435,0.0852,0.3384,1.3975,152.759,160.146059,4.9056,63.583,197.8,357783.65330136754,0.011,0
2026-07-16T10:44:13Z,3.777,27.4772,9.18,1.4778,0.0852,0.3384,1.322,152.438,159.718132,4.9167,64.329,198.27,355622.4740277508,0.01,0
2026-07-16T10:44:13Z,3.779,27.4593,9.27,1.4855,0.0426,0.423,1.4277,151.83,158.989326,4.9397,65.163,199.61,351792.8476007884,0.01,0
2026-07-16T10:44:13Z,3.781,27.4372,9.27,1.4778,0.0426,0.423,1.2615,150.784,157.813387,4.9767,66.063,200.13,345539.7973820377,0.011,0
2026-07-16T10:44:13Z,3.784,27.4101,9.27,1.4397,0.0426,0.423,1.3522,149.007,155.888753,5.0276,66.999,195.28,335283.47917127935,0.012,0
2026-07-16T10:44:13Z,3.787,27.3793,9.27,1.4855,0.0426,0.423,1.2918,145.988,152.688154,5.0894,67.898,199.57,318384.0361171196,0.013,0
2026-07-16T10:44:13Z,3.79,27.3481,9.18,1.4931,0.0852,0.423,1.3975,140.927,147.380142,5.1583,68.679,195.49,291181.12504069816,0.014,0
2026-07-16T10:44:13Z,3.794,27.3196,9.18,1.4664,0.0852,0.423,1.3371,132.511,138.575303,5.2321,69.316,189.88,248918.06767130463,0.015,0
2026-07-16T10:44:13Z,3.799,27.2953,9.18,1.4626,0.0852,0.423,1.3975,118.502,123.925681,5.3085,69.831,193.8,187043.5722420012,0.015,0
2026-07-16T10:44:13Z,3.803,27.277,9.18,1.4969,0.0852,0.423,1.2918,95.166,99.536734,5.3815,70.249,191.91,106690.11350848105,0.015,0
2026-07-16T10:44:13Z,3.806,27.2643,9.27,1.4855,0.0852,0.2961,1.322,56.256,58.912755,5.4446,70.597,189.06,28065.50073379824,0.014,0
2026-07-16T10:44:13Z,3.809,27.2509,9.27,1.4206,0.0852,0.2961,1.4428,-8.661,-8.799367,5.4964,70.897,193.04,NA,0.014,0
2026-07-16T10:44:13Z,3.812,27.2303,9.27,1.4321,0.0852,0.2961,1.3371,-116.92,-121.64418,5.5393,71.154,191.83,NA,0.014,0
2026-07-16T10:44:13Z,3.816,27.2011,9.27,1.4016,0.0852,0.2961,1.3975,-297.389,-309.681569,5.5753,71.383,190.75,NA,0.014,0
2026-07-16T10:44:13Z,3.82,27.1657,9.27,1.4206,0.0852,0.2961,1.3673,-410.144,-427.226964,5.6066,71.607,188.07,NA,0.015,0
2026-07-16T10:44:13Z,3.824,27.1275,9.36,1.5808,0.0426,0.3807,1.3069,-297.23,-309.81396,5.6343,71.863,189.26,NA,0.016,0
2026-07-16T10:44:13Z,3.828,27.0886,9.36,1.5541,0.0426,0.3807,1.3069,-116.659,-121.956307,5.6587,72.21,187.99,NA,0.016,0
2026-07-16T10:44:13Z,3.832,27.0484,9.36,1.558,0.0426,0.3807,1.2918,-8.314,-9.302342,5.6812,72.743,186.61,NA,0.017,0
2026-07-16T10:44:13Z,3.837,27.0036,9.36,1.5427,0.0426,0.3807,1.3673,56.762,58.275169,5.7038,73.526,185.68,27664.856966701063,0.016,0
2026-07-16T10:44:13Z,3.842,26.9521,9.45,1.5427,0.0852,0.5076,1.2918,95.844,98.758809,5.7294,74.509,183.39,106331.42465391704,0.015,0
2026-07-16T10:44:13Z,3.846,26.8994,9.45,1.5389,0.0852,0.5076,1.322,119.276,122.946205,5.7625,75.551,183.03,187069.47562355624,0.014,0
2026-07-16T10:44:13Z,3.85,26.8474,9.45,1.5732,0.0852,0.5076,1.3673,133.348,137.405563,5.8104,76.526,182.72,249602.49615715232,0.012,0
2026-07-16T10:44:13Z,3.852,26.788,9.45,1.5503,0.0852,0.5076,1.2615,141.805,146.044809,5.8793,77.314,182.72,292856.6027096129,0.01,0
2026-07-16T10:44:13Z,3.854,26.7199,9.63,1.5313,0.1278,0.3384,1.2766,146.871,151.175751,5.9652,77.793,182.44,321177.45257923345,0.009,0
2026-07-16T10:44:13Z,3.856,26.6513,9.63,1.5427,0.1278,0.3384,1.4126,149.923,154.228763,6.0561,77.877,182.28,339331.1678257239,0.008,0
2026-07-16T10:44:13Z,3.858,26.589,9.63,1.5236,0.1278,0.3384,1.3069,151.744,156.017974,6.141,77.563,182.99,350685.37550102524,0.007,0
2026-07-16T10:44:13Z,3.86,26.5351,9.63,1.5427,0.1278,0.3384,1.3673,152.764,156.990441,6.2101,76.921,182.64,357340.5057305919,0.007,0
2026-07-16T10:44:13Z,3.861,26.4885,9.63,1.5732,0.1278,0.3384,1.3975,153.326,157.501682,6.2536,76.058,182.88,361222.1040977148,0.007,0
2026-07-16T10:44:13Z,3.863,26.4481,9.72,1.5351,0.0852,0.5076,1.4579,153.672,157.798247,6.2649,75.065,184.59,363744.3192612426,0.008,0
2026-07-16T10:44:13Z,3.865,26.4135,9.72,1.5351,0.0852,0.5076,1.3824,153.875,157.957215,6.2434,73.996,184.51,365350.97578007315,0.009,0
2026-07-16T10:44:13Z,3.867,26.3843,9.72,1.558,0.0852,0.5076,1.2464,153.956,157.996926,6.1949,72.921,184.67,366149.0513494073,0.011,0
2026-07-16T10:44:13Z,3.87,26.3597,9.72,1.5465,0.0852,0.5076,1.3824,153.975,157.978068,6.1281,71.944,184.87,366510.84386504133,0.012,0
2026-07-16T10:44:13Z,3.874,26.3391,9.72,1.5618,0.0852,0.423,1.3522,153.965,157.935691,6.0503,71.147,182.28,366655.5345644859,0.013,0
2026-07-16T10:44:13Z,3.878,26.3219,9.72,1.558,0.0852,0.423,1.2918,153.905,157.848474,5.966,70.557,180.98,366467.0036207467,0.014,0
2026-07-16T10:44:13Z,3.882,26.3071,9.72,1.5427,0.0852,0.423,1.4126,153.818,157.741253,5.8809,70.187,181.45,366112.703744087,0.013,0
2026-07-16T10:44:13Z,3.885,26.2942,9.72,1.5427,0.0852,0.423,1.3975,153.732,157.641546,5.8035,70.058,181.88,365766.57870485884,0.013,0
2026-07-16T10:44:13Z,3.889,26.2834,9.72,1.5732,0.0852,0.423,1.4126,153.622,157.518756,5.7403,70.169,181.77,365242.41471831617,0.012,0
2026-07-16T10:44:13Z,3.891,26.2752,9.72,1.5656,0.0852,0.423,1.2615,153.505,157.39024,5.6936,70.479,181.13,364634.3924291537,0.012,0
2026-07-16T10:44:13Z,3.894,26.2692,9.72,1.558,0.0852,0.423,1.2918,153.413,157.287856,5.6644,70.945,182.32,364140.07099300146,0.012,0
2026-07-16T10:44:13Z,3.897,26.2651,9.72,1.5999,0.0852,0.423,1.2918,153.308,157.172277,5.6544,71.556,181.88,363531.1597945407,0.013,0
2026-07-16T10:44:13Z,3.899,26.262,9.72,1.6304,0.0852,0.423,1.3673,153.188,157.042741,5.6637,72.332,184.51,362820.7403944243,0.014,0
2026-07-16T10:44:13Z,3.903,26.2592,9.72,1.5847,0.0852,0.3384,1.2918,153.105,156.952876,5.689,73.316,183.99,362340.7361716979,0.017,0
2026-07-16T10:44:13Z,3.907,26.2565,9.72,1.6114,0.0852,0.3384,1.3975,153.036,156.882725,5.7269,74.561,182.04,361976.0731182785,0.019,0
2026-07-16T10:44:13Z,3.913,26.254,9.72,1.5618,0.0852,0.3384,1.3673,152.957,156.795548,5.7765,76.115,183.47,361506.8603635872,0.021,0
2026-07-16T10:44:13Z,3.92,26.2517,9.72,1.5427,0.0852,0.3384,1.3673,152.907,156.718198,5.8394,77.98,179.8,361092.3663911174,0.022,0
2026-07-16T10:44:13Z,3.927,26.2503,9.72,1.5503,0.0852,0.2961,1.3371,152.876,156.638061,5.9191,80.021,177.94,360644.5155730088,0.022,0
2026-07-16T10:44:13Z,3.933,26.2503,9.72,1.5618,0.0852,0.2961,1.2918,152.834,156.537772,6.0196,81.988,178.75,360051.2310284325,0.021,0
2026-07-16T10:44:13Z,3.938,26.2486,9.72,1.5351,0.0852,0.2961,1.3522,152.814,156.458714,6.1453,83.653,179.41,359616.1891620456,0.018,0
2026-07-16T10:44:13Z,3.942,26.2399,9.72,1.5351,0.0852,0.2961,1.0349,152.799,156.391825,6.297,84.871,178.09,359385.8929349851,0.016,0
2026-07-16T10:44:13Z,3.945,26.2242,9.81,1.5427,0.0852,0.4653,1.1407,152.766,156.315257,6.4637,85.557,179.72,359231.00748196786,0.013,0
2026-07-16T10:44:13Z,3.948,26.2053,9.81,1.5427,0.0852,0.4653,1.186,152.739,156.254677,6.6248,85.646,180.47,359231.1327489825,0.012,0
2026-07-16T10:44:13Z,3.95,26.1863,9.81,1.5503,0.0852,0.4653,1.0652,152.701,156.191928,6.7616,85.11,181.61,359220.2926977361,0.012,0
2026-07-16T10:44:13Z,3.953,26.1693,9.81,1.5389,0.0852,0.4653,1.3673,152.621,156.094243,6.8621,84.009,178.36,358964.9203186278,0.013,0
2026-07-16T10:44:13Z,3.956,26.1554,9.81,1.558,0.0852,0.54990000000000006,1.3673,152.528,155.99168,6.9192,82.526,182.04,358621.920898356,0.014,0
2026-07-16T10:44:13Z,3.959,26.1445,9.81,1.5274,0.0852,0.54990000000000006,1.2615,152.476,155.935038,6.9278,80.897,183.39,358493.4919182634,0.016,0
2026-07-16T10:44:13Z,3.963,26.1366,9.81,1.516,0.0852,0.54990000000000006,1.3522,152.462,155.913221,6.8853,79.331,178.67,358514.0783381005,0.019,0
2026-07-16T10:44:13Z,3.969,26.1317,9.81,1.6037,0.0852,0.54990000000000006,1.3371,152.442,155.876326,6.7969,78.013,181.41,358388.7413244872,0.021,0
2026-07-16T10:44:13Z,3.975,26.1292,9.81,1.6152,0.0852,0.54990000000000006,1.2313,152.418,155.822532,6.6772,77.152,180.62,358118.1462937436,0.022,0
2026-07-16T10:44:13Z,3.982,26.1279,9.72,1.6075,0.0426,0.2961,1.3069,152.403,155.765545,6.5455,76.956,174.72,357806.11416647874,0.023,0
2026-07-16T10:44:13Z,3.988,26.1257,9.72,1.6228,0.0426,0.2961,1.322,152.397,155.706196,6.4191,77.478,173.96,357497.281867231,0.022,0
2026-07-16T10:44:13Z,3.994,26.1203,9.72,1.6762,0.0426,0.2961,1.3069,152.402,155.652702,6.313,78.513,176.63,357283.5056119204,0.02,0
2026-07-16T10:44:13Z,3.999,26.1107,9.72,1.6724,0.0426,0.2961,1.3371,152.415,155.608827,6.2445,79.682,176.05,357205.7436273434,0.018,0
2026-07-16T10:44:13Z,4.003,26.096800000000002,9.72,1.6457,0.0426,0.3807,1.322,152.427,155.570882,6.2303,80.637,173.58,357244.1002045919,0.017,0
2026-07-16T10:44:13Z,4.006,26.0793,9.72,1.6724,0.0426,0.3807,1.4277,152.415,155.516725,6.2745,81.173,176.78,357254.69227073225,0.015,0
2026-07-16T10:44:13Z,4.01,26.0601,9.72,1.6915,0.0426,0.3807,1.0954,152.37,155.433915,6.3606,81.204,177.59,357128.0993844547,0.014,0
2026-07-16T10:44:13Z,4.013,26.0415,9.72,1.68,0.0426,0.3807,1.1709,152.321,155.350462,6.4575,80.756,173.13,356986.26915578265,0.013,0
2026-07-16T10:44:13Z,4.017,26.025,9.54,1.6648,0.0852,0.2961,1.0954,152.299,155.294206,6.5368,79.989,174.19,356965.3869238881,0.012,0
2026-07-16T10:44:13Z,4.02,26.0112,9.54,1.6838,0.0852,0.2961,1.0349,152.297,155.258157,6.5819,79.166,176.09,357012.92195615807,0.012,0
2026-07-16T10:44:13Z,4.023,25.9993,9.54,1.68,0.0852,0.2961,1.0954,152.283,155.208657,6.5858,78.565,177.16,356945.03961999656,0.013,0
2026-07-16T10:44:13Z,4.025,25.9882,9.54,1.6648,0.0852,0.2961,1.0349,152.247,155.136511,6.5507,78.377,178.75,356728.1203013888,0.014,0
2026-07-16T10:44:13Z,4.029,25.9771,9.54,1.6724,0.0852,0.2961,1.0652,152.208,155.062554,6.4897,78.654,173.88,356500.46415837284,0.014,0
2026-07-16T10:44:13Z,4.033,25.9658,9.63,1.6953,0.0852,0.2961,1.1105,152.176,154.993111,6.4243,79.312,175.1,356303.22737865173,0.015,0
2026-07-16T10:44:13Z,4.038,25.9542,9.63,1.6533,0.0852,0.2961,1.3673,152.16,154.937714,6.3769,80.186,173.77,356194.61725741497,0.016,0
2026-07-16T10:44:13Z,4.042,25.9428,9.63,1.6648,0.0852,0.2961,1.3975,152.156,154.893611,6.363,81.095,169.74,356148.94702041475,0.016,0
2026-07-16T10:44:13Z,4.046,25.9314,9.63,1.6724,0.0852,0.2961,1.3975,152.144,154.843027,6.3868,81.888,174.3,356064.9295114644,0.016,0
2026-07-16T10:44:13Z,4.05,25.9193,9.9,1.6495,0.0852,0.2961,1.3673,152.127,154.786497,6.4417,82.468,175.94,355958.9170548287,0.016,0
2026-07-16T10:44:13Z,4.054,25.9065,9.9,1.6724,0.0852,0.2961,1.322,152.113,154.730987,6.5142,82.79,171.45,355872.08542408934,0.016,0
2026-07-16T10:44:13Z,4.058,25.8934,9.9,1.68,0.0852,0.2961,1.322,152.11,154.68173,6.5896,82.876,172.42,355827.8394266069,0.017,0
2026-07-16T10:44:13Z,4.062,25.8807,9.9,1.6648,0.0852,0.2961,1.3371,152.098,154.621579,6.6556,82.847,175.25,355711.57519482897,0.017,0
2026-07-16T10:44:13Z,4.067,25.8679,10.08,1.6953,0.0852,0.4653,1.3975,152.067,154.538501,6.7043,82.865,174.57,355461.5466278364,0.018,0
2026-07-16T10:44:13Z,4.071,25.8543,10.08,1.7182,0.0852,0.4653,1.3975,152.021,154.438391,6.7321,83.014,168.93,355125.8463048264,0.018,0
2026-07-16T10:44:13Z,4.077,25.8393,10.08,1.722,0.0852,0.4653,1.3673,151.981,154.340633,6.7409,83.239,171.11,354830.3781509865,0.017,0
2026-07-16T10:44:13Z,4.081,25.8233,10.08,1.7373,0.0852,0.4653,1.2918,151.969,154.267245,6.7406,83.45,172.27,354697.70054320525,0.016,0
2026-07-16T10:44:13Z,4.085,25.8065,10.17,1.7296,0.0426,0.3384,1.322,151.957,154.196648,6.7441,83.644,168.71,354596.49166083516,0.014,0
2026-07-16T10:44:13Z,4.089,25.7888,10.17,1.7296,0.0426,0.3384,1.322,151.923,154.110015,6.7584,83.885,170.11,354417.3130332,0.012,0
2026-07-16T10:44:13Z,4.091,25.77,10.17,1.7449,0.0426,0.3384,1.2615,151.877,154.020305,6.7791,84.201,171.56,354240.520378725,0.011,0
2026-07-16T10:44:13Z,4.093,25.7501,10.17,1.7373,0.0426,0.3384,1.3069,151.822,153.931644,6.7987,84.547,170.89,354090.49587806483,0.01,0
2026-07-16T10:44:13Z,4.095,25.7306,10.17,1.7296,0.0426,0.3384,1.3673,151.761,153.844431,6.8169,84.895,170.89,353941.3865899515,0.01,0
2026-07-16T10:44:13Z,4.098,25.7134,10.08,1.7334,0.0852,0.2538,1.0954,151.694,153.755446,6.8387,85.31,170.59,353738.4303451311,0.01,0
2026-07-16T10:44:13Z,4.1,25.6994,10.08,1.7296,0.0852,0.2538,1.1709,151.607,153.644966,6.8662,85.891,170.96,353348.1277563495,0.011,0
2026-07-16T10:44:13Z,4.103,25.6885,10.08,1.722,0.0852,0.2538,1.0349,151.466,153.475515,6.8958,86.637,169.3,352551.28709475626,0.012,0
2026-07-16T10:44:13Z,4.107,25.6802,10.08,1.7144,0.0852,0.2538,1.0652,151.217,153.189884,6.9253,87.425,170.55,351021.68366201886,0.012,0
2026-07-16T10:44:13Z,4.11,25.6732,10.08,1.7296,0.0852,0.3807,1.4579,150.802,152.733941,6.9601,88.15,170.33,348471.52049221785,0.012,0
2026-07-16T10:44:13Z,4.113,25.6658,10.08,1.7144,0.0852,0.3807,1.2766,150.127,152.016153,7.0084,88.822,168.89,344411.9925584633,0.012,0
2026-07-16T10:44:13Z,4.116,25.6568,10.08,1.7449,0.0852,0.3807,1.3522,148.992,150.837095,7.0705,89.521,169.52,337747.2848410255,0.012,0
2026-07-16T10:44:13Z,4.119,25.6458,10.08,1.7487,0.0852,0.3807,1.3975,147.1,148.896374,7.1362,90.309,170.33,326878.3208601189,0.012,0
2026-07-16T10:44:13Z,4.122,25.6336,10.17,1.7449,0.0426,0.4653,1.3824,143.981,145.718539,7.197,91.185,166.96,309441.6278184842,0.012,0
2026-07-16T10:44:13Z,4.125,25.6218,10.17,1.7296,0.0426,0.4653,1.3975,138.797,140.456166,7.2534,92.118,168.67,281696.6656801394,0.012,0
2026-07-16T10:44:13Z,4.128,25.6113,10.17,1.7373,0.0426,0.4653,1.3975,130.135,131.677904,7.3118,93.098,171.45,238764.26652756424,0.013,0
2026-07-16T10:44:13Z,4.131,25.6019,10.17,1.722,0.0426,0.4653,1.3975,115.676,117.03487,7.3775,94.077,168.38,176443.81935538145,0.013,0
2026-07-16T10:44:13Z,4.135,25.5935,10.17,1.7067,0.0426,0.4653,1.2615,91.554,92.622254,7.4502,94.94,166.42,96834.82985978185,0.013,0
2026-07-16T10:44:13Z,4.139,25.5857,10.17,1.7334,0.0852,0.3384,1.3975,51.357,51.96408,7.5275,95.599,167.4,22270.772814674812,0.013,0
2026-07-16T10:44:13Z,4.142,25.5774,10.17,1.7449,0.0852,0.3384,1.3824,-15.577,-15.7077,7.6088,96.058,167.72,NA,0.012,0
2026-07-16T10:44:13Z,4.145,25.5673,10.17,1.7144,0.0852,0.3384,1.322,-127.089,-128.420865,7.6902,96.338,166.09,NA,0.012,0
2026-07-16T10:44:13Z,4.148,25.5554,10.17,1.7334,0.0852,0.3384,1.3069,-312.931,-316.246282,7.7624,96.455,165.44,NA,0.011,0
2026-07-16T10:44:13Z,4.15,25.5436,10.26,1.7258,0.1278,0.3807,1.3975,-429.083,-433.647047,7.8181,96.46,169.15,NA,0.011,0
2026-07-16T10:44:13Z,4.153,25.5339,10.26,1.7334,0.1278,0.3807,1.3371,-312.95,-316.31035,7.857,96.439,166.82,NA,0.011,0
2026-07-16T10:44:13Z,4.155,25.5268,10.26,1.7449,0.1278,0.3807,1.3975,-127.129,-128.556068,7.881,96.499,165.88,NA,0.012,0
2026-07-16T10:44:13Z,4.158,25.5206,10.26,1.7373,0.1278,0.3807,1.4126,-15.638,-15.92405,7.8917,96.762,169,NA,0.014,0
2026-07-16T10:44:13Z,4.162,25.514,10.26,1.7105,0.0852,0.3807,1.322,51.235,51.608886,7.8932,97.311,168.53,21970.41057653028,0.015,0
2026-07-16T10:44:13Z,4.166,25.5059,10.26,1.7487,0.0852,0.3807,1.3673,91.321,92.057533,7.8925,98.127,165.88,95770.0221469655,0.016,0
2026-07-16T10:44:13Z,4.171,25.4956,10.26,1.7449,0.0852,0.3807,1.3673,115.355,116.270303,7.8987,99.115,161.71,174478.44087916007,0.017,0
2026-07-16T10:44:13Z,4.176,25.4828,10.26,1.7983,0.0852,0.3807,1.2918,129.783,130.768042,7.9221,100.143,164.26,236153.8943431064,0.017,0
2026-07-16T10:44:13Z,4.181,25.4672,10.44,1.7601,0.0426,0.423,1.322,138.451,139.450867,7.9693,101.038,162.45,278826.6392045165,0.016,0
2026-07-16T10:44:13Z,4.185,25.4471,10.44,1.783,0.0426,0.423,1.3673,143.66,144.654228,8.0391,101.63,162.27,306694.49491037463,0.014,0
2026-07-16T10:44:13Z,4.188,25.422,10.44,1.7792,0.0426,0.423,1.2918,146.791,147.775703,8.1237,101.868,163.02,324434.7582579057,0.013,0
2026-07-16T10:44:13Z,4.191,25.3948,10.44,1.7907,0.0426,0.423,1.0349,148.667,149.645679,8.212,101.866,161.96,335582.8482785862,0.011,0
2026-07-16T10:44:13Z,4.193,25.3695,10.44,1.783,0.0426,0.423,1.0954,149.792,150.77083,8.2892,101.799,163.66,342571.4581948084,0.01,0
2026-07-16T10:44:13Z,4.195,25.3494,10.53,1.7716,0.0426,0.4653,1.1105,150.472,151.457206,8.3408,101.786,162.06,346968.18828165304,0.009,0
2026-07-16T10:44:13Z,4.198,25.3354,10.53,1.7563,0.0426,0.4653,1.0349,150.879,151.873819,8.3624,101.885,160.97,349689.0640838977,0.01,0
2026-07-16T10:44:13Z,4.2,25.3269,10.53,1.7907,0.0426,0.4653,1.322,151.112,152.115737,8.3635,102.141,164.33,351282.66676196,0.011,0
2026-07-16T10:44:13Z,4.203,25.323,10.53,1.8021,0.0426,0.4653,1.3371,151.234,152.23946,8.3586,102.584,164.15,352091.1886162299,0.012,0
2026-07-16T10:44:13Z,4.206,25.3225,10.44,1.7907,0.0426,0.5076,1.3522,151.296,152.287999,8.3576,103.163,160.97,352389.3269030506,0.013,0
2026-07-16T10:44:13Z,4.21,25.3242,10.44,1.8097,0.0426,0.5076,1.2918,151.33,152.284316,8.3654,103.719,162.98,352335.3894211193,0.015,0
2026-07-16T10:44:13Z,4.214,25.3263,10.44,1.7945,0.0426,0.5076,1.4579,151.345,152.239448,8.3861,104.085,162.42,352029.00362446625,0.015,0
2026-07-16T10:44:13Z,4.218,25.3265,10.44,1.7716,0.0426,0.5076,1.3522,151.352,152.177488,8.4225,104.2,157.72,351656.96689475485,0.015,0
2026-07-16T10:44:13Z,4.223,25.3218,10.62,1.825,0.0852,0.3384,1.3522,151.366,152.125983,8.4707,104.117,158.96,351439.3071251118,0.015,0
2026-07-16T10:44:13Z,4.227,25.3093,10.62,1.8135,0.0852,0.3384,1.322,151.378,152.083216,8.5184,103.923,160.7,351420.1090647554,0.014,0
2026-07-16T10:44:13Z,4.23,25.2894,10.62,1.8402,0.0852,0.3384,1.2918,151.367,152.025759,8.5515,103.707,158.68,351452.66613752267,0.014,0
2026-07-16T10:44:13Z,4.233,25.2665,10.62,1.867,0.0852,0.3384,1.3673,151.335,151.954317,8.5646,103.554,158.58,351458.45618277544,0.013,0
2026-07-16T10:44:13Z,4.236,25.245,10.62,1.8555,0.0852,0.3384,1.2766,151.299,151.881891,8.5611,103.53,161.54,351432.0048668637,0.013,0
2026-07-16T10:44:13Z,4.239,25.2268,10.8,1.8326,0.0426,0.4653,1.3069,151.27,151.819217,8.548,103.676,158.96,351401.4354962459,0.014,0
2026-07-16T10:44:13Z,4.243,25.2116,10.8,1.8441,0.0426,0.4653,1.322,151.251,151.767613,8.5326,103.974,159.3,351380.26077468885,0.015,0
2026-07-16T10:44:13Z,4.247,25.1986,10.8,1.8517,0.0426,0.4653,1.322,151.234,151.717322,8.5221,104.327,161.82,351325.46437358705,0.016,0
2026-07-16T10:44:13Z,4.251,25.1867,10.8,1.8517,0.0426,0.4653,1.322,151.223,151.668956,8.522,104.632,157.62,351261.3886240325,0.016,0
2026-07-16T10:44:13Z,4.256,25.1755,10.89,1.8708,0.0852,0.423,1.2918,151.21,151.615626,8.5358,104.863,156.49,351154.5359215363,0.015,0
2026-07-16T10:44:13Z,4.26,25.1648,10.89,1.8441,0.0852,0.423,1.1709,151.19,151.55513,8.562,105.088,157.04,350995.5563463654,0.015,0
2026-07-16T10:44:13Z,4.264,25.1537,10.89,1.8517,0.0852,0.423,1.1709,151.177,151.49938,8.5928,105.39,156.39,350872.3220182951,0.013,0
2026-07-16T10:44:13Z,4.267,25.1414,10.89,1.8479,0.0852,0.423,1.1105,151.173,151.453542,8.6199,105.795,155.95,350830.6461192821,0.012,0
2026-07-16T10:44:13Z,4.269,25.1281,11.07,1.8784,0.0852,0.3807,1.1407,151.166,151.40539,8.6411,106.26,156.8,350793.9586425783,0.011,0
2026-07-16T10:44:13Z,4.272,25.1145,11.07,1.8402,0.0852,0.3807,1.0954,151.152,151.352098,8.6617,106.718,158.03,350732.2486938876,0.01,0
2026-07-16T10:44:13Z,4.274,25.1006,11.07,1.8631,0.0852,0.3807,1.0652,151.149,151.317517,8.6889,107.157,155.64,350787.6615192584,0.009,0
2026-07-16T10:44:13Z,4.276,25.0866,11.07,1.8708,0.0852,0.3807,1.0954,151.164,151.312455,8.7245,107.614,155.58,351021.03742788784,0.009,0
2026-07-16T10:44:13Z,4.278,25.0729,11.07,1.8593,0.0426,0.5076,1.0198,151.193,151.335563,8.765,108.1,158.3,351417.152848077,0.01,0
2026-07-16T10:44:13Z,4.281,25.0602,11.07,1.9165,0.0426,0.5076,1.0954,151.228,151.378978,8.8049,108.556,155,351916.24814612843,0.011,0
2026-07-16T10:44:13Z,4.283,25.0496,11.07,1.9432,0.0426,0.5076,1.1105,151.26,151.428235,8.8428,108.908,154.77,352411.2562939303,0.012,0
2026-07-16T10:44:13Z,4.286,25.0431,11.07,1.8937,0.0426,0.5076,1.1407,151.277,151.464418,8.8816,109.135,159.34,352750.9136884531,0.013,0
2026-07-16T10:44:13Z,4.289,25.0412,11.07,1.9089,0.0426,0.5076,1.1256,151.271,151.473137,8.922,109.236,156.87,352839.1251384795,0.014,0
2026-07-16T10:44:13Z,4.293,25.0437,11.16,1.9738,0.0426,0.5076,1.4579,151.257,151.464732,8.9592,109.221,153.39,352741.4278264531,0.015,0
2026-07-16T10:44:13Z,4.298,25.0494,11.16,1.9776,0.0426,0.5076,1.2918,151.237,151.440968,8.9873,109.139,154.2,352491.24068740895,0.015,0
2026-07-16T10:44:13Z,4.302,25.0561,11.16,1.9661,0.0426,0.5076,1.2615,151.198,151.391501,9.0049,109.081,155.14,352068.58481379243,0.015,0
2026-07-16T10:44:13Z,4.306,25.061,11.16,1.9661,0.0426,0.5076,1.4126,151.145,151.319167,9.0124,109.127,154.7,351543.70727736223,0.014,0
2026-07-16T10:44:13Z,4.309,25.0627,11.16,1.9585,0.0426,0.4653,1.4428,151.086,151.228717,9.0109,109.316,153.26,350971.5854671939,0.013,0
2026-07-16T10:44:13Z,4.313,25.0615,11.16,1.989,0.0426,0.4653,1.3673,151.04,151.142106,9.0044,109.631,153.29,350477.51112293836,0.012,0
2026-07-16T10:44:13Z,4.316,25.058,11.16,1.989,0.0426,0.4653,1.3975,151.021,151.080308,9.0002,110.005,154.06,350174.9176606635,0.011,0
2026-07-16T10:44:13Z,4.318,25.0516,11.16,1.97,0.0426,0.4653,1.322,151.015,151.036858,9.005,110.332,151.74,350036.24440876127,0.01,0
2026-07-16T10:44:13Z,4.32,25.0413,11.16,1.9509,0.0852,0.3807,1.3673,151.02,151.004175,9.0223,110.499,152.5,350035.0132077137,0.01,0
2026-07-16T10:44:13Z,4.322,25.0277,11.16,1.9127,0.0852,0.3807,1.2615,151.03,150.969535,9.0507,110.428,155.71,350084.13813429646,0.01,0
2026-07-16T10:44:13Z,4.324,25.0138,11.16,1.9204,0.0852,0.3807,1.3975,151.026,150.907675,9.0838,110.133,153.13,349976.56402965717,0.01,0
2026-07-16T10:44:13Z,4.327,25.0011,11.16,1.928,0.0852,0.3807,1.322,150.998,150.806103,9.1129,109.746,152.56,349609.58082245383,0.011,0
2026-07-16T10:44:13Z,4.33,24.9887,11.16,1.8937,0.0852,0.3807,1.322,150.952,150.677794,9.1289,109.451,154.8,349077.6819773211,0.011,0
2026-07-16T10:44:13Z,4.333,24.9741,11.25,1.9814,0.0426,0.423,1.4126,150.915,150.56265,9.1254,109.376,151.51,348665.5894242089,0.011,0
2026-07-16T10:44:13Z,4.336,24.9549,11.25,1.9738,0.0426,0.423,1.2766,150.924,150.506085,9.1042,109.563,150.13,348688.53662025504,0.011,0
2026-07-16T10:44:13Z,4.339,24.9303,11.25,1.9852,0.0426,0.423,1.3522,150.962,150.497018,9.0763,109.97,150.98,349096.00599613256,0.01,0
2026-07-16T10:44:13Z,4.342,24.9029,11.25,1.9661,0.0426,0.423,1.3522,150.985,150.49096,9.0565,110.487,150.36,349574.75871751044,0.009,0
2026-07-16T10:44:13Z,4.343,24.877,11.07,1.9051,0.0426,0.4653,1.0803,150.983,150.476279,9.0546,111,151.74,349974.5484126342,0.008,0
2026-07-16T10:44:13Z,4.345,24.8555,11.07,1.9318,0.0426,0.4653,1.0954,150.961,150.449061,9.0737,111.444,150.91,350216.92485052673,0.008,0
2026-07-16T10:44:13Z,4.346,24.8399,11.07,1.9242,0.0426,0.4653,1.0954,150.901,150.37801,9.1101,111.774,150.85,350085.7425511848,0.008,0
2026-07-16T10:44:13Z,4.348,24.8305,11.07,1.9089,0.0426,0.4653,1.0349,150.779,150.226151,9.1545,111.964,154.13,349354.151150001,0.009,0
2026-07-16T10:44:13Z,4.35,24.8262,10.98,1.97,0.0852,0.3807,1.1709,150.596,149.99105,9.1978,112.024,151.47,348030.50034723,0.011,0
2026-07-16T10:44:13Z,4.353,24.8243,10.98,1.9738,0.0852,0.3807,1.186,150.351,149.674116,9.2349,111.998,150.26,346177.91371309676,0.013,0
2026-07-16T10:44:13Z,4.356,24.8205,10.98,1.97,0.0852,0.3807,1.0198,150.002,149.230895,9.2629,111.935,152.46,343618.16669435514,0.015,0
2026-07-16T10:44:13Z,4.361,24.8105,10.98,1.9814,0.0852,0.3807,0.9745,149.512,148.621315,9.2803,111.849,150.85,340203.39534647536,0.016,0
2026-07-16T10:44:13Z,4.366,24.7927,10.98,1.9928,0.0852,0.3807,1.2615,148.816,147.792992,9.2883,111.745,147.54,335670.4695626597,0.017,0
2026-07-16T10:44:13Z,4.371,24.7681,10.71,1.9623,0.0426,0.3807,1.322,147.701,146.561087,9.2904,111.654,148.06,328958.06094311975,0.017,0
2026-07-16T10:44:13Z,4.375,24.736,10.71,1.97,0.0426,0.3807,1.3673,145.811,144.591073,9.2907,111.639,148.47,318256.9194945164,0.016,0
2026-07-16T10:44:13Z,4.379,24.6947,10.71,1.9623,0.0426,0.3807,1.2918,142.636,141.379645,9.2906,111.74,146.77,301064.38101208815,0.015,0
2026-07-16T10:44:13Z,4.382,24.6484,10.71,1.9852,0.0426,0.3807,1.2918,137.344,136.096459,9.2899,111.914,147.29,273658.3198268586,0.014,0
2026-07-16T10:44:13Z,4.386,24.6058,10.98,1.9852,0.0426,0.5076,1.3522,128.518,127.332666,9.2897,112.079,148.73,231138.96899626002,0.013,0
2026-07-16T10:44:13Z,4.389,24.5728,10.98,1.9776,0.0426,0.5076,1.3673,113.792,112.739236,9.2942,112.18,147.57,169335.88629939302,0.013,0
2026-07-16T10:44:13Z,4.392,24.5498,10.98,1.9738,0.0426,0.5076,1.3371,89.232,88.416574,9.3066,112.203,147.29,90858.82160749761,0.014,0
2026-07-16T10:44:13Z,4.395,24.5347,10.98,2.0539,0.0426,0.5076,1.4428,48.28,47.870624,9.3237,112.181,147.38,19130.358269426197,0.014,0
2026-07-16T10:44:13Z,4.399,24.5251,11.07,2.0424,0.0426,0.423,1.3824,-19.984,-19.706861,9.3391,112.183,147.45,NA,0.015,0
2026-07-16T10:44:13Z,4.403,24.519,11.07,2.0653,0.0426,0.423,1.3824,-133.762,-132.332538,9.3486,112.28,145.85,NA,0.016,0
2026-07-16T10:44:13Z,4.407,24.514,11.07,2.0424,0.0426,0.423,1.322,-323.387,-320.035913,9.3514,112.502,145.5,NA,0.016,0
2026-07-16T10:44:13Z,4.412,24.509,11.07,2.1378,0.0426,0.423,1.5637,-441.906,-437.37661,9.3505,112.843,143.56,NA,0.016,0
2026-07-16T10:44:13Z,4.416,24.5043,11.43,2.1759,0.0852,0.4653,1.5939,-323.417,-320.150871,9.3515,113.277,144.06,NA,0.016,0
2026-07-16T10:44:13Z,4.42,24.4986,11.43,2.1569,0.0852,0.4653,1.6694,-133.812,-132.541033,9.3607,113.775,142.47,NA,0.015,0
2026-07-16T10:44:13Z,4.424,24.4894,11.43,2.1569,0.0852,0.4653,1.5335,-20.033,-19.976364,9.3812,114.288,142.75,NA,0.014,0
2026-07-16T10:44:13Z,4.427,24.4764,11.43,2.1492,0.0852,0.4653,1.3824,48.228,47.540349,9.4121,114.748,142.62,18858.046170465495,0.014,0
2026-07-16T10:44:13Z,4.43,24.4612,11.43,2.1721,0.0852,0.4653,1.2615,89.166,88.009556,9.4508,115.107,142.75,90217.5029619258,0.013,0
2026-07-16T10:44:13Z,4.433,24.4456,11.88,2.1721,0.0852,0.4653,1.2615,113.699,112.235062,9.4948,115.341,141.21,168547.8653779246,0.013,0
2026-07-16T10:44:13Z,4.436,24.4308,11.88,2.1531,0.0852,0.4653,1.2766,128.394,126.715059,9.54,115.433,141.08,230434.61508598021,0.014,0
2026-07-16T10:44:13Z,4.44,24.4164,11.88,2.1721,0.0852,0.4653,1.3824,137.226,135.391,9.5809,115.411,140.84,273432.2605850192,0.015,0
2026-07-16T10:44:13Z,4.444,24.4006,11.88,2.1454,0.0852,0.4653,1.4126,142.563,140.618527,9.6136,115.363,142.56,301672.2834809677,0.016,0
2026-07-16T10:44:13Z,4.448,24.3821,11.97,2.1759,0.0852,0.5922,1.322,145.77,143.745577,9.6365,115.369,141.24,319549.1814561086,0.017,0
2026-07-16T10:44:13Z,4.453,24.3606,11.97,2.1492,0.0852,0.5922,1.3069,147.658,145.567968,9.6479,115.473,137.63,330457.809220999,0.018,0
2026-07-16T10:44:13Z,4.458,24.3392,11.97,2.2294,0.0852,0.5922,1.5335,148.764,146.613737,9.65,115.682,137.93,336989.27146795945,0.017,0
2026-07-16T10:44:13Z,4.463,24.3209,11.97,2.2103,0.0852,0.5922,1.5335,149.426,147.221844,9.6492,115.978,137.72,340934.36730298965,0.017,0
2026-07-16T10:44:13Z,4.467,24.3055,12.06,2.2332,0.0852,0.4653,1.6845,149.831,147.584493,9.6525,116.347,135.17,343385.5316065468,0.016,0
2026-07-16T10:44:13Z,4.471,24.2901,12.06,2.237,0.0852,0.4653,1.5486,150.082,147.806402,9.664,116.777,137.33,345003.4800698391,0.015,0
2026-07-16T10:44:13Z,4.474,24.2737,12.06,2.237,0.0852,0.4653,1.5939,150.245,147.952754,9.6844,117.228,136.65,346191.0602575576,0.014,0
2026-07-16T10:44:13Z,4.477,24.258,12.06,2.2332,0.0852,0.4653,1.5032,150.36,148.05857,9.7121,117.616,136.29,347124.23878563603,0.014,0
2026-07-16T10:44:13Z,4.48,24.2454,12.06,2.237,0.0852,0.4653,1.473,150.429,148.124025,9.7453,117.87,137.63,347757.13973489153,0.014,0
2026-07-16T10:44:13Z,4.484,24.2367,12.06,2.2484,0.0852,0.4653,1.5939,150.454,148.148546,9.7829,117.981,136.2,348069.79794438643,0.015,0
2026-07-16T10:44:13Z,4.489,24.2317,12.06,2.3018,0.0852,0.4653,1.7903,150.456,148.146686,9.8216,118.008,134.85,348153.1810891349,0.015,0
2026-07-16T10:44:13Z,4.493,24.2291,12.06,2.2828,0.0852,0.4653,1.8054,150.452,148.129967,9.8546,118.016,133.77,348101.3357972987,0.015,0
2026-07-16T10:44:13Z,4.497,24.2281,12.06,2.2942,0.0852,0.4653,1.8054,150.442,148.097936,9.876,118.022,133.28,347926.682406491,0.014,0
2026-07-16T10:44:13Z,4.501,24.2278,12.06,2.2866,0.0852,0.5922,1.8205,150.432,148.060079,9.8853,118.014,133.54,347703.6494800113,0.013,0
2026-07-16T10:44:13Z,4.503,24.2266,12.06,2.2141,0.0852,0.5922,1.5486,150.434,148.030335,9.8878,117.979,133.59,347546.69415133836,0.011,0
2026-07-16T10:44:13Z,4.506,24.2224,12.06,2.2408,0.0852,0.5922,1.5788,150.433,147.994761,9.8892,117.917,132.64,347411.2437516433,0.01,0
2026-07-16T10:44:13Z,4.508,24.2151,12.06,2.2179,0.0852,0.5922,1.5486,150.425,147.951882,9.8911,117.865,133.3,347290.24220938876,0.009,0
2026-07-16T10:44:13Z,4.51,24.206,12.15,2.2027,0.0852,0.423,1.5939,150.433,147.926315,9.8921,117.857,133.28,347307.74442016816,0.009,0
2026-07-16T10:44:13Z,4.512,24.1955,12.15,2.2294,0.0852,0.423,1.5183,150.459,147.92326,9.8911,117.894,132.32,347487.69827987417,0.009,0
2026-07-16T10:44:13Z,4.514,24.184,12.15,2.2065,0.0852,0.423,1.5486,150.48,147.919867,9.888,117.982,131.83,347684.65004511655,0.009,0
2026-07-16T10:44:13Z,4.516,24.1722,12.15,2.2255,0.0852,0.423,1.5183,150.469,147.889191,9.8858,118.14,133.28,347722.4128344942,0.01,0
2026-07-16T10:44:13Z,4.519,24.1612,12.06,2.2217,0.0852,0.4653,1.5939,150.44,147.84508400000001,9.8872,118.34,132.29,347663.7995328159,0.011,0
2026-07-16T10:44:13Z,4.522,24.1517,12.06,2.2866,0.0852,0.4653,1.7903,150.424,147.817847,9.8921,118.508,131.12,347678.81860523834,0.012,0
2026-07-16T10:44:13Z,4.525,24.1438,12.06,2.2599,0.0852,0.4653,1.8054,150.415,147.804221,9.9009,118.578,130.33,347745.90887955873,0.012,0
2026-07-16T10:44:13Z,4.529,24.1372,12.06,2.298,0.0852,0.4653,1.7903,150.415,147.80458,9.9154,118.518,129.53,347873.05906163785,0.012,0
2026-07-16T10:44:13Z,4.532,24.1318,12.06,2.3095,0.0852,0.4653,1.8507,150.434,147.827032,9.9332,118.335,129.34,348111.3299152347,0.012,0
2026-07-16T10:44:13Z,4.535,24.1279,12.24,2.34,0.0852,0.423,1.5183,150.45,147.845515,9.948,118.061,130.13,348297.2489080592,0.011,0
2026-07-16T10:44:13Z,4.538,24.1261,12.24,2.3362,0.0852,0.423,1.5335,150.438,147.832912,9.9541,117.75,129.93,348255.0214363998,0.01,0
2026-07-16T10:44:13Z,4.54,24.1263,12.24,2.3858,0.0852,0.423,1.5788,150.405,147.79788,9.9491,117.465,128.97,348039.0050736,0.009,0
2026-07-16T10:44:13Z,4.542,24.1277,12.24,2.3514,0.0852,0.423,1.5939,150.349,147.739087,9.9335,117.235,129.7,347656.5103940207,0.008,0
2026-07-16T10:44:13Z,4.544,24.1288,12.15,2.2904,0.0852,0.4653,1.5335,150.272,147.652875,9.9103,117.059,129.53,347114.15049272956,0.008,0
2026-07-16T10:44:13Z,4.545,24.1285,12.15,2.2789,0.0852,0.4653,1.5939,150.218,147.574341,9.8842,116.964,129.14,346645.1416257082,0.008,0
2026-07-16T10:44:13Z,4.547,24.1274,12.15,2.2828,0.0852,0.4653,1.5637,150.195,147.508584,9.8605,117,129.84,346268.7349906383,0.009,0
2026-07-16T10:44:13Z,4.549,24.1261,12.15,2.2942,0.0852,0.4653,1.5183,150.168,147.424043,9.8414,117.191,129.23,345782.9951047284,0.01,0
2026-07-16T10:44:13Z,4.552,24.1228,11.97,2.2789,0.0852,0.5076,1.5486,150.144,147.334224,9.8273,117.511,129.39,345303.4360460204,0.011,0
2026-07-16T10:44:13Z,4.555,24.1144,11.97,2.2866,0.0852,0.5076,1.6543,150.137,147.259239,9.8208,117.915,129.11,345009.38888030266,0.012,0
2026-07-16T10:44:13Z,4.559,24.0998,11.97,2.2866,0.0852,0.5076,1.5939,150.127,147.185094,9.8266,118.365,127.5,344836.8853428653,0.013,0
2026-07-16T10:44:13Z,4.563,24.0805,11.97,2.2942,0.0852,0.5076,1.6996,150.125,147.130072,9.8462,118.818,127.3,344867.8650281509,0.013,0
2026-07-16T10:44:13Z,4.567,24.0585,11.97,2.3667,0.0852,0.5076,1.9413,150.151,147.117552,9.8771,119.212,125.93,345206.05614165775,0.013,0
2026-07-16T10:44:13Z,4.57,24.0358,11.97,2.3362,0.0852,0.5076,1.8809,150.187,147.13418,9.9154,119.468,126.01,345734.04926982085,0.012,0
2026-07-16T10:44:13Z,4.573,24.0144,11.97,2.3438,0.0852,0.5076,1.8658,150.222,147.166361,9.9571,119.526,126.37,346332.5768809437,0.012,0
2026-07-16T10:44:13Z,4.576,23.9966,11.97,2.3247,0.0852,0.5076,1.8809,150.236,147.186626,9.9985,119.394,125.46,346791.8720526637,0.011,0
2026-07-16T10:44:13Z,4.578,23.984,11.97,2.3514,0.0852,0.5076,1.8356,150.216,147.17234,10.0341,119.139,126.28,346943.7714680827,0.011,0
2026-07-16T10:44:13Z,4.58,23.9779,12.06,2.3591,0.0852,0.4653,1.8356,150.17,147.119694,10.0568,118.832,126.7,346740.0525586607,0.011,0
2026-07-16T10:44:13Z,4.583,23.9772,12.06,2.3438,0.0852,0.4653,1.9111,150.117,147.03468,10.0617,118.551,126.53,346238.1341870915,0.011,0
2026-07-16T10:44:13Z,4.586,23.9793,12.06,2.3362,0.0852,0.4653,1.8507,150.091,146.950711,10.0502,118.394,126.12,345690.13454865187,0.012,0
2026-07-16T10:44:13Z,4.589,23.9811,12.06,2.3324,0.0852,0.4653,1.5486,150.081,146.873429,10.0284,118.419,124.67,345188.7882784817,0.012,0
2026-07-16T10:44:13Z,4.593,23.9786,12.06,2.3438,0.0852,0.4653,1.5637,150.05,146.78022,10.003,118.615,124.32,344672.61793393525,0.012,0
2026-07-16T10:44:13Z,4.596,23.9676,12.06,2.3514,0.0852,0.4653,1.609,150.012,146.686282,9.9814,118.912,123.89,344312.17603525904,0.011,0
2026-07-16T10:44:13Z,4.599,23.9483,12.06,2.3171,0.0852,0.4653,1.609,149.999,146.620641,9.9718,119.222,123.57,344278.57318995625,0.01,0
2026-07-16T10:44:13Z,4.602,23.9257,12.06,2.3438,0.0852,0.4653,1.5939,150.021,146.589828,9.9782,119.477,124.19,344517.4658253814,0.009,0
2026-07-16T10:44:13Z,4.604,23.9047,12.15,2.3552,0.0852,0.4653,1.5939,150.072,146.593633,9.9986,119.641,123.73,344935.98262620124,0.008,0
2026-07-16T10:44:13Z,4.605,23.886,12.15,2.3552,0.0852,0.4653,1.609,150.127,146.617046,10.0272,119.693,123.49,345430.5426805018,0.007,0
2026-07-16T10:44:13Z,4.607,23.8682,12.15,2.3514,0.0852,0.4653,1.5486,150.169,146.650282,10.0567,119.629,123.68,345968.47957619367,0.006,0
2026-07-16T10:44:13Z,4.608,23.8509,12.15,2.4086,0.0852,0.4653,1.6694,150.204,146.700202,10.0815,119.487,123.57,346599.2164033931,0.006,0
2026-07-16T10:44:13Z,4.61,23.8357,12.15,2.4315,0.0852,0.4653,1.5939,150.215,146.740062,10.0982,119.355,123.19,347129.9869369793,0.006,0
2026-07-16T10:44:13Z,4.611,23.8254,12.06,2.4239,0.0852,0.423,1.6543,150.205,146.752455,10.1045,119.321,123.14,347401.1016953352,0.007,0
2026-07-16T10:44:13Z,4.613,23.8227,12.06,2.3972,0.0852,0.423,1.5939,150.205,146.756712,10.0996,119.423,123.51,347478.35106123425,0.008,0
2026-07-16T10:44:13Z,4.614,23.828,12.06,2.4735,0.0852,0.423,1.5939,150.202,146.74195,10.0866,119.647,123.54,347287.7322640141,0.009,0
2026-07-16T10:44:13Z,4.617,23.8376,12.06,2.4735,0.0852,0.423,1.609,150.179,146.694217,10.0736,119.954,123.33,346815.03688058414,0.01,0
2026-07-16T10:44:13Z,4.619,23.8451,12.06,2.5002,0.0852,0.5076,1.5939,150.162,146.642843,10.0693,120.287,123.6,346360.5791136714,0.011,0
2026-07-16T10:44:13Z,4.623,23.8465,12.06,2.4506,0.0852,0.5076,1.4881,150.162,146.608177,10.0777,120.587,121.36,346123.4977107285,0.011,0
2026-07-16T10:44:13Z,4.626,23.8425,12.06,2.5879,0.0852,0.5076,1.5486,150.16,146.584975,10.0974,120.81,121.28,346058.31294394296,0.011,0
2026-07-16T10:44:13Z,4.629,23.8342,12.06,2.607,0.0852,0.5076,1.5486,150.152,146.571056,10.1249,120.936,121.7,346130.90174209425,0.011,0
2026-07-16T10:44:13Z,4.631,23.8226,12.15,2.5841,0.0852,0.4653,1.6392,150.148,146.566714,10.1551,120.959,121.68,346324.2370992983,0.011,0
2026-07-16T10:44:13Z,4.634,23.811,12.15,2.5994,0.0852,0.4653,1.5939,150.128,146.536744,10.1827,120.88,122.47,346361.87934442813,0.011,0
2026-07-16T10:44:13Z,4.636,23.8039,12.15,2.5269,0.0852,0.4653,1.5486,150.067,146.443114,10.2029,120.694,121.73,345927.2732937381,0.011,0
2026-07-16T10:44:13Z,4.638,23.802,12.15,2.5307,0.0852,0.4653,1.5486,149.979,146.278881,10.2138,120.422,122.05,344966.0896511771,0.012,0
2026-07-16T10:44:13Z,4.642,23.8017,12.15,2.5193,0.0852,0.4653,1.5183,149.83,145.988235,10.2159,120.132,122.05,343211.34681176563,0.014,0
2026-07-16T10:44:13Z,4.645,23.7983,12.33,2.5345,0.0852,0.423,1.4881,149.61,145.529719,10.2098,119.902,121.68,340508.7069382776,0.017,0
2026-07-16T10:44:13Z,4.65,23.7867,12.33,2.5231,0.0852,0.423,1.4881,149.424,145.007371,10.1964,119.784,121.18,337587.9732508943,0.019,0
2026-07-16T10:44:13Z,4.655,23.7605,12.33,2.5155,0.0852,0.423,1.4881,149.364,144.576285,10.1785,119.798,121.44,335493.26826032216,0.021,0
2026-07-16T10:44:13Z,4.662,23.7117,12.33,2.5422,0.0852,0.423,1.5637,149.408,144.301717,10.1633,119.933,119.61,334750.39062673325,0.022,0
2026-07-16T10:44:13Z,4.669,23.6302,12.33,2.5307,0.0852,0.3807,1.5486,149.509,144.170512,10.1594,120.156,117.21,335463.80935669376,0.022,0
2026-07-16T10:44:13Z,4.675,23.5159,12.33,2.5307,0.0852,0.3807,1.609,149.627,144.141664,10.1714,120.426,117.44,337402.46578226454,0.022,0
2026-07-16T10:44:13Z,4.681,23.3915,12.33,2.6681,0.0852,0.3807,1.5183,149.737,144.177437,10.1965,120.713,117.49,339936.7940317287,0.02,0
2026-07-16T10:44:13Z,4.685,23.2853,12.33,2.6337,0.0852,0.3807,1.5486,149.831,144.25733,10.2284,121.031,118.49,342420.34540073696,0.018,0
2026-07-16T10:44:13Z,4.689,23.2091,12.42,2.6642,0.0852,0.5922,1.5335,149.879,144.336562,10.2621,121.434,117.72,344349.9007272348,0.016,0
2026-07-16T10:44:13Z,4.692,23.1615,12.42,2.6375,0.0852,0.5922,1.5788,149.865,144.376186,10.2943,121.965,117.88,345500.7510153039,0.015,0
2026-07-16T10:44:13Z,4.696,23.1381,12.42,2.7215,0.0852,0.5922,1.8054,149.822,144.380765,10.3234,122.61,118.18,345976.2773205696,0.015,0
2026-07-16T10:44:13Z,4.699,23.1345,12.42,2.71,0.0852,0.5922,1.8205,149.746,144.32349,10.3513,123.324,118.16,345692.09650278906,0.016,0
2026-07-16T10:44:13Z,4.703,23.1455,12.51,2.752,0.0852,0.6345,1.8658,149.605,144.153041,10.3836,124.048,118.03,344433.10535032017,0.017,0
2026-07-16T10:44:13Z,4.708,23.1631,12.51,2.6871,0.0852,0.6345,1.8205,149.475,143.936114,10.4254,124.734,117.65,342767.4902647693,0.018,0
2026-07-16T10:44:13Z,4.713,23.1784,12.51,2.6871,0.0852,0.6345,1.7601,149.461,143.811112,10.4776,125.338,116.07,341713.0714500207,0.019,0
2026-07-16T10:44:13Z,4.719,23.1839,12.51,2.7405,0.0852,0.6345,1.7903,149.528,143.784744,10.5375,125.804,115.49,341448.1072362926,0.02,0
2026-07-16T10:44:13Z,4.724,23.1721,12.51,2.7024,0.0852,0.6345,1.7903,149.581,143.779883,10.6018,126.063,114.84,341641.12032931874,0.019,0
2026-07-16T10:44:13Z,4.729,23.1416,12.78,2.7024,0.0852,0.6345,1.8658,149.593,143.759183,10.6666,126.096,114.69,342090.89740569657,0.018,0
2026-07-16T10:44:13Z,4.734,23.1042,12.78,2.7291,0.0852,0.6345,1.5335,149.571,143.711118,10.7259,125.967,115.27,342504.49430232006,0.017,0
2026-07-16T10:44:13Z,4.737,23.074,12.78,2.7253,0.0852,0.6345,1.5939,149.531,143.632886,10.7719,125.763,114.64,342597.09982086194,0.016,0
2026-07-16T10:44:13Z,4.741,23.0553,12.78,2.7367,0.0852,0.6345,1.4881,149.488,143.527656,10.7978,125.54,114.99,342305.8895452173,0.016,0
2026-07-16T10:44:13Z,4.744,23.0447,13.14,2.7367,0.1278,0.5922,1.6241,149.438,143.389395,10.8028,125.327,115.14,341658.62984610366,0.016,0
2026-07-16T10:44:13Z,4.748,23.0356,13.14,2.7215,0.1278,0.5922,1.6241,149.354,143.189239,10.7936,125.14,114.69,340604.5457029424,0.017,0
2026-07-16T10:44:13Z,4.753,23.0221,13.14,2.7329,0.1278,0.5922,1.6996,149.264,142.949906,10.7789,124.994,115.24,339395.42850030673,0.018,0
2026-07-16T10:44:13Z,4.758,23.0008,13.14,2.7215,0.1278,0.5922,1.5183,149.252,142.767772,10.7641,124.906,114.64,338683.4141325552,0.019,0
2026-07-16T10:44:13Z,4.763,22.9706,13.05,2.7138,0.0852,0.7191,1.5486,149.324,142.68637,10.752,124.862,111.77,338753.3597124202,0.019,0
2026-07-16T10:44:13Z,4.769,22.9306,13.05,2.8588,0.0852,0.7191,1.6241,149.417,142.681979,10.7441,124.789,112.01,339478.7820936819,0.019,0
2026-07-16T10:44:13Z,4.774,22.8795,13.05,2.8397,0.0852,0.7191,1.5637,149.487,142.71738,10.742,124.604,112.23,340660.28266163246,0.018,0
2026-07-16T10:44:13Z,4.778,22.8223,13.05,2.8664,0.0852,0.7191,1.5788,149.51,142.747945,10.7461,124.268,112.52,341932.73026441596,0.017,0
2026-07-16T10:44:13Z,4.782,22.7722,13.05,2.8206,0.0852,0.7191,1.5939,149.488,142.74979,10.7526,123.812,111.86,342897.847083755,0.016,0
2026-07-16T10:44:13Z,4.786,22.7409,12.96,2.9046,0.0852,0.54990000000000006,1.322,149.453,142.735426,10.7527,123.326,112.06,343406.510166668,0.016,0
2026-07-16T10:44:13Z,4.789,22.7303,12.96,2.9046,0.0852,0.54990000000000006,1.322,149.417,142.701024,10.7389,122.925,111.86,343396.08729964116,0.016,0
2026-07-16T10:44:13Z,4.793,22.7333,12.96,2.9084,0.0852,0.54990000000000006,1.3975,149.355,142.605373,10.7094,122.688,112.15,342746.9121800505,0.017,0
2026-07-16T10:44:13Z,4.797,22.741,12.96,2.9084,0.0852,0.54990000000000006,1.3975,149.276,142.440989,10.6686,122.663,111.62,341584.83944024774,0.018,0
2026-07-16T10:44:13Z,4.802,22.7471,13.05,2.9008,0.0852,0.6768,1.5335,149.224,142.260153,10.6255,122.887,109.82,340354.57855072466,0.019,0
2026-07-16T10:44:13Z,4.808,22.7471,13.05,2.916,0.0852,0.6768,1.6241,149.221,142.108751,10.5909,123.337,110.13,339423.32321392524,0.019,0
2026-07-16T10:44:13Z,4.813,22.7347,13.05,2.8855,0.0852,0.6768,1.5486,149.25,141.992455,10.573,123.909,109.55,338942.83334599674,0.02,0
2026-07-16T10:44:13Z,4.818,22.7051,13.05,2.9008,0.0852,0.6768,1.5486,149.29,141.904275,10.5769,124.472,109.62,338959.4739667607,0.02,0
2026-07-16T10:44:13Z,4.822,22.6611,12.96,2.9732,0.1278,0.54990000000000006,1.6241,149.324,141.8267,10.6052,124.906,109.72,339313.33703972655,0.02,0
2026-07-16T10:44:13Z,4.827,22.6113,12.96,2.9427,0.1278,0.54990000000000006,1.5032,149.328,141.725021,10.6541,125.145,109.53,339629.0856557002,0.021,0
2026-07-16T10:44:13Z,4.833,22.5633,12.96,2.9503,0.1278,0.54990000000000006,1.5637,149.282,141.562112,10.7133,125.199,109.1,339533.2467247064,0.022,0
2026-07-16T10:44:13Z,4.838,22.5211,12.96,2.9809,0.1278,0.54990000000000006,1.6392,149.21,141.342586,10.7706,125.128,109.01,338977.5287991378,0.024,0
2026-07-16T10:44:13Z,4.845,22.4844,13.23,3.0076,0.1278,0.5922,1.4881,149.163,141.122033,10.8158,125.008,108.61,338310.8186256821,0.025,0
2026-07-16T10:44:13Z,4.852,22.4491,13.23,3.0305,0.1278,0.5922,1.4881,149.17,140.96177,10.8437,124.92,105.95,337989.1229336731,0.025,0
2026-07-16T10:44:13Z,4.859,22.4089,13.23,3.0305,0.1278,0.5922,1.5486,149.238,140.90715,10.8567,124.913,105.69,338412.0356465547,0.024,0
2026-07-16T10:44:13Z,4.865,22.3584,13.23,3.0152,0.1278,0.5922,1.5183,149.333,140.947605,10.861,124.983,105.05,339620.4453160202,0.022,0
2026-07-16T10:44:13Z,4.871,22.2994,13.23,2.9732,0.1278,0.5922,1.4579,149.402,141.029847,10.8629,125.096,105.1,341256.38725268265,0.02,0
2026-07-16T10:44:13Z,4.876,22.2434,13.5,2.9465,0.0852,0.5922,1.322,149.433,141.117742,10.8669,125.211,105.31,342878.65620930097,0.018,0
2026-07-16T10:44:13Z,4.879,22.2036,13.5,2.9809,0.0852,0.5922,1.2918,149.426,141.180672,10.8746,125.293,105.92,344039.5992068245,0.017,0
2026-07-16T10:44:13Z,4.883,22.1871,13.5,2.9503,0.0852,0.5922,1.2918,149.383,141.195377,10.8841,125.366,105.6,344450.6668636202,0.016,0
2026-07-16T10:44:13Z,4.887,22.1927,13.5,3.0305,0.0852,0.5922,1.2615,149.326,141.169788,10.8927,125.521,105.6,344181.8341315677,0.017,0
2026-07-16T10:44:13Z,4.891,22.2122,13.77,3.0381,0.0852,0.6345,1.2918,149.283,141.129119,10.8986,125.832,105.37,343550.55702397536,0.017,0
2026-07-16T10:44:13Z,4.895,22.2356,13.77,3.0305,0.0852,0.6345,1.3371,149.251,141.080548,10.9009,126.29,104.8,342796.0638197685,0.018,0
2026-07-16T10:44:13Z,4.901,22.2542,13.77,3.019,0.0852,0.6345,1.3673,149.224,141.023133,10.9033,126.82,104.33,342080.15501218714,0.018,0
2026-07-16T10:44:13Z,4.906,22.2636,13.77,3.0877,0.0852,0.6345,1.2464,149.204,140.965592,10.9149,127.321,102.62,341541.0244244009,0.018,0
2026-07-16T10:44:13Z,4.911,22.2638,13.95,3.0953,0.0852,0.54990000000000006,1.3975,149.187,140.908595,10.9419,127.697,102.39,341181.9315617636,0.017,0
2026-07-16T10:44:13Z,4.915,22.2575,13.95,3.08,0.0852,0.54990000000000006,1.2766,149.168,140.848955,10.9831,127.889,102.24,340930.8375219018,0.015,0
2026-07-16T10:44:13Z,4.919,22.247,13.95,3.0839,0.0852,0.54990000000000006,1.3673,149.149,140.790792,11.0314,127.872,102.48,340769.2278059098,0.014,0
2026-07-16T10:44:13Z,4.922,22.2341,13.95,3.1449,0.0852,0.54990000000000006,1.2615,149.14,140.744622,11.0778,127.659,102.24,340728.1416657879,0.012,0
2026-07-16T10:44:13Z,4.924,22.2202,13.95,3.1449,0.0852,0.54990000000000006,1.4881,149.136,140.704139,11.1135,127.306,102.39,340741.56977678544,0.01,0
2026-07-16T10:44:13Z,4.927,22.2063,13.86,3.164,0.0852,0.5922,1.2464,149.123,140.654543,11.1331,126.879,102.57,340698.1740512612,0.009,0
2026-07-16T10:44:13Z,4.929,22.1928,13.86,3.1373,0.0852,0.5922,1.2918,149.108,140.598625,11.1344,126.438,102.57,340607.6694548656,0.009,0
2026-07-16T10:44:13Z,4.931,22.18,13.86,3.2288,0.0852,0.5922,1.3824,149.078,140.519471,11.1186,126.077,103.02,340358.8662748716,0.009,0
2026-07-16T10:44:13Z,4.933,22.1679,13.86,3.1983,0.0852,0.5922,1.3673,149.01,140.383958,11.0904,125.886,102.42,339745.5243638531,0.01,0
2026-07-16T10:44:13Z,4.935,22.1554,13.77,3.1869,0.0852,0.6768,1.3975,148.894,140.165962,11.0558,125.879,102.73,338627.07140766305,0.011,0
2026-07-16T10:44:13Z,4.938,22.1414,13.77,3.2021,0.0852,0.6768,1.3673,148.758,139.869421,11.0204,126.003,103.11,337051.358941661,0.013,0
2026-07-16T10:44:13Z,4.942,22.1241,13.77,3.2097,0.0852,0.6768,1.609,148.687,139.57543,10.9926,126.208,102.24,335557.12100740534,0.014,0
2026-07-16T10:44:13Z,4.946,22.1,13.77,3.1945,0.0852,0.6768,1.5939,148.718,139.373764,10.9811,126.469,101.62,334763.85895878717,0.015,0
2026-07-16T10:44:13Z,4.951,22.0637,13.95,3.2021,0.1278,0.7614,1.5032,148.788,139.260682,10.9883,126.742,100.54,334747.7413626122,0.016,0
2026-07-16T10:44:13Z,4.955,22.007,13.95,3.1983,0.1278,0.7614,1.5183,148.838,139.190004,11.0112,126.94,99.585,335378.8451657923,0.015,0
2026-07-16T10:44:13Z,4.959,21.9309,13.95,3.0877,0.1278,0.7614,1.322,148.878,139.162901,11.0453,126.983,99.889,336650.61781962134,0.014,0
2026-07-16T10:44:13Z,4.963,21.8534,13.95,3.1067,0.1278,0.7614,1.2918,148.916,139.168139,11.0847,126.868,100.5,338157.86248398095,0.013,0
2026-07-16T10:44:13Z,4.965,21.7932,14.31,3.08,0.0852,0.5076,1.3975,148.915,139.151058,11.1216,126.687,100.06,339201.8789419882,0.012,0
2026-07-16T10:44:13Z,4.968,21.7539,14.31,3.08,0.0852,0.5076,1.3824,148.896,139.111108,11.1474,126.545,99.629,339704.7373907055,0.011,0
2026-07-16T10:44:13Z,4.97,21.7319,14.31,3.0305,0.0852,0.5076,1.3069,148.883,139.059661,11.1558,126.5,99.932,339803.7937601567,0.01,0
2026-07-16T10:44:13Z,4.973,21.7219,14.31,3.0381,0.0852,0.5076,1.2766,148.835,138.94896,11.1478,126.574,99.845,339299.78519489785,0.011,0
2026-07-16T10:44:13Z,4.975,21.7164,14.31,3.019,0.0852,0.5076,1.322,148.739,138.755491,11.133,126.806,99.65,338190.3276759093,0.011,0
2026-07-16T10:44:13Z,4.978,21.7088,14.4,3.0228,0.0852,0.5922,1.2918,148.602,138.469706,11.1223,127.236,100.06,336545.05791348725,0.012,0
2026-07-16T10:44:13Z,4.981,21.6955,14.4,3.2097,0.0852,0.5922,1.5335,148.44,138.087471,11.1213,127.861,100.26,334410.60426490434,0.014,0
2026-07-16T10:44:13Z,4.985,21.6733,14.4,3.2021,0.0852,0.5922,1.6392,148.355,137.715062,11.1327,128.615,99.845,332511.5932171286,0.015,0
2026-07-16T10:44:13Z,4.989,21.6384,14.4,3.2097,0.0852,0.5922,1.5486,148.41,137.46737100000001,11.1608,129.383,98.402,331628.8906374215,0.016,0
2026-07-16T10:44:13Z,4.994,21.5851,14.4,3.1945,0.0852,0.6345,1.5183,148.534,137.334385,11.2104,130.03,97.276,331803.9067930394,0.016,0
2026-07-16T10:44:13Z,4.998,21.5073,14.4,3.3166,0.0852,0.6345,1.3069,148.654,137.270617,11.2827,130.448,97.487,332872.5900132881,0.015,0
2026-07-16T10:44:13Z,5.002,21.4088,14.4,3.3242,0.0852,0.6345,1.3069,148.741,137.247046,11.3711,130.603,97.36,334591.5256471889,0.014,0
2026-07-16T10:44:13Z,5.005,21.3083,14.4,3.328,0.0852,0.6345,1.3371,148.782,137.241365,11.4612,130.56,97.487,336473.4853104678,0.012,0
2026-07-16T10:44:13Z,5.008,21.225,14.49,3.328,0.1278,0.6768,1.4126,148.767,137.222032,11.5371,130.444,97.933,337951.04234363436,0.011,0
2026-07-16T10:44:13Z,5.01,21.1663,14.49,3.3242,0.1278,0.6768,1.2766,148.688,137.137851,11.5872,130.367,97.869,338548.8701117461,0.01,0
2026-07-16T10:44:13Z,5.012,21.1313,14.49,3.3394,0.1278,0.6768,1.3975,148.563,136.964377,11.6087,130.388,97.551,338122.1724082461,0.01,0
2026-07-16T10:44:13Z,5.015,21.1168,14.49,3.3166,0.1278,0.6768,1.3371,148.424,136.711409,11.6081,130.544,97.445,336795.5483896867,0.011,0
2026-07-16T10:44:13Z,5.017,21.1149,14.49,3.3242,0.1278,0.6768,1.3975,148.309,136.413583,11.5982,130.856,97.678,334946.3524443611,0.012,0
2026-07-16T10:44:13Z,5.02,21.1109,14.4,3.4043,0.0852,0.7614,1.3673,148.261,136.129603,11.5923,131.276,97.742,333230.4013565795,0.013,0
2026-07-16T10:44:13Z,5.024,21.0913,14.4,3.4005,0.0852,0.7614,1.4579,148.295,135.907844,11.5986,131.678,97.339,332206.3584812554,0.014,0
2026-07-16T10:44:13Z,5.028,21.0492,14.4,3.3738,0.0852,0.7614,1.3673,148.368,135.749213,11.622,131.934,96.224,332006.653815269,0.015,0
2026-07-16T10:44:13Z,5.033,20.9845,14.4,3.4043,0.0852,0.7614,1.2766,148.432,135.629412,11.6647,131.97,95.412,332480.6093427126,0.015,0
2026-07-16T10:44:13Z,5.037,20.9037,14.49,3.3967,0.1278,0.54990000000000006,1.4428,148.478,135.540509,11.7207,131.804,95.35,333458.67521142145,0.015,0
2026-07-16T10:44:13Z,5.041,20.8187,14.49,3.389,0.1278,0.54990000000000006,1.322,148.52,135.490821,11.7761,131.538,95.267,334771.2316760441,0.015,0
2026-07-16T10:44:13Z,5.045,20.7425,14.49,3.4081,0.1278,0.54990000000000006,1.2464,148.554,135.471101,11.8166,131.27,94.71,336112.6500009482,0.014,0
2026-07-16T10:44:13Z,5.048,20.6824,14.49,3.4005,0.1278,0.54990000000000006,1.322,148.556,135.444059,11.8336,131.033,95.164,337102.0902591341,0.013,0
2026-07-16T10:44:13Z,5.051,20.6384,14.4,3.3089,0.1278,0.7614,1.2464,148.514,135.370457,11.8289,130.836,95.061,337483.5616396014,0.013,0
2026-07-16T10:44:13Z,5.054,20.6086,14.4,3.3433,0.1278,0.7614,1.2918,148.421,135.210655,11.8119,130.714,95.247,337036.2582471742,0.013,0
2026-07-16T10:44:13Z,5.057,20.5915,14.4,3.3356,0.1278,0.7614,1.4126,148.328,134.9921,11.7917,130.688,95.516,335965.95582905685,0.013,0
2026-07-16T10:44:13Z,5.06,20.5819,14.4,3.3585,0.1278,0.7614,1.2918,148.312,134.808642,11.7726,130.715,95.143,334976.75656612,0.014,0
2026-07-16T10:44:13Z,5.064,20.57,14.4,3.3967,0.1278,0.6345,1.322,148.344,134.685409,11.7578,130.721,93.463,334418.01189445495,0.014,0
2026-07-16T10:44:13Z,5.068,20.5447,14.4,3.4119,0.1278,0.6345,1.2313,148.351,134.577521,11.7527,130.665,93.341,334215.4481250382,0.013,0
2026-07-16T10:44:13Z,5.072,20.4997,14.4,3.3738,0.1278,0.6345,1.322,148.313,134.450199,11.7607,130.586,93.463,334267.7637373683,0.013,0
2026-07-16T10:44:13Z,5.075,20.4429,14.4,3.4196,0.1278,0.6345,1.3975,148.264,134.321534,11.7764,130.577,93.727,334539.03637219616,0.012,0
2026-07-16T10:44:13Z,5.077,20.3915,14.4,3.4692,0.1278,0.6345,1.3522,148.236,134.215264,11.7888,130.706,93.524,334850.1629230395,0.011,0
2026-07-16T10:44:13Z,5.08,20.3528,14.4,3.4577,0.0852,0.7614,1.3069,148.212,134.115058,11.7928,130.968,93.26,334954.91494800034,0.01,0
2026-07-16T10:44:13Z,5.082,20.3216,14.4,3.4501,0.0852,0.7614,1.2918,148.202,134.02822,11.7929,131.313,93.301,335000.4253796389,0.01,0
2026-07-16T10:44:13Z,5.084,20.2931,14.4,3.4768,0.0852,0.7614,1.4277,148.227,133.97963,11.7988,131.675,93.422,335239.9194436916,0.01,0
2026-07-16T10:44:13Z,5.087,20.266,14.4,3.4577,0.0852,0.7614,1.322,148.274,133.966336,11.8168,132,93.28,335680.22411722725,0.011,0
2026-07-16T10:44:13Z,5.089,20.2394,14.4,3.389,0.1278,0.6345,1.2918,148.324,133.972779,11.8467,132.248,93.24,336239.13460001536,0.012,0
2026-07-16T10:44:13Z,5.092,20.2131,14.4,3.4043,0.1278,0.6345,1.4126,148.377,133.996673,11.8841,132.396,93.321,336906.316727203,0.013,0
2026-07-16T10:44:13Z,5.095,20.1892,14.4,3.4005,0.1278,0.6345,1.2766,148.433,134.038384,11.9225,132.441,93.159,337643.62756157137,0.013,0
2026-07-16T10:44:13Z,5.099,20.1703,14.4,3.3967,0.1278,0.6345,1.3673,148.454,134.064998,11.9564,132.397,91.236,338186.5204923726,0.014,0
2026-07-16T10:44:13Z,5.103,20.1573,14.4,3.4692,0.0852,0.6345,1.3069,148.414,134.037573,11.9819,132.283,91.434,338263.2382127806,0.014,0
2026-07-16T10:44:13Z,5.107,20.1492,14.4,3.4386,0.0852,0.6345,1.2464,148.332,133.952803,11.9973,132.136,91.952,337871.2908118904,0.013,0
2026-07-16T10:44:13Z,5.11,20.1464,14.4,3.4577,0.0852,0.6345,1.4277,148.251,133.838127,12.002,131.997,91.693,337181.7192733866,0.013,0
2026-07-16T10:44:13Z,5.113,20.1489,14.4,3.4501,0.0852,0.6345,1.3673,148.205,133.727017,11.9974,131.901,91.414,336412.6208322246,0.013,0
2026-07-16T10:44:13Z,5.116,20.152,14.4,3.4692,0.0852,0.6345,1.3975,148.18,133.619865,11.9863,131.862,91.653,335658.60764516634,0.013,0
2026-07-16T10:44:13Z,5.119,20.1484,14.4,3.4501,0.0426,0.6345,1.3522,148.152,133.510109,11.9738,131.877,91.653,335019.03313725983,0.014,0
2026-07-16T10:44:13Z,5.122,20.1343,14.4,3.4539,0.0426,0.6345,1.3673,148.113,133.394498,11.9646,131.922,91.394,334545.953894384,0.015,0
2026-07-16T10:44:13Z,5.126,20.1108,14.4,3.4501,0.0426,0.6345,1.2918,148.06,133.262217,11.9614,131.959,91.613,334147.53744061856,0.016,0
2026-07-16T10:44:13Z,5.13,20.0822,14.4,3.4348,0.0426,0.6345,1.6241,148.023,133.14004,11.9647,131.966,91.374,333912.97095263033,0.017,0
2026-07-16T10:44:13Z,5.135,20.0536,14.49,3.473,0.0852,0.7614,1.4277,148.024,133.061432,11.9729,131.943,89.119,333959.6039312748,0.018,0
2026-07-16T10:44:13Z,5.141,20.0265,14.49,3.4539,0.0852,0.7614,1.4428,148.057,133.029448,11.9835,131.888,88.829,334278.69753326214,0.017,0
2026-07-16T10:44:13Z,5.145,19.998,14.49,3.4653,0.0852,0.7614,1.5183,148.097,133.019543,11.9935,131.794,88.502,334768.5755359498,0.016,0
2026-07-16T10:44:13Z,5.149,19.968,14.49,3.4463,0.0852,0.7614,1.609,148.108,132.985041,12.0013,131.682,88.521,335129.0265429608,0.014,0
2026-07-16T10:44:13Z,5.153,19.9411,14.67,3.473,0.0852,0.6768,1.5939,148.092,132.912737,12.0057,131.598,88.617,335184.0445241106,0.012,0
2026-07-16T10:44:13Z,5.155,19.9203,14.67,3.4501,0.0852,0.6768,1.6241,148.088,132.839395,12.0056,131.581,88.771,335113.30124690017,0.01,0
2026-07-16T10:44:13Z,5.157,19.9047,14.67,3.4539,0.0852,0.6768,1.5637,148.106,132.787484,12.0008,131.653,88.829,335080.2834293392,0.009,0
2026-07-16T10:44:13Z,5.159,19.8897,14.67,3.4463,0.0852,0.6768,1.5788,148.132,132.751165,11.9942,131.803,88.714,335136.8644151721,0.008,0
2026-07-16T10:44:13Z,5.161,19.8701,14.67,3.4577,0.0852,0.7191,1.5788,148.153,132.716746,11.9912,131.989,88.714,335295.6378923537,0.009,0
2026-07-16T10:44:13Z,5.163,19.8466,14.67,3.4501,0.0852,0.7191,1.4881,148.153,132.669044,11.9953,132.18,88.694,335444.28850960283,0.009,0
2026-07-16T10:44:13Z,5.165,19.8236,14.67,3.4577,0.0852,0.7191,1.6241,148.151,132.62536,12.0074,132.37,88.907,335609.46953699423,0.01,0
2026-07-16T10:44:13Z,5.168,19.8035,14.67,3.4806,0.0852,0.7191,1.5486,148.165,132.608067,12.0259,132.543,88.868,335890.1523546848,0.011,0
2026-07-16T10:44:13Z,5.171,19.7856,14.67,3.4234,0.0852,0.7191,1.5183,148.163,132.588536,12.0471,132.685,87.412,336113.43964622024,0.011,0
2026-07-16T10:44:13Z,5.174,19.7695,14.76,3.4653,0.1278,0.7191,1.5032,148.131,132.545546,12.0684,132.798,87.507,336148.4039598577,0.012,0
2026-07-16T10:44:13Z,5.178,19.7557,14.76,3.4653,0.1278,0.7191,1.5637,148.099,132.499657,12.0891,132.893,87.793,336119.30515788426,0.012,0
2026-07-16T10:44:13Z,5.18,19.7456,14.76,3.3166,0.1278,0.7191,1.609,148.087,132.462653,12.1074,132.985,87.793,336075.64450755616,0.012,0
2026-07-16T10:44:13Z,5.183,19.7394,14.76,3.3356,0.1278,0.7191,1.4881,148.079,132.420661,12.1218,133.082,87.831,335922.87827781343,0.012,0
2026-07-16T10:44:13Z,5.186,19.7346,14.94,3.3356,0.0852,0.6768,1.5939,148.048,132.346469,12.1333,133.161,87.393,335532.3902541147,0.013,0
2026-07-16T10:44:13Z,5.189,19.7286,14.94,3.3433,0.0852,0.6768,1.5183,147.96,132.198277,12.1434,133.189,87.355,334682.8865767204,0.015,0
2026-07-16T10:44:13Z,5.193,19.7199,14.94,3.4882,0.0852,0.6768,1.5486,147.813,131.960583,12.154,133.159,87.641,333304.5908606892,0.016,0
2026-07-16T10:44:13Z,5.198,19.7081,14.94,3.4539,0.0852,0.6768,1.5788,147.685,131.702098,12.1657,133.091,87.26,331854.36940622324,0.017,0
2026-07-16T10:44:13Z,5.203,19.6922,14.94,3.4424,0.1278,0.6768,1.5335,147.653,131.518007,12.1767,133.013,86.393,330968.2705137619,0.018,0
2026-07-16T10:44:13Z,5.208,19.6688,14.94,3.4768,0.1278,0.6768,1.609,147.709,131.441267,12.1851,132.936,84.701,330923.22090506466,0.018,0
2026-07-16T10:44:13Z,5.214,19.6327,14.94,3.3242,0.1278,0.6768,1.6241,147.776,131.427388,12.1911,132.85,84.812,331532.02883404604,0.017,0
2026-07-16T10:44:13Z,5.218,19.5839,14.94,3.3394,0.1278,0.6768,1.5335,147.778,131.406618,12.1968,132.751,84.664,332344.361544134,0.016,0
2026-07-16T10:44:13Z,5.222,19.5315,14.94,3.3013,0.1278,0.6768,1.5637,147.707,131.351405,12.2024,132.648,84.793,333004.731059313,0.014,0
2026-07-16T10:44:13Z,5.225,19.4887,15.03,3.3356,0.1278,0.6768,1.5637,147.603,131.273048,12.2058,132.567,85.088,333328.07590955467,0.012,0
2026-07-16T10:44:13Z,5.227,19.4636,15.03,3.2097,0.1278,0.6768,1.5335,147.478,131.160663,12.204,132.544,84.996,333083.2928947048,0.011,0
2026-07-16T10:44:13Z,5.23,19.4559,15.03,3.2136,0.1278,0.6768,1.473,147.284,130.954262,12.1968,132.593,84.793,331884.77998554974,0.011,0
2026-07-16T10:44:13Z,5.232,19.4586,15.03,3.2212,0.1278,0.6768,1.5486,146.942,130.570785,12.1866,132.699,84.978,329335.3250700279,0.011,0
2026-07-16T10:44:13Z,5.235,19.4634,14.94,3.2059,0.1278,0.7191,1.5335,146.416,129.95800500000001,12.1781,132.83,84.775,325277.71458058077,0.012,0
2026-07-16T10:44:13Z,5.238,19.4626,14.94,3.2097,0.1278,0.7191,1.7601,145.666,129.090607,12.1762,132.947,84.812,319730.4001162661,0.012,0
2026-07-16T10:44:13Z,5.241,19.4512,14.94,3.2174,0.1278,0.7191,1.8356,144.507,127.853351,12.1836,133.014,84.627,312105.7053971792,0.012,0
2026-07-16T10:44:13Z,5.245,19.4239,14.94,3.2059,0.1278,0.7191,1.8356,142.541,125.950309,12.2001,132.994,82.97,300761.4394001694,0.012,0
2026-07-16T10:44:13Z,5.249,19.3744,15.03,3.2174,0.0852,0.5922,1.8205,139.146,122.863986,12.2243,132.852,83.459,282964.0131179053,0.012,0
2026-07-16T10:44:13Z,5.252,19.3054,15.03,3.1983,0.0852,0.5922,1.5637,133.331,117.727326,12.2521,132.582,83.169,254517.4725229664,0.011,0
2026-07-16T10:44:13Z,5.254,19.2342,15.03,3.2059,0.0852,0.5922,1.5788,123.486,109.0865,12.2758,132.225,83.277,210022.5168954191,0.009,0
2026-07-16T10:44:13Z,5.256,19.1791,15.03,3.2097,0.0852,0.5922,1.5183,106.996,94.573254,12.2874,131.861,83.368,145893.5715377322,0.008,0
2026-07-16T10:44:13Z,5.258,19.1519,15.03,3.2364,0.1278,0.6768,1.5486,79.529,70.311393,12.2811,131.563,83.296,68223.04943783257,0.007,0
2026-07-16T10:44:13Z,5.26,19.1559,15.03,3.1411,0.1278,0.6768,1.6241,33.804,29.847103,12.2551,131.36,83.404,7896.528397565381,0.006,0
2026-07-16T10:44:13Z,5.261,19.1815,15.03,3.1449,0.1278,0.6768,1.4277,-42.363,-37.598086,12.2158,131.257,83.35,NA,0.006,0
2026-07-16T10:44:13Z,5.263,19.2104,15.03,3.1716,0.1278,0.6768,1.5486,-169.321,-150.025572,12.1751,131.256,83.115,NA,0.006,0
2026-07-16T10:44:13Z,5.264,19.2296,15.03,3.1411,0.1278,0.6768,1.5939,-380.927,-337.42202,12.1428,131.344,82.934,NA,0.007,0
2026-07-16T10:44:13Z,5.266,19.2358,14.94,3.2212,0.0852,0.6768,1.609,-513.234,-454.66243,12.1226,131.496,83.422,NA,0.008,0
2026-07-16T10:44:13Z,5.268,19.2326,14.94,3.2288,0.0852,0.6768,1.4881,-381.173,-337.899518,12.1141,131.672,83.477,NA,0.01,0
2026-07-16T10:44:13Z,5.27,19.2244,14.94,3.2212,0.0852,0.6768,1.6543,-169.791,-150.959808,12.1162,131.819,83.241,NA,0.012,0
2026-07-16T10:44:13Z,5.273,19.2078,14.94,3.1945,0.0852,0.6768,1.5939,-42.935,-38.899978,12.1288,131.884,82.916,NA,0.013,0
2026-07-16T10:44:13Z,5.277,19.1736,15.03,3.3242,0.1704,0.7191,1.8205,33.261,28.298665,12.1514,131.826,82.736,6931.683153960037,0.014,0
2026-07-16T10:44:13Z,5.282,19.1197,15.03,3.3509,0.1704,0.7191,1.8507,79.04,68.607776,12.1807,131.621,81.399,64186.135974008874,0.015,0
2026-07-16T10:44:13Z,5.286,19.0485,15.03,3.3433,0.1704,0.7191,1.7752,106.517,92.780441,12.2115,131.273,81.364,139949.1667608255,0.014,0
2026-07-16T10:44:13Z,5.29,18.9627,15.03,3.3433,0.1704,0.7191,1.8507,123.003,107.288715,12.2384,130.814,80.835,204462.61514435196,0.013,0
2026-07-16T10:44:13Z,5.293,18.8741,15.12,3.2097,0.1278,0.6345,1.6694,132.897,116.019479,12.2548,130.278,80.624,251421.72624349775,0.012,0
2026-07-16T10:44:13Z,5.296,18.7993,15.12,3.2174,0.1278,0.6345,1.473,138.814,121.270921,12.2542,129.717,81.081,283042.77071095264,0.01,0
2026-07-16T10:44:13Z,5.298,18.747,15.12,3.2021,0.1278,0.6345,1.4881,142.327,124.403404,12.2347,129.207,81.134,303200.8760049957,0.008,0
2026-07-16T10:44:13Z,5.299,18.7175,15.12,3.2174,0.1278,0.6345,1.5939,144.419,126.256265,12.1991,128.798,81.046,315523.03362112766,0.007,0
2026-07-16T10:44:13Z,5.301,18.7078,15.12,3.2593,0.1278,0.6345,1.5939,145.698,127.355622,12.1515,128.507,81.24,322835.1149969882,0.007,0
2026-07-16T10:44:13Z,5.303,18.7119,15.03,3.267,0.1278,0.7191,1.5939,146.484,128.00464,12.0982,128.349,81.134,327010.86254843755,0.007,0
2026-07-16T10:44:13Z,5.304,18.7194,15.03,3.267,0.1278,0.7191,1.5486,146.938,128.372382,12.0488,128.323,80.975,329289.93737896037,0.007,0
2026-07-16T10:44:13Z,5.306,18.7194,15.03,3.2784,0.1278,0.7191,1.609,147.153,128.552907,12.0106,128.414,81.064,330484.1781356796,0.008,0
2026-07-16T10:44:13Z,5.308,18.7082,15.03,3.2822,0.1278,0.7191,1.8809,147.18,128.576345,11.9862,128.591,81.046,330859.2645390063,0.009,0
2026-07-16T10:44:13Z,5.311,18.6924,15.12,3.2593,0.1278,0.7191,1.8205,147.091,128.446953,11.9753,128.808,81.222,330311.84460848797,0.011,0
2026-07-16T10:44:13Z,5.313,18.6807,15.12,3.2822,0.1278,0.7191,1.6845,146.979,128.19227,11.9758,129.022,81.364,328855.61960012943,0.013,0
2026-07-16T10:44:13Z,5.317,18.6773,15.12,3.267,0.1278,0.7191,1.8054,146.926,127.898464,11.9852,129.192,81.24,326983.4507137663,0.015,0
2026-07-16T10:44:13Z,5.321,18.6764,15.12,3.122,0.1278,0.7191,2.0773,146.992,127.689278,12.0019,129.269,80.782,325624.88448146614,0.016,0
2026-07-16T10:44:13Z,5.326,18.6583,15.3,3.1563,0.1278,0.7191,2.1075,147.142,127.602964,12.0267,129.204,78.806,325407.7293149422,0.016,0
2026-07-16T10:44:13Z,5.331,18.6049,15.3,3.1525,0.1278,0.7191,2.0471,147.288,127.590477,12.0598,128.971,78.874,326359.63872227876,0.016,0
2026-07-16T10:44:13Z,5.336,18.5206,15.3,3.1525,0.1278,0.7191,2.1075,147.395,127.614467,12.0964,128.583,78.908,328159.3543736356,0.015,0
2026-07-16T10:44:13Z,5.339,18.43,15.3,3.389,0.1278,0.7191,1.896,147.461,127.653314,12.1259,128.091,78.669,330194.25945272075,0.013,0
2026-07-16T10:44:13Z,5.342,18.3564,15.66,3.4081,0.1704,0.7614,1.7601,147.49,127.685364,12.1379,127.562,78.84,331861.86508243554,0.011,0
2026-07-16T10:44:13Z,5.344,18.309,15.66,3.3776,0.1704,0.7614,1.9111,147.478,127.681147,12.1277,127.052,78.771,332774.27706745145,0.009,0
2026-07-16T10:44:13Z,5.346,18.2856,15.66,3.4157,0.1704,0.7614,1.896,147.422,127.613527,12.097,126.619,78.669,332785.3919288176,0.008,0
2026-07-16T10:44:13Z,5.348,18.2793,15.66,3.2364,0.1704,0.7614,1.6392,147.321,127.460472,12.0522,126.325,78.874,331882.9625568569,0.007,0
2026-07-16T10:44:13Z,5.349,18.2816,15.66,3.286,0.1704,0.7614,1.5335,147.201,127.227193,12.0019,126.204,78.891,330274.82809157704,0.007,0
2026-07-16T10:44:13Z,5.351,18.2837,15.75,3.2899,0.1278,0.7191,1.6845,147.121,126.965538,11.9534,126.241,79.149,328486.3834899098,0.007,0
2026-07-16T10:44:13Z,5.352,18.2774,15.75,3.267,0.1278,0.7191,1.5183,147.093,126.701774,11.9142,126.394,79.407,326854.08344571345,0.008,0
2026-07-16T10:44:13Z,5.354,18.2549,15.75,3.2822,0.1278,0.7191,1.8205,147.1,126.447592,11.8921,126.596,79.494,325604.95631370536,0.009,0
2026-07-16T10:44:13Z,5.357,18.2109,15.75,3.2593,0.1278,0.7191,1.7752,147.147,126.241249,11.8915,126.775,79.149,325092.1286569478,0.01,0
2026-07-16T10:44:13Z,5.36,18.1455,15.75,3.2746,0.1278,0.7614,1.8205,147.2,126.081733,11.911,126.869,78.192,325305.91237694316,0.011,0
2026-07-16T10:44:13Z,5.363,18.0642,15.75,3.286,0.1278,0.7614,1.7298,147.233,125.956511,11.9453,126.829,78.141,326059.08135040716,0.011,0
2026-07-16T10:44:13Z,5.366,17.9758,15.75,3.225,0.1278,0.7614,1.9111,147.257,125.872203,11.9861,126.638,77.802,327228.6901866411,0.011,0
2026-07-16T10:44:13Z,5.369,17.8922,15.75,3.2136,0.1278,0.7614,1.8205,147.254,125.798322,12.0237,126.323,77.886,328379.9930152216,0.011,0
2026-07-16T10:44:13Z,5.372,17.8225,15.84,3.2059,0.0852,0.7191,1.8205,147.229,125.715167,12.0497,125.926,78.107,329199.0115475877,0.011,0
2026-07-16T10:44:13Z,5.374,17.7705,15.84,3.2021,0.0852,0.7191,1.8809,147.185,125.604566,12.0587,125.486,78.158,329483.8038417023,0.011,0
2026-07-16T10:44:13Z,5.377,17.7349,15.84,3.2784,0.0852,0.7191,1.7752,147.075,125.40501,12.0494,125.057,77.802,328841.5928280085,0.011,0
2026-07-16T10:44:13Z,5.38,17.7104,15.84,3.2708,0.0852,0.7191,1.8658,146.921,125.121308,12.0254,124.692,77.903,327411.4357832635,0.012,0
2026-07-16T10:44:13Z,5.383,17.6896,15.84,3.2899,0.0852,0.7191,1.8658,146.815,124.839872,11.9927,124.431,78.022,325925.80642655893,0.013,0
2026-07-16T10:44:13Z,5.386,17.6646,15.84,3.2937,0.1278,0.6768,1.8205,146.803,124.6297,11.957,124.275,77.869,325003.74866615474,0.015,0
2026-07-16T10:44:13Z,5.39,17.6285,15.84,3.4005,0.1278,0.6768,1.8054,146.876,124.512766,11.9249,124.171,76.794,324926.12003993825,0.016,0
2026-07-16T10:44:13Z,5.395,17.5766,15.84,3.4005,0.1278,0.6768,1.7147,146.98,124.467883,11.9029,124.058,76.345,325644.187983262,0.016,0
2026-07-16T10:44:13Z,5.399,17.5118,15.84,3.4005,0.1278,0.6768,1.9111,147.071,124.463066,11.894,123.912,76.113,326890.6378026716,0.016,0
2026-07-16T10:44:13Z,5.403,17.4437,15.84,3.4005,0.1278,0.6768,1.7298,147.137,124.479025,11.8958,123.746,76.278,328350.101694042,0.016,0
2026-07-16T10:44:13Z,5.407,17.3829,15.84,3.2632,0.1278,0.6768,1.8054,147.162,124.479998,11.9008,123.591,76.162,329569.34431266057,0.016,0
2026-07-16T10:44:13Z,5.411,17.3377,15.84,3.267,0.1278,0.6768,1.7903,147.098,124.386219,11.9012,123.466,76.378,329833.2780553284,0.016,0
2026-07-16T10:44:13Z,5.414,17.3099,15.84,3.2441,0.1278,0.6768,1.8205,146.96,124.168681,11.8941,123.372,76.527,328903.37354402826,0.017,0
2026-07-16T10:44:13Z,5.418,17.2962,15.93,3.2708,0.1704,0.8037,1.8507,146.861,123.911428,11.8815,123.295,76.527,327422.36839187704,0.018,0
2026-07-16T10:44:13Z,5.423,17.2894,15.93,3.2059,0.1704,0.8037,1.7601,146.861,123.695907,11.8683,123.218,76.129,326091.3126333221,0.02,0
2026-07-16T10:44:13Z,5.429,17.2758,15.93,3.2097,0.1704,0.8037,1.7449,146.943,123.560663,11.8597,123.109,75.668,325442.0065644799,0.02,0
2026-07-16T10:44:13Z,5.435,17.2414,15.93,3.1983,0.1704,0.8037,1.7903,147.071,123.515634,11.8591,122.906,73.544,325816.9533824125,0.021,0
2026-07-16T10:44:13Z,5.441,17.1823,16.11,3.1869,0.1278,0.6345,1.8356,147.211,123.544805,11.8663,122.555,73.64,327189.4527832656,0.02,0
2026-07-16T10:44:13Z,5.446,17.1092,16.11,3.1525,0.1278,0.6345,1.8658,147.315,123.601934,11.877,122.039,73.48,329041.05624173547,0.019,0
2026-07-16T10:44:13Z,5.451,17.0399,16.11,3.1525,0.1278,0.6345,1.8205,147.336,123.622227,11.8835,121.38,73.608,330574.14088157506,0.017,0
2026-07-16T10:44:13Z,5.454,16.988,16.11,3.164,0.1278,0.6345,1.8809,147.27,123.561086,11.8768,120.621,73.784,331200.3593169075,0.015,0
2026-07-16T10:44:13Z,5.457,16.9579,16.11,3.1335,0.1278,0.6345,1.7903,147.144,123.404211,11.8504,119.813,73.688,330725.0322543596,0.014,0
2026-07-16T10:44:13Z,5.46,16.9477,16.2,3.1373,0.1278,0.6345,1.8205,147.046,123.215804,11.8029,119.014,73.752,329630.4556760718,0.013,0
2026-07-16T10:44:13Z,5.464,16.9486,16.2,3.1449,0.1278,0.6345,1.8205,147.034,123.06766,11.7389,118.283,73.816,328591.8156402275,0.014,0
2026-07-16T10:44:13Z,5.467,16.9464,16.2,3.1525,0.1278,0.6345,1.8205,147.06,122.950274,11.6659,117.664,73.273,327828.61884567427,0.014,0
2026-07-16T10:44:13Z,5.471,16.929,16.2,3.1411,0.1278,0.6345,1.7601,147.091,122.848342,11.592,117.162,73.018,327476.53920119826,0.014,0
2026-07-16T10:44:13Z,5.475,16.8929,16.29,3.1525,0.0852,0.6345,1.8356,147.146,122.788693,11.5233,116.752,73.034,327789.47013138124,0.015,0
2026-07-16T10:44:13Z,5.479,16.8461,16.29,3.1335,0.0852,0.6345,1.8356,147.217,122.789423,11.4637,116.404,72.623,328734.35838976136,0.015,0
2026-07-16T10:44:13Z,5.483,16.7988,16.29,3.122,0.0852,0.6345,1.8658,147.257,122.820715,11.4151,116.092,72.041,329904.3810043238,0.014,0
2026-07-16T10:44:13Z,5.487,16.7552,16.29,3.1335,0.0852,0.6345,1.8809,147.255,122.856905,11.3768,115.798,71.76,331038.22384235595,0.013,0
2026-07-16T10:44:13Z,5.49,16.7194,16.29,3.1449,0.1278,0.6345,1.7147,147.233,122.891644,11.3455,115.516,71.947,332007.55793162953,0.012,0
2026-07-16T10:44:13Z,5.493,16.6995,16.29,3.2021,0.1278,0.6345,1.6845,147.201,122.914193,11.3165,115.258,71.838,332570.35720010166,0.011,0
2026-07-16T10:44:13Z,5.495,16.6989,16.29,3.2136,0.1278,0.6345,1.896,147.156,122.90856,11.2864,115.049,71.854,332543.3114642803,0.01,0
2026-07-16T10:44:13Z,5.498,16.7117,16.29,3.183,0.1278,0.6345,1.8658,147.094,122.859244,11.2548,114.914,71.963,331938.7049188668,0.01,0
2026-07-16T10:44:13Z,5.5,16.7297,16.29,3.2212,0.1278,0.6345,1.8507,147.04,122.779101,11.2231,114.873,72.104,331015.1955546323,0.011,0
2026-07-16T10:44:13Z,5.502,16.7465,16.38,3.1335,0.1278,0.7191,1.7449,147.021,122.694776,11.1942,114.933,71.994,330089.2912159548,0.011,0
2026-07-16T10:44:13Z,5.505,16.7573,16.38,3.1563,0.1278,0.7191,1.8054,147.042,122.621787,11.1714,115.081,72.026,329365.23065125773,0.012,0
2026-07-16T10:44:13Z,5.508,16.7581,16.38,3.1373,0.1278,0.7191,1.7601,147.079,122.564674,11.1581,115.285,71.713,328953.8036710449,0.013,0
2026-07-16T10:44:13Z,5.512,16.7464,16.38,3.1296,0.1278,0.7191,1.7449,147.113,122.526204,11.1568,115.493,70.096,328923.53339758323,0.013,0
2026-07-16T10:44:13Z,5.516,16.7229,16.38,3.2899,0.1278,0.7191,1.8054,147.148,122.514122,11.1681,115.655,70.37,329314.1116171021,0.013,0
2026-07-16T10:44:13Z,5.52,16.6922,16.38,3.2593,0.1278,0.7191,1.9413,147.183,122.523205,11.1897,115.738,70.386,329997.9456484335,0.012,0
2026-07-16T10:44:13Z,5.523,16.6623,16.38,3.2746,0.1278,0.7191,1.8507,147.213,122.549871,11.2166,115.724,70.279,330789.60944859806,0.012,0
2026-07-16T10:44:13Z,5.525,16.6397,16.38,3.2441,0.1278,0.7191,1.7752,147.234,122.589229,11.2422,115.609,70.431,331523.27968581393,0.011,0
2026-07-16T10:44:13Z,5.528,16.6255,16.38,3.0953,0.1278,0.6768,1.8356,147.229,122.619766,11.2613,115.409,70.431,332025.67410826206,0.011,0
2026-07-16T10:44:13Z,5.53,16.6189,16.38,3.08,0.1278,0.6768,1.7449,147.201,122.62162,11.271,115.159,70.6,332173.2727308497,0.012,0
2026-07-16T10:44:13Z,5.533,16.6194,16.38,3.0724,0.1278,0.6768,1.7298,147.131,122.553278,11.2695,114.898,70.661,331686.0501671653,0.013,0
2026-07-16T10:44:13Z,5.536,16.6269,16.38,3.0877,0.1278,0.6768,1.7147,147.035,122.420521,11.2565,114.663,70.877,330608.261247946,0.014,0
2026-07-16T10:44:13Z,5.54,16.6386,16.38,3.1525,0.0852,0.6345,2.0773,146.992,122.305981,11.2343,114.489,70.355,329574.530973221,0.016,0
2026-07-16T10:44:13Z,5.545,16.6471,16.38,3.1563,0.0852,0.6345,2.0622,147.03,122.255131,11.2079,114.395,68.888,329049.6156510508,0.016,0
2026-07-16T10:44:13Z,5.55,16.6437,16.38,3.1487,0.0852,0.6345,1.9413,147.098,122.244401,11.1832,114.379,68.247,329043.86506777466,0.016,0
2026-07-16T10:44:13Z,5.554,16.6259,16.38,3.1602,0.0852,0.6345,2.1075,147.133,122.224914,11.1646,114.415,68.306,329268.4444640895,0.016,0
2026-07-16T10:44:13Z,5.558,16.599,16.38,3.3242,0.0852,0.6345,1.8205,147.127,122.183471,11.1539,114.457,68.44,329524.901456871,0.015,0
2026-07-16T10:44:13Z,5.561,16.571,16.47,3.3471,0.1704,0.6768,1.8205,147.114,122.141028,11.1513,114.447,68.663,329797.04953653796,0.013,0
2026-07-16T10:44:13Z,5.564,16.5481,16.47,3.3356,0.1704,0.6768,1.7903,147.089,122.090269,11.1551,114.357,68.693,329908.1248200279,0.012,0
2026-07-16T10:44:13Z,5.567,16.5318,16.47,3.3394,0.1704,0.6768,1.7903,147.043,122.015657,11.1625,114.189,68.366,329719.08533015515,0.011,0
2026-07-16T10:44:13Z,5.569,16.5194,16.47,3.3242,0.1704,0.6768,1.5788,147.002,121.925305,11.1695,113.962,68.589,329341.22848841595,0.011,0
2026-07-16T10:44:13Z,5.572,16.5085,16.47,3.3318,0.1278,0.54990000000000006,1.5183,146.99,121.837127,11.171,113.694,68.47,328948.14768433786,0.011,0
2026-07-16T10:44:13Z,5.574,16.4983,16.47,3.3089,0.1278,0.54990000000000006,1.5939,147.016,121.783618,11.1646,113.41,68.499,328782.2043484826,0.011,0
2026-07-16T10:44:13Z,5.577,16.4859,16.47,3.3242,0.1278,0.54990000000000006,1.5788,147.065,121.774511,11.1511,113.143,68.099,328969.86769338587,0.011,0
2026-07-16T10:44:13Z,5.581,16.4666,16.47,3.4997,0.1278,0.54990000000000006,1.896,147.114,121.795371,11.1334,112.931,67.612,329506.5570418628,0.011,0
2026-07-16T10:44:13Z,5.584,16.4402,16.47,3.5187,0.0852,0.5922,1.7601,147.15,121.831756,11.1135,112.806,67.539,330297.1412374938,0.011,0
2026-07-16T10:44:13Z,5.586,16.4145,16.47,3.5035,0.0852,0.5922,1.7903,147.144,121.847357,11.0918,112.769,67.509,330929.96213929885,0.011,0
2026-07-16T10:44:13Z,5.589,16.3976,16.47,3.5149,0.0852,0.5922,1.8356,147.097,121.832333,11.0696,112.796,67.642,331169.67170903,0.012,0
2026-07-16T10:44:13Z,5.592,16.3912,16.47,3.4653,0.0852,0.5922,1.7903,147.064,121.820691,11.0504,112.861,67.862,331218.7916217357,0.012,0
2026-07-16T10:44:13Z,5.595,16.3932,16.47,3.4768,0.0852,0.5922,1.7903,147.059,121.819329,11.0376,112.96,67.774,331168.39472606854,0.013,0
2026-07-16T10:44:13Z,5.599,16.4004,16.47,3.4386,0.1278,0.6345,1.8507,147.057,121.807879,11.0324,113.104,67.451,330941.1857816771,0.013,0
2026-07-16T10:44:13Z,5.602,16.4082,16.47,3.4501,0.1278,0.6345,1.8356,147.062,121.799291,11.0332,113.289,66.563,330721.9433327758,0.013,0
2026-07-16T10:44:13Z,5.606,16.4136,16.47,3.2441,0.1278,0.6345,1.8507,147.074,121.807275,11.0382,113.509,66.505,330667.73121912894,0.013,0
2026-07-16T10:44:13Z,5.609,16.4146,16.47,3.2555,0.1278,0.6345,1.8507,147.079,121.821958,11.0477,113.756,66.505,330750.10765722615,0.012,0
2026-07-16T10:44:13Z,5.612,16.4112,16.47,3.2593,0.0852,0.6768,1.896,147.093,121.851257,11.0626,114.004,66.577,331024.5968446489,0.011,0
2026-07-16T10:44:13Z,5.615,16.4069,16.47,3.2708,0.0852,0.6768,1.7449,147.106,121.884983,11.0817,114.221,66.606,331348.67855435883,0.01,0
2026-07-16T10:44:13Z,5.617,16.4063,16.47,3.3509,0.0852,0.6768,1.5032,147.083,121.884116,11.1033,114.369,66.447,331354.8592569536,0.01,0
2026-07-16T10:44:13Z,5.619,16.4099,16.47,3.3318,0.0852,0.6768,1.5183,147.021,121.822422,11.1266,114.41,66.577,330849.20223964675,0.01,0
2026-07-16T10:44:13Z,5.622,16.4159,16.56,3.3127,0.1278,0.7191,1.5486,146.959,121.709461,11.1495,114.347,66.505,329936.82823699387,0.01,0
2026-07-16T10:44:13Z,5.624,16.4236,16.56,3.3356,0.1278,0.7191,1.5183,146.961,121.601128,11.1689,114.228,66.317,329024.06092386617,0.011,0
2026-07-16T10:44:13Z,5.627,16.4298,16.56,3.164,0.1278,0.7191,1.7903,147.025,121.532543,11.1819,114.108,66.101,328420.3394639266,0.011,0
2026-07-16T10:44:13Z,5.63,16.4262,16.56,3.164,0.1278,0.7191,1.8205,147.1,121.493411,11.1868,114.007,65.543,328220.60519078077,0.011,0
2026-07-16T10:44:13Z,5.633,16.4053,16.65,3.1411,0.1278,0.6345,1.896,147.193,121.491296,11.1855,113.922,65.472,328628.9912956654,0.011,0
2026-07-16T10:44:13Z,5.636,16.368,16.65,3.1449,0.1278,0.6345,1.8507,147.298,121.51763,11.1827,113.844,65.302,329569.94900120946,0.011,0
2026-07-16T10:44:13Z,5.639,16.3268,16.65,2.9809,0.1278,0.6345,1.7903,147.359,121.535422,11.1807,113.76,65.43,330533.7394833626,0.01,0
2026-07-16T10:44:13Z,5.641,16.2925,16.65,2.9694,0.1278,0.6345,1.8507,147.365,121.535412,11.1788,113.646,65.245,331234.5505378134,0.01,0
2026-07-16T10:44:13Z,5.644,16.2656,16.65,2.9427,0.1278,0.6345,1.8507,147.324,121.509595,11.1768,113.474,65.273,331603.8748420751,0.01,0
2026-07-16T10:44:13Z,5.646,16.2451,16.83,2.958,0.1278,0.4653,1.8507,147.232,121.427087,11.174,113.231,65.458,331443.3962680118,0.01,0
2026-07-16T10:44:13Z,5.649,16.2339,16.83,2.7787,0.1278,0.4653,1.7449,147.105,121.273889,11.1684,112.929,65.529,330595.228763472,0.012,0
2026-07-16T10:44:13Z,5.651,16.2323,16.83,2.7978,0.1278,0.4653,1.8356,147.004,121.075166,11.1576,112.586,65.501,329232.95473129646,0.013,0
2026-07-16T10:44:13Z,5.655,16.235,16.83,2.7825,0.1278,0.4653,1.7903,146.99,120.883948,11.1401,112.226,65.672,327839.32222402806,0.014,0
2026-07-16T10:44:13Z,5.659,16.2328,16.74,2.8092,0.1278,0.6345,1.8809,147.059,120.747252,11.1168,111.883,65.075,326928.85694240266,0.016,0
2026-07-16T10:44:13Z,5.664,16.2164,16.74,2.7901,0.1278,0.6345,1.8658,147.154,120.674621,11.0909,111.58,63.566,326753.30851592467,0.016,0
2026-07-16T10:44:13Z,5.669,16.1772,16.74,2.7787,0.1278,0.6345,1.7752,147.243,120.658682,11.0664,111.314,63.746,327435.2024579066,0.016,0
2026-07-16T10:44:13Z,5.673,16.1162,16.74,2.771,0.1278,0.6345,1.7601,147.31,120.675178,11.0452,111.063,63.58,328790.20730655576,0.015,0
2026-07-16T10:44:13Z,5.677,16.0505,16.83,2.7901,0.1278,0.7614,1.8507,147.337,120.688501,11.0268,110.807,63.483,330225.97591909434,0.014,0
2026-07-16T10:44:13Z,5.68,15.9991,16.83,2.7024,0.1278,0.7614,1.8507,147.339,120.690203,11.009,110.541,63.676,331292.93486393493,0.013,0
2026-07-16T10:44:13Z,5.682,15.969,16.83,2.7329,0.1278,0.7614,1.7601,147.332,120.674741,10.9898,110.269,63.718,331803.0861587236,0.012,0
2026-07-16T10:44:13Z,5.685,15.956,16.83,2.7367,0.1278,0.7614,1.8809,147.313,120.63199,10.968,109.985,63.718,331767.8916199006,0.012,0
2026-07-16T10:44:13Z,5.687,15.9529,16.83,2.7138,0.1278,0.7614,1.8507,147.295,120.568553,10.9434,109.686,63.663,331382.046979586,0.012,0
2026-07-16T10:44:13Z,5.69,15.9527,16.74,2.771,0.1278,0.7191,1.8356,147.277,120.481515,10.9173,109.389,63.704,330769.6952483844,0.014,0
2026-07-16T10:44:13Z,5.694,15.9496,16.74,2.7863,0.1278,0.7191,1.8356,147.257,120.367667,10.8911,109.144,63.856,330027.9523012258,0.015,0
2026-07-16T10:44:13Z,5.698,15.9403,16.74,2.7787,0.1278,0.7191,1.8356,147.271,120.27066,10.8652,108.99,63.773,329532.9540222572,0.016,0
2026-07-16T10:44:13Z,5.702,15.9238,16.74,2.7367,0.1278,0.7191,1.8809,147.343,120.232632,10.8394,108.938,62.538,329602.1727463214,0.017,0
2026-07-16T10:44:13Z,5.708,15.8991,16.92,2.6452,0.0852,0.6345,1.8205,147.434,120.235434,10.8158,108.96,61.983,330128.52310002944,0.017,0
2026-07-16T10:44:13Z,5.713,15.866,16.92,2.6719,0.0852,0.6345,1.8205,147.496,120.243805,10.7991,109.004,61.889,330868.28085952316,0.017,0
2026-07-16T10:44:13Z,5.717,15.8292,16.92,2.6871,0.0852,0.6345,1.8507,147.509,120.237972,10.7924,109.016,61.835,331585.461516253,0.016,0
2026-07-16T10:44:13Z,5.721,15.7964,16.92,2.649,0.0852,0.6345,1.8507,147.475,120.212378,10.7947,108.958,61.849,332081.1056356454,0.014,0
2026-07-16T10:44:13Z,5.724,15.7722,17.01,2.7024,0.1278,0.54990000000000006,1.8658,147.41,120.168202,10.8025,108.799,61.742,332267.1278354452,0.013,0
2026-07-16T10:44:13Z,5.727,15.7579,17.01,2.7291,0.1278,0.54990000000000006,1.7449,147.346,120.12367,10.8102,108.516,61.688,332245.69670904224,0.012,0
2026-07-16T10:44:13Z,5.73,15.7526,17.01,2.6909,0.1278,0.54990000000000006,1.8658,147.306,120.092913,10.8126,108.124,61.728,332136.093851144,0.012,0
2026-07-16T10:44:13Z,5.732,15.7531,17.01,2.7215,0.1278,0.54990000000000006,1.8356,147.269,120.055728,10.8067,107.674,61.701,331860.63264565036,0.012,0
2026-07-16T10:44:13Z,5.735,15.7561,17.01,2.6337,0.1704,0.54990000000000006,2.0169,147.232,120.008199,10.7903,107.23,61.728,331459.97446536936,0.012,0
2026-07-16T10:44:13Z,5.738,15.7588,17.01,2.6299,0.1704,0.54990000000000006,1.9866,147.202,119.959655,10.7616,106.855,61.809,331058.6371690253,0.013,0
2026-07-16T10:44:13Z,5.741,15.7593,17.01,2.6719,0.1704,0.54990000000000006,2.0471,147.197,119.931156,10.7226,106.596,61.634,330845.55933760223,0.013,0
2026-07-16T10:44:13Z,5.745,15.7567,17.01,2.6375,0.1704,0.54990000000000006,2.0169,147.254,119.953106,10.6786,106.467,60.048,331055.363317856,0.013,0
2026-07-16T10:44:13Z,5.749,15.7509,17.01,2.4621,0.1704,0.54990000000000006,1.7601,147.337,120.001354,10.6359,106.446,60.231,331518.6647896254,0.012,0
2026-07-16T10:44:13Z,5.752,15.7428,17.1,2.443,0.1704,0.5922,1.6392,147.397,120.042755,10.6005,106.481,60.283,331981.2692025658,0.01,0
2026-07-16T10:44:13Z,5.755,15.7345,17.1,2.4621,0.1704,0.5922,1.8205,147.439,120.088349,10.5766,106.514,60.074,332478.52100553515,0.008,0
2026-07-16T10:44:13Z,5.756,15.7263,17.1,2.4468,0.1704,0.5922,1.8809,147.468,120.136291,10.5657,106.505,60.074,332991.1252716194,0.006,0
2026-07-16T10:44:13Z,5.757,15.7195,17.1,2.5193,0.1704,0.5922,1.8356,147.453,120.147361,10.5651,106.434,60.625,333211.539449722,0.004,0
2026-07-16T10:44:13Z,5.757,15.7172,17.1,2.5345,0.0852,0.5922,1.8507,147.399,120.112509,10.5691,106.293,60.862,333010.12892036355,0.003,0
2026-07-16T10:44:13Z,5.757,15.721,17.1,2.5307,0.0852,0.5922,1.7903,147.354,120.070451,10.5716,106.101,61.247,332630.6873888163,0.004,0
2026-07-16T10:44:13Z,5.758,15.7291,17.1,2.5307,0.0852,0.5922,1.8205,147.34,120.043978,10.5689,105.897,61.567,332273.71572816273,0.005,0
2026-07-16T10:44:13Z,5.759,15.7369,17.1,2.6757,0.0852,0.5922,1.8205,147.344,120.02603,10.56,105.718,61.527,331984.11600247293,0.007,0
2026-07-16T10:44:13Z,5.761,15.7403,17.01,2.6375,0.1704,0.6345,1.7449,147.338,119.995815,10.5452,105.598,60.876,331698.3338329878,0.01,0
2026-07-16T10:44:13Z,5.764,15.7385,17.01,2.6681,0.1704,0.6345,1.8507,147.312,119.941276,10.5266,105.575,60.401,331346.91365664126,0.012,0
2026-07-16T10:44:13Z,5.768,15.7333,17.01,2.6566,0.1704,0.6345,1.8507,147.288,119.875874,10.5075,105.669,60.585,330988.52355096955,0.014,0
2026-07-16T10:44:13Z,5.772,15.7261,17.01,2.4315,0.1704,0.6345,2.1377,147.285,119.822172,10.4913,105.877,60.598,330754.78767243837,0.016,0
2026-07-16T10:44:13Z,5.777,15.7175,17.01,2.4163,0.1704,0.6345,2.0773,147.318,119.803853,10.4815,106.162,59.064,330801.793438683,0.016,0
2026-07-16T10:44:13Z,5.782,15.706,17.1,2.401,0.1278,0.5922,2.0773,147.377,119.822031,10.4817,106.458,59.283,331168.71693766926,0.016,0
2026-07-16T10:44:13Z,5.786,15.6906,17.1,2.4163,0.1278,0.5922,2.0018,147.416,119.843544,10.4945,106.699,59.103,331640.5653819324,0.015,0
2026-07-16T10:44:13Z,5.79,15.6732,17.1,2.5231,0.1278,0.5922,1.7903,147.416,119.848125,10.5191,106.827,58.732,332033.6325270457,0.014,0
2026-07-16T10:44:13Z,5.793,15.6577,17.1,2.5269,0.1278,0.5922,1.8658,147.407,119.853001,10.5509,106.796,58.732,332389.9479617207,0.012,0
2026-07-16T10:44:13Z,5.795,15.6477,17.01,2.5307,0.1278,0.54990000000000006,1.7449,147.404,119.863472,10.5826,106.577,59.09,332672.4993112441,0.011,0
2026-07-16T10:44:13Z,5.797,15.6442,17.01,2.5383,0.1278,0.54990000000000006,1.8507,147.383,119.854327,10.6073,106.186,59.322,332679.76061635587,0.01,0
2026-07-16T10:44:13Z,5.799,15.6459,17.01,2.4735,0.1278,0.54990000000000006,1.8356,147.352,119.82713,10.6197,105.677,59.167,332449.8339512453,0.011,0
2026-07-16T10:44:13Z,5.802,15.65,17.01,2.4773,0.1278,0.54990000000000006,1.8809,147.339,119.798633,10.6156,105.117,58.962,332160.9414813808,0.012,0
2026-07-16T10:44:13Z,5.805,15.6543,17.01,2.4659,0.1278,0.6345,1.8507,147.32,119.745233,10.5929,104.561,59,331690.2087830939,0.013,0
2026-07-16T10:44:13Z,5.808,15.6571,17.01,2.4773,0.1278,0.6345,1.7903,147.279,119.65269,10.5533,104.052,59,330971.73022338195,0.015,0
2026-07-16T10:44:13Z,5.812,15.6564,17.01,2.4849,0.1278,0.6345,1.896,147.249,119.546331,10.5028,103.632,58.936,330228.05539959535,0.017,0
2026-07-16T10:44:13Z,5.816,15.6503,17.01,2.4544,0.1278,0.6345,1.9413,147.261,119.461801,10.4486,103.337,58.757,329751.8448530556,0.019,0
2026-07-16T10:44:13Z,5.822,15.6376,17.1,2.4697,0.1278,0.6345,1.8507,147.317,119.418558,10.3961,103.189,57.332,329705.51913732605,0.019,0
2026-07-16T10:44:13Z,5.828,15.6174,17.1,2.504,0.1278,0.6345,1.8809,147.385,119.405068,10.3499,103.182,57.133,330025.6578096905,0.019,0
2026-07-16T10:44:13Z,5.834,15.5896,17.1,2.3514,0.1278,0.6345,1.8809,147.445,119.413728,10.3143,103.275,56.823,330661.3395075903,0.018,0
2026-07-16T10:44:13Z,5.838,15.5577,17.1,2.3476,0.1278,0.6345,1.7449,147.493,119.438845,10.292,103.399,56.873,331501.2515231611,0.017,0
2026-07-16T10:44:13Z,5.842,15.5274,17.1,2.3667,0.1278,0.6345,1.8507,147.515,119.463113,10.284,103.476,56.823,332304.2626588187,0.015,0
2026-07-16T10:44:13Z,5.846,15.5042,17.1,2.3629,0.1278,0.6768,1.7903,147.501,119.469003,10.2883,103.449,56.799,332829.4384284128,0.013,0
2026-07-16T10:44:13Z,5.849,15.4905,17.1,2.3514,0.1278,0.6768,1.8054,147.457,119.446086,10.3007,103.29,56.528,332950.276354345,0.012,0
2026-07-16T10:44:13Z,5.851,15.486,17.1,2.1683,0.1278,0.6768,1.8054,147.405,119.400253,10.314,103.01,56.688,332714.65445797046,0.011,0
2026-07-16T10:44:13Z,5.853,15.4883,17.1,2.1492,0.1278,0.6768,1.8205,147.354,119.335286,10.3212,102.645,56.811,332200.16063676646,0.011,0
2026-07-16T10:44:13Z,5.856,15.4939,17.19,2.1721,0.1278,0.6345,1.7903,147.301,119.245863,10.3173,102.245,56.91,331442.36400088546,0.012,0
2026-07-16T10:44:13Z,5.859,15.4982,17.19,2.1454,0.1278,0.6345,1.7601,147.272,119.15414,10.3005,101.865,56.836,330696.28108612733,0.013,0
2026-07-16T10:44:13Z,5.863,15.4971,17.19,2.3056,0.1278,0.6345,2.032,147.301,119.099664,10.2728,101.545,56.466,330329.27949968225,0.014,0
2026-07-16T10:44:13Z,5.867,15.4889,17.19,2.2828,0.1278,0.6345,2.1377,147.368,119.083906,10.2381,101.294,55.373,330386.157893226,0.014,0
2026-07-16T10:44:13Z,5.871,15.4731,17.19,2.2789,0.1278,0.54990000000000006,2.0471,147.43,119.08465700000001,10.2016,101.087,55.445,330718.59133077844,0.014,0
2026-07-16T10:44:13Z,5.875,15.4501,17.19,2.2789,0.1278,0.54990000000000006,2.0622,147.475,119.094114,10.1687,100.888,55.349,331263.2617164286,0.013,0
2026-07-16T10:44:13Z,5.878,15.4236,17.19,2.0272,0.1278,0.54990000000000006,1.9715,147.513,119.112799,10.1425,100.652,55.337,331948.1325727081,0.012,0
2026-07-16T10:44:13Z,5.881,15.4,17.19,2.0348,0.1278,0.54990000000000006,2.0018,147.537,119.123691,10.1226,100.343,55.337,332518.06326790486,0.011,0
2026-07-16T10:44:13Z,5.883,15.3833,17.19,2.0501,0.1278,0.54990000000000006,2.0169,147.535,119.109694,10.1056,99.954,55.457,332765.6712263152,0.01,0
2026-07-16T10:44:13Z,5.885,15.3741,17.1,2.0501,0.1278,0.423,1.9564,147.519,119.083077,10.0877,99.494,55.337,332765.931523845,0.01,0
2026-07-16T10:44:13Z,5.888,15.37,17.1,2.0501,0.1278,0.423,2.0018,147.514,119.062746,10.065,98.985,55.433,332705.00785797945,0.01,0
2026-07-16T10:44:13Z,5.89,15.367,17.1,2.0424,0.1278,0.423,2.032,147.52,119.049278,10.0348,98.468,55.337,332670.57344062265,0.01,0
2026-07-16T10:44:13Z,5.892,15.3629,17.1,2.0501,0.1278,0.423,2.1075,147.519,119.031079,9.9967,98.007,54.977,332624.99957294983,0.01,0
2026-07-16T10:44:13Z,5.895,15.3581,17.1,2.0462,0.1278,0.6768,2.0773,147.523,119.021299,9.9517,97.662,54.171,332654.7064039031,0.01,0
2026-07-16T10:44:13Z,5.898,15.3527,17.1,1.9394,0.1278,0.6768,1.9715,147.551,119.033332,9.902,97.475,54.49,332854.22577145085,0.009,0
2026-07-16T10:44:13Z,5.901,15.3466,17.1,1.9204,0.1278,0.6768,2.0622,147.578,119.046381,9.8516,97.453,54.537,333075.8311721432,0.009,0
2026-07-16T10:44:13Z,5.902,15.3408,17.1,1.9356,0.1278,0.6768,2.0924,147.577,119.033924,9.8066,97.574,54.62,333107.2064098595,0.008,0
2026-07-16T10:44:13Z,5.904,15.3362,17.1,1.9013,0.1704,0.5076,2.0169,147.548,118.994639,9.7731,97.807,54.667,332919.88725043164,0.008,0
2026-07-16T10:44:13Z,5.906,15.3327,17.1,1.9204,0.1704,0.5076,2.0773,147.512,118.944053,9.7551,98.107,54.549,332628.1003359683,0.008,0
2026-07-16T10:44:13Z,5.908,15.3296,17.1,1.9204,0.1704,0.5076,2.1075,147.466,118.880676,9.7535,98.415,54.265,332235.8752458473,0.008,0
2026-07-16T10:44:13Z,5.91,15.3257,17.1,1.9089,0.1704,0.5076,1.9866,147.412,118.805611,9.7665,98.677,54.442,331776.3578175617,0.009,0
2026-07-16T10:44:13Z,5.912,15.3202,17.1,1.8937,0.1278,0.5922,2.183,147.377,118.740843,9.7911,98.859,54.371,331424.5414834966,0.009,0
2026-07-16T10:44:13Z,5.915,15.3129,17.1,1.8517,0.1278,0.5922,2.1528,147.389,118.715105,9.8226,98.946,53.983,331391.18674488046,0.01,0
2026-07-16T10:44:13Z,5.917,15.3041,17.1,1.8784,0.1278,0.5922,2.1981,147.444,118.731533,9.8553,98.937,53.772,331692.738900018,0.01,0
2026-07-16T10:44:13Z,5.92,15.2935,17.1,1.8708,0.1278,0.5922,2.1377,147.505,118.764502,9.8838,98.845,53.795,332151.41223210655,0.01,0
2026-07-16T10:44:13Z,5.923,15.2812,17.1,1.8402,0.1278,0.5922,2.2435,147.551,118.7968,9.9046,98.68,53.365,332641.3809261099,0.009,0
2026-07-16T10:44:13Z,5.925,15.269,17.1,1.8059,0.1278,0.5076,2.1377,147.581,118.825039,9.9159,98.446,53.423,333100.6259630175,0.008,0
2026-07-16T10:44:13Z,5.927,15.2595,17.1,1.7792,0.1278,0.5076,2.2283,147.597,118.844749,9.917,98.163,53.423,333442.18471381016,0.007,0
2026-07-16T10:44:13Z,5.929,15.2541,17.1,1.8135,0.1278,0.5076,2.2132,147.601,118.849185,9.9089,97.875,53.539,333587.5032490818,0.007,0
2026-07-16T10:44:13Z,5.93,15.2525,17.1,1.7868,0.1278,0.5076,2.2132,147.604,118.843531,9.8927,97.63,53.446,333580.1283835699,0.006,0
2026-07-16T10:44:13Z,5.932,15.254,17.1,1.9089,0.1278,0.5076,2.0773,147.614,118.834281,9.8689,97.471,53.457,333481.7235157163,0.006,0
2026-07-16T10:44:13Z,5.933,15.2563,17.1,1.9242,0.1278,0.5076,2.0773,147.624,118.818966,9.8401,97.426,53.492,333322.69674481143,0.006,0
2026-07-16T10:44:13Z,5.934,15.2566,17.1,1.9127,0.1278,0.5076,2.1226,147.619,118.789501,9.8112,97.487,53.434,333103.282649464,0.006,0
2026-07-16T10:44:13Z,5.936,15.2538,17.1,1.9318,0.1278,0.5076,1.9564,147.581,118.734026,9.7872,97.622,53.26,332760.8106803125,0.006,0
2026-07-16T10:44:13Z,5.937,15.248,17.1,1.9013,0.1278,0.5922,2.183,147.53,118.667752,9.7726,97.791,53.353,332403.19064038206,0.007,0
2026-07-16T10:44:13Z,5.939,15.2402,17.1,1.9165,0.1278,0.5922,2.2283,147.496,118.615009,9.7697,97.942,53.237,332185.17671339103,0.007,0
2026-07-16T10:44:13Z,5.94,15.2315,17.1,1.928,0.1278,0.5922,2.2737,147.47,118.567733,9.7776,98.02,53.203,332025.42716645397,0.008,0
2026-07-16T10:44:13Z,5.942,15.2229,17.1,1.9127,0.1278,0.5922,2.1679,147.465,118.533318,9.793,98.002,53.122,331956.4383382453,0.009,0
2026-07-16T10:44:13Z,5.945,15.2144,17.1,1.7868,0.1278,0.5922,1.9715,147.494,118.524588,9.8117,97.901,53.156,332070.888332111,0.01,0
2026-07-16T10:44:13Z,5.947,15.2059,17.19,1.7716,0.1278,0.4653,2.0773,147.525,118.517211,9.8286,97.743,53.249,332195.1789720205,0.01,0
2026-07-16T10:44:13Z,5.95,15.1969,17.19,1.7525,0.1278,0.4653,2.0471,147.525,118.491217,9.8384,97.562,52.548,332195.3686823181,0.011,0
2026-07-16T10:44:13Z,5.954,15.1868,17.19,1.7868,0.1278,0.4653,2.0773,147.501,118.453673,9.8387,97.388,52.274,332135.01421314286,0.011,0
2026-07-16T10:44:13Z,5.957,15.1758,17.19,1.7792,0.1278,0.4653,2.032,147.488,118.430573,9.8309,97.241,52.172,332197.91458657087,0.011,0
2026-07-16T10:44:13Z,5.959,15.1649,17.19,1.7983,0.1278,0.4653,2.1377,147.502,118.427756,9.8173,97.121,52.365,332405.5533545977,0.011,0
2026-07-16T10:44:13Z,5.962,15.156,17.19,1.7754,0.1278,0.4653,2.0169,147.525,118.430472,9.801,97.013,52.32,332611.5523999138,0.011,0
2026-07-16T10:44:13Z,5.964,15.15,17.19,1.8059,0.1278,0.4653,2.1226,147.558,118.441442,9.7848,96.881,52.149,332816.7433982385,0.011,0
2026-07-16T10:44:13Z,5.967,15.1457,17.19,1.7716,0.1278,0.4653,2.2283,147.599,118.459591,9.7709,96.692,51.935,333038.46327755606,0.011,0
2026-07-16T10:44:13Z,5.97,15.141,17.1,1.7792,0.1278,0.5076,2.1226,147.634,118.473757,9.7598,96.444,52.161,333239.81957560097,0.012,0
2026-07-16T10:44:13Z,5.973,15.1355,17.1,1.8059,0.1278,0.5076,2.3039,147.654,118.477716,9.75,96.173,52.161,333384.0169152002,0.012,0
2026-07-16T10:44:13Z,5.976,15.1302,17.1,1.7716,0.1278,0.5076,2.1981,147.648,118.464521,9.7379,95.934,51.575,333399.5587983565,0.012,0
2026-07-16T10:44:13Z,5.98,15.1254,17.1,1.783,0.1278,0.5076,2.2132,147.62,118.436655,9.72,95.776,51.53,333298.10642715375,0.012,0
2026-07-16T10:44:13Z,5.983,15.1207,17.1,1.7983,0.1278,0.54990000000000006,2.183,147.585,118.402689,9.696,95.722,51.385,333150.2772879153,0.012,0
2026-07-16T10:44:13Z,5.986,15.1166,17.1,1.7945,0.1278,0.54990000000000006,2.2132,147.563,118.379568,9.6696,95.772,51.362,333068.5511489679,0.012,0
2026-07-16T10:44:13Z,5.989,15.1138,17.1,1.7868,0.1278,0.54990000000000006,2.1981,147.575,118.385127,9.6462,95.905,51.128,333167.66849302576,0.011,0
2026-07-16T10:44:13Z,5.992,15.1118,17.1,1.8135,0.1278,0.54990000000000006,2.1075,147.596,118.400847,9.6307,96.09,51.295,333323.7865987654,0.011,0
2026-07-16T10:44:13Z,5.994,15.1099,17.1,1.783,0.1278,0.54990000000000006,2.1679,147.595,118.400918,9.6257,96.291,51.24,333364.2143561825,0.011,0
2026-07-16T10:44:13Z,5.997,15.1081,17.1,1.8021,0.1278,0.5076,2.032,147.583,118.391358,9.6311,96.472,51.418,333332.60670649784,0.01,0
2026-07-16T10:44:13Z,6,15.1066,17.1,1.7983,0.1278,0.5076,2.032,147.574,118.383619,9.6448,96.603,50.907,333307.91922040057,0.01,0
2026-07-16T10:44:13Z,6.003,15.1063,17.1,1.8517,0.1278,0.5076,2.0773,147.555,118.369638,9.6635,96.677,50.554,333212.705160915,0.01,0
2026-07-16T10:44:13Z,6.005,15.1065,17.1,1.8593,0.1278,0.5076,2.0773,147.534,118.353688,9.6837,96.699,50.313,333092.7170328478,0.01,0
2026-07-16T10:44:13Z,6.008,15.1064,17.1,1.8746,0.0852,0.54990000000000006,2.0622,147.522,118.343516,9.7019,96.68,50.587,333020.9851869456,0.009,0
2026-07-16T10:44:13Z,6.01,15.1063,17.1,1.8593,0.0852,0.54990000000000006,2.0773,147.522,118.340411,9.7151,96.632,50.576,333000.5485020757,0.009,0
2026-07-16T10:44:13Z,6.012,15.1067,17.1,1.7258,0.0852,0.54990000000000006,2.0018,147.527,118.341543,9.7224,96.571,50.587,333000.3688038125,0.009,0
2026-07-16T10:44:13Z,6.014,15.1071,17.1,1.7296,0.0852,0.54990000000000006,2.0622,147.518,118.333212,9.7246,96.509,50.521,332931.5175845423,0.009,0
2026-07-16T10:44:13Z,6.016,15.1069,17.1,1.7449,0.1278,0.5076,2.1528,147.52,118.335199,9.7227,96.45,50.554,332950.13159831695,0.009,0
2026-07-16T10:44:13Z,6.019,15.1059,17.1,1.7144,0.1278,0.5076,2.0169,147.54,118.354036,9.7181,96.398,49.932,333107.8338880235,0.009,0
2026-07-16T10:44:13Z,6.021,15.1049,17.1,1.7373,0.1278,0.5076,1.7449,147.541,118.358741,9.7121,96.365,50.051,333162.9840065502,0.008,0
2026-07-16T10:44:13Z,6.023,15.1044,17.1,1.6953,0.1278,0.5076,1.7903,147.534,118.35857,9.706,96.364,50.051,333172.24072394555,0.008,0
2026-07-16T10:44:13Z,6.025,15.1047,17.1,1.722,0.1278,0.5076,1.7903,147.557,118.381481,9.7,96.403,50.127,333332.2974901667,0.008,0
2026-07-16T10:44:13Z,6.027,15.1055,17.1,1.7373,0.1278,0.5922,1.7449,147.582,118.40358,9.6946,96.469,50.182,333475.9916159286,0.009,0
2026-07-16T10:44:13Z,6.029,15.1068,17.1,1.8479,0.1278,0.5922,2.1075,147.585,118.404759,9.691,96.543,50.28,333457.23352133465,0.009,0
2026-07-16T10:44:13Z,6.031,15.1086,17.1,1.8517,0.1278,0.5922,2.0169,147.586,118.401333,9.6905,96.609,50.127,333394.52665999037,0.01,0
2026-07-16T10:44:13Z,6.034,15.1101,17.1,1.8555,0.1278,0.5922,2.0773,147.567,118.382387,9.6941,96.653,49.856,333225.45110816864,0.011,0
2026-07-16T10:44:13Z,6.037,15.110900000000001,17.1,1.8364,0.1278,0.5076,2.0773,147.522,118.342868,9.7006,96.665,49.456,332921.84393598035,0.012,0
2026-07-16T10:44:13Z,6.041,15.1104,17.1,1.8708,0.1278,0.5076,2.1528,147.483,118.312242,9.7082,96.641,49.532,332710.1630391817,0.012,0
2026-07-16T10:44:13Z,6.044,15.1091,17.1,1.8517,0.1278,0.5076,2.0622,147.478,118.312344,9.7151,96.589,49.5,332738.16008081613,0.012,0
2026-07-16T10:44:13Z,6.047,15.1076,17.1,1.8593,0.1278,0.5076,1.9564,147.505,118.339203,9.7198,96.521,49.456,332964.4871174748,0.012,0
2026-07-16T10:44:13Z,6.05,15.1066,17.1,1.8937,0.0852,0.54990000000000006,2.0471,147.53,118.361977,9.7212,96.454,49.317,333150.7702457216,0.012,0
2026-07-16T10:44:13Z,6.053,15.1067,17.1,1.9204,0.0852,0.54990000000000006,2.0471,147.526,118.356737,9.7188,96.396,49.221,333110.6320279128,0.011,0
2026-07-16T10:44:13Z,6.056,15.1082,17.1,1.928,0.0852,0.54990000000000006,2.0169,147.508,118.332087,9.7132,96.356,48.826,332900.2597263292,0.011,0
2026-07-16T10:44:13Z,6.059,15.11,17.1,1.928,0.0852,0.54990000000000006,2.0471,147.497,118.303456,9.706,96.346,48.933,332654.8223649108,0.01,0
2026-07-16T10:44:13Z,6.061,15.111,17.1,1.9051,0.1278,0.54990000000000006,2.032,147.497,118.279208,9.6991,96.365,48.689,332458.0483301186,0.009,0
2026-07-16T10:44:13Z,6.064,15.1103,17.1,1.7868,0.1278,0.54990000000000006,2.0169,147.514,118.268879,9.6934,96.386,48.646,332397.83695106953,0.008,0
2026-07-16T10:44:13Z,6.066,15.1069,17.1,1.8212,0.1278,0.54990000000000006,2.1528,147.54,118.261711,9.6901,96.38,48.763,332417.09909984656,0.008,0
2026-07-16T10:44:13Z,6.067,15.1002,17.1,1.7907,0.1278,0.54990000000000006,2.0471,147.551,118.235793,9.6905,96.33,48.805,332369.5578096123,0.007,0
2026-07-16T10:44:13Z,6.069,15.0921,17.1,1.7754,0.1278,0.54990000000000006,1.9413,147.528,118.176209,9.6941,96.237,48.773,332107.25967080536,0.007,0
2026-07-16T10:44:13Z,6.071,15.0838,17.1,1.7487,0.1278,0.54990000000000006,2.0773,147.469,118.08707,9.6979,96.106,48.816,331635.0401608067,0.007,0
2026-07-16T10:44:13Z,6.072,15.0743,17.1,1.722,0.1278,0.54990000000000006,2.0773,147.432,118.018612,9.6992,95.94,48.742,331337.8146657285,0.008,0
2026-07-16T10:44:13Z,6.074,15.0625,17.1,1.7373,0.1278,0.54990000000000006,2.0471,147.45,118.00258,9.6967,95.744,48.657,331468.3041369779,0.008,0
2026-07-16T10:44:13Z,6.077,15.0486,17.1,1.7487,0.1278,0.54990000000000006,2.0773,147.482,118.008697,9.6902,95.535,48.152,331803.40601900563,0.008,0
2026-07-16T10:44:13Z,6.079,15.0342,17.1,1.764,0.0852,0.4653,2.032,147.497,118.00859,9.6801,95.339,48.257,332104.2153861597,0.008,0
2026-07-16T10:44:13Z,6.081,15.021,17.1,1.7792,0.0852,0.4653,2.1377,147.495,117.99823,9.6661,95.171,48.131,332305.71997560957,0.008,0
2026-07-16T10:44:13Z,6.083,15.0108,17.1,1.7792,0.0852,0.4653,1.9564,147.439,117.946853,9.6484,95.026,48.069,332146.4432424018,0.007,0
2026-07-16T10:44:13Z,6.085,15.0042,17.1,1.7792,0.0852,0.4653,2.0471,147.295,117.830756,9.6287,94.902,48.131,331441.9251995458,0.006,0
2026-07-16T10:44:13Z,6.086,15,17.1,1.8364,0.1704,0.423,1.8809,147.081,117.668984,9.6099,94.809,47.985,330357.1303541418,0.006,0
2026-07-16T10:44:13Z,6.087,14.9969,17.1,1.8364,0.1704,0.423,1.8356,146.756,117.428399,9.5936,94.747,48.142,328682.1401717166,0.005,0
2026-07-16T10:44:13Z,6.088,14.9948,17.1,1.8593,0.1704,0.423,1.8356,146.204,117.014844,9.5794,94.723,48.069,325748.04849862633,0.005,0
2026-07-16T10:44:13Z,6.089,14.9945,17.1,1.8402,0.1704,0.423,1.8507,145.305,116.326039,9.567,94.753,48.069,320831.3297071833,0.006,0
2026-07-16T10:44:13Z,6.091,14.9975,17.1,1.7182,0.0852,0.3807,2.032,143.875,115.206308,9.557,94.846,48.163,312866.9718124919,0.006,0
2026-07-16T10:44:13Z,6.092,15.0042,17.1,1.7525,0.0852,0.3807,2.1377,141.533,113.345056,9.5494,94.989,48.246,299868.3453564674,0.007,0
2026-07-16T10:44:13Z,6.094,15.0134,17.1,1.7182,0.0852,0.3807,2.1981,137.606,110.205946,9.545,95.165,47.86,278750.79748265905,0.007,0
2026-07-16T10:44:13Z,6.096,15.0234,17.1,1.7487,0.0852,0.3807,2.0773,131.052,104.959881,9.546,95.353,47.715,245643.45061522772,0.008,0
2026-07-16T10:44:13Z,6.099,15.0312,17.1,1.6533,0.0852,0.3807,2.0622,120.162,96.247914,9.5538,95.525,47.798,196348.22571050088,0.008,0
2026-07-16T10:44:13Z,6.101,15.0346,17.1,1.6877,0.0852,0.5076,2.0622,102.014,81.738853,9.5675,95.654,47.808,128817.86917712739,0.009,0
2026-07-16T10:44:13Z,6.103,15.034,17.1,1.6571,0.0852,0.5076,1.9715,71.697,57.507608,9.5854,95.722,47.704,52163.45060299478,0.009,0
2026-07-16T10:44:13Z,6.105,15.0309,17.1,1.6571,0.0852,0.5076,2.0622,21.116,17.076514,9.605,95.726,47.798,2636.977205512934,0.009,0
2026-07-16T10:44:13Z,6.107,15.027,17.1,1.7525,0.0852,0.5076,2.0773,-63.162,-50.29205,9.6232,95.675,47.922,NA,0.01,0
2026-07-16T10:44:13Z,6.109,15.0237,17.1,1.7449,0.1278,0.3384,2.0924,-203.575,-162.521032,9.6368,95.579,47.704,NA,0.011,0
2026-07-16T10:44:13Z,6.112,15.0204,17.1,1.7334,0.1278,0.3384,2.0471,-437.548,-349.506161,9.6444,95.455,47.621,NA,0.012,0
2026-07-16T10:44:13Z,6.115,15.0142,17.1,1.722,0.1278,0.3384,2.0018,-583.758,-466.369669,9.6462,95.323,47.57,NA,0.013,0
2026-07-16T10:44:13Z,6.119,15.0027,17.1,1.5923,0.1278,0.3384,2.2737,-437.504,-349.556693,9.6435,95.194,47.374,NA,0.013,0
2026-07-16T10:44:13Z,6.123,14.9873,17.19,1.6075,0.0852,0.4653,2.2586,-203.524,-162.639576,9.6372,95.064,46.841,NA,0.013,0
2026-07-16T10:44:13Z,6.126,14.9703,17.19,1.6152,0.0852,0.4653,2.2435,-63.14,-50.488223,9.6285,94.925,46.648,NA,0.012,0
2026-07-16T10:44:13Z,6.129,14.9539,17.19,1.6228,0.0852,0.4653,2.2435,21.094,16.808393,9.6187,94.776,46.527,2554.5455613652166,0.01,0
2026-07-16T10:44:13Z,6.132,14.941,17.19,1.5351,0.0852,0.4653,2.0471,71.622,57.178036,9.6082,94.611,46.74,51697.7287393591,0.009,0
2026-07-16T10:44:13Z,6.133,14.9333,17.19,1.5465,0.0852,0.4653,2.1377,101.913,81.375944,9.5964,94.425,46.882,128161.0324993375,0.008,0
2026-07-16T10:44:13Z,6.135,14.9299,17.1,1.5427,0.0852,0.3807,1.9715,120.085,95.888894,9.583,94.217,46.852,195709.0924346982,0.007,0
2026-07-16T10:44:13Z,6.136,14.9292,17.1,1.558,0.0852,0.3807,2.0169,131.009,104.60901,9.5679,94.006,46.862,244981.81801968554,0.006,0
2026-07-16T10:44:13Z,6.138,14.929,17.1,1.6037,0.0852,0.3807,2.0773,137.564,109.835652,9.5513,93.831,46.892,277817.12966144126,0.006,0
2026-07-16T10:44:13Z,6.139,14.9279,17.1,1.6228,0.0852,0.3807,2.1226,141.48,112.95259,9.5327,93.724,46.933,298632.6541554897,0.006,0
2026-07-16T10:44:13Z,6.141,14.9261,17.1,1.6228,0.1278,0.423,2.1075,143.834,114.825009,9.5121,93.688,46.618,311605.0490564009,0.007,0
2026-07-16T10:44:13Z,6.143,14.923400000000001,17.1,1.5885,0.1278,0.423,2.0471,145.265,115.966222,9.4913,93.704,46.557,319710.59450632293,0.007,0
2026-07-16T10:44:13Z,6.145,14.9197,17.1,1.5923,0.1278,0.423,2.0773,146.145,116.672552,9.4744,93.751,46.345,324833.483383151,0.007,0
2026-07-16T10:44:13Z,6.146,14.9158,17.1,1.6075,0.1278,0.423,2.0471,146.695,117.114353,9.4644,93.807,46.426,328096.5146695512,0.007,0
2026-07-16T10:44:13Z,6.148,14.9131,17.19,1.6228,0.1278,0.423,2.0471,147.012,117.365435,9.4612,93.846,46.648,329970.21024008916,0.008,0
2026-07-16T10:44:13Z,6.15,14.9124,17.19,1.6152,0.1278,0.423,2.183,147.168,117.48075300000001,9.4631,93.839,46.638,330821.74293751206,0.008,0
2026-07-16T10:44:13Z,6.151,14.9133,17.19,1.6075,0.1278,0.423,2.3039,147.246,117.527062,9.4676,93.78,46.598,331139.3536604172,0.009,0
2026-07-16T10:44:13Z,6.154,14.9141,17.19,1.6304,0.1278,0.423,2.2586,147.297,117.54671,9.4731,93.686,46.547,331265.4028898336,0.01,0
2026-07-16T10:44:13Z,6.157,14.9134,17.19,1.6114,0.1278,0.423,2.1377,147.328,117.552938,9.4771,93.588,46.376,331325.3379879506,0.011,0
2026-07-16T10:44:13Z,6.16,14.9104,17.19,1.6152,0.1278,0.423,2.2132,147.344,117.555404,9.4771,93.504,45.477,331406.1229488213,0.011,0
2026-07-16T10:44:13Z,6.164,14.9049,17.19,1.6114,0.1278,0.423,2.2132,147.374,117.578768,9.4722,93.443,45.646,331691.37690892274,0.011,0
2026-07-16T10:44:13Z,6.166,14.8977,17.19,1.6228,0.1278,0.423,2.1377,147.426,117.625259,9.4642,93.404,45.606,332180.98197524966,0.01,0
2026-07-16T10:44:13Z,6.169,14.8914,17.19,1.6075,0.1278,0.423,2.1075,147.465,117.663273,9.4555,93.379,45.755,332590.4512395321,0.009,0
2026-07-16T10:44:13Z,6.171,14.8881,17.19,1.6075,0.1278,0.3384,2.0622,147.484,117.682946,9.4477,93.36,45.864,332803.36249893985,0.009,0
2026-07-16T10:44:13Z,6.173,14.8878,17.19,1.6228,0.1278,0.3384,2.1528,147.492,117.689526,9.4417,93.345,45.805,332857.676125445,0.009,0
2026-07-16T10:44:13Z,6.175,14.8895,17.19,1.5007,0.1278,0.3384,2.0773,147.476,117.672766,9.4375,93.344,45.666,332699.64662702905,0.009,0
2026-07-16T10:44:13Z,6.177,14.8918,17.19,1.4855,0.1278,0.3384,2.1075,147.453,117.644197,9.4345,93.362,45.765,332442.9768311519,0.01,0
2026-07-16T10:44:13Z,6.18,14.8932,17.1,1.4931,0.0852,0.4653,2.0471,147.453,117.628203,9.4322,93.395,45.835,332296.9861269629,0.011,0
2026-07-16T10:44:13Z,6.182,14.8933,17.1,1.4664,0.0852,0.4653,2.0018,147.452,117.608517,9.4307,93.429,45.695,332151.4617448716,0.012,0
2026-07-16T10:44:13Z,6.186,14.8919,17.1,1.4817,0.0852,0.4653,1.9715,147.423,117.567888,9.4308,93.448,45.162,331884.9673452574,0.013,0
2026-07-16T10:44:13Z,6.19,14.8886,17.1,1.4855,0.0852,0.4653,2.0773,147.385,117.523483,9.4333,93.441,45.025,331630.9581193215,0.014,0
2026-07-16T10:44:13Z,6.194,14.8832,17.1,1.4931,0.1278,0.3807,2.0622,147.357,117.487461,9.4378,93.403,44.84,331482.05178224266,0.015,0
2026-07-16T10:44:13Z,6.198,14.8766,17.1,1.4969,0.1278,0.3807,2.0169,147.347,117.462217,9.4425,93.337,44.645,331436.73339322716,0.016,0
2026-07-16T10:44:13Z,6.202,14.8707,17.1,1.4588,0.1278,0.3807,2.1075,147.362,117.45302,9.4456,93.254,44.694,331493.52457324485,0.016,0
2026-07-16T10:44:13Z,6.206,14.866,17.1,1.4702,0.1278,0.3807,2.2132,147.369,117.437415,9.446,93.169,44.674,331478.50204942154,0.017,0
2026-07-16T10:44:13Z,6.21,14.8614,17.1,1.5046,0.1278,0.3807,2.1075,147.353,117.405239,9.4431,93.092,44.568,331340.73502178537,0.017,0
2026-07-16T10:44:13Z,6.214,14.8555,17.1,1.4702,0.0852,0.423,2.1226,147.344,117.381913,9.4376,93.017,44.413,331294.64219492726,0.018,0
2026-07-16T10:44:13Z,6.219,14.8484,17.1,1.4778,0.0852,0.423,2.1981,147.347,117.371217,9.4306,92.935,44.461,331365.6601051761,0.019,0
2026-07-16T10:44:13Z,6.224,14.8411,17.1,1.4855,0.0852,0.423,2.2586,147.358,117.372297,9.4235,92.85,43.714,331526.6885211496,0.019,0
2026-07-16T10:44:13Z,6.23,14.8346,17.1,1.4931,0.0852,0.423,2.2435,147.382,117.389443,9.417,92.766,43.458,331788.12712912523,0.019,0
2026-07-16T10:44:13Z,6.235,14.8289,17.19,1.4855,0.1278,0.4653,2.2435,147.405,117.411225,9.4106,92.69,43.204,332066.7681458553,0.018,0
2026-07-16T10:44:13Z,6.239,14.8245,17.19,1.4931,0.1278,0.4653,2.1377,147.412,117.419451,9.4032,92.634,43.336,332219.32818612177,0.017,0
2026-07-16T10:44:13Z,6.243,14.8218,17.19,1.4511,0.1278,0.4653,2.1075,147.409,117.418315,9.3951,92.614,43.326,332267.8434095473,0.016,0
2026-07-16T10:44:13Z,6.247,14.8214,17.19,1.5046,0.1278,0.4653,1.896,147.42,117.425515,9.3868,92.641,43.289,332328.81555848446,0.016,0
2026-07-16T10:44:13Z,6.25,14.8224,17.19,1.4969,0.1278,0.2961,2.0773,147.432,117.428971,9.3788,92.714,43.345,332332.9965008528,0.016,0
2026-07-16T10:44:13Z,6.254,14.8234,17.19,1.5007,0.1278,0.2961,2.3039,147.436,117.419604,9.373,92.819,43.449,332243.58197178313,0.017,0
2026-07-16T10:44:13Z,6.258,14.8237,17.19,1.4969,0.1278,0.2961,2.183,147.431,117.398914,9.3709,92.939,43.326,332086.28804749734,0.018,0
2026-07-16T10:44:13Z,6.264,14.8233,17.19,1.5084,0.1278,0.2961,2.1981,147.404,117.363385,9.3737,93.055,42.681,331835.5253038532,0.019,0
2026-07-16T10:44:13Z,6.269,14.8213,17.28,1.4664,0.0852,0.3384,2.1377,147.379,117.335541,9.3815,93.153,42.037,331674.50142313377,0.019,0
2026-07-16T10:44:13Z,6.275,14.8171,17.28,1.4054,0.0852,0.3384,2.0622,147.369,117.32796,9.393,93.219,41.737,331707.44617827324,0.019,0
2026-07-16T10:44:13Z,6.28,14.8114,17.28,1.4359,0.0852,0.3384,2.0471,147.359,117.326618,9.4063,93.248,41.946,331817.42708031385,0.018,0
2026-07-16T10:44:13Z,6.284,14.8065,17.28,1.4435,0.0852,0.3384,2.032,147.365,117.343159,9.4191,93.243,42.01,332041.14351361454,0.017,0
2026-07-16T10:44:13Z,6.288,14.804,17.28,1.4283,0.0852,0.3384,1.9715,147.383,117.371994,9.4295,93.22,41.946,332304.2637377588,0.017,0
2026-07-16T10:44:13Z,6.291,14.804,17.19,1.4931,0.1278,0.423,1.9413,147.384,117.384811,9.4362,93.187,41.973,332397.86955321394,0.017,0
2026-07-16T10:44:13Z,6.295,14.8063,17.19,1.4969,0.1278,0.423,2.0471,147.393,117.397029,9.4386,93.137,41.937,332438.67721561727,0.018,0
2026-07-16T10:44:13Z,6.3,14.8103,17.19,1.4817,0.1278,0.423,2.1226,147.418,117.413909,9.4373,93.069,41.891,332477.73269264866,0.019,0
2026-07-16T10:44:13Z,6.305,14.8151,17.19,1.4664,0.1278,0.423,2.0773,147.445,117.425949,9.434,92.983,41.782,332464.5853248111,0.02,0
2026-07-16T10:44:13Z,6.31,14.8191,17.19,1.4092,0.1278,0.423,2.0471,147.461,117.428358,9.4298,92.88,40.53,332397.958101919,0.021,0
2026-07-16T10:44:13Z,6.316,14.8209,17.19,1.4283,0.1278,0.423,2.1377,147.454,117.413779,9.4245,92.779,40.504,332253.6441437811,0.021,0
2026-07-16T10:44:13Z,6.322,14.8198,17.19,1.4206,0.1278,0.423,2.0773,147.438,117.394323,9.4178,92.713,40.284,332134.7879588643,0.021,0
2026-07-16T10:44:13Z,6.327,14.8168,17.19,1.4359,0.1278,0.423,2.0773,147.426,117.378804,9.4097,92.705,40.381,332084.63461777876,0.02,0
2026-07-16T10:44:13Z,6.332,14.8133,17.28,1.5389,0.0852,0.3807,2.0169,147.425,117.369083,9.4,92.751,40.504,332087.3050287252,0.02,0
2026-07-16T10:44:13Z,6.336,14.8101,17.28,1.5694,0.0852,0.3807,1.9564,147.426,117.356569,9.3904,92.826,40.548,332063.27910282183,0.021,0
2026-07-16T10:44:13Z,6.341,14.8078,17.28,1.5732,0.0852,0.3807,2.1075,147.404,117.319922,9.3842,92.896,40.521,331844.2198094015,0.022,0
2026-07-16T10:44:13Z,6.347,14.8058,17.28,1.558,0.0852,0.3807,2.1075,147.354,117.255369,9.3838,92.933,40.407,331415.4349807885,0.023,0
2026-07-16T10:44:13Z,6.353,14.8029,17.28,1.4588,0.0852,0.3807,2.2435,147.321,117.201698,9.389,92.907,40.171,331085.10224141506,0.025,0
2026-07-16T10:44:13Z,6.361,14.7983,17.19,1.4778,0.0852,0.3807,2.183,147.342,117.194598,9.3975,92.808,38.722,331129.8475136131,0.025,0
2026-07-16T10:44:13Z,6.368,14.7918,17.19,1.5122,0.0852,0.3807,2.2132,147.393,117.220173,9.406,92.651,38.714,331452.7358256888,0.025,0
2026-07-16T10:44:13Z,6.375,14.7833,17.19,1.5046,0.0852,0.3807,2.1528,147.449,117.257241,9.4114,92.468,38.496,331901.8702561859,0.023,0
2026-07-16T10:44:13Z,6.38,14.774,17.19,1.3443,0.0852,0.3807,2.032,147.499,117.293686,9.4107,92.305,38.672,332363.8533250584,0.021,0
2026-07-16T10:44:13Z,6.385,14.7661,17.28,1.3367,0.1278,0.3807,2.0773,147.528,117.315226,9.4022,92.199,38.781,332687.85681693506,0.02,0
2026-07-16T10:44:13Z,6.39,14.761,17.28,1.352,0.1278,0.3807,2.1377,147.528,117.313604,9.3874,92.154,38.739,332783.56014825194,0.018,0
2026-07-16T10:44:13Z,6.394,14.7584,17.28,1.371,0.1278,0.3807,2.1075,147.509,117.294389,9.3694,92.146,38.621,332697.8134861218,0.017,0
2026-07-16T10:44:13Z,6.398,14.7573,17.28,1.4168,0.1278,0.3807,2.032,147.498,117.276457,9.3531,92.148,38.596,332589.8240997354,0.017,0
2026-07-16T10:44:13Z,6.402,14.7568,17.19,1.4244,0.1278,0.3807,2.1377,147.499,117.263028,9.3425,92.142,38.022,332502.13690460974,0.016,0
2026-07-16T10:44:13Z,6.407,14.7563,17.19,1.3939,0.1278,0.3807,2.1075,147.503,117.248519,9.3379,92.124,37.619,332406.56334648153,0.015,0
2026-07-16T10:44:13Z,6.411,14.7548,17.19,1.4359,0.1278,0.3807,1.9866,147.503,117.229059,9.3374,92.095,37.611,332295.8727441715,0.014,0
2026-07-16T10:44:13Z,6.414,14.7518,17.19,1.4283,0.1278,0.3807,2.1075,147.494,117.20346,9.3383,92.053,37.66,332171.90918484784,0.013,0
2026-07-16T10:44:13Z,6.417,14.7469,17.28,1.4435,0.1278,0.2538,2.0471,147.483,117.176894,9.3387,92.01,37.775,332080.8905657904,0.012,0
2026-07-16T10:44:13Z,6.42,14.7407,17.28,1.4588,0.1278,0.2538,2.0471,147.476,117.154278,9.3381,91.987,37.767,332046.10783205193,0.011,0
2026-07-16T10:44:13Z,6.422,14.7343,17.28,1.4359,0.1278,0.2538,2.0169,147.47,117.133579,9.3364,91.985,37.676,332029.5380015013,0.011,0
2026-07-16T10:44:13Z,6.425,14.728,17.28,1.4855,0.1278,0.2538,1.9413,147.447,117.101278,9.3334,91.987,37.676,331926.01647111913,0.012,0
2026-07-16T10:44:13Z,6.428,14.7218,17.28,1.4969,0.1278,0.2538,2.0169,147.401,117.048761,9.3304,91.975,37.66,331672.58714828733,0.013,0
2026-07-16T10:44:13Z,6.431,14.7161,17.28,1.4664,0.1278,0.3807,2.0622,147.348,116.988022,9.3291,91.938,37.734,331348.60651342594,0.014,0
2026-07-16T10:44:13Z,6.435,14.7109,17.28,1.4778,0.1278,0.3807,2.0622,147.321,116.946867,9.33,91.865,37.734,331157.2484952212,0.016,0
2026-07-16T10:44:13Z,6.439,14.7061,17.28,1.474,0.1278,0.3807,2.1075,147.328,116.93632,9.3312,91.755,36.818,331181.061995563,0.016,0
2026-07-16T10:44:13Z,6.444,14.7007,17.28,1.4817,0.1278,0.3807,2.0773,147.358,116.949569,9.3311,91.611,36.779,331391.3924414206,0.017,0
2026-07-16T10:44:13Z,6.449,14.6944,17.28,1.455,0.1278,0.3384,2.0471,147.377,116.960143,9.3286,91.458,36.318,331601.23446831305,0.016,0
2026-07-16T10:44:13Z,6.453,14.6877,17.28,1.474,0.1278,0.3384,1.9866,147.375,116.956864,9.3226,91.331,36.357,331718.2828991978,0.015,0
2026-07-16T10:44:13Z,6.457,14.6821,17.28,1.3443,0.1278,0.3384,2.0471,147.375,116.954857,9.3125,91.253,36.31,331821.52706026915,0.014,0
2026-07-16T10:44:13Z,6.46,14.6786,17.28,1.3558,0.1278,0.3384,2.1528,147.37,116.945587,9.2987,91.227,36.349,331827.4054901279,0.013,0
2026-07-16T10:44:13Z,6.463,14.6771,17.19,1.3558,0.1278,0.3807,2.0924,147.363,116.934582,9.2835,91.238,36.326,331778.4546312047,0.012,0
2026-07-16T10:44:13Z,6.466,14.6766,17.19,1.3367,0.1278,0.3807,2.0773,147.375,116.938907,9.2706,91.273,36.342,331820.64064962073,0.012,0
2026-07-16T10:44:13Z,6.469,14.6758,17.19,1.352,0.1278,0.3807,2.1679,147.393,116.947716,9.2629,91.314,36.223,331901.97652171407,0.012,0
2026-07-16T10:44:13Z,6.472,14.6741,17.19,1.3558,0.1278,0.3807,2.0471,147.408,116.951358,9.2606,91.346,36.153,331964.4638222858,0.013,0
2026-07-16T10:44:13Z,6.475,14.6722,17.19,1.3443,0.1278,0.3807,2.032,147.425,116.954803,9.2621,91.357,36.051,332029.7365374069,0.013,0
2026-07-16T10:44:13Z,6.479,14.6706,17.28,1.3558,0.1278,0.423,2.1377,147.438,116.954969,9.2659,91.342,35.661,332064.681815152,0.013,0
2026-07-16T10:44:13Z,6.482,14.6687,17.28,1.371,0.1278,0.423,2.1226,147.422,116.931899,9.2705,91.317,35.645,331935.7860930857,0.013,0
2026-07-16T10:44:13Z,6.486,14.6658,17.28,1.3405,0.1278,0.423,2.0169,147.393,116.897441,9.2743,91.298,35.568,331744.60632799467,0.013,0
2026-07-16T10:44:13Z,6.489,14.6625,17.28,1.3825,0.1278,0.423,2.0471,147.386,116.880409,9.276,91.285,35.491,331689.4337136232,0.013,0
2026-07-16T10:44:13Z,6.492,14.659,17.28,1.3634,0.1278,0.2961,2.0018,147.392,116.874259,9.2752,91.266,35.422,331718.1325470232,0.012,0
2026-07-16T10:44:13Z,6.496,14.6554,17.28,1.2986,0.1278,0.2961,2.0169,147.395,116.86735,9.2734,91.229,35.199,331743.3850671088,0.012,0
2026-07-16T10:44:13Z,6.499,14.6516,17.28,1.2719,0.1278,0.2961,2.0622,147.401,116.865841,9.2723,91.159,35.062,331812.40304164565,0.012,0
2026-07-16T10:44:13Z,6.502,14.6478,17.28,1.2947,0.1278,0.2961,1.9111,147.419,116.877328,9.2717,91.048,35.123,331976.6514982049,0.012,0
2026-07-16T10:44:13Z,6.505,14.644,17.28,1.2833,0.0852,0.423,2.0169,147.432,116.884874,9.2706,90.904,35.176,332112.09272101655,0.012,0
2026-07-16T10:44:13Z,6.508,14.6408,17.28,1.2795,0.0852,0.423,2.0773,147.428,116.878491,9.2674,90.739,35.107,332132.8158210512,0.013,0
2026-07-16T10:44:13Z,6.511,14.6387,17.28,1.2986,0.0852,0.423,2.1377,147.442,116.884478,9.2607,90.574,35.146,332221.0182189149,0.014,0
2026-07-16T10:44:13Z,6.514,14.6377,17.28,1.2757,0.0852,0.423,2.1075,147.469,116.90043,9.2497,90.43,34.978,332359.09914340026,0.015,0
2026-07-16T10:44:13Z,6.519,14.6369,17.28,1.2719,0.1278,0.3384,2.0773,147.458,116.886601,9.2352,90.326,34.487,332274.573869571,0.016,0
2026-07-16T10:44:13Z,6.523,14.6356,17.28,1.31,0.1278,0.3384,2.1075,147.42,116.849303,9.2187,90.276,34.301,332028.5606087298,0.017,0
2026-07-16T10:44:13Z,6.528,14.6339,17.28,1.3214,0.1278,0.3384,2.0471,147.408,116.828592,9.2023,90.283,34.457,331912.618525895,0.018,0
2026-07-16T10:44:13Z,6.532,14.6321,17.28,1.3138,0.1278,0.3384,2.0169,147.425,116.828943,9.188,90.338,34.36,331953.1478527711,0.019,0
2026-07-16T10:44:13Z,6.537,14.6304,17.28,1.3024,0.1278,0.3384,1.9715,147.439,116.82445,9.1778,90.418,34.033,331956.067652311,0.021,0
2026-07-16T10:44:13Z,6.542,14.6278,17.28,1.2375,0.0852,0.3384,2.1075,147.446,116.807914,9.1732,90.496,33.886,331889.69621008524,0.022,0
2026-07-16T10:44:13Z,6.548,14.6242,17.28,1.2337,0.0852,0.3384,2.032,147.455,116.788924,9.1747,90.549,33.834,331826.4217085972,0.024,0
2026-07-16T10:44:13Z,6.554,14.6198,17.28,1.2375,0.0852,0.3384,2.0773,147.454,116.760417,9.1811,90.561,33.702,331710.2587146373,0.025,0
2026-07-16T10:44:13Z,6.561,14.6143,17.28,1.2299,0.0852,0.3384,2.0622,147.449,116.730788,9.1904,90.522,33.622,331609.05103063636,0.026,0
2026-07-16T10:44:13Z,6.568,14.607,17.28,1.2146,0.0852,0.2538,2.1679,147.457,116.718136,9.1997,90.432,32.956,331670.18704817194,0.027,0
2026-07-16T10:44:13Z,6.576,14.5981,17.28,1.2451,0.0852,0.2538,2.0471,147.47,116.719085,9.207,90.304,32.143,331864.83104290266,0.027,0
2026-07-16T10:44:13Z,6.583,14.5886,17.28,1.2261,0.0852,0.2538,2.0622,147.477,116.721889,9.2101,90.148,31.934,332085.9001386217,0.026,0
2026-07-16T10:44:13Z,6.59,14.58,17.28,1.2375,0.0852,0.2538,2.0169,147.469,116.715296,9.2078,89.977,31.948,332219.12949491385,0.025,0
2026-07-16T10:44:13Z,6.596,14.5736,17.28,1.1765,0.0852,0.2538,2.0471,147.45,116.697548,9.2,89.812,31.976,332224.01331933,0.023,0
2026-07-16T10:44:13Z,6.601,14.5702,17.28,1.1727,0.0852,0.2538,2.0471,147.429,116.671913,9.1875,89.674,32.073,332107.591667618,0.022,0
2026-07-16T10:44:13Z,6.606,14.5694,17.28,1.1994,0.0852,0.2538,2.1679,147.41,116.641555,9.1718,89.573,32.052,331901.6092532304,0.022,0
2026-07-16T10:44:13Z,6.611,14.5694,17.28,1.146,0.0852,0.2538,2.0622,147.404,116.616378,9.1545,89.512,32.052,331716.8353193948,0.022,0
2026-07-16T10:44:13Z,6.617,14.5683,17.28,1.165,0.0852,0.2538,2.0169,147.419,116.609667,9.1379,89.483,31.816,331690.79712823866,0.021,0
2026-07-16T10:44:13Z,6.623,14.5654,17.28,1.1803,0.0852,0.3807,2.0924,147.434,116.611631,9.1244,89.475,30.903,331766.3942815826,0.021,0
2026-07-16T10:44:13Z,6.629,14.5603,17.28,1.1841,0.0852,0.3807,2.0471,147.442,116.618792,9.1152,89.488,30.404,331926.6087895712,0.019,0
2026-07-16T10:44:13Z,6.635,14.5534,17.28,1.1803,0.0852,0.3807,2.0471,147.478,116.657062,9.1103,89.526,30.397,332353.51599685755,0.017,0
2026-07-16T10:44:13Z,6.638,14.5469,17.28,1.2299,0.0852,0.3807,2.1075,147.55,116.726646,9.1087,89.584,30.729,333002.826372099,0.015,0
2026-07-16T10:44:13Z,6.641,14.5434,17.28,1.2108,0.1278,0.3384,2.0773,147.608,116.786099,9.1086,89.656,30.977,333514.79210227815,0.013,0
2026-07-16T10:44:13Z,6.643,14.5439,17.28,1.2261,0.1278,0.3384,2.0169,147.61,116.797275,9.1098,89.737,31.004,333586.51514412725,0.011,0
2026-07-16T10:44:13Z,6.646,14.5471,17.28,1.2375,0.1278,0.3384,2.1075,147.585,116.781154,9.1131,89.824,31.011,333399.8635843633,0.011,0
2026-07-16T10:44:13Z,6.648,14.5515,17.28,1.2986,0.1278,0.3384,2.0471,147.589,116.779441,9.1181,89.913,30.896,333293.93083851336,0.011,0
2026-07-16T10:44:13Z,6.651,14.5559,17.28,1.3062,0.1278,0.423,2.0169,147.603,116.777676,9.1245,89.999,30.997,333187.6556089755,0.011,0
2026-07-16T10:44:13Z,6.654,14.5593,17.28,1.3138,0.1278,0.423,2.0773,147.589,116.749389,9.1321,90.079,30.716,332907.4891131985,0.012,0
2026-07-16T10:44:13Z,6.657,14.5605,17.28,1.2871,0.1278,0.423,2.0471,147.561,116.709037,9.1408,90.144,30.549,332585.3659355613,0.012,0
2026-07-16T10:44:13Z,6.661,14.5589,17.28,1.1612,0.1278,0.423,2.1075,147.551,116.685857,9.1501,90.192,30.357,332448.82857137424,0.013,0
2026-07-16T10:44:13Z,6.664,14.5547,17.28,1.1727,0.1278,0.3384,2.0169,147.576,116.69567,9.1597,90.222,30.199,332609.8083515671,0.013,0
2026-07-16T10:44:13Z,6.667,14.5488,17.28,1.1803,0.1278,0.3384,2.032,147.612,116.719089,9.1689,90.23,30.252,332906.95824277826,0.013,0
2026-07-16T10:44:13Z,6.67,14.5425,17.28,1.165,0.1278,0.3384,2.0471,147.61,116.714361,9.1768,90.212,30.318,333005.63081224257,0.014,0
2026-07-16T10:44:13Z,6.674,14.5373,17.28,1.2375,0.1278,0.3384,2.0471,147.571,116.680223,9.1828,90.163,30.344,332864.5551063521,0.015,0
2026-07-16T10:44:13Z,6.677,14.534,17.28,1.2337,0.1278,0.3384,2.0169,147.547,116.655573,9.1865,90.078,30.344,332753.05472976266,0.016,0
2026-07-16T10:44:13Z,6.681,14.5323,17.28,1.2337,0.0852,0.4653,2.0471,147.555,116.655839,9.1877,89.956,30.364,332791.0128823527,0.018,0
2026-07-16T10:44:13Z,6.686,14.5312,17.28,1.2223,0.0852,0.4653,1.9413,147.568,116.663091,9.186,89.801,30.199,332867.6832123781,0.019,0
2026-07-16T10:44:13Z,6.692,14.5299,17.28,1.2337,0.0852,0.4653,2.1377,147.555,116.655261,9.1813,89.632,28.978,332837.58984433906,0.02,0
2026-07-16T10:44:13Z,6.698,14.5281,17.28,1.268,0.0852,0.4653,2.0169,147.523,116.634262,9.173,89.479,29.073,332721.1697436697,0.021,0
2026-07-16T10:44:13Z,6.704,14.5261,17.28,1.2299,0.0852,0.423,2.0169,147.506,116.626495,9.161,89.366,28.84,332706.3636015778,0.02,0
2026-07-16T10:44:13Z,6.709,14.5252,17.28,1.2375,0.0852,0.423,2.0622,147.511,116.635889,9.1454,89.304,28.947,332794.5598415157,0.019,0
2026-07-16T10:44:13Z,6.713,14.5258,17.28,1.1765,0.0852,0.423,2.0018,147.507,116.63495,9.128,89.31,29.028,332774.9382173179,0.018,0
2026-07-16T10:44:13Z,6.717,14.5274,17.28,1.1498,0.0852,0.423,2.0471,147.479,116.609426,9.1122,89.384,28.909,332553.24489739083,0.017,0
2026-07-16T10:44:13Z,6.721,14.5293,17.28,1.1727,0.1278,0.3807,2.0773,147.437,116.562513,9.1002,89.507,28.903,332168.0576531849,0.018,0
2026-07-16T10:44:13Z,6.725,14.5311,17.28,1.1536,0.1278,0.3807,2.0471,147.394,116.5037,9.0936,89.65,28.94,331697.88494117337,0.019,0
2026-07-16T10:44:13Z,6.73,14.532,17.28,1.146,0.1278,0.3807,2.0471,147.384,116.461303,9.094,89.78,28.89,331367.6096423927,0.02,0
2026-07-16T10:44:13Z,6.735,14.5307,17.28,1.1689,0.1278,0.3807,2.1377,147.417,116.448016,9.1018,89.861,28.89,331297.500813407,0.022,0
2026-07-16T10:44:13Z,6.741,14.5261,17.28,1.1765,0.1278,0.3807,2.2283,147.46,116.448291,9.1152,89.88,28.208,331396.52388826926,0.022,0
2026-07-16T10:44:13Z,6.748,14.5178,17.28,1.1917,0.1278,0.3384,2.1377,147.499,116.454201,9.1315,89.841,27.404,331615.05904212827,0.022,0
2026-07-16T10:44:13Z,6.755,14.506,17.28,1.1421,0.1278,0.3384,2.2737,147.523,116.459321,9.147,89.751,27.434,331901.9068315375,0.022,0
2026-07-16T10:44:13Z,6.76,14.4927,17.28,1.1727,0.1278,0.3384,2.1075,147.512,116.445015,9.1579,89.624,27.541,332077.85761054733,0.02,0
2026-07-16T10:44:13Z,6.765,14.4812,17.28,1.1841,0.1278,0.3384,2.183,147.477,116.415469,9.1621,89.472,27.488,332103.6956450901,0.018,0
2026-07-16T10:44:13Z,6.769,14.4729,17.28,1.1574,0.1278,0.2961,2.1075,147.463,116.402805,9.1597,89.306,27.559,332186.09287644393,0.017,0
2026-07-16T10:44:13Z,6.772,14.4681,17.28,1.1727,0.1278,0.2961,2.0169,147.475,116.407646,9.1516,89.132,27.559,332323.3398107735,0.016,0
2026-07-16T10:44:13Z,6.776,14.466,17.28,1.2299,0.1278,0.2961,2.1226,147.49,116.411283,9.139,88.955,27.464,332394.59401041,0.016,0
2026-07-16T10:44:13Z,6.78,14.4654,17.28,1.2261,0.1278,0.2961,2.0622,147.495,116.402686,9.1236,88.78,27.446,332343.97645925096,0.017,0
2026-07-16T10:44:13Z,6.784,14.4649,17.28,1.2528,0.1278,0.3384,1.9715,147.493,116.383561,9.1068,88.618,27.458,332213.7155560703,0.017,0
2026-07-16T10:44:13Z,6.788,14.4634,17.28,1.2642,0.1278,0.3384,2.0924,147.509,116.380808,9.0894,88.475,27.392,332225.1921363051,0.018,0
2026-07-16T10:44:13Z,6.793,14.4607,17.28,1.249,0.1278,0.3384,2.1075,147.542,116.39769,9.0719,88.36,26.606,332406.7058505094,0.018,0
2026-07-16T10:44:13Z,6.799,14.4562,17.28,1.2375,0.1278,0.3384,1.9262,147.571,116.41871,9.0549,88.273,26.496,332656.9555049355,0.018,0
2026-07-16T10:44:13Z,6.804,14.4505,17.37,1.1956,0.1278,0.2961,2.1981,147.583,116.433473,9.0395,88.211,26.261,332886.68399352033,0.018,0
2026-07-16T10:44:13Z,6.808,14.4453,17.37,1.2413,0.1278,0.2961,1.9715,147.563,116.425915,9.026,88.166,26.456,332941.2652631036,0.017,0
2026-07-16T10:44:13Z,6.812,14.4421,17.37,1.1536,0.1278,0.2961,1.7298,147.522,116.402022,9.0148,88.138,26.56,332832.90953234525,0.016,0
2026-07-16T10:44:13Z,6.815,14.4416,17.37,1.1498,0.1278,0.2961,1.8658,147.487,116.379423,9.0061,88.115,26.416,332676.8409698947,0.015,0
2026-07-16T10:44:13Z,6.818,14.4433,17.37,1.1727,0.1278,0.2961,1.8356,147.465,116.360094,8.9994,88.094,26.531,332498.2919563373,0.016,0
2026-07-16T10:44:13Z,6.822,14.4462,17.28,1.165,0.1278,0.2961,1.8356,147.443,116.330879,8.9943,88.085,26.508,332221.56418668525,0.017,0
2026-07-16T10:44:13Z,6.826,14.449,17.28,1.1612,0.1278,0.2961,2.0169,147.422,116.293988,8.9908,88.094,26.37,331890.6162668085,0.018,0
2026-07-16T10:44:13Z,6.831,14.4506,17.28,1.165,0.1278,0.2961,2.0471,147.429,116.277581,8.9882,88.108,26.182,331736.00824629935,0.019,0
2026-07-16T10:44:13Z,6.837,14.4499,17.28,1.1574,0.1278,0.2961,2.0622,147.459,116.283282,8.9862,88.116,25.216,331792.7668825383,0.02,0
2026-07-16T10:44:13Z,6.843,14.446,17.37,1.165,0.1278,0.3807,2.1226,147.481,116.28661,8.9861,88.107,25.425,331899.74756630725,0.02,0
2026-07-16T10:44:13Z,6.848,14.4391,17.37,1.1536,0.1278,0.3807,2.1377,147.482,116.276452,8.9883,88.079,25.292,331970.92622192274,0.02,0
2026-07-16T10:44:13Z,6.853,14.4316,17.37,1.1574,0.1278,0.3807,2.0622,147.465,116.2541,8.9913,88.041,25.336,331964.998548593,0.019,0
2026-07-16T10:44:13Z,6.857,14.4255,17.37,1.1879,0.1278,0.3807,2.0622,147.451,116.239591,8.9933,88.011,25.287,331987.21263560833,0.019,0
2026-07-16T10:44:13Z,6.862,14.4208,17.37,1.1803,0.0852,0.2538,2.1679,147.447,116.239058,8.9933,88.001,25.166,332082.7842471111,0.019,0
2026-07-16T10:44:13Z,6.866,14.4169,17.37,1.2223,0.0852,0.2538,2.0773,147.429,116.230357,8.9912,88.023,25.139,332101.2373967433,0.02,0
2026-07-16T10:44:13Z,6.871,14.4141,17.37,1.2451,0.0852,0.2538,2.0471,147.418,116.22717,8.9879,88.077,25.128,332137.04277313635,0.021,0
2026-07-16T10:44:13Z,6.876,14.4129,17.37,1.2375,0.0852,0.2538,2.1528,147.431,116.238647,8.985,88.155,25.052,332247.0793945573,0.024,0
2026-07-16T10:44:13Z,6.882,14.4137,17.37,1.2146,0.0852,0.2538,2.0169,147.436,116.23785,8.9839,88.241,25.112,332224.2509098828,0.026,0
2026-07-16T10:44:13Z,6.889,14.4158,17.28,1.2375,0.1278,0.2961,2.2283,147.435,116.228565,8.9857,88.32,25.139,332111.3146042299,0.029,0
2026-07-16T10:44:13Z,6.897,14.4177,17.28,1.2223,0.1278,0.2961,2.2435,147.44,116.226314,8.9908,88.378,24.428,332054.4858526164,0.03,0
2026-07-16T10:44:13Z,6.907,14.4181,17.28,1.2375,0.1278,0.2961,2.3341,147.443,116.228498,8.9987,88.406,23.056,332062.1092723059,0.03,0
2026-07-16T10:44:13Z,6.916,14.4165,17.28,1.2184,0.1278,0.2961,2.1981,147.437,116.229698,9.0078,88.399,23.389,332104.83161824255,0.029,0
2026-07-16T10:44:13Z,6.923,14.4136,17.37,1.1574,0.1278,0.3384,2.1679,147.428,116.232234,9.0164,88.362,23.379,332184.94685651484,0.027,0
2026-07-16T10:44:13Z,6.929,14.4114,17.37,1.1803,0.1278,0.3384,2.3341,147.426,116.242785,9.0228,88.302,23.333,332309.35828305746,0.025,0
2026-07-16T10:44:13Z,6.935,14.4113,17.37,1.1765,0.1278,0.3384,2.2435,147.428,116.258163,9.0256,88.226,23.491,332424.8976651943,0.022,0
2026-07-16T10:44:13Z,6.94,14.4133,17.37,1.1803,0.1278,0.3384,2.2435,147.434,116.27647,9.0245,88.148,23.43,332517.5388909912,0.02,0
2026-07-16T10:44:13Z,6.944,14.4165,17.28,1.2566,0.1278,0.2538,2.2435,147.443,116.29459,9.0201,88.086,23.349,332583.3549966151,0.019,0
2026-07-16T10:44:13Z,6.949,14.4206,17.28,1.2413,0.1278,0.2538,2.2435,147.458,116.317353,9.0131,88.052,23.389,332664.3324595936,0.019,0
2026-07-16T10:44:13Z,6.954,14.4253,17.28,1.2375,0.1278,0.2538,2.1075,147.482,116.350831,9.0045,88.05,23.116,332811.6337882285,0.019,0
2026-07-16T10:44:13Z,6.959,14.4298,17.28,1.2146,0.1278,0.2538,2.2737,147.501,116.383951,8.9957,88.08,22.787,332960.53989522794,0.019,0
2026-07-16T10:44:13Z,6.964,14.4337,17.28,1.2947,0.1278,0.3384,2.0169,147.511,116.413545,8.9885,88.133,22.708,333096.16395512194,0.019,0
2026-07-16T10:44:13Z,6.968,14.4375,17.28,1.2719,0.1278,0.3384,2.0622,147.504,116.431505,8.9843,88.203,22.852,333148.036037762,0.019,0
2026-07-16T10:44:13Z,6.973,14.4423,17.28,1.3176,0.1278,0.3384,2.0773,147.474,116.430622,8.9833,88.29,22.787,333039.60282310867,0.019,0
2026-07-16T10:44:13Z,6.977,14.4485,17.28,1.2986,0.1278,0.3384,2.1075,147.449,116.430662,8.9851,88.394,22.743,332908.31664933497,0.02,0
2026-07-16T10:44:13Z,6.982,14.4558,17.28,1.1574,0.1278,0.3384,2.2737,147.45,116.44363800000001,8.989,88.512,22.807,332849.1503314227,0.022,0
2026-07-16T10:44:13Z,6.987,14.4637,17.28,1.1803,0.1278,0.1692,2.1528,147.471,116.465009,8.9946,88.649,22.728,332839.1678314723,0.024,0
2026-07-16T10:44:13Z,6.994,14.4715,17.28,1.1689,0.1278,0.1692,2.183,147.501,116.488473,9.002,88.8,22.57,332846.72577172227,0.026,0
2026-07-16T10:44:13Z,7.001,14.4782,17.28,1.1727,0.1278,0.1692,2.2737,147.529,116.512287,9.0112,88.951,22.08,332880.17405102524,0.027,0
2026-07-16T10:44:13Z,7.009,14.4825,17.28,1.2871,0.1278,0.1692,2.2132,147.557,116.538802,9.0225,89.085,21.363,332984.4088007392,0.027,0
2026-07-16T10:44:13Z,7.017,14.4839,17.37,1.2947,0.1278,0.3807,2.2888,147.577,116.563088,9.0361,89.186,21.568,333133.73457351554,0.026,0
2026-07-16T10:44:13Z,7.024,14.484,17.37,1.3024,0.1278,0.3807,2.1377,147.592,116.583621,9.0515,89.246,21.442,333283.0114504497,0.025,0
2026-07-16T10:44:13Z,7.03,14.4844,17.37,1.268,0.1278,0.3807,2.1679,147.601,116.597878,9.0668,89.263,21.372,333379.66466671973,0.022,0
2026-07-16T10:44:13Z,7.035,14.4861,17.37,1.165,0.1278,0.3807,2.1226,147.594,116.59766,9.0801,89.252,21.424,333341.9590439365,0.02,0
2026-07-16T10:44:13Z,7.039,14.4888,17.28,1.1841,0.1278,0.2115,2.0169,147.584,116.59091,9.0899,89.233,21.377,333234.86889928184,0.019,0
2026-07-16T10:44:13Z,7.044,14.4918,17.28,1.1803,0.1278,0.2115,2.0924,147.583,116.587828,9.0954,89.22,21.312,333148.4853315207,0.018,0
2026-07-16T10:44:13Z,7.048,14.4942,17.28,1.1803,0.1278,0.2115,2.0773,147.572,116.573592,9.0967,89.224,21.275,332992.6563880486,0.018,0
2026-07-16T10:44:13Z,7.052,14.4959,17.28,1.1879,0.1278,0.2115,2.2888,147.533,116.534406,9.0953,89.249,21.461,332667.9626347292,0.019,0
2026-07-16T10:44:13Z,7.056,14.4963,17.28,1.1612,0.1278,0.2961,2.3039,147.485,116.48182,9.0933,89.277,21.522,332272.38887622324,0.021,0
2026-07-16T10:44:13Z,7.062,14.4955,17.28,1.1956,0.1278,0.2961,2.2283,147.444,116.43181,9.092,89.282,21.405,331921.4157766584,0.022,0
2026-07-16T10:44:13Z,7.068,14.4938,17.28,1.1879,0.1278,0.2961,2.2435,147.427,116.403041,9.0928,89.247,20.588,331745.7989733351,0.023,0
2026-07-16T10:44:13Z,7.075,14.4908,17.28,1.2261,0.1278,0.2961,2.2283,147.445,116.407839,9.0959,89.168,20.535,331844.4661930968,0.023,0
2026-07-16T10:44:13Z,7.081,14.485900000000001,17.28,1.2337,0.1278,0.2961,2.2737,147.471,116.427482,9.0998,89.048,20.225,332092.55576146353,0.022,0
2026-07-16T10:44:13Z,7.087,14.48,17.28,1.2375,0.1278,0.3384,2.3643,147.489,116.447209,9.1014,88.904,20.459,332362.60482363636,0.021,0
2026-07-16T10:44:13Z,7.092,14.4747,17.28,1.2375,0.1278,0.3384,2.3039,147.51,116.468281,9.0989,88.761,20.508,332630.0573737282,0.02,0
2026-07-16T10:44:13Z,7.096,14.4714,17.28,1.2795,0.1278,0.3384,2.2435,147.516,116.472319,9.0915,88.639,20.468,332729.748715633,0.019,0
2026-07-16T10:44:13Z,7.101,14.4712,17.28,1.3138,0.1278,0.3384,2.2132,147.492,116.444398,9.0794,88.558,20.481,332528.2616645746,0.019,0
2026-07-16T10:44:13Z,7.105,14.4731,17.28,1.3138,0.1278,0.2115,2.2737,147.453,116.397074,9.0643,88.528,20.415,332139.54355105775,0.02,0
2026-07-16T10:44:13Z,7.11,14.4747,17.28,1.2909,0.1278,0.2115,2.3039,147.42,116.349726,9.0493,88.54,20.348,331757.30338501255,0.021,0
2026-07-16T10:44:13Z,7.116,14.4743,17.28,1.2947,0.1278,0.2115,2.0471,147.41,116.317728,9.037,88.584,20.295,331530.4349843077,0.022,0
2026-07-16T10:44:13Z,7.122,14.4712,17.28,1.3062,0.1278,0.2115,2.2132,147.42,116.304545,9.0294,88.642,19.747,331498.97172038537,0.023,0
2026-07-16T10:44:13Z,7.129,14.4658,17.28,1.2871,0.0852,0.3807,2.0471,147.444,116.31066,9.0274,88.693,19.572,331658.01496586535,0.022,0
2026-07-16T10:44:13Z,7.135,14.4585,17.28,1.2757,0.0852,0.3807,2.1075,147.482,116.333703,9.0301,88.713,19.415,331981.92205670406,0.021,0
2026-07-16T10:44:13Z,7.141,14.4504,17.28,1.371,0.0852,0.3807,2.1679,147.513,116.351819,9.0361,88.685,19.585,332286.7753788965,0.02,0
2026-07-16T10:44:13Z,7.145,14.4432,17.28,1.352,0.0852,0.3807,2.0622,147.525,116.353841,9.0435,88.606,19.538,332454.1941122578,0.019,0
2026-07-16T10:44:13Z,7.149,14.4387,17.28,1.371,0.0852,0.3807,2.0169,147.547,116.360305,9.0495,88.483,19.529,332597.2263859529,0.018,0
2026-07-16T10:44:13Z,7.153,14.4364,17.28,1.3481,0.1278,0.3384,2.1226,147.575,116.368937,9.052,88.332,19.538,332709.6537633508,0.017,0
2026-07-16T10:44:13Z,7.157,14.4344,17.28,1.1116,0.1278,0.3384,1.9866,147.578,116.354037,9.0496,88.171,19.602,332642.1739690342,0.018,0
2026-07-16T10:44:13Z,7.161,14.4318,17.28,1.1002,0.1278,0.3384,2.0471,147.569,116.327632,9.042,88.019,19.436,332502.5760510344,0.019,0
2026-07-16T10:44:13Z,7.166,14.4282,17.28,1.1154,0.1278,0.3384,2.0471,147.581,116.314679,9.0302,87.893,19.453,332483.37102706573,0.02,0
2026-07-16T10:44:13Z,7.172,14.4235,17.28,1.1154,0.1278,0.2115,2.0622,147.592,116.299723,9.0157,87.795,19.285,332472.7073734716,0.021,0
2026-07-16T10:44:13Z,7.178,14.4179,17.28,1.1803,0.1278,0.2115,2.0018,147.575,116.266775,9.0003,87.713,18.577,332348.426087034,0.021,0
2026-07-16T10:44:13Z,7.184,14.4113,17.28,1.2032,0.1278,0.2115,2.0471,147.555,116.239047,8.9861,87.631,18.707,332283.8137451303,0.021,0
2026-07-16T10:44:13Z,7.19,14.4035,17.28,1.1803,0.1278,0.2115,2.0773,147.54,116.221145,8.9748,87.537,18.541,332317.0835703309,0.02,0
2026-07-16T10:44:13Z,7.194,14.3955,17.28,1.1727,0.1278,0.3807,2.0471,147.514,116.196295,8.9664,87.428,18.602,332303.33638815786,0.018,0
2026-07-16T10:44:13Z,7.199,14.3889,17.28,1.0353,0.1278,0.3807,2.0018,147.491,116.171871,8.9593,87.31,18.614,332263.03889073373,0.017,0
2026-07-16T10:44:13Z,7.202,14.3848,17.28,1.0659,0.1278,0.3807,2.0773,147.487,116.157362,8.9517,87.191,18.606,332242.8921814609,0.016,0
2026-07-16T10:44:13Z,7.206,14.3828,17.28,1.0582,0.1278,0.3807,2.0773,147.491,116.140896,8.9425,87.071,18.593,332163.7879706702,0.016,0
2026-07-16T10:44:13Z,7.21,14.3814,17.28,1.0659,0.1278,0.3384,2.1075,147.502,116.120084,8.9317,86.961,18.622,332039.91359099257,0.016,0
2026-07-16T10:44:13Z,7.214,14.3792,17.28,1.2451,0.1278,0.3384,2.2132,147.531,116.109372,8.92,86.876,18.585,332007.5007797768,0.017,0
2026-07-16T10:44:13Z,7.219,14.3753,17.28,1.2299,0.1278,0.3384,2.2888,147.568,116.109902,8.9085,86.825,18.413,332094.04292226926,0.017,0
2026-07-16T10:44:13Z,7.224,14.3687,17.28,1.2223,0.1278,0.3384,2.1528,147.61,116.123815,8.8976,86.803,17.776,332336.6537006944,0.017,0
2026-07-16T10:44:13Z,7.229,14.3588,17.28,1.2451,0.1278,0.3384,2.2737,147.644,116.13882,8.8883,86.794,18.021,332657.5749476685,0.016,0
2026-07-16T10:44:13Z,7.233,14.3474,17.37,1.1689,0.1278,0.2961,2.0471,147.645,116.132918,8.8819,86.786,17.97,332856.10806560295,0.015,0
2026-07-16T10:44:13Z,7.236,14.3377,17.37,1.1727,0.1278,0.2961,1.9715,147.63,116.114535,8.8785,86.767,17.892,332926.32589749264,0.013,0
2026-07-16T10:44:13Z,7.239,14.3313,17.37,1.1727,0.1278,0.2961,2.032,147.619,116.096771,8.8774,86.727,17.993,332930.97991595865,0.011,0
2026-07-16T10:44:13Z,7.241,14.3274,17.37,1.1803,0.1278,0.2961,2.0471,147.613,116.078886,8.8773,86.659,18.028,332881.5795031853,0.01,0
2026-07-16T10:44:13Z,7.243,14.3249,17.28,1.1727,0.1278,0.2538,1.9715,147.593,116.046113,8.877,86.562,18.009,332692.28917105234,0.01,0
2026-07-16T10:44:13Z,7.246,14.3228,17.28,1.1498,0.1278,0.2538,2.0169,147.551,115.995709,8.8755,86.436,18.052,332364.2018149743,0.01,0
2026-07-16T10:44:13Z,7.248,14.3197,17.28,1.1612,0.1278,0.2538,2.1377,147.522,115.956233,8.8719,86.282,17.943,332138.23187324294,0.011,0
2026-07-16T10:44:13Z,7.251,14.3151,17.28,1.1307,0.1278,0.2538,2.0622,147.52,115.939157,8.8659,86.103,17.884,332109.6312458454,0.012,0
2026-07-16T10:44:13Z,7.254,14.3093,17.28,1.2375,0.1278,0.2961,2.0018,147.516,115.919929,8.8571,85.913,17.841,332090.5751938187,0.013,0
2026-07-16T10:44:13Z,7.257,14.3034,17.28,1.2223,0.1278,0.2961,2.1075,147.495,115.885419,8.8454,85.726,17.927,331960.68363543245,0.015,0
2026-07-16T10:44:13Z,7.261,14.2979,17.28,1.2184,0.1278,0.2961,2.0622,147.477,115.854424,8.8306,85.564,17.904,331848.27097869554,0.016,0
2026-07-16T10:44:13Z,7.266,14.2927,17.28,1.2451,0.1278,0.2961,2.0471,147.481,115.846676,8.8134,85.451,17.61,331901.28264669044,0.017,0
2026-07-16T10:44:13Z,7.271,14.287,17.28,1.1803,0.1278,0.2961,2.1075,147.493,115.852109,8.795,85.406,17.09,332062.3737420091,0.017,0
2026-07-16T10:44:13Z,7.276,14.2809,17.28,1.1383,0.1278,0.2961,2.0018,147.486,115.848173,8.777,85.439,17.307,332162.7402661494,0.017,0
2026-07-16T10:44:13Z,7.28,14.2754,17.28,1.165,0.1278,0.2961,1.9715,147.477,115.845817,8.7615,85.541,17.168,332262.0980047071,0.016,0
2026-07-16T10:44:13Z,7.284,14.2718,17.28,1.1727,0.1278,0.2961,1.9715,147.472,115.848415,8.7506,85.679,17.105,332357.79499899363,0.015,0
2026-07-16T10:44:13Z,7.287,14.2704,17.28,1.1765,0.1278,0.2961,2.0169,147.444,115.832659,8.7462,85.82,17.292,332270.92669364123,0.014,0
2026-07-16T10:44:13Z,7.29,14.2709,17.28,1.1689,0.1278,0.3384,2.0169,147.409,115.810349,8.7495,85.934,17.228,332095.2325185285,0.014,0
2026-07-16T10:44:13Z,7.293,14.2726,17.28,1.1841,0.1278,0.3384,2.1377,147.386,115.795534,8.7596,86,17.165,331949.56642600155,0.014,0
2026-07-16T10:44:13Z,7.297,14.2749,17.28,1.1727,0.1278,0.3384,2.0622,147.353,115.768265,8.7733,86.011,17.194,331699.16084358346,0.015,0
2026-07-16T10:44:13Z,7.3,14.2769,17.28,1.31,0.1278,0.3384,2.0471,147.293,115.713271,8.7874,85.98,17.236,331250.45825635974,0.017,0
2026-07-16T10:44:13Z,7.304,14.2786,17.28,1.3367,0.1278,0.3384,2.0169,147.189,115.615887,8.7987,85.934,17.262,330495.8112278982,0.019,0
2026-07-16T10:44:13Z,7.309,14.2796,17.28,1.2986,0.1278,0.3384,2.0471,147.002,115.450141,8.8053,85.89,17.239,329253.8217973473,0.021,0
2026-07-16T10:44:13Z,7.315,14.2793,17.28,1.2795,0.1278,0.3384,1.9866,146.698,115.195833,8.8065,85.856,16.679,327392.26550102857,0.022,0
2026-07-16T10:44:13Z,7.322,14.2765,17.28,1.165,0.1278,0.3384,2.1075,146.207,114.801147,8.8039,85.83,16.435,324564.2683679876,0.022,0
2026-07-16T10:44:13Z,7.329,14.2712,17.37,1.1536,0.1278,0.2538,1.9715,145.376,114.148832,8.8002,85.803,16.317,319936.0453433738,0.022,0
2026-07-16T10:44:13Z,7.334,14.2648,17.37,1.1727,0.1278,0.2538,2.0169,143.975,113.056939,8.7969,85.771,16.342,312227.71898405714,0.02,0
2026-07-16T10:44:13Z,7.339,14.2593,17.37,1.1536,0.1278,0.2538,2.0471,141.609,111.214295,8.7944,85.741,16.335,299372.263919481,0.018,0
2026-07-16T10:44:13Z,7.343,14.2562,17.37,1.1879,0.1278,0.2538,2.0773,137.622,108.101531,8.7924,85.719,16.338,278283.96883523616,0.017,0
2026-07-16T10:44:13Z,7.347,14.256,17.37,1.1727,0.1278,0.2538,2.032,130.957,102.884578,8.7896,85.711,16.388,244944.5107671629,0.015,0
2026-07-16T10:44:13Z,7.35,14.2587,17.28,1.1956,0.0852,0.3807,2.032,119.838,94.16825,8.7859,85.725,16.424,194894.7834192917,0.015,0
2026-07-16T10:44:13Z,7.354,14.2635,17.28,1.1994,0.0852,0.3807,2.1377,101.298,79.624191,8.7819,85.762,16.299,126405.04362712945,0.015,0
2026-07-16T10:44:13Z,7.357,14.269,17.28,1.2299,0.0852,0.3807,2.0169,70.427,55.397987,8.7786,85.815,16.314,49711.897412341925,0.017,0
2026-07-16T10:44:13Z,7.362,14.2738,17.28,1.207,0.0852,0.3807,2.0773,19.006,15.037316,8.7769,85.868,16.381,2063.5149090809723,0.019,0
2026-07-16T10:44:13Z,7.366,14.2773,17.28,1.2375,0.0852,0.3807,2.032,-66.697,-52.236667,8.7776,85.918,16.345,NA,0.022,0
2026-07-16T10:44:13Z,7.372,14.2795,17.28,1.2223,0.0852,0.3807,2.0169,-209.531,-164.35569,8.781,85.958,16.335,NA,0.025,0
2026-07-16T10:44:13Z,7.379,14.2803,17.28,1.043,0.0852,0.3807,2.0471,-447.574,-351.198163,8.7863,85.981,16.246,NA,0.027,0
2026-07-16T10:44:13Z,7.387,14.2789,17.28,0.9934,0.0852,0.3807,2.1377,-596.359,-467.984263,8.7921,85.985,15.267,NA,0.028,0
2026-07-16T10:44:13Z,7.396,14.2749,17.37,0.9819,0.1278,0.2538,2.0471,-447.62,-351.256466,8.798,85.964,15.284,NA,0.027,0
2026-07-16T10:44:13Z,7.404,14.2687,17.37,0.9781,0.1278,0.2538,2.0622,-209.63,-164.475845,8.8034,85.916,15.004,NA,0.026,0
2026-07-16T10:44:13Z,7.41,14.262,17.37,1.001,0.1278,0.2538,2.1377,-66.837,-52.404717,8.8073,85.844,15.142,NA,0.023,0
2026-07-16T10:44:13Z,7.415,14.2568,17.37,1.1307,0.1278,0.2538,2.1377,18.871,14.864551,8.8089,85.753,15.214,2013.3168087762606,0.02,0
2026-07-16T10:44:13Z,7.419,14.2543,17.37,1.0926,0.1278,0.2538,2.0924,70.315,55.240432,8.8071,85.648,15.132,49395.88027075857,0.018,0
2026-07-16T10:44:13Z,7.423,14.2542,17.37,1.1231,0.1278,0.2538,2.0622,101.181,79.463829,8.8019,85.541,15.178,125824.13945137915,0.016,0
2026-07-16T10:44:13Z,7.427,14.2553,17.37,1.104,0.1278,0.2538,2.0169,119.699,93.994314,8.7942,85.458,15.178,194009.44352800734,0.015,0
2026-07-16T10:44:13Z,7.43,14.2564,17.37,1.1727,0.1278,0.2538,2.0169,130.799,102.698683,8.7846,85.405,15.079,243797.9717255342,0.016,0
2026-07-16T10:44:13Z,7.434,14.2567,17.37,1.1803,0.1278,0.2538,2.0169,137.465,107.9161,8.7737,85.377,15.142,277045.12305941444,0.017,0
2026-07-16T10:44:13Z,7.438,14.2562,17.37,1.1498,0.1278,0.3384,2.0169,141.506,111.067877,8.7628,85.367,15.311,298415.5105964569,0.018,0
2026-07-16T10:44:13Z,7.443,14.2552,17.37,1.1574,0.1278,0.3384,2.0169,143.959,112.976485,8.7544,85.355,15.135,311846.05675154825,0.019,0
2026-07-16T10:44:13Z,7.448,14.2529,17.37,1.1078,0.1278,0.3384,2.1377,145.429,114.120886,8.7495,85.335,14.605,320108.21231272497,0.02,0
2026-07-16T10:44:13Z,7.454,14.2481,17.37,1.1231,0.1278,0.3384,2.1377,146.318,114.814254,8.7476,85.305,14.444,325249.8111126174,0.02,0
2026-07-16T10:44:13Z,7.46,14.2414,17.37,1.1231,0.1278,0.423,2.0622,146.865,115.241487,8.7478,85.25,14.466,328522.13525875745,0.019,0
2026-07-16T10:44:13Z,7.464,14.2358,17.37,1.1231,0.1278,0.423,2.0471,147.182,115.488513,8.7477,85.165,14.457,330460.3243667632,0.019,0
2026-07-16T10:44:13Z,7.469,14.2327,17.37,1.1765,0.1278,0.423,2.0773,147.357,115.625208,8.7462,85.069,14.485,331536.10138670076,0.018,0
2026-07-16T10:44:13Z,7.472,14.2312,17.37,1.207,0.1278,0.423,2.0471,147.452,115.700021,8.7434,84.972,14.523,332121.67061519844,0.017,0
2026-07-16T10:44:13Z,7.476,14.2303,17.37,1.1803,0.1278,0.2115,2.0924,147.47,115.712905,8.7379,84.873,14.357,332236.2193750565,0.018,0
2026-07-16T10:44:13Z,7.481,14.2298,17.37,1.1956,0.1278,0.2115,2.1377,147.441,115.683294,8.7293,84.768,14.326,332027.5415246577,0.018,0
2026-07-16T10:44:13Z,7.485,14.2297,17.37,1.1765,0.1278,0.2115,2.0018,147.414,115.647293,8.7195,84.655,14.426,331763.1527300838,0.02,0
2026-07-16T10:44:13Z,7.49,14.2299,17.37,1.1727,0.1278,0.2115,2.0471,147.417,115.633298,8.7095,84.543,14.332,331655.33960575674,0.02,0
2026-07-16T10:44:13Z,7.496,14.2295,17.37,1.1689,0.1278,0.2115,2.0169,147.46,115.655575,8.6995,84.444,13.806,331828.6932829614,0.021,0
2026-07-16T10:44:13Z,7.503,14.2269,17.37,1.1994,0.1278,0.2961,2.0471,147.502,115.686066,8.6891,84.369,13.681,332109.6664750437,0.02,0
2026-07-16T10:44:13Z,7.508,14.2219,17.37,1.0926,0.1278,0.2961,2.0924,147.52,115.706901,8.6786,84.323,13.615,332370.30038355105,0.019,0
2026-07-16T10:44:13Z,7.513,14.2163,17.37,1.1116,0.1278,0.2961,2.0622,147.527,115.723638,8.6681,84.307,13.678,332613.50302709255,0.018,0
2026-07-16T10:44:13Z,7.517,14.2126,17.37,1.0926,0.1278,0.2961,2.0169,147.523,115.732741,8.6587,84.321,13.651,332759.77972903056,0.017,0
2026-07-16T10:44:13Z,7.521,14.2118,17.37,1.1231,0.1278,0.1692,2.0471,147.518,115.736639,8.6511,84.361,13.678,332805.73085288185,0.015,0
2026-07-16T10:44:13Z,7.524,14.2139,17.37,1.0582,0.1278,0.1692,1.9564,147.512,115.73237,8.646,84.424,13.731,332729.3451533077,0.015,0
2026-07-16T10:44:13Z,7.527,14.2178,17.37,1.0124,0.1278,0.1692,2.0773,147.499,115.714797,8.6436,84.507,13.701,332516.02834091213,0.015,0
2026-07-16T10:44:13Z,7.531,14.2218,17.37,1.0392,0.1278,0.1692,2.0924,147.492,115.695234,8.6443,84.601,13.672,332285.9625197972,0.017,0
2026-07-16T10:44:13Z,7.535,14.2244,17.37,1.0735,0.1278,0.3384,1.9715,147.513,115.692461,8.648,84.689,13.722,332210.14851429145,0.019,0
2026-07-16T10:44:13Z,7.54,14.2247,17.37,1.146,0.1278,0.3384,2.032,147.547,115.701739,8.6544,84.753,13.663,332272.5062214223,0.02,0
2026-07-16T10:44:13Z,7.546,14.2223,17.37,1.165,0.1278,0.3384,2.1377,147.56,115.701541,8.6633,84.781,13.311,332322.06063411734,0.021,0
2026-07-16T10:44:13Z,7.553,14.2173,17.37,1.1689,0.1278,0.3384,2.0622,147.559,115.699812,8.6739,84.774,12.977,332415.5729714405,0.021,0
2026-07-16T10:44:13Z,7.559,14.2109,17.37,1.1727,0.1278,0.3384,1.9564,147.535,115.688093,8.6841,84.736,12.935,332464.8386206758,0.02,0
2026-07-16T10:44:13Z,7.564,14.205,17.46,1.0506,0.0852,0.2538,2.0471,147.449,115.631258,8.6918,84.672,12.991,332169.01118546486,0.018,0
2026-07-16T10:44:13Z,7.568,14.2015,17.46,1.062,0.0852,0.2538,2.032,147.327,115.544154,8.6953,84.592,12.938,331598.1179149251,0.017,0
2026-07-16T10:44:13Z,7.572,14.2012,17.46,1.0506,0.0852,0.2538,2.0924,147.206,115.453551,8.6947,84.51,13.014,330934.0562078851,0.015,0
2026-07-16T10:44:13Z,7.575,14.2036,17.46,1.0506,0.0852,0.2538,2.032,147.024,115.309289,8.6903,84.442,13.022,329817.62022431754,0.014,0
2026-07-16T10:44:13Z,7.578,14.2071,17.37,1.146,0.0852,0.423,1.8356,146.688,115.040899,8.683,84.404,12.997,327767.29562069767,0.014,0
2026-07-16T10:44:13Z,7.581,14.2101,17.37,1.1803,0.0852,0.423,1.7752,146.138,114.602811,8.6743,84.399,13.002,324494.460046127,0.015,0
2026-07-16T10:44:13Z,7.585,14.2113,17.37,1.165,0.0852,0.423,1.7147,145.245,113.892199,8.6657,84.413,12.952,319304.24344826856,0.016,0
2026-07-16T10:44:13Z,7.589,14.2108,17.37,1.1727,0.0852,0.423,1.8205,143.786,112.731567,8.6588,84.436,13.011,310986.53073854744,0.018,0
2026-07-16T10:44:13Z,7.594,14.2091,17.37,1.1879,0.1278,0.2115,2.1679,141.391,110.835412,8.6553,84.463,13.028,297701.77591563103,0.019,0
2026-07-16T10:44:13Z,7.599,14.2068,17.37,1.165,0.1278,0.2115,2.0773,137.406,107.70009,8.6552,84.491,12.673,276496.90276368347,0.02,0
2026-07-16T10:44:13Z,7.606,14.2029,17.37,1.1612,0.1278,0.2115,2.0169,130.756,102.485514,8.6574,84.511,12.232,243324.36052564747,0.021,0
2026-07-16T10:44:13Z,7.612,14.197,17.37,1.1879,0.1278,0.2115,2.1075,119.654,93.791131,8.6608,84.51,12.288,193647.95415563454,0.02,0
2026-07-16T10:44:13Z,7.617,14.1905,17.37,1.0353,0.0852,0.3384,1.8809,101.126,79.28244,8.6649,84.482,12.347,125592.41928182467,0.019,0
2026-07-16T10:44:13Z,7.621,14.1858,17.37,1.0544,0.0852,0.3384,1.9715,70.235,55.088458,8.6686,84.43,12.296,49259.49943189358,0.017,0
2026-07-16T10:44:13Z,7.625,14.1841,17.37,1.0506,0.0852,0.3384,2.0773,18.756,14.761457,8.671,84.364,12.398,1990.110072759491,0.016,0
2026-07-16T10:44:13Z,7.628,14.185,17.37,1.043,0.0852,0.3384,2.1226,-67.056,-52.468429,8.6707,84.294,12.344,NA,0.015,0
2026-07-16T10:44:13Z,7.631,14.1873,17.37,1.043,0.0852,0.3384,2.1679,-210.112,-164.54917,8.6674,84.236,12.363,NA,0.015,0
2026-07-16T10:44:13Z,7.635,14.1893,17.37,1.0659,0.1278,0.2961,2.0018,-448.544,-351.352964,8.6617,84.206,12.307,NA,0.015,0
2026-07-16T10:44:13Z,7.639,14.19,17.37,1.0659,0.1278,0.2961,2.0773,-597.545,-468.097672,8.6549,84.208,12.312,NA,0.016,0
2026-07-16T10:44:13Z,7.643,14.1888,17.37,1.062,0.1278,0.2961,2.032,-448.499,-351.346731,8.648,84.237,12.312,NA,0.017,0
2026-07-16T10:44:13Z,7.648,14.1857,17.37,1.2223,0.1278,0.2961,2.1377,-210.043,-164.547044,8.6428,84.28,12.116,NA,0.018,0
2026-07-16T10:44:13Z,7.653,14.1812,17.37,1.2451,0.1278,0.1692,2.0622,-66.958,-52.457846,8.6408,84.342,11.799,NA,0.018,0
2026-07-16T10:44:13Z,7.658,14.1761,17.37,1.2108,0.1278,0.1692,2.032,18.899,14.803315,8.6422,84.436,11.879,2003.3809333141273,0.017,0
2026-07-16T10:44:13Z,7.662,14.1715,17.37,1.2337,0.1278,0.1692,1.9715,70.409,55.16075,8.6458,84.556,11.799,49469.67930598104,0.016,0
2026-07-16T10:44:13Z,7.666,14.1682,17.37,1.1002,0.1278,0.1692,2.0773,101.308,79.37644,8.6506,84.677,11.773,126155.38835383281,0.014,0
2026-07-16T10:44:13Z,7.669,14.1664,17.37,1.1154,0.1278,0.3384,2.0471,119.835,93.903905,8.6572,84.779,11.858,194628.97594939868,0.013,0
2026-07-16T10:44:13Z,7.672,14.1663,17.37,1.1193,0.1278,0.3384,1.9715,130.927,102.609134,8.6668,84.848,11.855,244654.04082805206,0.013,0
2026-07-16T10:44:13Z,7.675,14.1678,17.37,1.1421,0.1278,0.3384,2.0773,137.565,107.825523,8.6787,84.881,11.84,278021.17582087504,0.013,0
2026-07-16T10:44:13Z,7.678,14.1709,17.37,1.1536,0.1278,0.3384,2.0169,141.545,110.952111,8.6905,84.883,11.894,299241.6485833567,0.014,0
2026-07-16T10:44:13Z,7.681,14.1752,17.37,1.1917,0.1278,0.3384,2.0018,143.943,112.828655,8.7001,84.866,11.933,312388.8372658799,0.017,0
2026-07-16T10:44:13Z,7.685,14.1806,17.28,1.1536,0.1278,0.2961,2.0773,145.415,113.969566,8.7061,84.839,11.959,320493.1743044672,0.019,0
2026-07-16T10:44:13Z,7.691,14.1859,17.28,1.1574,0.1278,0.2961,2.0471,146.311,114.657086,8.7085,84.814,11.799,325394.6277779355,0.021,0
2026-07-16T10:44:13Z,7.697,14.1889,17.28,1.1879,0.1278,0.2961,2.2132,146.831,115.052552,8.7082,84.8,11.386,328235.0330762615,0.023,0
2026-07-16T10:44:13Z,7.704,14.1881,17.28,1.1727,0.1278,0.2961,2.2283,147.145,115.291422,8.7066,84.797,11.371,330012.983272012,0.023,0
2026-07-16T10:44:13Z,7.711,14.184,17.37,1.1727,0.0852,0.2115,2.2888,147.336,115.439393,8.7046,84.8,11.307,331193.7538379621,0.023,0
2026-07-16T10:44:13Z,7.716,14.1789,17.37,1.1612,0.0852,0.2115,2.1377,147.431,115.515926,8.703,84.802,11.314,331868.8735475091,0.022,0
2026-07-16T10:44:13Z,7.721,14.1749,17.37,1.104,0.0852,0.2115,2.0018,147.495,115.569427,8.7023,84.801,11.285,332350.67370155995,0.021,0
2026-07-16T10:44:13Z,7.726,14.1726,17.37,1.1193,0.0852,0.2115,2.0169,147.553,115.616166,8.7025,84.802,11.302,332746.55449957226,0.02,0
2026-07-16T10:44:13Z,7.731,14.172,17.37,1.1269,0.0852,0.2538,1.9866,147.585,115.638606,8.7029,84.811,11.331,332925.98923109646,0.021,0
2026-07-16T10:44:13Z,7.735,14.1727,17.37,1.1002,0.0852,0.2538,2.0471,147.605,115.646733,8.7029,84.835,11.319,332971.4297988856,0.022,0
2026-07-16T10:44:13Z,7.741,14.1739,17.37,1.1231,0.0852,0.2538,2.032,147.626,115.654711,8.7026,84.883,11.277,333005.10369903827,0.023,0
2026-07-16T10:44:13Z,7.747,14.1744,17.37,1.1193,0.0852,0.2538,2.0924,147.664,115.674668,8.7027,84.952,11.214,333142.70357756526,0.024,0
2026-07-16T10:44:13Z,7.754,14.173400000000001,17.37,1.1154,0.0852,0.2538,1.9564,147.726,115.713925,8.7037,85.026,10.8,333455.81792344444,0.025,0
2026-07-16T10:44:13Z,7.761,14.1711,17.37,1.1078,0.0852,0.2538,2.0773,147.78,115.748951,8.7067,85.087,10.718,333765.43726797285,0.025,0
2026-07-16T10:44:13Z,7.768,14.1681,17.37,1.1154,0.0852,0.2538,2.0622,147.802,115.759086,8.7122,85.116,10.805,333904.9793174742,0.024,0
2026-07-16T10:44:13Z,7.774,14.1649,17.37,1.1307,0.0852,0.2538,2.0471,147.8,115.751033,8.7198,85.098,10.807,333913.47516279196,0.024,0
2026-07-16T10:44:13Z,7.779,14.1618,17.37,1.1307,0.0852,0.2538,2.0471,147.784,115.730645,8.728,85.031,10.756,333828.02901528706,0.023,0
2026-07-16T10:44:13Z,7.784,14.1591,17.37,1.1078,0.1278,0.2538,2.1377,147.753,115.696483,8.7348,84.926,10.795,333631.54653467203,0.023,0
2026-07-16T10:44:13Z,7.79,14.1568,17.37,1.2299,0.1278,0.2538,2.2435,147.73,115.669438,8.7382,84.801,10.77,333479.4978292548,0.023,0
2026-07-16T10:44:13Z,7.796,14.1545,17.37,1.2146,0.1278,0.2538,2.1679,147.721,115.656295,8.7368,84.682,10.616,333430.86408864224,0.023,0
2026-07-16T10:44:13Z,7.803,14.1518,17.37,1.2375,0.1278,0.2538,2.2283,147.71,115.64555,8.7304,84.593,10.242,333408.6066574003,0.023,0
2026-07-16T10:44:13Z,7.809,14.1486,17.37,1.2108,0.1278,0.1269,2.0471,147.711,115.646338,8.7203,84.554,10.361,333482.81937511597,0.023,0
2026-07-16T10:44:13Z,7.815,14.1455,17.37,1.0086,0.1278,0.1269,2.2435,147.718,115.652869,8.7081,84.567,10.39,333597.6520798453,0.022,0
2026-07-16T10:44:13Z,7.82,14.1434,17.37,1.0086,0.1278,0.1269,2.2132,147.709,115.644885,8.6962,84.618,10.381,333583.1147738894,0.022,0
2026-07-16T10:44:13Z,7.825,14.1426,17.37,0.9896,0.1278,0.1269,2.183,147.678,115.616259,8.6872,84.685,10.429,333387.20671147335,0.022,0
2026-07-16T10:44:13Z,7.83,14.1427,17.37,0.9896,0.1278,0.3384,2.2132,147.647,115.585354,8.6832,84.748,10.361,333155.20176827465,0.023,0
2026-07-16T10:44:13Z,7.836,14.143,17.37,1.1154,0.1278,0.3384,2.4701,147.64,115.571928,8.6845,84.785,10.285,333048.96758911567,0.024,0
2026-07-16T10:44:13Z,7.843,14.1428,17.37,1.0887,0.1278,0.3384,2.3945,147.654,115.578401,8.6897,84.778,10.059,333101.3608694551,0.024,0
2026-07-16T10:44:13Z,7.85,14.1414,17.37,1.1193,0.1278,0.3384,2.4398,147.659,115.5805,8.6969,84.71,9.8154,333146.84596433246,0.024,0
2026-07-16T10:44:13Z,7.857,14.139,17.37,1.1002,0.1278,0.2538,2.5305,147.62,115.552783,8.7038,84.572,9.8282,332991.96664181806,0.023,0
2026-07-16T10:44:13Z,7.863,14.1365,17.37,1.0506,0.1278,0.2538,2.2888,147.58,115.52586,8.7081,84.362,9.8132,332845.1466254524,0.021,0
2026-07-16T10:44:13Z,7.867,14.1348,17.37,1.0582,0.1278,0.2538,2.2132,147.572,115.52455,8.7077,84.092,9.8453,332871.66455933766,0.019,0
2026-07-16T10:44:13Z,7.872,14.1344,17.37,1.043,0.1278,0.2538,2.1981,147.568,115.524506,8.7008,83.778,9.9097,332879.8676604713,0.018,0
2026-07-16T10:44:13Z,7.875,14.1352,17.37,1.0582,0.1278,0.2538,2.2888,147.552,115.511716,8.6865,83.45,9.9399,332767.73408271023,0.018,0
2026-07-16T10:44:13Z,7.88,14.1367,17.37,0.9896,0.0852,0.3384,2.4549,147.54,115.500768,8.6647,83.152,9.9788,332654.3950676803,0.018,0
2026-07-16T10:44:13Z,7.884,14.1383,17.37,1.0048,0.0852,0.3384,2.3945,147.553,115.508743,8.6366,82.929,9.8774,332679.5482379735,0.019,0
2026-07-16T10:44:13Z,7.89,14.1393,17.37,0.9705,0.0852,0.3384,2.4701,147.587,115.535766,8.6042,82.811,9.5357,332859.0534652063,0.019,0
2026-07-16T10:44:13Z,7.895,14.1393,17.37,0.9896,0.0852,0.3384,2.4701,147.609,115.555045,8.5705,82.796,9.5856,333002.3685397857,0.019,0
2026-07-16T10:44:13Z,7.9,14.1387,17.37,1.0353,0.0852,0.2961,2.1075,147.596,115.549722,8.54,82.856,9.5648,332975.59265044495,0.019,0
2026-07-16T10:44:13Z,7.905,14.1382,17.37,1.0582,0.0852,0.2961,2.3039,147.579,115.542376,8.5173,82.954,9.5648,332931.6449705378,0.019,0
2026-07-16T10:44:13Z,7.909,14.1383,17.37,1.0735,0.0852,0.2961,2.2435,147.578,115.54705,8.5051,83.059,9.6232,332964.2576232009,0.019,0
2026-07-16T10:44:13Z,7.914,14.1391,17.37,1.062,0.0852,0.2961,2.2132,147.58,115.552989,8.5033,83.151,9.6315,332991.3426519455,0.02,0
2026-07-16T10:44:13Z,7.918,14.1406,17.37,1.1193,0.1278,0.2538,2.4247,147.581,115.557777,8.5092,83.221,9.5773,332994.93502043234,0.02,0
2026-07-16T10:44:13Z,7.924,14.1425,17.37,1.0849,0.1278,0.2538,2.5003,147.594,115.570692,8.5189,83.263,9.542,333050.413124283,0.021,0
2026-07-16T10:44:13Z,7.93,14.1444,17.37,1.1078,0.1278,0.2538,2.4852,147.61,115.585178,8.5293,83.281,9.1799,333117.5715398712,0.022,0
2026-07-16T10:44:13Z,7.936,14.1459,17.37,1.1116,0.1278,0.2538,2.4549,147.614,115.591098,8.5386,83.278,9.2179,333129.5744797778,0.022,0
2026-07-16T10:44:13Z,7.942,14.1471,17.37,1.0506,0.1278,0.2538,2.4398,147.609,115.590031,8.5455,83.261,9.1919,333096.03058254527,0.021,0
2026-07-16T10:44:13Z,7.947,14.1481,17.46,1.043,0.1278,0.2115,2.4549,147.593,115.581692,8.5497,83.242,9.2059,333012.7003511574,0.021,0
2026-07-16T10:44:13Z,7.952,14.1489,17.46,1.0544,0.1278,0.2115,2.3341,147.584,115.577857,8.5514,83.235,9.236,332967.12806989683,0.021,0
2026-07-16T10:44:13Z,7.957,14.1496,17.46,1.062,0.1278,0.2115,2.5909,147.59,115.583504,8.5509,83.253,9.1879,332994.16688831046,0.022,0
2026-07-16T10:44:13Z,7.962,14.1508,17.46,1.1002,0.1278,0.2115,2.5305,147.59,115.57814,8.5489,83.305,9.2199,332928.7032971584,0.023,0
2026-07-16T10:44:13Z,7.968,14.1522,17.46,1.0926,0.0852,0.3384,2.4549,147.596,115.572334,8.5467,83.398,9.2099,332855.7022173365,0.025,0
2026-07-16T10:44:13Z,7.975,14.1534,17.46,1.1269,0.0852,0.3384,2.5607,147.628,115.586536,8.5458,83.519,9.1044,332935.64404281863,0.026,0
2026-07-16T10:44:13Z,7.982,14.1536,17.46,1.1116,0.0852,0.3384,2.4398,147.653,115.598533,8.5476,83.647,8.7059,333020.53500603774,0.027,0
2026-07-16T10:44:13Z,7.99,14.1517,17.46,0.9934,0.0852,0.3384,2.4398,147.651,115.593523,8.5533,83.761,8.7324,333023.825737536,0.026,0
2026-07-16T10:44:13Z,7.998,14.1481,17.46,0.9896,0.0852,0.2961,2.4398,147.642,115.588172,8.5634,83.842,8.623,333060.8512232136,0.025,0
2026-07-16T10:44:13Z,8.004,14.1444,17.46,0.9667,0.0852,0.2961,2.5607,147.631,115.583052,8.5766,83.875,8.655,333101.7356678346,0.024,0
2026-07-16T10:44:13Z,8.01,14.1419,17.46,0.9857,0.0852,0.2961,2.3039,147.591,115.554797,8.5902,83.862,8.6832,332945.0136336831,0.022,0
2026-07-16T10:44:13Z,8.015,14.1409,17.46,1.043,0.0852,0.2961,2.3945,147.539,115.515875,8.6021,83.815,8.6062,332677.072551257,0.021,0
2026-07-16T10:44:13Z,8.019,14.1412,17.46,1.062,0.1278,0.2961,2.4701,147.511,115.495904,8.6103,83.752,8.7229,332522.31334699265,0.019,0
2026-07-16T10:44:13Z,8.024,14.1425,17.46,1.0315,0.1278,0.2961,2.5456,147.509,115.499557,8.6135,83.696,8.5987,332521.7499407576,0.019,0
2026-07-16T10:44:13Z,8.029,14.1436,17.46,1.0544,0.1278,0.2961,2.5003,147.529,115.523811,8.6119,83.666,8.4487,332678.48290127807,0.018,0
2026-07-16T10:44:13Z,8.034,14.1442,17.46,1.0659,0.1278,0.2961,2.6362,147.561,115.557132,8.607,83.666,8.4322,332913.30210671754,0.018,0
2026-07-16T10:44:13Z,8.038,14.1449,17.46,1.0582,0.1278,0.2961,2.4549,147.581,115.580409,8.6004,83.693,8.3865,333071.40196369955,0.017,0
2026-07-16T10:44:13Z,8.043,14.1467,17.46,1.0506,0.1278,0.2538,2.3643,147.587,115.591848,8.5943,83.742,8.445,333118.03708352055,0.017,0
2026-07-16T10:44:13Z,8.047,14.1495,17.46,1.0392,0.1278,0.2538,2.5305,147.596,115.604501,8.5908,83.808,8.4029,333152.3553397886,0.017,0
2026-07-16T10:44:13Z,8.051,14.1524,17.46,1.0582,0.1278,0.2538,2.2435,147.592,115.603742,8.5902,83.888,8.3701,333084.8278665487,0.017,0
2026-07-16T10:44:13Z,8.055,14.155,17.46,1.0582,0.1278,0.2538,2.3039,147.57,115.58137,8.5924,83.981,8.361,332863.1082275662,0.017,0
2026-07-16T10:44:13Z,8.059,14.1573,17.46,1.0697,0.0852,0.2115,2.2132,147.555,115.557418,8.597,84.076,8.3483,332636.16422669514,0.018,0
2026-07-16T10:44:13Z,8.064,14.1592,17.46,1.062,0.0852,0.2115,2.3341,147.553,115.541496,8.6035,84.157,8.3356,332477.467933531,0.019,0
2026-07-16T10:44:13Z,8.069,14.1598,17.46,1.0697,0.0852,0.2115,2.2737,147.576,115.547358,8.6116,84.207,8.1618,332508.20866611955,0.019,0
2026-07-16T10:44:13Z,8.075,14.1582,17.46,1.062,0.0852,0.2115,2.4398,147.617,115.576565,8.6215,84.213,8.1565,332759.1893339694,0.02,0
2026-07-16T10:44:13Z,8.08,14.1541,17.55,1.0582,0.1278,0.2115,2.4701,147.64,115.600908,8.632,84.172,8.0263,333027.4832824148,0.019,0
2026-07-16T10:44:13Z,8.085,14.1491,17.55,1.0468,0.1278,0.2115,2.4852,147.653,115.622878,8.6412,84.095,7.9933,333297.53049907123,0.019,0
2026-07-16T10:44:13Z,8.09,14.1451,17.55,1.043,0.1278,0.2115,2.3794,147.688,115.662334,8.6471,84.007,8.0229,333676.5381075139,0.018,0
2026-07-16T10:44:13Z,8.094,14.144,17.55,1.062,0.1278,0.2115,2.4852,147.707,115.6838,8.648,83.924,8.0159,333859.85759128357,0.018,0
2026-07-16T10:44:13Z,8.098,14.1462,17.55,1.0659,0.1278,0.2115,2.4701,147.693,115.677002,8.6433,83.863,8.0666,333762.1976374159,0.017,0
2026-07-16T10:44:13Z,8.102,14.1503,17.46,1.0506,0.0852,0.2115,2.4701,147.696,115.682124,8.6347,83.85,8.0246,333712.6625904093,0.017,0
2026-07-16T10:44:13Z,8.107,14.1543,17.46,1.0659,0.0852,0.2115,2.3794,147.699,115.690533,8.6249,83.896,7.8521,333689.73564734746,0.017,0
2026-07-16T10:44:13Z,8.111,14.1567,17.46,1.1841,0.0852,0.2115,2.5003,147.668,115.674471,8.6159,83.993,7.8096,333518.94765511155,0.016,0
2026-07-16T10:44:13Z,8.115,14.1579,17.46,1.1536,0.0852,0.2115,2.4701,147.631,115.655657,8.6094,84.122,7.8096,333353.3903887615,0.015,0
2026-07-16T10:44:13Z,8.119,14.159,17.55,1.165,0.1278,0.2115,2.4398,147.629,115.663071,8.6079,84.257,7.8266,333385.0335666806,0.014,0
2026-07-16T10:44:13Z,8.122,14.1609,17.55,1.1574,0.1278,0.2115,2.4096,147.641,115.680694,8.6122,84.375,7.8181,333475.51528736815,0.013,0
2026-07-16T10:44:13Z,8.125,14.1637,17.55,1.0506,0.1278,0.2115,2.4701,147.646,115.691224,8.6217,84.455,7.8181,333494.023218718,0.013,0
2026-07-16T10:44:13Z,8.128,14.1671,17.55,1.043,0.1278,0.2115,2.4096,147.638,115.689469,8.6342,84.492,7.8181,333408.3640942802,0.013,0
2026-07-16T10:44:13Z,8.131,14.1702,17.46,1.0544,0.1278,0.2538,2.606,147.618,115.674964,8.6475,84.49,7.8692,333234.36559131957,0.014,0
2026-07-16T10:44:13Z,8.134,14.1729,17.46,1.0544,0.1278,0.2538,2.4701,147.61,115.667837,8.6591,84.46,7.8385,333123.796463381,0.014,0
2026-07-16T10:44:13Z,8.138,14.1752,17.46,1.0964,0.1278,0.2538,2.4852,147.614,115.67019,8.6669,84.414,7.6616,333092.21829698054,0.015,0
2026-07-16T10:44:13Z,8.143,14.1767,17.46,1.1269,0.1278,0.2538,2.4398,147.608,115.666649,8.6703,84.365,7.6052,333033.9213678899,0.015,0
2026-07-16T10:44:13Z,8.147,14.1772,17.55,1.0926,0.1278,0.2538,2.3794,147.601,115.66427,8.67,84.325,7.6251,333005.5868967928,0.014,0
2026-07-16T10:44:13Z,8.15,14.1768,17.55,1.1078,0.1278,0.2538,2.3945,147.612,115.674418,8.667,84.3,7.6434,333089.499161137,0.013,0
2026-07-16T10:44:13Z,8.153,14.1766,17.55,1.0468,0.1278,0.2538,2.1679,147.63,115.687802,8.6623,84.29,7.6218,333193.2038518522,0.013,0
2026-07-16T10:44:13Z,8.156,14.1771,17.55,1.043,0.1278,0.2538,2.3341,147.627,115.683989,8.6572,84.287,7.6351,333154.20531712496,0.012,0
2026-07-16T10:44:13Z,8.159,14.178,17.55,1.0353,0.1278,0.2538,2.183,147.608,115.665964,8.6529,84.285,7.6003,333001.10754984146,0.012,0
2026-07-16T10:44:13Z,8.162,14.1786,17.46,1.0506,0.0852,0.2961,2.3341,147.601,115.65691700000001,8.6503,84.288,7.5723,332921.1230903718,0.012,0
2026-07-16T10:44:13Z,8.165,14.1784,17.46,1.1002,0.0852,0.2961,2.5305,147.611,115.658437,8.6494,84.291,7.5805,332936.67356040794,0.013,0
2026-07-16T10:44:13Z,8.168,14.1776,17.46,1.104,0.0852,0.2961,2.4549,147.636,115.670929,8.6491,84.278,7.5953,333046.5129565488,0.013,0
2026-07-16T10:44:13Z,8.171,14.1768,17.46,1.104,0.0852,0.2961,2.4701,147.685,115.705724,8.6491,84.246,7.5805,333322.11368264194,0.013,0
2026-07-16T10:44:13Z,8.175,14.1754,17.55,1.1536,0.0852,0.2538,2.6211,147.739,115.748099,8.6497,84.204,7.445,333667.0518826581,0.013,0
2026-07-16T10:44:13Z,8.179,14.1732,17.55,1.165,0.0852,0.2538,2.4701,147.768,115.773356,8.6504,84.168,7.4031,333901.95746856305,0.013,0
2026-07-16T10:44:13Z,8.182,14.1708,17.55,1.165,0.0852,0.2538,2.4549,147.77,115.78023,8.6495,84.15,7.3438,334004.43458978547,0.012,0
2026-07-16T10:44:13Z,8.185,14.1696,17.55,1.1612,0.0852,0.2538,2.4701,147.76,115.778554,8.6465,84.146,7.3998,334017.62658209493,0.011,0
2026-07-16T10:44:13Z,8.188,14.1698,17.46,1.1574,0.0852,0.2538,2.4247,147.751,115.779883,8.6421,84.152,7.3998,334023.2395417978,0.011,0
2026-07-16T10:44:13Z,8.19,14.1707,17.46,1.062,0.0852,0.2538,2.2283,147.741,115.78057,8.6383,84.171,7.347,334009.1008376563,0.01,0
2026-07-16T10:44:13Z,8.192,14.1723,17.46,1.0506,0.0852,0.2538,2.2435,147.715,115.764799,8.6362,84.198,7.4272,333857.5256524692,0.01,0
2026-07-16T10:44:13Z,8.195,14.1746,17.46,1.0506,0.0852,0.2538,2.3039,147.697,115.748365,8.6353,84.223,7.4111,333686.11567743507,0.011,0
2026-07-16T10:44:13Z,8.197,14.1774,17.46,1.0506,0.0852,0.2538,2.2435,147.712,115.750887,8.6354,84.24,7.4111,333645.04839525244,0.012,0
2026-07-16T10:44:13Z,8.2,14.1801,17.46,1.1803,0.0852,0.1692,2.1226,147.732,115.753035,8.6368,84.254,7.3694,333603.343766202,0.013,0
2026-07-16T10:44:13Z,8.204,14.1817,17.46,1.1689,0.0852,0.1692,2.3341,147.726,115.735381,8.6393,84.266,7.371,333437.9341551782,0.014,0
2026-07-16T10:44:13Z,8.208,14.181,17.46,1.165,0.0852,0.1692,2.183,147.711,115.713218,8.642,84.272,7.2298,333288.1600912817,0.015,0
2026-07-16T10:44:13Z,8.212,14.1779,17.46,1.1956,0.0852,0.1692,2.2435,147.703,115.700633,8.6444,84.26,7.1953,333260.78875501244,0.015,0
2026-07-16T10:44:13Z,8.216,14.1733,17.46,1.0582,0.1278,0.3384,2.2435,147.689,115.686271,8.6466,84.227,7.2062,333252.21481101535,0.015,0
2026-07-16T10:44:13Z,8.22,14.1689,17.46,1.0544,0.1278,0.3384,2.2132,147.672,115.670302,8.6487,84.188,7.2172,333227.42334785155,0.015,0
2026-07-16T10:44:13Z,8.223,14.1655,17.46,1.0277,0.1278,0.3384,2.2132,147.656,115.652469,8.6499,84.163,7.1423,333167.43216609914,0.015,0
2026-07-16T10:44:13Z,8.227,14.1634,17.46,1.0582,0.1278,0.3384,2.1679,147.632,115.626014,8.6491,84.156,7.175,333015.63221311965,0.016,0
2026-07-16T10:44:13Z,8.231,14.1621,17.46,1.1917,0.1278,0.3807,2.2586,147.624,115.609884,8.6459,84.161,7.1548,332923.5073723089,0.017,0
2026-07-16T10:44:13Z,8.235,14.1611,17.46,1.1574,0.1278,0.3807,2.2737,147.64,115.609775,8.6422,84.174,7.161,332944.01924470917,0.018,0
2026-07-16T10:44:13Z,8.24,14.1595,17.46,1.1574,0.1278,0.3807,2.2283,147.655,115.607659,8.6399,84.195,7.0636,332962.41490991676,0.019,0
2026-07-16T10:44:13Z,8.245,14.1568,17.46,1.1727,0.1278,0.3807,2.2435,147.674,115.60897,8.6396,84.218,7.0529,333029.74238418235,0.02,0
2026-07-16T10:44:13Z,8.25,14.1534,17.46,1.0582,0.1278,0.3384,2.2283,147.707,115.624057,8.6408,84.225,7.0162,333214.4383470348,0.021,0
2026-07-16T10:44:13Z,8.256,14.1492,17.46,1.043,0.1278,0.3384,2.1377,147.732,115.634943,8.6429,84.205,6.8938,333385.0643104508,0.021,0
2026-07-16T10:44:13Z,8.262,14.1444,17.46,1.0697,0.1278,0.3384,2.1679,147.743,115.634533,8.646,84.152,6.8773,333484.5443294182,0.021,0
2026-07-16T10:44:13Z,8.267,14.1398,17.46,1.0506,0.1278,0.3384,2.2888,147.752,115.630715,8.6492,84.079,6.8654,333554.4245024848,0.021,0
2026-07-16T10:44:13Z,8.272,14.1362,17.46,1.1116,0.1278,0.3384,2.2435,147.751,115.618472,8.6507,84.005,6.8863,333540.2407873594,0.02,0
2026-07-16T10:44:13Z,8.277,14.1334,17.46,1.1078,0.1278,0.3384,2.3039,147.747,115.604537,8.6491,83.949,6.843,333496.3624141946,0.02,0
2026-07-16T10:44:13Z,8.281,14.1303,17.46,1.0964,0.1278,0.3384,2.1528,147.747,115.595194,8.6443,83.911,6.8237,333493.0691327296,0.019,0
2026-07-16T10:44:13Z,8.287,14.1266,17.46,1.1078,0.1278,0.3384,2.1679,147.734,115.577953,8.6374,83.885,6.7427,333443.80669091205,0.018,0
2026-07-16T10:44:13Z,8.292,14.1227,17.46,1.0773,0.1278,0.3384,2.2888,147.719,115.564213,8.6306,83.864,6.625,333424.8704608736,0.017,0
2026-07-16T10:44:13Z,8.296,14.1191,17.46,1.0506,0.1278,0.3384,2.2737,147.713,115.560311,8.6255,83.842,6.572,333472.7572952946,0.016,0
2026-07-16T10:44:13Z,8.3,14.1159,17.46,1.0353,0.1278,0.3384,2.1679,147.688,115.539207,8.6222,83.813,6.6901,333384.0303090682,0.015,0
2026-07-16T10:44:13Z,8.303,14.1135,17.46,1.043,0.1278,0.3384,2.2132,147.659,115.511274,8.62,83.77,6.7823,333227.3818058303,0.015,0
2026-07-16T10:44:13Z,8.306,14.1127,17.46,1.0659,0.1278,0.3384,2.2435,147.667,115.509061,8.618,83.715,6.7661,333227.99721718277,0.014,0
2026-07-16T10:44:13Z,8.31,14.113,17.46,1.0582,0.1278,0.1269,2.2435,147.684,115.515977,8.6157,83.656,6.7222,333273.0646518359,0.014,0
2026-07-16T10:44:13Z,8.314,14.1127,17.46,1.0315,0.1278,0.1269,2.2132,147.672,115.503868,8.6128,83.608,6.4967,333189.34482422814,0.014,0
2026-07-16T10:44:13Z,8.318,14.1108,17.46,1.0582,0.1278,0.1269,2.2132,147.648,115.487504,8.6087,83.587,6.4925,333108.13753123285,0.014,0
2026-07-16T10:44:13Z,8.321,14.1079,17.46,1.0697,0.1278,0.1269,2.2132,147.645,115.488519,8.6035,83.591,6.5208,333177.6223603867,0.013,0
2026-07-16T10:44:13Z,8.324,14.1057,17.46,1.043,0.1278,0.1269,2.2737,147.646,115.493187,8.5979,83.611,6.5449,333259.3648875935,0.012,0
2026-07-16T10:44:13Z,8.327,14.105,17.46,1.062,0.0852,0.2961,2.3945,147.631,115.484752,8.5932,83.642,6.5264,333211.5246163198,0.012,0
2026-07-16T10:44:13Z,8.33,14.1056,17.46,1.0353,0.0852,0.2961,2.1226,147.6,115.460966,8.5909,83.676,6.5506,333021.67628654145,0.012,0
2026-07-16T10:44:13Z,8.332,14.1069,17.46,1.1765,0.0852,0.2961,2.2435,147.563,115.431484,8.5911,83.708,6.5123,332774.59737492603,0.012,0
2026-07-16T10:44:13Z,8.335,14.1082,17.46,1.1727,0.0852,0.2961,2.2888,147.548,115.418443,8.5929,83.736,6.4939,332649.8851516481,0.012,0
2026-07-16T10:44:13Z,8.339,14.1091,17.46,1.1765,0.0852,0.3384,2.2888,147.55,115.420366,8.5958,83.756,6.364,332644.9910899146,0.012,0
2026-07-16T10:44:13Z,8.342,14.1094,17.46,1.1879,0.0852,0.3384,2.2435,147.567,115.433767,8.5993,83.764,6.4181,332738.2442909935,0.012,0
2026-07-16T10:44:13Z,8.345,14.1091,17.46,1.0544,0.0852,0.3384,2.4398,147.611,115.466218,8.6026,83.768,6.3778,332986.0329593984,0.013,0
2026-07-16T10:44:13Z,8.348,14.1089,17.46,1.0544,0.0852,0.3384,2.4549,147.657,115.500375,8.6056,83.77,6.4112,333244.5010369954,0.013,0
2026-07-16T10:44:13Z,8.351,14.1088,17.46,1.0659,0.0852,0.1692,2.4096,147.684,115.519346,8.6076,83.775,6.3446,333387.87248645345,0.013,0
2026-07-16T10:44:13Z,8.355,14.1087,17.46,1.043,0.0852,0.1692,2.5305,147.705,115.53419,8.6085,83.789,6.287,333500.5461753415,0.013,0
2026-07-16T10:44:13Z,8.358,14.1083,17.46,0.9934,0.0852,0.1692,2.183,147.718,115.544864,8.6089,83.809,6.2516,333588.5975487645,0.013,0
2026-07-16T10:44:13Z,8.362,14.1075,17.46,0.9857,0.0852,0.1692,2.1679,147.715,115.544217,8.6093,83.829,6.2597,333600.88537806505,0.012,0
2026-07-16T10:44:13Z,8.365,14.1068,17.46,0.9857,0.1278,0.2538,2.2435,147.72,115.550074,8.61,83.841,6.2597,333659.4871972142,0.012,0
2026-07-16T10:44:13Z,8.368,14.1064,17.46,0.9781,0.1278,0.2538,2.2888,147.729,115.559999,8.6115,83.836,6.1975,333741.98940355936,0.012,0
2026-07-16T10:44:13Z,8.37,14.1065,17.46,1.0163,0.1278,0.2538,2.2132,147.719,115.556637,8.6135,83.81,6.2802,333714.79918772087,0.012,0
2026-07-16T10:44:13Z,8.373,14.1071,17.46,1.043,0.1278,0.2538,2.3039,147.702,115.549093,8.6154,83.768,6.2597,333645.75893797807,0.013,0
2026-07-16T10:44:13Z,8.376,14.1079,17.46,1.0506,0.1278,0.2538,2.2737,147.677,115.535356,8.6165,83.722,6.2597,333526.32592890196,0.014,0
2026-07-16T10:44:13Z,8.38,14.1088,17.37,1.0506,0.1278,0.1692,2.2132,147.644,115.513761,8.6159,83.686,6.2625,333346.278140801,0.015,0
2026-07-16T10:44:13Z,8.384,14.1103,17.37,0.9972,0.1278,0.1692,2.2737,147.644,115.51855,8.613,83.676,6.1626,333349.87781900424,0.017,0
2026-07-16T10:44:13Z,8.389,14.1122,17.37,1.0201,0.1278,0.1692,2.2737,147.686,115.558998,8.6083,83.695,6.1358,333610.4607072398,0.018,0
2026-07-16T10:44:13Z,8.394,14.114,17.37,0.9934,0.1278,0.1692,2.319,147.723,115.597895,8.6031,83.733,6.0511,333861.7255422458,0.019,0
2026-07-16T10:44:13Z,8.399,14.1156,17.46,0.9857,0.1278,0.2115,2.2586,147.735,115.615613,8.5992,83.777,6.0209,333959.50984177034,0.02,0
2026-07-16T10:44:13Z,8.404,14.1173,17.46,0.9781,0.1278,0.2115,2.2132,147.739,115.624878,8.5979,83.814,6.0327,333992.1627464293,0.02,0
2026-07-16T10:44:13Z,8.409,14.1199,17.46,0.9857,0.1278,0.2115,2.3039,147.732,115.620161,8.5993,83.833,6.1185,333901.3605192787,0.021,0
2026-07-16T10:44:13Z,8.414,14.1231,17.46,0.9857,0.1278,0.2115,2.2435,147.695,115.588205,8.6026,83.825,6.0709,333594.88966163824,0.021,0
2026-07-16T10:44:13Z,8.42,14.1261,17.46,0.9972,0.0852,0.2115,2.3039,147.66,115.554487,8.6065,83.792,5.8711,333279.79894573544,0.021,0
2026-07-16T10:44:13Z,8.426,14.128,17.46,0.9972,0.0852,0.2115,2.032,147.662,115.550013,8.61,83.747,5.8826,333205.9320956106,0.021,0
2026-07-16T10:44:13Z,8.432,14.1283,17.46,0.9743,0.0852,0.2115,2.0169,147.68,115.561591,8.6118,83.705,5.79,333285.66630016314,0.021,0
2026-07-16T10:44:13Z,8.437,14.1272,17.46,0.9857,0.0852,0.2115,2.0169,147.684,115.564309,8.6112,83.68,5.7224,333329.38513112493,0.02,0
2026-07-16T10:44:13Z,8.442,14.1251,17.46,0.9934,0.0852,0.2115,2.1075,147.673,115.556892,8.6082,83.682,5.7574,333319.04699650756,0.019,0
2026-07-16T10:44:13Z,8.447,14.1232,17.46,0.9972,0.1278,0.2115,2.0924,147.66,115.547362,8.604,83.711,5.7449,333288.71025473473,0.018,0
2026-07-16T10:44:13Z,8.451,14.1222,17.46,0.9819,0.1278,0.2115,2.0018,147.661,115.547176,8.5999,83.756,5.7199,333308.68547537335,0.017,0
2026-07-16T10:44:13Z,8.455,14.1221,17.46,0.9934,0.1278,0.2115,2.0471,147.666,115.550286,8.5973,83.805,5.7499,333333.96605801216,0.016,0
2026-07-16T10:44:13Z,8.459,14.1225,17.46,0.9705,0.1278,0.2115,2.1377,147.666,115.549521,8.5974,83.851,5.6655,333319.72581903863,0.014,0
2026-07-16T10:44:13Z,8.462,14.1227,17.46,0.9362,0.1278,0.2961,1.9866,147.679,115.560676,8.6004,83.897,5.6434,333398.4765313437,0.013,0
2026-07-16T10:44:13Z,8.466,14.1225,17.46,0.9362,0.1278,0.2961,2.1075,147.693,115.574727,8.6051,83.942,5.6324,333507.34688420873,0.013,0
2026-07-16T10:44:13Z,8.469,14.1221,17.46,0.9209,0.1278,0.2961,2.0169,147.672,115.563421,8.6101,83.978,5.6655,333431.7281329671,0.012,0
2026-07-16T10:44:13Z,8.472,14.1219,17.46,0.9209,0.1278,0.2961,2.1075,147.629,115.535743,8.6149,84.001,5.6557,333230.00425507,0.012,0
2026-07-16T10:44:13Z,8.474,14.1221,17.46,1.001,0.1278,0.3384,2.2132,147.599,115.516313,8.6197,84.006,5.6116,333081.1704907373,0.012,0
2026-07-16T10:44:13Z,8.477,14.1232,17.46,0.9896,0.1278,0.3384,2.2283,147.581,115.503948,8.624,83.995,5.6828,332965.7177554527,0.012,0
2026-07-16T10:44:13Z,8.481,14.1251,17.46,1.0239,0.1278,0.3384,2.183,147.584,115.505352,8.6274,83.972,5.5703,332935.6157515504,0.012,0
2026-07-16T10:44:13Z,8.484,14.1271,17.46,0.9896,0.1278,0.3384,2.2132,147.616,115.528898,8.6294,83.934,5.5389,333068.051669114,0.012,0
2026-07-16T10:44:13Z,8.487,14.1284,17.46,0.9896,0.0852,0.2115,2.1075,147.654,115.556865,8.6297,83.88,5.4767,333248.34553570935,0.011,0
2026-07-16T10:44:13Z,8.49,14.1289,17.46,0.9857,0.0852,0.2115,2.0622,147.685,115.580711,8.6285,83.821,5.4838,333415.1098857482,0.011,0
2026-07-16T10:44:13Z,8.493,14.1287,17.46,0.9781,0.0852,0.2115,2.0169,147.69,115.584797,8.6261,83.775,5.5029,333449.7933618073,0.011,0
2026-07-16T10:44:13Z,8.495,14.1281,17.46,1.001,0.0852,0.2115,2.0169,147.663,115.562212,8.6222,83.755,5.5281,333294.5343567084,0.011,0
2026-07-16T10:44:13Z,8.497,14.1275,17.46,0.94,0.0852,0.2115,1.8356,147.644,115.542933,8.6168,83.758,5.557,333163.90883559745,0.012,0
2026-07-16T10:44:13Z,8.5,14.1274,17.46,0.9362,0.1278,0.2115,1.7903,147.647,115.539819,8.6108,83.777,5.5486,333142.87722000893,0.013,0
2026-07-16T10:44:13Z,8.503,14.1274,17.46,0.9247,0.1278,0.2115,1.8205,147.663,115.548037,8.606,83.809,5.4684,333204.0130732035,0.014,0
2026-07-16T10:44:13Z,8.508,14.127,17.46,0.94,0.1278,0.2115,1.8356,147.689,115.56378,8.6041,83.859,5.3928,333329.6936495033,0.015,0
2026-07-16T10:44:13Z,8.512,14.1256,17.46,0.9209,0.1278,0.2115,2.0018,147.703,115.571247,8.6047,83.924,5.3427,333415.173755786,0.017,0
2026-07-16T10:44:13Z,8.517,14.1238,17.46,0.9209,0.0852,0.1692,2.1075,147.698,115.562428,8.6069,83.992,5.3613,333387.99254773295,0.018,0
2026-07-16T10:44:13Z,8.521,14.1222,17.46,0.9247,0.0852,0.1692,2.183,147.695,115.552973,8.6105,84.042,5.3508,333351.8030053839,0.018,0
2026-07-16T10:44:13Z,8.526,14.1208,17.46,0.9514,0.0852,0.1692,2.1075,147.709,115.554357,8.6159,84.061,5.3555,333392.0150783,0.019,0
2026-07-16T10:44:13Z,8.53,14.1195,17.46,0.7874,0.0852,0.1692,1.9866,147.728,115.560951,8.6229,84.049,5.3276,333468.88219841354,0.019,0
2026-07-16T10:44:13Z,8.536,14.1179,17.46,0.795,0.1278,0.3384,2.032,147.731,115.560512,8.6302,84.015,5.2108,333499.81083062856,0.019,0
2026-07-16T10:44:13Z,8.541,14.1154,17.46,0.795,0.1278,0.3384,2.0471,147.716,115.550923,8.6358,83.97,5.2312,333481.8505089716,0.019,0
2026-07-16T10:44:13Z,8.546,14.1122,17.46,0.8179,0.1278,0.3384,2.0773,147.703,115.545627,8.6383,83.917,5.1534,333510.8189737232,0.018,0
2026-07-16T10:44:13Z,8.551,14.1095,17.46,0.8141,0.1278,0.3384,2.032,147.706,115.551212,8.6376,83.858,5.1657,333610.14527616446,0.018,0
2026-07-16T10:44:13Z,8.555,14.1084,17.46,0.7988,0.1278,0.3384,2.1075,147.709,115.553168,8.6343,83.798,5.212,333648.2401754303,0.017,0
2026-07-16T10:44:13Z,8.558,14.1091,17.46,0.7912,0.1278,0.2961,2.0018,147.695,115.538016,8.6296,83.755,5.2029,333520.40957771253,0.017,0
2026-07-16T10:44:13Z,8.563,14.1107,17.46,0.795,0.1278,0.2961,2.1075,147.673,115.513717,8.6239,83.738,5.1758,333305.2818634542,0.017,0
2026-07-16T10:44:13Z,8.567,14.112,17.46,0.8789,0.1278,0.2961,2.3341,147.635,115.477789,8.6175,83.746,5.0284,333010.13407760806,0.017,0
2026-07-16T10:44:13Z,8.572,14.1119,17.46,0.8713,0.1278,0.2961,2.2132,147.591,115.43865,8.6114,83.768,5.1021,332721.1462011582,0.017,0
2026-07-16T10:44:13Z,8.577,14.1103,17.46,0.8599,0.0852,0.2538,2.3643,147.584,115.429862,8.6073,83.793,4.9708,332689.9193783769,0.017,0
2026-07-16T10:44:13Z,8.581,14.108,17.46,0.8827,0.0852,0.2538,2.1981,147.611,115.447082,8.606,83.823,5.0317,332867.05502025137,0.017,0
2026-07-16T10:44:13Z,8.585,14.1059,17.46,0.8637,0.0852,0.2538,2.2435,147.646,115.466902,8.6072,83.862,5.0131,333059.3463567812,0.017,0
2026-07-16T10:44:13Z,8.589,14.1043,17.46,0.8599,0.0852,0.2538,2.2132,147.679,115.482609,8.6097,83.912,5.0624,333210.4243461966,0.017,0
2026-07-16T10:44:13Z,8.593,14.1031,17.46,0.8751,0.1278,0.2115,2.3039,147.704,115.492391,8.6125,83.972,5.012,333308.8885591773,0.018,0
2026-07-16T10:44:13Z,8.597,14.1017,17.46,0.837,0.1278,0.2115,2.2737,147.724,115.500854,8.6158,84.044,4.9925,333401.82790387166,0.018,0
2026-07-16T10:44:13Z,8.603,14.0994,17.46,0.8637,0.1278,0.2115,2.3039,147.739,115.510256,8.6203,84.134,4.8608,333521.02862647024,0.018,0
2026-07-16T10:44:13Z,8.608,14.096,17.46,0.8637,0.1278,0.2115,2.1075,147.732,115.505104,8.6262,84.24,4.8745,333555.35549527616,0.018,0
2026-07-16T10:44:13Z,8.612,14.0925,17.55,0.8637,0.0852,0.2961,2.1377,147.688,115.474025,8.633,84.348,4.8958,333398.662381506,0.018,0
2026-07-16T10:44:13Z,8.616,14.0901,17.55,0.8827,0.0852,0.2961,1.9564,147.635,115.43873,8.6408,84.442,4.8629,333187.0836164334,0.017,0
2026-07-16T10:44:13Z,8.62,14.0892,17.55,0.8599,0.0852,0.2961,2.1075,147.614,115.429806,8.6502,84.516,4.8345,333139.8588036138,0.017,0
2026-07-16T10:44:13Z,8.625,14.0894,17.55,0.8103,0.0852,0.2961,2.0471,147.623,115.442873,8.6611,84.577,4.8418,333232.89039812615,0.018,0
2026-07-16T10:44:13Z,8.629,14.0906,17.55,0.7912,0.0852,0.2961,2.0169,147.638,115.457419,8.672,84.636,4.8229,333315.578760843,0.018,0
2026-07-16T10:44:13Z,8.633,14.0927,17.46,0.8103,0.0852,0.2115,2.0471,147.646,115.463323,8.6813,84.708,4.8788,333314.66621029936,0.019,0
2026-07-16T10:44:13Z,8.638,14.0953,17.46,0.7912,0.0852,0.2115,2.0622,147.649,115.464157,8.6884,84.793,4.7511,333265.3107527822,0.02,0
2026-07-16T10:44:13Z,8.644,14.0973,17.46,0.8866,0.0852,0.2115,2.2888,147.67,115.478145,8.6942,84.88,4.6591,333326.73476516356,0.02,0
2026-07-16T10:44:13Z,8.65,14.0981,17.46,0.9094,0.0852,0.2115,2.3341,147.709,115.507015,8.7002,84.958,4.65,333524.6660014063,0.02,0
2026-07-16T10:44:13Z,8.655,14.0981,17.55,0.9285,0.0852,0.2115,2.2435,147.753,115.540468,8.7075,85.024,4.6369,333773.9352863349,0.019,0
2026-07-16T10:44:13Z,8.66,14.0975,17.55,0.9323,0.0852,0.2115,2.2132,147.786,115.567425,8.7163,85.077,4.6359,333987.7323948459,0.019,0
2026-07-16T10:44:13Z,8.664,14.0967,17.55,0.8637,0.0852,0.2115,2.0018,147.787,115.569074,8.7254,85.11,4.6662,334017.15900780784,0.018,0
2026-07-16T10:44:13Z,8.668,14.096,17.55,0.8637,0.0852,0.2115,2.1226,147.759,115.547856,8.7336,85.123,4.651,333873.94946477085,0.018,0
2026-07-16T10:44:13Z,8.672,14.0958,17.46,0.8713,0.0852,0.2961,2.0471,147.725,115.520111,8.7405,85.122,4.6561,333671.4308795964,0.018,0
2026-07-16T10:44:13Z,8.677,14.0961,17.46,0.8827,0.0852,0.2961,2.1377,147.692,115.490442,8.7458,85.112,4.6531,333443.9622513375,0.019,0
2026-07-16T10:44:13Z,8.681,14.0966,17.46,0.9171,0.0852,0.2961,2.2888,147.677,115.472935,8.7491,85.095,4.6399,333302.8815182379,0.02,0
2026-07-16T10:44:13Z,8.687,14.0968,17.46,0.9285,0.0852,0.2961,2.3341,147.687,115.474921,8.7504,85.075,4.5323,333313.3946723835,0.02,0
2026-07-16T10:44:13Z,8.692,14.0963,17.46,0.9056,0.0852,0.2538,2.2586,147.698,115.47693,8.7504,85.046,4.5303,333339.04046344466,0.021,0
2026-07-16T10:44:13Z,8.698,14.095,17.46,0.9094,0.0852,0.2538,2.1377,147.694,115.467499,8.7496,85.01,4.4941,333296.5861201295,0.022,0
2026-07-16T10:44:13Z,8.704,14.093,17.46,0.7874,0.0852,0.2538,2.0018,147.684,115.452112,8.7483,84.979,4.4941,333224.7374733631,0.023,0
2026-07-16T10:44:13Z,8.709,14.0909,17.46,0.7988,0.0852,0.2538,2.0924,147.676,115.436664,8.7466,84.959,4.5048,333154.57210295985,0.023,0
2026-07-16T10:44:13Z,8.715,14.0888,17.46,0.7797,0.0852,0.2538,2.0169,147.674,115.425036,8.7441,84.951,4.4941,333112.8498561228,0.023,0
2026-07-16T10:44:13Z,8.721,14.0866,17.46,0.8141,0.1278,0.2538,2.1679,147.685,115.426125,8.7407,84.954,4.407,333167.9566229972,0.023,0
2026-07-16T10:44:13Z,8.727,14.0841,17.46,0.9476,0.1278,0.2538,2.2888,147.704,115.438222,8.738,84.961,4.2527,333311.48233574844,0.022,0
2026-07-16T10:44:13Z,8.733,14.081,17.46,0.9171,0.1278,0.2538,2.2132,147.713,115.446554,8.7366,84.963,4.302,333439.8387117481,0.021,0
2026-07-16T10:44:13Z,8.739,14.0775,17.46,0.9438,0.1278,0.2538,2.319,147.711,115.447342,8.7365,84.952,4.2889,333520.569606879,0.02,0
2026-07-16T10:44:13Z,8.743,14.075,17.46,0.9476,0.0852,0.2115,2.3492,147.696,115.438798,8.7372,84.93,4.275,333510.3634410576,0.019,0
2026-07-16T10:44:13Z,8.747,14.0741,17.46,0.9629,0.0852,0.2115,2.2435,147.679,115.426642,8.7382,84.911,4.2945,333439.0088871465,0.018,0
2026-07-16T10:44:13Z,8.751,14.0744,17.46,1.001,0.0852,0.2115,2.1679,147.683,115.427632,8.7383,84.905,4.2453,333439.9694413733,0.018,0
2026-07-16T10:44:13Z,8.756,14.0755,17.46,1.0086,0.0852,0.2115,2.319,147.7,115.436034,8.7369,84.916,4.2992,333479.0615064405,0.018,0
2026-07-16T10:44:13Z,8.76,14.0765,17.46,0.9934,0.0852,0.2961,2.1377,147.705,115.436086,8.7345,84.936,4.2805,333458.0580273892,0.018,0
2026-07-16T10:44:13Z,8.765,14.0768,17.46,0.8408,0.0852,0.2961,2.3039,147.7,115.429804,8.7324,84.961,4.1722,333404.8242231088,0.019,0
2026-07-16T10:44:13Z,8.771,14.076,17.46,0.8751,0.0852,0.2961,2.2132,147.697,115.425511,8.732,84.991,4.1397,333389.9377537493,0.019,0
2026-07-16T10:44:13Z,8.776,14.0745,17.46,0.8637,0.0852,0.2961,2.1679,147.701,115.426062,8.7334,85.014,4.1469,333426.1202196059,0.019,0
2026-07-16T10:44:13Z,8.78,14.0732,17.46,0.8522,0.0852,0.2961,2.2435,147.706,115.427605,8.7357,85.015,4.1631,333465.4237963098,0.019,0
2026-07-16T10:44:13Z,8.785,14.0723,17.46,0.8675,0.0852,0.2115,2.1679,147.713,115.430551,8.7385,84.989,4.1307,333506.63335206546,0.019,0
2026-07-16T10:44:13Z,8.79,14.0716,17.46,0.8942,0.0852,0.2115,2.2283,147.715,115.429685,8.7417,84.95,4.1686,333515.1515465497,0.019,0
2026-07-16T10:44:13Z,8.794,14.0709,17.46,0.8789,0.0852,0.2115,2.2283,147.688,115.406777,8.7442,84.911,4.1012,333359.3759255543,0.019,0
2026-07-16T10:44:13Z,8.8,14.07,17.46,0.8904,0.0852,0.2115,2.2737,147.646,115.373717,8.7445,84.88,4.0156,333132.2800036017,0.019,0
2026-07-16T10:44:13Z,8.805,14.0691,17.37,1.0124,0.1278,0.2115,2.4701,147.636,115.367687,8.742,84.854,4.0287,333106.5894822486,0.018,0
2026-07-16T10:44:13Z,8.81,14.0683,17.37,1.0086,0.1278,0.2115,2.3643,147.667,115.39508,8.7381,84.828,3.9705,333327.79400333035,0.018,0
2026-07-16T10:44:13Z,8.814,14.0677,17.37,1.0086,0.1278,0.2115,2.4701,147.708,115.4312,8.7343,84.807,3.9826,333609.88693568116,0.017,0
2026-07-16T10:44:13Z,8.818,14.0676,17.37,1.0086,0.1278,0.2115,2.4701,147.725,115.447683,8.7311,84.799,3.9878,333734.9471948682,0.016,0
2026-07-16T10:44:13Z,8.821,14.0682,17.46,0.9285,0.1278,0.2538,2.2435,147.706,115.434924,8.7283,84.8,3.9835,333626.95186887454,0.015,0
2026-07-16T10:44:13Z,8.825,14.0693,17.46,0.9323,0.1278,0.2538,2.1679,147.692,115.423521,8.7254,84.799,4.0226,333518.39316643873,0.015,0
2026-07-16T10:44:13Z,8.828,14.0707,17.46,0.9323,0.1278,0.2538,2.1981,147.712,115.43643,8.7229,84.79,3.9499,333584.67733336525,0.016,0
2026-07-16T10:44:13Z,8.832,14.0718,17.46,0.9362,0.1278,0.2538,2.2132,147.739,115.453096,8.7219,84.775,3.9567,333685.40029039414,0.016,0
2026-07-16T10:44:13Z,8.836,14.0725,17.37,0.9896,0.1278,0.2115,2.2283,147.752,115.457962,8.7219,84.759,3.9456,333706.7004532063,0.017,0
2026-07-16T10:44:13Z,8.841,14.0724,17.37,1.0048,0.1278,0.2115,2.2586,147.754,115.456327,8.7218,84.747,3.8818,333696.64693552954,0.017,0
2026-07-16T10:44:13Z,8.846,14.0715,17.37,0.9972,0.1278,0.2115,2.3341,147.754,115.455753,8.7211,84.743,3.8165,333711.6297734089,0.017,0
2026-07-16T10:44:13Z,8.851,14.0699,17.37,0.9896,0.1278,0.2115,2.2283,147.749,115.454087,8.7199,84.751,3.8357,333733.45533690037,0.017,0
2026-07-16T10:44:13Z,8.855,14.0682,17.37,0.8293,0.1278,0.2115,2.1679,147.744,115.452886,8.7185,84.766,3.7843,333760.8927439163,0.017,0
2026-07-16T10:44:13Z,8.859,14.0671,17.46,0.8751,0.0852,0.2115,2.1377,147.75,115.459829,8.7175,84.778,3.8041,333836.2352472004,0.016,0
2026-07-16T10:44:13Z,8.862,14.067,17.46,0.8484,0.0852,0.2115,2.2283,147.75,115.458769,8.7171,84.774,3.8415,333830.4679231554,0.016,0
2026-07-16T10:44:13Z,8.866,14.0676,17.46,0.8942,0.0852,0.2115,2.2435,147.743,115.449422,8.7177,84.749,3.8515,333747.8984080157,0.017,0
2026-07-16T10:44:13Z,8.87,14.0686,17.46,0.9285,0.0852,0.2115,2.2586,147.754,115.451296,8.7191,84.71,3.8465,333740.4644095519,0.018,0
2026-07-16T10:44:13Z,8.874,14.0692,17.37,0.9094,0.0852,0.2538,2.2586,147.766,115.452889,8.7203,84.668,3.8332,333739.49773097056,0.02,0
2026-07-16T10:44:13Z,8.88,14.069,17.37,0.9018,0.0852,0.2538,2.2132,147.77,115.448628,8.7199,84.632,3.7909,333711.99931647547,0.022,0
2026-07-16T10:44:13Z,8.886,14.0677,17.37,0.9743,0.0852,0.2538,2.3341,147.767,115.441373,8.7175,84.61,3.636,333685.71992560447,0.023,0
2026-07-16T10:44:13Z,8.893,14.0653,17.37,0.9972,0.0852,0.2538,2.4096,147.745,115.419193,8.714,84.609,3.6749,333571.6869930659,0.024,0
2026-07-16T10:44:13Z,8.899,14.0626,17.46,0.9667,0.1278,0.2115,2.2586,147.717,115.39017,8.7102,84.629,3.6455,333413.06528246665,0.025,0
2026-07-16T10:44:13Z,8.906,14.0603,17.46,0.9972,0.1278,0.2115,2.2737,147.699,115.368565,8.707,84.661,3.6368,333301.2031931348,0.025,0
2026-07-16T10:44:13Z,8.912,14.0585,17.46,0.9629,0.1278,0.2115,2.3039,147.682,115.348617,8.705,84.698,3.5944,333191.0107217971,0.024,0
2026-07-16T10:44:13Z,8.919,14.0568,17.46,1.0315,0.1278,0.2115,2.2586,147.671,115.337003,8.7052,84.738,3.5866,333140.7960116669,0.023,0
2026-07-16T10:44:13Z,8.925,14.0544,17.46,1.0506,0.1278,0.2115,2.2586,147.688,115.350627,8.7078,84.775,3.4905,333293.6522843216,0.022,0
2026-07-16T10:44:13Z,8.931,14.0518,17.37,1.0392,0.1278,0.2961,2.2435,147.715,115.373123,8.7115,84.805,3.5324,333517.0150231926,0.02,0
2026-07-16T10:44:13Z,8.936,14.0496,17.37,1.043,0.1278,0.2961,2.3039,147.73,115.38649,8.7158,84.833,3.4897,333663.81788612943,0.018,0
2026-07-16T10:44:13Z,8.94,14.0486,17.37,0.8522,0.1278,0.2961,2.0622,147.737,115.394293,8.7201,84.86,3.4852,333743.4513329526,0.017,0
2026-07-16T10:44:13Z,8.944,14.0486,17.37,0.8637,0.1278,0.2961,2.1075,147.739,115.398613,8.7239,84.884,3.4935,333775.6865044445,0.015,0
2026-07-16T10:44:13Z,8.947,14.049,17.37,0.8789,0.0852,0.1269,2.0169,147.739,115.400603,8.7269,84.901,3.4738,333781.9679468857,0.014,0
2026-07-16T10:44:13Z,8.95,14.0496,17.37,0.856,0.0852,0.1269,2.0773,147.743,115.404792,8.7296,84.907,3.5278,333800.37542087253,0.014,0
2026-07-16T10:44:13Z,8.953,14.0505,17.37,0.9552,0.0852,0.1269,2.2435,147.763,115.420298,8.7323,84.895,3.5011,333896.81713002804,0.014,0
2026-07-16T10:44:13Z,8.957,14.0516,17.37,0.9362,0.0852,0.1269,2.3039,147.786,115.437256,8.7345,84.863,3.4935,333999.82358511543,0.015,0
2026-07-16T10:44:13Z,8.961,14.0524,17.37,0.9209,0.1278,0.3807,2.1528,147.796,115.446188,8.7361,84.816,3.5118,334049.3541367753,0.016,0
2026-07-16T10:44:13Z,8.965,14.0527,17.37,0.9438,0.1278,0.3807,2.2737,147.804,115.459476,8.7366,84.761,3.4065,334142.1301604035,0.017,0
2026-07-16T10:44:13Z,8.97,14.0525,17.37,0.9934,0.1278,0.3807,2.2435,147.798,115.464663,8.7354,84.713,3.3999,334185.1479076489,0.017,0
2026-07-16T10:44:13Z,8.974,14.0522,17.37,0.9934,0.1278,0.3807,2.2737,147.771,115.453134,8.7323,84.684,3.4229,334105.4942657202,0.018,0
2026-07-16T10:44:13Z,8.979,14.0527,17.46,0.9857,0.0852,0.2538,2.2586,147.76,115.451813,8.7273,84.68,3.4326,334084.91095080355,0.018,0
2026-07-16T10:44:13Z,8.983,14.0549,17.46,0.9934,0.0852,0.2538,2.2283,147.763,115.46035,8.7212,84.698,3.4288,334101.48238168936,0.019,0
2026-07-16T10:44:13Z,8.988,14.0582,17.46,0.9094,0.0852,0.2538,2.1981,147.756,115.459021,8.7156,84.729,3.3815,334020.82610945654,0.02,0
2026-07-16T10:44:13Z,8.993,14.0614,17.46,0.9323,0.0852,0.2538,2.2888,147.745,115.453472,8.7121,84.761,3.3969,333910.8457736195,0.021,0
2026-07-16T10:44:13Z,8.999,14.064,17.46,0.9323,0.0852,0.2538,2.2888,147.742,115.450223,8.7112,84.783,3.3109,333830.9106757784,0.021,0
2026-07-16T10:44:13Z,9.005,14.066,17.46,0.9285,0.1278,0.2538,2.2132,147.744,115.450409,8.7126,84.79,3.2511,333789.4655901601,0.021,0
2026-07-16T10:44:13Z,9.012,14.0676,17.46,0.9705,0.1278,0.2538,2.3039,147.754,115.458077,8.7155,84.786,3.2355,333812.39935170225,0.019,0
2026-07-16T10:44:13Z,9.017,14.0684,17.46,1.0124,0.1278,0.2538,2.2435,147.751,115.457272,8.7186,84.782,3.2313,333789.26205060794,0.016,0
2026-07-16T10:44:13Z,9.02,14.0684,17.46,1.0086,0.1278,0.2538,2.2132,147.719,115.435782,8.7209,84.79,3.2709,333628.9924272216,0.013,0
2026-07-16T10:44:13Z,9.023,14.0679,17.46,0.9781,0.0852,0.2961,2.2737,147.698,115.423875,8.7218,84.808,3.2384,333550.910377217,0.01,0
2026-07-16T10:44:13Z,9.024,14.0677,17.46,0.8789,0.0852,0.2961,1.9715,147.709,115.438373,8.7213,84.829,3.2334,333663.29434334714,0.008,0
2026-07-16T10:44:13Z,9.026,14.0683,17.46,0.8713,0.0852,0.2961,2.0622,147.712,115.447145,8.7209,84.843,3.2709,333715.86830771033,0.007,0
2026-07-16T10:44:13Z,9.027,14.0695,17.46,0.8713,0.0852,0.2961,2.0471,147.705,115.448532,8.7214,84.84,3.2603,333700.5231881415,0.006,0
2026-07-16T10:44:13Z,9.028,14.071,17.46,0.8713,0.1278,0.2115,2.0471,147.721,115.46690099999999,8.723,84.817,3.261,333805.40541392396,0.007,0
2026-07-16T10:44:13Z,9.03,14.073,17.46,1.001,0.1278,0.2115,2.2283,147.74,115.487152,8.7248,84.775,3.2631,333913.6289129898,0.007,0
2026-07-16T10:44:13Z,9.032,14.0751,17.46,0.9857,0.1278,0.2115,2.2283,147.739,115.490687,8.7257,84.719,3.2887,333895.0195953929,0.008,0
2026-07-16T10:44:13Z,9.034,14.0773,17.46,0.9743,0.1278,0.2115,2.2132,147.731,115.486448,8.725,84.654,3.2461,333816.2922741051,0.009,0
2026-07-16T10:44:13Z,9.037,14.0794,17.46,1.0086,0.1278,0.2115,2.2132,147.725,115.483304,8.7223,84.59,3.2278,333747.8888688469,0.01,0
2026-07-16T10:44:13Z,9.04,14.0812,17.46,0.8141,0.0852,0.2538,2.032,147.715,115.474419,8.7177,84.539,3.2069,333643.1228878053,0.011,0
2026-07-16T10:44:13Z,9.043,14.0826,17.46,0.8065,0.0852,0.2538,2.0169,147.713,115.469421,8.7116,84.513,3.2222,333575.9127419919,0.011,0
2026-07-16T10:44:13Z,9.046,14.0834,17.46,0.8065,0.0852,0.2538,2.0471,147.73,115.476976,8.7048,84.512,3.2278,333615.1070094845,0.012,0
2026-07-16T10:44:13Z,9.049,14.0838,17.46,0.8026,0.0852,0.2538,2.0622,147.732,115.473102,8.6982,84.527,3.2173,333577.6735513077,0.013,0
2026-07-16T10:44:13Z,9.052,14.0834,17.46,0.9934,0.1278,0.3384,2.0773,147.706,115.446763,8.693,84.553,3.2159,333389.9527050887,0.014,0
2026-07-16T10:44:13Z,9.055,14.0822,17.46,0.9819,0.1278,0.3384,2.0622,147.677,115.416937,8.6905,84.587,3.2117,333193.4163645155,0.015,0
2026-07-16T10:44:13Z,9.059,14.0805,17.46,0.9934,0.1278,0.3384,2.0471,147.658,115.393668,8.6907,84.631,3.2103,333056.44218946673,0.016,0
2026-07-16T10:44:13Z,9.063,14.0786,17.46,1.0086,0.1278,0.3384,1.9866,147.652,115.378751,8.6927,84.679,3.1135,332985.94618461584,0.017,0
2026-07-16T10:44:13Z,9.068,14.0766,17.46,0.856,0.0852,0.1692,2.0169,147.67,115.386206,8.6956,84.722,3.1189,333084.18161539244,0.018,0
2026-07-16T10:44:13Z,9.074,14.0743,17.46,0.8637,0.0852,0.1692,2.1226,147.692,115.402021,8.6996,84.75,3.0879,333251.13742451224,0.019,0
2026-07-16T10:44:13Z,9.079,14.0712,17.46,0.8675,0.0852,0.1692,1.9413,147.69,115.404415,8.7047,84.766,3.0631,333335.24863744655,0.018,0
2026-07-16T10:44:13Z,9.084,14.0679,17.46,0.8789,0.0852,0.1692,2.032,147.685,115.404026,8.7103,84.785,3.0552,333402.9180666812,0.018,0
2026-07-16T10:44:13Z,9.088,14.0655,17.46,0.8942,0.1278,0.0846,2.0471,147.691,115.410751,8.7152,84.815,3.0479,333504.3884916522,0.017,0
2026-07-16T10:44:13Z,9.092,14.0652,17.46,0.8599,0.1278,0.0846,2.0471,147.705,115.422384,8.7181,84.86,3.0731,333597.54447106214,0.015,0
2026-07-16T10:44:13Z,9.096,14.0664,17.46,0.8484,0.1278,0.0846,2.1075,147.72,115.434026,8.7196,84.917,3.0333,333658.67564649327,0.014,0
2026-07-16T10:44:13Z,9.099,14.0677,17.46,0.8827,0.1278,0.0846,2.0471,147.723,115.434783,8.7213,84.977,2.954,333636.4941181679,0.013,0
2026-07-16T10:44:13Z,9.103,14.0683,17.46,0.8522,0.1278,0.0846,2.0018,147.705,115.418856,8.7243,85.029,2.994,333504.90239459067,0.012,0
2026-07-16T10:44:13Z,9.106,14.0684,17.46,0.8522,0.0852,0.1692,2.0471,147.684,115.399998,8.7289,85.066,3.0103,333362.1939816618,0.011,0
2026-07-16T10:44:13Z,9.108,14.0684,17.46,0.8827,0.0852,0.1692,2.0924,147.678,115.391179,8.7347,85.083,3.0307,333296.46867132187,0.011,0
2026-07-16T10:44:13Z,9.11,14.0681,17.46,0.8522,0.0852,0.1692,2.0018,147.697,115.398047,8.7409,85.076,3.0645,333354.06699003483,0.011,0
2026-07-16T10:44:13Z,9.113,14.0675,17.46,0.856,0.0852,0.1692,1.9413,147.728,115.412434,8.7464,85.044,3.0671,333474.1382667511,0.012,0
2026-07-16T10:44:13Z,9.116,14.0666,17.46,0.8789,0.0852,0.2115,2.1377,147.734,115.410177,8.7504,84.997,3.0393,333476.564596422,0.013,0
2026-07-16T10:44:13Z,9.12,14.0651,17.46,0.8789,0.0852,0.2115,2.1377,147.715,115.394671,8.7525,84.945,2.9075,333393.05906809564,0.014,0
2026-07-16T10:44:13Z,9.124,14.0623,17.46,0.8789,0.0852,0.2115,2.0773,147.699,115.385783,8.7522,84.892,2.9012,333386.6913717242,0.014,0
2026-07-16T10:44:13Z,9.128,14.0591,17.46,0.8637,0.0852,0.2115,2.0018,147.684,115.379142,8.7496,84.835,2.9018,333405.6298271409,0.014,0
2026-07-16T10:44:13Z,9.131,14.0569,17.46,0.8637,0.0852,0.2115,2.0622,147.666,115.368979,8.7452,84.771,2.9662,333376.91848776344,0.014,0
2026-07-16T10:44:13Z,9.134,14.0566,17.46,0.8599,0.0852,0.2115,2.0924,147.659,115.364583,8.7398,84.703,2.9591,333350.56077567313,0.014,0
2026-07-16T10:44:13Z,9.138,14.0578,17.46,0.8675,0.0852,0.2115,2.0169,147.669,115.368781,8.7341,84.64,2.9675,333356.1895882516,0.015,0
2026-07-16T10:44:13Z,9.142,14.0595,17.46,1.0048,0.0852,0.2115,2.0773,147.684,115.374693,8.728,84.586,2.9316,333363.9007709048,0.015,0
2026-07-16T10:44:13Z,9.146,14.0608,17.46,0.9857,0.0852,0.2115,2.0924,147.712,115.391894,8.7211,84.545,2.9246,333464.3292673231,0.015,0
2026-07-16T10:44:13Z,9.15,14.0611,17.46,1.0048,0.0852,0.3384,2.1075,147.743,115.414972,8.7141,84.513,2.8363,333629.9996586469,0.014,0
2026-07-16T10:44:13Z,9.154,14.06,17.46,0.9934,0.0852,0.3384,2.1226,147.736,115.410081,8.7078,84.48,2.8087,333617.06570388225,0.012,0
2026-07-16T10:44:13Z,9.158,14.058,17.46,0.9476,0.0852,0.3384,2.0773,147.69,115.375919,8.7027,84.441,2.782,333405.1194858838,0.01,0
2026-07-16T10:44:13Z,9.16,14.0564,17.46,0.9285,0.0852,0.3384,2.0471,147.665,115.359372,8.6987,84.398,2.821,333315.9809684537,0.008,0
2026-07-16T10:44:13Z,9.161,14.0559,17.46,0.9362,0.1278,0.2115,2.1679,147.682,115.376028,8.6955,84.358,2.8413,333450.8572602615,0.005,0
2026-07-16T10:44:13Z,9.162,14.0562,17.46,0.9362,0.1278,0.2115,2.1075,147.683,115.380331,8.6921,84.335,2.8444,333476.524494667,0.003,0
2026-07-16T10:44:13Z,9.162,14.0569,17.46,0.8789,0.1278,0.2115,2.0169,147.66,115.363428,8.6879,84.34,2.8586,333335.5232190408,0.002,0
2026-07-16T10:44:13Z,9.162,14.0579,17.46,0.8751,0.1278,0.2115,2.0169,147.646,115.350812,8.6833,84.377,2.9018,333220.10036277905,0.001,0
2026-07-16T10:44:13Z,9.162,14.059,17.46,0.8789,0.1278,0.1269,1.9866,147.645,115.347118,8.679,84.447,2.9037,333169.0547020647,0.001,0
2026-07-16T10:44:13Z,9.162,14.0601,17.46,0.8522,0.1278,0.1269,1.9715,147.659,115.355361,8.6764,84.534,2.8993,333206.9695704218,0.002,0
2026-07-16T10:44:13Z,9.163,14.0605,17.46,0.8637,0.1278,0.1269,2.1226,147.688,115.377737,8.6768,84.609,2.8611,333365.1962567761,0.003,0
2026-07-16T10:44:13Z,9.164,14.0599,17.46,0.8789,0.1278,0.1269,2.1226,147.714,115.398214,8.6808,84.646,2.8761,333530.7037436656,0.004,0
2026-07-16T10:44:13Z,9.165,14.0589,17.46,0.8827,0.0852,0.2115,2.0169,147.712,115.396255,8.6881,84.64,2.8817,333537.4942856782,0.005,0
2026-07-16T10:44:13Z,9.166,14.0581,17.46,0.856,0.0852,0.2115,2.0924,147.693,115.381337,8.6972,84.605,2.8786,333443.37283672777,0.006,0
2026-07-16T10:44:13Z,9.167,14.0579,17.46,0.8637,0.0852,0.2115,2.0924,147.681,115.371481,8.705,84.564,2.8592,333374.1679640834,0.007,0
2026-07-16T10:44:13Z,9.169,14.0579,17.46,0.9285,0.0852,0.2115,1.9866,147.669,115.360059,8.7088,84.534,2.8867,333289.02063210146,0.009,0
2026-07-16T10:44:13Z,9.172,14.0579,17.46,0.9018,0.0852,0.2115,1.9262,147.659,115.348024,8.7082,84.528,2.8717,333199.3180152947,0.011,0
2026-07-16T10:44:13Z,9.174,14.0579,17.46,0.9209,0.0852,0.2538,1.9866,147.651,115.334168,8.7046,84.545,2.8002,333096.0606249623,0.013,0
2026-07-16T10:44:13Z,9.178,14.0577,17.46,0.9209,0.0852,0.2538,2.0018,147.624,115.300796,8.7004,84.574,2.7972,332851.7196758731,0.014,0
2026-07-16T10:44:13Z,9.182,14.0571,17.46,0.7912,0.0852,0.2538,1.9866,147.598,115.265006,8.6975,84.605,2.7978,332598.02015196974,0.016,0
2026-07-16T10:44:13Z,9.186,14.0556,17.46,0.795,0.0852,0.2538,2.0471,147.603,115.255252,8.6972,84.621,2.7742,332557.4120004635,0.017,0
2026-07-16T10:44:13Z,9.191,14.053,17.55,0.8141,0.0426,0.2961,2.1075,147.626,115.264933,8.6994,84.601,2.7406,332684.98083927855,0.017,0
2026-07-16T10:44:13Z,9.196,14.0489,17.55,0.7912,0.0426,0.2961,2.032,147.645,115.276631,8.7031,84.537,2.7104,332859.6579310378,0.017,0
2026-07-16T10:44:13Z,9.2,14.0436,17.55,0.8065,0.0426,0.2961,1.7147,147.668,115.293465,8.7073,84.434,2.7081,333098.35559374373,0.016,0
2026-07-16T10:44:13Z,9.204,14.0389,17.55,0.8103,0.0426,0.2961,1.8507,147.705,115.319924,8.7098,84.31,2.6969,333396.1693518696,0.015,0
2026-07-16T10:44:13Z,9.207,14.0361,17.55,0.8065,0.0852,0.1692,1.8658,147.737,115.339066,8.7084,84.19,2.7293,333598.9153945415,0.014,0
2026-07-16T10:44:13Z,9.211,14.0352,17.55,0.8179,0.0852,0.1692,1.7601,147.742,115.335996,8.702,84.084,2.7204,333595.27512651234,0.014,0
2026-07-16T10:44:13Z,9.214,14.0348,17.55,0.8026,0.0852,0.1692,1.8054,147.721,115.313894,8.6914,84,2.7063,333438.92379768036,0.013,0
2026-07-16T10:44:13Z,9.218,14.0338,17.55,0.8026,0.0852,0.1692,1.7903,147.701,115.294864,8.6789,83.938,2.6573,333318.3628865371,0.013,0
2026-07-16T10:44:13Z,9.221,14.0319,17.55,0.8217,0.0852,0.1692,1.8356,147.686,115.281833,8.6668,83.901,2.6309,333261.8141812356,0.012,0
2026-07-16T10:44:13Z,9.224,14.0296,17.46,0.8103,0.0852,0.3384,1.8205,147.672,115.271323,8.6564,83.882,2.6591,333232.62378249207,0.011,0
2026-07-16T10:44:13Z,9.226,14.0277,17.46,0.7988,0.0852,0.3384,2.0924,147.674,115.272534,8.6481,83.869,2.6916,333282.3023667171,0.011,0
2026-07-16T10:44:13Z,9.228,14.0265,17.46,0.7988,0.0852,0.3384,2.0471,147.675,115.269788,8.642,83.849,2.6899,333287.4912907227,0.011,0
2026-07-16T10:44:13Z,9.231,14.0262,17.46,0.7874,0.0852,0.3384,1.9866,147.671,115.262354,8.6381,83.826,2.7016,333238.45402043615,0.012,0
2026-07-16T10:44:13Z,9.234,14.0263,17.46,0.8255,0.0852,0.2961,2.0471,147.679,115.264247,8.6362,83.797,2.7069,333250.43413494335,0.013,0
2026-07-16T10:44:13Z,9.238,14.026,17.46,0.8522,0.0852,0.2961,1.8356,147.696,115.275973,8.6349,83.752,2.6212,333344.3287395009,0.015,0
2026-07-16T10:44:13Z,9.243,14.025,17.46,0.8522,0.0852,0.2961,1.8205,147.714,115.292657,8.6331,83.687,2.6002,333490.2250136594,0.016,0
2026-07-16T10:44:13Z,9.247,14.0234,17.46,0.8637,0.0852,0.2961,1.7903,147.719,115.302751,8.6309,83.605,2.6047,333599.82456838514,0.016,0
2026-07-16T10:44:13Z,9.251,14.0219,17.46,0.8637,0.1278,0.2961,1.8658,147.723,115.312945,8.6282,83.517,2.5929,333708.058766842,0.016,0
2026-07-16T10:44:13Z,9.255,14.0213,17.46,0.7111,0.1278,0.2961,1.7903,147.747,115.337959,8.6237,83.443,2.6218,333907.71918171726,0.016,0
2026-07-16T10:44:13Z,9.259,14.0222,17.46,0.7378,0.1278,0.2961,1.7449,147.768,115.358465,8.6168,83.396,2.6081,334041.6042287102,0.016,0
2026-07-16T10:44:13Z,9.263,14.0242,17.46,0.7569,0.1278,0.2961,1.9413,147.764,115.35793,8.608,83.383,2.5867,333994.71810674405,0.016,0
2026-07-16T10:44:13Z,9.267,14.0266,17.46,0.7378,0.1278,0.2538,1.7903,147.746,115.346213,8.5985,83.41,2.5816,333855.755030666,0.016,0
2026-07-16T10:44:13Z,9.271,14.0287,17.46,0.8026,0.1278,0.2538,1.7752,147.709,115.318189,8.5905,83.479,2.5256,333601.54424034944,0.016,0
2026-07-16T10:44:13Z,9.275,14.0301,17.46,0.8141,0.1278,0.2538,1.8809,147.665,115.282384,8.5854,83.577,2.5399,333304.411749271,0.017,0
2026-07-16T10:44:13Z,9.279,14.0311,17.46,0.7874,0.1278,0.2538,1.8054,147.643,115.261248,8.5838,83.689,2.5482,333125.38541119813,0.018,0
2026-07-16T10:44:13Z,9.284,14.0319,17.46,0.7874,0.1278,0.2538,1.9111,147.626,115.241147,8.5865,83.802,2.5532,332958.4163248195,0.019,0
2026-07-16T10:44:13Z,9.288,14.0321,17.46,0.8713,0.1278,0.0846,1.8356,147.591,115.20472,8.5936,83.907,2.5571,332682.67043440783,0.019,0
2026-07-16T10:44:13Z,9.293,14.0317,17.46,0.837,0.1278,0.0846,1.8054,147.57,115.18025,8.6038,83.987,2.5476,332508.9206388866,0.02,0
2026-07-16T10:44:13Z,9.299,14.0303,17.46,0.8522,0.1278,0.0846,1.7752,147.588,115.19121,8.6155,84.031,2.4203,332620.44739280693,0.02,0
2026-07-16T10:44:13Z,9.305,14.0279,17.46,0.8789,0.1278,0.0846,1.8205,147.608,115.206525,8.6277,84.029,2.414,332785.8201918415,0.02,0
2026-07-16T10:44:13Z,9.31,14.0248,17.55,0.8713,0.1278,0.2115,1.8054,147.613,115.21228,8.6391,83.974,2.4177,332894.9520106134,0.02,0
2026-07-16T10:44:13Z,9.315,14.0222,17.55,0.8522,0.1278,0.2115,1.8205,147.628,115.226008,8.6478,83.866,2.4869,333052.8872914295,0.02,0
2026-07-16T10:44:13Z,9.319,14.021,17.55,0.8789,0.1278,0.2115,1.8054,147.654,115.247371,8.6526,83.717,2.4361,333237.8957896233,0.02,0
2026-07-16T10:44:13Z,9.324,14.0211,17.55,0.8522,0.1278,0.2115,1.8356,147.681,115.266066,8.6524,83.547,2.4203,333375.2410389118,0.02,0
2026-07-16T10:44:13Z,9.329,14.0218,17.55,0.8713,0.0852,0.2115,1.7752,147.703,115.27908,8.6465,83.378,2.443,333457.3740505822,0.021,0
2026-07-16T10:44:13Z,9.334,14.0225,17.55,0.8904,0.0852,0.2115,1.7601,147.716,115.285881,8.6353,83.226,2.3827,333493.14309343067,0.021,0
2026-07-16T10:44:13Z,9.341,14.0227,17.55,0.8789,0.0852,0.2115,1.7752,147.702,115.272286,8.62,83.101,2.359,333387.4034518658,0.021,0
2026-07-16T10:44:13Z,9.347,14.022,17.55,0.8827,0.0852,0.2115,1.7601,147.676,115.250666,8.6026,83.01,2.3467,333241.0721768011,0.021,0
2026-07-16T10:44:13Z,9.352,14.0207,17.55,0.8866,0.0852,0.2115,1.7601,147.669,115.243255,8.5854,82.955,2.3529,333213.5949884421,0.02,0
2026-07-16T10:44:13Z,9.357,14.0194,17.55,0.8713,0.0852,0.1692,1.9262,147.662,115.236079,8.57,82.928,2.3524,333187.87094998447,0.019,0
2026-07-16T10:44:13Z,9.361,14.0186,17.55,0.8713,0.0852,0.1692,1.7601,147.639,115.215223,8.5572,82.92,2.3657,333049.4141871371,0.018,0
2026-07-16T10:44:13Z,9.365,14.018,17.55,0.8522,0.0852,0.1692,1.7903,147.601,115.183125,8.548,82.92,2.3724,332822.8948183104,0.018,0
2026-07-16T10:44:13Z,9.37,14.0175,17.55,0.8637,0.0852,0.1692,1.8507,147.569,115.155226,8.5424,82.916,2.359,332625.6196644661,0.018,0
2026-07-16T10:44:13Z,9.375,14.0168,17.46,0.8942,0.0852,0.2961,1.7903,147.563,115.148084,8.5398,82.893,2.3053,332587.3416154985,0.018,0
2026-07-16T10:44:13Z,9.38,14.0159,17.46,0.8675,0.0852,0.2961,1.7903,147.591,115.167793,8.5391,82.84,2.246,332753.4616661313,0.018,0
2026-07-16T10:44:13Z,9.385,14.015,17.46,0.8789,0.0852,0.2961,1.7298,147.614,115.183612,8.5392,82.759,2.2661,332890.63275032083,0.017,0
2026-07-16T10:44:13Z,9.389,14.0141,17.46,0.8179,0.0852,0.2961,1.8205,147.595,115.16776,8.539,82.663,2.3028,332791.67195877485,0.016,0
2026-07-16T10:44:13Z,9.392,14.0131,17.55,0.795,0.0852,0.2538,1.7903,147.584,115.158008,8.5368,82.568,2.2548,332740.3339759519,0.016,0
2026-07-16T10:44:13Z,9.396,14.0124,17.55,0.8217,0.0852,0.2538,1.7449,147.595,115.165753,8.5315,82.49,2.269,332813.0326473543,0.015,0
2026-07-16T10:44:13Z,9.4,14.0119,17.55,0.8141,0.0852,0.2538,1.8658,147.578,115.151065,8.5232,82.433,2.2616,332714.20952962583,0.015,0
2026-07-16T10:44:13Z,9.403,14.0114,17.55,0.8789,0.0852,0.2538,2.0622,147.537,115.116025,8.5135,82.395,2.2988,332463.7279855842,0.015,0
2026-07-16T10:44:13Z,9.407,14.011,17.55,0.8675,0.0852,0.1269,2.0924,147.495,115.07929,8.5038,82.381,2.2538,332198.59788999165,0.016,0
2026-07-16T10:44:13Z,9.412,14.0107,17.55,0.8599,0.0852,0.1269,2.0773,147.453,115.043061,8.4958,82.392,2.2328,331935.22718980117,0.016,0
2026-07-16T10:44:13Z,9.416,14.0102,17.55,0.8599,0.0852,0.1269,2.0622,147.442,115.031675,8.49,82.421,2.1982,331861.1253794286,0.015,0
2026-07-16T10:44:13Z,9.421,14.0094,17.55,0.9209,0.0852,0.1269,1.9866,147.481,115.060096,8.4863,82.456,2.1829,332089.7735397574,0.015,0
2026-07-16T10:44:13Z,9.425,14.0081,17.55,0.9362,0.0852,0.1269,2.0471,147.525,115.093905,8.4851,82.486,2.1758,332369.3413727327,0.013,0
2026-07-16T10:44:13Z,9.428,14.0067,17.55,0.959,0.1278,0.1692,2.1377,147.549,115.112118,8.4865,82.504,2.1958,332534.9527834452,0.012,0
2026-07-16T10:44:13Z,9.43,14.0057,17.55,0.9171,0.1278,0.1692,2.0169,147.568,115.127591,8.4897,82.512,2.1877,332671.6518038115,0.01,0
2026-07-16T10:44:13Z,9.432,14.0051,17.55,0.8026,0.1278,0.1692,2.0924,147.582,115.140452,8.4934,82.519,2.1877,332780.3653623259,0.009,0
2026-07-16T10:44:13Z,9.434,14.0049,17.55,0.7988,0.1278,0.1692,2.1075,147.582,115.142131,8.4965,82.524,2.1772,332797.1593507101,0.008,0
2026-07-16T10:44:13Z,9.436,14.0049,17.46,0.8065,0.0852,0.2115,2.0773,147.57,115.133076,8.4983,82.523,2.1815,332729.63764724456,0.008,0
2026-07-16T10:44:13Z,9.438,14.0051,17.46,0.8065,0.0852,0.2115,2.1226,147.558,115.122871,8.4992,82.517,2.1664,332649.2777861452,0.008,0
2026-07-16T10:44:13Z,9.44,14.0056,17.46,0.8255,0.0852,0.2115,2.0622,147.548,115.112794,8.4998,82.505,2.1801,332563.47767716734,0.009,0
2026-07-16T10:44:13Z,9.442,14.0061,17.46,0.8217,0.0852,0.2115,2.1226,147.535,115.10016,8.5002,82.485,2.1486,332458.6371154139,0.009,0
2026-07-16T10:44:13Z,9.444,14.0062,17.46,0.795,0.1278,0.2538,2.032,147.52,115.085597,8.5,82.455,2.1593,332347.98367290036,0.01,0
2026-07-16T10:44:13Z,9.447,14.0059,17.46,0.8065,0.1278,0.2538,2.0924,147.511,115.073223,8.4994,82.416,2.1739,332262.1943951571,0.011,0
2026-07-16T10:44:13Z,9.449,14.0053,17.46,0.8065,0.1278,0.2538,1.8205,147.521,115.075737,8.4983,82.37,2.1346,332293.7254225446,0.013,0
2026-07-16T10:44:13Z,9.453,14.0045,17.46,0.795,0.1278,0.2538,1.7903,147.55,115.093807,8.4964,82.325,2.1617,332445.44648188143,0.014,0
2026-07-16T10:44:13Z,9.457,14.0033,17.55,0.795,0.0426,0.3384,1.8205,147.583,115.116254,8.4936,82.292,2.1184,332638.3906766399,0.014,0
2026-07-16T10:44:13Z,9.461,14.0017,17.55,0.8255,0.0426,0.3384,1.7903,147.622,115.145064,8.4898,82.274,2.096,332887.42515339865,0.015,0
2026-07-16T10:44:13Z,9.465,13.9998,17.55,0.8751,0.0426,0.3384,1.9866,147.658,115.17192,8.4854,82.27,2.1006,333128.42961111595,0.015,0
2026-07-16T10:44:13Z,9.469,13.9982,17.55,0.8942,0.0426,0.3384,2.0471,147.654,115.167986,8.4812,82.277,2.1056,333133.3021212571,0.015,0
2026-07-16T10:44:13Z,9.472,13.9971,17.55,0.8637,0.0426,0.3384,2.1377,147.625,115.144211,8.478,82.293,2.1125,332979.41765806265,0.015,0
2026-07-16T10:44:13Z,9.476,13.9965,17.55,0.856,0.0852,0.2538,2.1075,147.609,115.130255,8.4762,82.315,2.107,332888.12573153526,0.015,0
2026-07-16T10:44:13Z,9.48,13.9962,17.55,0.9285,0.0852,0.2538,2.1377,147.605,115.126394,8.4759,82.332,2.1079,332865.7352837702,0.015,0
2026-07-16T10:44:13Z,9.484,13.9959,17.55,0.9438,0.0852,0.2538,2.183,147.61,115.131599,8.4767,82.337,2.0711,332910.9782306511,0.015,0
2026-07-16T10:44:13Z,9.488,13.9955,17.55,0.94,0.0852,0.2538,2.0018,147.623,115.143259,8.4784,82.34,2.0487,333006.52860502386,0.015,0
2026-07-16T10:44:13Z,9.491,13.995,17.55,0.9209,0.1278,0.2538,2.0169,147.627,115.148484,8.4807,82.357,2.0639,333056.21274476225,0.014,0
2026-07-16T10:44:13Z,9.495,13.9949,17.55,0.9285,0.1278,0.2538,1.7752,147.619,115.144667,8.4825,82.389,2.0425,333029.866324681,0.014,0
2026-07-16T10:44:13Z,9.498,13.9951,17.55,0.9247,0.1278,0.2538,1.896,147.614,115.14279,8.4829,82.437,2.0465,333011.58062710223,0.014,0
2026-07-16T10:44:13Z,9.501,13.9957,17.55,0.9094,0.1278,0.2538,1.7601,147.61,115.142353,8.4832,82.498,2.0801,332995.4853963588,0.014,0
2026-07-16T10:44:13Z,9.505,13.9965,17.55,0.9667,0.0852,0.2115,1.7903,147.612,115.14524,8.4848,82.566,2.0581,332999.9152121655,0.015,0
2026-07-16T10:44:13Z,9.508,13.9972,17.55,1.0124,0.0852,0.2115,2.2737,147.642,115.170219,8.4879,82.638,2.0545,333171.3501362743,0.015,0
2026-07-16T10:44:13Z,9.513,13.998,17.55,1.0048,0.0852,0.2115,2.183,147.686,115.205951,8.4927,82.701,2.0095,333420.9790158912,0.015,0
2026-07-16T10:44:13Z,9.517,13.9988,17.55,1.001,0.0852,0.2115,2.2132,147.723,115.235968,8.4988,82.742,1.9569,333628.02091108554,0.015,0
2026-07-16T10:44:13Z,9.521,13.9995,17.55,1.0163,0.0852,0.2115,2.1528,147.752,115.260273,8.5058,82.756,1.9835,333794.5956337395,0.015,0
2026-07-16T10:44:13Z,9.525,13.9999,17.64,0.8713,0.1278,0.2961,2.183,147.752,115.261348,8.5131,82.752,2.0104,333794.051097733,0.014,0
2026-07-16T10:44:13Z,9.529,14.0004,17.64,0.8599,0.1278,0.2961,2.2586,147.718,115.235482,8.5195,82.737,1.9839,333590.10452688416,0.014,0
2026-07-16T10:44:13Z,9.532,14.0008,17.64,0.856,0.1278,0.2961,2.3039,147.672,115.199776,8.5235,82.717,1.9895,333314.9186296582,0.013,0
2026-07-16T10:44:13Z,9.535,14.0013,17.64,0.8942,0.1278,0.2961,2.1679,147.643,115.176706,8.5249,82.701,1.9951,333132.0265716391,0.013,0
2026-07-16T10:44:13Z,9.538,14.0017,17.55,1.0392,0.0852,0.2115,2.0471,147.644,115.176119,8.5244,82.687,2.0125,333119.08723522665,0.013,0
2026-07-16T10:44:13Z,9.541,14.0019,17.55,1.043,0.0852,0.2115,2.1075,147.647,115.177861,8.5228,82.677,1.9999,333127.80659256765,0.013,0
2026-07-16T10:44:13Z,9.544,14.0019,17.55,1.0392,0.0852,0.2115,2.0471,147.645,115.174395,8.5209,82.678,1.9736,333101.941103568,0.014,0
2026-07-16T10:44:13Z,9.548,14.0017,17.55,1.0201,0.0852,0.2115,1.9564,147.65,115.176797,8.5192,82.694,1.9697,333124.14273834735,0.015,0
2026-07-16T10:44:13Z,9.552,14.0014,17.55,1.0506,0.0852,0.2538,2.319,147.659,115.181709,8.5178,82.719,1.9624,333167.21645816637,0.016,0
2026-07-16T10:44:13Z,9.556,14.0011,17.55,1.0163,0.0852,0.2538,2.2283,147.666,115.186439,8.5169,82.748,1.9295,333208.93544610863,0.016,0
2026-07-16T10:44:13Z,9.561,14.0006,17.55,1.0811,0.0852,0.2538,2.3039,147.679,115.196248,8.5171,82.79,1.907,333292.8519159738,0.016,0
2026-07-16T10:44:13Z,9.565,13.9999,17.55,1.0544,0.0852,0.2538,2.2283,147.691,115.205753,8.5189,82.847,1.9169,333378.79551056155,0.016,0
2026-07-16T10:44:13Z,9.569,13.9993,17.46,0.9209,0.0852,0.2961,2.1377,147.697,115.209489,8.5215,82.911,1.9514,333419.53679131943,0.015,0
2026-07-16T10:44:13Z,9.573,13.999,17.46,0.9285,0.0852,0.2961,2.0924,147.702,115.212451,8.5246,82.971,1.9107,333448.0771797773,0.015,0
2026-07-16T10:44:13Z,9.576,13.9989,17.46,0.9323,0.0852,0.2961,2.1377,147.719,115.22343,8.5289,83.017,1.8765,333532.207668485,0.015,0
2026-07-16T10:44:13Z,9.58,13.9988,17.46,0.9209,0.0852,0.2961,1.9866,147.73,115.229354,8.5348,83.043,1.8737,333578.5934865851,0.015,0
2026-07-16T10:44:13Z,9.584,13.9986,17.46,0.9094,0.0852,0.2961,2.4096,147.717,115.215802,8.5415,83.043,1.8999,333481.66389545053,0.016,0
2026-07-16T10:44:13Z,9.588,13.9981,17.46,0.9094,0.0852,0.2115,2.5305,147.712,115.207161,8.5477,83.016,1.9119,333427.8435825711,0.017,0
2026-07-16T10:44:13Z,9.592,13.9974,17.46,0.9362,0.0852,0.2115,2.5003,147.73,115.217123,8.5526,82.964,1.8721,333517.2294754034,0.018,0
2026-07-16T10:44:13Z,9.597,13.9965,17.46,0.9285,0.0852,0.2115,2.4701,147.731,115.216348,8.5554,82.908,1.8798,333530.7187680312,0.018,0
2026-07-16T10:44:13Z,9.603,13.9953,17.46,0.8827,0.0852,0.2115,2.4398,147.712,115.200628,8.5557,82.878,1.8259,333439.01736601634,0.018,0
2026-07-16T10:44:13Z,9.608,13.9938,17.46,0.8751,0.1278,0.1269,2.5607,147.693,115.185771,8.5532,82.898,1.855,333360.19310113194,0.017,0
2026-07-16T10:44:13Z,9.612,13.9925,17.46,0.8751,0.1278,0.1269,2.5607,147.672,115.169814,8.5481,82.973,1.8326,333268.8800286825,0.016,0
2026-07-16T10:44:13Z,9.616,13.9918,17.46,0.856,0.1278,0.1269,2.4701,147.673,115.170502,8.5424,83.096,1.8259,333289.0005908854,0.015,0
2026-07-16T10:44:13Z,9.619,13.9916,17.46,0.856,0.1278,0.1269,2.4701,147.694,115.186018,8.5394,83.25,1.8362,333409.144640507,0.014,0
2026-07-16T10:44:13Z,9.622,13.9916,17.46,0.8484,0.1278,0.2961,2.4852,147.7,115.190502,8.5414,83.42,1.8338,333442.63167335134,0.014,0
2026-07-16T10:44:13Z,9.625,13.9916,17.46,0.8637,0.1278,0.2961,2.4398,147.699,115.189148,8.5492,83.591,1.8502,333432.51808632555,0.014,0
2026-07-16T10:44:13Z,9.629,13.9916,17.46,0.8599,0.1278,0.2961,2.4701,147.705,115.193595,8.5618,83.739,1.8458,333465.7302044199,0.014,0
2026-07-16T10:44:13Z,9.632,13.9915,17.46,0.8789,0.1278,0.2961,2.6815,147.704,115.19303,8.5777,83.851,1.8235,333463.65067079436,0.015,0
2026-07-16T10:44:13Z,9.636,13.9914,17.46,0.8827,0.1278,0.2961,2.6664,147.691,115.183302,8.5953,83.932,1.8116,333393.13783648604,0.015,0
2026-07-16T10:44:13Z,9.64,13.9913,17.55,0.8751,0.0852,0.1692,2.7269,147.689,115.181815,8.6128,83.985,1.7835,333384.1729672931,0.015,0
2026-07-16T10:44:13Z,9.645,13.9911,17.55,0.8789,0.0852,0.1692,2.6966,147.696,115.188175,8.6281,84.012,1.7482,333435.9526783488,0.015,0
2026-07-16T10:44:13Z,9.648,13.9911,17.55,0.8866,0.0852,0.1692,2.7571,147.7,115.192077,8.6397,84.013,1.7851,333465.0944038803,0.015,0
2026-07-16T10:44:13Z,9.652,13.9911,17.55,0.8675,0.0852,0.1692,2.6966,147.708,115.19856,8.648,83.99,1.8227,333513.51697094797,0.015,0
2026-07-16T10:44:13Z,9.655,13.9913,17.55,0.8789,0.0852,0.2115,2.6815,147.711,115.201356,8.6534,83.945,1.7963,333530.1161350334,0.015,0
2026-07-16T10:44:13Z,9.659,13.9915,17.55,0.8713,0.0852,0.2115,2.7269,147.716,115.205208,8.6562,83.88,1.7688,333554.6044583802,0.016,0
2026-07-16T10:44:13Z,9.663,13.9918,17.55,0.856,0.0852,0.2115,2.6211,147.751,115.231143,8.6562,83.795,1.7847,333741.94456548686,0.017,0
2026-07-16T10:44:13Z,9.668,13.9921,17.55,0.8217,0.0852,0.2115,2.6966,147.792,115.262079,8.6537,83.702,1.7486,333966.7304082774,0.017,0
2026-07-16T10:44:13Z,9.673,13.9922,17.55,0.837,0.0852,0.1692,2.7571,147.802,115.270265,8.6491,83.621,1.7301,334025.78267901373,0.018,0
2026-07-16T10:44:13Z,9.678,13.9921,17.55,0.8179,0.0852,0.1692,2.6966,147.796,115.265885,8.6424,83.573,1.6819,333995.18007750483,0.017,0
2026-07-16T10:44:13Z,9.682,13.9917,17.55,0.8141,0.0852,0.1692,2.7118,147.801,115.27177,8.6338,83.576,1.6936,334047.7594385209,0.016,0
2026-07-16T10:44:13Z,9.686,13.9913,17.55,0.94,0.0852,0.1692,2.5154,147.816,115.285488,8.6243,83.634,1.6984,334158.9210314631,0.015,0
2026-07-16T10:44:13Z,9.69,13.9913,17.55,0.9285,0.1278,0.2115,2.4852,147.81,115.282701,8.6159,83.734,1.6984,334138.0777388459,0.013,0
2026-07-16T10:44:13Z,9.693,13.9916,17.55,0.9323,0.1278,0.2115,2.4096,147.792,115.270663,8.6109000000000009,83.855,1.6885,334041.6243463951,0.012,0
2026-07-16T10:44:13Z,9.695,13.9921,17.55,0.9094,0.1278,0.2115,2.4096,147.781,115.264165,8.6111,83.975,1.7184,333982.31426059315,0.011,0
2026-07-16T10:44:13Z,9.698,13.9928,17.55,1.0392,0.1278,0.2115,2.9384,147.768,115.255473,8.617,84.078,1.708,333902.3230017678,0.011,0
2026-07-16T10:44:13Z,9.701,13.9934,17.55,0.9705,0.1278,0.2115,2.9837,147.783,115.26827,8.6272,84.149,1.708,333985.1116844325,0.01,0
2026-07-16T10:44:13Z,9.703,13.9941,17.46,1.001,0.1278,0.3384,2.9081,147.821,115.297967,8.6396,84.185,1.7147,334192.1352977926,0.01,0
2026-07-16T10:44:13Z,9.706,13.9948,17.46,1.0086,0.1278,0.3384,2.9837,147.832,115.306486,8.6518,84.195,1.6899,334240.8177677366,0.011,0
2026-07-16T10:44:13Z,9.708,13.9954,17.46,1.043,0.1278,0.3384,2.6362,147.832,115.306098,8.6623,84.195,1.6918,334225.0343487171,0.011,0
2026-07-16T10:44:13Z,9.711,13.9957,17.46,1.0659,0.1278,0.3384,2.7722,147.849,115.3187,8.6695,84.198,1.6943,334312.8446641925,0.012,0
2026-07-16T10:44:13Z,9.714,13.9959,17.46,1.062,0.0852,0.2115,2.7873,147.874,115.335651,8.6731,84.214,1.6841,334435.3511940575,0.013,0
2026-07-16T10:44:13Z,9.717,13.9959,17.46,1.0392,0.0852,0.2115,2.6362,147.875,115.335474,8.6742,84.242,1.6863,334434.0258044276,0.014,0
2026-07-16T10:44:13Z,9.721,13.9958,17.46,1.001,0.0852,0.2115,2.6966,147.851,115.31612,8.6742,84.28,1.6443,334291.39613005135,0.015,0
2026-07-16T10:44:13Z,9.726,13.9953,17.46,0.9819,0.0852,0.2115,2.6966,147.826,115.298427,8.6746,84.327,1.6177,334169.80826506496,0.016,0
2026-07-16T10:44:13Z,9.73,13.9947,17.55,0.9819,0.0852,0.2538,2.5909,147.8,115.279679,8.6764,84.379,1.6511,334042.5028826324,0.016,0
2026-07-16T10:44:13Z,9.734,13.9942,17.55,0.9705,0.0852,0.2538,2.6664,147.777,115.262875,8.6794,84.437,1.6623000000000001,333927.6091960885,0.016,0
2026-07-16T10:44:13Z,9.738,13.9942,17.55,1.001,0.0852,0.2538,2.8175,147.787,115.271532,8.6834,84.492,1.6404,333992.3204469713,0.016,0
2026-07-16T10:44:13Z,9.742,13.9946,17.55,1.0086,0.0852,0.2538,2.742,147.809,115.287961,8.6881,84.531,1.6673,334106.56625701004,0.017,0
2026-07-16T10:44:13Z,9.745,13.9951,17.55,0.9972,0.0852,0.2538,2.742,147.813,115.288544,8.6934,84.551,1.6515,334100.19387066126,0.017,0
2026-07-16T10:44:13Z,9.75,13.9955,17.46,0.9972,0.0852,0.2961,2.7269,147.813,115.285435,8.6993,84.561,1.6343,334068.36346707825,0.018,0
2026-07-16T10:44:13Z,9.755,13.9957,17.46,1.0544,0.0852,0.2961,2.7118,147.823,115.289805,8.7049,84.565,1.6532,334096.7426611575,0.019,0
2026-07-16T10:44:13Z,9.76,13.9954,17.46,1.0353,0.0852,0.2961,2.7118,147.832,115.294819,8.7089,84.572,1.6034,334140.6691418314,0.02,0
2026-07-16T10:44:13Z,9.766,13.9947,17.46,1.0659,0.0852,0.2961,2.7269,147.826,115.289813,8.7111,84.596,1.5692,334118.25811418873,0.02,0
2026-07-16T10:44:13Z,9.772,13.9936,17.55,1.0468,0.0852,0.1692,2.7571,147.815,115.281454,8.7123,84.649,1.6006,334079.3607437916,0.02,0
2026-07-16T10:44:13Z,9.777,13.9926,17.55,1.0506,0.0852,0.1692,2.3794,147.806,115.275512,8.7129,84.741,1.5916,334056.3893029902,0.019,0
2026-07-16T10:44:13Z,9.781,13.992,17.55,1.0353,0.0852,0.1692,2.4247,147.803,115.274402,8.7138,84.869,1.5795,334060.96309036395,0.018,0
2026-07-16T10:44:13Z,9.786,13.9917,17.55,1.0582,0.0852,0.1692,2.4852,147.821,115.289827,8.7163,85.018,1.5961,334182.74617551523,0.017,0
2026-07-16T10:44:13Z,9.789,13.9918,17.46,1.0277,0.0852,0.3807,2.4701,147.845,115.309902,8.7218,85.166,1.5696,334330.7530264682,0.017,0
2026-07-16T10:44:13Z,9.793,13.9922,17.46,0.8637,0.0852,0.3807,2.4247,147.841,115.307982,8.7312,85.294,1.5805,334307.7988873839,0.018,0
2026-07-16T10:44:13Z,9.798,13.9926,17.46,0.8789,0.0852,0.3807,2.5305,147.821,115.291554,8.7443,85.386,1.5878,334176.3377893184,0.02,0
2026-07-16T10:44:13Z,9.803,13.9931,17.46,0.8827,0.0852,0.3807,2.5305,147.82,115.288237,8.7595,85.435,1.6023,334140.7986334188,0.022,0
2026-07-16T10:44:13Z,9.808,13.9937,17.46,0.8599,0.0852,0.2115,2.4398,147.829,115.293144,8.7747,85.438,1.5489,334164.6126315016,0.024,0
2026-07-16T10:44:13Z,9.815,13.9939,17.46,0.9514,0.0852,0.2115,2.6513,147.84,115.299585,8.7878,85.4,1.5375,334208.4853831193,0.025,0
2026-07-16T10:44:13Z,9.823,13.9936,17.46,0.9209,0.0852,0.2115,2.7571,147.864,115.317278,8.7974,85.34,1.5097,334347.26091784576,0.026,0
2026-07-16T10:44:13Z,9.83,13.9928,17.46,0.9285,0.0852,0.2115,2.7269,147.891,115.338941,8.8026,85.291,1.5002,334526.5245176964,0.026,0
2026-07-16T10:44:13Z,9.837,13.9919,17.46,0.9362,0.0852,0.2115,2.7873,147.909,115.354352,8.803,85.285,1.4731,334661.2043279548,0.025,0
2026-07-16T10:44:13Z,9.843,13.9913,17.46,0.9438,0.1278,0.2538,2.6966,147.913,115.35962,8.7992,85.33,1.497,334713.5359716825,0.025,0
2026-07-16T10:44:13Z,9.848,13.9911,17.46,0.9171,0.1278,0.2538,2.6966,147.89,115.342151,8.7931,85.417,1.4921,334587.0736709193,0.024,0
2026-07-16T10:44:13Z,9.854,13.9913,17.46,0.9209,0.1278,0.2538,2.7873,147.841,115.303286,8.788,85.522,1.4805,334291.974302558,0.024,0
2026-07-16T10:44:13Z,9.86,13.9917,17.46,0.959,0.1278,0.2538,2.7571,147.813,115.278659,8.7872,85.625,1.5252,334099.20133453293,0.025,0
2026-07-16T10:44:13Z,9.866,13.9923,17.46,0.9438,0.1278,0.2115,2.9535,147.831,115.287702,8.7918,85.713,1.5074,334153.9441640406,0.026,0
2026-07-16T10:44:13Z,9.873,13.9926,17.46,0.9209,0.1278,0.2115,2.9232,147.859,115.304828,8.8007,85.768,1.512,334275.58672568435,0.027,0
2026-07-16T10:44:13Z,9.881,13.9924,17.46,0.9285,0.1278,0.2115,2.9081,147.854,115.298604,8.8116,85.779,1.4386,334233.32491200126,0.027,0
2026-07-16T10:44:13Z,9.889,13.9913,17.46,0.9094,0.1278,0.2115,2.9686,147.824,115.275369,8.8224,85.747,1.3756,334083.1733886513,0.026,0
2026-07-16T10:44:13Z,9.896,13.9896,17.55,0.856,0.0852,0.2538,2.6966,147.817,115.272927,8.8318,85.691,1.4193,334101.3929086066,0.025,0
2026-07-16T10:44:13Z,9.902,13.988,17.55,0.856,0.0852,0.2538,2.5758,147.833,115.288626,8.8378,85.637,1.4262,334253.15338948887,0.024,0
2026-07-16T10:44:13Z,9.907,13.9873,17.55,0.8942,0.0852,0.2538,2.742,147.836,115.292655,8.8391,85.604,1.467,334298.3229347448,0.022,0
2026-07-16T10:44:13Z,9.912,13.9875,17.55,0.8637,0.0852,0.2538,2.6664,147.845,115.300086,8.8357,85.598,1.4349,334349.6207804854,0.021,0
2026-07-16T10:44:13Z,9.917,13.9884,17.55,0.8866,0.0852,0.2538,2.6362,147.866,115.314903,8.8297,85.614,1.4252,334441.1515538834,0.021,0
2026-07-16T10:44:13Z,9.922,13.9895,17.55,0.8637,0.0852,0.1692,2.742,147.873,115.317058,8.824,85.638,1.3913,334433.6429254105,0.021,0
2026-07-16T10:44:13Z,9.928,13.9902,17.55,0.8599,0.0852,0.1692,2.5607,147.879,115.319123,8.8205,85.654,1.4153,334434.054222056,0.021,0
2026-07-16T10:44:13Z,9.933,13.9902,17.55,0.8904,0.0852,0.1692,2.742,147.89,115.325649,8.8198,85.655,1.3834,334482.8844717721,0.022,0
2026-07-16T10:44:13Z,9.94,13.9896,17.55,0.9934,0.0852,0.1692,2.6966,147.901,115.334376,8.8216,85.648,1.3846,334561.085605919,0.021,0
2026-07-16T10:44:13Z,9.945,13.9886,17.55,0.9857,0.1704,0.2538,2.7722,147.914,115.345633,8.8243,85.646,1.3151,334666.8380822478,0.02,0
2026-07-16T10:44:13Z,9.951,13.9875,17.55,0.9972,0.1704,0.2538,2.6815,147.894,115.33242,8.8261,85.659,1.3546,334591.5758153375,0.02,0
2026-07-16T10:44:13Z,9.955,13.987,17.55,1.001,0.1704,0.2538,2.7118,147.85,115.301216,8.8263,85.686,1.3481,334368.7979988535,0.019,0
2026-07-16T10:44:13Z,9.959,13.987,17.55,0.8789,0.1704,0.2538,2.7571,147.833,115.289698,8.8256,85.722,1.401,334282.62372089614,0.02,0
2026-07-16T10:44:13Z,9.963,13.9875,17.55,0.8713,0.0852,0.1692,2.7269,147.835,115.290793,8.8254,85.763,1.4037,334280.076675059,0.021,0
2026-07-16T10:44:13Z,9.969,13.9884,17.55,0.8904,0.0852,0.1692,2.6362,147.814,115.272797,8.8265,85.803,1.3619,334126.1478889795,0.023,0
2026-07-16T10:44:13Z,9.975,13.9893,17.55,0.837,0.0852,0.1692,2.6513,147.791,115.250908,8.8291,85.828,1.3596,333943.16446811735,0.026,0
2026-07-16T10:44:13Z,9.982,13.9898,17.55,0.9438,0.0852,0.1692,2.7269,147.801,115.255288,8.8327,85.83,1.3599,333965.18050237664,0.028,0
2026-07-16T10:44:13Z,9.991,13.9898,17.55,0.9133,0.1278,0.3384,2.6815,147.819,115.267106,8.8369,85.808,1.3114,334053.53709218616,0.029,0
2026-07-16T10:44:13Z,9.999,13.989,17.55,0.9323,0.1278,0.3384,2.742,147.828,115.273512,8.8412,85.773,1.2718,334118.6051363841,0.029,0
2026-07-16T10:44:13Z,10.007,13.9878,17.55,0.9514,0.1278,0.3384,2.6513,147.85,115.292216,8.8441,85.737,1.2972,334284.2627199099,0.028,0
2026-07-16T10:44:13Z,10.014,13.9866,17.55,0.8827,0.1278,0.3384,2.6664,147.877,115.316205,8.8445,85.705,1.2925,334489.5320051682,0.026,0
2026-07-16T10:44:13Z,10.02,13.9858,17.55,0.8827,0.1278,0.3384,2.7873,147.874,115.315879,8.8424,85.681,1.2777,334504.2805714447,0.025,0
2026-07-16T10:44:13Z,10.026,13.9857,17.73,0.8599,0.1278,0.2538,2.6966,147.861,115.307149,8.8388,85.679,1.2975,334441.09319721046,0.024,0
2026-07-16T10:44:13Z,10.031,13.9862,17.73,0.8599,0.1278,0.2538,2.606,147.882,115.323686,8.835,85.7,1.2866,334554.11179973977,0.023,0
2026-07-16T10:44:13Z,10.037,13.9871,17.73,0.8866,0.1278,0.2538,3.0592,147.898,115.335902,8.8315,85.714,1.2891,334626.2044166589,0.023,0
2026-07-16T10:44:13Z,10.043,13.988,17.73,0.8942,0.1278,0.2538,2.893,147.881,115.321054,8.8289,85.693,1.2586,334495.7266183082,0.023,0
2026-07-16T10:44:13Z,10.049,13.9885,17.64,0.8675,0.1278,0.3384,2.9535,147.873,115.313182,8.8286,85.646,1.2627,334426.07396791386,0.022,0
2026-07-16T10:44:13Z,10.055,13.9886,17.64,0.8713,0.1278,0.3384,2.9686,147.898,115.332186,8.8307,85.593,1.257,334566.14169749565,0.022,0
2026-07-16T10:44:13Z,10.06,13.9884,17.64,0.7683,0.1278,0.3384,2.6966,147.931,115.357135,8.8322,85.541,1.2467,334757.2042073905,0.022,0
2026-07-16T10:44:13Z,10.065,13.9879,17.64,0.7492,0.1278,0.3384,2.6664,147.948,115.368682,8.8301,85.492,1.2796,334854.41904556117,0.023,0
2026-07-16T10:44:13Z,10.071,13.9874,17.64,0.7797,0.0852,0.2538,2.5909,147.949,115.365906,8.8254,85.448,1.2891,334844.384007907,0.023,0
2026-07-16T10:44:13Z,10.076,13.987,17.64,0.7149,0.0852,0.2538,2.6815,147.942,115.356068,8.82,85.414,1.2658,334779.31626548857,0.024,0
2026-07-16T10:44:13Z,10.083,13.9867,17.64,0.8026,0.0852,0.2538,2.6211,147.954,115.362542,8.8147,85.399,1.214,334834.24480875826,0.025,0
2026-07-16T10:44:13Z,10.09,13.9861,17.64,0.8217,0.0852,0.2538,2.742,147.985,115.385055,8.8097,85.409,1.1874,335015.7712825264,0.025,0
2026-07-16T10:44:13Z,10.097,13.9851,17.64,0.8179,0.0852,0.2538,2.7269,148.001,115.39761,8.8054,85.432,1.189,335131.35721445084,0.025,0
2026-07-16T10:44:13Z,10.104,13.9836,17.64,0.7874,0.0426,0.2538,2.7118,147.997,115.395558,8.8021,85.459,1.1895,335148.2742870068,0.024,0
2026-07-16T10:44:13Z,10.11,13.9825,17.64,0.7836,0.0426,0.2538,2.6362,147.996,115.394351,8.8009,85.484,1.1978,335162.91276078403,0.023,0
2026-07-16T10:44:13Z,10.115,13.982,17.64,0.8217,0.0426,0.2538,2.7269,148.004,115.399665,8.8019,85.502,1.1988,335213.50254676904,0.022,0
2026-07-16T10:44:13Z,10.12,13.9821,17.64,0.8293,0.0426,0.2538,2.7873,148.011,115.402918,8.8043,85.508,1.1952,335235.7274563549,0.022,0
2026-07-16T10:44:13Z,10.125,13.9823,17.64,0.7988,0.0852,0.1692,2.6966,148.003,115.392979,8.8071,85.501,1.1723,335156.9317865969,0.022,0
2026-07-16T10:44:13Z,10.131,13.9823,17.64,0.8789,0.0852,0.1692,2.9232,147.968,115.363195,8.8097,85.485,1.1942,334933.77873263427,0.022,0
2026-07-16T10:44:13Z,10.137,13.9819,17.64,0.8827,0.0852,0.1692,2.9232,147.934,115.335624,8.8116,85.464,1.1632,334735.88917911454,0.022,0
2026-07-16T10:44:13Z,10.144,13.9811,17.64,0.856,0.0852,0.1692,2.9535,147.929,115.332912,8.8123,85.436,1.18,334732.78320121986,0.022,0
2026-07-16T10:44:13Z,10.149,13.98,17.73,0.8904,0.1704,0.2115,2.8024,147.94,115.342337,8.8118,85.407,1.1619,334827.0243165737,0.021,0
2026-07-16T10:44:13Z,10.154,13.9791,17.73,0.8522,0.1704,0.2115,2.7118,147.939,115.342413,8.8104,85.386,1.1424,334846.95312385424,0.021,0
2026-07-16T10:44:13Z,10.159,13.9788,17.73,0.8522,0.1704,0.2115,2.5607,147.933,115.33716,8.8082,85.375,1.1506,334814.06038377865,0.02,0
2026-07-16T10:44:13Z,10.164,13.9789,17.73,0.8484,0.1704,0.2115,2.7118,147.924,115.329178,8.8053,85.373,1.1511,334752.1273246957,0.02,0
2026-07-16T10:44:13Z,10.168,13.9793,17.64,0.8751,0.0852,0.2115,2.7571,147.911,115.316337,8.8022,85.378,1.1501,334647.368386116,0.02,0
2026-07-16T10:44:13Z,10.173,13.9796,17.64,0.9285,0.0852,0.2115,2.6966,147.909,115.311213,8.8,85.38,1.1461,334602.5524132542,0.021,0
2026-07-16T10:44:13Z,10.179,13.9796,17.64,0.9094,0.0852,0.2115,2.6513,147.913,115.31244,8.7989,85.367,1.1685,334611.736760409,0.021,0
2026-07-16T10:44:13Z,10.185,13.9792,17.64,0.9094,0.0852,0.2115,2.742,147.919,115.316343,8.7988,85.34,1.0553,334649.55666474643,0.021,0
2026-07-16T10:44:13Z,10.191,13.9782,17.64,0.9247,0.0852,0.2115,2.7269,147.928,115.323965,8.7995,85.314,1.1232,334728.13221162424,0.02,0
2026-07-16T10:44:13Z,10.196,13.9772,17.73,0.7874,0.0852,0.2538,2.7269,147.934,115.329338,8.7999,85.303,1.1357,334789.8784766502,0.019,0
2026-07-16T10:44:13Z,10.201,13.9765,17.73,0.8141,0.0852,0.2538,2.7269,147.932,115.329895,8.7987,85.318,1.1379,334809.10639697517,0.017,0
2026-07-16T10:44:13Z,10.205,13.9762,17.73,0.8065,0.0852,0.2538,2.7118,147.919,115.321785,8.796,85.364,1.1479,334754.8158814066,0.016,0
2026-07-16T10:44:13Z,10.208,13.9763,17.73,0.8141,0.0852,0.2538,2.6664,147.909,115.314845,8.7933,85.438,1.1534,334700.68924103037,0.014,0
2026-07-16T10:44:13Z,10.211,13.9767,17.73,0.8065,0.0852,0.1269,2.6815,147.925,115.327223,8.7921,85.524,1.1335,334784.7869439436,0.014,0
2026-07-16T10:44:13Z,10.215,13.9773,17.73,0.8026,0.0852,0.1269,2.6966,147.945,115.342221,8.7935,85.6,1.1379,334884.2188963697,0.013,0
2026-07-16T10:44:13Z,10.218,13.9779,17.73,0.837,0.0852,0.1269,2.6966,147.947,115.343839,8.7981,85.649,1.1139,334883.42777544766,0.013,0
2026-07-16T10:44:13Z,10.222,13.9782,17.73,0.8141,0.0852,0.1269,2.6815,147.969,115.360507,8.8057,85.666,1.0733,335001.842178025,0.013,0
2026-07-16T10:44:13Z,10.225,13.9783,17.73,0.8103,0.0852,0.2115,2.7269,148.008,115.39067,8.8146,85.651,1.1069,335225.7290750878,0.013,0
2026-07-16T10:44:13Z,10.228,13.9782,17.73,0.795,0.0852,0.2115,2.7269,148.004,115.388374,8.8224,85.607,1.1057,335210.6721704192,0.012,0
2026-07-16T10:44:13Z,10.231,13.978,17.73,0.795,0.0852,0.2115,2.6664,147.96,115.355006,8.8275,85.542,1.0761,334964.9279291639,0.012,0
2026-07-16T10:44:13Z,10.234,13.9779,17.73,0.8065,0.0852,0.2115,2.7118,147.919,115.323667,8.8292,85.475,1.1002,334732.3358856514,0.011,0
2026-07-16T10:44:13Z,10.237,13.9779,17.73,0.8637,0.1278,0.2115,2.7269,147.89,115.302,8.8277,85.423,1.1057,334570.09780723864,0.012,0
2026-07-16T10:44:13Z,10.24,13.9781,17.73,0.8637,0.1278,0.2115,2.6664,147.867,115.284226,8.8231,85.401,1.0829,334432.74792504025,0.012,0
2026-07-16T10:44:13Z,10.243,13.9783,17.73,0.8713,0.1278,0.2115,2.7571,147.856,115.273606,8.8164,85.417,1.085,334348.9684585393,0.013,0
2026-07-16T10:44:13Z,10.246,13.9787,17.73,0.8713,0.1278,0.2115,2.7118,147.864,115.275307,8.8094,85.464,1.0945,334353.1039978186,0.015,0
2026-07-16T10:44:13Z,10.25,13.979,17.73,0.8713,0.1278,0.2115,2.9535,147.885,115.285783,8.804,85.53,1.0698,334425.0592801064,0.016,0
2026-07-16T10:44:13Z,10.254,13.9791,17.73,0.837,0.0852,0.2538,3.0139,147.904,115.295828,8.8018,85.598,1.0717,334498.09493178845,0.016,0
2026-07-16T10:44:13Z,10.259,13.9784,17.73,0.9094,0.0852,0.2538,2.9384,147.908,115.296119,8.8035,85.655,1.0682,334515.31553280045,0.016,0
2026-07-16T10:44:13Z,10.264,13.9769,17.73,0.8637,0.0852,0.2538,2.9535,147.896,115.286735,8.8087,85.689,1.0382,334477.3057525415,0.016,0
2026-07-16T10:44:13Z,10.268,13.9748,17.73,0.8026,0.0852,0.2538,2.6362,147.882,115.277173,8.8158,85.696,1.0587,334450.85644235386,0.016,0
2026-07-16T10:44:13Z,10.272,13.9731,17.73,0.8065,0.0852,0.0846,2.7269,147.876,115.272883,8.8232,85.677,1.0471,334455.27408470016,0.015,0
2026-07-16T10:44:13Z,10.275,13.9724,17.73,0.8141,0.0852,0.0846,2.6815,147.874,115.27272,8.8292,85.642,1.0412,334469.0964660552,0.014,0
2026-07-16T10:44:13Z,10.278,13.9724,17.73,0.8065,0.0852,0.0846,2.7269,147.888,115.284642,8.8327,85.603,1.0874,334558.35409756127,0.014,0
2026-07-16T10:44:13Z,10.282,13.9727,17.73,0.8217,0.0852,0.0846,2.7269,147.918,115.307827,8.8334,85.565,1.0484,334725.52545993746,0.015,0
2026-07-16T10:44:13Z,10.285,13.973,17.73,0.8065,0.0852,0.0846,2.6664,147.941,115.324459,8.8314,85.529,1.0544,334843.6530442791,0.016,0
2026-07-16T10:44:13Z,10.289,13.9733,17.73,0.7874,0.0852,0.0846,2.7571,147.947,115.326974,8.8277,85.485,1.0521,334856.0374173941,0.018,0
2026-07-16T10:44:13Z,10.294,13.9736,17.73,0.7988,0.0852,0.0846,2.6966,147.948,115.324043,8.8236,85.432,1.0366,334827.62413912587,0.019,0
2026-07-16T10:44:13Z,10.3,13.9737,17.73,0.9209,0.0852,0.0846,2.9837,147.947,115.318883,8.8197,85.384,1.0286,334786.8185496229,0.02,0
2026-07-16T10:44:13Z,10.306,13.9733,17.73,0.9209,0.0852,0.0846,2.893,147.939,115.310117,8.8161,85.34,1.0067,334729.76288921735,0.02,0
2026-07-16T10:44:13Z,10.311,13.9724,17.73,0.9705,0.0852,0.2115,2.8628,147.946,115.315407,8.8117,85.3,0.96511,334788.74279940897,0.019,0
2026-07-16T10:44:13Z,10.316,13.9711,17.73,0.9438,0.0852,0.2115,2.9535,147.97,115.336163,8.8065,85.275,1.0038,334972.2197041456,0.017,0
2026-07-16T10:44:13Z,10.32,13.9698,17.73,0.9285,0.0852,0.2115,2.6966,147.978,115.345923,8.8017,85.272,0.95635,335073.3484867002,0.014,0
2026-07-16T10:44:13Z,10.323,13.9689,17.73,0.8713,0.0852,0.2115,2.6513,147.976,115.347289,8.7973,85.289,1.0025,335102.96546036104,0.012,0
2026-07-16T10:44:13Z,10.325,13.9689,17.64,0.8675,0.0852,0.2538,2.7571,147.994,115.364625,8.7933,85.322,1.0199,335232.9242159096,0.01,0
2026-07-16T10:44:13Z,10.327,13.9696,17.64,0.8637,0.0852,0.2538,2.7118,148.007,115.376554,8.7906,85.365,1.0166,335307.2843829876,0.008,0
2026-07-16T10:44:13Z,10.328,13.9707,17.64,0.8751,0.0852,0.2538,2.6513,147.975,115.352259,8.7901,85.412,1.0014,335101.4554380218,0.007,0
2026-07-16T10:44:13Z,10.33,13.9719,17.64,0.8141,0.0852,0.2538,2.9232,147.936,115.32326,8.7916,85.468,0.96658,334858.3213129443,0.007,0
2026-07-16T10:44:13Z,10.331,13.9728,17.64,0.8141,0.1278,0.2115,2.9535,147.936,115.323821,8.7948,85.534,0.96511,334843.1585233395,0.008,0
2026-07-16T10:44:13Z,10.333,13.9734,17.64,0.8141,0.1278,0.2115,2.9988,147.946,115.332095,8.7991,85.595,1.0054,334892.23339884344,0.009,0
2026-07-16T10:44:13Z,10.335,13.9738,17.64,0.7797,0.1278,0.2115,2.9988,147.941,115.328287,8.8038,85.643,1.0339,334855.0976432014,0.01,0
2026-07-16T10:44:13Z,10.338,13.9742,17.64,0.9133,0.1278,0.2115,2.9988,147.942,115.329382,8.8096,85.677,1.0111,334854.69297685707,0.011,0
2026-07-16T10:44:13Z,10.341,13.9744,17.64,0.9323,0.1278,0.2538,2.8326,147.951,115.337672,8.8164,85.697,0.9415,334912.49360990344,0.011,0
2026-07-16T10:44:13Z,10.345,13.9745,17.64,0.9285,0.1278,0.2538,2.8779,147.971,115.355367,8.8227,85.702,0.91091,335042.9258133206,0.011,0
2026-07-16T10:44:13Z,10.348,13.9744,17.64,0.9438,0.1278,0.2538,2.8779,148.011,115.389186,8.8276,85.689,0.95261,335298.56858401845,0.011,0
2026-07-16T10:44:13Z,10.35,13.9745,17.64,0.9362,0.1278,0.2538,2.6966,148.033,115.408149,8.8311,85.661,0.93864,335438.6013674409,0.01,0
2026-07-16T10:44:13Z,10.352,13.9749,17.64,0.9133,0.1278,0.2538,2.7722,148.027,115.405314,8.8331,85.628,0.9626,335408.7201652962,0.009,0
2026-07-16T10:44:13Z,10.354,13.9757,17.64,0.9438,0.0852,0.2115,2.6815,148.03,115.407923,8.8333,85.6,0.92266,335411.0421435513,0.008,0
2026-07-16T10:44:13Z,10.356,13.9765,17.64,0.9056,0.0852,0.2115,2.7269,148.031,115.408673,8.8319,85.576,0.97354,335399.42452220304,0.007,0
2026-07-16T10:44:13Z,10.358,13.9773,17.64,0.8789,0.0852,0.2115,2.6513,148.003,115.385764,8.8288,85.558,0.92407,335210.4430819569,0.007,0
2026-07-16T10:44:13Z,10.36,13.9778,17.64,0.8789,0.0852,0.2115,2.7269,147.965,115.355087,8.8254,85.556,0.97122,334969.78968961496,0.008,0
2026-07-16T10:44:13Z,10.361,13.978,17.64,0.8637,0.0852,0.2115,2.6664,147.952,115.34246,8.8224,85.572,0.91866,334870.890934301,0.009,0
2026-07-16T10:44:13Z,10.363,13.978,17.64,0.8789,0.0852,0.2115,2.7269,147.954,115.340515,8.8199,85.604,0.97884,334856.32087115763,0.01,0
2026-07-16T10:44:13Z,10.366,13.9777,17.64,0.9171,0.0852,0.2115,2.8628,147.948,115.332733,8.8182,85.64,0.93966,334804.48483991966,0.011,0
2026-07-16T10:44:13Z,10.37,13.9771,17.64,0.9438,0.0852,0.2115,2.9837,147.936,115.321041,8.8181,85.668,0.91767,334729.82280032313,0.012,0
2026-07-16T10:44:13Z,10.374,13.9763,17.64,0.9094,0.0852,0.2115,2.9686,147.94,115.322318,8.8199,85.688,0.9125,334756.5912261,0.012,0
2026-07-16T10:44:13Z,10.377,13.9753,17.64,0.9209,0.0852,0.2115,2.9384,147.974,115.348904,8.8234,85.707,0.91547,334977.2642956994,0.012,0
2026-07-16T10:44:13Z,10.38,13.9743,17.64,0.8026,0.0852,0.2115,2.7269,148.02,115.385891,8.8273,85.722,0.92467,335276.007701306,0.011,0
2026-07-16T10:44:13Z,10.382,13.9733,17.64,0.8217,0.0852,0.2115,2.742,148.031,115.395142,8.8304,85.718,0.91647,335366.91421573545,0.011,0
2026-07-16T10:44:13Z,10.384,13.9728,17.64,0.8179,0.0852,0.2115,2.6211,148.001,115.371127,8.8326,85.693,0.90893,335197.6379724501,0.011,0
2026-07-16T10:44:13Z,10.387,13.9728,17.64,0.8141,0.0852,0.2115,2.6362,147.973,115.347439,8.8345,85.664,0.90893,335020.09601558995,0.012,0
2026-07-16T10:44:13Z,10.39,13.9731,17.64,0.9362,0.0852,0.2115,2.7118,147.968,115.33976,8.836,85.643,0.91508,334956.09637493547,0.013,0
2026-07-16T10:44:13Z,10.393,13.9733,17.64,0.9247,0.0852,0.2115,2.6664,147.978,115.342044,8.8355,85.615,0.90696,334968.9042902711,0.014,0
2026-07-16T10:44:13Z,10.397,13.9731,17.64,0.9247,0.0852,0.2115,2.7571,147.993,115.346898,8.8329,85.564,0.91767,335009.57996680116,0.015,0
2026-07-16T10:44:13Z,10.401,13.9724,17.64,0.94,0.0852,0.1692,2.6966,148.008,115.351618,8.8302,85.49,0.89716,335060.019567576,0.016,0
2026-07-16T10:44:13Z,10.406,13.971,17.64,0.8713,0.0852,0.1692,2.7269,148.012,115.349461,8.8283,85.408,0.88804,335073.994541692,0.016,0
2026-07-16T10:44:13Z,10.41,13.9692,17.64,0.8599,0.0852,0.1692,2.7118,147.98,115.319853,8.8258,85.322,0.89056,334890.86434489186,0.016,0
2026-07-16T10:44:13Z,10.414,13.967,17.64,0.8904,0.0852,0.1692,2.8477,147.925,115.274898,8.8208,85.23,0.87578,334601.43428046466,0.016,0
2026-07-16T10:44:13Z,10.418,13.9647,17.64,0.8484,0.1278,0.2115,2.6966,147.915,115.266605,8.8137,85.125,0.88785,334588.7795748621,0.016,0
2026-07-16T10:44:13Z,10.422,13.9627,17.64,0.8522,0.1278,0.2115,2.6664,147.963,115.304761,8.8056,85.008,0.89056,334917.6625364057,0.016,0
2026-07-16T10:44:13Z,10.426,13.9613,17.64,0.8713,0.1278,0.2115,2.7269,148.016,115.347543,8.797,84.89,0.91091,335268.5394262284,0.017,0
2026-07-16T10:44:13Z,10.43,13.9606,17.64,0.8599,0.1278,0.2115,2.6966,148.04,115.366364,8.7876,84.788,0.88132,335424.7908782352,0.018,0
2026-07-16T10:44:13Z,10.434,13.9605,17.64,0.8866,0.0852,0.2115,2.6815,148.04,115.36624,8.7768,84.724,0.90009,335426.0144809986,0.019,0
2026-07-16T10:44:13Z,10.44,13.9607,17.64,0.8065,0.0852,0.2115,2.8175,148.057,115.379139,8.7648,84.709,0.89094,335518.47180949553,0.02,0
2026-07-16T10:44:13Z,10.446,13.9611,17.64,0.7912,0.0852,0.2115,2.5909,148.09,115.406499,8.7525,84.741,0.87464,335715.1554013936,0.02,0
2026-07-16T10:44:13Z,10.452,13.9613,17.64,0.8065,0.0852,0.2115,2.6664,148.084,115.405618,8.7419,84.807,0.84604,335704.2255928851,0.02,0
2026-07-16T10:44:13Z,10.457,13.9612,17.64,0.8141,0.0852,0.2115,2.7571,148.038,115.374261,8.7354,84.883,0.88862,335471.08684874326,0.018,0
2026-07-16T10:44:13Z,10.462,13.9611,17.73,0.9896,0.0852,0.2538,2.7269,147.991,115.342067,8.7338,84.952,0.83653,335231.7693787262,0.017,0
2026-07-16T10:44:13Z,10.465,13.9617,17.73,0.9934,0.0852,0.2538,2.6362,147.963,115.324448,8.737,84.999,0.80217,335086.73999926815,0.015,0
2026-07-16T10:44:13Z,10.468,13.9629,17.73,1.0201,0.0852,0.2538,2.6211,147.949,115.316707,8.7436,85.016,0.78715,335002.87252551527,0.014,0
2026-07-16T10:44:13Z,10.471,13.9644,17.73,1.0086,0.0852,0.2538,2.7269,147.94,115.31278,8.7511,85.012,0.86726,334941.1480190016,0.013,0
2026-07-16T10:44:13Z,10.474,13.966,17.64,0.8713,0.1278,0.2115,2.6966,147.941,115.315619,8.758,85.007,0.86952,334927.9836580574,0.014,0
2026-07-16T10:44:13Z,10.477,13.9674,17.64,0.8408,0.1278,0.2115,2.6815,147.94,115.317982,8.7625,85.02,0.80305,334915.5570868015,0.014,0
2026-07-16T10:44:13Z,10.481,13.9685,17.64,0.8522,0.1278,0.2115,2.7571,147.925,115.3085,8.764,85.063,0.80532,334820.8396990709,0.015,0
2026-07-16T10:44:13Z,10.486,13.9693,17.64,0.8751,0.1278,0.2115,2.742,147.898,115.288643,8.7635,85.133,0.84109,334654.88840307493,0.016,0
2026-07-16T10:44:13Z,10.491,13.9702,17.73,0.9972,0.0852,0.2538,2.8628,147.888,115.281117,8.7629,85.214,0.82911,334579.1735771253,0.016,0
2026-07-16T10:44:13Z,10.495,13.9711,17.73,1.0086,0.0852,0.2538,2.6966,147.907,115.295913,8.764,85.291,0.77274,334670.6233831682,0.016,0
2026-07-16T10:44:13Z,10.499,13.9719,17.73,0.9857,0.0852,0.2538,2.6966,147.918,115.304977,8.7683,85.354,0.80357,334721.3018446378,0.016,0
2026-07-16T10:44:13Z,10.503,13.9723,17.73,0.9934,0.0852,0.2538,2.7571,147.898,115.290729,8.7754,85.392,0.82731,334605.99551145296,0.015,0
2026-07-16T10:44:13Z,10.506,13.9725,17.73,0.8637,0.0852,0.2538,2.6513,147.858,115.261368,8.7838,85.399,0.77797,334381.880358439,0.016,0
2026-07-16T10:44:13Z,10.51,13.9725,17.64,0.8751,0.1278,0.2115,2.8628,147.83,115.241063,8.7917,85.371,0.79437,334229.915429066,0.016,0
2026-07-16T10:44:13Z,10.514,13.9726,17.64,0.8751,0.1278,0.2115,2.6211,147.844,115.252398,8.7981,85.313,0.80479,334312.5920215826,0.018,0
2026-07-16T10:44:13Z,10.518,13.973,17.64,0.8751,0.1278,0.2115,2.7571,147.863,115.266397,8.802,85.243,0.79385,334408.7753312761,0.019,0
2026-07-16T10:44:13Z,10.524,13.9736,17.64,0.9362,0.1278,0.2115,3.0441,147.859,115.262795,8.8026,85.174,0.77073,334368.92058189854,0.02,0
2026-07-16T10:44:13Z,10.529,13.9741,17.73,0.9209,0.0852,0.2115,2.893,147.877,115.276629,8.7996,85.119,0.78306,334461.7256940524,0.021,0
2026-07-16T10:44:13Z,10.535,13.9743,17.73,0.9476,0.0852,0.2115,2.9081,147.918,115.307587,8.7936,85.09,0.75466,334689.2191927975,0.021,0
2026-07-16T10:44:13Z,10.541,13.9741,17.73,0.9323,0.0852,0.2115,2.893,147.947,115.327928,8.7864,85.095,0.76439,334845.8736380462,0.021,0
2026-07-16T10:44:13Z,10.546,13.9739,17.73,0.8789,0.0852,0.2115,2.3945,147.959,115.335077,8.7793,85.134,0.74569,334903.73212878476,0.02,0
2026-07-16T10:44:13Z,10.55,13.9738,17.73,0.8713,0.0852,0.2115,2.4701,147.96,115.334938,8.7737,85.195,0.72808,334904.84109030187,0.02,0
2026-07-16T10:44:13Z,10.555,13.9734,17.73,0.8637,0.0852,0.2115,2.5305,147.968,115.339474,8.7708,85.262,0.76423,334947.43257005274,0.02,0
2026-07-16T10:44:13Z,10.56,13.9727,17.73,0.8522,0.0852,0.2115,2.3945,147.975,115.341896,8.7714,85.321,0.7634,334980.64528763684,0.021,0
2026-07-16T10:44:13Z,10.565,13.9721,17.73,0.9133,0.0852,0.2115,2.7722,147.956,115.32285,8.7755,85.36,0.75057,334850.8549831847,0.022,0
2026-07-16T10:44:13Z,10.571,13.9716,17.73,0.9438,0.0852,0.1692,2.7118,147.92,115.289256,8.7819,85.373,0.72524,334609.9893847216,0.024,0
2026-07-16T10:44:13Z,10.577,13.9711,17.73,0.9438,0.0852,0.1692,2.7269,147.894,115.264154,8.7889,85.364,0.72792,334432.7905925362,0.025,0
2026-07-16T10:44:13Z,10.585,13.9702,17.73,0.9362,0.0852,0.1692,2.6815,147.878,115.248851,8.7952,85.334,0.68228,334337.5759250757,0.026,0
2026-07-16T10:44:13Z,10.592,13.9687,17.73,0.9171,0.0852,0.1692,2.3945,147.866,115.239264,8.7994,85.279,0.67564,334298.04119366116,0.025,0
2026-07-16T10:44:13Z,10.599,13.9668,17.73,0.9247,0.0852,0.1692,2.5003,147.862,115.236837,8.8012,85.19,0.69168,334320.6903320797,0.024,0
2026-07-16T10:44:13Z,10.605,13.9651,17.73,0.9171,0.0852,0.1692,2.5154,147.855,115.232924,8.8005,85.068,0.67593,334327.9211938048,0.023,0
2026-07-16T10:44:13Z,10.61,13.9641,17.73,0.9323,0.0852,0.1692,2.3945,147.856,115.23448,8.7976,84.93,0.68495,334361.05408635404,0.022,0
2026-07-16T10:44:13Z,10.615,13.964,17.73,0.9362,0.0852,0.1692,2.5003,147.873,115.245922,8.792,84.801,0.68689,334448.8673097123,0.021,0
2026-07-16T10:44:13Z,10.62,13.9644,17.73,0.9285,0.0852,0.1692,2.4549,147.887,115.2543,8.7828,84.698,0.67991,334503.0011545023,0.02,0
2026-07-16T10:44:13Z,10.625,13.9648,17.73,0.9285,0.0852,0.2961,2.5003,147.885,115.249849,8.7701,84.628,0.66356,334461.072175798,0.019,0
2026-07-16T10:44:13Z,10.63,13.965,17.73,0.9285,0.0852,0.2961,2.5456,147.884,115.24738,8.7559,84.594,0.64944,334438.2850580574,0.018,0
2026-07-16T10:44:13Z,10.635,13.9646,17.73,0.9247,0.0852,0.2961,2.6966,147.909,115.266235,8.7426,84.588,0.64859,334588.0744786959,0.017,0
2026-07-16T10:44:13Z,10.64,13.9636,17.73,0.9323,0.0852,0.2961,2.6664,147.925,115.279444,8.7322,84.599,0.67008,334708.51877652935,0.016,0
2026-07-16T10:44:13Z,10.644,13.9626,17.82,0.9323,0.1278,0.2961,2.5758,147.903,115.262528,8.7252,84.616,0.65113,334603.3133488716,0.015,0
2026-07-16T10:44:13Z,10.647,13.9621,17.82,0.9285,0.1278,0.2961,2.7118,147.878,115.242978,8.7217,84.625,0.64186,334467.65016170806,0.014,0
2026-07-16T10:44:13Z,10.65,13.962,17.82,0.8751,0.1278,0.2961,2.5003,147.875,115.239577,8.7211,84.618,0.65426,334444.3315320281,0.013,0
2026-07-16T10:44:13Z,10.653,13.9621,17.82,0.8713,0.1278,0.2961,2.4549,147.875,115.23942,8.7223,84.588,0.65753,334441.00536352745,0.013,0
2026-07-16T10:44:13Z,10.656,13.9622,17.82,0.8904,0.1278,0.2961,2.4701,147.889,115.250465,8.724,84.545,0.6534,334521.5638557016,0.012,0
2026-07-16T10:44:13Z,10.66,13.9621,17.73,0.8522,0.1278,0.2538,2.3341,147.916,115.271656,8.725,84.504,0.64902,334682.43425223784,0.012,0
2026-07-16T10:44:13Z,10.663,13.9619,17.73,0.8637,0.1278,0.2538,2.7571,147.912,115.268647,8.7242,84.466,0.62902,334664.1942436702,0.013,0
2026-07-16T10:44:13Z,10.666,13.9618,17.73,0.9018,0.1278,0.2538,2.6664,147.871,115.236635,8.7212,84.427,0.63672,334426.59474377293,0.013,0
2026-07-16T10:44:13Z,10.669,13.9618,17.73,0.8599,0.1278,0.2538,2.7571,147.833,115.207082,8.7168,84.378,0.62643,334205.35439343285,0.013,0
2026-07-16T10:44:13Z,10.672,13.9618,17.73,0.8713,0.0852,0.2115,2.7269,147.826,115.200106,8.7125,84.32,0.62943,334153.14256335195,0.014,0
2026-07-16T10:44:13Z,10.676,13.9619,17.73,1.001,0.0852,0.2115,2.8024,147.831,115.201847,8.7087,84.254,0.62657,334164.0231234872,0.015,0
2026-07-16T10:44:13Z,10.68,13.9619,17.73,1.0353,0.0852,0.2115,2.7118,147.836,115.204769,8.7046,84.183,0.63162,334185.8905102416,0.016,0
2026-07-16T10:44:13Z,10.684,13.9618,17.73,0.9934,0.0852,0.2115,2.7269,147.866,115.229652,8.6996,84.116,0.63977,334374.3038344883,0.016,0
2026-07-16T10:44:13Z,10.688,13.9614,17.73,1.001,0.0852,0.2538,2.7269,147.915,115.27113,8.6937,84.069,0.63286,334693.5396050765,0.016,0
2026-07-16T10:44:13Z,10.693,13.9607,17.73,0.9476,0.0852,0.2538,2.5003,147.946,115.300266,8.687,84.055,0.61137,334926.9196711843,0.016,0
2026-07-16T10:44:13Z,10.697,13.9603,17.73,0.9285,0.0852,0.2538,2.4701,147.962,115.316831,8.6798,84.077,0.61832,335059.69657534483,0.015,0
2026-07-16T10:44:13Z,10.701,13.9608,17.73,0.9438,0.0852,0.2538,2.3794,147.968,115.325242,8.6728,84.131,0.62643,335111.9840515205,0.015,0
2026-07-16T10:44:13Z,10.704,13.962,17.73,0.9285,0.0852,0.1269,2.4247,147.969,115.327743,8.6677,84.205,0.62643,335104.88868091634,0.015,0
2026-07-16T10:44:13Z,10.708,13.9636,17.73,0.8522,0.0852,0.1269,2.4247,147.98,115.337,8.6659,84.283,0.63382,335139.8273233914,0.015,0
2026-07-16T10:44:13Z,10.711,13.965,17.73,0.8713,0.0852,0.1269,2.5607,147.982,115.337482,8.6679,84.366,0.63438,335113.28757621633,0.015,0
2026-07-16T10:44:13Z,10.715,13.9662,17.73,0.8942,0.0852,0.1269,2.5154,147.951,115.311318,8.6733,84.456,0.61443,334891.35577555135,0.015,0
2026-07-16T10:44:13Z,10.719,13.9669,17.73,0.8637,0.0852,0.1269,2.4096,147.915,115.281529,8.6807,84.556,0.63245,334653.1291741676,0.016,0
2026-07-16T10:44:13Z,10.724,13.967,17.73,0.8484,0.0852,0.2538,2.4852,147.891,115.262172,8.6888,84.66,0.61966,334506.0161961197,0.016,0
2026-07-16T10:44:13Z,10.728,13.9666,17.73,0.8751,0.0852,0.2538,2.5607,147.857,115.236085,8.6974,84.76,0.60424,334319.3083971599,0.015,0
2026-07-16T10:44:13Z,10.732,13.966,17.73,0.8827,0.0852,0.2538,2.4701,147.833,115.21630999999999,8.7068,84.849,0.62657,334184.1894661544,0.015,0
2026-07-16T10:44:13Z,10.736,13.9655,17.73,0.8522,0.0852,0.2538,2.4247,147.853,115.229573,8.7172,84.919,0.6143,334294.193130372,0.015,0
2026-07-16T10:44:13Z,10.739,13.9653,17.73,0.9362,0.1278,0.1692,2.4549,147.889,115.255411,8.728,84.955,0.6159,334491.92785102676,0.015,0
2026-07-16T10:44:13Z,10.743,13.9653,17.73,0.9438,0.1278,0.1692,2.5003,147.899,115.260717,8.7383,84.938,0.62317,334531.6587414169,0.015,0
2026-07-16T10:44:13Z,10.747,13.965,17.73,0.9323,0.1278,0.1692,2.5607,147.888,115.250904,8.7476,84.868,0.58677,334464.62573877955,0.014,0
2026-07-16T10:44:13Z,10.751,13.9643,17.73,0.94,0.1278,0.1692,2.5003,147.873,115.239354,8.7549,84.756,0.59784,334393.19134920946,0.013,0
2026-07-16T10:44:13Z,10.755,13.9634,17.73,0.8599,0.0852,0.2115,2.319,147.848,115.21899,8.7587,84.621,0.59914,334260.0832989866,0.012,0
2026-07-16T10:44:13Z,10.758,13.9626,17.73,0.8942,0.0852,0.2115,2.2435,147.821,115.196378,8.7572,84.483,0.6139,334108.0316581208,0.011,0
2026-07-16T10:44:13Z,10.76,13.9622,17.73,0.8599,0.0852,0.2115,2.1679,147.815,115.18949,8.75,84.359,0.57453,334065.07626489515,0.009,0
2026-07-16T10:44:13Z,10.762,13.9621,17.73,0.837,0.0852,0.2115,2.2132,147.826,115.196487,8.7385,84.256,0.57854,334119.5816157843,0.008,0
2026-07-16T10:44:13Z,10.763,13.9618,17.73,0.9362,0.0852,0.2115,2.4549,147.841,115.207235,8.7246,84.181,0.60201,334206.46278967254,0.007,0
2026-07-16T10:44:13Z,10.765,13.9614,17.73,0.9171,0.0852,0.2115,2.4398,147.851,115.212603,8.7105,84.131,0.57179,334255.2339808848,0.007,0
2026-07-16T10:44:13Z,10.766,13.9608,17.73,0.9094,0.0852,0.2115,2.4096,147.837,115.198022,8.6978,84.096,0.61577,334158.9845568802,0.007,0
2026-07-16T10:44:13Z,10.768,13.9603,17.73,0.9094,0.0852,0.2115,2.4549,147.799,115.163603,8.6873,84.066,0.5968,333912.1744826801,0.008,0
2026-07-16T10:44:13Z,10.77,13.9598,17.73,0.9323,0.0852,0.2115,2.4701,147.769,115.134166,8.6797,84.041,0.6147,333702.72463468724,0.009,0
2026-07-16T10:44:13Z,10.772,13.959,17.73,0.9362,0.1278,0.2115,2.5003,147.767,115.127859,8.6747,84.016,0.59602,333672.7166913623,0.009,0
2026-07-16T10:44:13Z,10.775,13.9577,17.73,0.9438,0.1278,0.2115,2.4701,147.778,115.133002,8.6712,83.976,0.56561,333739.05931983836,0.01,0
2026-07-16T10:44:13Z,10.778,13.956,17.73,0.9438,0.1278,0.2115,2.5154,147.775,115.128965,8.6685,83.903,0.57866,333745.33023247984,0.01,0
2026-07-16T10:44:13Z,10.781,13.9541,17.73,0.8141,0.1278,0.2115,2.2132,147.734,115.098674,8.6663,83.791,0.6045,333559.5480652111,0.01,0
2026-07-16T10:44:13Z,10.783,13.9524,17.82,0.8179,0.0852,0.2115,2.1981,147.636,115.026051,8.6641,83.648,0.57117,333053.18464223045,0.009,0
2026-07-16T10:44:13Z,10.785,13.9513,17.82,0.8065,0.0852,0.2115,2.183,147.453,114.887731,8.6601,83.495,0.58435,332044.2977872519,0.009,0
2026-07-16T10:44:13Z,10.787,13.951,17.82,0.8293,0.0852,0.2115,2.1528,147.128,114.638829,8.6526,83.356,0.53757,330197.76688938815,0.008,0
2026-07-16T10:44:13Z,10.789,13.9515,17.82,0.8599,0.0852,0.2115,2.3341,146.589,114.220971,8.641,83.246,0.58169,327090.78644633555,0.008,0
2026-07-16T10:44:13Z,10.791,13.9528,17.64,0.8675,0.0852,0.1692,2.319,145.712,113.538727,8.626,83.175,0.59344,322046.67552335653,0.008,0
2026-07-16T10:44:13Z,10.793,13.9543,17.64,0.8599,0.0852,0.1692,2.1679,144.28,112.422165,8.61,83.151,0.56968,313908.0249559675,0.009,0
2026-07-16T10:44:13Z,10.795,13.9555,17.64,0.898,0.0852,0.1692,2.2737,141.899,110.565536,8.5954,83.171,0.59099,300682.28460141306,0.01,0
2026-07-16T10:44:13Z,10.798,13.9563,17.64,0.9743,0.0852,0.1692,2.4701,137.872,107.425741,8.5839,83.214,0.58194,279126.7030258732,0.012,0
2026-07-16T10:44:13Z,10.801,13.9566,17.64,0.9934,0.0852,0.1692,2.5305,131.121,102.1615,8.5765,83.259,0.56943,245179.7859442902,0.013,0
2026-07-16T10:44:13Z,10.804,13.9565,17.73,0.9857,0.1278,0.1269,2.4398,119.91,93.421014,8.5741,83.288,0.57241,194652.0285549833,0.015,0
2026-07-16T10:44:13Z,10.808,13.956,17.73,0.9896,0.1278,0.1269,2.4398,101.253,78.877486,8.5762,83.289,0.57018,125810.27742720305,0.017,0
2026-07-16T10:44:13Z,10.813,13.9553,17.73,0.9934,0.1278,0.1269,2.5003,70.152,54.640642,8.5807,83.27,0.54664,48943.53230525509,0.018,0
2026-07-16T10:44:13Z,10.819,13.954,17.73,0.8713,0.1278,0.1269,2.4701,18.355,14.279321,8.5856,83.246,0.52842,1872.2157852846476,0.018,0
2026-07-16T10:44:13Z,10.824,13.9522,17.82,0.8637,0.0852,0.2538,2.3794,-67.942,-52.961494,8.589,83.22,0.55999,NA,0.018,0
2026-07-16T10:44:13Z,10.829,13.9504,17.82,0.8751,0.0852,0.2538,2.319,-211.795,-165.048686,8.5895,83.192,0.55635,NA,0.018,0
2026-07-16T10:44:13Z,10.833,13.9493,17.82,0.8332,0.0852,0.2538,2.3945,-451.575,-351.884172,8.5878,83.163,0.57154,NA,0.017,0
2026-07-16T10:44:13Z,10.837,13.9492,17.82,0.8675,0.0852,0.2538,2.2737,-601.443,-468.661589,8.5853,83.131,0.54427,NA,0.017,0
2026-07-16T10:44:13Z,10.841,13.95,17.73,0.8866,0.0852,0.2115,2.1981,-451.597,-351.904418,8.5826,83.094,0.52796,NA,0.018,0
2026-07-16T10:44:13Z,10.845,13.951,17.73,0.8599,0.0852,0.2115,2.1679,-211.845,-165.094577,8.5797,83.058,0.5097,NA,0.018,0
2026-07-16T10:44:13Z,10.85,13.9517,17.73,0.8484,0.0852,0.2115,2.1679,-67.996,-53.013269,8.5769,83.024,0.52601,NA,0.019,0
2026-07-16T10:44:13Z,10.855,13.9517,17.73,0.9896,0.0852,0.2115,2.3794,18.327,14.243853,8.5737,82.987,0.52169,1862.2862655064187,0.02,0
2026-07-16T10:44:13Z,10.861,13.9507,17.73,0.9972,0.0852,0.1692,2.5305,70.128,54.604022,8.57,82.934,0.50628,48873.669998033634,0.019,0
2026-07-16T10:44:13Z,10.866,13.9487,17.73,1.0086,0.0852,0.1692,2.5305,101.206,78.817949,8.5663,82.85,0.52544,125624.1279932125,0.019,0
2026-07-16T10:44:13Z,10.871,13.9465,17.73,1.001,0.0852,0.1692,2.4398,119.841,93.338682,8.5631,82.731,0.48601,194334.18233178044,0.018,0
2026-07-16T10:44:13Z,10.875,13.9445,17.73,0.8942,0.0852,0.1692,2.2737,131.016,102.046417,8.5596,82.583,0.46564,244657.60607197476,0.016,0
2026-07-16T10:44:13Z,10.878,13.9433,17.73,0.8942,0.0852,0.1692,2.2888,137.726,107.275215,8.5543,82.422,0.4925,278350.85084782506,0.015,0
2026-07-16T10:44:13Z,10.882,13.9427,17.64,0.9018,0.1278,0.2538,2.3039,141.761,110.419422,8.5457,82.269,0.47422,299904.5502219679,0.014,0
2026-07-16T10:44:13Z,10.885,13.9427,17.64,0.8484,0.1278,0.2538,2.1679,144.162,112.289496,8.5334,82.149,0.4858,313186.42529445584,0.014,0
2026-07-16T10:44:13Z,10.889,13.9428,17.64,0.9362,0.1278,0.2538,2.1981,145.57,113.386121,8.5181,82.08,0.49636,321137.2911992804,0.013,0
2026-07-16T10:44:13Z,10.892,13.9428,17.64,0.9285,0.1278,0.2538,2.2435,146.425,114.051729,8.5015,82.074,0.49539,326023.98473292234,0.013,0
2026-07-16T10:44:13Z,10.895,13.9428,17.64,0.9209,0.1278,0.1692,2.1377,146.952,114.461816,8.4857,82.124,0.48055,329057.2192023212,0.012,0
2026-07-16T10:44:13Z,10.898,13.9426,17.64,0.9209,0.1278,0.1692,2.2586,147.271,114.709739,8.4733,82.199,0.47743,330903.5900936712,0.011,0
2026-07-16T10:44:13Z,10.901,13.9425,17.64,0.9094,0.1278,0.1692,2.2737,147.485,114.87561,8.4662,82.27,0.47722,332141.7084056633,0.011,0
2026-07-16T10:44:13Z,10.903,13.9423,17.64,0.9285,0.1278,0.1692,2.2737,147.617,114.977663,8.4657,82.312,0.4926,332907.83874550305,0.01,0
2026-07-16T10:44:13Z,10.906,13.9421,17.64,0.9171,0.0852,0.1269,2.2737,147.67,115.017113,8.4708,82.313,0.47094,333206.916236293,0.009,0
2026-07-16T10:44:13Z,10.908,13.9418,17.64,0.9362,0.0852,0.1269,2.3492,147.691,115.032479,8.4787,82.274,0.45267,333328.2127975626,0.009,0
2026-07-16T10:44:13Z,10.91,13.9415,17.64,0.959,0.0852,0.1269,2.5003,147.708,115.043857,8.486,82.206,0.4818,333419.71570257924,0.009,0
2026-07-16T10:44:13Z,10.913,13.9411,17.64,0.9285,0.0852,0.1269,2.4096,147.7,115.034283,8.4905,82.129,0.47701,333356.7000714313,0.009,0
2026-07-16T10:44:13Z,10.915,13.9407,17.64,0.9438,0.0852,0.1269,2.4549,147.685,115.019201,8.4906,82.068,0.46788,333252.5132185828,0.009,0
2026-07-16T10:44:13Z,10.917,13.9402,17.64,0.9209,0.0852,0.2115,2.4549,147.707,115.032589,8.4867,82.031,0.48338,333363.3209448466,0.009,0
2026-07-16T10:44:13Z,10.919,13.9395,17.64,0.9285,0.0852,0.2115,2.183,147.74,115.056018,8.4798,82.016,0.45307,333553.5430454591,0.009,0
2026-07-16T10:44:13Z,10.922,13.9386,17.64,0.9247,0.0852,0.2115,2.3039,147.762,115.071735,8.4721,82.016,0.47063,333690.42493878154,0.009,0
2026-07-16T10:44:13Z,10.924,13.9375,17.64,0.9285,0.0852,0.2115,2.2737,147.791,115.093933,8.466,82.02,0.45366,333880.1472779666,0.009,0
2026-07-16T10:44:13Z,10.926,13.9363,17.73,0.9247,0.1278,0.2115,2.1679,147.807,115.10653,8.4624,82.023,0.51003,334000.2093755429,0.008,0
2026-07-16T10:44:13Z,10.928,13.9355,17.73,0.8713,0.1278,0.2115,2.0471,147.791,115.094888,8.4611,82.02,0.47145,333930.2313448562,0.008,0
2026-07-16T10:44:13Z,10.93,13.935,17.73,0.856,0.1278,0.2115,2.0169,147.789,115.0939,8.4611,82.011,0.48201,333933.56980814424,0.007,0
2026-07-16T10:44:13Z,10.931,13.9348,17.73,0.8637,0.1278,0.2115,2.1075,147.818,115.117302,8.4616,82.002,0.50386,334113.08196450013,0.007,0
2026-07-16T10:44:13Z,10.933,13.9349,17.73,0.8713,0.1278,0.2961,2.0169,147.843,115.137337,8.4618,81.996,0.45673,334260.9851224337,0.007,0
2026-07-16T10:44:13Z,10.934,13.9352,17.73,1.0201,0.1278,0.2961,2.1075,147.857,115.149347,8.4614,81.996,0.45663,334344.50411059737,0.007,0
2026-07-16T10:44:13Z,10.936,13.9354,17.73,0.9934,0.1278,0.2961,2.032,147.871,115.160534,8.4605,81.998,0.45327,334424.01795759844,0.008,0
2026-07-16T10:44:13Z,10.938,13.9356,17.73,0.9896,0.1278,0.2961,2.0169,147.873,115.161884,8.4594,82.001,0.45613,334429.8317736437,0.008,0
2026-07-16T10:44:13Z,10.941,13.9359,17.64,0.9705,0.1278,0.2115,2.1075,147.852,115.145756,8.4588,82.005,0.43626,334302.553445652,0.009,0
2026-07-16T10:44:13Z,10.943,13.9361,17.64,0.9934,0.1278,0.2115,2.0773,147.82,115.119848,8.4587,82.014,0.47433,334104.21580801136,0.009,0
2026-07-16T10:44:13Z,10.946,13.9362,17.64,0.9857,0.1278,0.2115,2.183,147.788,115.093253,8.459,82.028,0.47063,333902.9565416232,0.009,0
2026-07-16T10:44:13Z,10.949,13.9361,17.64,1.0124,0.1278,0.2115,2.0773,147.757,115.066876,8.4593,82.046,0.45951,333707.6952082118,0.009,0
2026-07-16T10:44:13Z,10.951,13.9361,17.64,0.9857,0.1278,0.2115,2.0471,147.734,115.045683,8.4597,82.064,0.46585,333549.13617139723,0.009,0
2026-07-16T10:44:13Z,10.953,13.9359,17.64,0.8789,0.0852,0.1269,2.0622,147.714,115.02802200000001,8.4607,82.073,0.45822,333421.3249359132,0.009,0
2026-07-16T10:44:13Z,10.955,13.9354,17.64,0.856,0.0852,0.1269,2.0471,147.696,115.011184,8.4622,82.063,0.42642,333306.1250634845,0.009,0
2026-07-16T10:44:13Z,10.957,13.9345,17.64,0.8866,0.0852,0.1269,2.0773,147.698,115.010678,8.4642,82.026,0.43654,333321.62810001336,0.01,0
2026-07-16T10:44:13Z,10.96,13.9335,17.64,0.8713,0.0852,0.1269,2.0169,147.711,115.018368,8.4662,81.963,0.46808,333400.5702730451,0.011,0
2026-07-16T10:44:13Z,10.963,13.9326,17.64,0.856,0.0852,0.1269,2.032,147.691,115.000307,8.4674,81.883,0.45722,333284.7938484941,0.012,0
2026-07-16T10:44:13Z,10.966,13.9319,17.64,0.8675,0.0852,0.1269,2.0924,147.662,114.975678,8.4665,81.795,0.44545,333115.6514969319,0.013,0
2026-07-16T10:44:13Z,10.969,13.9312,17.64,0.8675,0.0852,0.1269,2.0773,147.67,114.97991,8.4629,81.711,0.46645,333162.28204463597,0.013,0
2026-07-16T10:44:13Z,10.973,13.9303,17.64,0.856,0.0852,0.1269,2.1377,147.689,114.992133,8.4565,81.635,0.43522,333272.9559889314,0.014,0
2026-07-16T10:44:13Z,10.977,13.9295,17.64,0.9285,0.1278,0.2961,2.0471,147.689,114.989608,8.4484,81.567,0.43578,333271.21675748116,0.014,0
2026-07-16T10:44:13Z,10.981,13.9288,17.64,0.9514,0.1278,0.2961,2.1075,147.687,114.98566,8.4395,81.51,0.44256,333256.6935409445,0.015,0
2026-07-16T10:44:13Z,10.984,13.928,17.64,0.9323,0.1278,0.2961,2.0169,147.699,114.993236,8.4309,81.466,0.43626,333330.49468347273,0.015,0
2026-07-16T10:44:13Z,10.988,13.9272,17.64,0.9323,0.1278,0.2961,2.1528,147.716,115.004358,8.4233,81.441,0.43276,333430.834274459,0.016,0
2026-07-16T10:44:13Z,10.992,13.9264,17.64,0.9362,0.1278,0.2961,2.1075,147.733,115.01599,8.4164,81.437,0.42374,333535.01257797255,0.016,0
2026-07-16T10:44:13Z,10.996,13.9256,17.64,0.9438,0.1278,0.2538,1.9715,147.756,115.031234,8.4106,81.456,0.4442,333666.2461308182,0.017,0
2026-07-16T10:44:13Z,11,13.9249,17.64,0.9094,0.1278,0.2538,2.0169,147.785,115.052157,8.4062,81.497,0.42688,333837.8851446409,0.017,0
2026-07-16T10:44:13Z,11.005,13.9242,17.64,0.9285,0.1278,0.2538,2.0018,147.829,115.086336,8.4037,81.555,0.41292,334108.8684099489,0.017,0
2026-07-16T10:44:13Z,11.01,13.9236,17.64,0.9438,0.1278,0.2538,2.3039,147.878,115.124887,8.4034,81.619,0.44218,334410.6115991085,0.016,0
2026-07-16T10:44:13Z,11.014,13.9228,17.64,0.9438,0.0852,0.2538,2.2435,147.891,115.136093,8.4055,81.677,0.42457,334511.8116084445,0.015,0
2026-07-16T10:44:13Z,11.018,13.9223,17.64,0.9362,0.0852,0.2538,2.2283,147.865,115.116941,8.4098,81.723,0.4266,334379.01287358196,0.014,0
2026-07-16T10:44:13Z,11.021,13.9221,17.64,0.9438,0.0852,0.2538,2.183,147.848,115.104323,8.4159,81.754,0.44246,334288.75351901667,0.013,0
2026-07-16T10:44:13Z,11.024,13.9223,17.64,0.9247,0.0852,0.2538,2.2132,147.849,115.104875,8.4225,81.765,0.43607,334288.58891875885,0.012,0
2026-07-16T10:44:13Z,11.027,13.9227,17.55,0.9209,0.1278,0.1692,2.2435,147.86,115.112742,8.4284,81.758,0.44574,334338.93985306955,0.012,0
2026-07-16T10:44:13Z,11.03,13.9231,17.55,0.9209,0.1278,0.1692,2.1981,147.883,115.130024,8.433,81.745,0.40264,334459.8598782603,0.012,0
2026-07-16T10:44:13Z,11.033,13.9233,17.55,0.9171,0.1278,0.1692,2.3492,147.883,115.129331,8.4362,81.732,0.44925,334450.36296931567,0.012,0
2026-07-16T10:44:13Z,11.036,13.9232,17.55,0.8713,0.1278,0.1692,2.0169,147.858,115.108476,8.4373,81.722,0.4122,334296.2190151472,0.012,0
2026-07-16T10:44:13Z,11.039,13.923,17.55,0.8942,0.1278,0.2538,2.1075,147.842,115.095897,8.4367,81.717,0.39942,334206.26678792876,0.012,0
2026-07-16T10:44:13Z,11.042,13.9228,17.55,0.8866,0.1278,0.2538,2.0773,147.82,115.078241,8.4353,81.705,0.40528,334078.2991758613,0.012,0
2026-07-16T10:44:13Z,11.046,13.9224,17.55,0.8827,0.1278,0.2538,2.1226,147.774,115.0428,8.434,81.677,0.3836,333821.48533439107,0.011,0
2026-07-16T10:44:13Z,11.049,13.922,17.55,0.9209,0.1278,0.2538,2.0471,147.739,115.01612,8.4331,81.629,0.39356,333630.3532784122,0.011,0
2026-07-16T10:44:13Z,11.051,13.9218,17.55,0.9323,0.1278,0.2538,2.0622,147.727,115.007086,8.4326,81.575,0.4208,333567.03327818384,0.01,0
2026-07-16T10:44:13Z,11.053,13.9217,17.55,0.9018,0.0852,0.2538,2.0773,147.72,115.00129,8.4315,81.526,0.40536,333525.8048194041,0.009,0
2026-07-16T10:44:13Z,11.055,13.9218,17.55,0.9094,0.0852,0.2538,2.0169,147.712,114.995187,8.4285,81.491,0.42374,333477.9928604503,0.009,0
2026-07-16T10:44:13Z,11.057,13.922,17.55,0.8332,0.0852,0.2538,2.1377,147.702,114.987148,8.4236,81.469,0.39339,333413.5569264594,0.009,0
2026-07-16T10:44:13Z,11.06,13.9222,17.55,0.8255,0.0852,0.2538,2.1075,147.689,114.97703,8.4179,81.461,0.41167,333333.57766059757,0.01,0
2026-07-16T10:44:13Z,11.062,13.9222,17.64,0.7912,0.1278,0.2538,2.0622,147.701,114.986135,8.4129,81.471,0.4089,333401.68849175994,0.011,0
2026-07-16T10:44:13Z,11.065,13.9221,17.64,0.8141,0.1278,0.2538,2.0773,147.726,115.004889,8.4093,81.496,0.42025,333544.15190534666,0.012,0
2026-07-16T10:44:13Z,11.068,13.9221,17.64,0.9705,0.1278,0.2538,2.0471,147.718,114.998296,8.4071,81.526,0.40221,333494.8167134794,0.013,0
2026-07-16T10:44:13Z,11.071,13.922,17.64,1.0277,0.1278,0.2538,2.032,147.688,114.974599,8.4062,81.545,0.36308,333319.6763989506,0.015,0
2026-07-16T10:44:13Z,11.075,13.922,17.55,1.0163,0.1278,0.2961,2.1226,147.676,114.965474,8.4072,81.544,0.40828,333251.4235187706,0.016,0
2026-07-16T10:44:13Z,11.08,13.9219,17.55,0.9667,0.1278,0.2961,2.0169,147.693,114.978489,8.4098,81.527,0.41167,333350.91487242235,0.016,0
2026-07-16T10:44:13Z,11.085,13.9217,17.55,1.0048,0.1278,0.2961,2.3341,147.716,114.997115,8.413,81.503,0.38779,333494.5525548572,0.017,0
2026-07-16T10:44:13Z,11.089,13.9216,17.55,1.001,0.1278,0.2961,2.2737,147.738,115.014319,8.415,81.482,0.40484,333625.44062696863,0.017,0
2026-07-16T10:44:13Z,11.093,13.9215,17.55,0.9857,0.1278,0.2961,2.3341,147.74,115.016692,8.4149,81.465,0.37986,333645.3453831041,0.017,0
2026-07-16T10:44:13Z,11.097,13.9215,17.64,0.9857,0.0852,0.2538,2.2435,147.72,115.00086400000001,8.4131,81.451,0.43333,333526.89000368246,0.016,0
2026-07-16T10:44:13Z,11.101,13.9216,17.64,0.9285,0.0852,0.2538,2.1679,147.708,114.990616,8.4106,81.439,0.39313,333448.0639546062,0.016,0
2026-07-16T10:44:13Z,11.105,13.9218,17.64,0.9514,0.0852,0.2538,2.2435,147.71,114.991212,8.4084,81.433,0.3684,333448.2326759149,0.016,0
2026-07-16T10:44:13Z,11.109,13.922,17.64,0.9438,0.0852,0.2538,2.2586,147.705,114.986812,8.4066,81.44,0.38152,333411.02305526886,0.016,0
2026-07-16T10:44:13Z,11.114,13.9219,17.64,0.9133,0.0852,0.2961,2.2132,147.686,114.972245,8.4052,81.465,0.37937,333304.19553454773,0.015,0
2026-07-16T10:44:13Z,11.118,13.9217,17.64,1.0124,0.0852,0.2961,2.1377,147.669,114.959623,8.404,81.5,0.36103,333214.07706206775,0.015,0
2026-07-16T10:44:13Z,11.122,13.9214,17.64,1.062,0.0852,0.2961,1.9413,147.674,114.963581,8.4034,81.54,0.34568,333250.1063313741,0.015,0
2026-07-16T10:44:13Z,11.125,13.9212,17.64,1.043,0.0852,0.2961,2.032,147.7,114.983174,8.4042,81.582,0.38276,333400.953531501,0.014,0
2026-07-16T10:44:13Z,11.128,13.9212,17.64,1.0811,0.0852,0.2538,2.0773,147.712,114.991628,8.4068,81.623,0.35113,333464.2031753731,0.014,0
2026-07-16T10:44:13Z,11.132,13.9213,17.64,0.8866,0.0852,0.2538,1.9866,147.703,114.983198,8.4104,81.662,0.36048,333398.98655738,0.015,0
2026-07-16T10:44:13Z,11.135,13.9214,17.64,0.8789,0.0852,0.2538,2.0169,147.722,114.995635,8.4145,81.694,0.37813,333489.8929023598,0.016,0
2026-07-16T10:44:13Z,11.139,13.9212,17.64,0.8713,0.0852,0.2538,2.1528,147.777,115.036255,8.4188,81.712,0.3692,333798.20909629227,0.018,0
2026-07-16T10:44:13Z,11.144,13.9209,17.64,0.8599,0.0852,0.2115,2.1075,147.801,115.051891,8.4231,81.713,0.37953,333921.72589364694,0.02,0
2026-07-16T10:44:13Z,11.15,13.9204,17.64,0.9934,0.0852,0.2115,2.183,147.783,115.034714,8.4272,81.699,0.38185,333803.84194616065,0.022,0
2026-07-16T10:44:13Z,11.156,13.9197,17.64,1.0048,0.0852,0.2115,2.2132,147.792,115.040141,8.4307,81.672,0.37912,333859.5029217636,0.023,0
2026-07-16T10:44:13Z,11.163,13.9187,17.64,0.9934,0.0852,0.2115,2.2737,147.821,115.061618,8.4327,81.64,0.34847,334041.8246444877,0.024,0
2026-07-16T10:44:13Z,11.17,13.9177,17.64,1.001,0.0852,0.2115,2.2586,147.816,115.056876,8.433,81.606,0.34269,334027.78518304514,0.023,0
2026-07-16T10:44:13Z,11.176,13.9169,17.64,0.8637,0.0852,0.1692,2.1377,147.795,115.04065,8.4318,81.567,0.34635,333923.4350307371,0.021,0
2026-07-16T10:44:13Z,11.181,13.9163,17.64,0.8713,0.0852,0.1692,2.0471,147.792,115.038611,8.4291,81.521,0.34598,333921.0484745401,0.019,0
2026-07-16T10:44:13Z,11.185,13.9159,17.64,0.8713,0.0852,0.1692,2.1377,147.784,115.032216,8.4258,81.473,0.35466,333881.74405451945,0.017,0
2026-07-16T10:44:13Z,11.189,13.9157,17.64,0.8637,0.0852,0.1692,2.0773,147.763,115.015761,8.4223,81.429,0.34254,333762.8198316649,0.015,0
2026-07-16T10:44:13Z,11.192,13.9157,17.64,0.8751,0.1278,0.2538,2.0622,147.757,115.010855,8.4183,81.395,0.33627,333726.0866215553,0.014,0
2026-07-16T10:44:13Z,11.195,13.9157,17.64,0.8637,0.1278,0.2538,2.1075,147.756,115.01019,8.4135,81.377,0.33062,333721.10671594966,0.014,0
2026-07-16T10:44:13Z,11.199,13.9158,17.64,0.8713,0.1278,0.2538,2.0471,147.758,115.01159,8.4086,81.368,0.32492,333729.44060463255,0.015,0
2026-07-16T10:44:13Z,11.202,13.9158,17.64,0.8713,0.1278,0.2538,2.1226,147.769,115.019428,8.404,81.369,0.34666,333788.1245677065,0.016,0
2026-07-16T10:44:13Z,11.206,13.9157,17.64,0.7988,0.0852,0.2538,2.2737,147.775,115.023795,8.4005,81.385,0.33715,333822.96967543266,0.017,0
2026-07-16T10:44:13Z,11.211,13.9156,17.64,0.8065,0.0852,0.2538,2.1981,147.786,115.031854,8.3987,81.411,0.34269,333885.46560852247,0.018,0
2026-07-16T10:44:13Z,11.216,13.9155,17.64,0.8179,0.0852,0.2538,2.183,147.797,115.039755,8.3978,81.44,0.33416,333946.78560538124,0.019,0
2026-07-16T10:44:13Z,11.221,13.9153,17.64,0.8179,0.0852,0.2538,2.3492,147.781,115.027605,8.398,81.469,0.33744,333860.0836316262,0.019,0
2026-07-16T10:44:13Z,11.226,13.9151,17.64,0.8827,0.0852,0.2538,2.0924,147.766,115.016165,8.3997,81.504,0.32485,333778.7107590451,0.019,0
2026-07-16T10:44:13Z,11.231,13.9149,17.64,0.8713,0.0852,0.2538,2.0471,147.781,115.028381,8.4024,81.542,0.35791,333874.4806569166,0.019,0
2026-07-16T10:44:13Z,11.235,13.9149,17.64,0.8789,0.0852,0.2538,2.0773,147.793,115.037513,8.4053,81.571,0.33656,333942.87307213596,0.02,0
2026-07-16T10:44:13Z,11.239,13.915,17.64,0.8751,0.0852,0.2538,2.0471,147.781,115.027998,8.4083,81.577,0.30989,333869.46177951945,0.021,0
2026-07-16T10:44:13Z,11.244,13.915,17.64,0.7988,0.0852,0.2538,2.2283,147.776,115.023296,8.4119,81.559,0.32141,333834.2479880731,0.022,0
2026-07-16T10:44:13Z,11.25,13.9151,17.55,0.8141,0.0852,0.2115,2.2132,147.774,115.020154,8.4159,81.526,0.31566,333808.57078610786,0.024,0
2026-07-16T10:44:13Z,11.256,13.9152,17.55,0.8255,0.0852,0.2115,2.2888,147.753,115.001734,8.4188,81.496,0.33722,333668.5089610169,0.027,0
2026-07-16T10:44:13Z,11.264,13.9151,17.55,0.8141,0.0852,0.2115,2.1528,147.745,114.993122,8.4195,81.469,0.32148,333606.1851094313,0.028,0
2026-07-16T10:44:13Z,11.272,13.9149,17.55,0.8904,0.0852,0.2115,2.2737,147.784,115.022021,8.4176,81.439,0.32169,333826.8367668537,0.029,0
2026-07-16T10:44:13Z,11.28,13.9143,17.55,0.8637,0.1278,0.2538,2.2435,147.847,115.070137,8.4144,81.409,0.30868,334200.15984616417,0.028,0
2026-07-16T10:44:13Z,11.288,13.9136,17.55,0.8599,0.1278,0.2538,2.2435,147.874,115.090305,8.4113,81.391,0.32485,334366.3628083309,0.027,0
2026-07-16T10:44:13Z,11.294,13.9128,17.55,0.8675,0.1278,0.2538,2.2888,147.858,115.077903,8.4087,81.395,0.32711,334290.6040370173,0.026,0
2026-07-16T10:44:13Z,11.3,13.9122,17.55,0.898,0.1278,0.2538,2.2435,147.848,115.069624,8.4057,81.422,0.32527,334241.4523070824,0.025,0
2026-07-16T10:44:13Z,11.306,13.9119,17.55,0.8713,0.0852,0.2538,2.2586,147.856,115.075257,8.4027,81.461,0.33972,334290.11950470187,0.025,0
2026-07-16T10:44:13Z,11.312,13.9117,17.55,0.8637,0.0852,0.2538,2.1528,147.858,115.076307,8.4008,81.496,0.2978,334302.2878785376,0.026,0
2026-07-16T10:44:13Z,11.318,13.9116,17.55,0.8713,0.0852,0.2538,2.2435,147.835,115.057054,8.4013,81.522,0.26831,334160.14288035757,0.027,0
2026-07-16T10:44:13Z,11.325,13.9115,17.55,0.9018,0.0852,0.2538,2.2435,147.801,115.030363,8.4042,81.545,0.31286,333962.3142210305,0.027,0
2026-07-16T10:44:13Z,11.333,13.9113,17.55,0.8637,0.0852,0.2538,2.319,147.792,115.023114,8.4082,81.568,0.29433,333912.308491608,0.027,0
2026-07-16T10:44:13Z,11.341,13.9111,17.64,0.8637,0.0852,0.3384,2.2132,147.802,115.031374,8.4119,81.587,0.27094,333978.47453862685,0.027,0
2026-07-16T10:44:13Z,11.348,13.9108,17.64,0.856,0.0852,0.3384,2.2132,147.805,115.035348,8.4147,81.6,0.28894,334014.68792692095,0.025,0
2026-07-16T10:44:13Z,11.355,13.9105,17.64,0.8637,0.0852,0.3384,2.2132,147.795,115.028096,8.417,81.621,0.28526,333966.8028853682,0.023,0
2026-07-16T10:44:13Z,11.36,13.9105,17.64,0.8522,0.0852,0.3384,2.0924,147.791,115.025682,8.4194,81.659,0.28273,333948.7176499359,0.021,0
2026-07-16T10:44:13Z,11.364,13.9108,17.55,0.8789,0.0426,0.2115,2.0169,147.806,115.037463,8.4213,81.702,0.30982,334030.5268114904,0.019,0
2026-07-16T10:44:13Z,11.369,13.9111,17.55,0.8827,0.0426,0.2115,2.1226,147.821,115.048581,8.4226,81.733,0.29716,334107.3795300447,0.019,0
2026-07-16T10:44:13Z,11.373,13.9115,17.55,0.8637,0.0426,0.2115,2.032,147.826,115.052001,8.4247,81.743,0.31313,334124.40745184995,0.018,0
2026-07-16T10:44:13Z,11.378,13.9117,17.55,0.8713,0.0426,0.2115,2.1377,147.824,115.048636,8.4285,81.735,0.28576,334094.89417351934,0.019,0
2026-07-16T10:44:13Z,11.383,13.9117,17.55,0.8866,0.0852,0.2115,2.0169,147.816,115.041588,8.433,81.713,0.2739,334042.08657121577,0.019,0
2026-07-16T10:44:13Z,11.388,13.9116,17.55,0.8751,0.0852,0.2115,2.0622,147.805,115.032977,8.4362,81.684,0.28613,333979.7237042403,0.019,0
2026-07-16T10:44:13Z,11.393,13.9112,17.55,0.8637,0.0852,0.2115,1.9413,147.789,115.020506,8.4373,81.653,0.31279,333894.8987388064,0.019,0
2026-07-16T10:44:13Z,11.398,13.9108,17.55,0.9323,0.0852,0.2115,2.0924,147.771,115.00685,8.4365,81.626,0.27106,333801.21131500084,0.019,0
2026-07-16T10:44:13Z,11.402,13.9105,17.64,0.9285,0.0852,0.2115,2.0471,147.768,115.004366,8.4344,81.612,0.27065,333789.04901770764,0.019,0
2026-07-16T10:44:13Z,11.407,13.9104,17.64,0.9438,0.0852,0.2115,2.1226,147.773,115.008392,8.4314,81.616,0.30581,333821.34496023617,0.019,0
2026-07-16T10:44:13Z,11.411,13.9104,17.64,0.9171,0.0852,0.2115,2.0169,147.764,115.000004,8.4282,81.629,0.28077,333758.5280788388,0.019,0
2026-07-16T10:44:13Z,11.416,13.9105,17.64,0.94,0.0852,0.2115,2.1075,147.747,114.984963,8.4254,81.636,0.298,333643.76038153685,0.021,0
2026-07-16T10:44:13Z,11.421,13.9105,17.64,0.9094,0.0852,0.2115,2.1377,147.742,114.979258,8.4239,81.633,0.32897,333601.048536987,0.023,0
2026-07-16T10:44:13Z,11.427,13.9104,17.64,0.9362,0.1278,0.2538,2.0471,147.754,114.985366,8.4243,81.626,0.29845,333648.91933234065,0.026,0
2026-07-16T10:44:13Z,11.434,13.9101,17.64,0.9514,0.1278,0.2538,2.0471,147.772,114.996918,8.4258,81.622,0.28588,333741.8508957162,0.029,0
2026-07-16T10:44:13Z,11.442,13.9095,17.64,0.8827,0.1278,0.2538,2.2586,147.778,114.998993,8.4266,81.618,0.27071,333770.26735009224,0.031,0
2026-07-16T10:44:13Z,11.451,13.9088,17.64,0.8637,0.1278,0.2538,2.1981,147.761,114.984146,8.4264,81.61,0.26837,333674.1159885956,0.032,0
2026-07-16T10:44:13Z,11.461,13.9079,17.64,0.8713,0.0852,0.2115,2.1981,147.738,114.966416,8.4259,81.591,0.22717,333560.68702458194,0.031,0
2026-07-16T10:44:13Z,11.469,13.9069,17.64,0.8866,0.0852,0.2115,2.1679,147.73,114.961075,8.4256,81.564,0.2618,333542.1575606714,0.03,0
2026-07-16T10:44:13Z,11.476,13.9061,17.64,0.9514,0.0852,0.2115,2.2435,147.743,114.972697,8.4254,81.541,0.27065,333646.33319648175,0.028,0
2026-07-16T10:44:13Z,11.483,13.9056,17.64,0.9362,0.0852,0.2115,2.2737,147.774,114.998384,8.4246,81.527,0.26604,333849.43547955673,0.027,0
2026-07-16T10:44:13Z,11.489,13.9056,17.55,0.9285,0.0852,0.2961,2.2132,147.801,115.020985,8.4227,81.522,0.27726,334018.75068211276,0.026,0
2026-07-16T10:44:13Z,11.495,13.9058,17.55,0.9514,0.0852,0.2961,2.2435,147.813,115.030528,8.4198,81.527,0.26186,334085.9584237226,0.026,0
2026-07-16T10:44:13Z,11.501,13.9063,17.55,0.9362,0.0852,0.2961,2.2586,147.819,115.035559,8.4173,81.546,0.26426,334112.910680223,0.027,0
2026-07-16T10:44:13Z,11.508,13.9069,17.55,0.94,0.0852,0.2961,2.2586,147.825,115.039417,8.4158,81.575,0.23587,334128.92352104443,0.027,0
2026-07-16T10:44:13Z,11.516,13.9074,17.55,0.9209,0.0852,0.2961,2.3492,147.837,115.049133,8.4151,81.607,0.2471,334190.988027344,0.027,0
2026-07-16T10:44:13Z,11.524,13.9076,17.64,0.9438,0.0852,0.1692,2.2435,147.854,115.063296,8.4156,81.633,0.23798,334292.8432374385,0.026,0
2026-07-16T10:44:13Z,11.531,13.9075,17.64,0.856,0.0852,0.1692,2.0622,147.856,115.065686,8.4176,81.642,0.25324,334312.9070849376,0.024,0
2026-07-16T10:44:13Z,11.537,13.9074,17.64,0.8713,0.0852,0.1692,2.0471,147.842,115.056939,8.4207,81.634,0.2316,334249.4874947371,0.022,0
2026-07-16T10:44:13Z,11.541,13.9074,17.64,0.8637,0.0852,0.1692,2.1981,147.833,115.050722,8.424,81.617,0.22697,334202.8874709038,0.02,0
2026-07-16T10:44:13Z,11.546,13.9076,17.55,0.8484,0.1278,0.2115,2.0471,147.835,115.053377,8.4266,81.596,0.26796,334218.48539244966,0.019,0
2026-07-16T10:44:13Z,11.55,13.9081,17.55,0.9209,0.1278,0.2115,2.0924,147.84,115.057613,8.4274,81.575,0.23793,334239.48350932036,0.018,0
2026-07-16T10:44:13Z,11.554,13.9087,17.55,0.9323,0.1278,0.2115,2.0924,147.84,115.056559,8.4265,81.565,0.2534,334218.68215685274,0.018,0
2026-07-16T10:44:13Z,11.558,13.9092,17.55,0.9209,0.1278,0.2115,2.0018,147.843,115.057934,8.4247,81.57,0.2292,334218.2365208523,0.019,0
2026-07-16T10:44:13Z,11.563,13.9094,17.55,0.9171,0.0852,0.2115,2.0924,147.855,115.066103,8.4225,81.589,0.25418,334275.1625622609,0.021,0
2026-07-16T10:44:13Z,11.568,13.9094,17.55,0.9934,0.0852,0.2115,2.3039,147.864,115.071247,8.4203,81.615,0.23566,334313.71907821076,0.022,0
2026-07-16T10:44:13Z,11.575,13.9092,17.55,1.0086,0.0852,0.2115,2.2435,147.877,115.080736,8.4192,81.631,0.20471,334389.1536168508,0.023,0
2026-07-16T10:44:13Z,11.582,13.9088,17.55,1.0086,0.0852,0.2115,2.1679,147.911,115.1071,8.4198,81.628,0.21548,334595.45080354845,0.023,0
2026-07-16T10:44:13Z,11.589,13.9084,17.64,1.001,0.1278,0.2538,2.3039,147.936,115.127372,8.422,81.607,0.23808000000000001,334756.1237979918,0.022,0
2026-07-16T10:44:13Z,11.594,13.9079,17.64,0.8904,0.1278,0.2538,2.2737,147.926,115.120957,8.4247,81.56,0.22845,334718.76206345327,0.02,0
2026-07-16T10:44:13Z,11.599,13.9076,17.64,0.8713,0.1278,0.2538,2.2586,147.912,115.112145,8.4264,81.49,0.23256,334659.11545718677,0.018,0
2026-07-16T10:44:13Z,11.603,13.9076,17.64,0.8675,0.1278,0.2538,2.2132,147.904,115.108584,8.4261,81.416,0.20785,334632.4032904488,0.015,0
2026-07-16T10:44:13Z,11.606,13.9079,17.64,0.8789,0.1278,0.2538,2.2435,147.869,115.083327,8.4238,81.351,0.2021,334436.5332284501,0.013,0
2026-07-16T10:44:13Z,11.608,13.9084,17.55,0.9972,0.0852,0.2115,2.2586,147.82,115.047638,8.4189,81.306,0.19875,334158.25166977436,0.011,0
2026-07-16T10:44:13Z,11.611,13.9091,17.55,1.0163,0.0852,0.2115,2.1679,147.777,115.015998,8.4116,81.29,0.21071,333906.15214609966,0.011,0
2026-07-16T10:44:13Z,11.613,13.9099,17.55,1.0086,0.0852,0.2115,2.3643,147.724,114.97597,8.4037,81.303,0.2108,333589.23497591086,0.011,0
2026-07-16T10:44:13Z,11.616,13.9106,17.55,0.9781,0.0852,0.2115,2.2888,147.675,114.93888,8.3969,81.34,0.22379,333296.63923447515,0.011,0
2026-07-16T10:44:13Z,11.618,13.9114,17.55,1.0124,0.0852,0.2538,2.2435,147.66,114.926834,8.3921,81.396,0.2138,333189.3730759025,0.013,0
2026-07-16T10:44:13Z,11.621,13.912,17.55,1.001,0.0852,0.2538,2.319,147.67,114.932622,8.3903,81.457,0.19793,333219.80915062595,0.014,0
2026-07-16T10:44:13Z,11.625,13.9125,17.55,0.9972,0.0852,0.2538,2.2888,147.692,114.947786,8.3916,81.513,0.21955,333322.53482601984,0.015,0
2026-07-16T10:44:13Z,11.629,13.9127,17.55,1.0239,0.0852,0.2538,2.2737,147.736,114.980371,8.3954,81.565,0.26197,333562.0943591148,0.017,0
2026-07-16T10:44:13Z,11.634,13.9126,17.55,0.9209,0.0852,0.423,2.319,147.784,115.017065,8.4012,81.609,0.20237,333838.96887909935,0.017,0
2026-07-16T10:44:13Z,11.639,13.9121,17.55,0.9629,0.0852,0.423,2.319,147.805,115.033657,8.4076,81.647,0.22598,333973.97876242426,0.017,0
2026-07-16T10:44:13Z,11.644,13.9114,17.55,0.9209,0.0852,0.423,2.2586,147.808,115.036571,8.4136,81.678,0.2498,334010.84457278,0.016,0
2026-07-16T10:44:13Z,11.648,13.9108,17.55,0.9285,0.0852,0.423,2.2435,147.821,115.048583,8.419,81.698,0.21459,334113.7335174013,0.015,0
2026-07-16T10:44:13Z,11.651,13.9106,17.55,0.9323,0.0852,0.423,2.0924,147.843,115.066896,8.4236,81.712,0.2471,334255.2703770976,0.013,0
2026-07-16T10:44:13Z,11.654,13.9107,17.55,0.9362,0.1278,0.2115,2.0471,147.845,115.070395,8.4275,81.728,0.22277,334279.34478049853,0.012,0
2026-07-16T10:44:13Z,11.657,13.911,17.55,0.9323,0.1278,0.2115,2.0169,147.831,115.060014,8.4307,81.749,0.2069,334195.090644637,0.012,0
2026-07-16T10:44:13Z,11.659,13.9115,17.55,0.9552,0.1278,0.2115,2.0471,147.823,115.052983,8.4326,81.77,0.23236,334131.6545644325,0.012,0
2026-07-16T10:44:13Z,11.662,13.9121,17.55,0.8446,0.1278,0.2115,2.0773,147.83,115.057428,8.434,81.783,0.21713,334152.0651867796,0.012,0
2026-07-16T10:44:13Z,11.666,13.9125,17.55,0.8408,0.0852,0.2538,2.0471,147.846,115.068532,8.4356,81.776,0.19554,334226.6771333225,0.013,0
2026-07-16T10:44:13Z,11.669,13.9127,17.55,0.8637,0.0852,0.2538,2.0622,147.84,115.063259,8.4376,81.748,0.20215,334182.8604271996,0.013,0
2026-07-16T10:44:13Z,11.673,13.9126,17.55,0.8522,0.0852,0.2538,2.0773,147.81,115.040201,8.4398,81.705,0.20338,334012.246073228,0.014,0
2026-07-16T10:44:13Z,11.677,13.9122,17.55,0.9209,0.0852,0.2538,2.3341,147.787,115.02321,8.4412,81.659,0.21666,333893.5644855352,0.013,0
2026-07-16T10:44:13Z,11.68,13.9117,17.64,0.9285,0.0852,0.2961,2.3039,147.769,115.009754,8.4406,81.621,0.19009,333803.5249355847,0.013,0
2026-07-16T10:44:13Z,11.684,13.9115,17.64,0.959,0.0852,0.2961,2.2586,147.743,114.990245,8.4378,81.596,0.20316,333661.73959803977,0.012,0
2026-07-16T10:44:13Z,11.687,13.9115,17.64,0.9171,0.0852,0.2961,2.2435,147.732,114.98148,8.4333,81.579,0.19892,333596.1210572363,0.012,0
2026-07-16T10:44:13Z,11.689,13.9118,17.64,0.9438,0.0852,0.2961,2.1528,147.736,114.983121,8.4285,81.575,0.18391,333601.9671657399,0.012,0
2026-07-16T10:44:13Z,11.692,13.9121,17.64,0.9552,0.0852,0.1269,2.1679,147.722,114.969607,8.4246,81.586,0.20758,333494.37598032126,0.013,0
2026-07-16T10:44:13Z,11.695,13.9123,17.64,0.9285,0.0852,0.1269,2.2737,147.71,114.957332,8.422,81.604,0.18399,333398.22336639493,0.014,0
2026-07-16T10:44:13Z,11.699,13.9121,17.64,0.9285,0.0852,0.1269,2.2737,147.737,114.975022,8.4202,81.616,0.20749,333534.90277689527,0.016,0
2026-07-16T10:44:13Z,11.703,13.9116,17.64,0.9285,0.0852,0.1269,2.2888,147.776,115.003396,8.4199,81.62,0.20431,333758.05229332007,0.017,0
2026-07-16T10:44:13Z,11.708,13.9108,17.64,0.9476,0.0852,0.1269,2.2132,147.796,115.018021,8.4212,81.622,0.19571,333884.75479390495,0.018,0
2026-07-16T10:44:13Z,11.714,13.9098,17.64,0.9094,0.0852,0.2961,2.2737,147.813,115.030796,8.4232,81.63,0.19351,334001.9289185306,0.019,0
2026-07-16T10:44:13Z,11.719,13.9087,17.64,0.9438,0.0852,0.2961,2.183,147.837,115.051129,8.4247,81.649,0.2021,334177.9226016503,0.018,0
2026-07-16T10:44:13Z,11.724,13.9079,17.64,1.001,0.0852,0.2961,2.2435,147.854,115.066442,8.4252,81.676,0.17891,334309.897375297,0.017,0
2026-07-16T10:44:13Z,11.728,13.9076,17.64,0.9781,0.0852,0.2961,2.2435,147.857,115.070819,8.4255,81.711,0.18407,334349.1604477872,0.016,0
2026-07-16T10:44:13Z,11.732,13.9077,17.64,0.9934,0.0852,0.2538,2.2132,147.847,115.065429,8.4263,81.748,0.20776,334306.6018827984,0.015,0
2026-07-16T10:44:13Z,11.735,13.9082,17.64,1.0048,0.0852,0.2538,2.1981,147.829,115.052833,8.4281,81.78,0.2078,334201.43565889733,0.015,0
2026-07-16T10:44:13Z,11.738,13.9089,17.64,0.9934,0.0852,0.2538,2.0773,147.809,115.037672,8.4309,81.801,0.21572,334072.77491810085,0.015,0
2026-07-16T10:44:13Z,11.742,13.9096,17.64,0.9705,0.0852,0.2538,2.183,147.804,115.033902,8.4343,81.81,0.2021,334029.4853259135,0.016,0
2026-07-16T10:44:13Z,11.746,13.9102,17.64,1.0048,0.0852,0.2115,2.1226,147.812,115.038519,8.4379,81.812,0.23793,334051.1831431487,0.018,0
2026-07-16T10:44:13Z,11.75,13.9107,17.64,1.001,0.0852,0.2115,2.0773,147.817,115.040752,8.4412,81.81,0.18677,334057.16762305476,0.019,0
2026-07-16T10:44:13Z,11.756,13.911,17.64,0.9476,0.0852,0.2115,2.3341,147.826,115.045198,8.4433,81.803,0.20431,334084.0305716639,0.021,0
2026-07-16T10:44:13Z,11.762,13.911,17.64,0.9209,0.0852,0.2115,2.2283,147.833,115.049043,8.4443,81.787,0.17899,334112.83772747696,0.021,0
2026-07-16T10:44:13Z,11.768,13.9106,17.64,0.9323,0.0852,0.2115,2.2737,147.855,115.06531,8.4446,81.759,0.16122,334243.33785087586,0.021,0
2026-07-16T10:44:13Z,11.774,13.9099,17.64,0.9362,0.0852,0.2538,2.2435,147.885,115.088338,8.4444,81.717,0.1734,334431.0136995765,0.02,0
2026-07-16T10:44:13Z,11.779,13.9091,17.64,0.8789,0.0852,0.2538,2.2737,147.881,115.08627,8.4439,81.663,0.19452,334432.7165615842,0.018,0
2026-07-16T10:44:13Z,11.783,13.9084,17.64,0.8713,0.0852,0.2538,2.2132,147.855,115.066554,8.4424,81.596,0.19347,334299.9615676748,0.016,0
2026-07-16T10:44:13Z,11.786,13.9081,17.64,0.8789,0.0852,0.2538,2.2435,147.845,115.059932,8.4395,81.523,0.20223,334256.77401488234,0.014,0
2026-07-16T10:44:13Z,11.789,13.9081,17.64,0.9056,0.0852,0.2115,2.1679,147.841,115.056637,8.4352,81.456,0.17934,334232.07555173576,0.013,0
2026-07-16T10:44:13Z,11.792,13.9084,17.64,0.8522,0.0852,0.2115,2.3794,147.818,115.037791,8.4295,81.405,0.16718,334084.39064827136,0.013,0
2026-07-16T10:44:13Z,11.795,13.9087,17.64,0.8026,0.0852,0.2115,2.2283,147.81,115.030368,8.4226,81.379,0.19351,334022.3248048872,0.013,0
2026-07-16T10:44:13Z,11.798,13.9089,17.64,0.8217,0.0852,0.2115,2.1981,147.825,115.040387,8.415,81.384,0.1824,334093.0951131241,0.013,0
2026-07-16T10:44:13Z,11.802,13.9089,17.64,0.8065,0.0852,0.2115,2.2132,147.839,115.050521,8.4081,81.421,0.19588,334169.0348136904,0.014,0
2026-07-16T10:44:13Z,11.806,13.9087,17.64,0.8637,0.0852,0.2115,2.2132,147.864,115.069472,8.4029,81.482,0.17115,334315.37519456097,0.014,0
2026-07-16T10:44:13Z,11.81,13.9082,17.64,0.8789,0.0852,0.2115,2.2888,147.894,115.094294,8.4003,81.557,0.16066,334512.2358215394,0.014,0
2026-07-16T10:44:13Z,11.814,13.9077,17.64,0.8942,0.0852,0.2115,2.2132,147.9,115.099608,8.4009,81.625,0.16408,334562.8461772846,0.013,0
2026-07-16T10:44:13Z,11.817,13.9073,17.64,0.8904,0.0852,0.2538,2.2132,147.89,115.092832,8.4047,81.671,0.17906,334520.63566968427,0.013,0
2026-07-16T10:44:13Z,11.82,13.9074,17.64,0.8713,0.0852,0.2538,2.1226,147.906,115.106155,8.4111,81.695,0.19117,334618.4044794304,0.012,0
2026-07-16T10:44:13Z,11.823,13.9076,17.64,0.856,0.0852,0.2538,2.0622,147.93,115.125131,8.4187,81.709,0.17552,334756.44745786046,0.012,0
2026-07-16T10:44:13Z,11.826,13.908,17.64,0.8789,0.0852,0.2538,2.0924,147.919,115.116824,8.4257,81.715,0.17552,334685.514654604,0.013,0
2026-07-16T10:44:13Z,11.829,13.9083,17.64,0.8675,0.0852,0.2538,2.0622,147.886,115.091017,8.4304,81.72,0.1791,334485.5028658547,0.013,0
2026-07-16T10:44:13Z,11.832,13.9085,17.55,0.898,0.1278,0.1692,2.2435,147.859,115.068827,8.4329,81.728,0.17567,334314.8308930959,0.014,0
2026-07-16T10:44:13Z,11.836,13.9087,17.55,0.8522,0.1278,0.1692,2.2435,147.828,115.044337,8.4343,81.741,0.1873,334126.97782959486,0.015,0
2026-07-16T10:44:13Z,11.84,13.9087,17.55,0.8751,0.1278,0.1692,2.2586,147.81,115.029014,8.4349,81.761,0.1607,334012.1626367411,0.015,0
2026-07-16T10:44:13Z,11.845,13.9086,17.55,0.8866,0.1278,0.1692,2.3341,147.83,115.044772,8.4354,81.786,0.17899,334132.3833652415,0.015,0
2026-07-16T10:44:13Z,11.849,13.9084,17.64,0.8866,0.1278,0.2538,2.3039,147.852,115.061814,8.4362,81.807,0.20578,334264.40595933335,0.014,0
2026-07-16T10:44:13Z,11.852,13.9081,17.64,0.8751,0.1278,0.2538,2.2737,147.849,115.058687,8.4376,81.822,0.18375,334247.4164182163,0.014,0
2026-07-16T10:44:13Z,11.855,13.9079,17.64,0.8637,0.1278,0.2538,2.2737,147.844,115.054555,8.4397,81.83,0.18685,334220.74489823036,0.014,0
2026-07-16T10:44:13Z,11.858,13.9077,17.64,0.8599,0.1278,0.2538,2.2435,147.844,115.052317,8.4424,81.819,0.17632,334208.2696724327,0.014,0
2026-07-16T10:44:13Z,11.862,13.9076,17.64,0.8942,0.0852,0.2538,2.2586,147.844,115.049375,8.4446,81.784,0.14964,334188.36850369873,0.015,0
2026-07-16T10:44:13Z,11.865,13.9075,17.64,0.8713,0.0852,0.2538,2.2283,147.854,115.050944,8.4462,81.73,0.16066,334202.27647478745,0.016,0
2026-07-16T10:44:13Z,11.869,13.9073,17.64,0.8789,0.0852,0.2538,2.3643,147.852,115.043444,8.447,81.661,0.16696,334150.36492074234,0.018,0
2026-07-16T10:44:13Z,11.874,13.9068,17.64,0.8904,0.0852,0.2538,2.1981,147.833,115.022875,8.446,81.59,0.17575,334006.9784712947,0.019,0
2026-07-16T10:44:13Z,11.88,13.9056,17.64,0.8789,0.0852,0.2538,2.2737,147.82,115.009748,8.4426,81.526,0.16893,333934.40959270933,0.02,0
2026-07-16T10:44:13Z,11.886,13.9037,17.64,0.8789,0.0852,0.2538,2.183,147.818,115.006564,8.4373,81.474,0.1439,333951.37026621355,0.02,0
2026-07-16T10:44:13Z,11.891,13.9014,17.64,0.8637,0.0852,0.2538,2.2435,147.815,115.004474,8.4306,81.442,0.1591,333985.1245694271,0.019,0
2026-07-16T10:44:13Z,11.896,13.8996,17.64,0.8789,0.0852,0.2538,2.2132,147.831,115.016919,8.4236,81.437,0.1643,334117.07182775345,0.019,0
2026-07-16T10:44:13Z,11.9,13.8985,17.64,0.8789,0.0852,0.2538,2.3341,147.853,115.03522,8.4173,81.454,0.15578,334277.9142056626,0.018,0
2026-07-16T10:44:13Z,11.904,13.8981,17.55,0.8866,0.0852,0.2538,2.2737,147.856,115.038256,8.412,81.488,0.19017,334309.2793904795,0.017,0
2026-07-16T10:44:13Z,11.908,13.898,17.55,0.8751,0.0852,0.2538,2.3341,147.871,115.050838,8.4087,81.538,0.17313,334405.7793569891,0.017,0
2026-07-16T10:44:13Z,11.912,13.8982,17.55,0.8675,0.0852,0.2538,2.2283,147.905,115.07832,8.4081,81.597,0.18795,334607.61240680894,0.017,0
2026-07-16T10:44:13Z,11.917,13.8985,17.55,0.856,0.0852,0.2538,2.4549,147.919,115.090033,8.4098,81.657,0.1439,334689.03112500615,0.016,0
2026-07-16T10:44:13Z,11.922,13.8989,17.64,0.8789,0.0852,0.2538,2.4852,147.907,115.081101,8.4133,81.716,0.1737,334613.40277620207,0.016,0
2026-07-16T10:44:13Z,11.926,13.8992,17.64,0.8713,0.0852,0.2538,2.5003,147.897,115.07314,8.4184,81.77,0.16394,334547.22234268824,0.015,0
2026-07-16T10:44:13Z,11.93,13.8994,17.64,0.8637,0.0852,0.2538,2.5305,147.905,115.080027,8.4244,81.811,0.16678,334594.5786942734,0.014,0
2026-07-16T10:44:13Z,11.933,13.8996,17.64,0.8179,0.0852,0.2538,1.9413,147.915,115.0876,8.4306,81.828,0.15851,334647.08575424645,0.013,0
2026-07-16T10:44:13Z,11.935,13.8998,17.55,0.8141,0.0852,0.3384,2.0773,147.907,115.081878,8.4366,81.814,0.16455,334599.8518337459,0.012,0
2026-07-16T10:44:13Z,11.938,13.8999,17.55,0.8217,0.0852,0.3384,2.0622,147.891,115.069336,8.4421,81.768,0.16519,334503.6187401882,0.012,0
2026-07-16T10:44:13Z,11.941,13.8999,17.55,0.8255,0.0852,0.3384,2.0773,147.873,115.054628,8.4463,81.699,0.17026,334393.31149479625,0.013,0
2026-07-16T10:44:13Z,11.944,13.9001,17.55,0.8141,0.0852,0.3384,2.3643,147.859,115.041831,8.4481,81.623,0.159,334293.0528871127,0.014,0
2026-07-16T10:44:13Z,11.948,13.9002,17.55,0.8522,0.0852,0.3384,2.4549,147.847,115.031534,8.4466,81.554,0.16108,334213.7041529756,0.015,0
2026-07-16T10:44:13Z,11.952,13.9002,17.55,0.8713,0.0852,0.0846,2.5456,147.838,115.022989,8.4419,81.507,0.1527,334149.64911285567,0.016,0
2026-07-16T10:44:13Z,11.957,13.8999,17.55,0.8713,0.0852,0.0846,2.5154,147.839,115.023918,8.4348,81.485,0.16714,334163.0601140759,0.016,0
2026-07-16T10:44:13Z,11.962,13.8994,17.55,0.8904,0.0852,0.0846,2.5607,147.85,115.032568,8.4271,81.49,0.16052,334238.65288768796,0.016,0
2026-07-16T10:44:13Z,11.966,13.8989,17.55,0.8827,0.0852,0.0846,2.1679,147.861,115.041248,8.4201,81.516,0.17598,334314.4829282496,0.016,0
2026-07-16T10:44:13Z,11.969,13.8985,17.64,0.8866,0.0852,0.1692,2.2435,147.87,115.04827,8.4153,81.557,0.15889,334375.7404892339,0.015,0
2026-07-16T10:44:13Z,11.973,13.8984,17.64,0.8522,0.0852,0.1692,2.1226,147.895,115.067509,8.4131,81.613,0.15827,334522.18384094915,0.015,0
2026-07-16T10:44:13Z,11.976,13.8984,17.64,0.8675,0.0852,0.1692,2.1679,147.938,115.100093,8.4136,81.682,0.16136,334766.6503360993,0.016,0
2026-07-16T10:44:13Z,11.98,13.8985,17.64,1.0086,0.0852,0.1692,2.2435,147.975,115.126714,8.4163,81.756,0.14954,334964.3045622663,0.017,0
2026-07-16T10:44:13Z,11.984,13.8985,17.64,0.9972,0.0852,0.2115,2.183,147.994,115.13847,8.4205,81.83,0.15598,335052.5631931608,0.019,0
2026-07-16T10:44:13Z,11.989,13.8984,17.64,0.9972,0.0852,0.2115,2.2435,147.989,115.130499,8.4262,81.892,0.18467,334994.87128690636,0.021,0
2026-07-16T10:44:13Z,11.995,13.8981,17.64,0.9857,0.0852,0.2115,2.2283,147.975,115.116672,8.4334,81.926,0.17744,334897.5364271588,0.022,0
2026-07-16T10:44:13Z,12.001,13.8974,17.64,0.9285,0.0852,0.2115,2.4852,147.979,115.1173,8.4412,81.92,0.14945,334917.331442086,0.023,0
2026-07-16T10:44:13Z,12.008,13.8964,17.64,0.9247,0.0852,0.2115,2.4852,147.995,115.128553,8.449,81.874,0.15595,335023.36209536024,0.022,0
2026-07-16T10:44:13Z,12.014,13.8951,17.64,0.9018,0.0852,0.2115,2.4852,148.005,115.13743,8.4557,81.798,0.12965,335118.0441710083,0.021,0
2026-07-16T10:44:13Z,12.019,13.8939,17.64,0.94,0.0852,0.2115,2.4398,147.994,115.130301,8.4594,81.713,0.14387,335090.37909234053,0.019,0
2026-07-16T10:44:13Z,12.023,13.8931,17.64,0.8293,0.0852,0.2115,2.2132,147.963,115.109264,8.4589,81.632,0.14646,334949.6604586483,0.017,0
2026-07-16T10:44:13Z,12.027,13.8928,17.64,0.8065,0.0852,0.2115,2.2283,147.934,115.088708,8.4542,81.568,0.14767,334801.8114685655,0.014,0
2026-07-16T10:44:13Z,12.03,13.8931,17.64,0.8293,0.0852,0.2115,2.2737,147.898,115.063152,8.4464,81.534,0.124,334603.56349792395,0.013,0
2026-07-16T10:44:13Z,12.033,13.8937,17.64,0.8065,0.0852,0.2115,2.2435,147.85,115.027781,8.4374,81.536,0.144,334325.3255705374,0.012,0
2026-07-16T10:44:13Z,12.035,13.8946,17.64,0.8904,0.0852,0.2115,2.1075,147.813,114.999161,8.429,81.565,0.14078,334091.3916944705,0.012,0
2026-07-16T10:44:13Z,12.038,13.8954,17.64,0.8904,0.0852,0.2115,2.2737,147.788,114.979661,8.4222,81.609,0.11997,333928.052466511,0.013,0
2026-07-16T10:44:13Z,12.041,13.8962,17.64,0.8522,0.0852,0.2115,2.1679,147.77,114.964079,8.4185,81.65,0.13207,333794.119313243,0.014,0
2026-07-16T10:44:13Z,12.045,13.8967,17.64,0.8599,0.0852,0.2115,2.3039,147.773,114.964259,8.4186,81.677,0.13766,333784.7286330666,0.015,0
2026-07-16T10:44:13Z,12.049,13.897,17.64,0.9362,0.0852,0.2115,2.5456,147.79,114.976251,8.4216,81.69,0.116,333868.12500072597,0.016,0
2026-07-16T10:44:13Z,12.054,13.8969,17.64,0.9209,0.0852,0.2115,2.5003,147.8,114.983251,8.4261,81.692,0.16073,333922.7202083672,0.017,0
2026-07-16T10:44:13Z,12.059,13.8964,17.64,0.9247,0.1278,0.3384,2.5154,147.826,115.003127,8.4305,81.691,0.14729,334082.41875844536,0.017,0
2026-07-16T10:44:13Z,12.063,13.8957,17.64,0.9514,0.1278,0.3384,2.5003,147.866,115.035179,8.4334,81.696,0.14974,334337.7690323822,0.016,0
2026-07-16T10:44:13Z,12.067,13.8951,17.64,0.9476,0.1278,0.3384,2.2737,147.868,115.037957,8.4348,81.717,0.11816,334371.5081741678,0.015,0
2026-07-16T10:44:13Z,12.07,13.8949,17.64,0.9323,0.1278,0.3384,2.2586,147.849,115.024201,8.4351,81.756,0.16458,334272.6539040433,0.015,0
2026-07-16T10:44:13Z,12.074,13.8949,17.64,0.9285,0.1278,0.3384,2.2737,147.849,115.02424,8.4349,81.811,0.13748,334272.9451493152,0.014,0
2026-07-16T10:44:13Z,12.077,13.8953,17.55,0.9133,0.0852,0.1692,2.3643,147.854,115.028087,8.4354,81.871,0.14096,334293.1868951878,0.014,0
2026-07-16T10:44:13Z,12.08,13.8957,17.55,0.8637,0.0852,0.1692,2.3643,147.864,115.034767,8.4374,81.919,0.15844,334334.67272028315,0.015,0
2026-07-16T10:44:13Z,12.084,13.8959,17.55,0.8827,0.0852,0.1692,2.4096,147.898,115.06005999999999,8.4414,81.946,0.14002,334520.0707346977,0.015,0
2026-07-16T10:44:13Z,12.088,13.896,17.55,0.8827,0.0852,0.1692,2.4701,147.925,115.080713,8.4471,81.954,0.13201,334672.8656793414,0.015,0
2026-07-16T10:44:13Z,12.093,13.8958,17.64,0.8599,0.0852,0.1692,2.3643,147.908,115.066234,8.4533,81.95,0.15827,334568.53625647095,0.015,0
2026-07-16T10:44:13Z,12.097,13.8955,17.64,0.8179,0.0852,0.1692,2.4701,147.886,115.048761,8.4584,81.933,0.13201,334443.9206815871,0.015,0
2026-07-16T10:44:13Z,12.101,13.8951,17.64,0.8217,0.0852,0.1692,2.5607,147.887,115.049634,8.4612,81.905,0.12892,334459.0747967121,0.014,0
2026-07-16T10:44:13Z,12.104,13.8949,17.64,0.7874,0.0852,0.1692,2.5003,147.878,115.043085,8.4621,81.876,0.13198,334414.25648678344,0.013,0
2026-07-16T10:44:13Z,12.107,13.8946,17.64,0.795,0.0852,0.1692,2.5003,147.859,115.02937,8.4617,81.855,0.13532,334317.85271388525,0.013,0
2026-07-16T10:44:13Z,12.11,13.8945,17.64,0.8141,0.0852,0.1692,2.5607,147.86,115.030828,8.46,81.84,0.15194,334330.93624873634,0.014,0
2026-07-16T10:44:13Z,12.113,13.8945,17.64,0.7988,0.0852,0.1692,2.5607,147.873,115.04185,8.4571,81.827,0.14384,334413.5968745166,0.015,0
2026-07-16T10:44:13Z,12.116,13.8947,17.64,0.8217,0.0852,0.1692,2.4549,147.891,115.055375,8.4541,81.822,0.11623,334510.7416896849,0.016,0
2026-07-16T10:44:13Z,12.121,13.8949,17.64,0.8217,0.0852,0.1692,2.5003,147.911,115.07101,8.4519,81.831,0.13772,334623.73365187715,0.018,0
2026-07-16T10:44:13Z,12.126,13.8952,17.64,1.001,0.0852,0.2115,2.5305,147.919,115.076925,8.4502,81.849,0.13757,334661.65431987605,0.019,0
2026-07-16T10:44:13Z,12.131,13.8954,17.64,0.9819,0.0852,0.2115,2.5154,147.916,115.074697,8.4488,81.867,0.13047,334640.62800700613,0.02,0
2026-07-16T10:44:13Z,12.137,13.8954,17.64,0.9972,0.0852,0.2115,2.4549,147.922,115.079732,8.4483,81.876,0.13209,334678.40604573954,0.02,0
2026-07-16T10:44:13Z,12.142,13.8953,17.64,0.9896,0.0852,0.2115,2.4701,147.934,115.089372,8.4493,81.88,0.11607,334752.8983358849,0.02,0
2026-07-16T10:44:13Z,12.147,13.8952,17.64,0.8675,0.0852,0.2115,2.5003,147.929,115.086189,8.4512,81.89,0.12639,334731.16327319964,0.019,0
2026-07-16T10:44:13Z,12.151,13.8953,17.64,0.8484,0.0852,0.2115,2.4701,147.912,115.073333,8.4531,81.907,0.14971,334632.5388596059,0.019,0
2026-07-16T10:44:13Z,12.156,13.8954,17.64,0.8408,0.0852,0.2115,2.5305,147.904,115.067377,8.454,81.921,0.14932,334585.69768589636,0.019,0
2026-07-16T10:44:13Z,12.16,13.8956,17.64,0.8866,0.0852,0.2115,2.4398,147.914,115.07473,8.4543,81.921,0.11612,334636.55830192793,0.02,0
2026-07-16T10:44:13Z,12.165,13.8958,17.64,0.8866,0.0852,0.2115,2.5154,147.939,115.093355,8.4553,81.904,0.11688,334772.01194172323,0.021,0
2026-07-16T10:44:13Z,12.171,13.896,17.64,0.8942,0.0852,0.2115,2.5305,147.966,115.112218,8.4571,81.868,0.13742,334909.28434095945,0.023,0
2026-07-16T10:44:13Z,12.177,13.896,17.64,0.8713,0.0852,0.2115,2.6211,147.978,115.12035,8.4584,81.818,0.14331,334970.33018275956,0.024,0
2026-07-16T10:44:13Z,12.184,13.8959,17.64,0.8789,0.0852,0.2115,2.5607,147.968,115.111921,8.4585,81.758,0.13506,334909.2045139968,0.025,0
2026-07-16T10:44:13Z,12.191,13.8955,17.64,1.001,0.0852,0.2961,2.5154,147.946,115.094681,8.4568,81.702,0.12008,334788.41584443033,0.025,0
2026-07-16T10:44:13Z,12.198,13.8949,17.64,1.001,0.0852,0.2961,2.5154,147.929,115.082033,8.4532,81.674,0.11607,334706.4162913776,0.024,0
2026-07-16T10:44:13Z,12.203,13.8945,17.64,0.9934,0.0852,0.2961,2.4701,147.929,115.082604,8.4481,81.686,0.1439,334719.3137719632,0.023,0
2026-07-16T10:44:13Z,12.209,13.8943,17.64,0.9934,0.0852,0.2961,2.5003,147.967,115.112544,8.442,81.74,0.13506,334948.35162437335,0.023,0
2026-07-16T10:44:13Z,12.214,13.8943,17.64,0.8827,0.0852,0.2961,2.8175,148.015,115.149838,8.4362,81.826,0.12322,335228.41142772656,0.023,0
2026-07-16T10:44:13Z,12.22,13.8945,17.64,0.8789,0.0852,0.2115,2.6966,148.017,115.150436,8.4332,81.924,0.12886,335228.58737544814,0.023,0
2026-07-16T10:44:13Z,12.226,13.8946,17.64,0.8827,0.0852,0.2115,2.7571,147.977,115.118495,8.4345,82.017,0.14017,334986.55886020546,0.023,0
2026-07-16T10:44:13Z,12.232,13.8947,17.64,0.898,0.0852,0.2115,2.7571,147.942,115.089497,8.4401,82.092,0.11617,334766.72506879113,0.023,0
2026-07-16T10:44:13Z,12.239,13.8947,17.64,0.8751,0.0852,0.2115,2.5305,147.941,115.087706,8.4489,82.132,0.11737,334753.28125506244,0.022,0
2026-07-16T10:44:13Z,12.244,13.8944,17.64,0.8637,0.0852,0.1692,2.4701,147.953,115.096646,8.4591,82.132,0.12642,334826.8398007294,0.022,0
2026-07-16T10:44:13Z,12.249,13.894,17.64,0.8942,0.0852,0.1692,2.5003,147.953,115.096702,8.4687,82.099,0.11617,334835.8757776224,0.022,0
2026-07-16T10:44:13Z,12.254,13.8936,17.64,0.8827,0.0852,0.1692,2.5607,147.97,115.109887,8.4766,82.048,0.13462,334943.4719640731,0.022,0
2026-07-16T10:44:13Z,12.259,13.8933,17.64,0.94,0.0852,0.1692,2.2132,148.008,115.137719,8.4808,81.993,0.12094,335158.93451511755,0.022,0
2026-07-16T10:44:13Z,12.265,13.8932,17.64,0.94,0.0852,0.2115,2.3039,148.047,115.165619,8.4808,81.947,0.11704,335370.6793095023,0.024,0
2026-07-16T10:44:13Z,12.271,13.8931,17.64,0.9285,0.0852,0.2115,2.2586,148.087,115.193029,8.4774,81.914,0.11602,335578.8238549898,0.025,0
2026-07-16T10:44:13Z,12.278,13.893,17.64,0.9209,0.0852,0.2115,2.2586,148.103,115.203258,8.4722,81.884,0.116,335657.8726728236,0.025,0
2026-07-16T10:44:13Z,12.285,13.8925,17.64,0.8141,0.0852,0.2115,2.3794,148.083,115.187035,8.4666,81.855,0.1305,335546.7203919839,0.025,0
2026-07-16T10:44:13Z,12.292,13.8915,17.64,0.8141,0.0852,0.1692,2.5607,148.052,115.164032,8.462,81.837,0.1166,335395.4305847055,0.024,0
2026-07-16T10:44:13Z,12.299,13.8904,17.64,0.8141,0.0852,0.1692,2.3945,148.045,115.160113,8.4588,81.837,0.12338,335389.7190591477,0.023,0
2026-07-16T10:44:13Z,12.304,13.8896,17.64,0.8293,0.0852,0.1692,2.4701,148.067,115.178233,8.4558,81.857,0.11987,335543.1684187585,0.022,0
2026-07-16T10:44:13Z,12.309,13.8894,17.64,0.8065,0.0852,0.1692,2.4398,148.11,115.211226,8.4529,81.896,0.11597,335795.54227156274,0.021,0
2026-07-16T10:44:13Z,12.313,13.8897,17.64,0.8103,0.0852,0.1692,2.5305,148.145,115.235891,8.451,81.946,0.12015,335974.5714403817,0.021,0
2026-07-16T10:44:13Z,12.318,13.8902,17.64,0.8026,0.0852,0.2538,2.5305,148.132,115.222806,8.4508,82.001,0.11607,335865.33890485845,0.021,0
2026-07-16T10:44:13Z,12.324,13.8905,17.64,0.8141,0.0852,0.2538,2.5154,148.102,115.196481,8.4529,82.057,0.11623,335660.90275948454,0.022,0
2026-07-16T10:44:13Z,12.33,13.8904,17.64,0.8713,0.0852,0.2538,2.606,148.101,115.193893,8.4569,82.101,0.11676,335643.6035820394,0.022,0
2026-07-16T10:44:13Z,12.336,13.8897,17.64,0.8637,0.0852,0.2538,2.4096,148.107,115.198353,8.4622,82.125,0.11605,335692.2522471425,0.022,0
2026-07-16T10:44:13Z,12.343,13.8886,17.73,0.8675,0.1704,0.2961,2.4247,148.091,115.187051,8.4681,82.127,0.13198,335631.0364548792,0.021,0
2026-07-16T10:44:13Z,12.348,13.8875,17.73,0.8827,0.1704,0.2961,2.5456,148.065,115.168974,8.474,82.114,0.12309,335518.8958711352,0.019,0
2026-07-16T10:44:13Z,12.352,13.887,17.73,0.8751,0.1704,0.2961,2.3945,148.054,115.163299,8.4787,82.098,0.11612,335487.03227151395,0.017,0
2026-07-16T10:44:13Z,12.356,13.887,17.73,0.8675,0.1704,0.2961,2.4701,148.068,115.176514,8.4812,82.09,0.11605,335586.369516805,0.016,0
2026-07-16T10:44:13Z,12.36,13.8874,17.73,0.898,0.0852,0.2115,2.5154,148.086,115.192143,8.4814,82.092,0.1161,335695.2347466622,0.015,0
2026-07-16T10:44:13Z,12.363,13.8881,17.73,0.8522,0.0852,0.2115,2.4398,148.077,115.186354,8.4799,82.099,0.11597,335636.58739495056,0.015,0
2026-07-16T10:44:13Z,12.366,13.889,17.73,0.837,0.0852,0.2115,2.4247,148.036,115.153606,8.4781,82.111,0.11607,335371.01008801546,0.015,0
2026-07-16T10:44:13Z,12.37,13.8898,17.73,0.8789,0.0852,0.2115,2.4398,147.998,115.123163,8.4771,82.127,0.11595,335125.04161940183,0.016,0
2026-07-16T10:44:13Z,12.374,13.8904,17.73,0.8789,0.0852,0.2115,2.5003,147.977,115.104905,8.4772,82.146,0.11693,334974.98958119395,0.017,0
2026-07-16T10:44:13Z,12.379,13.8906,17.73,0.8675,0.0852,0.1692,2.4398,147.948,115.079965,8.4779,82.164,0.11612,334783.44280969823,0.018,0
2026-07-16T10:44:13Z,12.385,13.8906,17.73,0.9743,0.0852,0.1692,2.4701,147.915,115.051692,8.4791,82.176,0.11605,334571.2622950616,0.018,0
2026-07-16T10:44:13Z,12.39,13.8901,17.73,1.001,0.0852,0.1692,2.5003,147.889,115.030544,8.4808,82.18,0.1158,334423.36505806964,0.018,0
2026-07-16T10:44:13Z,12.395,13.8894,17.73,0.9819,0.0852,0.1692,2.4247,147.888,115.028882,8.4829,82.181,0.11602,334425.9598479404,0.017,0
2026-07-16T10:44:13Z,12.399,13.8886,17.73,0.9934,0.0852,0.1692,2.4701,147.913,115.048263,8.485,82.172,0.11612,334588.5862846855,0.015,0
2026-07-16T10:44:13Z,12.402,13.8879,17.73,0.8789,0.0852,0.1692,2.5305,147.961,115.085854,8.4863,82.148,0.12875,334885.8175405782,0.014,0
2026-07-16T10:44:13Z,12.405,13.8874,17.73,0.8713,0.0852,0.1692,2.4096,148.033,115.14168,8.4869,82.108,0.12878,335315.90740756004,0.014,0
2026-07-16T10:44:13Z,12.408,13.8872,17.73,0.8713,0.0852,0.1692,2.4701,148.1,115.192632,8.4869,82.059,0.11587,335703.21355544706,0.014,0
2026-07-16T10:44:13Z,12.412,13.8873,17.64,0.8866,0.0852,0.2115,2.5607,148.13,115.214296,8.486,82.011,0.11612,335863.9737728815,0.014,0
2026-07-16T10:44:13Z,12.415,13.8872,17.64,0.8522,0.0852,0.2115,2.5607,148.119,115.204451,8.4835,81.981,0.11617,335792.0890487516,0.014,0
2026-07-16T10:44:13Z,12.419,13.887,17.64,0.8789,0.0852,0.2115,2.5305,148.09,115.180471,8.4795,81.978,0.116,335616.09356639645,0.014,0
2026-07-16T10:44:13Z,12.424,13.8866,17.64,0.8866,0.0852,0.2115,2.606,148.07,115.163958,8.4745,82,0.1161,335500.5941463443,0.014,0
2026-07-16T10:44:13Z,12.428,13.8861,17.73,0.8446,0.0852,0.1269,2.5154,148.065,115.158511,8.4696,82.04,0.11607,335470.4446987495,0.013,0
2026-07-16T10:44:13Z,12.431,13.8857,17.73,0.8141,0.0852,0.1269,2.3643,148.051,115.146675,8.4666,82.086,0.116,335390.11987007794,0.012,0
2026-07-16T10:44:13Z,12.434,13.8853,17.73,0.8255,0.0852,0.1269,2.5003,148.024,115.125297,8.4664,82.125,0.11607,335238.1090759707,0.011,0
2026-07-16T10:44:13Z,12.436,13.8849,17.73,0.8293,0.0852,0.1269,2.4247,148.018,115.120672,8.4687,82.144,0.11775,335211.9885405923,0.01,0
2026-07-16T10:44:13Z,12.439,13.8845,17.73,0.8103,0.0852,0.1269,2.5305,148.041,115.139567,8.4729,82.143,0.11595,335362.5977939392,0.01,0
2026-07-16T10:44:13Z,12.441,13.8842,17.73,0.795,0.0852,0.2961,2.3945,148.06,115.155022,8.4777,82.123,0.11605,335485.2334348181,0.01,0
2026-07-16T10:44:13Z,12.443,13.8841,17.73,0.795,0.0852,0.2961,2.5154,148.049,115.14716,8.4817,82.094,0.11617,335428.29639650456,0.01,0
2026-07-16T10:44:13Z,12.445,13.8842,17.73,0.8141,0.0852,0.2961,2.4398,148.027,115.129884,8.4837,82.071,0.11612,335296.3035565459,0.011,0
2026-07-16T10:44:13Z,12.448,13.8844,17.73,0.8103,0.0852,0.2961,2.4398,148.035,115.134586,8.4835,82.067,0.11595,335327.32032258756,0.012,0
2026-07-16T10:44:13Z,12.451,13.8847,17.73,0.8942,0.0852,0.1269,2.4096,148.058,115.150519,8.4814,82.083,0.11617,335440.5881086272,0.014,0
2026-07-16T10:44:13Z,12.455,13.8849,17.73,0.8637,0.0852,0.1269,2.4701,148.066,115.153933,8.4784,82.106,0.11602,335461.9298018343,0.015,0
2026-07-16T10:44:13Z,12.459,13.8849,17.73,0.856,0.0852,0.1269,2.4398,148.068,115.153738,8.476,82.122,0.1161,335460.462505018,0.016,0
2026-07-16T10:44:13Z,12.464,13.8843,17.73,0.8827,0.0852,0.1269,2.606,148.065,115.149883,8.4758,82.124,0.11605,335444.43745494215,0.016,0
2026-07-16T10:44:13Z,12.468,13.8835,17.82,0.8446,0.1278,0.2115,2.4247,148.051,115.137339,8.4775,82.115,0.11615,335367.42449201416,0.017,0
2026-07-16T10:44:13Z,12.472,13.8827,17.82,0.8751,0.1278,0.2115,2.4398,148.026,115.116761,8.48,82.101,0.11615,335230.0506285167,0.017,0
2026-07-16T10:44:13Z,12.476,13.8821,17.82,0.8866,0.1278,0.2115,2.5154,147.995,115.090662,8.4818,82.091,0.11597,335046.9209054407,0.018,0
2026-07-16T10:44:13Z,12.48,13.8816,17.82,0.8675,0.1278,0.2115,2.606,147.974,115.07208,8.4821,82.092,0.11612,334918.1387706285,0.019,0
2026-07-16T10:44:13Z,12.485,13.8811,17.82,0.8866,0.1278,0.2115,2.4247,147.978,115.07206,8.4812,82.11,0.11595,334928.7643699018,0.021,0
2026-07-16T10:44:13Z,12.49,13.8805,17.64,0.8675,0.1278,0.2961,2.4096,148.007,115.090596,8.4799,82.143,0.11615,335080.92175781605,0.022,0
2026-07-16T10:44:13Z,12.497,13.88,17.64,0.8827,0.1278,0.2961,2.4398,148.028,115.104632,8.4789,82.181,0.11595,335197.1554167572,0.023,0
2026-07-16T10:44:13Z,12.504,13.8792,17.64,0.8637,0.1278,0.2961,2.5154,148.015,115.093912,8.4793,82.214,0.1162,335133.8656625043,0.023,0
2026-07-16T10:44:13Z,12.511,13.878,17.64,0.9209,0.1278,0.2961,2.5456,148.003,115.085575,8.4814,82.23,0.11605,335097.1098965512,0.021,0
2026-07-16T10:44:13Z,12.516,13.8768,17.73,0.9362,0.1278,0.1692,2.5758,148.008,115.091397,8.485,82.21,0.11602,335166.73402288515,0.019,0
2026-07-16T10:44:13Z,12.521,13.876,17.73,0.9552,0.1278,0.1692,2.4247,147.999,115.086933,8.489,82.146,0.116,335150.4476919008,0.017,0
2026-07-16T10:44:13Z,12.524,13.8757,17.73,0.959,0.1278,0.1692,2.5305,147.996,115.086992,8.4925,82.047,0.11602,335157.3613358323,0.015,0
2026-07-16T10:44:13Z,12.527,13.876,17.73,0.8141,0.1278,0.1692,2.2283,148.01,115.10159,8.4941,81.93,0.11612,335260.58712663985,0.013,0
2026-07-16T10:44:13Z,12.53,13.8767,17.64,0.7874,0.0852,0.2961,2.1679,148.011,115.10462,8.492,81.819,0.11612,335268.2529050116,0.013,0
2026-07-16T10:44:13Z,12.533,13.8775,17.64,0.8141,0.0852,0.2961,2.2586,148.002,115.09889,8.4852,81.726,0.11602,335207.93007403513,0.013,0
2026-07-16T10:44:13Z,12.536,13.8785,17.64,0.8141,0.0852,0.2961,2.3945,148.007,115.102873,8.4748,81.664,0.11607,335216.2839142467,0.013,0
2026-07-16T10:44:13Z,12.539,13.8796,17.64,0.8446,0.0852,0.2961,2.5607,148.012,115.105629,8.4625,81.646,0.11612,335213.25956242543,0.015,0
2026-07-16T10:44:13Z,12.543,13.8805,17.73,0.8866,0.0852,0.2961,2.5758,147.998,115.091896,8.4508,81.675,0.11607,335090.66733716294,0.016,0
2026-07-16T10:44:13Z,12.548,13.881,17.73,0.8789,0.0852,0.2961,2.5003,147.977,115.074009,8.4411,81.741,0.11605,334945.53238228563,0.017,0
2026-07-16T10:44:13Z,12.553,13.881,17.73,0.898,0.0852,0.2961,2.4701,147.963,115.063198,8.4348,81.829,0.11612,334864.3443537254,0.018,0
2026-07-16T10:44:13Z,12.558,13.8804,17.73,0.8637,0.0852,0.2961,2.5003,147.948,115.052581,8.4331,81.919,0.11595,334797.5527632048,0.017,0
2026-07-16T10:44:13Z,12.563,13.8797,17.73,0.9514,0.0852,0.2961,2.3039,147.937,115.045326,8.4362,82.002,0.11602,334758.16220921517,0.017,0
2026-07-16T10:44:13Z,12.567,13.8792,17.73,0.9247,0.0852,0.2538,2.2737,147.941,115.049497,8.4431,82.078,0.11602,334800.25017931056,0.016,0
2026-07-16T10:44:13Z,12.57,13.8791,17.73,0.9018,0.0852,0.2538,2.2435,147.944,115.052209,8.4521,82.137,0.11595,334822.7672778946,0.015,0
2026-07-16T10:44:13Z,12.574,13.8794,17.73,0.9476,0.0852,0.2538,2.319,147.928,115.040184,8.4613,82.168,0.11605,334726.01677953167,0.015,0
2026-07-16T10:44:13Z,12.577,13.8798,17.73,0.7988,0.0852,0.2538,2.2737,147.909,115.024216,8.4699,82.174,0.11612,334597.53626019316,0.015,0
2026-07-16T10:44:13Z,12.581,13.8802,17.64,0.8255,0.1278,0.1692,2.2435,147.916,115.028045,8.4777,82.161,0.11617,334617.66042192036,0.016,0
2026-07-16T10:44:13Z,12.585,13.8804,17.64,0.8026,0.1278,0.1692,2.1528,147.94,115.044692,8.4837,82.127,0.11605,334738.31332433195,0.017,0
2026-07-16T10:44:13Z,12.589,13.8804,17.64,0.8179,0.1278,0.1692,2.2283,147.957,115.054597,8.4869,82.079,0.11617,334812.6776550545,0.019,0
2026-07-16T10:44:13Z,12.594,13.8802,17.64,0.8217,0.1278,0.1692,2.3039,147.977,115.066402,8.4876,82.025,0.1161,334905.63059732615,0.021,0
2026-07-16T10:44:13Z,12.6,13.8797,17.64,0.8141,0.0852,0.2961,2.2132,147.999,115.079253,8.4863,81.973,0.116,335012.9247404684,0.023,0
2026-07-16T10:44:13Z,12.607,13.8789,17.64,0.8217,0.0852,0.2961,2.2435,148.022,115.094579,8.483,81.933,0.116,335145.30777292035,0.024,0
2026-07-16T10:44:13Z,12.614,13.8778,17.64,0.8141,0.0852,0.2961,2.319,148.06,115.122466,8.4782,81.899,0.11587,335378.61066257907,0.025,0
2026-07-16T10:44:13Z,12.621,13.8765,17.64,0.8713,0.0852,0.2961,2.2737,148.093,115.14835,8.4728,81.856,0.11612,335601.2831319844,0.024,0
2026-07-16T10:44:13Z,12.627,13.8751,17.64,0.8866,0.0852,0.2961,2.1226,148.113,115.165137,8.4678,81.799,0.11605,335757.7868386011,0.023,0
2026-07-16T10:44:13Z,12.633,13.8742,17.73,0.8904,0.0852,0.2115,2.2737,148.133,115.181301,8.4638,81.735,0.11605,335898.84792208567,0.022,0
2026-07-16T10:44:13Z,12.638,13.8737,17.73,0.898,0.0852,0.2115,2.2283,148.132,115.181154,8.4604,81.67,0.11605,335908.5502596219,0.021,0
2026-07-16T10:44:13Z,12.642,13.8738,17.73,0.7607,0.0852,0.2115,2.032,148.08,115.140657,8.4559,81.612,0.11607,335601.7440271255,0.022,0
2026-07-16T10:44:13Z,12.647,13.874,17.73,0.7492,0.0852,0.2115,2.1075,148.024,115.09501,8.45,81.58,0.11617,335254.2454141093,0.023,0
2026-07-16T10:44:13Z,12.653,13.8743,17.64,0.7721,0.0852,0.2961,2.1679,148.016,115.086037,8.4433,81.583,0.11595,335180.336953814,0.025,0
2026-07-16T10:44:13Z,12.66,13.8745,17.64,0.7302,0.0852,0.2961,2.0471,148.019,115.085347,8.4365,81.619,0.11617,335170.83441584994,0.027,0
2026-07-16T10:44:13Z,12.667,13.8744,17.64,0.8904,0.0852,0.2961,2.3039,147.993,115.062757,8.4306,81.681,0.11607,335003.2625470198,0.028,0
2026-07-16T10:44:13Z,12.676,13.8739,17.64,0.9018,0.0852,0.2961,2.319,147.944,115.024241,8.4274,81.761,0.11612,334724.7683794517,0.028,0
2026-07-16T10:44:13Z,12.684,13.8729,17.73,0.8675,0.0852,0.2115,2.2888,147.915,115.001527,8.4279,81.844,0.11615,334575.7792567177,0.027,0
2026-07-16T10:44:13Z,12.691,13.8718,17.73,0.8637,0.0852,0.2115,2.2737,147.914,115.002558,8.4317,81.916,0.11605,334607.2064157467,0.025,0
2026-07-16T10:44:13Z,12.697,13.8711,17.73,0.856,0.0852,0.2115,2.2737,147.914,115.003608,8.4384,81.965,0.11607,334630.16398435045,0.023,0
2026-07-16T10:44:13Z,12.702,13.8708,17.73,0.8713,0.0852,0.2115,2.2737,147.924,115.012959,8.4467,81.987,0.11612,334706.8342287145,0.021,0
2026-07-16T10:44:13Z,12.706,13.8709,17.64,0.8866,0.1278,0.1692,2.2132,147.951,115.035104,8.4553,81.981,0.1161,334870.9847034164,0.02,0
2026-07-16T10:44:13Z,12.711,13.8713,17.64,0.8522,0.1278,0.1692,2.3039,147.965,115.045949,8.4626,81.951,0.11623,334943.8218471234,0.02,0
2026-07-16T10:44:13Z,12.716,13.8719,17.64,0.9819,0.1278,0.1692,2.2888,147.972,115.050388,8.4676,81.915,0.11602,334964.2295856774,0.021,0
2026-07-16T10:44:13Z,12.721,13.8724,17.64,0.9857,0.1278,0.1692,2.2586,147.998,115.067602,8.4697,81.887,0.11628,335082.7720864434,0.022,0
2026-07-16T10:44:13Z,12.727,13.8728,17.64,0.9896,0.1278,0.1692,2.2283,148.022,115.084182,8.469,81.874,0.11605,335198.7297583873,0.023,0
2026-07-16T10:44:13Z,12.734,13.8728,17.64,0.9705,0.1278,0.1692,2.2435,148.037,115.094551,8.4659,81.879,0.11612,335276.65765545936,0.023,0
2026-07-16T10:44:13Z,12.74,13.8723,17.64,0.8713,0.1278,0.1692,2.1075,148.052,115.105473,8.4622,81.9,0.11615,335369.5469716148,0.022,0
2026-07-16T10:44:13Z,12.746,13.8715,17.64,0.8751,0.1278,0.1692,2.1075,148.05,115.103861,8.4595,81.93,0.11602,335374.6958571102,0.021,0
2026-07-16T10:44:13Z,12.751,13.8707,17.64,0.8751,0.1278,0.1692,2.0169,148.022,115.081285,8.4583,81.959,0.116,335222.2596042058,0.02,0
2026-07-16T10:44:13Z,12.756,13.8702,17.73,0.8866,0.0852,0.2538,1.9866,147.994,115.057725,8.4589,81.978,0.1161,335055.99585273344,0.019,0
2026-07-16T10:44:13Z,12.76,13.87,17.73,1.0735,0.0852,0.2538,2.1075,147.982,115.044898,8.4611,81.983,0.11607,334963.9363828116,0.019,0
2026-07-16T10:44:13Z,12.765,13.8699,17.73,1.062,0.0852,0.2538,2.1075,147.966,115.029381,8.4643,81.982,0.11585,334849.5315135356,0.018,0
2026-07-16T10:44:13Z,12.769,13.8696,17.73,1.0697,0.0852,0.2538,2.032,147.939,115.005039,8.4673,81.975,0.11605,334673.1922778128,0.019,0
2026-07-16T10:44:13Z,12.774,13.869,17.64,1.0773,0.1278,0.2538,2.1075,147.908,114.979377,8.4693,81.968,0.11623,334493.45803939574,0.019,0
2026-07-16T10:44:13Z,12.779,13.8681,17.64,0.7492,0.1278,0.2538,2.0471,147.889,114.963553,8.4701,81.957,0.11607,334394.06283779064,0.019,0
2026-07-16T10:44:13Z,12.784,13.8669,17.64,0.7454,0.1278,0.2538,2.0924,147.878,114.955347,8.4702,81.937,0.11617,334358.30515984603,0.019,0
2026-07-16T10:44:13Z,12.789,13.8658,17.64,0.7302,0.1278,0.2538,2.0924,147.878,114.956569,8.4698,81.905,0.11597,334391.1517171008,0.019,0
2026-07-16T10:44:13Z,12.794,13.8651,17.64,0.7492,0.1278,0.2538,2.0773,147.899,114.973546,8.4691,81.859,0.11602,334533.6588932546,0.019,0
2026-07-16T10:44:13Z,12.798,13.8648,17.73,0.8065,0.0852,0.2115,2.0622,147.922,114.992806,8.4681,81.799,0.116,334684.7341160782,0.02,0
2026-07-16T10:44:13Z,12.803,13.8649,17.73,0.8065,0.0852,0.2115,2.1075,147.939,115.005485,8.4659,81.731,0.11617,334777.80031726894,0.02,0
2026-07-16T10:44:13Z,12.808,13.8653,17.73,0.8179,0.0852,0.2115,2.0924,147.957,115.018964,8.4626,81.664,0.11607,334870.42396294425,0.021,0
2026-07-16T10:44:13Z,12.814,13.8657,17.73,0.8293,0.0852,0.2115,2.0773,147.98,115.036838,8.4578,81.611,0.11612,334996.08284809813,0.021,0
2026-07-16T10:44:13Z,12.82,13.8659,17.73,0.8942,0.0852,0.2538,2.1377,147.993,115.047874,8.4516,81.579,0.11607,335074.6942339769,0.02,0
2026-07-16T10:44:13Z,12.826,13.8659,17.73,0.8522,0.0852,0.2538,2.1377,147.99,115.047016,8.4445,81.564,0.116,335068.24421573925,0.019,0
2026-07-16T10:44:13Z,12.831,13.8658,17.73,0.898,0.0852,0.2538,2.0924,147.982,115.042033,8.4376,81.561,0.11607,335032.9545813167,0.017,0
2026-07-16T10:44:13Z,12.834,13.8659,17.73,0.837,0.0852,0.2538,2.1075,147.965,115.031597,8.4321,81.563,0.11605,334952.38434304035,0.015,0
2026-07-16T10:44:13Z,12.838,13.8661,17.73,0.7302,0.0852,0.2538,1.9715,147.95,115.022926,8.4287,81.569,0.11605,334882.9293659467,0.013,0
2026-07-16T10:44:13Z,12.84,13.8665,17.73,0.7378,0.0852,0.2538,2.0924,147.963,115.035706,8.4271,81.576,0.1161,334970.31585653697,0.012,0
2026-07-16T10:44:13Z,12.843,13.8671,17.73,0.734,0.0852,0.2538,2.0773,147.985,115.055345,8.4266,81.585,0.11607,335104.9434675558,0.011,0
2026-07-16T10:44:13Z,12.845,13.8679,17.73,0.7607,0.0852,0.2538,2.1679,147.984,115.057082,8.4268,81.597,0.116,335100.73878551426,0.011,0
2026-07-16T10:44:13Z,12.848,13.8688,17.64,0.8217,0.0852,0.2961,2.319,147.972,115.04938,8.4272,81.609,0.11612,335023.45202688803,0.012,0
2026-07-16T10:44:13Z,12.851,13.8698,17.64,0.8217,0.0852,0.2961,2.3341,147.962,115.042185,8.4277,81.613,0.11607,334947.8322202415,0.013,0
2026-07-16T10:44:13Z,12.855,13.8707,17.64,0.8141,0.0852,0.2961,2.1377,147.96,115.041578,8.4285,81.611,0.116,334923.8675112864,0.014,0
2026-07-16T10:44:13Z,12.859,13.8715,17.64,0.8217,0.0852,0.2961,2.3039,147.976,115.055397,8.4297,81.609,0.11592,335010.4294531471,0.015,0
2026-07-16T10:44:13Z,12.863,13.8721,17.64,0.8065,0.0852,0.2961,2.1075,147.995,115.071327,8.4308,81.612,0.11595,335117.177563928,0.015,0
2026-07-16T10:44:13Z,12.867,13.8723,17.64,0.795,0.0852,0.1269,2.1377,148.006,115.081617,8.4312,81.623,0.11605,335190.1872277595,0.014,0
2026-07-16T10:44:13Z,12.871,13.8726,17.64,0.8446,0.0852,0.1269,2.183,148.014,115.089012,8.4309,81.633,0.11605,335239.28932780714,0.013,0
2026-07-16T10:44:13Z,12.874,13.8729,17.64,0.8255,0.0852,0.1269,2.0471,148.011,115.087483,8.4305,81.642,0.116,335221.3234389566,0.012,0
2026-07-16T10:44:13Z,12.876,13.8734,17.64,0.7378,0.0852,0.1269,2.0924,148.016,115.092623,8.4308,81.654,0.11633,335249.1638413135,0.011,0
2026-07-16T10:44:13Z,12.879,13.8739,17.64,0.7454,0.1278,0.2961,2.0622,148.037,115.109801,8.4318,81.67,0.11615,335367.4903229847,0.01,0
2026-07-16T10:44:13Z,12.881,13.8744,17.64,0.7607,0.1278,0.2961,2.1528,148.034,115.1076,8.4328,81.694,0.11605,335340.15151446254,0.01,0
2026-07-16T10:44:13Z,12.883,13.8748,17.64,0.7416,0.1278,0.2961,2.0471,147.999,115.081433,8.4336,81.732,0.11602,335134.8654374327,0.011,0
2026-07-16T10:44:13Z,12.886,13.8751,17.64,0.7569,0.1278,0.2961,2.0018,147.966,115.056321,8.4348,81.777,0.116,334939.74033881666,0.012,0
2026-07-16T10:44:13Z,12.889,13.8753,17.64,0.7416,0.0852,0.2538,2.0924,147.937,115.033568,8.4364,81.819,0.11612,334764.5542504159,0.013,0
2026-07-16T10:44:13Z,12.893,13.8756,17.64,0.7492,0.0852,0.2538,2.0773,147.887,114.995105,8.4388,81.853,0.11597,334469.3624214498,0.013,0
2026-07-16T10:44:13Z,12.896,13.8758,17.64,0.7378,0.0852,0.2538,2.1377,147.832,114.952676,8.4427,81.88,0.11625,334146.73827832984,0.013,0
2026-07-16T10:44:13Z,12.9,13.876,17.64,0.6996,0.0852,0.2538,2.0471,147.824,114.946962,8.4474,81.903,0.116,334099.581713699,0.013,0
2026-07-16T10:44:13Z,12.903,13.876,17.64,0.6729,0.0852,0.2538,2.0471,147.861,114.976441,8.4517,81.922,0.11605,334320.7023629436,0.012,0
2026-07-16T10:44:13Z,12.906,13.8761,17.64,0.6806,0.1278,0.1269,2.0622,147.892,115.000975,8.4552,81.935,0.11595,334502.646245702,0.011,0
2026-07-16T10:44:13Z,12.909,13.8761,17.64,0.692,0.1278,0.1269,2.1075,147.92,115.023107,8.458,81.941,0.11602,334668.77072261355,0.011,0
2026-07-16T10:44:13Z,12.911,13.8763,17.64,0.7569,0.1278,0.1269,2.1377,147.95,115.046741,8.4603,81.941,0.11617,334841.91518946463,0.011,0
2026-07-16T10:44:13Z,12.914,13.8765,17.64,0.7149,0.1278,0.1269,2.0622,147.952,115.048178,8.4622,81.936,0.11607,334848.3950346953,0.012,0
2026-07-16T10:44:13Z,12.917,13.8766,17.64,0.7569,0.0426,0.3384,2.0773,147.947,115.043802,8.4636,81.933,0.11595,334813.3776228614,0.013,0
2026-07-16T10:44:13Z,12.92,13.8767,17.64,0.7416,0.0426,0.3384,2.1075,147.966,115.058445,8.4641,81.934,0.11612,334921.1880360136,0.014,0
2026-07-16T10:44:13Z,12.925,13.8768,17.64,0.7645,0.0426,0.3384,2.0773,147.987,115.074012,8.4641,81.942,0.11623,335035.96033161,0.015,0
2026-07-16T10:44:13Z,12.929,13.8768,17.64,0.7797,0.0426,0.3384,2.1377,147.993,115.078655,8.4637,81.953,0.11597,335070.83887201716,0.015,0
2026-07-16T10:44:13Z,12.933,13.8767,17.64,0.7492,0.0852,0.1692,2.1226,148,115.083612,8.4633,81.965,0.11612,335110.2356074759,0.014,0
2026-07-16T10:44:13Z,12.937,13.8766,17.64,0.734,0.0852,0.1692,2.1377,147.984,115.072207,8.4635,81.969,0.11612,335026.70887550135,0.014,0
2026-07-16T10:44:13Z,12.94,13.8765,17.64,0.692,0.0852,0.1692,2.1377,147.944,115.041397,8.4643,81.958,0.116,334797.4641145495,0.013,0
2026-07-16T10:44:13Z,12.943,13.8764,17.64,0.6577,0.0852,0.1692,2.0018,147.913,115.016964,8.4655,81.932,0.11612,334616.1809431528,0.013,0
2026-07-16T10:44:13Z,12.946,13.8764,17.73,0.7111,0.0852,0.2115,2.1075,147.897,115.004394,8.4667,81.89,0.11605,334521.83129865705,0.014,0
2026-07-16T10:44:13Z,12.949,13.8765,17.73,0.6577,0.0852,0.2115,2.0471,147.888,114.996334,8.4671,81.832,0.11587,334459.1889077436,0.015,0
2026-07-16T10:44:13Z,12.953,13.8767,17.73,0.7073,0.0852,0.2115,2.0169,147.866,114.976636,8.4659,81.768,0.11605,334307.0838791612,0.017,0
2026-07-16T10:44:13Z,12.958,13.8767,17.73,0.7073,0.0852,0.2115,2.1679,147.842,114.956044,8.4632,81.716,0.11605,334152.6185705078,0.017,0
2026-07-16T10:44:13Z,12.963,13.8766,17.73,0.6806,0.0852,0.2115,2.032,147.852,114.961066,8.4589,81.689,0.11633,334192.43417330453,0.018,0
2026-07-16T10:44:13Z,12.969,13.8761,17.73,0.6806,0.0852,0.2961,2.0471,147.864,114.969043,8.4529,81.686,0.11615,334263.0248465771,0.017,0
2026-07-16T10:44:13Z,12.973,13.8754,17.73,0.6806,0.0852,0.2961,2.2737,147.863,114.968103,8.4465,81.689,0.116,334271.031231154,0.016,0
2026-07-16T10:44:13Z,12.977,13.8746,17.73,0.6996,0.0852,0.2961,2.3794,147.887,114.985993,8.4413,81.682,0.11612,334422.47564749775,0.015,0
2026-07-16T10:44:13Z,12.981,13.8739,17.73,0.6958,0.0852,0.2961,2.1679,147.923,115.013485,8.4387,81.656,0.116,334643.89493881515,0.014,0
2026-07-16T10:44:13Z,12.984,13.8735,17.73,0.6996,0.0852,0.2115,2.3039,147.932,115.019913,8.4384,81.609,0.116,334700.7702654169,0.014,0
2026-07-16T10:44:13Z,12.987,13.8732,17.73,0.6424,0.0852,0.2115,2.3039,147.921,115.008989,8.4388,81.544,0.116,334625.21748977085,0.014,0
2026-07-16T10:44:13Z,12.99,13.8731,17.73,0.6119,0.0852,0.2115,2.2737,147.927,115.0098,8.4381,81.468,0.11623,334633.4585907685,0.014,0
2026-07-16T10:44:13Z,12.993,13.873,17.73,0.6348,0.0852,0.2115,2.2737,147.95,115.022561,8.4355,81.387,0.11597,334731.4212792625,0.015,0
2026-07-16T10:44:13Z,12.998,13.8726,17.64,0.6233,0.0852,0.2115,2.3492,147.966,115.030676,8.4307,81.304,0.11605,334800.9762212747,0.015,0
2026-07-16T10:44:13Z,13.002,13.8718,17.64,0.7416,0.0852,0.2115,2.0471,147.969,115.030309,8.4241,81.207,0.11605,334815.45865966176,0.016,0
2026-07-16T10:44:13Z,13.007,13.8704,17.64,0.7492,0.0852,0.2115,2.1679,147.948,115.013362,8.4165,81.072,0.11597,334718.36028768943,0.015,0
2026-07-16T10:44:13Z,13.011,13.8687,17.64,0.7454,0.0852,0.2115,2.0471,147.914,114.987317,8.4084,80.884,0.11595,334559.4294034387,0.015,0
2026-07-16T10:44:13Z,13.014,13.8672,17.73,0.734,0.0852,0.1269,2.032,147.899,114.975226,8.4001,80.652,0.11617,334500.9631513754,0.014,0
2026-07-16T10:44:13Z,13.017,13.8665,17.73,0.8065,0.0852,0.1269,2.2132,147.905,114.979865,8.3902,80.395,0.11605,334550.86134211544,0.013,0
2026-07-16T10:44:13Z,13.02,13.8663,17.73,0.856,0.0852,0.1269,2.2737,147.901,114.976471,8.3763,80.135,0.11612,334529.68731862074,0.012,0
2026-07-16T10:44:13Z,13.023,13.8663,17.73,0.8293,0.0852,0.1269,2.2283,147.88,114.96014,8.3569,79.895,0.116,334407.0998218003,0.011,0
2026-07-16T10:44:13Z,13.026,13.8662,17.73,0.8255,0.0852,0.1269,2.2283,147.854,114.940517,8.3329,79.689,0.116,334261.98901568627,0.011,0
2026-07-16T10:44:13Z,13.028,13.8661,17.64,0.6272,0.0852,0.2538,2.319,147.814,114.908369,8.3064,79.531,0.11597,334022.96699770837,0.011,0
2026-07-16T10:44:13Z,13.031,13.8661,17.64,0.631,0.0852,0.2538,2.3341,147.776,114.877121,8.2796,79.429,0.1161,333788.6465923192,0.011,0
2026-07-16T10:44:13Z,13.033,13.8661,17.64,0.6005,0.0852,0.2538,2.2435,147.779,114.876439,8.2547,79.387,0.11602,333783.5328125169,0.011,0
2026-07-16T10:44:13Z,13.036,13.8662,17.64,0.6233,0.0852,0.2538,2.2435,147.803,114.892141,8.2335,79.398,0.11625,333899.1130377088,0.011,0
2026-07-16T10:44:13Z,13.039,13.866,17.64,0.7035,0.0852,0.2115,2.2737,147.819,114.902417,8.2171,79.44,0.11582,333980.4725985379,0.01,0
2026-07-16T10:44:13Z,13.042,13.8653,17.64,0.6844,0.0852,0.2115,2.2435,147.84,114.918004,8.2067,79.485,0.11612,334112.4377161159,0.01,0
2026-07-16T10:44:13Z,13.045,13.8643,17.64,0.692,0.0852,0.2115,2.1528,147.866,114.939062,8.2026,79.518,0.11615,334291.9495949219,0.009,0
2026-07-16T10:44:13Z,13.047,13.8633,17.64,0.6729,0.0852,0.2115,2.3643,147.886,114.955206,8.2039,79.527,0.11617,334434.64123280684,0.008,0
2026-07-16T10:44:13Z,13.048,13.8626,17.64,0.6806,0.0426,0.2538,2.1075,147.9,114.966741,8.2083,79.505,0.1161,334536.3098673258,0.007,0
2026-07-16T10:44:13Z,13.05,13.8624,17.64,0.6958,0.0426,0.2538,2.1075,147.918,114.980743,8.2131,79.458,0.116,334645.75553765736,0.007,0
2026-07-16T10:44:13Z,13.051,13.8626,17.64,0.6691,0.0426,0.2538,2.0924,147.932,114.990946,8.2165,79.395,0.11607,334718.07038370206,0.007,0
2026-07-16T10:44:13Z,13.052,13.8629,17.64,0.6958,0.0426,0.2538,2.0924,147.921,114.982073,8.2173,79.328,0.11605,334644.9701325222,0.007,0
2026-07-16T10:44:13Z,13.054,13.8632,17.64,0.7073,0.0426,0.2538,2.1075,147.901,114.965756,8.2151,79.271,0.11595,334515.99074348825,0.008,0
2026-07-16T10:44:13Z,13.057,13.8632,17.64,0.6806,0.0852,0.2115,2.1226,147.885,114.951643,8.2102,79.234,0.11612,334410.0451322715,0.01,0
2026-07-16T10:44:13Z,13.059,13.863,17.64,0.6882,0.0852,0.2115,2.1679,147.856,114.927972,8.2037,79.213,0.11612,334236.6976866757,0.011,0
2026-07-16T10:44:13Z,13.062,13.8627,17.64,0.6577,0.0852,0.2115,2.0471,147.824,114.902429,8.1968,79.202,0.11605,334051.511362598,0.011,0
2026-07-16T10:44:13Z,13.065,13.8624,17.64,0.7073,0.0852,0.2115,2.2737,147.809,114.8902,8.191,79.19,0.11595,333966.2338639667,0.012,0
2026-07-16T10:44:13Z,13.069,13.862,17.64,0.7111,0.0852,0.3384,2.2888,147.815,114.896026,8.1872,79.171,0.116,334018.5319719774,0.011,0
2026-07-16T10:44:13Z,13.072,13.8615,17.64,0.6806,0.0852,0.3384,2.3492,147.847,114.921459,8.1852,79.145,0.116,334220.0956670489,0.011,0
2026-07-16T10:44:13Z,13.074,13.8612,17.64,0.7035,0.0852,0.3384,2.2283,147.889,114.955282,8.184,79.132,0.11615,334480.4172683301,0.01,0
2026-07-16T10:44:13Z,13.077,13.8612,17.64,0.7721,0.0852,0.3384,2.1528,147.912,114.974518,8.1828,79.14,0.11612,334624.8500883495,0.01,0
2026-07-16T10:44:13Z,13.079,13.8614,17.64,0.7454,0.1278,0.1692,2.0018,147.909,114.972295,8.1808,79.171,0.11617,334603.8476063994,0.01,0
2026-07-16T10:44:13Z,13.081,13.8617,17.64,0.7378,0.1278,0.1692,2.1226,147.909,114.972021,8.178,79.235,0.116,334595.32697784586,0.01,0
2026-07-16T10:44:13Z,13.084,13.8621,17.64,0.7454,0.1278,0.1692,2.0169,147.922,114.981621,8.1765,79.324,0.116,334658.7988504014,0.01,0
2026-07-16T10:44:13Z,13.086,13.8624,17.64,0.6653,0.1278,0.1692,2.2737,147.927,114.983656,8.1773,79.414,0.11605,334667.617045213,0.011,0
2026-07-16T10:44:13Z,13.089,13.8625,17.55,0.631,0.0852,0.2538,2.2132,147.928,114.982669,8.1805,79.502,0.11615,334658.04921173526,0.012,0
2026-07-16T10:44:13Z,13.092,13.8625,17.55,0.6195,0.0852,0.2538,2.3039,147.937,114.988397,8.1871,79.588,0.1162,334701.06530555617,0.013,0
2026-07-16T10:44:13Z,13.096,13.8622,17.55,0.6195,0.0852,0.2538,2.2888,147.938,114.988367,8.1964,79.659,0.116,334707.3026969789,0.013,0
2026-07-16T10:44:13Z,13.1,13.8617,17.55,0.6119,0.0852,0.2538,2.2435,147.934,114.984571,8.2058,79.706,0.11595,334689.5654709472,0.012,0
2026-07-16T10:44:13Z,13.103,13.8611,17.55,0.6996,0.0852,0.2538,2.0924,147.94,114.987996,8.215,79.721,0.11615,334728.2170971004,0.012,0
2026-07-16T10:44:13Z,13.106,13.8606,17.64,0.6806,0.0852,0.2538,2.1377,147.955,114.999556,8.224,79.701,0.11602,334825.8274396936,0.011,0
2026-07-16T10:44:13Z,13.108,13.8602,17.64,0.6996,0.0852,0.2538,2.1075,147.97,115.010334,8.2314,79.656,0.116,334915.42523738125,0.01,0
2026-07-16T10:44:13Z,13.11,13.86,17.64,0.692,0.0852,0.2538,2.1981,147.972,115.011205,8.2364,79.61,0.11612,334926.2814300084,0.009,0
2026-07-16T10:44:13Z,13.113,13.8598,17.64,0.7073,0.0852,0.2538,2.032,147.966,115.0064,8.238,79.563,0.11607,334894.4898661182,0.009,0
2026-07-16T10:44:13Z,13.115,13.8596,17.55,0.6996,0.0852,0.2115,2.0018,147.958,115.000638,8.2358,79.492,0.11605,334855.5098634702,0.01,0
2026-07-16T10:44:13Z,13.117,13.8594,17.55,0.692,0.0852,0.2115,2.0773,147.964,115.004383,8.2313,79.398,0.11595,334887.9579359823,0.011,0
2026-07-16T10:44:13Z,13.12,13.8592,17.55,0.7073,0.0852,0.2115,2.1075,147.989,115.022631,8.2265,79.313,0.1159,335029.3932582183,0.012,0
2026-07-16T10:44:13Z,13.123,13.8591,17.55,0.6691,0.0852,0.2115,2.0471,148.018,115.044251,8.2217,79.244,0.1162,335194.05774709216,0.013,0
2026-07-16T10:44:13Z,13.127,13.8591,17.64,0.6729,0.0852,0.1692,2.183,148.031,115.053008,8.2144,79.175,0.1161,335259.8926569996,0.014,0
2026-07-16T10:44:13Z,13.131,13.859,17.64,0.6767,0.0852,0.1692,2.0924,148.027,115.049238,8.2047,79.098,0.11623,335233.7049532096,0.015,0
2026-07-16T10:44:13Z,13.136,13.8587,17.64,0.692,0.0852,0.1692,2.1075,148.018,115.041935,8.1959,79.023,0.11605,335185.2741537751,0.015,0
2026-07-16T10:44:13Z,13.14,13.8582,17.64,0.7111,0.0852,0.1692,2.2888,147.999,115.027151,8.1889,78.961,0.116,335084.92941228265,0.014,0
2026-07-16T10:44:13Z,13.143,13.8577,17.64,0.7263,0.0852,0.1692,2.2586,147.982,115.014944,8.1819,78.916,0.116,335003.96721182094,0.014,0
2026-07-16T10:44:13Z,13.146,13.8575,17.64,0.7073,0.0852,0.1692,2.2132,147.971,115.006058,8.174,78.883,0.11605,334941.5014884724,0.014,0
2026-07-16T10:44:13Z,13.149,13.8575,17.64,0.692,0.0852,0.1692,2.2737,147.937,114.978124,8.1662,78.853,0.116,334731.6292248885,0.014,0
2026-07-16T10:44:13Z,13.152,13.8576,17.64,0.7683,0.0852,0.1692,2.4549,147.882,114.933694,8.1598,78.825,0.11605,334395.8335397678,0.014,0
2026-07-16T10:44:13Z,13.156,13.8578,17.64,0.7569,0.0852,0.1692,2.5456,147.847,114.904916,8.1552,78.805,0.11607,334175.5340587935,0.014,0
2026-07-16T10:44:13Z,13.16,13.8577,17.64,0.7454,0.1278,0.1692,2.3945,147.847,114.904114,8.1517,78.793,0.116,334171.66580301774,0.013,0
2026-07-16T10:44:13Z,13.164,13.8572,17.64,0.7302,0.1278,0.1692,2.5003,147.853,114.909077,8.1486,78.783,0.1161,334219.6668182535,0.013,0
2026-07-16T10:44:13Z,13.167,13.8565,17.64,0.7111,0.1278,0.1692,2.3341,147.847,114.905128,8.1459,78.775,0.116,334205.09182952455,0.012,0
2026-07-16T10:44:13Z,13.17,13.856,17.64,0.7035,0.1278,0.1692,2.3039,147.838,114.899214,8.144,78.775,0.11623,334171.4676225059,0.012,0
2026-07-16T10:44:13Z,13.173,13.8557,17.64,0.692,0.1278,0.2538,2.2435,147.834,114.897758,8.1428,78.782,0.11605,334166.9952619836,0.012,0
2026-07-16T10:44:13Z,13.175,13.8558,17.64,0.6996,0.1278,0.2538,2.2435,147.842,114.904371,8.1418,78.79,0.116,334214.47012368625,0.012,0
2026-07-16T10:44:13Z,13.178,13.8561,17.64,0.7569,0.1278,0.2538,2.0773,147.872,114.926817,8.1409,78.799,0.11623,334376.4909253948,0.012,0
2026-07-16T10:44:13Z,13.181,13.8566,17.64,0.7607,0.1278,0.2538,2.1075,147.906,114.951083,8.1408,78.808,0.11617,334547.91626768216,0.013,0
2026-07-16T10:44:13Z,13.184,13.857,17.64,0.7645,0.0852,0.1269,2.1679,147.914,114.95564,8.1414,78.813,0.11602,334573.51949229365,0.014,0
2026-07-16T10:44:13Z,13.188,13.8571,17.64,0.753,0.0852,0.1269,2.1981,147.902,114.945703,8.1422,78.821,0.11623,334496.74657497526,0.015,0
2026-07-16T10:44:13Z,13.193,13.8568,17.64,0.8065,0.0852,0.1269,2.2737,147.886,114.932621,8.1432,78.83,0.116,334404.98640674737,0.015,0
2026-07-16T10:44:13Z,13.197,13.8563,17.64,0.837,0.0852,0.1269,2.319,147.859,114.910908,8.1442,78.841,0.116,334252.7629106167,0.015,0
2026-07-16T10:44:13Z,13.2,13.8557,17.64,0.8255,0.0852,0.1269,2.2888,147.813,114.874771,8.1449,78.856,0.11602,333994.5110797747,0.015,0
2026-07-16T10:44:13Z,13.204,13.8554,17.64,0.8179,0.0852,0.2961,2.2283,147.763,114.834574,8.1457,78.873,0.11602,333699.4852821663,0.015,0
2026-07-16T10:44:13Z,13.208,13.8552,17.64,0.8065,0.0852,0.2961,2.2888,147.732,114.809596,8.1467,78.88,0.11612,333516.5285802229,0.016,0
2026-07-16T10:44:13Z,13.211,13.855,17.64,0.8332,0.0852,0.2961,2.2888,147.744,114.817173,8.1478,78.873,0.11602,333577.6181718826,0.016,0
2026-07-16T10:44:13Z,13.216,13.8548,17.64,0.8103,0.0852,0.2961,2.2132,147.782,114.845328,8.1495,78.855,0.11607,333793.0137817294,0.017,0
2026-07-16T10:44:13Z,13.221,13.8545,17.64,0.8141,0.0852,0.2538,2.2132,147.808,114.86357,8.1513,78.831,0.11607,333936.2811673657,0.017,0
2026-07-16T10:44:13Z,13.225,13.8541,17.64,0.7683,0.0852,0.2538,2.1377,147.808,114.862765,8.152,78.803,0.11605,333938.8409961074,0.016,0
2026-07-16T10:44:13Z,13.23,13.8536,17.64,0.7378,0.0852,0.2538,2.0773,147.791,114.848698,8.1514,78.771,0.116,333844.0744524502,0.016,0
2026-07-16T10:44:13Z,13.233,13.853,17.64,0.734,0.0852,0.2538,2.0622,147.776,114.837616,8.1496,78.738,0.11623,333773.8564038684,0.015,0
2026-07-16T10:44:13Z,13.236,13.8525,17.55,0.7645,0.1278,0.2538,2.1679,147.775,114.836563,8.1472,78.709,0.1161,333776.7034682062,0.014,0
2026-07-16T10:44:13Z,13.239,13.8521,17.55,0.7263,0.1278,0.2538,2.1226,147.763,114.82726,8.1444,78.684,0.11605,333715.5337262265,0.014,0
2026-07-16T10:44:13Z,13.243,13.8519,17.55,0.7187,0.1278,0.2538,2.0773,147.756,114.821225,8.1412,78.665,0.11617,333674.57648281904,0.015,0
2026-07-16T10:44:13Z,13.246,13.8518,17.55,0.7645,0.1278,0.2538,2.1981,147.795,114.850846,8.1378,78.651,0.11597,333898.87498485536,0.015,0
2026-07-16T10:44:13Z,13.25,13.8519,17.55,0.7492,0.1278,0.2538,2.1528,147.856,114.898025,8.1347,78.633,0.11605,334250.74033647694,0.016,0
2026-07-16T10:44:13Z,13.255,13.8519,17.55,0.734,0.1278,0.2961,2.2132,147.89,114.923344,8.1321,78.61,0.11595,334440.8190363312,0.016,0
2026-07-16T10:44:13Z,13.259,13.8518,17.55,0.7492,0.1278,0.2961,2.2737,147.891,114.923557,8.1302,78.586,0.11602,334444.5702806923,0.016,0
2026-07-16T10:44:13Z,13.263,13.8516,17.55,0.7683,0.1278,0.2961,2.3492,147.883,114.916719,8.1287,78.563,0.11612,334397.53219772223,0.016,0
2026-07-16T10:44:13Z,13.267,13.8512,17.55,0.7302,0.1278,0.2961,2.2737,147.879,114.913007,8.1269,78.538,0.1161,334378.2730150732,0.015,0
2026-07-16T10:44:13Z,13.271,13.8509,17.64,0.8293,0.1278,0.1692,2.2435,147.876,114.90943,8.1246,78.51,0.11592,334357.8750903784,0.015,0
2026-07-16T10:44:13Z,13.274,13.8507,17.64,0.7874,0.1278,0.1692,2.2737,147.86,114.895035,8.1222,78.487,0.11605,334254.11449882813,0.014,0
2026-07-16T10:44:13Z,13.277,13.8505,17.64,0.7912,0.1278,0.1692,2.4096,147.827,114.867983,8.1199,78.479,0.1161,334055.3894322962,0.014,0
2026-07-16T10:44:13Z,13.281,13.8503,17.64,0.795,0.1278,0.1692,2.2888,147.816,114.859058,8.1173,78.486,0.11592,333992.7225206773,0.014,0
2026-07-16T10:44:13Z,13.285,13.85,17.64,0.8293,0.0852,0.1269,2.1377,147.845,114.881878,8.1145,78.506,0.11605,334170.4192825959,0.014,0
2026-07-16T10:44:13Z,13.289,13.8494,17.64,0.8141,0.0852,0.1269,2.1226,147.866,114.898531,8.1122,78.538,0.1162,334308.33494619525,0.013,0
2026-07-16T10:44:13Z,13.292,13.8489,17.64,0.8332,0.0852,0.1269,2.032,147.852,114.889461,8.1115,78.58,0.11595,334251.0073712989,0.012,0
2026-07-16T10:44:13Z,13.295,13.8486,17.64,0.8103,0.0852,0.1269,2.1377,147.839,114.880246,8.1123,78.631,0.11617,334188.2920386162,0.011,0
2026-07-16T10:44:13Z,13.297,13.8487,17.64,0.7569,0.1278,0.2538,2.3039,147.849,114.888428,8.1143,78.684,0.11602,334247.5556186935,0.011,0
2026-07-16T10:44:13Z,13.3,13.8491,17.64,0.734,0.1278,0.2538,2.2888,147.858,114.896191,8.1176,78.728,0.11605,334297.2213563986,0.011,0
2026-07-16T10:44:13Z,13.302,13.8495,17.64,0.753,0.1278,0.2538,2.2132,147.864,114.901605,8.1219,78.756,0.1159,334329.2551882356,0.011,0
2026-07-16T10:44:13Z,13.305,13.8499,17.64,0.7378,0.1278,0.2538,2.319,147.89,114.922113,8.1271,78.766,0.116,334474.6277045713,0.012,0
2026-07-16T10:44:13Z,13.308,13.8501,17.64,0.7569,0.1278,0.2538,2.1679,147.921,114.947184,8.1325,78.76,0.11595,334658.62176269264,0.013,0
2026-07-16T10:44:13Z,13.312,13.8503,17.64,0.7454,0.0852,0.1692,2.0471,147.936,114.959505,8.137,78.747,0.11575,334746.873207517,0.014,0
2026-07-16T10:44:13Z,13.316,13.8504,17.64,0.7492,0.0852,0.1692,2.1075,147.924,114.952363,8.1399,78.734,0.11602,334691.05954191484,0.014,0
2026-07-16T10:44:13Z,13.319,13.8505,17.64,0.7721,0.0852,0.1692,2.1377,147.903,114.937852,8.1408,78.716,0.116,334579.90152777475,0.015,0
2026-07-16T10:44:13Z,13.323,13.8508,17.64,0.6882,0.0852,0.1692,2.1075,147.91,114.944101,8.1402,78.691,0.11602,334620.37362551416,0.015,0
2026-07-16T10:44:13Z,13.327,13.8512,17.64,0.7035,0.1278,0.2538,2.1075,147.931,114.960777,8.1388,78.669,0.11612,334737.02537748707,0.016,0
2026-07-16T10:44:13Z,13.33,13.8517,17.64,0.7149,0.1278,0.2538,2.1528,147.939,114.966329,8.1373,78.664,0.11597,334767.95913587936,0.016,0
2026-07-16T10:44:13Z,13.335,13.8523,17.64,0.6806,0.1278,0.2538,2.1075,147.952,114.976236,8.1353,78.68,0.11607,334829.4605486682,0.017,0
2026-07-16T10:44:13Z,13.34,13.8528,17.64,0.692,0.1278,0.2538,2.2737,147.964,114.98514,8.1327,78.709,0.1162,334885.5856058612,0.016,0
2026-07-16T10:44:13Z,13.344,13.853,17.64,0.6996,0.0852,0.2538,2.1679,147.948,114.973418,8.1304,78.741,0.116,334793.1923268494,0.015,0
2026-07-16T10:44:13Z,13.348,13.8527,17.64,0.6767,0.0852,0.2538,2.2888,147.924,114.955941,8.1299,78.775,0.11612,334668.3599892137,0.014,0
2026-07-16T10:44:13Z,13.351,13.8525,17.64,0.6653,0.0852,0.2538,2.2737,147.901,114.94005,8.1316,78.808,0.11617,334553.3115184457,0.012,0
2026-07-16T10:44:13Z,13.354,13.8524,17.64,0.6233,0.0852,0.2538,2.3039,147.873,114.919506,8.1346,78.822,0.116,334401.19675777206,0.011,0
2026-07-16T10:44:13Z,13.356,13.8527,17.64,0.6539,0.0852,0.2538,2.3039,147.86,114.91083,8.1379,78.809,0.11605,334329.60141194233,0.011,0
2026-07-16T10:44:13Z,13.358,13.8532,17.64,0.6462,0.0852,0.1692,2.3039,147.877,114.923709,8.1414,78.778,0.1162,334415.5261793897,0.011,0
2026-07-16T10:44:13Z,13.36,13.8538,17.64,0.6348,0.0852,0.1692,2.2888,147.903,114.943576,8.1447,78.749,0.11612,334551.7851314276,0.012,0
2026-07-16T10:44:13Z,13.364,13.8543,17.64,0.6996,0.0852,0.1692,2.2737,147.924,114.959732,8.1461,78.738,0.11612,334662.35276974057,0.013,0
2026-07-16T10:44:13Z,13.368,13.8546,17.64,0.6806,0.0852,0.1692,2.1981,147.933,114.966484,8.1446,78.752,0.11612,334706.6047081359,0.014,0
2026-07-16T10:44:13Z,13.372,13.8547,17.64,0.6958,0.0852,0.2115,2.2283,147.924,114.959634,8.1414,78.796,0.11605,334652.9944890006,0.015,0
2026-07-16T10:44:13Z,13.376,13.8546,17.64,0.692,0.0852,0.2115,2.3794,147.907,114.947354,8.1384,78.868,0.116,334562.9182751278,0.015,0
2026-07-16T10:44:13Z,13.38,13.8544,17.64,0.6615,0.0852,0.2115,2.1981,147.921,114.958368,8.1373,78.96,0.11612,334649.9467621261,0.016,0
2026-07-16T10:44:13Z,13.383,13.8544,17.64,0.65,0.0852,0.2115,2.032,147.964,114.991613,8.1388,79.056,0.1161,334899.709774389,0.016,0
2026-07-16T10:44:13Z,13.387,13.8544,17.64,0.692,0.0852,0.2538,2.1075,147.98,115.003957,8.1432,79.138,0.11615,334992.4757832238,0.017,0
2026-07-16T10:44:13Z,13.392,13.8545,17.64,0.6729,0.0852,0.2538,2.0924,147.967,114.992692,8.1507,79.192,0.116,334905.6585083152,0.018,0
2026-07-16T10:44:13Z,13.397,13.8546,17.64,0.753,0.0852,0.2538,2.2132,147.95,114.978813,8.1602,79.211,0.11605,334799.2153248696,0.018,0
2026-07-16T10:44:13Z,13.402,13.8547,17.64,0.7645,0.0852,0.2538,2.3643,147.932,114.96462,8.1701,79.204,0.11602,334690.434711715,0.019,0
2026-07-16T10:44:13Z,13.407,13.8545,17.64,0.7492,0.0852,0.1269,2.3643,147.929,114.962325,8.1787,79.179,0.11602,334677.5035331385,0.019,0
2026-07-16T10:44:13Z,13.412,13.8543,17.64,0.7263,0.0852,0.1269,2.2737,147.931,114.963317,8.1842,79.14,0.11612,334689.26289634546,0.019,0
2026-07-16T10:44:13Z,13.416,13.8541,17.64,0.6539,0.0852,0.1269,2.319,147.896,114.935863,8.1863,79.088,0.11612,334487.3814730162,0.019,0
2026-07-16T10:44:13Z,13.421,13.854,17.64,0.6195,0.0852,0.1269,2.2888,147.859,114.904639,8.1855,79.021,0.1161,334255.12217447907,0.019,0
2026-07-16T10:44:13Z,13.426,13.8539,17.64,0.6081,0.0852,0.1269,2.2132,147.874,114.913317,8.183,78.947,0.116,334322.4123034788,0.02,0
2026-07-16T10:44:13Z,13.431,13.8538,17.64,0.6729,0.1278,0.2115,2.2737,147.922,114.94821,8.179,78.88,0.11607,334586.55977299745,0.02,0
2026-07-16T10:44:13Z,13.437,13.8536,17.64,0.6577,0.1278,0.2115,2.7269,147.972,114.984626,8.1736,78.826,0.11617,334864.43586184306,0.02,0
2026-07-16T10:44:13Z,13.443,13.853,17.64,0.6348,0.1278,0.2115,2.7118,148.014,115.016277,8.1668,78.77,0.11595,335115.26428228436,0.02,0
2026-07-16T10:44:13Z,13.448,13.852,17.64,0.6272,0.1278,0.2115,2.6815,148.021,115.021603,8.1593,78.694,0.11615,335176.88463417045,0.019,0
2026-07-16T10:44:13Z,13.453,13.851,17.64,0.6157,0.0852,0.1269,2.7269,147.996,115.002026,8.1525,78.591,0.11612,335051.2798749487,0.018,0
2026-07-16T10:44:13Z,13.457,13.8503,17.64,0.692,0.0852,0.1269,2.7873,147.987,114.994323,8.1471,78.466,0.116,335008.4754950096,0.016,0
2026-07-16T10:44:13Z,13.461,13.8499,17.64,0.6691,0.0852,0.1269,2.7118,147.987,114.994439,8.1414,78.321,0.11612,335017.97513198113,0.015,0
2026-07-16T10:44:13Z,13.464,13.8498,17.64,0.692,0.0852,0.1269,2.7269,147.97,114.980407,8.1335,78.162,0.1162,334914.6615802977,0.015,0
2026-07-16T10:44:13Z,13.468,13.8497,17.64,0.6806,0.1278,0.1692,2.8024,147.959,114.970485,8.1229,78,0.116,334842.250999539,0.015,0
2026-07-16T10:44:13Z,13.471,13.8497,17.64,0.5661,0.1278,0.1692,2.7571,147.973,114.980024,8.11,77.851,0.116,334913.9369012081,0.015,0
2026-07-16T10:44:13Z,13.475,13.8496,17.64,0.5699,0.1278,0.1692,2.7873,147.992,114.99357,8.0951,77.729,0.11597,335017.9090251629,0.015,0
2026-07-16T10:44:13Z,13.48,13.8494,17.64,0.5509,0.1278,0.1692,2.5909,148.007,115.004735,8.0786,77.638,0.11607,335106.15749232797,0.015,0
2026-07-16T10:44:13Z,13.484,13.849,17.64,0.5547,0.1278,0.1692,2.6815,148.027,115.020497,8.062,77.566,0.1161,335233.3074418025,0.015,0
2026-07-16T10:44:13Z,13.488,13.8484,17.73,0.6157,0.0852,0.2538,2.3643,148.036,115.029059,8.0467,77.501,0.11615,335310.6521841856,0.014,0
2026-07-16T10:44:13Z,13.491,13.848,17.73,0.631,0.0852,0.2538,2.4701,148.013,115.012706,8.0342,77.435,0.11595,335196.3020840915,0.013,0
2026-07-16T10:44:13Z,13.494,13.8479,17.73,0.6005,0.0852,0.2538,2.3794,147.976,114.985076,8.0248,77.365,0.11612,334990.7240275648,0.012,0
2026-07-16T10:44:13Z,13.496,13.848,17.73,0.6348,0.0852,0.2538,2.4701,147.954,114.968799,8.0173,77.294,0.11612,334866.22559178254,0.012,0
2026-07-16T10:44:13Z,13.499,13.8483,17.64,0.753,0.0852,0.2115,2.7571,147.953,114.967535,8.0105,77.233,0.1162,334850.25635833427,0.012,0
2026-07-16T10:44:13Z,13.502,13.8488,17.64,0.7721,0.0852,0.2115,2.6966,147.966,114.976947,8.0036,77.194,0.1159,334910.20810539514,0.013,0
2026-07-16T10:44:13Z,13.505,13.8492,17.64,0.7492,0.0852,0.2115,2.7571,147.98,114.985545,7.9962,77.185,0.1161,334966.20339621115,0.014,0
2026-07-16T10:44:13Z,13.509,13.8495,17.64,0.734,0.0852,0.2115,2.8477,147.988,114.989622,7.9889,77.202,0.11612,334990.3763301896,0.015,0
2026-07-16T10:44:13Z,13.513,13.8494,17.64,0.65,0.0852,0.2115,2.7722,147.991,114.990266,7.9826,77.231,0.11615,334997.3722773142,0.015,0
2026-07-16T10:44:13Z,13.517,13.8491,17.64,0.6195,0.0852,0.2115,2.7269,147.991,114.989648,7.9787,77.259,0.11617,334999.1967025714,0.015,0
2026-07-16T10:44:13Z,13.521,13.8485,17.64,0.6233,0.0852,0.2115,2.7571,147.997,114.993603,7.9779,77.278,0.11615,335041.86983951734,0.014,0
2026-07-16T10:44:13Z,13.525,13.8478,17.64,0.6233,0.0852,0.2115,2.8175,147.997,114.993187,7.9797,77.276,0.11617,335053.84383559716,0.013,0
2026-07-16T10:44:13Z,13.528,13.8473,17.64,0.5547,0.0852,0.2961,2.8024,147.988,114.986287,7.9827,77.248,0.11615,335012.7577387885,0.012,0
2026-07-16T10:44:13Z,13.531,13.8469,17.64,0.5623,0.0852,0.2961,2.7269,147.991,114.989064,7.9857,77.194,0.11617,335042.2628867509,0.011,0
2026-07-16T10:44:13Z,13.533,13.8466,17.64,0.5509,0.0852,0.2961,2.6966,148.011,115.004257,7.9877,77.124,0.11595,335162.9689750242,0.011,0
2026-07-16T10:44:13Z,13.535,13.8466,17.64,0.5814,0.0852,0.2961,2.7571,148.018,115.00992,7.9875,77.052,0.11617,335205.55325437983,0.011,0
2026-07-16T10:44:13Z,13.538,13.8466,17.64,0.6653,0.0852,0.2961,2.9384,148.021,115.011562,7.9846,76.993,0.11615,335217.90083539695,0.012,0
2026-07-16T10:44:13Z,13.541,13.8466,17.64,0.692,0.0852,0.2115,3.029,148.032,115.019621,7.9791,76.955,0.11602,335278.5099815464,0.013,0
2026-07-16T10:44:13Z,13.544,13.8467,17.64,0.6767,0.0852,0.2115,3.0592,148.029,115.016246,7.9719,76.934,0.11623,335250.9662996604,0.014,0
2026-07-16T10:44:13Z,13.548,13.8467,17.64,0.6996,0.0852,0.2115,2.9535,148.026,115.012537,7.9645,76.924,0.1161,335223.0706088225,0.014,0
2026-07-16T10:44:13Z,13.552,13.8466,17.64,0.6233,0.0852,0.2115,3.0139,148.04,115.023503,7.9584,76.921,0.1163,335307.70385421824,0.014,0
2026-07-16T10:44:13Z,13.556,13.8463,17.64,0.631,0.0852,0.2115,3.0894,148.056,115.036071,7.9544,76.915,0.11605,335408.72207963,0.014,0
2026-07-16T10:44:13Z,13.56,13.8459,17.64,0.6272,0.0852,0.2115,2.9384,148.054,115.035592,7.9523,76.898,0.11595,335413.7566537472,0.013,0
2026-07-16T10:44:13Z,13.563,13.8456,17.64,0.6272,0.0852,0.2115,2.9686,148.048,115.031939,7.9513,76.864,0.1161,335392.7532248608,0.012,0
2026-07-16T10:44:13Z,13.566,13.8454,17.64,0.589,0.0852,0.2115,3.0139,148.057,115.040137,7.951,76.815,0.1161,335458.74995431275,0.012,0
2026-07-16T10:44:13Z,13.568,13.8455,17.64,0.5509,0.1278,0.2538,2.893,148.065,115.046372,7.9504,76.756,0.11617,335503.5019841639,0.011,0
2026-07-16T10:44:13Z,13.571,13.8458,17.64,0.5585,0.1278,0.2538,2.9384,148.047,115.032308,7.9486,76.697,0.116,335391.2063677898,0.012,0
2026-07-16T10:44:13Z,13.574,13.8462,17.64,0.5776,0.1278,0.2538,3.1045,148.033,115.020193,7.9451,76.643,0.1159,335291.43594893377,0.012,0
2026-07-16T10:44:13Z,13.577,13.8465,17.64,0.5318,0.1278,0.2538,3.0441,148.046,115.028796,7.9399,76.591,0.11612,335349.6673437085,0.013,0
2026-07-16T10:44:13Z,13.581,13.8467,17.64,0.5242,0.0852,0.2115,2.9384,148.063,115.040411,7.9337,76.542,0.116,335432.7233514421,0.014,0
2026-07-16T10:44:13Z,13.585,13.8466,17.64,0.528,0.0852,0.2115,2.9837,148.077,115.050137,7.9276,76.498,0.11612,335508.05916699016,0.014,0
2026-07-16T10:44:13Z,13.589,13.8462,17.64,0.5203,0.0852,0.2115,3.0743,148.08,115.050567,7.9221,76.455,0.11612,335519.9354867175,0.014,0
2026-07-16T10:44:13Z,13.592,13.8457,17.64,0.4936,0.0852,0.2115,2.9535,148.063,115.035816,7.9169,76.41,0.11605,335419.7495372255,0.014,0
2026-07-16T10:44:13Z,13.596,13.8451,17.64,0.6233,0.0852,0.2115,2.9837,148.047,115.02195,7.9119,76.362,0.11607,335328.3954133101,0.014,0
2026-07-16T10:44:13Z,13.599,13.8446,17.73,0.6424,0.0852,0.1692,3.1196,148.043,115.01727,7.9075,76.313,0.11595,335303.9876843546,0.014,0
2026-07-16T10:44:13Z,13.602,13.8441,17.73,0.6157,0.0852,0.1692,3.0441,148.044,115.016529,7.9032,76.262,0.11605,335309.20928428165,0.014,0
2026-07-16T10:44:13Z,13.605,13.8437,17.73,0.65,0.0852,0.1692,2.9232,148.051,115.019529,7.8986,76.211,0.1162,335340.41311099037,0.015,0
2026-07-16T10:44:13Z,13.609,13.8432,17.73,0.5776,0.0852,0.1692,2.9837,148.063,115.027069,7.8937,76.16,0.11612,335407.93508800695,0.016,0
2026-07-16T10:44:13Z,13.614,13.8426,17.73,0.5585,0.0852,0.3384,2.9384,148.057,115.021161,7.8887,76.112,0.1161,335376.4438383692,0.017,0
2026-07-16T10:44:13Z,13.619,13.842,17.73,0.5356,0.0852,0.3384,2.9535,148.044,115.010229,7.8836,76.074,0.116,335307.159380012,0.017,0
2026-07-16T10:44:13Z,13.624,13.8414,17.73,0.5585,0.0852,0.3384,2.9535,148.063,115.025357,7.8784,76.04,0.11617,335433.9309830886,0.017,0
2026-07-16T10:44:13Z,13.629,13.8407,17.73,0.5547,0.0852,0.3384,2.893,148.083,115.040579,7.8732,76.002,0.11607,335563.60426083725,0.017,0
2026-07-16T10:44:13Z,13.633,13.8402,17.82,0.5509,0.0852,0.2538,2.9988,148.063,115.025956,7.8683,75.963,0.11617,335464.3592660934,0.016,0
2026-07-16T10:44:13Z,13.637,13.8399,17.82,0.5776,0.0852,0.2538,2.9232,148.037,115.007589,7.8644,75.927,0.11607,335332.6421393993,0.015,0
2026-07-16T10:44:13Z,13.64,13.8399,17.82,0.5547,0.0852,0.2538,2.9988,148.034,115.006578,7.8609,75.888,0.11605,335325.0349858659,0.014,0
2026-07-16T10:44:13Z,13.643,13.84,17.82,0.5738,0.0852,0.2538,2.9384,148.023,115.000653,7.857,75.841,0.1159,335278.30159719987,0.013,0
2026-07-16T10:44:13Z,13.646,13.8403,17.82,0.589,0.0852,0.2538,2.9232,147.981,114.970237,7.8529,75.789,0.1161,335043.0705375347,0.013,0
2026-07-16T10:44:13Z,13.65,13.8407,17.73,0.5661,0.1278,0.2538,3.0894,147.936,114.937218,7.8491,75.743,0.116,334786.223877793,0.013,0
2026-07-16T10:44:13Z,13.653,13.8414,17.73,0.5509,0.1278,0.2538,2.9232,147.91,114.918787,7.845,75.717,0.1162,334632.63406477385,0.013,0
2026-07-16T10:44:13Z,13.657,13.8422,17.73,0.5623,0.1278,0.2538,2.9535,147.887,114.902032,7.84,75.728,0.11597,334489.5269678707,0.012,0
2026-07-16T10:44:13Z,13.66,13.843,17.73,0.5928,0.1278,0.2538,3.0743,147.874,114.892484,7.8345,75.783,0.11612,334400.58437807794,0.012,0
2026-07-16T10:44:13Z,13.663,13.8438,17.82,0.5509,0.0852,0.2538,2.8175,147.901,114.913594,7.8297,75.88,0.11605,334541.90388639097,0.011,0
2026-07-16T10:44:13Z,13.666,13.8443,17.82,0.5623,0.0852,0.2538,2.9232,147.947,114.948993,7.8269,76.012,0.11605,334797.09275405254,0.01,0
2026-07-16T10:44:13Z,13.668,13.8446,17.82,0.5928,0.0852,0.2538,2.9232,147.978,114.974123,7.8279,76.165,0.116,334979.5066366827,0.01,0
2026-07-16T10:44:13Z,13.67,13.8447,17.82,0.5509,0.0852,0.2538,2.9232,148.014,115.003684,7.8336,76.318,0.11602,335199.61729357747,0.01,0
2026-07-16T10:44:13Z,13.673,13.8448,17.73,0.5661,0.0852,0.1692,2.9837,148.043,115.027562,7.8436,76.455,0.116,335377.0611411317,0.01,0
2026-07-16T10:44:13Z,13.675,13.8449,17.73,0.5928,0.0852,0.1692,3.0139,148.037,115.024125,7.8572,76.575,0.11602,335349.0450354057,0.011,0
2026-07-16T10:44:13Z,13.678,13.8451,17.73,0.5394,0.0852,0.1692,2.9837,148.029,115.018455,7.873,76.682,0.11605,335302.07416767755,0.013,0
2026-07-16T10:44:13Z,13.681,13.8455,17.73,0.5165,0.0852,0.1692,2.9535,148.02,115.01104,7.8887,76.784,0.11617,335237.66579902446,0.015,0
2026-07-16T10:44:13Z,13.685,13.846,17.64,0.5165,0.0852,0.2538,3.0592,147.986,114.983904,7.9028,76.888,0.116,335022.82793933334,0.017,0
2026-07-16T10:44:13Z,13.689,13.8465,17.64,0.528,0.0852,0.2538,3.029,147.969,114.969807,7.9152,76.997,0.11597,334906.0736052321,0.018,0
2026-07-16T10:44:13Z,13.695,13.8467,17.64,0.5661,0.0852,0.2538,3.2103,148.001,114.994988,7.9262,77.107,0.11605,335091.05278585077,0.019,0
2026-07-16T10:44:13Z,13.7,13.8466,17.64,0.5547,0.0852,0.2538,3.1498,148.048,115.032166,7.9367,77.202,0.11592,335372.80976875697,0.019,0
2026-07-16T10:44:13Z,13.705,13.8462,17.64,0.5547,0.0852,0.2538,3.2707,148.071,115.051256,7.9476,77.268,0.11602,335525.0743271744,0.019,0
2026-07-16T10:44:13Z,13.71,13.846,17.73,0.5432,0.1278,0.2115,3.2858,148.086,115.063348,7.9588,77.298,0.11625,335620.39150842896,0.019,0
2026-07-16T10:44:13Z,13.715,13.8461,17.73,0.5165,0.1278,0.2115,2.9535,148.113,115.083667,7.9701,77.292,0.1161,335771.17026063486,0.019,0
2026-07-16T10:44:13Z,13.719,13.8463,17.73,0.5242,0.1278,0.2115,3.0441,148.134,115.097632,7.98,77.261,0.11595,335871.98270203645,0.02,0
2026-07-16T10:44:13Z,13.724,13.8466,17.73,0.5432,0.1278,0.2115,2.9837,148.142,115.100966,7.9868,77.216,0.11617,335890.5952917182,0.021,0
2026-07-16T10:44:13Z,13.73,13.8468,17.73,0.4784,0.1278,0.1692,2.893,148.153,115.10656,7.9898,77.166,0.11605,335928.38914961484,0.021,0
2026-07-16T10:44:13Z,13.736,13.8466,17.73,0.5203,0.1278,0.1692,3.1801,148.151,115.103904,7.9892,77.108,0.11612,335912.71303868474,0.022,0
2026-07-16T10:44:13Z,13.742,13.8459,17.73,0.5356,0.1278,0.1692,3.2707,148.12,115.080291,7.9861,77.028,0.11605,335750.0695226356,0.021,0
2026-07-16T10:44:13Z,13.748,13.8448,17.73,0.5356,0.1278,0.1692,3.2707,148.074,115.045423,7.9817,76.913,0.11612,335511.4153887245,0.02,0
2026-07-16T10:44:13Z,13.753,13.8439,17.82,0.5165,0.1278,0.0846,3.2405,148.041,115.02,7.9767,76.767,0.1159,335339.57959203573,0.019,0
2026-07-16T10:44:13Z,13.757,13.8435,17.82,0.4555,0.1278,0.0846,2.9837,148.035,115.015242,7.9707,76.605,0.11615,335312.42411589005,0.019,0
2026-07-16T10:44:13Z,13.761,13.8435,17.82,0.444,0.1278,0.0846,2.9837,148.042,115.019882,7.9624,76.449,0.1161,335347.32709740975,0.018,0
2026-07-16T10:44:13Z,13.765,13.8437,17.82,0.4364,0.1278,0.0846,2.8779,148.056,115.029157,7.9505,76.321,0.11617,335412.783583478,0.019,0
2026-07-16T10:44:13Z,13.77,13.8439,17.82,0.4784,0.1278,0.0846,2.9686,148.073,115.041541,7.9354,76.237,0.11602,335501.64097060816,0.019,0
2026-07-16T10:44:13Z,13.775,13.8439,17.73,0.5242,0.1278,0.2538,3.029,148.093,115.056334,7.9187,76.199,0.11625,335612.9648864485,0.019,0
2026-07-16T10:44:13Z,13.781,13.8436,17.73,0.528,0.1278,0.2538,3.029,148.109,115.069484,7.9026,76.197,0.11595,335718.42921334313,0.018,0
2026-07-16T10:44:13Z,13.786,13.8432,17.73,0.528,0.1278,0.2538,2.9837,148.102,115.064497,7.8894,76.218,0.11597,335689.5343856894,0.018,0
2026-07-16T10:44:13Z,13.79,13.8428,17.73,0.4936,0.1278,0.2538,2.9837,148.08,115.048043,7.8809,76.243,0.1161,335574.33317301335,0.017,0
2026-07-16T10:44:13Z,13.794,13.8427,17.73,0.5127,0.0852,0.2115,2.9686,148.043,115.019734,7.8769,76.259,0.11595,335363.478509679,0.016,0
2026-07-16T10:44:13Z,13.797,13.8429,17.73,0.5585,0.0852,0.2115,2.9837,147.995,114.982021,7.8767,76.263,0.11607,335075.5143558874,0.015,0
2026-07-16T10:44:13Z,13.8,13.8432,17.73,0.5242,0.0852,0.2115,2.9837,147.977,114.966845,7.8789,76.253,0.11595,334954.94290290965,0.015,0
2026-07-16T10:44:13Z,13.804,13.8434,17.73,0.5089,0.0852,0.2115,2.9837,147.981,114.968159,7.8814,76.238,0.11615,334960.50505170133,0.016,0
2026-07-16T10:44:13Z,13.808,13.8435,17.82,0.5432,0.1278,0.2115,2.8175,147.987,114.970313,7.8831,76.233,0.116,334974.5391528811,0.017,0
2026-07-16T10:44:13Z,13.812,13.8433,17.82,0.547,0.1278,0.2115,2.8175,147.998,114.975883,7.8835,76.244,0.11607,335020.7275347927,0.018,0
2026-07-16T10:44:13Z,13.817,13.8429,17.82,0.4898,0.1278,0.2115,2.6966,148.001,114.976353,7.8825,76.265,0.11605,335032.8894780292,0.019,0
2026-07-16T10:44:13Z,13.823,13.8423,17.82,0.5432,0.1278,0.2115,2.7873,147.993,114.969849,7.881,76.286,0.11617,334996.9325445153,0.019,0
2026-07-16T10:44:13Z,13.829,13.8413,17.82,0.5432,0.1278,0.1692,2.7873,147.984,114.964637,7.8807,76.295,0.11617,334979.3194685583,0.018,0
2026-07-16T10:44:13Z,13.833,13.8403,17.82,0.5165,0.1278,0.1692,2.6513,147.988,114.969325,7.882,76.283,0.11607,335036.14007435506,0.016,0
2026-07-16T10:44:13Z,13.837,13.8397,17.82,0.5051,0.1278,0.1692,2.7118,147.989,114.971166,7.8843,76.245,0.11605,335062.92897049803,0.015,0
2026-07-16T10:44:13Z,13.84,13.8398,17.82,0.528,0.1278,0.1692,2.7118,147.965,114.95265,7.8864,76.182,0.11605,334921.5556016885,0.013,0
2026-07-16T10:44:13Z,13.843,13.8402,17.82,0.5165,0.1278,0.1692,2.6664,147.942,114.934839,7.8873,76.1,0.11597,334779.04972496326,0.012,0
2026-07-16T10:44:13Z,13.845,13.8408,17.73,0.5127,0.0852,0.1692,2.7269,147.945,114.934982,7.8859,76.014,0.11605,334767.1871358378,0.012,0
2026-07-16T10:44:13Z,13.848,13.8412,17.73,0.5242,0.0852,0.1692,2.8175,147.938,114.927118,7.8819,75.94,0.11605,334699.4663903545,0.013,0
2026-07-16T10:44:13Z,13.852,13.8413,17.73,0.5356,0.0852,0.1692,2.8024,147.918,114.909151,7.8753,75.891,0.116,334562.31738908665,0.014,0
2026-07-16T10:44:13Z,13.856,13.8411,17.73,0.6386,0.0852,0.1692,2.8779,147.936,114.920285,7.867,75.866,0.11592,334650.27585237985,0.015,0
2026-07-16T10:44:13Z,13.86,13.8407,17.73,0.631,0.1278,0.2115,3.0592,147.979,114.951492,7.8581,75.86,0.11615,334893.4304945319,0.016,0
2026-07-16T10:44:13Z,13.864,13.8399,17.73,0.65,0.1278,0.2115,2.9081,147.996,114.963095,7.8506,75.864,0.11612,334997.9159305997,0.017,0
2026-07-16T10:44:13Z,13.869,13.8388,17.73,0.6195,0.1278,0.2115,2.9081,147.996,114.962188,7.8457,75.868,0.11605,335014.8275890265,0.017,0
2026-07-16T10:44:13Z,13.873,13.8379,17.73,0.6157,0.1278,0.2115,2.9535,147.998,114.962529,7.8433,75.864,0.1159,335036.8096970772,0.017,0
2026-07-16T10:44:13Z,13.878,13.8372,17.73,0.6348,0.0852,0.1269,3.0441,147.998,114.960209,7.8428,75.849,0.11597,335034.46734989685,0.018,0
2026-07-16T10:44:13Z,13.882,13.8367,17.73,0.6005,0.0852,0.1269,3.0592,148.009,114.96461,7.8433,75.824,0.11592,335078.3513334611,0.018,0
2026-07-16T10:44:13Z,13.886,13.8364,17.73,0.6157,0.0852,0.1269,2.9535,148.03,114.976903,7.8438,75.795,0.11602,335177.28145032015,0.019,0
2026-07-16T10:44:13Z,13.891,13.8359,17.73,0.631,0.0852,0.1269,2.9081,148.03,114.972369,7.8435,75.778,0.116,335153.96975695743,0.019,0
2026-07-16T10:44:13Z,13.897,13.8351,17.73,0.65,0.0852,0.1269,3.0592,148.004,114.949799,7.8421,75.782,0.11623,335001.4932447293,0.019,0
2026-07-16T10:44:13Z,13.903,13.8338,17.73,0.6348,0.0852,0.1692,2.9535,148.002,114.94717,7.8396,75.803,0.116,335009.7720002077,0.018,0
2026-07-16T10:44:13Z,13.907,13.8323,17.73,0.6005,0.0852,0.1692,2.9837,148.023,114.963781,7.8369,75.837,0.11605,335167.07990074804,0.016,0
2026-07-16T10:44:13Z,13.911,13.8309,17.73,0.6348,0.0852,0.1692,2.9837,148.03,114.970065,7.8354,75.874,0.11605,335244.5815516032,0.014,0
2026-07-16T10:44:13Z,13.915,13.83,17.73,0.6043,0.0852,0.1692,2.893,148.024,114.967697,7.836,75.907,0.116,335246.19887965044,0.012,0
2026-07-16T10:44:13Z,13.917,13.8296,17.82,0.6348,0.0852,0.2115,2.9232,148.018,114.964046,7.8383,75.936,0.11623,335227.36610738013,0.01,0
2026-07-16T10:44:13Z,13.919,13.8297,17.82,0.6424,0.0852,0.2115,2.9837,148.022,114.968137,7.8417,75.96,0.11615,335255.98639490205,0.009,0
2026-07-16T10:44:13Z,13.921,13.8301,17.82,0.6348,0.0852,0.2115,2.7571,148.019,114.965063,7.8454,75.973,0.11617,335224.21941726474,0.008,0
2026-07-16T10:44:13Z,13.923,13.8307,17.82,0.6157,0.0852,0.2115,2.7269,147.977,114.932003,7.8488,75.969,0.11602,334962.5980065494,0.008,0
2026-07-16T10:44:13Z,13.925,13.8312,17.73,0.6348,0.1278,0.2115,2.7873,147.935,114.898141,7.8518,75.944,0.11605,334697.23685805063,0.008,0
2026-07-16T10:44:13Z,13.927,13.8314,17.73,0.6272,0.1278,0.2115,2.7571,147.929,114.892445,7.8542,75.901,0.116,334650.1143437733,0.009,0
2026-07-16T10:44:13Z,13.929,13.8314,17.73,0.6119,0.1278,0.2115,2.9232,147.946,114.903395,7.8555,75.847,0.11612,334732.41455819027,0.01,0
2026-07-16T10:44:13Z,13.932,13.8312,17.73,0.6462,0.1278,0.2115,2.9535,147.965,114.915914,7.8551,75.79,0.11617,334830.83569766395,0.011,0
2026-07-16T10:44:13Z,13.935,13.8308,17.82,0.6233,0.1278,0.2961,2.9837,147.984,114.929339,7.8527,75.734,0.11612,334940.4030429444,0.012,0
2026-07-16T10:44:13Z,13.938,13.8303,17.82,0.6157,0.1278,0.2961,2.893,147.99,114.933252,7.8483,75.69,0.11617,334980.6153493048,0.013,0
2026-07-16T10:44:13Z,13.942,13.8296,17.82,0.6462,0.1278,0.2961,3.029,147.979,114.924695,7.8428,75.67,0.11607,334931.3684060362,0.013,0
2026-07-16T10:44:13Z,13.946,13.8289,17.82,0.6348,0.1278,0.2961,2.9535,147.979,114.925385,7.837,75.674,0.11605,334951.6582418434,0.013,0
2026-07-16T10:44:13Z,13.949,13.8282,17.82,0.6424,0.1278,0.2961,2.9081,147.997,114.939508,7.8313,75.698,0.1159,335072.98254733696,0.013,0
2026-07-16T10:44:13Z,13.952,13.828,17.82,0.65,0.1278,0.1692,2.9232,148.007,114.946829,7.8268,75.736,0.11605,335132.3697075428,0.012,0
2026-07-16T10:44:13Z,13.954,13.8282,17.82,0.528,0.1278,0.1692,2.8175,147.997,114.937303,7.8247,75.774,0.11617,335056.39497229,0.012,0
2026-07-16T10:44:13Z,13.957,13.8284,17.82,0.5394,0.1278,0.1692,2.7873,147.988,114.928387,7.8252,75.808,0.11612,334985.0187305066,0.013,0
2026-07-16T10:44:13Z,13.961,13.8285,17.82,0.5242,0.1278,0.1692,2.7722,148,114.935702,7.8277,75.834,0.11612,335037.875878453,0.013,0
2026-07-16T10:44:13Z,13.964,13.8283,17.73,0.547,0.1278,0.2115,2.7873,148.016,114.9472,7.8315,75.853,0.11612,335128.6795082132,0.014,0
2026-07-16T10:44:13Z,13.968,13.8278,17.73,0.5585,0.1278,0.2115,2.742,148.015,114.945949,7.8356,75.871,0.1161,335130.0609178056,0.014,0
2026-07-16T10:44:13Z,13.972,13.8271,17.73,0.5585,0.1278,0.2115,2.6966,148.001,114.935615,7.8391,75.888,0.11617,335067.4329057853,0.014,0
2026-07-16T10:44:13Z,13.976,13.8264,17.73,0.5585,0.1278,0.2115,2.7873,148.007,114.94144,7.842,75.9,0.11605,335126.3608087782,0.013,0
2026-07-16T10:44:13Z,13.979,13.826,17.82,0.5738,0.0852,0.2115,2.7722,148.026,114.956977,7.844,75.9,0.1159,335251.89540245483,0.013,0
2026-07-16T10:44:13Z,13.981,13.8259,17.82,0.6043,0.0852,0.2115,2.6664,148.024,114.956372,7.8459,75.892,0.11607,335249.5013612338,0.012,0
2026-07-16T10:44:13Z,13.984,13.826,17.82,0.5928,0.0852,0.2115,2.7873,148.023,114.955463,7.8477,75.878,0.11605,335240.5005939589,0.013,0
2026-07-16T10:44:13Z,13.987,13.8263,17.82,0.5928,0.0852,0.2115,2.7269,148.032,114.960007,7.8488,75.857,0.11612,335268.2131180459,0.013,0
2026-07-16T10:44:13Z,13.991,13.8267,17.82,0.547,0.0852,0.2115,2.7118,148.021,114.949217,7.8488,75.827,0.11617,335178.3868074478,0.013,0
2026-07-16T10:44:13Z,13.994,13.827,17.82,0.5852,0.0852,0.2961,2.742,148.014,114.942213,7.8479,75.788,0.1161,335119.21570709796,0.014,0
2026-07-16T10:44:13Z,13.999,13.8269,17.82,0.5394,0.0852,0.2961,2.7118,148.046,114.967127,7.8464,75.749,0.11615,335308.8288692934,0.014,0
2026-07-16T10:44:13Z,14.003,13.8262,17.82,0.5738,0.0852,0.2961,2.8326,148.073,114.988604,7.8445,75.722,0.11595,335485.60198852816,0.013,0
2026-07-16T10:44:13Z,14.006,13.8254,17.82,0.5738,0.0852,0.2961,2.7571,148.062,114.980374,7.8415,75.707,0.11605,335440.93575275457,0.013,0
2026-07-16T10:44:13Z,14.009,13.8249,17.91,0.5661,0.1278,0.2961,2.6664,148.047,114.96824,7.8375,75.697,0.11595,335360.4051558228,0.012,0
2026-07-16T10:44:13Z,14.011,13.8248,17.91,0.5738,0.1278,0.2961,2.6664,148.034,114.956967,7.8335,75.692,0.11612,335277.7245744163,0.012,0
2026-07-16T10:44:13Z,14.014,13.8249,17.91,0.5814,0.1278,0.2961,2.742,148.007,114.933549,7.8307,75.694,0.11615,335099.36359436734,0.012,0
2026-07-16T10:44:13Z,14.017,13.825,17.91,0.5776,0.1278,0.2961,2.8024,147.989,114.917739,7.8292,75.7,0.11612,334978.28010349383,0.013,0
2026-07-16T10:44:13Z,14.02,13.8248,17.82,0.6348,0.1278,0.1692,2.9535,148.006,114.929319,7.8281,75.709,0.11615,335069.69872064015,0.013,0
2026-07-16T10:44:13Z,14.024,13.8244,17.82,0.6233,0.1278,0.1692,2.9837,148.015,114.93538,7.8276,75.721,0.116,335123.92846422654,0.013,0
2026-07-16T10:44:13Z,14.028,13.8238,17.82,0.6348,0.1278,0.1692,3.0139,147.978,114.90554,7.8279,75.73,0.11623,334912.42110467114,0.013,0
2026-07-16T10:44:13Z,14.031,13.8231,17.82,0.6272,0.1278,0.1692,2.9837,147.94,114.875839,7.8287,75.731,0.11623,334704.19048919826,0.013,0
2026-07-16T10:44:13Z,14.034,13.8225,17.82,0.6081,0.1278,0.1692,2.6966,147.939,114.874354,7.8298,75.716,0.11605,334705.9626276878,0.012,0
2026-07-16T10:44:13Z,14.037,13.8222,17.82,0.65,0.1278,0.1692,2.742,147.934,114.870691,7.831,75.686,0.11605,334684.89211012993,0.012,0
2026-07-16T10:44:13Z,14.04,13.8219,17.82,0.6386,0.1278,0.1692,2.7571,147.912,114.853874,7.8321,75.645,0.11617,334564.94574793003,0.012,0
2026-07-16T10:44:13Z,14.043,13.8217,17.82,0.631,0.1278,0.1692,2.7722,147.902,114.845417,7.8322,75.601,0.11612,334505.6945352564,0.013,0
2026-07-16T10:44:13Z,14.046,13.8216,17.82,0.6348,0.1278,0.1692,2.9837,147.915,114.855065,7.8307,75.563,0.11595,334580.3619066317,0.014,0
2026-07-16T10:44:13Z,14.049,13.8216,17.82,0.6233,0.0852,0.2115,2.9837,147.929,114.863391,7.8275,75.531,0.11615,334642.9455713941,0.015,0
2026-07-16T10:44:13Z,14.053,13.8216,17.82,0.6195,0.0852,0.2115,2.9535,147.91,114.846617,7.8232,75.503,0.11605,334516.8637460054,0.016,0
2026-07-16T10:44:13Z,14.058,13.8216,17.82,0.6233,0.0852,0.2115,2.8477,147.902,114.838268,7.8188,75.479,0.11607,334454.1184937697,0.017,0
2026-07-16T10:44:13Z,14.063,13.8212,17.82,0.7263,0.0852,0.2115,2.9686,147.949,114.874113,7.8149,75.45,0.1159,334732.1723093648,0.018,0
2026-07-16T10:44:13Z,14.068,13.8205,17.91,0.6806,0.1278,0.1692,2.9837,148.01,114.921714,7.8117,75.408,0.11585,335105.2910375192,0.017,0
2026-07-16T10:44:13Z,14.073,13.8197,17.91,0.6806,0.1278,0.1692,3.0743,148.04,114.945769,7.8089,75.348,0.11623,335303.5859843767,0.017,0
2026-07-16T10:44:13Z,14.077,13.8192,17.91,0.7225,0.1278,0.1692,3.0139,148.043,114.948692,7.8065,75.275,0.11595,335336.38745580334,0.016,0
2026-07-16T10:44:13Z,14.08,13.8189,17.91,0.8217,0.1278,0.1692,3.0139,148.045,114.951261,7.8036,75.2,0.11595,335362.20593866304,0.015,0
2026-07-16T10:44:13Z,14.084,13.8189,17.82,0.8065,0.1278,0.2115,2.9535,148.048,114.954163,7.7992,75.136,0.11605,335384.05046848196,0.015,0
2026-07-16T10:44:13Z,14.087,13.8191,17.82,0.8065,0.1278,0.2115,2.9837,148.037,114.94417,7.7931,75.089,0.11605,335304.5065415333,0.015,0
2026-07-16T10:44:13Z,14.091,13.8195,17.82,0.8141,0.1278,0.2115,2.9535,148.011,114.922619,7.7854,75.053,0.11615,335133.6818450053,0.016,0
2026-07-16T10:44:13Z,14.095,13.8198,17.82,0.7836,0.1278,0.2115,2.9232,147.977,114.895761,7.7775,75.017,0.11605,334925.153014625,0.016,0
2026-07-16T10:44:13Z,14.1,13.8198,17.82,0.7454,0.1278,0.2115,2.9535,147.961,114.882433,7.7709,74.976,0.11602,334824.91413554095,0.016,0
2026-07-16T10:44:13Z,14.104,13.8195,17.82,0.7454,0.1278,0.2115,3.1196,147.961,114.88308,7.7661,74.927,0.11597,334836.24962538324,0.016,0
2026-07-16T10:44:13Z,14.108,13.819,17.82,0.7569,0.1278,0.2115,3.029,147.962,114.883876,7.7625,74.867,0.1162,334853.02069964004,0.016,0
2026-07-16T10:44:13Z,14.112,13.8187,17.82,0.7378,0.1278,0.2115,2.9535,147.977,114.895033,7.7588,74.8,0.116,334943.4072012127,0.016,0
2026-07-16T10:44:13Z,14.115,13.8186,17.82,0.7225,0.1278,0.2115,2.8628,148,114.911527,7.7546,74.746,0.11602,335069.6459092567,0.017,0
2026-07-16T10:44:13Z,14.119,13.8187,17.82,0.7149,0.1278,0.2115,2.8024,148.009,114.915756,7.7496,74.719,0.1162,335099.3040526638,0.018,0
2026-07-16T10:44:13Z,14.124,13.8188,17.82,0.7378,0.1278,0.2115,2.6815,148.009,114.912847,7.7433,74.722,0.11623,335075.256126785,0.019,0
2026-07-16T10:44:13Z,14.129,13.8187,17.82,0.7416,0.1278,0.2115,2.7571,148.013,114.914026,7.7365,74.747,0.11612,335086.2835552788,0.019,0
2026-07-16T10:44:13Z,14.135,13.818,17.82,0.8179,0.1278,0.2115,3.2405,148.03,114.925604,7.731,74.775,0.11612,335188.516353199,0.02,0
2026-07-16T10:44:13Z,14.14,13.8171,17.91,0.8103,0.1278,0.2538,3.1801,148.043,114.934672,7.7283,74.788,0.1159,335276.1999887986,0.02,0
2026-07-16T10:44:13Z,14.145,13.8162,17.91,0.8446,0.1278,0.2538,3.2405,148.038,114.929648,7.7287,74.771,0.11612,335257.8243209337,0.02,0
2026-07-16T10:44:13Z,14.15,13.8155,17.91,0.8408,0.1278,0.2538,3.2707,148.031,114.92319,7.7314,74.717,0.1162,335224.335784879,0.02,0
2026-07-16T10:44:13Z,14.155,13.815,17.91,0.8141,0.1278,0.2538,3.1347,148.029,114.919578,7.7344,74.63,0.11612,335207.9477151352,0.021,0
2026-07-16T10:44:13Z,14.16,13.8147,17.91,0.8141,0.1278,0.1692,3.1801,148.036,114.921847,7.7358,74.521,0.11612,335231.5028989181,0.022,0
2026-07-16T10:44:13Z,14.166,13.8144,17.91,0.837,0.1278,0.1692,3.2858,148.037,114.920602,7.7341,74.412,0.11612,335228.6096159504,0.023,0
2026-07-16T10:44:13Z,14.173,13.8139,17.91,0.8293,0.1278,0.1692,3.2707,148.008,114.897511,7.7287,74.314,0.1162,335065.62987903244,0.023,0
2026-07-16T10:44:13Z,14.18,13.8132,17.91,0.8827,0.1278,0.1692,2.9384,147.971,114.868418,7.7197,74.229,0.11605,334861.8624036836,0.023,0
2026-07-16T10:44:13Z,14.186,13.8123,17.91,0.8599,0.1278,0.1692,3.029,147.929,114.837562,7.7087,74.157,0.11607,334649.2192985376,0.022,0
2026-07-16T10:44:13Z,14.191,13.8115,18,0.8675,0.1278,0.2961,2.9988,147.893,114.810714,7.6975,74.1,0.11607,334464.62113458227,0.021,0
2026-07-16T10:44:13Z,14.196,13.8111,18,0.856,0.1278,0.2961,2.9837,147.874,114.796714,7.6875,74.055,0.11602,334368.01263093395,0.019,0
2026-07-16T10:44:13Z,14.2,13.8112,18,0.7035,0.1278,0.2961,3.0441,147.848,114.77583,7.6786,74.021,0.11597,334208.92651141714,0.019,0
2026-07-16T10:44:13Z,14.204,13.8117,18,0.692,0.1278,0.2961,2.9686,147.846,114.772491,7.6711,74,0.11597,334173.072392143,0.018,0
2026-07-16T10:44:13Z,14.209,13.8121,17.91,0.6882,0.1278,0.2538,2.9686,147.876,114.793806,7.6651,73.99,0.11597,334324.61067513464,0.019,0
2026-07-16T10:44:13Z,14.214,13.8124,17.91,0.6958,0.1278,0.2538,3.0894,147.886,114.799461,7.6604,73.986,0.11617,334360.6427656236,0.019,0
2026-07-16T10:44:13Z,14.219,13.8123,17.91,0.7492,0.1278,0.2538,3.1952,147.905,114.812963,7.6568,73.977,0.11602,334464.2747623996,0.019,0
2026-07-16T10:44:13Z,14.225,13.8117,17.91,0.753,0.1278,0.2538,3.1196,147.971,114.863911,7.6547,73.954,0.11615,334860.30726746604,0.019,0
2026-07-16T10:44:13Z,14.23,13.811,18,0.7797,0.0852,0.2538,3.3009,148.033,114.911894,7.6539,73.914,0.1161,335236.48010272416,0.018,0
2026-07-16T10:44:13Z,14.234,13.8103,18,0.7378,0.0852,0.2538,3.2254,148.052,114.927711,7.6536,73.868,0.11617,335370.6792633587,0.017,0
2026-07-16T10:44:13Z,14.238,13.8099,18,0.7035,0.0852,0.2538,3.2556,148.069,114.941578,7.6528,73.821,0.116,335483.74497194507,0.016,0
2026-07-16T10:44:13Z,14.241,13.8097,18,0.6958,0.0852,0.2538,3.2254,148.109,114.973192,7.6504,73.775,0.11597,335726.20867963595,0.016,0
2026-07-16T10:44:13Z,14.245,13.8097,17.91,0.6958,0.1278,0.1692,3.2405,148.136,114.994985,7.6463,73.736,0.11605,335890.42917169863,0.016,0
2026-07-16T10:44:13Z,14.249,13.81,17.91,0.7073,0.1278,0.1692,3.1649,148.126,114.98677,7.6415,73.71,0.11615,335822.02583107434,0.017,0
2026-07-16T10:44:13Z,14.253,13.8102,17.91,0.8065,0.1278,0.1692,3.2858,148.1,114.964357,7.6365,73.701,0.11605,335648.82710620353,0.018,0
2026-07-16T10:44:13Z,14.258,13.8105,17.91,0.8446,0.1278,0.1692,3.1196,148.084,114.949765,7.6317,73.706,0.11605,335532.42499700945,0.02,0
2026-07-16T10:44:13Z,14.263,13.8106,17.91,0.8065,0.1278,0.1692,3.2858,148.067,114.935104,7.6278,73.717,0.11623,335419.85156118165,0.021,0
2026-07-16T10:44:13Z,14.27,13.8104,17.91,0.8065,0.0852,0.1269,3.2405,148.041,114.914464,7.6251,73.723,0.1161,335268.7718404817,0.021,0
2026-07-16T10:44:13Z,14.276,13.8098,17.91,0.753,0.0852,0.1269,3.2254,148.037,114.912341,7.6242,73.71,0.11612,335265.7495000941,0.021,0
2026-07-16T10:44:13Z,14.281,13.8091,17.91,0.7645,0.0852,0.1269,3.2405,148.062,114.932166,7.6249,73.675,0.1159,335430.1415546235,0.02,0
2026-07-16T10:44:13Z,14.285,13.8086,17.91,0.7416,0.0852,0.1269,3.2707,148.091,114.955229,7.6261,73.64,0.1158,335614.6552376409,0.019,0
2026-07-16T10:44:13Z,14.29,13.8085,17.91,0.7721,0.1278,0.2961,3.2556,148.115,114.973681,7.6267,73.613,0.11597,335755.8354729228,0.019,0
2026-07-16T10:44:13Z,14.294,13.8086,17.91,0.7378,0.1278,0.2961,3.4822,148.136,114.988441,7.6253,73.59,0.11607,335864.89822951285,0.019,0
2026-07-16T10:44:13Z,14.298,13.8089,17.91,0.7302,0.1278,0.2961,3.5275,148.164,115.007447,7.6217,73.571,0.116,336001.65908030834,0.02,0
2026-07-16T10:44:13Z,14.303,13.8091,17.91,0.7569,0.1278,0.2961,3.4218,148.185,115.019767,7.6181,73.564,0.1161,336090.2059388188,0.022,0
2026-07-16T10:44:13Z,14.309,13.809,17.91,0.753,0.0852,0.2115,3.4973,148.165,115.000688,7.6153,73.561,0.11605,335948.5405692951,0.023,0
2026-07-16T10:44:13Z,14.316,13.8086,17.91,0.8827,0.0852,0.2115,3.8296,148.118,114.96312,7.613,73.553,0.11605,335674.0905844011,0.024,0
2026-07-16T10:44:13Z,14.323,13.8076,17.91,0.8713,0.0852,0.2115,3.6181,148.076,114.931043,7.6112,73.53,0.116,335454.0913383318,0.024,0
2026-07-16T10:44:13Z,14.329,13.8062,17.91,0.8789,0.0852,0.2115,3.739,148.061,114.919903,7.6106,73.486,0.11607,335400.45631924894,0.023,0
2026-07-16T10:44:13Z,14.335,13.8051,17.91,0.8751,0.0852,0.2115,3.7692,148.091,114.944728,7.6106,73.424,0.11607,335611.22249675484,0.022,0
2026-07-16T10:44:13Z,14.34,13.8046,18,0.8637,0.1278,0.0846,3.6937,148.131,114.976139,7.6099,73.356,0.11597,335858.7347298436,0.021,0
2026-07-16T10:44:13Z,14.345,13.8048,18,0.8293,0.1278,0.0846,3.739,148.118,114.966516,7.6075,73.289,0.11605,335781.87919840787,0.02,0
2026-07-16T10:44:13Z,14.349,13.8052,18,0.8599,0.1278,0.0846,3.5728,148.071,114.929292,7.6028,73.231,0.116,335492.7768310164,0.02,0
2026-07-16T10:44:13Z,14.354,13.8055,18,0.8789,0.1278,0.0846,3.7692,148.041,114.904539,7.5963,73.199,0.1162,335299.8829306306,0.021,0
2026-07-16T10:44:13Z,14.359,13.8057,17.91,0.898,0.0852,0.1692,3.6635,148.02,114.885654,7.5892,73.202,0.11605,335153.38775800646,0.022,0
2026-07-16T10:44:13Z,14.365,13.8058,17.91,0.8827,0.0852,0.1692,3.7088,148.006,114.873601,7.5823,73.239,0.11607,335060.50699020637,0.022,0
2026-07-16T10:44:13Z,14.372,13.8056,17.91,0.8675,0.0852,0.1692,3.6937,148.029,114.891165,7.5764,73.305,0.11602,335197.02764224174,0.022,0
2026-07-16T10:44:13Z,14.378,13.805,17.91,0.8675,0.0852,0.1692,3.7692,148.067,114.92103,7.5731,73.393,0.11595,335434.8620818491,0.021,0
2026-07-16T10:44:13Z,14.384,13.8042,17.91,0.8713,0.0852,0.2538,3.6332,148.096,114.945163,7.5735,73.496,0.1161,335633.946324824,0.019,0
2026-07-16T10:44:13Z,14.388,13.8037,17.91,0.8713,0.0852,0.2538,3.5426,148.125,114.969999,7.5774,73.602,0.11607,335831.9169663011,0.017,0
2026-07-16T10:44:13Z,14.392,13.8036,17.91,0.8942,0.0852,0.2538,3.452,148.152,114.992161,7.5843,73.696,0.11605,336001.1413589695,0.015,0
2026-07-16T10:44:13Z,14.395,13.804,17.91,0.8522,0.0852,0.2538,3.4822,148.149,114.991561,7.5934,73.768,0.11612,335987.9554831619,0.013,0
2026-07-16T10:44:13Z,14.398,13.8045,17.91,0.959,0.0852,0.2115,3.4973,148.125,114.974039,7.6039,73.813,0.11592,335845.04884600925,0.012,0
2026-07-16T10:44:13Z,14.4,13.805,17.91,0.9362,0.0852,0.2115,3.4973,148.123,114.972919,7.6148,73.833,0.11623,335825.78526308754,0.012,0
2026-07-16T10:44:13Z,14.403,13.8056,17.91,0.9629,0.0852,0.2115,3.4671,148.129,114.977904,7.6244,73.838,0.11605,335850.3696625235,0.013,0
2026-07-16T10:44:13Z,14.406,13.8061,17.91,0.9514,0.0852,0.2115,3.5124,148.112,114.964325,7.6317,73.835,0.11602,335737.2165105252,0.014,0
2026-07-16T10:44:13Z,14.41,13.8065,17.91,0.959,0.0852,0.2115,3.7843,148.086,114.94256,7.6363,73.83,0.116,335564.58525789186,0.015,0
2026-07-16T10:44:13Z,14.414,13.8067,17.91,0.9285,0.1278,0.1692,3.7239,148.068,114.926803,7.6384,73.829,0.11612,335441.57881555834,0.016,0
2026-07-16T10:44:13Z,14.418,13.8068,17.91,0.9362,0.1278,0.1692,3.7239,148.054,114.914853,7.6389,73.832,0.1159,335349.42678445193,0.017,0
2026-07-16T10:44:13Z,14.423,13.8066,17.91,0.9362,0.1278,0.1692,3.7088,148.045,114.907523,7.6386,73.836,0.116,335298.55588291597,0.017,0
2026-07-16T10:44:13Z,14.428,13.8061,17.91,1.0506,0.1278,0.1692,3.7088,148.045,114.908857,7.6382,73.84,0.11602,335319.4017920988,0.017,0
2026-07-16T10:44:13Z,14.432,13.8055,18,1.0544,0.0852,0.1269,3.7692,148.049,114.913211,7.6382,73.843,0.11605,335365.1512841219,0.016,0
2026-07-16T10:44:13Z,14.436,13.8051,18,1.0697,0.0852,0.1269,3.7541,148.047,114.913748,7.6386,73.85,0.11617,335377.8383053154,0.016,0
2026-07-16T10:44:13Z,14.44,13.805,18,1.0849,0.0852,0.1269,3.6332,148.061,114.926609,7.639,73.868,0.1162,335476.85705389077,0.016,0
2026-07-16T10:44:13Z,14.444,13.8053,18,0.9476,0.0852,0.1269,3.4369,148.116,114.971223,7.6393,73.889,0.11617,335806.4943883634,0.018,0
2026-07-16T10:44:13Z,14.448,13.8058,17.91,0.9362,0.0852,0.2538,3.5124,148.165,115.009489,7.6395,73.906,0.1159,336084.1251959033,0.019,0
2026-07-16T10:44:13Z,14.453,13.8065,17.91,0.9362,0.0852,0.2538,3.4973,148.171,115.013616,7.6402,73.93,0.11607,336100.08083892724,0.022,0
2026-07-16T10:44:13Z,14.459,13.8071,17.91,0.9209,0.0852,0.2538,3.6181,148.174,115.014701,7.6419,73.963,0.11612,336095.2643678408,0.024,0
2026-07-16T10:44:13Z,14.466,13.8077,17.91,1.0506,0.0852,0.2538,3.875,148.184,115.019034,7.644,74.004,0.11605,336114.93742556334,0.026,0
2026-07-16T10:44:13Z,14.473,13.8079,17.91,1.0353,0.0852,0.2538,3.8145,148.182,115.01177,7.6457,74.05,0.1161,336055.83475896413,0.028,0
2026-07-16T10:44:13Z,14.481,13.8078,18,1.043,0.0852,0.2115,3.9656,148.184,115.006972,7.6481,74.105,0.11612,336021.8245974867,0.029,0
2026-07-16T10:44:13Z,14.488,13.8072,18,1.0506,0.0852,0.2115,3.9203,148.205,115.01336,7.6517,74.157,0.11595,336082.9760792335,0.03,0
2026-07-16T10:44:13Z,14.495,13.8061,18,1.0468,0.0852,0.2115,3.9505,148.228,115.018637,7.6562,74.179,0.116,336146.5891667752,0.032,0
2026-07-16T10:44:13Z,14.503,13.8044,18,1.0582,0.0852,0.2115,3.8901,148.251,115.02021,7.6612,74.183,0.11592,336195.27692830714,0.034,0
2026-07-16T10:44:13Z,14.512,13.802,18,1.0659,0.1278,0.3384,3.9807,148.29,115.036496,7.6674,74.173,0.11623,336370.13559821394,0.035,0
2026-07-16T10:44:13Z,14.523,13.7988,18,1.0659,0.1278,0.3384,3.9052,148.336,115.061839,7.6732,74.124,0.1159,336630.78856157395,0.036,0
2026-07-16T10:44:13Z,14.533,13.7944,18,1.062,0.1278,0.3384,4.3735,148.348,115.064998,7.6763,74.034,0.116,336750.11816318246,0.036,0
2026-07-16T10:44:13Z,14.543,13.7891,18,1.0773,0.1278,0.3384,4.3886,148.343,115.056814,7.6776,73.922,0.11617,336803.3589408873,0.035,0
2026-07-16T10:44:13Z,14.552,13.7842,18.27,1.0849,0.1278,0.2115,4.449,148.374,115.077104,7.6774,73.79,0.11595,337063.08258597256,0.033,0
2026-07-16T10:44:13Z,14.559,13.7807,18.27,1.0697,0.1278,0.2115,4.2526,148.472,115.145278,7.6729,73.649,0.11617,337654.73450501467,0.031,0
2026-07-16T10:44:13Z,14.566,13.7787,18.27,0.9857,0.1278,0.2115,4.1922,148.584,115.219518,7.664,73.518,0.11587,338260.36197700293,0.03,0
2026-07-16T10:44:13Z,14.573,13.7774,18.27,0.9934,0.1278,0.2115,4.2526,148.637,115.247624,7.6525,73.395,0.116,338501.67667188006,0.029,0
2026-07-16T10:44:13Z,14.581,13.776,18.09,0.959,0.1278,0.2115,4.0864,148.64,115.243088,7.6391,73.268,0.11612,338497.8519683373,0.028,0
2026-07-16T10:44:13Z,14.588,13.7733,18.09,0.9629,0.1278,0.2115,4.2979,148.627,115.230701,7.6249,73.127,0.11623,338462.8963816763,0.027,0
2026-07-16T10:44:13Z,14.595,13.7691,18.09,1.0163,0.1278,0.2115,4.2224,148.613,115.219159,7.6121,72.944,0.11607,338467.078087863,0.026,0
2026-07-16T10:44:13Z,14.602,13.765,18.09,0.9743,0.1278,0.2115,4.2677,148.627,115.229383,7.6,72.703,0.11617,338634.0982469588,0.026,0
2026-07-16T10:44:13Z,14.608,13.7625,18.09,0.9896,0.1278,0.2115,4.1469,148.712,115.2921,7.5872,72.422,0.11623,339164.55128567765,0.025,0
2026-07-16T10:44:13Z,14.614,13.7617,18.09,0.9972,0.0852,0.2538,4.162,148.851,115.390034,7.5728,72.134,0.11587,339925.9612868438,0.025,0
2026-07-16T10:44:13Z,14.62,13.7615,18.09,1.1803,0.0852,0.2538,5.4158,148.967,115.465304,7.5539,71.866,0.116,340502.78388766875,0.026,0
2026-07-16T10:44:13Z,14.626,13.7613,18.09,1.1956,0.0852,0.2538,5.295,149.058,115.517982,7.5289,71.634,0.11625,340908.1537961982,0.027,0
2026-07-16T10:44:13Z,14.634,13.7602,18.09,1.2032,0.0852,0.2538,5.4007,149.159,115.580115,7.5001,71.425,0.11617,341405.69282336417,0.028,0
2026-07-16T10:44:13Z,14.642,13.757,18.18,1.165,0.1278,0.2538,5.3403,149.236,115.626272,7.4708,71.203,0.11585,341828.1382693498,0.029,0
2026-07-16T10:44:13Z,14.65,13.752,18.18,1.3596,0.1278,0.2538,6.5941,149.273,115.644759,7.4438,70.923,0.1161,342079.481916987,0.028,0
2026-07-16T10:44:13Z,14.658,13.7461,18.18,1.3748,0.1278,0.2538,6.4582,149.331,115.682507,7.4207,70.548,0.11597,342497.99605571764,0.028,0
2026-07-16T10:44:13Z,14.664,13.7407,18.18,1.371,0.1278,0.2538,6.579,149.41,115.739582,7.4,70.065,0.11602,343053.671501142,0.027,0
2026-07-16T10:44:13Z,14.671,13.7362,18.18,1.371,0.0852,0.1692,6.5337,149.456,115.773204,7.3778,69.495,0.11612,343410.5617267359,0.026,0
2026-07-16T10:44:13Z,14.677,13.7327,18.18,1.5351,0.0852,0.1692,7.3947,149.448,115.76434,7.3493,68.896,0.11605,343420.2726881111,0.025,0
2026-07-16T10:44:13Z,14.683,13.7303,18.18,1.558,0.0852,0.1692,7.3947,149.419,115.738626,7.3108,68.345,0.11607,343276.63827212766,0.025,0
2026-07-16T10:44:13Z,14.69,13.729,18.18,1.5618,0.0852,0.1692,7.3645,149.416,115.733204,7.2609,67.9,0.11607,343263.93859879195,0.024,0
2026-07-16T10:44:13Z,14.697,13.7282,18.18,1.5503,0.0852,0.1692,7.3041,149.431,115.742627,7.202,67.586,0.116,343353.78131920274,0.023,0
2026-07-16T10:44:13Z,14.703,13.7273,18.09,1.4969,0.0852,0.2115,7.2739,149.457,115.76141,7.1401,67.397,0.11605,343517.5217378871,0.022,0
2026-07-16T10:44:13Z,14.708,13.7261,18.09,1.4855,0.0852,0.2115,7.2588,149.519,115.80656,7.0832,67.302,0.11592,343889.9630290475,0.021,0
2026-07-16T10:44:13Z,14.712,13.725,18.09,1.4931,0.0852,0.2115,7.2286,149.598,115.862118,7.0372,67.256,0.11617,344340.25967570156,0.019,0
2026-07-16T10:44:13Z,14.717,13.7244,18.09,1.5007,0.0852,0.2115,7.4099,149.626,115.8769,7.0048,67.22,0.11615,344466.9636998522,0.018,0
2026-07-16T10:44:13Z,14.721,13.7239,18.18,1.619,0.1278,0.2961,7.5005,149.563,115.824846,6.9853,67.162,0.11602,344078.9350646876,0.017,0
2026-07-16T10:44:13Z,14.726,13.723,18.18,1.6152,0.1278,0.2961,7.5307,149.459,115.744076,6.9755,67.048,0.11605,343480.11128256004,0.016,0
2026-07-16T10:44:13Z,14.73,13.7211,18.18,1.6228,0.1278,0.2961,7.6062,149.392,115.69505,6.971,66.848,0.1161,343146.9121193568,0.015,0
2026-07-16T10:44:13Z,14.734,13.719,18.18,1.6266,0.1278,0.2961,7.5609,149.381,115.692693,6.9677,66.568,0.11612,343175.3837515039,0.014,0
2026-07-16T10:44:13Z,14.737,13.7177,18.18,1.4664,0.1278,0.3384,7.3645,149.384,115.700379,6.9618,66.249,0.116,343263.0140754582,0.014,0
2026-07-16T10:44:13Z,14.74,13.7177,18.18,1.5046,0.1278,0.3384,7.3645,149.391,115.708157,6.95,65.953,0.11612,343322.5583599832,0.013,0
2026-07-16T10:44:13Z,14.743,13.7188,18.18,1.516,0.1278,0.3384,7.2437,149.466,115.760101,6.9292,65.743,0.11628,343695.97983206005,0.014,0
2026-07-16T10:44:13Z,14.746,13.7207,18.18,1.4931,0.1278,0.3384,7.3041,149.599,115.848063,6.8998,65.673,0.11605,344328.0228235248,0.015,0
2026-07-16T10:44:13Z,14.75,13.7226,18.18,1.5427,0.0852,0.1269,7.5911,149.701,115.907501,6.8666,65.759,0.11623,344741.7663111625,0.016,0
2026-07-16T10:44:13Z,14.754,13.7233,18.18,1.558,0.0852,0.1269,7.5307,149.728,115.912263,6.8357,65.985,0.1161,344762.73511830834,0.017,0
2026-07-16T10:44:13Z,14.76,13.7214,18.18,1.558,0.0852,0.1269,7.5609,149.724,115.901617,6.8143,66.288,0.11612,344723.30622191174,0.018,0
2026-07-16T10:44:13Z,14.765,13.7164,18.18,1.5389,0.0852,0.1269,7.6365,149.734,115.910725,6.8077,66.56,0.11617,344904.499291779,0.018,0
2026-07-16T10:44:13Z,14.77,13.7098,18.18,1.6724,0.0852,0.1269,7.7875,149.723,115.908015,6.8176,66.701,0.1159,345030.6585275081,0.017,0
2026-07-16T10:44:13Z,14.774,13.7045,18.36,1.68,0.0852,0.2115,7.7422,149.682,115.882765,6.8419,66.669,0.11605,344954.75881519873,0.017,0
2026-07-16T10:44:13Z,14.778,13.7019,18.36,1.6877,0.0852,0.2115,7.7271,149.687,115.890243,6.8737,66.492,0.116,345070.1181562113,0.016,0
2026-07-16T10:44:13Z,14.781,13.7022,18.36,1.6838,0.0852,0.2115,7.8479,149.761,115.946443,6.9018,66.242,0.11592,345495.36968231347,0.016,0
2026-07-16T10:44:13Z,14.785,13.7041,18.36,1.6075,0.0852,0.2115,8.0443,149.856,116.010353,6.9161,65.998,0.11612,345944.5234024625,0.016,0
2026-07-16T10:44:13Z,14.789,13.7063,18.18,1.6075,0.1278,0.2115,7.9839,149.94,116.059015,6.9125,65.816,0.11602,346269.8834301538,0.017,0
2026-07-16T10:44:13Z,14.794,13.7077,18.18,1.5999,0.1278,0.2115,7.9386,149.993,116.083404,6.8939,65.72,0.11617,346426.3554060435,0.018,0
2026-07-16T10:44:13Z,14.799,13.7072,18.18,1.5961,0.1278,0.2115,7.9235,149.996,116.076022,6.8681,65.69,0.1161,346380.6940346295,0.019,0
2026-07-16T10:44:13Z,14.805,13.704,18.18,1.4931,0.1278,0.2115,7.3041,149.978,116.0609,6.8433,65.66,0.11615,346335.81328090816,0.019,0
2026-07-16T10:44:13Z,14.81,13.6985,18.36,1.4893,0.1278,0.2115,7.2286,149.963,116.054007,6.8252,65.542,0.1162,346405.7320740631,0.019,0
2026-07-16T10:44:13Z,14.815,13.6931,18.36,1.4778,0.1278,0.2115,7.2286,149.937,116.039504,6.8161,65.281,0.1161,346414.8137717191,0.018,0
2026-07-16T10:44:13Z,14.819,13.6899,18.36,1.4817,0.1278,0.2115,7.4099,149.922,116.031524,6.8135,64.892,0.11602,346424.9267351309,0.018,0
2026-07-16T10:44:13Z,14.823,13.6894,18.36,1.5007,0.1278,0.2115,7.2437,149.956,116.057941,6.8104,64.442,0.11597,346639.66293978266,0.017,0
2026-07-16T10:44:13Z,14.827,13.691,18.36,1.5084,0.1278,0.2115,7.576,150.006,116.091798,6.798,64.02,0.11605,346864.80556323304,0.018,0
2026-07-16T10:44:13Z,14.831,13.6929,18.45,1.5084,0.0852,0.2115,7.6062,150.037,116.108125,6.7707,63.701,0.11615,346948.11764531507,0.018,0
2026-07-16T10:44:13Z,14.836,13.6941,18.45,1.4511,0.0852,0.2115,7.5609,150.058,116.115273,6.7301,63.528,0.11617,346976.3427786568,0.018,0
2026-07-16T10:44:13Z,14.841,13.694,18.45,1.5084,0.0852,0.2115,7.5609,150.045,116.097148,6.6834,63.499,0.1161,346838.84723784105,0.019,0
2026-07-16T10:44:13Z,14.847,13.6924,18.45,1.5618,0.0852,0.2115,7.8933,149.981,116.042917,6.6398,63.577,0.11615,346456.75254348386,0.019,0
2026-07-16T10:44:13Z,14.851,13.6898,18.63,1.558,0.1278,0.2538,7.7724,149.885,115.968119,6.6071,63.696,0.11605,345938.90554723307,0.018,0
2026-07-16T10:44:13Z,14.856,13.6868,18.63,1.5732,0.1278,0.2538,7.8026,149.801,115.908806,6.5896,63.79,0.11628,345549.490429396,0.018,0
2026-07-16T10:44:13Z,14.86,13.6841,18.63,1.5503,0.1278,0.2538,7.6969,149.778,115.899162,6.587,63.819,0.11602,345535.55596042244,0.018,0
2026-07-16T10:44:13Z,14.864,13.6824,18.63,1.5656,0.1278,0.2538,7.5307,149.809,115.932614,6.5953,63.782,0.1162,345830.919047437,0.018,0
2026-07-16T10:44:13Z,14.869,13.6824,18.72,1.5503,0.1278,0.2961,7.4703,149.859,115.978086,6.6077,63.715,0.11605,346181.0273517628,0.018,0
2026-07-16T10:44:13Z,14.874,13.6842,18.72,1.558,0.1278,0.2961,7.5911,149.899,116.011704,6.6173,63.667,0.116,346399.73171637766,0.018,0
2026-07-16T10:44:13Z,14.879,13.6871,18.72,1.5541,0.1278,0.2961,7.5307,149.919,116.026432,6.6198,63.676,0.11595,346448.3186934042,0.018,0
2026-07-16T10:44:13Z,14.884,13.6902,18.72,1.4969,0.1278,0.2961,6.7905,149.913,116.018199,6.6156,63.761,0.11615,346315.5492365922,0.017,0
2026-07-16T10:44:13Z,14.888,13.6925,18.99,1.5046,0.1278,0.423,6.8811,149.881,115.988808,6.6083,63.913,0.11602,346037.8188426081,0.017,0
2026-07-16T10:44:13Z,14.892,13.6933,18.99,1.4817,0.1278,0.423,6.866,149.852,115.96242,6.6031,64.106,0.11597,345816.85539973865,0.016,0
2026-07-16T10:44:13Z,14.896,13.693,18.99,1.4664,0.1278,0.423,6.8358,149.845,115.955999,6.6041,64.313,0.11612,345774.14675018005,0.016,0
2026-07-16T10:44:13Z,14.899,13.6918,18.99,1.2299,0.1278,0.423,6.3977,149.863,115.971832,6.6131,64.504,0.11612,345922.786103072,0.017,0
2026-07-16T10:44:13Z,14.903,13.6902,18.99,1.2642,0.1278,0.423,6.2769,149.91,116.010142,6.629,64.657,0.11607,346253.4887100604,0.018,0
2026-07-16T10:44:13Z,14.908,13.689,19.35,1.2184,0.1278,0.3384,6.3524,149.961,116.049145,6.6493,64.765,0.11612,346580.7978329881,0.02,0
2026-07-16T10:44:13Z,14.914,13.6888,19.35,1.2528,0.1278,0.3384,6.292,149.991,116.069243,6.6707,64.839,0.11605,346740.17045965,0.022,0
2026-07-16T10:44:13Z,14.92,13.6893,19.35,1.5007,0.1278,0.3384,7.0322,149.994,116.065794,6.6905,64.899,0.11612,346702.3877901123,0.023,0
2026-07-16T10:44:13Z,14.927,13.69,19.35,1.4931,0.1278,0.3384,7.0624,149.975,116.043879,6.7062,64.956,0.11607,346517.83343511075,0.023,0
2026-07-16T10:44:13Z,14.933,13.6899,19.89,1.4969,0.1704,0.3384,7.0171,149.957,116.019652,6.7175,64.998,0.1163,346333.4303793552,0.022,0
2026-07-16T10:44:13Z,14.939,13.6888,19.89,1.5046,0.1704,0.3384,7.0322,149.943,115.998654,6.7253,65.004,0.11623,346196.3075071968,0.02,0
2026-07-16T10:44:13Z,14.944,13.687,19.89,1.5503,0.1704,0.3384,7.1077,149.934,115.983285,6.7318,64.968,0.116,346118.1968719573,0.018,0
2026-07-16T10:44:13Z,14.947,13.6844,19.89,1.5541,0.1704,0.3384,7.1682,149.945,115.985444,6.7381,64.893,0.11595,346192.94749378826,0.016,0
2026-07-16T10:44:13Z,14.951,13.681,20.16,1.5427,0.1704,0.3807,6.9869,149.977,116.005708,6.7429,64.787,0.11615,346425.09841828526,0.015,0
2026-07-16T10:44:13Z,14.954,13.6776,20.16,1.5732,0.1704,0.3807,7.1833,150.03,116.041482,6.7441,64.655,0.11607,346776.96613731916,0.014,0
2026-07-16T10:44:13Z,14.957,13.6748,20.16,1.474,0.1704,0.3807,6.9567,150.108,116.094303,6.7407,64.508,0.11605,347247.2076767349,0.014,0
2026-07-16T10:44:13Z,14.96,13.6727,20.16,1.5046,0.1704,0.3807,7.1379,150.201,116.156259,6.7333,64.367,0.1162,347772.7479114729,0.014,0
2026-07-16T10:44:13Z,14.964,13.6712,20.16,1.5007,0.1704,0.3807,7.002,150.278,116.20387,6.7225,64.251,0.11615,348174.4150308532,0.015,0
2026-07-16T10:44:13Z,14.968,13.6695,20.07,1.4855,0.1704,0.3807,7.0624,150.321,116.225831,6.7091,64.157,0.11597,348382.4808205508,0.015,0
2026-07-16T10:44:13Z,14.972,13.6671,20.07,1.5541,0.1704,0.3807,6.7603,150.354,116.237999,6.6942,64.07,0.11615,348530.63396320405,0.015,0
2026-07-16T10:44:13Z,14.976,13.6636,20.07,1.5427,0.1704,0.3807,6.9416,150.394,116.251619,6.6801,63.975,0.11592,348714.8630997135,0.015,0
2026-07-16T10:44:13Z,14.979,13.6598,20.07,1.5503,0.1704,0.3807,6.8509,150.462,116.282322,6.6686,63.855,0.11602,349038.23916201526,0.015,0
2026-07-16T10:44:13Z,14.982,13.656,20.16,1.5656,0.1704,0.4653,6.7905,150.559,116.332294,6.6595,63.678,0.11607,349511.217352019,0.015,0
2026-07-16T10:44:13Z,14.986,13.6516,20.16,1.5351,0.1704,0.4653,7.3645,150.659,116.38486,6.651,63.425,0.11605,350018.3758151091,0.016,0
2026-07-16T10:44:13Z,14.99,13.6457,20.16,1.5541,0.1704,0.4653,7.3645,150.74,116.430035,6.642,63.106,0.11612,350502.6632854534,0.016,0
2026-07-16T10:44:13Z,14.995,13.6384,20.16,1.558,0.1704,0.4653,7.2739,150.774,116.447865,6.6306,62.746,0.11612,350806.6631278998,0.017,0
2026-07-16T10:44:13Z,15,13.6301,20.07,1.558,0.1278,0.423,7.3343,150.743,116.423104,6.6135,62.359,0.1162,350802.39213051647,0.017,0
2026-07-16T10:44:13Z,15.005,13.6221,20.07,1.5656,0.1278,0.423,7.8933,150.669,116.369149,6.5884,61.953,0.11617,350564.3263106071,0.017,0
2026-07-16T10:44:13Z,15.009,13.6162,20.07,1.5274,0.1278,0.423,7.7271,150.603,116.321614,6.5561,61.539,0.116,350328.56919105223,0.016,0
2026-07-16T10:44:13Z,15.012,13.6135,20.07,1.5656,0.1278,0.423,7.8328,150.595,116.315824,6.519,61.153,0.11607,350344.7384287514,0.016,0
2026-07-16T10:44:13Z,15.016,13.6133,20.16,1.5427,0.1704,0.4653,7.6516,150.628,116.338235,6.4789,60.83,0.11602,350523.4740124601,0.016,0
2026-07-16T10:44:13Z,15.02,13.6144,20.16,1.4283,0.1704,0.4653,7.7271,150.638,116.338822,6.4366,60.59,0.11595,350503.10237322235,0.016,0
2026-07-16T10:44:13Z,15.024,13.6153,20.16,1.4244,0.1704,0.4653,7.8026,150.638,116.329742,6.3934,60.439,0.11605,350412.1236082211,0.017,0
2026-07-16T10:44:13Z,15.029,13.6155,20.16,1.4244,0.1704,0.4653,7.8026,150.657,116.338572,6.3532,60.375,0.11602,350476.22401557205,0.017,0
2026-07-16T10:44:13Z,15.034,13.6144,20.16,1.4016,0.1704,0.4653,7.8328,150.645,116.329666,6.3198,60.387,0.11605,350431.92317787354,0.017,0
2026-07-16T10:44:13Z,15.039,13.612,20.07,1.4931,0.1278,0.2961,6.9113,150.586,116.29065,6.2952,60.458,0.116,350183.077426611,0.017,0
2026-07-16T10:44:13Z,15.043,13.6091,20.07,1.4893,0.1278,0.2961,7.0473,150.527,116.257119,6.28,60.564,0.11597,349988.2301127543,0.016,0
2026-07-16T10:44:13Z,15.047,13.6071,20.07,1.4893,0.1278,0.2961,7.0473,150.496,116.246135,6.2736,60.677,0.11623,349948.1735365042,0.015,0
2026-07-16T10:44:13Z,15.05,13.6071,20.07,1.4855,0.1278,0.2961,6.9869,150.475,116.240767,6.2748,60.787,0.116,349906.4757663153,0.015,0
2026-07-16T10:44:13Z,15.054,13.6094,19.98,1.4969,0.1704,0.3807,7.4854,150.463,116.235586,6.282,60.904,0.11597,349814.1957987527,0.015,0
2026-07-16T10:44:13Z,15.058,13.6133,19.98,1.5084,0.1704,0.3807,7.5609,150.485,116.24921,6.2924,61.038,0.11623,349831.75905850617,0.015,0
2026-07-16T10:44:13Z,15.062,13.6178,19.98,1.5007,0.1704,0.3807,7.5307,150.535,116.281272,6.3035,61.202,0.11623,349978.91699268133,0.015,0
2026-07-16T10:44:13Z,15.066,13.6213,19.98,1.4969,0.1704,0.3807,7.5609,150.57,116.30432,6.3145,61.394,0.11612,350078.7009114803,0.015,0
2026-07-16T10:44:13Z,15.07,13.6227,19.98,1.4283,0.1278,0.3807,7.3796,150.583,116.314501,6.3264,61.595,0.11617,350126.0831636283,0.014,0
2026-07-16T10:44:13Z,15.073,13.6215,19.98,1.4435,0.1278,0.3807,7.3645,150.624,116.346529,6.3406,61.779,0.11612,350402.0888912666,0.014,0
2026-07-16T10:44:13Z,15.076,13.6193,19.98,1.3863,0.1278,0.3807,7.2437,150.716,116.412945,6.3579,61.917,0.11605,350968.3703930774,0.014,0
2026-07-16T10:44:13Z,15.079,13.618,19.98,1.4206,0.1278,0.3807,7.3192,150.818,116.479462,6.378,62.001,0.11605,351515.6021366544,0.014,0
2026-07-16T10:44:13Z,15.083,13.6181,19.98,1.3596,0.1278,0.3807,7.6062,150.881,116.507815,6.3989,62.034,0.116,351734.1512657483,0.015,0
2026-07-16T10:44:13Z,15.087,13.6182,19.8,1.3291,0.1278,0.3384,7.6365,150.899,116.501563,6.4179,62.022,0.11612,351683.1753981102,0.016,0
2026-07-16T10:44:13Z,15.091,13.6168,19.8,1.3787,0.1278,0.3384,7.5307,150.897,116.487037,6.4325,61.96,0.11623,351601.8683314564,0.017,0
2026-07-16T10:44:13Z,15.096,13.6127,19.8,1.3558,0.1278,0.3384,7.5307,150.878,116.468365,6.4418,61.836,0.11605,351549.6573356246,0.017,0
2026-07-16T10:44:13Z,15.101,13.6061,19.8,1.3443,0.1278,0.3384,7.0775,150.869,116.460568,6.4462,61.642,0.11612,351638.99458000576,0.018,0
2026-07-16T10:44:13Z,15.105,13.5994,20.07,1.371,0.1704,0.423,7.0171,150.914,116.493566,6.4458,61.386,0.11592,352048.6672420718,0.018,0
2026-07-16T10:44:13Z,15.11,13.595,20.07,1.371,0.1704,0.423,7.002,151.001,116.55616,6.44,61.09,0.1161,352637.3238170974,0.018,0
2026-07-16T10:44:13Z,15.114,13.5935,20.07,1.3672,0.1704,0.423,7.0775,151.107,116.629041,6.4273,60.785,0.1161,353240.8357315763,0.018,0
2026-07-16T10:44:13Z,15.118,13.5933,20.07,1.2451,0.1704,0.423,7.6969,151.235,116.713644,6.4072,60.503,0.11617,353906.97432601603,0.019,0
2026-07-16T10:44:13Z,15.123,13.5928,19.71,1.2261,0.1704,0.423,7.8177,151.356,116.788527,6.3807,60.266,0.11617,354504.6330235575,0.02,0
2026-07-16T10:44:13Z,15.129,13.5912,19.71,1.2299,0.1704,0.423,7.8177,151.416,116.815655,6.3501,60.078,0.11607,354753.865116801,0.02,0
2026-07-16T10:44:13Z,15.134,13.5884,19.71,1.2223,0.1704,0.423,7.7422,151.403,116.790262,6.3188,59.925,0.1161,354619.1508002587,0.02,0
2026-07-16T10:44:13Z,15.14,13.5838,19.71,1.2261,0.1704,0.423,7.5307,151.36,116.747576,6.2902,59.773,0.11617,354390.2702563208,0.019,0
2026-07-16T10:44:13Z,15.145,13.5776,19.89,1.2299,0.1704,0.423,7.5005,151.325,116.716215,6.2664,59.576,0.1161,354286.78824374353,0.018,0
2026-07-16T10:44:13Z,15.149,13.5711,19.89,1.2451,0.1704,0.423,7.5307,151.32,116.709818,6.2477,59.311,0.11605,354385.7233717461,0.016,0
2026-07-16T10:44:13Z,15.153,13.5661,19.89,1.2413,0.1704,0.423,7.5609,151.365,116.74267999999999,6.2325,58.979,0.116,354758.0376842951,0.014,0
2026-07-16T10:44:13Z,15.156,13.563,19.89,1.1879,0.1704,0.423,7.1682,151.435,116.793562,6.2171,58.606,0.11602,355228.41347199585,0.012,0
2026-07-16T10:44:13Z,15.159,13.5614,19.89,1.1765,0.1704,0.423,7.002,151.477,116.820032,6.1969,58.241,0.11612,355473.0010001066,0.011,0
2026-07-16T10:44:13Z,15.161,13.5607,19.8,1.1727,0.1704,0.3384,7.0775,151.492,116.825148,6.1693,57.942,0.11605,355529.27941874723,0.01,0
2026-07-16T10:44:13Z,15.163,13.5601,19.8,1.1803,0.1704,0.3384,7.0322,151.533,116.850274,6.1349,57.744,0.1162,355740.4322694349,0.01,0
2026-07-16T10:44:13Z,15.165,13.5589,19.8,1.1765,0.1704,0.3384,7.2437,151.618,116.910111,6.0962,57.654,0.11605,356238.34522868204,0.01,0
2026-07-16T10:44:13Z,15.168,13.557,19.8,1.2108,0.1704,0.3384,7.3041,151.719,116.980615,6.0586,57.653,0.11597,356836.8335052282,0.011,0
2026-07-16T10:44:13Z,15.17,13.5549,19.71,1.1727,0.1704,0.2961,7.2135,151.817,117.046585,6.0277,57.704,0.11617,357404.8962196984,0.012,0
2026-07-16T10:44:13Z,15.173,13.5529,19.71,1.1765,0.1704,0.2961,7.289,151.913,117.109611,6.0074,57.76,0.1161,357948.03472953284,0.013,0
2026-07-16T10:44:13Z,15.177,13.551,19.71,1.0544,0.1704,0.2961,7.2739,151.998,117.1665,5.9983,57.774,0.11612,358440.96496052836,0.014,0
2026-07-16T10:44:13Z,15.181,13.5485,19.71,1.0773,0.1704,0.2961,7.3041,152.054,117.20242,5.9985,57.705,0.1162,358782.64555751777,0.014,0
2026-07-16T10:44:13Z,15.185,13.5454,19.71,1.0659,0.1704,0.2961,7.3645,152.071,117.204948,6.0043,57.527,0.11605,358874.6387571629,0.014,0
2026-07-16T10:44:13Z,15.189,13.5419,19.71,1.0392,0.1704,0.2961,7.2739,152.09,117.20476,6.0105,57.236,0.11612,358954.49333524937,0.014,0
2026-07-16T10:44:13Z,15.192,13.539,19.71,0.9819,0.1704,0.2961,6.6696,152.152,117.235807,6.0123,56.849,0.11612,359267.3539627642,0.013,0
2026-07-16T10:44:13Z,15.196,13.5365,19.71,1.001,0.1704,0.2961,6.5941,152.222,117.272365,6.0056,56.395,0.11605,359614.715815437,0.012,0
2026-07-16T10:44:13Z,15.198,13.5331,19.71,0.9972,0.1704,0.2961,6.6243,152.269,117.29018,5.9875,55.911,0.11602,359834.91705514,0.011,0
2026-07-16T10:44:13Z,15.201,13.5283,19.71,1.0239,0.1704,0.2961,6.5488,152.339,117.328005,5.9578,55.437,0.11605,360246.39803677803,0.01,0
2026-07-16T10:44:13Z,15.203,13.5227,19.71,1.0124,0.1704,0.2961,6.4582,152.467,117.411925,5.9182,55,0.11605,361042.5791926551,0.01,0
2026-07-16T10:44:13Z,15.205,13.5169,19.71,0.9972,0.1704,0.2961,6.5941,152.582,117.484314,5.8717,54.621,0.11612,361753.12182666105,0.011,0
2026-07-16T10:44:13Z,15.208,13.511,19.71,1.0048,0.1704,0.2961,6.5639,152.624,117.498473,5.8221,54.315,0.11625,362003.97568148887,0.011,0
2026-07-16T10:44:13Z,15.211,13.5056,19.62,1.0277,0.1704,0.3384,6.6092,152.619,117.482175,5.7735,54.076,0.116,362001.061082979,0.012,0
2026-07-16T10:44:13Z,15.215,13.5008,19.62,0.8751,0.1704,0.3384,6.0956,152.612,117.471079,5.7285,53.867,0.11605,362025.4302429161,0.012,0
2026-07-16T10:44:13Z,15.218,13.4955,19.62,0.8713,0.1704,0.3384,6.1107,152.633,117.484226,5.6897,53.646,0.116,362254.38632768136,0.012,0
2026-07-16T10:44:13Z,15.222,13.4896,19.62,0.8866,0.1704,0.3384,6.1107,152.692,117.523123,5.6586,53.38,0.11615,362702.60787435126,0.012,0
2026-07-16T10:44:13Z,15.224,13.4854,19.71,0.8904,0.1704,0.3384,6.1258,152.743,117.552138,5.6342,53.059,0.11602,363032.5283408361,0.011,0
2026-07-16T10:44:13Z,15.227,13.4835,19.71,0.9285,0.1704,0.3384,5.869,152.764,117.557008,5.6127,52.697,0.11605,363116.055044269,0.01,0
2026-07-16T10:44:13Z,15.229,13.4825,19.71,0.9209,0.1704,0.3384,5.8539,152.793,117.571032,5.5898,52.316,0.11615,363251.3858141121,0.009,0
2026-07-16T10:44:13Z,15.231,13.4805,19.71,0.9438,0.1704,0.3384,5.7481,152.842,117.60195,5.5623,51.932,0.11617,363545.0532195993,0.008,0
2026-07-16T10:44:13Z,15.233,13.4771,19.44,0.9209,0.1704,0.3807,5.7784,152.891,117.630006,5.5293,51.562,0.11607,363849.0757300864,0.008,0
2026-07-16T10:44:13Z,15.235,13.4734,19.44,0.7149,0.1704,0.3807,5.1892,152.941,117.654681,5.4919,51.228,0.11607,364133.38638347655,0.008,0
2026-07-16T10:44:13Z,15.237,13.4707,19.44,0.6806,0.1704,0.3807,5.159,153.001,117.682553,5.4525,50.943,0.11612,364419.80038012814,0.008,0
2026-07-16T10:44:13Z,15.239,13.4686,19.44,0.7073,0.1704,0.3807,5.0835,153.06,117.705053,5.4128,50.703,0.11617,364649.25720912934,0.009,0
2026-07-16T10:44:13Z,15.241,13.4655,19.44,0.692,0.1704,0.3807,5.2043,153.115,117.72018,5.3746,50.494,0.11612,364843.52110777365,0.01,0
2026-07-16T10:44:13Z,15.244,13.4609,19.26,0.7569,0.1278,0.423,5.1892,153.176,117.739968,5.3403,50.298,0.116,365110.68168835057,0.01,0
2026-07-16T10:44:13Z,15.247,13.455,19.26,0.7454,0.1278,0.423,5.159,153.258,117.777692,5.3113,50.103,0.11595,365552.45392159984,0.011,0
2026-07-16T10:44:13Z,15.25,13.4474,19.26,0.7454,0.1278,0.423,5.0986,153.356,117.82941,5.2872,49.898,0.116,366147.23556625523,0.011,0
2026-07-16T10:44:13Z,15.253,13.4387,19.26,0.7721,0.1278,0.423,5.2496,153.419,117.856908,5.2664,49.66,0.11605,366574.5860036399,0.011,0
2026-07-16T10:44:13Z,15.256,13.4298,19.08,0.6844,0.1704,0.2538,4.872,153.432,117.847517,5.247,49.365,0.11607,366710.91044377565,0.011,0
2026-07-16T10:44:13Z,15.258,13.4215,19.08,0.692,0.1704,0.2538,4.8267,153.424,117.824734,5.2276,48.998,0.116,366725.46475222957,0.01,0
2026-07-16T10:44:13Z,15.261,13.4138,19.08,0.6882,0.1704,0.2538,4.9928,153.395,117.790483,5.207,48.562,0.11628,366633.616766882,0.01,0
2026-07-16T10:44:13Z,15.264,13.4068,19.08,0.6806,0.1704,0.2538,4.872,153.357,117.757632,5.1831,48.082,0.116,366536.3253898547,0.01,0
2026-07-16T10:44:13Z,15.266,13.4007,18.99,0.7073,0.1704,0.2961,4.6907,153.349,117.755424,5.153,47.603,0.11607,366663.75250745716,0.01,0
2026-07-16T10:44:13Z,15.268,13.3952,18.99,0.6806,0.1704,0.2961,4.6152,153.369,117.77527,5.1153,47.174,0.11605,366954.2331200546,0.01,0
2026-07-16T10:44:13Z,15.27,13.3914,18.99,0.6996,0.1704,0.2961,4.7058,153.413,117.806462,5.0702,46.838,0.1161,367295.6678563822,0.011,0
2026-07-16T10:44:13Z,15.273,13.3902,18.99,0.6806,0.1704,0.2961,4.6303,153.499,117.855319,5.0203,46.625,0.11615,367717.50264397264,0.012,0
2026-07-16T10:44:13Z,15.276,13.3914,18.99,0.8179,0.1278,0.3384,4.9022,153.621,117.912868,4.9702,46.537,0.1162,368152.318088078,0.014,0
2026-07-16T10:44:13Z,15.28,13.3929,18.99,0.837,0.1278,0.3384,4.9324,153.759,117.97045,4.9252,46.551,0.116,368580.5069086624,0.015,0
2026-07-16T10:44:13Z,15.284,13.3922,18.99,0.8065,0.1278,0.3384,4.9022,153.887,118.017416,4.8902,46.612,0.11605,368976.031019961,0.015,0
2026-07-16T10:44:13Z,15.289,13.3864,18.99,0.837,0.1278,0.3384,4.9173,153.968,118.040284,4.8686,46.628,0.1161,369299.59769397223,0.015,0
2026-07-16T10:44:13Z,15.293,13.3747,18.99,0.8141,0.1278,0.3384,5.1741,153.991,118.045149,4.8607,46.488,0.1163,369619.6127908122,0.014,0
2026-07-16T10:44:13Z,15.297,13.3589,19.44,0.8179,0.1704,0.3807,5.159,154.001,118.061312,4.8639,46.102,0.11612,370129.9006094171,0.013,0
2026-07-16T10:44:13Z,15.3,13.3423,19.44,0.7874,0.1704,0.3807,5.1892,154.055,118.113086,4.8721,45.433,0.1161,370948.7754746815,0.012,0
2026-07-16T10:44:13Z,15.302,13.3297,19.44,0.795,0.1704,0.3807,5.1741,154.156,118.186279,4.8751,44.53,0.11605,371846.6127438794,0.012,0
2026-07-16T10:44:13Z,15.305,13.3255,19.44,0.8141,0.1704,0.3807,5.4611,154.266,118.256402,4.8609,43.516,0.11605,372517.87041402276,0.011,0
2026-07-16T10:44:13Z,15.307,13.3283,19.35,0.8103,0.1278,0.4653,5.4611,154.369,118.318152,4.8202,42.545,0.11617,372952.1183557581,0.011,0
2026-07-16T10:44:13Z,15.311,13.3315,19.35,0.8065,0.1278,0.4653,5.4762,154.452,118.363992,4.7499,41.733,0.11602,373247.4315815385,0.011,0
2026-07-16T10:44:13Z,15.314,13.3302,19.35,0.8408,0.1278,0.4653,5.3554,154.503,118.386143,4.6556,41.116,0.11615,373459.2545470024,0.011,0
2026-07-16T10:44:13Z,15.317,13.3256,19.35,0.7988,0.1278,0.4653,5.4309,154.539,118.398512,4.55,40.673,0.11597,373671.6646509264,0.011,0
2026-07-16T10:44:13Z,15.32,13.3199,19.8,0.7988,0.1704,0.3384,5.3554,154.585,118.420398,4.449,40.357,0.11605,373988.4845346746,0.011,0
2026-07-16T10:44:13Z,15.322,13.3141,19.8,0.8065,0.1704,0.3384,5.4913,154.643,118.457637,4.3646,40.114,0.11612,374433.20004915376,0.011,0
2026-07-16T10:44:13Z,15.325,13.3087,19.8,0.7988,0.1704,0.3384,5.3101,154.714,118.510159,4.3006,39.898,0.11617,374993.384807259,0.011,0
2026-07-16T10:44:13Z,15.327,13.3038,19.8,0.8255,0.1704,0.3384,5.3554,154.793,118.571966,4.2548,39.67,0.11597,375617.9116610819,0.011,0
2026-07-16T10:44:13Z,15.33,13.2995,19.8,0.8255,0.1704,0.3384,5.4611,154.888,118.645539,4.2221,39.413,0.11595,376324.8355499974,0.012,0
2026-07-16T10:44:13Z,15.334,13.297,19.53,0.8217,0.1704,0.423,5.3705,155.028,118.746499,4.197,39.145,0.1162,377213.0316377828,0.012,0
2026-07-16T10:44:13Z,15.337,13.2966,19.53,0.8255,0.1704,0.423,5.4007,155.255,118.903769,4.1745,38.892,0.11602,378513.34769607993,0.013,0
2026-07-16T10:44:13Z,15.34,13.297,19.53,0.8179,0.1704,0.423,5.4158,155.598,119.135283,4.1505,38.669,0.11605,380408.07662619895,0.013,0
2026-07-16T10:44:13Z,15.343,13.2972,19.53,0.795,0.1704,0.423,5.3856,155.962,119.362757,4.1236,38.47,0.11612,382280.13776458544,0.014,0
2026-07-16T10:44:13Z,15.347,13.2953,19.62,0.8293,0.1704,0.3807,5.3705,156.232,119.504827,4.0957,38.265,0.1161,383502.6927774392,0.014,0
2026-07-16T10:44:13Z,15.351,13.29,19.62,0.795,0.1704,0.3807,5.3856,156.397,119.571368,4.0697,38.011,0.11612,384186.360012176,0.014,0
2026-07-16T10:44:13Z,15.355,13.2799,19.62,0.7797,0.1704,0.3807,5.4158,156.483,119.592125,4.0473,37.66,0.11607,384611.1191657037,0.014,0
2026-07-16T10:44:13Z,15.359,13.2635,19.62,0.7492,0.1704,0.3807,5.6273,156.539,119.604637,4.028,37.157,0.1161,385125.7583452978,0.014,0
2026-07-16T10:44:13Z,15.363,13.243,19.62,0.7454,0.1704,0.3807,5.6877,156.616,119.644246,4.0083,36.469,0.1162,385969.6679613207,0.013,0
2026-07-16T10:44:13Z,15.365,13.2238,19.62,0.7302,0.1704,0.3807,5.5971,156.718,119.713511,3.9834,35.606,0.1162,387030.104478835,0.012,0
2026-07-16T10:44:13Z,15.368,13.2094,19.62,0.7569,0.1704,0.3807,5.6424,156.809,119.784895,3.9478,34.607,0.11607,387989.6504786834,0.011,0
2026-07-16T10:44:13Z,15.371,13.1997,19.62,0.8141,0.1704,0.3807,5.5367,156.903,119.865433,3.896,33.538,0.1161,388908.8452537076,0.011,0
2026-07-16T10:44:13Z,15.373,13.1937,19.53,0.8217,0.1704,0.3384,5.6424,157.095,120.01661,3.8244,32.479,0.11605,390328.35125727963,0.012,0
2026-07-16T10:44:13Z,15.376,13.1909,19.53,0.8141,0.1704,0.3384,5.6122,157.464,120.286742,3.7341,31.51,0.1162,392670.9778393829,0.013,0
2026-07-16T10:44:13Z,15.38,13.1915,19.53,0.8293,0.1704,0.3384,5.6122,157.988,120.649848,3.6294,30.706,0.1162,395721.3646934747,0.015,0
2026-07-16T10:44:13Z,15.383,13.1943,19.53,0.8141,0.1704,0.3384,5.7028,158.484,120.9667,3.517,30.111,0.1161,398335.7945758996,0.017,0
2026-07-16T10:44:13Z,15.388,13.1958,19.53,0.8293,0.1704,0.3384,5.6726,158.782,121.121742,3.4058,29.706,0.11617,399615.4000407425,0.019,0
2026-07-16T10:44:13Z,15.393,13.192,19.53,0.8065,0.1704,0.3384,5.5971,158.92,121.164317,3.3044,29.396,0.11602,400077.01018901274,0.02,0
2026-07-16T10:44:13Z,15.399,13.1803,19.53,0.8065,0.1704,0.3384,5.5216,159.001,121.183795,3.2209,29.034,0.11607,400548.33175995963,0.021,0
2026-07-16T10:44:13Z,15.405,13.1606,19.53,0.7492,0.1704,0.3384,6.0956,159.045,121.193371,3.1598,28.464,0.11612,401144.9197412402,0.021,0
2026-07-16T10:44:13Z,15.411,13.1378,19.53,0.7492,0.1704,0.3384,6.0352,159.066,121.199599,3.119,27.592,0.11617,401795.1819734964,0.02,0
2026-07-16T10:44:13Z,15.415,13.1182,19.71,0.7492,0.1704,0.3807,6.1862,159.182,121.28216,3.0878,26.431,0.11628,403016.8736230423,0.02,0
2026-07-16T10:44:13Z,15.42,13.1049,19.71,0.7454,0.1704,0.3807,6.1107,159.466,121.485077,3.0506,25.081,0.11623,405110.54408464395,0.019,0
2026-07-16T10:44:13Z,15.424,13.0973,19.71,0.753,0.1704,0.3807,5.7935,159.83,121.732428,2.9912,23.681,0.11628,407444.36237761943,0.019,0
2026-07-16T10:44:13Z,15.429,13.0941,19.71,0.7569,0.1704,0.3807,5.869,160.157,121.942133,2.8998,22.388,0.11612,409343.411905267,0.019,0
2026-07-16T10:44:13Z,15.434,13.0924,19.53,0.7721,0.1278,0.3807,5.8086,160.353,122.054077,2.7779,21.33,0.11605,410359.27143055067,0.018,0
2026-07-16T10:44:13Z,15.439,13.0881,19.53,0.7378,0.1278,0.3807,5.869,160.391,122.052095,2.6362,20.555,0.11612,410457.30502703553,0.017,0
2026-07-16T10:44:13Z,15.444,13.0788,19.53,0.6729,0.1278,0.3807,5.6424,160.342,121.991674,2.4896,20.018,0.11628,410182.2539439644,0.016,0
2026-07-16T10:44:13Z,15.448,13.0666,19.53,0.692,0.1278,0.3807,5.6575,160.219,121.888712,2.3543,19.603,0.11612,409615.83752375346,0.015,0
2026-07-16T10:44:13Z,15.451,13.0549,19.53,0.7111,0.1278,0.3807,5.6122,160.024,121.751761,2.2436,19.183,0.11605,408741.65421770664,0.014,0
2026-07-16T10:44:13Z,15.454,13.0452,19.8,0.692,0.1278,0.3807,5.582,159.877,121.662334,2.1626,18.68,0.11615,408226.0912807632,0.012,0
2026-07-16T10:44:13Z,15.457,13.038,19.8,0.6996,0.1278,0.3807,5.9143,159.852,121.656605,2.1065,18.098,0.11597,408368.5915803676,0.011,0
2026-07-16T10:44:13Z,15.459,13.0352,19.8,0.6958,0.1278,0.3807,5.8539,159.887,121.683032,2.063,17.517,0.11612,408672.30434612196,0.011,0
2026-07-16T10:44:13Z,15.462,13.0388,19.8,0.6806,0.1278,0.3807,5.9747,159.973,121.744661,2.0187,17.062,0.11592,409110.3262308334,0.011,0
2026-07-16T10:44:13Z,15.464,13.0458,19.53,0.6729,0.1278,0.2961,5.9294,160.21,121.917942,1.9655,16.861,0.11615,410426.714216654,0.012,0
2026-07-16T10:44:13Z,15.467,13.0499,19.53,0.692,0.1278,0.2961,5.6424,160.549,122.153056,1.9041,16.985,0.1161,412361.60695159587,0.013,0
2026-07-16T10:44:13Z,15.47,13.0498,19.53,0.6729,0.1278,0.2961,5.6877,160.826,122.326644,1.8429,17.421,0.11615,413878.0297240625,0.014,0
2026-07-16T10:44:13Z,15.474,13.0487,19.53,0.6806,0.1278,0.2961,5.6726,161.017,122.432981,1.7951,18.076,0.1159,414836.8039640826,0.015,0
2026-07-16T10:44:13Z,15.478,13.0463,19.71,0.6806,0.1278,0.2961,5.6122,161.16,122.508423,1.774,18.807,0.11615,415561.85121079866,0.016,0
2026-07-16T10:44:13Z,15.483,13.0392,19.71,0.6272,0.1278,0.2961,5.7028,161.307,122.595094,1.7874,19.43,0.1161,416514.08018462517,0.016,0
2026-07-16T10:44:13Z,15.487,13.0276,19.71,0.6424,0.1278,0.2961,5.6877,161.53,122.742115,1.8338,19.77,0.11612,418121.0429948817,0.017,0
2026-07-16T10:44:13Z,15.491,13.0155,19.71,0.6081,0.1278,0.2961,5.7179,161.83,122.942677,1.9032,19.735,0.11612,420218.46903529816,0.017,0
2026-07-16T10:44:13Z,15.495,13.0053,19.71,0.6233,0.1278,0.423,5.7481,162.085,123.102211,1.9805,19.344,0.11605,421908.1972459906,0.018,0
2026-07-16T10:44:13Z,15.5,12.9975,19.71,0.6806,0.1278,0.423,5.6575,162.219,123.169227,2.0465,18.684,0.11617,422716.6794489081,0.018,0
2026-07-16T10:44:13Z,15.505,12.9905,19.71,0.7149,0.1278,0.423,5.582,162.256,123.169597,2.0826,17.862,0.11612,422913.5561444081,0.019,0
2026-07-16T10:44:13Z,15.51,12.9821,19.71,0.6806,0.1278,0.423,5.6424,162.191,123.103416,2.0792,16.96,0.11612,422559.62470762373,0.019,0
2026-07-16T10:44:13Z,15.515,12.9717,19.71,0.692,0.1278,0.423,5.582,162.052,122.997052,2.0385,16.036,0.11605,421905.2213037851,0.018,0
2026-07-16T10:44:13Z,15.52,12.9609,19.53,0.6195,0.1704,0.3807,5.446,161.89,122.890165,1.9695,15.139,0.11617,421257.46553904476,0.018,0
2026-07-16T10:44:13Z,15.524,12.9522,19.53,0.6157,0.1704,0.3807,5.3554,161.76,122.816274,1.8832,14.312,0.11623,420843.79261444707,0.017,0
2026-07-16T10:44:13Z,15.528,12.947,19.53,0.6272,0.1704,0.3807,5.3856,161.729,122.815696,1.7883,13.589,0.1161,420981.95896218024,0.016,0
2026-07-16T10:44:13Z,15.532,12.9468,19.53,0.65,0.1704,0.3807,5.4158,161.797,122.880275,1.691,13.013,0.11625,421558.8869879962,0.017,0
2026-07-16T10:44:13Z,15.535,12.9516,19.35,0.6882,0.1278,0.3807,5.1137,161.903,122.963213,1.5963,12.651,0.1159,422160.77070034214,0.017,0
2026-07-16T10:44:13Z,15.539,12.9593,19.35,0.6767,0.1278,0.3807,5.159,162.032,123.056617,1.5088,12.569,0.11625,422775.5582240341,0.018,0
2026-07-16T10:44:13Z,15.544,12.9665,19.35,0.6996,0.1278,0.3807,5.2345,162.18,123.159385,1.4323,12.793,0.11602,423487.5636193086,0.02,0
2026-07-16T10:44:13Z,15.55,12.9705,19.35,0.692,0.1278,0.3807,5.1137,162.329,123.256906,1.3715,13.275,0.1161,424242.2623544093,0.021,0
2026-07-16T10:44:13Z,15.556,12.9711,19.53,0.6729,0.1278,0.423,5.6122,162.481,123.351178,1.3333,13.903,0.116,425063.3025498066,0.023,0
2026-07-16T10:44:13Z,15.562,12.9697,19.53,0.6844,0.1278,0.423,5.582,162.608,123.425323,1.3246,14.538,0.11612,425761.8657778377,0.024,0
2026-07-16T10:44:13Z,15.568,12.9668,19.53,0.7149,0.1278,0.423,5.6424,162.702,123.477106,1.3484,15.044,0.11612,426303.8133049939,0.025,0
2026-07-16T10:44:13Z,15.574,12.962,19.53,0.6691,0.1278,0.423,5.5518,162.825,123.552344,1.3994,15.315,0.11607,427108.52059908916,0.026,0
2026-07-16T10:44:13Z,15.581,12.9555,19.53,0.7263,0.1278,0.423,5.8388,162.961,123.637089,1.4658,15.295,0.11605,428046.89030997886,0.027,0
2026-07-16T10:44:13Z,15.588,12.9488,19.44,0.7492,0.1278,0.3384,5.8086,163.032,123.675909,1.5329,14.994,0.11623,428581.687563756,0.028,0
2026-07-16T10:44:13Z,15.596,12.9428,19.44,0.7492,0.1278,0.3384,5.8388,163.058,123.689159,1.5865,14.478,0.116,428868.603525663,0.028,0
2026-07-16T10:44:13Z,15.604,12.9372,19.44,0.7645,0.1278,0.3384,5.8086,163.093,123.714384,1.6153,13.842,0.1162,429251.6742027598,0.028,0
2026-07-16T10:44:13Z,15.612,12.9315,19.44,0.6996,0.1278,0.3384,5.5518,163.171,123.770318,1.6133,13.175,0.11617,429913.0404991149,0.027,0
2026-07-16T10:44:13Z,15.618,12.9269,19.8,0.6729,0.1278,0.3807,5.582,163.306,123.863874,1.5817,12.548,0.11612,430881.79886687215,0.025,0
2026-07-16T10:44:13Z,15.624,12.9248,19.8,0.6996,0.1278,0.3807,5.6424,163.501,123.993991,1.5274,12.017,0.11607,432110.0802697103,0.023,0
2026-07-16T10:44:13Z,15.629,12.9244,19.8,0.6996,0.1278,0.3807,5.5971,163.734,124.141344,1.4603,11.619,0.11612,433447.64141557197,0.022,0
2026-07-16T10:44:13Z,15.634,12.9235,19.8,0.7607,0.1278,0.3807,5.9143,163.933,124.255192,1.39,11.353,0.11628,434499.6346058785,0.021,0
2026-07-16T10:44:13Z,15.639,12.9208,19.62,0.7378,0.1278,0.2115,5.8992000000000004,164.065,124.319872,1.3238,11.184,0.11612,435160.3944804524,0.02,0
2026-07-16T10:44:13Z,15.645,12.9154,19.62,0.7721,0.1278,0.2115,5.7633,164.157,124.362637,1.268,11.061,0.11605,435700.81941688515,0.019,0
2026-07-16T10:44:13Z,15.65,12.9064,19.62,0.7683,0.1278,0.2115,5.9294,164.251,124.414895,1.2262,10.923,0.116,436430.616826402,0.018,0
2026-07-16T10:44:13Z,15.655,12.895,19.62,0.6844,0.1278,0.2115,5.8992000000000004,164.375,124.494586,1.1984,10.71,0.11612,437478.9272212858,0.018,0
2026-07-16T10:44:13Z,15.659,12.8844,19.71,0.6806,0.1278,0.2115,5.8388,164.581,124.636964,1.1809,10.394,0.1161,439075.9321920058,0.017,0
2026-07-16T10:44:13Z,15.663,12.8762,19.71,0.6996,0.1278,0.2115,5.869,164.909,124.867992,1.1682,9.987,0.1162,441416.1327344887,0.017,0
2026-07-16T10:44:13Z,15.666,12.8703,19.71,0.6844,0.1278,0.2115,5.9143,165.263,125.107217,1.1537,9.525,0.11617,443773.0128069723,0.017,0
2026-07-16T10:44:13Z,15.67,12.8659,19.71,0.7073,0.1278,0.2115,5.8237,165.514,125.260363,1.1313,9.053,0.11612,445304.4178228916,0.017,0
2026-07-16T10:44:13Z,15.675,12.862,19.71,0.6996,0.1278,0.2115,5.9143,165.644,125.322245,1.098,8.609,0.1162,445986.28105653694,0.018,0
2026-07-16T10:44:13Z,15.68,12.8566,19.62,0.6729,0.1704,0.2115,5.8388,165.694,125.329375,1.0551,8.211,0.11612,446209.73257916403,0.018,0
2026-07-16T10:44:13Z,15.685,12.848,19.62,0.6958,0.1704,0.2115,5.8086,165.709,125.317666,1.0065,7.846,0.11617,446353.86951266805,0.018,0
2026-07-16T10:44:13Z,15.69,12.8368,19.62,0.6806,0.1704,0.2115,5.8841,165.696,125.296,0.9568,7.476,0.11597,446482.6931375803,0.018,0
2026-07-16T10:44:13Z,15.694,12.8257,19.62,0.6996,0.1704,0.2115,5.8388,165.652,125.262603,0.9101,7.067,0.11612,446500.75563541125,0.018,0
2026-07-16T10:44:13Z,15.699,12.8163,19.62,0.7035,0.1278,0.2538,5.8086,165.628,125.250586,0.8683,6.614,0.1162,446665.6806826241,0.017,0
2026-07-16T10:44:13Z,15.703,12.8095,19.62,0.6806,0.1278,0.2538,5.8237,165.686,125.298766,0.8298,6.144,0.11623,447308.7158128478,0.017,0
2026-07-16T10:44:13Z,15.707,12.8059,19.62,0.7492,0.1278,0.2538,6.1862,165.827,125.401984,0.7908,5.707,0.11615,448366.00208260946,0.017,0
2026-07-16T10:44:13Z,15.711,12.8059,19.62,0.7645,0.1278,0.2538,6.156,165.979,125.507726,0.7475,5.361,0.11612,449342.1289966279,0.018,0
2026-07-16T10:44:13Z,15.715,12.8077,19.8,0.734,0.1704,0.3384,6.0654,166.051,125.552149,0.6996,5.158,0.11623,449699.4571579897,0.018,0
2026-07-16T10:44:13Z,15.72,12.8089,19.8,0.7569,0.1704,0.3384,6.0805,166.029,125.531089,0.6499,5.121,0.1161,449469.4522000208,0.019,0
2026-07-16T10:44:13Z,15.726,12.8081,19.8,0.8713,0.1704,0.3384,6.5639,165.968,125.486953,0.6036,5.227,0.11625,449085.40378208435,0.019,0
2026-07-16T10:44:13Z,15.731,12.8053,19.8,0.856,0.1704,0.3384,6.5488,165.898,125.441986,0.5671,5.415,0.11615,448752.7791594353,0.018,0
2026-07-16T10:44:13Z,15.736,12.8023,19.8,0.8827,0.1704,0.3384,6.6394,165.83,125.400207,0.5457,5.617,0.11612,448455.5582157443,0.018,0
2026-07-16T10:44:13Z,15.74,12.8009,19.71,0.8789,0.1278,0.3384,6.6545,165.811,125.392494,0.5417,5.787,0.11602,448425.60089765885,0.017,0
2026-07-16T10:44:13Z,15.744,12.8015,19.71,0.7797,0.1278,0.3384,6.2467,165.887,125.446805,0.5529,5.907,0.11625,448909.218037045,0.017,0
2026-07-16T10:44:13Z,15.747,12.8039,19.71,0.7988,0.1278,0.3384,6.4279,166.022,125.535603,0.5728,5.987,0.11623,449658.69534754637,0.016,0
2026-07-16T10:44:13Z,15.751,12.8069,19.71,0.837,0.1278,0.3384,6.3977,166.193,125.644551,0.5942,6.058,0.11602,450577.5203229123,0.017,0
2026-07-16T10:44:13Z,15.756,12.8089,19.8,0.7988,0.0852,0.2961,6.4128,166.354,125.74267,0.6121,6.145,0.11602,451426.6689486935,0.017,0
2026-07-16T10:44:13Z,15.761,12.8079,19.8,0.8789,0.0852,0.2961,7.1077,166.432,125.782089,0.6248,6.255,0.11605,451821.54275412497,0.016,0
2026-07-16T10:44:13Z,15.765,12.8038,19.8,0.8866,0.0852,0.2961,7.0473,166.469,125.801332,0.6333,6.375,0.11623,452121.5692038911,0.016,0
2026-07-16T10:44:13Z,15.769,12.7977,19.8,0.8751,0.0852,0.2961,7.002,166.522,125.843549,0.6409,6.476,0.11617,452694.38355610776,0.015,0
2026-07-16T10:44:13Z,15.773,12.7907,19.98,0.8522,0.1278,0.2961,7.0624,166.587,125.899989,0.6502,6.53,0.11623,453426.74842003075,0.014,0
2026-07-16T10:44:13Z,15.776,12.7847,19.98,1.0048,0.1278,0.2961,7.5609,166.665,125.965694,0.6619,6.522,0.11617,454216.45884368365,0.014,0
2026-07-16T10:44:13Z,15.779,12.782,19.98,0.9896,0.1278,0.2961,7.5156,166.771,126.04618,0.6747,6.455,0.11592,455046.31200706976,0.014,0
2026-07-16T10:44:13Z,15.782,12.7828,19.98,0.9972,0.1278,0.2961,7.5609,166.893,126.130896,0.6854,6.349,0.11615,455811.8713451116,0.014,0
2026-07-16T10:44:13Z,15.786,12.785,20.07,1.001,0.0852,0.2115,7.5911,167.004,126.200411,0.691,6.233,0.11605,456394.3621452415,0.014,0
2026-07-16T10:44:13Z,15.79,12.7869,20.07,1.1231,0.0852,0.2115,9.1622,167.109,126.263255,0.6901,6.13,0.1162,456923.95288976806,0.015,0
2026-07-16T10:44:13Z,15.794,12.7872,20.07,1.1269,0.0852,0.2115,9.1169,167.267,126.366203,0.6831,6.041,0.116,457876.7540021409,0.015,0
2026-07-16T10:44:13Z,15.798,12.7848,20.07,1.1231,0.0852,0.2115,9.2679,167.5,126.524699,0.6719,5.954,0.11592,459432.337632718,0.014,0
2026-07-16T10:44:13Z,15.802,12.7806,20.07,1.1307,0.0852,0.2115,9.2226,167.777,126.712976,0.6596,5.853,0.11607,461325.52052377304,0.014,0
2026-07-16T10:44:13Z,15.805,12.7757,20.25,1.1383,0.0852,0.1692,8.8903,168.105,126.935216,0.6488,5.725,0.116,463565.10228573193,0.014,0
2026-07-16T10:44:13Z,15.808,12.7707,20.25,1.1231,0.0852,0.1692,8.8903,168.53,127.224671,0.6394,5.57,0.11617,466450.46519469615,0.014,0
2026-07-16T10:44:13Z,15.811,12.7654,20.25,1.1307,0.0852,0.1692,8.996,168.998,127.53846,0.6303,5.391,0.11612,469587.8796950356,0.015,0
2026-07-16T10:44:13Z,15.815,12.7592,20.25,1.104,0.0852,0.1692,8.996,169.417,127.812177,0.6197,5.198,0.11612,472384.76571435004,0.016,0
2026-07-16T10:44:13Z,15.819,12.7519,20.43,1.5427,0.1278,0.1269,11.8814,169.784,128.050772,0.6063,5.005,0.1161,474890.920814255,0.017,0
2026-07-16T10:44:13Z,15.824,12.7426,20.43,1.5732,0.1278,0.1269,11.836,170.097,128.253833,0.59,4.812,0.1161,477127.7509632998,0.017,0
2026-07-16T10:44:13Z,15.829,12.7308,20.43,1.5389,0.1278,0.1269,11.8209,170.428,128.471507,0.5711,4.608,0.11607,479591.5702856539,0.018,0
2026-07-16T10:44:13Z,15.834,12.7183,20.43,1.5351,0.1278,0.1269,11.7907,170.901,128.791857,0.5509,4.386,0.11615,483079.74591956835,0.018,0
2026-07-16T10:44:13Z,15.838,12.7071,20.52,1.8708,0.1278,0.2115,13.256,171.438,129.154216,0.5306,4.146,0.11607,486952.4983310258,0.018,0
2026-07-16T10:44:13Z,15.842,12.6974,20.52,1.8517,0.1278,0.2115,13.2863,171.87,129.437074,0.5102,3.887,0.11607,490021.1040483806,0.018,0
2026-07-16T10:44:13Z,15.847,12.688,20.52,1.8441,0.1278,0.2115,13.1805,172.194,129.647816,0.4887,3.618,0.11628,492386.38839325384,0.018,0
2026-07-16T10:44:13Z,15.852,12.6775,20.52,1.8441,0.1278,0.2115,13.3769,172.431,129.804612,0.4653,3.353,0.11617,494265.4761240842,0.018,0
2026-07-16T10:44:13Z,15.857,12.6651,20.52,1.867,0.1278,0.2115,13.966,172.619,129.931264,0.4399,3.1,0.11617,495915.11632302037,0.018,0
2026-07-16T10:44:13Z,15.861,12.6526,20.61,1.9051,0.1278,0.2538,13.9509,172.909,130.135596,0.4125,2.862,0.11612,498339.4432048935,0.018,0
2026-07-16T10:44:13Z,15.865,12.6429,20.61,1.9394,0.1278,0.2538,14.0265,173.475,130.54014,0.3841,2.642,0.11605,502666.6440718091,0.017,0
2026-07-16T10:44:13Z,15.869,12.6366,20.61,1.9165,0.1278,0.2538,14.0265,174.368,131.174724,0.356,2.445,0.1162,509205.7890002299,0.017,0
2026-07-16T10:44:13Z,15.873,12.6323,20.61,1.928,0.1278,0.2538,13.9056,175.247,131.780247,0.3292,2.281,0.1161,515437.52571647684,0.017,0
2026-07-16T10:44:13Z,15.878,12.6283,20.61,2.237,0.1278,0.2961,15.8997,175.709,132.067832,0.3039,2.151,0.11623,518480.7699884375,0.018,0
2026-07-16T10:44:13Z,15.882,12.6224,20.61,2.2561,0.1278,0.2961,15.8846,175.814,132.102165,0.2805,2.051,0.11612,519030.2266548157,0.018,0
2026-07-16T10:44:13Z,15.888,12.6117,20.61,2.2103,0.1278,0.2961,15.9299,175.779,132.052533,0.2597,1.971,0.11625,518893.02044277283,0.017,0
2026-07-16T10:44:13Z,15.893,12.5957,20.61,2.2255,0.1278,0.2961,15.7939,175.749,132.021791,0.2423,1.897,0.11612,519128.5524086122,0.017,0
2026-07-16T10:44:13Z,15.897,12.5785,20.7,2.4354,0.1278,0.2538,17.7275,175.797,132.055787,0.2286,1.82,0.11615,520062.7863831398,0.016,0
2026-07-16T10:44:13Z,15.9,12.5658,20.7,2.3934,0.1278,0.2538,17.6973,175.888,132.121552,0.2181,1.736,0.11615,521167.40792250534,0.015,0
2026-07-16T10:44:13Z,15.904,12.5592,20.7,2.4354,0.1278,0.2538,17.7124,175.984,132.188588,0.2096,1.638,0.11617,522077.0023467234,0.013,0
2026-07-16T10:44:13Z,15.907,12.5568,20.7,2.443,0.1278,0.2538,17.6671,176.082,132.252754,0.2017,1.536,0.11615,522813.7341477541,0.012,0
2026-07-16T10:44:13Z,15.91,12.556,20.79,2.5918,0.1278,0.1692,19.0871,176.199,132.33116,0.1936,1.449,0.1161,523641.28479479713,0.012,0
2026-07-16T10:44:13Z,15.913,12.5554,20.79,2.5994,0.1278,0.1692,19.1929,176.357,132.440711,0.1846,1.394,0.1161,524781.0342149237,0.011,0
2026-07-16T10:44:13Z,15.916,12.554,20.79,2.5841,0.1278,0.1692,19.1476,176.566,132.5866,0.1742,1.376,0.11605,526322.1056158605,0.011,0
2026-07-16T10:44:13Z,15.918,12.5514,20.79,2.5879,0.1278,0.1692,19.2382,176.865,132.795723,0.1633,1.394,0.11612,528556.8269794426,0.01,0
2026-07-16T10:44:13Z,15.921,12.5487,20.79,2.7062,0.1278,0.1692,20.0842,177.247,133.063794,0.1541,1.439,0.11623,531408.183361487,0.01,0
2026-07-16T10:44:13Z,15.923,12.5462,20.7,2.7215,0.0852,0.2538,20.0993,177.626,133.326189,0.1483,1.504,0.11623,534203.5912574884,0.01,0
2026-07-16T10:44:13Z,15.926,12.5431,20.7,2.7215,0.0852,0.2538,20.069,178.001,133.582821,0.1464,1.573,0.11605,536969.8166788174,0.01,0
2026-07-16T10:44:13Z,15.928,12.5387,20.7,2.7215,0.0852,0.2538,20.0539,178.384,133.842072,0.1483,1.634,0.11605,539818.75615567,0.01,0
2026-07-16T10:44:13Z,15.931,12.5334,20.7,4.0108,0.0852,0.2538,26.731,178.643,134.004927,0.1532,1.681,0.11602,541704.0706426424,0.01,0
2026-07-16T10:44:13Z,15.934,12.5272,20.61,4.0108,0.1278,0.2115,26.731,178.714,134.030739,0.1601,1.708,0.11607,542195.0555615233,0.01,0
2026-07-16T10:44:13Z,15.937,12.5201,20.61,4.0032,0.1278,0.2115,26.6403,178.699,134.006459,0.1675,1.717,0.11625,542195.7565617597,0.01,0
2026-07-16T10:44:13Z,15.939,12.5121,20.61,4.0375,0.1278,0.2115,26.6857,178.635,133.965649,0.174,1.717,0.116,542056.1148443138,0.009,0
2026-07-16T10:44:13Z,15.941,12.5034,20.61,5.2316,0.1278,0.2115,34.1331,178.502,133.883415,0.179,1.714,0.11605,541509.1831579137,0.009,0
2026-07-16T10:44:13Z,15.944,12.4957,20.25,5.2201,0.1278,0.2115,34.0727,178.311,133.759849,0.1819,1.708,0.11617,540495.6839937721,0.009,0
2026-07-16T10:44:13Z,15.946,12.4921,20.25,5.2278,0.1278,0.2115,34.118,178.082,133.606039,0.1829,1.7,0.11615,539022.0721367749,0.009,0
2026-07-16T10:44:13Z,15.948,12.494,20.25,5.2201,0.1278,0.2115,34.0727,177.843,133.43902,0.1829,1.701,0.11605,537218.2447854979,0.008,0
2026-07-16T10:44:13Z,15.95,12.499,20.25,7.6234,0.1278,0.2115,59.0739,177.597,133.262296,0.1826,1.717,0.116,535208.1499502372,0.008,0
2026-07-16T10:44:13Z,15.952,12.5045,20.25,7.612,0.1278,0.2115,59.1192,177.33,133.074778,0.1818,1.755,0.1161,533074.018501807,0.008,0
2026-07-16T10:44:13Z,15.954,12.5094,19.98,7.631,0.1704,0.2115,59.1796,177.065,132.894519,0.181,1.816,0.1163,531041.5370952261,0.008,0
2026-07-16T10:44:13Z,15.956,12.5128,19.98,7.612,0.1704,0.2115,59.089,176.838,132.741507,0.1811,1.901,0.11602,529346.9215022805,0.007,0
2026-07-16T10:44:13Z,15.958,12.5152,19.98,9.2599,0.1704,0.2115,75.9628,176.635,132.60096,0.1828,2,0.11617,527818.7160565164,0.007,0
2026-07-16T10:44:13Z,15.96,12.5188,19.98,9.2638,0.1704,0.2115,76.0988,176.419,132.44741,0.1868,2.104,0.116,526118.4613523557,0.007,0
2026-07-16T10:44:13Z,15.962,12.5239,20.25,9.2638,0.1278,0.1269,75.9779,176.19,132.285947,0.1933,2.205,0.11605,524289.048594825,0.007,0
2026-07-16T10:44:13Z,15.964,12.5289,20.25,9.2752,0.1278,0.1269,76.129,175.977,132.141567,0.2023,2.297,0.11605,522641.7232622629,0.007,0
2026-07-16T10:44:13Z,15.966,12.5323,20.25,15.5848,0.1278,0.1269,128.216,175.823,132.047826,0.2129,2.378,0.116,521568.79974710225,0.007,0
2026-07-16T10:44:13Z,15.967,12.5347,20.25,15.5963,0.1278,0.1269,128.0498,175.732,132.005749,0.2239,2.447,0.11602,521057.6552570178,0.007,0
2026-07-16T10:44:13Z,15.969,12.5377,20.52,15.5734,0.1278,0.2115,128.2764,175.675,131.992105,0.2346,2.508,0.11605,520815.6363042347,0.006,0
2026-07-16T10:44:13Z,15.971,12.5422,20.52,15.5619,0.1278,0.2115,128.1707,175.623,131.983242,0.2444,2.564,0.11625,520570.8517739595,0.006,0
2026-07-16T10:44:13Z,15.972,12.548400000000001,20.52,17.084,0.1278,0.2115,142.3103,175.595,131.988808,0.253,2.622,0.11615,520414.5879242786,0.006,0
2026-07-16T10:44:13Z,15.973,12.5558,20.52,17.1031,0.1278,0.2115,142.3858,175.652,132.050319,0.2603,2.682,0.11617,520786.191707515,0.006,0
2026-07-16T10:44:13Z,15.975,12.5641,20.61,17.084,0.1278,0.1269,142.2801,175.799,132.168166,0.2667,2.737,0.11612,521700.30904601753,0.006,0
2026-07-16T10:44:13Z,15.976,12.5727,20.61,17.084,0.1278,0.1269,142.2801,176.034,132.337748,0.2726,2.783,0.11595,523132.04000156216,0.006,0
2026-07-16T10:44:13Z,15.978,12.5803,20.61,22.932,0.1278,0.1269,191.799,176.347,132.554248,0.2788,2.814,0.11605,525079.3799843605,0.006,0
2026-07-16T10:44:13Z,15.979,12.5856,20.61,22.9397,0.1278,0.1269,191.9047,176.645,132.757302,0.2851,2.833,0.116,526972.5790877965,0.006,0
2026-07-16T10:44:13Z,15.981,12.5876,20.61,22.9473,0.1278,0.1269,191.8443,176.844,132.894969,0.291,2.841,0.11615,528313.6879771533,0.007,0
2026-07-16T10:44:13Z,15.983,12.5857,20.7,22.9549,0.1278,0.2538,191.9047,176.957,132.97794,0.2958,2.839,0.11582,529231.234506316,0.007,0
2026-07-16T10:44:13Z,15.985,12.5803,20.7,22.5773,0.1278,0.2538,211.8905,177.048,133.048356,0.2992,2.826,0.11612,530143.1374824325,0.006,0
2026-07-16T10:44:13Z,15.986,12.5745,20.7,22.5696,0.1278,0.2538,211.8603,177.19,133.153021,0.3013,2.8,0.11605,531422.774828236,0.006,0
2026-07-16T10:44:13Z,15.988,12.5711,20.7,22.5849,0.1278,0.2538,211.7697,177.396,133.299827,0.3021,2.757,0.1162,533054.9506197735,0.006,0
2026-07-16T10:44:13Z,15.989,12.5705,20.79,22.5506,0.0852,0.2115,211.8452,177.624,133.457866,0.3018,2.697,0.1162,534707.8292763941,0.006,0
2026-07-16T10:44:13Z,15.991,12.571,20.79,22.0279,0.0852,0.2115,227.8429,177.817,133.58921,0.3005,2.623,0.11602,536048.6254755956,0.006,0
2026-07-16T10:44:13Z,15.992,12.5706,20.79,22.0203,0.0852,0.2115,227.8127,177.914,133.656824,0.2977,2.545,0.11587,536762.9027660385,0.006,0
2026-07-16T10:44:13Z,15.994,12.5683,20.79,22.0165,0.0852,0.2115,227.6616,177.919,133.664723,0.2931,2.466,0.11605,536926.1652357526,0.006,0
2026-07-16T10:44:13Z,15.995,12.5645,21.15,22.0127,0.1278,0.2961,227.7674,177.878,133.645041,0.2868,2.388,0.11595,536856.7771633908,0.006,0
2026-07-16T10:44:13Z,15.997,12.5607,21.15,24.1756,0.1278,0.2961,222.5103,177.808,133.60254,0.2789,2.318,0.11617,536550.9581100461,0.006,0
2026-07-16T10:44:13Z,15.998,12.5591,21.15,24.1756,0.1278,0.2961,222.6463,177.726,133.545903,0.2706,2.264,0.11602,536021.0029197256,0.006,0
2026-07-16T10:44:13Z,16,12.5604,21.15,24.1528,0.1278,0.2961,222.5254,177.666,133.500062,0.2623,2.226,0.1161,535500.6025121583,0.006,0
2026-07-16T10:44:13Z,16.001,12.5634,21.15,24.1833,0.1278,0.2961,222.5859,177.604,133.452794,0.254,2.207,0.11595,534905.8107170189,0.007,0
2026-07-16T10:44:13Z,16.003,12.5663,21.15,23.4814,0.1278,0.2538,209.9871,177.487,133.367471,0.2465,2.203,0.1162,533921.9647059166,0.007,0
2026-07-16T10:44:13Z,16.005,12.5677,21.15,23.4966,0.1278,0.2538,209.972,177.304,133.235352,0.2407,2.21,0.11605,532509.5066020733,0.008,0
2026-07-16T10:44:13Z,16.007,12.5676,21.15,23.4928,0.1278,0.2538,209.972,177.101,133.08926399999999,0.2367,2.225,0.11617,531008.1909389779,0.008,0
2026-07-16T10:44:13Z,16.009,12.5674,21.15,23.5042,0.1278,0.2538,210.0928,176.941,132.97432,0.2346,2.249,0.11605,529832.9862107256,0.009,0
2026-07-16T10:44:13Z,16.011,12.568,21.24,20.9789,0.1278,0.2538,169.5623,176.851,132.905908,0.2342,2.285,0.11612,529109.190204242,0.01,0
2026-07-16T10:44:13Z,16.014,12.5696,21.24,20.998,0.1278,0.2538,169.5472,176.851,132.897811,0.235,2.332,0.1163,528970.2266528226,0.01,0
2026-07-16T10:44:13Z,16.017,12.5714,21.24,21.0056,0.1278,0.2538,169.6227,176.979,132.977893,0.2365,2.387,0.116,529729.9571870157,0.011,0
2026-07-16T10:44:13Z,16.02,12.5727,21.24,20.9941,0.1278,0.2538,169.6529,177.196,133.119469,0.2392,2.449,0.1162,531140.4464647657,0.011,0
2026-07-16T10:44:13Z,16.023,12.5727,21.69,13.315,0.1278,0.1692,85.6159,177.409,133.258209,0.243,2.523,0.11612,532569.5469548857,0.011,0
2026-07-16T10:44:13Z,16.026,12.5704,21.69,13.2731,0.1278,0.1692,85.6914,177.532,133.331023,0.2479,2.608,0.11612,533401.4040698748,0.01,0
2026-07-16T10:44:13Z,16.028,12.5658,21.69,13.2616,0.1278,0.1692,85.5856,177.513,133.30128,0.2538,2.696,0.11602,533256.2676304241,0.009,0
2026-07-16T10:44:13Z,16.03,12.5599,21.69,13.2845,0.1278,0.1692,85.7216,177.431,133.229105,0.2605,2.776,0.116,532719.0645857436,0.008,0
2026-07-16T10:44:13Z,16.032,12.5538,22.59,13.0976,0.1278,0.3384,82.8514,177.407,133.205346,0.2684,2.841,0.11605,532688.3295949261,0.007,0
2026-07-16T10:44:13Z,16.034,12.5483,22.59,13.0747,0.1278,0.3384,82.7607,177.498,133.271704,0.2775,2.89,0.11617,533566.6640221709,0.006,0
2026-07-16T10:44:13Z,16.035,12.5439,22.59,13.0823,0.1278,0.3384,82.7305,177.724,133.443875,0.2868,2.921,0.11612,535501.9605523724,0.006,0
2026-07-16T10:44:13Z,16.036,12.5409,22.59,13.0976,0.1278,0.3384,82.7607,178.027,133.673692,0.2953,2.94,0.11602,537990.5768288082,0.005,0
2026-07-16T10:44:13Z,16.038,12.5392,22.59,10.8888,0.1278,0.3384,72.4279,178.317,133.890328,0.3023,2.948,0.11607,540303.0498130687,0.005,0
2026-07-16T10:44:13Z,16.039,12.5387,22.32,10.9308,0.1278,0.2961,72.3826,178.594,134.089501,0.3075,2.944,0.11612,542396.5917858941,0.004,0
2026-07-16T10:44:13Z,16.04,12.5394,22.32,10.9156,0.1278,0.2961,72.3071,178.811,134.236243,0.3108,2.924,0.11605,543903.8748457218,0.004,0
2026-07-16T10:44:13Z,16.041,12.5402,22.32,10.9117,0.1278,0.2961,72.3524,178.901,134.289614,0.3128,2.892,0.11605,544433.1097404673,0.004,0
2026-07-16T10:44:13Z,16.042,12.5398,22.32,11.8845,0.1278,0.2961,78.0626,178.922,134.297874,0.3137,2.849,0.11623,544533.8630058846,0.004,0
2026-07-16T10:44:13Z,16.042,12.5373,22.14,11.8959,0.1704,0.2115,77.9871,178.905,134.285248,0.3133,2.795,0.11612,544491.6346022387,0.004,0
2026-07-16T10:44:13Z,16.043,12.5329,22.14,11.8807,0.1704,0.2115,78.0777,178.816,134.224346,0.3112,2.727,0.11625,544012.8293340744,0.004,0
2026-07-16T10:44:13Z,16.044,12.5288,22.14,11.8959,0.1704,0.2115,77.9418,178.715,134.15698,0.3078,2.648,0.11615,543455.860124778,0.004,0
2026-07-16T10:44:13Z,16.045,12.5268,22.14,10.4769,0.1704,0.2115,76.0233,178.705,134.155264,0.3033,2.563,0.1161,543509.6645844753,0.004,0
2026-07-16T10:44:13Z,16.046,12.5268,21.96,10.473,0.1704,0.4653,76.0384,178.768,134.200727,0.2975,2.482,0.11623,543984.8861750226,0.005,0
2026-07-16T10:44:13Z,16.048,12.5283,21.96,10.4883,0.1704,0.4653,75.9326,178.857,134.255449,0.2903,2.413,0.11625,544503.3206051639,0.005,0
2026-07-16T10:44:13Z,16.049,12.5307,21.96,10.4807,0.1704,0.4653,76.0384,178.93,134.291986,0.2819,2.36,0.1161,544799.3330520644,0.005,0
2026-07-16T10:44:13Z,16.05,12.5323,21.96,9.9313,0.1704,0.4653,78.0475,178.959,134.290051,0.2728,2.326,0.11612,544721.5647828039,0.005,0
2026-07-16T10:44:13Z,16.051,12.5318,21.96,9.9466,0.1704,0.4653,77.9569,178.961,134.267145,0.2642,2.314,0.1163,544499.899875572,0.005,0
2026-07-16T10:44:13Z,16.052,12.5285,22.32,9.9352,0.1278,0.2115,78.0173,178.942,134.227166,0.2568,2.322,0.11592,544200.304477532,0.005,0
2026-07-16T10:44:13Z,16.053,12.5233,22.32,9.9466,0.1278,0.2115,77.9569,178.914,134.175469,0.2512,2.34,0.11605,543846.4451451737,0.005,0
2026-07-16T10:44:13Z,16.054,12.5169,22.32,9.1264,0.1278,0.2115,82.1867,178.947,134.164324,0.2476,2.356,0.11615,543959.6715061836,0.005,0
2026-07-16T10:44:13Z,16.056,12.5099,22.32,9.1302,0.1278,0.2115,82.0205,179.094,134.236797,0.2464,2.365,0.116,544969.695611155,0.006,0
2026-07-16T10:44:13Z,16.057,12.5027,22.14,9.1035,0.1278,0.1692,82.1112,179.288,134.350159,0.2473,2.367,0.11615,546417.2796689698,0.006,0
2026-07-16T10:44:13Z,16.059,12.4943,22.14,9.1302,0.1278,0.1692,82.1112,179.428,134.434548,0.2492,2.368,0.11615,547606.6797687621,0.006,0
2026-07-16T10:44:13Z,16.06,12.4841,22.14,7.7035,0.1278,0.1692,70.162,179.498,134.478437,0.251,2.367,0.11617,548437.2629522654,0.006,0
2026-07-16T10:44:13Z,16.062,12.4736,22.14,7.715,0.1278,0.1692,70.2224,179.509,134.489525,0.252,2.367,0.11582,548934.5073384313,0.006,0
2026-07-16T10:44:13Z,16.063,12.4648,22.23,7.6806,0.1704,0.3807,70.1318,179.448,134.45876,0.2523,2.369,0.11617,548929.7104082518,0.006,0
2026-07-16T10:44:13Z,16.064,12.459,22.23,7.6806,0.1704,0.3807,70.1318,179.339,134.399958,0.2523,2.371,0.11625,548520.8771872119,0.006,0
2026-07-16T10:44:13Z,16.066,12.4565,22.23,6.8528,0.1704,0.3807,65.7509,179.242,134.351489,0.2523,2.373,0.1162,548101.3100666112,0.006,0
2026-07-16T10:44:13Z,16.067,12.4575,22.23,6.8147,0.1704,0.3807,65.6754,179.196,134.340463,0.2523,2.372,0.1162,547949.079656276,0.006,0
2026-07-16T10:44:13Z,16.069,12.4617,22.68,6.7994,0.1704,0.3384,65.7207,179.189,134.355936,0.2525,2.369,0.11612,547959.7924956699,0.006,0
2026-07-16T10:44:13Z,16.071,12.4679,22.68,6.8071,0.1704,0.3384,65.7509,179.184,134.374007,0.2527,2.362,0.11605,547925.4203640808,0.006,0
2026-07-16T10:44:13Z,16.073,12.4747,22.68,6.8338,0.1704,0.3384,65.7962,179.153,134.377477,0.2528,2.35,0.11607,547715.810585326,0.006,0
2026-07-16T10:44:13Z,16.074,12.4811,22.68,6.6125,0.1704,0.3384,63.9834,179.084,134.361266,0.2527,2.342,0.11623,547313.9603302219,0.007,0
2026-07-16T10:44:13Z,16.076,12.4871,22.68,6.5744,0.1704,0.3384,64.0439,179.034,134.367094,0.2524,2.342,0.1161,547158.3199907225,0.007,0
2026-07-16T10:44:13Z,16.077,12.4931,22.68,6.582,0.1704,0.54990000000000006,63.9683,179.071,134.43455,0.2515,2.346,0.116,547650.0877425695,0.006,0
2026-07-16T10:44:13Z,16.079,12.5005,22.68,6.5744,0.1704,0.54990000000000006,64.0137,179.162,134.523574,0.2503,2.353,0.11623,548318.0203402196,0.006,0
2026-07-16T10:44:13Z,16.08,12.5105,22.68,5.7733,0.1704,0.54990000000000006,57.9258,179.245,134.579838,0.2494,2.36,0.11595,548547.4584235477,0.006,0
2026-07-16T10:44:13Z,16.082,12.5225,22.68,5.7504,0.1704,0.54990000000000006,57.7898,179.342,134.62435,0.2492,2.367,0.11617,548580.8352761067,0.006,0
2026-07-16T10:44:13Z,16.084,12.5337,23.94,5.7962,0.1704,0.6345,57.8804,179.459,134.676985,0.2497,2.374,0.11628,548728.4754884763,0.006,0
2026-07-16T10:44:13Z,16.085,12.5395,23.94,5.7847,0.1704,0.6345,57.82,179.526,134.695725,0.2504,2.379,0.11607,548715.390267221,0.005,0
2026-07-16T10:44:13Z,16.086,12.5377,23.94,5.9869,0.1704,0.6345,57.5028,179.513,134.663545,0.2511,2.383,0.11623,548442.4542097383,0.005,0
2026-07-16T10:44:13Z,16.087,12.5299,23.94,5.9793,0.1704,0.6345,57.6387,179.493,134.637924,0.2519,2.386,0.1161,548455.5830601705,0.006,0
2026-07-16T10:44:13Z,16.089,12.5201,24.93,5.9602,0.1704,0.7191,57.6387,179.526,134.658071,0.2527,2.386,0.11617,549022.299674281,0.006,0
2026-07-16T10:44:13Z,16.09,12.5113,24.93,5.9716,0.1704,0.7191,57.6236,179.594,134.703336,0.2533,2.382,0.11612,549817.7598809606,0.006,0
2026-07-16T10:44:13Z,16.092,12.505,24.93,5.4795,0.1704,0.7191,48.6806,179.67,134.751759,0.2538,2.374,0.116,550556.6610719346,0.006,0
2026-07-16T10:44:13Z,16.094,12.502,24.93,5.4795,0.1704,0.7191,48.6202,179.724,134.784223,0.2542,2.357,0.1161,551007.9832962705,0.006,0
2026-07-16T10:44:13Z,16.095,12.5008,24.93,5.4757,0.1704,0.7191,48.6202,179.735,134.785362,0.2541,2.332,0.1161,551063.6554553636,0.006,0
2026-07-16T10:44:13Z,16.097,12.4991,24.12,5.4872,0.213,0.5076,48.6957,179.713,134.763487,0.2537,2.301,0.11612,550894.8347606285,0.006,0
2026-07-16T10:44:13Z,16.098,12.4967,24.12,5.1591,0.213,0.5076,43.4991,179.668,134.72878,0.2528,2.27,0.11607,550616.2076601811,0.006,0
2026-07-16T10:44:13Z,16.099,12.4944,24.12,5.1743,0.213,0.5076,43.4236,179.62,134.692004,0.251,2.241,0.11607,550312.1917381877,0.006,0
2026-07-16T10:44:13Z,16.101,12.4925,24.12,5.1515,0.213,0.5076,43.4236,179.612,134.681387,0.2484,2.219,0.11602,550269.3490408827,0.006,0
2026-07-16T10:44:13Z,16.102,12.4911,23.49,5.1629,0.1704,0.5922,43.4991,179.635,134.688093,0.2451,2.203,0.1162,550390.9084692228,0.006,0
2026-07-16T10:44:13Z,16.104,12.4908,23.49,4.7166,0.1704,0.5922,42.4417,179.621,134.663862,0.2418,2.19,0.11595,550146.4378241353,0.006,0
2026-07-16T10:44:13Z,16.106,12.4907,23.49,4.7356,0.1704,0.5922,42.3812,179.575,134.618247,0.2388,2.18,0.11595,549669.5194448843,0.005,0
2026-07-16T10:44:13Z,16.107,12.4894,23.49,4.7433,0.1704,0.5922,42.5625,179.53,134.577119,0.2365,2.173,0.11612,549283.6149519352,0.005,0
2026-07-16T10:44:13Z,16.108,12.4863,24.39,4.7242,0.213,0.5922,42.4719,179.456,134.519499,0.2347,2.168,0.11625,548789.5447902677,0.005,0
2026-07-16T10:44:13Z,16.109,12.4825,24.39,4.4457,0.213,0.5922,40.7044,179.371,134.458049,0.2333,2.166,0.11615,548280.72951717,0.005,0
2026-07-16T10:44:13Z,16.11,12.4794,24.39,4.4495,0.213,0.5922,40.5383,179.333,134.432433,0.2323,2.172,0.11605,548123.5612895947,0.005,0
2026-07-16T10:44:13Z,16.112,12.4774,24.39,4.4457,0.213,0.5922,40.5987,179.313,134.419804,0.2316,2.185,0.11605,548063.150219802,0.006,0
2026-07-16T10:44:13Z,16.113,12.4769,25.11,4.4228,0.213,0.5922,40.4929,179.269,134.390773,0.231,2.206,0.1161,547775.9753199333,0.006,0
2026-07-16T10:44:13Z,16.115,12.4774,25.11,3.6294,0.213,0.5922,38.1363,179.225,134.36362,0.2308,2.232,0.11605,547472.458123029,0.005,0
2026-07-16T10:44:13Z,16.117,12.4782,25.11,3.637,0.213,0.5922,38.091,179.167,134.329104,0.2314,2.26,0.1161,547080.8556545042,0.005,0
2026-07-16T10:44:13Z,16.118,12.479,25.11,3.6828,0.213,0.5922,38.227,179.048,134.258002,0.2328,2.289,0.116,546305.3541982586,0.005,0
2026-07-16T10:44:13Z,16.119,12.48,25.11,3.6523,0.213,0.5922,38.1514,178.912,134.185402,0.2351,2.316,0.11595,545507.6405208718,0.005,0
2026-07-16T10:44:13Z,16.12,12.4816,25.2,3.6332,0.2556,0.6345,37.1544,178.867,134.188028,0.2379,2.34,0.11605,545477.5267233483,0.005,0
2026-07-16T10:44:13Z,16.121,12.4842,25.2,3.6408,0.2556,0.6345,37.1695,178.934,134.274591,0.2408,2.36,0.11615,546291.820809511,0.004,0
2026-07-16T10:44:13Z,16.122,12.4893,25.2,3.6523,0.2556,0.6345,37.3206,179.048,134.388107,0.2439,2.377,0.11615,547299.5097267439,0.004,0
2026-07-16T10:44:13Z,16.124,12.4975,25.2,3.6256,0.2556,0.6345,37.2602,179.157,134.486783,0.2467,2.392,0.11595,548039.8252942063,0.004,0
2026-07-16T10:44:13Z,16.125,12.5076,26.01,3.5302,0.213,0.7191,37.0638,179.248,134.564904,0.2491,2.412,0.116,548495.4424981757,0.004,0
2026-07-16T10:44:13Z,16.126,12.5176,26.01,3.5264,0.213,0.7191,36.958,179.311,134.617279,0.2513,2.433,0.11623,548683.929452472,0.004,0
2026-07-16T10:44:13Z,16.126,12.5254,26.01,3.5149,0.213,0.7191,36.9731,179.345,134.643863,0.2529,2.452,0.11602,548680.897388172,0.004,0
2026-07-16T10:44:13Z,16.127,12.5302,26.01,3.5683,0.213,0.7191,36.9278,179.374,134.661754,0.2545,2.464,0.1161,548695.1202460012,0.004,0
2026-07-16T10:44:13Z,16.128,12.5328,25.56,3.3852,0.2556,0.6768,35.8553,179.418,134.687733,0.2566,2.466,0.11595,548874.0122385304,0.004,0
2026-07-16T10:44:13Z,16.129,12.5343,25.56,3.4424,0.2556,0.6768,35.7797,179.496,134.736734,0.2589,2.457,0.11607,549334.8447630125,0.004,0
2026-07-16T10:44:13Z,16.13,12.5346,25.56,3.4081,0.2556,0.6768,35.6287,179.586,134.795799,0.2609,2.436,0.11612,549945.317001185,0.004,0
2026-07-16T10:44:13Z,16.131,12.5337,25.56,3.4234,0.2556,0.6768,35.9308,179.682,134.858661,0.2622,2.403,0.11625,550639.7819178972,0.004,0
2026-07-16T10:44:13Z,16.132,12.5315,25.56,3.3852,0.2556,0.6768,36.7314,179.787,134.926067,0.2624,2.361,0.11602,551430.0159770991,0.003,0
2026-07-16T10:44:13Z,16.132,12.529,27.09,3.4119,0.2982,0.8037,36.7163,179.876,134.979958,0.2614,2.315,0.11623,552089.370909644,0.003,0
2026-07-16T10:44:13Z,16.133,12.5267,27.09,3.3929,0.2982,0.8037,36.8372,179.957,135.026698,0.2592,2.273,0.11615,552666.4962679053,0.002,0
2026-07-16T10:44:13Z,16.133,12.5241,27.09,3.3814,0.2982,0.8037,36.7314,180.039,135.074746,0.2558,2.237,0.11612,553268.830202456,0.002,0
2026-07-16T10:44:13Z,16.134,12.521,27.09,3.389,0.2982,0.8037,38.2119,180.1,135.106887,0.2513,2.201,0.11592,553721.7540800247,0.002,0
2026-07-16T10:44:13Z,16.134,12.5173,27.54,3.4157,0.2556,0.8037,38.1363,180.13,135.117678,0.2465,2.166,0.11612,553971.118631291,0.002,0
2026-07-16T10:44:13Z,16.135,12.5135,27.54,3.4005,0.2556,0.8037,38.2572,180.136,135.113999,0.242,2.137,0.11623,554071.1878872716,0.002,0
2026-07-16T10:44:13Z,16.135,12.5096,27.54,3.4119,0.2556,0.8037,38.1817,180.12,135.098874,0.2382,2.109,0.1162,554053.8575364891,0.002,0
2026-07-16T10:44:13Z,16.136,12.5058,27.54,3.1602,0.2556,0.8037,37.9551,180.088,135.078277,0.2344,2.073,0.1161,553974.9747328808,0.003,0
2026-07-16T10:44:13Z,16.136,12.5026,28.71,3.1754,0.2556,0.8037,37.9097,180.066,135.068738,0.2307,2.029,0.11612,553991.1139657443,0.003,0
2026-07-16T10:44:13Z,16.137,12.5003,28.71,3.1754,0.2556,0.8037,37.8342,180.099,135.099743,0.2276,1.979,0.11623,554403.3752765751,0.003,0
2026-07-16T10:44:13Z,16.139,12.4995,28.71,3.1716,0.2556,0.8037,37.9248,180.21,135.183563,0.2246,1.932,0.11625,555320.3551758104,0.003,0
2026-07-16T10:44:13Z,16.14,12.5005,28.71,3.4196,0.2556,0.8037,55.7353,180.39,135.312524,0.2208,1.902,0.11617,556651.0453225179,0.003,0
2026-07-16T10:44:13Z,16.14,12.5025,23.4,3.3814,0.2982,3.0456,55.6749,180.599,135.456955,0.2161,1.888,0.1162,558111.1556383215,0.003,0
2026-07-16T10:44:13Z,16.141,12.5041,23.4,3.4119,0.2982,3.0456,55.7353,180.775,135.573292,0.2107,1.889,0.11595,559289.2437783186,0.002,0
2026-07-16T10:44:13Z,16.141,12.5043,23.4,3.431,0.2982,3.0456,55.7655,180.897,135.648517,0.2058,1.903,0.11595,560082.6289074844,0.002,0
2026-07-16T10:44:13Z,16.142,12.5025,23.4,3.6294,0.2982,3.0456,52.7745,180.978,135.694681,0.2025,1.925,0.11595,560641.0224223499,0.001,0
2026-07-16T10:44:13Z,16.142,12.4991,23.4,3.6484,0.2982,3.0456,52.6536,181.045,135.732102,0.2011,1.945,0.11607,561165.8660432847,0.001,0
2026-07-16T10:44:13Z,16.142,12.4948,9.81,3.6294,0.3834,3.7647,52.7443,181.112,135.772759,0.2012,1.956,0.11602,561759.0177115895,0.001,0
2026-07-16T10:44:13Z,16.143,12.4904,9.81,3.6408,0.3834,3.7647,52.8198,181.173,135.81148,0.2027,1.954,0.11617,562335.7164419474,0.001,0
