DateTime,Depth_m,Temp_C,CDOM_ugL,Chla_ugL,Phycoerythrin_ugL,Phycocyanin_ugL,Turbidity_NTU,Cond_uScm,SpCond_uScm,DO_mgL,DOsat_percent,PAR,Salinity,DescRate_ms ,Flag
2026-07-16T12:04:30Z,-0.148,28.1216,1.71,0.3563,-0.3408,-5.6259,1.5637,151.585,161.464856,6.9404,90.102,495.82,353769.22237247124,0.18,0
2026-07-16T12:04:30Z,-0.098,28.1757,1.71,0.3563,-0.3408,-5.6259,1.5486,152.892,162.852406,6.9467,90.601,429.85,360632.72788861685,0.177,0
2026-07-16T12:04:30Z,-0.051,28.2123,6.66,0.3487,0,0.2538,1.6392,153.673,163.670562,6.9618,91.109,1730.4,364622.5741759228,0.169,0
2026-07-16T12:04:30Z,-0.008,28.2335,6.66,0.4173,0,0.2538,1.5939,154.139,164.149523,6.9865,91.581,1771.9,366972.1742592674,0.156,0
2026-07-16T12:04:30Z,0.03,28.2433,6.66,0.4021,0,0.2538,1.609,154.423,164.437058,7.0197,91.982,1783.9,368441.3092282331,0.142,0
2026-07-16T12:04:30Z,0.063,28.2453,6.66,0.3945,0,0.2538,1.6392,154.596,164.609842,7.0583,92.294,1008.8,369399.0476721538,0.128,0
2026-07-16T12:04:30Z,0.093,28.2429,6.66,0.4173,0,0.2538,1.6241,154.698,164.709941,7.0982,92.521,1225.4,370021.90310792456,0.116,0
2026-07-16T12:04:30Z,0.119,28.2387,7.2,0.3334,0.0426,0.3807,1.5939,154.76,164.772065,7.1354,92.681,367.76,370460.17866750096,0.106,0
2026-07-16T12:04:30Z,0.143,28.2345,7.2,0.3525,0.0426,0.3807,1.609,154.797,164.812782,7.1672,92.809,312.59,370775.0931044097,0.099,0
2026-07-16T12:04:30Z,0.167,28.2311,7.2,0.3792,0.0426,0.3807,1.5637,154.807,164.830919,7.192,92.94,304.41,370944.4545888872,0.094,0
2026-07-16T12:04:30Z,0.19,28.2287,7.2,0.3372,0.0426,0.3807,1.6543,154.792,164.827305,7.21,93.087,307.33,370969.1015847292,0.088,0
2026-07-16T12:04:30Z,0.214,28.2277,7.83,0.4059,0.0426,0.2538,1.5637,154.769,164.817015,7.2226,93.237,652.12,370928.5699707516,0.082,0
2026-07-16T12:04:30Z,0.236,28.2283,7.83,0.4212,0.0426,0.2538,1.6694,154.759,164.817353,7.2325,93.368,856.76,370919.1292906182,0.074,0
2026-07-16T12:04:30Z,0.255,28.2307,7.83,0.4021,0.0426,0.2538,1.5486,154.763,164.828409,7.2425,93.467,630.24,370937.50282284047,0.065,0
2026-07-16T12:04:30Z,0.27,28.2347,7.83,0.4135,0.0426,0.2538,1.5486,154.764,164.833085,7.2534,93.525,748.77,370888.62414295477,0.055,0
2026-07-16T12:04:30Z,0.281,28.2392,7.83,0.4898,0.0852,0.1269,1.6845,154.75,164.820601,7.2644,93.536,1368.4,370731.08905359765,0.045,0
2026-07-16T12:04:30Z,0.291,28.2429,7.83,0.4364,0.0852,0.1269,1.6543,154.727,164.799654,7.2742000000000004,93.499,875.2,370539.8948706549,0.036,0
2026-07-16T12:04:30Z,0.299,28.2451,7.83,0.4784,0.0852,0.1269,1.6392,154.709,164.784705,7.2816,93.421,1072.4,370411.8476582939,0.029,0
2026-07-16T12:04:30Z,0.305,28.2462,7.83,0.4593,0.0852,0.1269,1.6392,154.699,164.775779,7.286,93.319,751.7,370339.4554071372,0.023,0
2026-07-16T12:04:30Z,0.309,28.2472,7.83,0.4135,0.0852,0.1269,1.2918,154.694,164.770495,7.2868,93.21,1664.8,370289.9988819108,0.018,0
2026-07-16T12:04:30Z,0.313,28.2484,7.92,0.4021,0.0426,0.2115,1.2615,154.697,164.771452,7.2837,93.105,1355.7,370272.7944757297,0.014,0
2026-07-16T12:04:30Z,0.315,28.2495,7.92,0.4288,0.0426,0.2115,1.4277,154.706,164.778907,7.2775,93.012,981.6,370295.0040280081,0.011,0
2026-07-16T12:04:30Z,0.317,28.2501,7.92,0.4288,0.0426,0.2115,1.322,154.72,164.790837,7.2695,92.936,974.37,370352.5244821731,0.009,0
2026-07-16T12:04:30Z,0.319,28.2501,7.92,0.3258,0.0426,0.2115,1.4277,154.734,164.802405,7.261,92.881,909.51,370419.3264761632,0.007,0
2026-07-16T12:04:30Z,0.321,28.2496,7.92,0.3792,0.0852,0.1269,1.322,154.742,164.808677,7.2529,92.846,1020.3,370465.0232820408,0.006,0
2026-07-16T12:04:30Z,0.323,28.2487,7.92,0.3639,0.0852,0.1269,1.3371,154.744,164.807317,7.2457,92.827,1062.6,370474.2226176342,0.005,0
2026-07-16T12:04:30Z,0.324,28.2476,7.92,0.3449,0.0852,0.1269,1.3824,154.745,164.80598,7.2399,92.819,985.87,370487.3457748196,0.004,0
2026-07-16T12:04:30Z,0.325,28.2466,7.92,0.3945,0.0852,0.1269,1.3522,154.754,164.812327,7.2357,92.819,1050.7,370542.9608774338,0.004,0
2026-07-16T12:04:30Z,0.325,28.2457,7.92,0.3906,0,0.2538,1.2918,154.76,164.816025,7.2331,92.827,642.13,370581.3839354384,0.003,0
2026-07-16T12:04:30Z,0.326,28.2449,7.92,0.4212,0,0.2538,1.3522,154.753,164.806029,7.2318,92.844,780.33,370538.80126846244,0.003,0
2026-07-16T12:04:30Z,0.327,28.244,7.92,0.4479,0,0.2538,1.2615,154.739,164.787694,7.2313,92.865,629.56,370449.9466126576,0.002,0
2026-07-16T12:04:30Z,0.327,28.2431,7.92,0.4784,0,0.2538,1.3673,154.727,164.772168,7.2314,92.88,590.08,370377.3248731988,0.002,0
2026-07-16T12:04:30Z,0.328,28.2422,7.92,0.4517,0,0.2538,1.2766,154.728,164.771346,7.2321,92.887,940.46,370389.6299473884,0.002,0
2026-07-16T12:04:30Z,0.328,28.2413,7.92,0.4822,0.0852,0.2538,1.3824,154.74,164.781,7.2336,92.888,768.88,370462.4472561921,0.002,0
2026-07-16T12:04:30Z,0.329,28.2404,7.92,0.4898,0.0852,0.2538,1.3522,154.75,164.787668,7.2352,92.887,616.16,370518.02534109063,0.001,0
2026-07-16T12:04:30Z,0.329,28.2396,7.92,0.4593,0.0852,0.2538,1.2464,154.759,164.793127,7.2365,92.89,569.43,370564.72936882934,0.001,0
2026-07-16T12:04:30Z,0.329,28.2387,7.92,0.425,0.0852,0.2538,1.6845,154.771,164.802843,7.2372,92.895,705.64,370637.93272784475,0.001,0
2026-07-16T12:04:30Z,0.329,28.2377,8.01,0.4288,0.0426,0.1692,1.6694,154.779,164.807377,7.2374,92.901,694.68,370683.0966017327,0.001,0
2026-07-16T12:04:30Z,0.329,28.2366,8.01,0.425,0.0426,0.1692,1.6543,154.772,164.795912,7.2375,92.907,545.33,370637.7009676187,0,0
2026-07-16T12:04:30Z,0.329,28.2354,8.01,0.4135,0.0426,0.1692,1.6543,154.762,164.781426,7.2378,92.913,561.81,370576.7460922684,0,0
2026-07-16T12:04:30Z,0.329,28.2341,8.01,0.3906,0.0426,0.1692,1.3824,154.76,164.776095,7.2384,92.922,720.67,370570.5888871561,0,0
2026-07-16T12:04:30Z,0.329,28.2328,7.92,0.4135,0.0426,0.0846,1.3371,154.755,164.766467,7.2391,92.93,782.88,370539.60156891553,0,0
2026-07-16T12:04:30Z,0.329,28.2316,7.92,0.4173,0.0426,0.0846,1.4126,154.738,164.745966,7.2397,92.931,574.02,370443.8964795401,0,0
2026-07-16T12:04:30Z,0.329,28.2303,7.92,0.3906,0.0426,0.0846,1.3824,154.728,164.733181,7.2403,92.927,546.51,370394.6716343672,0,0
2026-07-16T12:04:30Z,0.329,28.2291,7.92,0.4326,0.0426,0.0846,1.6845,154.733,164.736731,7.2411,92.922,650.98,370437.92485701415,0,0
2026-07-16T12:04:30Z,0.329,28.228,7.92,0.4593,0.0426,0.2538,1.5486,154.747,164.749542,7.2419,92.917,619.11,370532.80213776126,0,0
2026-07-16T12:04:30Z,0.329,28.227,7.92,0.4708,0.0426,0.2538,1.5637,154.766,164.767013,7.2421,92.919,575.4,370652.7361701819,0.001,0
2026-07-16T12:04:30Z,0.329,28.2262,7.92,0.4593,0.0426,0.2538,1.5939,154.782,164.781775,7.242,92.93,542.73,370753.24314684724,0.001,0
2026-07-16T12:04:30Z,0.329,28.2256,7.92,0.486,0.0426,0.2538,1.3673,154.791,164.789746,7.2416,92.946,551.05,370810.710024752,0.001,0
2026-07-16T12:04:30Z,0.33,28.2249,7.92,0.486,0.0426,0.2538,1.4428,154.791,164.789041,7.2414,92.96,581.05,370819.91569852666,0.001,0
2026-07-16T12:04:30Z,0.33,28.2242,8.01,0.4517,0.0852,0.1269,1.2615,154.771,164.767446,7.2416,92.961,534.07,370708.34772676346,0,0
2026-07-16T12:04:30Z,0.33,28.2235,8.01,0.4784,0.0852,0.1269,1.4126,154.736,164.733233,7.2425,92.953,570.54,370523.8708289811,0,0
2026-07-16T12:04:30Z,0.33,28.2229,8.01,0.486,0.0852,0.1269,1.2918,154.715,164.715368,7.2438,92.946,568.44,370432.00740300096,0,0
2026-07-16T12:04:30Z,0.33,28.2227,8.01,0.4669,0.0852,0.1269,1.4277,154.71,164.7151,7.2449,92.939,806.18,370434.250246566,0.001,0
2026-07-16T12:04:30Z,0.329,28.2229,7.92,0.4746,0.0426,0.2115,1.2766,154.704,164.714317,7.245,92.937,615.36,370425.9346922111,0.002,0
2026-07-16T12:04:30Z,0.329,28.2238,7.92,0.5051,0.0426,0.2115,1.2918,154.686,164.700782,7.2443,92.945,520.89,370330.67452084017,0.004,0
2026-07-16T12:04:30Z,0.331,28.2252,7.92,0.4708,0.0426,0.2115,1.5939,154.657,164.6769,7.2435,92.968,588.93,370166.1967787707,0.006,0
2026-07-16T12:04:30Z,0.333,28.2267,7.92,0.4708,0.0426,0.2115,1.6392,154.632,164.656351,7.2428,93.003,529.33,370019.1239889296,0.007,0
2026-07-16T12:04:30Z,0.336,28.2285,8.01,0.4631,0.0426,0.2538,1.7601,154.619,164.647686,7.2424,93.044,575.27,369935.0205042489,0.009,0
2026-07-16T12:04:30Z,0.338,28.2305,8.01,0.4708,0.0426,0.2538,1.5939,154.613,164.646591,7.2428,93.085,570.66,369890.8445439502,0.011,0
2026-07-16T12:04:30Z,0.341,28.2326,8.01,0.4822,0.0426,0.2538,1.5637,154.605,164.64275,7.2443,93.131,534.88,369828.93427801254,0.012,0
2026-07-16T12:04:30Z,0.344,28.2346,8.01,0.4555,0.0426,0.2538,1.6241,154.599,164.641153,7.2468,93.191,558.4,369781.87621347903,0.014,0
2026-07-16T12:04:30Z,0.347,28.2363,8.01,0.4669,0.0426,0.2538,1.6845,154.594,164.641375,7.2497,93.262,616.97,369750.99580434687,0.016,0
2026-07-16T12:04:30Z,0.351,28.2379,8.1,0.4593,0.0852,0.3384,1.5939,154.575,164.627438,7.2527,93.34,573.9,369640.32009576896,0.018,0
2026-07-16T12:04:30Z,0.357,28.2394,8.1,0.5013,0.0852,0.3384,1.5637,154.548,164.603644,7.2561,93.418,579.54,369474.71021281456,0.019,0
2026-07-16T12:04:30Z,0.363,28.241,8.1,0.4517,0.0852,0.3384,1.5788,154.526,164.583694,7.2606,93.489,654.53,369329.4290643692,0.019,0
2026-07-16T12:04:30Z,0.368,28.2429,8.1,0.4746,0.0852,0.3384,1.6543,154.517,164.576303,7.2659,93.554,616.03,369250.92210478534,0.018,0
2026-07-16T12:04:30Z,0.373,28.2448,8.1,0.4669,0.0426,0.2115,1.5939,154.525,164.587516,7.2717,93.607,660.68,369279.6716014148,0.016,0
2026-07-16T12:04:30Z,0.377,28.2464,8.1,0.4898,0.0426,0.2115,1.609,154.541,164.606292,7.2776,93.64,627.65,369357.68953754427,0.014,0
2026-07-16T12:04:30Z,0.38,28.2476,8.1,0.4784,0.0426,0.2115,1.4881,154.549,164.617591,7.283,93.655,583.33,369400.1600237513,0.011,0
2026-07-16T12:04:30Z,0.382,28.2484,8.1,0.4746,0.0426,0.2115,1.6845,154.547,164.618414,7.288,93.656,591.75,369389.7883642427,0.009,0
2026-07-16T12:04:30Z,0.384,28.2491,8.01,0.4708,0.0426,0.2538,1.609,154.541,164.614993,7.292,93.651,589.83,369356.83899564255,0.007,0
2026-07-16T12:04:30Z,0.386,28.2499,8.01,0.4669,0.0426,0.2538,1.3069,154.538,164.614435,7.2945,93.645,632.71,369338.508037837,0.006,0
2026-07-16T12:04:30Z,0.387,28.2507,8.01,0.4631,0.0426,0.2538,1.4277,154.536,164.614586,7.2955,93.638,634.23,369324.2649076198,0.005,0
2026-07-16T12:04:30Z,0.388,28.2516,8.01,0.4708,0.0426,0.2538,1.2766,154.532,164.611477,7.2955,93.627,605.54,369289.3424308068,0.004,0
2026-07-16T12:04:30Z,0.389,28.2525,8.1,0.4631,0.0852,0.2115,1.2918,154.524,164.604281,7.295,93.618,698.77,369230.86762069614,0.003,0
2026-07-16T12:04:30Z,0.39,28.2533,8.1,0.5432,0.0852,0.2115,1.4579,154.512,164.591077,7.2944,93.613,606.2,369139.6660660955,0.003,0
2026-07-16T12:04:30Z,0.39,28.254,8.1,0.5394,0.0852,0.2115,1.3522,154.491,164.568344,7.2937,93.61,661.97,368995.46887183783,0.002,0
2026-07-16T12:04:30Z,0.391,28.2545,8.1,0.5356,0.0852,0.2115,1.322,154.46,164.53403,7.2928,93.607,562.78,368788.3842926556,0.002,0
2026-07-16T12:04:30Z,0.391,28.2548,8.1,0.5203,0.0852,0.2115,1.3069,154.414,164.482994,7.2921,93.604,572.4,368488.88265466533,0.002,0
2026-07-16T12:04:30Z,0.392,28.2548,8.01,0.547,0.0426,0.1692,1.2918,154.333,164.395612,7.2917,93.601,619.25,367986.10778389766,0.002,0
2026-07-16T12:04:30Z,0.392,28.2546,8.01,0.5394,0.0426,0.1692,1.322,154.191,164.242568,7.2916,93.599,848.05,367110.29433971964,0.002,0
2026-07-16T12:04:30Z,0.393,28.2542,8.01,0.5318,0.0426,0.1692,1.4277,153.955,163.989063,7.2914,93.595,630.11,365663.65335695405,0.001,0
2026-07-16T12:04:30Z,0.393,28.2537,8.01,0.5356,0.0426,0.1692,1.2918,153.571,163.577521,7.2912,93.592,585.11,363319.76389517944,0.001,0
2026-07-16T12:04:30Z,0.393,28.2531,8.01,0.5089,0.0426,0.1692,1.5939,152.933,162.896191,7.2911,93.592,584.09,359455.25274252484,0,0
2026-07-16T12:04:30Z,0.393,28.2525,8.01,0.5356,0.0426,0.1692,1.5637,151.866,161.757371,7.2909,93.594,605.15,353044.62997682276,0,0
2026-07-16T12:04:30Z,0.393,28.2518,8.01,0.5242,0.0426,0.1692,1.609,150.086,159.859381,7.2908,93.592,660.68,342511.04388421087,0,0
2026-07-16T12:04:30Z,0.393,28.2511,8.01,0.5318,0.0426,0.1692,1.473,147.12,156.698095,7.2906,93.586,592.91,325388.5591796443,0,0
2026-07-16T12:04:30Z,0.393,28.2504,8.01,0.5814,0.1278,0.2538,1.6241,142.176,151.430502,7.2907,93.579,669.93,298031.6627758513,0,0
2026-07-16T12:04:30Z,0.393,28.2497,8.01,0.5776,0.1278,0.2538,1.6241,133.932,142.647902,7.2909,93.575,565.23,255631.2801881887,0,0
2026-07-16T12:04:30Z,0.393,28.2489,8.01,0.5814,0.1278,0.2538,1.6241,120.192,128.012278,7.2909,93.575,615.89,193588.18100312044,0,0
2026-07-16T12:04:30Z,0.393,28.2481,8.01,0.5852,0.1278,0.2538,1.5637,97.306,103.636834,7.2905,93.573,559.61,112597.15280472673,0,0
2026-07-16T12:04:30Z,0.393,28.2473,8.01,0.5432,0.1278,0.2538,1.6241,59.172,63.02145,7.2901,93.567,711.64,31686.853360890345,0,0
2026-07-16T12:04:30Z,0.393,28.2465,8.01,0.5318,0.0852,0.2115,1.6392,-4.396,-4.680679,7.2899,93.561,552.36,NA,0,0
2026-07-16T12:04:30Z,0.393,28.2458,8.01,0.528,0.0852,0.2115,1.6241,-110.353,-117.527464,7.2899,93.562,583.33,NA,0,0
2026-07-16T12:04:30Z,0.393,28.2451,8.01,0.5585,0.0852,0.2115,1.6241,-286.948,-305.603363,7.2899,93.567,572.9,NA,0,0
2026-07-16T12:04:30Z,0.393,28.2444,8.01,0.528,0.0852,0.2115,1.6845,-397.322,-423.153494,7.2896,93.574,587.78,NA,0,0
2026-07-16T12:04:30Z,0.393,28.2436,8.01,0.5432,0.0426,0.1692,1.5335,-286.964,-305.624123,7.2893,93.582,609.37,NA,0,0
2026-07-16T12:04:30Z,0.393,28.2429,8.01,0.5203,0.0426,0.1692,1.609,-110.39,-117.57452,7.2896,93.586,645.35,NA,0,0
2026-07-16T12:04:30Z,0.393,28.2422,8.01,0.5089,0.0426,0.1692,1.6241,-4.447,-4.746532,7.2903,93.586,595.49,NA,0,0
2026-07-16T12:04:30Z,0.393,28.2416,8.01,0.5203,0.0426,0.1692,1.5486,59.124,62.955321,7.291,93.586,600.17,31611.769587848732,0.001,0
2026-07-16T12:04:30Z,0.393,28.241,8.01,0.528,0.0852,0.1269,1.6241,97.271,103.580859,7.2916,93.584,635.47,112481.83621574192,0.001,0
2026-07-16T12:04:30Z,0.393,28.2404,8.01,0.5127,0.0852,0.1269,1.6241,120.159,127.95554,7.2918,93.585,672.99,193451.70051061714,0.002,0
2026-07-16T12:04:30Z,0.394,28.24,8.01,0.528,0.0852,0.1269,1.5335,133.889,142.575268,7.2917,93.595,629.83,255423.48638317076,0.003,0
2026-07-16T12:04:30Z,0.395,28.2396,8.01,0.5394,0.0852,0.1269,1.5939,142.119,151.338639,7.2917,93.612,654.96,297731.6292195402,0.003,0
2026-07-16T12:04:30Z,0.396,28.2391,8.1,0.5547,0.0852,0.2115,1.6241,147.052,156.59057,7.2916,93.634,655.81,325014.5052716407,0.004,0
2026-07-16T12:04:30Z,0.397,28.2386,8.1,0.5852,0.0852,0.2115,1.5788,150.015,159.743602,7.2917,93.658,685.24,342104.86495619896,0.004,0
2026-07-16T12:04:30Z,0.398,28.2379,8.1,0.5661,0.0852,0.2115,1.5939,151.799,161.642554,7.2925,93.683,600.43,352664.33964788064,0.004,0
2026-07-16T12:04:30Z,0.399,28.2373,8.1,0.5776,0.0852,0.2115,1.5637,152.874,162.785795,7.2939,93.704,550.09,359119.75947201793,0.004,0
2026-07-16T12:04:30Z,0.4,28.2367,8.1,0.5623,0.0852,0.2115,1.7147,153.515,163.46616,7.2957,93.72,564.99,363000.0871580357,0.004,0
2026-07-16T12:04:30Z,0.401,28.2362,8.1,0.5738,0.0426,0.2115,1.6241,153.895,163.869091,7.2977,93.728,583.2,365312.8916700687,0.004,0
2026-07-16T12:04:30Z,0.402,28.2356,8.1,0.5661,0.0426,0.2115,1.6241,154.122,164.110052,7.2996,93.732,575.27,366705.9535182406,0.003,0
2026-07-16T12:04:30Z,0.403,28.235,8.1,0.5432,0.0426,0.2115,1.5939,154.25,164.245282,7.3013,93.735,571.78,367494.13872062543,0.003,0
2026-07-16T12:04:30Z,0.404,28.2344,8.1,0.5776,0.0426,0.2115,1.6241,154.311,164.310843,7.3027,93.737,595.49,367882.456158722,0.003,0
2026-07-16T12:04:30Z,0.404,28.2339,8.1,0.5776,0.0852,0.2115,1.609,154.345,164.348272,7.3034,93.738,636.71,368107.229996031,0.003,0
2026-07-16T12:04:30Z,0.405,28.2335,8.1,0.5623,0.0852,0.2115,1.5939,154.376,164.383587,7.3037,93.743,542.61,368318.0369834831,0.003,0
2026-07-16T12:04:30Z,0.406,28.2333,8.1,0.5509,0.0852,0.2115,1.6543,154.395,164.406161,7.304,93.753,662.69,368451.7792167353,0.004,0
2026-07-16T12:04:30Z,0.407,28.2333,8.1,0.5699,0.0852,0.2115,1.6543,154.381,164.393947,7.3042,93.77,594.72,368381.4511379147,0.004,0
2026-07-16T12:04:30Z,0.408,28.2337,8.1,0.5661,0.0426,0.1692,1.6543,154.347,164.359727,7.3042,93.79,622.08,368176.9223240453,0.004,0
2026-07-16T12:04:30Z,0.409,28.2344,8.1,0.5699,0.0426,0.1692,1.6543,154.324,164.33847600000001,7.3044,93.807,559.13,368041.4407152384,0.004,0
2026-07-16T12:04:30Z,0.41,28.2352,8.1,0.5356,0.0426,0.1692,1.6392,154.324,164.340564,7.3052,93.82,603.18,368038.3917955853,0.004,0
2026-07-16T12:04:30Z,0.411,28.2361,8.1,0.4936,0.0426,0.1692,1.5183,154.332,164.350511,7.3064,93.826,595.37,368078.6822897026,0.003,0
2026-07-16T12:04:30Z,0.412,28.2369,8.1,0.5356,0.0426,0.1692,1.6392,154.332,164.350925,7.3078,93.826,601.74,368065.9999516085,0.003,0
2026-07-16T12:04:30Z,0.412,28.2377,8.1,0.5318,0.0852,0.1692,1.5788,154.32,164.337906,7.3091,93.823,642.97,367976.0302759623,0.002,0
2026-07-16T12:04:30Z,0.413,28.2385,8.1,0.547,0.0852,0.1692,1.7147,154.308,164.324019,7.31,93.821,566.46,367881.0835578471,0.002,0
2026-07-16T12:04:30Z,0.413,28.239,8.1,0.5699,0.0852,0.1692,1.5637,154.303,164.31759,7.3104,93.819,644.79,367834.69463680935,0.001,0
2026-07-16T12:04:30Z,0.413,28.2392,8.1,0.5585,0.0852,0.1692,1.6543,154.3,164.312893,7.3104,93.818,633.26,367803.91611568886,0.001,0
2026-07-16T12:04:30Z,0.414,28.2391,8.1,0.5776,0.0426,0.2538,1.6543,154.302,164.312685,7.3102,93.816,586.63,367804.6010568429,0.001,0
2026-07-16T12:04:30Z,0.414,28.2387,8.1,0.5585,0.0426,0.2538,1.5486,154.311,164.320921,7.31,93.816,550.81,367859.4992403053,0.001,0
2026-07-16T12:04:30Z,0.414,28.2383,8.1,0.5814,0.0426,0.2538,1.4881,154.319,164.327768,7.3099,93.814,593.3,367906.4130070293,0,0
2026-07-16T12:04:30Z,0.414,28.2377,8.1,0.5776,0.0426,0.2538,1.5183,154.32,164.327035,7.3099,93.811,548.77,367913.4893132261,0,0
2026-07-16T12:04:30Z,0.414,28.2371,8.1,0.5699,0.0426,0.1269,1.6543,154.318,164.322534,7.3099,93.807,593.04,367898.88973575714,0,0
2026-07-16T12:04:30Z,0.414,28.2365,8.1,0.5623,0.0426,0.1269,1.3673,154.317,164.321084,7.3099,93.804,740.84,367901.84128136985,0,0
2026-07-16T12:04:30Z,0.414,28.236,8.1,0.5738,0.0426,0.1269,1.322,154.32,164.322299,7.3098,93.801,611.23,367918.24195051723,0,0
2026-07-16T12:04:30Z,0.414,28.2354,8.1,0.5547,0.0426,0.1269,1.3975,154.321,164.322492,7.3096,93.801,632.85,367930.6460593629,0.001,0
2026-07-16T12:04:30Z,0.414,28.2349,8.1,0.5661,0.0426,0.1269,1.3673,154.321,164.321715,7.3094,93.806,536.86,367935.5876630901,0.001,0
2026-07-16T12:04:30Z,0.415,28.2345,8.1,0.5585,0.0852,0.2115,1.3371,154.324,164.32377,7.3093,93.813,588.55,367954.94007930165,0.001,0
2026-07-16T12:04:30Z,0.415,28.2341,8.1,0.589,0.0852,0.2115,1.6392,154.33,164.329206,7.3091,93.819,593.82,367993.7471455925,0.001,0
2026-07-16T12:04:30Z,0.415,28.2337,8.1,0.5928,0.0852,0.2115,1.5788,154.332,164.331453,7.3091,93.825,580.04,368014.20730300545,0.001,0
2026-07-16T12:04:30Z,0.415,28.2334,8.1,0.5776,0.0852,0.2115,1.5486,154.332,164.33111,7.3096,93.827,546.87,368017.88212978246,0,0
2026-07-16T12:04:30Z,0.415,28.2331,8.1,0.5699,0.0426,0.2538,1.6392,154.334,164.332096,7.3101,93.827,605.94,368029.2044120167,0,0
2026-07-16T12:04:30Z,0.415,28.2328,8.1,0.6081,0.0426,0.2538,1.6543,154.333,164.330663,7.3107,93.827,864.99,368026.6072327643,0,0
2026-07-16T12:04:30Z,0.415,28.2327,8.1,0.5852,0.0426,0.2538,1.5939,154.326,164.322421,7.3111,93.827,563.89,367981.06485933095,0,0
2026-07-16T12:04:30Z,0.415,28.2326,8.1,0.5814,0.0426,0.2538,1.7147,154.314,164.309181,7.3113,93.826,643.25,367906.7706900538,0,0
2026-07-16T12:04:30Z,0.415,28.2324,8.1,0.5814,0.0426,0.2538,1.6694,154.306,164.29944,7.3113,93.825,771.22,367854.49565870827,0,0
2026-07-16T12:04:30Z,0.415,28.2322,8.1,0.6005,0.0426,0.2538,1.4881,154.305,164.298619,7.3113,93.822,574.02,367853.53674962505,0,0
2026-07-16T12:04:30Z,0.415,28.232,8.1,0.5928,0.0426,0.2538,1.6996,154.31,164.302489,7.3113,93.818,741.16,367879.5644758258,0.001,0
2026-07-16T12:04:30Z,0.416,28.2318,8.1,0.5699,0.0426,0.2538,1.5788,154.312,164.304064,7.3113,93.816,690.62,367892.38995435095,0.001,0
2026-07-16T12:04:30Z,0.416,28.2316,8.1,0.589,0.0852,0.1269,1.5939,154.309,164.299755,7.3113,93.817,705.95,367871.3641396865,0.001,0
2026-07-16T12:04:30Z,0.416,28.2313,8.1,0.5852,0.0852,0.1269,1.6241,154.31,164.300441,7.3111,93.821,649.15,367880.9572152021,0.001,0
2026-07-16T12:04:30Z,0.416,28.2311,8.1,0.5814,0.0852,0.1269,1.6241,154.32,164.310312,7.3108,93.825,1076.6,367941.51353790466,0.001,0
2026-07-16T12:04:30Z,0.416,28.2309,8.1,0.5928,0.0852,0.1269,1.5788,154.326,164.315966,7.3107,93.825,542.02,367977.81111378944,0.001,0
2026-07-16T12:04:30Z,0.416,28.2306,8.1,0.5661,0.0852,0.1269,1.5637,154.322,164.31089,7.3108,93.823,598.35,367954.2519894966,0,0
2026-07-16T12:04:30Z,0.416,28.2304,8.1,0.5623,0.1278,0.1692,1.6241,154.314,164.301751,7.3111,93.823,521.57,367905.4344306503,0,0
2026-07-16T12:04:30Z,0.417,28.2301,8.1,0.5547,0.1278,0.1692,1.6543,154.311,164.298138,7.3114,93.822,550.33,367890.29447648406,0.001,0
2026-07-16T12:04:30Z,0.417,28.2299,8.1,0.5661,0.1278,0.1692,1.609,154.313,164.299088,7.3115,93.822,730.29,367899.5244412774,0.001,0
2026-07-16T12:04:30Z,0.417,28.2296,8.1,0.5776,0.1278,0.1692,1.6694,154.315,164.300844,7.3114,93.821,571.04,367915.2747391474,0.001,0
2026-07-16T12:04:30Z,0.417,28.2294,8.1,0.5623,0.0852,0.1269,1.3673,154.314,164.299867,7.3114,93.823,579.29,367913.41830608324,0.001,0
2026-07-16T12:04:30Z,0.417,28.2292,8.1,0.5699,0.0852,0.1269,1.3371,154.311,164.295895,7.3114,93.827,658.81,367894.330030513,0.001,0
2026-07-16T12:04:30Z,0.417,28.2291,8.1,0.5661,0.0852,0.1269,1.322,154.308,164.291879,7.3113,93.83,611.63,367873.1068314758,0.001,0
2026-07-16T12:04:30Z,0.418,28.2289,8.1,0.5776,0.0852,0.1269,1.3522,154.299,164.282738,7.3113,93.833,778.46,367824.282168218,0.001,0
2026-07-16T12:04:30Z,0.418,28.2288,8.19,0.5699,0.0426,0.1692,1.6543,154.284,164.266034,7.3115,93.839,744.87,367730.07628512295,0,0
2026-07-16T12:04:30Z,0.418,28.2286,8.19,0.5852,0.0426,0.1692,1.6392,154.269,164.249342,7.3118,93.844,589.96,367637.8347882687,0,0
2026-07-16T12:04:30Z,0.418,28.2284,8.19,0.5776,0.0426,0.1692,1.5637,154.257,164.236227,7.3121,93.848,574.27,367566.17553424434,0,0
2026-07-16T12:04:30Z,0.418,28.2283,8.19,0.5699,0.0426,0.1692,1.5486,154.245,164.223193,7.3123,93.851,634.09,367493.10966397595,0,0
2026-07-16T12:04:30Z,0.418,28.2281,8.19,0.5699,0.0426,0.1692,1.5788,154.234,164.210774,7.3128,93.856,596.4,367425.4679766113,0,0
2026-07-16T12:04:30Z,0.418,28.228,8.1,0.589,0.0426,0.1269,1.6241,154.227,164.203674,7.3132,93.861,652.4,367386.5305055886,0,0
2026-07-16T12:04:30Z,0.418,28.2278,8.1,0.5852,0.0426,0.1269,1.5939,154.228,164.204012,7.3135,93.863,547.7,367392.23312628205,0,0
2026-07-16T12:04:30Z,0.418,28.2276,8.1,0.5928,0.0426,0.1269,1.6543,154.232,164.207867,7.3138,93.861,590.98,367418.1550405966,0,0
2026-07-16T12:04:30Z,0.418,28.2275,8.1,0.6577,0.0426,0.1269,1.3673,154.233,164.208248,7.3142,93.857,527.38,367422.22538745886,0,0
2026-07-16T12:04:30Z,0.418,28.2275,8.01,0.6233,0.0426,0.2538,1.2766,154.23,164.205259,7.3146,93.852,562.29,367405.04146241304,0,0
2026-07-16T12:04:30Z,0.419,28.2274,8.01,0.6577,0.0426,0.2538,1.3371,154.231,164.206119,7.3148,93.85,578.28,367411.8651477694,0,0
2026-07-16T12:04:30Z,0.419,28.2273,8.01,0.65,0.0426,0.2538,1.4277,154.233,164.207049,7.3147,93.851,552.48,367419.0917180755,0,0
2026-07-16T12:04:30Z,0.418,28.2272,8.01,0.631,0.0426,0.2538,1.6241,154.227,164.200279,7.3143,93.852,619.38,367382.05145038845,0,0
2026-07-16T12:04:30Z,0.418,28.2271,8.1,0.6348,0.0426,0.2115,1.6996,154.219,164.192022,7.3139,93.853,543.32,367336.4650932866,0,0
2026-07-16T12:04:30Z,0.419,28.2269,8.1,0.6386,0.0426,0.2115,1.5939,154.22,164.192104,7.3138,93.854,530.37,367340.6951823501,0,0
2026-07-16T12:04:30Z,0.419,28.2268,8.1,0.6081,0.0426,0.2115,1.5939,154.224,164.196536,7.3139,93.856,521.23,367368.05243422533,0,0
2026-07-16T12:04:30Z,0.419,28.2267,8.1,0.6348,0.0426,0.2115,1.5939,154.226,164.198482,7.314,93.859,610.17,367381.1192614098,0,0
2026-07-16T12:04:30Z,0.419,28.2265,8.1,0.6386,0.0852,0.1269,1.6392,154.23,164.202471,7.3141,93.859,619.38,367407.8115862867,0,0
2026-07-16T12:04:30Z,0.419,28.2264,8.1,0.6577,0.0852,0.1269,1.5637,154.237,164.209566,7.3142,93.858,644.79,367450.4830579743,0,0
2026-07-16T12:04:30Z,0.419,28.2263,8.1,0.6577,0.0852,0.1269,1.5939,154.241,164.213641,7.3144,93.857,541.43,367475.79311715683,0,0
2026-07-16T12:04:30Z,0.418,28.2263,8.1,0.6233,0.0852,0.1269,1.3371,154.239,164.211774,7.3145,93.855,555.73,367465.05870096723,0,0
2026-07-16T12:04:30Z,0.418,28.2262,8.1,0.5928,0.0852,0.1269,1.3673,154.236,164.207476,7.3146,93.853,589.57,367442.227141245,0,0
2026-07-16T12:04:30Z,0.419,28.2262,8.01,0.6119,0.0426,0.2538,1.322,154.233,164.20361,7.3145,93.852,602.92,367419.9997249397,0,0
2026-07-16T12:04:30Z,0.419,28.2261,8.01,0.6348,0.0426,0.2538,1.322,154.229,164.199144,7.3144,93.854,647.32,367396.203895972,0,0
2026-07-16T12:04:30Z,0.419,28.2259,8.01,0.6195,0.0426,0.2538,1.6543,154.224,164.192888,7.3143,93.858,602,367363.99827190244,0,0
2026-07-16T12:04:30Z,0.419,28.2258,8.01,0.6157,0.0426,0.2538,1.609,154.215,164.183174,7.3142,93.862,1207.2,367310.0367638769,0,0
2026-07-16T12:04:30Z,0.419,28.2256,8.01,0.6348,0.0852,0.3384,1.6392,154.205,164.17142,7.3142,93.865,551.88,367246.23365676677,0,0
2026-07-16T12:04:30Z,0.419,28.2254,8.01,0.6195,0.0852,0.3384,1.6996,154.197,164.16251,7.3143,93.868,610.7,367198.78174228314,0,0
2026-07-16T12:04:30Z,0.419,28.2252,8.01,0.6272,0.0852,0.3384,1.6543,154.193,164.158077,7.3147,93.872,597.7,367177.06222460006,0,0
2026-07-16T12:04:30Z,0.419,28.225,8.01,0.6233,0.0852,0.3384,1.5637,154.192,164.15694,7.315,93.875,572.78,367174.28531388036,0,0
2026-07-16T12:04:30Z,0.419,28.2248,8.01,0.631,0.0426,0.1269,1.6241,154.194,164.158795,7.3152,93.876,584.98,367188.70381992415,0,0
2026-07-16T12:04:30Z,0.419,28.2247,8.01,0.631,0.0426,0.1269,1.6543,154.199,164.164137,7.3155,93.873,746.01,367221.2852290145,0,0
2026-07-16T12:04:30Z,0.419,28.2247,8.01,0.6386,0.0426,0.1269,1.6392,154.205,164.17038,7.3158,93.872,548.42,367257.1681978263,0,0
2026-07-16T12:04:30Z,0.419,28.2246,8.01,0.65,0.0426,0.1269,1.6543,154.209,164.175181,7.3161,93.874,566.1,367286.6437474991,0,0
2026-07-16T12:04:30Z,0.419,28.2246,8.01,0.6043,0.0426,0.1269,1.6694,154.214,164.17982,7.3161,93.875,603.18,367313.3101328978,0,0
2026-07-16T12:04:30Z,0.419,28.2246,8.1,0.6424,0.0426,0.0846,1.7147,154.217,164.181525,7.3159,93.874,556.82,367323.11128950387,0,0
2026-07-16T12:04:30Z,0.419,28.2246,8.1,0.7073,0.0426,0.0846,1.6543,154.213,164.176742,7.3158,93.873,607.65,367295.61671911436,0,0
2026-07-16T12:04:30Z,0.419,28.2244,8.1,0.6844,0.0426,0.0846,1.6694,154.205,164.168203,7.316,93.871,572.9,367250.2925808071,0,0
2026-07-16T12:04:30Z,0.418,28.2242,8.1,0.6691,0.0426,0.0846,1.609,154.2,164.16165,7.3161,93.871,590.34,367216.3863610508,0,0
2026-07-16T12:04:30Z,0.418,28.2239,8.1,0.7149,0.0852,0.2538,1.6543,154.198,164.159345,7.316,93.874,574.27,367208.7751976723,0,0
2026-07-16T12:04:30Z,0.418,28.2237,8.1,0.6348,0.0852,0.2538,1.6543,154.196,164.156663,7.316,93.877,613.62,367197.1183319208,0,0
2026-07-16T12:04:30Z,0.418,28.2236,8.1,0.6424,0.0852,0.2538,1.5788,154.189,164.148882,7.3158,93.88,576.9,367154.2779484292,-0.001,0
2026-07-16T12:04:30Z,0.418,28.2235,8.1,0.6348,0.0852,0.2538,1.6694,154.182,164.141943,7.3159,93.882,557.91,367116.2791257011,-0.001,0
2026-07-16T12:04:30Z,0.418,28.2234,8.01,0.6424,0.0852,0.1692,1.5939,154.179,164.138007,7.3161,93.88,657.24,367095.5390109473,-0.002,0
2026-07-16T12:04:30Z,0.418,28.2233,8.01,0.6272,0.0852,0.1692,1.609,154.173,164.132014,7.3164,93.872,619.92,367062.9794985384,-0.002,0
2026-07-16T12:04:30Z,0.417,28.2232,8.01,0.6424,0.0852,0.1692,1.6845,154.172,164.130383,7.3166,93.858,544.74,367055.48605482146,-0.003,0
2026-07-16T12:04:30Z,0.416,28.2231,8.01,0.6386,0.0852,0.1692,1.5939,154.18,164.140699,7.3168,93.838,542.37,367116.64488854154,-0.003,0
2026-07-16T12:04:30Z,0.415,28.223,8.01,0.6233,0.0852,0.1692,1.6241,154.199,164.161704,7.3166,93.818,554.29,367239.2464574587,-0.003,0
2026-07-16T12:04:30Z,0.414,28.2229,8.01,0.5661,0.0426,0.2115,1.609,154.215,164.178952,7.316,93.8,617.64,367340.27456556517,-0.003,0
2026-07-16T12:04:30Z,0.413,28.223,8.01,0.5661,0.0426,0.2115,1.6241,154.209,164.172989,7.3149,93.787,753.99,367304.11579940625,-0.003,0
2026-07-16T12:04:30Z,0.412,28.2233,8.01,0.5966,0.0426,0.2115,1.5939,154.183,164.146233,7.3133,93.782,559.86,367144.69217636815,-0.002,0
2026-07-16T12:04:30Z,0.412,28.2237,8.01,0.5738,0.0426,0.2115,1.6241,154.157,164.119613,7.3116,93.785,571.04,366984.215962711,-0.002,0
2026-07-16T12:04:30Z,0.412,28.2239,8.1,0.5165,0.0426,0.2961,1.4428,154.147,164.110087,7.3102,93.789,571.41,366925.7328475285,-0.001,0
2026-07-16T12:04:30Z,0.412,28.224,8.1,0.5356,0.0426,0.2961,1.322,154.151,164.115114,7.3092,93.79,657.52,366952.7353951216,-0.001,0
2026-07-16T12:04:30Z,0.411,28.2242,8.1,0.5394,0.0426,0.2961,1.3069,154.157,164.119998,7.3088,93.794,533.61,366977.0393690684,-0.001,0
2026-07-16T12:04:30Z,0.411,28.2245,8.1,0.5432,0.0426,0.2961,1.322,154.156,164.118022,7.3089,93.798,554.41,366960.0538104981,-0.001,0
2026-07-16T12:04:30Z,0.41,28.2249,8.01,0.5738,0.0852,0.0846,1.5637,154.152,164.11267,7.3092,93.801,546.87,366921.79744905635,-0.001,0
2026-07-16T12:04:30Z,0.41,28.225,8.01,0.6005,0.0852,0.0846,1.7298,154.148,164.106523,7.3094,93.804,559.61,366884.6088337616,-0.001,0
2026-07-16T12:04:30Z,0.41,28.2248,8.01,0.5356,0.0852,0.0846,1.6241,154.14,164.097942,7.3096,93.805,602.52,366839.0731508481,-0.001,0
2026-07-16T12:04:30Z,0.41,28.2244,8.01,0.5928,0.0852,0.0846,1.5637,154.132,164.088646,7.3101,93.803,606.99,366793.18756396486,-0.001,0
2026-07-16T12:04:30Z,0.409,28.2239,8.1,0.5547,0.0852,0.2538,1.6694,154.124,164.080168,7.3104,93.8,598.87,366753.87954204576,-0.002,0
2026-07-16T12:04:30Z,0.409,28.2236,8.1,0.5165,0.0852,0.2538,1.6996,154.115,164.070246,7.3106,93.793,640.6,366702.5275812281,-0.002,0
2026-07-16T12:04:30Z,0.408,28.2233,8.1,0.5432,0.0852,0.2538,1.5788,154.108,164.062247,7.3107,93.782,645.07,366662.2221759349,-0.003,0
2026-07-16T12:04:30Z,0.407,28.2232,8.1,0.5394,0.0852,0.2538,1.7147,154.109,164.064062,7.3106,93.766,649.99,366674.5212058197,-0.003,0
2026-07-16T12:04:30Z,0.407,28.2231,8.1,0.4784,0.0852,0.2538,1.6543,154.119,164.07417,7.3103,93.749,787.31,366734.4455982004,-0.003,0
2026-07-16T12:04:30Z,0.406,28.223,8.1,0.4746,0.0852,0.1269,1.6241,154.126,164.081234,7.3098,93.731,796.43,366776.8931181407,-0.003,0
2026-07-16T12:04:30Z,0.405,28.2229,8.1,0.4593,0.0852,0.1269,1.6241,154.121,164.07511,7.3089,93.716,666.3,366743.5979449668,-0.003,0
2026-07-16T12:04:30Z,0.404,28.2229,8.1,0.4479,0.0852,0.1269,1.6392,154.102,164.054167,7.3078,93.705,726.33,366623.33086656616,-0.003,0
2026-07-16T12:04:30Z,0.404,28.2229,8.1,0.5432,0.0852,0.1269,1.5939,154.077,164.02685,7.3064,93.695,646.33,366466.496270905,-0.002,0
2026-07-16T12:04:30Z,0.403,28.2228,8.01,0.5432,0.0852,0.1269,1.5939,154.058,164.005921,7.3051,93.689,704.11,366348.23960371653,-0.002,0
2026-07-16T12:04:30Z,0.403,28.2226,8.01,0.528,0.0852,0.1269,1.6392,154.049,163.995822,7.3039,93.69,602.26,366294.028629938,-0.001,0
2026-07-16T12:04:30Z,0.402,28.2223,8.01,0.547,0.0852,0.1269,1.5939,154.042,163.987846,7.3031,93.697,575.52,366253.8793289396,-0.001,0
2026-07-16T12:04:30Z,0.402,28.2221,8.01,0.4784,0.0852,0.1269,1.322,154.03,163.973851,7.3023,93.705,539.55,366177.3208378773,-0.001,0
2026-07-16T12:04:30Z,0.402,28.221800000000002,8.1,0.4364,0.0852,0.2115,1.4277,154.017,163.96013,7.3019,93.712,566.71,366104.2168070115,-0.001,0
2026-07-16T12:04:30Z,0.402,28.2215,8.1,0.444,0.0852,0.2115,1.2918,154.014,163.957055,7.3021,93.719,574.02,366092.1949816302,-0.001,0
2026-07-16T12:04:30Z,0.402,28.2212,8.1,0.4555,0.0852,0.2115,1.3673,154.021,163.963806,7.3026,93.724,541.2,366136.54796812276,-0.001,0
2026-07-16T12:04:30Z,0.401,28.221,8.1,0.4708,0.0852,0.2115,1.3673,154.031,163.974165,7.3032,93.725,583.58,366199.7344242042,-0.001,0
2026-07-16T12:04:30Z,0.401,28.2209,8.1,0.4708,0.0852,0.2115,1.2615,154.038,163.980872,7.3038,93.727,626.15,366240.0958110065,-0.001,0
2026-07-16T12:04:30Z,0.401,28.221,8.1,0.5013,0.0852,0.2115,1.4277,154.037,163.979701,7.3044,93.73,706.71,366231.50193598325,-0.001,0
2026-07-16T12:04:30Z,0.4,28.221,8.1,0.4669,0.0852,0.2115,1.4126,154.035,163.976354,7.3047,93.731,575.4,366212.2954736362,-0.001,0
2026-07-16T12:04:30Z,0.4,28.2209,8.1,0.4669,0.0852,0.2115,1.3975,154.035,163.975951,7.3049,93.73,550.33,366211.8571818334,-0.001,0
2026-07-16T12:04:30Z,0.4,28.2207,8.1,0.528,0.0852,0.2115,1.609,154.038,163.978387,7.305,93.728,583.71,366229.5838997609,-0.001,0
2026-07-16T12:04:30Z,0.4,28.2204,8.1,0.5356,0.0426,0.0846,1.5637,154.045,163.98431,7.3053,93.726,554.65,366269.1967180322,-0.001,0
2026-07-16T12:04:30Z,0.399,28.2202,8.1,0.5013,0.0426,0.0846,1.5032,154.05,163.989285,7.3054,93.725,565.73,366301.49734901614,-0.002,0
2026-07-16T12:04:30Z,0.399,28.2199,8.1,0.5356,0.0426,0.0846,1.5939,154.05,163.988626,7.3054,93.72,622.89,366303.3386993759,-0.002,0
2026-07-16T12:04:30Z,0.398,28.2197,8.1,0.4517,0.0426,0.0846,1.6543,154.05,163.988172,7.3052,93.709,703.95,366304.4822135951,-0.003,0
2026-07-16T12:04:30Z,0.397,28.2195,8.1,0.4555,0.0852,0.1692,1.5486,154.054,163.991809,7.3051,93.695,616.3,366329.1056812386,-0.003,0
2026-07-16T12:04:30Z,0.396,28.2193,8.1,0.4593,0.0852,0.1692,1.609,154.057,163.994493,7.3051,93.681,636.71,366348.2606252816,-0.003,0
2026-07-16T12:04:30Z,0.396,28.2191,8.1,0.4708,0.0852,0.1692,1.6543,154.058,163.994937,7.3047,93.667,602.92,366354.55881686596,-0.004,0
2026-07-16T12:04:30Z,0.395,28.2189,8.1,0.4784,0.0852,0.1692,1.5183,154.059,163.995262,7.3038,93.649,556.82,366360.17406379787,-0.004,0
2026-07-16T12:04:30Z,0.394,28.2188,8.19,0.4822,0.0426,0.2115,1.6543,154.058,163.99355,7.3028,93.627,574.9,366352.222330278,-0.004,0
2026-07-16T12:04:30Z,0.393,28.2186,8.19,0.4708,0.0426,0.2115,1.5788,154.051,163.985338,7.3017,93.602,609.64,366308.8372840348,-0.004,0
2026-07-16T12:04:30Z,0.391,28.2183,8.19,0.4669,0.0426,0.2115,1.6241,154.034,163.966429,7.3006,93.575,663.41,366205.9406515396,-0.004,0
2026-07-16T12:04:30Z,0.39,28.218,8.19,0.5356,0.0426,0.2115,1.5939,154.008,163.937795,7.2993,93.55,613.36,366047.2649953339,-0.004,0
2026-07-16T12:04:30Z,0.389,28.2177,8.19,0.5432,0.0426,0.2115,1.6392,153.971,163.897814,7.2976,93.529,692.27,365823.55071504886,-0.003,0
2026-07-16T12:04:30Z,0.388,28.2175,8.01,0.5127,0.0426,0.2115,1.6694,153.909,163.831816,7.2957,93.514,775.09,365448.91356906074,-0.002,0
2026-07-16T12:04:30Z,0.387,28.2172,8.01,0.5356,0.0426,0.2115,1.5939,153.812,163.728214,7.2936,93.51,609.11,364861.0231936861,-0,0
2026-07-16T12:04:30Z,0.387,28.217,8.01,0.4364,0.0426,0.2115,1.5788,153.67,163.577422,7.2917,93.518,574.77,364001.96481650963,0.002,0
2026-07-16T12:04:30Z,0.388,28.2168,8.01,0.4631,0.0426,0.2115,1.6845,153.446,163.33923,7.29,93.541,518.86,362645.3443267254,0.004,0
2026-07-16T12:04:30Z,0.389,28.2167,8.1,0.4708,0.0852,0.2538,1.5637,153.065,162.934082,7.2889,93.581,586.12,360340.47510019125,0.006,0
2026-07-16T12:04:30Z,0.391,28.2167,8.1,0.4784,0.0852,0.2538,1.7147,152.423,162.249931,7.2886,93.634,630.79,356465.62403676927,0.007,0
2026-07-16T12:04:30Z,0.393,28.2168,8.1,0.5242,0.0852,0.2538,1.6241,151.351,161.108344,7.2892,93.694,726.01,350055.0572614611,0.008,0
2026-07-16T12:04:30Z,0.396,28.217,8.1,0.547,0.0852,0.2538,1.5486,149.563,159.204899,7.291,93.751,744.39,339523.3312941858,0.008,0
2026-07-16T12:04:30Z,0.398,28.217,8.19,0.528,0.0426,0.1692,1.6241,146.589,156.040029,7.2941,93.799,563.03,322450.7934407935,0.007,0
2026-07-16T12:04:30Z,0.4,28.2169,8.19,0.5432,0.0426,0.1692,1.6392,141.642,150.773777,7.2982,93.836,577.4,295227.15263627947,0.006,0
2026-07-16T12:04:30Z,0.401,28.2168,8.19,0.5356,0.0426,0.1692,1.6392,133.393,141.993792,7.3029,93.86,544.14,253055.5283125129,0.005,0
2026-07-16T12:04:30Z,0.402,28.2167,8.19,0.5394,0.0426,0.1692,1.6241,119.647,127.362752,7.3074,93.87,609.64,191389.77995161738,0.004,0
2026-07-16T12:04:30Z,0.403,28.2167,8.19,0.5356,0.0426,0.1692,1.5335,96.742,102.983057,7.3112,93.87,592.78,110962.264110198,0.003,0
2026-07-16T12:04:30Z,0.403,28.2167,8.19,0.5356,0.0426,0.1692,1.5486,58.571,62.353455,7.3141,93.86,556.82,30891.390851295302,0.002,0
2026-07-16T12:04:30Z,0.404,28.2168,8.19,0.528,0.0426,0.1692,1.7147,-5.035,-5.348587,7.3159,93.846,569.55,NA,0.002,0
2026-07-16T12:04:30Z,0.404,28.217,8.19,0.5165,0.0426,0.1692,1.6543,-111.029,-118.168929,7.3167,93.829,595.88,NA,0.001,0
2026-07-16T12:04:30Z,0.404,28.2171,8.19,0.5356,0.0426,0.1692,1.5939,-287.676,-306.192997,7.3167,93.812,549.01,NA,0.001,0
2026-07-16T12:04:30Z,0.404,28.2173,8.1,0.5394,0.0426,0.1692,1.5939,-398.078,-423.706209,7.316,93.797,589.96,NA,0,0
2026-07-16T12:04:30Z,0.404,28.2176,8.1,0.5089,0.0426,0.1692,1.6543,-287.679,-306.195099,7.3148,93.785,568.31,NA,0,0
2026-07-16T12:04:30Z,0.405,28.2181,8.1,0.5356,0.0426,0.1692,1.5939,-111.044,-118.181714,7.3136,93.775,542.61,NA,0,0
2026-07-16T12:04:30Z,0.405,28.2186,8.1,0.5089,0.0426,0.1692,1.609,-5.069,-5.379471,7.3124,93.77,590.34,NA,0.001,0
2026-07-16T12:04:30Z,0.405,28.2188,8.01,0.5356,0.0426,0.1692,1.5486,58.515,62.300246,7.3113,93.771,631.07,30821.60100991424,0.001,0
2026-07-16T12:04:30Z,0.405,28.2189,8.01,0.5013,0.0426,0.1692,1.473,96.666,102.90937,7.3103,93.776,649.29,110746.55489141142,0.001,0
2026-07-16T12:04:30Z,0.405,28.219,8.01,0.5127,0.0426,0.1692,1.6392,119.552,127.268982,7.3093,93.784,536.4,191005.7716209998,0,0
2026-07-16T12:04:30Z,0.405,28.2192,8.01,0.5089,0.0426,0.1692,1.5032,133.274,141.87498,7.3088,93.79,601.09,252480.98077700354,0,0
2026-07-16T12:04:30Z,0.405,28.2193,8.19,0.5127,0.0852,0.3384,1.5788,141.503,150.634322,7.3087,93.794,608.44,294489.95124495536,0,0
2026-07-16T12:04:30Z,0.405,28.2193,8.19,0.4898,0.0852,0.3384,1.6543,146.441,155.890853,7.3091,93.794,584.85,321621.49948429014,2.7391e-8,0
2026-07-16T12:04:30Z,0.405,28.2193,8.19,0.4555,0.0852,0.3384,1.5939,149.413,159.054332,7.3097,93.79,618.85,338659.05239995365,3.5216e-8,0
2026-07-16T12:04:30Z,0.405,28.2193,8.19,0.4517,0.0852,0.3384,1.609,151.204,160.960336,7.3102,93.785,612.56,349184.6851985008,4.5278e-8,0
2026-07-16T12:04:30Z,0.405,28.2193,8.19,0.4975,0.0852,0.3384,1.5939,152.276,162.101095,7.3104,93.781,558.4,355578.73294842045,5.8215e-8,0
2026-07-16T12:04:30Z,0.405,28.2194,8.01,0.5394,0.0426,0.1692,1.5335,152.919,162.78482,7.3104,93.779,567.82,359443.2450831218,7.4848e-8,0
2026-07-16T12:04:30Z,0.405,28.2194,8.01,0.528,0.0426,0.1692,1.5939,153.312,163.201858,7.3101,93.778,686.43,361814.06377834943,9.6233e-8,0
2026-07-16T12:04:30Z,0.405,28.2193,8.01,0.5165,0.0426,0.1692,1.6241,153.551,163.455399,7.3097,93.777,579.16,363261.93273583485,1.2373e-7,0
2026-07-16T12:04:30Z,0.405,28.2191,8.01,0.528,0.0426,0.1692,1.5788,153.693,163.605036,7.3094,93.777,523.61,364120.73566169245,1.5908e-7,0
2026-07-16T12:04:30Z,0.405,28.2189,8.1,0.5356,0.0426,0.2538,1.3069,153.777,163.694682,7.3093,93.775,522.93,364637.3285063385,2.0453e-7,0
2026-07-16T12:04:30Z,0.405,28.2186,8.1,0.5165,0.0426,0.2538,1.4277,153.828,163.748242,7.3092,93.772,583.96,364949.55905026937,2.6297e-7,0
2026-07-16T12:04:30Z,0.404,28.2183,8.1,0.5547,0.0426,0.2538,1.3975,153.85,163.771981,7.3092,93.771,741.16,365091.1206141523,3.381e-7,0
2026-07-16T12:04:30Z,0.404,28.218,8.1,0.5127,0.0426,0.2538,1.3371,153.854,163.776237,7.3093,93.769,591.37,365121.10413518513,4.347e-7,0
2026-07-16T12:04:30Z,0.405,28.2178,8.1,0.528,0.0852,0.1692,1.3069,153.856,163.778183,7.3091,93.769,624.65,365135.9882606664,5.589e-7,0
2026-07-16T12:04:30Z,0.405,28.2177,8.1,0.5394,0.0852,0.1692,1.3824,153.863,163.786356,7.3089,93.769,628.33,365184.6768835318,7.1859e-7,0
2026-07-16T12:04:30Z,0.404,28.2177,8.1,0.528,0.0852,0.1692,1.322,153.878,163.802934,7.3088,93.769,542.37,365279.65748600586,9.239e-7,0
2026-07-16T12:04:30Z,0.404,28.2178,8.1,0.5509,0.0852,0.1692,1.4277,153.899,163.824322,7.3087,93.771,575.9,365400.3488927751,0,0
2026-07-16T12:04:30Z,0.404,28.2179,8.1,0.5165,0.0852,0.1692,1.5788,153.914,163.840185,7.3086,93.776,601.48,365489.395026495,0,0
2026-07-16T12:04:30Z,0.404,28.218,8.1,0.5089,0.0426,0.0846,1.5939,153.92,163.846735,7.3086,93.781,691.67,365525.06840291363,0,0
2026-07-16T12:04:30Z,0.404,28.218,8.1,0.5165,0.0426,0.0846,1.5939,153.926,163.853738,7.3087,93.782,680.34,365565.2115548559,0,0
2026-07-16T12:04:30Z,0.404,28.218,8.1,0.528,0.0426,0.0846,1.5939,153.944,163.875088,7.3088,93.785,690.47,365687.61233414477,0,0
2026-07-16T12:04:30Z,0.404,28.2179,8.1,0.5165,0.0426,0.0846,1.5788,153.981,163.916478,7.3092,93.788,736.98,365926.84739838087,0,0
2026-07-16T12:04:30Z,0.404,28.218,8.01,0.5242,0.0852,0.2115,1.5939,154.042,163.984938,7.3095,93.785,735.7,366317.7843828399,0,0
2026-07-16T12:04:30Z,0.404,28.2181,8.01,0.5394,0.0852,0.2115,1.6392,154.161,164.118768,7.3096,93.778,555.25,367084.53863001545,0,0
2026-07-16T12:04:30Z,0.404,28.2186,8.01,0.5318,0.0852,0.2115,1.5335,154.335,164.313563,7.3098,93.701,564.25,368195.6468416004,0,0
2026-07-16T12:04:30Z,0.404,28.2193,8.01,0.528,0.0852,0.2115,1.7298,154.48,164.480949,7.3099,93.382,623.98,369146.9280927056,0,0
2026-07-16T12:04:30Z,0.404,28.2206,8.19,0.5318,0.0852,0.1269,1.6543,154.562,164.58137,7.3095,92.675,630.52,369701.693548782,0,0
2026-07-16T12:04:30Z,0.404,28.2226,8.19,0.5356,0.0852,0.1269,1.6241,154.601,164.633589,7.3087,91.513,590.6,369965.2950579122,0,0
2026-07-16T12:04:30Z,0.404,28.2259,8.19,0.528,0.0852,0.1269,1.6241,154.614,164.65554,7.3023,89.887,711.03,370029.56398741284,0,0
2026-07-16T12:04:30Z,0.404,28.23,8.19,0.528,0.0852,0.1269,1.5939,154.621,164.669113,7.2769,87.876,599.26,370030.3072042874,0,0
2026-07-16T12:04:30Z,0.404,28.2341,8.19,0.5356,0.0852,0.1269,1.5939,154.621,164.673919,7.2213,85.638,542.14,369980.436568317,0,0
2026-07-16T12:04:30Z,0.404,28.2376,8.19,0.528,0.0852,0.2538,1.5939,154.611,164.665227,7.1303,83.393,628.47,369864.0265332251,0,0
2026-07-16T12:04:30Z,0.404,28.2404,8.19,0.5242,0.0852,0.2538,1.5183,154.609,164.664773,7.0034,81.375,638.65,369808.4297631029,0,0
2026-07-16T12:04:30Z,0.405,28.2425,8.19,0.528,0.0852,0.2538,1.6694,154.623,164.680456,6.8464,79.725,565.48,369859.1980899065,0,0
2026-07-16T12:04:30Z,0.405,28.2439,8.19,0.5242,0.0852,0.2538,1.609,154.638,164.69641,6.6719,78.434,550.09,369924.77596573526,0,0
2026-07-16T12:04:30Z,0.404,28.2448,8.1,0.5356,0.0852,0.0846,1.5637,154.647,164.706869,6.4968,77.406,630.52,369968.10598202806,0,0
2026-07-16T12:04:30Z,0.404,28.2452,8.1,0.5089,0.0852,0.0846,1.4881,154.658,164.718628,6.3396,76.54,1055.9,370028.4044418848,0,0
2026-07-16T12:04:30Z,0.405,28.2455,8.1,0.5356,0.0852,0.0846,1.5183,154.674,164.734825,6.211,75.742,709.17,370116.21963548503,0,0
2026-07-16T12:04:30Z,0.405,28.2457,8.1,0.547,0.0852,0.0846,1.6241,154.686,164.747751,6.1104,74.92,680.2,370187.0554733847,0,0
2026-07-16T12:04:30Z,0.405,28.2457,8.1,0.5318,0.0852,0.2115,1.6543,154.695,164.756844,6.0303,74.021,746.01,370239.5552760764,0,0
2026-07-16T12:04:30Z,0.405,28.2457,8.1,0.5356,0.0852,0.2115,1.6241,154.698,164.760518,5.9628,73.044,533.72,370260.76895711373,0,0
2026-07-16T12:04:30Z,0.405,28.2456,8.1,0.5318,0.0852,0.2115,1.5939,154.687,164.747727,5.9006,72.036,585.61,370188.8105590495,0.001,0
2026-07-16T12:04:30Z,0.405,28.2456,8.1,0.5013,0.0852,0.2115,1.6543,154.664,164.723076,5.8367000000000004,71.052,559.61,370046.50647448865,0.001,0
2026-07-16T12:04:30Z,0.405,28.2455,8.19,0.5242,0.0852,0.0846,1.6543,154.652,164.710063,5.7666,70.132,582.95,369973.2916826716,0.001,0
2026-07-16T12:04:30Z,0.405,28.2454,8.19,0.5165,0.0852,0.0846,1.5939,154.668,164.727268,5.6905,69.296,654.25,370074.48960719886,0,0
2026-07-16T12:04:30Z,0.405,28.2453,8.19,0.5928,0.0852,0.0846,1.6543,154.689,164.74921,5.612,68.55,580.8,370203.0537634677,0,0
2026-07-16T12:04:30Z,0.405,28.2452,8.19,0.5814,0.0852,0.0846,1.6241,154.684,164.743651,5.5354,67.89,836.88,370172.85275143845,0,0
2026-07-16T12:04:30Z,0.405,28.2451,8.19,0.5928,0.0852,0.0846,1.5486,154.672,164.73116,5.4637,67.298,823,370102.6356789888,-2.825e-11,0
2026-07-16T12:04:30Z,0.405,28.245,8.19,0.5776,0.0852,0.2115,1.6241,154.679,164.738475,5.3985,66.753,573.15,370146.7576506964,-3.633e-11,0
2026-07-16T12:04:30Z,0.405,28.245,8.19,0.6119,0.0852,0.2115,1.3824,154.698,164.757525,5.3404,66.24,560.46,370256.7451446344,-4.671e-11,0
2026-07-16T12:04:30Z,0.405,28.2449,8.19,0.5776,0.0852,0.2115,1.3673,154.703,164.76332,5.289,65.747,546.99,370292.10143905575,-6.005e-11,0
2026-07-16T12:04:30Z,0.405,28.2448,8.19,0.5852,0.0852,0.2115,1.3522,154.691,164.749387,5.2429,65.266,807.94,370213.54455102206,-7.721e-11,0
2026-07-16T12:04:30Z,0.405,28.2447,8.1,0.5585,0,0.1692,1.3371,154.675,164.732056,5.2005,64.797,637.96,370115.38111636497,-9.927e-11,0
2026-07-16T12:04:30Z,0.405,28.2446,8.1,0.5623,0,0.1692,1.5335,154.659,164.714725,5.1605,64.349,582.82,370017.2331819229,-1.276e-10,0
2026-07-16T12:04:30Z,0.405,28.2445,8.1,0.5776,0,0.1692,1.5486,154.631,164.684753,5.1221,63.938,687.48,369846.1540868015,-1.641e-10,0
2026-07-16T12:04:30Z,0.405,28.2444,8.1,0.5814,0,0.1692,1.5939,154.6,164.652189,5.0846,63.573,674.75,369660.17039532145,-2.11e-10,0
2026-07-16T12:04:30Z,0.405,28.2444,8.19,0.5738,0.0852,0.2961,1.7147,154.589,164.640424,5.0481,63.25,535.81,369592.30742156185,-2.713e-10,0
2026-07-16T12:04:30Z,0.405,28.2443,8.19,0.5928,0.0852,0.2961,1.5486,154.593,164.644317,5.0132,62.959,663.99,369616.65295919735,-3.488e-10,0
2026-07-16T12:04:30Z,0.405,28.2443,8.19,0.5738,0.0852,0.2961,1.6845,154.599,164.650872,4.9812,62.687,620.06,369654.4642247474,-4.484e-10,0
2026-07-16T12:04:30Z,0.405,28.2442,8.19,0.589,0.0852,0.2961,1.5939,154.608,164.659833,4.9528,62.419,764.72,369708.04907993064,-5.765e-10,0
2026-07-16T12:04:30Z,0.405,28.2442,8.19,0.5776,0.0852,0.2961,1.6392,154.621,164.673589,4.9277,62.141,530.83,369787.4128026958,-7.412e-10,0
2026-07-16T12:04:30Z,0.405,28.2441,8.01,0.5356,0.0852,0.0846,1.5939,154.633,164.685786,4.905,61.852,542.37,369859.68274709344,-9.53e-10,0
2026-07-16T12:04:30Z,0.405,28.244,8.01,0.5738,0.0852,0.0846,1.5939,154.634,164.685643,4.8838,61.551,550.81,369860.74957760295,-1.225e-9,0
2026-07-16T12:04:30Z,0.405,28.2439,8.01,0.5585,0.0852,0.0846,1.7147,154.626,164.677133,4.8629,61.241,577.02,369813.53646818246,-1.575e-9,0
2026-07-16T12:04:30Z,0.405,28.2437,8.01,0.5738,0.0852,0.0846,1.5637,154.621,164.672017,4.8413,60.93,677.98,369787.80087276676,-2.026e-9,0
2026-07-16T12:04:30Z,0.405,28.2436,8.1,0.5661,0.0852,0.2961,1.5788,154.613,164.662917,4.8187,60.632,558.76,369737.1890838508,-2.604e-9,0
2026-07-16T12:04:30Z,0.405,28.2435,8.1,0.5699,0.0852,0.2961,1.4277,154.598,164.647408,4.7953,60.348,664.13,369649.60964491905,-3.348e-9,0
2026-07-16T12:04:30Z,0.405,28.2434,8.1,0.5699,0.0852,0.2961,1.2162,154.593,164.641399,4.7712,60.07,584.34,369616.8382756876,-4.305e-9,0
2026-07-16T12:04:30Z,0.405,28.2433,8.1,0.5814,0.0852,0.2961,1.3824,154.591,164.639279,4.7469,59.794,527.27,369606.5004607742,-5.535e-9,0
2026-07-16T12:04:30Z,0.405,28.2432,8.19,0.547,0.0426,0.2538,1.4126,154.587,164.63447,4.7237,59.519,606.2,369580.65266144805,-7.116e-9,0
2026-07-16T12:04:30Z,0.405,28.2432,8.19,0.5661,0.0426,0.2538,1.6241,154.579,164.625688,4.7016,59.243,591.11,369530.0009642257,-9.15e-9,0
2026-07-16T12:04:30Z,0.405,28.2431,8.19,0.5966,0.0426,0.2538,1.5486,154.564,164.608586,4.6799,58.971,609.11,369433.2642367539,-1.176e-8,0
2026-07-16T12:04:30Z,0.405,28.2431,8.19,0.5776,0.0426,0.2538,1.5939,154.553,164.596646,4.6585,58.712,553.45,369364.41590174125,-1.513e-8,0
2026-07-16T12:04:30Z,0.405,28.243,8.19,0.5509,0.0852,0.2115,1.609,154.561,164.604726,4.637,58.478,613.62,369412.89561142353,-1.945e-8,0
2026-07-16T12:04:30Z,0.405,28.2429,8.19,0.6195,0.0852,0.2115,1.6543,154.576,164.620948,4.6155,58.268,633.13,369508.3346032225,-2.5e-8,0
2026-07-16T12:04:30Z,0.405,28.2428,8.19,0.6157,0.0852,0.2115,1.609,154.573,164.617563,4.5943,58.077,535.93,369490.7028851618,-3.215e-8,0
2026-07-16T12:04:30Z,0.405,28.2427,8.19,0.6577,0.0852,0.2115,1.5486,154.558,164.601688,4.5742,57.897,601.61,369401.0467373249,-4.133e-8,0
2026-07-16T12:04:30Z,0.405,28.2425,8.19,0.6233,0.0852,0.2115,1.5939,154.552,164.595149,4.5559,57.726,552.72,369367.12135302596,-5.314e-8,0
2026-07-16T12:04:30Z,0.405,28.2425,8.1,0.5699,0.0852,0.1269,1.609,154.549,164.592194,4.5396,57.564,575.27,369350.08318251744,-6.832e-8,0
2026-07-16T12:04:30Z,0.405,28.2424,8.1,0.547,0.0852,0.1269,1.6241,154.543,164.586019,4.5248,57.409,576.15,369316.3696879277,-8.784e-8,0
2026-07-16T12:04:30Z,0.405,28.2424,8.1,0.5661,0.0852,0.1269,1.5486,154.538,164.580994,4.5108,57.25,632.16,369287.39880797715,-1.129e-7,0
2026-07-16T12:04:30Z,0.405,28.2424,8.1,0.5928,0.0852,0.1269,1.6543,154.537,164.579786,4.4974,57.081,602.26,369280.4344730188,-1.452e-7,0
2026-07-16T12:04:30Z,0.405,28.2425,8.01,0.6386,0.0426,0.2961,1.6241,154.53,164.572051,4.4848,56.912,549.13,369233.953881724,-1.867e-7,0
2026-07-16T12:04:30Z,0.405,28.2425,8.01,0.6539,0.0426,0.2961,1.4881,154.513,164.553721,4.4727,56.759,597.57,369128.2963476853,-2.4e-7,0
2026-07-16T12:04:30Z,0.405,28.2425,8.01,0.6233,0.0426,0.2961,1.6392,154.501,164.541959,4.4603,56.64,566.71,369060.5077152575,-3.086e-7,0
2026-07-16T12:04:30Z,0.405,28.2425,8.01,0.6043,0.0426,0.2961,1.6241,154.507,164.54766,4.4472,56.573,582.19,369093.36367728456,-3.968e-7,0
2026-07-16T12:04:30Z,0.405,28.2425,8.28,0.5585,0.0426,0.1692,1.5788,154.518,164.560319,4.434,56.582,601.74,369166.3263213891,-5.102e-7,0
2026-07-16T12:04:30Z,0.405,28.2425,8.28,0.5738,0.0426,0.1692,1.6543,154.525,164.567272,4.4221,56.688,653.96,369206.4050559598,-6.559e-7,0
2026-07-16T12:04:30Z,0.405,28.2426,8.28,0.5585,0.0426,0.1692,1.5637,154.531,164.574384,4.4128,56.903,1036.4,369245.51415551285,-8.434e-7,0
2026-07-16T12:04:30Z,0.405,28.2426,8.28,0.5623,0.0426,0.1692,1.6694,154.541,164.585556,4.4076,57.222,805.66,369309.9218036565,-0,0
2026-07-16T12:04:30Z,0.405,28.2427,8.28,0.5585,0.0426,0.1692,1.5939,154.545,164.589735,4.4082,57.636,547.23,369332.1265614809,-0,0
2026-07-16T12:04:30Z,0.405,28.2428,8.1,0.589,0.0852,0.1269,1.7147,154.536,164.580017,4.4165,58.141,588.68,369274.20999045006,-0,0
2026-07-16T12:04:30Z,0.405,28.2429,8.1,0.5623,0.0852,0.1269,1.6543,154.519,164.561828,4.4332,58.733,585.36,369167.47030107176,-0,0
2026-07-16T12:04:30Z,0.405,28.243,8.1,0.589,0.0852,0.1269,1.7147,154.498,164.540341,4.458,59.39,583.71,369041.7438742319,-0,0
2026-07-16T12:04:30Z,0.405,28.243,8.1,0.5776,0.0852,0.1269,1.6543,154.475,164.515841,4.4903,60.082,648.16,368900.57178864273,-0,0
2026-07-16T12:04:30Z,0.405,28.243,8.1,0.5585,0.0852,0.2115,1.5939,154.458,164.497831,4.5297,60.792,553.69,368796.81693593226,-0,0
2026-07-16T12:04:30Z,0.405,28.2431,8.1,0.5814,0.0852,0.2115,1.5788,154.454,164.493535,4.5758,61.511,623.71,368770.184052619,-0,0
2026-07-16T12:04:30Z,0.405,28.2431,8.1,0.5776,0.0852,0.2115,1.6543,154.462,164.50181,4.627,62.226,574.02,368817.85156807245,0,0
2026-07-16T12:04:30Z,0.405,28.2432,8.1,0.5776,0.0852,0.2115,1.2313,154.472,164.512833,4.6809,62.922,552.36,368879.4675758234,0,0
2026-07-16T12:04:30Z,0.405,28.2432,8.19,0.5509,0.0426,0.1692,1.4126,154.469,164.509498,4.7362,63.576,574.77,368860.2538423022,0,0
2026-07-16T12:04:30Z,0.405,28.2433,8.19,0.6081,0.0426,0.1692,1.3975,154.452,164.490916,4.7922,64.158,568.56,368751.3252522788,0,0
2026-07-16T12:04:30Z,0.405,28.2433,8.19,0.5928,0.0426,0.1692,1.4277,154.438,164.476186,4.8479,64.634,564.87,368666.4864958272,0,0
2026-07-16T12:04:30Z,0.405,28.2433,8.19,0.5585,0.0426,0.1692,1.2918,154.431,164.469398,4.9021,64.985,555.49,368627.3944134819,0,0
2026-07-16T12:04:30Z,0.405,28.2432,8.19,0.5814,0.0426,0.1692,1.3673,154.416,164.452707,4.9531,65.215,575.52,368533.16694093397,0,0
2026-07-16T12:04:30Z,0.405,28.2432,8.19,0.5852,0.0852,0.1692,1.3673,154.398,164.433689,4.9984,65.319,661.25,368423.672664151,0,0
2026-07-16T12:04:30Z,0.406,28.2432,8.19,0.5585,0.0852,0.1692,1.3371,154.399,164.435336,5.0355,65.288,556.22,368433.1543198596,0,0
2026-07-16T12:04:30Z,0.406,28.2432,8.19,0.5699,0.0852,0.1692,1.5637,154.413,164.45007,5.0629,65.127,614.16,368517.98348453635,0,0
2026-07-16T12:04:30Z,0.406,28.2432,8.19,0.5776,0.0852,0.1692,1.6392,154.409,164.445737,5.0808,64.86,549.01,368493.0355403053,0,0
2026-07-16T12:04:30Z,0.406,28.2432,8.28,0.5661,0.0426,0.2115,1.5939,154.39,164.42519,5.0889,64.522,538.61,368374.7469259018,0,0
2026-07-16T12:04:30Z,0.406,28.2432,8.28,0.5928,0.0426,0.2115,1.6694,154.387,164.423043,5.0865,64.149,583.84,368362.38803376735,0,0
2026-07-16T12:04:30Z,0.405,28.2432,8.28,0.5585,0.0426,0.2115,1.6543,154.402,164.438723,5.074,63.766,675.34,368452.65349364444,0,0
2026-07-16T12:04:30Z,0.405,28.2432,8.28,0.5852,0.0426,0.2115,1.6241,154.407,164.444337,5.0531,63.406,605.94,368484.9750356597,0,0
2026-07-16T12:04:30Z,0.405,28.2433,8.19,0.5699,0.0852,0.1269,1.6996,154.401,164.437374,5.0268,63.095,634.5,368443.0023858472,0,0
2026-07-16T12:04:30Z,0.405,28.2433,8.19,0.5738,0.0852,0.1269,1.5939,154.407,164.44404,4.9977,62.845,612.96,368481.3801200682,0,0
2026-07-16T12:04:30Z,0.405,28.2433,8.19,0.5509,0.0852,0.1269,1.322,154.432,164.470123,4.9679,62.652,525.89,368631.56990938145,0,0
2026-07-16T12:04:30Z,0.405,28.2433,8.19,0.5623,0.0852,0.1269,1.3522,154.455,164.494515,4.9398,62.499,614.42,368772.05617066176,6.3344e-8,0
2026-07-16T12:04:30Z,0.405,28.2432,8.1,0.5776,0.0852,0.0846,1.322,154.46,164.499663,4.9156,62.361,576.4,368803.5966221271,8.1442e-8,0
2026-07-16T12:04:30Z,0.405,28.2432,8.1,0.5814,0.0852,0.0846,1.2162,154.448,164.48694,4.8961,62.216,632.03,368730.31016939506,1.0471e-7,0
2026-07-16T12:04:30Z,0.406,28.2431,8.1,0.5814,0.0852,0.0846,1.6543,154.435,164.473001,4.8811,62.048,568.31,368651.9153984624,1.3463e-7,0
2026-07-16T12:04:30Z,0.406,28.2431,8.1,0.5432,0.0852,0.0846,1.5788,154.425,164.462146,4.8692,61.845,565.85,368589.4039386981,1.7309e-7,0
2026-07-16T12:04:30Z,0.406,28.2431,8.1,0.5623,0.0852,0.0846,1.5939,154.401,164.435443,4.8585,61.605,639.9,368435.6550251224,2.2255e-7,0
2026-07-16T12:04:30Z,0.405,28.243,8.19,0.5623,0.0852,0.1692,1.5788,154.365,164.3978,4.8472,61.338,758.59,368220.8665825204,2.8614e-7,0
2026-07-16T12:04:30Z,0.405,28.243,8.19,0.631,0.0852,0.1692,1.5939,154.352,164.38328,4.8341,61.056,613.09,368137.3102431626,3.6789e-7,0
2026-07-16T12:04:30Z,0.405,28.2429,8.19,0.6348,0.0852,0.1692,1.5788,154.36,164.392021,4.8183,60.773,731.88,368189.49299174815,4.73e-7,0
2026-07-16T12:04:30Z,0.406,28.2429,8.19,0.6348,0.0852,0.1692,1.5335,154.363,164.394279,4.7996,60.497,652.12,368202.4871986398,6.0814e-7,0
2026-07-16T12:04:30Z,0.406,28.2428,8.1,0.65,0.0426,0.1269,1.6392,154.352,164.382638,4.7788,60.232,555.49,368137.38243446196,7.819e-7,0
2026-07-16T12:04:30Z,0.406,28.2427,8.1,0.5585,0.0426,0.1269,1.7147,154.344,164.374041,4.7568,59.977,590.34,368089.7986021121,0,0
2026-07-16T12:04:30Z,0.406,28.2427,8.1,0.5699,0.0426,0.1269,1.6241,154.348,164.378221,4.7348,59.735,530.48,368113.84976239165,0,0
2026-07-16T12:04:30Z,0.406,28.2426,8.1,0.5661,0.0426,0.1269,1.5183,154.354,164.384265,4.7133,59.518,536.05,368150.5110840666,0,0
2026-07-16T12:04:30Z,0.406,28.2425,8.19,0.5432,0.0852,0.0846,1.6241,154.359,164.389778,4.6926,59.337,637.27,368184.119042115,0,0
2026-07-16T12:04:30Z,0.406,28.2424,8.19,0.6348,0.0852,0.0846,1.5939,154.373,164.404246,4.6728,59.184,736.66,368269.2673004363,0,0
2026-07-16T12:04:30Z,0.406,28.2423,8.19,0.6157,0.0852,0.0846,1.6241,154.376,164.407472,4.6539,59.042,669.35,368289.71880826796,0,0
2026-07-16T12:04:30Z,0.406,28.2423,8.19,0.6424,0.0852,0.0846,1.5939,154.358,164.388291,4.637,58.897,514.81,368179.32871786575,0,0
2026-07-16T12:04:30Z,0.406,28.2424,8.19,0.6272,0.0852,0.0846,1.6241,154.337,164.365641,4.6229,58.749,543.2,368047.1171882264,0,0
2026-07-16T12:04:30Z,0.406,28.2424,8.19,0.6424,0.0426,0.2115,1.609,154.325,164.353529,4.611,58.596,551.16,367977.4362949388,0,0
2026-07-16T12:04:30Z,0.406,28.2423,8.19,0.6233,0.0426,0.2115,1.5637,154.321,164.348726,4.5999,58.424,541.55,367951.6888906823,0,0
2026-07-16T12:04:30Z,0.406,28.2423,8.19,0.6424,0.0426,0.2115,1.5183,154.307,164.333913,4.5887,58.218,584.72,367866.4834422874,0,0
2026-07-16T12:04:30Z,0.406,28.2423,8.19,0.631,0.0426,0.2115,1.5486,154.288,164.313158,4.5771,57.989,591.5,367747.1194505895,0,0
2026-07-16T12:04:30Z,0.406,28.2423,8.1,0.6119,0.0426,0.3384,1.6241,154.28,164.304983,4.5652,57.753,618.85,367700.1107369574,0,0
2026-07-16T12:04:30Z,0.406,28.2422,8.1,0.6157,0.0426,0.3384,1.609,154.286,164.311216,4.5518,57.512,632.3,367737.8331815299,0,0
2026-07-16T12:04:30Z,0.406,28.2422,8.1,0.6386,0.0426,0.3384,1.5939,154.292,164.317482,4.5358,57.262,636.16,367773.8665713473,0,0
2026-07-16T12:04:30Z,0.406,28.2421,8.1,0.631,0.0426,0.3384,1.5637,154.3,164.325453,4.5179,57.007,533.95,367821.5894674115,0,0
2026-07-16T12:04:30Z,0.406,28.242,8.1,0.6424,0.0852,0.1269,1.6543,154.326,164.353292,4.4996,56.757,573.03,367983.6024970611,0,0
2026-07-16T12:04:30Z,0.406,28.242,8.1,0.6348,0.0852,0.1269,1.5637,154.367,164.396393,4.4808,56.521,590.85,368231.6057509416,0,0
2026-07-16T12:04:30Z,0.406,28.2419,8.1,0.6348,0.0852,0.1269,1.5486,154.399,164.430168,4.4613,56.297,530.02,368427.90319615573,0,0
2026-07-16T12:04:30Z,0.406,28.2419,8.1,0.65,0.0852,0.1269,1.5939,154.408,164.439569,4.4414,56.081,552.84,368482.0278489517,0,0
2026-07-16T12:04:30Z,0.406,28.2418,8.1,0.6386,0.0426,0.2115,1.6241,154.404,164.43512,4.4219,55.87,574.4,368458.2977478849,0,0
2026-07-16T12:04:30Z,0.406,28.2417,8.1,0.6233,0.0426,0.2115,1.6845,154.4,164.431672,4.4035,55.662,668.76,368440.3314260677,0,0
2026-07-16T12:04:30Z,0.406,28.2417,8.1,0.6539,0.0426,0.2115,1.5939,154.397,164.428305,4.3861,55.46,579.54,368420.94720176636,0,0
2026-07-16T12:04:30Z,0.406,28.2416,8.1,0.6386,0.0426,0.2115,1.6845,154.382,164.412095,4.3692,55.272,549.49,368329.51720358315,0,0
2026-07-16T12:04:30Z,0.406,28.2416,8.1,0.6424,0.0426,0.2115,1.7147,154.355,164.382728,4.3528,55.099,571.29,368160.49953706097,0,0
2026-07-16T12:04:30Z,0.406,28.2415,8.1,0.6577,0.0852,0.1692,1.6241,154.327,164.352418,4.3366,54.935,546.39,367987.9866985777,0.001,0
2026-07-16T12:04:30Z,0.406,28.2415,8.1,0.6081,0.0852,0.1692,1.6543,154.301,164.325111,4.3209,54.781,556.82,367830.9122319351,0.001,0
2026-07-16T12:04:30Z,0.406,28.2415,8.1,0.6081,0.0852,0.1692,1.5939,154.283,164.305552,4.3063,54.644,845.11,367718.43073857477,0.001,0
2026-07-16T12:04:30Z,0.406,28.2414,8.1,0.5661,0.0852,0.1692,1.5486,154.275,164.296543,4.2928,54.537,629.97,367668.5089279531,0.001,0
2026-07-16T12:04:30Z,0.406,28.2414,8.19,0.5623,0.0426,0.0846,1.6392,154.267,164.287665,4.28,54.456,774.58,367617.463663119,0.001,0
2026-07-16T12:04:30Z,0.406,28.2413,8.19,0.5852,0.0426,0.0846,1.6241,154.253,164.272541,4.268,54.385,568.07,367532.3962593499,0,0
2026-07-16T12:04:30Z,0.406,28.2412,8.19,0.5852,0.0426,0.0846,1.5939,154.24,164.259165,4.2574,54.312,519.31,367457.38775523606,0,0
2026-07-16T12:04:30Z,0.406,28.2412,8.19,0.6272,0.0426,0.0846,1.5637,154.226,164.24397,4.2491,54.24,602.26,367370.05496668746,0,0
2026-07-16T12:04:30Z,0.406,28.2411,8.19,0.6272,0.0426,0.1692,1.609,154.206,164.222904,4.2428,54.164,549.49,367250.87843617715,0,0
2026-07-16T12:04:30Z,0.406,28.2411,8.19,0.6233,0.0426,0.1692,1.5032,154.195,164.210395,4.2372,54.069,559.13,367179.00696081365,0,0
2026-07-16T12:04:30Z,0.406,28.241,8.19,0.6233,0.0426,0.1692,1.5939,154.196,164.211126,4.2315,53.947,552.72,367185.0850861812,0,0
2026-07-16T12:04:30Z,0.406,28.2409,8.19,0.631,0.0426,0.1692,1.6392,154.198,164.213264,4.2259,53.797,629.42,367199.24709651177,0,0
2026-07-16T12:04:30Z,0.406,28.2408,8.19,0.6386,0.0426,0.1692,1.5939,154.198,164.213371,4.22,53.618,545.92,367201.74029350857,0,0
2026-07-16T12:04:30Z,0.407,28.2408,8.19,0.6729,0,0.0846,1.5939,154.204,164.219493,4.2126,53.414,588.04,367236.9148689749,0,0
2026-07-16T12:04:30Z,0.407,28.2407,8.19,0.6233,0,0.0846,1.609,154.217,164.233262,4.2031,53.192,629.29,367317.91338305094,0,0
2026-07-16T12:04:30Z,0.407,28.2407,8.19,0.6233,0,0.0846,1.5939,154.229,164.246324,4.1914,52.957,524.64,367392.9803049627,0,0
2026-07-16T12:04:30Z,0.406,28.2407,8.19,0.6233,0,0.0846,1.5939,154.233,164.250133,4.1775,52.723,607.26,367414.8726198087,0,0
2026-07-16T12:04:30Z,0.406,28.2407,8.1,0.6233,0.0852,0.1269,1.5939,154.232,164.249715,4.1617,52.498,569.43,367412.4701538372,0,0
2026-07-16T12:04:30Z,0.406,28.2407,8.1,0.6119,0.0852,0.1269,1.5939,154.232,164.248966,4.1443,52.289,563.27,367408.1652806746,0,0
2026-07-16T12:04:30Z,0.406,28.2407,8.1,0.6157,0.0852,0.1269,1.5637,154.219,164.23566,4.126,52.108,624.93,367331.6942569721,0,0
2026-07-16T12:04:30Z,0.406,28.2407,8.1,0.6348,0.0852,0.1269,1.6241,154.199,164.214268,4.1077,51.966,612.02,367208.77249195846,0,0
2026-07-16T12:04:30Z,0.406,28.2407,8.19,0.6462,0.0852,0.0846,1.6543,154.185,164.19913,4.0902,51.87,634.09,367121.80236543587,0,0
2026-07-16T12:04:30Z,0.406,28.2407,8.19,0.6157,0.0852,0.0846,1.5939,154.177,164.190218,4.0739,51.833,657.81,367070.6074449961,0,0
2026-07-16T12:04:30Z,0.406,28.2407,8.19,0.6348,0.0852,0.0846,1.5032,154.176,164.189166,4.0598,51.861,667.02,367064.56452621956,0,0
2026-07-16T12:04:30Z,0.406,28.2407,8.19,0.631,0.0852,0.0846,1.5788,154.179,164.191683,4.0488,51.948,837.43,367079.022827586,0,0
2026-07-16T12:04:30Z,0.406,28.2406,8.19,0.6424,0.0426,0.0423,1.5788,154.178,164.190423,4.0413,52.084,606.99,367073.6627975478,0,0
2026-07-16T12:04:30Z,0.406,28.2406,8.19,0.6157,0.0426,0.0423,1.609,154.173,164.185049,4.0384,52.262,567.33,367042.79378106765,0,0
2026-07-16T12:04:30Z,0.406,28.2405,8.19,0.6424,0.0426,0.0423,1.5939,154.166,164.178137,4.0406,52.467,533.37,367004.97003616526,0,0
2026-07-16T12:04:30Z,0.406,28.2404,8.19,0.5852,0.0426,0.0423,1.609,154.164,164.175863,4.0474,52.684,565.73,366993.7865071086,0,0
2026-07-16T12:04:30Z,0.406,28.2403,8.19,0.5509,0.0426,0.0423,1.5939,154.166,164.17762,4.058,52.903,556.1,367005.7554470028,0,0
2026-07-16T12:04:30Z,0.406,28.2403,8.19,0.5394,0.0852,0.1692,1.6241,154.169,164.179868,4.0719,53.122,564.13,367018.66736651596,0,0
2026-07-16T12:04:30Z,0.406,28.2402,8.19,0.5623,0.0852,0.1692,1.6392,154.169,164.179197,4.0879,53.339,630.11,367016.6907893099,0,0
2026-07-16T12:04:30Z,0.406,28.2402,8.19,0.65,0.0852,0.1692,1.8356,154.158,164.167409,4.1048,53.549,596.14,366948.9867971384,0,0
2026-07-16T12:04:30Z,0.406,28.2401,8.19,0.6462,0.0852,0.1692,1.8507,154.147,164.155394,4.1218,53.744,559.01,366881.8636964714,0,0
2026-07-16T12:04:30Z,0.406,28.24,8.19,0.6233,0.0426,0.1692,1.8205,154.157,164.166007,4.1389,53.922,613.36,366944.68922033336,0,0
2026-07-16T12:04:30Z,0.406,28.2399,8.19,0.6233,0.0426,0.1692,1.9564,154.17,164.180028,4.1558,54.085,593.3,367027.0965437701,0,0
2026-07-16T12:04:30Z,0.406,28.2398,8.19,0.5814,0.0426,0.1692,1.6845,154.155,164.163107,4.1722,54.235,540.14,366931.78852178477,0,0
2026-07-16T12:04:30Z,0.406,28.2397,8.19,0.5852,0.0426,0.1692,1.7449,154.127,164.132784,4.1874,54.371,568.81,366759.5441838349,0,0
2026-07-16T12:04:30Z,0.406,28.2396,8.19,0.5661,0.0426,0.1692,1.7449,154.118,164.123068,4.2013,54.498,578.66,366705.63934038836,0,0
2026-07-16T12:04:30Z,0.406,28.2396,8.19,0.5661,0.0426,0.1692,1.5637,154.124,164.129364,4.214,54.629,560.1,366741.7850519325,0,0
2026-07-16T12:04:30Z,0.406,28.2395,8.19,0.6539,0.0426,0.1692,1.5183,154.135,164.141323,4.2257,54.776,581.18,366812.32484415255,0,0
2026-07-16T12:04:30Z,0.406,28.2394,8.19,0.6348,0.0426,0.1692,1.5788,154.156,164.164139,4.2363,54.943,573.15,366945.2238956192,0,0
2026-07-16T12:04:30Z,0.406,28.2393,8.19,0.6348,0.0426,0.1692,1.5939,154.173,164.181847,4.2462,55.132,682.42,367048.8107835087,0,0
2026-07-16T12:04:30Z,0.406,28.2392,8.1,0.6348,0.0426,0.1692,1.5939,154.169,164.177117,4.2564,55.339,577.9,367023.5188845371,0,0
2026-07-16T12:04:30Z,0.406,28.2391,8.1,0.6424,0.0426,0.1692,1.5183,154.158,164.164724,4.2678,55.565,547.35,366954.21526646434,0,0
2026-07-16T12:04:30Z,0.406,28.2391,8.1,0.631,0.0426,0.1692,1.5788,154.155,164.161411,4.2808,55.802,548.77,366935.18794529914,-0.001,0
2026-07-16T12:04:30Z,0.405,28.239,8.1,0.65,0.0426,0.1692,1.6543,154.16,164.166293,4.2955,56.037,563.15,366965.10387231904,-0.001,0
2026-07-16T12:04:30Z,0.405,28.2389,8.19,0.6081,0.1278,0.1269,1.5939,154.166,164.172654,4.3117,56.255,698.77,367003.5164512858,-0.001,0
2026-07-16T12:04:30Z,0.405,28.2388,8.19,0.6005,0.1278,0.1269,1.9111,154.168,164.174172,4.3293,56.444,630.38,367014.11315139977,-0.001,0
2026-07-16T12:04:30Z,0.405,28.2387,8.19,0.589,0.1278,0.1269,1.7601,154.17,164.175262,4.3478,56.591,553.45,367022.251977315,-0.001,0
2026-07-16T12:04:30Z,0.404,28.2386,8.19,0.5623,0.1278,0.1269,1.8356,154.171,164.176212,4.3661,56.686,618.98,367029.58642908005,-0.001,0
2026-07-16T12:04:30Z,0.404,28.2384,8.1,0.5776,0.0852,0.1269,1.896,154.165,164.16926,4.3832,56.727,541.08,366993.4099670298,-0.001,0
2026-07-16T12:04:30Z,0.404,28.2383,8.1,0.65,0.0852,0.1269,1.6241,154.168,164.172595,4.3978,56.716,581.43,367014.44330830866,-0.001,0
2026-07-16T12:04:30Z,0.403,28.2382,8.1,0.6272,0.0852,0.1269,1.609,154.189,164.195127,4.4093,56.666,567.45,367145.75902900833,-0,0
2026-07-16T12:04:30Z,0.403,28.2381,8.1,0.6462,0.0852,0.1269,1.5939,154.204,164.210789,4.4167,56.592,547.46,367237.6266534425,0,0
2026-07-16T12:04:30Z,0.404,28.238,8.1,0.6081,0.0852,0.1269,1.6543,154.19,164.195695,4.4199,56.507,566.46,367152.7788512799,0,0
2026-07-16T12:04:30Z,0.404,28.2379,8.19,0.6195,0.1278,0.1692,1.6241,154.157,164.159851,4.4191,56.427,570.54,366948.7548093967,0.001,0
2026-07-16T12:04:30Z,0.404,28.2378,8.19,0.6577,0.1278,0.1692,1.5486,154.135,164.135795,4.4152,56.361,544.14,366812.483796023,0.001,0
2026-07-16T12:04:30Z,0.404,28.2377,8.19,0.6272,0.1278,0.1692,1.5637,154.127,164.127136,4.4094,56.314,558.88,366764.6411405377,0,0
2026-07-16T12:04:30Z,0.404,28.2376,8.19,0.6233,0.1278,0.1692,1.5183,154.122,164.121542,4.4028,56.282,527.38,366734.3992146158,0,0
2026-07-16T12:04:30Z,0.404,28.2376,8.1,0.5738,0.0426,0.0846,1.5939,154.118,164.11752,4.3965,56.263,540.84,366711.3077751816,0,0
2026-07-16T12:04:30Z,0.404,28.2375,8.1,0.5661,0.0426,0.0846,1.609,154.121,164.120012,4.3915,56.249,570.17,366727.4910360048,0,0
2026-07-16T12:04:30Z,0.405,28.2374,8.1,0.5776,0.0426,0.0846,1.5486,154.135,164.135695,4.3878,56.227,538.15,366819.41576572496,0,0
2026-07-16T12:04:30Z,0.405,28.2373,8.1,0.5776,0.0426,0.0846,1.5183,154.157,164.15873,4.3853,56.189,547.94,366953.57983458316,0,0
2026-07-16T12:04:30Z,0.404,28.2372,8.1,0.6272,0.0852,0.2538,1.5939,154.177,164.181228,4.3838,56.141,589.32,367084.68944758095,0,0
2026-07-16T12:04:30Z,0.404,28.2371,8.1,0.6348,0.0852,0.2538,1.5032,154.188,164.19315,4.3827,56.102,567.08,367155.06100886007,0,0
2026-07-16T12:04:30Z,0.405,28.2371,8.1,0.6348,0.0852,0.2538,1.609,154.188,164.193667,4.381,56.083,596.14,367158.0314252573,0,0
2026-07-16T12:04:30Z,0.405,28.2373,8.1,0.6043,0.0852,0.2538,1.6392,154.189,164.194945,4.378,56.082,586.76,367161.6175314311,0,0
2026-07-16T12:04:30Z,0.405,28.2376,8.19,0.5928,0.0426,0.2115,1.609,154.18,164.185295,4.3743,56.085,633.13,367100.54181721143,0,0
2026-07-16T12:04:30Z,0.405,28.2378,8.19,0.6081,0.0426,0.2115,1.6241,154.155,164.158137,4.3712,56.089,594.98,366940.78786575457,0,0
2026-07-16T12:04:30Z,0.405,28.2379,8.19,0.6424,0.0426,0.2115,1.5939,154.133,164.134293,4.3697,56.109,699.08,366801.9827260884,0,0
2026-07-16T12:04:30Z,0.405,28.2379,8.19,0.6233,0.0426,0.2115,1.5788,154.12,164.11943,4.3696,56.16,544.14,366716.64537468815,0,0
2026-07-16T12:04:30Z,0.405,28.2378,8.19,0.5776,0.0426,0.2115,1.5939,154.096,164.09355,4.3699,56.257,585.36,366569.9570626556,0,0
2026-07-16T12:04:30Z,0.405,28.2377,8.19,0.5432,0.0426,0.1692,1.609,154.057,164.051754,4.3702,56.42,600.04,366331.9784670245,0,0
2026-07-16T12:04:30Z,0.405,28.2375,8.19,0.5852,0.0426,0.1692,1.5486,154.026,164.018981,4.3718,56.678,680.49,366147.7179651458,0,0
2026-07-16T12:04:30Z,0.405,28.2373,8.19,0.5585,0.0426,0.1692,1.6694,154.017,164.00854,4.3758,57.043,586.76,366091.579173276,0,0
2026-07-16T12:04:30Z,0.405,28.2372,8.19,0.6043,0.0426,0.1692,1.5486,154.022,164.013638,4.3833,57.509,717.39,366122.69133176794,0,0
2026-07-16T12:04:30Z,0.405,28.2371,8.01,0.6119,0.0852,0.2115,1.5939,154.036,164.027617,4.3961,58.053,1098.5,366204.74790587736,0,0
2026-07-16T12:04:30Z,0.404,28.237,8.01,0.6119,0.0852,0.2115,1.6241,154.052,164.044181,4.4161,58.636,861.98,366301.647181019,0,0
2026-07-16T12:04:30Z,0.404,28.2368,8.01,0.6195,0.0852,0.2115,1.6543,154.067,164.059729,4.4446,59.203,597.31,366394.6065124444,0,0
2026-07-16T12:04:30Z,0.404,28.2367,8.01,0.6424,0.0852,0.2115,1.6845,154.082,164.076404,4.4809,59.709,571.78,366492.1741364203,0,0
2026-07-16T12:04:30Z,0.404,28.2366,8.19,0.6272,0.0426,0.2961,1.5788,154.1,164.094641,4.5234,60.123,604.75,366598.72416166775,0,0
2026-07-16T12:04:30Z,0.404,28.2365,8.19,0.6043,0.0426,0.2961,1.6392,154.116,164.111287,4.5688,60.437,630.93,366696.1592845291,0,0
2026-07-16T12:04:30Z,0.404,28.2364,8.19,0.6081,0.0426,0.2961,1.6543,154.123,164.118752,4.613,60.649,654.53,366740.89472339774,0,0
2026-07-16T12:04:30Z,0.404,28.2363,8.19,0.6577,0.0426,0.2961,1.5939,154.113,164.107,4.6524,60.766,642.13,366675.29915424314,-0.001,0
2026-07-16T12:04:30Z,0.404,28.2362,8.19,0.631,0.0426,0.2961,1.5183,154.091,164.08292,4.6847,60.798,642.69,366538.9474626062,-0.001,0
2026-07-16T12:04:30Z,0.404,28.2361,8.19,0.6462,0.0426,0.1692,1.6996,154.073,164.062141,4.7091,60.772,544.74,366421.5689280056,0,0
2026-07-16T12:04:30Z,0.404,28.2359,8.19,0.6424,0.0426,0.1692,1.6845,154.065,164.051149,4.7257,60.719,602.52,366362.2423258673,0,0
2026-07-16T12:04:30Z,0.404,28.2357,8.19,0.6233,0.0426,0.1692,1.5939,154.06,164.043004,4.7348,60.647,551.05,366319.2559549779,0,0
2026-07-16T12:04:30Z,0.404,28.2354,8.19,0.6272,0.0426,0.1692,1.609,154.042,164.021502,4.7374,60.542,543.79,366201.5181423613,0,0
2026-07-16T12:04:30Z,0.404,28.2348,8.28,0.6348,0.0426,0.2115,1.6543,154.025,164.000954,4.7354,60.39,671.24,366094.89236789016,0,0
2026-07-16T12:04:30Z,0.404,28.2341,8.28,0.6233,0.0426,0.2115,1.5183,154.038,164.011962,4.7313,60.189,604.62,366171.14619658183,0,0
2026-07-16T12:04:30Z,0.403,28.2333,8.28,0.6348,0.0426,0.2115,1.5637,154.067,164.041425,4.7257,59.937,560.59,366355.17589121545,-0,0
2026-07-16T12:04:30Z,0.403,28.2324,8.28,0.6424,0.0426,0.2115,1.5486,154.083,164.057109,4.7176,59.634,602.52,366462.05527861265,-0.001,0
2026-07-16T12:04:30Z,0.403,28.2316,8.19,0.589,0,0.2115,1.5788,154.084,164.057183,4.7059,59.283,634.5,366477.47940265894,-0.001,0
2026-07-16T12:04:30Z,0.403,28.2308,8.19,0.6119,0,0.2115,1.5486,154.086,164.059707,4.6902,58.901,549.85,366506.96720593615,-0.001,0
2026-07-16T12:04:30Z,0.403,28.2303,8.19,0.7073,0,0.2115,1.6241,154.101,164.075377,4.6707,58.516,564.87,366606.29804110184,-0.002,0
2026-07-16T12:04:30Z,0.402,28.2299,8.19,0.6958,0,0.2115,1.5788,154.115,164.090331,4.6471,58.158,566.83,366699.6601901628,-0.003,0
2026-07-16T12:04:30Z,0.402,28.2297,8.1,0.6882,0,0.2115,1.5183,154.115,164.090516,4.6197,57.84,626.69,366704.4748193723,-0.004,0
2026-07-16T12:04:30Z,0.4,28.2295,8.1,0.6882,0,0.2115,1.5939,154.113,164.088007,4.59,57.565,624.65,366693.82121337304,-0.005,0
2026-07-16T12:04:30Z,0.399,28.2295,8.1,0.692,0,0.2115,1.3673,154.118,164.094164,4.56,57.329,659.96,366729.17573491804,-0.006,0
2026-07-16T12:04:30Z,0.397,28.2295,8.1,0.6806,0,0.2115,1.322,154.118,164.094592,4.5321,57.126,600.04,366731.6341192402,-0.007,0
2026-07-16T12:04:30Z,0.394,28.2296,8.1,0.6996,0,0.2115,1.3522,154.098,164.073369,4.5073,56.948,562.29,366607.9028843383,-0.007,0
2026-07-16T12:04:30Z,0.392,28.2297,8.19,0.6996,0.0852,0.1692,1.3824,154.069,164.042876,4.4859,56.787,601.87,366430.99065563356,-0.007,0
2026-07-16T12:04:30Z,0.39,28.2298,8.19,0.5852,0.0852,0.1692,1.6392,154.049,164.023045,4.4675,56.633,551.05,366315.30978450406,-0.007,0
2026-07-16T12:04:30Z,0.388,28.23,8.19,0.5661,0.0852,0.1692,1.6241,154.043,164.016608,4.4516,56.481,556.58,366274.6262678908,-0.006,0
2026-07-16T12:04:30Z,0.387,28.2301,8.19,0.5661,0.0852,0.1692,1.5788,154.04,164.013829,4.4378,56.329,580.29,366256.8073766626,-0.005,0
2026-07-16T12:04:30Z,0.386,28.2303,8.1,0.5547,0.0852,0.1692,1.5939,154.041,164.013966,4.4252,56.18,630.11,366253.846031518,-0.004,0
2026-07-16T12:04:30Z,0.385,28.2304,8.1,0.5661,0.0852,0.1692,1.6241,154.049,164.023071,4.4132,56.035,526.58,366304.2154069367,-0.003,0
2026-07-16T12:04:30Z,0.384,28.2305,8.1,0.5585,0.0852,0.1692,1.6543,154.056,164.02954,4.4014,55.891,573.9,366339.4624382909,-0.003,0
2026-07-16T12:04:30Z,0.384,28.2305,8.1,0.547,0.0852,0.1692,1.6241,154.044,164.017056,4.3895,55.747,587.27,366267.8284049341,-0.002,0
2026-07-16T12:04:30Z,0.383,28.2305,8.1,0.5814,0.0426,0.1692,1.6543,154.028,164.00033,4.3778,55.607,656.38,366171.86644175294,-0.002,0
2026-07-16T12:04:30Z,0.383,28.2304,8.1,0.5814,0.0426,0.1692,1.5939,154.039,164.010985,4.3665,55.471,665.57,366234.86962137895,-0.001,0
2026-07-16T12:04:30Z,0.383,28.2304,8.1,0.5585,0.0426,0.1692,1.609,154.07,164.043845,4.3553,55.343,572.9,366423.43181053584,-0.001,0
2026-07-16T12:04:30Z,0.383,28.2303,8.1,0.5852,0.0426,0.1692,1.6543,154.089,164.063571,4.3441,55.224,618.44,366538.5303006241,-0.001,0
2026-07-16T12:04:30Z,0.382,28.2302,8.1,0.5776,0.0426,0.1692,1.6241,154.08,164.053373,4.3332,55.108,573.65,366481.8679481889,-0.001,0
2026-07-16T12:04:30Z,0.382,28.23,8.19,0.5623,0.0852,0.2115,1.6241,154.065,164.036591,4.3226,54.99,585.87,366389.299231957,-0.001,0
2026-07-16T12:04:30Z,0.381,28.2298,8.19,0.6195,0.0852,0.2115,1.5939,154.073,164.044833,4.3127,54.869,558.76,366440.3513499672,-0.001,0
2026-07-16T12:04:30Z,0.381,28.2297,8.19,0.6233,0.0852,0.2115,1.6845,154.095,164.068267,4.3035,54.739,613.62,366576.741012921,-0,0
2026-07-16T12:04:30Z,0.382,28.2295,8.19,0.6195,0.0852,0.2115,1.609,154.104,164.077062,4.2944,54.598,615.76,366630.9850913287,-0,0
2026-07-16T12:04:30Z,0.382,28.2294,8.19,0.6272,0.0852,0.0846,1.5335,154.097,164.069554,4.2853,54.447,541.2,366589.7562558689,-0,0
2026-07-16T12:04:30Z,0.382,28.2292,8.19,0.5585,0.0852,0.0846,1.5335,154.094,164.065791,4.2758,54.285,579.03,366571.9044494488,-0,0
2026-07-16T12:04:30Z,0.381,28.2291,8.19,0.5661,0.0852,0.0846,1.6241,154.098,164.070782,4.2657,54.113,550.81,366602.43320382864,-0,0
2026-07-16T12:04:30Z,0.381,28.229,8.19,0.5661,0.0852,0.0846,1.5939,154.096,164.067817,4.2547,53.938,606.99,366587.2866473465,-0,0
2026-07-16T12:04:30Z,0.381,28.229,8.1,0.5661,0.0852,0.0846,1.5183,154.079,164.050094,4.243,53.772,645.07,366485.5478574875,-0,0
2026-07-16T12:04:30Z,0.381,28.2289,8.1,0.547,0.0852,0.0846,1.6996,154.062,164.030925,4.2303,53.624,633.13,366377.40225677384,0,0
2026-07-16T12:04:30Z,0.381,28.2289,8.1,0.5661,0.0852,0.0846,1.6845,154.056,164.025246,4.2169,53.498,561.68,366344.8114441445,0,0
2026-07-16T12:04:30Z,0.381,28.2288,8.1,0.5661,0.0852,0.0846,1.5183,154.062,164.031541,4.2033,53.394,573.15,366382.81204399397,0,0
2026-07-16T12:04:30Z,0.381,28.2288,8.1,0.5432,0.0852,0.0846,1.6241,154.064,164.033449,4.1903,53.315,579.16,366393.7622488228,0,0
2026-07-16T12:04:30Z,0.382,28.2288,8.19,0.5699,0.0852,0.1269,1.5637,154.06,164.029474,4.1788,53.264,570.42,366370.9495476378,0.001,0
2026-07-16T12:04:30Z,0.382,28.2288,8.19,0.5738,0.0852,0.1269,1.6845,154.059,164.028578,4.169,53.228,551.28,366365.8074837289,0.001,0
2026-07-16T12:04:30Z,0.382,28.2289,8.19,0.5699,0.0852,0.1269,1.5939,154.065,164.034533,4.1609,53.186,578.03,366398.10887333256,0.001,0
2026-07-16T12:04:30Z,0.382,28.2289,8.19,0.5661,0.0852,0.1269,1.6241,154.078,164.048925,4.1548,53.127,723.65,366480.71288751333,0.001,0
2026-07-16T12:04:30Z,0.382,28.2289,8.19,0.5852,0.0852,0.0846,1.5183,154.096,164.067575,4.1508,53.046,570.54,366587.77294393664,0.001,0
2026-07-16T12:04:30Z,0.382,28.229,8.19,0.5661,0.0852,0.0846,1.6392,154.106,164.077414,4.1479,52.943,600.82,366642.3853742008,0.001,0
2026-07-16T12:04:30Z,0.382,28.229,8.19,0.5661,0.0852,0.0846,1.6392,154.102,164.073048,4.1447,52.826,531.41,366617.3181305969,0.001,0
2026-07-16T12:04:30Z,0.382,28.2289,8.19,0.5699,0.0852,0.0846,1.5939,154.091,164.06133,4.1401,52.705,546.04,366551.9211430884,0,0
2026-07-16T12:04:30Z,0.382,28.2287,8.19,0.5623,0,0.2961,1.6543,154.075,164.043146,4.1338,52.587,609.9,366451.29197611625,0,0
2026-07-16T12:04:30Z,0.382,28.2286,8.19,0.5852,0,0.2961,1.6543,154.055,164.021664,4.1258,52.475,568.93,366329.8783748916,0,0
2026-07-16T12:04:30Z,0.382,28.2284,8.19,0.5585,0,0.2961,1.6543,154.034,163.999175,4.1166,52.378,589.44,366204.5849610299,0,0
2026-07-16T12:04:30Z,0.383,28.2282,8.19,0.589,0,0.2961,1.6241,154.007,163.969681,4.1073,52.297,555.86,366039.13587384054,0,0
2026-07-16T12:04:30Z,0.383,28.2281,8.28,0.5966,0.0852,0.2538,1.6543,153.975,163.93534,4.098,52.234,581.18,365844.0659217955,0,0
2026-07-16T12:04:30Z,0.383,28.2279,8.28,0.5661,0.0852,0.2538,1.4579,153.953,163.91105,4.0894,52.199,624.65,365708.54610649793,0.001,0
2026-07-16T12:04:30Z,0.383,28.2278,8.28,0.5432,0.0852,0.2538,1.5032,153.947,163.904364,4.0818,52.192,646.61,365672.08909570513,0.001,0
2026-07-16T12:04:30Z,0.383,28.2277,8.28,0.547,0.0852,0.2538,1.5788,153.952,163.90949,4.0755,52.199,587.53,365703.34500817535,0.001,0
2026-07-16T12:04:30Z,0.384,28.2275,8.28,0.65,0.0852,0.2538,1.5183,153.959,163.915768,4.0706,52.202,573.15,365743.0784216346,0.001,0
2026-07-16T12:04:30Z,0.384,28.2274,8.28,0.6272,0.0852,0.2961,1.5637,153.964,163.920864,4.0679,52.191,575.4,365774.1663671848,0.001,0
2026-07-16T12:04:30Z,0.384,28.2272,8.28,0.6005,0.0852,0.2961,1.5788,153.981,163.938163,4.0674,52.164,760.08,365877.1000871948,0.002,0
2026-07-16T12:04:30Z,0.384,28.227,8.28,0.65,0.0852,0.2961,1.5486,154.001,163.958246,4.0679,52.121,621.95,365996.02023780666,0.002,0
2026-07-16T12:04:30Z,0.385,28.2268,8.28,0.5814,0.0852,0.2961,1.5939,154.003,163.96041,4.0681,52.065,689.72,366012.17718143197,0.003,0
2026-07-16T12:04:30Z,0.386,28.2266,8.19,0.5585,0.0426,0.0846,1.5486,153.993,163.949241,4.0673,52.008,566.96,365951.8626602773,0.004,0
2026-07-16T12:04:30Z,0.387,28.2264,8.19,0.6005,0.0426,0.0846,1.6241,153.98,163.933788,4.0652,51.972,710.72,365866.9870882488,0.005,0
2026-07-16T12:04:30Z,0.388,28.2263,8.19,0.5852,0.0426,0.0846,1.7147,153.971,163.923962,4.0619,51.976,634.64,365812.514979717,0.006,0
2026-07-16T12:04:30Z,0.39,28.2261,8.19,0.631,0.0426,0.0846,1.5486,153.966,163.917142,4.0575,52.029,574.52,365777.15388807765,0.007,0
2026-07-16T12:04:30Z,0.392,28.2259,8.1,0.6348,0.0426,0.1269,1.5788,153.958,163.905497,4.0531,52.144,574.27,365714.1319639992,0.009,0
2026-07-16T12:04:30Z,0.394,28.2256,8.1,0.6462,0.0426,0.1269,1.5939,153.964,163.90797,4.0504,52.35,607.39,365733.9226917166,0.011,0
2026-07-16T12:04:30Z,0.397,28.2252,8.1,0.631,0.0426,0.1269,1.5788,153.998,163.939253,4.0507,52.7,659.1,365920.7895758809,0.012,0
2026-07-16T12:04:30Z,0.401,28.2246,8.1,0.589,0.0426,0.1269,1.8809,154.037,163.973611,4.0548,53.253,553.93,366129.1056583374,0.014,0
2026-07-16T12:04:30Z,0.405,28.2239,8.1,0.5661,0.0426,0.1269,1.8356,154.051,163.982117,4.0638,54.042,569.18,366191.0218453106,0.014,0
2026-07-16T12:04:30Z,0.409,28.2227,8.19,0.5547,0.1278,0.2961,1.7903,154.06,163.985082,4.08,55.075,632.71,366230.5198240706,0.013,0
2026-07-16T12:04:30Z,0.414,28.221,8.19,0.5661,0.1278,0.2961,1.896,154.087,164.007349,4.1074,56.382,695.74,366390.1766199027,0.01,0
2026-07-16T12:04:30Z,0.417,28.2187,8.19,0.6577,0.1278,0.2961,1.7147,154.119,164.034813,4.1507,57.982,616.83,366590.98316785105,0.005,0
2026-07-16T12:04:30Z,0.418,28.2164,8.19,0.6157,0.1278,0.2961,1.5939,154.138,164.048735,4.2123,59.815,637.96,366714.0901334586,-0.001,0
2026-07-16T12:04:30Z,0.417,28.2144,8.19,0.6081,0.0426,0.2115,1.609,154.141,164.048819,4.293,61.709,596.53,366752.1078766538,-0.011,0
2026-07-16T12:04:30Z,0.414,28.2123,8.19,0.6233,0.0426,0.2115,1.5335,154.142,164.049119,4.395,63.436,590.6,366793.2494113068,-0.023,0
2026-07-16T12:04:30Z,0.409,28.2101,8.19,0.5165,0.0426,0.2115,1.5183,154.145,164.055729,4.5199,64.816,656.1,366872.5304415242,-0.038,0
2026-07-16T12:04:30Z,0.399,28.2082,8.19,0.528,0.0426,0.2115,1.5486,154.142,164.060388,4.6629,65.778,737.62,366934.98373500555,-0.056,0
2026-07-16T12:04:30Z,0.384,28.2069,8.19,0.5203,0.0426,0.1269,1.6694,154.135,164.06434,4.8107,66.335,645.07,366982.11670044006,-0.077,0
2026-07-16T12:04:30Z,0.362,28.2067,8.19,0.528,0.0426,0.1269,1.5183,154.135,164.078663,4.9453,66.558,777.11,367068.2060736704,-0.096,0
2026-07-16T12:04:30Z,0.333,28.2079,8.19,0.528,0.0426,0.1269,1.5486,154.144,164.105173,5.0528,66.578,715.99,367198.06604038645,-0.113,0
2026-07-16T12:04:30Z,0.297,28.2105,8.19,0.5318,0.0426,0.1269,1.5939,154.146,164.128889,5.1276,66.591,749.25,367285.5660179335,-0.124,0
2026-07-16T12:04:30Z,0.259,28.2143,8.19,0.5013,0.0426,0.0846,1.6694,154.134,164.1401,5.1706,66.814,1215.4,367278.61006032483,-0.128,0
2026-07-16T12:04:30Z,0.222,28.2189,8.19,0.5051,0.0426,0.0846,1.609,154.124,164.149817,5.1876,67.414,1329.2,367248.030470137,-0.124,0
2026-07-16T12:04:30Z,0.188,28.2245,8.19,0.4212,0.0426,0.0846,1.5637,154.119,164.156624,5.1887,68.512,1297.5,367181.9403443922,-0.112,0
2026-07-16T12:04:30Z,0.16,28.2315,8.19,0.4059,0.0426,0.0846,1.5788,154.099,164.142289,5.189,70.172,1671.7,366968.11405096407,-0.095,0
2026-07-16T12:04:30Z,0.137,28.2392,8.19,0.4021,0.0426,0.0846,1.6543,154.059,164.102989,5.2057,72.292,1718.1,366597.9703808653,-0.075,0
2026-07-16T12:04:30Z,0.122,28.2457,8.01,0.4135,0.0426,0.2538,1.6694,154.023,164.066333,5.2519,74.548,1782.3,366265.8075590106,-0.055,0
2026-07-16T12:04:30Z,0.112,28.2498,8.01,0.3258,0.0426,0.2538,1.4126,154.018,164.060631,5.337,76.539,1697.6,366156.30916152213,-0.037,0
2026-07-16T12:04:30Z,0.107,28.252,8.01,0.3449,0.0426,0.2538,1.4579,154.029,164.070332,5.4661,77.946,1690.3,366170.73820286634,-0.022,0
2026-07-16T12:04:30Z,0.106,28.2531,8.01,0.3563,0.0426,0.2538,1.2918,154.03,164.067952,5.6311,78.602,1667.3,366136.4914055348,-0.01,0
2026-07-16T12:04:30Z,0.106,28.2534,8.28,0.3449,0.0852,0.1692,1.3522,154.022,164.054863,5.8069,78.474,1687.3,366055.8286495507,-0.003,0
2026-07-16T12:04:30Z,0.107,28.2532,8.28,0.4784,0.0852,0.1692,1.5486,154.017,164.045614,5.962,77.623,1715.8,366006.54929062276,0.001,0
2026-07-16T12:04:30Z,0.109,28.2526,8.28,0.4631,0.0852,0.1692,1.5939,154.019,164.043753,6.0717,76.2,1426.1,366007.1118696621,0.002,0
2026-07-16T12:04:30Z,0.11,28.2515,8.28,0.4784,0.0852,0.1692,1.5788,154.024,164.046778,6.1229,74.437,1094.7,366045.0465997275,0.001,0
2026-07-16T12:04:30Z,0.11,28.2502,8.1,0.4708,0.0852,0.0846,1.6392,154.031,164.051486,6.113,72.577,994.48,366096.3804697154,-0.001,0
2026-07-16T12:04:30Z,0.11,28.2488,8.1,0.4669,0.0852,0.0846,1.5788,154.032,164.051116,6.0468,70.811,757.93,366120.474949108,-0.003,0
2026-07-16T12:04:30Z,0.109,28.2476,8.1,0.4593,0.0852,0.0846,1.7147,154.029,164.045567,5.9361,69.262,906.16,366111.1277359163,-0.007,0
2026-07-16T12:04:30Z,0.107,28.2467,8.1,0.4784,0.0852,0.0846,1.5486,154.022,164.037371,5.7989,68.001,1151.1,366080.9842518642,-0.01,0
2026-07-16T12:04:30Z,0.104,28.2459,8.1,0.4784,0.0852,0.0846,1.7147,154.014,164.026345,5.654,67.087,1305.1,366032.7424186393,-0.014,0
2026-07-16T12:04:30Z,0.1,28.2454,8.19,0.4822,0.0852,0.1692,1.6241,154.008,164.017569,5.5165,66.575,924.06,365991.7870456782,-0.016,0
2026-07-16T12:04:30Z,0.094,28.2449,8.19,0.4593,0.0852,0.1692,1.5486,154.007,164.012709,5.3959,66.49,554.53,365973.2853690966,-0.018,0
2026-07-16T12:04:30Z,0.089,28.2445,8.19,0.4708,0.0852,0.1692,1.609,154.003,164.006462,5.2977,66.813,576.65,365944.9598153572,-0.017,0
2026-07-16T12:04:30Z,0.083,28.2438,8.19,0.4593,0.0852,0.1692,1.5939,153.993,163.995157,5.2265,67.484,827.66,365893.25406117545,-0.015,0
2026-07-16T12:04:30Z,0.079,28.2429,8.19,0.4021,0.0426,0.2961,1.5939,153.988,163.989809,5.1867,68.371,969.52,365879.44185993774,-0.012,0
2026-07-16T12:04:30Z,0.077,28.2419,8.19,0.3945,0.0426,0.2961,1.6241,153.999,164.003026,5.1802,69.278,709.33,365973.93585533777,-0.008,0
2026-07-16T12:04:30Z,0.076,28.2411,8.19,0.4173,0.0426,0.2961,1.6241,154.013,164.020292,5.2055,70.013,619.25,366087.92236181983,-0.004,0
2026-07-16T12:04:30Z,0.076,28.2407,8.19,0.4173,0.0426,0.2961,1.5486,154.011,164.02015,5.2578,70.445,585.74,366094.59893033246,-0.001,0
2026-07-16T12:04:30Z,0.077,28.2408,8.01,0.4555,0.0426,0.0846,1.6392,153.998,164.008578,5.3268,70.508,559.61,366026.3654114439,0.002,0
2026-07-16T12:04:30Z,0.078,28.2413,8.01,0.4631,0.0426,0.0846,1.5788,153.998,164.010552,5.3975,70.208,574.27,366028.3221178918,0.003,0
2026-07-16T12:04:30Z,0.079,28.242,8.01,0.444,0.0426,0.0846,1.6241,154.008,164.022591,5.4547,69.605,548.77,366084.25099178136,0.003,0
2026-07-16T12:04:30Z,0.08,28.2427,8.01,0.486,0.0426,0.0846,1.6241,154.008,164.02385,5.4883,68.792,564.5,366078.3620446636,0.003,0
2026-07-16T12:04:30Z,0.08,28.2435,8.19,0.4936,0.0426,0.2115,1.6241,154.001,164.01667,5.4932,67.88,568.07,366022.2107249781,0.002,0
2026-07-16T12:04:30Z,0.08,28.2441,8.19,0.4593,0.0426,0.2115,1.609,153.998,164.013167,5.4697,66.986,557.55,365990.8922423651,0.002,0
2026-07-16T12:04:30Z,0.081,28.2446,8.19,0.4708,0.0426,0.2115,1.5335,154.003,164.018422,5.4227,66.183,561.32,366011.66146505665,0.002,0
2026-07-16T12:04:30Z,0.081,28.2449,8.19,0.486,0.0426,0.2115,1.6543,154.008,164.023813,5.3593,65.491,551.64,366036.95507461444,0.002,0
2026-07-16T12:04:30Z,0.082,28.245,8.19,0.528,0.0426,0.2115,1.4881,154.006,164.020754,5.2883,64.905,556.82,366017.5431530776,0.002,0
2026-07-16T12:04:30Z,0.083,28.245,8.19,0.5242,0.0852,0.2538,1.5637,153.996,164.008431,5.2186,64.41,546.75,365946.8908154319,0.002,0
2026-07-16T12:04:30Z,0.083,28.2449,8.19,0.5165,0.0852,0.2538,1.5335,153.983,163.993579,5.156,63.988,547.23,365863.621361622,0.002,0
2026-07-16T12:04:30Z,0.084,28.2448,8.19,0.5356,0.0852,0.2538,1.5788,153.973,163.982261,5.1022,63.621,548.77,365800.61872082634,0.002,0
2026-07-16T12:04:30Z,0.084,28.2445,8.19,0.5432,0.0852,0.2538,1.6694,153.964,163.971459,5.0565,63.288,547.7,365744.32100021996,0.002,0
2026-07-16T12:04:30Z,0.085,28.2442,8.1,0.5203,0.0852,0.0846,1.5486,153.958,163.964305,5.0179,62.972,557.67,365708.933894415,0.002,0
2026-07-16T12:04:30Z,0.085,28.2439,8.1,0.5356,0.0852,0.0846,1.5939,153.953,163.956888,4.9851,62.666,571.16,365672.0409781273,0.001,0
2026-07-16T12:04:30Z,0.086,28.2436,8.1,0.5127,0.0852,0.0846,1.5637,153.945,163.947229,4.9565,62.359,630.79,365622.30328552675,0.001,0
2026-07-16T12:04:30Z,0.086,28.2432,8.1,0.5242,0.0852,0.0846,1.5788,153.947,163.948789,4.9306,62.04,587.27,365638.7235073848,0,0
2026-07-16T12:04:30Z,0.086,28.2428,8.1,0.528,0.0852,0,1.5788,153.96,163.961984,4.906,61.714,577.28,365721.82213829603,0,0
2026-07-16T12:04:30Z,0.086,28.2424,8.1,0.547,0.0852,0,1.5939,153.973,163.974296,4.8822,61.391,553.69,365799.8723377046,0,0
2026-07-16T12:04:30Z,0.086,28.242,8.1,0.5127,0.0852,0,1.5486,153.98,163.980991,4.8583,61.079,547.7,365845.73428269866,0,0
2026-07-16T12:04:30Z,0.085,28.2417,8.1,0.5203,0.0852,0,1.6392,153.984,163.983853,4.8335,60.786,561.44,365867.7552118826,0,0
2026-07-16T12:04:30Z,0.085,28.2413,8.1,0.5165,0.0852,0,1.6241,153.979,163.977632,4.8082,60.521,581.43,365839.57918388123,0,0
2026-07-16T12:04:30Z,0.085,28.2409,8.01,0.5203,0.0852,0.1692,1.7147,153.962,163.958664,4.7831,60.29,636.16,365738.3403310086,0,0
2026-07-16T12:04:30Z,0.086,28.2406,8.01,0.5127,0.0852,0.1692,1.4579,153.949,163.943941,4.7588,60.104,735.22,365659.5731432494,-0.001,0
2026-07-16T12:04:30Z,0.086,28.2404,8.01,0.5165,0.0852,0.1692,1.5939,153.949,163.94357,4.736,59.973,583.2,365661.1880757101,-0.001,0
2026-07-16T12:04:30Z,0.085,28.2401,8.01,0.486,0.0852,0.1692,1.6241,153.952,163.945423,4.7154,59.901,571.66,365677.41916841274,-0.001,0
2026-07-16T12:04:30Z,0.085,28.2399,8.1,0.4784,0.0426,0.2115,1.5335,153.949,163.939972,4.6974,59.879,652.26,365649.9216354268,0,0
2026-07-16T12:04:30Z,0.084,28.2396,8.1,0.4936,0.0426,0.2115,1.6241,153.939,163.927769,4.6829,59.9,889.19,365585.6037873379,0,0
2026-07-16T12:04:30Z,0.084,28.2393,8.1,0.4708,0.0426,0.2115,1.4881,153.925,163.911571,4.6727,59.965,947.03,365498.4027845511,0.001,0
2026-07-16T12:04:30Z,0.084,28.2388,8.1,0.5165,0.0426,0.2115,1.2918,153.906,163.889065,4.6672,60.064,817.65,365378.8169130694,0.002,0
2026-07-16T12:04:30Z,0.085,28.2383,8.1,0.528,0.0426,0.2961,1.3673,153.886,163.866277,4.6655,60.174,555.37,365257.6370987804,0.003,0
2026-07-16T12:04:30Z,0.086,28.2377,8.1,0.5165,0.0426,0.2961,1.3673,153.878,163.857174,4.6671,60.276,560.71,365216.71421910607,0.003,0
2026-07-16T12:04:30Z,0.088,28.2372,8.1,0.5165,0.0426,0.2961,1.4126,153.881,163.859329,4.6722,60.364,550.81,365238.3974852313,0.003,0
2026-07-16T12:04:30Z,0.089,28.2366,8.1,0.4708,0.0426,0.2961,1.3673,153.876,163.853271,4.68,60.432,557.67,365214.9130855145,0.003,0
2026-07-16T12:04:30Z,0.09,28.2361,8.1,0.486,0.0426,0.2961,1.3975,153.861,163.837384,4.6886,60.47,553.69,365133.27485826093,0.002,0
2026-07-16T12:04:30Z,0.09,28.2358,8.1,0.4517,0.0426,0.0846,1.2918,153.856,163.831488,4.6966,60.471,570.54,365105.1172298223,0,0
2026-07-16T12:04:30Z,0.089,28.2355,8.1,0.4708,0.0426,0.0846,1.2615,153.867,163.842028,4.7035,60.425,574.9,365171.0768207152,-0.001,0
2026-07-16T12:04:30Z,0.089,28.2353,8.1,0.4784,0.0426,0.0846,1.6241,153.888,163.863797,4.7088,60.325,571.91,365299.4917826057,-0.002,0
2026-07-16T12:04:30Z,0.088,28.2351,8.1,0.4517,0.0426,0.0846,1.6543,153.91,163.886562,4.7118,60.175,557.55,365433.6416436138,-0.003,0
2026-07-16T12:04:30Z,0.087,28.2349,8.37,0.4593,0.0852,0.0846,1.5637,153.92,163.896348,4.7119,59.985,756.62,365493.45054847386,-0.003,0
2026-07-16T12:04:30Z,0.086,28.2346,8.37,0.4708,0.0852,0.0846,1.6543,153.915,163.891758,4.7083,59.77,1360.4,365472.76066386467,-0.003,0
2026-07-16T12:04:30Z,0.085,28.2344,8.37,0.4555,0.0852,0.0846,1.3975,153.908,163.883593,4.7006,59.558,824.07,365429.7190855441,-0.002,0
2026-07-16T12:04:30Z,0.084,28.2342,8.37,0.4631,0.0852,0.0846,1.3975,153.902,163.877694,4.6889,59.38,577.02,365399.661719259,-0.002,0
2026-07-16T12:04:30Z,0.084,28.2341,8.19,0.4784,0.0426,0.0846,1.322,153.901,163.876498,4.6741,59.26,553.81,365394.67919056414,-0.001,0
2026-07-16T12:04:30Z,0.084,28.234,8.19,0.4479,0.0426,0.0846,1.3069,153.901,163.877682,4.6574,59.223,551.76,365403.33172187896,-0.001,0
2026-07-16T12:04:30Z,0.084,28.234,8.19,0.4517,0.0426,0.0846,1.3371,153.895,163.871537,4.6408,59.312,587.27,365368.12794177973,-0.001,0
2026-07-16T12:04:30Z,0.083,28.234,8.19,0.4593,0.0426,0.0846,1.2615,153.886,163.86244,4.6269,59.582,906.55,365316.0158964954,-0,0
2026-07-16T12:04:30Z,0.083,28.2341,8.01,0.4593,0.0852,0.1692,1.3673,153.882,163.857988,4.6176,60.062,1438,365288.64552548446,0.001,0
2026-07-16T12:04:30Z,0.083,28.2343,8.01,0.4631,0.0852,0.1692,1.3673,153.885,163.861001,4.6147,60.737,1693.6,365302.1663854586,0.002,0
2026-07-16T12:04:30Z,0.084,28.2345,8.01,0.4708,0.0852,0.1692,1.6543,153.896,163.872285,4.6217,61.547,1669.8,365363.06706255075,0.004,0
2026-07-16T12:04:30Z,0.085,28.2347,8.01,0.4822,0.0852,0.1692,1.6543,153.906,163.882819,4.6427,62.399,1316.2,365419.67622683954,0.006,0
2026-07-16T12:04:30Z,0.087,28.2348,8.01,0.4364,0.0852,0.1692,1.5788,153.908,163.883387,4.68,63.195,1142.6,365421.06024801265,0.009,0
2026-07-16T12:04:30Z,0.089,28.2347,8.1,0.4669,0.0852,0.2538,1.6241,153.9,163.87414,4.7327,63.851,889.19,365369.9536437633,0.011,0
2026-07-16T12:04:30Z,0.093,28.2345,8.1,0.5318,0.0852,0.2538,1.5939,153.892,163.864637,4.7958,64.309,802.51,365319.2530357186,0.014,0
2026-07-16T12:04:30Z,0.097,28.2342,8.1,0.5165,0.0852,0.2538,1.5788,153.888,163.860365,4.8622,64.539,611.89,365300.38776072446,0.017,0
2026-07-16T12:04:30Z,0.101,28.234,8.1,0.5127,0.0852,0.2538,1.609,153.889,163.860183,4.9242,64.556,558.03,365303.08161109017,0.019,0
2026-07-16T12:04:30Z,0.107,28.2337,8.1,0.5509,0.0426,0.1269,1.5939,153.896,163.868052,4.9754,64.415,670.66,365353.7631584276,0.022,0
2026-07-16T12:04:30Z,0.113,28.2335,8.1,0.4631,0.0426,0.1269,1.5486,153.909,163.882061,5.0111,64.187,728.54,365437.75805535936,0.025,0
2026-07-16T12:04:30Z,0.119,28.2333,8.1,0.4517,0.0426,0.1269,1.7298,153.92,163.893918,5.029,63.95,828.02,365509.4339643912,0.029,0
2026-07-16T12:04:30Z,0.127,28.2332,8.1,0.4708,0.0426,0.1269,1.6694,153.924,163.898768,5.0303,63.783,692.73,365539.09365055646,0.034,0
2026-07-16T12:04:30Z,0.135,28.233,8.1,0.4708,0.0852,0.1692,1.5183,153.921,163.897904,5.0194,63.742,753.83,365537.8800111622,0.04,0
2026-07-16T12:04:30Z,0.145,28.233,8.1,0.4784,0.0852,0.1692,1.2918,153.928,163.907132,5.0016,63.844,1719.9,365590.75978135667,0.047,0
2026-07-16T12:04:30Z,0.157,28.2332,8.1,0.4784,0.0852,0.1692,1.3673,153.946,163.928912,4.9832,64.079,1694.7,365711.8475061039,0.056,0
2026-07-16T12:04:30Z,0.172,28.2335,8.1,0.4669,0.0852,0.1692,1.3673,153.958,163.944998,4.9701,64.427,833.8,365798.4420103786,0.065,0
2026-07-16T12:04:30Z,0.191,28.234,8.1,0.4364,0.0852,0.1692,1.3371,153.957,163.947651,4.9669,64.875,532.56,365804.2880861189,0.072,0
2026-07-16T12:04:30Z,0.212,28.2347,8.19,0.3945,0.0426,0.0846,1.5939,153.948,163.94159,4.9748,65.412,522.02,365756.4365084227,0.078,0
2026-07-16T12:04:30Z,0.234,28.2356,8.19,0.4021,0.0426,0.0846,1.609,153.932,163.927201,4.9929,66.05,588.93,365657.1149007525,0.082,0
2026-07-16T12:04:30Z,0.257,28.2367,8.19,0.4021,0.0426,0.0846,1.5486,153.912,163.910671,5.0199,66.839,1024.1,365541.8051887725,0.084,0
2026-07-16T12:04:30Z,0.279,28.2378,8.19,0.4021,0.0426,0.0846,1.6241,153.917,163.921669,5.0548,67.861,1014.8,365584.24743485154,0.085,0
2026-07-16T12:04:30Z,0.3,28.2388,8.19,0.4631,0.0426,0.2961,1.6694,153.946,163.95912,5.0965,69.183,795.05,365780.1745320029,0.085,0
2026-07-16T12:04:30Z,0.32,28.2399,8.19,0.4593,0.0426,0.2961,1.5788,153.973,163.994923,5.1461,70.824,1428.6,365964.8362614509,0.087,0
2026-07-16T12:04:30Z,0.341,28.2414,8.19,0.4822,0.0426,0.2961,1.4881,154.004,164.034618,5.2075,72.732,1176.9,366164.37676064903,0.089,0
2026-07-16T12:04:30Z,0.364,28.2432,8.19,0.4822,0.0426,0.2961,1.6845,154.033,164.070748,5.2869,74.772,928.89,366337.8956221122,0.092,0
2026-07-16T12:04:30Z,0.388,28.2454,8.1,0.547,0.0852,0.2538,1.5939,154.046,164.088895,5.3897,76.761,1341.4,366400.7696925796,0.094,0
2026-07-16T12:04:30Z,0.414,28.2477,8.1,0.547,0.0852,0.2538,1.5486,154.068,164.113943,5.5173,78.52,1275.1,366501.36613160034,0.096,0
2026-07-16T12:04:30Z,0.44,28.2499,8.1,0.528,0.0852,0.2538,1.6392,154.101,164.148562,5.6658,79.884,771.56,366658.77218880947,0.095,0
2026-07-16T12:04:30Z,0.466,28.2516,8.1,0.5165,0.0852,0.2538,1.5032,154.115,164.161891,5.8245,80.749,923.25,366703.380388168,0.092,0
2026-07-16T12:04:30Z,0.49,28.2528,8.19,0.5318,0.0852,0.0846,1.5939,154.111,164.155482,5.9793,81.087,882.64,366644.08527706796,0.086,0
2026-07-16T12:04:30Z,0.512,28.2534,8.19,0.5242,0.0852,0.0846,1.6392,154.118,164.159698,6.1162,80.914,1059.4,366657.02131665306,0.079,0
2026-07-16T12:04:30Z,0.531,28.2534,8.19,0.5432,0.0852,0.0846,1.5788,154.138,164.179671,6.2225,80.283,850.45,366771.64768646035,0.072,0
2026-07-16T12:04:30Z,0.547,28.2528,8.19,0.5203,0.0852,0.0846,1.6392,154.153,164.192663,6.2899,79.3,827.84,366857.47734523827,0.064,0
2026-07-16T12:04:30Z,0.562,28.2519,8.19,0.6348,0.0852,0.0846,1.5788,154.165,164.20214000000001,6.3164,78.093,1069.6,366928.770710469,0.057,0
2026-07-16T12:04:30Z,0.575,28.2511,8.19,0.6195,0.0426,0.2115,1.6241,154.188,164.222656,6.303,76.761,1043.4,367061.5914522538,0.052,0
2026-07-16T12:04:30Z,0.587,28.2504,8.19,0.6424,0.0426,0.2115,1.609,154.209,164.239636,6.2539,75.379,919.65,367172.2565161175,0.047,0
2026-07-16T12:04:30Z,0.599,28.2495,8.19,0.631,0.0426,0.2115,1.6543,154.221,164.24558,6.1774,74.021,877.86,367223.3008794809,0.044,0
2026-07-16T12:04:30Z,0.609,28.2484,8.19,0.6767,0.0426,0.2115,1.5939,154.225,164.242072,6.0835,72.757,1112.5,367223.8060609502,0.041,0
2026-07-16T12:04:30Z,0.619,28.2471,8.19,0.6958,0.0426,0.2115,1.6241,154.206,164.212141,5.9799,71.638,1029.2,367076.28730720276,0.038,0
2026-07-16T12:04:30Z,0.628,28.2454,8.19,0.6806,0.0426,0.2115,1.5335,154.144,164.135776,5.8724,70.689,908.13,366669.7201401658,0.037,0
2026-07-16T12:04:30Z,0.637,28.2432,8.19,0.692,0.0426,0.2115,1.5486,154.016,163.988603,5.7669,69.915,984.59,365866.72722105944,0.035,0
2026-07-16T12:04:30Z,0.646,28.2405,8.19,0.6996,0.0426,0.2115,1.6241,153.797,163.743403,5.6687,69.312,1183.3,364513.11756810755,0.035,0
2026-07-16T12:04:30Z,0.654,28.2373,8.19,0.692,0.0426,0.0846,1.6241,153.448,163.358846,5.5818,68.878,941.08,362376.8916276431,0.035,0
2026-07-16T12:04:30Z,0.663,28.234,8.19,0.6844,0.0426,0.0846,1.5939,152.849,162.704316,5.5081,68.605,880.35,358718.5539706133,0.036,0
2026-07-16T12:04:30Z,0.672,28.2305,8.19,0.7073,0.0426,0.0846,1.5335,151.789,161.557161,5.4481,68.476,889.77,352319.0853606995,0.037,0
2026-07-16T12:04:30Z,0.681,28.2266,8.19,0.7035,0.0426,0.0846,1.473,149.997,159.631518,5.4015,68.461,890.54,341698.00820245995,0.039,0
2026-07-16T12:04:30Z,0.691,28.221800000000002,8.19,0.6806,0.0426,0.0846,1.5183,147.036,156.466,5.3681,68.522,839.8,324637.55532965256,0.041,0
2026-07-16T12:04:30Z,0.702,28.216,8.28,0.7035,0.0426,0.2115,1.5486,142.11,151.216467,5.3474,68.638,823.35,297473.0029328697,0.043,0
2026-07-16T12:04:30Z,0.714,28.2093,8.28,0.6882,0.0426,0.2115,1.7449,133.872,142.450971,5.3381,68.814,1489.2,255251.60637342997,0.044,0
2026-07-16T12:04:30Z,0.726,28.2024,8.28,0.7607,0.0426,0.2115,1.5183,120.127,127.832046,5.3375,69.051,914.07,193346.69825074516,0.045,0
2026-07-16T12:04:30Z,0.738,28.1961,8.28,0.7302,0.0426,0.2115,1.6543,97.224,103.477349,5.3429,69.339,1001.9,112449.68143767345,0.045,0
2026-07-16T12:04:30Z,0.749,28.1911,8.28,0.7645,0.0852,0.1692,1.6543,59.041,62.880265,5.3525,69.66,969.3,31595.501231068112,0.044,0
2026-07-16T12:04:30Z,0.76,28.1868,8.28,0.7569,0.0852,0.1692,1.5939,-4.631,-4.805142,5.3665,70.014,934.96,NA,0.042,0
2026-07-16T12:04:30Z,0.77,28.1821,8.28,0.7225,0.0852,0.1692,1.5637,-110.78,-117.628315,5.3855,70.409,1226.2,NA,0.041,0
2026-07-16T12:04:30Z,0.78,28.1758,8.28,0.7797,0.0852,0.1692,1.6241,-287.724,-305.675438,5.4085,70.845,833.25,NA,0.04,0
2026-07-16T12:04:30Z,0.791,28.1673,8.19,0.7302,0.0426,0.2538,1.6694,-398.298,-423.199988,5.4345,71.288,737.3,NA,0.039,0
2026-07-16T12:04:30Z,0.801,28.1568,8.19,0.7378,0.0426,0.2538,1.5788,-287.63,-305.645417,5.4631,71.688,740.51,NA,0.039,0
2026-07-16T12:04:30Z,0.81,28.1448,8.19,0.6996,0.0426,0.2538,1.8356,-110.598,-117.5723,5.4952,71.994,761.9,NA,0.038,0
2026-07-16T12:04:30Z,0.82,28.1321,8.19,0.7225,0.0426,0.2538,1.8205,-4.38,-4.736267,5.5307,72.165,830,NA,0.037,0
2026-07-16T12:04:30Z,0.829,28.1201,8.19,0.6996,0.0426,0.2538,1.7903,59.353,62.96031,5.5666,72.175,1008,31809.132954497305,0.036,0
2026-07-16T12:04:30Z,0.838,28.1094,8.19,0.7225,0.0852,0.2538,1.8205,97.596,103.573859,5.5987,72.01,775.43,113215.86224983176,0.035,0
2026-07-16T12:04:30Z,0.847,28.1004,8.19,0.692,0.0852,0.2538,1.5335,120.539,127.934657,5.6233,71.667,882.45,194756.4920841976,0.034,0
2026-07-16T12:04:30Z,0.855,28.0929,8.19,0.6958,0.0852,0.2538,1.609,134.306,142.550946,5.6374,71.155,779.14,257238.333071466,0.033,0
2026-07-16T12:04:30Z,0.863,28.086,8.19,0.7073,0.0852,0.2538,1.6241,142.577,151.32842,5.6387,70.51,746.01,300028.39765255357,0.032,0
2026-07-16T12:04:30Z,0.871,28.0795,8.28,0.6653,0.0426,0.1692,1.5486,147.544,156.595712,5.6265,69.788,829.82,327708.172688031,0.031,0
2026-07-16T12:04:30Z,0.879,28.0742,8.28,0.7492,0.0426,0.1692,1.609,150.515,159.745403,5.6002,69.034,757.44,345006.6904060619,0.031,0
2026-07-16T12:04:30Z,0.887,28.0702,8.28,0.7645,0.0426,0.1692,1.6241,152.301,161.637458,5.5605,68.273,764.72,355677.26950021414,0.03,0
2026-07-16T12:04:30Z,0.894,28.0668,8.28,0.7378,0.0426,0.1692,1.6543,153.388,162.788452,5.5104,67.519,1001.4,362284.6840645848,0.03,0
2026-07-16T12:04:30Z,0.902,28.0636,8.28,0.7721,0.0426,0.423,1.6392,154.046,163.485269,5.4542,66.795,674.02,366342.8893120766,0.03,0
2026-07-16T12:04:30Z,0.909,28.0612,8.28,0.7874,0.0426,0.423,1.5939,154.434,163.897691,5.3956,66.128,748.77,368767.63780736574,0.029,0
2026-07-16T12:04:30Z,0.917,28.0594,8.28,0.7416,0.0426,0.423,1.5486,154.652,164.131688,5.3363,65.538,1314.5,370156.1461109441,0.029,0
2026-07-16T12:04:30Z,0.924,28.0582,8.28,0.7645,0.0426,0.423,1.5486,154.767,164.257678,5.2775,65.035,684.5,370909.5072600344,0.029,0
2026-07-16T12:04:30Z,0.932,28.0575,8.28,0.7683,0.0426,0.2115,1.4881,154.828,164.329305,5.221,64.617,691.22,371338.5744417525,0.03,0
2026-07-16T12:04:30Z,0.939,28.0575,8.28,0.734,0.0426,0.2115,1.6845,154.866,164.377696,5.1689,64.274,724.44,371619.6128228731,0.031,0
2026-07-16T12:04:30Z,0.947,28.0582,8.28,0.753,0.0426,0.2115,1.5939,154.888,164.407738,5.1227,64,595.75,371780.7999241226,0.032,0
2026-07-16T12:04:30Z,0.956,28.0596,8.28,0.7416,0.0426,0.2115,1.609,154.896,164.423435,5.0833,63.778,651.69,371845.3055335538,0.034,0
2026-07-16T12:04:30Z,0.964,28.0618,8.28,0.7569,0.0426,0.2115,1.5788,154.897,164.428971,5.0504,63.577,599.91,371835.5075866022,0.037,0
2026-07-16T12:04:30Z,0.974,28.0642,8.28,0.7492,0.0426,0.1692,1.6241,154.89,164.425823,5.0233,63.37,556.82,371771.44207444414,0.039,0
2026-07-16T12:04:30Z,0.984,28.0665,8.28,0.6844,0.0426,0.1692,1.6996,154.884,164.421171,5.0017,63.154,560.59,371700.5587285621,0.042,0
2026-07-16T12:04:30Z,0.995,28.0686,8.28,0.7111,0.0426,0.1692,1.6241,154.886,164.421792,4.9842,62.952,550.45,371664.1273111502,0.044,0
2026-07-16T12:04:30Z,1.007,28.0703,8.28,0.6806,0.0426,0.1692,1.5486,154.9,164.431862,4.9683,62.812,609.11,371690.20440534974,0.047,0
2026-07-16T12:04:30Z,1.019,28.0715,8.28,0.6844,0.0426,0.1269,1.6241,154.917,164.442038,4.952,62.786,587.02,371726.4283502619,0.05,0
2026-07-16T12:04:30Z,1.032,28.072,8.28,0.7378,0.0426,0.1269,1.8809,154.937,164.451024,4.9351,62.919,590.6,371769.08679490304,0.052,0
2026-07-16T12:04:30Z,1.046,28.0716,8.28,0.7683,0.0426,0.1269,1.7903,154.971,164.469234,4.9194,63.251,578.78,371882.4981485126,0.054,0
2026-07-16T12:04:30Z,1.061,28.0701,8.28,0.7759,0.0426,0.1269,1.7752,155.006,164.485486,4.9085,63.8,609.37,372005.5418419886,0.055,0
2026-07-16T12:04:30Z,1.075,28.0676,8.37,0.753,0.0852,0.2538,1.8054,155.031,164.488076,4.9067,64.517,713.04,372068.2943841872,0.056,0
2026-07-16T12:04:30Z,1.09,28.0636,8.37,0.6882,0.0852,0.2538,1.8507,155.045,164.477693,4.9175,65.307,850.08,372084.27842503804,0.057,0
2026-07-16T12:04:30Z,1.104,28.0579,8.37,0.7187,0.0852,0.2538,1.896,155.052,164.459586,4.944,66.077,654.25,372087.8106669718,0.057,0
2026-07-16T12:04:30Z,1.119,28.0509,8.37,0.692,0.0852,0.2538,1.9111,155.057,164.440952,4.9875,66.744,667.89,372113.09381672664,0.057,0
2026-07-16T12:04:30Z,1.133,28.0433,8.37,0.6882,0.0852,0.2538,1.8809,155.046,164.408802,5.0443,67.254,757.44,372071.2361982936,0.056,0
2026-07-16T12:04:30Z,1.148,28.0352,8.28,0.7187,0.0852,0.2538,1.8205,155.027,164.370598,5.1068,67.619,762.23,372003.7015420862,0.056,0
2026-07-16T12:04:30Z,1.162,28.0269,8.28,0.692,0.0852,0.2538,1.8507,155.029,164.356245,5.1677,67.891,802.69,372078.68965120375,0.055,0
2026-07-16T12:04:30Z,1.176,28.0193,8.28,0.692,0.0852,0.2538,1.8507,155.048,164.361913,5.2205,68.155,637.13,372256.83742448303,0.054,0
2026-07-16T12:04:30Z,1.19,28.0127,8.28,0.6996,0.0852,0.2538,1.8507,155.07,164.373077,5.2611,68.543,687.78,372447.9660997328,0.052,0
2026-07-16T12:04:30Z,1.203,28.0069,8.37,0.7645,0.0852,0.2538,1.8507,155.082,164.376676,5.2901,69.171,677.54,372579.8358903692,0.05,0
2026-07-16T12:04:30Z,1.216,28.0015,8.37,0.734,0.0852,0.2538,1.7449,155.073,164.361642,5.3119,70.068,610.03,372595.56177108805,0.048,0
2026-07-16T12:04:30Z,1.228,27.9967,8.37,0.7645,0.0852,0.2538,1.9111,155.049,164.335992,5.333,71.198,640.88,372537.9683371863,0.046,0
2026-07-16T12:04:30Z,1.239,27.9927,8.37,0.7416,0.0852,0.2538,1.8507,155.026,164.312935,5.3638,72.481,685.24,372480.16978838097,0.044,0
2026-07-16T12:04:30Z,1.25,27.9899,8.28,0.8179,0.0426,0.1269,1.8356,155.003,164.290329,5.4131,73.801,649.85,372402.0436475237,0.042,0
2026-07-16T12:04:30Z,1.26,27.9883,8.28,0.8141,0.0426,0.1269,1.8054,154.971,164.258139,5.4835,75.019,652.68,372245.1631082099,0.041,0
2026-07-16T12:04:30Z,1.27,27.988,8.28,0.8217,0.0426,0.1269,1.8809,154.942,164.229831,5.572,75.981,613.89,372086.072219257,0.04,0
2026-07-16T12:04:30Z,1.28,27.9886,8.28,0.8141,0.0426,0.1269,1.8054,154.935,164.227923,5.6723,76.583,728.86,372063.49737888825,0.039,0
2026-07-16T12:04:30Z,1.29,27.9892,8.28,0.8332,0.0426,0.1692,1.8809,154.934,164.233867,5.7755,76.833,647.18,372086.632547354,0.039,0
2026-07-16T12:04:30Z,1.299,27.9895,8.28,0.8255,0.0426,0.1692,1.8356,154.922,164.227198,5.8708,76.818,589.19,372042.07526122336,0.038,0
2026-07-16T12:04:30Z,1.309,27.9903,8.28,0.7988,0.0426,0.1692,1.8507,154.919,164.226184,5.946,76.641,626.01,372020.88587355835,0.038,0
2026-07-16T12:04:30Z,1.319,27.9923,8.28,0.837,0.0426,0.1692,1.8507,154.931,164.238572,5.9929,76.372,580.67,372054.782173484,0.038,0
2026-07-16T12:04:30Z,1.329,27.9946,8.28,0.8408,0.0426,0.1692,1.6241,154.941,164.25163,6.0122,76.029,737.46,372086.8457939601,0.038,0
2026-07-16T12:04:30Z,1.338,27.9963,8.28,0.795,0.0852,0.1269,1.609,154.945,164.260819,6.0109,75.631,594.33,372107.8501094886,0.037,0
2026-07-16T12:04:30Z,1.348,27.9971,8.28,0.8026,0.0852,0.1269,1.5335,154.947,164.268593,5.997,75.236,568.44,372137.81374593626,0.037,0
2026-07-16T12:04:30Z,1.357,27.9972,8.28,0.8103,0.0852,0.1269,1.5788,154.941,164.269005,5.9759,74.887,562.05,372138.2981452046,0.036,0
2026-07-16T12:04:30Z,1.366,27.9977,8.28,0.8599,0.0852,0.1269,1.8205,154.916,164.250137,5.949,74.591,604.89,372018.92169120774,0.034,0
2026-07-16T12:04:30Z,1.375,27.9993,8.37,0.8904,0.0852,0.2115,1.7147,154.884,164.222997,5.9177,74.378,681.68,371830.4398201628,0.033,0
2026-07-16T12:04:30Z,1.383,28.0013,8.37,0.8942,0.0852,0.2115,1.8205,154.853,164.196383,5.8866,74.319,583.2,371637.45497149864,0.032,0
2026-07-16T12:04:30Z,1.391,28.0035,8.37,0.8713,0.0852,0.2115,1.8658,154.816,164.165203,5.859,74.461,605.81,371414.187776237,0.031,0
2026-07-16T12:04:30Z,1.399,28.0059,8.37,0.7874,0.0852,0.2115,1.7903,154.788,164.143193,5.8356,74.759,642.69,371240.4996134481,0.03,0
2026-07-16T12:04:30Z,1.407,28.0082,8.37,0.8217,0.0852,0.1269,1.8507,154.77,164.130499,5.8187,75.088,537.91,371122.90704588534,0.03,0
2026-07-16T12:04:30Z,1.414,28.0103,8.37,0.8141,0.0852,0.1269,1.7601,154.749,164.113712,5.8139,75.323,555.98,370985.38164407125,0.029,0
2026-07-16T12:04:30Z,1.422,28.0126,8.37,0.8141,0.0852,0.1269,1.8809,154.72,164.088356,5.8248,75.407,543.32,370794.33421717584,0.029,0
2026-07-16T12:04:30Z,1.429,28.0151,8.37,0.8827,0.0852,0.1269,1.9111,154.689,164.061701,5.8478,75.335,538.03,370592.01971815794,0.029,0
2026-07-16T12:04:30Z,1.436,28.0172,8.37,0.8789,0.0852,0.1269,1.8507,154.671,164.048691,5.8734,75.106,557.31,370476.5720866841,0.028,0
2026-07-16T12:04:30Z,1.444,28.019,8.28,0.8866,0.0852,0.2538,1.8658,154.664,164.047861,5.8916,74.738,518.86,370437.52599274187,0.028,0
2026-07-16T12:04:30Z,1.451,28.0207,8.28,0.8789,0.0852,0.2538,1.9413,154.662,164.052976,5.898,74.267,518.18,370434.878602558,0.027,0
2026-07-16T12:04:30Z,1.458,28.0225,8.28,0.8942,0.0852,0.2538,1.7903,154.668,164.0654,5.8921,73.736,527.95,370472.73698977917,0.027,0
2026-07-16T12:04:30Z,1.464,28.0246,8.28,0.8637,0.0852,0.2538,1.896,154.676,164.080429,5.874,73.175,497.87,370520.0046169038,0.027,0
2026-07-16T12:04:30Z,1.471,28.0269,8.37,0.8866,0.0426,0.2115,1.7752,154.682,164.090043,5.845,72.576,511.24,370532.0481886062,0.027,0
2026-07-16T12:04:30Z,1.477,28.0292,8.37,0.8522,0.0426,0.2115,1.8507,154.687,164.096806,5.8079,71.911,507.15,370527.54846727935,0.027,0
2026-07-16T12:04:30Z,1.484,28.0313,8.37,0.8866,0.0426,0.2115,1.8507,154.698,164.106531,5.7662,71.181,496.03,370544.03681183315,0.027,0
2026-07-16T12:04:30Z,1.491,28.0331,8.37,0.8713,0.0426,0.2115,1.8658,154.708,164.113793,5.7221,70.44,514.59,370551.93852149165,0.028,0
2026-07-16T12:04:30Z,1.499,28.0344,8.28,0.8789,0,0.2961,1.8507,154.701,164.10449,5.6752,69.769,500.8,370473.24942853494,0.029,0
2026-07-16T12:04:30Z,1.506,28.0347,8.28,0.8446,0,0.2961,1.7147,154.68,164.080152,5.6231,69.25,504.07,370326.381910299,0.03,0
2026-07-16T12:04:30Z,1.514,28.0341,8.28,0.8827,0,0.2961,1.8205,154.662,164.060347,5.5661,68.935,498.19,370222.93242146895,0.03,0
2026-07-16T12:04:30Z,1.522,28.0332,8.28,0.8637,0,0.2961,1.8205,154.654,164.049817,5.5082,68.815,491.1,370178.97139174014,0.031,0
2026-07-16T12:04:30Z,1.53,28.0324,8.28,0.8637,0.0852,0.2961,1.8054,154.651,164.041746,5.4558,68.829,486,370147.36970476666,0.031,0
2026-07-16T12:04:30Z,1.537,28.032,8.28,0.8751,0.0852,0.2961,1.8809,154.651,164.03398,5.4153,68.902,503.86,370109.93913927535,0.032,0
2026-07-16T12:04:30Z,1.545,28.0317,8.28,0.9552,0.0852,0.2961,1.9564,154.655,164.028458,5.3907,68.975,502.87,370083.62034601276,0.032,0
2026-07-16T12:04:30Z,1.554,28.031,8.28,0.9438,0.0852,0.2961,1.8054,154.664,164.027714,5.3813,69.021,487.7,370092.5988852917,0.033,0
2026-07-16T12:04:30Z,1.562,28.0294,8.28,0.9247,0.0852,0.2961,1.8507,154.672,164.025537,5.3826,69.032,481.9,370110.3637728659,0.033,0
2026-07-16T12:04:30Z,1.571,28.0269,8.28,0.959,0.0852,0.0846,1.8507,154.68,164.021346,5.3886,69.023,489.61,370133.5479314627,0.033,0
2026-07-16T12:04:30Z,1.58,28.0237,8.28,0.9514,0.0852,0.0846,1.9413,154.696,164.022041,5.3946,69.036,478.98,370198.3692059599,0.033,0
2026-07-16T12:04:30Z,1.588,28.0204,8.28,0.9171,0.0852,0.0846,1.8356,154.719,164.027807,5.3985,69.111,473.8,370294.5200737042,0.032,0
2026-07-16T12:04:30Z,1.596,28.0169,8.28,0.9667,0.0852,0.0846,1.8809,154.741,164.032161,5.3997,69.244,488.76,370386.3078502881,0.031,0
2026-07-16T12:04:30Z,1.604,28.0128,8.28,0.9362,0.0852,0.2538,1.8205,154.758,164.030249,5.3993,69.408,477.32,370453.1684409179,0.03,0
2026-07-16T12:04:30Z,1.611,28.0077,8.28,0.9018,0.0852,0.2538,1.8809,154.772,164.027576,5.4008,69.585,472.98,370534.65059423243,0.029,0
2026-07-16T12:04:30Z,1.619,28.0017,8.28,0.9514,0.0852,0.2538,1.8507,154.785,164.025431,5.4073,69.769,469.7,370636.3490833841,0.029,0
2026-07-16T12:04:30Z,1.626,27.9954,8.28,0.9094,0.0852,0.2538,1.7752,154.799,164.023243,5.4183,69.963,476.07,370743.54685675923,0.028,0
2026-07-16T12:04:30Z,1.633,27.9892,8.28,0.9209,0.0852,0.2538,1.8658,154.818,164.028444,5.4317,70.194,460.61,370891.81201732624,0.027,0
2026-07-16T12:04:30Z,1.64,27.9835,8.28,0.9362,0.0852,0.2538,1.8507,154.83,164.028389,5.4461,70.486,459.11,371000.07161829236,0.026,0
2026-07-16T12:04:30Z,1.646,27.9781,8.28,0.9552,0.0852,0.2538,1.8205,154.83,164.019054,5.461,70.847,462.51,371048.70794735674,0.025,0
2026-07-16T12:04:30Z,1.653,27.9729,8.28,0.9438,0.0852,0.2538,1.8507,154.84,164.024007,5.4767,71.288,449.34,371176.61961325345,0.024,0
2026-07-16T12:04:30Z,1.659,27.968,8.28,0.9552,0.0852,0.2538,1.8658,154.852,164.034546,5.4953,71.805,449.34,371331.3523740541,0.023,0
2026-07-16T12:04:30Z,1.664,27.9639,8.28,1.0086,0.1278,0.2115,2.1075,154.848,164.031432,5.5186,72.363,455.04,371391.449851263,0.021,0
2026-07-16T12:04:30Z,1.67,27.9608,8.28,1.0086,0.1278,0.2115,2.0773,154.838,164.023857,5.5472,72.909,450.71,371406.522759159,0.02,0
2026-07-16T12:04:30Z,1.675,27.959,8.28,1.0201,0.1278,0.2115,2.0924,154.826,164.015816,5.5819,73.37,443.32,371394.07983378484,0.018,0
2026-07-16T12:04:30Z,1.679,27.9583,8.28,1.043,0.1278,0.2115,2.0773,154.806,163.99915,5.6224,73.652,439.2,371310.46823425085,0.017,0
2026-07-16T12:04:30Z,1.683,27.9586,8.28,0.9857,0.0426,0.2538,2.1981,154.777,163.971421,5.666,73.684,444.48,371143.4474002349,0.016,0
2026-07-16T12:04:30Z,1.687,27.9596,8.28,1.0353,0.0426,0.2538,2.1377,154.748,163.943275,5.7087,73.447,443.23,370960.70939049334,0.015,0
2026-07-16T12:04:30Z,1.69,27.9609,8.28,1.001,0.0426,0.2538,2.0773,154.731,163.927252,5.7447,72.956,433.42,370842.7854939323,0.014,0
2026-07-16T12:04:30Z,1.693,27.9624,8.28,0.9934,0.0426,0.2538,2.1075,154.725,163.921084,5.7666,72.242,436.25,370778.35824826336,0.013,0
2026-07-16T12:04:30Z,1.696,27.9636,8.28,1.001,0.0852,0.2961,2.0924,154.724,163.919118,5.769,71.35,435.02,370744.07505855395,0.013,0
2026-07-16T12:04:30Z,1.699,27.9644,8.28,1.0163,0.0852,0.2961,2.1377,154.726,163.920829,5.7504,70.355,428.36,370738.7815363923,0.013,0
2026-07-16T12:04:30Z,1.703,27.9649,8.28,0.9972,0.0852,0.2961,2.0773,154.735,163.930682,5.7119,69.341,433.61,370786.5207442926,0.013,0
2026-07-16T12:04:30Z,1.706,27.9651,8.28,1.0124,0.0852,0.2961,2.0773,154.751,163.947296,5.656,68.382,427.34,370879.27692759904,0.014,0
2026-07-16T12:04:30Z,1.71,27.965,8.28,0.9705,0.0852,0.2961,2.1377,154.76,163.95706,5.5862,67.53,427.71,370937.9405076222,0.015,0
2026-07-16T12:04:30Z,1.714,27.9647,8.28,1.001,0.0852,0.2961,2.1679,154.755,163.950551,5.5082,66.823,426.97,370905.8168759437,0.016,0
2026-07-16T12:04:30Z,1.718,27.9646,8.28,1.0048,0.0852,0.2961,2.2132,154.74,163.934049,5.4289,66.27,421.44,370811.79932427127,0.017,0
2026-07-16T12:04:30Z,1.723,27.9645,8.28,1.001,0.0852,0.2961,2.0773,154.733,163.927211,5.3539,65.849,424.56,370773.9598093041,0.018,0
2026-07-16T12:04:30Z,1.727,27.9645,8.28,0.9972,0.0852,0.2961,2.032,154.743,163.938234,5.2872,65.548,423.18,370838.0259400405,0.018,0
2026-07-16T12:04:30Z,1.732,27.9644,8.28,1.0124,0.0426,0.2538,2.1075,154.751,163.948009,5.2318,65.345,418.7,370896.74941188423,0.019,0
2026-07-16T12:04:30Z,1.737,27.9643,8.28,1.001,0.0426,0.2538,2.0471,154.742,163.9411,5.1885,65.21,418.24,370858.4919164296,0.019,0
2026-07-16T12:04:30Z,1.741,27.9642,8.28,1.001,0.0426,0.2538,2.1377,154.732,163.933708,5.1556,65.127,420.61,370817.4289622243,0.019,0
2026-07-16T12:04:30Z,1.746,27.9644,8.28,1.0086,0.0426,0.2538,2.1679,154.737,163.941902,5.1319,65.096,419.61,370861.2454949835,0.019,0
2026-07-16T12:04:30Z,1.751,27.9649,8.28,1.0124,0.0426,0.2115,2.1377,154.745,163.949826,5.116,65.118,417.88,370897.7789658473,0.02,0
2026-07-16T12:04:30Z,1.756,27.9658,8.28,0.9819,0.0426,0.2115,2.1377,154.744,163.945561,5.1053,65.222,422.63,370855.8390868587,0.02,0
2026-07-16T12:04:30Z,1.761,27.9668,8.28,1.0163,0.0426,0.2115,2.032,154.747,163.942002,5.0988,65.468,415.25,370816.1020105362,0.021,0
2026-07-16T12:04:30Z,1.767,27.9675,8.28,0.9972,0.0426,0.2115,2.0471,154.757,163.944214,5.0963,65.906,423.46,370815.6223081477,0.021,0
2026-07-16T12:04:30Z,1.772,27.9674,8.28,1.001,0.0426,0.2115,2.1075,154.767,163.944767,5.098,66.563,420.25,370820.73942353437,0.021,0
2026-07-16T12:04:30Z,1.778,27.9663,8.28,1.0086,0.0426,0.2115,2.1075,154.776,163.943807,5.1063,67.428,417.7,370836.1115198783,0.021,0
2026-07-16T12:04:30Z,1.784,27.9644,8.28,0.9972,0.0426,0.2115,2.1226,154.788,163.949097,5.1257,68.427,419.06,370903.0568198416,0.021,0
2026-07-16T12:04:30Z,1.789,27.9616,8.28,0.9934,0.0426,0.2115,2.1075,154.8,163.956033,5.1603,69.442,418.7,370996.7369010739,0.021,0
2026-07-16T12:04:30Z,1.794,27.9582,8.28,0.94,0.0426,0.2115,2.0773,154.799,163.950427,5.212,70.385,418.06,371028.9429827114,0.021,0
2026-07-16T12:04:30Z,1.799,27.955,8.37,0.94,0,0.2115,2.1528,154.779,163.926777,5.28,71.203,421.62,370952.4117382636,0.021,0
2026-07-16T12:04:30Z,1.805,27.9525,8.37,0.9362,0,0.2115,1.9715,154.751,163.89481,5.3585,71.833,419.24,370814.1861770563,0.022,0
2026-07-16T12:04:30Z,1.811,27.9505,8.37,0.94,0,0.2115,2.032,154.739,163.880081,5.4382,72.23,414.8,370766.6586348319,0.022,0
2026-07-16T12:04:30Z,1.817,27.9492,8.37,1.0163,0,0.2115,2.0471,154.747,163.884675,5.5122,72.391,418.33,370818.132975014,0.022,0
2026-07-16T12:04:30Z,1.823,27.9483,8.37,0.9934,0.0852,0.1692,2.0773,154.747,163.879749,5.5763,72.325,417.34,370806.6385412762,0.023,0
2026-07-16T12:04:30Z,1.828,27.9477,8.37,1.0239,0.0852,0.1692,2.0622,154.743,163.870003,5.6257,72.044,413.27,370761.405143798,0.023,0
2026-07-16T12:04:30Z,1.834,27.9469,8.37,1.0086,0.0852,0.1692,2.032,154.759,163.882905,5.6569,71.59,419.7,370851.66127675504,0.023,0
2026-07-16T12:04:30Z,1.84,27.9458,8.37,1.001,0.0852,0.1692,2.0622,154.783,163.903854,5.6696,71.033,417.52,370994.4527889761,0.022,0
2026-07-16T12:04:30Z,1.845,27.9442,8.37,1.0086,0.0852,0.2115,2.0471,154.791,163.90837,5.6646,70.47,416.97,371051.22302742745,0.022,0
2026-07-16T12:04:30Z,1.851,27.9425,8.37,0.9934,0.0852,0.2115,2.0773,154.794,163.907678,5.6427,70.015,413.99,371079.6108802349,0.023,0
2026-07-16T12:04:30Z,1.857,27.941,8.37,0.9819,0.0852,0.2115,2.0622,154.8,163.911616,5.6073,69.757,411.66,371131.12468074425,0.023,0
2026-07-16T12:04:30Z,1.863,27.9397,8.37,1.0659,0.0852,0.2115,2.0471,154.8,163.909208,5.5638,69.717,411.21,371141.90651492745,0.022,0
2026-07-16T12:04:30Z,1.869,27.9384,8.37,1.0697,0.0852,0.2115,2.0622,154.788,163.891794,5.5198,69.874,413.18,371065.38182368985,0.022,0
2026-07-16T12:04:30Z,1.874,27.9372,8.37,1.0468,0.0852,0.2961,2.0018,154.774,163.870765,5.4843,70.197,411.84,370965.9270567469,0.022,0
2026-07-16T12:04:30Z,1.88,27.9364,8.37,1.043,0.0852,0.2961,2.1528,154.773,163.864567,5.4642,70.622,410.23,370945.12352626334,0.022,0
2026-07-16T12:04:30Z,1.885,27.9355,8.37,1.0735,0.0852,0.2961,2.1226,154.776,163.863531,5.4612,71.036,409.88,370956.2527777351,0.022,0
2026-07-16T12:04:30Z,1.891,27.9339,8.37,1.062,0.0852,0.2961,1.9564,154.773,163.855351,5.4736,71.346,410.14,370939.1703524165,0.023,0
2026-07-16T12:04:30Z,1.897,27.932,8.46,1.0544,0.0852,0.1269,2.0471,154.772,163.849874,5.4991,71.505,406.51,370943.5299182402,0.023,0
2026-07-16T12:04:30Z,1.903,27.9305,8.46,1.0735,0.0852,0.1269,2.0924,154.772,163.845639,5.5325,71.497,409.25,370947.4887060783,0.023,0
2026-07-16T12:04:30Z,1.909,27.9291,8.46,1.0506,0.0852,0.1269,2.2737,154.764,163.833498,5.5651,71.335,405.89,370903.5476356318,0.023,0
2026-07-16T12:04:30Z,1.915,27.9275,8.46,1.062,0.0852,0.1269,2.1981,154.749,163.814223,5.5895,71.086,405.36,370821.9216483228,0.024,0
2026-07-16T12:04:30Z,1.921,27.9259,8.46,1.0811,0.0426,0.2538,2.4096,154.735,163.7947,5.6022,70.836,402.55,370738.85869739583,0.024,0
2026-07-16T12:04:30Z,1.927,27.9246,8.46,1.0582,0.0426,0.2538,2.2283,154.732,163.781752,5.6016,70.658,403.16,370688.3233288894,0.023,0
2026-07-16T12:04:30Z,1.933,27.9235,8.46,1.0582,0.0426,0.2538,2.2435,154.742,163.779943,5.5891,70.614,402.2,370698.7599679425,0.023,0
2026-07-16T12:04:30Z,1.939,27.9225,8.46,1.062,0.0426,0.2538,2.2737,154.759,163.78478,5.5697,70.719,398.29,370745.94724813435,0.023,0
2026-07-16T12:04:30Z,1.945,27.9208,8.37,1.043,0.0426,0.2538,2.2283,154.769,163.781517,5.5502,70.948,402.46,370759.3640589072,0.022,0
2026-07-16T12:04:30Z,1.95,27.9178,8.37,1.0506,0.0426,0.2538,2.319,154.773,163.77329,5.5366,71.285,395.44,370768.6822297148,0.022,0
2026-07-16T12:04:30Z,1.956,27.9136,8.37,1.1383,0.0426,0.2538,2.3643,154.784,163.773943,5.5335,71.705,399.5,370852.5427905512,0.021,0
2026-07-16T12:04:30Z,1.961,27.909300000000002,8.37,1.1231,0.0426,0.2538,2.2435,154.799,163.783648,5.5422,72.145,404.04,370991.01914035063,0.02,0
2026-07-16T12:04:30Z,1.966,27.9049,8.37,1.1421,0.0426,0.2538,2.319,154.814,163.796975,5.5606,72.542,395.87,371152.54642517713,0.019,0
2026-07-16T12:04:30Z,1.971,27.9007,8.37,1.1307,0.0426,0.2961,2.2435,154.817,163.801441,5.5874,72.867,397.25,371258.7158745153,0.018,0
2026-07-16T12:04:30Z,1.975,27.8974,8.37,1.1116,0.0426,0.2961,2.2888,154.804,163.790219,5.6206,73.105,394.15,371256.3536661108,0.017,0
2026-07-16T12:04:30Z,1.979,27.8953,8.37,1.1231,0.0426,0.2961,2.2888,154.79,163.780363,5.6553,73.258,396.56,371239.03709401924,0.017,0
2026-07-16T12:04:30Z,1.984,27.8944,8.37,1.1383,0.0426,0.2961,2.3039,154.793,163.78929,5.6865,73.335,395.87,371308.2177038325,0.016,0
2026-07-16T12:04:30Z,1.988,27.8948,8.46,1.1002,0,0.2538,2.3039,154.802,163.803344,5.7119,73.321,392.44,371382.45071976515,0.015,0
2026-07-16T12:04:30Z,1.991,27.8959,8.46,1.1193,0,0.2538,2.183,154.793,163.79821,5.7305,73.197,392.87,371331.53422743914,0.015,0
2026-07-16T12:04:30Z,1.995,27.8974,8.46,1.1231,0,0.2538,2.3794,154.781,163.788555,5.7423,72.972,391.17,371246.65500874433,0.014,0
2026-07-16T12:04:30Z,1.999,27.8991,8.46,1.1307,0,0.2538,2.2435,154.785,163.79586,5.7482,72.658,393.47,371256.7465082315,0.014,0
2026-07-16T12:04:30Z,2.002,27.9007,8.64,1.1498,0.0852,0.2961,2.2435,154.792,163.806035,5.747,72.253,404.22,371285.46176716796,0.013,0
2026-07-16T12:04:30Z,2.005,27.9019,8.64,1.1689,0.0852,0.2961,2.3643,154.788,163.805759,5.7372,71.753,398.63,371260.94446655514,0.013,0
2026-07-16T12:04:30Z,2.008,27.9029,8.64,1.1917,0.0852,0.2961,2.2435,154.774,163.794957,5.7194,71.175,389.81,371178.9506482636,0.013,0
2026-07-16T12:04:30Z,2.011,27.9039,8.64,1.165,0.0852,0.2961,2.319,154.747,163.770749,5.6947,70.537,404.13,371018.92478519457,0.013,0
2026-07-16T12:04:30Z,2.014,27.9051,8.64,1.1879,0.0852,0.2961,2.2283,154.72,163.746726,5.6628,69.86,394.32,370856.21010978817,0.013,0
2026-07-16T12:04:30Z,2.018,27.9064,8.64,1.1154,0.0852,0.3807,2.5758,154.708,163.736527,5.6235,69.177,391.59,370772.07374683284,0.013,0
2026-07-16T12:04:30Z,2.021,27.9078,8.64,1.1154,0.0852,0.3807,2.3794,154.692,163.721396,5.578,68.518,393.04,370657.355119026,0.013,0
2026-07-16T12:04:30Z,2.025,27.9091,8.64,1.1421,0.0852,0.3807,2.4398,154.673,163.701308,5.5279,67.899,386.69,370515.7389224982,0.013,0
2026-07-16T12:04:30Z,2.028,27.9104,8.64,1.1154,0.0852,0.3807,2.5305,154.677,163.702978,5.4748,67.322,395.01,370500.6868907198,0.013,0
2026-07-16T12:04:30Z,2.032,27.9113,8.73,1.1193,0.0852,0.2538,2.2737,154.699,163.722843,5.4211,66.798,390.57,370599.07598245156,0.012,0
2026-07-16T12:04:30Z,2.035,27.9119,8.73,1.1307,0.0852,0.2538,2.183,154.718,163.738136,5.3695,66.324,402.37,370676.5985203795,0.011,0
2026-07-16T12:04:30Z,2.038,27.9119,8.73,1.1231,0.0852,0.2538,2.3341,154.724,163.740907,5.3209,65.881,391.59,370692.7173635503,0.011,0
2026-07-16T12:04:30Z,2.04,27.9111,8.73,1.1002,0.0852,0.2538,2.3492,154.723,163.735905,5.2758,65.465,387.53,370678.8642015374,0.01,0
2026-07-16T12:04:30Z,2.043,27.9099,8.55,1.1193,0.0426,0.3807,2.183,154.72,163.729813,5.2348,65.092,391.68,370666.2930879998,0.01,0
2026-07-16T12:04:30Z,2.045,27.9086,8.55,1.1421,0.0426,0.3807,2.2435,154.717,163.725016,5.1978,64.775,398.46,370663.1602951855,0.01,0
2026-07-16T12:04:30Z,2.048,27.9072,8.55,1.1116,0.0426,0.3807,2.2283,154.713,163.720234,5.1632,64.52,390.32,370662.0205288449,0.011,0
2026-07-16T12:04:30Z,2.05,27.9059,8.55,1.1154,0.0426,0.3807,2.2132,154.707,163.714192,5.1307,64.33,395.01,370651.6441496686,0.011,0
2026-07-16T12:04:30Z,2.053,27.9049,8.55,1.1269,0.0852,0.3807,2.1981,154.703,163.709288,5.1016,64.203,391.34,370642.1706066044,0.012,0
2026-07-16T12:04:30Z,2.057,27.9045,8.55,1.1078,0.0852,0.3807,2.183,154.698,163.704214,5.0768,64.137,389.3,370620.27387727913,0.012,0
2026-07-16T12:04:30Z,2.06,27.9044,8.55,1.1345,0.0852,0.3807,2.1226,154.689,163.693609,5.0568,64.13,391.34,370560.48688607564,0.012,0
2026-07-16T12:04:30Z,2.063,27.9044,8.55,1.1193,0.0852,0.3807,2.0622,154.676,163.678653,5.042,64.148,389.81,370473.4942418106,0.013,0
2026-07-16T12:04:30Z,2.066,27.9044,8.55,1.043,0.0852,0.3807,2.1377,154.66,163.659367,5.032,64.146,390.23,370361.33455445716,0.014,0
2026-07-16T12:04:30Z,2.07,27.9042,8.64,1.043,0.0426,0.2115,2.0924,154.639,163.634617,5.0268,64.104,396.56,370221.2361753525,0.015,0
2026-07-16T12:04:30Z,2.073,27.9038,8.64,1.0735,0.0426,0.2115,2.1528,154.62,163.609831,5.0263,64.016,395.1,370084.7651257627,0.016,0
2026-07-16T12:04:30Z,2.077,27.9033,8.64,1.0697,0.0426,0.2115,2.0773,154.611,163.594434,5.0277,63.88,386.94,370004.78852927504,0.017,0
2026-07-16T12:04:30Z,2.082,27.9026,8.64,1.0353,0.0426,0.2115,2.2132,154.617,163.592339,5.0276,63.715,390.83,370005.928799313,0.018,0
2026-07-16T12:04:30Z,2.086,27.9017,8.64,1.0849,0.0852,0.2115,2.0924,154.632,163.598979,5.0245,63.557,387.02,370061.6434132572,0.019,0
2026-07-16T12:04:30Z,2.092,27.9003,8.64,1.0582,0.0852,0.2115,2.0471,154.652,163.608104,5.0177,63.435,386.1,370141.32690165465,0.021,0
2026-07-16T12:04:30Z,2.097,27.8984,8.64,1.0506,0.0852,0.2115,2.0773,154.674,163.618138,5.0072,63.354,388.37,370235.8288817477,0.022,0
2026-07-16T12:04:30Z,2.103,27.8958,8.64,1.1307,0.0852,0.2115,1.8356,154.691,163.623738,4.9945,63.304,382.34,370317.89656399045,0.023,0
2026-07-16T12:04:30Z,2.109,27.8926,8.73,1.1078,0.0852,0.2961,1.8205,154.693,163.61437,4.9824,63.276,386.18,370324.35113348305,0.023,0
2026-07-16T12:04:30Z,2.115,27.8889,8.73,1.1231,0.0852,0.2961,1.8356,154.685,163.595553,4.9732,63.243,378.46,370285.3695652437,0.024,0
2026-07-16T12:04:30Z,2.121,27.8847,8.73,1.1154,0.0852,0.2961,1.8658,154.686,163.586324,4.9671,63.17,384.68,370311.6740138228,0.024,0
2026-07-16T12:04:30Z,2.128,27.8806,8.73,1.146,0.0852,0.2961,1.6241,154.698,163.588229,4.9636,63.045,387.53,370400.85379915766,0.025,0
2026-07-16T12:04:30Z,2.134,27.877,8.73,1.1154,0.0852,0.2961,1.6845,154.697,163.577722,4.9617000000000004,62.86,375.59,370408.3051313843,0.024,0
2026-07-16T12:04:30Z,2.141,27.8737,8.82,1.1269,0.0852,0.3384,1.5486,154.681,163.552,4.9594,62.618,376.08,370321.5093842116,0.024,0
2026-07-16T12:04:30Z,2.147,27.8702,8.82,1.1154,0.0852,0.3384,1.7147,154.681,163.544293,4.954,62.338,376,370343.3404011175,0.023,0
2026-07-16T12:04:30Z,2.153,27.8669,8.82,1.1231,0.0852,0.3384,1.6694,154.698,163.556556,4.9445,62.038,372.66,370477.58850205067,0.023,0
2026-07-16T12:04:30Z,2.158,27.8638,8.82,1.1307,0.0852,0.3384,1.6392,154.707,163.559987,4.9303,61.731,365.29,370556.65060069034,0.022,0
2026-07-16T12:04:30Z,2.164,27.8608,8.55,1.1116,0.0852,0.2538,1.6996,154.709,163.5555,4.9115,61.434,369.92,370587.72250907193,0.021,0
2026-07-16T12:04:30Z,2.169,27.8584,8.55,1.1231,0.0852,0.2538,1.4579,154.715,163.553925,4.8898,61.167,371.29,370624.31372166524,0.02,0
2026-07-16T12:04:30Z,2.174,27.8565,8.55,1.1231,0.0852,0.2538,1.5637,154.724,163.554843,4.8665,60.934,368,370665.8922742655,0.02,0
2026-07-16T12:04:30Z,2.179,27.8546,8.55,1.1269,0.0852,0.2538,1.6845,154.738,163.558497,4.8425,60.749,365.76,370723.41174075817,0.019,0
2026-07-16T12:04:30Z,2.184,27.8525,8.46,1.1116,0.0426,0.2538,1.5788,154.746,163.557842,4.8194,60.651,368,370759.6563641613,0.018,0
2026-07-16T12:04:30Z,2.189,27.8499,8.46,1.1345,0.0426,0.2538,1.5939,154.747,163.552704,4.7986,60.684,365.37,370779.3305781151,0.018,0
2026-07-16T12:04:30Z,2.193,27.8469,8.46,1.1803,0.0426,0.2538,1.7147,154.742,163.545721,4.7806,60.855,369.36,370795.89026420505,0.017,0
2026-07-16T12:04:30Z,2.197,27.8436,8.46,1.1765,0.0426,0.2538,1.609,154.717,163.523003,4.7664,61.15,370.24,370726.5028928753,0.017,0
2026-07-16T12:04:30Z,2.201,27.8405,8.46,1.1879,0.0426,0.2538,1.6392,154.673,163.486511,4.759,61.565,357.75,370573.0648346632,0.016,0
2026-07-16T12:04:30Z,2.205,27.8384,8.64,1.1879,0.0852,0.2115,1.5637,154.634,163.454578,4.7617,62.092,371.13,370427.12947313633,0.016,0
2026-07-16T12:04:30Z,2.209,27.8379,8.64,1.1727,0.0852,0.2115,1.5939,154.615,163.440739,4.7752,62.71,359.46,370356.0736754022,0.015,0
2026-07-16T12:04:30Z,2.213,27.8393,8.64,1.1803,0.0852,0.2115,1.5335,154.621,163.447317,4.7982,63.394,356.66,370367.6883005775,0.015,0
2026-07-16T12:04:30Z,2.217,27.8423,8.64,1.1879,0.0852,0.2115,1.6392,154.628,163.454018,4.8305,64.101,361.89,370349.5214176002,0.014,0
2026-07-16T12:04:30Z,2.22,27.8455,8.73,1.165,0.0852,0.2961,1.6241,154.627,163.454607,4.8716,64.769,360.87,370291.9637082656,0.014,0
2026-07-16T12:04:30Z,2.224,27.8474,8.73,1.1956,0.0852,0.2961,1.5637,154.625,163.459266,4.92,65.364,364.42,370282.8779387412,0.014,0
2026-07-16T12:04:30Z,2.227,27.8476,8.73,1.1879,0.0852,0.2961,1.5637,154.614,163.459214,4.9735,65.901,361.5,370278.7632494452,0.014,0
2026-07-16T12:04:30Z,2.231,27.8473,8.73,1.1803,0.0852,0.2961,1.6845,154.599,163.456443,5.029,66.396,356.5,370268.3488936722,0.014,0
2026-07-16T12:04:30Z,2.234,27.8478,8.73,1.1803,0.0852,0.2961,1.6694,154.585,163.454223,5.0814,66.855,355.58,370245.8987434285,0.014,0
2026-07-16T12:04:30Z,2.238,27.8501,8.73,1.1841,0.0852,0.2961,1.5788,154.565,163.443947,5.1279,67.278,354.57,370142.2771760112,0.014,0
2026-07-16T12:04:30Z,2.241,27.8537,8.73,1.207,0.0852,0.2961,1.5939,154.54,163.426882,5.1697,67.652,359.77,369974.43526512786,0.014,0
2026-07-16T12:04:30Z,2.245,27.8579,8.73,1.207,0.0852,0.2961,1.5939,154.512,163.402489,5.2081,67.956,354.73,369752.6358719588,0.014,0
2026-07-16T12:04:30Z,2.248,27.8619,8.82,1.1879,0.0852,0.2538,1.5335,154.491,163.382302,5.2437,68.177,351.35,369559.2018485265,0.014,0
2026-07-16T12:04:30Z,2.252,27.8656,8.82,1.165,0.0852,0.2538,1.6543,154.481,163.370962,5.2766,68.31,353.8,369422.96442238736,0.014,0
2026-07-16T12:04:30Z,2.255,27.8685,8.82,1.2451,0.0852,0.2538,1.5939,154.473,163.357427,5.3057,68.35,351.96,369289.22378703504,0.014,0
2026-07-16T12:04:30Z,2.259,27.8704,8.82,1.2451,0.0852,0.2538,1.6543,154.475,163.352118,5.3294,68.305,351.81,369222.29378533666,0.014,0
2026-07-16T12:04:30Z,2.262,27.871,8.82,1.2223,0.0852,0.2538,1.6241,154.495,163.363642,5.3466,68.207,350.51,369277.830789544,0.014,0
2026-07-16T12:04:30Z,2.266,27.8705,8.73,1.2451,0.0852,0.2961,1.6543,154.519,163.37703,5.3571,68.085,352.12,369365.09948654176,0.015,0
2026-07-16T12:04:30Z,2.27,27.869,8.73,1.2375,0.0852,0.2961,1.6694,154.529,163.375808,5.3604,67.935,352.96,369386.5012598172,0.015,0
2026-07-16T12:04:30Z,2.274,27.8665,8.73,1.2451,0.0852,0.2961,1.5939,154.533,163.367665,5.3571,67.748,347.1,369386.6963171206,0.016,0
2026-07-16T12:04:30Z,2.278,27.8634,8.73,1.2375,0.0852,0.2961,1.6241,154.544,163.370476,5.3497,67.528,344.92,369461.94594618515,0.016,0
2026-07-16T12:04:30Z,2.282,27.8597,8.73,1.2528,0.1278,0.3384,1.5939,154.552,163.372961,5.3405,67.267,350.74,369546.726436056,0.016,0
2026-07-16T12:04:30Z,2.286,27.8557,8.73,1.2528,0.1278,0.3384,1.5788,154.54,163.355738,5.3291,66.931,348.24,369522.668399495,0.017,0
2026-07-16T12:04:30Z,2.291,27.8519,8.73,1.2604,0.1278,0.3384,1.5637,154.521,163.330252,5.3147,66.506,350.82,369446.77332541795,0.017,0
2026-07-16T12:04:30Z,2.295,27.849,8.73,1.2528,0.1278,0.3384,1.6543,154.506,163.307745,5.2978,66.021,341.49,369371.08175312646,0.017,0
2026-07-16T12:04:30Z,2.3,27.847,8.73,1.2375,0.0852,0.2538,1.6543,154.493,163.286226,5.2775,65.525,342.76,369284.02858766343,0.017,0
2026-07-16T12:04:30Z,2.304,27.8456,8.73,1.249,0.0852,0.2538,1.5637,154.488,163.269978,5.2513,65.05,342.76,369216.2097177523,0.017,0
2026-07-16T12:04:30Z,2.308,27.844,8.73,1.2642,0.0852,0.2538,1.609,154.496,163.264689,5.2181,64.597,337.65,369215.87432052114,0.017,0
2026-07-16T12:04:30Z,2.312,27.8418,8.73,1.2451,0.0852,0.2538,1.5637,154.512,163.266945,5.1802,64.167,339.86,369270.78924583574,0.017,0
2026-07-16T12:04:30Z,2.316,27.839,8.73,1.2451,0.0852,0.2538,1.5032,154.522,163.263313,5.1416,63.773,342.31,369302.8931551083,0.017,0
2026-07-16T12:04:30Z,2.321,27.8355,8.64,1.2375,0.0852,0.2961,1.6392,154.534,163.262849,5.1046,63.418,335.75,369366.72549253854,0.017,0
2026-07-16T12:04:30Z,2.325,27.8312,8.64,1.2719,0.0852,0.2961,1.6392,154.565,163.283468,5.0694,63.093,347.18,369568.3918516338,0.017,0
2026-07-16T12:04:30Z,2.329,27.8264,8.64,1.2375,0.0852,0.2961,1.5637,154.603,163.312627,5.036,62.795,343.28,369829.3691476644,0.017,0
2026-07-16T12:04:30Z,2.333,27.8218,8.64,1.2451,0.0852,0.2961,1.5939,154.627,163.326029,5.0056,62.543,332.77,369994.9649564166,0.017,0
2026-07-16T12:04:30Z,2.338,27.8176,8.73,1.2566,0.0426,0.3384,1.5788,154.632,163.31923,4.9781,62.379,336.26,370035.38805091253,0.018,0
2026-07-16T12:04:30Z,2.342,27.8137,8.73,1.2299,0.0426,0.3384,1.5183,154.639,163.310462,4.9529,62.347,338.83,370058.6372826345,0.018,0
2026-07-16T12:04:30Z,2.347,27.81,8.73,1.2528,0.0426,0.3384,1.6241,154.654,163.307408,4.9299,62.459,330.61,370111.3548213235,0.019,0
2026-07-16T12:04:30Z,2.352,27.8063,8.73,1.2375,0.0426,0.3384,1.5788,154.661,163.295222,4.9104,62.682,333.21,370110.89444557746,0.02,0
2026-07-16T12:04:30Z,2.357,27.8022,8.82,1.2337,0.1278,0.2961,1.7449,154.657,163.272656,4.8979,62.975,334.73,370057.59862594726,0.02,0
2026-07-16T12:04:30Z,2.362,27.7972,8.82,1.2642,0.1278,0.2961,1.6543,154.656,163.25975,4.8958,63.303,327.68,370077.7129076453,0.021,0
2026-07-16T12:04:30Z,2.367,27.7912,8.82,1.2528,0.1278,0.2961,1.5486,154.666,163.263084,4.9051,63.623,329.18,370211.51284619735,0.021,0
2026-07-16T12:04:30Z,2.373,27.7847,8.82,1.2375,0.1278,0.2961,1.6543,154.68,163.273526,4.9232,63.884,327.54,370396.34429672535,0.021,0
2026-07-16T12:04:30Z,2.378,27.7789,8.73,1.3062,0.0426,0.2538,1.5637,154.688,163.279827,4.9467,64.063,322.38,370543.7647477361,0.021,0
2026-07-16T12:04:30Z,2.384,27.7748,8.73,1.3329,0.0426,0.2538,1.6392,154.692,163.281664,4.9728,64.164,323.01,370632.74959147035,0.021,0
2026-07-16T12:04:30Z,2.389,27.7724,8.73,1.31,0.0426,0.2538,1.6392,154.697,163.283536,4.9981,64.209,319.38,370689.49753786373,0.021,0
2026-07-16T12:04:30Z,2.395,27.7712,8.73,1.3024,0.0426,0.2538,1.6543,154.704,163.283938,5.0188,64.217,325.97,370714.7590601261,0.021,0
2026-07-16T12:04:30Z,2.4,27.7705,8.73,1.3024,0.0426,0.2538,1.5939,154.712,163.28297800000001,5.0329,64.193,319.38,370722.5261196354,0.021,0
2026-07-16T12:04:30Z,2.405,27.7699,8.73,1.3367,0.0852,0.2538,1.6241,154.718,163.276388,5.0409,64.154,316.9,370695.53621231375,0.022,0
2026-07-16T12:04:30Z,2.411,27.7687,8.73,1.2947,0.0852,0.2538,1.6694,154.718,163.260407,5.0446,64.119,318.14,370625.22030456085,0.022,0
2026-07-16T12:04:30Z,2.416,27.7666,8.73,1.2871,0.0852,0.2538,1.6845,154.718,163.240796,5.0453,64.092,319.45,370550.91773509845,0.023,0
2026-07-16T12:04:30Z,2.422,27.7633,8.73,1.2604,0.0852,0.2538,1.6241,154.731,163.232367,5.0438,64.091,313.2,370564.7526410328,0.023,0
2026-07-16T12:04:30Z,2.428,27.7591,8.73,1.2642,0.0426,0.3384,1.6845,154.753,163.234877,5.0411,64.146,314.49,370659.6009982343,0.024,0
2026-07-16T12:04:30Z,2.434,27.7539,8.73,1.2451,0.0426,0.3384,1.6241,154.764,163.230953,5.0388,64.271,311.43,370736.032690011,0.024,0
2026-07-16T12:04:30Z,2.441,27.7475,8.73,1.2375,0.0426,0.3384,1.5939,154.76,163.217542,5.0372,64.473,307.13,370780.03769740317,0.024,0
2026-07-16T12:04:30Z,2.447,27.7404,8.73,1.2375,0.0426,0.3384,1.5335,154.75,163.2051,5.0378,64.798,307.73,370843.0906018096,0.024,0
2026-07-16T12:04:30Z,2.453,27.7338,8.55,1.2604,0.0426,0.3384,1.6996,154.738,163.194317,5.0427,65.302,306.13,370906.2928439006,0.024,0
2026-07-16T12:04:30Z,2.459,27.7286,8.55,1.2451,0.0426,0.3384,1.609,154.717,163.174302,5.053,66.005,306.93,370888.8156961712,0.024,0
2026-07-16T12:04:30Z,2.465,27.7258,8.55,1.2566,0.0426,0.3384,1.6241,154.695,163.151744,5.0692,66.883,304.34,370810.5931351256,0.023,0
2026-07-16T12:04:30Z,2.471,27.7252,8.55,1.3024,0.0426,0.3384,1.5939,154.69,163.144681,5.0948,67.856,302.23,370780.81076715165,0.023,0
2026-07-16T12:04:30Z,2.477,27.7259,8.55,1.3062,0.0426,0.3384,1.6845,154.697,163.147222,5.1344,68.799,304.28,370782.26756079315,0.023,0
2026-07-16T12:04:30Z,2.482,27.7266,8.55,1.3024,0.0852,0.2538,1.5788,154.689,163.13198,5.1896,69.58,300.73,370679.87907565717,0.023,0
2026-07-16T12:04:30Z,2.488,27.7266,8.55,1.3138,0.0852,0.2538,1.6241,154.671,163.102909,5.2586,70.104,297.09,370510.15326831356,0.023,0
2026-07-16T12:04:30Z,2.494,27.726,8.55,1.2986,0.0852,0.2538,1.609,154.671,163.092345,5.3351,70.336,297.54,370459.94671742147,0.023,0
2026-07-16T12:04:30Z,2.5,27.7245,8.55,1.2947,0.0852,0.2538,1.5788,154.681,163.093461,5.4094,70.283,296.57,370495.1092012218,0.023,0
2026-07-16T12:04:30Z,2.506,27.722,8.46,1.3291,0.0426,0.3384,1.6392,154.682,163.086509,5.471,69.989,296.7,370502.27798102074,0.024,0
2026-07-16T12:04:30Z,2.512,27.7188,8.46,1.2795,0.0426,0.3384,1.4881,154.685,163.081664,5.5126,69.541,294.2,370535.12111966754,0.024,0
2026-07-16T12:04:30Z,2.518,27.7154,8.46,1.31,0.0426,0.3384,1.5486,154.688,163.077632,5.5311,69.036,292.03,370576.5382368459,0.024,0
2026-07-16T12:04:30Z,2.524,27.7125,8.46,1.3138,0.0426,0.3384,1.5183,154.681,163.061311,5.5272,68.526,291.21,370536.64269331755,0.025,0
2026-07-16T12:04:30Z,2.531,27.7099,8.55,1.2947,0.0852,0.2538,1.609,154.674,163.044384,5.5043,68.033,291.15,370487.4743869113,0.025,0
2026-07-16T12:04:30Z,2.538,27.7074,8.55,1.2642,0.0852,0.2538,1.609,154.673,163.034364,5.4694,67.575,288.44,370476.7252664485,0.025,0
2026-07-16T12:04:30Z,2.544,27.705,8.55,1.3214,0.0852,0.2538,1.6543,154.668,163.024569,5.4299,67.144,285.45,370465.3776461227,0.025,0
2026-07-16T12:04:30Z,2.551,27.7023,8.55,1.2947,0.0852,0.2538,1.6241,154.659,163.012386,5.39,66.725,286.75,370445.81519589067,0.025,0
2026-07-16T12:04:30Z,2.557,27.6992,8.55,1.2909,0.0852,0.2538,1.5486,154.646,162.998576,5.3516,66.312,283.22,370424.39064289746,0.025,0
2026-07-16T12:04:30Z,2.564,27.6964,8.55,1.3138,0.0426,0.3384,1.6996,154.632,162.983465,5.3158,65.897,283.28,370389.63449004083,0.024,0
2026-07-16T12:04:30Z,2.57,27.6947,8.55,1.371,0.0426,0.3384,1.6543,154.615,162.963023,5.2821,65.473,281.93,370302.73349789757,0.023,0
2026-07-16T12:04:30Z,2.576,27.6941,8.55,1.3748,0.0426,0.3384,1.5939,154.609,162.951845,5.2491,65.058,280.1,370248.9221189839,0.022,0
2026-07-16T12:04:30Z,2.582,27.694,8.55,1.3939,0.0426,0.3384,1.6543,154.625,162.962986,5.2167,64.677,278.82,370315.8834802273,0.021,0
2026-07-16T12:04:30Z,2.587,27.6938,8.46,1.3787,0.0852,0.2115,1.5637,154.647,162.97937,5.184,64.328,279.55,370415.3838382964,0.02,0
2026-07-16T12:04:30Z,2.592,27.693,8.46,1.4283,0.0852,0.2115,1.7449,154.666,162.989331,5.1507,64.003,278.82,370488.848896452,0.019,0
2026-07-16T12:04:30Z,2.596,27.6915,8.46,1.4397,0.0852,0.2115,1.8507,154.681,162.995524,5.1183,63.697,276.71,370553.6924782241,0.017,0
2026-07-16T12:04:30Z,2.6,27.6896,8.46,1.4054,0.0852,0.2115,1.8809,154.686,162.991583,5.0885,63.399,276.83,370566.98427168874,0.016,0
2026-07-16T12:04:30Z,2.604,27.6872,8.37,1.4244,0.0426,0.2538,1.7903,154.679,162.976456,5.0612,63.106,276.47,370524.4803030452,0.016,0
2026-07-16T12:04:30Z,2.608,27.6842,8.37,1.4855,0.0426,0.2538,1.8205,154.672,162.962143,5.0359,62.825,275.75,370498.1976571464,0.015,0
2026-07-16T12:04:30Z,2.612,27.681,8.37,1.4931,0.0426,0.2538,1.9413,154.667,162.952847,5.0121,62.552,273.96,370505.04720281094,0.015,0
2026-07-16T12:04:30Z,2.616,27.678,8.37,1.4778,0.0426,0.2538,1.8507,154.672,162.954106,4.9889,62.285,273.13,370569.75195256394,0.014,0
2026-07-16T12:04:30Z,2.619,27.6754,8.28,1.4778,0.0852,0.2961,1.896,154.682,162.962246,4.9661,62.033,272.89,370667.03958191414,0.014,0
2026-07-16T12:04:30Z,2.623,27.6733,8.28,1.4817,0.0852,0.2961,2.1075,154.688,162.967412,4.9442,61.804,271.94,370737.4017678224,0.013,0
2026-07-16T12:04:30Z,2.626,27.6717,8.28,1.4931,0.0852,0.2961,2.0773,154.697,162.97499,4.9228,61.6,271.71,370812.3139311851,0.012,0
2026-07-16T12:04:30Z,2.629,27.6707,8.28,1.4664,0.0852,0.2961,2.1075,154.712,162.987001,4.9019,61.428,271.06,370901.6808149606,0.011,0
2026-07-16T12:04:30Z,2.632,27.6699,8.28,1.5046,0.0852,0.2961,2.0924,154.728,162.99863,4.8822,61.29,270.65,370985.00164456805,0.01,0
2026-07-16T12:04:30Z,2.634,27.6693,8.28,1.4931,0.0426,0.2961,2.1377,154.738,163.000951,4.8642,61.192,271.41,371010.06208629673,0.009,0
2026-07-16T12:04:30Z,2.636,27.6687,8.28,1.4702,0.0426,0.2961,2.1679,154.735,162.986565,4.8482,61.144,269.36,370937.4065820819,0.009,0
2026-07-16T12:04:30Z,2.638,27.6678,8.28,1.5007,0.0426,0.2961,2.0773,154.727,162.963662,4.8348,61.125,269.71,370820.69455353695,0.008,0
2026-07-16T12:04:30Z,2.64,27.6662,8.28,1.4855,0.0426,0.2961,2.0924,154.725,162.946178,4.824,61.107,270.53,370749.07454419264,0.008,0
2026-07-16T12:04:30Z,2.642,27.6635,8.28,1.4664,0.0426,0.2961,1.8205,154.726,162.933458,4.8166,61.071,269.36,370726.35408060625,0.008,0
2026-07-16T12:04:30Z,2.644,27.6596,8.28,1.5046,0.0426,0.2961,1.8809,154.723,162.918101,4.8131,61.006,269.3,370711.16898874316,0.008,0
2026-07-16T12:04:30Z,2.646,27.6549,8.28,1.4855,0.0426,0.2961,1.8205,154.719,162.904028,4.812,60.919,268.42,370718.79463500064,0.008,0
2026-07-16T12:04:30Z,2.648,27.65,8.28,1.4778,0.0426,0.2961,1.9111,154.717,162.895506,4.811,60.819,268.3,370762.71331358794,0.008,0
2026-07-16T12:04:30Z,2.65,27.6455,8.28,1.4893,0.0426,0.2961,1.7903,154.708,162.882241,4.8085,60.699,268.71,370771.2406380358,0.008,0
2026-07-16T12:04:30Z,2.652,27.6417,8.28,1.4931,0.0426,0.2961,1.8809,154.693,162.864707,4.8038,60.551,268.54,370741.39645944856,0.008,0
2026-07-16T12:04:30Z,2.654,27.6387,8.28,1.4931,0.0426,0.2961,1.8507,154.682,162.854263,4.7972,60.39,267.37,370737.7137845482,0.008,0
2026-07-16T12:04:30Z,2.656,27.6364,8.28,1.4817,0.0426,0.2961,1.8809,154.677,162.852132,4.7895,60.243,267.14,370769.2671679949,0.009,0
2026-07-16T12:04:30Z,2.658,27.6351,8.28,1.4931,0.0426,0.2961,2.0471,154.681,162.857748,4.7801,60.117,268.19,370827.01060198084,0.01,0
2026-07-16T12:04:30Z,2.661,27.6346,8.28,1.4588,0.0426,0.2115,2.0924,154.678,162.856572,4.7685,59.989,268.07,370829.7008145679,0.011,0
2026-07-16T12:04:30Z,2.663,27.6351,8.28,1.516,0.0426,0.2115,2.0471,154.661,162.840272,4.7558,59.842,266.44,370724.7591054082,0.012,0
2026-07-16T12:04:30Z,2.666,27.6359,8.28,1.4664,0.0426,0.2115,2.0169,154.641,162.820539,4.7442,59.681,265.81,370594.01769826066,0.013,0
2026-07-16T12:04:30Z,2.67,27.6366,8.28,1.5656,0.0426,0.2115,2.0773,154.616,162.796118,4.7342,59.52,266.79,370437.8077556763,0.014,0
2026-07-16T12:04:30Z,2.674,27.6372,8.19,1.558,0.0426,0.2538,2.1377,154.589,162.768516,4.724,59.362,264.71,370264.9581765176,0.015,0
2026-07-16T12:04:30Z,2.678,27.6376,8.19,1.5618,0.0426,0.2538,2.1377,154.568,162.746408,4.7124,59.203,261.97,370128.09099825344,0.016,0
2026-07-16T12:04:30Z,2.682,27.6381,8.19,1.5503,0.0426,0.2538,2.0169,154.558,162.73392,4.6997,59.034,262.71,370045.5585173099,0.017,0
2026-07-16T12:04:30Z,2.687,27.6386,8.19,1.5007,0.0426,0.2538,2.1377,154.569,162.739749,4.6869,58.861,261.57,370070.0675678599,0.018,0
2026-07-16T12:04:30Z,2.691,27.6389,8.28,1.4855,0.0852,0.2538,2.0773,154.594,162.757432,4.6745,58.685,261.34,370167.6751462436,0.018,0
2026-07-16T12:04:30Z,2.696,27.6389,8.28,1.4702,0.0852,0.2538,2.032,154.617,162.76763,4.662,58.492,261.28,370227.27944564115,0.019,0
2026-07-16T12:04:30Z,2.701,27.6383,8.28,1.5046,0.0852,0.2538,2.1377,154.627,162.763039,4.6488,58.255,260.15,370211.9099071312,0.02,0
2026-07-16T12:04:30Z,2.706,27.6366,8.28,1.4664,0.0852,0.2538,2.0622,154.631,162.752457,4.6353,57.971,258.69,370182.5446926206,0.021,0
2026-07-16T12:04:30Z,2.712,27.6336,8.19,1.5007,0.0852,0.2538,2.1075,154.643,162.7511,4.6217,57.654,256.5,370231.9465133935,0.021,0
2026-07-16T12:04:30Z,2.717,27.6293,8.19,1.5084,0.0852,0.2538,2.0773,154.65,162.748584,4.6068,57.327,256.67,370299.43455795886,0.022,0
2026-07-16T12:04:30Z,2.723,27.6243,8.19,1.4588,0.0852,0.2538,2.0622,154.639,162.728202,4.5886,57.016,256.06,370275.84885110985,0.022,0
2026-07-16T12:04:30Z,2.728,27.6193,8.19,1.4778,0.0852,0.2538,2.0773,154.628,162.708572,4.5666,56.745,254.17,370256.65457923396,0.023,0
2026-07-16T12:04:30Z,2.734,27.615,8.19,1.5236,0.0852,0.2538,2.1377,154.635,162.706507,4.542,56.536,253.68,370326.798487243,0.022,0
2026-07-16T12:04:30Z,2.74,27.6116,8.28,1.558,0.0852,0.2961,2.0773,154.646,162.707427,4.5165,56.403,250.83,370397.20746466157,0.022,0
2026-07-16T12:04:30Z,2.746,27.6088,8.28,1.5427,0.0852,0.2961,2.0471,154.649,162.697543,4.4922,56.347,250.77,370392.9438107464,0.021,0
2026-07-16T12:04:30Z,2.751,27.6062,8.28,1.5503,0.0852,0.2961,2.1226,154.651,162.684243,4.471,56.35,250.01,370364.8675234709,0.02,0
2026-07-16T12:04:30Z,2.756,27.6033,8.28,1.558,0.0852,0.2961,2.1528,154.661,162.678011,4.4548,56.372,249.57,370383.880188036,0.019,0
2026-07-16T12:04:30Z,2.761,27.5998,8.46,1.5503,0.0426,0.1692,2.0169,154.67,162.671169,4.4446,56.386,248.98,370410.80527145916,0.019,0
2026-07-16T12:04:30Z,2.765,27.5956,8.46,1.5694,0.0426,0.1692,2.1679,154.673,162.659888,4.4406,56.38,249.57,370425.1503205495,0.018,0
2026-07-16T12:04:30Z,2.769,27.5906,8.46,1.5313,0.0426,0.1692,2.0169,154.684,162.659198,4.4411,56.366,248.38,370516.7994846295,0.018,0
2026-07-16T12:04:30Z,2.774,27.5853,8.46,1.5656,0.0426,0.1692,1.9866,154.702,162.666912,4.4433,56.373,248.17,370663.4322256152,0.018,0
2026-07-16T12:04:30Z,2.778,27.58,8.37,1.5465,0.0852,0.2961,2.0471,154.716,162.671054,4.4448,56.428,249.09,370789.20530044363,0.019,0
2026-07-16T12:04:30Z,2.783,27.5754,8.37,1.558,0.0852,0.2961,2.1075,154.72,162.664711,4.4447,56.572,247.25,370840.1825754522,0.02,0
2026-07-16T12:04:30Z,2.788,27.5713,8.37,1.5656,0.0852,0.2961,2.0471,154.714,162.650199,4.444,56.876,245.65,370833.7240682077,0.02,0
2026-07-16T12:04:30Z,2.794,27.5676,8.37,1.68,0.0852,0.2961,2.2737,154.708,162.639683,4.4448,57.391,245.54,370843.0114244158,0.021,0
2026-07-16T12:04:30Z,2.799,27.5641,8.37,1.6838,0.0852,0.2961,2.3341,154.698,162.632363,4.4494,58.114,244,370867.1950301508,0.021,0
2026-07-16T12:04:30Z,2.805,27.5608,8.37,1.6495,0.0426,0.2538,2.319,154.687,162.626288,4.461,59.038,242.36,370894.84441532556,0.021,0
2026-07-16T12:04:30Z,2.811,27.5581,8.37,1.6724,0.0426,0.2538,2.2737,154.682,162.623848,4.4852,60.163,242.2,370932.3016913867,0.021,0
2026-07-16T12:04:30Z,2.816,27.557,8.37,1.6686,0.0426,0.2538,2.2737,154.689,162.628401,4.5259,61.452,241.78,370980.07918507076,0.021,0
2026-07-16T12:04:30Z,2.822,27.5579,8.37,1.6686,0.0426,0.2538,2.1679,154.707,162.641161,4.5828,62.851,241.52,371037.6228143261,0.021,0
2026-07-16T12:04:30Z,2.827,27.5598,8.28,1.6838,0.0426,0.2538,2.319,154.723,162.651498,4.6555,64.307,240.63,371061.7849909097,0.021,0
2026-07-16T12:04:30Z,2.832,27.5606,8.28,1.6724,0.0426,0.2538,2.3945,154.719,162.642126,4.7442,65.744,239.69,370991.50170650764,0.021,0
2026-07-16T12:04:30Z,2.837,27.5596,8.28,1.7487,0.0426,0.2538,2.4701,154.691,162.606534,4.846,67.071,238.7,370802.0654921908,0.021,0
2026-07-16T12:04:30Z,2.843,27.5575,8.28,1.7334,0.0426,0.2538,2.4852,154.656,162.563295,4.9565,68.229,238.03,370588.952187308,0.021,0
2026-07-16T12:04:30Z,2.848,27.5555,8.37,1.7334,0.0852,0.1692,2.4096,154.631,162.530943,5.0715,69.195,237.51,370437.7434137024,0.022,0
2026-07-16T12:04:30Z,2.854,27.5538,8.37,1.7449,0.0852,0.1692,2.5305,154.618,162.512878,5.185,69.96,237.25,370364.4846223579,0.022,0
2026-07-16T12:04:30Z,2.859,27.5519,8.37,1.7373,0.0852,0.1692,2.5003,154.614,162.504283,5.2898,70.526,236.07,370350.51790459227,0.023,0
2026-07-16T12:04:30Z,2.865,27.5499,8.37,1.7525,0.0852,0.1692,2.3945,154.603,162.486829,5.3813,70.9,235.92,370286.580927386,0.023,0
2026-07-16T12:04:30Z,2.871,27.548,8.37,1.7373,0.0852,0.2115,2.4701,154.585,162.459871,5.4577,71.1,234.54,370165.0795259789,0.024,0
2026-07-16T12:04:30Z,2.877,27.5464,8.37,1.7411,0.0852,0.2115,2.4701,154.58,162.444282,5.5182,71.169,233.16,370104.41529764986,0.024,0
2026-07-16T12:04:30Z,2.884,27.545,8.37,1.7868,0.0852,0.2115,2.9837,154.594,162.447931,5.563,71.146,232.2,370152.56628124096,0.025,0
2026-07-16T12:04:30Z,2.89,27.5432,8.37,1.8097,0.0852,0.2115,2.9232,154.622,162.463773,5.5926,71.023,231.9,370279.78948694654,0.025,0
2026-07-16T12:04:30Z,2.896,27.5405,8.37,1.8021,0.0852,0.2115,2.9535,154.649,162.475988,5.6087,70.781,232.05,370403.034093449,0.026,0
2026-07-16T12:04:30Z,2.902,27.5373,8.37,1.7983,0.0426,0.2961,3.029,154.675,162.483824,5.6144,70.434,232.05,370510.2337591503,0.028,0
2026-07-16T12:04:30Z,2.909,27.5337,8.37,1.8059,0.0426,0.2961,2.7571,154.7,162.489367,5.6129,70.023,230.8,370611.68978337775,0.029,0
2026-07-16T12:04:30Z,2.917,27.5293,8.37,1.7983,0.0426,0.2961,2.7571,154.705,162.47806,5.6037,69.577,229.3,370629.72742758214,0.031,0
2026-07-16T12:04:30Z,2.926,27.524,8.37,1.8021,0.0426,0.2961,2.8628,154.691,162.454904,5.5851,69.111,228.3,370595.5502437028,0.033,0
2026-07-16T12:04:30Z,2.934,27.5177,8.28,1.8021,0.0852,0.2115,2.6966,154.674,162.437777,5.5583,68.671,226.67,370615.87795115035,0.035,0
2026-07-16T12:04:30Z,2.944,27.5111,8.28,1.7945,0.0852,0.2115,2.4701,154.662,162.430128,5.5266,68.337,224.56,370697.54350804945,0.036,0
2026-07-16T12:04:30Z,2.953,27.5056,8.28,1.8135,0.0852,0.2115,2.4398,154.656,162.425912,5.4919,68.176,224.76,370778.2798053323,0.037,0
2026-07-16T12:04:30Z,2.963,27.5028,8.28,1.8021,0.0852,0.2115,2.5003,154.655,162.415987,5.4554,68.194,223.05,370773.7540370387,0.038,0
2026-07-16T12:04:30Z,2.973,27.5031,8.37,1.8097,0.0426,0.2538,2.4549,154.662,162.405724,5.4206,68.362,221.8,370707.7915230206,0.039,0
2026-07-16T12:04:30Z,2.983,27.5048,8.37,2.0348,0.0426,0.2538,2.7873,154.681,162.400402,5.3941,68.658,219.93,370643.97551341535,0.04,0
2026-07-16T12:04:30Z,2.994,27.5053,8.37,2.0577,0.0426,0.2538,2.7873,154.697,162.386574,5.3813,69.058,217.69,370553.2902341169,0.04,0
2026-07-16T12:04:30Z,3.004,27.5026,8.37,2.0386,0.0426,0.2538,2.7269,154.708,162.368569,5.383,69.528,216.14,370499.4531279419,0.039,0
2026-07-16T12:04:30Z,3.014,27.4967,8.37,2.0653,0.0426,0.2538,2.6966,154.723,162.357618,5.3969,70.025,214.68,370548.3151371146,0.038,0
2026-07-16T12:04:30Z,3.024,27.4885,8.46,2.2446,0.0852,0.3384,3.1498,154.731,162.342782,5.421,70.517,213.89,370618.49999076687,0.037,0
2026-07-16T12:04:30Z,3.033,27.4788,8.46,2.2141,0.0852,0.3384,3.1649,154.728,162.320104,5.4536,71.001,212.87,370671.46107140445,0.036,0
2026-07-16T12:04:30Z,3.042,27.4691,8.46,2.2522,0.0852,0.3384,3.1952,154.724,162.299571,5.4916,71.481,211.4,370737.029820005,0.034,0
2026-07-16T12:04:30Z,3.05,27.4605,8.46,2.2408,0.0852,0.3384,3.1498,154.716,162.279714,5.5317,71.932,210.44,370785.47907338734,0.033,0
2026-07-16T12:04:30Z,3.058,27.453,8.64,2.2637,0.0852,0.3807,3.6635,154.701,162.255239,5.5714,72.311,209.02,370785.7048500572,0.032,0
2026-07-16T12:04:30Z,3.066,27.4466,8.64,2.3018,0.0852,0.3807,3.6332,154.694,162.239663,5.6103,72.583,208.93,370817.07795640134,0.031,0
2026-07-16T12:04:30Z,3.074,27.4416,8.64,2.3018,0.0852,0.3807,3.6484,154.709,162.244868,5.6487,72.7,209.52,370943.66366031754,0.031,0
2026-07-16T12:04:30Z,3.081,27.4379,8.64,2.2828,0.0852,0.3807,3.6635,154.732,162.256206,5.6847,72.606,209.25,371081.3667891661,0.031,0
2026-07-16T12:04:30Z,3.089,27.4351,8.82,2.4621,0.0426,0.3807,3.875,154.737,162.248638,5.715,72.28,208.43,371090.68467773474,0.032,0
2026-07-16T12:04:30Z,3.098,27.4323,8.82,2.4926,0.0426,0.3807,3.9656,154.73,162.230165,5.7367,71.759,205.87,371035.90442455705,0.032,0
2026-07-16T12:04:30Z,3.106,27.429,8.82,2.4811,0.0426,0.3807,3.9052,154.729,162.22192,5.7463,71.132,204,371050.8462733188,0.033,0
2026-07-16T12:04:30Z,3.115,27.4249,8.82,2.4849,0.0426,0.3807,3.9052,154.725,162.211681,5.7393,70.507,203.51,371069.4414089907,0.033,0
2026-07-16T12:04:30Z,3.123,27.4207,8.82,2.4163,0.0426,0.3807,4.5547,154.713,162.194714,5.7139,69.984,204.35,371050.40444435296,0.034,0
2026-07-16T12:04:30Z,3.132,27.4172,8.91,2.443,0.1278,0.2961,4.6001,154.708,162.186536,5.6731,69.62,204.44,371069.5854800634,0.034,0
2026-07-16T12:04:30Z,3.14,27.4145,8.91,2.4125,0.1278,0.2961,4.7662,154.704,162.180959,5.6238,69.423,203.16,371088.6858839492,0.035,0
2026-07-16T12:04:30Z,3.149,27.4126,8.91,2.4201,0.1278,0.2961,4.6001,154.695,162.168479,5.5746,69.367,201.31,371051.8178702021,0.036,0
2026-07-16T12:04:30Z,3.159,27.4114,8.91,2.5574,0.1278,0.2961,6.3675,154.695,162.165811,5.5333,69.399,199.87,371059.1906657505,0.037,0
2026-07-16T12:04:30Z,3.169,27.4105,9.09,2.546,0.0426,0.423,6.3675,154.706,162.172242,5.5046,69.449,197.88,371114.3062346463,0.037,0
2026-07-16T12:04:30Z,3.179,27.4098,9.09,2.5383,0.0426,0.423,6.2467,154.705,162.165436,5.4892,69.447,196.64,371087.73392299615,0.037,0
2026-07-16T12:04:30Z,3.188,27.4091,9.09,2.5155,0.0426,0.423,6.2769,154.701,162.153599,5.4848,69.344,196.26,371031.57762772683,0.037,0
2026-07-16T12:04:30Z,3.197,27.4079,9.09,2.6528,0.0426,0.423,6.5337,154.706,162.151613,5.4874,69.128,197.07,371042.9606762645,0.037,0
2026-07-16T12:04:30Z,3.206,27.4064,9,2.6757,0.0852,0.3384,6.5639,154.697,162.1369,5.4915,68.801,195.96,370985.26897578925,0.037,0
2026-07-16T12:04:30Z,3.216,27.4044,9,2.6719,0.0852,0.3384,6.5186,154.655,162.091505,5.4915,68.398,193.93,370756.80424179183,0.037,0
2026-07-16T12:04:30Z,3.226,27.402,9,2.6681,0.0852,0.3384,6.5639,154.613,162.049423,5.4837,67.989,191.33,370555.5533269998,0.037,0
2026-07-16T12:04:30Z,3.236,27.3997,9,2.7291,0.0852,0.3384,6.5186,154.605,162.04353,5.4668,67.641,189.06,370565.07359596883,0.037,0
2026-07-16T12:04:30Z,3.245,27.3981,9,2.7405,0.0426,0.423,6.6243,154.613,162.052211,5.4411,67.368,189.06,370646.81372574205,0.036,0
2026-07-16T12:04:30Z,3.254,27.3977,9,2.7367,0.0426,0.423,6.579,154.616,162.051724,5.4092,67.144,189.26,370651.6297832288,0.036,0
2026-07-16T12:04:30Z,3.263,27.3982,9,2.7138,0.0426,0.423,6.5337,154.62,162.05196,5.3769,66.946,188.85,370643.4121453981,0.035,0
2026-07-16T12:04:30Z,3.271,27.3991,9,2.9236,0.0426,0.423,7.2588,154.629,162.058995,5.3493,66.769,187.26,370667.47745466256,0.033,0
2026-07-16T12:04:30Z,3.28,27.3991,9,2.9275,0.0426,0.423,7.2739,154.635,162.064683,5.3277,66.62,185.4,370700.90936625795,0.032,0
2026-07-16T12:04:30Z,3.289,27.3981,9.09,2.916,0.1278,0.3807,7.2437,154.634,162.064527,5.3101,66.505,183.55,370719.1960319339,0.031,0
2026-07-16T12:04:30Z,3.297,27.3969,9.09,2.9084,0.1278,0.3807,7.3343,154.62,162.05047,5.2945,66.433,182.6,370659.60727538983,0.03,0
2026-07-16T12:04:30Z,3.304,27.3962,9.09,2.9656,0.1278,0.3807,6.7603,154.59,162.018761,5.2806,66.402,182.4,370486.67829978024,0.029,0
2026-07-16T12:04:30Z,3.311,27.396,9.09,2.9885,0.1278,0.3807,6.7603,154.568,161.995021,5.2688,66.402,182.8,370351.01897803706,0.027,0
2026-07-16T12:04:30Z,3.317,27.3961,9.27,2.9809,0.0852,0.3807,6.8811,154.566,161.990957,5.2597,66.421,182.48,370325.22135944903,0.027,0
2026-07-16T12:04:30Z,3.324,27.3963,9.27,2.9351,0.0852,0.3807,6.6999,154.563,161.983438,5.254,66.434,182.2,370277.20940835273,0.027,0
2026-07-16T12:04:30Z,3.33,27.3964,9.27,3.0953,0.0852,0.3807,6.4733,154.56,161.972464,5.2514,66.422,181.81,370210.8248172634,0.027,0
2026-07-16T12:04:30Z,3.337,27.3961,9.27,3.0953,0.0852,0.3807,6.6092,154.577,161.977155,5.2515,66.384,179.72,370244.1323533531,0.028,0
2026-07-16T12:04:30Z,3.345,27.3954,9.36,3.0877,0.0852,0.423,6.5186,154.599,161.982727,5.253,66.339,178.91,370290.2918100945,0.028,0
2026-07-16T12:04:30Z,3.352,27.394,9.36,3.08,0.0852,0.423,6.5941,154.605,161.968617,5.2542,66.295,178.32,370234.25665084226,0.029,0
2026-07-16T12:04:30Z,3.36,27.3915,9.36,3.2097,0.0852,0.423,6.579,154.609,161.953108,5.2535,66.245,178.56,370191.10409321653,0.03,0
2026-07-16T12:04:30Z,3.367,27.3872,9.36,3.2021,0.0852,0.423,6.5186,154.622,161.950103,5.2509,66.183,177.74,370255.93818912824,0.031,0
2026-07-16T12:04:30Z,3.375,27.3814,9.36,3.2212,0.0852,0.423,6.6243,154.623,161.938757,5.2479,66.093,177.47,370300.5578196311,0.032,0
2026-07-16T12:04:30Z,3.383,27.3748,9.36,3.1907,0.0852,0.423,6.4884,154.612,161.916042,5.2451,65.947,176.09,370293.72053195554,0.033,0
2026-07-16T12:04:30Z,3.392,27.3685,9.36,3.2975,0.0852,0.423,6.0352,154.603,161.899953,5.2417,65.737,174.19,370320.0672240482,0.034,0
2026-07-16T12:04:30Z,3.401,27.3633,9.36,3.2937,0.0852,0.423,6.1107,154.599,161.890209,5.2373,65.468,172.64,370362.60397935327,0.034,0
2026-07-16T12:04:30Z,3.41,27.3591,9.36,3.2784,0.0852,0.423,6.156,154.598,161.884211,5.2306,65.163,171.45,370407.9754623209,0.034,0
2026-07-16T12:04:30Z,3.419,27.3556,9.54,3.2784,0.0852,0.2961,6.1107,154.603,161.884369,5.2194,64.882,170.81,370476.1172450653,0.034,0
2026-07-16T12:04:30Z,3.428,27.3531,9.54,3.2746,0.0852,0.2961,5.2043,154.606,161.882706,5.2029,64.71,169.26,370514.3531754287,0.033,0
2026-07-16T12:04:30Z,3.436,27.3515,9.54,3.267,0.0852,0.2961,5.0684,154.607,161.87878,5.1818,64.724,169.15,370521.99284286285,0.032,0
2026-07-16T12:04:30Z,3.444,27.3499,9.54,3.2975,0.0852,0.2961,5.1137,154.621,161.887577,5.1578,64.974,168.05,370604.4818531191,0.031,0
2026-07-16T12:04:30Z,3.452,27.3482,9.99,3.3089,0.0852,0.3807,5.159,154.641,161.899417,5.1357,65.47,166.6,370706.81512468564,0.03,0
2026-07-16T12:04:30Z,3.459,27.3467,9.99,3.2593,0.0852,0.3807,4.6756,154.645,161.893406,5.1223,66.158,165.59,370700.2720910033,0.028,0
2026-07-16T12:04:30Z,3.466,27.3452,9.99,3.3089,0.0852,0.3807,4.5698,154.645,161.879965,5.1235,66.94,165.08,370650.00649822346,0.027,0
2026-07-16T12:04:30Z,3.473,27.3432,9.99,3.3013,0.0852,0.3807,4.6756,154.657,161.879562,5.1435,67.718,164.4,370686.07273385144,0.026,0
2026-07-16T12:04:30Z,3.479,27.3405,10.44,3.3089,0.0852,0.4653,4.6454,154.671,161.882067,5.183,68.414,164.37,370752.7168245777,0.025,0
2026-07-16T12:04:30Z,3.485,27.3369,10.44,3.2937,0.0852,0.4653,4.5698,154.67,161.8661,5.2378,68.963,163.34,370727.9451030367,0.024,0
2026-07-16T12:04:30Z,3.491,27.3328,10.44,3.3166,0.0852,0.4653,4.2224,154.662,161.841433,5.3001,69.341,163.09,370661.57252507063,0.023,0
2026-07-16T12:04:30Z,3.497,27.3286,10.44,3.3623,0.0852,0.4653,4.162,154.664,161.823534,5.3621,69.558,162.56,370636.9531537344,0.023,0
2026-07-16T12:04:30Z,3.502,27.3243,10.44,3.3242,0.0852,0.4653,4.1015,154.676,161.815649,5.4176,69.626,162.59,370673.20073350205,0.024,0
2026-07-16T12:04:30Z,3.508,27.3197,10.62,3.3242,0.1278,0.6345,4.1922,154.706,161.827698,5.4616,69.554,162.27,370832.60704171984,0.024,0
2026-07-16T12:04:30Z,3.514,27.3143,10.62,3.3929,0.1278,0.6345,4.2224,154.746,161.854875,5.492,69.368,161.64,371096.61244810984,0.025,0
2026-07-16T12:04:30Z,3.521,27.308,10.62,3.3929,0.1278,0.6345,4.1771,154.776,161.876366,5.5098,69.101,160.17,371344.60502814315,0.025,0
2026-07-16T12:04:30Z,3.528,27.3013,10.62,3.3967,0.1278,0.6345,4.1015,154.794,161.889885,5.5159,68.779,159.62,371553.4478287684,0.026,0
2026-07-16T12:04:30Z,3.534,27.2951,11.61,3.3738,0.1278,0.6768,4.0562,154.802,161.895027,5.5108,68.443,159.17,371703.33806339564,0.027,0
2026-07-16T12:04:30Z,3.541,27.2903,11.61,3.3967,0.1278,0.6768,4.6152,154.787,161.877128,5.4965,68.142,158.82,371690.30319435196,0.027,0
2026-07-16T12:04:30Z,3.548,27.2872,11.61,3.3852,0.1278,0.6768,4.5698,154.761,161.847452,5.4756,67.921,158.3,371574.98164760624,0.028,0
2026-07-16T12:04:30Z,3.555,27.2854,11.61,3.3929,0.1278,0.6768,4.6152,154.748,161.830153,5.4503,67.801,157.34,371507.62274255697,0.029,0
2026-07-16T12:04:30Z,3.563,27.2844,11.43,3.3929,0.1704,0.5076,4.6756,154.743,161.820618,5.4238,67.765,156.8,371470.64672932343,0.03,0
2026-07-16T12:04:30Z,3.571,27.2837,11.43,3.4005,0.1704,0.5076,5.1288,154.744,161.816306,5.4,67.765,156.15,371458.700356523,0.031,0
2026-07-16T12:04:30Z,3.579,27.2829,11.43,3.4005,0.1704,0.5076,5.0986,154.749,161.816065,5.3826,67.756,154.67,371472.69923761126,0.032,0
2026-07-16T12:04:30Z,3.587,27.2817,11.43,3.4157,0.1704,0.5076,5.0684,154.752,161.811814,5.3732,67.71,153.39,371470.75214700744,0.033,0
2026-07-16T12:04:30Z,3.596,27.2803,11.43,3.3852,0.1704,0.5076,5.159,154.753,161.80242,5.3704,67.626,152.4,371442.31745366636,0.033,0
2026-07-16T12:04:30Z,3.604,27.2787,12.24,3.4692,0.1704,0.6768,5.582,154.749,161.785376,5.3706,67.51,151.77,371372.6060339206,0.033,0
2026-07-16T12:04:30Z,3.612,27.2769,12.24,3.4386,0.1704,0.6768,5.582,154.745,161.764154,5.37,67.354,151.21,371282.1075841653,0.034,0
2026-07-16T12:04:30Z,3.621,27.2745,12.24,3.4501,0.1704,0.6768,5.5064,154.748,161.74913,5.3666,67.156,150.88,371239.73437108047,0.034,0
2026-07-16T12:04:30Z,3.629,27.2712,12.24,3.4844,0.1704,0.6768,5.5518,154.759,161.740304,5.3602,66.934,150.03,371251.26286477956,0.035,0
2026-07-16T12:04:30Z,3.638,27.2668,12.6,3.5378,0.1278,0.7614,5.4762,154.775,161.735321,5.3515,66.703,148.83,371306.6667724384,0.036,0
2026-07-16T12:04:30Z,3.648,27.2616,12.6,3.5035,0.1278,0.7614,5.5518,154.8,161.74087,5.3396,66.46,147.67,371439.6652270841,0.037,0
2026-07-16T12:04:30Z,3.657,27.2556,12.6,3.5226,0.1278,0.7614,5.6726,154.837,161.758429,5.3245,66.189,146.68,371659.066158662,0.038,0
2026-07-16T12:04:30Z,3.667,27.249,12.6,3.5149,0.1278,0.7614,5.5064,154.885,161.78867,5.3075,65.892,145.57,371965.11235142057,0.039,0
2026-07-16T12:04:30Z,3.677,27.2422,12.78,3.5798,0.0852,0.7191,6.292,154.937,161.823621,5.2898,65.599,143.93,372303.10537878616,0.04,0
2026-07-16T12:04:30Z,3.688,27.2353,12.78,3.6027,0.0852,0.7191,6.2618,154.968,161.836524,5.2712,65.342,142.69,372512.8690557599,0.04,0
2026-07-16T12:04:30Z,3.698,27.2286,12.78,3.595,0.0852,0.7191,6.3826,154.98,161.830819,5.2503,65.147,140.93,372608.76642840507,0.041,0
2026-07-16T12:04:30Z,3.709,27.2221,12.78,3.6103,0.0852,0.7191,6.3071,155.012,161.84507,5.2274,65.025,139.23,372818.9604303204,0.041,0
2026-07-16T12:04:30Z,3.719,27.2157,13.05,3.6561,0.1704,0.7614,6.3373,155.068,161.87907,5.2047,64.989,138.44,373144.32460761676,0.041,0
2026-07-16T12:04:30Z,3.73,27.2097,13.05,3.6484,0.1704,0.7614,6.2769,155.127,161.913822,5.1849,65.058,136.8,373466.6388821011,0.041,0
2026-07-16T12:04:30Z,3.74,27.2038,13.05,3.6446,0.1704,0.7614,6.4279,155.19,161.950575,5.17,65.231,136.32,373799.12586177036,0.041,0
2026-07-16T12:04:30Z,3.75,27.1974,13.05,3.6446,0.1704,0.7614,6.3826,155.246,161.983093,5.1609,65.489,134.79,374116.4536970086,0.041,0
2026-07-16T12:04:30Z,3.76,27.1897,13.05,3.7095,0.1704,0.7614,6.0956,155.289,162.006014,5.1588,65.799,133.33,374402.3215693852,0.042,0
2026-07-16T12:04:30Z,3.771,27.1809,12.96,3.7019,0.1704,0.7191,6.1409,155.331,162.031463,5.1651,66.117,131.43,374724.8582485813,0.043,0
2026-07-16T12:04:30Z,3.782,27.1717,12.96,3.7209,0.1704,0.7191,6.1107,155.383,162.070234,5.1797,66.406,129.7,375134.71627856564,0.044,0
2026-07-16T12:04:30Z,3.794,27.1632,12.96,3.7286,0.1704,0.7191,6.0503,155.438,162.114626,5.201,66.653,127.86,375564.7909151132,0.045,0
2026-07-16T12:04:30Z,3.805,27.1561,12.96,3.8964,0.1704,0.7191,6.1862,155.494,162.158438,5.2263,66.865,125.46,375964.47885514266,0.045,0
2026-07-16T12:04:30Z,3.817,27.1503,13.23,3.8888,0.0852,0.8037,6.2467,155.561,162.209343,5.252,67.053,123.22,376381.38899567083,0.045,0
2026-07-16T12:04:30Z,3.829,27.1454,13.23,3.8888,0.0852,0.8037,6.2467,155.633,162.260873,5.2754,67.225,121.65,376784.7691672152,0.045,0
2026-07-16T12:04:30Z,3.84,27.1411,13.23,3.904,0.0852,0.8037,6.2467,155.693,162.294696,5.2955,67.377,120.26,377070.9784325855,0.044,0
2026-07-16T12:04:30Z,3.851,27.1364,13.23,3.9193,0.0852,0.8037,6.2618,155.75,162.323839,5.3127,67.498,118.88,377337.2603113054,0.044,0
2026-07-16T12:04:30Z,3.862,27.1305,12.96,3.9307,0.1704,0.846,6.292,155.808,162.356071,5.3283,67.567,117.77,377645.7461541441,0.043,0
2026-07-16T12:04:30Z,3.873,27.1228,12.96,3.8926,0.1704,0.846,6.3675,155.867,162.391968,5.3427,67.576,116,378011.78173253103,0.042,0
2026-07-16T12:04:30Z,3.884,27.1136,12.96,3.8888,0.1704,0.846,6.4582,155.933,162.437093,5.3556,67.537,114.87,378462.9342679617,0.042,0
2026-07-16T12:04:30Z,3.895,27.1039,12.96,3.8239,0.1704,0.846,6.2618,155.982,162.463391,5.3661,67.469,113.36,378811.6047413867,0.041,0
2026-07-16T12:04:30Z,3.905,27.0948,12.96,3.8544,0.1704,0.846,6.3222,156.021,162.48188,5.3725,67.376,112.15,379101.9291931554,0.04,0
2026-07-16T12:04:30Z,3.915,27.0866,12.96,3.843,0.1278,0.6345,6.4279,156.067,162.515529,5.374,67.252,110.61,379465.68290195777,0.038,0
2026-07-16T12:04:30Z,3.925,27.079,12.96,3.8354,0.1278,0.6345,6.1711,156.097,162.547252,5.3716,67.12,108.91,379806.3333109644,0.036,0
2026-07-16T12:04:30Z,3.935,27.0711,12.96,3.9651,0.1278,0.6345,6.5337,156.127,162.591523,5.367,67.043,107.08,380228.62183946813,0.034,0
2026-07-16T12:04:30Z,3.943,27.064,12.96,3.9536,0.1278,0.6345,6.5337,156.163,162.648121,5.3602,67.087,106.2,380709.6220251395,0.031,0
2026-07-16T12:04:30Z,3.951,27.0596,13.32,3.9613,0.0852,0.846,6.3977,156.17,162.676017,5.3508,67.31,104.92,380964.74990825896,0.028,0
2026-07-16T12:04:30Z,3.958,27.0597,13.32,3.9689,0.0852,0.846,6.4884,156.157,162.682651,5.3403,67.737,105.01,381002.6937407261,0.025,0
2026-07-16T12:04:30Z,3.963,27.0637,13.32,3.8773,0.0852,0.846,6.6243,156.163,162.709881,5.3337,68.357,104.87,381087.2181888542,0.022,0
2026-07-16T12:04:30Z,3.968,27.0697,13.32,3.8926,0.0852,0.846,6.5941,156.168,162.736908,5.3367000000000004,69.152,104.89,381130.8199928979,0.019,0
2026-07-16T12:04:30Z,3.973,27.0763,13.32,3.904,0.1278,0.846,6.5186,156.149,162.732856,5.3538,70.084,103.81,380975.4745142621,0.017,0
2026-07-16T12:04:30Z,3.977,27.0829,13.32,3.8888,0.1278,0.846,6.6092,156.149,162.73874,5.3871,71.037,103.74,380879.96918029746,0.015,0
2026-07-16T12:04:30Z,3.98,27.0898,13.32,3.8506,0.1278,0.846,6.8509,156.183,162.772164,5.4357,71.848,103.87,380944.18216860737,0.014,0
2026-07-16T12:04:30Z,3.984,27.0966,13.32,3.8277,0.1278,0.846,6.7603,156.208,162.789925,5.4983,72.403,103.69,380916.1599426556,0.013,0
2026-07-16T12:04:30Z,3.987,27.1017,13.32,3.8087,0.1278,0.846,6.8358,156.218,162.792749,5.572,72.646,103.69,380832.0323858902,0.013,0
2026-07-16T12:04:30Z,3.99,27.1037,14.13,3.8316,0.1278,1.0152,6.7603,156.26,162.829496,5.6475,72.547,103.6,381013.34313885035,0.013,0
2026-07-16T12:04:30Z,3.993,27.1028,14.13,3.9307,0.1278,1.0152,6.4884,156.326,162.893928,5.712,72.117,103.02,381418.8152052804,0.013,0
2026-07-16T12:04:30Z,3.996,27.1003,14.13,3.9384,0.1278,1.0152,6.5941,156.36,162.931066,5.7564,71.421,102.68,381692.010754548,0.013,0
2026-07-16T12:04:30Z,3.999,27.0976,14.13,3.9193,0.1278,1.0152,6.5337,156.365,162.940791,5.776,70.553,102.24,381804.2202276684,0.013,0
2026-07-16T12:04:30Z,4.002,27.0954,14.85,3.9384,0.0852,1.0998000000000001,6.4884,156.379,162.961778,5.7684,69.608,102.35,381974.36169191846,0.014,0
2026-07-16T12:04:30Z,4.006,27.0942,14.85,4.0375,0.0852,1.0998000000000001,7.0322,156.413,163.003633,5.7344,68.662,101.88,382250.42951036186,0.015,0
2026-07-16T12:04:30Z,4.01,27.0946,14.85,4.0375,0.0852,1.0998000000000001,6.9869,156.449,163.045446,5.679,67.771,100.98,382494.5202191407,0.016,0
2026-07-16T12:04:30Z,4.014,27.0961,14.85,3.9956,0.0852,1.0998000000000001,6.9869,156.459,163.058278,5.6098,66.976,100.3,382542.0199562546,0.016,0
2026-07-16T12:04:30Z,4.018,27.0982,15.03,4.0261,0.1704,0.9306,7.002,156.46,163.057578,5.5344,66.301,99.391,382495.98375315504,0.017,0
2026-07-16T12:04:30Z,4.022,27.1003,15.03,4.1215,0.1704,0.9306,7.0473,156.47,163.063203,5.459,65.73,99.369,382488.08318039577,0.017,0
2026-07-16T12:04:30Z,4.027,27.1018,15.03,4.1444,0.1704,0.9306,6.9567,156.483,163.068637,5.3881,65.229,99.24,382490.9768889991,0.017,0
2026-07-16T12:04:30Z,4.031,27.1025,15.03,4.1291,0.1704,0.9306,7.0926,156.531,163.107398,5.3248,64.775,98.938,382710.73935706756,0.018,0
2026-07-16T12:04:30Z,4.035,27.1021,15.57,4.1329,0.1704,1.0575,6.9718,156.62,163.187819,5.2712,64.361,97.636,383203.87239508313,0.018,0
2026-07-16T12:04:30Z,4.04,27.1005,15.57,3.9918,0.1704,1.0575,7.2739,156.69,163.247154,5.2259,63.986,97.254,383594.0144501404,0.019,0
2026-07-16T12:04:30Z,4.045,27.0978,15.57,4.0452,0.1704,1.0575,7.2588,156.713,163.255124,5.1863,63.652,96.413,383696.06828167266,0.019,0
2026-07-16T12:04:30Z,4.05,27.0943,15.57,3.9956,0.1704,1.0575,7.1833,156.715,163.239911,5.1505,63.347,96.12,383674.0768811716,0.02,0
2026-07-16T12:04:30Z,4.055,27.0903,15.57,4.0032,0.1704,1.0575,7.289,156.731,163.237548,5.1179,63.05,95.164,383739.70037750783,0.021,0
2026-07-16T12:04:30Z,4.06,27.0858,15.75,4.0833,0.1278,1.0575,7.7875,156.776,163.265443,5.0885,62.752,94.772,383998.2085853145,0.022,0
2026-07-16T12:04:30Z,4.066,27.0808,15.75,4.0871,0.1278,1.0575,7.7573,156.836,163.308986,5.0625,62.463,94.217,384361.519022617,0.022,0
2026-07-16T12:04:30Z,4.071,27.0753,15.75,4.0948,0.1278,1.0575,7.8026,156.9,163.357737,5.0387,62.202,92.997,384766.65353510866,0.023,0
2026-07-16T12:04:30Z,4.077,27.0693,15.75,4.0719,0.1278,1.0575,7.7724,156.974,163.416678,5.0156,61.987,92.353,385243.902896633,0.023,0
2026-07-16T12:04:30Z,4.084,27.0632,15.57,4.1558,0.1278,1.0998000000000001,8.2105,157.035,163.459431,4.9925,61.842,91.693,385625.4765348702,0.023,0
2026-07-16T12:04:30Z,4.09,27.0572,15.57,4.1215,0.1278,1.0998000000000001,8.135,157.059,163.459311,4.97,61.803,91.077,385745.27691951825,0.023,0
2026-07-16T12:04:30Z,4.096,27.0514,15.57,4.1444,0.1278,1.0998000000000001,8.1501,157.07,163.436329,4.9497,61.906,90.21,385722.4176640996,0.023,0
2026-07-16T12:04:30Z,4.101,27.0456,15.57,4.1482,0.1278,1.0998000000000001,8.286,157.105,163.43046,4.9332,62.151,89.683,385803.3685063232,0.023,0
2026-07-16T12:04:30Z,4.107,27.0391,15.3,4.1291,0.1278,1.0575,8.422,157.17,163.450159,4.9222,62.498,89.158,386053.60728076287,0.023,0
2026-07-16T12:04:30Z,4.113,27.031,15.3,4.1444,0.1278,1.0575,8.4371,157.248,163.484639,4.9198,62.9,88.348,386426.0032086667,0.023,0
2026-07-16T12:04:30Z,4.119,27.0202,15.3,4.1444,0.1278,1.0575,8.4522,157.348,163.543094,4.929,63.325,87.793,386998.9610607047,0.024,0
2026-07-16T12:04:30Z,4.125,27.0065,15.3,4.1405,0.1278,1.0575,8.4371,157.452,163.603023,4.9498,63.748,86.901,387640.24850153644,0.024,0
2026-07-16T12:04:30Z,4.131,26.9914,15.3,4.0986,0.1278,1.0575,8.9356,157.526,163.622275,4.9787,64.159,86.468,388062.8705716989,0.024,0
2026-07-16T12:04:30Z,4.138,26.9765,15.21,4.1405,0.1278,0.9306,9.0111,157.592,163.626026,5.0121,64.532,86.018,388387.3867805609,0.025,0
2026-07-16T12:04:30Z,4.144,26.9622,15.21,4.1482,0.1278,0.9306,8.9205,157.695,163.671399,5.0472,64.816,85.571,388954.2454151959,0.026,0
2026-07-16T12:04:30Z,4.151,26.9468,15.21,4.11,0.1278,0.9306,9.0262,157.827,163.754454,5.0824,64.982,84.536,389774.75931287656,0.027,0
2026-07-16T12:04:30Z,4.158,26.9285,15.21,4.1291,0.1278,0.9306,9.4492,157.951,163.841208,5.1168,65.052,83.422,390678.61468529433,0.027,0
2026-07-16T12:04:30Z,4.165,26.9082,15.3,4.1138,0.1704,0.9729,9.3284,158.065,163.928734,5.1484,65.067,82.395,391630.0229597724,0.028,0
2026-07-16T12:04:30Z,4.172,26.8886,15.3,4.1444,0.1704,0.9729,9.4341,158.149,163.996271,5.1729,65.069,81.86,392446.28887658875,0.028,0
2026-07-16T12:04:30Z,4.179,26.8716,15.3,4.1215,0.1704,0.9729,9.3888,158.178,164.015724,5.1876,65.108,80.905,392914.6701401528,0.028,0
2026-07-16T12:04:30Z,4.186,26.8582,15.3,4.1215,0.1704,0.9729,9.3284,158.189,164.018339,5.1945,65.207,80.589,393205.94126676733,0.028,0
2026-07-16T12:04:30Z,4.194,26.8485,15.21,3.9346,0.1278,1.0575,9.8118,158.228,164.048914,5.1966,65.359,79.736,393593.8022161374,0.028,0
2026-07-16T12:04:30Z,4.201,26.8423,15.21,3.9574,0.1278,1.0575,9.9326,158.279,164.083531,5.1973,65.573,79.287,393934.92121602176,0.028,0
2026-07-16T12:04:30Z,4.208,26.8387,15.21,3.9346,0.1278,1.0575,9.9175,158.31,164.087319,5.2008,65.852,78.345,394032.4225592722,0.028,0
2026-07-16T12:04:30Z,4.215,26.8361,15.21,3.9651,0.1278,1.0575,9.8722,158.364,164.105387,5.209,66.166,77.852,394197.51019830356,0.029,0
2026-07-16T12:04:30Z,4.222,26.8329,15.39,4.049,0.1278,1.0998000000000001,8.7392,158.463,164.164602,5.2214,66.482,77.279,394629.2004663197,0.029,0
2026-07-16T12:04:30Z,4.23,26.8273,15.39,4.0681,0.1278,1.0998000000000001,8.7543,158.56,164.21861,5.2391,66.801,75.997,395078.60290468833,0.028,0
2026-07-16T12:04:30Z,4.237,26.8182,15.39,4.0719,0.1278,1.0998000000000001,8.7241,158.654,164.26377,5.2622,67.14,75.454,395546.0355276539,0.028,0
2026-07-16T12:04:30Z,4.244,26.8062,15.39,4.0719,0.1278,1.0998000000000001,8.5731,158.771,164.324151,5.2884,67.499,74.931,396168.34003920987,0.028,0
2026-07-16T12:04:30Z,4.251,26.7925,15.39,4.1291,0.1278,1.0998000000000001,8.3767,158.898,164.391794,5.315,67.881,74.412,396871.8750682389,0.028,0
2026-07-16T12:04:30Z,4.259,26.7779,15.93,4.1596,0.1704,1.0152,8.4522,159.012,164.452662,5.3419,68.306,73.864,397553.17131530127,0.029,0
2026-07-16T12:04:30Z,4.266,26.7615,15.93,4.1367,0.1704,1.0152,8.4824,159.098,164.490907,5.3706,68.795,73.13,398132.325411576,0.029,0
2026-07-16T12:04:30Z,4.273,26.7424,15.93,4.1367,0.1704,1.0152,8.3465,159.172,164.520736,5.4012,69.35,72.481,398716.28189078043,0.03,0
2026-07-16T12:04:30Z,4.281,26.7224,15.93,4.1177,0.1704,1.0152,9.5399,159.262,164.566139,5.4337,69.954,71.449,399417.14568036766,0.03,0
2026-07-16T12:04:30Z,4.289,26.7043,15.75,4.1138,0.1704,1.0575,9.4794,159.344,164.597124,5.4695,70.568,70.784,399989.41652333306,0.031,0
2026-07-16T12:04:30Z,4.297,26.6885,15.75,4.1367,0.1704,1.0575,9.4794,159.411,164.607921,5.5102,71.149,70.08,400388.08964857954,0.032,0
2026-07-16T12:04:30Z,4.305,26.6739,15.75,4.1291,0.1704,1.0575,9.4492,159.508,164.655527,5.5562,71.634,70.035,400992.4045519608,0.034,0
2026-07-16T12:04:30Z,4.313,26.659,15.75,4.1444,0.1704,1.0575,9.4341,159.625,164.740607,5.606,71.964,69.534,401838.83454901725,0.035,0
2026-07-16T12:04:30Z,4.322,26.6421,16.02,4.1367,0.1278,1.0575,9.4039,159.709,164.805661,5.657,72.121,68.38,402603.3181838114,0.036,0
2026-07-16T12:04:30Z,4.332,26.6238,16.02,4.1291,0.1278,1.0575,9.4341,159.77,164.852001,5.7054,72.123,67.348,403281.12404241296,0.038,0
2026-07-16T12:04:30Z,4.342,26.6074,16.02,4.1444,0.1278,1.0575,9.4492,159.871,164.940095,5.746,72.001,66.044,404182.7801459214,0.039,0
2026-07-16T12:04:30Z,4.353,26.5961,16.02,4.2359,0.1278,1.0575,12.9086,159.999,165.047328,5.7736,71.813,64.99,405098.602150717,0.04,0
2026-07-16T12:04:30Z,4.363,26.5892,16.02,4.2588,0.1278,1.0575,12.9992,160.081,165.096047,5.7869,71.628,63.884,405552.8175405704,0.041,0
2026-07-16T12:04:30Z,4.374,26.5842,16.47,4.2588,0.213,1.0575,13.0294,160.138,165.103251,5.7875,71.485,63.029,405704.7266758532,0.041,0
2026-07-16T12:04:30Z,4.384,26.5789,16.47,4.2512,0.213,1.0575,12.9539,160.245,165.14704,5.7783,71.39,62.906,406094.28281028883,0.042,0
2026-07-16T12:04:30Z,4.395,26.5713,16.47,4.0528,0.213,1.0575,15.8544,160.387,165.217031,5.764,71.347,62.308,406698.98429008643,0.042,0
2026-07-16T12:04:30Z,4.406,26.5601,16.47,4.0833,0.213,1.0575,15.9148,160.487,165.245682,5.7503,71.389,61.809,407119.5512873055,0.043,0
2026-07-16T12:04:30Z,4.417,26.5441,16.74,4.0871,0.213,1.0998000000000001,15.7939,160.59,165.308786,5.7405,71.559,60.572,407861.74480120686,0.044,0
2026-07-16T12:04:30Z,4.428,26.5235,16.74,4.0643,0.213,1.0998000000000001,15.809,160.718,165.441206,5.735,71.893,60.009,409144.4300610821,0.045,0
2026-07-16T12:04:30Z,4.44,26.4995,16.74,3.2708,0.213,1.0998000000000001,11.7454,160.778,165.525901,5.734,72.449,57.996,410199.8793843747,0.046,0
2026-07-16T12:04:30Z,4.452,26.4764,16.74,3.2784,0.213,1.0998000000000001,11.7756,160.815,165.585463,5.7397,73.266,57.357,411078.11946796376,0.046,0
2026-07-16T12:04:30Z,4.464,26.4629,17.01,3.2899,0.213,1.0575,11.8209,160.892,165.685893,5.7548,74.237,56.885,412011.5741286422,0.047,0
2026-07-16T12:04:30Z,4.476,26.4632,17.01,3.2593,0.213,1.0575,11.8511,160.934,165.751732,5.7816,75.147,56.112,412426.0279479459,0.047,0
2026-07-16T12:04:30Z,4.488,26.4703,17.01,3.0648,0.213,1.0575,9.8269,160.949,165.780491,5.8256,75.811,55.397,412456.0037778622,0.047,0
2026-07-16T12:04:30Z,4.5,26.477,17.01,3.1029,0.213,1.0575,9.5852,161.035,165.862039,5.8906,76.141,54.478,412832.2842156897,0.047,0
2026-07-16T12:04:30Z,4.512,26.4834,17.19,3.08,0.213,1.0998000000000001,9.6305,161.159,165.959982,5.9679,76.15,53.69,413320.12416570843,0.048,0
2026-07-16T12:04:30Z,4.524,26.4904,17.19,3.0915,0.213,1.0998000000000001,9.6154,161.255,166.008219,6.0403,75.924,52.777,413476.8383245248,0.048,0
2026-07-16T12:04:30Z,4.537,26.4947,17.19,2.977,0.213,1.0998000000000001,11.3677,161.377,166.065719,6.0932,75.56,51.912,413751.54643800633,0.048,0
2026-07-16T12:04:30Z,4.549,26.4927,17.19,2.958,0.213,1.0998000000000001,11.2922,161.548,166.15984,6.12,75.153,51.128,414398.12003492663,0.049,0
2026-07-16T12:04:30Z,4.562,26.4832,17.19,2.9809,0.213,1.0998000000000001,11.262,161.684,166.215438,6.1217,74.821,50.422,414961.745452506,0.049,0
2026-07-16T12:04:30Z,4.574,26.4676,17.64,2.9694,0.213,0.9729,11.4433,161.787,166.243322,6.1053,74.632,49.758,415481.2612082882,0.049,0
2026-07-16T12:04:30Z,4.587,26.4466,17.64,2.4735,0.213,0.9729,17.0175,161.929,166.321092,6.0783,74.565,48.88,416440.6124818794,0.049,0
2026-07-16T12:04:30Z,4.6,26.4213,17.64,2.4811,0.213,0.9729,17.0024,162.064,166.401321,6.0483,74.545,47.611,417512.389550145,0.049,0
2026-07-16T12:04:30Z,4.612,26.3951,17.64,2.4735,0.213,0.9729,17.0175,162.139,166.4212,6.0244,74.499,46.557,418216.7850666623,0.048,0
2026-07-16T12:04:30Z,4.625,26.371,18.18,2.443,0.2556,0.9306,17.1384,162.23,166.444169,6.0119,74.353,46.144,418896.26076632086,0.047,0
2026-07-16T12:04:30Z,4.636,26.35,18.18,1.9089,0.2556,0.9306,16.5341,162.384,166.50843,6.0088,74.049,45.547,419776.0483226329,0.046,0
2026-07-16T12:04:30Z,4.648,26.3319,18.18,1.9585,0.2556,0.9306,16.5946,162.542,166.562948,6.0091,73.58,44.966,420530.1795149485,0.045,0
2026-07-16T12:04:30Z,4.659,26.3142,18.18,1.886,0.2556,0.9306,16.7003,162.683,166.606215,6.0073,72.986,44.51,421203.6655975282,0.044,0
2026-07-16T12:04:30Z,4.67,26.2925,18.9,1.9165,0.2982,1.0152,16.4284,162.849,166.689861,5.9978,72.322,44,422230.0926734601,0.044,0
2026-07-16T12:04:30Z,4.681,26.2638,18.9,1.9776,0.2982,1.0152,15.8544,163.023,166.800098,5.9764,71.652,43.383,423588.748630848,0.043,0
2026-07-16T12:04:30Z,4.692,26.2308,18.9,1.9852,0.2982,1.0152,15.9148,163.152,166.882117,5.9421,71.042,42.709,424863.331213702,0.043,0
2026-07-16T12:04:30Z,4.703,26.1995,18.9,2.0005,0.2982,1.0152,15.7939,163.237,166.935734,5.8975,70.532,41.919,425917.3295674628,0.043,0
2026-07-16T12:04:30Z,4.714,26.1732,18.9,1.9967,0.2982,1.0152,15.7486,163.311,166.987276,5.8466,70.127,41.142,426847.80069383344,0.042,0
2026-07-16T12:04:30Z,4.725,26.1522,18.99,1.8517,0.2556,0.9306,14.9329,163.375,167.03044,5.7947,69.807,40.618,427605.5408036461,0.042,0
2026-07-16T12:04:30Z,4.736,26.137,18.99,1.8784,0.2556,0.9306,14.8422,163.421,167.048666,5.7469,69.541,39.832,428069.14348454337,0.041,0
2026-07-16T12:04:30Z,4.746,26.1268,18.99,1.8479,0.2556,0.9306,14.9631,163.483,167.070875,5.7067,69.291,39.137,428446.3391769119,0.04,0
2026-07-16T12:04:30Z,4.756,26.1195,18.99,1.8517,0.2556,0.9306,14.9329,163.595,167.127045,5.6747,69.029,38.714,428982.1984964026,0.038,0
2026-07-16T12:04:30Z,4.766,26.1125,19.08,1.7907,0.2556,0.846,14.4192,163.723,167.174013,5.6496,68.739,38.229,429451.04290350364,0.037,0
2026-07-16T12:04:30Z,4.775,26.1037,19.08,1.8059,0.2556,0.846,14.4495,163.85,167.190217,5.6289,68.419,37.816,429757.94242405443,0.036,0
2026-07-16T12:04:30Z,4.784,26.0913,19.08,1.8097,0.2556,0.846,14.389,164.036,167.242123,5.61,68.073,37.497,430383.09112068947,0.035,0
2026-07-16T12:04:30Z,4.793,26.0735,19.08,1.783,0.2556,0.846,14.4041,164.284,167.347575,5.5906,67.71,36.899,431487.0355591264,0.035,0
2026-07-16T12:04:30Z,4.802,26.0479,19.08,1.9242,0.2556,0.846,13.9963,164.5,167.426418,5.5696,67.349,36.397,432595.3132992305,0.034,0
2026-07-16T12:04:30Z,4.81,26.0133,19.08,1.9089,0.2556,0.846,14.0114,164.645,167.449548,5.5471,67.005,35.925,433542.2348840032,0.034,0
2026-07-16T12:04:30Z,4.819,25.9715,19.08,1.8937,0.2556,0.846,13.8905,164.785,167.481269,5.5233,66.675,35.491,434714.71870736865,0.034,0
2026-07-16T12:04:30Z,4.827,25.9266,19.08,1.9356,0.2556,0.846,13.8603,164.953,167.544072,5.4983,66.346,34.963,436170.58385158406,0.034,0
2026-07-16T12:04:30Z,4.836,25.8835,19.08,1.7449,0.2556,0.846,13.7999,165.104,167.588539,5.4732,66.015,34.683,437467.0558121419,0.034,0
2026-07-16T12:04:30Z,4.845,25.8458,19.35,1.7334,0.3408,0.7191,13.7546,165.232,167.612486,5.449,65.694,34.189,438504.1963948076,0.034,0
2026-07-16T12:04:30Z,4.853,25.8123,19.35,1.7373,0.3408,0.7191,13.7092,165.383,167.666403,5.4255,65.39,33.805,439648.24206287,0.035,0
2026-07-16T12:04:30Z,4.862,25.7795,19.35,1.722,0.3408,0.7191,13.7395,165.553,167.74662,5.4019,65.1,33.273,440956.87583387154,0.035,0
2026-07-16T12:04:30Z,4.871,25.7465,19.35,1.6266,0.3408,0.7191,13.4826,165.695,167.804349,5.3782,64.837,32.856,442121.91374716035,0.035,0
2026-07-16T12:04:30Z,4.88,25.7146,20.43,1.6114,0.2982,0.7191,13.5129,165.803,167.828918,5.3553,64.625,32.395,443039.2904949702,0.036,0
2026-07-16T12:04:30Z,4.889,25.6847,20.43,1.577,0.2982,0.7191,13.4524,165.911,167.844922,5.3333,64.487,32.038,443853.44111046306,0.036,0
2026-07-16T12:04:30Z,4.898,25.6567,20.43,1.6228,0.2982,0.7191,13.4826,166.052,167.876676,5.3124,64.43,31.63,444731.6829817347,0.036,0
2026-07-16T12:04:30Z,4.908,25.6306,20.43,1.4435,0.2982,0.7191,12.9388,166.235,167.922618,5.2935,64.446,31.126,445663.61496771424,0.036,0
2026-07-16T12:04:30Z,4.917,25.6051,21.69,1.4359,0.2982,0.6768,12.9237,166.441,167.954896,5.2787,64.522,30.696,446490.0022172222,0.037,0
2026-07-16T12:04:30Z,4.926,25.5771,21.69,1.4321,0.2982,0.6768,12.9539,166.65,167.966068,5.2701,64.642,30.082,447233.24954441783,0.037,0
2026-07-16T12:04:30Z,4.936,25.5439,21.69,1.413,0.2982,0.6768,12.9841,166.875,167.983161,5.2687,64.764,29.685,448142.882432806,0.037,0
2026-07-16T12:04:30Z,4.945,25.5019,21.69,1.4359,0.2982,0.6768,13.2409,167.137,168.026766,5.274,64.845,29.384,449447.99058016593,0.037,0
2026-07-16T12:04:30Z,4.954,25.4492,21.96,1.3939,0.2556,0.4653,13.1956,167.428,168.080431,5.2854,64.869,28.865,451084.5629609276,0.038,0
2026-07-16T12:04:30Z,4.964,25.3893,21.96,1.4244,0.2556,0.4653,13.2258,167.704,168.11234,5.301,64.838,28.479,452751.67177734,0.039,0
2026-07-16T12:04:30Z,4.974,25.3267,21.96,1.4359,0.2556,0.4653,13.2107,167.949,168.126978,5.3171,64.748,28.091,454371.9139125757,0.04,0
2026-07-16T12:04:30Z,4.984,25.2608,21.96,1.5007,0.2556,0.4653,14.3588,168.2,168.174352,5.3302,64.582,27.595,456308.3798280504,0.041,0
2026-07-16T12:04:30Z,4.995,25.1897,21.96,1.4778,0.2556,0.4653,14.3286,168.481,168.265083,5.3391,64.343,26.867,458686.28826390504,0.042,0
2026-07-16T12:04:30Z,5.006,25.1165,21.78,1.4817,0.2982,0.4653,14.3739,168.749,168.339149,5.3437,64.055,25.742,461012.84906649956,0.042,0
2026-07-16T12:04:30Z,5.017,25.0479,21.78,1.4931,0.2982,0.4653,14.389,168.986,168.368175,5.3429,63.745,24.921,462920.06329668063,0.042,0
2026-07-16T12:04:30Z,5.028,24.9871,21.78,1.5351,0.2982,0.4653,14.8573,169.23,168.381949,5.3352,63.428,24.338,464533.7426665487,0.042,0
2026-07-16T12:04:30Z,5.039,24.9307,21.78,1.5541,0.2982,0.4653,14.9782,169.494,168.388145,5.3209,63.116,24.18,465990.13047887385,0.041,0
2026-07-16T12:04:30Z,5.049,24.8736,21.33,1.5503,0.2556,0.5076,14.8573,169.762,168.374368,5.3027,62.812,23.913,467327.42235212895,0.041,0
2026-07-16T12:04:30Z,5.059,24.8123,21.33,1.5694,0.2556,0.5076,14.8573,170.061,168.367008,5.2829,62.517,23.583,468821.9681748972,0.04,0
2026-07-16T12:04:30Z,5.069,24.7447,21.33,1.6304,0.2556,0.5076,14.6609,170.43,168.382138,5.2633,62.243,23.177,470644.4291993735,0.04,0
2026-07-16T12:04:30Z,5.079,24.6691,21.33,1.619,0.2556,0.5076,14.5401,170.856,168.377666,5.2447,62.01,22.659,472538.72645421815,0.041,0
2026-07-16T12:04:30Z,5.09,24.5867,21.15,1.6075,0.213,0.423,14.6156,171.319,168.346365,5.2274,61.838,22.167,474423.1864970668,0.043,0
2026-07-16T12:04:30Z,5.101,24.4978,21.15,1.5999,0.213,0.423,14.7365,171.819,168.338005,5.2115,61.732,21.966,476652.73265859374,0.044,0
2026-07-16T12:04:30Z,5.112,24.3956,21.15,1.6266,0.213,0.423,14.5703,172.314,168.348324,5.1986,61.681,21.785,479378.6657545216,0.047,0
2026-07-16T12:04:30Z,5.124,24.2715,21.15,1.6953,0.213,0.423,15.0688,172.744,168.325917,5.1912,61.672,21.391,482457.92179130536,0.05,0
2026-07-16T12:04:30Z,5.136,24.1297,21.15,1.6877,0.213,0.423,15.1292,173.131,168.25878,5.1906,61.697,21.128,485700.0002135508,0.054,0
2026-07-16T12:04:30Z,5.15,23.9846,20.97,1.6838,0.2556,0.4653,15.0386,173.572,168.163089,5.1959,61.76,20.499,488846.76391619735,0.058,0
2026-07-16T12:04:30Z,5.166,23.8471,20.97,1.6915,0.2556,0.4653,15.099,174.145,168.031363,5.2051,61.893,19.855,491546.4619155368,0.062,0
2026-07-16T12:04:30Z,5.182,23.7194,20.97,2.0043,0.2556,0.4653,17.3499,174.847,167.828452,5.2172,62.153,19.081,493464.06416925864,0.065,0
2026-07-16T12:04:30Z,5.2,23.5919,20.97,1.9776,0.2556,0.4653,17.3046,175.611,167.526267,5.2323,62.604,18.393,494634.559610641,0.068,0
2026-07-16T12:04:30Z,5.218,23.4424,20.79,1.9623,0.2556,0.3384,17.229,176.438,167.154452,5.253,63.336,17.39,495880.5912501772,0.069,0
2026-07-16T12:04:30Z,5.237,23.2471,20.79,1.9547,0.2556,0.3384,17.229,177.338,166.69802,5.2847,64.471,16.42,497742.7851328028,0.07,0
2026-07-16T12:04:30Z,5.255,22.9975,20.79,2.5918,0.2556,0.3384,23.2263,178.213,166.013157,5.3333,66.074,15.647,499356.88979947416,0.069,0
2026-07-16T12:04:30Z,5.273,22.7046,20.79,2.6146,0.2556,0.3384,23.2565,179.18,165.155748,5.4037,68.074,14.988,500844.7604141757,0.067,0
2026-07-16T12:04:30Z,5.29,22.378,21.24,2.6185,0.2556,0.4653,23.3622,180.366,164.249927,5.5034,70.309,14.539,502907.7007208029,0.064,0
2026-07-16T12:04:30Z,5.306,22.0113,21.24,2.5956,0.2556,0.4653,23.2716,181.42,163.078114,5.6444,72.574,14.021,504011.6006045081,0.06,0
2026-07-16T12:04:30Z,5.321,21.591,21.24,2.8664,0.2556,0.4653,29.5861,182.275,161.692537,5.8347,74.687,13.562,504929.451406529,0.056,0
2026-07-16T12:04:30Z,5.335,21.1032,21.24,2.8321,0.2556,0.4653,29.7221,183.151,160.395125,6.0711,76.53,12.96,508507.4163181545,0.051,0
2026-07-16T12:04:30Z,5.347,20.5499,21.24,2.8512,0.2556,0.4653,29.5559,183.737,158.992169,6.3401,78.036,12.781,513195.97013309156,0.046,0
2026-07-16T12:04:30Z,5.358,19.9607,21.42,2.8588,0.2556,0.5076,29.4955,183.97,157.458171,6.621,79.166,12.55,517943.56318695075,0.042,0
2026-07-16T12:04:30Z,5.368,19.3679,21.42,3.5683,0.2556,0.5076,42.9251,184.08,156.045348,6.8933,79.924,12.412,523934.10198098805,0.037,0
2026-07-16T12:04:30Z,5.376,18.7984,21.42,3.5798,0.2556,0.5076,42.9855,183.669,154.443045,7.1423,80.344,12.261,527657.47768499,0.034,0
2026-07-16T12:04:30Z,5.384,18.272,21.42,3.5912,0.2556,0.5076,42.8647,182.686,152.546515,7.358,80.457,12.134,527431.3692372745,0.03,0
2026-07-16T12:04:30Z,5.391,17.796,21.33,3.576,0.2556,0.423,43.0308,181.735,150.82175,7.5344,80.304,12.066,527079.4714181571,0.028,0
2026-07-16T12:04:30Z,5.398,17.3827,21.33,8.024,0.2556,0.423,121.1311,180.687,149.175457,7.6685,79.948,11.871,525374.7192076441,0.025,0
2026-07-16T12:04:30Z,5.404,17.037,21.33,8.0583,0.2556,0.423,121.1009,179.331,147.410942,7.7615,79.454,11.755,520363.51199401275,0.023,0
2026-07-16T12:04:30Z,5.409,16.7411,21.33,8.0392,0.2556,0.423,121.1613,178.145,145.902948,7.8184,78.89,11.603,516030.3171229972,0.021,0
2026-07-16T12:04:30Z,5.415,16.4842,21.42,8.0392,0.2556,0.5076,121.0706,176.873,144.447656,7.8442,78.324,11.45,510887.1528829841,0.02,0
2026-07-16T12:04:30Z,5.42,16.2686,21.42,20.9941,0.2556,0.5076,370.78,175.074,142.652918,7.8438,77.813,11.28,501324.6545764876,0.018,0
2026-07-16T12:04:30Z,5.424,16.0887,21.42,20.9712,0.2556,0.5076,370.8706,173.208,140.859237,7.8243,77.404,11.231,490682.8171226678,0.017,0
2026-07-16T12:04:30Z,5.428,15.94,21.42,20.9827,0.2556,0.5076,370.78,171.446,139.187106,7.7929,77.124,11.204,480229.2945327491,0.016,0
2026-07-16T12:04:30Z,5.432,15.8234,21.42,20.9751,0.2982,0.5076,370.7951,169.893,137.703151,7.756,76.958,11.16,470549.0406135177,0.015,0
2026-07-16T12:04:30Z,5.436,15.7309,21.42,29.4362,0.2982,0.5076,821.0574,168.699,136.530177,7.7205,76.875,11.124,462951.33785818523,0.015,0
2026-07-16T12:04:30Z,5.439,15.6525,21.42,29.4209,0.2982,0.5076,821.0272,167.514,135.397437,7.6928,76.856,11.035,455340.45817751775,0.014,0
2026-07-16T12:04:30Z,5.443,15.5834,21.42,29.44,0.2982,0.5076,821.0725,166.528,134.451276,7.6765,76.885,10.913,449120.4909530231,0.014,0
2026-07-16T12:04:30Z,5.446,15.5185,21.42,29.4247,0.2982,0.5076,821.0423,165.908,133.829742,7.6706,76.943,10.798,445595.26149277535,0.014,0
2026-07-16T12:04:30Z,5.45,15.4587,21.33,0.2686,0.2556,0.423,162.2508,165.223,133.17693,7.6722,77.005,10.676,441666.0201643347,0.015,0
2026-07-16T12:04:30Z,5.454,15.4073,21.33,0.3067,0.2556,0.423,162.3414,164.551,132.532932,7.6789,77.028,10.543,437589.9949022182,0.015,0
2026-07-16T12:04:30Z,5.458,15.3631,21.33,0.2609,0.2556,0.423,162.2357,164.087,132.060285,7.6891,76.981,10.44,434783.1033252009,0.015,0
2026-07-16T12:04:30Z,5.461,15.3273,21.33,0.28,0.2556,0.423,162.281,163.619,131.59692,7.7009,76.835,10.309,431831.22166384273,0.015,0
2026-07-16T12:04:30Z,5.465,15.2972,21.42,-0.2769,0.2556,0.4653,-0.8383,163.195,131.179391,7.712,76.554,9.981,429118.91636347614,0.015,0
2026-07-16T12:04:30Z,5.469,15.2664,21.42,-0.296,0.2556,0.4653,-0.8836,162.917,130.898506,7.7195,76.131,9.6169,427581.4798211371,0.014,0
2026-07-16T12:04:30Z,5.473,15.2364,21.42,-0.2693,0.2556,0.4653,-0.8987,162.69,130.68336300000001,7.7197,75.588,9.2039,426576.4948918027,0.013,0
2026-07-16T12:04:30Z,5.476,15.2101,21.42,-0.2846,0.2556,0.4653,-0.8231,162.543,130.552642,7.7094,74.962,8.9378,426182.3256798875,0.012,0
2026-07-16T12:04:30Z,5.479,15.1869,21.24,-0.2998,0.2982,0.3384,-1.1102,162.493,130.515517,7.6851,74.304,8.8144,426492.70778780984,0.011,0
2026-07-16T12:04:30Z,5.482,15.1692,21.24,-0.2998,0.2982,0.3384,-1.1102,162.49,130.530066,7.6455,73.682,8.7135,427091.35880700365,0.01,0
2026-07-16T12:04:30Z,5.484,15.1594,21.24,-0.2884,0.2982,0.3384,-1.08,162.525,130.58616,7.5926,73.168,8.67,427828.90979680035,0.008,0
2026-07-16T12:04:30Z,5.486,15.1556,21.24,-0.2579,0.2982,0.3384,-1.1102,162.585,130.670739,7.5304,72.802,8.5763,428646.3921957857,0.007,0
2026-07-16T12:04:30Z,5.488,15.1565,21.24,-0.2922,0.2982,0.3384,-1.08,162.635,130.752323,7.4642,72.563,8.567,429312.4031956966,0.006,0
2026-07-16T12:04:30Z,5.489,15.1617,21.42,-0.2693,0.2556,0.423,-1.1253,162.659,130.816641,7.4008,72.381,8.5317,429716.24295749015,0.005,0
2026-07-16T12:04:30Z,5.49,15.1704,21.42,-0.2769,0.2556,0.423,-1.1102,162.658,130.862836,7.3478,72.176,8.4432,429871.83047680755,0.004,0
2026-07-16T12:04:30Z,5.491,15.1816,21.42,-0.2541,0.2556,0.423,-1.1555,162.637,130.893221,7.3093,71.875,8.4671,429825.76489854406,0.004,0
2026-07-16T12:04:30Z,5.492,15.1944,21.42,-0.2693,0.2556,0.423,-1.1102,162.602,130.911895,7.2833,71.431,8.423,429637.2831923097,0.003,0
2026-07-16T12:04:30Z,5.493,15.2083,21.33,-0.2846,0.2556,0.423,-1.0951,162.547,130.915836,7.263,70.821,8.423,429294.612807664,0.003,0
2026-07-16T12:04:30Z,5.493,15.2227,21.33,-0.2922,0.2556,0.423,-1.0951,162.524,130.948126,7.2401,70.054,8.3993,429178.3160800493,0.002,0
2026-07-16T12:04:30Z,5.494,15.2372,21.33,-0.2655,0.2556,0.423,-1.1102,162.57,131.041393,7.2077,69.171,8.361,429574.5646582245,0.002,0
2026-07-16T12:04:30Z,5.494,15.2517,21.33,-0.2769,0.2556,0.423,-1.0649,162.619,131.142455,7.1609,68.232,8.3157,430036.6082374055,0.002,0
2026-07-16T12:04:30Z,5.495,15.2665,21.33,-0.3075,0.2982,0.5076,-1.08,162.605,131.198205,7.0976,67.293,8.2527,430107.35993357183,0.002,0
2026-07-16T12:04:30Z,5.495,15.2822,21.33,-0.2808,0.2982,0.5076,-1.08,162.552,131.225516,7.0184,66.392,8.2635,429913.4135236395,0.001,0
2026-07-16T12:04:30Z,5.496,15.2994,21.33,-0.2922,0.2982,0.5076,-1.0497,162.495,131.249686,6.9274,65.548,8.2509,429652.57701352506,0.001,0
