DateTime,Depth_m,Temp_C,CDOM_ugL,Chla_ugL,Phycoerythrin_ugL,Phycocyanin_ugL,Turbidity_NTU,Cond_uScm,SpCond_uScm,DO_mgL,DOsat_percent,PAR,Salinity,DescRate_ms ,Flag
2026-07-23T11:13:45Z,-0.107,25.8355,0.99,1.249,0.0426,0.0423,1.9111,151.276,158.985646,7.3482,91.409,221.8,383016.3504358828,0.162,0
2026-07-23T11:13:45Z,-0.065,26.4708,0.99,1.2223,0.0426,0.0423,1.9715,151.572,159.613675,7.2771,91.822,212.18,374153.5145728284,0.154,0
2026-07-23T11:13:45Z,-0.028,26.9339,8.1,1.2719,0.1278,0.423,1.9715,151.574,159.796795,7.236,92.238,203.78,366268.2378215201,0.142,0
2026-07-23T11:13:45Z,0.007,27.2543,8.1,1.2528,0.1278,0.423,1.8507,151.424,159.714117,7.2196,92.632,203.95,359732.5699448823,0.13,0
2026-07-23T11:13:45Z,0.038,27.4667,8.1,1.2223,0.1278,0.423,1.896,151.263,159.540007,7.2217,92.983,215.99,354798.0785222748,0.117,0
2026-07-23T11:13:45Z,0.067,27.6009,8.1,1.2795,0.1278,0.423,1.9715,151.147,159.358305,7.2364,93.272,220.93,351314.9621854338,0.105,0
2026-07-23T11:13:45Z,0.092,27.6785,8.28,1.2451,0.0852,0.5076,1.9111,151.028,159.150609,7.2588,93.489,141.48,348740.07975686213,0.093,0
2026-07-23T11:13:45Z,0.114,27.7145,8.28,1.2642,0.0852,0.5076,1.9866,150.851,158.87756,7.2849,93.642,132.5,346560.7147218807,0.081,0
2026-07-23T11:13:45Z,0.133,27.7195,8.28,1.2604,0.0852,0.5076,1.9715,150.645,158.574561,7.3118,93.739,161.85,344775.9625056001,0.071,0
2026-07-23T11:13:45Z,0.149,27.7038,8.28,1.2642,0.0852,0.5076,1.9413,150.473,158.309109,7.3365,93.796,165.08,343572.7264842789,0.061,0
2026-07-23T11:13:45Z,0.163,27.6788,8.28,1.2451,0.0852,0.4653,1.8809,150.355,158.092579,7.3568,93.822,142.9,342808.04823696514,0.053,0
2026-07-23T11:13:45Z,0.175,27.6514,8.28,1.2566,0.0852,0.4653,1.896,150.288,157.905305,7.3724,93.822,146.58,342248.8589395938,0.046,0
2026-07-23T11:13:45Z,0.186,27.6237,8.28,1.2757,0.0852,0.4653,1.9413,150.263,157.729406,7.3837,93.81,130.75,341758.15984058176,0.04,0
2026-07-23T11:13:45Z,0.195,27.5962,8.28,1.2413,0.0852,0.4653,1.9413,150.264,157.554041,7.3917,93.803,143.4,341266.7156789944,0.034,0
2026-07-23T11:13:45Z,0.203,27.5658,8.28,1.2719,0.0852,0.4653,1.9413,150.278,157.382533,7.3978,93.78,159.51,340847.6047724684,0.028,0
2026-07-23T11:13:45Z,0.209,27.5272,8.28,1.2566,0.1278,0.4653,1.8507,150.299,157.225244,7.4029,93.724,142.66,340651.68193029915,0.024,0
2026-07-23T11:13:45Z,0.214,27.4775,8.28,1.268,0.1278,0.4653,1.8356,150.305,157.078296,7.4085,93.667,135.14,340708.5426363092,0.02,0
2026-07-23T11:13:45Z,0.218,27.419,8.28,1.2604,0.1278,0.4653,1.9413,150.264,156.922531,7.4157,93.626,163.3,340871.3522367922,0.017,0
2026-07-23T11:13:45Z,0.222,27.357,8.28,1.2757,0.1278,0.4653,1.8809,150.164,156.746464,7.4221,93.592,137.42,340982.62617800117,0.014,0
2026-07-23T11:13:45Z,0.225,27.2974,8.19,1.2375,0.0852,0.423,1.9111,150.037,156.56727,7.4255,93.562,164.19,341033.8784836349,0.013,0
2026-07-23T11:13:45Z,0.228,27.2465,8.19,1.2719,0.0852,0.423,1.9564,149.925,156.413308,7.4277,93.534,138.71,341072.30045392184,0.011,0
2026-07-23T11:13:45Z,0.231,27.2092,8.19,1.2642,0.0852,0.423,1.9262,149.849,156.295624,7.4294,93.512,162.63,341073.1005400618,0.01,0
2026-07-23T11:13:45Z,0.233,27.1855,8.19,1.249,0.0852,0.423,1.8658,149.822,156.212892,7.4299,93.508,122.07,341028.8952154744,0.008,0
2026-07-23T11:13:45Z,0.234,27.1699,8.28,1.2566,0.0852,0.423,1.9564,149.862,156.167097,7.4296,93.519,161.96,341048.3596292378,0.007,0
2026-07-23T11:13:45Z,0.236,27.1575,8.28,1.3253,0.0852,0.423,1.9111,149.971,156.154038,7.429,93.529,126.06,341194.8889140303,0.006,0
2026-07-23T11:13:45Z,0.237,27.1446,8.28,1.2947,0.0852,0.423,1.8507,150.107,156.14017,7.429,93.538,158.61,341345.8444976564,0.005,0
2026-07-23T11:13:45Z,0.239,27.1264,8.28,1.3291,0.0852,0.423,1.9715,150.219,156.085717,7.4311,93.556,143.21,341362.8677407274,0.004,0
2026-07-23T11:13:45Z,0.24,27.0974,8.28,1.3138,0.0426,0.423,1.896,150.307,156.000193,7.4359,93.578,155.47,341396.9394909915,0.003,0
2026-07-23T11:13:45Z,0.24,27.0553,8.28,1.3024,0.0426,0.423,1.9111,150.401,155.936924,7.4423,93.59,148.6,341789.2359164551,0.001,0
2026-07-23T11:13:45Z,0.241,27.0036,8.28,1.3138,0.0426,0.423,1.8054,150.514,155.929125,7.4499,93.59,144.03,342666.71337909525,0,0
2026-07-23T11:13:45Z,0.24,26.9465,8.28,1.2986,0.0426,0.423,1.8205,150.614,155.936637,7.459,93.577,164.51,343730.6655903583,-0.002,0
2026-07-23T11:13:45Z,0.239,26.8877,8.28,1.3062,0.0426,0.423,1.896,150.667,155.907362,7.4685,93.554,150.88,344620.3810673443,-0.003,0
2026-07-23T11:13:45Z,0.238,26.8343,8.28,1.2986,0.0852,0.3807,1.5939,150.708,155.863547,7.4767,93.526,161.04,345333.0635530614,-0.004,0
2026-07-23T11:13:45Z,0.237,26.7927,8.28,1.3367,0.0852,0.3807,1.5788,150.769,155.823563,7.4823,93.5,156.53,345856.40040229505,-0.005,0
2026-07-23T11:13:45Z,0.235,26.7609,8.28,1.3214,0.0852,0.3807,1.6241,150.842,155.768732,7.4855,93.479,150.59,346118.6598242738,-0.005,0
2026-07-23T11:13:45Z,0.234,26.7329,8.28,1.3253,0.0852,0.3807,1.6543,150.925,155.708469,7.4873,93.462,171.89,346281.3750346999,-0.005,0
2026-07-23T11:13:45Z,0.233,26.7041,8.28,1.3024,0.1278,0.4653,1.5939,151.009,155.658752,7.489,93.451,150.39,346519.09597924724,-0.005,0
2026-07-23T11:13:45Z,0.231,26.67,8.28,1.2947,0.1278,0.4653,1.6694,151.077,155.614332,7.4916,93.445,165.55,346883.7205365964,-0.005,0
2026-07-23T11:13:45Z,0.23,26.6268,8.28,1.3253,0.1278,0.4653,1.6845,151.125,155.573377,7.4957,93.443,155.14,347434.48886380973,-0.005,0
2026-07-23T11:13:45Z,0.229,26.5787,8.28,1.2986,0.1278,0.4653,1.6543,151.171,155.557021,7.5009,93.439,157.75,348217.5448114833,-0.005,0
2026-07-23T11:13:45Z,0.228,26.5334,8.28,1.2947,0.0426,0.3807,1.9262,151.228,155.568915,7.5061,93.427,158.96,349114.6633266665,-0.005,0
2026-07-23T11:13:45Z,0.226,26.4953,8.28,1.249,0.0426,0.3807,1.9111,151.275,155.576164,7.5107,93.41,165.73,349855.50813381176,-0.005,0
2026-07-23T11:13:45Z,0.225,26.4657,8.28,1.2566,0.0426,0.3807,1.8809,151.331,155.580702,7.5146,93.394,160.66,350426.10892429546,-0.004,0
2026-07-23T11:13:45Z,0.224,26.4444,8.28,1.2299,0.0426,0.3807,1.9262,151.435,155.605782,7.5171,93.383,120.99,350963.9016505508,-0.004,0
2026-07-23T11:13:45Z,0.223,26.429,8.28,1.2413,0.0426,0.3807,1.9262,151.573,155.624025,7.5183,93.379,144.56,351353.94810006116,-0.003,0
2026-07-23T11:13:45Z,0.223,26.4154,8.28,1.2604,0.0852,0.4653,1.9715,151.713,155.602218,7.5187,93.378,126.78,351478.60264790006,-0.003,0
2026-07-23T11:13:45Z,0.222,26.3979,8.28,1.2261,0.0852,0.4653,1.8658,151.831,155.542551,7.5198,93.378,142.22,351455.5087688236,-0.002,0
2026-07-23T11:13:45Z,0.222,26.3709,8.28,1.2413,0.0852,0.4653,1.9111,151.906,155.459155,7.5226,93.38,139.77,351470.1234831673,-0.002,0
2026-07-23T11:13:45Z,0.221,26.3301,8.28,1.2642,0.0852,0.4653,1.8356,151.947,155.381877,7.5279,93.386,126.23,351775.69726162875,-0.002,0
2026-07-23T11:13:45Z,0.22,26.2757,8.28,1.3291,0.1278,0.54990000000000006,1.6543,151.962,155.328176,7.5352,93.397,140.47,352471.64673382574,-0.001,0
2026-07-23T11:13:45Z,0.22,26.2162,8.28,1.3024,0.1278,0.54990000000000006,1.6845,151.94,155.279721,7.5433,93.405,144.78,353295.3866795238,-0.001,0
2026-07-23T11:13:45Z,0.22,26.1634,8.28,1.31,0.1278,0.54990000000000006,1.5637,151.886,155.223592,7.5507,93.405,141.79,353951.7839424043,-0,0
2026-07-23T11:13:45Z,0.221,26.1243,8.28,1.2947,0.1278,0.54990000000000006,1.5183,151.821,155.160856,7.5566,93.4,139.07,354314.7967574663,-0,0
2026-07-23T11:13:45Z,0.221,26.1014,8.28,1.3443,0.0852,0.3807,1.9111,151.756,155.090815,7.5605,93.395,134.26,354332.1084352941,0,0
2026-07-23T11:13:45Z,0.221,26.0928,8.28,1.3443,0.0852,0.3807,1.8658,151.694,155.016831,7.5624,93.395,148.89,354058.5708559754,0,0
2026-07-23T11:13:45Z,0.221,26.0925,8.28,1.2909,0.0852,0.3807,1.9564,151.634,154.943218,7.5624,93.4,118.62,353632.10898672673,0.001,0
2026-07-23T11:13:45Z,0.221,26.0936,8.28,1.3214,0.0852,0.3807,1.9111,151.573,154.872387,7.5618,93.409,152.79,353196.1399076215,0.001,0
2026-07-23T11:13:45Z,0.221,26.0924,8.28,1.31,0.0852,0.4653,1.9413,151.513,154.809492,7.5617,93.419,126.7,352849.88793300197,0.001,0
2026-07-23T11:13:45Z,0.221,26.0889,8.28,1.3329,0.0852,0.4653,1.8658,151.454,154.757798,7.5622,93.424,150.52,352612.27232859965,0.001,0
2026-07-23T11:13:45Z,0.222,26.0848,8.28,1.2986,0.0852,0.4653,1.7903,151.392,154.711534,7.5631,93.424,130.92,352417.6877774569,0.001,0
2026-07-23T11:13:45Z,0.222,26.082,8.28,1.3291,0.0852,0.4653,1.9413,151.318,154.658364,7.5642,93.428,151.41,352158.5110715714,0,0
2026-07-23T11:13:45Z,0.222,26.0817,8.28,1.3291,0.0852,0.4653,1.8507,151.241,154.600143,7.5651,93.436,138.32,351823.38233452564,0,0
2026-07-23T11:13:45Z,0.222,26.0846,8.28,1.3024,0.0426,0.423,1.8356,151.169,154.541382,7.5651,93.442,139.98,351425.8575829879,0,0
2026-07-23T11:13:45Z,0.222,26.0902,8.28,1.3024,0.0426,0.423,1.8507,151.099,154.478435,7.5643,93.446,127.44,350954.1315106742,0,0
2026-07-23T11:13:45Z,0.222,26.0974,8.28,1.2986,0.0426,0.423,1.8507,151.033,154.416556,7.5636,93.445,134.53,350459.5056252318,0,0
2026-07-23T11:13:45Z,0.222,26.1044,8.28,1.3176,0.0426,0.423,1.9413,150.97,154.35928,7.5632,93.444,140.07,349995.97595901525,-0.001,0
2026-07-23T11:13:45Z,0.221,26.1094,8.28,1.3291,0.1278,0.5076,1.8507,150.908,154.305359,7.5631,93.441,118.42,349589.4165127799,-0.001,0
2026-07-23T11:13:45Z,0.221,26.1122,8.28,1.3138,0.1278,0.5076,1.9564,150.853,154.256445,7.563,93.44,138.02,349252.94618518493,-0.001,0
2026-07-23T11:13:45Z,0.22,26.114,8.28,1.3024,0.1278,0.5076,1.896,150.81,154.211516,7.5627,93.441,130.13,348958.32156950934,-0.001,0
2026-07-23T11:13:45Z,0.22,26.1163,8.28,1.371,0.1278,0.5076,1.8356,150.776,154.166606,7.5623,93.443,136.65,348654.7740516538,0,0
2026-07-23T11:13:45Z,0.22,26.1195,8.28,1.3748,0.0852,0.4653,1.9111,150.745,154.121761,7.5617,93.446,132.9,348335.23735860223,0,0
2026-07-23T11:13:45Z,0.22,26.1219,8.28,1.3939,0.0852,0.4653,1.8658,150.716,154.07704,7.5612,93.455,128.11,348031.3438842701,0.001,0
2026-07-23T11:13:45Z,0.221,26.1215,8.28,1.371,0.0852,0.4653,1.8809,150.684,154.032541,7.5613,93.469,121.07,347780.3494206886,0.001,0
2026-07-23T11:13:45Z,0.221,26.1184,8.28,1.3138,0.0852,0.4653,1.8809,150.648,153.988416,7.5619,93.479,118.83,347581.18842513365,0.002,0
2026-07-23T11:13:45Z,0.222,26.1137,8.28,1.2871,0.0852,0.4653,1.8809,150.603,153.940914,7.5628,93.484,122.02,347391.8345556129,0.002,0
2026-07-23T11:13:45Z,0.222,26.1089,8.37,1.3443,0.0852,0.3807,1.9413,150.561,153.897403,7.5643,93.488,110.49,347227.4868781526,0.002,0
2026-07-23T11:13:45Z,0.223,26.1049,8.37,1.3253,0.0852,0.3807,1.8507,150.531,153.866317,7.5659,93.493,140.59,347120.5411407289,0.002,0
2026-07-23T11:13:45Z,0.223,26.1025,8.37,1.3138,0.0852,0.3807,1.8809,150.506,153.843374,7.567,93.498,122.45,347031.4879103691,0.002,0
2026-07-23T11:13:45Z,0.224,26.1017,8.37,1.3138,0.0852,0.3807,1.9262,150.48,153.826461,7.5675,93.507,126.06,346948.0790377596,0.002,0
2026-07-23T11:13:45Z,0.225,26.1017,8.37,1.3443,0.0852,0.3807,1.9413,150.444,153.811068,7.5679,93.517,116.32,346858.8334826872,0.002,0
2026-07-23T11:13:45Z,0.225,26.1017,8.37,1.2947,0.0852,0.3807,1.8356,150.388,153.789085,7.5683,93.526,125.65,346731.4052194817,0.002,0
2026-07-23T11:13:45Z,0.226,26.1024,8.37,1.352,0.0852,0.3807,1.896,150.313,153.764666,7.5686,93.533,120.91,346577.0740692633,0.001,0
2026-07-23T11:13:45Z,0.226,26.1058,8.37,1.3939,0.0852,0.3807,1.9111,150.222,153.743325,7.5689,93.534,138.23,346391.214928961,0.001,0
2026-07-23T11:13:45Z,0.226,26.1129,8.37,1.3939,0.1278,0.423,1.8809,150.127,153.721379,7.5687,93.532,122.47,346134.29139497544,0,0
2026-07-23T11:13:45Z,0.226,26.1245,8.37,1.3863,0.1278,0.423,1.9111,150.05,153.700998,7.5679,93.53,131.52,345804.4257454001,0,0
2026-07-23T11:13:45Z,0.226,26.1421,8.37,1.3825,0.1278,0.423,1.9111,149.995,153.688771,7.566,93.529,127.36,345412.59306715755,0,0
2026-07-23T11:13:45Z,0.226,26.1659,8.37,1.3596,0.1278,0.423,1.9715,149.942,153.681435,7.5629,93.526,129.11,344936.6367161107,0,0
2026-07-23T11:13:45Z,0.226,26.1909,8.37,1.371,0.1278,0.423,1.8507,149.875,153.673028,7.5593,93.519,128.5,344433.5194228565,0,0
2026-07-23T11:13:45Z,0.226,26.2105,8.28,1.3787,0.0426,0.423,1.8507,149.8,153.661312,7.5564,93.511,128.19,344010.2148379849,0,0
2026-07-23T11:13:45Z,0.226,26.2252,8.28,1.3138,0.0426,0.423,1.9413,149.729,153.643169,7.5543,93.503,116.4,343639.34980634256,0,0
2026-07-23T11:13:45Z,0.226,26.2408,8.28,1.3367,0.0426,0.423,1.9715,149.674,153.617771,7.5519,93.497,136.41,343210.9801610808,-0.001,0
2026-07-23T11:13:45Z,0.226,26.2608,8.28,1.3367,0.0426,0.423,1.9262,149.636,153.586362,7.5486,93.492,126.72,342669.24611195223,-0.001,0
2026-07-23T11:13:45Z,0.225,26.2826,8.28,1.3138,0.0852,0.3807,1.9111,149.607,153.556593,7.545,93.49,124.3,342105.3982848288,0,0
2026-07-23T11:13:45Z,0.225,26.3007,8.28,1.3214,0.0852,0.3807,1.8658,149.582,153.53655,7.5419,93.493,125.82,341664.7650697461,0,0
2026-07-23T11:13:45Z,0.225,26.3111,8.28,1.3138,0.0852,0.3807,1.9111,149.55,153.520888,7.54,93.499,129.7,341388.17715014436,0,0
2026-07-23T11:13:45Z,0.225,26.3138,8.28,1.3062,0.0852,0.3807,1.8658,149.513,153.505434,7.5392,93.502,120.52,341251.3290951827,0,0
2026-07-23T11:13:45Z,0.225,26.3136,8.28,1.31,0.0852,0.4653,1.8809,149.478,153.490074,7.5391,93.502,128.75,341167.1513447167,0,0
2026-07-23T11:13:45Z,0.225,26.3156,8.28,1.3787,0.0852,0.4653,1.9715,149.447,153.470716,7.5391,93.501,135.67,341020.6440677891,0,0
2026-07-23T11:13:45Z,0.225,26.3213,8.28,1.3558,0.0852,0.4653,1.9866,149.426,153.450213,7.5388,93.501,128.55,340801.25966660766,-0.001,0
2026-07-23T11:13:45Z,0.225,26.3288,8.28,1.371,0.0852,0.4653,1.8356,149.415,153.435116,7.538,93.504,117.03,340580.5883482655,-0.001,0
2026-07-23T11:13:45Z,0.225,26.3357,8.28,1.3672,0.0852,0.5076,1.8809,149.404,153.425406,7.537,93.508,119.74,340401.53907910455,-0.001,0
2026-07-23T11:13:45Z,0.225,26.3398,8.28,1.4016,0.0852,0.5076,1.9111,149.381,153.414484,7.5363,93.511,129.34,340265.8200620664,-0.001,0
2026-07-23T11:13:45Z,0.224,26.3403,8.28,1.3443,0.0852,0.5076,1.8205,149.342,153.395434,7.5363,93.512,134.58,340148.2666355265,-0.001,0
2026-07-23T11:13:45Z,0.224,26.3391,8.28,1.3825,0.0852,0.5076,1.8658,149.303,153.371191,7.5367,93.511,132.7,340031.5664927477,-0.001,0
2026-07-23T11:13:45Z,0.224,26.3397,8.28,1.3634,0.0852,0.5076,1.9111,149.278,153.351321,7.5369,93.505,116.02,339907.6024959051,-0.001,0
2026-07-23T11:13:45Z,0.223,26.344,8.28,1.3176,0.0852,0.4653,1.8809,149.266,153.338539,7.5366,93.492,129.87,339757.88514113193,-0.002,0
2026-07-23T11:13:45Z,0.223,26.3507,8.28,1.3214,0.0852,0.4653,1.8658,149.246,153.329434,7.5358,93.474,127.86,339586.28182913025,-0.002,0
2026-07-23T11:13:45Z,0.222,26.3562,8.28,1.3291,0.0852,0.4653,1.8507,149.212,153.321577,7.535,93.453,143.28,339443.30679652025,-0.002,0
2026-07-23T11:13:45Z,0.221,26.3578,8.28,1.3024,0.0852,0.4653,1.896,149.177,153.316884,7.5343,93.433,147.06,339388.0280972731,-0.002,0
2026-07-23T11:13:45Z,0.221,26.358,8.28,1.3138,0.0852,0.3807,1.6241,149.156,153.318113,7.5333,93.416,139.74,339391.45035687357,-0.002,0
2026-07-23T11:13:45Z,0.22,26.3617,8.28,1.31,0.0852,0.3807,1.6845,149.152,153.321587,7.5313,93.404,141.48,339345.15612824337,-0.001,0
2026-07-23T11:13:45Z,0.22,26.3708,8.28,1.3405,0.0852,0.3807,1.7298,149.155,153.324225,7.5284,93.398,135.79,339197.7486969466,-0.001,0
2026-07-23T11:13:45Z,0.22,26.3815,8.28,1.3214,0.0852,0.3807,1.6241,149.15,153.326728,7.5253,93.401,133.59,339021.130597082,-0,0
2026-07-23T11:13:45Z,0.22,26.389,8.28,1.4435,0.0852,0.54990000000000006,1.9715,149.13,153.333768,7.5229,93.411,126.83,338927.4379863515,0,0
2026-07-23T11:13:45Z,0.22,26.3915,8.28,1.4092,0.0852,0.54990000000000006,1.9413,149.101,153.343219,7.5216,93.424,133.97,338936.5796747257,0.001,0
2026-07-23T11:13:45Z,0.221,26.3914,8.28,1.4168,0.0852,0.54990000000000006,1.9111,149.078,153.345585,7.5212,93.439,140.44,338951.80497704435,0.001,0
2026-07-23T11:13:45Z,0.221,26.394,8.28,1.4664,0.0852,0.54990000000000006,1.8809,149.072,153.345506,7.521,93.456,129.34,338905.0182758853,0.002,0
2026-07-23T11:13:45Z,0.222,26.4033,8.28,1.3596,0.0852,0.54990000000000006,1.8205,149.075,153.350973,7.5205,93.473,132.55,338770.38274072617,0.002,0
2026-07-23T11:13:45Z,0.223,26.4163,8.28,1.3672,0.0852,0.2538,1.7752,149.068,153.363441,7.5198,93.483,119.84,338609.6995985958,0.002,0
2026-07-23T11:13:45Z,0.223,26.4251,8.28,1.4092,0.0852,0.2538,1.896,149.045,153.37822,7.5198,93.486,139.47,338536.9606483026,0.001,0
2026-07-23T11:13:45Z,0.223,26.427,8.28,1.3977,0.0852,0.2538,1.896,149.014,153.387235,7.5209,93.485,137.36,338554.3025119474,0.001,0
2026-07-23T11:13:45Z,0.223,26.4278,8.28,1.3939,0.0852,0.2538,1.9111,149,153.392897,7.5222,93.481,123.41,338572.1923685055,0.001,0
2026-07-23T11:13:45Z,0.223,26.4343,8.37,1.3748,0.0852,0.2538,1.9866,149.011,153.396716,7.5221,93.48,136.74,338478.2186282235,0.001,0
2026-07-23T11:13:45Z,0.224,26.4475,8.37,1.371,0.0852,0.2538,1.8658,149.029,153.395702,7.5205,93.483,128.69,338237.7856026094,0.001,0
2026-07-23T11:13:45Z,0.224,26.4612,8.37,1.3863,0.0852,0.2538,1.9111,149.037,153.393586,7.5186,93.488,125.65,337982.4521648948,0.001,0
2026-07-23T11:13:45Z,0.224,26.4679,8.37,1.3024,0.0852,0.2538,1.609,149.029,153.39381,7.5174,93.494,123.6,337864.79741607385,0.001,0
2026-07-23T11:13:45Z,0.225,26.4654,8.28,1.3176,0.0852,0.5076,1.6694,149.011,153.392427,7.5176,93.5,123.01,337901.3342036052,0.001,0
2026-07-23T11:13:45Z,0.225,26.4589,8.28,1.2986,0.0852,0.5076,1.7449,149.001,153.389073,7.5188,93.508,124.48,337997.7256163409,0.001,0
2026-07-23T11:13:45Z,0.225,26.4554,8.28,1.3367,0.0852,0.5076,1.5486,149.009,153.386862,7.5196,93.516,145.25,338047.35028611025,0.001,0
2026-07-23T11:13:45Z,0.225,26.4581,8.28,1.3596,0.0852,0.5076,1.6845,149.024,153.385202,7.5198,93.52,119.35,337990.0033336006,0.001,0
2026-07-23T11:13:45Z,0.225,26.4637,8.28,1.3596,0.0426,0.423,1.7449,149.034,153.387655,7.5195,93.517,128.72,337904.48454866896,0.001,0
2026-07-23T11:13:45Z,0.225,26.4662,8.28,1.3672,0.0426,0.423,1.6543,149.035,153.39888,7.5198,93.513,127.25,337923.67538840015,0.001,0
2026-07-23T11:13:45Z,0.226,26.4629,8.28,1.3558,0.0426,0.423,1.6543,149.028,153.413858,7.5209,93.513,123.73,338067.09055665584,0.001,0
2026-07-23T11:13:45Z,0.226,26.4571,8.28,1.3672,0.0426,0.423,1.9715,149.022,153.424564,7.522,93.513,137.51,338230.77179050806,0.001,0
2026-07-23T11:13:45Z,0.227,26.4543,8.28,1.3863,0.0426,0.423,1.9413,149.033,153.433856,7.5221,93.516,144.31,338333.1934594739,0.001,0
2026-07-23T11:13:45Z,0.227,26.4576,8.28,1.3672,0.0852,0.4653,1.9564,149.059,153.444213,7.5214,93.522,117.52,338333.24411791324,0.001,0
2026-07-23T11:13:45Z,0.228,26.465,8.28,1.3634,0.0852,0.4653,1.9111,149.079,153.450379,7.5203,93.529,134.12,338236.69027909584,0.001,0
2026-07-23T11:13:45Z,0.228,26.4705,8.28,1.3787,0.0852,0.4653,1.8507,149.079,153.449987,7.5196,93.531,117.65,338136.7743773295,0.001,0
2026-07-23T11:13:45Z,0.228,26.4698,8.28,1.3596,0.0852,0.4653,1.9413,149.063,153.442933,7.5199,93.529,125.52,338109.2501237546,0,0
2026-07-23T11:13:45Z,0.228,26.4644,8.28,1.3787,0.0852,0.423,2.0169,149.048,153.431348,7.5212,93.525,134.35,338139.52795349056,0,0
2026-07-23T11:13:45Z,0.227,26.4596,8.28,1.3558,0.0852,0.423,1.8205,149.054,153.424165,7.5223,93.519,121.44,338184.094562431,-0.001,0
2026-07-23T11:13:45Z,0.227,26.4595,8.28,1.3787,0.0852,0.423,1.8809,149.08,153.423474,7.5225,93.512,126.5,338181.956116055,-0.001,0
2026-07-23T11:13:45Z,0.227,26.4628,8.28,1.352,0.0852,0.423,1.896,149.107,153.421075,7.522,93.507,112.86,338109.748706525,0,0
2026-07-23T11:13:45Z,0.227,26.464,8.28,1.3863,0.0852,0.5076,1.9111,149.128,153.42033,7.5214,93.5,130.5,338084.2174402142,0,0
2026-07-23T11:13:45Z,0.227,26.4595,8.28,1.371,0.0852,0.5076,1.9866,149.151,153.429055,7.5215,93.491,127.55,338213.5793390228,0,0
2026-07-23T11:13:45Z,0.227,26.4503,8.28,1.3825,0.0852,0.5076,1.8507,149.182,153.449576,7.5223,93.487,124.24,338493.4297836139,0,0
2026-07-23T11:13:45Z,0.227,26.4403,8.28,1.371,0.0852,0.5076,1.9564,149.222,153.483359,7.5232,93.49,125.95,338863.0221497147,0.001,0
2026-07-23T11:13:45Z,0.227,26.4327,8.28,1.3939,0.0852,0.5076,1.9111,149.268,153.527389,7.5237,93.496,138.23,339248.42155939166,0.002,0
2026-07-23T11:13:45Z,0.227,26.4278,8.28,1.3787,0.0852,0.4653,1.9262,149.32,153.577382,7.5237,93.502,120.18,339619.90750993555,0.003,0
2026-07-23T11:13:45Z,0.228,26.4242,8.28,1.3901,0.0852,0.4653,1.8205,149.385,153.63064,7.5238,93.507,132.18,339987.05763423815,0.003,0
2026-07-23T11:13:45Z,0.229,26.4215,8.28,1.3634,0.0852,0.4653,1.896,149.462,153.689344,7.5244,93.515,127.5,340369.4058719407,0.004,0
2026-07-23T11:13:45Z,0.23,26.4206,8.28,1.3901,0.0852,0.4653,1.9413,149.54,153.753117,7.5251,93.53,118.85,340748.6968471901,0.005,0
2026-07-23T11:13:45Z,0.232,26.4193,8.28,1.3634,0.0852,0.423,1.8356,149.617,153.816926,7.5257,93.55,109.98,341135.6374655235,0.006,0
2026-07-23T11:13:45Z,0.233,26.4147,8.28,1.3596,0.0852,0.423,1.8809,149.714,153.88176,7.5267,93.573,130.55,341587.965877439,0.006,0
2026-07-23T11:13:45Z,0.235,26.4081,8.28,1.4016,0.0852,0.423,1.8809,149.851,153.950884,7.5283,93.598,121.86,342101.21540512494,0.007,0
2026-07-23T11:13:45Z,0.237,26.4026,8.28,1.3558,0.0852,0.423,1.8809,150.035,154.022694,7.5302,93.63,138.14,342610.6153760768,0.007,0
2026-07-23T11:13:45Z,0.239,26.3972,8.28,1.3787,0.0852,0.5922,1.9564,150.256,154.088282,7.5326,93.667,119.97,343083.17454638344,0.007,0
2026-07-23T11:13:45Z,0.241,26.3857,8.28,1.3596,0.0852,0.5922,1.9413,150.483,154.145091,7.536,93.704,124.54,343616.1578409609,0.007,0
2026-07-23T11:13:45Z,0.243,26.3621,8.28,1.371,0.0852,0.5922,2.0018,150.683,154.204248,7.5412,93.732,118.49,344382.5073161004,0.007,0
2026-07-23T11:13:45Z,0.245,26.3231,8.28,1.3596,0.0852,0.5922,1.8507,150.826,154.259477,7.5491,93.752,113.01,345407.8899964263,0.006,0
2026-07-23T11:13:45Z,0.246,26.2696,8.37,1.3863,0.0426,0.3807,1.9413,150.901,154.287435,7.5594,93.766,125.84,346543.9079750751,0.005,0
2026-07-23T11:13:45Z,0.247,26.211,8.37,1.3901,0.0426,0.3807,1.8658,150.945,154.297583,7.5704,93.775,101.91,347674.79731420084,0.004,0
2026-07-23T11:13:45Z,0.248,26.1625,8.37,1.3634,0.0426,0.3807,1.9111,150.996,154.314669,7.5794,93.776,130.27,348664.7573749319,0.003,0
2026-07-23T11:13:45Z,0.248,26.1321,8.37,1.3825,0.0426,0.3807,1.896,151.06,154.335235,7.5852,93.768,107.62,349344.39465900016,0.002,0
2026-07-23T11:13:45Z,0.248,26.1159,8.37,1.3634,0.0426,0.3807,1.9111,151.145,154.356749,7.5885,93.757,122.71,349768.69261680794,0.001,0
2026-07-23T11:13:45Z,0.249,26.1046,8.28,1.3863,0.1278,0.423,1.7903,151.254,154.384945,7.5908,93.746,122.93,350141.8877044186,0.001,0
2026-07-23T11:13:45Z,0.249,26.0928,8.28,1.3787,0.1278,0.423,2.032,151.36,154.41331,7.5924,93.733,133.45,350525.734357527,0.001,0
2026-07-23T11:13:45Z,0.249,26.078,8.28,1.3863,0.1278,0.423,1.8809,151.439,154.429366,7.5938,93.719,119.58,350893.74275487097,0,0
2026-07-23T11:13:45Z,0.249,26.0562,8.28,1.371,0.1278,0.423,1.8507,151.489,154.427374,7.596,93.708,126.01,351286.6382162364,0,0
2026-07-23T11:13:45Z,0.249,26.029,8.28,1.3825,0.0852,0.4653,1.8809,151.524,154.420826,7.5988,93.698,112.91,351753.87430431915,0,0
2026-07-23T11:13:45Z,0.249,26.0028,8.28,1.3863,0.0852,0.4653,1.9111,151.553,154.424002,7.6013,93.688,128.92,352260.3311526965,0,0
2026-07-23T11:13:45Z,0.249,25.9812,8.28,1.3596,0.0852,0.4653,1.896,151.573,154.435744,7.6032,93.677,108.82,352732.13558916544,0,0
2026-07-23T11:13:45Z,0.249,25.9637,8.28,1.3481,0.0852,0.4653,1.8658,151.579,154.445159,7.6047,93.666,138.05,353114.3667038431,0,0
2026-07-23T11:13:45Z,0.249,25.9498,8.28,1.371,0.0852,0.5076,1.9111,151.572,154.44474,7.6058,93.657,102.15,353371.8693986673,0,0
2026-07-23T11:13:45Z,0.249,25.941,8.28,1.3634,0.0852,0.5076,1.8809,151.568,154.444394,7.6063,93.655,132.29,353534.5436706472,0,0
2026-07-23T11:13:45Z,0.249,25.9382,8.28,1.3748,0.0852,0.5076,1.9413,151.579,154.45405,7.6057,93.657,105.31,353643.807898219,0,0
2026-07-23T11:13:45Z,0.249,25.9394,8.28,1.4054,0.0852,0.5076,1.9564,151.602,154.474276,7.6046,93.664,138.83,353740.39575303963,0.001,0
2026-07-23T11:13:45Z,0.249,25.9415,8.28,1.371,0.0852,0.5076,1.8809,151.633,154.502453,7.6037,93.674,115.69,353866.94527963345,0.001,0
2026-07-23T11:13:45Z,0.25,25.9425,8.28,1.4664,0.0852,0.4653,1.5183,151.665,154.532068,7.6033,93.683,120.54,354022.602258287,0.001,0
2026-07-23T11:13:45Z,0.25,25.9421,8.28,1.4321,0.0852,0.4653,1.5939,151.691,154.550983,7.6035,93.689,107.13,354141.5179292746,0.002,0
2026-07-23T11:13:45Z,0.25,25.941,8.28,1.4359,0.0852,0.4653,1.6845,151.703,154.552218,7.6042,93.693,121.84,354169.42420678627,0.002,0
2026-07-23T11:13:45Z,0.251,25.9401,8.28,1.4511,0.0852,0.4653,1.5486,151.711,154.548125,7.6052,93.697,113.82,354162.1915364282,0.002,0
2026-07-23T11:13:45Z,0.251,25.9388,8.28,1.3863,0.0852,0.4653,1.6543,151.717,154.549631,7.6061,93.703,130.41,354195.44890251115,0.002,0
2026-07-23T11:13:45Z,0.252,25.9365,8.28,1.3787,0.0852,0.4653,1.6543,151.716,154.557138,7.607,93.711,120.7,354282.8338301408,0.002,0
2026-07-23T11:13:45Z,0.253,25.9328,8.28,1.3863,0.0852,0.4653,1.6845,151.704,154.564633,7.6078,93.721,134.61,354396.44694514497,0.002,0
2026-07-23T11:13:45Z,0.253,25.9288,8.28,1.371,0.0852,0.4653,1.6241,151.688,154.566103,7.6087,93.731,112.42,354480.20766415005,0.002,0
2026-07-23T11:13:45Z,0.254,25.9272,8.37,1.3291,0.0852,0.4653,1.6845,151.69,154.569958,7.6094,93.742,120.6,354532.9827786339,0.002,0
2026-07-23T11:13:45Z,0.254,25.93,8.37,1.31,0.0852,0.4653,1.5788,151.716,154.581233,7.6097,93.75,119.16,354546.8843012059,0.002,0
2026-07-23T11:13:45Z,0.254,25.9366,8.37,1.31,0.0852,0.4653,1.5939,151.747,154.594919,7.6095,93.754,119.53,354503.64394376316,0.001,0
2026-07-23T11:13:45Z,0.254,25.9425,8.37,1.3329,0.0852,0.4653,1.6241,151.76,154.602638,7.6095,93.754,136.08,354438.3843815329,0.001,0
2026-07-23T11:13:45Z,0.255,25.9431,8.28,1.3901,0.0852,0.5076,1.9111,151.748,154.60244,7.6103,93.753,100.45,354425.9551423619,0.001,0
2026-07-23T11:13:45Z,0.255,25.9382,8.28,1.3787,0.0852,0.5076,1.9715,151.724,154.60229,7.6116,93.751,119.55,354517.0566217031,0.001,0
2026-07-23T11:13:45Z,0.255,25.9323,8.28,1.371,0.0852,0.5076,1.9866,151.7,154.606158,7.6128,93.748,104.92,354650.6660393098,0.001,0
2026-07-23T11:13:45Z,0.256,25.9305,8.28,1.3748,0.0852,0.5076,1.8507,151.683,154.623089,7.613,93.746,126.89,354784.3454275687,0.001,0
2026-07-23T11:13:45Z,0.256,25.9345,8.28,1.3863,0.0852,0.5076,1.8356,151.674,154.657601,7.6124,93.743,119.24,354912.76200986875,0.001,0
2026-07-23T11:13:45Z,0.256,25.9423,8.28,1.3863,0.0852,0.3807,2.0018,151.656,154.702866,7.6112,93.737,117.54,355033.1787010003,0,0
2026-07-23T11:13:45Z,0.256,25.9518,8.28,1.3672,0.0852,0.3807,1.8809,151.618,154.750921,7.6096,93.732,106.41,355138.0665757907,0,0
2026-07-23T11:13:45Z,0.256,25.963,8.28,1.3787,0.0852,0.3807,1.9715,151.562,154.786537,7.6079,93.731,126.94,355137.5753614046,0,0
2026-07-23T11:13:45Z,0.255,25.9775,8.28,1.3672,0.0852,0.3807,1.9111,151.529,154.815213,7.6056,93.733,126.17,355034.1268206707,0.001,0
2026-07-23T11:13:45Z,0.256,25.9982,8.28,1.3787,0.0852,0.3807,1.8205,151.569,154.864639,7.6023,93.742,139.86,354936.55968839495,0.002,0
2026-07-23T11:13:45Z,0.256,26.027,8.28,1.3901,0.0852,0.3807,1.8507,151.69,154.939983,7.5979,93.758,103.69,354839.6311467197,0.003,0
2026-07-23T11:13:45Z,0.258,26.0577,8.28,1.3901,0.0852,0.3807,1.8658,151.867,155.03328,7.5935,93.778,125.52,354812.73566766735,0.003,0
2026-07-23T11:13:45Z,0.259,26.0782,8.28,1.413,0.0852,0.3807,1.9111,152.049,155.139341,7.5909,93.794,105.33,355052.155472354,0.003,0
2026-07-23T11:13:45Z,0.26,26.0812,8.37,1.4054,0.0852,0.3384,1.9111,152.153,155.230332,7.5912,93.803,121.76,355531.3736716087,0.002,0
2026-07-23T11:13:45Z,0.26,26.0654,8.37,1.3863,0.0852,0.3384,1.9564,152.121,155.264391,7.5947,93.805,112.52,356029.1346270051,0.002,0
2026-07-23T11:13:45Z,0.26,26.0365,8.37,1.3596,0.0852,0.3384,1.9715,151.994,155.242594,7.6003,93.802,131.78,356444.8824560841,0.002,0
2026-07-23T11:13:45Z,0.26,26.0102,8.37,1.352,0.0852,0.3384,1.9413,151.867,155.21124,7.6053,93.797,117.44,356755.7800856661,0.001,0
2026-07-23T11:13:45Z,0.261,26.0052,8.37,1.3596,0.0852,0.3384,1.9111,151.803,155.202051,7.6066,93.794,138.44,356795.855800528,0.001,0
2026-07-23T11:13:45Z,0.262,26.0272,8.37,1.3863,0.0852,0.3807,1.8809,151.817,155.220597,7.6038,93.791,96.875,356490.3509475027,0.001,0
2026-07-23T11:13:45Z,0.262,26.0627,8.37,1.371,0.0852,0.3807,1.7752,151.885,155.255791,7.5986,93.787,131.15,356029.24994208117,0.001,0
2026-07-23T11:13:45Z,0.263,26.0949,8.37,1.4054,0.0852,0.3807,1.6845,151.949,155.272931,7.5938,93.785,111.91,355524.7823523502,0.001,0
2026-07-23T11:13:45Z,0.263,26.1136,8.37,1.371,0.0852,0.3807,1.6845,151.972,155.252537,7.591,93.79,138.2,355053.8281644817,0.001,0
2026-07-23T11:13:45Z,0.263,26.115,8.28,1.3672,0.0852,0.2538,1.6241,151.977,155.221228,7.5905,93.802,127.11,354843.54599226126,0.002,0
2026-07-23T11:13:45Z,0.263,26.1035,8.28,1.3748,0.0852,0.2538,1.7147,152.003,155.214736,7.5918,93.819,130.18,355020.9935937359,0.002,0
2026-07-23T11:13:45Z,0.264,26.0876,8.28,1.371,0.0852,0.2538,1.8205,152.077,155.255374,7.5938,93.835,129.7,355558.56651345873,0.002,0
2026-07-23T11:13:45Z,0.265,26.073,8.28,1.371,0.0852,0.2538,1.8507,152.187,155.333939,7.5962,93.845,111.38,356296.1009196595,0.002,0
2026-07-23T11:13:45Z,0.265,26.0611,8.37,1.3596,0.0852,0.5076,1.9413,152.272,155.403251,7.5989,93.849,134,356929.4011522534,0.001,0
2026-07-23T11:13:45Z,0.265,26.0503,8.37,1.3596,0.0852,0.5076,1.8356,152.291,155.427691,7.6018,93.845,127.05,357277.6654235019,0.001,0
2026-07-23T11:13:45Z,0.265,26.0386,8.37,1.2947,0.0852,0.5076,1.9111,152.249,155.407766,7.6047,93.839,113.21,357380.96303742164,0.001,0
2026-07-23T11:13:45Z,0.265,26.0276,8.37,1.3367,0.0852,0.5076,1.9715,152.189,155.376236,7.607,93.833,118.91,357402.44986951124,0.001,0
2026-07-23T11:13:45Z,0.266,26.0219,8.37,1.3024,0.0852,0.5076,1.8658,152.151,155.366774,7.6081,93.828,106.99,357454.2524041796,0,0
2026-07-23T11:13:45Z,0.266,26.0238,8.37,1.3176,0.0852,0.3807,1.8205,152.139,155.37686,7.6076,93.824,133.62,357477.98251295864,0,0
2026-07-23T11:13:45Z,0.266,26.0313,8.37,1.3901,0.0852,0.3807,1.9262,152.142,155.389147,7.606,93.822,113.16,357408.85452799755,0,0
2026-07-23T11:13:45Z,0.266,26.041,8.37,1.3825,0.0852,0.3807,1.9715,152.148,155.39489,7.6042,93.821,134.79,357259.50176457467,0,0
2026-07-23T11:13:45Z,0.266,26.0507,8.37,1.371,0.0852,0.3807,1.9564,152.154,155.395621,7.6024,93.821,113.97,357080.62908820854,0,0
2026-07-23T11:13:45Z,0.266,26.0577,8.28,1.3787,0.0852,0.423,1.9413,152.169,155.399547,7.6011,93.822,134.91,356971.68747106206,0,0
2026-07-23T11:13:45Z,0.266,26.0608,8.28,1.3672,0.0852,0.423,1.8507,152.195,155.411724,7.6005,93.821,117.44,356985.0937352708,0,0
2026-07-23T11:13:45Z,0.266,26.0609,8.28,1.3443,0.0852,0.423,1.8658,152.226,155.431389,7.6004,93.819,128.05,357099.34249427327,0,0
2026-07-23T11:13:45Z,0.266,26.0589,8.28,1.3634,0.0852,0.423,1.9715,152.251,155.451761,7.6007,93.819,110.92,357257.44882025477,0,0
2026-07-23T11:13:45Z,0.266,26.0551,8.28,1.3825,0.0852,0.423,1.9866,152.261,155.462245,7.6014,93.816,132.96,357391.1842349238,0,0
2026-07-23T11:13:45Z,0.266,26.0504,8.28,1.3901,0.0852,0.423,1.8658,152.254,155.45762,7.6019,93.808,115.17,357452.66455931816,0,0
2026-07-23T11:13:45Z,0.266,26.0466,8.28,1.3863,0.0852,0.423,1.9111,152.237,155.440662,7.6023,93.798,127.8,357424.23873612843,0,0
2026-07-23T11:13:45Z,0.266,26.0448,8.28,1.3672,0.0852,0.423,1.9564,152.219,155.418872,7.6025,93.792,113.28,357329.4528044438,-0.001,0
2026-07-23T11:13:45Z,0.266,26.045,8.37,1.3443,0.0426,0.3384,1.9111,152.214,155.410484,7.6023,93.791,128,357276.0983618888,-0.001,0
2026-07-23T11:13:45Z,0.266,26.0457,8.37,1.3787,0.0426,0.3384,1.8658,152.229,155.425281,7.6015,93.792,122.23,357350.32874016673,-0.001,0
2026-07-23T11:13:45Z,0.265,26.0457,8.37,1.3825,0.0426,0.3384,1.9111,152.248,155.45118,7.6007,93.79,126.97,357503.4305649363,-0.001,0
2026-07-23T11:13:45Z,0.265,26.0447,8.37,1.3596,0.0426,0.3384,1.9866,152.259,155.475049,7.6003,93.787,111.55,357663.47888590896,-0.001,0
2026-07-23T11:13:45Z,0.265,26.0436,8.37,1.3481,0.0426,0.3384,1.9715,152.254,155.487226,7.6004,93.787,138.35,357756.3065836405,-0.001,0
2026-07-23T11:13:45Z,0.265,26.0436,8.28,1.3825,0.0852,0.423,1.9413,152.236,155.48695,7.6005,93.79,109.34,357754.6740270014,0,0
2026-07-23T11:13:45Z,0.265,26.0456,8.28,1.3748,0.0852,0.423,1.7449,152.215,155.482164,7.6001,93.791,141.94,357688.5358977273,0,0
2026-07-23T11:13:45Z,0.265,26.0498,8.28,1.3863,0.0852,0.423,1.8507,152.197,155.479608,7.5992,93.791,103.65,357593.99808375764,-0,0
2026-07-23T11:13:45Z,0.265,26.0555,8.28,1.3634,0.0852,0.423,1.9111,152.187,155.482609,7.5984,93.789,139.8,357503.98708873335,-0,0
2026-07-23T11:13:45Z,0.265,26.0615,8.28,1.3901,0.0852,0.423,1.9111,152.176,155.483951,7.5978,93.788,111.94,357398.53611905297,-0,0
2026-07-23T11:13:45Z,0.265,26.0671,8.28,1.3634,0.0852,0.423,1.9262,152.162,155.479988,7.5972,93.787,126.37,357269.342398709,-0,0
2026-07-23T11:13:45Z,0.265,26.0721,8.28,1.3787,0.0852,0.423,1.9564,152.15,155.477676,7.5965,93.784,110.41,357161.2801209608,-0,0
2026-07-23T11:13:45Z,0.264,26.0765,8.28,1.3901,0.0852,0.423,1.8054,152.139,155.476399,7.5957,93.78,127.11,357070.6913036142,-0,0
2026-07-23T11:13:45Z,0.264,26.0805,8.37,1.4206,0.0852,0.54990000000000006,1.8809,152.132,155.479826,7.5951,93.776,114.74,357015.44435189123,0,0
2026-07-23T11:13:45Z,0.264,26.084,8.37,1.455,0.0852,0.54990000000000006,1.9262,152.138,155.496884,7.5945,93.774,118.83,357050.09986024525,0,0
2026-07-23T11:13:45Z,0.264,26.0872,8.37,1.4054,0.0852,0.54990000000000006,1.9111,152.15,155.520102,7.5938,93.775,114.15,357126.7754200874,0,0
2026-07-23T11:13:45Z,0.264,26.0906,8.37,1.4283,0.0852,0.54990000000000006,1.8658,152.156,155.539641,7.593,93.777,135.64,357177.9556516249,0,0
2026-07-23T11:13:45Z,0.264,26.0941,8.37,1.4359,0.0852,0.54990000000000006,1.9111,152.15,155.550692,7.5922,93.777,98.317,357177.13752611,0.001,0
2026-07-23T11:13:45Z,0.264,26.0975,8.28,1.4435,0.0852,0.423,1.8507,152.131,155.550192,7.5916,93.778,140.07,357110.0283797182,0.001,0
2026-07-23T11:13:45Z,0.264,26.1012,8.28,1.4206,0.0852,0.423,1.9111,152.107,155.544022,7.5912,93.779,106.62,357003.8201727999,0.001,0
2026-07-23T11:13:45Z,0.264,26.1056,8.28,1.4778,0.0852,0.423,1.8658,152.089,155.540554,7.5907,93.782,127.41,356900.386832861,0.001,0
2026-07-23T11:13:45Z,0.265,26.1112,8.28,1.4397,0.0852,0.423,1.8658,152.087,155.550888,7.59,93.787,113.48,356855.76621445135,0.001,0
2026-07-23T11:13:45Z,0.265,26.1175,8.28,1.455,0.0852,0.54990000000000006,1.8507,152.097,155.575775,7.5892,93.792,121.44,356883.7796805861,0.001,0
2026-07-23T11:13:45Z,0.265,26.1235,8.28,1.4473,0.0852,0.54990000000000006,1.9111,152.103,155.599811,7.5885,93.797,123.17,356912.4198119379,0.001,0
2026-07-23T11:13:45Z,0.265,26.1285,8.28,1.4321,0.0852,0.54990000000000006,1.9111,152.099,155.613376,7.588,93.803,118.73,356898.1606290685,0.001,0
2026-07-23T11:13:45Z,0.266,26.1327,8.28,1.4511,0.0852,0.54990000000000006,1.9111,152.087,155.616082,7.5878,93.807,128.83,356834.96314272494,0.001,0
2026-07-23T11:13:45Z,0.266,26.1375,8.28,1.4283,0.0852,0.4653,1.8658,152.078,155.618671,7.5875,93.807,108.96,356759.7896780836,0.001,0
2026-07-23T11:13:45Z,0.266,26.1433,8.28,1.4397,0.0852,0.4653,1.896,152.08,155.63185,7.5872,93.803,126.37,356728.204528394,0.001,0
2026-07-23T11:13:45Z,0.266,26.1491,8.28,1.4359,0.0852,0.4653,1.8356,152.086,155.653124,7.5868,93.798,130.33,356744.3181446767,0.001,0
2026-07-23T11:13:45Z,0.266,26.154,8.28,1.4244,0.0852,0.4653,1.8809,152.088,155.672136,7.5864,93.793,104.87,356764.048003938,0.001,0
2026-07-23T11:13:45Z,0.266,26.1579,8.37,1.455,0.0852,0.4653,1.6543,152.079,155.67993,7.5859,93.789,128.33,356736.5193359354,0.001,0
2026-07-23T11:13:45Z,0.266,26.1616,8.37,1.4283,0.0852,0.4653,1.7147,152.068,155.682594,7.5851,93.789,131.66,356682.54530119116,0.001,0
2026-07-23T11:13:45Z,0.267,26.1663,8.37,1.4473,0.0852,0.4653,1.6241,152.062,155.688854,7.5841,93.795,104.99,356630.93595180707,0.001,0
2026-07-23T11:13:45Z,0.267,26.1719,8.37,1.4359,0.0852,0.4653,1.6241,152.063,155.700379,7.5829,93.808,121.33,356593.40053276566,0.001,0
2026-07-23T11:13:45Z,0.267,26.1775,8.37,1.4588,0.0852,0.4653,1.8507,152.067,155.716235,7.5818,93.823,110.08,356581.3680689724,0.001,0
2026-07-23T11:13:45Z,0.268,26.1823,8.28,1.516,0.0852,0.3807,1.8507,152.065,155.724622,7.5811,93.832,124.76,356540.42447805,0.001,0
2026-07-23T11:13:45Z,0.268,26.1861,8.28,1.5007,0.0852,0.3807,2.0018,152.051,155.719761,7.5811,93.836,111.79,356440.3396443857,0.001,0
2026-07-23T11:13:45Z,0.268,26.1897,8.28,1.4893,0.0852,0.3807,1.9111,152.04,155.716386,7.5817,93.84,128.69,356352.7884040475,0,0
2026-07-23T11:13:45Z,0.268,26.1935,8.28,1.5236,0.0852,0.3807,1.9413,152.047,155.729628,7.5823,93.841,113.33,356359.24563034525,0,0
2026-07-23T11:13:45Z,0.268,26.1972,8.28,1.4778,0.0852,0.3384,2.0169,152.069,155.759012,7.5825,93.837,125.95,356462.538749729,-0.001,0
2026-07-23T11:13:45Z,0.268,26.2003,8.28,1.5007,0.0852,0.3384,1.9111,152.091,155.788326,7.5825,93.823,106.83,356576.706679402,-0.002,0
2026-07-23T11:13:45Z,0.267,26.2027,8.28,1.516,0.0852,0.3384,1.896,152.093,155.797337,7.5824,93.801,132.41,356584.582891612,-0.002,0
2026-07-23T11:13:45Z,0.266,26.2047,8.28,1.5541,0.0852,0.3384,1.6543,152.075,155.78444,7.5823,93.778,119.14,356471.0971620548,-0.003,0
2026-07-23T11:13:45Z,0.265,26.2069,8.28,1.5694,0.0852,0.2961,1.6845,152.061,155.774249,7.5817,93.755,119.01,356369.7971497009,-0.003,0
2026-07-23T11:13:45Z,0.264,26.2093,8.28,1.5503,0.0852,0.2961,1.5637,152.069,155.784085,7.5802,93.737,137.33,356382.52986783953,-0.002,0
2026-07-23T11:13:45Z,0.264,26.2116,8.28,1.5503,0.0852,0.2961,1.6543,152.096,155.812562,7.5781,93.724,107.13,356506.77371619525,-0.002,0
2026-07-23T11:13:45Z,0.264,26.2134,8.28,1.4893,0.0852,0.2961,1.9262,152.134,155.851244,7.5759,93.717,131.29,356700.47509785753,-0.001,0
2026-07-23T11:13:45Z,0.264,26.2146,8.28,1.4969,0.0852,0.2961,1.7903,152.168,155.882394,7.574,93.715,120.94,356861.19200496306,-0.001,0
2026-07-23T11:13:45Z,0.263,26.2152,8.28,1.5007,0.0852,0.4653,1.9715,152.195,155.898289,7.5724,93.718,139.56,356943.44726782467,-0,0
2026-07-23T11:13:45Z,0.263,26.2155,8.28,1.4778,0.0852,0.4653,1.8205,152.22,155.907174,7.5714,93.728,117.01,356990.09679033817,-0,0
2026-07-23T11:13:45Z,0.263,26.2154,8.28,1.474,0.0852,0.4653,1.9715,152.247,155.919433,7.5708,93.738,130.33,357064.14388755313,0,0
2026-07-23T11:13:45Z,0.264,26.2141,8.28,1.4778,0.0852,0.4653,1.896,152.266,155.934323,7.5708,93.747,113.33,357176.2955284823,0,0
2026-07-23T11:13:45Z,0.264,26.2105,8.28,1.5046,0.0852,0.5922,2.0169,152.264,155.939785,7.5716,93.757,119.71,357276.28838249994,0,0
2026-07-23T11:13:45Z,0.264,26.2048,8.28,1.5122,0.0852,0.5922,1.9262,152.249,155.937276,7.5731,93.767,127.58,357368.9384963936,0,0
2026-07-23T11:13:45Z,0.264,26.1997,8.28,1.5503,0.0852,0.5922,1.8809,152.245,155.946168,7.5746,93.773,115.39,357517.4956628131,0,0
2026-07-23T11:13:45Z,0.265,26.1983,8.28,1.558,0.0852,0.5922,1.8809,152.267,155.976847,7.5755,93.776,129.28,357724.7485708344,-0,0
2026-07-23T11:13:45Z,0.265,26.2007,8.37,1.5503,0.0852,0.423,1.9111,152.303,156.017458,7.576,93.774,102.42,357918.9119995387,-0.001,0
2026-07-23T11:13:45Z,0.264,26.205,8.37,1.5732,0.0852,0.423,1.8658,152.325,156.042761,7.5762,93.765,138.02,357986.9432925242,-0.001,0
2026-07-23T11:13:45Z,0.263,26.2091,8.37,1.5465,0.0852,0.423,1.8507,152.321,156.043472,7.5762,93.753,121.89,357913.7254152457,-0.001,0
2026-07-23T11:13:45Z,0.263,26.2119,8.37,1.5732,0.0852,0.423,1.8507,152.312,156.039821,7.576,93.739,138.41,357839.3476221739,-0.001,0
2026-07-23T11:13:45Z,0.262,26.2132,8.37,1.5541,0.0852,0.3807,1.9111,152.316,156.046864,7.5756,93.73,99.197,357856.33235391445,-0.001,0
2026-07-23T11:13:45Z,0.262,26.2141,8.37,1.558,0.0852,0.3807,1.8507,152.344,156.074494,7.5748,93.728,144.72,358002.2469391032,-0.001,0
2026-07-23T11:13:45Z,0.263,26.2156,8.37,1.474,0.0852,0.3807,1.9413,152.399,156.126073,7.5736,93.726,99.477,358278.1217714839,0,0
2026-07-23T11:13:45Z,0.263,26.2173,8.37,1.4855,0.0852,0.3807,1.8507,152.452,156.177282,7.5723,93.723,140.44,358548.14375978697,0,0
2026-07-23T11:13:45Z,0.263,26.2183,8.37,1.4817,0.0852,0.3807,1.9413,152.47,156.201698,7.5714,93.72,109.98,358673.34108029155,-0.001,0
2026-07-23T11:13:45Z,0.262,26.218,8.37,1.4855,0.0852,0.423,1.896,152.437,156.18379,7.5712,93.72,124.43,358573.31594908563,-0.001,0
2026-07-23T11:13:45Z,0.262,26.2164,8.37,1.5084,0.0852,0.423,1.8658,152.37,156.136818,7.5714,93.722,121.44,358326.3936645198,-0.001,0
2026-07-23T11:13:45Z,0.262,26.2155,8.37,1.5198,0.0852,0.423,1.896,152.324,156.108374,7.5712,93.727,130.67,358175.6104940254,-0.001,0
2026-07-23T11:13:45Z,0.262,26.2175,8.37,1.4893,0.0852,0.423,1.9262,152.329,156.124939,7.5708,93.732,125.65,358235.5337735274,-0.001,0
2026-07-23T11:13:45Z,0.262,26.223,8.28,1.5084,0.0852,0.423,1.896,152.365,156.164881,7.57,93.737,124.73,358367.2208364053,-0.001,0
2026-07-23T11:13:45Z,0.262,26.23,8.28,1.5084,0.0852,0.423,1.6996,152.397,156.194767,7.5692,93.744,121.18,358411.2291978891,-0.001,0
2026-07-23T11:13:45Z,0.262,26.236,8.28,1.4855,0.0852,0.423,1.6392,152.403,156.200523,7.5688,93.752,117.09,358331.80476806953,-0.002,0
2026-07-23T11:13:45Z,0.261,26.2397,8.28,1.5084,0.0852,0.423,1.6543,152.386,156.189697,7.5686,93.758,125.71,358198.0837975501,-0.003,0
2026-07-23T11:13:45Z,0.26,26.2406,8.37,1.5046,0.0426,0.3384,1.7147,152.376,156.195467,7.5689,93.752,108.94,358215.1047382807,-0.004,0
2026-07-23T11:13:45Z,0.259,26.2398,8.37,1.4855,0.0426,0.3384,1.6241,152.387,156.235406,7.5696,93.732,124.3,358465.7310232732,-0.005,0
2026-07-23T11:13:45Z,0.258,26.2397,8.37,1.5084,0.0426,0.3384,1.5939,152.39,156.276079,7.5703,93.705,122.69,358707.56618688145,-0.005,0
2026-07-23T11:13:45Z,0.257,26.2417,8.37,1.4931,0.0426,0.3384,1.7147,152.355,156.282249,7.5705,93.675,138.08,358706.1500078186,-0.006,0
2026-07-23T11:13:45Z,0.255,26.247,8.37,1.5084,0.0426,0.3384,1.6543,152.289,156.255563,7.5692,93.64,116.91,358448.5514493346,-0.006,0
2026-07-23T11:13:45Z,0.253,26.2564,8.28,1.558,0.0426,0.423,1.5486,152.226,156.22698,7.5664,93.605,111.52,358102.54255528114,-0.006,0
2026-07-23T11:13:45Z,0.251,26.2688,8.28,1.5427,0.0426,0.423,1.5939,152.195,156.224948,7.5625,93.575,138.41,357856.6319495053,-0.005,0
2026-07-23T11:13:45Z,0.25,26.2825,8.28,1.5656,0.0426,0.423,1.7298,152.197,156.250932,7.5582,93.549,114.69,357751.31302553794,-0.005,0
2026-07-23T11:13:45Z,0.249,26.2959,8.28,1.5541,0.0426,0.423,1.5637,152.219,156.289819,7.5536,93.529,139.47,357727.61950607155,-0.004,0
2026-07-23T11:13:45Z,0.248,26.3079,8.28,1.4359,0.0426,0.54990000000000006,1.9413,152.24,156.323926,7.5491,93.513,136.03,357702.17875732435,-0.003,0
2026-07-23T11:13:45Z,0.248,26.3177,8.28,1.4206,0.0426,0.54990000000000006,2.0169,152.249,156.340307,7.5453,93.504,131.29,357613.9356951927,-0.002,0
2026-07-23T11:13:45Z,0.247,26.3254,8.28,1.4473,0.0426,0.54990000000000006,1.9413,152.252,156.345333,7.5422,93.502,130.81,357498.51604278514,-0.001,0
2026-07-23T11:13:45Z,0.247,26.331,8.28,1.4359,0.0426,0.54990000000000006,1.9866,152.267,156.362387,7.5398,93.51,120.68,357493.3499330824,-0.001,0
2026-07-23T11:13:45Z,0.247,26.335,8.37,1.4435,0.0852,0.54990000000000006,1.6392,152.292,156.394012,7.538,93.525,136.11,357603.93359835,-0,0
2026-07-23T11:13:45Z,0.248,26.3373,8.37,1.4588,0.0852,0.54990000000000006,1.6241,152.301,156.418582,7.5369,93.545,131.18,357705.0567567659,-0,0
2026-07-23T11:13:45Z,0.248,26.3379,8.37,1.4435,0.0852,0.54990000000000006,1.6241,152.286,156.426621,7.5367,93.565,131.89,357741.01704595156,-0,0
2026-07-23T11:13:45Z,0.247,26.3383,8.37,1.4473,0.0852,0.54990000000000006,1.6996,152.253,156.420274,7.5372,93.583,126.17,357696.1731980763,-0.001,0
2026-07-23T11:13:45Z,0.247,26.3405,8.28,1.5084,0.0852,0.4653,1.9111,152.212,156.405865,7.5382,93.599,134.99,357570.0659978169,-0.001,0
2026-07-23T11:13:45Z,0.247,26.3455,8.28,1.4931,0.0852,0.4653,1.8809,152.183,156.399593,7.5391,93.608,125.71,357439.12260049797,-0.001,0
2026-07-23T11:13:45Z,0.247,26.3531,8.28,1.516,0.0852,0.4653,1.8507,152.176,156.415815,7.5397,93.608,128.53,357391.4461988912,-0,0
2026-07-23T11:13:45Z,0.247,26.3624,8.28,1.5122,0.0852,0.4653,1.9715,152.187,156.454851,7.5399,93.602,126.92,357445.78621821385,-0,0
2026-07-23T11:13:45Z,0.247,26.3715,8.28,1.455,0.0852,0.4653,1.8658,152.201,156.507071,7.5399,93.591,120.28,357581.2900292894,0,0
2026-07-23T11:13:45Z,0.247,26.3793,8.28,1.4511,0.0852,0.4653,1.8356,152.209,156.562358,7.5396,93.58,128.39,357759.245630786,0,0
2026-07-23T11:13:45Z,0.247,26.3868,8.28,1.4244,0.0852,0.4653,1.8054,152.211,156.623431,7.5386,93.57,118.11,357976.83371457853,0,0
2026-07-23T11:13:45Z,0.247,26.396,8.28,1.413,0.0852,0.4653,1.9262,152.232,156.718604,7.5368,93.561,133.74,358362.80948833417,0,0
2026-07-23T11:13:45Z,0.247,26.4082,8.28,1.4359,0.0852,0.4653,1.896,152.297,156.88528,7.5343,93.552,121.36,359112.867388351,0,0
2026-07-23T11:13:45Z,0.248,26.4238,8.37,1.4321,0.0852,0.423,1.8809,152.429,157.171915,7.5313,93.536,120.07,360506.0291361839,0,0
2026-07-23T11:13:45Z,0.248,26.4431,8.37,1.4397,0.0852,0.423,1.8507,152.654,157.64292,7.5279,93.506,121.99,362921.24772858043,0,0
2026-07-23T11:13:45Z,0.248,26.4673,8.37,1.4511,0.0852,0.423,1.9413,152.809,158.155367,7.5239,93.459,139.44,365496.42403066845,0,0
2026-07-23T11:13:45Z,0.248,26.5001,8.37,1.4855,0.0852,0.423,1.6543,152.629,158.38701,7.5188,93.395,125.54,366242.48566083575,0,0
2026-07-23T11:13:45Z,0.248,26.5496,8.37,1.4855,0.0852,0.4653,1.6543,152.25,158.349567,7.5108,93.33,132.9,365070.06531363924,0,0
2026-07-23T11:13:45Z,0.248,26.6279,8.37,1.5007,0.0852,0.4653,1.6241,152.039,158.323679,7.4979,93.277,119.01,363421.22557912173,0,0
2026-07-23T11:13:45Z,0.248,26.7438,8.37,1.5046,0.0852,0.4653,1.7449,152.039,158.364576,7.4785,93.239,137.12,361462.0747049573,0,0
2026-07-23T11:13:45Z,0.248,26.8815,8.37,1.4397,0.0852,0.4653,1.6694,152.049,158.348882,7.455,93.214,125.9,358778.6291675602,0,0
2026-07-23T11:13:45Z,0.248,26.9982,8.37,1.4397,0.0852,0.4653,1.6996,152.006,158.278412,7.4341,93.203,127.55,356193.5191500153,0,0
2026-07-23T11:13:45Z,0.248,27.0616,8.28,1.4397,0.0426,0.3384,1.6241,151.979,158.24459,7.4214,93.198,121.1,354824.1903438138,0,0
2026-07-23T11:13:45Z,0.248,27.0747,8.28,1.4321,0.0426,0.3384,1.609,151.972,158.246416,7.4166,93.19,119.22,354592.8088849135,0,0
2026-07-23T11:13:45Z,0.248,27.0655,8.28,1.5198,0.0426,0.3384,1.8507,151.946,158.232274,7.4158,93.167,128.16,354681.1956551028,0,0
2026-07-23T11:13:45Z,0.248,27.0569,8.28,1.4931,0.0426,0.3384,1.8658,151.903,158.198395,7.416,93.134,117.49,354644.80837442016,0,0
2026-07-23T11:13:45Z,0.248,27.055,8.28,1.4778,0.0852,0.3807,1.9715,151.863,158.1638,7.4159,93.105,132.93,354480.5843266731,0,0
2026-07-23T11:13:45Z,0.248,27.058,8.28,1.5084,0.0852,0.3807,1.9715,151.825,158.133293,7.4148,93.081,129.39,354249.5430511779,0,0
2026-07-23T11:13:45Z,0.249,27.0622,8.28,1.4511,0.0852,0.3807,1.9262,151.793,158.110762,7.4124,93.076,118.67,354042.40452501277,0.001,0
2026-07-23T11:13:45Z,0.249,27.0655,8.28,1.4321,0.0852,0.3807,1.8809,151.78,158.110241,7.4094,93.09,136.32,353978.58601762087,0.001,0
2026-07-23T11:13:45Z,0.249,27.068,8.28,1.4359,0.0852,0.54990000000000006,1.9111,151.792,158.135597,7.4067,93.103,143.21,354078.41812200745,0.001,0
2026-07-23T11:13:45Z,0.249,27.0708,8.28,1.4397,0.0852,0.54990000000000006,1.9564,151.806,158.165539,7.4045,93.12,110.85,354199.12006219954,0.001,0
2026-07-23T11:13:45Z,0.249,27.0746,8.28,1.5274,0.0852,0.54990000000000006,1.9111,151.808,158.181997,7.4036,93.151,125.27,354223.7781139617,0.002,0
2026-07-23T11:13:45Z,0.25,27.0789,8.28,1.5084,0.0852,0.54990000000000006,1.896,151.794,158.181348,7.4041,93.176,119.35,354140.7689943741,0.002,0
2026-07-23T11:13:45Z,0.25,27.0833,8.28,1.4855,0.0852,0.54990000000000006,2.0471,151.779,158.175442,7.4045,93.176,132.7,354025.7009126604,0.003,0
2026-07-23T11:13:45Z,0.251,27.0881,8.28,1.4969,0.0852,0.54990000000000006,1.9111,151.785,158.19076,7.4053,93.162,117.03,354025.37120839284,0.003,0
2026-07-23T11:13:45Z,0.252,27.0931,8.28,1.4511,0.0852,0.54990000000000006,2.0169,151.818,158.235396,7.4071,93.15,138.29,354189.99345124763,0.003,0
2026-07-23T11:13:45Z,0.253,27.0975,8.28,1.4511,0.0852,0.54990000000000006,1.9111,151.847,158.281172,7.4085,93.146,116.81,354372.24949118716,0.003,0
2026-07-23T11:13:45Z,0.254,27.1009,8.28,1.4283,0.0852,0.54990000000000006,1.8054,151.838,158.290196,7.408,93.152,127.36,354361.4793459073,0.003,0
2026-07-23T11:13:45Z,0.254,27.1037,8.28,1.4206,0.0426,0.3807,1.896,151.79,158.256859,7.4065,93.168,120.68,354118.1058456273,0.002,0
2026-07-23T11:13:45Z,0.255,27.1071,8.28,1.3748,0.0426,0.3807,1.8809,151.746,158.222374,7.4052,93.199,139.13,353857.2166386408,0.002,0
2026-07-23T11:13:45Z,0.256,27.112,8.28,1.3939,0.0426,0.3807,1.9111,151.736,158.221632,7.4042,93.24,121.84,353762.7566460239,0.001,0
2026-07-23T11:13:45Z,0.256,27.1181,8.28,1.371,0.0426,0.3807,1.8809,151.736,158.230387,7.4039,93.27,118.6,353700.81117086625,-0.001,0
2026-07-23T11:13:45Z,0.256,27.1236,8.28,1.3787,0.0852,0.3807,1.8809,151.713,158.214904,7.4044,93.288,125,353510.71596420533,-0.003,0
2026-07-23T11:13:45Z,0.255,27.1275,8.28,1.3787,0.0852,0.3807,1.8507,151.676,158.179069,7.4063,93.295,127.72,353233.30782097275,-0.005,0
2026-07-23T11:13:45Z,0.253,27.1306,8.28,1.3329,0.0852,0.3807,2.0169,151.645,158.145392,7.4092,93.28,124.73,352983.14064734493,-0.007,0
2026-07-23T11:13:45Z,0.251,27.1336,8.28,1.3291,0.0852,0.3807,1.9715,151.628,158.122928,7.4112,93.249,122.47,352799.2423365617,-0.01,0
2026-07-23T11:13:45Z,0.248,27.1362,8.28,1.3253,0.0852,0.4653,1.8356,151.623,158.109694,7.4123,93.214,133.59,352675.6708277288,-0.013,0
2026-07-23T11:13:45Z,0.245,27.1373,8.28,1.2795,0.0852,0.4653,1.9564,151.635,158.110177,7.4127,93.18,132.29,352658.26681865787,-0.017,0
2026-07-23T11:13:45Z,0.241,27.1369,8.28,1.3787,0.0852,0.4653,1.8658,151.652,158.112481,7.4115,93.144,129.09,352678.8120631533,-0.021,0
2026-07-23T11:13:45Z,0.235,27.1353,8.28,1.3481,0.0852,0.4653,1.896,151.678,158.11722,7.4092,93.092,124.62,352735.3304518404,-0.027,0
2026-07-23T11:13:45Z,0.228,27.1326,8.28,1.3634,0.0852,0.4653,1.8809,151.705,158.115636,7.4068,93.015,144.84,352775.78271872224,-0.034,0
2026-07-23T11:13:45Z,0.219,27.1286,8.37,1.352,0.1278,0.3807,1.896,151.696,158.061216,7.4047,92.908,117.24,352537.14614779997,-0.042,0
2026-07-23T11:13:45Z,0.207,27.1233,8.37,1.3634,0.1278,0.3807,1.7147,151.702,157.995558,7.4025,92.763,144.81,352257.9917507127,-0.05,0
2026-07-23T11:13:45Z,0.193,27.1161,8.37,1.371,0.1278,0.3807,1.7147,151.789,157.981312,7.3993,92.574,144.78,352308.29199959047,-0.059,0
2026-07-23T11:13:45Z,0.177,27.1062,8.37,1.3863,0.1278,0.3807,1.6845,151.884,157.95856,7.3945,92.338,165.41,352359.33823350444,-0.066,0
2026-07-23T11:13:45Z,0.158,27.0916,8.28,1.3787,0.0852,0.54990000000000006,1.6543,151.916,157.881146,7.3879,92.057,156.42,352183.13188864663,-0.071,0
2026-07-23T11:13:45Z,0.137,27.068,8.28,1.2947,0.0852,0.54990000000000006,1.6996,151.928,157.798559,7.3795,91.751,161.18,352142.1309333869,-0.073,0
2026-07-23T11:13:45Z,0.116,27.0332,8.28,1.3253,0.0852,0.54990000000000006,1.6241,151.966,157.74689,7.369,91.444,166.06,352484.01363035885,-0.071,0
2026-07-23T11:13:45Z,0.096,26.9933,8.28,1.3253,0.0852,0.54990000000000006,1.6241,152.033,157.726384,7.3555,91.165,168.16,353099.53521665704,-0.066,0
2026-07-23T11:13:45Z,0.079,26.9569,8.28,1.2947,0.0426,0.3807,1.6241,152.131,157.751606,7.3379,90.935,172.34,353915.6313189596,-0.059,0
2026-07-23T11:13:45Z,0.065,26.9254,8.28,1.3138,0.0426,0.3807,1.8658,152.245,157.817255,7.3176,90.769,159.96,354876.8960271732,-0.05,0
2026-07-23T11:13:45Z,0.055,26.8954,8.28,1.3291,0.0426,0.3807,1.8809,152.321,157.866685,7.2971,90.671,162.49,355719.102747081,-0.041,0
2026-07-23T11:13:45Z,0.047,26.8661,8.28,1.2947,0.0426,0.3807,1.8658,152.321,157.856968,7.2787,90.633,154.87,356207.3012726292,-0.034,0
2026-07-23T11:13:45Z,0.04,26.841,8.28,1.3214,0.0426,0.3807,1.9111,152.287,157.821583,7.2636,90.642,155.47,356469.12236619997,-0.027,0
2026-07-23T11:13:45Z,0.034,26.8236,8.28,1.2947,0.0852,0.423,1.896,152.271,157.807208,7.2526,90.681,140.41,356709.8109302227,-0.021,0
2026-07-23T11:13:45Z,0.029,26.8141,8.28,1.3253,0.0852,0.423,1.896,152.265,157.803999,7.246,90.741,146.49,356868.29037570464,-0.017,0
2026-07-23T11:13:45Z,0.025,26.8108,8.28,1.2909,0.0852,0.423,1.8205,152.266,157.805088,7.2434,90.815,147.13,356936.1759012149,-0.013,0
2026-07-23T11:13:45Z,0.022,26.8107,8.28,1.3253,0.0852,0.423,2.032,152.279,157.818781,7.2441,90.896,144.5,357017.6550228179,-0.01,0
2026-07-23T11:13:45Z,0.021,26.8116,8.28,1.2947,0.0426,0.5076,1.8658,152.291,157.832698,7.2472,90.976,158.72,357081.78522791003,-0.007,0
2026-07-23T11:13:45Z,0.02,26.8124,8.28,1.3367,0.0426,0.5076,1.9564,152.298,157.842534,7.2518,91.048,184.07,357124.0534858974,-0.005,0
2026-07-23T11:13:45Z,0.019,26.8126,8.28,1.31,0.0426,0.5076,1.8356,152.307,157.85492,7.2578,91.108,205.29,357192.35404574574,-0.003,0
2026-07-23T11:13:45Z,0.018,26.8127,8.28,1.3024,0.0426,0.5076,1.9413,152.318,157.869152,7.2642,91.155,195.45,357273.26693357015,-0.002,0
2026-07-23T11:13:45Z,0.018,26.8131,8.28,1.3138,0.0852,0.423,1.6392,152.338,157.893033,7.2705,91.193,182.12,357404.72395395563,-0,0
2026-07-23T11:13:45Z,0.018,26.8139,8.28,1.3596,0.0852,0.423,1.6845,152.373,157.932931,7.2762,91.227,179.57,357621.94788643735,0.002,0
2026-07-23T11:13:45Z,0.018,26.8148,8.28,1.3062,0.0852,0.423,1.6845,152.398,157.963413,7.2808,91.256,192.92,357782.5555889486,0.004,0
2026-07-23T11:13:45Z,0.02,26.8159,8.28,1.3024,0.0852,0.423,1.6694,152.399,157.968561,7.2845,91.284,196.26,357791.9568977045,0.006,0
2026-07-23T11:13:45Z,0.022,26.817,8.28,1.3291,0.0852,0.3807,1.9111,152.407,157.981812,7.2874,91.318,200.35,357848.5315393942,0.007,0
2026-07-23T11:13:45Z,0.024,26.8182,8.28,1.3214,0.0852,0.3807,1.9413,152.426,158.008703,7.2899,91.357,201.75,357982.6616891446,0.008,0
2026-07-23T11:13:45Z,0.027,26.8194,8.28,1.3138,0.0852,0.3807,1.8809,152.417,158.006304,7.2921,91.391,191.7,357946.243793588,0.009,0
2026-07-23T11:13:45Z,0.029,26.8209,8.28,1.2833,0.0852,0.3807,1.8507,152.391,157.988006,7.2941,91.415,193.76,357811.65993381175,0.008,0
2026-07-23T11:13:45Z,0.031,26.8226,8.28,1.3596,0.0852,0.3807,1.8809,152.397,158.003037,7.2966,91.428,200.05,357867.371783873,0.007,0
2026-07-23T11:13:45Z,0.033,26.8248,8.28,1.3787,0.0426,0.4653,1.8507,152.427,158.041379,7.2994,91.429,197.54,358049.4600305702,0.006,0
2026-07-23T11:13:45Z,0.034,26.8273,8.28,1.3787,0.0426,0.4653,1.8658,152.451,158.071171,7.3018,91.425,207.12,358176.1749754277,0.005,0
2026-07-23T11:13:45Z,0.035,26.8301,8.28,1.3787,0.0426,0.4653,1.9111,152.475,158.102363,7.3034,91.418,194.14,358305.44227714546,0.004,0
2026-07-23T11:13:45Z,0.036,26.833,8.28,1.352,0.0426,0.4653,1.5939,152.506,158.143272,7.304,91.409,195.79,358489.4628939356,0.004,0
2026-07-23T11:13:45Z,0.037,26.8351,8.28,1.352,0.0426,0.3807,1.7449,152.526,158.176751,7.3039,91.402,192.62,358645.20830521,0.004,0
2026-07-23T11:13:45Z,0.038,26.8367,8.28,1.3825,0.0426,0.3807,1.6543,152.534,158.197703,7.3033,91.405,194.18,358737.33538341307,0.004,0
2026-07-23T11:13:45Z,0.039,26.8388,8.28,1.3787,0.0426,0.3807,1.609,152.533,158.207705,7.3025,91.414,193.76,358756.272648525,0.004,0
2026-07-23T11:13:45Z,0.04,26.8419,8.28,1.3939,0.0426,0.3807,1.8658,152.526,158.21143,7.3013,91.426,195.24,358719.8842199642,0.004,0
2026-07-23T11:13:45Z,0.042,26.8459,8.28,1.3367,0.0852,0.4653,1.9413,152.526,158.219892,7.3003,91.44,197.28,358694.2410931426,0.004,0
2026-07-23T11:13:45Z,0.043,26.85,8.28,1.371,0.0852,0.4653,1.9111,152.534,158.235349,7.2999,91.452,196.51,358707.48395904823,0.004,0
2026-07-23T11:13:45Z,0.044,26.8538,8.28,1.3748,0.0852,0.4653,1.8809,152.535,158.241881,7.3002,91.462,196.56,358674.3463034176,0.004,0
2026-07-23T11:13:45Z,0.045,26.8572,8.28,1.3825,0.0852,0.4653,1.609,152.514,158.225198,7.3007,91.47,192.96,358513.4911096321,0.003,0
2026-07-23T11:13:45Z,0.046,26.8601,8.28,1.371,0.0852,0.4653,1.5939,152.488,158.202897,7.3015,91.476,192.83,358329.35206878127,0.001,0
2026-07-23T11:13:45Z,0.046,26.8624,8.28,1.3787,0.1278,0.3807,1.5939,152.471,158.18907,7.3021,91.474,193.42,358205.8324702704,0,0
2026-07-23T11:13:45Z,0.046,26.8643,8.28,1.3901,0.1278,0.3807,1.6996,152.449,158.172014,7.3027,91.463,195.49,358071.04152216046,-0.001,0
2026-07-23T11:13:45Z,0.045,26.8659,8.28,1.3939,0.1278,0.3807,1.6241,152.424,158.151191,7.3031,91.447,195.79,357919.9869769606,-0.002,0
2026-07-23T11:13:45Z,0.044,26.8674,8.28,1.3939,0.1278,0.3807,1.6996,152.417,158.149102,7.3034,91.427,195.7,357879.8016597759,-0.002,0
2026-07-23T11:13:45Z,0.043,26.8689,8.28,1.3634,0.0852,0.4653,1.6845,152.431,158.169199,7.303,91.405,195.45,357968.6638252899,-0.003,0
2026-07-23T11:13:45Z,0.042,26.8705,8.28,1.3787,0.0852,0.4653,1.6241,152.441,158.184779,7.3019,91.381,194.6,358029.38616670755,-0.002,0
2026-07-23T11:13:45Z,0.042,26.8722,8.28,1.3787,0.0852,0.4653,1.6694,152.437,158.185966,7.3004,91.36,192.79,358004.5109981357,-0.002,0
2026-07-23T11:13:45Z,0.041,26.8739,8.28,1.371,0.0852,0.4653,1.6543,152.434,158.187107,7.2986,91.348,193,357979.37043051055,-0.001,0
2026-07-23T11:13:45Z,0.041,26.8756,8.28,1.3825,0.0852,0.3807,1.5939,152.44,158.198527,7.2966,91.343,192.79,358014.01920817007,0,0
2026-07-23T11:13:45Z,0.041,26.8774,8.28,1.3863,0.0852,0.3807,1.6543,152.446,158.209241,7.2945,91.343,192.08,358042.69057245256,0.001,0
2026-07-23T11:13:45Z,0.042,26.8791,8.28,1.4511,0.0852,0.3807,1.6241,152.443,158.210084,7.2926,91.35,193.13,358015.8155791398,0.002,0
2026-07-23T11:13:45Z,0.043,26.8807,8.28,1.4321,0.0852,0.3807,1.6241,152.437,158.209297,7.2914,91.365,193.42,357981.332378623,0.003,0
2026-07-23T11:13:45Z,0.044,26.8822,8.28,1.4473,0.0852,0.3807,1.5637,152.434,158.210678,7.2908,91.384,193.08,357961.3295397946,0.004,0
2026-07-23T11:13:45Z,0.045,26.8837,8.28,1.4168,0.0852,0.3807,1.8507,152.435,158.216599,7.2906,91.404,193.34,357967.72897577635,0.004,0
2026-07-23T11:13:45Z,0.046,26.8852,8.28,1.4283,0.0852,0.3807,2.0169,152.455,158.242668,7.291,91.423,192.41,358091.3026506061,0.004,0
2026-07-23T11:13:45Z,0.047,26.8867,8.28,1.4092,0.0852,0.3807,1.8809,152.496,158.291828,7.292,91.443,193.08,358349.23790956015,0.004,0
2026-07-23T11:13:45Z,0.048,26.8883,8.28,1.4397,0.0852,0.3807,1.9866,152.525,158.329092,7.2933,91.462,192.54,358536.1557380029,0.004,0
2026-07-23T11:13:45Z,0.049,26.89,8.28,1.4435,0.0852,0.3384,1.9111,152.528,158.34035,7.2947,91.476,192.54,358569.8616156134,0.004,0
2026-07-23T11:13:45Z,0.05,26.8918,8.28,1.4397,0.0852,0.3384,1.9715,152.527,158.350648,7.296,91.484,192.71,358596.1071361041,0.004,0
2026-07-23T11:13:45Z,0.051,26.8938,8.28,1.4588,0.0852,0.3384,1.8507,152.525,158.360729,7.2973,91.482,192.5,358617.3445671822,0.004,0
2026-07-23T11:13:45Z,0.052,26.8962,8.28,1.4359,0.0852,0.3384,1.8507,152.509,158.359254,7.2985,91.474,192.08,358563.8368886831,0.004,0
2026-07-23T11:13:45Z,0.053,26.899,8.37,1.4244,0.0852,0.423,1.8507,152.488,158.353845,7.2993,91.466,192,358479.96347201045,0.004,0
2026-07-23T11:13:45Z,0.054,26.9025,8.37,1.4359,0.0852,0.423,1.9262,152.467,158.351078,7.2994,91.463,193.46,358398.3862372546,0.005,0
2026-07-23T11:13:45Z,0.055,26.9068,8.37,1.4435,0.0852,0.423,1.8658,152.451,158.354223,7.2987,91.463,192.67,358336.254939897,0.006,0
2026-07-23T11:13:45Z,0.056,26.9117,8.37,1.4435,0.0852,0.423,1.8356,152.449,158.376145,7.2974,91.468,193.25,358372.11658946803,0.007,0
2026-07-23T11:13:45Z,0.058,26.9172,8.28,1.4588,0.0426,0.5076,1.9413,152.456,158.410666,7.2961,91.478,192.54,358470.0233176092,0.008,0
2026-07-23T11:13:45Z,0.06,26.9232,8.28,1.4244,0.0426,0.5076,1.9111,152.449,158.434927,7.2951,91.492,192.62,358498.8940032288,0.009,0
2026-07-23T11:13:45Z,0.062,26.9299,8.28,1.4359,0.0426,0.5076,1.8809,152.428,158.451393,7.2942,91.508,191.75,358469.33504309325,0.011,0
2026-07-23T11:13:45Z,0.065,26.9374,8.28,1.4397,0.0426,0.5076,1.8658,152.409,158.476478,7.2936,91.525,191.37,358474.93019135913,0.014,0
2026-07-23T11:13:45Z,0.069,26.9463,8.28,1.4473,0.0426,0.5076,1.9413,152.391,158.512866,7.2932,91.544,191.75,358520.045496312,0.017,0
2026-07-23T11:13:45Z,0.073,26.9569,8.28,1.3787,0.0852,0.4653,1.609,152.354,158.550222,7.293,91.573,192.33,358538.9780924391,0.022,0
2026-07-23T11:13:45Z,0.079,26.9694,8.28,1.3443,0.0852,0.4653,1.5788,152.267,158.560431,7.2926,91.624,192.46,358364.6560747601,0.027,0
2026-07-23T11:13:45Z,0.086,26.984,8.28,1.3787,0.0852,0.4653,1.6694,152.151,158.550231,7.292,91.708,192.71,358032.7860032302,0.033,0
2026-07-23T11:13:45Z,0.095,27.0023,8.28,1.3634,0.0852,0.4653,1.6392,152.098,158.589058,7.2912,91.824,192.71,357916.6301400412,0.039,0
2026-07-23T11:13:45Z,0.106,27.0272,8.28,1.3787,0.0852,0.4653,1.9413,152.115,158.687268,7.2902,91.97,194.31,358021.7885587159,0.044,0
2026-07-23T11:13:45Z,0.119,27.0604,8.28,1.3825,0.0852,0.4653,1.9866,152.089,158.766837,7.29,92.135,196.34,357864.0518061677,0.048,0
2026-07-23T11:13:45Z,0.133,27.0967,8.28,1.371,0.0852,0.4653,1.8809,151.96,158.782851,7.2919,92.307,159.72,357281.1011819417,0.052,0
2026-07-23T11:13:45Z,0.147,27.1275,8.28,1.3596,0.0852,0.4653,1.9715,151.794,158.781676,7.2971,92.484,167.8,356702.2655242463,0.054,0
2026-07-23T11:13:45Z,0.16,27.1541,8.37,1.3863,0.0852,0.423,1.9413,151.673,158.813116,7.3052,92.664,168.45,356390.48604415916,0.057,0
2026-07-23T11:13:45Z,0.174,27.1891,8.37,1.352,0.0852,0.423,1.8507,151.629,158.889573,7.3137,92.845,152.76,356183.03551942285,0.059,0
2026-07-23T11:13:45Z,0.189,27.2387,8.37,1.3939,0.0852,0.423,1.9111,151.655,159.005387,7.3209,93.024,146.46,355932.4134396942,0.06,0
2026-07-23T11:13:45Z,0.206,27.2954,8.37,1.3634,0.0852,0.423,1.8809,151.687,159.107272,7.3275,93.193,148.93,355471.1812997054,0.062,0
2026-07-23T11:13:45Z,0.223,27.3475,8.37,1.371,0.0852,0.423,1.5637,151.686,159.168289,7.3349,93.348,122.79,354861.52286763105,0.063,0
2026-07-23T11:13:45Z,0.239,27.3879,8.37,1.3672,0.0852,0.3807,1.6543,151.709,159.25882,7.344,93.488,144.72,354637.1850203381,0.064,0
2026-07-23T11:13:45Z,0.255,27.4168,8.37,1.3863,0.0852,0.3807,1.6845,151.823,159.461126,7.3543,93.615,113.28,355263.8702484535,0.065,0
2026-07-23T11:13:45Z,0.27,27.4393,8.37,1.3634,0.0852,0.3807,1.6543,151.938,159.692874,7.3647,93.739,147.73,356177.0706624065,0.068,0
2026-07-23T11:13:45Z,0.286,27.4598,8.37,1.3748,0.0852,0.3807,1.8507,151.897,159.775372,7.3743,93.889,132.87,356271.88560957427,0.072,0
2026-07-23T11:13:45Z,0.304,27.4815,8.28,1.3825,0.0852,0.3807,1.9715,151.796,159.760696,7.3824,94.096,129.45,355788.06706853816,0.077,0
2026-07-23T11:13:45Z,0.325,27.5088,8.28,1.3634,0.0852,0.3807,1.8356,151.847,159.843355,7.3889,94.356,108.35,355758.60181217635,0.081,0
2026-07-23T11:13:45Z,0.348,27.5456,8.28,1.3863,0.0852,0.3807,1.8809,151.994,159.997287,7.3939,94.641,111.43,355961.8124875763,0.083,0
2026-07-23T11:13:45Z,0.373,27.5869,8.28,1.3787,0.0852,0.3807,1.9715,152.056,160.071134,7.4003,94.934,116.12,355624.4727917559,0.082,0
2026-07-23T11:13:45Z,0.395,27.6171,8.37,1.371,0.0426,0.3384,1.8658,152.05,160.078577,7.4126,95.219,103.06,355112.7074177518,0.079,0
2026-07-23T11:13:45Z,0.415,27.6267,8.37,1.3787,0.0426,0.3384,1.8507,152.087,160.1138,7.4318,95.473,111.91,355137.4802452691,0.074,0
2026-07-23T11:13:45Z,0.432,27.6264,8.37,1.3901,0.0426,0.3384,1.8205,152.168,160.170164,7.4543,95.681,103.04,355464.33508931386,0.068,0
2026-07-23T11:13:45Z,0.448,27.629,8.37,1.3825,0.0426,0.3384,1.6996,152.231,160.202567,7.4771,95.834,108.39,355601.4263991068,0.061,0
2026-07-23T11:13:45Z,0.463,27.6336,8.28,1.3672,0.0426,0.4653,1.6543,152.268,160.217643,7.4989,95.94,103.11,355602.9772623816,0.055,0
2026-07-23T11:13:45Z,0.476,27.6322,8.28,1.3558,0.0426,0.4653,1.6845,152.299,160.247468,7.5191,96.013,106.99,355798.81858993485,0.05,0
2026-07-23T11:13:45Z,0.488,27.6229,8.28,1.371,0.0426,0.4653,1.6241,152.341,160.312019,7.5367,96.057,100.45,356338.27105255943,0.046,0
2026-07-23T11:13:45Z,0.499,27.6115,8.28,1.3787,0.0426,0.4653,1.6392,152.364,160.384417,7.5502,96.079,106.66,356961.99756074604,0.042,0
2026-07-23T11:13:45Z,0.508,27.604,8.28,1.3672,0.0426,0.4653,1.8809,152.323,160.407813,7.5596,96.089,105.88,357234.14769159385,0.04,0
2026-07-23T11:13:45Z,0.517,27.6029,8.28,1.3634,0.0852,0.423,1.8658,152.262,160.406489,7.5655,96.101,108.35,357246.8604058093,0.039,0
2026-07-23T11:13:45Z,0.526,27.6097,8.28,1.371,0.0852,0.423,1.8809,152.275,160.462272,7.5681,96.13,107.64,357440.6700950764,0.038,0
2026-07-23T11:13:45Z,0.536,27.6254,8.28,1.3863,0.0852,0.423,1.9111,152.345,160.55797,7.5677,96.181,109.48,357698.66640973353,0.038,0
2026-07-23T11:13:45Z,0.547,27.6472,8.28,1.352,0.0852,0.423,1.8205,152.358,160.592834,7.5655,96.253,104.96,357495.80455883365,0.038,0
2026-07-23T11:13:45Z,0.557,27.6682,8.28,1.3481,0.0852,0.2538,1.8809,152.273,160.540084,7.5637,96.339,107.74,356807.280748549,0.037,0
2026-07-23T11:13:45Z,0.566,27.682,8.28,1.3939,0.0852,0.2538,1.9111,152.148,160.457806,7.5641,96.433,106.18,356083.96804913,0.035,0
2026-07-23T11:13:45Z,0.575,27.6889,8.28,1.3977,0.0852,0.2538,1.9866,152.044,160.402231,7.5672,96.53,105.69,355640.53519903345,0.034,0
2026-07-23T11:13:45Z,0.583,27.6959,8.28,1.3939,0.0852,0.2538,1.9413,151.989,160.394618,7.572,96.624,108.35,355468.8119721427,0.032,0
2026-07-23T11:13:45Z,0.591,27.708,8.28,1.3863,0.0852,0.4653,1.9715,151.965,160.412896,7.5771,96.712,103.51,355351.13422398036,0.031,0
2026-07-23T11:13:45Z,0.598,27.7243,8.28,1.3596,0.0852,0.4653,1.9715,151.955,160.433885,7.5822,96.792,106.69,355172.04626529425,0.029,0
2026-07-23T11:13:45Z,0.606,27.742,8.28,1.3787,0.0852,0.4653,1.896,151.963,160.463182,7.5875,96.862,102.24,355014.7281332222,0.028,0
2026-07-23T11:13:45Z,0.613,27.7587,8.28,1.4435,0.0852,0.4653,1.8507,151.982,160.496574,7.5927,96.921,106.46,354899.0861875261,0.027,0
2026-07-23T11:13:45Z,0.62,27.7728,8.28,1.4283,0.0852,0.4653,1.9715,151.996,160.518917,7.5977,96.972,103.54,354768.27950674563,0.026,0
2026-07-23T11:13:45Z,0.626,27.7832,8.28,1.4283,0.0852,0.4653,1.8356,151.988,160.514121,7.6026,97.013,107.55,354551.0766488668,0.024,0
2026-07-23T11:13:45Z,0.632,27.7902,8.28,1.4283,0.0852,0.4653,1.8054,151.951,160.474895,7.6071,97.048,103.33,354200.7639852807,0.023,0
2026-07-23T11:13:45Z,0.637,27.7945,8.28,1.371,0.0852,0.4653,1.896,151.93,160.450906,7.6112,97.078,106.73,353986.32975688763,0.023,0
2026-07-23T11:13:45Z,0.643,27.797,8.28,1.3787,0.0852,0.4653,1.7903,151.966,160.483856,7.6148,97.107,106.66,354127.57092048775,0.022,0
2026-07-23T11:13:45Z,0.648,27.7981,8.28,1.3977,0.0852,0.423,1.896,152.016,160.52842,7.6179,97.136,106.59,354360.2450230407,0.022,0
2026-07-23T11:13:45Z,0.654,27.7983,8.28,1.3748,0.0852,0.423,2.0471,152.029,160.53034,7.6206,97.169,107.62,354367.48506464344,0.022,0
2026-07-23T11:13:45Z,0.66,27.7976,8.28,1.371,0.0852,0.423,1.9111,152.021,160.506162,7.6231,97.21,107.62,354243.1170502906,0.022,0
2026-07-23T11:13:45Z,0.666,27.7959,8.28,1.3748,0.0852,0.423,1.9715,152.045,160.509565,7.6256,97.26,107.64,354293.4255843073,0.022,0
2026-07-23T11:13:45Z,0.672,27.7931,8.37,1.3863,0.0852,0.4653,1.8507,152.114,160.549474,7.6282,97.315,106.48,354570.95061729004,0.021,0
2026-07-23T11:13:45Z,0.677,27.7892,8.37,1.352,0.0852,0.4653,1.8507,152.186,160.582414,7.6314,97.372,105.72,354829.1685426374,0.02,0
2026-07-23T11:13:45Z,0.682,27.784300000000002,8.37,1.3787,0.0852,0.4653,1.6845,152.229,160.583094,7.6353,97.42,105.86,354922.5768505286,0.018,0
2026-07-23T11:13:45Z,0.687,27.7771,8.37,1.3748,0.0852,0.4653,1.6996,152.255,160.569732,7.6401,97.453,105.19,354978.2969869102,0.017,0
2026-07-23T11:13:45Z,0.69,27.766,8.28,1.371,0.0852,0.4653,1.6996,152.272,160.556799,7.646,97.476,106.97,355107.80516600003,0.017,0
2026-07-23T11:13:45Z,0.694,27.7519,8.28,1.3863,0.0852,0.4653,1.6694,152.284,160.548862,7.6524,97.496,106.39,355320.71432773967,0.016,0
2026-07-23T11:13:45Z,0.698,27.7373,8.28,1.4092,0.0852,0.4653,1.9715,152.295,160.551821,7.6581,97.513,106.39,355604.9786064149,0.016,0
2026-07-23T11:13:45Z,0.703,27.7241,8.28,1.3748,0.0852,0.4653,1.8507,152.307,160.562455,7.6625,97.534,107.2,355907.56378386996,0.016,0
2026-07-23T11:13:45Z,0.707,27.7138,8.28,1.3672,0.0852,0.4653,1.9262,152.33,160.591618,7.6657,97.559,105.47,356262.81782980677,0.016,0
2026-07-23T11:13:45Z,0.712,27.7072,8.28,1.3939,0.0852,0.2961,1.9413,152.364,160.637065,7.6681,97.586,106.2,356643.2959110674,0.016,0
2026-07-23T11:13:45Z,0.715,27.7041,8.28,1.3825,0.0852,0.2961,1.8356,152.391,160.680854,7.6699,97.61,106.59,356950.2268634039,0.015,0
2026-07-23T11:13:45Z,0.719,27.7037,8.28,1.3596,0.0852,0.2961,1.896,152.421,160.732656,7.6716,97.631,105.95,357253.38737280224,0.015,0
2026-07-23T11:13:45Z,0.722,27.7053,8.28,1.3596,0.0852,0.2961,1.8507,152.452,160.790253,7.6734,97.655,107.69,357552.95192536584,0.014,0
2026-07-23T11:13:45Z,0.726,27.7084,8.28,1.3863,0.0852,0.423,1.9111,152.47,160.840945,7.675,97.676,105.1,357785.50253126473,0.014,0
2026-07-23T11:13:45Z,0.73,27.7132,8.28,1.3787,0.0852,0.423,1.8809,152.481,160.888231,7.6762,97.691,105.65,357967.26286406483,0.014,0
2026-07-23T11:13:45Z,0.733,27.7197,8.28,1.371,0.0852,0.423,1.896,152.463,160.912653,7.6771,97.702,104.99,357986.9292228871,0.014,0
2026-07-23T11:13:45Z,0.737,27.7281,8.28,1.371,0.0852,0.423,1.9111,152.395,160.888658,7.6778,97.715,104.24,357694.8491563202,0.013,0
2026-07-23T11:13:45Z,0.74,27.7383,8.28,1.371,0.0426,0.3807,1.8809,152.307,160.843922,7.678,97.73,104.67,357251.46057118976,0.013,0
2026-07-23T11:13:45Z,0.743,27.7503,8.28,1.3825,0.0426,0.3807,2.0018,152.243,160.81863,7.6776,97.746,103.45,356886.3606347322,0.013,0
2026-07-23T11:13:45Z,0.747,27.7643,8.28,1.3672,0.0426,0.3807,1.8507,152.212,160.82007,7.6766,97.76,103.76,356637.23584377737,0.012,0
2026-07-23T11:13:45Z,0.75,27.78,8.28,1.3596,0.0426,0.3807,1.896,152.208,160.846622,7.6755,97.776,103.67,356500.1433888376,0.012,0
2026-07-23T11:13:45Z,0.753,27.7958,8.28,1.3863,0.0426,0.3807,1.8809,152.218,160.889333,7.6745,97.798,103.9,356453.3003688626,0.012,0
2026-07-23T11:13:45Z,0.756,27.8096,8.37,1.3825,0.0852,0.3384,1.9111,152.225,160.929532,7.6739,97.824,104.76,356428.867812504,0.012,0
2026-07-23T11:13:45Z,0.759,27.8209,8.37,1.371,0.0852,0.3384,1.8809,152.21,160.94587,7.6735,97.853,103.85,356314.53685342,0.012,0
2026-07-23T11:13:45Z,0.762,27.831,8.37,1.4054,0.0852,0.3384,2.0169,152.175,160.934689,7.6734,97.881,104.33,356065.79087654577,0.013,0
2026-07-23T11:13:45Z,0.766,27.8415,8.37,1.371,0.0852,0.3384,2.0018,152.146,160.92107,7.6736,97.908,103.15,355796.0682389484,0.013,0
2026-07-23T11:13:45Z,0.769,27.8525,8.28,1.3672,0.0852,0.4653,1.8658,152.143,160.931445,7.6741,97.938,103.83,355653.6712190515,0.013,0
2026-07-23T11:13:45Z,0.772,27.8629,8.28,1.371,0.0852,0.4653,1.8809,152.161,160.966577,7.675,97.967,102.82,355662.8797251794,0.013,0
2026-07-23T11:13:45Z,0.775,27.8713,8.28,1.3558,0.0852,0.4653,1.8809,152.177,161.00176,7.6761,97.992,102.84,355708.9509019014,0.014,0
2026-07-23T11:13:45Z,0.779,27.8772,8.28,1.3672,0.0852,0.4653,1.9111,152.189,161.032349,7.6774,98.018,102.64,355774.663639008,0.014,0
2026-07-23T11:13:45Z,0.782,27.8816,8.28,1.413,0.0426,0.3384,1.7449,152.211,161.070511,7.6791,98.047,103.2,355910.81178074644,0.014,0
2026-07-23T11:13:45Z,0.786,27.8867,8.28,1.3787,0.0426,0.3384,1.9715,152.238,161.110389,7.6807,98.082,102.97,356043.89425017824,0.014,0
2026-07-23T11:13:45Z,0.79,27.8928,8.28,1.3787,0.0426,0.3384,1.8356,152.256,161.142574,7.6819,98.122,101.22,356114.9767254507,0.014,0
2026-07-23T11:13:45Z,0.793,27.8988,8.28,1.3787,0.0426,0.3384,2.0169,152.271,161.171641,7.6831,98.163,101.71,356170.1716735749,0.015,0
2026-07-23T11:13:45Z,0.797,27.9035,8.37,1.3596,0.0852,0.423,1.8507,152.282,161.199327,7.6847,98.201,100.26,356241.31990397343,0.015,0
2026-07-23T11:13:45Z,0.801,27.9075,8.37,1.3634,0.0852,0.423,1.8507,152.266,161.198945,7.6869,98.236,100.39,356165.90527406865,0.015,0
2026-07-23T11:13:45Z,0.805,27.9116,8.37,1.3977,0.0852,0.423,1.9262,152.235,161.180414,7.6896,98.271,100.78,355985.6708070449,0.015,0
2026-07-23T11:13:45Z,0.808,27.916,8.37,1.371,0.0852,0.423,1.8809,152.233,161.188901,7.6922,98.31,100.59,355953.3261966038,0.016,0
2026-07-23T11:13:45Z,0.812,27.9212,8.37,1.3634,0.0852,0.423,1.9111,152.26,161.226671,7.6944,98.354,101.07,356072.51143272273,0.016,0
2026-07-23T11:13:45Z,0.817,27.9267,8.37,1.3863,0.0852,0.3384,1.8507,152.283,161.261704,7.6964,98.397,101,356170.66838240006,0.016,0
2026-07-23T11:13:45Z,0.821,27.9313,8.37,1.3901,0.0852,0.3384,1.8658,152.281,161.269271,7.6985,98.436,100.96,356129.4199809655,0.017,0
2026-07-23T11:13:45Z,0.825,27.9347,8.37,1.3634,0.0852,0.3384,1.9715,152.276,161.273436,7.7011,98.47,99.976,356090.83518079633,0.017,0
2026-07-23T11:13:45Z,0.83,27.9379,8.37,1.4168,0.0852,0.3384,1.6392,152.289,161.295355,7.704,98.497,99.391,356156.64165737,0.017,0
2026-07-23T11:13:45Z,0.834,27.9413,8.28,1.3634,0.0852,0.3384,1.7752,152.29,161.304795,7.707,98.514,99.326,356147.9828178472,0.016,0
2026-07-23T11:13:45Z,0.838,27.9446,8.28,1.3748,0.0852,0.3384,1.6241,152.278,161.300264,7.7096,98.516,98.767,356061.9019042673,0.016,0
2026-07-23T11:13:45Z,0.842,27.9474,8.28,1.3863,0.0852,0.3384,1.6241,152.295,161.32465,7.7119,98.503,99.456,356149.00395844225,0.016,0
2026-07-23T11:13:45Z,0.846,27.9501,8.28,1.3138,0.0852,0.3384,1.9413,152.334,161.372431,7.7136,98.476,98.724,356370.68050217675,0.015,0
2026-07-23T11:13:45Z,0.85,27.9529,8.37,1.3214,0.0852,0.423,1.896,152.346,161.392209,7.7146,98.436,98.917,356431.6499829401,0.015,0
2026-07-23T11:13:45Z,0.854,27.9555,8.37,1.2986,0.0852,0.423,1.8507,152.337,161.38926,7.7144,98.383,97.997,356367.31438890734,0.015,0
2026-07-23T11:13:45Z,0.858,27.9577,8.37,1.3367,0.0852,0.423,1.8658,152.344,161.402884,7.713,98.301,97.869,356404.3412738599,0.015,0
2026-07-23T11:13:45Z,0.862,27.9599,8.37,1.352,0.0852,0.423,1.8809,152.357,161.424687,7.7106,98.165,97.763,356487.7775245093,0.015,0
2026-07-23T11:13:45Z,0.866,27.9623,8.37,1.3863,0.0852,0.423,1.8356,152.366,161.442447,7.7072,97.942,97.593,356544.61091819336,0.016,0
2026-07-23T11:13:45Z,0.87,27.9645,8.37,1.3901,0.0852,0.54990000000000006,1.9413,152.401,161.486955,7.7027,97.585,97.53,356756.9274138034,0.016,0
2026-07-23T11:13:45Z,0.874,27.9667,8.37,1.371,0.0852,0.54990000000000006,1.7903,152.49,161.58812,7.696,97.038,96.938,357291.11749011185,0.016,0
2026-07-23T11:13:45Z,0.878,27.9691,8.37,1.3787,0.0852,0.54990000000000006,1.9262,152.584,161.696752,7.685,96.215,96.896,357864.53503251227,0.015,0
2026-07-23T11:13:45Z,0.882,27.9717,8.37,1.3901,0.0852,0.54990000000000006,1.8809,152.602,161.72557,7.6672,94.973,96.896,357980.6382430411,0.015,0
2026-07-23T11:13:45Z,0.886,27.9741,8.28,1.3596,0.1278,0.5076,1.8809,152.555,161.684264,7.639,93.199,96.308,357701.65516937623,0.015,0
2026-07-23T11:13:45Z,0.89,27.9764,8.28,1.3787,0.1278,0.5076,1.8809,152.515,161.650011,7.5958,90.96,96.183,357464.7424618538,0.015,0
2026-07-23T11:13:45Z,0.893,27.9793,8.28,1.3596,0.1278,0.5076,1.8507,152.507,161.647751,7.531,88.477,95.682,357398.67207029066,0.014,0
2026-07-23T11:13:45Z,0.897,27.9826,8.28,1.3863,0.1278,0.5076,1.8809,152.512,161.656839,7.4334,85.937,95.123,357389.7386225876,0.014,0
2026-07-23T11:13:45Z,0.9,27.9854,8.28,1.371,0.0852,0.423,1.9262,152.517,161.663664,7.2942,83.404,95.62,357377.12612994126,0.013,0
2026-07-23T11:13:45Z,0.904,27.9879,8.28,1.3787,0.0852,0.423,1.9111,152.531,161.678062,7.1186,80.919,94.731,357413.0350767521,0.013,0
2026-07-23T11:13:45Z,0.907,27.99,8.28,1.3901,0.0852,0.423,1.6845,152.561,161.707882,6.924,78.569,95.371,357543.89506246586,0.012,0
2026-07-23T11:13:45Z,0.91,27.9914,8.28,1.3596,0.0852,0.423,1.609,152.585,161.729006,6.7251,76.435,95.081,357638.2131308577,0.012,0
2026-07-23T11:13:45Z,0.913,27.992,8.28,1.371,0.0852,0.3807,1.6694,152.598,161.739049,6.5268,74.546,94.957,357684.26241949917,0.012,0
2026-07-23T11:13:45Z,0.916,27.9917,8.28,1.352,0.0852,0.3807,1.6845,152.626,161.764741,6.3323,72.874,94.504,357835.786924966,0.012,0
2026-07-23T11:13:45Z,0.919,27.9908,8.28,1.352,0.0852,0.3807,1.9413,152.654,161.792891,6.1485,71.385,93.952,358012.3560869258,0.012,0
2026-07-23T11:13:45Z,0.921,27.9896,8.28,1.3748,0.0852,0.3807,1.9111,152.657,161.794925,5.9816,70.079,93.361,358045.9790183031,0.012,0
2026-07-23T11:13:45Z,0.924,27.9884,8.28,1.3748,0.0852,0.3807,1.8507,152.647,161.783414,5.8339,68.977,93.524,358002.58317297127,0.012,0
2026-07-23T11:13:45Z,0.927,27.9872,8.28,1.371,0.0852,0.423,1.7903,152.648,161.783347,5.7033,68.082,93.463,358024.25942960405,0.012,0
2026-07-23T11:13:45Z,0.93,27.9865,8.28,1.3748,0.0852,0.423,1.9111,152.668,161.802726,5.5868,67.369,93.28,358147.3374841515,0.013,0
2026-07-23T11:13:45Z,0.934,27.9861,8.28,1.352,0.0852,0.423,1.8658,152.687,161.822664,5.4846,66.8,93.199,358268.1059077306,0.013,0
2026-07-23T11:13:45Z,0.937,27.9858,8.28,1.3863,0.0852,0.423,1.8809,152.681,161.816408,5.3984,66.325,92.654,358238.0344589401,0.013,0
2026-07-23T11:13:45Z,0.941,27.9854,8.37,1.3901,0.0426,0.5076,1.9715,152.656,161.790309,5.3284,65.909,92.574,358096.9393806477,0.014,0
2026-07-23T11:13:45Z,0.944,27.9849,8.37,1.3863,0.0426,0.5076,1.7147,152.617,161.749433,5.2726,65.553,92.654,357873.69741207815,0.014,0
2026-07-23T11:13:45Z,0.948,27.9847,8.37,1.3863,0.0426,0.5076,1.5788,152.565,161.694904,5.2281,65.291,92.453,357567.44222795666,0.014,0
2026-07-23T11:13:45Z,0.951,27.9848,8.37,1.371,0.0426,0.5076,1.6694,152.54,161.666301,5.1909,65.176,92.553,357403.0989802259,0.014,0
2026-07-23T11:13:45Z,0.955,27.985,8.28,1.371,0.0852,0.3384,1.6543,152.571,161.694077,5.1583,65.258,91.832,357557.2325418949,0.015,0
2026-07-23T11:13:45Z,0.959,27.9853,8.28,1.3787,0.0852,0.3384,1.6241,152.622,161.739541,5.1304,65.523,91.533,357810.1081563134,0.015,0
2026-07-23T11:13:45Z,0.963,27.9853,8.28,1.3596,0.0852,0.3384,1.9262,152.634,161.740653,5.11,65.885,91.355,357816.428380024,0.015,0
2026-07-23T11:13:45Z,0.967,27.9847,8.28,1.3977,0.0852,0.3384,1.8809,152.617,161.709737,5.101,66.262,91.176,357651.7266686536,0.015,0
2026-07-23T11:13:45Z,0.971,27.9829,8.28,1.3672,0.0852,0.3384,1.8205,152.639,161.720725,5.1075,66.629,90.919,357747.237281107,0.015,0
2026-07-23T11:13:45Z,0.975,27.9801,8.28,1.3748,0.0852,0.3807,1.8356,152.714,161.790576,5.1286,66.978,91.136,358195.91429966496,0.015,0
2026-07-23T11:13:45Z,0.978,27.9763,8.28,1.3939,0.0852,0.3807,1.7147,152.772,161.845716,5.1572,67.274,90.426,358579.64708694024,0.015,0
2026-07-23T11:13:45Z,0.982,27.9721,8.28,1.3748,0.0852,0.3807,1.5939,152.753,161.818672,5.1871,67.47,90.466,358503.0208613037,0.015,0
2026-07-23T11:13:45Z,0.986,27.9682,8.28,1.4206,0.0852,0.3807,1.6845,152.685,161.742317,5.2162,67.564,90.525,358140.2352454562,0.015,0
2026-07-23T11:13:45Z,0.99,27.9651,8.37,1.352,0.0426,0.423,1.6241,152.659,161.710538,5.2438,67.612,89.839,358016.4468339109,0.015,0
2026-07-23T11:13:45Z,0.994,27.9628,8.37,1.3634,0.0426,0.423,1.9715,152.693,161.742923,5.2672,67.662,89.858,358243.02635844774,0.015,0
2026-07-23T11:13:45Z,0.997,27.9608,8.37,1.3825,0.0426,0.423,1.8054,152.723,161.769938,5.2828,67.691,89.236,358433.61583548225,0.015,0
2026-07-23T11:13:45Z,1.001,27.9592,8.37,1.3748,0.0426,0.423,1.8356,152.71,161.752687,5.2903,67.643,89.197,358364.8568927916,0.015,0
2026-07-23T11:13:45Z,1.005,27.958,8.37,1.3367,0.0426,0.3384,1.8205,152.692,161.730664,5.2942,67.494,89.023,358261.5763669635,0.015,0
2026-07-23T11:13:45Z,1.009,27.9566,8.37,1.3558,0.0426,0.3384,1.896,152.703,161.742092,5.2982,67.255,88.945,358352.3974164743,0.016,0
2026-07-23T11:13:45Z,1.013,27.9552,8.37,1.352,0.0426,0.3384,1.9111,152.714,161.753941,5.3006,66.943,88.733,358445.6347241838,0.016,0
2026-07-23T11:13:45Z,1.017,27.954,8.37,1.371,0.0426,0.3384,1.8356,152.694,161.733292,5.297,66.56,88.617,358350.1557676924,0.016,0
2026-07-23T11:13:45Z,1.021,27.9532,8.37,1.3596,0.0426,0.3384,1.8507,152.679,161.718734,5.2854,66.114,88.463,358281.99993781466,0.016,0
2026-07-23T11:13:45Z,1.025,27.9528,8.28,1.3596,0.1278,0.423,1.6241,152.699,161.742464,5.2667,65.625,88.041,358424.4694608271,0.016,0
2026-07-23T11:13:45Z,1.03,27.9529,8.28,1.371,0.1278,0.423,1.6241,152.722,161.770722,5.2423,65.126,87.774,358583.55578570534,0.016,0
2026-07-23T11:13:45Z,1.034,27.9532,8.28,1.3634,0.1278,0.423,1.5788,152.734,161.786992,5.2123,64.642,87.431,358670.7042291273,0.016,0
2026-07-23T11:13:45Z,1.038,27.9538,8.28,1.3596,0.1278,0.423,1.7449,152.762,161.819666,5.1772,64.185,87.26,358845.80163255683,0.015,0
2026-07-23T11:13:45Z,1.042,27.9546,8.28,1.3863,0.0852,0.4653,1.5939,152.806,161.86944,5.1389,63.758,87.071,359114.7326438004,0.015,0
2026-07-23T11:13:45Z,1.046,27.9557,8.28,1.3672,0.0852,0.4653,1.5335,152.848,161.917516,5.0997,63.364,87.052,359368.5556655109,0.015,0
2026-07-23T11:13:45Z,1.05,27.9569,8.28,1.3863,0.0852,0.4653,1.5939,152.879,161.952664,5.0617,63.003,86.731,359546.8755106033,0.014,0
2026-07-23T11:13:45Z,1.053,27.958,8.28,1.3672,0.0852,0.4653,1.6694,152.898,161.976237,5.0258,62.679,86.769,359661.04176865955,0.014,0
2026-07-23T11:13:45Z,1.057,27.9591,8.28,1.371,0.0852,0.423,1.6543,152.917,161.998532,4.9923,62.39,86.618,359767.9323072547,0.014,0
2026-07-23T11:13:45Z,1.06,27.9601,8.28,1.3863,0.0852,0.423,1.6543,152.935,162.021484,4.9613,62.129,86.487,359880.4354154132,0.014,0
2026-07-23T11:13:45Z,1.063,27.9611,8.28,1.3596,0.0852,0.423,1.6543,152.961,162.055223,4.933,61.887,86.562,360054.53632632946,0.014,0
2026-07-23T11:13:45Z,1.067,27.962,8.28,1.3939,0.0852,0.423,1.6241,152.991,162.094715,4.9075,61.655,86.618,360263.38598016865,0.014,0
2026-07-23T11:13:45Z,1.07,27.9629,8.28,1.3596,0.0426,0.4653,1.7752,152.974,162.086352,4.8849,61.433,86.093,360198.97394020157,0.014,0
2026-07-23T11:13:45Z,1.074,27.9641,8.28,1.3672,0.0426,0.4653,1.9111,152.898,162.01187,4.8643,61.226,86.243,359751.63892768574,0.014,0
2026-07-23T11:13:45Z,1.078,27.966,8.28,1.3634,0.0426,0.4653,1.8809,152.838,161.947616,4.8451,61.041,86.13,359350.06127902184,0.015,0
2026-07-23T11:13:45Z,1.082,27.9686,8.28,1.3863,0.0426,0.4653,1.896,152.85,161.950621,4.8267,60.884,86.261,359319.207761025,0.015,0
2026-07-23T11:13:45Z,1.086,27.9717,8.28,1.3672,0.0426,0.4653,1.9715,152.884,161.971573,4.8091,60.755,85.813,359381.44547763566,0.015,0
2026-07-23T11:13:45Z,1.089,27.9738,8.28,1.3634,0.0426,0.54990000000000006,1.8658,152.873,161.949915,4.7928,60.65,85.757,359219.23412841995,0.015,0
2026-07-23T11:13:45Z,1.093,27.9735,8.28,1.3596,0.0426,0.54990000000000006,1.8809,152.834,161.905926,4.7784,60.564,85.645,358974.1004851804,0.015,0
2026-07-23T11:13:45Z,1.097,27.9701,8.28,1.3672,0.0426,0.54990000000000006,1.8507,152.816,161.890012,4.7663,60.49,85.496,358946.1130369474,0.015,0
2026-07-23T11:13:45Z,1.101,27.9653,8.28,1.352,0.0426,0.54990000000000006,1.6392,152.82,161.901938,4.7566,60.422,85.44,359102.58006297797,0.015,0
2026-07-23T11:13:45Z,1.105,27.9619,8.28,1.3863,0.0852,0.5076,1.5939,152.816,161.904799,4.7487,60.363,85.533,359181.6057239645,0.014,0
2026-07-23T11:13:45Z,1.108,27.9611,8.28,1.371,0.0852,0.5076,1.7298,152.806,161.899358,4.742,60.326,85.033,359165.3471664391,0.014,0
2026-07-23T11:13:45Z,1.112,27.9623,8.28,1.3825,0.0852,0.5076,1.5939,152.812,161.908217,4.7361,60.334,85.088,359193.70806254627,0.014,0
2026-07-23T11:13:45Z,1.115,27.9647,8.28,1.3787,0.0852,0.5076,1.9111,152.827,161.925721,4.7306,60.402,85.033,359249.21010222525,0.014,0
2026-07-23T11:13:45Z,1.119,27.9671,8.28,1.3748,0.0426,0.3807,1.8356,152.834,161.934489,4.7258,60.538,85.014,359254.9088694846,0.014,0
2026-07-23T11:13:45Z,1.122,27.9687,8.28,1.3672,0.0426,0.3807,1.8658,152.833,161.934855,4.7228,60.738,85.088,359227.4727154594,0.014,0
2026-07-23T11:13:45Z,1.126,27.9696,8.28,1.3863,0.0426,0.3807,1.8658,152.848,161.952973,4.7233,60.986,84.738,359314.1477040704,0.014,0
2026-07-23T11:13:45Z,1.129,27.9701,8.28,1.3748,0.0426,0.3807,1.8507,152.886,161.995679,4.7286,61.252,84.775,359548.42735904234,0.014,0
2026-07-23T11:13:45Z,1.133,27.9705,8.28,1.3748,0.0426,0.3807,1.8809,152.917,162.03227,4.7392,61.497,84.664,359749.7562887465,0.014,0
2026-07-23T11:13:45Z,1.137,27.971,8.37,1.371,0.0852,0.3807,1.9262,152.925,162.044442,4.7548,61.68,84.885,359809.96105146233,0.014,0
2026-07-23T11:13:45Z,1.141,27.9716,8.37,1.3863,0.0852,0.3807,1.9111,152.926,162.047467,4.7742000000000004,61.775,84.572,359816.1314562726,0.014,0
2026-07-23T11:13:45Z,1.144,27.9725,8.37,1.4397,0.0852,0.3807,1.8507,152.942,162.066207,4.795,61.768,84.793,359906.42642375093,0.014,0
2026-07-23T11:13:45Z,1.147,27.9737,8.37,1.4283,0.0852,0.3807,1.9564,152.984,162.111669,4.814,61.659,84.756,360143.70795700094,0.014,0
2026-07-23T11:13:45Z,1.151,27.9749,8.28,1.4092,0.0852,0.4653,1.9715,153.035,162.165913,4.8282,61.451,84.701,360431.226382487,0.014,0
2026-07-23T11:13:45Z,1.154,27.9756,8.28,1.4359,0.0852,0.4653,1.896,153.07,162.203316,4.8356,61.159,84.352,360631.91264379455,0.014,0
2026-07-23T11:13:45Z,1.158,27.976,8.28,1.371,0.0852,0.4653,1.5486,153.081,162.21581,4.835,60.811,84.609,360695.88457440666,0.014,0
2026-07-23T11:13:45Z,1.161,27.9763,8.28,1.3596,0.0852,0.4653,1.6845,153.072,162.20673,4.8265,60.431,84.499,360638.4501139477,0.014,0
2026-07-23T11:13:45Z,1.165,27.9765,8.28,1.3939,0.0852,0.3807,1.6694,153.058,162.193696,4.8102,60.037,84.738,360560.2875587086,0.015,0
2026-07-23T11:13:45Z,1.169,27.9766,8.28,1.3443,0.0852,0.3807,1.6845,153.043,162.181252,4.7873,59.648,84.719,360487.3566403961,0.015,0
2026-07-23T11:13:45Z,1.172,27.9767,8.28,1.4511,0.0852,0.3807,1.9111,153.021,162.162069,4.7601,59.285,84.389,360375.9514552141,0.016,0
2026-07-23T11:13:45Z,1.176,27.977,8.28,1.4435,0.0852,0.3807,1.8658,153.019,162.165108,4.7302,58.975,84.315,360387.75196813716,0.016,0
2026-07-23T11:13:45Z,1.181,27.9777,8.28,1.4397,0.0852,0.423,1.9111,153.044,162.197191,4.6994,58.75,84.187,360558.0265804905,0.017,0
2026-07-23T11:13:45Z,1.185,27.9788,8.28,1.4283,0.0852,0.423,1.9413,153.041,162.196721,4.6688,58.646,83.35,360534.9739354553,0.017,0
2026-07-23T11:13:45Z,1.19,27.9803,8.28,1.5007,0.0852,0.423,1.6845,152.997,162.151547,4.6403,58.696,83.241,360249.2586029166,0.017,0
2026-07-23T11:13:45Z,1.194,27.982,8.28,1.5007,0.0852,0.423,1.6543,152.992,162.141825,4.6159,58.93,83.314,360162.3172672918,0.016,0
2026-07-23T11:13:45Z,1.198,27.9836,8.28,1.5122,0.0852,0.423,1.5939,153.045,162.189013,4.5982,59.37,83.332,360402.1012555316,0.016,0
2026-07-23T11:13:45Z,1.202,27.9847,8.28,1.4702,0.0852,0.4653,1.6543,153.071,162.205477,4.5899,60.032,83.513,360475.7528185039,0.015,0
2026-07-23T11:13:45Z,1.205,27.985,8.28,1.4435,0.0852,0.4653,1.9111,153.05,162.171551,4.5939,60.903,83.477,360276.50162564334,0.016,0
2026-07-23T11:13:45Z,1.209,27.9836,8.28,1.4283,0.0852,0.4653,1.8809,153.058,162.166382,4.6123,61.946,83.477,360272.8921546916,0.016,0
2026-07-23T11:13:45Z,1.213,27.9806,8.28,1.4359,0.0852,0.4653,2.0018,153.105,162.200618,4.647,63.115,83.097,360523.89723078837,0.017,0
2026-07-23T11:13:45Z,1.218,27.9769,8.28,1.4397,0.0852,0.3384,1.8205,153.14,162.223255,4.6991,64.339,82.629,360721.7309520294,0.017,0
2026-07-23T11:13:45Z,1.223,27.9733,8.28,1.4435,0.0852,0.3384,1.9111,153.158,162.232312,4.7676,65.537,82.431,360840.1868278289,0.018,0
2026-07-23T11:13:45Z,1.227,27.9689,8.28,1.4435,0.0852,0.3384,1.9715,153.19,162.26027,4.8496,66.638,82.503,361081.58255146415,0.018,0
2026-07-23T11:13:45Z,1.232,27.9638,8.28,1.4397,0.0852,0.3384,1.9262,153.232,162.300553,4.9415,67.583,82.127,361406.6269688097,0.018,0
2026-07-23T11:13:45Z,1.236,27.9591,8.28,1.4244,0.0852,0.3807,1.8205,153.251,162.317801,5.0378,68.32,82.003,361592.61086844886,0.019,0
2026-07-23T11:13:45Z,1.241,27.9559,8.28,1.5122,0.0852,0.3807,1.9715,153.242,162.308596,5.1319,68.803,81.807,361599.3563697484,0.019,0
2026-07-23T11:13:45Z,1.246,27.9539,8.28,1.4893,0.0852,0.3807,1.9413,153.234,162.302555,5.2183,69.006,81.629,361601.92359671195,0.019,0
2026-07-23T11:13:45Z,1.25,27.9524,8.28,1.4931,0.0852,0.3807,1.9413,153.247,162.322119,5.2924,68.927,81.24,361741.80924417084,0.019,0
2026-07-23T11:13:45Z,1.255,27.9515,8.28,1.4855,0.0852,0.3807,1.7903,153.277,162.360479,5.3502,68.586,80.975,361978.24986821285,0.019,0
2026-07-23T11:13:45Z,1.26,27.9514,8.28,1.5007,0.0852,0.3807,1.9715,153.293,162.383768,5.3881,68.014,80.519,362113.54163082986,0.019,0
2026-07-23T11:13:45Z,1.265,27.9524,8.28,1.5007,0.0852,0.3807,1.9715,153.291,162.38617,5.4039,67.262,80.275,362108.70020894706,0.018,0
2026-07-23T11:13:45Z,1.27,27.9542,8.28,1.5236,0.0852,0.3807,1.896,153.3,162.400397,5.3975,66.393,80.432,362156.7332557909,0.018,0
2026-07-23T11:13:45Z,1.274,27.9563,8.28,1.5046,0.0852,0.3807,1.8658,153.32,162.426234,5.3706,65.478,80.083,362265.71815157746,0.017,0
2026-07-23T11:13:45Z,1.279,27.9583,8.28,1.4969,0.0852,0.3807,1.9262,153.324,162.434492,5.3256,64.575,80.153,362275.82301870227,0.016,0
2026-07-23T11:13:45Z,1.283,27.96,8.28,1.4969,0.0852,0.3807,1.9413,153.313,162.427372,5.2665,63.727,79.857,362203.38750802167,0.016,0
2026-07-23T11:13:45Z,1.287,27.9615,8.28,1.4969,0.0852,0.3807,1.8205,153.3,162.419012,5.1984,62.963,79.892,362127.58177272487,0.015,0
2026-07-23T11:13:45Z,1.29,27.9629,8.28,1.4778,0.0852,0.3807,1.8356,153.268,162.391147,5.1266,62.294,79.857,361941.93195072724,0.015,0
2026-07-23T11:13:45Z,1.294,27.9643,8.28,1.4855,0.0426,0.5076,1.9111,153.218,162.344364,5.0558,61.719,79.927,361648.0512916377,0.014,0
2026-07-23T11:13:45Z,1.297,27.9658,8.28,1.4664,0.0426,0.5076,1.9111,153.179,162.310285,4.9893,61.226,79.996,361425.16244818916,0.014,0
2026-07-23T11:13:45Z,1.301,27.9675,8.28,1.4778,0.0426,0.5076,1.9413,153.163,162.299868,4.9293,60.793,79.77,361334.0083216941,0.014,0
2026-07-23T11:13:45Z,1.305,27.9695,8.28,1.4969,0.0426,0.5076,1.9715,153.164,162.306326,4.8767,60.406,79.511,361333.8338938994,0.014,0
2026-07-23T11:13:45Z,1.308,27.9716,8.28,1.5046,0.0426,0.5076,1.8658,153.171,162.319354,4.8315,60.062,79.2,361369.38606838253,0.014,0
2026-07-23T11:13:45Z,1.312,27.9738,8.37,1.4817,0.0852,0.423,1.896,153.181,162.334409,4.7928,59.753,79.252,361414.676755371,0.015,0
2026-07-23T11:13:45Z,1.316,27.9759,8.37,1.5084,0.0852,0.423,1.9413,153.201,162.359515,4.7587,59.463,79.304,361519.32746561704,0.015,0
2026-07-23T11:13:45Z,1.319,27.9778,8.37,1.5007,0.0852,0.423,1.896,153.229,162.393349,4.7283,59.175,79.252,361677.6481573152,0.016,0
2026-07-23T11:13:45Z,1.323,27.9796,8.37,1.5618,0.0852,0.423,1.8356,153.256,162.42489,4.7012,58.884,78.994,361824.7313785867,0.016,0
2026-07-23T11:13:45Z,1.327,27.9811,8.28,1.5732,0.0852,0.2538,1.8507,153.274,162.446515,4.6769,58.591,78.891,361920.6465042219,0.017,0
2026-07-23T11:13:45Z,1.332,27.9824,8.28,1.5541,0.0852,0.2538,1.8658,153.279,162.451962,4.6541,58.294,78.857,361927.66711694445,0.017,0
2026-07-23T11:13:45Z,1.336,27.9837,8.28,1.5732,0.0852,0.2538,1.896,153.27,162.442684,4.6314,57.985,78.515,361850.39743919915,0.018,0
2026-07-23T11:13:45Z,1.341,27.9847,8.28,1.558,0.0852,0.2538,1.9715,153.256,162.428235,4.6086,57.662,78.771,361749.1220665548,0.018,0
2026-07-23T11:13:45Z,1.346,27.9854,8.28,1.5541,0.0852,0.5076,1.9866,153.242,162.412778,4.5856,57.32,78.294,361647.6715602402,0.018,0
2026-07-23T11:13:45Z,1.35,27.9857,8.28,1.5503,0.0852,0.5076,1.8658,153.226,162.3962,4.5622,56.968,77.988,361547.2539366014,0.018,0
2026-07-23T11:13:45Z,1.355,27.9858,8.28,1.5694,0.0852,0.5076,1.9262,153.221,162.390115,4.5381,56.618,77.886,361510.586654863,0.018,0
2026-07-23T11:13:45Z,1.36,27.9858,8.28,1.5427,0.0852,0.5076,1.8809,153.228,162.396911,4.5128,56.282,77.785,361549.4614669341,0.018,0
2026-07-23T11:13:45Z,1.364,27.9857,8.37,1.5427,0.0852,0.3384,1.8809,153.233,162.402363,4.486,55.971,77.802,361582.5067642955,0.018,0
2026-07-23T11:13:45Z,1.369,27.9856,8.37,1.5541,0.0852,0.3384,1.8205,153.238,162.407926,4.4585,55.693,77.852,361616.18910899,0.018,0
2026-07-23T11:13:45Z,1.373,27.9854,8.37,1.5427,0.0852,0.3384,1.896,153.249,162.419092,4.4312,55.444,77.751,361683.7901926315,0.017,0
2026-07-23T11:13:45Z,1.377,27.9853,8.37,1.5274,0.0852,0.3384,1.8809,153.247,162.418793,4.4049,55.219,77.599,361683.93479468767,0.017,0
2026-07-23T11:13:45Z,1.382,27.9852,8.37,1.4931,0.0852,0.3384,1.5939,153.238,162.41096,4.3806,55.023,77.633,361640.97132862185,0.018,0
2026-07-23T11:13:45Z,1.386,27.9851,8.28,1.4969,0.0852,0.3384,1.6543,153.256,162.433592,4.3588,54.857,77.246,361772.333600621,0.018,0
2026-07-23T11:13:45Z,1.391,27.9851,8.28,1.516,0.0852,0.3384,1.6392,153.303,162.488715,4.3393,54.715,77.212,362087.88083417283,0.018,0
2026-07-23T11:13:45Z,1.396,27.9855,8.28,1.4778,0.0852,0.3384,1.6694,153.346,162.538914,4.3217,54.595,77.263,362367.9437970696,0.018,0
2026-07-23T11:13:45Z,1.4,27.9864,8.28,1.5274,0.0852,0.3384,1.8658,153.362,162.561496,4.3063,54.5,77.363,362480.56847529556,0.018,0
2026-07-23T11:13:45Z,1.405,27.9876,8.28,1.4855,0.0852,0.3384,1.9262,153.357,162.562484,4.2932,54.436,77.212,362463.8929612805,0.018,0
2026-07-23T11:13:45Z,1.409,27.9891,8.28,1.5007,0.0852,0.3384,1.9866,153.348,162.558177,4.282,54.395,76.961,362411.30202349776,0.018,0
2026-07-23T11:13:45Z,1.414,27.9908,8.28,1.4778,0.0852,0.3384,1.8658,153.341,162.555443,4.2724,54.354,76.994,362364.0073928421,0.018,0
2026-07-23T11:13:45Z,1.419,27.9927,8.28,1.4969,0.0852,0.3384,1.9111,153.335,162.553554,4.2648,54.29,76.944,362317.83891700255,0.019,0
2026-07-23T11:13:45Z,1.423,27.9946,8.28,1.5007,0.0852,0.423,1.9413,153.322,162.54399,4.2597,54.19,76.844,362227.7265280726,0.019,0
2026-07-23T11:13:45Z,1.428,27.9963,8.28,1.5007,0.0852,0.423,1.9111,153.291,162.516182,4.2563,54.06,76.827,362036.9117187672,0.019,0
2026-07-23T11:13:45Z,1.433,27.9978,8.28,1.4893,0.0852,0.423,1.9413,153.26,162.486767,4.253,53.918,76.544,361840.6910134365,0.019,0
2026-07-23T11:13:45Z,1.438,27.9992,8.28,1.5122,0.0852,0.423,1.8809,153.263,162.492,4.2479,53.78,76.245,361844.6261604721,0.02,0
2026-07-23T11:13:45Z,1.443,28.0007,8.28,1.4931,0.0852,0.423,1.896,153.291,162.523254,4.24,53.664,75.981,361995.60953302385,0.02,0
2026-07-23T11:13:45Z,1.448,28.0022,8.28,1.4855,0.0852,0.4653,1.8507,153.295,162.52873,4.2297,53.605,76.129,361999.0727356108,0.02,0
2026-07-23T11:13:45Z,1.453,28.0034,8.28,1.4969,0.0852,0.4653,1.9715,153.282,162.513898,4.2185,53.632,75.964,361891.8976248373,0.02,0
2026-07-23T11:13:45Z,1.458,28.0042,8.28,1.4893,0.0852,0.4653,1.8507,153.291,162.522908,4.2076,53.765,75.816,361928.58921318484,0.02,0
2026-07-23T11:13:45Z,1.464,28.0048,8.28,1.4855,0.0852,0.4653,1.896,153.311,162.542128,4.1986,54.018,75.372,362027.42805658164,0.02,0
2026-07-23T11:13:45Z,1.469,28.005,8.28,1.4931,0.0852,0.4653,1.8356,153.31,162.5386,4.1939,54.409,75.16,362003.5186434462,0.02,0
2026-07-23T11:13:45Z,1.475,28.0049,8.28,1.5084,0.0852,0.4653,1.8356,153.315,162.541447,4.1961,54.954,74.915,362021.6685055562,0.02,0
2026-07-23T11:13:45Z,1.48,28.0045,8.28,1.5046,0.0852,0.4653,1.9413,153.357,162.585504,4.2065,55.656,74.785,362281.29915995436,0.02,0
2026-07-23T11:13:45Z,1.485,28.0038,8.28,1.4931,0.0852,0.4653,1.9262,153.391,162.620382,4.2263,56.529,74.541,362494.05389081564,0.02,0
2026-07-23T11:13:45Z,1.489,28.0031,8.37,1.4893,0.0852,0.4653,1.896,153.369,162.597254,4.257,57.608,74.704,362374.61764326156,0.019,0
2026-07-23T11:13:45Z,1.494,28.0025,8.37,1.4969,0.0852,0.4653,1.8507,153.338,162.564072,4.2996,58.902,74.444,362195.7807828603,0.019,0
2026-07-23T11:13:45Z,1.499,28.0022,8.37,1.4435,0.0852,0.4653,1.8809,153.349,162.578134,4.3546,60.341,74.493,362281.86880399287,0.02,0
2026-07-23T11:13:45Z,1.504,28.002,8.37,1.4321,0.0852,0.4653,1.9413,153.383,162.617131,4.4229,61.796,74.186,362508.922521324,0.02,0
2026-07-23T11:13:45Z,1.509,28.0018,8.28,1.4321,0.0852,0.3807,1.8809,153.402,162.639348,4.5074,63.132,74.057,362639.91844691645,0.021,0
2026-07-23T11:13:45Z,1.515,28.0018,8.28,1.4664,0.0852,0.3807,1.8809,153.418,162.658728,4.6086,64.237,73.848,362750.96186627855,0.022,0
2026-07-23T11:13:45Z,1.521,28.0024,8.28,1.5084,0.0852,0.3807,2.032,153.455,162.698478,4.7211,65.055,73.656,362967.60843166936,0.022,0
2026-07-23T11:13:45Z,1.526,28.0033,8.28,1.516,0.0852,0.3807,1.9111,153.496,162.743142,4.8349,65.586,73.688,363206.914566692,0.023,0
2026-07-23T11:13:45Z,1.532,28.0042,8.28,1.4855,0.0852,0.3807,1.8809,153.537,162.786588,4.9393,65.879,73.368,363439.32078507385,0.023,0
2026-07-23T11:13:45Z,1.538,28.0048,8.37,1.4778,0.0426,0.5076,1.9111,153.575,162.828378,5.0257,65.999,73.114,363667.90624607954,0.023,0
2026-07-23T11:13:45Z,1.544,28.0053,8.37,1.5465,0.0426,0.5076,1.9413,153.588,162.843573,5.0897,65.996,72.923,363745.77747901966,0.023,0
2026-07-23T11:13:45Z,1.55,28.0055,8.37,1.5503,0.0426,0.5076,1.8205,153.576,162.83221700000001,5.1312,65.907,72.465,363676.8660153473,0.023,0
2026-07-23T11:13:45Z,1.556,28.0057,8.37,1.5808,0.0426,0.5076,1.9413,153.565,162.823353,5.1541,65.759,72.418,363622.2629637963,0.023,0
2026-07-23T11:13:45Z,1.562,28.0059,8.28,1.5656,0.0852,0.423,1.896,153.555,162.814618,5.1635,65.571,72.088,363568.4055384637,0.023,0
2026-07-23T11:13:45Z,1.568,28.0063,8.28,1.577,0.0852,0.423,1.8809,153.533,162.793659,5.1632,65.354,72.073,363440.6937685343,0.023,0
2026-07-23T11:13:45Z,1.573,28.0069,8.28,1.5923,0.0852,0.423,1.8205,153.519,162.780947,5.1562,65.113,71.963,363356.58146028896,0.023,0
2026-07-23T11:13:45Z,1.579,28.0076,8.28,1.5541,0.0852,0.423,1.8809,153.522,162.787122,5.1446,64.859,71.604,363378.94085277984,0.023,0
2026-07-23T11:13:45Z,1.585,28.0085,8.28,1.5503,0.0426,0.4653,1.9715,153.528,162.795791,5.1298,64.624,71.062,363411.87511203304,0.023,0
2026-07-23T11:13:45Z,1.592,28.0094,8.28,1.558,0.0426,0.4653,1.7752,153.519,162.789222,5.1127,64.45,70.631,363357.4074222574,0.023,0
2026-07-23T11:13:45Z,1.598,28.01,8.28,1.558,0.0426,0.4653,1.9111,153.499,162.771675,5.0938,64.345,70.646,363245.58721497934,0.023,0
2026-07-23T11:13:45Z,1.603,28.0107,8.28,1.5808,0.0426,0.4653,1.8507,153.492,162.766535,5.0738,64.276,70.569,363203.0616506454,0.023,0
2026-07-23T11:13:45Z,1.609,28.0116,8.28,1.5847,0.0426,0.4653,1.9413,153.495,162.772431,5.0554,64.194,70.615,363220.0869319378,0.022,0
2026-07-23T11:13:45Z,1.614,28.0128,8.28,1.5046,0.0426,0.4653,1.9413,153.489,162.766882,5.0416,64.065,70.309,363165.89940546185,0.022,0
2026-07-23T11:13:45Z,1.62,28.0138,8.28,1.4931,0.0426,0.4653,1.8809,153.472,162.750412,5.0333,63.87,69.761,363052.8444992785,0.022,0
2026-07-23T11:13:45Z,1.626,28.0147,8.28,1.4855,0.0426,0.4653,1.9715,153.474,162.752706,5.0279,63.594,69.64,363049.2208502235,0.022,0
2026-07-23T11:13:45Z,1.631,28.0154,8.28,1.4969,0.0426,0.4653,1.896,153.501,162.780389,5.0214,63.235,69.67,363194.8645919245,0.021,0
2026-07-23T11:13:45Z,1.636,28.0159,8.28,1.4435,0.0852,0.423,1.8809,153.511,162.79073,5.0112,62.809,69.504,363244.830167861,0.021,0
2026-07-23T11:13:45Z,1.642,28.0161,8.28,1.4435,0.0852,0.423,1.9111,153.5,162.778469,4.996,62.351,69.233,363170.8053642731,0.021,0
2026-07-23T11:13:45Z,1.647,28.0161,8.28,1.4511,0.0852,0.423,2.0169,153.501,162.778422,4.9744,61.896,68.873,363170.534219655,0.02,0
2026-07-23T11:13:45Z,1.652,28.016,8.28,1.4206,0.0852,0.423,1.8809,153.507,162.784563,4.9463,61.466,68.336,363207.6030236102,0.02,0
2026-07-23T11:13:45Z,1.657,28.0158,8.37,1.4511,0.0852,0.4653,1.7752,153.504,162.78049,4.913,61.091,68.395,363187.9786477886,0.019,0
2026-07-23T11:13:45Z,1.662,28.0156,8.37,1.4435,0.0852,0.4653,1.9715,153.497,162.773133,4.8773,60.787,68.559,363149.5286766845,0.019,0
2026-07-23T11:13:45Z,1.666,28.0153,8.37,1.4435,0.0852,0.4653,1.9262,153.502,162.778572,4.8417,60.548,68.351,363186.3000888814,0.018,0
2026-07-23T11:13:45Z,1.671,28.0151,8.37,1.4626,0.0852,0.4653,1.8507,153.531,162.808277,4.8081,60.357,68.084,363360.35393370484,0.018,0
2026-07-23T11:13:45Z,1.675,28.015,8.28,1.6228,0.0426,0.423,1.9413,153.568,162.848123,4.7787,60.2,67.877,363590.76998133375,0.018,0
2026-07-23T11:13:45Z,1.68,28.0149,8.28,1.6419,0.0426,0.423,1.8809,153.584,162.86664,4.7549,60.089,67.7,363698.87693285116,0.018,0
2026-07-23T11:13:45Z,1.685,28.0148,8.28,1.6381,0.0426,0.423,1.8205,153.581,162.864759,4.7363,60.044,67.392,363689.94874904654,0.018,0
2026-07-23T11:13:45Z,1.69,28.0147,8.28,1.619,0.0426,0.423,1.896,153.593,162.880061,4.7213,60.069,67.407,363779.6236312683,0.017,0
2026-07-23T11:13:45Z,1.694,28.0148,8.28,1.4931,0.0426,0.423,1.9413,153.611,162.902597,4.709,60.154,67.012,363907.0990265475,0.017,0
2026-07-23T11:13:45Z,1.698,28.0152,8.37,1.4931,0.0852,0.4653,1.896,153.587,162.880246,4.7003,60.307,66.693,363771.3464960185,0.016,0
2026-07-23T11:13:45Z,1.702,28.0158,8.37,1.5084,0.0852,0.4653,1.8356,153.545,162.83912,4.6968,60.531,66.389,363524.18609553156,0.016,0
2026-07-23T11:13:45Z,1.705,28.0166,8.37,1.5007,0.0852,0.4653,1.8205,153.545,162.842417,4.6986,60.792,66.693,363528.1708347449,0.016,0
2026-07-23T11:13:45Z,1.709,28.0176,8.37,1.5007,0.0852,0.4653,1.9262,153.574,162.876985,4.7052,61.048,66.461,363707.8240784819,0.017,0
2026-07-23T11:13:45Z,1.713,28.0187,8.28,1.516,0.0852,0.2961,1.8809,153.584,162.889905,4.717,61.293,66.606,363761.422650227,0.017,0
2026-07-23T11:13:45Z,1.718,28.0198,8.28,1.5007,0.0852,0.2961,1.8809,153.569,162.876604,4.7344,61.551,66.101,363664.5705329471,0.018,0
2026-07-23T11:13:45Z,1.723,28.0209,8.28,1.5007,0.0852,0.2961,1.8809,153.568,162.877633,4.7548,61.855,65.987,363649.94195927563,0.019,0
2026-07-23T11:13:45Z,1.728,28.022,8.28,1.5236,0.0852,0.2961,2.0169,153.581,162.893268,4.7748,62.235,65.8,363719.1092534497,0.019,0
2026-07-23T11:13:45Z,1.733,28.023,8.37,1.5503,0.0852,0.3807,2.1679,153.576,162.887588,4.7939,62.699,65.672,363667.8555471313,0.02,0
2026-07-23T11:13:45Z,1.738,28.0238,8.37,1.5503,0.0852,0.3807,2.1679,153.553,162.863087,4.814,63.233,65.259,363512.3879008136,0.02,0
2026-07-23T11:13:45Z,1.743,28.0245,8.37,1.5541,0.0852,0.3807,2.1981,153.538,162.845303,4.8377,63.809,65.373,363397.34482765925,0.02,0
2026-07-23T11:13:45Z,1.748,28.0249,8.37,1.5465,0.0852,0.3807,1.9564,153.54,162.84553,4.8674,64.391,65.146,363391.1850993016,0.02,0
2026-07-23T11:13:45Z,1.753,28.0251,8.37,1.5503,0.0852,0.3807,1.9413,153.559,162.863828,4.9036,64.951,64.596,363492.3812996775,0.02,0
2026-07-23T11:13:45Z,1.759,28.025,8.28,1.5427,0.0852,0.4653,1.9262,153.573,162.877014,4.9454,65.46,64.093,363569.8700406893,0.021,0
2026-07-23T11:13:45Z,1.764,28.0245,8.28,1.5656,0.0852,0.4653,1.9111,153.574,162.876576,4.9905,65.879,63.898,363576.6852579961,0.021,0
2026-07-23T11:13:45Z,1.77,28.0239,8.28,1.5923,0.0852,0.4653,2.1679,153.576,162.878435,5.0361,66.166,63.801,363598.5421301794,0.021,0
2026-07-23T11:13:45Z,1.775,28.0232,8.28,1.6228,0.0852,0.4653,2.1679,153.569,162.871058,5.0799,66.303,63.538,363569.28745736805,0.022,0
2026-07-23T11:13:45Z,1.781,28.0226,8.28,1.6381,0.0852,0.3807,2.0924,153.551,162.852478,5.1198,66.296,63.318,363473.9153443798,0.022,0
2026-07-23T11:13:45Z,1.786,28.0221,8.28,1.6114,0.0852,0.3807,2.032,153.548,162.851816,5.1526,66.154,63.057,363479.4437018077,0.022,0
2026-07-23T11:13:45Z,1.792,28.0218,8.28,1.5427,0.0852,0.3807,2.1377,153.575,162.882928,5.1751,65.886,62.701,363663.498479559,0.022,0
2026-07-23T11:13:45Z,1.797,28.0218,8.28,1.5808,0.0852,0.3807,2.1377,153.612,162.924043,5.1858,65.515,62.579,363899.4164262894,0.022,0
2026-07-23T11:13:45Z,1.803,28.0221,8.37,1.5427,0.0852,0.3807,2.1226,153.637,162.95205,5.1852,65.077,62.606,364054.568622346,0.022,0
2026-07-23T11:13:45Z,1.808,28.0228,8.37,1.5503,0.0852,0.3807,2.1075,153.65,162.966398,5.174,64.591,62.484,364123.8576976827,0.022,0
2026-07-23T11:13:45Z,1.814,28.0235,8.37,1.6075,0.0852,0.3807,2.1377,153.65,162.966906,5.153,64.063,62.416,364113.69167165674,0.022,0
2026-07-23T11:13:45Z,1.819,28.0243,8.37,1.6228,0.0852,0.3807,2.1226,153.636,162.953708,5.1239,63.496,62.118,364022.97864658426,0.022,0
2026-07-23T11:13:45Z,1.825,28.0247,8.37,1.6266,0.0852,0.3807,2.183,153.618,162.935313,5.0896,62.912,61.809,363909.9266620593,0.022,0
2026-07-23T11:13:45Z,1.831,28.025,8.37,1.6381,0.0852,0.4653,2.1679,153.598,162.914833,5.0516,62.34,61.407,363786.80162458506,0.022,0
2026-07-23T11:13:45Z,1.837,28.0252,8.37,1.5694,0.0852,0.4653,2.2132,153.579,162.894824,5.0103,61.805,61.407,363668.272062837,0.022,0
2026-07-23T11:13:45Z,1.842,28.0255,8.37,1.5503,0.0852,0.4653,2.1226,153.574,162.889994,4.9659,61.325,61.114,363634.9646033019,0.022,0
2026-07-23T11:13:45Z,1.848,28.0259,8.37,1.5732,0.0852,0.4653,2.1528,153.578,162.895048,4.9202,60.93,60.783,363656.4894047603,0.021,0
2026-07-23T11:13:45Z,1.853,28.0261,8.37,1.5732,0.0852,0.3384,2.2435,153.574,162.891289,4.8755,60.66,60.638,363631.1928589876,0.021,0
2026-07-23T11:13:45Z,1.858,28.0263,8.37,1.5465,0.0852,0.3384,2.0471,153.573,162.889741,4.8336,60.533,60.362,363618.5796626244,0.02,0
2026-07-23T11:13:45Z,1.863,28.0265,8.37,1.5503,0.0852,0.3384,2.1528,153.589,162.906026,4.796,60.526,60.231,363708.26242538425,0.02,0
2026-07-23T11:13:45Z,1.868,28.0266,8.37,1.5656,0.0852,0.3384,2.1528,153.615,162.93246,4.7652,60.595,60.27,363858.05972745613,0.019,0
2026-07-23T11:13:45Z,1.872,28.0267,8.37,1.5656,0.0852,0.4653,2.1377,153.639,162.956048,4.7441,60.704,59.749,363991.5588951103,0.019,0
2026-07-23T11:13:45Z,1.877,28.0265,8.37,1.619,0.0852,0.4653,2.0622,153.654,162.971054,4.7341,60.83,59.58,364081.4272350359,0.019,0
2026-07-23T11:13:45Z,1.882,28.0262,8.37,1.619,0.0852,0.4653,2.183,153.668,162.985487,4.7336,60.952,59.399,364169.8889615306,0.019,0
2026-07-23T11:13:45Z,1.887,28.0259,8.37,1.6381,0.0852,0.4653,2.1075,153.685,163.003196,4.739,61.041,59.193,364277.1768606925,0.018,0
2026-07-23T11:13:45Z,1.891,28.0256,8.37,1.6228,0.0852,0.4653,2.1377,153.695,163.012868,4.7476,61.076,59.206,364338.3269503575,0.018,0
2026-07-23T11:13:45Z,1.896,28.0253,8.37,1.6381,0.0852,0.4653,2.2737,153.703,163.021091,4.7575,61.051,59.013,364391.1619688526,0.018,0
2026-07-23T11:13:45Z,1.9,28.025,8.37,1.619,0.0852,0.4653,2.2435,153.718,163.038075,4.767,60.967,58.962,364494.32813334925,0.017,0
2026-07-23T11:13:45Z,1.904,28.0248,8.37,1.6381,0.0852,0.4653,2.2586,153.735,163.056323,4.774,60.837,58.936,364602.90433916217,0.017,0
2026-07-23T11:13:45Z,1.908,28.0247,8.37,1.6266,0.0852,0.4653,2.2435,153.745,163.068674,4.7767,60.673,58.783,364675.7427692685,0.017,0
2026-07-23T11:13:45Z,1.913,28.0246,8.37,1.6228,0.0852,0.423,2.2283,153.745,163.070403,4.7747,60.482,58.591,364687.5484585409,0.017,0
2026-07-23T11:13:45Z,1.917,28.0247,8.37,1.6152,0.0852,0.423,2.3794,153.736,163.061973,4.7682,60.263,58.49,364637.2351534548,0.017,0
2026-07-23T11:13:45Z,1.922,28.025,8.37,1.6419,0.0852,0.423,2.3039,153.711,163.037125,4.758,60.021,58.325,364488.86367789895,0.017,0
2026-07-23T11:13:45Z,1.926,28.0254,8.37,1.6114,0.0852,0.423,2.2586,153.68,163.005271,4.7452,59.755,58.223,364298.4266627164,0.017,0
2026-07-23T11:13:45Z,1.931,28.0258,8.37,1.6381,0.0852,0.423,2.2888,153.667,162.993994,4.7302,59.468,57.971,364226.19259958225,0.017,0
2026-07-23T11:13:45Z,1.935,28.0262,8.37,1.6381,0.0852,0.423,2.1075,153.664,162.992272,4.7131,59.162,57.832,364208.82710543217,0.017,0
2026-07-23T11:13:45Z,1.939,28.0268,8.37,1.6152,0.0852,0.423,2.1226,153.655,162.983608,4.694,58.84,57.669,364147.8694567759,0.017,0
2026-07-23T11:13:45Z,1.944,28.0274,8.37,1.6304,0.0852,0.423,2.1226,153.645,162.973711,4.6732,58.507,57.282,364079.84168074385,0.017,0
2026-07-23T11:13:45Z,1.948,28.0279,8.46,1.6114,0.0426,0.3807,2.1075,153.647,162.975978,4.6507,58.165,57.332,364083.51163969864,0.017,0
2026-07-23T11:13:45Z,1.952,28.0284,8.46,1.6228,0.0426,0.3807,2.0773,153.66,162.991012,4.6267,57.818,57.096,364160.47155009536,0.017,0
2026-07-23T11:13:45Z,1.957,28.0288,8.46,1.6343,0.0426,0.3807,2.1679,153.671,163.002778,4.6015,57.479,57.034,364220.54554744693,0.017,0
2026-07-23T11:13:45Z,1.961,28.0291,8.46,1.6266,0.0426,0.3807,2.2132,153.678,163.010405,4.5755,57.151,56.836,364258.7278412748,0.018,0
2026-07-23T11:13:45Z,1.965,28.0293,8.46,1.6266,0.0426,0.3807,2.1075,153.683,163.015926,4.5487,56.833,56.638,364286.68901364336,0.018,0
2026-07-23T11:13:45Z,1.97,28.0294,8.46,1.6381,0.0852,0.3384,2.2737,153.691,163.024823,4.5216,56.526,56.614,364335.90684822976,0.018,0
2026-07-23T11:13:45Z,1.975,28.0296,8.46,1.6228,0.0852,0.3384,2.1679,153.705,163.039468,4.495,56.234,56.246,364416.2700078044,0.019,0
2026-07-23T11:13:45Z,1.98,28.0297,8.46,1.6343,0.0852,0.3384,2.0471,153.713,163.047731,4.4693,55.964,56.234,364461.8564618792,0.019,0
2026-07-23T11:13:45Z,1.985,28.0297,8.46,1.6114,0.0852,0.3384,2.1981,153.717,163.051815,4.4445,55.721,56.161,364485.3124333842,0.019,0
2026-07-23T11:13:45Z,1.99,28.0297,8.37,1.6724,0.1278,0.3384,2.2888,153.726,163.060827,4.4205,55.51,55.941,364537.0771103909,0.02,0
2026-07-23T11:13:45Z,1.995,28.0296,8.37,1.6877,0.1278,0.3384,2.4247,153.726,163.061135,4.3977,55.336,55.868,364540.71570403944,0.02,0
2026-07-23T11:13:45Z,2,28.0296,8.37,1.7067,0.1278,0.3384,2.2586,153.714,163.048811,4.3765,55.211,55.711,364469.9235075451,0.02,0
2026-07-23T11:13:45Z,2.005,28.0295,8.37,1.7144,0.1278,0.3384,2.2435,153.713,163.048632,4.3576,55.146,55.433,364470.7639864633,0.019,0
2026-07-23T11:13:45Z,2.01,28.0295,8.46,1.6915,0.0852,0.54990000000000006,2.2435,153.724,163.06055,4.341,55.144,55.397,364539.22076172323,0.019,0
2026-07-23T11:13:45Z,2.015,28.0296,8.46,1.68,0.0852,0.54990000000000006,2.3643,153.73,163.0677,4.3274,55.208,55.385,364578.4224339193,0.019,0
2026-07-23T11:13:45Z,2.02,28.0298,8.46,1.6838,0.0852,0.54990000000000006,2.319,153.731,163.067977,4.3176,55.328,55.157,364576.270298867,0.019,0
2026-07-23T11:13:45Z,2.025,28.03,8.46,1.6915,0.0852,0.54990000000000006,2.2435,153.724,163.061457,4.3125,55.486,54.906,364535.07251788274,0.019,0
2026-07-23T11:13:45Z,2.03,28.0301,8.46,1.6915,0.0426,0.423,2.5305,153.721,163.058428,4.3123,55.669,54.786,364515.8008636954,0.02,0
2026-07-23T11:13:45Z,2.035,28.0302,8.46,1.7029,0.0426,0.423,2.5305,153.736,163.074116,4.3174,55.852,54.561,364604.0493326486,0.02,0
2026-07-23T11:13:45Z,2.041,28.0302,8.46,1.6915,0.0426,0.423,2.5003,153.752,163.092662,4.3267,56.017,54.513,364710.60384779493,0.02,0
2026-07-23T11:13:45Z,2.046,28.0302,8.46,1.7029,0.0426,0.423,2.5607,153.746,163.086939,4.3391,56.177,54.348,364677.71856189717,0.02,0
2026-07-23T11:13:45Z,2.051,28.0303,8.46,1.7601,0.0426,0.423,2.5305,153.726,163.067447,4.3534,56.366,54.088,364563.8612717125,0.021,0
2026-07-23T11:13:45Z,2.056,28.0304,8.73,1.7449,0.1278,0.5076,2.5607,153.72,163.061061,4.3677,56.63,53.948,364525.30509945255,0.021,0
2026-07-23T11:13:45Z,2.061,28.0307,8.73,1.7296,0.1278,0.5076,2.5758,153.728,163.070086,4.3806,57.037,53.866,364571.53470422444,0.022,0
2026-07-23T11:13:45Z,2.067,28.0311,8.73,1.7449,0.1278,0.5076,2.6362,153.743,163.084903,4.3931,57.67,53.784,364649.1719485401,0.022,0
2026-07-23T11:13:45Z,2.073,28.0315,8.73,1.8288,0.1278,0.5076,2.6966,153.752,163.093426,4.4079,58.582,53.492,364690.65361743997,0.023,0
2026-07-23T11:13:45Z,2.079,28.0317,8.82,1.7792,0.0852,0.5076,2.742,153.742,163.081893,4.4285,59.777,53.237,364620.6485711856,0.023,0
2026-07-23T11:13:45Z,2.085,28.0317,8.82,1.8174,0.0852,0.5076,2.7571,153.729,163.067273,4.4603,61.199,52.926,364536.6607886468,0.023,0
2026-07-23T11:13:45Z,2.091,28.0316,8.82,1.7868,0.0852,0.5076,2.7571,153.733,163.069721,4.5098,62.731,52.926,364552.5913283715,0.023,0
2026-07-23T11:13:45Z,2.097,28.0313,8.82,1.7525,0.0852,0.5076,2.4852,153.746,163.081871,4.5811,64.222,52.914,364628.0002832849,0.024,0
2026-07-23T11:13:45Z,2.103,28.0308,8.73,1.7373,0.0852,0.5076,2.5909,153.756,163.090929,4.6746,65.53,52.651,364689.396541412,0.024,0
2026-07-23T11:13:45Z,2.109,28.0303,8.73,1.7449,0.0852,0.5076,2.5305,153.757,163.09129,4.7858,66.542,52.502,364700.8260023133,0.024,0
2026-07-23T11:13:45Z,2.115,28.0298,8.73,1.7449,0.0852,0.5076,2.6362,153.745,163.079043,4.9057,67.18,52.411,364639.8136483015,0.025,0
2026-07-23T11:13:45Z,2.121,28.0293,8.73,1.7029,0.0852,0.5076,2.5758,153.726,163.058939,5.0224,67.432,52.059,364533.6706242976,0.025,0
2026-07-23T11:13:45Z,2.128,28.029,8.73,1.68,0.0852,0.5076,2.5909,153.721,163.05368000000001,5.1247,67.341,51.799,364509.07097070216,0.025,0
2026-07-23T11:13:45Z,2.134,28.0288,8.73,1.6953,0.0852,0.3807,2.5909,153.726,163.057854,5.2038,66.992,51.822,364536.78713527694,0.025,0
2026-07-23T11:13:45Z,2.14,28.0287,8.73,1.6762,0.0852,0.3807,2.5305,153.729,163.060549,5.2538,66.489,51.586,364554.1371801281,0.025,0
2026-07-23T11:13:45Z,2.147,28.0288,8.73,1.7373,0.0852,0.3807,2.893,153.74,163.0705,5.2734,65.918,51.541,364609.43222223356,0.025,0
2026-07-23T11:13:45Z,2.153,28.0287,8.73,1.7296,0.0852,0.3807,2.8024,153.752,163.082343,5.2663,65.347,51.195,364679.34600685217,0.025,0
2026-07-23T11:13:45Z,2.16,28.0285,8.73,1.7525,0.0852,0.5076,2.7722,153.761,163.091217,5.2391,64.841,50.885,364734.0786120718,0.026,0
2026-07-23T11:13:45Z,2.166,28.0282,8.73,1.7525,0.0852,0.5076,2.8175,153.763,163.091473,5.1997,64.451,50.896,364741.16252726247,0.026,0
2026-07-23T11:13:45Z,2.173,28.0278,8.73,1.7525,0.0852,0.5076,3.029,153.763,163.091194,5.1551,64.203,50.554,364747.0442854838,0.026,0
2026-07-23T11:13:45Z,2.179,28.0274,8.73,1.7525,0.0852,0.5076,3.0441,153.773,163.102335,5.1105,64.105,50.455,364818.55738438177,0.026,0
2026-07-23T11:13:45Z,2.186,28.027,8.64,1.7373,0.0852,0.423,3.0441,153.778,163.10782,5.071,64.144,49.986,364857.57004134206,0.025,0
2026-07-23T11:13:45Z,2.193,28.0267,8.64,1.7449,0.0852,0.423,3.0139,153.76,163.089068,5.0405,64.284,49.758,364755.41003826377,0.025,0
2026-07-23T11:13:45Z,2.199,28.0265,8.64,1.7983,0.0852,0.423,2.7571,153.728,163.057115,5.0212,64.463,49.672,364575.54868018656,0.024,0
2026-07-23T11:13:45Z,2.205,28.0265,8.64,1.7945,0.0852,0.423,2.8628,153.714,163.04353,5.0135,64.62,49.575,364497.50384190213,0.024,0
2026-07-23T11:13:45Z,2.21,28.0267,8.46,1.8021,0.0852,0.423,2.6362,153.718,163.048697,5.0166,64.717,49.543,364523.4428188795,0.024,0
2026-07-23T11:13:45Z,2.216,28.0271,8.46,1.8021,0.0852,0.423,2.7269,153.715,163.045934,5.0274,64.761,49.5,364500.0863016117,0.025,0
2026-07-23T11:13:45Z,2.222,28.0275,8.46,1.7449,0.0852,0.423,3.0139,153.715,163.046529,5.0414,64.778,49.543,364496.0200099148,0.026,0
2026-07-23T11:13:45Z,2.229,28.0279,8.46,1.7296,0.0852,0.423,2.9081,153.732,163.062668,5.0536,64.79,49.274,364581.2477484459,0.028,0
2026-07-23T11:13:45Z,2.236,28.0283,8.46,1.7449,0.0852,0.423,2.9837,153.734,163.062574,5.0611,64.831,48.826,364573.221677477,0.03,0
2026-07-23T11:13:45Z,2.245,28.0285,8.46,1.7525,0.0852,0.3384,2.9988,153.734,163.05825,5.0646,64.941,48.383,364544.6369339462,0.032,0
2026-07-23T11:13:45Z,2.253,28.0284,8.46,1.7907,0.0852,0.3384,3.0592,153.766,163.084622,5.0659,65.131,48.246,364698.02179694886,0.033,0
2026-07-23T11:13:45Z,2.262,28.0281,8.46,1.8212,0.0852,0.3384,2.9837,153.801,163.112642,5.0669,65.41,48.173,364864.6639119411,0.033,0
2026-07-23T11:13:45Z,2.27,28.0273,8.46,1.8097,0.0852,0.3384,3.029,153.809,163.1137,5.0702,65.815,48.121,364885.7218026215,0.034,0
2026-07-23T11:13:45Z,2.279,28.0258,8.55,1.8555,0.0852,0.423,2.9686,153.812,163.112132,5.0789,66.365,47.57,364904.79481070826,0.033,0
2026-07-23T11:13:45Z,2.288,28.0234,8.55,1.8288,0.0852,0.423,3.4671,153.823,163.119547,5.094,67.049,47.168,364992.3705326715,0.032,0
2026-07-23T11:13:45Z,2.297,28.0205,8.55,1.7983,0.0852,0.423,3.5426,153.825,163.117876,5.1161,67.841,46.648,365037.0862877987,0.031,0
2026-07-23T11:13:45Z,2.305,28.0181,8.55,1.8135,0.0852,0.423,3.4973,153.821,163.110683,5.1479,68.686,46.567,365040.68557935616,0.03,0
2026-07-23T11:13:45Z,2.312,28.0164,8.64,1.8212,0.0852,0.423,3.4671,153.816,163.100059,5.1912,69.496,46.659,365011.4392744946,0.028,0
2026-07-23T11:13:45Z,2.318,28.0151,8.64,1.8212,0.0852,0.423,3.452,153.81,163.087181,5.2448,70.174,46.487,364961.7379608948,0.027,0
2026-07-23T11:13:45Z,2.324,28.014,8.64,1.8021,0.0852,0.423,3.4369,153.821,163.092666,5.3068,70.653,46.376,365013.8849761427,0.025,0
2026-07-23T11:13:45Z,2.331,28.0128,8.64,1.8021,0.0852,0.423,3.452,153.843,163.109959,5.3731,70.902,46.215,365135.8299714002,0.025,0
2026-07-23T11:13:45Z,2.337,28.0112,8.64,1.8059,0.0852,0.423,3.4218,153.846,163.10759,5.4365,70.946,45.805,365152.18932622485,0.024,0
2026-07-23T11:13:45Z,2.344,28.0092,8.46,1.7449,0.0852,0.3807,3.6635,153.829,163.084928,5.4898,70.835,45.616,365059.3149272974,0.024,0
2026-07-23T11:13:45Z,2.35,28.0072,8.46,1.7411,0.0852,0.3807,3.7843,153.817,163.068001,5.5275,70.613,45.636,364999.43085308385,0.024,0
2026-07-23T11:13:45Z,2.355,28.0053,8.46,1.764,0.0852,0.3807,3.7692,153.811,163.056303,5.5472,70.351,45.408,364967.7473910419,0.023,0
2026-07-23T11:13:45Z,2.361,28.0035,8.46,1.7258,0.0852,0.3807,3.6635,153.799,163.038698,5.5508,70.158,45.398,364900.21788566164,0.023,0
2026-07-23T11:13:45Z,2.367,28.0019,8.55,1.6724,0.0852,0.3384,3.2707,153.805,163.038553,5.5422,70.114,45.438,364929.3558103421,0.023,0
2026-07-23T11:13:45Z,2.373,28.0004,8.55,1.6953,0.0852,0.3384,3.2556,153.832,163.059837,5.525,70.252,45.182,365079.89231249935,0.023,0
2026-07-23T11:13:45Z,2.379,27.9988,8.55,1.6877,0.0852,0.3384,3.2556,153.853,163.076156,5.5047,70.592,44.898,365203.77939104545,0.023,0
2026-07-23T11:13:45Z,2.385,27.9971,8.55,1.6953,0.0852,0.3384,3.1801,153.868,163.08785,5.4897,71.144,44.771,365302.9558068494,0.023,0
2026-07-23T11:13:45Z,2.39,27.9951,8.55,1.7144,0.0426,0.423,3.4822,153.874,163.09002,5.4864,71.874,44.713,365352.9578230188,0.023,0
2026-07-23T11:13:45Z,2.396,27.9929,8.55,1.7067,0.0426,0.423,3.5426,153.859,163.071217,5.4974,72.668,44.568,365285.9894259224,0.023,0
2026-07-23T11:13:45Z,2.402,27.991,8.55,1.68,0.0426,0.423,3.4671,153.84,163.050482,5.5242000000000004,73.337,44.471,365202.2773023688,0.023,0
2026-07-23T11:13:45Z,2.408,27.9894,8.55,1.6838,0.0426,0.423,3.4369,153.835,163.046338,5.5676,73.7,44.374,365208.4282382723,0.023,0
2026-07-23T11:13:45Z,2.413,27.9879,8.55,1.8326,0.0426,0.423,3.4067,153.832,163.045654,5.6249,73.651,44.172,365232.61936251854,0.023,0
2026-07-23T11:13:45Z,2.419,27.9869,8.55,1.8021,0.0852,0.423,3.4067,153.813,163.028202,5.6871,73.169,43.895,365150.92269081424,0.023,0
2026-07-23T11:13:45Z,2.425,27.9868,8.55,1.8097,0.0852,0.423,3.4369,153.796,163.013384,5.7395,72.31,43.79,365067.51937028434,0.022,0
2026-07-23T11:13:45Z,2.43,27.9873,8.55,1.8021,0.0852,0.423,3.452,153.798,163.017291,5.7679,71.194,43.591,365080.62748585816,0.022,0
2026-07-23T11:13:45Z,2.436,27.9881,8.55,1.6991,0.0852,0.423,3.4822,153.799,163.020922,5.764,69.987,43.515,365086.5229276598,0.022,0
2026-07-23T11:13:45Z,2.442,27.989,8.55,1.6724,0.0852,0.4653,3.4369,153.802,163.025245,5.7262,68.852,43.213,365094.52561309637,0.022,0
2026-07-23T11:13:45Z,2.447,27.9897,8.55,1.6991,0.0852,0.4653,3.5124,153.819,163.043439,5.6588,67.903,43.166,365186.1043305782,0.021,0
2026-07-23T11:13:45Z,2.453,27.9905,8.55,1.6724,0.0852,0.4653,3.4671,153.842,163.06833,5.5714,67.179,42.998,365314.3685463947,0.021,0
2026-07-23T11:13:45Z,2.458,27.9911,8.55,1.6381,0.0852,0.4653,3.4671,153.855,163.0825,5.4769,66.671,42.97,365384.68433495465,0.021,0
2026-07-23T11:13:45Z,2.463,27.9916,8.55,1.6228,0.0852,0.5076,3.5728,153.865,163.093738,5.388,66.341,42.867,365440.00180385396,0.02,0
2026-07-23T11:13:45Z,2.468,27.9919,8.55,1.619,0.0852,0.5076,3.4973,153.886,163.117068,5.3137,66.123,42.663,365568.70713537687,0.02,0
2026-07-23T11:13:45Z,2.474,27.9919,8.55,1.6228,0.0852,0.5076,3.4067,153.901,163.134656,5.2571,65.946,42.441,365669.9985837163,0.02,0
2026-07-23T11:13:45Z,2.479,27.9921,8.55,1.5732,0.0852,0.5076,3.5577,153.896,163.131149,5.2173,65.761,42.487,365646.04302014696,0.02,0
2026-07-23T11:13:45Z,2.483,27.9923,8.64,1.5427,0.0852,0.423,3.5426,153.878,163.11363,5.1914,65.544,42.423,365541.39613973605,0.02,0
2026-07-23T11:13:45Z,2.488,27.9927,8.64,1.5694,0.0852,0.423,3.5124,153.857,163.093461,5.1743,65.306,42.266,365417.758983511,0.019,0
2026-07-23T11:13:45Z,2.493,27.9931,8.64,1.5808,0.0852,0.423,3.4671,153.852,163.08932,5.1605,65.092,42.22,365386.41285288456,0.019,0
2026-07-23T11:13:45Z,2.498,27.9937,8.64,1.577,0.0852,0.423,3.5426,153.877,163.116138,5.1459,64.963,42.028,365529.5569889031,0.019,0
2026-07-23T11:13:45Z,2.503,27.9943,8.64,1.6304,0.0852,0.423,3.5577,153.908,163.146989,5.1289,64.996,41.955,365695.9601854641,0.019,0
2026-07-23T11:13:45Z,2.508,27.9949,8.73,1.6266,0.0852,0.5076,3.5275,153.919,163.156025,5.1103,65.296,41.791,365736.7379904262,0.019,0
2026-07-23T11:13:45Z,2.513,27.9953,8.73,1.6075,0.0852,0.5076,3.4973,153.93,163.163695,5.0935,65.941,41.728,365773.40532709204,0.019,0
2026-07-23T11:13:45Z,2.518,27.9953,8.73,1.6152,0.0852,0.5076,3.5124,153.945,163.174049,5.0834,66.912,41.682,365833.0487910844,0.019,0
2026-07-23T11:13:45Z,2.523,27.9948,8.73,1.6381,0.0852,0.5076,3.3764,153.947,163.169803,5.086,68.113,41.385,365817.97797798767,0.019,0
2026-07-23T11:13:45Z,2.528,27.994,8.64,1.6266,0.0852,0.5076,3.4671,153.941,163.157841,5.1096,69.409,41.367,365764.0931837147,0.018,0
2026-07-23T11:13:45Z,2.532,27.9927,8.64,1.6304,0.0852,0.5076,3.4369,153.942,163.155019,5.1602,70.637,41.116,365772.2501684736,0.018,0
2026-07-23T11:13:45Z,2.537,27.9908,8.64,1.6457,0.0852,0.5076,3.4369,153.947,163.154571,5.2363,71.649,41.062,365805.3531037943,0.017,0
2026-07-23T11:13:45Z,2.541,27.9887,8.64,1.5732,0.0852,0.5076,3.7843,153.932,163.134328,5.3305,72.368,40.964,365728.17475590075,0.017,0
2026-07-23T11:13:45Z,2.545,27.987,8.64,1.558,0.0852,0.5076,3.7692,153.909,163.10693,5.4321,72.783,40.92,365602.27744595666,0.016,0
2026-07-23T11:13:45Z,2.549,27.9855,8.64,1.5694,0.0852,0.5076,3.739,153.904,163.099149,5.5284,72.912,40.742,365585.6203944016,0.016,0
2026-07-23T11:13:45Z,2.553,27.9839,8.64,1.5427,0.0852,0.5076,3.7088,153.903,163.096881,5.6077,72.81,40.813,365602.5938368331,0.015,0
2026-07-23T11:13:45Z,2.557,27.9824,8.64,1.6266,0.0852,0.5076,3.4822,153.887,163.079479,5.6642,72.552,40.769,365530.5211871895,0.015,0
2026-07-23T11:13:45Z,2.561,27.9813,8.64,1.6304,0.0852,0.5076,3.5426,153.87,163.062345,5.6967,72.188,40.565,365452.48860345496,0.015,0
2026-07-23T11:13:45Z,2.565,27.9806,8.73,1.6304,0.1278,0.4653,3.4671,153.87,163.064964,5.7069,71.725,40.504,365480.70791582967,0.015,0
2026-07-23T11:13:45Z,2.569,27.9802,8.73,1.6533,0.1278,0.4653,3.4067,153.877,163.076008,5.699,71.161,40.363,365551.82360842614,0.016,0
2026-07-23T11:13:45Z,2.573,27.98,8.73,1.6381,0.1278,0.4653,3.4973,153.878,163.082387,5.6788,70.504,40.363,365592.320961694,0.016,0
2026-07-23T11:13:45Z,2.577,27.9803,8.73,1.6381,0.1278,0.4653,3.4218,153.889,163.097829,5.6502,69.771,40.495,365675.6436363906,0.017,0
2026-07-23T11:13:45Z,2.581,27.9812,9.09,1.5808,0.1278,0.423,3.4369,153.914,163.126452,5.6139,68.99,40.39,365823.6568380273,0.018,0
2026-07-23T11:13:45Z,2.585,27.9826,9.09,1.6381,0.1278,0.423,3.5275,153.932,163.147826,5.5696,68.2,40.284,365920.5254080106,0.019,0
2026-07-23T11:13:45Z,2.59,27.984,9.09,1.619,0.1278,0.423,3.4671,153.934,163.151615,5.518,67.436,40.179,365916.05279455835,0.02,0
2026-07-23T11:13:45Z,2.595,27.9852,9.09,1.6152,0.1278,0.423,3.452,153.928,163.146848,5.4606,66.721,39.988,365866.0334010141,0.021,0
2026-07-23T11:13:45Z,2.601,27.9862,9,1.6457,0.0852,0.5076,3.5124,153.925,163.144279,5.3994,66.067,39.728,365832.4417023231,0.022,0
2026-07-23T11:13:45Z,2.607,27.9869,9,1.6304,0.0852,0.5076,3.5124,153.926,163.147234,5.3375,65.477,39.711,365836.316131334,0.023,0
2026-07-23T11:13:45Z,2.613,27.9874,9,1.5961,0.0852,0.5076,3.452,153.932,163.1565,5.2777,64.946,39.556,365880.31207015546,0.024,0
2026-07-23T11:13:45Z,2.619,27.9877,9,1.6266,0.0852,0.5076,3.5577,153.934,163.162521,5.2216,64.488,39.358,365909.36873564473,0.024,0
2026-07-23T11:13:45Z,2.626,27.9881,9.09,1.6152,0.1278,0.5922,3.5728,153.924,163.154876,5.1704,64.127,39.069,365857.79932430433,0.025,0
2026-07-23T11:13:45Z,2.632,27.9887,9.09,1.6304,0.1278,0.5922,3.5124,153.911,163.143553,5.1242,63.887,39.086,365781.2885766385,0.025,0
2026-07-23T11:13:45Z,2.638,27.9896,9.09,1.5503,0.1278,0.5922,3.5426,153.897,163.129543,5.0826,63.801,38.933,365683.67841078935,0.025,0
2026-07-23T11:13:45Z,2.644,27.9908,9.09,1.5656,0.1278,0.5922,3.4671,153.875,163.1051,5.0466,63.921,38.857,365520.37580291537,0.025,0
2026-07-23T11:13:45Z,2.651,27.9919,9.09,1.5656,0.1278,0.5922,3.5426,153.865,163.09177,5.0183,64.272,38.823,365422.9789309392,0.026,0
2026-07-23T11:13:45Z,2.657,27.9927,9,1.5694,0.0852,0.4653,3.4973,153.879,163.102033,4.9994,64.853,38.605,365467.0548918311,0.026,0
2026-07-23T11:13:45Z,2.664,27.9929,9,1.5656,0.0852,0.4653,3.4973,153.891,163.110562,4.9927,65.635,38.221,365512.40812952234,0.026,0
2026-07-23T11:13:45Z,2.671,27.9927,9,1.5656,0.0852,0.4653,3.5124,153.9,163.115622,5.002,66.541,37.972,365545.2960821058,0.026,0
2026-07-23T11:13:45Z,2.678,27.9918,9,1.5732,0.0852,0.4653,3.4671,153.93,163.142617,5.0296,67.425,38.014,365717.6624505227,0.026,0
2026-07-23T11:13:45Z,2.685,27.9903,9,1.5694,0.1278,0.4653,3.4822,153.969,163.180704,5.0752,68.135,37.906,365965.27374685724,0.026,0
2026-07-23T11:13:45Z,2.691,27.9887,9,1.5503,0.1278,0.4653,3.5577,153.987,163.197945,5.1366,68.586,37.832,366094.7111998434,0.026,0
2026-07-23T11:13:45Z,2.697,27.9872,9,1.5427,0.1278,0.4653,3.5124,153.987,163.196934,5.2076,68.755,37.726,366117.08029787516,0.026,0
2026-07-23T11:13:45Z,2.703,27.9859,9,1.577,0.1278,0.4653,3.5124,153.989,163.19945,5.2769,68.645,37.676,366156.0241585118,0.026,0
2026-07-23T11:13:45Z,2.71,27.9847,9,1.5503,0.0852,0.423,3.5426,153.997,163.210173,5.3326,68.305,37.48,366240.4115712627,0.027,0
2026-07-23T11:13:45Z,2.717,27.984,9,1.5885,0.0852,0.423,3.452,154.007,163.223946,5.368,67.818,37.196,366332.9981625966,0.028,0
2026-07-23T11:13:45Z,2.724,27.9838,9,1.5656,0.0852,0.423,3.4822,154.011,163.232412,5.3812,67.285,37.269,366385.58415845415,0.029,0
2026-07-23T11:13:45Z,2.732,27.9841,9,1.5427,0.0852,0.423,3.4671,154.004,163.229814,5.3726,66.81,37.132,366364.9537236349,0.031,0
2026-07-23T11:13:45Z,2.739,27.9847,9,1.5503,0.0852,0.423,3.4218,153.998,163.227484,5.3459,66.485,36.955,366340.2257311555,0.032,0
2026-07-23T11:13:45Z,2.748,27.9857,8.91,1.5808,0.0852,0.4653,3.7541,154.003,163.236829,5.3077,66.372,36.907,366375.303511416,0.034,0
2026-07-23T11:13:45Z,2.757,27.9871,8.91,1.5351,0.0852,0.4653,3.7541,154.009,163.246311,5.2659,66.49,36.611,366403.64557058504,0.034,0
2026-07-23T11:13:45Z,2.766,27.9887,8.91,1.5923,0.0852,0.4653,3.7994,154.001,163.240415,5.2285,66.817,36.2,366339.53993085516,0.034,0
2026-07-23T11:13:45Z,2.776,27.9901,8.91,1.5618,0.0852,0.4653,3.7239,153.989,163.231603,5.203,67.285,35.452,366262.3937710935,0.033,0
2026-07-23T11:13:45Z,2.785,27.9913,9,1.5694,0.0852,0.423,3.5124,153.989,163.235564,5.194,67.771,35.391,366262.66011584876,0.032,0
2026-07-23T11:13:45Z,2.793,27.9923,9,1.5732,0.0852,0.423,3.4671,153.988,163.23732,5.2031,68.139,35.375,366253.97532429255,0.029,0
2026-07-23T11:13:45Z,2.8,27.9932,9,1.5618,0.0852,0.423,3.5426,153.97,163.221303,5.2286,68.288,35.207,366144.7172832497,0.027,0
2026-07-23T11:13:45Z,2.806,27.9943,9,1.5541,0.0852,0.423,3.452,153.94,163.191259,5.2651,68.176,35.146,365950.894138946,0.025,0
2026-07-23T11:13:45Z,2.812,27.9955,9,1.5503,0.1278,0.423,3.5275,153.915,163.167239,5.3031,67.809,35.207,365789.963809829,0.023,0
2026-07-23T11:13:45Z,2.817,27.9966,9,1.5465,0.1278,0.423,3.452,153.913,163.166894,5.3318,67.237,35.054,365767.3166833535,0.021,0
2026-07-23T11:13:45Z,2.822,27.9974,9,1.5808,0.1278,0.423,3.5124,153.925,163.182111,5.3434,66.551,34.902,365839.94604654086,0.021,0
2026-07-23T11:13:45Z,2.827,27.998,9,1.558,0.1278,0.423,3.4067,153.942,163.200915,5.3346,65.86,34.849,365937.005144648,0.02,0
2026-07-23T11:13:45Z,2.833,27.9987,9.09,1.5656,0.0852,0.54990000000000006,3.4671,153.954,163.214287,5.3058,65.265,34.615,366000.8981390138,0.02,0
2026-07-23T11:13:45Z,2.838,27.9995,9.09,1.5618,0.0852,0.54990000000000006,3.3764,153.951,163.211762,5.261,64.846,34.623,365971.3159901258,0.02,0
2026-07-23T11:13:45Z,2.843,28.0002,9.09,1.5503,0.0852,0.54990000000000006,3.4218,153.946,163.206697,5.2072,64.632,34.6,365928.9808876995,0.021,0
2026-07-23T11:13:45Z,2.848,28.0005,9.09,1.6075,0.0852,0.54990000000000006,3.4973,153.956,163.219793,5.1531,64.595,34.36,365998.7958871971,0.021,0
2026-07-23T11:13:45Z,2.853,28.0007,9.09,1.5618,0.0852,0.54990000000000006,3.4671,153.979,163.246522,5.1066,64.69,34.33,366149.0633075174,0.022,0
2026-07-23T11:13:45Z,2.859,28.0009,9.09,1.5465,0.0852,0.4653,3.4671,153.998,163.267956,5.0738,64.869,34.315,366268.8434758325,0.024,0
2026-07-23T11:13:45Z,2.865,28.0012,9.09,1.5656,0.0852,0.4653,3.4218,153.998,163.269763,5.0569,65.07,34.152,366273.61650082516,0.025,0
2026-07-23T11:13:45Z,2.871,28.0018,9.09,1.5465,0.0852,0.4653,3.3764,153.988,163.260445,5.054,65.229,33.937,366208.6229503987,0.026,0
2026-07-23T11:13:45Z,2.879,28.0025,9.09,1.6304,0.0852,0.4653,3.4218,153.987,163.26157,5.0614,65.302,33.702,366201.94439552526,0.028,0
2026-07-23T11:13:45Z,2.886,28.0031,9.09,1.6457,0.0852,0.3807,3.4973,153.992,163.26943,5.0753,65.256,33.578,366235.96425421716,0.029,0
2026-07-23T11:13:45Z,2.894,28.0035,9.09,1.6114,0.0852,0.3807,3.4369,153.984,163.26407,5.091,65.079,33.28,366197.5485040702,0.029,0
2026-07-23T11:13:45Z,2.902,28.004,9.09,1.6343,0.0852,0.3807,3.5124,153.968,163.250075,5.1034,64.771,33.193,366107.4944423628,0.03,0
2026-07-23T11:13:45Z,2.909,28.0046,9.09,1.68,0.0852,0.3807,3.7843,153.957,163.241755,5.1091,64.351,33.064,366048.2743973959,0.03,0
2026-07-23T11:13:45Z,2.917,28.0054,9.09,1.6762,0.0852,0.54990000000000006,3.6635,153.945,163.232881,5.1054,63.856,32.87,365982.1126169231,0.03,0
2026-07-23T11:13:45Z,2.925,28.0064,9.09,1.6762,0.0852,0.54990000000000006,3.6937,153.935,163.225096,5.0915,63.334,32.558,365918.4760854887,0.03,0
2026-07-23T11:13:45Z,2.932,28.0075,9.09,1.68,0.0852,0.54990000000000006,3.7994,153.939,163.23236,5.0673,62.837,32.515,365939.6539492942,0.029,0
2026-07-23T11:13:45Z,2.94,28.0088,9.09,1.7029,0.0852,0.54990000000000006,3.7994,153.947,163.244583,5.0343,62.413,32.416,365985.6416710757,0.029,0
2026-07-23T11:13:45Z,2.947,28.0099,9.09,1.6991,0.0852,0.54990000000000006,3.7541,153.943,163.242976,4.9954,62.098,32.311,365955.7171561777,0.029,0
2026-07-23T11:13:45Z,2.954,28.011,9.09,1.6915,0.0852,0.5076,3.6937,153.936,163.237133,4.9545,61.905,32.213,365901.3970714853,0.029,0
2026-07-23T11:13:45Z,2.961,28.0119,9.09,1.6838,0.0852,0.5076,3.7541,153.944,163.247545,4.9156,61.828,32.108,365944.4614752312,0.029,0
2026-07-23T11:13:45Z,2.968,28.0129,9.09,1.7449,0.0852,0.5076,3.9958,153.956,163.260952,4.8823,61.877,31.837,366002.90071196936,0.029,0
2026-07-23T11:13:45Z,2.976,28.0137,9.09,1.764,0.0852,0.5076,3.9354,153.955,163.258881,4.8576,62.088,31.452,365975.93987205107,0.029,0
2026-07-23T11:13:45Z,2.983,28.0145,9,1.7449,0.0852,0.5076,4.0411,153.958,163.25882,4.8424,62.486,31.254,365960.5579372249,0.028,0
2026-07-23T11:13:45Z,2.991,28.015,9,1.722,0.0852,0.5076,4.026,153.966,163.260752,4.8364,63.051,31.268,365962.29143779946,0.027,0
2026-07-23T11:13:45Z,2.998,28.0153,9,1.7716,0.0852,0.5076,4.0562,153.955,163.243143,4.8402,63.766,31.092,365855.239182013,0.026,0
2026-07-23T11:13:45Z,3.004,28.015,9,1.7525,0.0852,0.5076,3.9354,153.943,163.227354,4.8567,64.631,30.977,365769.95115664444,0.025,0
2026-07-23T11:13:45Z,3.01,28.0139,9.09,1.722,0.0852,0.4653,3.9203,153.952,163.235233,4.8879,65.617,30.97,365835.97301748727,0.024,0
2026-07-23T11:13:45Z,3.016,28.012,9.09,1.7449,0.0852,0.4653,3.9958,153.969,163.252846,4.9323,66.649,30.782,365973.09872305015,0.023,0
2026-07-23T11:13:45Z,3.022,28.01,9.09,1.8212,0.0852,0.4653,3.6332,153.985,163.268853,4.9884,67.605,30.729,366102.891872153,0.023,0
2026-07-23T11:13:45Z,3.028,28.0087,9.09,1.8021,0.0852,0.4653,3.6937,154,163.283515,5.0561,68.363,30.509,366211.8125459704,0.022,0
2026-07-23T11:13:45Z,3.033,28.0082,9.09,1.7945,0.0852,0.4653,3.6937,154.017,163.30074,5.1334,68.856,30.463,366320.4878427632,0.021,0
2026-07-23T11:13:45Z,3.039,28.008,9.09,1.8212,0.1278,0.6345,3.7088,154.023,163.307081,5.2141,69.084,30.351,366360.7984903712,0.02,0
2026-07-23T11:13:45Z,3.044,28.0078,9.09,1.8212,0.1278,0.6345,3.9656,154.007,163.290199,5.2889,69.082,30.173,366267.2492188943,0.019,0
2026-07-23T11:13:45Z,3.048,28.0075,9.09,1.8059,0.1278,0.6345,3.9807,153.989,163.271648,5.3483,68.886,30.186,366165.9758940029,0.019,0
2026-07-23T11:13:45Z,3.053,28.0072,9.09,1.7945,0.1278,0.6345,3.9656,153.989,163.272542,5.3869,68.537,30.173,366176.7652159688,0.018,0
2026-07-23T11:13:45Z,3.057,28.0069,9.09,1.7945,0.1278,0.423,3.9505,153.999,163.283096,5.4047,68.094,30.127,366243.2277422159,0.018,0
2026-07-23T11:13:45Z,3.062,28.0069,9.09,1.8135,0.1278,0.423,4.2073,154.007,163.292093,5.4045,67.611,30.055,366295.0822220888,0.018,0
2026-07-23T11:13:45Z,3.067,28.0071,9.09,1.7792,0.1278,0.423,4.2979,154.013,163.297922,5.3892,67.12,29.88,366324.9189131505,0.018,0
2026-07-23T11:13:45Z,3.072,28.0074,9.09,1.8326,0.1278,0.423,4.162,154.004,163.288108,5.3619,66.639,29.673,366262.70907007816,0.017,0
2026-07-23T11:13:45Z,3.076,28.0077,9.18,1.8174,0.1278,0.3807,4.2073,153.986,163.26805,5.3271,66.191,29.576,366141.4734949709,0.017,0
2026-07-23T11:13:45Z,3.08,28.0078,9.18,1.7868,0.1278,0.3807,4.1922,153.969,163.25044,5.2894,65.785,29.563,366038.1258288207,0.016,0
2026-07-23T11:13:45Z,3.084,28.0076,9.18,1.8135,0.1278,0.3807,4.1922,153.957,163.238601,5.251,65.421,29.48,365973.67654656235,0.016,0
2026-07-23T11:13:45Z,3.088,28.0074,9.18,1.825,0.1278,0.3807,4.2375,153.954,163.237394,5.2134,65.097,29.422,365970.4796130847,0.015,0
2026-07-23T11:13:45Z,3.092,28.0072,9.09,1.8326,0.1278,0.5076,4.2073,153.95,163.234469,5.1784,64.805,29.397,365957.3853802787,0.014,0
2026-07-23T11:13:45Z,3.095,28.0073,9.09,1.8135,0.1278,0.5076,4.313,153.946,163.231052,5.1466,64.529,29.269,365935.8218940514,0.014,0
2026-07-23T11:13:45Z,3.099,28.0076,9.09,1.867,0.1278,0.5076,4.4037,153.961,163.248281,5.1181,64.26,29.275,366029.4388827644,0.013,0
2026-07-23T11:13:45Z,3.102,28.008,9.09,1.8898,0.1278,0.5076,4.5094,153.997,163.28674,5.0927,63.991,29.129,366243.53359640413,0.013,0
2026-07-23T11:13:45Z,3.105,28.0084,9.09,1.8784,0.1278,0.5076,4.3433,154.023,163.314592,5.0698,63.731,29.174,366396.5512626014,0.013,0
2026-07-23T11:13:45Z,3.108,28.0089,9.18,1.8937,0.1278,0.423,4.5396,154.021,163.313205,5.0482,63.498,29.079,366379.1506688303,0.013,0
2026-07-23T11:13:45Z,3.112,28.0092,9.18,1.8021,0.1278,0.423,4.4641,154.015,163.308267,5.0271,63.308,28.959,366345.0429160056,0.013,0
2026-07-23T11:13:45Z,3.115,28.0095,9.18,1.8097,0.1278,0.423,4.3886,154.013,163.30648,5.0061,63.177,28.959,366329.0999173944,0.013,0
2026-07-23T11:13:45Z,3.119,28.0097,9.18,1.7792,0.1278,0.423,4.4037,153.996,163.289326,4.9857,63.124,28.808,366226.4716027674,0.013,0
2026-07-23T11:13:45Z,3.122,28.0099,9.18,1.8174,0.0852,0.3807,4.4792,153.985,163.278291,4.9674,63.151,28.846,366159.1198902971,0.013,0
2026-07-23T11:13:45Z,3.125,28.0102,9.18,1.8479,0.0852,0.3807,4.7058,154,163.294485,4.9526,63.229,28.646,366246.8008890514,0.012,0
2026-07-23T11:13:45Z,3.128,28.0104,9.18,1.8822,0.0852,0.3807,4.6454,154.015,163.310155,4.9423,63.333,28.627,366333.35380660056,0.012,0
2026-07-23T11:13:45Z,3.131,28.0107,9.18,1.8784,0.0852,0.3807,4.6454,154.012,163.30743,4.9381,63.462,28.609,366312.0051763243,0.012,0
2026-07-23T11:13:45Z,3.134,28.0109,9.09,1.8593,0.0852,0.5922,4.6454,154.009,163.303623,4.9402,63.616,28.541,366286.30208284024,0.013,0
2026-07-23T11:13:45Z,3.137,28.011,9.09,1.8517,0.0852,0.5922,4.1922,154.01,163.303734,4.9463,63.793,28.671,366285.06058874226,0.014,0
2026-07-23T11:13:45Z,3.14,28.0111,9.09,1.8555,0.0852,0.5922,4.3433,154.004,163.295764,4.9545,64.006,28.715,366237.2471027612,0.015,0
2026-07-23T11:13:45Z,3.144,28.011,9.09,1.8822,0.0852,0.5922,4.2979,154,163.29162,4.9646,64.262,28.665,366215.2444868981,0.018,0
2026-07-23T11:13:45Z,3.148,28.0108,9.09,1.8555,0.0852,0.5922,4.2073,154.013,163.304228,4.9766,64.538,28.621,366291.6640633906,0.02,0
2026-07-23T11:13:45Z,3.154,28.0105,9.09,1.8021,0.0852,0.54990000000000006,5.023,154.027,163.31891,4.9905,64.798,28.275,366381.9298532535,0.023,0
2026-07-23T11:13:45Z,3.16,28.0102,9.09,1.8174,0.0852,0.54990000000000006,4.9022,154.036,163.329558,5.0072,64.994,28.226,366448.95291255775,0.026,0
2026-07-23T11:13:45Z,3.168,28.0099,9.09,1.7945,0.0852,0.54990000000000006,4.872,154.045,163.339011,5.0272,65.091,27.897,366509.0942410076,0.027,0
2026-07-23T11:13:45Z,3.175,28.0097,9.09,1.7945,0.0852,0.54990000000000006,4.9626,154.045,163.339768,5.0488,65.098,27.764,366517.2193226193,0.028,0
2026-07-23T11:13:45Z,3.183,28.0097,9.09,1.886,0.0852,0.5076,5.4007,154.039,163.334036,5.0692,65.049,27.416,366484.16805779084,0.028,0
2026-07-23T11:13:45Z,3.191,28.0099,9.09,1.8822,0.0852,0.5076,5.3705,154.035,163.330309,5.0845,65.001,27.339,366458.91589478875,0.028,0
2026-07-23T11:13:45Z,3.198,28.0102,9.09,1.9013,0.0852,0.5076,5.3554,154.033,163.329596,5.092,65.023,27.279,366449.15966331825,0.027,0
2026-07-23T11:13:45Z,3.205,28.0104,9.09,1.8822,0.0852,0.5076,5.4007,154.035,163.331708,5.0926,65.152,27.161,366457.5709683687,0.026,0
2026-07-23T11:13:45Z,3.211,28.0106,9.09,1.8708,0.1278,0.5076,5.6424,154.04,163.337208,5.0887,65.397,27.049,366485.5154104399,0.025,0
2026-07-23T11:13:45Z,3.217,28.0107,9.09,1.8326,0.1278,0.5076,5.869,154.049,163.347562,5.085,65.732,26.92,366543.32939784834,0.024,0
2026-07-23T11:13:45Z,3.223,28.0109,9.09,1.8784,0.1278,0.5076,5.7028,154.062,163.361524,5.0867000000000004,66.09,26.827,366620.07251428976,0.022,0
2026-07-23T11:13:45Z,3.229,28.011,9.09,1.8593,0.1278,0.5076,5.5971,154.072,163.372792,5.0968,66.393,26.635,366683.1703964482,0.021,0
2026-07-23T11:13:45Z,3.234,28.0112,9.09,1.886,0.0852,0.54990000000000006,5.3554,154.074,163.374351,5.1159,66.58,26.594,366688.3952719914,0.02,0
2026-07-23T11:13:45Z,3.239,28.0113,9.09,1.8517,0.0852,0.54990000000000006,5.4611,154.062,163.362605,5.1421,66.607,26.554,366618.77337897924,0.019,0
2026-07-23T11:13:45Z,3.243,28.0114,9.09,1.8517,0.0852,0.54990000000000006,5.3554,154.045,163.344447,5.1701,66.454,26.45,366512.19045899046,0.017,0
2026-07-23T11:13:45Z,3.247,28.0115,9.09,1.8708,0.0852,0.54990000000000006,5.3252,154.036,163.335078,5.1938,66.121,26.353,366456.2931847371,0.016,0
2026-07-23T11:13:45Z,3.251,28.0116,9.09,2.0043,0.0852,0.54990000000000006,5.2496,154.042,163.342022,5.2084,65.631,26.233,366494.4439178996,0.016,0
2026-07-23T11:13:45Z,3.255,28.0117,9.09,1.9852,0.0852,0.54990000000000006,5.1288,154.059,163.361119,5.2105,65.037,26.193,366602.67146740813,0.015,0
2026-07-23T11:13:45Z,3.259,28.0118,9.09,1.9967,0.0852,0.54990000000000006,5.2345,154.075,163.377415,5.1985,64.4,26.034,366694.7638430447,0.015,0
2026-07-23T11:13:45Z,3.263,28.0119,9.09,2.0005,0.0852,0.54990000000000006,5.0986,154.08,163.383229,5.1724,63.767,25.972,366726.41167437943,0.014,0
2026-07-23T11:13:45Z,3.266,28.0121,9.09,2.0539,0.0852,0.54990000000000006,5.6122,154.083,163.386125,5.1341,63.158,25.921,366739.348597161,0.014,0
2026-07-23T11:13:45Z,3.27,28.0122,9.09,2.0424,0.1278,0.54990000000000006,5.6424,154.085,163.38888,5.0876,62.586,25.854,366753.3546738034,0.014,0
2026-07-23T11:13:45Z,3.274,28.0122,9.09,2.0806,0.1278,0.54990000000000006,5.5518,154.09,163.394233,5.0378,62.06,25.798,366784.2292287451,0.014,0
2026-07-23T11:13:45Z,3.277,28.0122,9.09,2.0691,0.1278,0.54990000000000006,5.6877,154.091,163.395593,4.9883,61.594,25.619,366792.0724592257,0.015,0
2026-07-23T11:13:45Z,3.281,28.0122,9.09,2.1302,0.1278,0.54990000000000006,5.5971,154.082,163.385305,4.9407,61.196,25.513,366732.7318820179,0.015,0
2026-07-23T11:13:45Z,3.285,28.0122,9.09,2.1073,0.0852,0.5076,5.6726,154.075,163.378666,4.8959,60.858,25.32,366694.4409275836,0.015,0
2026-07-23T11:13:45Z,3.289,28.0122,9.09,2.1187,0.0852,0.5076,5.5518,154.077,163.379919,4.8548,60.571,25.375,366701.66588853684,0.016,0
2026-07-23T11:13:45Z,3.292,28.0122,9.09,2.1149,0.0852,0.5076,5.7028,154.076,163.379375,4.8184,60.341,25.336,366698.5274812656,0.016,0
2026-07-23T11:13:45Z,3.296,28.0122,9.09,2.1874,0.0852,0.5076,5.8086,154.08,163.382903,4.7872,60.187,25.292,366718.8732355751,0.017,0
2026-07-23T11:13:45Z,3.301,28.0122,9.09,2.1645,0.0852,0.5076,5.8388,154.093,163.395453,4.7608,60.117,25.205,366791.257045554,0.018,0
2026-07-23T11:13:45Z,3.306,28.0122,9.09,2.1912,0.1278,0.54990000000000006,5.8841,154.106,163.408344,4.7383,60.143,24.954,366865.61674891796,0.019,0
2026-07-23T11:13:45Z,3.311,28.0122,9.09,2.1798,0.1278,0.54990000000000006,5.7784,154.116,163.416997,4.7203,60.285,24.706,366915.53481718013,0.02,0
2026-07-23T11:13:45Z,3.316,28.0121,9.09,2.3362,0.1278,0.54990000000000006,5.8237,154.127,163.427727,4.7083,60.55,24.609,366979.3247529212,0.021,0
2026-07-23T11:13:45Z,3.322,28.0118,9.09,2.3667,0.1278,0.54990000000000006,5.8388,154.143,163.443395,4.7028,60.936,24.588,367075.3855602423,0.021,0
2026-07-23T11:13:45Z,3.327,28.0114,9.09,2.3552,0.1278,0.54990000000000006,5.8539,154.168,163.46818,4.7049,61.458,24.519,367225.97252335364,0.022,0
2026-07-23T11:13:45Z,3.333,28.0109,9.09,2.3934,0.1278,0.54990000000000006,5.9596,154.196,163.496664,4.716,62.142,24.407,367399.84352958645,0.021,0
2026-07-23T11:13:45Z,3.338,28.0104,9.09,2.5002,0.1278,0.54990000000000006,5.3554,154.198,163.496351,4.7368,63.002,24.185,367407.46405149467,0.021,0
2026-07-23T11:13:45Z,3.344,28.01,9.09,2.4926,0.1278,0.54990000000000006,5.4007,154.168,163.463149,4.767,64.014,23.997,367223.31658841146,0.021,0
2026-07-23T11:13:45Z,3.349,28.0096,9.09,2.4926,0.0852,0.4653,5.3252,154.14,163.432303,4.8079,65.08,23.898,367052.81833222846,0.02,0
2026-07-23T11:13:45Z,3.354,28.0091,9.09,2.4849,0.0852,0.4653,5.3252,154.133,163.423653,4.8614,66.052,23.794,367012.3203309351,0.019,0
2026-07-23T11:13:45Z,3.359,28.0085,9.09,2.5307,0.0852,0.4653,4.9928,154.144,163.434889,4.9288,66.8,23.825,367088.46687201585,0.019,0
2026-07-23T11:13:45Z,3.363,28.008,9.09,2.5574,0.0852,0.4653,4.9626,154.162,163.452974,5.008,67.242,23.784,367202.27532704466,0.018,0
2026-07-23T11:13:45Z,3.368,28.0076,9.09,2.5231,0.0852,0.4653,4.872,154.179,163.470701,5.0914,67.34,23.665,367312.155021584,0.018,0
2026-07-23T11:13:45Z,3.372,28.0072,9.18,2.5498,0.1278,0.54990000000000006,4.9626,154.201,163.492799,5.1675,67.096,23.532,367447.2982106078,0.018,0
2026-07-23T11:13:45Z,3.377,28.0069,9.18,2.6032,0.1278,0.54990000000000006,5.1288,154.224,163.517142,5.226,66.563,23.405,367593.55523717386,0.018,0
2026-07-23T11:13:45Z,3.382,28.0067,9.18,2.6223,0.1278,0.54990000000000006,5.0986,154.24,163.534185,5.2607,65.842,23.172,367695.78459701355,0.018,0
2026-07-23T11:13:45Z,3.387,28.0064,9.18,2.6375,0.1278,0.54990000000000006,5.0684,154.235,163.528427,5.2684,65.046,23.162,367668.179616193,0.018,0
2026-07-23T11:13:45Z,3.391,28.0063,9.36,2.6146,0.0852,0.423,5.159,154.214,163.506352,5.2492,64.272,23.111,367542.54657148855,0.018,0
2026-07-23T11:13:45Z,3.395,28.0062,9.36,2.5994,0.0852,0.423,4.6454,154.202,163.494145,5.2075,63.58,23.086,367473.92791871744,0.018,0
2026-07-23T11:13:45Z,3.4,28.0062,9.36,2.5918,0.0852,0.423,4.7511,154.201,163.49256,5.1511,63.003,23.061,367464.77230803965,0.019,0
2026-07-23T11:13:45Z,3.404,28.0062,9.36,2.607,0.0852,0.423,4.6756,154.205,163.497165,5.0889,62.552,22.976,367491.36671144224,0.02,0
2026-07-23T11:13:45Z,3.409,28.0063,9.45,2.607,0.0852,0.54990000000000006,4.6605,154.221,163.513198,5.0283,62.215,22.921,367582.0843287238,0.021,0
2026-07-23T11:13:45Z,3.415,28.0063,9.45,2.8168,0.0852,0.54990000000000006,4.449,154.238,163.528897,4.9742,61.966,22.679,367672.77279312053,0.023,0
2026-07-23T11:13:45Z,3.421,28.0062,9.45,2.7939,0.0852,0.54990000000000006,4.449,154.235,163.524395,4.929,61.786,22.615,367648.6493924462,0.025,0
2026-07-23T11:13:45Z,3.427,28.0061,9.45,2.7863,0.0852,0.54990000000000006,4.4188,154.221,163.506509,4.8937,61.668,22.521,367547.2147342869,0.027,0
2026-07-23T11:13:45Z,3.434,28.0058,9.63,2.8016,0.0852,0.3807,4.4188,154.221,163.502541,4.8674,61.608,22.434,367529.953501366,0.028,0
2026-07-23T11:13:45Z,3.442,28.0052,9.63,2.9809,0.0852,0.3807,4.026,154.236,163.515443,4.848,61.614,22.278,367615.8002561756,0.029,0
2026-07-23T11:13:45Z,3.45,28.0045,9.63,2.9847,0.0852,0.3807,3.9354,154.248,163.524599,4.834,61.712,21.842,367681.9054982433,0.029,0
2026-07-23T11:13:45Z,3.458,28.0037,9.63,2.9923,0.0852,0.3807,3.9958,154.25,163.524434,4.8248,61.917,21.596,367696.0505279648,0.028,0
2026-07-23T11:13:45Z,3.466,28.0026,9.63,2.9656,0.0852,0.3807,3.9656,154.246,163.518912,4.8202,62.189,21.554,367684.9071135462,0.026,0
2026-07-23T11:13:45Z,3.472,28.0014,9.81,2.9999,0.1278,0.5922,3.6937,154.247,163.518589,4.8207,62.45,21.503,367705.69150805403,0.024,0
2026-07-23T11:13:45Z,3.477,28.0003,9.81,2.9999,0.1278,0.5922,3.6937,154.252,163.523378,4.8285,62.639,21.611,367754.13014792436,0.023,0
2026-07-23T11:13:45Z,3.482,27.9995,9.81,2.9694,0.1278,0.5922,3.739,154.245,163.51451,4.8446,62.726,21.596,367717.9875770907,0.021,0
2026-07-23T11:13:45Z,3.487,27.999,9.81,2.9961,0.1278,0.5922,3.6937,154.23,163.497639,4.8659,62.703,21.578,367629.94194292126,0.021,0
2026-07-23T11:13:45Z,3.492,27.9987,9.72,3.0381,0.1278,0.5922,3.7994,154.227,163.49232,4.8864,62.575,21.442,367604.8713770737,0.021,0
2026-07-23T11:13:45Z,3.497,27.9984,9.72,3.0266,0.1278,0.5922,3.7239,154.23,163.493126,4.9012,62.362,21.335,367615.1885455485,0.022,0
2026-07-23T11:13:45Z,3.503,27.9981,9.72,3.0419,0.1278,0.5922,3.8145,154.221,163.480227,4.9081,62.101,21.169,367546.3264821563,0.023,0
2026-07-23T11:13:45Z,3.509,27.9977,9.72,3.0495,0.1278,0.5922,3.7088,154.207,163.462209,4.9063,61.839,21.054,367449.7894277902,0.023,0
2026-07-23T11:13:45Z,3.515,27.9971,9.9,3.0839,0.0852,0.3807,3.5124,154.205,163.454313,4.8963,61.627,20.963,367415.4990666434,0.024,0
2026-07-23T11:13:45Z,3.521,27.9964,9.9,3.0839,0.0852,0.3807,3.5124,154.212,163.454433,4.8798,61.5,20.949,367429.3954181217,0.024,0
2026-07-23T11:13:45Z,3.527,27.9955,9.9,3.1067,0.0852,0.3807,3.603,154.231,163.462601,4.8595,61.472,20.886,367493.55599745613,0.025,0
2026-07-23T11:13:45Z,3.533,27.9943,9.9,3.0953,0.0852,0.3807,3.4973,154.265,163.480995,4.839,61.563,20.831,367622.4719326058,0.025,0
2026-07-23T11:13:45Z,3.54,27.9925,9.9,3.2174,0.0852,0.3807,3.2405,154.31,163.502492,4.8226,61.833,20.691,367780.68592325633,0.026,0
2026-07-23T11:13:45Z,3.547,27.99,9.81,3.2212,0.1278,0.54990000000000006,3.2254,154.344,163.500751,4.8129,62.387,20.611,367817.8347051147,0.028,0
2026-07-23T11:13:45Z,3.554,27.9862,9.81,3.2479,0.1278,0.54990000000000006,3.3009,154.368,163.485329,4.811,63.362,20.548,367800.4532495666,0.03,0
2026-07-23T11:13:45Z,3.561,27.9805,9.81,3.2097,0.1278,0.54990000000000006,3.316,154.399,163.486185,4.8186,64.893,20.615,367913.07781094266,0.031,0
2026-07-23T11:13:45Z,3.57,27.9719,9.81,3.3204,0.1278,0.54990000000000006,3.4822,154.43,163.497533,4.8405,67.016,20.15,368141.26888712187,0.031,0
2026-07-23T11:13:45Z,3.579,27.9596,9.81,3.3662,0.0852,0.54990000000000006,3.5426,154.461,163.512376,4.885,69.555,19.743,368459.87887533294,0.031,0
2026-07-23T11:13:45Z,3.587,27.9463,9.81,3.3318,0.0852,0.54990000000000006,3.3764,154.489,163.526652,4.9625,72.141,19.653,368794.4649299377,0.03,0
2026-07-23T11:13:45Z,3.595,27.9361,9.81,3.3509,0.0852,0.54990000000000006,3.4369,154.504,163.532143,5.0833,74.373,19.649,369019.65435718984,0.028,0
2026-07-23T11:13:45Z,3.602,27.9292,9.81,3.3509,0.0852,0.54990000000000006,3.2707,154.517,163.538328,5.2502,75.971,19.546,369186.4134708963,0.026,0
2026-07-23T11:13:45Z,3.607,27.9233,10.08,3.3471,0.1278,0.5076,3.2103,154.535,163.550867,5.4497,76.842,19.619,369371.1485900592,0.024,0
2026-07-23T11:13:45Z,3.613,27.9186,10.08,3.3585,0.1278,0.5076,3.2556,154.546,163.557067,5.6528,77.059,19.666,369496.38596809754,0.023,0
2026-07-23T11:13:45Z,3.618,27.9151,10.08,3.3585,0.1278,0.5076,3.1801,154.546,163.554571,5.828,76.791,19.593,369548.37903506344,0.023,0
2026-07-23T11:13:45Z,3.624,27.9124,10.08,3.3394,0.1278,0.5076,3.2103,154.541,163.546723,5.9535,76.212,19.563,369554.10581265343,0.023,0
2026-07-23T11:13:45Z,3.63,27.9103,10.08,3.431,0.1278,0.54990000000000006,3.2858,154.547,163.551476,6.022,75.447,19.432,369621.60492498416,0.025,0
2026-07-23T11:13:45Z,3.636,27.9089,10.08,3.4234,0.1278,0.54990000000000006,3.316,154.576,163.578116,6.0391,74.575,19.356,369802.94298408175,0.026,0
2026-07-23T11:13:45Z,3.643,27.9079,10.08,3.3814,0.1278,0.54990000000000006,3.2707,154.595,163.593655,6.0182,73.62,19.222,369912.23315032804,0.028,0
2026-07-23T11:13:45Z,3.65,27.9071,10.08,3.4196,0.1278,0.54990000000000006,3.1347,154.589,163.582192,5.9729,72.57,19.13,369860.8434844789,0.03,0
2026-07-23T11:13:45Z,3.658,27.9063,10.08,3.4692,0.1278,0.54990000000000006,3.3462,154.59,163.57675,5.9131,71.409,19.031,369844.4360744622,0.032,0
2026-07-23T11:13:45Z,3.667,27.9052,10.71,3.473,0.1278,0.5922,3.316,154.612,163.591916,5.8448,70.138,18.981,369953.47435771814,0.035,0
2026-07-23T11:13:45Z,3.676,27.9038,10.71,3.4539,0.1278,0.5922,3.2707,154.631,163.59966,5.77,68.8,18.764,370025.1077941123,0.037,0
2026-07-23T11:13:45Z,3.685,27.9021,10.71,3.4844,0.1278,0.5922,3.2707,154.638,163.59002,5.688,67.468,18.662,370001.4212470292,0.039,0
2026-07-23T11:13:45Z,3.696,27.9,10.71,3.4653,0.1278,0.5922,3.7088,154.646,163.576461,5.5971,66.225,18.557,369962.56658025575,0.042,0
2026-07-23T11:13:45Z,3.707,27.8971,10.53,3.4653,0.1278,0.54990000000000006,3.739,154.664,163.563385,5.4978,65.142,18.353,369941.7353957611,0.043,0
2026-07-23T11:13:45Z,3.718,27.8932,10.53,3.4768,0.1278,0.54990000000000006,3.6937,154.68,163.539286,5.3933,64.262,18.17,369875.8593486319,0.044,0
2026-07-23T11:13:45Z,3.73,27.8879,10.53,3.4882,0.1278,0.54990000000000006,3.7994,154.694,163.501744,5.2894,63.599,17.599,369758.48149307584,0.044,0
2026-07-23T11:13:45Z,3.742,27.8805,10.53,3.2899,0.1278,0.54990000000000006,4.4641,154.722,163.476827,5.1926,63.156,17.545,369754.39753627364,0.044,0
2026-07-23T11:13:45Z,3.753,27.8705,10.71,3.286,0.1278,0.5922,4.3735,154.769,163.473921,5.1086,62.929,17.595,369927.74076887354,0.043,0
2026-07-23T11:13:45Z,3.764,27.857,10.71,3.3051,0.1278,0.5922,4.449,154.811,163.472203,5.0407,62.916,17.36,370174.7611538303,0.041,0
2026-07-23T11:13:45Z,3.774,27.8402,10.71,3.3089,0.1278,0.5922,4.5245,154.844,163.473218,4.9902,63.107,17.36,370500.8316505716,0.04,0
2026-07-23T11:13:45Z,3.784,27.8224,10.71,3.164,0.1278,0.5922,4.5094,154.876,163.487255,4.957,63.49,17.221,370922.27665075735,0.038,0
2026-07-23T11:13:45Z,3.794,27.8056,10.71,3.1449,0.1278,0.5922,4.4037,154.896,163.492002,4.9407,64.013,16.95,371270.95278222655,0.036,0
2026-07-23T11:13:45Z,3.803,27.7908,10.89,3.1411,0.1278,0.54990000000000006,4.449,154.907,163.48271,4.941,64.586,16.777,371499.77512724383,0.034,0
2026-07-23T11:13:45Z,3.811,27.7799,10.89,3.1563,0.1278,0.54990000000000006,4.4943,154.936,163.480956,4.957,65.117,16.748,371698.1623052744,0.031,0
2026-07-23T11:13:45Z,3.819,27.7735,10.89,2.9618,0.1278,0.54990000000000006,4.2073,154.975,163.482262,4.9877,65.545,16.828,371828.36338347796,0.029,0
2026-07-23T11:13:45Z,3.825,27.7684,10.89,2.977,0.1278,0.54990000000000006,4.2073,155.018,163.482964,5.0292,65.857,16.777,371930.1782339986,0.028,0
2026-07-23T11:13:45Z,3.832,27.7614,11.52,2.9732,0.1278,0.6345,4.2677,155.073,163.491264,5.0749,66.071,16.752,372112.8897683731,0.027,0
2026-07-23T11:13:45Z,3.839,27.7512,11.52,2.9656,0.1278,0.6345,4.162,155.127,163.49334,5.1175,66.232,16.697,372320.6812486205,0.027,0
2026-07-23T11:13:45Z,3.845,27.7382,11.52,3.225,0.1278,0.6345,4.0713,155.17,163.477713,5.1524,66.39,16.592,372478.7292031511,0.027,0
2026-07-23T11:13:45Z,3.852,27.7237,11.52,3.2021,0.1278,0.6345,4.2526,155.214,163.46026,5.1782,66.598,16.553,372655.0063836172,0.028,0
2026-07-23T11:13:45Z,3.86,27.7078,11.61,3.2097,0.0852,0.7614,4.2224,155.263,163.448349,5.1965,66.929,16.445,372890.82516004035,0.029,0
2026-07-23T11:13:45Z,3.867,27.6901,11.61,3.2441,0.0852,0.7614,4.1922,155.295,163.43479,5.2108,67.448,16.385,373151.8393768037,0.03,0
2026-07-23T11:13:45Z,3.875,27.6706,11.61,3.3356,0.0852,0.7614,4.2375,155.311,163.427991,5.225,68.192,16.25,373487.5027887858,0.03,0
2026-07-23T11:13:45Z,3.883,27.6499,11.61,3.3394,0.0852,0.7614,4.2224,155.339,163.438167,5.2433,69.178,15.849,373946.5312344594,0.03,0
2026-07-23T11:13:45Z,3.892,27.6294,11.61,3.3662,0.1278,0.7191,4.162,155.382,163.451998,5.2713,70.332,15.773,374423.8963511707,0.029,0
2026-07-23T11:13:45Z,3.899,27.6141,11.61,3.3394,0.1278,0.7191,4.1922,155.419,163.449116,5.3136,71.46,15.784,374702.8520664814,0.028,0
2026-07-23T11:13:45Z,3.906,27.6065,11.61,3.1144,0.1278,0.7191,4.1922,155.448,163.436768,5.373,72.355,15.698,374777.1886018181,0.026,0
2026-07-23T11:13:45Z,3.912,27.6004,11.61,3.08,0.1278,0.7191,4.2526,155.482,163.435712,5.4513,72.9,15.61,374889.0658478549,0.025,0
2026-07-23T11:13:45Z,3.918,27.5904,11.61,3.1106,0.1278,0.7191,4.2526,155.518,163.445663,5.5433,73.046,15.515,375141.46829238796,0.024,0
2026-07-23T11:13:45Z,3.924,27.5768,11.7,3.1144,0.1704,0.7614,4.1318,155.552,163.457249,5.6335,72.784,15.431,375473.55602380953,0.023,0
2026-07-23T11:13:45Z,3.929,27.5629,11.7,3.0572,0.1704,0.7614,4.2526,155.579,163.461531,5.7055,72.147,15.394,375768.6656278781,0.023,0
2026-07-23T11:13:45Z,3.935,27.5513,11.7,3.0648,0.1704,0.7614,4.1469,155.588,163.447622,5.7496,71.214,15.307,375911.82944165246,0.023,0
2026-07-23T11:13:45Z,3.941,27.5422,11.7,3.0457,0.1704,0.7614,4.1318,155.586,163.423839,5.762,70.104,15.314,375948.10111157596,0.024,0
2026-07-23T11:13:45Z,3.947,27.5344,11.7,3.0305,0.1278,0.7614,4.2526,155.586,163.403884,5.7421,68.942,15.168,375981.7415663434,0.024,0
2026-07-23T11:13:45Z,3.954,27.5268,11.7,3.1067,0.1278,0.7614,4.2828,155.594,163.392457,5.6925,67.827,14.978,376061.9376997664,0.025,0
2026-07-23T11:13:45Z,3.96,27.5193,11.7,3.1067,0.1278,0.7614,4.2828,155.617,163.396534,5.6197,66.809,14.891,376231.9515947917,0.025,0
2026-07-23T11:13:45Z,3.967,27.5123,11.7,3.1144,0.1278,0.7614,4.2828,155.655,163.407179,5.5328,65.895,14.82,376431.2048951806,0.025,0
2026-07-23T11:13:45Z,3.973,27.5057,11.79,3.0953,0.1278,0.6768,4.1771,155.696,163.413199,5.4417,65.084,14.669,376595.390105055,0.025,0
2026-07-23T11:13:45Z,3.98,27.4996,11.79,3.1144,0.1278,0.6768,3.8901,155.733,163.412186,5.3543,64.37,14.567,376708.2465410371,0.025,0
2026-07-23T11:13:45Z,3.986,27.4929,11.79,3.1106,0.1278,0.6768,3.9656,155.761,163.39986,5.2745,63.739,14.596,376765.80753193994,0.024,0
2026-07-23T11:13:45Z,3.992,27.4836,11.79,3.0953,0.1278,0.6768,3.9656,155.786,163.380951,5.2032,63.179,14.517,376835.06528772553,0.024,0
2026-07-23T11:13:45Z,3.998,27.4717,11.79,3.1182,0.1278,0.6768,4.0109,155.823,163.368453,5.1403,62.68,14.441,376993.08749578637,0.024,0
2026-07-23T11:13:45Z,4.004,27.4589,11.88,3.164,0.1704,0.7191,3.9354,155.882,163.375069,5.085,62.235,14.177,377282.2076623107,0.023,0
2026-07-23T11:13:45Z,4.01,27.4457,11.88,3.1792,0.1704,0.7191,3.9203,155.951,163.394541,5.0364,61.84,14.009,377655.7740551319,0.023,0
2026-07-23T11:13:45Z,4.016,27.4311,11.88,3.1449,0.1704,0.7191,3.9505,156.009,163.403995,4.9934,61.506,13.972,377997.601569335,0.022,0
2026-07-23T11:13:45Z,4.022,27.4145,11.88,3.1525,0.1704,0.7191,3.9203,156.054,163.39593,4.9554,61.26,13.915,378274.76007291395,0.022,0
2026-07-23T11:13:45Z,4.027,27.397,12.06,3.1792,0.1704,0.7191,3.9958,156.105,163.390242,4.9218,61.128,13.915,378584.01005090476,0.021,0
2026-07-23T11:13:45Z,4.032,27.3801,12.06,3.1716,0.1704,0.7191,3.9807,156.166,163.395432,4.892,61.14,13.83,378946.65206735826,0.021,0
2026-07-23T11:13:45Z,4.037,27.3636,12.06,3.1907,0.1704,0.7191,3.9505,156.199,163.382813,4.867,61.321,13.818,379195.6293118664,0.021,0
2026-07-23T11:13:45Z,4.042,27.346,12.06,3.1869,0.1704,0.7191,3.9203,156.199,163.345008,4.8491,61.666,13.788,379316.1661789399,0.021,0
2026-07-23T11:13:45Z,4.047,27.3268,12.15,3.2288,0.1278,0.7614,3.9203,156.207,163.316035,4.8404,62.145,13.633,379521.01672064135,0.021,0
2026-07-23T11:13:45Z,4.053,27.3082,12.15,3.2059,0.1278,0.7614,3.9807,156.238,163.310216,4.843,62.73,13.539,379852.62554842205,0.022,0
2026-07-23T11:13:45Z,4.058,27.2931,12.15,3.2288,0.1278,0.7614,4.0562,156.285,163.31798,4.8586,63.4,13.512,380196.8322393633,0.022,0
2026-07-23T11:13:45Z,4.064,27.2811,12.15,3.2326,0.1278,0.7614,3.9656,156.348,163.331375,4.887,64.125,13.489,380513.8998083729,0.023,0
2026-07-23T11:13:45Z,4.07,27.2692,12.69,3.2593,0.1278,0.6345,4.3281,156.419,163.341944,4.926,64.871,13.404,380812.3599736145,0.023,0
2026-07-23T11:13:45Z,4.076,27.2569,12.69,3.286,0.1278,0.6345,4.2526,156.495,163.350496,4.9736,65.602,13.305,381106.91527592554,0.023,0
2026-07-23T11:13:45Z,4.082,27.2435,12.69,3.2784,0.1278,0.6345,4.162,156.579,163.359308,5.0279,66.263,13.21,381425.0928111207,0.023,0
2026-07-23T11:13:45Z,4.089,27.2269,12.69,3.2937,0.1278,0.6345,4.2224,156.664,163.358701,5.0869,66.8,13.042,381750.4832575306,0.023,0
2026-07-23T11:13:45Z,4.095,27.2066,12.69,3.2212,0.1278,0.6345,4.026,156.75,163.3445,5.148,67.179,12.977,382067.98202797887,0.023,0
2026-07-23T11:13:45Z,4.1,27.1838,12.78,3.2136,0.1704,0.7191,3.9354,156.842,163.326944,5.2081,67.377,12.96,382415.37198080367,0.022,0
2026-07-23T11:13:45Z,4.106,27.1588,12.78,3.2326,0.1704,0.7191,3.9656,156.947,163.321391,5.2629,67.383,12.966,382879.33337884187,0.021,0
2026-07-23T11:13:45Z,4.111,27.1303,12.78,3.225,0.1704,0.7191,3.9203,157.048,163.322343,5.3082,67.223,12.901,383453.1089533324,0.021,0
2026-07-23T11:13:45Z,4.116,27.0974,12.78,3.4005,0.1704,0.7191,3.7239,157.113,163.312006,5.3415,66.958,12.784,384047.7258333532,0.02,0
2026-07-23T11:13:45Z,4.121,27.0611,13.32,3.4196,0.1278,0.5922,3.603,157.156,163.309669,5.3607,66.638,12.712,384760.15078615095,0.02,0
2026-07-23T11:13:45Z,4.127,27.0245,13.32,3.4005,0.1278,0.5922,3.6786,157.201,163.330744,5.3647,66.29,12.673,385622.37927813915,0.02,0
2026-07-23T11:13:45Z,4.132,26.9914,13.32,3.4119,0.1278,0.5922,3.7541,157.227,163.344771,5.3551,65.926,12.654,386373.56635554176,0.02,0
2026-07-23T11:13:45Z,4.137,26.9666,13.32,3.5493,0.1278,0.5922,3.452,157.227,163.339454,5.3363,65.554,12.607,386841.22283707943,0.02,0
2026-07-23T11:13:45Z,4.142,26.9515,13.95,3.5302,0.1704,0.7614,3.5275,157.227,163.337431,5.3122,65.174,12.555,387133.73189166223,0.02,0
2026-07-23T11:13:45Z,4.147,26.9434,13.95,3.5226,0.1704,0.7614,3.4369,157.227,163.334152,5.2853,64.779,12.504,387277.3907199444,0.02,0
2026-07-23T11:13:45Z,4.152,26.9393,13.95,3.5149,0.1704,0.7614,3.3764,157.224,163.318721,5.2567,64.363,12.439,387266.1997711962,0.019,0
2026-07-23T11:13:45Z,4.157,26.9376,13.95,3.4844,0.1704,0.7614,3.603,157.24,163.307071,5.2271,63.938,12.422,387229.55060936086,0.019,0
2026-07-23T11:13:45Z,4.162,26.9369,13.95,3.4577,0.1704,0.7614,3.452,157.286,163.300104,5.1969,63.539,12.331,387201.2344114482,0.019,0
2026-07-23T11:13:45Z,4.166,26.9356,14.31,3.473,0.1278,0.846,3.4218,157.363,163.289948,5.1655,63.203,12.277,387165.60733610677,0.019,0
2026-07-23T11:13:45Z,4.171,26.9317,14.31,3.4615,0.1278,0.846,3.5728,157.469,163.275894,5.1327,62.944,12.256,387158.75506567647,0.02,0
2026-07-23T11:13:45Z,4.176,26.9227,14.31,3.6484,0.1278,0.846,3.5426,157.585,163.252182,5.0996,62.752,12.277,387196.08915413154,0.02,0
2026-07-23T11:13:45Z,4.181,26.9053,14.31,3.6599,0.1278,0.846,3.3764,157.693,163.208472,5.0693,62.615,12.2,387281.3004255385,0.021,0
2026-07-23T11:13:45Z,4.186,26.8769,14.31,3.6599,0.1704,0.7614,3.5124,157.797,163.153145,5.0451,62.534,12.071,387518.2305127007,0.023,0
2026-07-23T11:13:45Z,4.192,26.8377,14.31,3.6446,0.1704,0.7614,3.4369,157.912,163.111528,5.0279,62.541,12.079,388058.17189672875,0.024,0
2026-07-23T11:13:45Z,4.198,26.7919,14.31,3.7514,0.1704,0.7614,3.4671,157.989,163.070506,5.0167,62.678,12.092,388737.07180659164,0.025,0
2026-07-23T11:13:45Z,4.205,26.7428,14.31,3.7743,0.1704,0.7614,3.4067,157.973,163.003093,5.0102,62.984,12.05,389322.97652985796,0.027,0
2026-07-23T11:13:45Z,4.212,26.6911,14.49,3.7896,0.1704,0.7614,3.6332,157.934,162.941428,5.0084,63.531,11.783,389998.8057766587,0.027,0
2026-07-23T11:13:45Z,4.22,26.6401,14.49,3.7553,0.1704,0.7614,3.5275,157.938,162.911168,5.0136,64.391,11.659,390855.80142330594,0.027,0
2026-07-23T11:13:45Z,4.227,26.602,14.49,3.6523,0.1704,0.7614,3.3009,157.937,162.878182,5.028,65.549,11.59,391433.6445446267,0.027,0
2026-07-23T11:13:45Z,4.234,26.5858,14.49,3.6256,0.1704,0.7614,3.3462,157.912,162.841686,5.0541,66.899,11.684,391540.83532446687,0.026,0
2026-07-23T11:13:45Z,4.24,26.5792,14.49,3.6523,0.1704,0.7614,3.2405,157.906,162.822018,5.0986,68.289,11.573,391554.8555033566,0.025,0
2026-07-23T11:13:45Z,4.246,26.5681,14.58,3.6713,0.1704,0.8037,3.2405,157.915,162.795897,5.1687,69.546,11.535,391621.450760784,0.024,0
2026-07-23T11:13:45Z,4.252,26.558,14.58,3.4653,0.1704,0.8037,3.2405,157.937,162.764372,5.2626,70.511,11.508,391634.0883380837,0.023,0
2026-07-23T11:13:45Z,4.258,26.5546,14.58,3.4844,0.1704,0.8037,3.1952,157.996,162.76313,5.3713,71.098,11.435,391696.30036502145,0.022,0
2026-07-23T11:13:45Z,4.264,26.5504,14.58,3.4615,0.1704,0.8037,3.2707,158.078,162.787828,5.4834,71.289,11.29,391935.49118539185,0.021,0
2026-07-23T11:13:45Z,4.269,26.5392,14.58,3.473,0.1704,0.6768,3.2103,158.144,162.800949,5.5854,71.114,11.214,392247.2577804561,0.02,0
2026-07-23T11:13:45Z,4.274,26.522,14.58,3.473,0.1704,0.6768,3.2254,158.191,162.795968,5.6646,70.63,11.27,392570.8013478791,0.018,0
2026-07-23T11:13:45Z,4.278,26.5024,14.58,3.4806,0.1704,0.6768,3.2858,158.237,162.7916,5.7138,69.914,11.243,392948.04511385557,0.017,0
2026-07-23T11:13:45Z,4.282,26.4835,14.58,3.4692,0.1704,0.6768,3.1801,158.281,162.786678,5.7311,69.042,11.236,393307.86483422015,0.016,0
2026-07-23T11:13:45Z,4.286,26.4661,14.67,3.4615,0.1704,0.8037,3.1498,158.324,162.781891,5.7187,68.07,11.177,393637.9294045008,0.015,0
2026-07-23T11:13:45Z,4.29,26.4493,14.67,3.473,0.1704,0.8037,3.1801,158.379,162.789993,5.6815,67.042,11.156,394036.1276791301,0.014,0
2026-07-23T11:13:45Z,4.293,26.4329,14.67,3.6446,0.1704,0.8037,3.3311,158.429,162.799108,5.6255,65.987,11.117,394432.82910711865,0.014,0
2026-07-23T11:13:45Z,4.297,26.417,14.67,3.6599,0.1704,0.8037,3.1801,158.46,162.793627,5.5569,64.918,11.139,394728.6499386892,0.014,0
2026-07-23T11:13:45Z,4.3,26.4013,14.76,3.6446,0.1704,0.846,3.2707,158.485,162.784112,5.4803,63.847,11.107,394995.45422931504,0.014,0
2026-07-23T11:13:45Z,4.303,26.3862,14.76,3.6446,0.1704,0.846,3.2707,158.506,162.772034,5.399,62.791,11.061,395234.0363112538,0.014,0
2026-07-23T11:13:45Z,4.307,26.373,14.76,3.9155,0.1704,0.846,3.6786,158.512,162.746153,5.3153,61.775,11.021,395347.08338681265,0.014,0
2026-07-23T11:13:45Z,4.31,26.3612,14.76,3.9002,0.1704,0.846,3.7692,158.507,162.713597,5.2303,60.82,11.016,395389.34994899895,0.015,0
2026-07-23T11:13:45Z,4.314,26.3501,14.76,3.9193,0.1704,0.846,3.739,158.505,162.689736,5.145,59.942,10.961,395471.3777076896,0.015,0
2026-07-23T11:13:45Z,4.318,26.3393,14.76,3.8926,0.1704,0.7191,3.6937,158.515,162.682237,5.061,59.151,10.925,395649.4712619292,0.016,0
2026-07-23T11:13:45Z,4.322,26.3291,14.76,3.9803,0.1704,0.7191,3.5728,158.53,162.683087,4.98,58.455,10.873,395867.3922436062,0.016,0
2026-07-23T11:13:45Z,4.326,26.3205,14.76,3.9574,0.1704,0.7191,3.4671,158.54,162.678481,4.9038,57.855,10.842,396017.94052550895,0.017,0
2026-07-23T11:13:45Z,4.331,26.3137,14.76,3.9346,0.1704,0.7191,3.5124,158.556,162.677212,4.8336,57.351,10.807,396151.88920292933,0.017,0
2026-07-23T11:13:45Z,4.335,26.3081,14.85,3.9613,0.1704,0.7614,3.4671,158.58,162.678943,4.7703,56.939,10.751,396279.62755836267,0.018,0
2026-07-23T11:13:45Z,4.34,26.3034,14.85,3.7934,0.1704,0.7614,3.7692,158.591,162.660081,4.7146,56.61,10.688,396259.6480953352,0.018,0
2026-07-23T11:13:45Z,4.345,26.2989,14.85,3.7591,0.1704,0.7614,3.6181,158.599,162.631629,4.6666,56.353,10.676,396175.43184980785,0.019,0
2026-07-23T11:13:45Z,4.349,26.2934,14.85,3.7667,0.1704,0.7614,3.6937,158.617,162.612056,4.6264,56.148,10.676,396167.6867955616,0.02,0
2026-07-23T11:13:45Z,4.354,26.2861,14.94,3.7896,0.1704,0.8037,3.6635,158.63,162.584114,4.5937,55.974,10.651,396145.10231153073,0.021,0
2026-07-23T11:13:45Z,4.359,26.2765,14.94,3.6141,0.1704,0.8037,4.026,158.633,162.538348,4.568,55.811,10.573,396058.88060783193,0.022,0
2026-07-23T11:13:45Z,4.365,26.2651,14.94,3.6027,0.1704,0.8037,3.9354,158.651,162.496625,4.5482,55.641,10.49,396035.53401359246,0.023,0
2026-07-23T11:13:45Z,4.372,26.253,14.94,3.5874,0.1704,0.8037,3.9203,158.694,162.467861,4.5327,55.457,10.408,396107.9929984855,0.024,0
2026-07-23T11:13:45Z,4.378,26.2402,14.94,3.6027,0.1704,0.8037,3.9203,158.75,162.440376,4.5197,55.262,10.323,396203.1261449051,0.025,0
2026-07-23T11:13:45Z,4.385,26.2247,15.12,3.3013,0.1278,0.8037,4.4188,158.82,162.414852,4.5078,55.067,10.287,396367.05912845,0.025,0
2026-07-23T11:13:45Z,4.391,26.2057,15.12,3.2937,0.1278,0.8037,4.4188,158.898,162.388487,4.4956,54.89,10.227,396599.0763671562,0.026,0
2026-07-23T11:13:45Z,4.398,26.1829,15.12,3.3013,0.1278,0.8037,4.313,158.98,162.358255,4.4826,54.758,10.149,396886.62857276533,0.026,0
2026-07-23T11:13:45Z,4.405,26.1561,15.12,3.2708,0.1278,0.8037,4.4188,159.083,162.336134,4.4689,54.698,10.077,397309.4581724879,0.026,0
2026-07-23T11:13:45Z,4.411,26.1256,15.12,3.3509,0.1704,0.7614,5.3252,159.221,162.332255,4.4556,54.737,9.9831,397925.6528895215,0.025,0
2026-07-23T11:13:45Z,4.418,26.0924,15.12,3.3394,0.1704,0.7614,5.295,159.382,162.33756,4.444,54.887,9.9247,398657.9694145348,0.025,0
2026-07-23T11:13:45Z,4.424,26.0565,15.12,3.3585,0.1704,0.7614,5.4913,159.545,162.33742,4.4362,55.137,9.9334,399414.59440572944,0.024,0
2026-07-23T11:13:45Z,4.43,26.0164,15.12,3.3623,0.1704,0.7614,5.3554,159.699,162.327779,4.4347,55.46,9.8839,400201.82135979633,0.023,0
2026-07-23T11:13:45Z,4.435,25.971,15.12,3.3242,0.1704,0.8037,5.3554,159.832,162.298043,4.4415,55.827,9.8068,400976.05396086193,0.023,0
2026-07-23T11:13:45Z,4.441,25.9211,15.12,3.37,0.1704,0.8037,5.3856,159.941,162.244281,4.4578,56.21,9.7941,401695.31888026703,0.022,0
2026-07-23T11:13:45Z,4.447,25.8691,15.12,3.3471,0.1704,0.8037,5.446,160.061,162.192242,4.4823,56.596,9.7135,402472.3986425532,0.022,0
2026-07-23T11:13:45Z,4.453,25.8171,15.12,3.3356,0.1704,0.8037,5.2647,160.22,162.166125,4.5129,56.984,9.6735,403417.52557312365,0.022,0
2026-07-23T11:13:45Z,4.458,25.7657,15.03,3.4653,0.1278,0.8037,5.2043,160.401,162.156952,4.547,57.369,9.6588,404461.4946741462,0.022,0
2026-07-23T11:13:45Z,4.464,25.7143,15.03,3.4806,0.1278,0.8037,5.2194,160.571,162.140216,4.5826,57.722,9.6378,405460.4199052635,0.021,0
2026-07-23T11:13:45Z,4.469,25.6601,15.03,3.4653,0.1278,0.8037,5.1137,160.725,162.113452,4.6186,58.019,9.5835,406458.6145087805,0.021,0
2026-07-23T11:13:45Z,4.475,25.6015,15.03,3.4882,0.1278,0.8037,5.2194,160.876,162.091563,4.6553,58.259,9.5316,407587.24626881815,0.021,0
2026-07-23T11:13:45Z,4.48,25.5415,15.03,3.5264,0.1278,0.8037,5.0986,161.02,162.074717,4.6918,58.444,9.5295,408783.3611596485,0.022,0
2026-07-23T11:13:45Z,4.485,25.483,15.03,3.4997,0.1704,0.6768,5.1288,161.156,162.054406,4.7257,58.571,9.4656,409928.84318087087,0.022,0
2026-07-23T11:13:45Z,4.491,25.4263,15.03,3.5569,0.1704,0.6768,5.1892,161.294,162.029218,4.755,58.64,9.402,411007.35467959684,0.023,0
2026-07-23T11:13:45Z,4.497,25.3722,15.03,3.5454,0.1704,0.6768,5.1288,161.427,161.990426,4.7793,58.657,9.4204,411943.54862698435,0.024,0
2026-07-23T11:13:45Z,4.503,25.3218,15.03,3.6294,0.1704,0.6768,5.2043,161.523,161.913645,4.7989,58.641,9.4409,412552.1727806902,0.025,0
2026-07-23T11:13:45Z,4.509,25.273,15.12,3.6332,0.1278,0.7614,5.1137,161.607,161.816476,4.8136,58.641,9.3429,412993.1259812546,0.027,0
2026-07-23T11:13:45Z,4.516,25.2221,15.12,3.679,0.1278,0.7614,5.1137,161.727,161.737142,4.8237,58.728,9.1899,413598.7535827776,0.029,0
2026-07-23T11:13:45Z,4.524,25.1688,15.12,3.6599,0.1278,0.7614,5.1439,161.854,161.652474,4.8298,58.964,9.0276,414224.06511376216,0.031,0
2026-07-23T11:13:45Z,4.532,25.1152,15.12,3.6027,0.1278,0.7614,4.9626,161.955,161.55391,4.8333,59.395,9.0178,414765.9439734514,0.032,0
2026-07-23T11:13:45Z,4.541,25.0592,15.3,3.5989,0.1704,0.7191,4.872,161.998,161.445219,4.8383,60.061,8.9592,415295.67691701965,0.034,0
2026-07-23T11:13:45Z,4.549,24.9974,15.3,3.6065,0.1704,0.7191,4.9324,161.936,161.305422,4.851,61.002,9.0139,415750.1900382897,0.034,0
2026-07-23T11:13:45Z,4.558,24.932,15.3,3.5912,0.1704,0.7191,5.0381,161.851,161.201463,4.8764,62.244,8.7457,416524.4253667805,0.034,0
2026-07-23T11:13:45Z,4.568,24.8704,15.3,3.7171,0.1704,0.7191,5.4158,161.81,161.155733,4.9176,63.797,8.515,417603.59692324925,0.034,0
2026-07-23T11:13:45Z,4.577,24.8236,15.3,3.7247,0.1704,0.7191,5.3554,161.724,161.063841,4.9771,65.6,8.4708,418044.65664065094,0.032,0
2026-07-23T11:13:45Z,4.585,24.7996,16.02,3.7209,0.1704,0.6345,5.3101,161.638,160.967427,5.0572,67.506,8.4267,417942.0125068439,0.031,0
2026-07-23T11:13:45Z,4.593,24.7935,16.02,3.6904,0.1704,0.6345,5.4762,161.644,160.953019,5.1607,69.317,8.4084,417983.3200556693,0.029,0
2026-07-23T11:13:45Z,4.599,24.792,16.02,3.7171,0.1704,0.6345,5.1288,161.638,160.938604,5.2896,70.81,8.491,417920.8758782733,0.027,0
2026-07-23T11:13:45Z,4.605,24.7901,16.02,3.7019,0.1704,0.6345,5.1892,161.568,160.900293,5.4393,71.796,8.361,417707.9091710896,0.025,0
2026-07-23T11:13:45Z,4.611,24.7868,16.2,3.7095,0.213,0.6768,5.1741,161.494,160.894012,5.5977,72.189,8.3212,417740.3350012995,0.024,0
2026-07-23T11:13:45Z,4.617,24.7807,16.2,3.7057,0.213,0.6768,5.159,161.426,160.896047,5.7486,72.013,8.2671,417891.41615589627,0.023,0
2026-07-23T11:13:45Z,4.623,24.7781,16.2,3.7095,0.213,0.6768,5.2345,161.38,160.898932,5.8727,71.379,8.2509,417969.30783397856,0.022,0
2026-07-23T11:13:45Z,4.629,24.7877,16.2,3.7591,0.213,0.6768,5.0684,161.366,160.905442,5.9534,70.443,8.1884,417796.36012749036,0.021,0
2026-07-23T11:13:45Z,4.634,24.8084,16.2,3.7171,0.213,0.7614,5.1741,161.333,160.867207,5.9836,69.374,8.1795,417075.2098298897,0.021,0
2026-07-23T11:13:45Z,4.639,24.8301,16.2,3.7133,0.213,0.7614,5.159,161.297,160.802091,5.9666,68.326,8.1511,416154.04086811043,0.021,0
2026-07-23T11:13:45Z,4.645,24.845,16.2,4.0185,0.213,0.7614,5.9596,161.324,160.780915,5.9124,67.417,8.1123,415679.1517032828,0.021,0
2026-07-23T11:13:45Z,4.65,24.8515,16.2,3.9422,0.213,0.7614,5.8388,161.4,160.794022,5.8342,66.693,8.0386,415620.67376459995,0.021,0
2026-07-23T11:13:45Z,4.656,24.8498,16.2,3.9689,0.1704,0.8037,5.8237,161.466,160.776759,5.7458,66.125,8.0054,415544.00918038585,0.022,0
2026-07-23T11:13:45Z,4.661,24.8406,16.2,3.988,0.1704,0.8037,5.9747,161.503,160.712493,5.6599,65.646,7.9379,415322.9030814973,0.022,0
2026-07-23T11:13:45Z,4.667,24.826,16.2,3.8239,0.1704,0.8037,6.3675,161.533,160.632183,5.586,65.205,7.9673,415116.003259419,0.023,0
2026-07-23T11:13:45Z,4.672,24.8065,16.2,3.8125,0.1704,0.8037,6.292,161.575,160.572531,5.5281,64.772,7.8777,415155.98555848846,0.023,0
2026-07-23T11:13:45Z,4.678,24.7809,16.2,3.8201,0.1704,0.8037,6.3373,161.641,160.553698,5.4835,64.326,7.8028,415604.2579834899,0.023,0
2026-07-23T11:13:45Z,4.684,24.7493,16.29,3.8316,0.213,0.7191,6.292,161.716,160.558636,5.447,63.855,7.7943,416346.4728158066,0.024,0
2026-07-23T11:13:45Z,4.691,24.7154,16.29,3.8277,0.213,0.7191,6.8811,161.756,160.534542,5.4138,63.356,7.6967,416948.246382256,0.024,0
2026-07-23T11:13:45Z,4.697,24.6839,16.29,3.8468,0.213,0.7191,6.8509,161.758,160.464971,5.381,62.842,7.695,417193.0140130647,0.024,0
2026-07-23T11:13:45Z,4.703,24.6577,16.29,3.843,0.213,0.7191,6.7603,161.781,160.389494,5.3465,62.348,7.6334,417278.97973177914,0.025,0
2026-07-23T11:13:45Z,4.709,24.6363,16.2,3.8316,0.1704,0.7614,6.7905,161.882,160.348108,5.3095,61.912,7.6003,417484.8625904001,0.025,0
2026-07-23T11:13:45Z,4.716,24.6167,16.2,3.843,0.1704,0.7614,7.8328,162.031,160.317746,5.2699,61.559,7.5509,417724.1330208,0.025,0
2026-07-23T11:13:45Z,4.722,24.5943,16.2,3.8163,0.1704,0.7614,7.863,162.139,160.244197,5.2294,61.29,7.5149,417737.3826152377,0.025,0
2026-07-23T11:13:45Z,4.729,24.5641,16.2,3.8239,0.1704,0.7614,7.8328,162.241,160.188009,5.1911,61.1,7.4807,418043.4893520829,0.025,0
2026-07-23T11:13:45Z,4.736,24.5206,16.2,3.8201,0.1704,0.7191,7.7875,162.363,160.17227,5.1589,60.991,7.3998,418923.4785558505,0.025,0
2026-07-23T11:13:45Z,4.742,24.4656,16.2,3.8926,0.1704,0.7191,10.4916,162.413,160.096577,5.1348,60.954,7.3454,419663.50129002327,0.025,0
2026-07-23T11:13:45Z,4.749,24.41,16.2,3.9231,0.1704,0.7191,10.4311,162.442,159.990848,5.1177,60.966,7.2961,420216.4381247606,0.025,0
2026-07-23T11:13:45Z,4.755,24.3616,16.2,3.885,0.1704,0.7191,10.4311,162.561,159.945135,5.1065,61.023,7.2771,421012.38151667034,0.025,0
2026-07-23T11:13:45Z,4.761,24.3198,16.2,3.9002,0.1704,0.7191,10.3254,162.729,159.919182,5.1014,61.126,7.2424,421793.34573657525,0.025,0
2026-07-23T11:13:45Z,4.768,24.2814,16.2,3.6484,0.213,0.7191,12.9841,162.885,159.875994,5.102,61.273,7.2031,422381.1336630426,0.024,0
2026-07-23T11:13:45Z,4.774,24.24,16.2,3.6446,0.213,0.7191,13.0294,163.015,159.844125,5.107,61.498,7.1984,423116.28093454125,0.024,0
2026-07-23T11:13:45Z,4.78,24.19,16.2,3.6484,0.213,0.7191,12.9992,163.088,159.815064,5.1165,61.881,7.0913,424070.9495833159,0.024,0
2026-07-23T11:13:45Z,4.786,24.1312,16.2,3.6294,0.213,0.7191,13.0748,163.091,159.765026,5.1307,62.516,7.0928,425088.95777569304,0.024,0
2026-07-23T11:13:45Z,4.792,24.0708,16.11,3.5989,0.213,0.7614,15.9148,163.071,159.716745,5.1489,63.458,7.033,426159.806688388,0.023,0
2026-07-23T11:13:45Z,4.798,24.0218,16.11,3.5798,0.213,0.7614,15.8695,163.042,159.669371,5.1725,64.665,6.9964,426974.9891778249,0.023,0
2026-07-23T11:13:45Z,4.804,23.991,16.11,3.5912,0.213,0.7614,15.809,162.99,159.596244,5.2077,65.986,6.9449,427190.0960193585,0.022,0
2026-07-23T11:13:45Z,4.809,23.9746,16.11,3.6256,0.213,0.7614,15.8846,162.956,159.533978,5.2628,67.231,6.954,427144.0604654679,0.021,0
2026-07-23T11:13:45Z,4.814,23.9659,16.2,3.5874,0.1704,0.7614,16.5946,162.958,159.502044,5.3429,68.231,6.9013,427127.1689404415,0.021,0
2026-07-23T11:13:45Z,4.82,23.9599,16.2,3.6027,0.1704,0.7614,17.6671,162.97,159.46988,5.4451,68.856,6.8535,427045.66326467093,0.02,0
2026-07-23T11:13:45Z,4.825,23.9531,16.2,3.595,0.1704,0.7614,17.6822,163.021,159.454963,5.5571,69.035,6.8445,427101.61307875597,0.02,0
2026-07-23T11:13:45Z,4.83,23.9444,16.2,3.5645,0.1704,0.7614,17.7124,163.136,159.477362,5.6628,68.766,6.8371,427459.14146492165,0.02,0
2026-07-23T11:13:45Z,4.834,23.934,16.2,3.595,0.1704,0.7614,17.6973,163.243,159.470895,5.7481,68.117,6.8356,427657.6104084877,0.02,0
2026-07-23T11:13:45Z,4.839,23.9205,16.2,3.6523,0.213,0.846,19.3893,163.276,159.377715,5.8022,67.206,6.806,427330.5031436551,0.02,0
2026-07-23T11:13:45Z,4.845,23.9006,16.2,3.6904,0.213,0.846,19.359,163.297,159.261152,5.8194,66.184,6.7764,426991.5647444641,0.021,0
2026-07-23T11:13:45Z,4.85,23.8729,16.2,3.6484,0.213,0.846,19.4195,163.396,159.21838,5.7996,65.193,6.6959,427343.7851787426,0.021,0
2026-07-23T11:13:45Z,4.856,23.8392,16.2,3.6408,0.213,0.846,19.3893,163.541,159.221954,5.7484,64.316,6.731,428157.47593069787,0.022,0
2026-07-23T11:13:45Z,4.862,23.8008,16.2,3.9231,0.213,0.6345,23.6644,163.625,159.168604,5.6755,63.578,6.6916,428689.1572075071,0.023,0
2026-07-23T11:13:45Z,4.867,23.7589,16.2,3.885,0.213,0.6345,23.4831,163.677,159.090194,5.5936,62.98,6.6524,429130.38673020405,0.024,0
2026-07-23T11:13:45Z,4.873,23.7161,16.2,3.9231,0.213,0.6345,23.5737,163.764,159.057997,5.5143,62.53,6.5963,429914.85418837925,0.025,0
2026-07-23T11:13:45Z,4.88,23.674,16.2,3.8811,0.213,0.6345,23.5284,163.82,158.995284,5.4444,62.225,6.5663,430472.29931264755,0.025,0
2026-07-23T11:13:45Z,4.886,23.6326,16.2,3.9498,0.213,0.7191,27.6676,163.853,158.889339,5.3862,62.033,6.4911,430712.8778086013,0.026,0
2026-07-23T11:13:45Z,4.893,23.5933,16.2,3.9727,0.213,0.7191,27.6676,163.975,158.844174,5.3395,61.935,6.4377,431328.37910786376,0.027,0
2026-07-23T11:13:45Z,4.9,23.5576,16.2,3.9384,0.213,0.7191,27.6676,164.16,158.84373,5.305,61.923,6.4112,432172.6381495724,0.028,0
2026-07-23T11:13:45Z,4.907,23.5222,16.2,3.9803,0.213,0.7191,27.728,164.337,158.827759,5.2827,61.982,6.3931,432903.0162335301,0.028,0
2026-07-23T11:13:45Z,4.915,23.4802,16.56,3.6294,0.1704,0.846,27.6072,164.503,158.810027,5.2706,62.102,6.2543,433780.31364626513,0.028,0
2026-07-23T11:13:45Z,4.922,23.4303,16.56,3.6942,0.1704,0.846,27.6827,164.633,158.785795,5.2673,62.27,6.2326,434803.49500540044,0.028,0
2026-07-23T11:13:45Z,4.929,23.3757,16.56,3.6561,0.1704,0.846,27.6676,164.701,158.734566,5.2717,62.465,6.1679,435752.32512503973,0.027,0
2026-07-23T11:13:45Z,4.936,23.3187,16.56,3.6484,0.1704,0.846,27.6525,164.743,158.68476,5.2825,62.686,6.2164,436772.1689873261,0.026,0
2026-07-23T11:13:45Z,4.943,23.2643,16.56,3.5798,0.1704,0.846,28.0755,164.784,158.657163,5.2981,62.955,6.1612,437890.30102717713,0.026,0
2026-07-23T11:13:45Z,4.949,23.2189,16.92,3.6027,0.213,0.7614,28.0906,164.801,158.624371,5.317,63.289,6.1532,438757.027097867,0.025,0
2026-07-23T11:13:45Z,4.955,23.1835,16.92,3.5874,0.213,0.7614,28.1812,164.785,158.569625,5.3373,63.686,6.1412,439226.6228614097,0.025,0
2026-07-23T11:13:45Z,4.961,23.156,16.92,3.6256,0.213,0.7614,28.0906,164.777,158.520411,5.3589,64.134,6.1039,439544.31822770677,0.024,0
2026-07-23T11:13:45Z,4.967,23.1354,16.92,3.5454,0.213,0.7614,27.8489,164.794,158.483644,5.384,64.613,6.0288,439783.2729847454,0.024,0
2026-07-23T11:13:45Z,4.973,23.1206,17.01,3.5569,0.213,0.8037,27.9395,164.77,158.393404,5.4141,65.079,5.9883,439499.37669385783,0.024,0
2026-07-23T11:13:45Z,4.979,23.1087,17.01,3.5454,0.213,0.8037,27.8035,164.698,158.247669,5.4492,65.466,5.9572,438748.92783881427,0.024,0
2026-07-23T11:13:45Z,4.985,23.0959,17.01,3.5264,0.213,0.8037,27.8791,164.652,158.133824,5.4889,65.726,5.9133,438248.00347101904,0.023,0
2026-07-23T11:13:45Z,4.991,23.0798,17.01,3.6713,0.213,0.8037,25.7189,164.642,158.075617,5.5316,65.839,5.8787,438223.8409287089,0.023,0
2026-07-23T11:13:45Z,4.997,23.0594,17.55,3.6713,0.213,0.8037,25.734,164.631,158.029469,5.5736,65.789,5.7849,438390.11813058757,0.022,0
2026-07-23T11:13:45Z,5.003,23.0362,17.55,3.6599,0.213,0.8037,25.598,164.656,158.005118,5.6092,65.56,5.7449,438780.3046381512,0.022,0
2026-07-23T11:13:45Z,5.008,23.0151,17.55,3.6599,0.213,0.8037,25.7642,164.728,157.99607,5.6337,65.163,5.8013,439229.30042878253,0.022,0
2026-07-23T11:13:45Z,5.013,23.0005,17.55,3.6217,0.213,0.8037,25.5225,164.749,157.907726,5.645,64.631,5.7262,438953.12167565466,0.022,0
2026-07-23T11:13:45Z,5.019,22.9895,17.55,3.6027,0.213,0.8037,25.5829,164.739,157.774635,5.6418,64.017,5.7875,438269.3891960887,0.022,0
2026-07-23T11:13:45Z,5.024,22.9748,17.91,3.5798,0.2556,0.7191,25.5225,164.786,157.705587,5.6237,63.387,5.684,438133.3885592267,0.022,0
2026-07-23T11:13:45Z,5.03,22.9511,17.91,3.6027,0.2556,0.7191,25.462,164.801,157.630059,5.5921,62.796,5.6791,438169.8453512065,0.023,0
2026-07-23T11:13:45Z,5.036,22.9184,17.91,3.4157,0.2556,0.7191,24.7067,164.722,157.481813,5.5499,62.285,5.6177,437904.9910535056,0.024,0
2026-07-23T11:13:45Z,5.042,22.8809,17.91,3.4157,0.2556,0.7191,24.752,164.672,157.369611,5.5011,61.896,5.6348,438014.5058658141,0.025,0
2026-07-23T11:13:45Z,5.049,22.8463,18.54,3.3929,0.2556,0.7614,24.7823,164.681,157.315634,5.4505,61.66,5.5125,438470.73033490754,0.025,0
2026-07-23T11:13:45Z,5.056,22.819,18.54,3.4081,0.2556,0.7614,24.6463,164.663,157.221323,5.4025,61.563,5.4838,438460.08292965137,0.025,0
2026-07-23T11:13:45Z,5.062,22.7969,18.54,3.473,0.2556,0.7614,25.4771,164.677,157.135671,5.3609,61.567,5.4411,438384.5833070254,0.025,0
2026-07-23T11:13:45Z,5.069,22.7773,18.54,3.4692,0.2556,0.7614,25.4318,164.813,157.156067,5.3294,61.649,5.3624,439009.67155652377,0.024,0
2026-07-23T11:13:45Z,5.075,22.7582,19.53,3.4806,0.2556,0.846,25.4318,164.968,157.195765,5.3111,61.798,5.3207,439762.44834529806,0.023,0
2026-07-23T11:13:45Z,5.081,22.7349,19.53,3.4653,0.2556,0.846,25.5225,165.048,157.165147,5.3051,62.02,5.2941,440112.90832490305,0.022,0
2026-07-23T11:13:45Z,5.087,22.7049,19.53,3.5416,0.2556,0.846,23.7852,165.111,157.126183,5.3085,62.348,5.254,440568.1089385514,0.022,0
2026-07-23T11:13:45Z,5.092,22.6718,19.53,3.5416,0.2556,0.846,23.7399,165.213,157.144628,5.3189,62.819,5.2517,441515.15592610714,0.021,0
2026-07-23T11:13:45Z,5.097,22.6388,20.7,3.5302,0.3408,0.8037,23.8457,165.311,157.185314,5.3352,63.428,5.2381,442623.2979560773,0.02,0
2026-07-23T11:13:45Z,5.102,22.6065,20.7,3.5264,0.3408,0.8037,23.6795,165.316,157.158895,5.3576,64.13,5.2655,443230.1722883943,0.02,0
2026-07-23T11:13:45Z,5.107,22.5766,20.7,3.7362,0.3408,0.8037,24.5859,165.239,157.068344,5.3891,64.863,5.2472,443312.92677027837,0.02,0
2026-07-23T11:13:45Z,5.112,22.5529,20.7,3.7019,0.3408,0.8037,24.4046,165.164,156.991716,5.4322,65.556,5.1848,443343.2428782417,0.021,0
2026-07-23T11:13:45Z,5.117,22.537,20.7,3.7209,0.3408,0.8037,24.5557,165.109,156.944647,5.4866,66.141,5.1066,443395.0935294571,0.021,0
2026-07-23T11:13:45Z,5.123,22.5275,22.59,3.7095,0.3408,0.8037,24.5103,165.029,156.878516,5.5483,66.559,5.0911,443149.7912856054,0.021,0
2026-07-23T11:13:45Z,5.129,22.5222,22.59,3.6523,0.3408,0.8037,26.9878,164.926,156.783705,5.6122,66.766,5.0734,442592.1549236783,0.021,0
2026-07-23T11:13:45Z,5.134,22.5206,22.59,3.6294,0.3408,0.8037,26.9727,164.906,156.749157,5.6724,66.761,5.0099,442380.8390328173,0.021,0
2026-07-23T11:13:45Z,5.14,22.5223,22.59,3.6599,0.3408,0.8037,26.9727,164.983,156.78369,5.7228,66.58,4.9697,442589.5675240579,0.02,0
2026-07-23T11:13:45Z,5.145,22.5253,23.58,3.6599,0.426,0.846,26.9274,164.983,156.734193,5.7586,66.257,4.9611,442156.01506282017,0.019,0
2026-07-23T11:13:45Z,5.15,22.5263,23.58,3.5302,0.426,0.846,28.3172,164.875,156.583457,5.7764,65.815,4.9321,441038.1371247141,0.018,0
2026-07-23T11:13:45Z,5.154,22.5214,23.58,3.534,0.426,0.846,28.3776,164.792,156.471633,5.7764,65.293,4.8958,440348.8217400516,0.017,0
2026-07-23T11:13:45Z,5.159,22.5099,23.58,3.5416,0.426,0.846,28.4531,164.756,156.427012,5.7621,64.731,4.8862,440308.77781270316,0.015,0
2026-07-23T11:13:45Z,5.162,22.4947,23.4,3.5149,0.426,0.846,28.3172,164.727,156.407637,5.7358,64.142,4.8555,440542.7232104443,0.013,0
2026-07-23T11:13:45Z,5.165,22.4802,23.4,3.4234,0.426,0.846,27.018,164.707,156.404337,5.6991,63.523,4.8545,440876.1817386506,0.011,0
2026-07-23T11:13:45Z,5.168,22.4701,23.4,3.4081,0.426,0.846,26.9274,164.683,156.398197,5.655,62.865,4.8545,441080.77667259553,0.01,0
2026-07-23T11:13:45Z,5.17,22.467,23.4,3.4081,0.426,0.846,26.9425,164.65,156.381572,5.6066,62.169,4.8303,441036.6327071029,0.008,0
2026-07-23T11:13:45Z,5.172,22.4694,23.4,3.4157,0.426,0.846,26.9123,164.644,156.3881,5.5554,61.449,4.8051,441024.7839297768,0.007,0
2026-07-23T11:13:45Z,5.174,22.4741,22.86,3.4005,0.426,0.846,24.5557,164.646,156.399485,5.5013,60.723,4.7957,440991.43329954596,0.006,0
2026-07-23T11:13:45Z,5.175,22.4792,22.86,3.4234,0.426,0.846,24.4197,164.583,156.346622,5.4438,60.018,4.8282,440482.36278868077,0.006,0
2026-07-23T11:13:45Z,5.177,22.4837,22.86,3.3929,0.426,0.846,24.5254,164.5,156.26952,5.3831,59.375,4.8135,439812.98550229124,0.005,0
2026-07-23T11:13:45Z,5.178,22.4873,22.86,3.4005,0.426,0.846,24.5557,164.476,156.243804,5.3204,58.845,4.7853,439538.28993317613,0.005,0
2026-07-23T11:13:45Z,5.179,22.4903,22.95,3.473,0.426,0.846,25.4318,164.461,156.224544,5.2572,58.46,4.7978,439325.18921551196,0.004,0
2026-07-23T11:13:45Z,5.18,22.4924,22.95,3.4463,0.426,0.846,25.462,164.416,156.170534,5.1959,58.222,4.7926,438882.97686275415,0.004,0
2026-07-23T11:13:45Z,5.18,22.493,22.95,3.473,0.426,0.846,25.5829,164.403,156.135503,5.1402,58.114,4.802,438615.01501205174,0.003,0
2026-07-23T11:13:45Z,5.181,22.4921,22.95,3.4577,0.426,0.846,25.4923,164.441,156.138162,5.0945,58.119,4.7739,438656.3095499629,0.003,0
2026-07-23T11:13:45Z,5.182,22.4905,22.77,3.3585,0.426,0.846,28.1208,164.459,156.115095,5.0613,58.21,4.7295,438528.8307207505,0.003,0
2026-07-23T11:13:45Z,5.183,22.4869,22.77,3.3204,0.426,0.846,28.2265,164.453,156.06015,5.041,58.344,4.7584,438220.0583531771,0.002,0
2026-07-23T11:13:45Z,5.184,22.4801,22.77,3.3509,0.426,0.846,28.0906,164.496,156.042834,5.0323,58.489,4.7511,438261.6119012102,0.002,0
2026-07-23T11:13:45Z,5.184,22.4702,22.77,3.3356,0.426,0.846,28.2265,164.583,156.062533,5.0337,58.626,4.7357,438646.81343468785,0.002,0
2026-07-23T11:13:45Z,5.185,22.4579,21.96,3.3509,0.3834,0.8883,29.2991,164.646,156.062378,5.0428,58.735,4.7739,438947.6429089687,0.002,0
2026-07-23T11:13:45Z,5.185,22.443,21.96,3.3585,0.3834,0.8883,29.1933,164.664,156.028299,5.0558,58.799,4.7439,439066.9980066463,0.001,0
2026-07-23T11:13:45Z,5.185,22.4251,21.96,3.3509,0.3834,0.8883,29.3293,164.65,155.973247,5.0701,58.814,4.747,439108.2469290974,0.001,0
2026-07-23T11:13:45Z,5.186,22.4061,21.96,3.3509,0.3834,0.8883,29.435,164.624,155.914602,5.0838,58.79,4.7316,439150.493765558,0.001,0
