DateTime,Depth_m,Temp_C,CDOM_ugL,Chla_ugL,Phycoerythrin_ugL,Phycocyanin_ugL,Turbidity_NTU,Cond_uScm,SpCond_uScm,DO_mgL,DOsat_percent,PAR,Salinity,DescRate_ms ,Flag
2026-08-14T13:42:50Z,-0.129,29.3513,0,0.2533,0.213,1.8189,0.763,153.289,163.116831,7.0216,93.605,946.82,341166.1975487535,0.16,0
2026-08-14T13:42:50Z,-0.085,28.9181,6.39,0.2533,0.3408,2.2419,0.7177,154.661,164.471978,7.0985,94.2,1588.8,356197.1799288531,0.157,0
2026-08-14T13:42:50Z,-0.041,28.6051,6.39,0.2648,0.3408,2.2419,0.7479,155.523,165.376847,7.1669,94.747,1543.9,367038.2915767853,0.149,0
2026-08-14T13:42:50Z,-0.001,28.3936,6.39,0.2876,0.3408,2.2419,0.5213,156.019,165.926397,7.2309,95.188,1562.1,374191.4765646001,0.137,0
2026-08-14T13:42:50Z,0.033,28.2674,6.39,0.2304,0.3408,2.2419,0.5213,156.297,166.243124,7.2909,95.495,1548.9,378461.838249882,0.122,0
2026-08-14T13:42:50Z,0.061,28.2066,6.21,0.2724,0.0426,-0.0423,0.4911,156.565,166.533785,7.3446,95.668,736.34,381348.837532314,0.105,0
2026-08-14T13:42:50Z,0.084,28.186,6.21,0.2495,0.0426,-0.0423,0.4911,156.952,166.948061,7.3895,95.724,530.14,384196.0768450373,0.089,0
2026-08-14T13:42:50Z,0.103,28.1833,6.21,0.3143,0.0426,-0.0423,0.6271,157.387,167.442046,7.4241,95.688,499.28,387177.2965564252,0.074,0
2026-08-14T13:42:50Z,0.119,28.1841,6.21,0.322,0.0426,-0.0423,0.5515,157.732,167.890845,7.4478,95.593,474.32,389833.35608924826,0.062,0
2026-08-14T13:42:50Z,0.133,28.1821,6.21,0.3143,0.0426,-0.0423,0.5213,157.952,168.273795,7.4615,95.482,387.45,392162.29034750286,0.052,0
2026-08-14T13:42:50Z,0.144,28.1809,6.93,0.3182,0.0852,0.2538,0.5817,158.094,168.632875,7.466,95.385,1672.7,394340.2874159978,0.045,0
2026-08-14T13:42:50Z,0.154,28.1892,6.93,0.383,0.0852,0.2538,0.4911,158.192,168.96962,7.462,95.318,1110.5,396198.30139643815,0.039,0
2026-08-14T13:42:50Z,0.162,28.2143,6.93,0.3945,0.0852,0.2538,0.5213,158.25,169.255547,7.4513,95.281,1507.1,397412.1157536943,0.035,0
2026-08-14T13:42:50Z,0.17,28.261,6.93,0.3754,0.0852,0.2538,0.5969,158.259,169.468665,7.4365,95.268,1239.4,397747.3719006346,0.032,0
2026-08-14T13:42:50Z,0.178,28.3266,6.84,0.3563,0.0426,0.1692,0.4911,158.223,169.603659,7.4204,95.268,2151.4,397227.26529167587,0.029,0
2026-08-14T13:42:50Z,0.186,28.3996,6.84,0.4021,0.0426,0.1692,0.476,158.132,169.644404,7.4056,95.274,1245.8,395993.16061729466,0.027,0
2026-08-14T13:42:50Z,0.192,28.4705,6.84,0.4021,0.0426,0.1692,0.4458,157.969,169.567685,7.3935,95.282,1230,394104.936661806,0.025,0
2026-08-14T13:42:50Z,0.198,28.5346,6.84,0.3639,0.0426,0.1692,0.5364,157.764,169.399165,7.3841,95.291,392.61,391817.1901471015,0.023,0
2026-08-14T13:42:50Z,0.204,28.5896,6.75,0.3754,0.0426,0.2115,0.5364,157.604,169.224244,7.377,95.296,834.16,389685.5989432096,0.02,0
2026-08-14T13:42:50Z,0.208,28.6334,6.75,0.4097,0.0426,0.2115,0.5364,157.602,169.164699,7.3718,95.301,1366.1,388466.6399462941,0.018,0
2026-08-14T13:42:50Z,0.213,28.6644,6.75,0.4212,0.0426,0.2115,0.5213,157.809,169.300888,7.3684,95.309,2002,388657.3915522666,0.016,0
2026-08-14T13:42:50Z,0.217,28.6808,6.75,0.3945,0.0426,0.2115,0.5213,158.151,169.592924,7.367,95.322,624.79,390056.7395675735,0.015,0
2026-08-14T13:42:50Z,0.22,28.6799,6.75,0.4135,0.0426,0.2115,0.4307,158.497,169.922179,7.3675,95.336,1050.2,392023.1475749356,0.013,0
2026-08-14T13:42:50Z,0.224,28.6618,6.93,0.3372,0.0426,0.1692,0.5062,158.761,170.191984,7.3702,95.344,460.11,393986.70383233327,0.011,0
2026-08-14T13:42:50Z,0.226,28.6345,6.93,0.3105,0.0426,0.1692,0.5666,158.933,170.390069,7.3744,95.344,351.05,395714.93684440304,0.009,0
2026-08-14T13:42:50Z,0.228,28.611,6.93,0.3258,0.0426,0.1692,0.4911,159.049,170.557225,7.3784,95.334,283.9,397187.68555317854,0.008,0
2026-08-14T13:42:50Z,0.23,28.5977,6.93,0.3449,0.0426,0.1692,0.5666,159.13,170.711964,7.3811,95.319,296.51,398383.7144132594,0.006,0
2026-08-14T13:42:50Z,0.231,28.5934,6.84,0.3754,0.1278,0.1692,0.5364,159.17,170.823367,7.3824,95.304,268.83,399139.32731653686,0.005,0
2026-08-14T13:42:50Z,0.232,28.5974,6.84,0.3639,0.1278,0.1692,0.3854,159.153,170.85297,7.3818,95.292,309.54,399235.75799738517,0.004,0
2026-08-14T13:42:50Z,0.233,28.6111,6.84,0.3716,0.1278,0.1692,0.4156,159.12,170.832736,7.3793,95.281,306.8,398836.09764186444,0.004,0
2026-08-14T13:42:50Z,0.234,28.6322,6.84,0.4021,0.1278,0.1692,0.5364,159.163,170.867556,7.3754,95.271,337.51,398616.7819878134,0.003,0
2026-08-14T13:42:50Z,0.235,28.6539,6.93,0.3792,0.0852,0.1269,0.4307,159.321,171.018846,7.3714,95.265,362.52,399083.40619198413,0.003,0
2026-08-14T13:42:50Z,0.235,28.669,6.93,0.3716,0.0852,0.1269,0.5213,159.535,171.238717,7.3685,95.263,304.41,400095.5484621354,0.002,0
2026-08-14T13:42:50Z,0.236,28.6738,6.93,0.3983,0.0852,0.1269,0.5213,159.732,171.451449,7.367,95.263,372.58,401275.7933830735,0.002,0
2026-08-14T13:42:50Z,0.236,28.6702,6.93,0.3754,0.0852,0.1269,0.4911,159.887,171.62554,7.3668,95.265,414.8,402397.06114762404,0.002,0
2026-08-14T13:42:50Z,0.236,28.6644,6.84,0.3563,0.0852,0,0.4911,159.995,171.755275,7.3671,95.267,481.07,403297.917040969,0.001,0
2026-08-14T13:42:50Z,0.237,28.6613,6.84,0.4021,0.0852,0,0.5515,160.055,171.841162,7.3673,95.267,404.65,403879.8967941238,0.001,0
2026-08-14T13:42:50Z,0.237,28.6616,6.84,0.383,0.0852,0,0.4911,160.069,171.882039,7.3673,95.266,452.47,404120.59826601105,0.001,0
2026-08-14T13:42:50Z,0.237,28.664,6.84,0.3716,0.0852,0,0.4005,160.054,171.890816,7.3671,95.265,337.14,404124.2890542119,0.001,0
2026-08-14T13:42:50Z,0.238,28.6684,6.84,0.3792,0.0852,0,0.5969,160.06,171.921974,7.3667,95.263,498.19,404222.05669727584,0.001,0
2026-08-14T13:42:50Z,0.238,28.6749,6.84,0.3945,0.0852,0.2115,0.4609,160.126,172.019916,7.3658,95.259,377.39,404680.1558946217,0.001,0
2026-08-14T13:42:50Z,0.238,28.683,6.84,0.3945,0.0852,0.2115,0.5213,160.215,172.154611,7.3647,95.252,400.72,405327.7649203944,0.001,0
2026-08-14T13:42:50Z,0.238,28.691,6.84,0.3792,0.0852,0.2115,0.612,160.274,172.265723,7.3636,95.245,812.34,405835.1042411018,0,0
2026-08-14T13:42:50Z,0.238,28.6985,6.84,0.4021,0.0852,0.2115,0.4609,160.29,172.332753,7.3625,95.239,640.6,406086.0733841235,0,0
2026-08-14T13:42:50Z,0.238,28.7071,6.84,0.4479,0,0.1692,0.5213,160.294,172.383603,7.3611,95.234,692.27,406216.38139313983,0,0
2026-08-14T13:42:50Z,0.238,28.7191,6.84,0.4669,0,0.1692,0.5817,160.305,172.435848,7.359,95.226,713.04,406284.90791928524,0,0
2026-08-14T13:42:50Z,0.238,28.7341,6.84,0.4364,0,0.1692,0.5364,160.283,172.451281,7.3565,95.218,433.13,406068.74271681736,0,0
2026-08-14T13:42:50Z,0.238,28.7497,6.84,0.4402,0,0.1692,0.5515,160.206,172.403939,7.354,95.21,328.82,405460.9997945606,0,0
2026-08-14T13:42:50Z,0.238,28.764,6.84,0.3754,0.0426,0.0846,0.5515,160.146,172.369434,7.3518,95.202,354.5,404958.3652259796,0.001,0
2026-08-14T13:42:50Z,0.238,28.7769,6.84,0.3754,0.0426,0.0846,0.5364,160.158,172.41076,7.3495,95.196,356.66,404942.5212735681,0.002,0
2026-08-14T13:42:50Z,0.238,28.789,6.84,0.3754,0.0426,0.0846,0.5062,160.157,172.442678,7.3473,95.196,350.59,404886.36101831537,0.003,0
2026-08-14T13:42:50Z,0.239,28.8,6.84,0.3754,0.0426,0.0846,0.4911,160.073,172.399502,7.3453,95.208,335.61,404400.1361247228,0.004,0
2026-08-14T13:42:50Z,0.24,28.8095,6.84,0.3906,0.0426,0.0846,0.5213,159.974,172.355952,7.3435,95.233,295.54,403942.9615230379,0.005,0
2026-08-14T13:42:50Z,0.241,28.8182,7.29,0.3754,0.0426,0.6345,0.4156,159.899,172.358572,7.3419,95.271,343.43,403780.45130962407,0.007,0
2026-08-14T13:42:50Z,0.243,28.8288,7.29,0.3868,0.0426,0.6345,0.5666,159.785,172.349907,7.3406,95.317,364.73,403511.25009937095,0.008,0
2026-08-14T13:42:50Z,0.245,28.8435,7.29,0.3716,0.0426,0.6345,0.4458,159.599,172.297572,7.3395,95.37,380.77,402896.0279270687,0.009,0
2026-08-14T13:42:50Z,0.248,28.8632,7.29,0.4173,0.0426,0.6345,0.4458,159.391,172.227729,7.339,95.426,342.76,402074.73241456127,0.011,0
2026-08-14T13:42:50Z,0.251,28.8893,6.93,0.4173,0.0426,0.0846,0.5969,159.24,172.19797,7.3386,95.481,304.21,401364.8985138871,0.012,0
2026-08-14T13:42:50Z,0.254,28.9253,6.93,0.3792,0.0426,0.0846,0.5213,159.186,172.238469,7.3375,95.536,322.38,400875.55638903996,0.013,0
2026-08-14T13:42:50Z,0.257,28.9715,6.93,0.3868,0.0426,0.0846,0.4911,159.185,172.301875,7.3356,95.594,403.69,400317.1636799983,0.014,0
2026-08-14T13:42:50Z,0.261,29.0203,6.93,0.3945,0.0426,0.0846,0.5364,159.188,172.350952,7.3337,95.656,300.86,399622.12968183175,0.014,0
2026-08-14T13:42:50Z,0.265,29.062,6.93,0.3754,0.0426,0.2538,0.5515,159.189,172.398786,7.3326,95.716,350.82,399064.7441766934,0.014,0
2026-08-14T13:42:50Z,0.269,29.0927,6.93,0.4097,0.0426,0.2538,0.4458,159.192,172.466153,7.3329,95.771,361.65,398846.14445619774,0.014,0
2026-08-14T13:42:50Z,0.273,29.1132,6.93,0.3601,0.0426,0.2538,0.4911,159.197,172.556984,7.3348,95.817,300.53,398972.55579322844,0.013,0
2026-08-14T13:42:50Z,0.277,29.1273,6.93,0.4288,0.0426,0.2538,0.5969,159.188,172.655394,7.3376,95.85,310.42,399272.8748448219,0.012,0
2026-08-14T13:42:50Z,0.28,29.1421,6.93,0.3868,0.0426,0.2538,0.4911,159.15,172.733489,7.3403,95.871,334.88,399438.333717519,0.01,0
2026-08-14T13:42:50Z,0.282,29.1623,6.93,0.3983,0.0426,0.3807,0.5817,159.088,172.776005,7.342,95.881,243.05,399283.5591077645,0.008,0
2026-08-14T13:42:50Z,0.284,29.1891,6.93,0.3868,0.0426,0.3807,0.612,159.038,172.80231,7.3421,95.879,296.83,398899.8741896876,0.006,0
2026-08-14T13:42:50Z,0.285,29.2229,6.93,0.3716,0.0426,0.3807,0.4911,159.032,172.847498,7.3403,95.868,255.83,398487.9068842777,0.004,0
2026-08-14T13:42:50Z,0.286,29.2607,6.93,0.383,0.0426,0.3807,0.612,159.064,172.919609,7.3371,95.848,285.14,398155.61101330724,0.002,0
2026-08-14T13:42:50Z,0.286,29.2952,6.93,0.4059,0.0426,0.2115,0.5969,159.098,172.991747,7.3335,95.819,292.1,397890.1353692232,0.001,0
2026-08-14T13:42:50Z,0.286,29.3204,6.93,0.4059,0.0426,0.2115,0.4458,159.109,173.041036,7.3301,95.785,288.81,397676.355799632,-0.001,0
2026-08-14T13:42:50Z,0.286,29.3366,6.93,0.3906,0.0426,0.2115,0.4911,159.103,173.06859,7.3271,95.745,293.5,397514.6650390254,-0.003,0
2026-08-14T13:42:50Z,0.285,29.3483,6.93,0.3868,0.0426,0.2115,0.5213,159.073,173.06371,7.3241,95.698,262.02,397251.83689976484,-0.005,0
2026-08-14T13:42:50Z,0.283,29.3594,6.84,0.3792,0.0426,0.2538,0.4609,159.011,173.013062,7.3205,95.641,263.34,396731.57293791923,-0.006,0
2026-08-14T13:42:50Z,0.281,29.3709,6.84,0.4212,0.0426,0.2538,0.476,158.958,172.955285,7.3164,95.574,243.47,396162.020935197,-0.008,0
2026-08-14T13:42:50Z,0.279,29.3817,6.84,0.3792,0.0426,0.2538,0.5213,158.969,172.953183,7.312,95.506,254.89,395934.45239536086,-0.008,0
2026-08-14T13:42:50Z,0.276,29.3906,6.84,0.3792,0.0426,0.2538,0.4458,159.025,173.000176,7.3073,95.452,273.07,396033.49540526926,-0.008,0
2026-08-14T13:42:50Z,0.273,29.3959,6.93,0.4212,0.0852,0.2538,0.4911,159.052,173.028574,7.3022,95.419,264.71,396094.8944633306,-0.007,0
2026-08-14T13:42:50Z,0.271,29.3958,6.93,0.3792,0.0852,0.2538,0.5213,159.02,173.007846,7.2971,95.407,291.46,395975.01433190604,-0.006,0
2026-08-14T13:42:50Z,0.27,29.3914,6.93,0.383,0.0852,0.2538,0.2041,158.955,172.96255,7.2925,95.41,276.29,395796.35823534796,-0.005,0
2026-08-14T13:42:50Z,0.269,29.3871,6.93,0.3792,0.0852,0.2538,0.3249,158.908,172.94077,7.2889,95.424,304.54,395753.94271115755,-0.004,0
2026-08-14T13:42:50Z,0.269,29.3868,6.93,0.3754,0.0852,0.2538,0.2645,158.905,172.970794,7.2865,95.445,288.38,395936.42590285017,-0.002,0
2026-08-14T13:42:50Z,0.268,29.3913,6.93,0.3754,0.0426,0.2115,0.2494,158.927,173.028542,7.285,95.471,333.14,396186.36746606324,-0.001,0
2026-08-14T13:42:50Z,0.268,29.399,6.93,0.4364,0.0426,0.2115,0.5817,158.943,173.077275,7.2843,95.498,248.22,396319.5293435299,-0.001,0
2026-08-14T13:42:50Z,0.268,29.4084,6.93,0.4708,0.0426,0.2115,0.5062,158.949,173.109936,7.2842,95.522,292.67,396324.2567651125,0,0
2026-08-14T13:42:50Z,0.269,29.4189,6.93,0.4517,0.0426,0.2115,0.5062,158.951,173.13323,7.2845,95.539,263.74,396251.9829687365,0,0
2026-08-14T13:42:50Z,0.269,29.4296,7.02,0.4402,0.0426,0.0846,0.4911,158.952,173.151364,7.2851,95.554,288.88,396145.4288278986,0.001,0
2026-08-14T13:42:50Z,0.269,29.4394,7.02,0.3716,0.0426,0.0846,0.5213,158.953,173.169175,7.2859,95.564,269.94,396054.9453103463,0.001,0
2026-08-14T13:42:50Z,0.27,29.4474,7.02,0.3792,0.0426,0.0846,0.5062,158.954,173.185397,7.2867,95.567,307.07,395990.9903008586,0,0
2026-08-14T13:42:50Z,0.27,29.4541,7.02,0.3906,0.0426,0.0846,0.4609,158.949,173.194328,7.2872,95.568,312.72,395910.1108846128,0,0
2026-08-14T13:42:50Z,0.27,29.4597,7.02,0.4021,0.0852,0.2538,0.612,158.935,173.19434,7.2876,95.57,265.46,395798.7819860389,-0,0
2026-08-14T13:42:50Z,0.269,29.4648,7.02,0.3906,0.0852,0.2538,0.4156,158.9,173.169394,7.2877,95.574,314.97,395550.98390083655,-0,0
2026-08-14T13:42:50Z,0.269,29.4696,7.02,0.3639,0.0852,0.2538,0.4911,158.806,173.080749,7.2873,95.579,264.66,394935.8329456691,0,0
2026-08-14T13:42:50Z,0.27,29.4744,7.02,0.4097,0.0852,0.2538,0.612,158.63,172.900759,7.2867,95.587,296.96,393786.7801618078,0,0
2026-08-14T13:42:50Z,0.27,29.479,7.02,0.4212,0.0852,0.2538,0.4156,158.354,172.609501,7.2863,95.596,276.11,391994.5408031835,0,0
2026-08-14T13:42:50Z,0.27,29.4836,6.93,0.4593,0.0426,0.3807,0.5062,157.916,172.141341,7.286,95.6,304.81,389179.4827291684,-0.001,0
2026-08-14T13:42:50Z,0.27,29.4879,6.93,0.4364,0.0426,0.3807,0.5817,157.205,171.377452,7.2859,95.593,323.65,384675.7756011814,-0.001,0
2026-08-14T13:42:50Z,0.269,29.4918,6.93,0.4326,0.0426,0.3807,0.476,156.064,170.150229,7.286,95.575,289.25,377565.8584772948,-0.002,0
2026-08-14T13:42:50Z,0.268,29.4953,6.93,0.4593,0.0426,0.3807,0.5062,154.247,168.190571,7.2863,95.551,300.14,366432.40611277637,-0.003,0
2026-08-14T13:42:50Z,0.267,29.499,7.02,0.4631,0.0426,0.0846,0.5364,151.296,165.003977,7.2861,95.528,313.47,348798.8070549306,-0.004,0
2026-08-14T13:42:50Z,0.266,29.5041,7.02,0.4364,0.0426,0.0846,0.4609,146.385,159.700581,7.285,95.506,322.24,320642.24810730986,-0.004,0
2026-08-14T13:42:50Z,0.265,29.5115,7.02,0.4593,0.0426,0.0846,0.5213,138.167,150.822026,7.2826,95.477,309.68,276728.8823240137,-0.005,0
2026-08-14T13:42:50Z,0.264,29.5221,7.02,0.444,0.0426,0.0846,0.5062,124.547,136.06287,7.2795,95.44,335.61,212311.34805245712,-0.006,0
2026-08-14T13:42:50Z,0.263,29.5381,6.93,0.3678,0,0.1692,0.4911,102.094,111.607682,7.2757,95.401,267.78,127603.56965054489,-0.007,0
2026-08-14T13:42:50Z,0.261,29.5646,6.93,0.3868,0,0.1692,0.5213,64.915,70.947126,7.2707,95.362,327.54,40090.89879886779,-0.008,0
2026-08-14T13:42:50Z,0.258,29.6078,6.93,0.3906,0,0.1692,0.6271,3.072,3.178233,7.2631,95.319,278.95,95.34063225309933,-0.009,0
2026-08-14T13:42:50Z,0.256,29.6651,6.93,0.3792,0,0.1692,0.4156,-99.947,-109.784741,7.2531,95.275,281.63,NA,-0.009,0
2026-08-14T13:42:50Z,0.253,29.7209,6.93,0.2686,0,0.1269,0.5666,-271.602,-298.041193,7.2431,95.234,293.3,NA,-0.009,0
2026-08-14T13:42:50Z,0.251,29.761,6.93,0.2724,0,0.1269,0.5515,-378.892,-415.674419,7.2352,95.207,316.41,NA,-0.009,0
2026-08-14T13:42:50Z,0.248,29.7851,6.93,0.2571,0,0.1269,0.5817,-271.669,-297.974959,7.229,95.196,306.4,NA,-0.007,0
2026-08-14T13:42:50Z,0.246,29.8024,6.93,0.2686,0,0.1269,0.3552,-100.105,-109.702784,7.2236,95.197,350.51,NA,-0.005,0
2026-08-14T13:42:50Z,0.245,29.8212,6.93,0.2648,0,0.1269,0.5213,2.8,3.229601,7.2184,95.209,297.61,96.78883608915936,-0.003,0
2026-08-14T13:42:50Z,0.245,29.8435,6.93,0.2724,0.0426,0.0846,0.6422,64.518,70.961563,7.2136,95.23,267.31,39570.00164530514,-0.002,0
2026-08-14T13:42:50Z,0.245,29.8656,6.93,0.2648,0.0426,0.0846,0.5515,101.547,111.597074,7.2099,95.258,278.88,125514.22343960663,0,0
2026-08-14T13:42:50Z,0.246,29.8835,6.93,0.2724,0.0426,0.0846,0.4911,123.785,136.000346,7.2076,95.293,289.25,208271.76067761853,0.001,0
2026-08-14T13:42:50Z,0.246,29.8958,6.93,0.2457,0.0426,0.0846,0.5062,137.153,150.670894,7.2068,95.329,282.18,270766.79423065734,0.002,0
2026-08-14T13:42:50Z,0.247,29.9034,7.02,0.2648,0.0426,0.2115,0.476,145.191,159.492791,7.2073,95.363,231.8,313252.7884022392,0.003,0
2026-08-14T13:42:50Z,0.247,29.9076,7.02,0.2724,0.0426,0.2115,0.5515,150.027,164.800494,7.2089,95.392,263.22,340658.45637949184,0.003,0
2026-08-14T13:42:50Z,0.248,29.9097,7.02,0.28,0.0426,0.2115,0.5364,152.94,167.997357,7.2113,95.411,242.99,357852.5088936553,0.003,0
2026-08-14T13:42:50Z,0.249,29.9111,7.02,0.2991,0.0426,0.2115,0.4609,154.696,169.923845,7.2138,95.421,233.52,368461.45376940013,0.002,0
2026-08-14T13:42:50Z,0.25,29.9123,7.02,0.2648,0.0426,0.2115,0.5515,155.755,171.085667,7.2162,95.424,238.34,374944.2339341916,0.002,0
2026-08-14T13:42:50Z,0.25,29.9133,7.02,0.2648,0.0426,0.2115,0.4609,156.391,171.780609,7.2183,95.421,242.25,378849.45951689617,0.001,0
2026-08-14T13:42:50Z,0.25,29.9137,7.02,0.2495,0.0426,0.2115,0.5213,156.764,172.185968,7.2197,95.415,273.07,381142.2068938292,0.001,0
2026-08-14T13:42:50Z,0.25,29.9137,7.02,0.2304,0.0426,0.2115,0.5515,156.98,172.417861,7.2205,95.408,248.6,382461.96587624005,0.001,0
2026-08-14T13:42:50Z,0.25,29.9134,7.02,0.2609,0.0426,0.2115,0.5817,157.11,172.554168,7.2207,95.406,279.55,383244.7599235325,0.001,0
2026-08-14T13:42:50Z,0.251,29.9127,6.93,0.2419,0.0426,0,0.5062,157.199,172.643271,7.2206,95.411,230.04,383766.6510876086,0.001,0
2026-08-14T13:42:50Z,0.251,29.9116,6.93,0.2724,0.0426,0,0.5062,157.26,172.700909,7.2202,95.42,236.69,384116.89228680707,0.001,0
2026-08-14T13:42:50Z,0.252,29.9099,6.93,0.2648,0.0426,0,0.5364,157.292,172.726407,7.2199,95.428,254.84,384295.1713460899,0.001,0
2026-08-14T13:42:50Z,0.252,29.9077,6.93,0.2648,0.0426,0,0.5515,157.315,172.738598,7.22,95.434,209.34,384407.0459173683,0.001,0
2026-08-14T13:42:50Z,0.253,29.9051,6.93,0.2495,0.0852,0.0846,0.5515,157.346,172.760785,7.2207,95.434,247.09,384583.7758894745,0.001,0
2026-08-14T13:42:50Z,0.253,29.9022,6.93,0.2381,0.0852,0.0846,0.5062,157.383,172.790862,7.2218,95.431,227.86,384811.46327614423,0.001,0
2026-08-14T13:42:50Z,0.253,29.8989,6.93,0.2609,0.0852,0.0846,0.5213,157.412,172.816796,7.2228,95.431,237.56,385023.2390530652,0.001,0
2026-08-14T13:42:50Z,0.253,29.895,6.93,0.2762,0.0852,0.0846,0.5364,157.431,172.833468,7.2237,95.434,237.92,385193.6321502292,0,0
2026-08-14T13:42:50Z,0.253,29.891,6.93,0.2686,0.0426,0.2538,0.4911,157.437,172.837303,7.2242,95.437,234.38,385292.5173014928,0,0
2026-08-14T13:42:50Z,0.253,29.8878,6.93,0.2495,0.0426,0.2538,0.5213,157.432,172.829325,7.2244,95.441,240.31,385308.39400222944,0,0
2026-08-14T13:42:50Z,0.253,29.8858,6.93,0.2533,0.0426,0.2538,0.612,157.418,172.811417,7.2247,95.447,218.02,385244.3274883098,0,0
2026-08-14T13:42:50Z,0.253,29.8846,6.93,0.2724,0.0426,0.2538,0.5515,157.396,172.782813,7.225,95.452,226.52,385103.6447718865,0,0
2026-08-14T13:42:50Z,0.253,29.8838,6.93,0.2686,0.0426,0.2538,0.4911,157.377,172.755941,7.2254,95.455,249.68,384965.2109975566,0,0
2026-08-14T13:42:50Z,0.254,29.883,7.02,0.2266,0.0426,0.1692,0.4911,157.381,172.751709,7.2258,95.454,235.15,384956.36670800636,0.001,0
2026-08-14T13:42:50Z,0.254,29.882,7.02,0.28,0.0426,0.1692,0.5666,157.412,172.77701,7.2263,95.452,249.52,385120.41897656024,0.001,0
2026-08-14T13:42:50Z,0.254,29.8807,7.02,0.2838,0.0426,0.1692,0.4911,157.445,172.806504,7.2269,95.455,240.16,385314.3040580711,0.001,0
2026-08-14T13:42:50Z,0.254,29.8787,7.02,0.2648,0.0426,0.1692,0.5213,157.454,172.811957,7.2274,95.462,228.45,385384.01840912143,0.001,0
2026-08-14T13:42:50Z,0.255,29.876,6.93,0.2648,0.0852,0.1269,0.5515,157.447,172.798836,7.2276,95.47,228.75,385360.82155360054,0.001,0
2026-08-14T13:42:50Z,0.255,29.8733,6.93,0.2419,0.0852,0.1269,0.4458,157.439,172.783695,7.2278,95.473,230.44,385326.05247402337,0.001,0
2026-08-14T13:42:50Z,0.255,29.8712,6.93,0.2075,0.0852,0.1269,0.6573,157.436,172.774529,7.2283,95.473,225.69,385313.95979060704,0.001,0
2026-08-14T13:42:50Z,0.256,29.8696,6.93,0.2113,0.0852,0.1269,0.5364,157.436,172.768892,7.229,95.474,245.06,385312.4586990105,0.001,0
2026-08-14T13:42:50Z,0.256,29.868,7.02,0.177,0.0852,0.0846,0.3703,157.435,172.765282,7.2298,95.478,224.56,385322.56892413954,0.001,0
2026-08-14T13:42:50Z,0.256,29.8661,7.02,0.1999,0.0852,0.0846,0.5062,157.435,172.762736,7.2303,95.484,251.43,385344.5485610892,0.001,0
2026-08-14T13:42:50Z,0.256,29.864,7.02,0.1999,0.0852,0.0846,0.612,157.432,172.756563,7.2306,95.489,208.84,385349.6000203278,0.001,0
2026-08-14T13:42:50Z,0.257,29.8624,7.02,0.2037,0.0852,0.0846,0.4005,157.433,172.75314,7.2309,95.493,244.64,385360.7833231113,0.001,0
2026-08-14T13:42:50Z,0.257,29.8614,7.02,0.1923,0.0426,0.0846,0.4609,157.439,172.755564,7.2313,95.495,231.15,385393.9199552167,0.001,0
2026-08-14T13:42:50Z,0.257,29.8607,7.02,0.2075,0.0426,0.0846,0.5062,157.439,172.752449,7.2318,95.496,211.95,385389.5460884363,0.002,0
2026-08-14T13:42:50Z,0.258,29.8597,7.02,0.2113,0.0426,0.0846,0.5515,157.425,172.734943,7.2324,95.5,218.4,385308.49252912577,0.002,0
2026-08-14T13:42:50Z,0.258,29.8584,7.02,0.1923,0.0426,0.0846,0.5515,157.405,172.710408,7.2328,95.504,223.1,385192.9536286278,0.002,0
2026-08-14T13:42:50Z,0.259,29.8571,7.02,0.1999,0.0426,0.0846,0.5817,157.388,172.688346,7.2331,95.506,216.7,385091.59342433576,0.002,0
2026-08-14T13:42:50Z,0.259,29.8561,7.02,0.2075,0.0852,0.2538,0.5515,157.376,172.670897,7.2333,95.507,222.62,385010.89297095477,0.002,0
2026-08-14T13:42:50Z,0.26,29.8554,7.02,0.2571,0.0852,0.2538,0.5817,157.375,172.665437,7.2337,95.511,227.36,384993.08584532,0.002,0
2026-08-14T13:42:50Z,0.26,29.8547,7.02,0.2609,0.0852,0.2538,0.5515,157.388,172.674522,7.2341,95.518,214.59,385058.5796344522,0.001,0
2026-08-14T13:42:50Z,0.261,29.8538,7.02,0.2648,0.0852,0.2538,0.5213,157.401,172.684531,7.2343,95.525,217.5,385133.22243815986,0.001,0
2026-08-14T13:42:50Z,0.261,29.8524,7.02,0.2609,0.0426,0.0846,0.476,157.398,172.678079,7.2346,95.529,229.4,385123.1966594964,0.001,0
2026-08-14T13:42:50Z,0.261,29.8507,7.02,0.3029,0.0426,0.0846,0.5666,157.381,172.657457,7.2351,95.53,221.32,385037.77488182316,0.001,0
2026-08-14T13:42:50Z,0.261,29.8491,7.02,0.2533,0.0426,0.0846,0.5213,157.365,172.637218,7.2358,95.53,205.24,384952.629131312,0.002,0
2026-08-14T13:42:50Z,0.261,29.8478,7.02,0.2724,0.0426,0.0846,0.5666,157.348,172.615977,7.2365,95.53,227.06,384855.98343074217,0.002,0
2026-08-14T13:42:50Z,0.262,29.8469,6.93,0.2648,0.0426,0.1692,0.4911,157.324,172.584058,7.2369,95.53,214.27,384690.5239565537,0.003,0
2026-08-14T13:42:50Z,0.262,29.8462,6.93,0.2495,0.0426,0.1692,0.5515,157.288,172.53696,7.2371,95.534,232.71,384434.3885891687,0.003,0
2026-08-14T13:42:50Z,0.263,29.8454,6.93,0.2342,0.0426,0.1692,0.5213,157.244,172.478167,7.2372,95.547,218.64,384113.3710297975,0.004,0
2026-08-14T13:42:50Z,0.264,29.8444,6.93,0.2838,0.0426,0.1692,0.5364,157.192,172.408044,7.2373,95.571,237.61,383731.56965047034,0.006,0
2026-08-14T13:42:50Z,0.266,29.8428,6.93,0.2648,0.0426,0.1692,0.4156,157.129,172.325937,7.2376,95.613,211.54,383293.0107152576,0.007,0
2026-08-14T13:42:50Z,0.268,29.8405,7.11,0.2724,0.0426,0.2961,0.5213,157.05,172.230005,7.2382,95.672,229.59,382789.195201844,0.008,0
2026-08-14T13:42:50Z,0.27,29.837,7.11,0.2571,0.0426,0.2961,0.4911,156.938,172.108701,7.2395,95.739,201.49,382163.9417985069,0.009,0
2026-08-14T13:42:50Z,0.273,29.8329,7.11,0.2533,0.0426,0.2961,0.5213,156.804,171.973796,7.2419,95.804,221.56,381473.16982762085,0.009,0
2026-08-14T13:42:50Z,0.276,29.8287,7.11,0.2609,0.0426,0.2961,0.5817,156.685,171.859503,7.2456,95.854,199.09,380902.27458839834,0.009,0
2026-08-14T13:42:50Z,0.279,29.8258,7.02,0.2648,0.0426,0.1692,0.5062,156.614,171.795506,7.2504,95.884,210.62,380593.2213763472,0.007,0
2026-08-14T13:42:50Z,0.281,29.8261,7.02,0.28,0.0426,0.1692,0.4458,156.598,171.786799,7.2555,95.893,190.38,380537.9745556419,0.006,0
2026-08-14T13:42:50Z,0.282,29.8299,7.02,0.2686,0.0426,0.1692,0.5515,156.612,171.806996,7.2599,95.886,184.75,380580.62404884154,0.004,0
2026-08-14T13:42:50Z,0.282,29.8352,7.02,0.2419,0.0426,0.1692,0.4911,156.632,171.831402,7.2631,95.864,170.96,380618.6899598835,0.002,0
2026-08-14T13:42:50Z,0.283,29.8396,6.93,0.2686,0.0426,0.0846,0.3854,156.65,171.850485,7.2647,95.836,188.77,380643.58061578084,0.001,0
2026-08-14T13:42:50Z,0.282,29.8424,6.93,0.2762,0.0426,0.0846,0.5817,156.656,171.855296,7.2651,95.814,168.13,380617.70435542474,0,0
2026-08-14T13:42:50Z,0.282,29.8439,6.93,0.2571,0.0426,0.0846,0.476,156.645,171.839095,7.2644,95.801,176.43,380497.0388907352,0,0
2026-08-14T13:42:50Z,0.283,29.8446,6.93,0.2838,0.0426,0.0846,0.4911,156.618,171.805585,7.2626,95.792,146.61,380293.1923512494,0,0
2026-08-14T13:42:50Z,0.283,29.8447,7.11,0.1885,0.0426,0.1269,0.4609,156.582,171.763875,7.2606,95.784,181.02,380054.20824377734,0,0
2026-08-14T13:42:50Z,0.283,29.844,7.11,0.2228,0.0426,0.1269,0.5213,156.554,171.730919,7.259,95.777,159.06,379880.23038624605,0,0
2026-08-14T13:42:50Z,0.283,29.8428,7.11,0.1885,0.0426,0.1269,0.5364,156.541,171.715974,7.2581,95.776,152.63,379818.0945663646,0,0
2026-08-14T13:42:50Z,0.283,29.8416,7.11,0.1846,0.0426,0.1269,0.5213,156.531,171.707035,7.2576,95.777,148.96,379790.08082310343,0,0
2026-08-14T13:42:50Z,0.283,29.8406,7.11,0.2648,0.0426,0.1269,0.8386,156.52,171.697708,7.2571,95.777,140.84,379756.06826493965,0,0
2026-08-14T13:42:50Z,0.283,29.84,6.93,0.2419,0.0426,0.1269,0.763,156.513,171.693526,7.2567,95.776,139.32,379743.69421510614,0,0
2026-08-14T13:42:50Z,0.283,29.8399,6.93,0.2304,0.0426,0.1269,0.7177,156.514,171.697386,7.2565,95.775,154.5,379767.5194678508,0,0
2026-08-14T13:42:50Z,0.283,29.8405,6.93,0.2533,0.0426,0.1269,0.8386,156.517,171.702295,7.2566,95.777,124.3,379784.02349415346,0.001,0
2026-08-14T13:42:50Z,0.284,29.8415,6.93,0.2609,0.0426,0.1269,0.5364,156.512,171.697532,7.2565,95.782,158.03,379737.9937083156,0.001,0
2026-08-14T13:42:50Z,0.284,29.8425,6.93,0.2724,0.0852,0.2538,0.5062,156.501,171.685835,7.2562,95.786,130.98,379652.58539595513,0.001,0
2026-08-14T13:42:50Z,0.284,29.8433,6.93,0.2495,0.0852,0.2538,0.5817,156.492,171.67612,7.2561,95.788,150.65,379582.23991080234,0.001,0
2026-08-14T13:42:50Z,0.284,29.8438,6.93,0.2495,0.0852,0.2538,0.4156,156.488,171.669804,7.2562,95.791,131.61,379536.8925333634,0.001,0
2026-08-14T13:42:50Z,0.284,29.8442,6.93,0.2304,0.0852,0.2538,0.4005,156.486,171.665204,7.2565,95.793,143.68,379503.18893052364,0.001,0
2026-08-14T13:42:50Z,0.285,29.8443,7.2,0.28,0.0426,0.1269,0.5515,156.483,171.657083,7.2568,95.791,138.47,379455.183558057,0.001,0
2026-08-14T13:42:50Z,0.285,29.8441,7.2,0.2419,0.0426,0.1269,0.4307,156.479,171.647285,7.257,95.789,142.59,379403.3475545067,0.001,0
2026-08-14T13:42:50Z,0.285,29.8436,7.2,0.2571,0.0426,0.1269,0.5817,156.483,171.645229,7.2572,95.792,138.74,379401.15203809045,0,0
2026-08-14T13:42:50Z,0.285,29.8426,7.2,0.3143,0.0426,0.1269,0.4911,156.489,171.646356,7.2575,95.797,131.49,379426.5047075561,0,0
2026-08-14T13:42:50Z,0.285,29.8413,7.2,0.3296,0.0426,0.1269,0.612,156.487,171.638933,7.2575,95.804,145.57,379409.00168726547,0,0
2026-08-14T13:42:50Z,0.285,29.8396,7.02,0.3143,0.0426,0.2115,0.5817,156.479,171.624992,7.2576,95.812,130.75,379362.0742166287,0,0
2026-08-14T13:42:50Z,0.285,29.8376,7.02,0.3182,0.0426,0.2115,0.3854,156.475,171.616858,7.258,95.821,139.13,379353.80011515174,0,0
2026-08-14T13:42:50Z,0.285,29.8356,7.02,0.2419,0.0426,0.2115,0.5666,156.478,171.616372,7.2587,95.827,141.24,379388.94870693004,0,0
2026-08-14T13:42:50Z,0.285,29.8339,7.02,0.2686,0.0426,0.2115,0.5515,156.477,171.611372,7.2594,95.83,145.38,379392.7825946255,0,0
2026-08-14T13:42:50Z,0.285,29.8325,7.02,0.2915,0.0426,0.0846,0.5969,156.46,171.588493,7.2602,95.836,139.07,379289.4145962069,0.001,0
2026-08-14T13:42:50Z,0.285,29.8312,7.02,0.2571,0.0426,0.0846,0.612,156.429,171.549655,7.2611,95.84,143.74,379093.5775346183,0.001,0
2026-08-14T13:42:50Z,0.286,29.8298,7.02,0.2648,0.0426,0.0846,0.5515,156.398,171.508565,7.2617,95.84,139.19,378886.9072165493,0.001,0
2026-08-14T13:42:50Z,0.286,29.8286,7.02,0.2342,0.0426,0.0846,0.6422,156.375,171.474319,7.2621,95.837,145,378715.3318715496,0.001,0
2026-08-14T13:42:50Z,0.286,29.8274,7.02,0.2571,0.0852,0.1692,0.5364,156.365,171.453824,7.2627,95.835,137.51,378621.7847655028,0.002,0
2026-08-14T13:42:50Z,0.287,29.8258,7.02,0.28,0.0852,0.1692,0.4911,156.36,171.441616,7.2632,95.839,139.53,378582.8123635366,0.002,0
2026-08-14T13:42:50Z,0.287,29.8235,7.02,0.28,0.0852,0.1692,0.5213,156.345,171.418395,7.2634,95.85,145.31,378494.62203114317,0.003,0
2026-08-14T13:42:50Z,0.288,29.8206,7.02,0.2609,0.0852,0.1692,0.5364,156.318,171.381982,7.2636,95.866,151.41,378342.9773285819,0.003,0
2026-08-14T13:42:50Z,0.289,29.8178,7.02,0.2648,0.0852,0.1692,0.4911,156.293,171.346727,7.2638,95.882,131.35,378196.02636834513,0.003,0
2026-08-14T13:42:50Z,0.29,29.8154,7.02,0.2571,0.1278,0.1692,0.5515,156.28,171.323283,7.2644,95.897,151.34,378108.48320497875,0.003,0
2026-08-14T13:42:50Z,0.291,29.8134,7.02,0.3487,0.1278,0.1692,0.4458,156.276,171.309408,7.2655,95.909,126.42,378067.62480277393,0.003,0
2026-08-14T13:42:50Z,0.292,29.8113,7.02,0.3296,0.1278,0.1692,0.4911,156.261,171.285358,7.2669,95.92,141.3,377970.98318321345,0.003,0
2026-08-14T13:42:50Z,0.292,29.8086,7.02,0.3372,0.1278,0.1692,0.612,156.228,171.24071,7.2685,95.927,129.25,377768.95801298186,0.002,0
2026-08-14T13:42:50Z,0.293,29.8056,7.02,0.3449,0.0426,0.1692,0.6271,156.198,171.197647,7.27,95.93,141.91,377581.61657440197,0.002,0
2026-08-14T13:42:50Z,0.293,29.8029,7.02,0.3296,0.0426,0.1692,0.4911,156.193,171.180779,7.2713,95.932,128.33,377537.01847042114,0.002,0
2026-08-14T13:42:50Z,0.293,29.8004,7.02,0.3296,0.0426,0.1692,0.4911,156.197,171.177587,7.2724,95.936,142.87,377566.116963168,0.002,0
2026-08-14T13:42:50Z,0.293,29.7977,7.02,0.3296,0.0426,0.1692,0.5666,156.178,171.155134,7.2733,95.945,140.56,377489.8740862835,0.002,0
2026-08-14T13:42:50Z,0.294,29.7945,7.02,0.322,0.0852,0.2961,0.4609,156.12,171.097405,7.2739,95.957,138.26,377223.27489703475,0.002,0
2026-08-14T13:42:50Z,0.295,29.791,7.02,0.322,0.0852,0.2961,0.4609,156.039,171.027106,7.2745,95.968,137.84,376891.2581344775,0.002,0
2026-08-14T13:42:50Z,0.295,29.7884,7.02,0.3143,0.0852,0.2961,0.6724,155.964,170.981636,7.2752,95.973,133.28,376682.907646246,0.002,0
2026-08-14T13:42:50Z,0.296,29.7878,7.02,0.322,0.0852,0.2961,0.476,155.892,170.962909,7.2759,95.974,136.2,376588.2471881697,0.002,0
2026-08-14T13:42:50Z,0.296,29.7897,6.93,0.3258,0.0852,0.3384,0.5515,155.815,170.949894,7.2766,95.974,135.49,376478.8533259719,0.002,0
2026-08-14T13:42:50Z,0.297,29.7954,6.93,0.3105,0.0852,0.3384,0.5666,155.74,170.927095,7.2767,95.975,140.72,376242.6772175078,0.002,0
2026-08-14T13:42:50Z,0.297,29.8072,6.93,0.3143,0.0852,0.3384,0.4609,155.681,170.89646,7.2756,95.979,137.9,375847.75036726234,0.002,0
2026-08-14T13:42:50Z,0.298,29.8265,6.93,0.3143,0.0852,0.3384,0.5062,155.65,170.877892,7.2732,95.988,139.44,375380.6460861916,0.002,0
2026-08-14T13:42:50Z,0.298,29.8496,6.93,0.322,0.0852,0.3384,0.4911,155.642,170.874461,7.2703,95.997,132.04,374928.3600028025,0.002,0
2026-08-14T13:42:50Z,0.299,29.8687,7.02,0.2991,0.0426,0.1269,0.5666,155.638,170.869208,7.268,96.005,132.84,374541.31362140045,0.002,0
2026-08-14T13:42:50Z,0.299,29.8798,7.02,0.3411,0.0426,0.1269,0.4156,155.634,170.860733,7.267,96.011,141.3,374286.1035954475,0.002,0
2026-08-14T13:42:50Z,0.3,29.8846,7.02,0.3411,0.0426,0.1269,0.4911,155.634,170.854796,7.267,96.016,127.8,374163.02595023304,0.002,0
2026-08-14T13:42:50Z,0.3,29.8862,7.02,0.3372,0.0426,0.1269,0.5515,155.633,170.845803,7.2676,96.021,140.17,374082.5641379318,0.002,0
2026-08-14T13:42:50Z,0.301,29.886,7.2,0.3067,0.0426,0.1692,0.5213,155.628,170.831356,7.2682,96.025,132.9,374005.0570889556,0.002,0
2026-08-14T13:42:50Z,0.301,29.8847,7.2,0.3296,0.0426,0.1692,0.5817,155.621,170.815623,7.2687,96.026,139.19,373940.86348689615,0.002,0
2026-08-14T13:42:50Z,0.301,29.8827,7.2,0.28,0.0426,0.1692,0.612,155.617,170.802428,7.2694,96.026,132.44,373904.00890660513,0.002,0
2026-08-14T13:42:50Z,0.302,29.8802,7.2,0.3487,0.0426,0.1692,0.5515,155.619,170.796274,7.2701,96.024,144.34,373916.0753086799,0.002,0
2026-08-14T13:42:50Z,0.302,29.8774,7.02,0.3143,0.0426,0.0846,0.5817,155.627,170.795518,7.2707,96.024,130.47,373964.09941338794,0.002,0
2026-08-14T13:42:50Z,0.303,29.8747,7.02,0.3105,0.0426,0.0846,0.5364,155.633,170.791937,7.2712,96.028,143.46,373994.37547690154,0.002,0
2026-08-14T13:42:50Z,0.303,29.872,7.02,0.3067,0.0426,0.0846,0.476,155.633,170.780567,7.2715,96.033,134.58,373980.846034468,0.001,0
2026-08-14T13:42:50Z,0.303,29.8691,7.02,0.3334,0.0426,0.0846,0.5817,155.626,170.762385,7.2717,96.039,152.96,373932.735882062,0.001,0
2026-08-14T13:42:50Z,0.304,29.8661,7.02,0.3296,0.0426,0.0846,0.4911,155.62,170.744573,7.272,96.045,138.02,373888.5709111409,0.001,0
2026-08-14T13:42:50Z,0.304,29.8628,7.11,0.3258,0.0426,0.2961,0.5213,155.613,170.726391,7.2728,96.051,150.32,373847.92332063906,0.001,0
2026-08-14T13:42:50Z,0.304,29.8594,7.11,0.322,0.0426,0.2961,0.4911,155.602,170.70299,7.2736,96.054,140.11,373779.7870041504,0.001,0
2026-08-14T13:42:50Z,0.304,29.856,7.11,0.3372,0.0426,0.2961,0.5817,155.596,170.684172,7.2745,96.057,160.1,373737.42197798414,0.001,0
2026-08-14T13:42:50Z,0.305,29.8526,7.11,0.3449,0.0426,0.2961,0.4458,155.593,170.668927,7.2754,96.059,162.2,373715.147366528,0.001,0
2026-08-14T13:42:50Z,0.305,29.849,7.11,0.3258,0.0426,0.3384,0.5817,155.587,170.64918,7.2763,96.058,164.55,373671.2828434779,0.001,0
2026-08-14T13:42:50Z,0.306,29.8454,7.11,0.322,0.0426,0.3384,0.5364,155.583,170.631694,7.277,96.058,181.45,373640.1299072731,0.001,0
2026-08-14T13:42:50Z,0.306,29.8416,7.11,0.3296,0.0426,0.3384,0.4911,155.582,170.615817,7.2776,96.063,183.19,373621.755667272,0.001,0
2026-08-14T13:42:50Z,0.306,29.8376,7.11,0.3525,0.0426,0.3384,0.5062,155.571,170.589294,7.2783,96.077,192.58,373547.2325386541,0.001,0
2026-08-14T13:42:50Z,0.307,29.8334,7.02,0.3411,0.0852,0.2538,0.4911,155.544,170.545051,7.2788,96.096,197.07,373376.78720805893,0.001,0
2026-08-14T13:42:50Z,0.307,29.829,7.02,0.3296,0.0852,0.2538,0.5666,155.508,170.489336,7.2793,96.11,225.79,373145.59643594315,0.001,0
2026-08-14T13:42:50Z,0.308,29.8244,7.02,0.3334,0.0852,0.2538,0.4911,155.472,170.431354,7.2803,96.118,212.78,372905.43749938183,0.001,0
2026-08-14T13:42:50Z,0.308,29.8198,7.02,0.3067,0.0852,0.2538,0.4911,155.43,170.365667,7.2819,96.122,217.64,372622.0422670875,0.001,0
2026-08-14T13:42:50Z,0.308,29.8151,7.11,0.2571,0.0426,0.0846,0.5213,155.36,170.270748,7.284,96.123,228.1,372176.45314105996,0.001,0
2026-08-14T13:42:50Z,0.308,29.8098,7.11,0.2991,0.0426,0.0846,0.4307,155.232,170.115267,7.2857,96.12,235.15,371402.5536446793,0,0
2026-08-14T13:42:50Z,0.308,29.8037,7.11,0.2571,0.0426,0.0846,0.4458,155.006,169.853754,7.287,96.112,257.9,370050.6759832754,0,0
2026-08-14T13:42:50Z,0.308,29.7974,7.11,0.2571,0.0426,0.0846,0.4911,154.62,169.416469,7.2881,96.1,249.2,367724.45380211785,-0.001,0
2026-08-14T13:42:50Z,0.308,29.7916,7.11,0.2571,0.0426,0.0846,0.5817,153.98,168.698835,7.2889,96.087,296.83,363842.4442607501,-0.001,0
2026-08-14T13:42:50Z,0.308,29.7866,7.02,0.2495,0.0426,0.2961,0.4005,152.93,167.531538,7.2893,96.073,464.73,357500.535151668,-0.001,0
2026-08-14T13:42:50Z,0.307,29.782,7.02,0.2495,0.0426,0.2961,0.5213,151.192,165.61132,7.2893,96.056,456.92,347150.2076044359,-0.001,0
2026-08-14T13:42:50Z,0.307,29.7772,7.02,0.2724,0.0426,0.2961,0.5515,148.294,162.422111,7.289,96.04,537.56,330317.4096658861,-0.001,0
2026-08-14T13:42:50Z,0.306,29.7718,7.02,0.2686,0.0426,0.2961,0.476,143.466,157.121475,7.2887,96.03,528.87,303416.51704183884,-0.001,0
2026-08-14T13:42:50Z,0.306,29.766,7.11,0.2495,0.0426,0.2538,0.5817,135.434,148.31195,7.2884,96.027,474.22,261702.28173248173,-0.001,0
2026-08-14T13:42:50Z,0.306,29.7604,7.11,0.2495,0.0426,0.2538,0.5364,122.065,133.660369,7.2878,96.031,555.25,200421.29355206076,-0.001,0
2026-08-14T13:42:50Z,0.306,29.7552,7.11,0.2495,0.0426,0.2538,0.476,99.792,109.263654,7.2872,96.042,645.91,119550.58258771242,-0.001,0
2026-08-14T13:42:50Z,0.305,29.75,7.11,0.2495,0.0426,0.2538,0.3703,62.657,68.599972,7.2871,96.052,484.84,36482.40867461981,-0.001,0
2026-08-14T13:42:50Z,0.305,29.7446,7.11,0.2495,0.0426,0.1692,0.5364,0.746,0.817652,7.2876,96.061,412.29,19.958061431621065,-0.001,0
2026-08-14T13:42:50Z,0.305,29.7391,7.11,0.28,0.0426,0.1692,0.5666,-102.44,-112.146559,7.2887,96.068,406.95,NA,-0.001,0
2026-08-14T13:42:50Z,0.305,29.7341,7.11,0.2495,0.0426,0.1692,0.4458,-274.408,-300.40442,7.2901,96.071,466.55,NA,-0,0
2026-08-14T13:42:50Z,0.305,29.7299,7.11,0.2724,0.0426,0.1692,0.476,-381.889,-418.070703,7.2915,96.07,419.7,NA,-0,0
2026-08-14T13:42:50Z,0.304,29.7263,7.11,0.2419,0.0426,0.1692,0.5515,-274.422,-300.439764,7.2927,96.067,473.39,NA,0,0
2026-08-14T13:42:50Z,0.304,29.7231,6.93,0.2495,0.0426,0.2115,0.5515,-102.468,-112.218652,7.2937,96.065,381.68,NA,0,0
2026-08-14T13:42:50Z,0.305,29.7199,6.93,0.2648,0.0426,0.2115,0.5666,0.701,0.705625,7.2946,96.067,362.21,16.976572017684447,0,0
2026-08-14T13:42:50Z,0.305,29.7167,6.93,0.2419,0.0426,0.2115,0.612,62.599,68.450216,7.295,96.073,374.86,36339.796892355014,0,0
2026-08-14T13:42:50Z,0.305,29.7134,6.93,0.2686,0.0426,0.2115,0.5817,99.742,109.096386,7.2951,96.075,382.34,119329.38129056159,0,0
2026-08-14T13:42:50Z,0.305,29.7099,7.02,0.2648,0.0852,0.1269,0.4911,122.032,133.483114,7.2952,96.076,379.36,200243.1692640295,-0,0
2026-08-14T13:42:50Z,0.305,29.7063,7.02,0.2724,0.0852,0.1269,0.5666,135.398,148.101494,7.2957,96.079,358.99,261528.20828755744,0,0
2026-08-14T13:42:50Z,0.305,29.7023,7.02,0.2571,0.0852,0.1269,0.4609,143.403,156.853772,7.2965,96.083,315.86,303141.71863081976,0,0
2026-08-14T13:42:50Z,0.305,29.6979,7.02,0.2495,0.0852,0.1269,0.4458,148.195,162.089928,7.2972,96.087,388.29,329890.5199572656,0,0
2026-08-14T13:42:50Z,0.305,29.6935,7.02,0.2724,0.0426,0.0846,0.5817,151.065,165.222313,7.2978,96.087,373.88,346590.35361402814,0,0
2026-08-14T13:42:50Z,0.305,29.6895,7.02,0.2571,0.0426,0.0846,0.5213,152.788,167.098258,7.2985,96.082,380.11,356859.6192270163,0,0
2026-08-14T13:42:50Z,0.305,29.6862,7.02,0.2037,0.0426,0.0846,0.4911,153.819,168.218015,7.2992,96.075,351.05,363094.23079409736,-0.001,0
2026-08-14T13:42:50Z,0.304,29.6832,7.02,0.2075,0.0426,0.0846,0.5515,154.431,168.880186,7.2999,96.069,435.4,366831.7979976018,-0.001,0
2026-08-14T13:42:50Z,0.304,29.68,7.02,0.1885,0.0426,0.0846,0.4156,154.793,169.269369,7.3003,96.064,348.08,369066.180667776,-0.001,0
2026-08-14T13:42:50Z,0.304,29.6768,7.11,0.2037,0.0852,0.0846,0.5515,155.004,169.493358,7.3003,96.057,393.13,370381.22592955956,-0.001,0
2026-08-14T13:42:50Z,0.304,29.674,7.11,0.2075,0.0852,0.0846,0.4911,155.128,169.621908,7.3002,96.052,380.02,371155.2184336734,-0.001,0
2026-08-14T13:42:50Z,0.303,29.6715,7.11,0.1618,0.0852,0.0846,0.4911,155.205,169.699324,7.3001,96.05,387.78,371636.997858716,0,0
2026-08-14T13:42:50Z,0.303,29.6693,7.11,0.2228,0.0852,0.0846,0.4609,155.251,169.742239,7.2999,96.051,373.64,371919.4173602846,0,0
2026-08-14T13:42:50Z,0.303,29.6671,7.11,0.1999,0.0852,0.1269,0.5515,155.277,169.764103,7.2997,96.055,334.44,372083.47127688915,0,0
2026-08-14T13:42:50Z,0.303,29.6647,7.11,0.2419,0.0852,0.1269,0.5817,155.294,169.776761,7.2996,96.065,330.83,372199.47114113113,0,0
2026-08-14T13:42:50Z,0.303,29.6623,7.11,0.2533,0.0852,0.1269,0.5515,155.303,169.779578,7.2997,96.078,392.1,372260.07861738675,0,0
2026-08-14T13:42:50Z,0.304,29.6601,7.11,0.2495,0.0852,0.1269,0.5213,155.303,169.773305,7.3001,96.091,353.5,372265.76979671797,0,0
2026-08-14T13:42:50Z,0.304,29.658,7.11,0.2495,0.0852,0.2115,0.5515,155.306,169.768299,7.3007,96.1,310.49,372276.73262425174,0,0
2026-08-14T13:42:50Z,0.304,29.6559,7.11,0.3296,0.0852,0.2115,0.5213,155.309,169.763225,7.3017,96.107,359.93,372287.31312621786,0,0
2026-08-14T13:42:50Z,0.304,29.6538,7.11,0.2915,0.0852,0.2115,0.5515,155.304,169.74871,7.303,96.112,317.17,372244.71469107654,0,0
2026-08-14T13:42:50Z,0.304,29.6515,7.11,0.3143,0.0852,0.2115,0.4458,155.295,169.728902,7.3042,96.111,313.06,372176.0323364541,0.001,0
2026-08-14T13:42:50Z,0.304,29.6489,7.02,0.3143,0.0426,0.2115,0.4911,155.283,169.70654,7.3052,96.107,350.44,372098.5596363713,0.001,0
2026-08-14T13:42:50Z,0.304,29.6461,7.02,0.322,0.0426,0.2115,0.5062,155.272,169.68368,7.3061,96.102,314.49,372022.01131084334,0.001,0
2026-08-14T13:42:50Z,0.304,29.6433,7.02,0.3334,0.0426,0.2115,0.476,155.266,169.666256,7.3069,96.1,334.81,371976.07425772934,0.001,0
2026-08-14T13:42:50Z,0.305,29.6403,7.02,0.3334,0.0426,0.2115,0.5213,155.262,169.649623,7.3072,96.1,303.29,371938.31577954884,0.001,0
2026-08-14T13:42:50Z,0.305,29.6372,7.02,0.3372,0.0426,0.2115,0.5515,155.253,169.629342,7.3073,96.1,335.46,371881.8755584888,0,0
2026-08-14T13:42:50Z,0.305,29.6337,7.02,0.3143,0,0.0846,0.5515,155.244,169.608027,7.3073,96.101,297.99,371827.0628586843,0,0
2026-08-14T13:42:50Z,0.305,29.63,7.02,0.3334,0,0.0846,0.4307,155.237,169.588012,7.3077,96.106,285.51,371783.2925288708,0,0
2026-08-14T13:42:50Z,0.305,29.6263,7.02,0.3449,0,0.0846,0.5213,155.231,169.567971,7.3081,96.113,299.55,371739.3712915027,0,0
2026-08-14T13:42:50Z,0.305,29.6227,7.02,0.3105,0,0.0846,0.5666,155.224,169.546569,7.3085,96.119,338.24,371685.91911228537,0,0
2026-08-14T13:42:50Z,0.305,29.6191,7.02,0.3143,0.0852,0.2115,0.4458,155.221,169.530128,7.3091,96.125,284.76,371660.3978100488,0,0
2026-08-14T13:42:50Z,0.305,29.6151,7.02,0.322,0.0852,0.2115,0.5817,155.221,169.518273,7.31,96.128,307.6,371668.14928957605,0,0
2026-08-14T13:42:50Z,0.305,29.6107,7.02,0.3143,0.0852,0.2115,0.476,155.219,169.503833,7.3111,96.129,298.32,371668.7936373171,0,0
2026-08-14T13:42:50Z,0.305,29.6062,7.02,0.3296,0.0852,0.2115,0.4307,155.215,169.486967,7.3121,96.131,282.48,371657.63493167993,0,0
2026-08-14T13:42:50Z,0.305,29.6021,7.02,0.4059,0.0426,0.2115,0.5062,155.209,169.467186,7.3131,96.133,306.87,371622.6010805508,0,0
2026-08-14T13:42:50Z,0.305,29.5983,7.02,0.3716,0.0426,0.2115,0.5817,155.198,169.443226,7.3138,96.135,299.88,371558.43505668116,0,0
2026-08-14T13:42:50Z,0.305,29.5944,7.02,0.3639,0.0426,0.2115,0.5213,155.189,169.420726,7.3144,96.137,299.1,371504.35055247485,0,0
2026-08-14T13:42:50Z,0.305,29.5903,7.02,0.3868,0.0426,0.2115,0.5062,155.184,169.401706,7.315,96.14,295.03,371473.5868424397,0,0
2026-08-14T13:42:50Z,0.305,29.5861,7.02,0.4097,0.0426,0.2115,0.5364,155.176,169.377084,7.3157,96.143,324.98,371413.12700390996,-0.001,0
2026-08-14T13:42:50Z,0.305,29.5821,7.11,0.3411,0.0426,0.1269,0.476,155.163,169.344305,7.3164,96.144,311.3,371302.99647307437,-0.001,0
2026-08-14T13:42:50Z,0.305,29.5782,7.11,0.3945,0.0426,0.1269,0.5515,155.147,169.306655,7.3171,96.138,269.12,371163.576368551,-0.001,0
2026-08-14T13:42:50Z,0.304,29.5739,7.11,0.3945,0.0426,0.1269,0.4609,155.119,169.254095,7.3178,96.121,292.73,370947.66747355263,-0.002,0
2026-08-14T13:42:50Z,0.304,29.5688,7.11,0.3678,0.0426,0.1269,0.4911,155.065,169.168597,7.3187,96.088,287.5,370561.3194627335,-0.003,0
2026-08-14T13:42:50Z,0.303,29.5627,7.02,0.383,0,0.1692,0.4156,154.98,169.035383,7.3195,96.031,230.49,369925.4230806991,-0.004,0
2026-08-14T13:42:50Z,0.302,29.5562,7.02,0.4021,0,0.1692,0.4911,154.857,168.83898,7.3199,95.941,310.08,368942.67353247246,-0.005,0
2026-08-14T13:42:50Z,0.3,29.5491,7.02,0.3563,0,0.1692,0.5817,154.68,168.545058,7.3194,95.809,228.55,367426.0332490011,-0.005,0
2026-08-14T13:42:50Z,0.299,29.5402,7.02,0.3601,0,0.1692,0.2192,154.403,168.083259,7.3181,95.614,314.97,365008.6773700729,-0.006,0
2026-08-14T13:42:50Z,0.297,29.5272,7.02,0.4021,0.0426,0.1692,0.1588,153.953,167.336448,7.3154,95.324,243.57,361092.9443430831,-0.006,0
2026-08-14T13:42:50Z,0.295,29.5065,7.02,0.4021,0.0426,0.1692,0.189,153.287,166.197707,7.3111,94.874,281.38,355183.5751105793,-0.006,0
2026-08-14T13:42:50Z,0.294,29.4736,7.02,0.3868,0.0426,0.1692,0.2947,152.689,164.922687,7.3051,94.248,251.53,348802.0657855668,-0.005,0
2026-08-14T13:42:50Z,0.292,29.4213,7.02,0.3449,0.0426,0.1692,0.5515,152.58,164.037366,7.2968,93.544,276.17,344917.648279789,-0.004,0
2026-08-14T13:42:50Z,0.291,29.3376,7.02,0.3258,0.0426,0.1269,0.4911,152.904,163.662423,7.2851,92.763,277.37,344342.21917750244,-0.003,0
2026-08-14T13:42:50Z,0.291,29.2021,7.02,0.3296,0.0426,0.1269,0.4609,153.323,163.557508,7.2677,91.73,290.51,346129.3984802522,-0.002,0
2026-08-14T13:42:50Z,0.29,28.9981,7.02,0.3296,0.0426,0.1269,0.5515,153.638,163.528246,7.2454,90.396,266.79,349552.25448833953,-0.002,0
2026-08-14T13:42:50Z,0.29,28.7486,7.02,0.3182,0.0426,0.1269,0.4458,153.842,163.528738,7.2226,88.953,260.6,354001.59666963085,-0.001,0
2026-08-14T13:42:50Z,0.29,28.5128,7.02,0.3143,0.0426,0.1269,0.5817,154.023,163.597201,7.192,87.645,254.73,358657.3307073032,-0,0
2026-08-14T13:42:50Z,0.29,28.3325,7.02,0.322,0.0426,0.1692,0.5213,154.191,163.709796,7.1345,86.637,269.06,362611.7119448281,0,0
2026-08-14T13:42:50Z,0.29,28.2134,7.02,0.3716,0.0426,0.1692,0.4609,154.296,163.800332,7.0455,86.005,246.66,365345.17115358816,0.001,0
2026-08-14T13:42:50Z,0.29,28.1425,7.02,0.3334,0.0426,0.1692,0.5062,154.333,163.854866,6.9419,85.77,258.8,366987.6434058642,0.001,0
2026-08-14T13:42:50Z,0.29,28.102,7.02,0.322,0.0426,0.1692,0.5062,154.353,163.909993,6.8448,85.926,286.63,368068.10644004005,0.001,0
2026-08-14T13:42:50Z,0.291,28.0805,7.02,0.2991,0.0852,0.1692,0.5062,154.393,163.990441,6.7688,86.418,239.79,368938.93138261925,0.001,0
2026-08-14T13:42:50Z,0.291,28.0735,7.02,0.3563,0.0852,0.1692,0.5364,154.44,164.075569,6.7203,87.113,264.48,369563.87655431917,0.002,0
2026-08-14T13:42:50Z,0.292,28.0781,7.02,0.322,0.0852,0.1692,0.5666,154.468,164.135962,6.7015,87.857,229.74,369826.2490319307,0.002,0
2026-08-14T13:42:50Z,0.292,28.0891,7.02,0.322,0.0852,0.1692,0.5213,154.478,164.173694,6.7124,88.548,254.84,369836.07010686165,0.002,0
2026-08-14T13:42:50Z,0.293,28.1013,7.11,0.3372,0.0426,0.0846,0.612,154.494,164.216869,6.7495,89.134,247.31,369854.6218654177,0.002,0
2026-08-14T13:42:50Z,0.293,28.1126,7.11,0.3067,0.0426,0.0846,0.5817,154.526,164.279004,6.8024,89.595,243.68,369999.9270725593,0.002,0
2026-08-14T13:42:50Z,0.293,28.1227,7.11,0.3258,0.0426,0.0846,0.5666,154.546,164.330565,6.8593,89.942,234.64,370106.7569790285,0.002,0
2026-08-14T13:42:50Z,0.294,28.1315,7.11,0.3945,0.0426,0.0846,0.4458,154.542,164.359244,6.9121,90.205,264.94,370105.8061485963,0.001,0
2026-08-14T13:42:50Z,0.295,28.1399,7.11,0.3945,0.0426,0.0846,0.612,154.541,164.392736,6.9569,90.406,233.87,370140.27659627347,0.001,0
2026-08-14T13:42:50Z,0.295,28.1491,7.02,0.383,0.0426,0.2115,0.5817,154.557,164.443982,6.9918,90.553,245.81,370262.26519576024,0,0
2026-08-14T13:42:50Z,0.295,28.159,7.02,0.4021,0.0426,0.2115,0.4609,154.574,164.496582,7.0176,90.65,238.91,370378.7783603664,0,0
2026-08-14T13:42:50Z,0.294,28.1695,7.02,0.3143,0.0426,0.2115,0.5515,154.575,164.530484,7.0368,90.711,236.22,370375.7132402528,0,0
2026-08-14T13:42:50Z,0.294,28.1806,7.02,0.3029,0.0426,0.2115,0.5213,154.57,164.552728,7.0511,90.753,273.07,370293.85011548706,-0.001,0
2026-08-14T13:42:50Z,0.293,28.1919,7.02,0.3143,0,0.1692,0.5515,154.576,164.583278,7.0612,90.784,233.98,370256.24114791275,-0.001,0
2026-08-14T13:42:50Z,0.293,28.203,7.02,0.3143,0,0.1692,0.5062,154.601,164.630282,7.0674,90.803,219.4,370317.51950976945,-0.001,0
2026-08-14T13:42:50Z,0.293,28.2134,7.02,0.3678,0,0.1692,0.5364,154.636,164.684225,7.0708,90.808,249.14,370432.1361483004,0,0
2026-08-14T13:42:50Z,0.293,28.2223,7.02,0.3868,0,0.1692,0.4911,154.668,164.731426,7.073,90.808,217.41,370536.1925996602,0,0
2026-08-14T13:42:50Z,0.293,28.23,7.11,0.3716,0.0426,0.1269,0.5817,154.695,164.770442,7.0745,90.809,254.12,370615.6738151541,0.001,0
2026-08-14T13:42:50Z,0.293,28.2366,7.11,0.3945,0.0426,0.1269,0.4911,154.71,164.795639,7.0751,90.806,241.47,370636.1354064459,0.002,0
2026-08-14T13:42:50Z,0.294,28.2421,7.11,0.3906,0.0426,0.1269,0.5213,154.712,164.805719,7.0748,90.798,211.4,370590.0989958074,0.002,0
2026-08-14T13:42:50Z,0.294,28.2464,7.11,0.3945,0.0426,0.1269,0.4458,154.711,164.811387,7.0743,90.793,231.85,370541.3316471843,0.003,0
2026-08-14T13:42:50Z,0.295,28.2498,7.11,0.3525,0.0426,0.1269,0.476,154.704,164.810147,7.0739,90.803,247.47,370469.7317328645,0.004,0
2026-08-14T13:42:50Z,0.296,28.2525,7.11,0.3868,0.0852,0.1692,0.5515,154.693,164.801669,7.0734,90.832,230.49,370369.61467743973,0.004,0
2026-08-14T13:42:50Z,0.298,28.2551,7.11,0.3945,0.0852,0.1692,0.5515,154.69,164.79973,7.0725,90.871,231.05,370309.16966857656,0.005,0
2026-08-14T13:42:50Z,0.299,28.2575,7.11,0.3716,0.0852,0.1692,0.5666,154.687,164.795792,7.0718,90.91,224.12,370240.9841954175,0.005,0
2026-08-14T13:42:50Z,0.3,28.2594,7.11,0.3716,0.0852,0.1692,0.3552,154.676,164.780789,7.0723,90.947,232.76,370118.4168814853,0.005,0
2026-08-14T13:42:50Z,0.302,28.2605,7.02,0.3792,0.0426,0.1269,0.5213,154.69,164.788806,7.0744,90.98,224.03,370143.8618852578,0.005,0
2026-08-14T13:42:50Z,0.303,28.2609,7.02,0.3868,0.0426,0.1269,0.4911,154.742,164.836015,7.0774,91.005,236.17,370408.8010730168,0.004,0
2026-08-14T13:42:50Z,0.304,28.2607,7.02,0.3678,0.0426,0.1269,0.5817,154.798,164.884886,7.0805,91.02,227.16,370694.8266220511,0.004,0
2026-08-14T13:42:50Z,0.305,28.2596,7.02,0.3792,0.0426,0.1269,0.5666,154.83,164.906356,7.0835,91.035,228.95,370839.72201487503,0.003,0
2026-08-14T13:42:50Z,0.305,28.2576,7.02,0.3983,0,0.2961,0.4156,154.838,164.902138,7.0863,91.052,186.12,370853.2829353033,0.003,0
2026-08-14T13:42:50Z,0.306,28.2547,7.02,0.4097,0,0.2961,0.5213,154.83,164.879126,7.0886,91.068,229.64,370775.3161365385,0.003,0
2026-08-14T13:42:50Z,0.307,28.2513,7.02,0.4021,0,0.2961,0.5817,154.805,164.835193,7.0902,91.078,204.22,370585.9668522645,0.003,0
2026-08-14T13:42:50Z,0.308,28.2473,7.02,0.383,0,0.2961,0.4458,154.769,164.774659,7.0918,91.075,257.51,370312.1492517615,0.002,0
2026-08-14T13:42:50Z,0.308,28.243,7.02,0.4021,0.0426,0.2115,0.5515,154.753,164.72749,7.0937,91.051,187.99,370121.24121018325,0.002,0
2026-08-14T13:42:50Z,0.309,28.2383,7.02,0.4135,0.0426,0.2115,0.5213,154.777,164.715184,7.0956,91.004,209.61,370139.18700156664,0.002,0
2026-08-14T13:42:50Z,0.309,28.2329,7.02,0.3983,0.0426,0.2115,0.4609,154.822,164.720425,7.097,90.938,188.44,370271.7297086781,0.001,0
2026-08-14T13:42:50Z,0.309,28.2259,7.02,0.3945,0.0426,0.2115,0.4911,154.854,164.714536,7.0976,90.856,222.43,370370.34698277985,0.001,0
2026-08-14T13:42:50Z,0.309,28.2162,7.02,0.3868,0.0426,0.2115,0.5969,154.882,164.701962,7.097,90.769,166.96,370481.55780731473,0.001,0
2026-08-14T13:42:50Z,0.31,28.2037,7.02,0.3906,0.0852,0.2115,0.5364,154.94,164.715431,7.0949,90.685,208.75,370796.5560264226,0.001,0
2026-08-14T13:42:50Z,0.31,28.1901,7.02,0.3639,0.0852,0.2115,0.4911,155.023,164.754522,7.0914,90.61,206.72,371281.1028050188,0.001,0
2026-08-14T13:42:50Z,0.31,28.177,7.02,0.3868,0.0852,0.2115,0.5817,155.095,164.789563,7.0867000000000004,90.545,184.31,371733.29072229296,0.001,0
2026-08-14T13:42:50Z,0.311,28.1633,7.02,0.383,0.0852,0.2115,0.4609,155.14,164.807846,7.0816,90.49,215.01,372100.24973397766,0.001,0
2026-08-14T13:42:50Z,0.311,28.1479,7.02,0.3983,0.0426,0.1269,0.2494,155.158,164.806225,7.077,90.443,192.79,372384.4860106051,0.001,0
2026-08-14T13:42:50Z,0.311,28.1321,7.02,0.383,0.0426,0.1269,0.189,155.151,164.784267,7.0731,90.397,203.64,372558.4927036067,0.001,0
2026-08-14T13:42:50Z,0.311,28.1187,7.02,0.3678,0.0426,0.1269,0.3098,155.143,164.762179,7.0697,90.346,194.64,372686.03326221096,0.001,0
2026-08-14T13:42:50Z,0.311,28.1089,7.02,0.4021,0.0426,0.1269,0.2192,155.167,164.770154,7.0666,90.28,205.38,372919.6619331519,0.001,0
2026-08-14T13:42:50Z,0.312,28.1024,7.02,0.3678,0.0426,0.2961,0.4307,155.204,164.794279,7.0637,90.187,188.48,373184.3024255893,0.001,0
2026-08-14T13:42:50Z,0.312,28.0978,7.02,0.3906,0.0426,0.2961,0.4911,155.208,164.792874,7.0607,90.093,186.57,373264.1436778348,0.001,0
2026-08-14T13:42:50Z,0.312,28.0931,7.02,0.4097,0.0426,0.2961,0.4911,155.184,164.771578,7.0574,90.035,201.97,373230.1413057173,0.001,0
2026-08-14T13:42:50Z,0.312,28.0876,7.02,0.3792,0.0426,0.2961,0.5817,155.165,164.770819,7.0529,90.027,160.63,373330.9927411269,0,0
2026-08-14T13:42:50Z,0.312,28.0829,7.02,0.4097,0.0426,0.2961,0.5062,155.158,164.796408,7.0462,90.064,187.79,373570.00943352614,0,0
2026-08-14T13:42:50Z,0.312,28.081,7.02,0.3906,0.0852,0.0846,0.5213,155.129,164.809065,7.0391,90.138,177.9,373680.14436108165,0,0
2026-08-14T13:42:50Z,0.312,28.0826,7.02,0.3906,0.0852,0.0846,0.4911,155.068,164.786109,7.0344,90.229,189.22,373515.77043143933,0,0
2026-08-14T13:42:50Z,0.312,28.0885,7.02,0.3906,0.0852,0.0846,0.5515,154.999,164.745478,7.033,90.306,184.19,373166.25790219766,0.001,0
2026-08-14T13:42:50Z,0.312,28.0994,7.02,0.3716,0.0852,0.0846,0.5062,154.943,164.708413,7.0346,90.329,178.4,372742.20171675534,0.001,0
2026-08-14T13:42:50Z,0.313,28.1132,7.02,0.4021,0.0426,0.1269,0.4911,154.91,164.683072,7.0386,90.256,177.63,372331.37852285407,0.001,0
2026-08-14T13:42:50Z,0.313,28.1266,7.02,0.3906,0.0426,0.1269,0.5515,154.888,164.660693,7.044,90.072,168.82,371945.8573389946,0.001,0
2026-08-14T13:42:50Z,0.313,28.1373,7.02,0.3792,0.0426,0.1269,0.5062,154.859,164.625285,7.0487,89.821,186.97,371536.6168948239,0.001,0
2026-08-14T13:42:50Z,0.313,28.1446,7.02,0.3639,0.0426,0.1269,0.2343,154.827,164.583442,7.0496,89.561,166.63,371155.1786930563,0.001,0
2026-08-14T13:42:50Z,0.313,28.1478,7.02,0.3906,0.0426,0.1692,0.2796,154.815,164.564098,7.0435,89.311,189.22,370982.27886747924,0.001,0
2026-08-14T13:42:50Z,0.313,28.148,7.02,0.3868,0.0426,0.1692,0.2494,154.823,164.57412,7.0291,89.076,172.49,371036.53140224697,0.001,0
2026-08-14T13:42:50Z,0.313,28.1464,7.02,0.383,0.0426,0.1692,0.2645,154.829,164.584108,7.0098,88.905,173.73,371124.81252846244,0.001,0
2026-08-14T13:42:50Z,0.314,28.1438,7.02,0.3983,0.0426,0.1692,0.5062,154.831,164.588708,6.9898,88.861,181.96,371200.9061457242,0.001,0
2026-08-14T13:42:50Z,0.314,28.142,7.11,0.4059,0.0426,0.2115,0.5062,154.844,164.605183,6.9705,88.959,169,371330.6278552498,0.001,0
2026-08-14T13:42:50Z,0.314,28.1423,7.11,0.3449,0.0426,0.2115,0.4458,154.855,164.625897,6.9521,89.165,177.09,371444.99696308345,0.001,0
2026-08-14T13:42:50Z,0.314,28.1436,7.11,0.3868,0.0426,0.2115,0.4911,154.849,164.636329,6.9386,89.436,172.34,371480.73625914636,0,0
2026-08-14T13:42:50Z,0.314,28.1442,7.11,0.3525,0.0426,0.2115,0.2343,154.822,164.629238,6.9351,89.738,174.98,371428.2089014723,0,0
2026-08-14T13:42:50Z,0.314,28.145,7.11,0.3716,0.0426,0.2115,0.1588,154.785,164.60875,6.9426,90.042,170.18,371294.2322096857,0,0
2026-08-14T13:42:50Z,0.314,28.1479,7.11,0.3678,0.0852,0.2538,0.2796,154.757,164.593458,6.9584,90.31,183.87,371150.4656096266,0,0
2026-08-14T13:42:50Z,0.314,28.1535,7.11,0.3601,0.0852,0.2538,0.189,154.746,164.593317,6.9788,90.499,147.7,371043.191498292,0,0
2026-08-14T13:42:50Z,0.314,28.1604,7.11,0.3678,0.0852,0.2538,0.3098,154.739,164.598266,7.0015,90.59,180.43,370940.73217232665,0,0
2026-08-14T13:42:50Z,0.314,28.1666,7.11,0.3639,0.0852,0.2538,0.3703,154.721,164.589579,7.0245,90.6,149.48,370772.67579797795,0,0
2026-08-14T13:42:50Z,0.314,28.1713,7.02,0.4021,0.0426,0.2115,0.2494,154.693,164.564941,7.0448,90.552,174.95,370540.88292766537,0,0
2026-08-14T13:42:50Z,0.314,28.1751,7.02,0.3945,0.0426,0.2115,0.3854,154.673,164.541839,7.0591,90.445,162.95,370335.16976100137,0,0
2026-08-14T13:42:50Z,0.315,28.1789,7.02,0.3754,0.0426,0.2115,0.4307,154.664,164.528142,7.0657,90.266,167.32,370183.92538312945,0,0
2026-08-14T13:42:50Z,0.315,28.1822,7.02,0.3716,0.0426,0.2115,0.5515,154.658,164.516189,7.066,90.015,171.37,370052.293558349,0,0
2026-08-14T13:42:50Z,0.315,28.1839,7.11,0.3754,0,0.2538,0.5213,154.656,164.506801,7.0621,89.703,159.79,369965.8337241182,0,0
2026-08-14T13:42:50Z,0.315,28.1835,7.11,0.3792,0,0.2538,0.5515,154.662,164.505494,7.0538,89.34,164.33,369965.8582711462,0,0
2026-08-14T13:42:50Z,0.315,28.182,7.11,0.383,0,0.2538,0.2041,154.66,164.493875,7.0401,88.954,171.59,369927.1315046998,0.001,0
2026-08-14T13:42:50Z,0.315,28.1802,7.11,0.4059,0,0.2538,0.2192,154.642,164.462833,7.0207,88.577,155.78,369781.86634414404,0.001,0
2026-08-14T13:42:50Z,0.315,28.178,7.11,0.3983,0,0.2538,0.2947,154.633,164.438169,6.9966,88.185,163.87,369681.0372773936,0.001,0
2026-08-14T13:42:50Z,0.316,28.1755,7.02,0.383,0.0852,0.0846,0.34,154.647,164.435355,6.9686,87.726,162.87,369712.10808977217,0.001,0
2026-08-14T13:42:50Z,0.316,28.1725,7.02,0.4479,0.0852,0.0846,0.4156,154.671,164.441611,6.9388,87.265,171.15,369805.0573842195,0.001,0
2026-08-14T13:42:50Z,0.316,28.1687,7.02,0.4669,0.0852,0.0846,0.3854,154.684,164.434551,6.91,86.958,155.27,369836.22793185554,0.001,0
2026-08-14T13:42:50Z,0.316,28.1637,7.02,0.4517,0.0852,0.0846,0.4911,154.684,164.412291,6.88,86.865,168.82,369802.284425742,0.001,0
2026-08-14T13:42:50Z,0.317,28.1582,7.02,0.4288,0.0426,0.2538,0.3703,154.69,164.396956,6.8449,86.895,155.07,369817.82880100614,0.001,0
2026-08-14T13:42:50Z,0.317,28.152,7.02,0.4402,0.0426,0.2538,0.5213,154.702,164.392476,6.8096,86.931,161.82,369909.3927138087,0.001,0
2026-08-14T13:42:50Z,0.317,28.1451,7.02,0.4669,0.0426,0.2538,0.4911,154.709,164.385626,6.7864,86.946,161.5,370000.55190766224,0.002,0
2026-08-14T13:42:50Z,0.318,28.1378,7.02,0.4593,0.0426,0.2538,0.4609,154.718,164.382599,6.7801,86.941,155.2,370121.4471069257,0.002,0
2026-08-14T13:42:50Z,0.318,28.131,7.02,0.444,0.0426,0.0846,0.4458,154.735,164.390605,6.7832,86.868,168.34,370296.7649412208,0.003,0
2026-08-14T13:42:50Z,0.319,28.1252,7.02,0.4555,0.0426,0.0846,0.34,154.737,164.383714,6.7867,86.698,158.58,370366.9444317711,0.003,0
2026-08-14T13:42:50Z,0.32,28.1206,7.02,0.4326,0.0426,0.0846,0.2192,154.707,164.344051,6.7884,86.411,167.65,370224.63859699335,0.004,0
2026-08-14T13:42:50Z,0.321,28.1166,7.02,0.4326,0.0426,0.0846,0.34,154.673,164.301131,6.7885,85.887,150.98,370052.1080665976,0.004,0
2026-08-14T13:42:50Z,0.322,28.1133,7.02,0.4593,0.0426,0.0846,0.2343,154.66,164.279591,6.7832,84.965,168.23,369990.0391049462,0.004,0
2026-08-14T13:42:50Z,0.324,28.1105,7.02,0.4479,0.0426,0.2115,0.476,154.654,164.265669,6.7703,83.611,153.26,369962.57006332476,0.004,0
2026-08-14T13:42:50Z,0.325,28.108,7.02,0.4517,0.0426,0.2115,0.5213,154.658,164.259662,6.7482,81.997,156.53,369975.21578915336,0.004,0
2026-08-14T13:42:50Z,0.326,28.1055,7.02,0.4326,0.0426,0.2115,0.5969,154.678,164.267986,6.7075,80.469,153.69,370070.8140827972,0.004,0
2026-08-14T13:42:50Z,0.326,28.1031,7.02,0.4517,0.0426,0.2115,0.4458,154.681,164.256776,6.6358,79.439,162.59,370051.4508905395,0.004,0
2026-08-14T13:42:50Z,0.327,28.1005,7.02,0.4555,0.0426,0.2115,0.4911,154.656,164.215025,6.5304,79.119,149.12,369859.10716612404,0.004,0
2026-08-14T13:42:50Z,0.328,28.0972,7.02,0.4708,0.0426,0.2115,0.5666,154.639,164.181712,6.4047,79.317,172.34,369728.8932983668,0.004,0
2026-08-14T13:42:50Z,0.33,28.0931,7.02,0.4212,0.0426,0.2115,0.4609,154.646,164.174012,6.2858,79.631,161.57,369762.0566411233,0.004,0
2026-08-14T13:42:50Z,0.331,28.0885,7.02,0.4288,0.0426,0.2115,0.5515,154.665,164.17985,6.2058,79.79,179.14,369883.06998227554,0.004,0
2026-08-14T13:42:50Z,0.332,28.0837,7.11,0.3906,0.0426,0.1692,0.6271,154.687,164.18675,6.1814,79.688,176.9,370014.07252111746,0.004,0
2026-08-14T13:42:50Z,0.333,28.0788,7.11,0.3792,0.0426,0.1692,0.4307,154.707,164.188533,6.1973,79.219,175.17,370117.3856130652,0.003,0
2026-08-14T13:42:50Z,0.333,28.074,7.11,0.3906,0.0426,0.1692,0.4911,154.727,164.189681,6.2225,78.257,171.74,370215.1563604463,0.003,0
2026-08-14T13:42:50Z,0.334,28.0692,7.11,0.3792,0.0426,0.1692,0.5515,154.741,164.18649,6.2354,76.836,167.43,370287.8150758273,0.002,0
2026-08-14T13:42:50Z,0.335,28.0638,7.11,0.4135,0.0426,0.1692,0.4609,154.745,164.174101,6.228,75.18,164.26,370318.5794769077,0.002,0
2026-08-14T13:42:50Z,0.335,28.0574,7.11,0.4517,0.0426,0.1692,0.4156,154.748,164.161235,6.192,73.562,161.78,370365.58309965784,0.002,0
2026-08-14T13:42:50Z,0.336,28.051,7.11,0.4364,0.0426,0.1692,0.612,154.754,164.15248,6.1175,72.204,163.62,370436.4353436145,0.002,0
2026-08-14T13:42:50Z,0.336,28.0452,7.11,0.4288,0.0426,0.1692,0.5213,154.758,164.14149,6.0071,71.227,161.18,370482.94232127815,0.002,0
2026-08-14T13:42:50Z,0.336,28.0398,7.11,0.4517,0.0426,0.1692,0.4458,154.758,164.125336,5.8782,70.583,158.96,370491.9013388523,0.002,0
2026-08-14T13:42:50Z,0.337,28.0346,7.11,0.444,0,0.1269,0.5364,154.76,164.111736,5.7521,70.113,165.7,370511.87335467164,0.002,0
2026-08-14T13:42:50Z,0.337,28.0296,7.11,0.425,0,0.1269,0.4458,154.777,164.115102,5.6465,69.709,155.07,370626.48700364504,0.002,0
2026-08-14T13:42:50Z,0.338,28.0248,7.11,0.4288,0,0.1269,0.4156,154.805,164.13032,5.5706,69.356,157.93,370806.1361300018,0.002,0
2026-08-14T13:42:50Z,0.338,28.0198,7.11,0.444,0,0.1269,0.5213,154.828,164.139395,5.5207,69.041,159.41,370954.00525402575,0.002,0
2026-08-14T13:42:50Z,0.339,28.0146,7.02,0.4517,0,0.1692,0.5213,154.854,164.150762,5.4845,68.705,164.26,371119.0621367359,0.002,0
2026-08-14T13:42:50Z,0.339,28.0098,7.02,0.444,0,0.1692,0.4911,154.871,164.155422,5.4533,68.302,153.13,371237.59661196364,0.002,0
2026-08-14T13:42:50Z,0.34,28.0051,7.02,0.4479,0,0.1692,0.476,154.853,164.122545,5.4261,67.846,160.45,371136.11704879237,0.003,0
2026-08-14T13:42:50Z,0.34,28.0002,7.02,0.444,0,0.1692,0.4307,154.813,164.065412,5.402,67.375,146.68,370897.52648345643,0.003,0
2026-08-14T13:42:50Z,0.341,27.9953,7.02,0.4364,0.0852,0.1692,0.2494,154.779,164.01289,5.3762,66.929,159.1,370685.7577767586,0.004,0
2026-08-14T13:42:50Z,0.342,27.9907,7.02,0.4517,0.0852,0.1692,0.2192,154.756,163.969013,5.3451,66.562,152.66,370518.50511016056,0.004,0
2026-08-14T13:42:50Z,0.343,27.9863,7.02,0.4402,0.0852,0.1692,0.34,154.741,163.926089,5.3098,66.325,154.83,370352.9936794937,0.005,0
2026-08-14T13:42:50Z,0.345,27.9815,7.02,0.4402,0.0852,0.1692,0.2947,154.739,163.888707,5.2734,66.251,150.62,370227.26968041615,0.006,0
2026-08-14T13:42:50Z,0.346,27.9761,7.02,0.4555,0.0852,0.1692,0.4458,154.753,163.862934,5.239,66.363,144.4,370180.3347996905,0.008,0
2026-08-14T13:42:50Z,0.348,27.9697,7.02,0.444,0.0426,0.1269,0.5515,154.752,163.819843,5.2108,66.683,150.91,370051.8746588434,0.009,0
2026-08-14T13:42:50Z,0.351,27.9612,7.02,0.4364,0.0426,0.1269,0.5213,154.744,163.76999,5.1931,67.234,137.57,369924.0651548572,0.01,0
2026-08-14T13:42:50Z,0.353,27.9499,7.02,0.4631,0.0426,0.1269,0.4458,154.759,163.754202,5.1883,68.056,136.62,370047.20642032,0.012,0
2026-08-14T13:42:50Z,0.357,27.9366,7.02,0.4479,0.0426,0.1269,0.5969,154.756,163.742205,5.1983,69.18,135.41,370230.4902094046,0.013,0
2026-08-14T13:42:50Z,0.36,27.9229,7.11,0.4173,0,0.0846,0.4307,154.724,163.726791,5.2247,70.552,121.65,370401.6626266268,0.013,0
2026-08-14T13:42:50Z,0.364,27.9096,7.11,0.4517,0,0.0846,0.5213,154.701,163.739931,5.2691,72.051,131.61,370731.441484163,0.013,0
2026-08-14T13:42:50Z,0.368,27.8994,7.11,0.4669,0,0.0846,0.5817,154.67,163.753063,5.3344,73.555,127.55,371002.3677039194,0.012,0
2026-08-14T13:42:50Z,0.371,27.8966,7.11,0.4288,0,0.0846,0.5213,154.603,163.733607,5.4227,74.929,139.07,370942.5142112839,0.01,0
2026-08-14T13:42:50Z,0.373,27.9026,7.11,0.4517,0.0852,0.2961,0.3703,154.526,163.704443,5.5296,76.017,139.53,370658.3848865736,0.008,0
2026-08-14T13:42:50Z,0.375,27.9145,7.11,0.4288,0.0852,0.2961,0.5213,154.47,163.693878,5.6459,76.702,143.31,370370.2504927571,0.006,0
2026-08-14T13:42:50Z,0.376,27.9294,7.11,0.425,0.0852,0.2961,0.5213,154.431,163.69509,5.7623,76.959,143.99,370093.7323369497,0.004,0
2026-08-14T13:42:50Z,0.376,27.9461,7.11,0.4517,0.0852,0.2961,0.4911,154.384,163.688356,5.8682,76.832,149.48,369737.16027491906,0.003,0
2026-08-14T13:42:50Z,0.377,27.9633,7.11,0.444,0.0852,0.2115,0.5666,154.326,163.671883,5.9516,76.378,147.86,369315.05379666016,0.002,0
2026-08-14T13:42:50Z,0.377,27.979,7.11,0.444,0.0852,0.2115,0.4609,154.283,163.669343,6.0036,75.657,138.8,369002.6363169818,0.002,0
2026-08-14T13:42:50Z,0.378,27.9929,7.11,0.4631,0.0852,0.2115,0.5213,154.26,163.680064,6.0222,74.765,136.94,368801.4036552541,0.001,0
2026-08-14T13:42:50Z,0.378,28.0067,7.11,0.5013,0.0852,0.2115,0.4458,154.23,163.674832,6.0109,73.814,140.04,368509.92477751104,0.001,0
2026-08-14T13:42:50Z,0.378,28.0214,7.11,0.4936,0.0852,0.2115,0.5817,154.19,163.652254,5.9739,72.891,129.65,368101.4605511664,0.001,0
2026-08-14T13:42:50Z,0.378,28.0353,7.02,0.5051,0.0426,0.2115,0.4911,154.152,163.630363,5.9161,72.033,130.81,367712.5555055804,0.001,0
2026-08-14T13:42:50Z,0.378,28.0466,7.02,0.4975,0.0426,0.2115,0.5817,154.123,163.623366,5.8451,71.258,130.58,367459.0413786133,0.001,0
2026-08-14T13:42:50Z,0.378,28.0551,7.02,0.4517,0.0426,0.2115,0.5062,154.095,163.621381,5.7699,70.585,124.13,367287.391422078,0.001,0
2026-08-14T13:42:50Z,0.379,28.0615,7.02,0.4364,0.0426,0.2115,0.476,154.045,163.595817,5.6971,70.032,130.04,367019.449982291,0.001,0
2026-08-14T13:42:50Z,0.379,28.0677,7.11,0.4517,0.0426,0.2961,0.4307,153.978,163.547878,5.6295,69.591,124.78,366626.5594064429,0.001,0
2026-08-14T13:42:50Z,0.379,28.0753,7.11,0.4326,0.0426,0.2961,0.4911,153.925,163.50888,5.5681,69.233,130.38,366259.186820574,0.001,0
2026-08-14T13:42:50Z,0.379,28.0842,7.11,0.4135,0.0426,0.2961,0.2645,153.903,163.496488,5.5147,68.937,127.11,366020.7845572167,0,0
2026-08-14T13:42:50Z,0.379,28.0933,7.11,0.444,0.0426,0.2961,0.2645,153.91,163.511407,5.4706,68.694,125.33,365935.83491859765,0,0
2026-08-14T13:42:50Z,0.379,28.101,7.02,0.4364,0.0426,0.1692,0.3552,153.926,163.533561,5.4354,68.485,120.6,365918.7726553355,0,0
2026-08-14T13:42:50Z,0.379,28.1065,7.02,0.4402,0.0426,0.1692,0.2192,153.923,163.532777,5.4069,68.282,122.29,365811.11763374147,0,0
2026-08-14T13:42:50Z,0.379,28.1102,7.02,0.4479,0.0426,0.1692,0.2343,153.909,163.516863,5.3834,68.058,121.99,365650.30360146903,0,0
2026-08-14T13:42:50Z,0.379,28.1126,7.02,0.4555,0.0426,0.1692,0.3098,153.908,163.513648,5.3641,67.796,116.65,365586.8579009135,0,0
2026-08-14T13:42:50Z,0.379,28.1141,7.02,0.4326,0.0426,0.1692,0.2947,153.941,163.54232,5.3477,67.507,123.86,365723.48033917544,0,0
2026-08-14T13:42:50Z,0.379,28.1148,7.11,0.4631,0.0426,0.1269,0.3854,153.989,163.586471,5.3318,67.204,111.47,365964.09682258905,0,0
2026-08-14T13:42:50Z,0.379,28.1147,7.11,0.4479,0.0426,0.1269,0.189,154.012,163.601745,5.3143,66.884,120.02,366053.7780139317,0,0
2026-08-14T13:42:50Z,0.379,28.1137,7.11,0.444,0.0426,0.1269,0.3552,154.009,163.588208,5.294,66.548,112.5,365994.7147485911,0,0
2026-08-14T13:42:50Z,0.379,28.1119,7.11,0.4708,0.0426,0.1269,0.2192,154.013,163.582339,5.2716,66.203,112.96,365994.7402337985,0,0
2026-08-14T13:42:50Z,0.379,28.1094,7.02,0.4288,0.0852,0.2115,0.3552,154.027,163.586581,5.2481,65.86,116.55,366066.03098506783,0,0
2026-08-14T13:42:50Z,0.379,28.1065,7.02,0.4364,0.0852,0.2115,0.2494,154.02,163.569993,5.2234,65.53,112.94,366025.06370474957,0,0
2026-08-14T13:42:50Z,0.379,28.1032,7.02,0.4212,0.0852,0.2115,0.2947,153.996,163.536169,5.1974,65.22,118.03,365892.5015697375,0,0
2026-08-14T13:42:50Z,0.379,28.0997,7.02,0.4593,0.0852,0.2115,0.2947,153.978,163.508162,5.1708,64.929,108.75,365797.1375203798,0,0
2026-08-14T13:42:50Z,0.379,28.0965,7.02,0.4517,0.0426,0.2538,0.3249,153.963,163.482512,5.1443,64.66,117.11,365709.69737272814,0,0
2026-08-14T13:42:50Z,0.379,28.0936,7.02,0.4555,0.0426,0.2538,0.2947,153.947,163.456388,5.1188,64.414,111.21,365613.9101123379,0,0
2026-08-14T13:42:50Z,0.38,28.0908,7.02,0.4631,0.0426,0.2538,0.2494,153.944,163.442867,5.0948,64.19,112.33,365588.68258045655,0,0
2026-08-14T13:42:50Z,0.38,28.0879,7.02,0.444,0.0426,0.2538,0.1739,153.961,163.450371,5.0724,63.985,110.03,365686.1810166288,0,0
2026-08-14T13:42:50Z,0.38,28.0848,7.11,0.4364,0.0852,0.1692,0.2645,153.981,163.460855,5.0516,63.798,112.84,365804.59236037213,0,0
2026-08-14T13:42:50Z,0.38,28.0817,7.11,0.4479,0.0852,0.1692,0.5062,153.976,163.445042,5.0327,63.624,110.61,365771.80783209985,0,0
2026-08-14T13:42:50Z,0.38,28.0783,7.11,0.4593,0.0852,0.1692,0.5213,153.951,163.406732,5.0156,63.463,112.5,365615.2943344427,0,0
2026-08-14T13:42:50Z,0.38,28.0749,7.11,0.444,0.0852,0.1692,0.5515,153.922,163.363773,4.9999,63.319,113.18,365432.07681936584,0.001,0
2026-08-14T13:42:50Z,0.38,28.0715,7.11,0.444,0.0852,0.1692,0.4911,153.886,163.312727,4.9855,63.195,114.62,365202.42009568494,0.001,0
2026-08-14T13:42:50Z,0.38,28.068,7.11,0.444,0.0426,0.1269,0.2494,153.849,163.258022,4.9722,63.093,114.32,364953.67315765005,0.001,0
2026-08-14T13:42:50Z,0.381,28.0644,7.11,0.4402,0.0426,0.1269,0.2343,153.835,163.225158,4.9599,63.016,121.33,364832.2884932193,0.001,0
2026-08-14T13:42:50Z,0.381,28.0605,7.11,0.444,0.0426,0.1269,0.3703,153.858,163.227421,4.949,62.973,116.6,364918.27439787413,0.001,0
2026-08-14T13:42:50Z,0.381,28.0562,7.11,0.4708,0.0426,0.1269,0.2947,153.893,163.239354,4.9397,62.962,118.47,365067.33988528297,0.001,0
2026-08-14T13:42:50Z,0.381,28.0512,7.11,0.4288,0.0426,0.2538,0.3249,153.92,163.242089,4.9322,62.974,117.75,365176.7086973148,0.001,0
2026-08-14T13:42:50Z,0.382,28.0453,7.11,0.4517,0.0426,0.2538,0.2494,153.958,163.258403,4.9267,62.996,116.86,365381.06775898224,0.002,0
2026-08-14T13:42:50Z,0.382,28.0381,7.11,0.4593,0.0426,0.2538,0.2645,154.001,163.284626,4.924,63.021,120.89,365666.94537711155,0.002,0
2026-08-14T13:42:50Z,0.383,28.0299,7.11,0.4593,0.0426,0.2538,0.2796,154.012,163.279642,4.9239,63.048,116.81,365792.1485980154,0.002,0
2026-08-14T13:42:50Z,0.383,28.0215,7.11,0.3868,0.0426,0.1269,0.5515,153.998,163.250141,4.9255,63.079,120.81,365780.0005172738,0.002,0
2026-08-14T13:42:50Z,0.384,28.0138,7.11,0.3868,0.0426,0.1269,0.4609,153.999,163.236363,4.9278,63.121,118.13,365845.2387486066,0.003,0
2026-08-14T13:42:50Z,0.384,28.0074,7.11,0.3945,0.0426,0.1269,0.476,154.012,163.234633,4.9304,63.175,120.47,365955.4809775775,0.003,0
2026-08-14T13:42:50Z,0.385,28.0022,7.11,0.3868,0.0426,0.1269,0.5666,154.016,163.222441,4.9329,63.231,118.47,365982.93634855596,0.003,0
2026-08-14T13:42:50Z,0.385,27.9973,7.11,0.3716,0.0426,0.1269,0.5062,154.019,163.206555,4.9358,63.275,118.83,365983.47342148755,0.003,0
2026-08-14T13:42:50Z,0.386,27.9924,7.11,0.3449,0.0426,0.2538,0.476,154.027,163.196771,4.9395,63.302,117.98,366019.17275067023,0.003,0
2026-08-14T13:42:50Z,0.387,27.9875,7.11,0.3716,0.0426,0.2538,0.5515,154.026,163.18246,4.9441,63.314,119.09,366028.7862298778,0.003,0
2026-08-14T13:42:50Z,0.388,27.982,7.11,0.4021,0.0426,0.2538,0.5969,154.016,163.159806,4.949,63.315,114.39,366001.5866258421,0.003,0
2026-08-14T13:42:50Z,0.389,27.9759,7.11,0.3716,0.0426,0.2538,0.5364,154.011,163.142811,4.953,63.322,117.34,366018.2797104834,0.003,0
2026-08-14T13:42:50Z,0.39,27.9701,7.11,0.3945,0.0852,0.2538,0.4458,154.023,163.14298,4.9556,63.358,117.72,366128.3043036581,0.002,0
2026-08-14T13:42:50Z,0.39,27.9656,7.11,0.4021,0.0852,0.2538,0.5515,154.048,163.156348,4.9569,63.441,116.12,366290.05314118695,0.002,0
2026-08-14T13:42:50Z,0.391,27.9619,7.11,0.3792,0.0852,0.2538,0.5213,154.075,163.170444,4.9573,63.572,118.83,366441.01438052533,0.001,0
2026-08-14T13:42:50Z,0.391,27.9581,7.11,0.3563,0.0852,0.2538,0.2947,154.097,163.176999,4.9582,63.739,115.49,366550.3893906475,0.001,0
2026-08-14T13:42:50Z,0.391,27.954,7.11,0.383,0.0426,0.1269,0.3249,154.116,163.17776,4.9614,63.927,117.9,366631.99910921056,0.001,0
2026-08-14T13:42:50Z,0.392,27.9496,7.11,0.3601,0.0426,0.1269,0.2494,154.132,163.172929,4.9683,64.114,114.94,366686.9928450061,0.001,0
2026-08-14T13:42:50Z,0.392,27.945,7.11,0.3868,0.0426,0.1269,0.2947,154.132,163.153199,4.9789,64.272,113.87,366659.7249649485,0,0
2026-08-14T13:42:50Z,0.392,27.9397,7.11,0.383,0.0426,0.1269,0.5213,154.129,163.133351,4.9925,64.384,118.91,366644.957928638,0,0
2026-08-14T13:42:50Z,0.392,27.9332,7.11,0.3563,0.0426,0.1269,0.4458,154.146,163.136155,5.0078,64.439,113.45,366783.6484808568,0,0
2026-08-14T13:42:50Z,0.392,27.9263,7.11,0.4021,0.0426,0.2115,0.5062,154.166,163.146323,5.023,64.439,119.87,366972.508660312,0,0
2026-08-14T13:42:50Z,0.392,27.9199,7.11,0.3678,0.0426,0.2115,0.5213,154.164,163.134493,5.036,64.395,117.01,367024.85277590115,0,0
2026-08-14T13:42:50Z,0.392,27.9142,7.11,0.3868,0.0426,0.2115,0.4911,154.14,163.10152,5.0453,64.32,115.19,366941.76153365965,0,0
2026-08-14T13:42:50Z,0.392,27.9094,7.11,0.3716,0.0426,0.2115,0.5213,154.12,163.07469,5.05,64.231,118.36,366877.1967287096,0,0
2026-08-14T13:42:50Z,0.392,27.9057,7.11,0.3716,0.0426,0.2538,0.4911,154.113,163.062885,5.0504,64.134,115.82,366878.7388422435,0,0
2026-08-14T13:42:50Z,0.392,27.9028,7.11,0.3525,0.0426,0.2538,0.5213,154.104,163.050931,5.0472,64.031,116.35,366864.32793219324,0,0
2026-08-14T13:42:50Z,0.392,27.9003,7.11,0.3983,0.0426,0.2538,0.612,154.092,163.035638,5.0415,63.919,118.03,366823.06517235056,0,0
2026-08-14T13:42:50Z,0.392,27.8984,7.11,0.3945,0.0426,0.2538,0.5969,154.086,163.028965,5.0347,63.794,116.6,366820.3210272543,0,0
2026-08-14T13:42:50Z,0.392,27.8971,7.11,0.383,0.0426,0.1269,0.4458,154.087,163.029132,5.0273,63.656,118.7,366845.8076379394,0,0
2026-08-14T13:42:50Z,0.392,27.8961,7.11,0.3906,0.0426,0.1269,0.5817,154.086,163.028166,5.0193,63.511,114.59,366859.0856788618,0,0
2026-08-14T13:42:50Z,0.392,27.8955,7.11,0.3258,0.0426,0.1269,0.4911,154.083,163.02581,5.0105,63.362,118.78,366856.78093630075,0,0
2026-08-14T13:42:50Z,0.392,27.8952,7.11,0.3143,0.0426,0.1269,0.476,154.074,163.017425,5.0007,63.21,117.98,366813.9561480528,0,0
2026-08-14T13:42:50Z,0.392,27.8951,7.02,0.3372,0,0.2538,0.5364,154.061,163.004786,4.9899,63.059,120.65,366742.76761507895,0,0
2026-08-14T13:42:50Z,0.392,27.8951,7.02,0.3411,0,0.2538,0.5213,154.052,162.996548,4.9786,62.912,117.24,366695.14286105154,0,0
2026-08-14T13:42:50Z,0.392,27.8952,7.02,0.3029,0,0.2538,0.5213,154.046,162.990516,4.9669,62.776,119.4,366658.38821332663,0.001,0
2026-08-14T13:42:50Z,0.392,27.8955,7.02,0.3945,0,0.2538,0.4458,154.034,162.977062,4.955,62.657,119.16,366574.9673001342,0.001,0
2026-08-14T13:42:50Z,0.392,27.896,7.02,0.3639,0,0.2538,0.5062,154.014,162.9526,4.9431,62.558,119.53,366424.1802314821,0.002,0
2026-08-14T13:42:50Z,0.393,27.8964,7.11,0.383,0.0852,0.1692,0.4911,153.994,162.926641,4.9316,62.481,117.54,366266.670173012,0.002,0
2026-08-14T13:42:50Z,0.393,27.8964,7.11,0.3716,0.0852,0.1692,0.5062,153.983,162.908298,4.9209,62.429,121.91,366160.7190393883,0.003,0
2026-08-14T13:42:50Z,0.394,27.896,7.11,0.4135,0.0852,0.1692,0.4156,153.981,162.896689,4.9116,62.401,119.09,366101.2036683223,0.003,0
2026-08-14T13:42:50Z,0.395,27.8951,7.11,0.4135,0.0852,0.1692,0.5062,153.984,162.888718,4.9039,62.396,118.8,366072.1130478887,0.003,0
2026-08-14T13:42:50Z,0.396,27.8935,7.02,0.4059,0.0852,0.1692,0.5213,153.985,162.878249,4.898,62.409,117.98,366041.77322466444,0.003,0
2026-08-14T13:42:50Z,0.397,27.8913,7.02,0.383,0.0852,0.1692,0.5817,153.982,162.866499,4.8941,62.435,117.57,366015.328343338,0.003,0
2026-08-14T13:42:50Z,0.398,27.8884,7.02,0.3525,0.0852,0.1692,0.5666,153.993,162.870378,4.8921,62.464,116.81,366092.32096897013,0.003,0
2026-08-14T13:42:50Z,0.399,27.8846,7.02,0.3678,0.0852,0.1692,0.4609,154.025,162.898937,4.892,62.483,116.22,366328.8792946447,0.002,0
2026-08-14T13:42:50Z,0.399,27.881,7.11,0.383,0.0852,0.2961,0.5364,154.066,162.939749,4.8934,62.485,119.14,366632.63675084535,0.002,0
2026-08-14T13:42:50Z,0.4,27.8781,7.11,0.3716,0.0852,0.2961,0.4911,154.095,162.971625,4.8957,62.459,115.04,366871.68715212593,0.002,0
2026-08-14T13:42:50Z,0.4,27.8756,7.11,0.3716,0.0852,0.2961,0.2192,154.104,162.98302,4.8981,62.404,118.18,366984.7927866612,0.002,0
2026-08-14T13:42:50Z,0.401,27.8739,7.11,0.3906,0.0852,0.2961,0.3249,154.092,162.972964,4.8998,62.324,119.48,366958.69877265766,0.002,0
2026-08-14T13:42:50Z,0.401,27.8732,7.11,0.3906,0.0852,0.2961,0.2192,154.068,162.950804,4.9,62.222,118.96,366843.70553102816,0.002,0
2026-08-14T13:42:50Z,0.402,27.8734,7.11,0.3792,0.0426,0.3384,0.2947,154.05,162.934682,4.898,62.104,116.81,366746.6757260637,0.002,0
2026-08-14T13:42:50Z,0.402,27.8741,7.11,0.4021,0.0426,0.3384,0.5515,154.041,162.928319,4.8936,61.981,119.35,366696.67009834864,0.002,0
2026-08-14T13:42:50Z,0.403,27.875,7.11,0.3792,0.0426,0.3384,0.5062,154.033,162.922,4.8872,61.865,116.55,366643.15228453034,0.002,0
2026-08-14T13:42:50Z,0.403,27.876,7.11,0.3945,0.0426,0.3384,0.476,154.03,162.922057,4.8792,61.763,116.12,366624.6235385299,0.002,0
2026-08-14T13:42:50Z,0.404,27.877,7.11,0.383,0,0.1692,0.4911,154.042,162.936524,4.8698,61.675,119.24,366689.42208184587,0.002,0
2026-08-14T13:42:50Z,0.404,27.8779,7.11,0.383,0,0.1692,0.5515,154.049,162.945204,4.8601,61.596,114.27,366722.64357222215,0.002,0
2026-08-14T13:42:50Z,0.405,27.8788,7.11,0.3868,0,0.1692,0.4307,154.038,162.934378,4.8509,61.526,117.47,366643.06543106795,0.002,0
2026-08-14T13:42:50Z,0.406,27.8797,7.11,0.3716,0,0.1692,0.4911,154.018,162.913185,4.8429,61.465,114.2,366503.5677456921,0.002,0
2026-08-14T13:42:50Z,0.406,27.8803,7.11,0.3525,0.0852,0.1692,0.476,154.001,162.896019,4.8359,61.413,117.14,366393.03517547617,0.002,0
2026-08-14T13:42:50Z,0.406,27.8808,7.11,0.3754,0.0852,0.1692,0.4458,154.003,162.898346,4.8297,61.366,112.28,366397.0622245671,0.001,0
2026-08-14T13:42:50Z,0.407,27.881,7.11,0.3983,0.0852,0.1692,0.5969,154.015,162.912768,4.8241,61.327,117.6,366476.6524661461,0.001,0
2026-08-14T13:42:50Z,0.407,27.8811,7.11,0.3983,0.0852,0.1692,0.5666,154.007,162.907051,4.8193,61.301,115.49,366441.72200299136,0.001,0
2026-08-14T13:42:50Z,0.407,27.8812,7.02,0.3868,0.0852,0.2961,0.476,153.969,162.871654,4.8152,61.294,116.25,366235.2759256469,0.001,0
2026-08-14T13:42:50Z,0.407,27.8816,7.02,0.3296,0.0852,0.2961,0.4911,153.935,162.843239,4.8116,61.321,114.79,366063.5834362658,0.001,0
2026-08-14T13:42:50Z,0.408,27.8822,7.02,0.322,0.0852,0.2961,0.5213,153.931,162.852314,4.8085,61.407,116.02,366104.7082837406,0.001,0
2026-08-14T13:42:50Z,0.408,27.8831,7.02,0.322,0.0852,0.2961,0.4609,153.918,162.863212,4.8063,61.575,114.22,366150.7174439434,0.001,0
2026-08-14T13:42:50Z,0.408,27.8845,7.02,0.322,0.0852,0.2961,0.5062,153.854,162.836747,4.8057,61.845,114.32,365971.4961895505,0,0
2026-08-14T13:42:50Z,0.408,27.8868,7.11,0.3487,0.0426,0.1692,0.3854,153.772,162.80395,4.8076,62.225,118.8,365738.8548170143,0,0
2026-08-14T13:42:50Z,0.408,27.8911,7.11,0.3258,0.0426,0.1692,0.4156,153.713,162.794163,4.8139,62.713,109.96,365601.50653099024,0,0
2026-08-14T13:42:50Z,0.408,27.8992,7.11,0.3258,0.0426,0.1692,0.4458,153.663,162.782733,4.8264,63.301,115.52,365383.33368923876,0,0
2026-08-14T13:42:50Z,0.408,27.9127,7.11,0.3182,0.0426,0.1692,0.4609,153.6,162.744563,4.8465,63.973,113.58,364909.8613317995,0,0
2026-08-14T13:42:50Z,0.408,27.9301,7.2,0.3105,0.0426,0.1692,0.5515,153.541,162.703552,4.8747,64.717,114.97,364347.61702898267,0,0
2026-08-14T13:42:50Z,0.408,27.9472,7.2,0.3449,0.0426,0.1692,0.5213,153.514,162.688853,4.9114,65.536,116.07,363943.1047400475,0,0
2026-08-14T13:42:50Z,0.408,27.9607,7.2,0.3372,0.0426,0.1692,0.4609,153.506,162.690534,4.9563,66.449,112.2,363700.4359083743,0,0
2026-08-14T13:42:50Z,0.408,27.9703,7.2,0.2991,0.0426,0.1692,0.4307,153.5,162.691004,5.0081,67.469,117.06,363523.83655411936,0,0
2026-08-14T13:42:50Z,0.408,27.977,7.11,0.3754,0.0852,0.2115,0.5213,153.486,162.682368,5.0657,68.588,113.5,363349.20378569985,0,0
2026-08-14T13:42:50Z,0.408,27.9816,7.11,0.3868,0.0852,0.2115,0.612,153.467,162.670343,5.1294,69.771,116.05,363194.38819217024,0,0
2026-08-14T13:42:50Z,0.408,27.9848,7.11,0.383,0.0852,0.2115,0.5364,153.454,162.671766,5.2006,70.934,116.4,363142.8743286973,0,0
2026-08-14T13:42:50Z,0.408,27.987,7.11,0.383,0.0852,0.2115,0.4609,153.439,162.678997,5.2802,71.97,110.15,363143.3283669551,0,0
2026-08-14T13:42:50Z,0.408,27.989,7.11,0.3296,0.0852,0.2115,0.4911,153.4,162.661898,5.3676,72.779,115.19,363007.9768382324,0,0
2026-08-14T13:42:50Z,0.408,27.9918,7.11,0.2991,0.0426,0.1692,0.5213,153.343,162.623927,5.4599,73.301,112.74,362738.1224671225,0,0
2026-08-14T13:42:50Z,0.408,27.9968,7.11,0.2991,0.0426,0.1692,0.4609,153.307,162.603068,5.5504,73.526,114.54,362525.505725244,0,0
2026-08-14T13:42:50Z,0.408,28.0043,7.11,0.3258,0.0426,0.1692,0.5515,153.301,162.609793,5.6307,73.499,112.96,362424.462580603,0,0
2026-08-14T13:42:50Z,0.408,28.0123,7.11,0.3792,0.0426,0.1692,0.5364,153.285,162.6018,5.6933,73.305,114.1,362229.90860055195,0,0
2026-08-14T13:42:50Z,0.408,28.0194,7.11,0.3792,0.0426,0.2538,0.476,153.242,162.560921,5.7334,73.046,114.77,361864.0653851183,0,0
2026-08-14T13:42:50Z,0.409,28.0251,7.11,0.4212,0.0426,0.2538,0.5364,153.215,162.53238,5.7504,72.802,111.23,361595.04704483476,0,0
2026-08-14T13:42:50Z,0.409,28.0294,7.11,0.3525,0.0426,0.2538,0.4005,153.224,162.538633,5.7478,72.607,113.95,361551.0056399701,0,0
2026-08-14T13:42:50Z,0.409,28.0323,7.11,0.3716,0.0426,0.2538,0.476,153.246,162.553284,5.7324,72.453,112.45,361580.941388075,0,0
2026-08-14T13:42:50Z,0.409,28.0338,7.11,0.3639,0.0852,0.2961,0.5062,153.256,162.552179,5.712,72.303,112.18,361546.79730554,0,0
2026-08-14T13:42:50Z,0.409,28.0341,7.11,0.3754,0.0852,0.2961,0.4911,153.249,162.531013,5.6928,72.117,114.34,361420.2801347088,0,0
2026-08-14T13:42:50Z,0.409,28.0329,7.11,0.3754,0.0852,0.2961,0.6271,153.233,162.500176,5.6778,71.851,113.01,361266.3518343698,0,0
2026-08-14T13:42:50Z,0.409,28.0302,7.11,0.383,0.0852,0.2961,0.2645,153.22,162.471488,5.6659,71.476,113.06,361152.52598976693,0,0
2026-08-14T13:42:50Z,0.409,28.0263,7.11,0.3792,0.0426,0.2115,0.2796,153.219,162.457343,5.6546,70.993,116.4,361144.0071344443,0,0
2026-08-14T13:42:50Z,0.409,28.0217,7.11,0.383,0.0426,0.2115,0.189,153.24,162.465995,5.6405,70.431,110.58,361278.7051033326,0,0
2026-08-14T13:42:50Z,0.409,28.0169,7.11,0.3792,0.0426,0.2115,0.1588,153.265,162.479707,5.6202,69.826,111.47,361446.08933496225,0,0
2026-08-14T13:42:50Z,0.41,28.0123,7.11,0.3296,0.0426,0.2115,0.5666,153.273,162.47808,5.5913,69.224,113.26,361522.1336732339,0.001,0
2026-08-14T13:42:50Z,0.41,28.0078,7.11,0.3067,0.0426,0.2115,0.4156,153.269,162.464689,5.554,68.666,112.01,361529.07437956095,0.001,0
2026-08-14T13:42:50Z,0.41,28.0036,7.11,0.322,0.0426,0.2961,0.4911,153.26,162.44799,5.5104,68.183,110.85,361511.53044360626,0.001,0
2026-08-14T13:42:50Z,0.41,27.9996,7.11,0.3182,0.0426,0.2961,0.5213,153.25,162.431546,5.4635,67.79,116.48,361491.728958854,0,0
2026-08-14T13:42:50Z,0.41,27.996,7.11,0.3296,0.0426,0.2961,0.4911,153.24,162.418991,5.4168,67.469,115.47,361486.7406354243,0,0
2026-08-14T13:42:50Z,0.41,27.9931,7.11,0.3296,0.0426,0.2961,0.4911,153.23,162.410984,5.3733,67.192,111.84,361494.7698980017,0,0
2026-08-14T13:42:50Z,0.41,27.9907,7.11,0.3105,0.0426,0.2538,0.4911,153.213,162.397372,5.3358,66.942,116.7,361461.46158179,0,0
2026-08-14T13:42:50Z,0.41,27.9889,7.11,0.2915,0.0426,0.2538,0.5213,153.182,162.370519,5.3052,66.719,109.62,361341.2957764356,0,0
2026-08-14T13:42:50Z,0.41,27.9882,7.11,0.3105,0.0426,0.2538,0.5213,153.149,162.339299,5.2802,66.528,119.24,361175.7779945102,0,0
2026-08-14T13:42:50Z,0.41,27.9889,7.11,0.3258,0.0426,0.2538,0.4911,153.12,162.307413,5.2584,66.373,110.49,360980.5457539092,0,0
2026-08-14T13:42:50Z,0.41,27.9907,7.11,0.28,0.0852,0.1692,0.5062,153.103,162.282394,5.2387,66.258,114.87,360804.2367022793,0.001,0
2026-08-14T13:42:50Z,0.41,27.9927,7.11,0.3372,0.0852,0.1692,0.5817,153.118,162.285633,5.2211,66.195,112.13,360785.691635684,0.001,0
2026-08-14T13:42:50Z,0.411,27.9939,7.11,0.3296,0.0852,0.1692,0.4911,153.153,162.305964,5.206,66.205,112.64,360879.6091485761,0.001,0
2026-08-14T13:42:50Z,0.411,27.9935,7.11,0.3182,0.0852,0.1692,0.5364,153.174,162.308722,5.1939,66.302,117.37,360902.7782039025,0.001,0
2026-08-14T13:42:50Z,0.411,27.9911,7.11,0.3411,0.0852,0.1692,0.4911,153.181,162.294639,5.1851,66.503,111.11,360866.7838057355,0.002,0
2026-08-14T13:42:50Z,0.412,27.9869,7.11,0.3334,0.0852,0.2961,0.5364,153.205,162.300047,5.1806,66.831,116,360975.5185125906,0.002,0
2026-08-14T13:42:50Z,0.412,27.9814,7.11,0.2991,0.0852,0.2961,0.4911,153.254,162.338414,5.1819,67.312,116.15,361296.8499857512,0.003,0
2026-08-14T13:42:50Z,0.413,27.975,7.11,0.3563,0.0852,0.2961,0.5062,153.279,162.367852,5.19,67.976,108.13,361584.04257383815,0.004,0
2026-08-14T13:42:50Z,0.414,27.9683,7.11,0.3449,0.0852,0.2961,0.5666,153.251,162.36414,5.2064,68.84,115.82,361687.2384820321,0.004,0
2026-08-14T13:42:50Z,0.415,27.9617,7.11,0.322,0.0852,0.2538,0.3703,153.208,162.358364,5.2327,69.868,112.33,361776.7997150858,0.005,0
2026-08-14T13:42:50Z,0.416,27.957,7.11,0.3868,0.0852,0.2538,0.4458,153.176,162.357004,5.2707,70.974,110.85,361856.3657449985,0.005,0
2026-08-14T13:42:50Z,0.417,27.9579,7.11,0.383,0.0852,0.2538,0.4609,153.134,162.331639,5.3226,72.064,117.09,361694.3955847456,0.005,0
2026-08-14T13:42:50Z,0.419,27.9666,7.11,0.3716,0.0852,0.2538,0.4307,153.081,162.283524,5.3894,73.057,114.47,361257.5089526539,0.005,0
2026-08-14T13:42:50Z,0.42,27.9794,7.11,0.3716,0.0852,0.1269,0.4609,153.051,162.253946,5.4686,73.899,115.32,360851.05146086676,0.004,0
2026-08-14T13:42:50Z,0.421,27.9902,7.11,0.3639,0.0852,0.1269,0.4609,153.05,162.253056,5.5542,74.572,115.17,360645.9095665789,0.004,0
2026-08-14T13:42:50Z,0.422,27.9965,7.11,0.3678,0.0852,0.1269,0.5364,153.04,162.242533,5.6389,75.091,116.17,360469.1976932362,0.003,0
2026-08-14T13:42:50Z,0.423,27.9991,7.11,0.3716,0.0852,0.1269,0.5213,153.016,162.217567,5.7163,75.48,116.25,360278.5908665808,0.003,0
2026-08-14T13:42:50Z,0.424,27.9997,7.11,0.3945,0.0852,0.1269,0.5062,153.011,162.209585,5.7822,75.755,116.68,360221.9444023275,0.002,0
2026-08-14T13:42:50Z,0.424,27.9997,7.11,0.3639,0.0426,0.2538,0.5515,153.031,162.222471,5.8348,75.943,120,360295.47965046956,0.002,0
2026-08-14T13:42:50Z,0.425,27.9999,7.11,0.3792,0.0426,0.2538,0.4911,153.053,162.229596,5.8754,76.081,113.65,360332.44312181015,0.002,0
2026-08-14T13:42:50Z,0.425,28,7.11,0.3754,0.0426,0.2538,0.5817,153.068,162.222837,5.9058,76.181,124.13,360292.01919990795,0.001,0
2026-08-14T13:42:50Z,0.425,27.9991,7.11,0.3792,0.0426,0.2538,0.5213,153.081,162.212415,5.9274,76.217,107.81,360249.1891708524,0.001,0
2026-08-14T13:42:50Z,0.426,27.9964,7.02,0.3792,0.0852,0.2115,0.4458,153.093,162.207576,5.9425,76.144,121.89,360271.5102982463,0.001,0
2026-08-14T13:42:50Z,0.426,27.9911,7.02,0.3945,0.0852,0.2115,0.5817,153.107,162.215045,5.9538,75.935,113.87,360412.1957602248,0,0
2026-08-14T13:42:50Z,0.426,27.9835,7.02,0.3563,0.0852,0.2115,0.4458,153.126,162.232807,5.9625,75.597,117.44,360654.3201320313,0,0
2026-08-14T13:42:50Z,0.425,27.9757,7.02,0.3792,0.0852,0.2115,0.4911,153.158,162.265597,5.9661,75.165,119.35,360986.2195161388,0,0
2026-08-14T13:42:50Z,0.425,27.9702,7.11,0.3754,0.0426,0.2538,0.476,153.194,162.302116,5.9609,74.675,117.06,361297.054128907,0,0
2026-08-14T13:42:50Z,0.426,27.9675,7.11,0.3945,0.0426,0.2538,0.5364,153.203,162.312013,5.9448,74.153,119.35,361403.782215129,0,0
2026-08-14T13:42:50Z,0.426,27.9667,7.11,0.3983,0.0426,0.2538,0.4911,153.183,162.289912,5.9185,73.607,118.11,361292.1922590145,0,0
2026-08-14T13:42:50Z,0.426,27.9663,7.11,0.3792,0.0426,0.2538,0.5515,153.142,162.245953,5.8847,73.037,116.76,361048.19953400386,0.001,0
2026-08-14T13:42:50Z,0.426,27.966,7.11,0.3601,0.0426,0.2115,0.5213,153.105,162.206498,5.8464,72.445,120.7,360828.19497948926,0.001,0
2026-08-14T13:42:50Z,0.426,27.9658,7.11,0.3754,0.0426,0.2115,0.4609,153.095,162.1951,5.8055,71.828,117.57,360766.75355345686,0,0
2026-08-14T13:42:50Z,0.426,27.9658,7.11,0.4097,0.0426,0.2115,0.5515,153.092,162.190679,5.7628,71.18,119.87,360741.486172207,0,0
2026-08-14T13:42:50Z,0.426,27.9656,7.11,0.3639,0.0426,0.2115,0.476,153.082,162.178027,5.7182,70.501,119.61,360672.8870771155,0,0
2026-08-14T13:42:50Z,0.426,27.9654,7.11,0.3716,0.0426,0.2115,0.4458,153.075,162.169805,5.6718,69.803,121.41,360629.60853477335,-3.31e-7,0
2026-08-14T13:42:50Z,0.426,27.9652,7.11,0.3334,0.0852,0.1692,0.3249,153.075,162.167829,5.6236,69.108,117.03,360622.02200096415,-4.255e-7,0
2026-08-14T13:42:50Z,0.426,27.9649,7.11,0.3067,0.0852,0.1692,0.2947,153.08,162.171572,5.5728,68.446,123.49,360648.9674678911,-5.471e-7,0
2026-08-14T13:42:50Z,0.426,27.9645,7.11,0.3449,0.0852,0.1692,0.2494,153.087,162.178022,5.5197,67.84,118.62,360693.237006953,-7.034e-7,0
2026-08-14T13:42:50Z,0.426,27.964,7.11,0.3143,0.0852,0.1692,0.3249,153.078,162.168856,5.4651,67.301,121.18,360650.1189276996,-9.044e-7,0
2026-08-14T13:42:50Z,0.426,27.9635,7.11,0.3868,0,0.1692,0.5515,153.053,162.145639,5.4108,66.822,122.34,360526.71901970025,0,0
2026-08-14T13:42:50Z,0.426,27.963,7.11,0.3945,0,0.1692,0.4911,153.032,162.13024,5.359,66.4,121.78,360448.00234824,0,0
2026-08-14T13:42:50Z,0.426,27.9626,7.11,0.3983,0,0.1692,0.5515,153.014,162.122563,5.3116,66.029,125.41,360411.552743904,0,0
2026-08-14T13:42:50Z,0.426,27.9628,7.11,0.3639,0,0.1692,0.4911,152.988,162.108533,5.2693,65.692,122.93,360327.71206132055,-0,0
2026-08-14T13:42:50Z,0.426,27.9637,7.11,0.3449,0.0852,0.2115,0.4911,152.956,162.088419,5.2317,65.375,126.94,360196.1900102382,-0,0
2026-08-14T13:42:50Z,0.426,27.9659,7.11,0.3182,0.0852,0.2115,0.4458,152.932,162.0749,5.1985,65.078,120.54,360078.30871054134,-0,0
2026-08-14T13:42:50Z,0.426,27.9696,7.11,0.3258,0.0852,0.2115,0.5213,152.925,162.076396,5.1692,64.805,127.25,360018.42633708444,-0,0
2026-08-14T13:42:50Z,0.426,27.9742,7.11,0.3029,0.0852,0.2115,0.476,152.92,162.077272,5.1424,64.551,118.98,359938.3825738648,-0,0
2026-08-14T13:42:50Z,0.426,27.9788,7.11,0.3639,0.0852,0.2115,0.5062,152.909,162.067739,5.1171,64.313,124.89,359798.98076082295,0,0
2026-08-14T13:42:50Z,0.426,27.9826,7.11,0.3639,0.0426,0.2538,0.4911,152.905,162.061291,5.0936,64.1,124.08,359692.0043866546,0,0
2026-08-14T13:42:50Z,0.426,27.9855,7.11,0.3716,0.0426,0.2538,0.5666,152.902,162.054204,5.0719,63.921,126.89,359598.0364983291,0,0
2026-08-14T13:42:50Z,0.426,27.9874,7.11,0.3792,0.0426,0.2538,0.5969,152.895,162.040578,5.0518,63.773,121.99,359485.27607214806,0,0
2026-08-14T13:42:50Z,0.426,27.9881,7.11,0.3983,0.0426,0.2538,0.5062,152.897,162.032815,5.0331,63.658,128.86,359428.1058721647,0,0
2026-08-14T13:42:50Z,0.426,27.9876,7.11,0.3945,0.0852,0.1692,0.4458,152.911,162.036862,5.0166,63.575,124.43,359460.4019389637,0,0
2026-08-14T13:42:50Z,0.426,27.9862,7.11,0.3906,0.0852,0.1692,0.5213,152.918,162.033754,5.0026,63.518,126.59,359468.52489169355,0,0
2026-08-14T13:42:50Z,0.426,27.984,7.11,0.3868,0.0852,0.1692,0.5213,152.901,162.004621,4.9912,63.475,127.66,359343.06577467127,0,0
2026-08-14T13:42:50Z,0.426,27.981,7.11,0.3945,0.0852,0.1692,0.476,152.875,161.967751,4.9825,63.446,129.79,359188.2885764924,0,0
2026-08-14T13:42:50Z,0.426,27.9774,7.11,0.3906,0.0426,0.2538,0.5062,152.866,161.94939,4.9764,63.444,128.72,359150.05791904964,0,0
2026-08-14T13:42:50Z,0.426,27.9739,7.11,0.3754,0.0426,0.2538,0.4458,152.869,161.946647,4.9722,63.464,132.78,359198.98386066814,0,0
2026-08-14T13:42:50Z,0.426,27.9704,7.11,0.3716,0.0426,0.2538,0.5515,152.878,161.950772,4.9691,63.479,125.71,359287.0698502222,0,0
2026-08-14T13:42:50Z,0.426,27.967,7.11,0.3754,0.0426,0.2538,0.5213,152.899,161.966873,4.9672,63.473,133.97,359441.62326554925,0,0
2026-08-14T13:42:50Z,0.426,27.9643,7.11,0.3945,0.0426,0.2961,0.5213,152.93,161.993231,4.9673,63.442,134.29,359641.8189119098,0,0
2026-08-14T13:42:50Z,0.426,27.9622,7.11,0.3983,0.0426,0.2961,0.4307,152.948,162.004804,4.969,63.388,128.94,359746.6451439536,0,0
2026-08-14T13:42:50Z,0.426,27.9604,7.11,0.3906,0.0426,0.2961,0.4458,152.938,161.988643,4.9704,63.335,139.26,359687.69302470866,0,0
2026-08-14T13:42:50Z,0.426,27.9586,7.11,0.3945,0.0426,0.2961,0.5213,152.923,161.968499,4.9701,63.304,129.99,359606.01831400185,0,0
2026-08-14T13:42:50Z,0.426,27.9565,7.11,0.3716,0.0426,0.2961,0.5817,152.918,161.961048,4.9678,63.302,141.11,359602.3012849441,-0.001,0
2026-08-14T13:42:50Z,0.426,27.9542,7.02,0.383,0.0426,0.1692,0.5817,152.913,161.952278,4.9638,63.333,133.71,359594.7526447108,-0.001,0
2026-08-14T13:42:50Z,0.425,27.9522,7.02,0.383,0.0426,0.1692,0.5969,152.915,161.947867,4.9598,63.416,141.64,359606.53195714764,-0.001,0
2026-08-14T13:42:50Z,0.425,27.9509,7.02,0.3906,0.0426,0.1692,0.2645,152.948,161.970691,4.9575,63.566,132.41,359760.8006876178,-0.001,0
2026-08-14T13:42:50Z,0.425,27.9502,7.02,0.4021,0.0426,0.1692,0.2645,152.985,161.996772,4.9574,63.776,143.49,359922.617784403,-0.002,0
2026-08-14T13:42:50Z,0.424,27.9491,7.11,0.3945,0.0426,0.2538,0.189,152.998,161.998987,4.9599,64.004,140.87,359955.6051704509,-0.002,0
2026-08-14T13:42:50Z,0.424,27.9468,7.11,0.3868,0.0426,0.2538,0.189,152.999,161.995965,4.9666,64.205,139.83,359980.8859542299,-0.003,0
2026-08-14T13:42:50Z,0.423,27.9431,7.11,0.3792,0.0426,0.2538,0.3854,152.999,161.998927,4.9787,64.363,147.51,360066.2418534029,-0.004,0
2026-08-14T13:42:50Z,0.422,27.9387,7.11,0.3792,0.0426,0.2538,0.5062,152.99,161.994633,4.9955,64.486,133.56,360123.12567116093,-0.005,0
2026-08-14T13:42:50Z,0.421,27.935,7.11,0.3754,0,0.1269,0.5515,152.974,161.983943,5.0137,64.587,149.02,360130.52718415327,-0.006,0
2026-08-14T13:42:50Z,0.42,27.9336,7.11,0.383,0,0.1269,0.4307,152.959,161.974029,5.0296,64.681,138.2,360099.7983947259,-0.008,0
2026-08-14T13:42:50Z,0.418,27.9345,7.11,0.3868,0,0.1269,0.4911,152.933,161.954228,5.0419,64.79,147.83,359970.04447064927,-0.01,0
2026-08-14T13:42:50Z,0.415,27.9363,7.11,0.3754,0,0.1269,0.6422,152.897,161.927279,5.0514,64.942,142.47,359782.87141132186,-0.013,0
2026-08-14T13:42:50Z,0.412,27.9382,7.11,0.3754,0,0.1269,0.4911,152.879,161.922073,5.0591,65.161,147.29,359718.0294841689,-0.016,0
2026-08-14T13:42:50Z,0.408,27.9402,7.2,0.3678,0.0426,0.1692,0.5515,152.892,161.95326,5.0662,65.469,147.29,359859.10459235834,-0.021,0
2026-08-14T13:42:50Z,0.403,27.9428,7.2,0.444,0.0426,0.1692,0.4458,152.903,161.99107,5.0745,65.902,152.2,360026.92627966974,-0.028,0
2026-08-14T13:42:50Z,0.396,27.9465,7.2,0.4402,0.0426,0.1692,0.4911,152.852,161.97744,5.0861,66.514,141.94,359880.6736761022,-0.036,0
2026-08-14T13:42:50Z,0.387,27.9509,7.2,0.4326,0.0426,0.1692,0.5515,152.728,161.900718,5.1028,67.381,150.03,359361.5837931952,-0.047,0
2026-08-14T13:42:50Z,0.375,27.9568,7.11,0.4631,0.0426,0.0846,0.5213,152.571,161.796571,5.1264,68.599,148.64,358659.15915484814,-0.06,0
2026-08-14T13:42:50Z,0.359,27.9655,7.11,0.3754,0.0426,0.0846,0.2192,152.357,161.637231,5.1594,70.269,169.37,357592.4237554482,-0.073,0
2026-08-14T13:42:50Z,0.338,27.9785,7.11,0.4059,0.0426,0.0846,0.2645,151.959,161.298029,5.206,72.47,176.7,355429.97608271154,-0.087,0
2026-08-14T13:42:50Z,0.312,27.9965,7.11,0.4021,0.0426,0.0846,0.3552,151.236,160.628382,5.2722,75.167,188.98,351325.8457682046,-0.098,0
2026-08-14T13:42:50Z,0.284,28.0173,7.11,0.3716,0.0426,0.2115,0.2343,150.076,159.489814,5.3654,78.125,205.24,344594.4844777226,-0.107,0
2026-08-14T13:42:50Z,0.254,28.0397,7.11,0.322,0.0426,0.2115,0.2343,148.269,157.638848,5.4936,81.039,215.95,334027.7606770505,-0.112,0
2026-08-14T13:42:50Z,0.223,28.0672,7.11,0.3449,0.0426,0.2115,0.2494,145.307,154.541807,5.6629,83.726,246.66,316977.3853782881,-0.112,0
2026-08-14T13:42:50Z,0.193,28.1003,7.11,0.3143,0.0426,0.2115,0.2947,140.331,149.296646,5.8702,86.055,631.34,289575.1504554716,-0.107,0
2026-08-14T13:42:50Z,0.164,28.1317,7.29,0.3372,0.0852,0.2115,0.2796,132.037,140.514679,6.0979,87.78,279.19,247412.5885632296,-0.099,0
2026-08-14T13:42:50Z,0.139,28.1557,7.29,0.322,0.0852,0.2115,0.612,118.271,125.896145,6.3228,88.653,337.51,186360.58192624777,-0.088,0
2026-08-14T13:42:50Z,0.117,28.1744,7.29,0.3067,0.0852,0.2115,0.612,95.37,101.534754,6.5304,88.61,256.28,107237.10180763679,-0.075,0
2026-08-14T13:42:50Z,0.1,28.192,7.29,0.3067,0.0852,0.2115,0.4156,57.222,60.926118,6.7101,87.77,355.96,29171.728372439127,-0.062,0
2026-08-14T13:42:50Z,0.087,28.2087,7.29,0.3296,0.0852,0.2115,0.5364,-6.329,-6.742698,6.8427,86.324,1653.6,NA,-0.049,0
2026-08-14T13:42:50Z,0.078,28.222,7.11,0.2571,0.0852,0.2115,0.5062,-112.235,-119.520719,6.9092,84.467,1652.9,NA,-0.038,0
2026-08-14T13:42:50Z,0.071,28.2311,7.11,0.2648,0.0852,0.2115,0.5364,-288.763,-307.506138,6.9049,82.385,1662.2,NA,-0.029,0
2026-08-14T13:42:50Z,0.065,28.2364,7.11,0.2571,0.0852,0.2115,0.476,-399.103,-425.00362,6.8389,80.259,1656.1,NA,-0.021,0
2026-08-14T13:42:50Z,0.061,28.2393,7.11,0.2648,0.0852,0.2115,0.5062,-288.775,-307.500998,6.726,78.254,1700.2,NA,-0.016,0
2026-08-14T13:42:50Z,0.058,28.2414,7.2,0.3143,0.0426,0.0846,0.5213,-112.248,-119.501049,6.5812,76.513,1691.4,NA,-0.011,0
2026-08-14T13:42:50Z,0.056,28.2435,7.2,0.3067,0.0426,0.0846,0.5817,-6.361,-6.731313,6.4189,75.122,1702.4,NA,-0.008,0
2026-08-14T13:42:50Z,0.055,28.2461,7.2,0.322,0.0426,0.0846,0.5364,57.139,60.896175,6.2531,74.088,1747.4,29057.723312793365,-0.005,0
2026-08-14T13:42:50Z,0.054,28.2492,7.2,0.3143,0.0426,0.0846,0.5062,95.249,101.479554,6.0965,73.346,1743.2,106682.5492191623,-0.003,0
2026-08-14T13:42:50Z,0.053,28.2521,7.2,0.3525,0.0426,0.0846,0.4458,118.145,125.857093,5.9604,72.822,1758.1,185299.50172412122,-0.002,0
2026-08-14T13:42:50Z,0.053,28.2543,7.2,0.2915,0.0426,0.0846,0.5817,131.892,140.485374,5.8518,72.447,1754.3,245736.31647898443,-0.001,0
2026-08-14T13:42:50Z,0.053,28.2554,7.2,0.3143,0.0426,0.0846,0.4458,140.123,149.237207,5.771,72.145,1741.7,286993.6076616868,-0,0
2026-08-14T13:42:50Z,0.053,28.2552,7.2,0.3143,0.0426,0.0846,0.4911,145.057,154.478483,5.7132,71.846,1733.8,313611.8298034837,0,0
2026-08-14T13:42:50Z,0.053,28.2533,7.2,0.3029,0.0426,0.0846,0.5515,148.047,157.650974,5.6725,71.514,1716.9,330459.75508061115,0.001,0
2026-08-14T13:42:50Z,0.054,28.2497,7.11,0.322,0.0426,0.2538,0.4911,149.862,159.574618,5.6436,71.171,1716.6,340982.30114937254,0.001,0
2026-08-14T13:42:50Z,0.054,28.2453,7.11,0.3372,0.0426,0.2538,0.5666,150.922,160.700249,5.6206,70.878,1733.8,347274.7642537584,0.001,0
2026-08-14T13:42:50Z,0.054,28.2408,7.11,0.3143,0.0426,0.2538,0.612,151.517,161.334049,5.5977,70.668,1736.8,350885.5750498096,0.001,0
2026-08-14T13:42:50Z,0.054,28.2369,7.11,0.3334,0.0426,0.2538,0.4911,151.866,161.707169,5.5721,70.528,1738.3,353044.8422500035,0.001,0
2026-08-14T13:42:50Z,0.054,28.234,7.2,0.3372,0.0852,0.0846,0.4911,152.098,161.955188,5.5458,70.456,1740.6,354490.3874417492,0.001,0
2026-08-14T13:42:50Z,0.055,28.2328,7.2,0.2991,0.0852,0.0846,0.4911,152.255,162.12019,5.5231,70.501,1738.7,355440.911133107,0.001,0
2026-08-14T13:42:50Z,0.055,28.233,7.2,0.3067,0.0852,0.0846,0.476,152.337,162.20208,5.5067,70.691,1733.8,355898.7632610809,0.001,0
2026-08-14T13:42:50Z,0.055,28.2336,7.2,0.3372,0.0852,0.0846,0.5213,152.352,162.210667,5.4956,70.983,1719.2,355936.25157767994,0.001,0
2026-08-14T13:42:50Z,0.055,28.2336,7.2,0.3182,0.0852,0.2961,0.5817,152.331,162.178309,5.49,71.296,1717.7,355753.84570690326,0.001,0
2026-08-14T13:42:50Z,0.055,28.2328,7.2,0.3143,0.0852,0.2961,0.5213,152.329,162.164524,5.4936,71.576,1692.9,355690.71101774107,0.001,0
2026-08-14T13:42:50Z,0.055,28.2312,7.2,0.322,0.0852,0.2961,0.5515,152.369,162.193697,5.5086,71.82,1715.8,355884.2720783578,0.001,0
2026-08-14T13:42:50Z,0.055,28.2288,7.2,0.3258,0.0852,0.2961,0.4307,152.412,162.225503,5.5316,72.04,1699.5,356107.33320122317,0.001,0
2026-08-14T13:42:50Z,0.056,28.2255,7.2,0.3258,0.0852,0.2961,0.4005,152.434,162.234348,5.5563,72.225,1711.7,356217.3558339113,0.001,0
2026-08-14T13:42:50Z,0.056,28.2216,7.2,0.3182,0.0852,0.1692,0.5817,152.446,162.234614,5.5785,72.348,1719.2,356289.939641961,0.001,0
2026-08-14T13:42:50Z,0.056,28.2173,7.2,0.2915,0.0852,0.1692,0.5515,152.453,162.230383,5.5979,72.405,1705.4,356344.45563951775,0.001,0
2026-08-14T13:42:50Z,0.056,28.2127,7.2,0.3296,0.0852,0.1692,0.4911,152.442,162.208497,5.6156,72.418,1723.7,356304.8032380286,0.001,0
2026-08-14T13:42:50Z,0.056,28.208,7.2,0.3143,0.0852,0.1692,0.5062,152.425,162.179157,5.6305,72.41,1709.5,356224.8976376104,0.001,0
2026-08-14T13:42:50Z,0.057,28.2037,7.2,0.322,0.0852,0.0846,0.4458,152.416,162.158591,5.6405,72.387,1714.7,356187.21213498263,0.001,0
2026-08-14T13:42:50Z,0.057,28.1999,7.2,0.322,0.0852,0.0846,0.4307,152.414,162.145322,5.6453,72.346,1713.6,356181.591060231,0.001,0
2026-08-14T13:42:50Z,0.057,28.1964,7.2,0.2991,0.0852,0.0846,0.4156,152.414,162.135812,5.6466,72.294,1714.7,356191.71726036083,0.001,0
2026-08-14T13:42:50Z,0.058,28.1929,7.2,0.3411,0.0852,0.0846,0.5666,152.414,162.129527,5.6463,72.255,1711,356220.0499632075,0.001,0
2026-08-14T13:42:50Z,0.058,28.1891,7.11,0.3067,0.0426,0.1692,0.4911,152.415,162.126795,5.6449,72.25,1722.2,356273.9183369255,0.001,0
2026-08-14T13:42:50Z,0.058,28.1855,7.11,0.3105,0.0426,0.1692,0.4458,152.407,162.116867,5.6421,72.271,1724.8,356283.5147704453,0.001,0
2026-08-14T13:42:50Z,0.058,28.1825,7.11,0.322,0.0426,0.1692,0.5062,152.39,162.097095,5.6383,72.293,1710.6,356226.5798064607,0.001,0
2026-08-14T13:42:50Z,0.059,28.1804,7.11,0.3143,0.0426,0.1692,0.5817,152.38,162.082252,5.6355,72.278,1728.5,356181.0629063129,0.001,0
2026-08-14T13:42:50Z,0.059,28.1793,7.2,0.2953,0.0852,0.1692,0.5213,152.388,162.086417,5.6352,72.192,1703.9,356224.64046237007,0.001,0
2026-08-14T13:42:50Z,0.059,28.1787,7.2,0.3296,0.0852,0.1692,0.612,152.41,162.104688,5.637,72.006,1716.6,356338.77100421686,0.001,0
2026-08-14T13:42:50Z,0.059,28.1781,7.2,0.2991,0.0852,0.1692,0.5364,152.417,162.105858,5.6388,71.701,1718.1,356356.3256685934,0.001,0
2026-08-14T13:42:50Z,0.06,28.1771,7.2,0.2457,0.0852,0.1692,0.4609,152.406,162.086231,5.6377,71.261,1734.2,356263.714555446,0.001,0
2026-08-14T13:42:50Z,0.06,28.1756,7.2,0.2342,0.0852,0.1692,0.4307,152.404,162.07665,5.6311,70.691,1726.7,356236.96419092594,0.001,0
2026-08-14T13:42:50Z,0.06,28.1737,7.2,0.2571,0.0852,0.1692,0.476,152.431,162.096609,5.6168,70.021,1730,356384.36053025967,0.001,0
2026-08-14T13:42:50Z,0.06,28.1717,7.2,0.2419,0.0852,0.1692,0.5364,152.478,162.137398,5.5932,69.289,1730.8,356651.34880044585,0.001,0
2026-08-14T13:42:50Z,0.06,28.1693,7.2,0.2648,0.0852,0.1692,0.5213,152.512,162.165798,5.5591,68.53,1708.7,356855.73668945895,0.001,0
2026-08-14T13:42:50Z,0.06,28.1666,7.2,0.2304,0.0852,0.1692,0.4307,152.521,162.167334,5.5149,67.775,1709.1,356913.76247116097,0.001,0
2026-08-14T13:42:50Z,0.061,28.1638,7.2,0.2419,0.0852,0.1692,0.5213,152.512,162.150432,5.4629,67.047,1714,356869.3518816478,0.001,0
2026-08-14T13:42:50Z,0.061,28.1609,7.2,0.2457,0.0852,0.1692,0.5364,152.493,162.122612,5.406,66.362,1708,356765.0290047442,0.001,0
2026-08-14T13:42:50Z,0.061,28.1581,7.2,0.2381,0.0852,0.1692,0.5666,152.474,162.096498,5.3471,65.735,1708.7,356668.53066714323,0.001,0
2026-08-14T13:42:50Z,0.061,28.1555,7.2,0.2762,0.0852,0.1692,0.4005,152.461,162.077152,5.2884,65.177,1718.1,356606.6451674496,0.001,0
2026-08-14T13:42:50Z,0.061,28.1531,7.11,0.2724,0.0852,0.2538,0.5969,152.454,162.065429,5.2319,64.684,1717.7,356584.2015120155,0.001,0
2026-08-14T13:42:50Z,0.062,28.1508,7.11,0.2762,0.0852,0.2538,0.4458,152.457,162.064216,5.1786,64.247,1715.1,356619.35036435653,0.001,0
2026-08-14T13:42:50Z,0.062,28.1488,7.11,0.2876,0.0852,0.2538,0.5364,152.464,162.067174,5.1299,63.867,1723.3,356672.6098127379,0.001,0
2026-08-14T13:42:50Z,0.062,28.147,7.11,0.3296,0.0852,0.2538,0.476,152.475,162.075094,5.0866,63.556,1721,356750.28681404993,0,0
2026-08-14T13:42:50Z,0.062,28.1454,7.11,0.322,0.0852,0.2538,0.5817,152.487,162.084074,5.0482,63.335,1720.7,356830.32008107775,0,0
2026-08-14T13:42:50Z,0.062,28.144,7.2,0.3029,0.0852,0.2115,0.4911,152.488,162.080473,5.0142,63.222,1713.6,356835.53895315615,0,0
2026-08-14T13:42:50Z,0.062,28.1427,7.2,0.383,0.0852,0.2115,0.4156,152.49,162.077362,4.9846,63.235,1718.1,356841.70208269474,0,0
2026-08-14T13:42:50Z,0.062,28.1415,7.2,0.3945,0.0852,0.2115,0.5666,152.508,162.089945,4.9605,63.392,1714.3,356934.8298222417,0,0
2026-08-14T13:42:50Z,0.063,28.1402,7.2,0.3792,0.0852,0.2115,0.5213,152.515,162.089508,4.9434,63.702,1711.3,356956.1269287228,0,0
2026-08-14T13:42:50Z,0.063,28.1387,7.2,0.3678,0.0852,0.0846,0.5817,152.495,162.063906,4.9347,64.174,1724,356838.6940849643,0.001,0
2026-08-14T13:42:50Z,0.063,28.1369,7.2,0.3105,0.0852,0.0846,0.5515,152.492,162.058426,4.9359,64.822,1724.8,356840.5943287254,0.001,0
2026-08-14T13:42:50Z,0.063,28.1346,7.2,0.3372,0.0852,0.0846,0.5364,152.509,162.075615,4.9483,65.671,1725.5,356979.91343963944,0.001,0
2026-08-14T13:42:50Z,0.063,28.1323,7.2,0.3296,0.0852,0.0846,0.5666,152.508,162.071954,4.9727,66.748,1729.3,357001.2584559193,0.001,0
2026-08-14T13:42:50Z,0.063,28.1306,7.2,0.3449,0.0852,0.1269,0.5515,152.491,162.050474,5.0097,68.054,1728.9,356910.7815676187,0.001,0
2026-08-14T13:42:50Z,0.064,28.1298,7.2,0.3258,0.0852,0.1269,0.5062,152.487,162.041525,5.0603,69.546,1729.7,356874.7667826149,0.001,0
2026-08-14T13:42:50Z,0.064,28.1295,7.2,0.3258,0.0852,0.1269,0.5817,152.492,162.042722,5.1267,71.154,1731.9,356887.0255918526,0.001,0
2026-08-14T13:42:50Z,0.064,28.1288,7.2,0.3372,0.0852,0.1269,0.5515,152.481,162.026323,5.2108,72.791,1737.2,356807.02633749385,0.001,0
2026-08-14T13:42:50Z,0.064,28.1277,7.11,0.3143,0.0852,0.1269,0.4911,152.46,161.99597,5.3128,74.351,1738,356655.40317198186,0.001,0
2026-08-14T13:42:50Z,0.064,28.1263,7.11,0.3372,0.0852,0.1269,0.612,152.452,161.979649,5.4294,75.698,1741,356588.65947608737,0.001,0
2026-08-14T13:42:50Z,0.065,28.1249,7.11,0.322,0.0852,0.1269,0.4911,152.449,161.968999,5.5551,76.706,1744.4,356553.9954583476,0.001,0
2026-08-14T13:42:50Z,0.065,28.1231,7.11,0.3143,0.0852,0.1269,0.5062,152.429,161.939129,5.6831,77.302,1741.7,356417.93481724686,0.001,0
2026-08-14T13:42:50Z,0.065,28.1208,7.11,0.3143,0.0852,0.1269,0.476,152.392,161.892098,5.8052,77.479,1743.6,356193.99878239137,0.002,0
2026-08-14T13:42:50Z,0.066,28.118,7.11,0.3258,0.0426,0.2115,0.5817,152.365,161.853446,5.9106,77.269,1738,356026.6043843338,0.002,0
2026-08-14T13:42:50Z,0.066,28.1154,7.11,0.3296,0.0426,0.2115,0.5062,152.363,161.840926,5.9896,76.745,1743.2,356003.2730500606,0.002,0
2026-08-14T13:42:50Z,0.067,28.1129,7.11,0.3258,0.0426,0.2115,0.5213,152.38,161.847191,6.0364,76.011,1741.4,356084.30090431764,0.002,0
2026-08-14T13:42:50Z,0.067,28.1101,7.11,0.322,0.0426,0.2115,0.612,152.398,161.853866,6.0505,75.159,1740.2,356173.1414846779,0.003,0
2026-08-14T13:42:50Z,0.068,28.1071,7.2,0.3143,0.0426,0.3384,0.4005,152.415,161.858723,6.0344,74.265,1742.5,356255.3748905717,0.004,0
2026-08-14T13:42:50Z,0.069,28.1036,7.2,0.3182,0.0426,0.3384,0.5364,152.443,161.875082,5.9938,73.393,1737.2,356411.8288688371,0.004,0
2026-08-14T13:42:50Z,0.07,28.0997,7.2,0.3334,0.0426,0.3384,0.5213,152.467,161.887262,5.9369,72.588,1741.4,356552.00609961274,0.005,0
2026-08-14T13:42:50Z,0.071,28.0956,7.2,0.3143,0.0426,0.3384,0.4911,152.479,161.886483,5.8708,71.863,1738.3,356622.53710794024,0.007,0
2026-08-14T13:42:50Z,0.073,28.0915,7.11,0.3258,0.0426,0.0846,0.4911,152.494,161.888572,5.8014,71.212,1736.8,356709.3238675026,0.008,0
2026-08-14T13:42:50Z,0.075,28.0872,7.11,0.3487,0.0426,0.0846,0.5213,152.496,161.878052,5.7337,70.628,1745.5,356728.3936281538,0.01,0
2026-08-14T13:42:50Z,0.077,28.0827,7.11,0.2762,0.0426,0.0846,0.4911,152.475,161.840089,5.6713,70.117,1741.7,356595.7320805041,0.013,0
2026-08-14T13:42:50Z,0.081,28.0782,7.11,0.3029,0.0426,0.0846,0.5364,152.457,161.804647,5.6151,69.687,1728.9,356477.3453971724,0.016,0
2026-08-14T13:42:50Z,0.085,28.0738,7.11,0.3372,0.0426,0.0846,0.6271,152.463,161.794343,5.5646,69.355,1720.7,356499.4373867827,0.02,0
2026-08-14T13:42:50Z,0.09,28.0694,7.2,0.3372,0.0852,0.0846,0.5062,152.467,161.782377,5.5194,69.13,1702.1,356512.12081883685,0.025,0
2026-08-14T13:42:50Z,0.096,28.0645,7.2,0.3143,0.0852,0.0846,0.5817,152.45,161.749523,5.4799,69.011,1656.8,356415.668833545,0.03,0
2026-08-14T13:42:50Z,0.104,28.059,7.2,0.3258,0.0852,0.0846,0.5062,152.425,161.703052,5.4469,68.977,532.33,356253.08526339487,0.037,0
2026-08-14T13:42:50Z,0.114,28.0535,7.2,0.2648,0.0852,0.0846,0.5817,152.402,161.64661,5.4214,69.001,266.33,356034.0743157927,0.043,0
2026-08-14T13:42:50Z,0.126,28.0483,7.11,0.2648,0,0.1692,0.4307,152.407,161.603225,5.4044,69.06,251.26,355883.4973262413,0.049,0
2026-08-14T13:42:50Z,0.14,28.0431,7.11,0.2495,0,0.1692,0.4911,152.454,161.587384,5.3956,69.142,241.2,355888.78201370937,0.054,0
2026-08-14T13:42:50Z,0.156,28.0366,7.11,0.28,0,0.1692,0.4609,152.509,161.572808,5.3936,69.271,233.32,355924.96272535104,0.057,0
2026-08-14T13:42:50Z,0.172,28.0263,7.11,0.3639,0,0.1692,0.5062,152.56,161.553603,5.3965,69.478,222.72,356004.3529683087,0.058,0
2026-08-14T13:42:50Z,0.189,28.0101,7.2,0.3754,0.0426,0.1269,0.5515,152.62,161.548694,5.4026,69.769,213.38,356272.62464941444,0.056,0
2026-08-14T13:42:50Z,0.203,27.9887,7.2,0.3601,0.0426,0.1269,0.5364,152.68,161.552761,5.4111,70.151,197.84,356687.29076163395,0.054,0
2026-08-14T13:42:50Z,0.216,27.9649,7.2,0.3678,0.0426,0.1269,0.5515,152.722,161.546841,5.4234,70.647,229.64,357089.86068567453,0.051,0
2026-08-14T13:42:50Z,0.227,27.941,7.2,0.3792,0.0426,0.1269,0.5666,152.745,161.529355,5.442,71.232,203.29,357429.1124345047,0.049,0
2026-08-14T13:42:50Z,0.238,27.9186,7.2,0.4097,0.0852,0.2115,0.476,152.767,161.521692,5.467,71.818,214.78,357797.1637926352,0.048,0
2026-08-14T13:42:50Z,0.25,27.8989,7.2,0.3906,0.0852,0.2115,0.4005,152.797,161.531829,5.4988,72.334,178.56,358217.43995077536,0.047,0
2026-08-14T13:42:50Z,0.262,27.8823,7.2,0.4059,0.0852,0.2115,0.612,152.815,161.540421,5.5393,72.77,209.43,358572.3321460814,0.048,0
2026-08-14T13:42:50Z,0.275,27.8689,7.2,0.4479,0.0852,0.2115,0.5213,152.826,161.547756,5.5865,73.163,196.64,358861.4009623132,0.048,0
2026-08-14T13:42:50Z,0.288,27.8586,7.2,0.4288,0.0852,0.2115,0.5515,152.857,161.575832,5.6335,73.556,176.66,359211.9547472506,0.048,0
2026-08-14T13:42:50Z,0.301,27.8518,7.2,0.444,0,0.2115,0.4911,152.892,161.612093,5.6746,73.973,200.7,359544.8998223564,0.047,0
2026-08-14T13:42:50Z,0.312,27.8484,7.2,0.4517,0,0.2115,0.5364,152.896,161.622112,5.7091,74.422,173.96,359665.08791313873,0.045,0
2026-08-14T13:42:50Z,0.324,27.8467,7.2,0.4288,0,0.2115,0.4911,152.885,161.616581,5.7401,74.899,194.22,359664.9154163929,0.042,0
2026-08-14T13:42:50Z,0.335,27.8454,7.2,0.4364,0,0.2115,0.5213,152.883,161.618075,5.7711,75.379,193.84,359697.51501274935,0.038,0
2026-08-14T13:42:50Z,0.345,27.8451,7.11,0.4288,0,0.2115,0.5969,152.88,161.618977,5.8038,75.797,203.55,359708.22281826905,0.034,0
2026-08-14T13:42:50Z,0.353,27.8467,7.11,0.4326,0,0.2115,0.612,152.871,161.619527,5.8389,76.065,207.71,359681.7526389022,0.029,0
2026-08-14T13:42:50Z,0.36,27.8487,7.11,0.425,0,0.2115,0.5364,152.866,161.627888,5.8761,76.12,216.56,359692.549854635,0.025,0
2026-08-14T13:42:50Z,0.365,27.8499,7.11,0.4212,0,0.2115,0.5515,152.851,161.630258,5.9137,75.953,199.74,359683.8928158257,0.02,0
2026-08-14T13:42:50Z,0.369,27.8514,7.2,0.4364,0.0426,0.2115,0.4911,152.818,161.615241,5.9463,75.621,220.07,359570.27374757687,0.017,0
2026-08-14T13:42:50Z,0.372,27.8545,7.2,0.425,0.0426,0.2115,0.4307,152.778,161.594871,5.9671,75.207,194.35,359396.50182335713,0.014,0
2026-08-14T13:42:50Z,0.376,27.8593,7.2,0.444,0.0426,0.2115,0.5666,152.749,161.583759,5.9708,74.783,199.92,359244.27573328407,0.013,0
2026-08-14T13:42:50Z,0.378,27.8651,7.2,0.4402,0.0426,0.2115,0.476,152.737,161.586961,5.9571,74.392,197.84,359155.3933284404,0.012,0
2026-08-14T13:42:50Z,0.381,27.8718,7.2,0.4364,0.0426,0.2115,0.5213,152.746,161.605333,5.9303,74.062,191.12,359136.54264543415,0.012,0
2026-08-14T13:42:50Z,0.384,27.8788,7.2,0.4364,0.0426,0.1692,0.4609,152.769,161.631747,5.8972,73.817,202.1,359158.0702222512,0.013,0
2026-08-14T13:42:50Z,0.387,27.8853,7.2,0.4364,0.0426,0.1692,0.476,152.78,161.63717,5.8633,73.663,197.33,359068.9876180082,0.014,0
2026-08-14T13:42:50Z,0.391,27.8904,7.2,0.4326,0.0426,0.1692,0.4458,152.766,161.611021,5.8321,73.578,207.17,358825.62480830436,0.016,0
2026-08-14T13:42:50Z,0.396,27.8933,7.2,0.4593,0.0426,0.1692,0.5515,152.752,161.578395,5.8059,73.508,204.53,358586.0363689234,0.017,0
2026-08-14T13:42:50Z,0.4,27.8939,7.11,0.4517,0.0426,0.1269,0.4911,152.757,161.562662,5.7866,73.414,220.79,358485.26191369735,0.019,0
2026-08-14T13:42:50Z,0.405,27.8921,7.11,0.4212,0.0426,0.1269,0.5515,152.776,161.559624,5.7747,73.296,197.07,358501.117640174,0.02,0
2026-08-14T13:42:50Z,0.41,27.8882,7.11,0.4288,0.0426,0.1269,0.5969,152.784,161.544417,5.7684,73.16,209.39,358486.29492527473,0.022,0
2026-08-14T13:42:50Z,0.415,27.8825,7.11,0.4364,0.0426,0.1269,0.476,152.779,161.516994,5.7635,73.025,212.87,358434.98666404735,0.025,0
2026-08-14T13:42:50Z,0.422,27.8754,7.11,0.4479,0,0.1692,0.4911,152.785,161.504113,5.7569,72.927,182.64,358492.41267064767,0.027,0
2026-08-14T13:42:50Z,0.429,27.8678,7.11,0.4288,0,0.1692,0.4458,152.801,161.504345,5.7484,72.891,200,358633.89615514566,0.029,0
2026-08-14T13:42:50Z,0.438,27.8602,7.11,0.4517,0,0.1692,0.476,152.807,161.495701,5.7385,72.931,187.99,358724.78643932455,0.03,0
2026-08-14T13:42:50Z,0.446,27.853,7.11,0.3983,0,0.1692,0.4458,152.82,161.495921,5.7287,73.055,205.78,358858.93976088834,0.031,0
2026-08-14T13:42:50Z,0.455,27.8467,7.11,0.425,0,0.1692,0.5364,152.855,161.519091,5.7217,73.236,194.14,359107.63569163845,0.031,0
2026-08-14T13:42:50Z,0.463,27.8414,7.2,0.4593,0.0426,0.2538,0.6875,152.88,161.533308,5.7193,73.4,192.96,359286.83220895665,0.03,0
2026-08-14T13:42:50Z,0.47,27.8365,7.2,0.4288,0.0426,0.2538,0.5062,152.879,161.524323,5.7229,73.47,205.33,359326.0724766201,0.029,0
2026-08-14T13:42:50Z,0.477,27.8318,7.2,0.4326,0.0426,0.2538,0.5364,152.867,161.505775,5.7331,73.422,187.58,359306.9496894864,0.027,0
2026-08-14T13:42:50Z,0.484,27.8272,7.2,0.4097,0.0426,0.2538,0.6271,152.859,161.490756,5.7478,73.277,198.36,359306.14857707924,0.026,0
2026-08-14T13:42:50Z,0.49,27.8235,7.11,0.444,0.0852,0.1692,0.5666,152.87,161.493302,5.7611,73.071,188.44,359389.138882148,0.025,0
2026-08-14T13:42:50Z,0.496,27.8208,7.11,0.4173,0.0852,0.1692,0.4307,152.902,161.518097,5.7669,72.868,194.98,359580.91549413826,0.024,0
2026-08-14T13:42:50Z,0.502,27.8189,7.11,0.4364,0.0852,0.1692,0.4307,152.944,161.555719,5.7633,72.773,183.47,359831.36864683725,0.024,0
2026-08-14T13:42:50Z,0.508,27.8168,7.11,0.4212,0.0852,0.1692,0.5062,152.974,161.586134,5.7521,72.891,194.9,360044.3880195467,0.023,0
2026-08-14T13:42:50Z,0.514,27.8138,7.11,0.5013,0.0426,0.1269,0.5213,152.976,161.591398,5.7362,73.282,173.24,360130.1400388552,0.023,0
2026-08-14T13:42:50Z,0.52,27.8107,7.11,0.5051,0.0426,0.1269,0.5515,152.952,161.568905,5.7206,73.912,190.58,360058.7952464069,0.022,0
2026-08-14T13:42:50Z,0.525,27.8086,7.11,0.486,0.0426,0.1269,0.5213,152.929,161.542724,5.7133,74.673,175.82,359947.7995253172,0.022,0
2026-08-14T13:42:50Z,0.531,27.8083,7.11,0.5089,0.0426,0.1269,0.4911,152.938,161.543955,5.7227,75.427,176.32,359960.405493035,0.022,0
2026-08-14T13:42:50Z,0.537,27.8093,7.11,0.4822,0.0852,0.2538,0.4911,152.969,161.562904,5.7532,76.037,181.25,360050.3759114595,0.022,0
2026-08-14T13:42:50Z,0.542,27.8102,7.11,0.5203,0.0852,0.2538,0.5515,152.993,161.570551,5.8026,76.381,170.96,360077.48247156286,0.022,0
2026-08-14T13:42:50Z,0.548,27.8096,7.11,0.4898,0.0852,0.2538,0.4609,153.009,161.564925,5.8624,76.395,180.15,360056.38434233173,0.022,0
2026-08-14T13:42:50Z,0.554,27.8069,7.11,0.5127,0.0852,0.2538,0.5062,153.024,161.55655,5.9219,76.097,164.65,360058.47091857507,0.022,0
2026-08-14T13:42:50Z,0.56,27.8023,7.11,0.5089,0.0852,0.2538,0.5515,153.038,161.5472,5.9703,75.54,177.05,360090.1982300137,0.022,0
2026-08-14T13:42:50Z,0.565,27.7964,7.2,0.5127,0,0.1269,0.2041,153.048,161.534381,5.9979,74.778,168.71,360126.1647155127,0.021,0
2026-08-14T13:42:50Z,0.571,27.7893,7.2,0.4936,0,0.1269,0.3552,153.053,161.518682,5.9997,73.874,171.71,360167.8941557595,0.021,0
2026-08-14T13:42:50Z,0.576,27.7815,7.2,0.4936,0,0.1269,0.3098,153.066,161.513953,5.9771,72.907,175.1,360285.4988462896,0.02,0
2026-08-14T13:42:50Z,0.581,27.7735,7.2,0.4975,0,0.1269,0.2645,153.093,161.528954,5.9343,71.962,167.58,360520.0187992011,0.02,0
2026-08-14T13:42:50Z,0.586,27.7658,7.11,0.5051,0.0852,0.2115,0.4911,153.109,161.53762,5.8752,71.105,173.81,360712.77432045434,0.02,0
2026-08-14T13:42:50Z,0.591,27.7589,7.11,0.4936,0.0852,0.2115,0.4458,153.098,161.520213,5.8049,70.38,171.86,360741.1145954783,0.02,0
2026-08-14T13:42:50Z,0.596,27.7531,7.11,0.486,0.0852,0.2115,0.4911,153.079,161.49815,5.7295,69.822,167.32,360722.2868807498,0.021,0
2026-08-14T13:42:50Z,0.601,27.7488,7.11,0.4975,0.0852,0.2115,0.4458,153.075,161.493605,5.6556,69.456,171.18,360776.129038323,0.021,0
2026-08-14T13:42:50Z,0.607,27.7459,7.11,0.5432,0.0852,0.2115,0.2645,153.076,161.497351,5.5886,69.302,158.58,360851.5550059867,0.022,0
2026-08-14T13:42:50Z,0.613,27.7441,7.11,0.5509,0.0852,0.2115,0.189,153.07,161.496355,5.5318,69.394,172.12,360879.3080897617,0.022,0
2026-08-14T13:42:50Z,0.619,27.7432,7.11,0.5699,0.0852,0.2115,0.2343,153.057,161.490352,5.488,69.766,168.27,360861.5731268644,0.022,0
2026-08-14T13:42:50Z,0.625,27.7431,7.11,0.528,0.0852,0.2115,0.189,153.032,161.475738,5.4592,70.391,164.87,360779.5199232667,0.022,0
2026-08-14T13:42:50Z,0.63,27.7439,7.11,0.6081,0.0852,0.2115,0.2645,152.999,161.458637,5.4471,71.194,172.08,360666.4727727826,0.021,0
2026-08-14T13:42:50Z,0.635,27.7456,7.2,0.6005,0.0426,0.2538,0.1588,152.975,161.452529,5.4542,72.103,167.8,360599.8182514272,0.02,0
2026-08-14T13:42:50Z,0.64,27.7482,7.2,0.6233,0.0426,0.2538,0.2494,152.963,161.453784,5.4832,73.06,167.11,360558.7073328696,0.02,0
2026-08-14T13:42:50Z,0.645,27.7522,7.2,0.5928,0.0426,0.2538,0.2645,152.95,161.444698,5.5319,73.993,170.33,360432.2671840156,0.019,0
2026-08-14T13:42:50Z,0.65,27.758,7.2,0.5509,0.0426,0.2538,0.2645,152.935,161.426857,5.5944,74.82,163.87,360222.2535032102,0.019,0
2026-08-14T13:42:50Z,0.655,27.7643,7.2,0.5585,0.0426,0.0846,0.2343,152.931,161.419554,5.6652,75.479,166.85,360063.487339247,0.019,0
2026-08-14T13:42:50Z,0.659,27.7687,7.2,0.5547,0.0426,0.0846,0.3552,152.941,161.42485,5.7399,75.942,166.24,360012.228690302,0.019,0
2026-08-14T13:42:50Z,0.664,27.7702,7.2,0.5509,0.0426,0.0846,0.2343,152.95,161.428123,5.8131,76.189,162.8,360003.1660620685,0.019,0
2026-08-14T13:42:50Z,0.669,27.7698,7.2,0.5356,0.0426,0.0846,0.2494,152.955,161.426236,5.8781,76.215,163.12,359999.76853391936,0.02,0
2026-08-14T13:42:50Z,0.674,27.7685,7.2,0.5356,0.0426,0.1692,0.3249,152.97,161.434719,5.93,76.05,162.91,360072.49537416134,0.021,0
2026-08-14T13:42:50Z,0.68,27.7668,7.2,0.5394,0.0426,0.1692,0.2796,152.993,161.451827,5.9666,75.768,161.18,360202.1016198526,0.021,0
2026-08-14T13:42:50Z,0.686,27.7647,7.2,0.528,0.0426,0.1692,0.3552,153.007,161.462077,5.9862,75.444,166.16,360299.8435323979,0.022,0
2026-08-14T13:42:50Z,0.691,27.7624,7.2,0.5089,0.0426,0.1692,0.2192,153.004,161.45818,5.9884,75.125,159.48,360320.18879714835,0.023,0
2026-08-14T13:42:50Z,0.697,27.76,7.2,0.5013,0,0.1692,0.3249,152.98,161.435089,5.9758,74.851,160.84,360232.3220747142,0.023,0
2026-08-14T13:42:50Z,0.703,27.7577,7.2,0.5089,0,0.1692,0.2796,152.956,161.412703,5.9539,74.667,162.63,360146.6455394934,0.024,0
2026-08-14T13:42:50Z,0.709,27.7562,7.2,0.5051,0,0.1692,0.1739,152.955,161.413113,5.9286,74.58,156.19,360176.8298467916,0.026,0
2026-08-14T13:42:50Z,0.715,27.756,7.2,0.5165,0,0.1692,0.6422,152.965,161.420396,5.9036,74.539,165.7,360222.30222396995,0.027,0
2026-08-14T13:42:50Z,0.723,27.7568,7.2,0.5051,0,0.1692,0.5062,152.967,161.416448,5.8819,74.475,156.15,360184.8135429742,0.029,0
2026-08-14T13:42:50Z,0.73,27.7578,7.11,0.5013,0.0852,0.1269,0.4911,152.964,161.402222,5.8673,74.347,158.86,360084.6907708407,0.031,0
2026-08-14T13:42:50Z,0.739,27.7582,7.11,0.5203,0.0852,0.1269,0.5969,152.955,161.379935,5.8605,74.156,163.16,359949.5135053331,0.031,0
2026-08-14T13:42:50Z,0.747,27.7573,7.11,0.5623,0.0852,0.1269,0.3703,152.956,161.363689,5.8574,73.926,156.9,359873.0898361074,0.031,0
2026-08-14T13:42:50Z,0.756,27.7551,7.11,0.528,0.0852,0.1269,0.2494,152.977,161.365183,5.8525,73.689,165.98,359922.4454829464,0.031,0
2026-08-14T13:42:50Z,0.764,27.7518,7.2,0.5585,0.0852,0.2538,0.3552,153.002,161.370784,5.8428,73.476,158.44,360015.7579023259,0.029,0
2026-08-14T13:42:50Z,0.771,27.7473,7.2,0.5432,0.0852,0.2538,0.3249,153.019,161.36996,5.8283,73.299,161.96,360094.52197368816,0.027,0
2026-08-14T13:42:50Z,0.777,27.7417,7.2,0.528,0.0852,0.2538,0.2192,153.033,161.366497,5.8108,73.168,164.19,360178.59100450313,0.024,0
2026-08-14T13:42:50Z,0.783,27.735,7.2,0.547,0.0852,0.2538,0.2947,153.048,161.365486,5.7929,73.075,158.79,360297.1822653371,0.022,0
2026-08-14T13:42:50Z,0.788,27.7282,7.2,0.5432,0.0426,0.1269,0.2645,153.061,161.36465,5.7768,72.97,163.37,360418.68786846317,0.02,0
2026-08-14T13:42:50Z,0.793,27.721800000000002,7.2,0.5432,0.0426,0.1269,0.2947,153.072,161.363767,5.7636,72.788,163.37,360532.54352721275,0.019,0
2026-08-14T13:42:50Z,0.797,27.7159,7.2,0.4975,0.0426,0.1269,0.2192,153.086,161.366608,5.7538,72.513,160.87,360658.5380960396,0.018,0
2026-08-14T13:42:50Z,0.801,27.7107,7.2,0.5089,0.0426,0.1269,0.2192,153.097,161.369923,5.7471,72.16,161.57,360774.2878447134,0.018,0
2026-08-14T13:42:50Z,0.806,27.706,7.2,0.5013,0.0426,0.1269,0.2645,153.098,161.364574,5.7393,71.737,161.36,360830.9905712915,0.017,0
2026-08-14T13:42:50Z,0.81,27.7019,7.11,0.5242,0.0426,0.2538,0.2947,153.086,161.34713,5.7254,71.25,159.1,360807.03378381615,0.017,0
2026-08-14T13:42:50Z,0.814,27.6982,7.11,0.5242,0.0426,0.2538,0.4911,153.074,161.326968,5.7041,70.715,163.55,360760.0107397754,0.017,0
2026-08-14T13:42:50Z,0.819,27.6953,7.11,0.5165,0.0426,0.2538,0.5213,153.073,161.316752,5.6766,70.169,161.18,360755.25573109405,0.018,0
2026-08-14T13:42:50Z,0.823,27.6933,7.11,0.5394,0.0426,0.2538,0.4307,153.08,161.313757,5.6436,69.646,163.09,360775.25343733164,0.018,0
2026-08-14T13:42:50Z,0.828,27.6915,7.2,0.5776,0.0852,0.2115,0.4156,153.084,161.305157,5.6054,69.151,163.23,360759.31768888043,0.018,0
2026-08-14T13:42:50Z,0.832,27.6892,7.2,0.5432,0.0852,0.2115,0.2796,153.085,161.292667,5.5636,68.691,161.99,360730.3269186978,0.018,0
2026-08-14T13:42:50Z,0.837,27.6863,7.2,0.5318,0.0852,0.2115,0.2947,153.092,161.284982,5.5209,68.285,164.01,360740.1137604082,0.019,0
2026-08-14T13:42:50Z,0.842,27.6828,7.2,0.5318,0.0852,0.2115,0.3249,153.111,161.292077,5.4801,67.934,161.36,360846.0315602176,0.019,0
2026-08-14T13:42:50Z,0.847,27.6787,7.2,0.5661,0.0426,0.0846,0.2343,153.145,161.315842,5.4415,67.637,161.47,361059.02630568936,0.019,0
2026-08-14T13:42:50Z,0.852,27.6741,7.2,0.5509,0.0426,0.0846,0.2645,153.173,161.33656,5.4058,67.387,164.23,361263.91740298085,0.019,0
2026-08-14T13:42:50Z,0.857,27.6694,7.2,0.5509,0.0426,0.0846,0.2494,153.18,161.337707,5.3743,67.163,163.87,361358.1263748017,0.018,0
2026-08-14T13:42:50Z,0.862,27.6649,7.2,0.5356,0.0426,0.0846,0.34,153.172,161.325601,5.3471,66.953,162.7,361372.34342521644,0.018,0
2026-08-14T13:42:50Z,0.867,27.661,7.2,0.5394,0.0852,0.2115,0.2041,153.155,161.305031,5.324,66.772,162.73,361326.6493799115,0.018,0
2026-08-14T13:42:50Z,0.871,27.6583,7.2,0.5547,0.0852,0.2115,0.3552,153.128,161.276525,5.3047,66.65,163.48,361212.9022514947,0.017,0
2026-08-14T13:42:50Z,0.875,27.6563,7.2,0.5356,0.0852,0.2115,0.3098,153.119,161.266555,5.2872,66.631,161.61,361192.7958044457,0.017,0
2026-08-14T13:42:50Z,0.879,27.655,7.2,0.5242,0.0852,0.2115,0.1286,153.134,161.280478,5.2708,66.77,163.48,361297.17082918657,0.017,0
2026-08-14T13:42:50Z,0.884,27.6543,7.2,0.5776,0.0852,0.2115,0.3249,153.148,161.291943,5.2566,67.091,163.41,361376.2278018772,0.018,0
2026-08-14T13:42:50Z,0.888,27.654,7.2,0.5432,0.0426,0.3384,0.3854,153.162,161.302005,5.247,67.58,161.54,361439.7576006917,0.018,0
2026-08-14T13:42:50Z,0.893,27.6538,7.2,0.5127,0.0426,0.3384,0.2645,153.186,161.319357,5.2455,68.211,163.62,361543.41266413534,0.018,0
2026-08-14T13:42:50Z,0.898,27.6534,7.2,0.5509,0.0426,0.3384,0.2796,153.209,161.334597,5.2566,68.921,161.5,361638.6539181463,0.018,0
2026-08-14T13:42:50Z,0.902,27.6524,7.2,0.5356,0.0426,0.3384,0.2192,153.217,161.33375,5.2819,69.624,164.4,361652.4362050482,0.018,0
2026-08-14T13:42:50Z,0.907,27.6507,7.2,0.5242,0.0426,0.1692,0.34,153.21,161.318593,5.3206,70.266,162.59,361596.8516248513,0.018,0
2026-08-14T13:42:50Z,0.911,27.6482,7.2,0.5661,0.0426,0.1692,0.2192,153.197,161.299114,5.3705,70.827,162.59,361531.30077314336,0.017,0
2026-08-14T13:42:50Z,0.916,27.6452,7.2,0.5432,0.0426,0.1692,0.2947,153.187,161.286153,5.4267,71.288,164.51,361512.6205721503,0.017,0
2026-08-14T13:42:50Z,0.92,27.6421,7.2,0.5585,0.0426,0.1692,0.1286,153.193,161.292288,5.4824,71.648,161.78,361605.81008207006,0.016,0
2026-08-14T13:42:50Z,0.924,27.6394,7.2,0.5509,0.0426,0.2538,0.34,153.205,161.307129,5.5332,71.921,165.62,361741.7268039152,0.016,0
2026-08-14T13:42:50Z,0.928,27.6378,7.2,0.5432,0.0426,0.2538,0.2947,153.206,161.310582,5.5775,72.086,166.24,361791.5031385999,0.015,0
2026-08-14T13:42:50Z,0.932,27.6371,7.2,0.5394,0.0426,0.2538,0.2494,153.188,161.295551,5.6139,72.095,164.08,361717.9456927349,0.015,0
2026-08-14T13:42:50Z,0.935,27.6371,7.2,0.547,0.0426,0.2538,0.34,153.16,161.270054,5.6422,71.922,165.08,361571.0257485358,0.015,0
2026-08-14T13:42:50Z,0.939,27.6376,7.2,0.5661,0.0426,0.2538,0.3854,153.132,161.243326,5.6637,71.584,165.55,361407.72367467446,0.015,0
2026-08-14T13:42:50Z,0.943,27.6386,7.11,0.547,0.0426,0.2961,0.2343,153.105,161.216257,5.6765,71.114,164.87,361233.18342405366,0.015,0
2026-08-14T13:42:50Z,0.947,27.6398,7.11,0.5547,0.0426,0.2961,0.2192,153.083,161.193655,5.6771,70.559,165.26,361080.6880414631,0.015,0
2026-08-14T13:42:50Z,0.95,27.6409,7.11,0.5585,0.0426,0.2961,0.3249,153.073,161.181518,5.6634,69.99,167.58,360990.3289655652,0.014,0
2026-08-14T13:42:50Z,0.954,27.6417,7.11,0.5165,0.0426,0.2961,0.189,153.075,161.180619,5.6367,69.491,163.69,360970.24854818854,0.014,0
2026-08-14T13:42:50Z,0.958,27.6423,7.2,0.5394,0.0852,0.2115,0.2494,153.085,161.186708,5.5996,69.132,166.89,360994.11148490367,0.015,0
2026-08-14T13:42:50Z,0.961,27.6425,7.2,0.5432,0.0852,0.2115,0.2796,153.101,161.197401,5.5559,68.965,165.44,361051.9276520523,0.015,0
2026-08-14T13:42:50Z,0.965,27.6421,7.2,0.528,0.0852,0.2115,0.3098,153.119,161.211541,5.5111,69.051,164.33,361140.77481426235,0.015,0
2026-08-14T13:42:50Z,0.969,27.641,7.2,0.5585,0.0852,0.2115,0.34,153.124,161.212853,5.4719,69.417,169.04,361168.83136791916,0.015,0
2026-08-14T13:42:50Z,0.973,27.6395,7.2,0.5661,0.0426,0.2115,0.3249,153.105,161.193671,5.4438,70.041,163.87,361086.3625690017,0.016,0
2026-08-14T13:42:50Z,0.977,27.6376,7.2,0.5356,0.0426,0.2115,0.2494,153.081,161.176938,5.4309,70.895,167,361025.4502662271,0.016,0
2026-08-14T13:42:50Z,0.981,27.6358,7.2,0.5394,0.0426,0.2115,0.2343,153.056,161.16621,5.4378,71.928,166.85,360997.240035132,0.016,0
2026-08-14T13:42:50Z,0.986,27.6345,7.2,0.5356,0.0426,0.2115,0.3249,153.008,161.138585,5.4667,73.049,167.11,360862.46383624384,0.016,0
2026-08-14T13:42:50Z,0.99,27.6348,7.2,0.5356,0.0426,0.2115,0.34,152.932,161.082688,5.5158,74.191,166.78,360535.2851214377,0.016,0
2026-08-14T13:42:50Z,0.994,27.6376,7.11,0.5432,0.0426,0.0846,0.2041,152.838,161.003659,5.5827,75.344,166.13,360028.87119285396,0.016,0
2026-08-14T13:42:50Z,0.998,27.643,7.11,0.5509,0.0426,0.0846,0.2494,152.736,160.908486,5.6636,76.48,167.36,359382.0408210195,0.015,0
2026-08-14T13:42:50Z,1.002,27.6503,7.11,0.6081,0.0426,0.0846,0.3098,152.601,160.771789,5.7511,77.528,166.82,358462.92043677915,0.015,0
2026-08-14T13:42:50Z,1.006,27.6582,7.11,0.6081,0.0426,0.0846,0.2041,152.374,160.533064,5.8402,78.415,168.05,356951.1595623763,0.015,0
2026-08-14T13:42:50Z,1.009,27.6648,7.11,0.6005,0.0426,0.1692,0.3854,151.984,160.120633,5.9303,79.088,167.43,354478.56373398367,0.015,0
2026-08-14T13:42:50Z,1.013,27.6689,7.11,0.6119,0.0426,0.1692,0.189,151.329,159.428523,6.0193,79.513,166.09,350480.36475551315,0.015,0
2026-08-14T13:42:50Z,1.017,27.6706,7.11,0.6081,0.0426,0.1692,0.2494,150.234,158.272171,6.1016,79.689,169.45,343954.83254367404,0.014,0
2026-08-14T13:42:50Z,1.021,27.6707,7.11,0.6157,0.0426,0.1692,0.3854,148.417,156.355243,6.1715,79.621,165.7,333349.46430042427,0.014,0
2026-08-14T13:42:50Z,1.024,27.6703,7.2,0.5852,0.0426,0.1692,0.2192,145.414,153.1866,6.2245,79.291,168.13,316271.0821441881,0.014,0
2026-08-14T13:42:50Z,1.028,27.6697,7.2,0.6272,0.0426,0.1692,0.2947,140.422,147.921272,6.258,78.699,167.91,289094.10548712884,0.014,0
2026-08-14T13:42:50Z,1.031,27.669,7.2,0.6005,0.0426,0.1692,0.3249,132.099,139.147151,6.2719,77.897,167.8,247069.744325409,0.014,0
2026-08-14T13:42:50Z,1.035,27.6679,7.2,0.6233,0.0426,0.1692,0.2494,118.226,124.528482,6.2666,76.974,167.58,185788.15986914164,0.014,0
2026-08-14T13:42:50Z,1.038,27.6663,7.2,0.6005,0.0426,0.1269,0.2947,95.104,100.166952,6.2409,76.031,168.56,106288.2123715653,0.013,0
2026-08-14T13:42:50Z,1.041,27.6646,7.2,0.6157,0.0426,0.1269,0.3249,56.569,59.566153,6.1945,75.173,168.34,28286.610527284687,0.013,0
2026-08-14T13:42:50Z,1.045,27.6634,7.2,0.6005,0.0426,0.1269,0.3098,-7.659,-8.104802,6.1315,74.463,167.32,NA,0.013,0
2026-08-14T13:42:50Z,1.048,27.663,7.2,0.6272,0.0426,0.1269,0.3249,-114.711,-120.895511,6.0589,73.901,168.78,NA,0.014,0
2026-08-14T13:42:50Z,1.052,27.6633,7.2,0.6195,0.0426,0.1269,0.2645,-293.121,-308.87147,5.9846,73.466,168.13,NA,0.014,0
2026-08-14T13:42:50Z,1.055,27.6641,7.2,0.6005,0.0426,0.0846,0.2947,-404.625,-426.352312,5.9171,73.125,166.53,NA,0.014,0
2026-08-14T13:42:50Z,1.059,27.6656,7.2,0.6081,0.0426,0.0846,0.2947,-293.128,-308.866994,5.8611,72.818,169.15,NA,0.014,0
2026-08-14T13:42:50Z,1.062,27.668,7.2,0.6691,0.0426,0.0846,0.2796,-114.72,-120.881358,5.8166,72.496,167.51,NA,0.014,0
2026-08-14T13:42:50Z,1.066,27.6708,7.2,0.6653,0.0426,0.0846,0.2947,-7.654,-8.069179,5.7823,72.142,168.13,NA,0.015,0
2026-08-14T13:42:50Z,1.07,27.6732,7.11,0.6386,0.0426,0.1692,0.2494,56.594,59.624731,5.7553,71.767,169.08,28344.729254894886,0.015,0
2026-08-14T13:42:50Z,1.074,27.6748,7.11,0.6653,0.0426,0.1692,0.2041,95.136,100.232038,5.7309,71.422,168.64,106419.04525265419,0.015,0
2026-08-14T13:42:50Z,1.077,27.6756,7.11,0.6806,0.0426,0.1692,0.2796,118.247,124.577349,5.7053,71.189,168.67,185901.87005707755,0.014,0
2026-08-14T13:42:50Z,1.081,27.6756,7.11,0.6996,0.0426,0.1692,0.3098,132.094,139.160763,5.6774,71.117,169,247047.87458301682,0.014,0
2026-08-14T13:42:50Z,1.085,27.6748,7.11,0.6691,0.0426,0.2115,0.3249,140.402,147.907268,5.6479,71.203,169.48,288947.8173459266,0.014,0
2026-08-14T13:42:50Z,1.088,27.6735,7.11,0.6348,0.0426,0.2115,0.2343,145.404,153.169306,5.6209,71.416,167.58,316127.1579079932,0.014,0
2026-08-14T13:42:50Z,1.092,27.6716,7.11,0.6729,0.0426,0.2115,0.2192,148.416,156.334055,5.6027,71.708,169.48,333217.90512056823,0.013,0
2026-08-14T13:42:50Z,1.095,27.6693,7.11,0.6767,0.0426,0.2115,0.2192,150.226,158.23342,5.5973,72.026,168.09,343761.4914832757,0.013,0
2026-08-14T13:42:50Z,1.098,27.6668,7.11,0.6806,0.0426,0.2115,0.2645,151.318,159.377907,5.6043,72.341,166.53,350232.40529258235,0.012,0
2026-08-14T13:42:50Z,1.101,27.664,7.11,0.6882,0.0426,0.2961,0.2041,151.972,160.060687,5.6213,72.64,168.38,354152.2182381117,0.012,0
2026-08-14T13:42:50Z,1.104,27.6614,7.11,0.6539,0.0426,0.2961,0.2494,152.35,160.451808,5.6445,72.929,166.13,356428.16263129766,0.011,0
2026-08-14T13:42:50Z,1.107,27.6589,7.11,0.6729,0.0426,0.2961,0.2494,152.572,160.679621,5.6698,73.233,167.07,357776.2241522157,0.011,0
2026-08-14T13:42:50Z,1.11,27.6567,7.11,0.6348,0.0426,0.2961,0.189,152.712,160.820909,5.6948,73.559,166.71,358625.93244283996,0.01,0
2026-08-14T13:42:50Z,1.112,27.6546,7.11,0.6653,0.0426,0.1692,0.2947,152.795,160.905331,5.7186,73.875,166.02,359148.82755874656,0.01,0
2026-08-14T13:42:50Z,1.115,27.6525,7.11,0.6577,0.0426,0.1692,0.3552,152.84,160.951393,5.7415,74.169,168.34,359452.04170256434,0.01,0
2026-08-14T13:42:50Z,1.117,27.6504,7.11,0.6729,0.0426,0.1692,0.2494,152.859,160.971376,5.7657,74.469,164.98,359605.70420293795,0.01,0
2026-08-14T13:42:50Z,1.119,27.6485,7.11,0.6615,0.0426,0.1692,0.2343,152.871,160.982635,5.7915,74.813,166.71,359705.6113621404,0.01,0
2026-08-14T13:42:50Z,1.122,27.6473,7.11,0.692,0.0852,0.1269,0.3854,152.896,161.004208,5.8165,75.227,166.42,359851.78057150333,0.01,0
2026-08-14T13:42:50Z,1.124,27.647,7.11,0.65,0.0852,0.1269,0.2494,152.922,161.021804,5.8397,75.689,164.12,359958.4248371178,0.01,0
2026-08-14T13:42:50Z,1.127,27.6471,7.11,0.6653,0.0852,0.1269,0.3249,152.93,161.016064,5.8634,76.093,166.16,359923.59338932513,0.01,0
2026-08-14T13:42:50Z,1.13,27.6465,7.11,0.6424,0.0852,0.1269,0.34,152.939,161.009507,5.8905,76.32,165.12,359897.07264440483,0.01,0
2026-08-14T13:42:50Z,1.132,27.6448,7.11,0.6729,0.0852,0.2961,0.2947,152.96,161.016419,5.9233,76.31,163.94,359968.3574524117,0.011,0
2026-08-14T13:42:50Z,1.135,27.6417,7.11,0.6653,0.0852,0.2961,0.2796,152.969,161.014589,5.96,76.06,165.34,360015.4406768985,0.011,0
2026-08-14T13:42:50Z,1.138,27.6371,7.11,0.6729,0.0852,0.2961,0.2494,152.961,160.999521,5.9923,75.608,164.05,360014.3363719725,0.011,0
2026-08-14T13:42:50Z,1.141,27.6316,7.11,0.6615,0.0852,0.2961,0.1588,152.949,160.983231,6.0107,75.033,162.73,360022.9330508803,0.011,0
2026-08-14T13:42:50Z,1.144,27.6267,7.11,0.6844,0.0852,0.2961,0.2494,152.934,160.965383,6.0105,74.409,163.62,360011.42224099167,0.011,0
2026-08-14T13:42:50Z,1.147,27.6232,7.2,0.6653,0.0426,0.2115,0.2947,152.924,160.953243,5.9911,73.8,162.31,360006.69521991257,0.011,0
2026-08-14T13:42:50Z,1.149,27.6211,7.2,0.6806,0.0426,0.2115,0.2192,152.927,160.9556,5.9558,73.265,159.93,360059.27803636505,0.011,0
2026-08-14T13:42:50Z,1.152,27.62,7.2,0.6653,0.0426,0.2115,0.2494,152.93,160.957049,5.9106,72.826,162.27,360088.0567287158,0.011,0
2026-08-14T13:42:50Z,1.155,27.6193,7.2,0.6729,0.0426,0.2115,0.3249,152.921,160.945948,5.8615,72.455,159.55,360037.25105989934,0.011,0
2026-08-14T13:42:50Z,1.158,27.6188,7.11,0.692,0.0426,0.2538,0.2494,152.916,160.939382,5.8135,72.118,159.27,360008.79944510764,0.011,0
2026-08-14T13:42:50Z,1.161,27.6183,7.11,0.65,0.0426,0.2538,0.2192,152.911,160.93159,5.7715,71.79,161.33,359973.30135959917,0.011,0
2026-08-14T13:42:50Z,1.164,27.6178,7.11,0.6691,0.0426,0.2538,0.2947,152.885,160.900452,5.7369,71.451,157.17,359803.63132022665,0.012,0
2026-08-14T13:42:50Z,1.167,27.6173,7.11,0.65,0.0426,0.2538,0.2645,152.853,160.86372,5.7078,71.091,158.37,359601.8700601794,0.012,0
2026-08-14T13:42:50Z,1.17,27.6166,7.11,0.6005,0,0.2115,0.2192,152.838,160.843667,5.6813,70.711,157.14,359499.6765532659,0.012,0
2026-08-14T13:42:50Z,1.173,27.6158,7.11,0.6157,0,0.2115,0.2947,152.837,160.838953,5.6556,70.314,156.42,359487.44915858196,0.012,0
2026-08-14T13:42:50Z,1.176,27.6148,7.11,0.5966,0,0.2115,0.3854,152.848,160.846317,5.629,69.9,156.29,359548.3104073621,0.012,0
2026-08-14T13:42:50Z,1.179,27.6136,7.11,0.6005,0,0.2115,0.34,152.874,160.867722,5.6007,69.467,156.05,359693.5672958096,0.012,0
2026-08-14T13:42:50Z,1.182,27.6124,7.11,0.6806,0,0.2115,0.2947,152.905,160.894847,5.5709,69.001,153.99,359871.74359849445,0.012,0
2026-08-14T13:42:50Z,1.184,27.6112,7.11,0.6691,0.0426,0.2961,0.3098,152.925,160.908869,5.5397,68.485,153.93,359974.6488399103,0.012,0
2026-08-14T13:42:50Z,1.187,27.6098,7.11,0.6729,0.0426,0.2961,0.2494,152.93,160.905511,5.5072,67.921,153.53,359981.3662217958,0.012,0
2026-08-14T13:42:50Z,1.191,27.608,7.11,0.65,0.0426,0.2961,0.2494,152.932,160.899909,5.4733,67.334,151.87,359982.61795520695,0.012,0
2026-08-14T13:42:50Z,1.194,27.606,7.11,0.6081,0.0426,0.2961,0.2192,152.945,160.906603,5.4367,66.763,153.26,360058.2900379902,0.011,0
2026-08-14T13:42:50Z,1.197,27.6036,7.11,0.5928,0.1278,0.2961,0.2494,152.96,160.915354,5.3963,66.24,151.8,360153.2479592371,0.011,0
2026-08-14T13:42:50Z,1.2,27.601,7.11,0.6348,0.1278,0.2961,0.2796,152.953,160.900435,5.3521,65.788,150.91,360115.7963458281,0.01,0
2026-08-14T13:42:50Z,1.202,27.5985,7.11,0.6195,0.1278,0.2961,0.2343,152.93,160.867888,5.3061,65.436,151.77,359975.1053754215,0.01,0
2026-08-14T13:42:50Z,1.205,27.5961,7.11,0.6577,0.1278,0.2961,0.2796,152.917,160.843106,5.2613,65.216,149.67,359877.2199276111,0.01,0
2026-08-14T13:42:50Z,1.207,27.5938,7.11,0.6386,0.0426,0.3384,0.2947,152.915,160.827499,5.2203,65.131,149.64,359830.232145792,0.01,0
2026-08-14T13:42:50Z,1.21,27.5914,7.11,0.6691,0.0426,0.3384,0.2494,152.921,160.818906,5.1849,65.154,150.55,359825.4298064441,0.01,0
2026-08-14T13:42:50Z,1.213,27.5885,7.11,0.6653,0.0426,0.3384,0.2947,152.936,160.819045,5.1574,65.26,147.67,359880.132400803,0.011,0
2026-08-14T13:42:50Z,1.215,27.5849,7.11,0.6386,0.0426,0.3384,0.2645,152.952,160.823943,5.1404,65.428,149.51,359975.23459788895,0.011,0
2026-08-14T13:42:50Z,1.218,27.5806,7.11,0.6462,0.0426,0.3384,0.2645,152.959,160.820875,5.1341,65.63,148.41,360037.5546509015,0.011,0
2026-08-14T13:42:50Z,1.221,27.5756,7.11,0.6653,0.0426,0.2115,0.3098,152.938,160.78898,5.1364,65.84,146.81,359947.05299386516,0.011,0
2026-08-14T13:42:50Z,1.224,27.5706,7.11,0.6729,0.0426,0.2115,0.2796,152.886,160.725765,5.1452,66.038,147.7,359676.40128310426,0.011,0
2026-08-14T13:42:50Z,1.227,27.5665,7.11,0.6729,0.0426,0.2115,0.2947,152.819,160.646442,5.1588,66.21,145.09,359296.5135299846,0.012,0
2026-08-14T13:42:50Z,1.23,27.5632,7.11,0.6577,0.0426,0.2115,0.1437,152.737,160.551903,5.1751,66.352,145.76,358814.5731175677,0.012,0
2026-08-14T13:42:50Z,1.233,27.5601,7.11,0.6386,0.0852,0.2538,0.2494,152.617,160.416938,5.1919,66.458,145.85,358097.305116902,0.012,0
2026-08-14T13:42:50Z,1.236,27.5571,7.11,0.6729,0.0852,0.2538,0.2645,152.416,160.195534,5.2078,66.527,145.98,356883.8969738312,0.012,0
2026-08-14T13:42:50Z,1.239,27.5543,7.11,0.6577,0.0852,0.2538,0.3249,152.065,159.816625,5.2217,66.557,145.38,354769.9724284285,0.012,0
2026-08-14T13:42:50Z,1.242,27.5515,7.11,0.6539,0.0852,0.2538,0.3552,151.445,159.153112,5.2331,66.538,145.73,351047.97559186845,0.012,0
2026-08-14T13:42:50Z,1.245,27.5486,7.11,0.6653,0.0852,0.2115,0.3249,150.373,158.014028,5.2417,66.457,145.09,344679.12792188517,0.012,0
2026-08-14T13:42:50Z,1.248,27.5453,7.11,0.6462,0.0852,0.2115,0.2494,148.576,156.113655,5.2475,66.32,144.43,334183.66050604975,0.012,0
2026-08-14T13:42:50Z,1.251,27.5416,7.11,0.6806,0.0852,0.2115,0.3552,145.574,152.94723,5.2502,66.148,144.97,317101.8051112981,0.012,0
2026-08-14T13:42:50Z,1.254,27.5376,7.11,0.6767,0.0852,0.2115,0.2947,140.554,147.664359,5.2491,65.969,143.49,289773.4952152715,0.012,0
2026-08-14T13:42:50Z,1.257,27.5332,7.2,0.6996,0,0.1692,0.2494,132.185,138.864294,5.2431,65.818,144.65,247507.59100260795,0.012,0
2026-08-14T13:42:50Z,1.26,27.5285,7.2,0.6653,0,0.1692,0.2192,118.253,124.222397,5.2327,65.753,143.74,185946.16161446623,0.012,0
2026-08-14T13:42:50Z,1.263,27.5238,7.2,0.6577,0,0.1692,0.2947,95.058,99.852201,5.2196,65.854,143.53,106205.8063780163,0.011,0
2026-08-14T13:42:50Z,1.266,27.5193,7.2,0.6615,0,0.1692,0.2947,56.395,59.246966,5.2059,66.181,144.03,28108.508899583343,0.011,0
2026-08-14T13:42:50Z,1.269,27.5147,7.2,0.6615,0,0.1692,0.2947,-8.051,-8.419365,5.1944,66.776,142.38,NA,0.011,0
2026-08-14T13:42:50Z,1.272,27.5092,7.11,0.65,0.0426,0.2115,0.3703,-115.461,-121.18714,5.1898,67.698,142.97,NA,0.011,0
2026-08-14T13:42:50Z,1.275,27.5028,7.11,0.65,0.0426,0.2115,0.2645,-294.492,-309.141796,5.1984,68.992,143.18,NA,0.011,0
2026-08-14T13:42:50Z,1.278,27.4971,7.11,0.6691,0.0426,0.2115,0.3098,-406.392,-426.625341,5.2248,70.614,142.66,NA,0.012,0
2026-08-14T13:42:50Z,1.281,27.493,7.11,0.6882,0.0426,0.2115,0.3552,-294.494,-309.171452,5.2722,72.399,143.68,NA,0.012,0
2026-08-14T13:42:50Z,1.283,27.4895,7.2,0.6653,0.0426,0.2115,0.3098,-115.449,-121.224299,5.3454,74.096,143.9,NA,0.012,0
2026-08-14T13:42:50Z,1.286,27.4856,7.2,0.6958,0.0426,0.2115,0.2796,-8.005,-8.433855,5.4481,75.45,144.15,NA,0.012,0
2026-08-14T13:42:50Z,1.29,27.481,7.2,0.6806,0.0426,0.2115,0.3249,56.473,59.259294,5.5768,76.278,145.66,28177.10580251257,0.013,0
2026-08-14T13:42:50Z,1.293,27.4764,7.2,0.6996,0.0426,0.2115,0.3249,95.152,99.872584,5.7181,76.512,145.19,106519.72497008815,0.014,0
2026-08-14T13:42:50Z,1.296,27.4732,7.11,0.6729,0.0426,0.2538,0.2796,118.353,124.238231,5.8523,76.19,146.33,186537.65909646708,0.015,0
2026-08-14T13:42:50Z,1.3,27.4725,7.11,0.692,0.0426,0.2538,0.2494,132.279,138.865765,5.9592,75.426,146.39,248291.02424984696,0.016,0
2026-08-14T13:42:50Z,1.304,27.4742,7.11,0.6577,0.0426,0.2538,0.1588,140.635,147.643839,6.0244,74.378,146.68,290620.3547968886,0.017,0
2026-08-14T13:42:50Z,1.309,27.4772,7.11,0.6424,0.0426,0.2538,0.2494,145.636,152.895233,6.0425,73.224,148.47,317881.1294755446,0.018,0
2026-08-14T13:42:50Z,1.314,27.4804,7.11,0.6882,0.0426,0.2538,0.2645,148.62,156.026332,6.0167,72.128,147.41,334824.9455181054,0.019,0
2026-08-14T13:42:50Z,1.319,27.4832,7.11,0.6348,0.0426,0.1692,0.3249,150.409,157.900156,5.956,71.201,148.83,345206.39163450873,0.019,0
2026-08-14T13:42:50Z,1.324,27.485,7.11,0.6081,0.0426,0.1692,0.2041,151.492,159.03042,5.873,70.488,148.67,351559.5928386007,0.019,0
2026-08-14T13:42:50Z,1.329,27.4857,7.11,0.6081,0.0426,0.1692,0.3552,152.154,159.718528,5.7818,69.981,149.09,355469.1991760206,0.019,0
2026-08-14T13:42:50Z,1.334,27.4852,7.11,0.6272,0.0426,0.1692,0.2494,152.562,160.137954,5.6954,69.629,148.67,357882.30972027907,0.018,0
2026-08-14T13:42:50Z,1.338,27.4838,7.11,0.6806,0.0852,0.2115,0.2494,152.807,160.384509,5.6223,69.387,149.12,359326.07040577213,0.017,0
2026-08-14T13:42:50Z,1.343,27.4817,7.11,0.6577,0.0852,0.2115,0.2494,152.95,160.523942,5.5662,69.211,148.6,360168.5390420701,0.016,0
2026-08-14T13:42:50Z,1.346,27.4792,7.11,0.6767,0.0852,0.2115,0.2343,153.028,160.595438,5.5264,69.046,149.74,360627.5741630445,0.014,0
2026-08-14T13:42:50Z,1.35,27.4763,7.11,0.6653,0.0852,0.2115,0.2192,153.063,160.622071,5.499,68.847,148.83,360835.42704372236,0.013,0
2026-08-14T13:42:50Z,1.353,27.4729,7.2,0.6729,0.0426,0.1692,0.2645,153.077,160.62898,5.4801,68.599,150.36,360938.8088955452,0.012,0
2026-08-14T13:42:50Z,1.356,27.4695,7.2,0.6844,0.0426,0.1692,0.2645,153.075,160.628028,5.4665,68.306,150.72,360996.81852948904,0.011,0
2026-08-14T13:42:50Z,1.359,27.4659,7.2,0.6653,0.0426,0.1692,0.2494,153.068,160.630986,5.4539,67.961,150.91,361081.16469459387,0.01,0
2026-08-14T13:42:50Z,1.361,27.4625,7.2,0.6348,0.0426,0.1692,0.189,153.065,160.64666,5.4384,67.58,153.03,361235.2736933586,0.01,0
2026-08-14T13:42:50Z,1.363,27.4601,7.11,0.6653,0.0852,0.2538,0.2796,153.065,160.663199,5.4191,67.21,152.23,361375.7394021129,0.01,0
2026-08-14T13:42:50Z,1.366,27.4602,7.11,0.6577,0.0852,0.2538,0.3098,153.063,160.668982,5.3959,66.884,153.66,361407.29709469643,0.01,0
2026-08-14T13:42:50Z,1.368,27.4639,7.11,0.6577,0.0852,0.2538,0.2947,153.062,160.665551,5.3683,66.606,154.2,361318.2670544089,0.01,0
2026-08-14T13:42:50Z,1.371,27.47,7.11,0.6653,0.0852,0.2538,0.2494,153.063,160.655998,5.3377,66.371,153.59,361149.033979236,0.01,0
2026-08-14T13:42:50Z,1.373,27.4754,7.11,0.6806,0.0852,0.2538,0.3249,153.058,160.633767,5.3079,66.164,155.51,360919.7535743713,0.01,0
2026-08-14T13:42:50Z,1.376,27.4779,7.2,0.6539,0.0426,0.2538,0.3098,153.046,160.600947,5.2819,65.952,154.53,360683.616876674,0.011,0
2026-08-14T13:42:50Z,1.379,27.4771,7.2,0.6806,0.0426,0.2538,0.3249,153.047,160.580851,5.26,65.726,155.64,360582.5682056801,0.011,0
2026-08-14T13:42:50Z,1.382,27.4737,7.2,0.6806,0.0426,0.2538,0.2947,153.06,160.576134,5.2418,65.513,156.08,360618.78498519736,0.011,0
2026-08-14T13:42:50Z,1.385,27.4683,7.2,0.6615,0.0426,0.2538,0.2494,153.066,160.569506,5.226,65.376,155.34,360681.30472317705,0.011,0
2026-08-14T13:42:50Z,1.388,27.4616,7.11,0.692,0,0.3384,0.2796,153.072,160.567214,5.2099,65.409,157.07,360793.1513425083,0.011,0
2026-08-14T13:42:50Z,1.391,27.4547,7.11,0.6691,0,0.3384,0.3249,153.087,160.576664,5.1926,65.699,157.04,360976.61234046484,0.011,0
2026-08-14T13:42:50Z,1.393,27.4488,7.11,0.6424,0,0.3384,0.2041,153.099,160.584342,5.1763,66.274,157.17,361131.2415759012,0.01,0
2026-08-14T13:42:50Z,1.396,27.4446,7.11,0.6539,0,0.3384,0.3098,153.097,160.576263,5.166,67.088,158.65,361163.0660667413,0.01,0
2026-08-14T13:42:50Z,1.398,27.4417,7.11,0.6958,0.0426,0.2538,0.2947,153.095,160.566304,5.1688,68.049,158.51,361159.72073722596,0.01,0
2026-08-14T13:42:50Z,1.4,27.4398,7.11,0.692,0.0426,0.2538,0.2041,153.109,160.571854,5.1919,69.045,159.41,361227.3326119889,0.01,0
2026-08-14T13:42:50Z,1.403,27.4381,7.11,0.6882,0.0426,0.2538,0.2645,153.137,160.590382,5.2375,69.954,159.1,361366.26115457964,0.01,0
2026-08-14T13:42:50Z,1.405,27.4362,7.11,0.6653,0.0426,0.2538,0.2343,153.167,160.610796,5.302,70.679,159.48,361519.88505661377,0.011,0
2026-08-14T13:42:50Z,1.408,27.4337,7.11,0.6767,0.0426,0.2538,0.2645,153.178,160.610478,5.3783,71.156,159.82,361564.8421298263,0.011,0
2026-08-14T13:42:50Z,1.411,27.4307,7.11,0.6806,0,0.2538,0.2192,153.162,160.581326,5.4572,71.359,159.44,361452.3524293115,0.012,0
2026-08-14T13:42:50Z,1.414,27.4272,7.11,0.65,0,0.2538,0.34,153.142,160.547634,5.5295,71.296,159.79,361322.96580019075,0.013,0
2026-08-14T13:42:50Z,1.417,27.4235,7.11,0.6577,0,0.2538,0.2192,153.13,160.524468,5.5871,71.024,158.89,361258.20275116904,0.013,0
2026-08-14T13:42:50Z,1.421,27.4195,7.11,0.6806,0,0.2538,0.2645,153.11,160.497631,5.6252,70.612,157.96,361177.8170034878,0.014,0
2026-08-14T13:42:50Z,1.425,27.4154,7.11,0.6844,0.0426,0.1692,0.2192,153.09,160.471993,5.6417,70.118,158.17,361106.23108161293,0.015,0
2026-08-14T13:42:50Z,1.428,27.4114,7.11,0.6844,0.0426,0.1692,0.189,153.082,160.460759,5.6371,69.597,156.9,361116.0711074599,0.015,0
2026-08-14T13:42:50Z,1.432,27.408,7.11,0.6653,0.0426,0.1692,0.2192,153.087,160.460934,5.6159,69.089,156.97,361180.6817562127,0.016,0
2026-08-14T13:42:50Z,1.436,27.4059,7.11,0.6653,0.0426,0.1692,0.3249,153.103,160.472563,5.5835,68.608,156.42,361287.25018496305,0.016,0
2026-08-14T13:42:50Z,1.44,27.4045,7.2,0.6577,0.0426,0.2115,0.2343,153.127,160.490732,5.5446,68.166,155.71,361418.59080155,0.015,0
2026-08-14T13:42:50Z,1.444,27.4033,7.2,0.6691,0.0426,0.2115,0.1286,153.147,160.50425,5.5035,67.765,154.73,361519.29937242944,0.015,0
2026-08-14T13:42:50Z,1.448,27.4019,7.2,0.692,0.0426,0.2115,0.2343,153.15,160.500689,5.4635,67.375,154.2,361524.9028747741,0.014,0
2026-08-14T13:42:50Z,1.451,27.4001,7.2,0.6767,0.0426,0.2115,0.2947,153.134,160.47509,5.4256,66.957,153.73,361410.4331000278,0.013,0
2026-08-14T13:42:50Z,1.454,27.3979,7.2,0.6424,0.0852,0.2538,0.2192,153.113,160.444676,5.3908,66.494,152.7,361275.5996974899,0.013,0
2026-08-14T13:42:50Z,1.458,27.3956,7.2,0.6424,0.0852,0.2538,0.189,153.107,160.429396,5.3594,65.987,151.84,361230.22274826706,0.012,0
2026-08-14T13:42:50Z,1.461,27.3933,7.2,0.6882,0.0852,0.2538,0.1739,153.112,160.429184,5.3288,65.443,150.78,361272.03992599354,0.012,0
2026-08-14T13:42:50Z,1.464,27.3906,7.2,0.7149,0.0852,0.2538,0.2041,153.13,160.443981,5.296,64.883,149.64,361408.23090721376,0.012,0
2026-08-14T13:42:50Z,1.467,27.3876,7.2,0.734,0.0852,0.2538,0.2192,153.165,160.477736,5.2597,64.335,148.6,361659.87677047093,0.011,0
2026-08-14T13:42:50Z,1.47,27.3849,7.2,0.7149,0.0426,0.1269,0.2494,153.205,160.519405,5.2198,63.821,147.99,361951.89247225615,0.011,0
2026-08-14T13:42:50Z,1.472,27.3829,7.2,0.7073,0.0426,0.1269,0.2947,153.227,160.544025,5.1769,63.366,146.87,362132.1052172625,0.011,0
2026-08-14T13:42:50Z,1.475,27.3816,7.2,0.6996,0.0426,0.1269,0.2947,153.211,160.534109,5.1328,62.981,145.92,362099.01608625567,0.011,0
2026-08-14T13:42:50Z,1.478,27.3808,7.2,0.7111,0.0426,0.1269,0.3098,153.164,160.495031,5.0894,62.667,145.28,361887.5357628099,0.011,0
2026-08-14T13:42:50Z,1.481,27.3805,7.11,0.7149,0,0.2115,0.2041,153.11,160.452447,5.0488,62.423,144.5,361646.4450643168,0.012,0
2026-08-14T13:42:50Z,1.484,27.3812,7.11,0.7111,0,0.2115,0.2796,153.068,160.419054,5.0128,62.256,142.93,361439.9387871358,0.012,0
2026-08-14T13:42:50Z,1.487,27.3832,7.11,0.6577,0,0.2115,0.2192,153.033,160.385947,4.9822,62.164,142.75,361210.8333687636,0.012,0
2026-08-14T13:42:50Z,1.49,27.3867,7.11,0.6424,0,0.2115,0.2796,153.015,160.36434,4.9571,62.141,142.75,361020.31061497686,0.012,0
2026-08-14T13:42:50Z,1.493,27.3911,7.2,0.6577,0.0426,0.1692,0.2796,153.022,160.364505,4.9374,62.183,141.7,360938.9717155235,0.012,0
2026-08-14T13:42:50Z,1.497,27.3946,7.2,0.6577,0.0426,0.1692,0.2796,153.048,160.382478,4.9238,62.281,141.45,360977.4785500443,0.012,0
2026-08-14T13:42:50Z,1.5,27.396,7.2,0.7035,0.0426,0.1692,0.189,153.082,160.407015,4.9164,62.41,141.27,361093.2310502812,0.012,0
2026-08-14T13:42:50Z,1.502,27.3951,7.2,0.7225,0.0426,0.1692,0.2645,153.107,160.42061,4.9146,62.54,140.17,361188.72496798815,0.012,0
2026-08-14T13:42:50Z,1.505,27.3928,7.2,0.7073,0.0426,0.1692,0.3854,153.127,160.430895,4.9182,62.655,140.44,361291.2860999472,0.013,0
2026-08-14T13:42:50Z,1.508,27.3898,7.2,0.7302,0.0426,0.1269,0.189,153.138,160.436603,4.9262,62.742,139.38,361380.4856164923,0.013,0
2026-08-14T13:42:50Z,1.512,27.386,7.2,0.6996,0.0426,0.1269,0.2645,153.135,160.431239,4.9367,62.787,139.62,361420.586325305,0.014,0
2026-08-14T13:42:50Z,1.515,27.3818,7.2,0.7492,0.0426,0.1269,0.2343,153.127,160.42139,4.9474,62.788,139.74,361442.2169570051,0.015,0
2026-08-14T13:42:50Z,1.519,27.3784,7.2,0.7187,0.0426,0.1269,0.3552,153.106,160.400421,4.9568,62.745,139.29,361384.47595609125,0.015,0
2026-08-14T13:42:50Z,1.524,27.3764,7.2,0.7378,0.0426,0.1269,0.3249,153.084,160.378775,4.9638,62.661,139.23,361296.598433664,0.016,0
2026-08-14T13:42:50Z,1.528,27.3756,7.2,0.7149,0.0426,0.1269,0.2494,153.078,160.370722,4.9675,62.543,138.35,361264.95295059506,0.017,0
2026-08-14T13:42:50Z,1.532,27.3754,7.2,0.7302,0.0426,0.1269,0.2494,153.082,160.370106,4.9675,62.398,137.87,361265.1296794063,0.018,0
2026-08-14T13:42:50Z,1.536,27.3757,7.2,0.7225,0.0426,0.1269,0.3552,153.092,160.372755,4.9641,62.234,137.99,361274.8477133587,0.019,0
2026-08-14T13:42:50Z,1.541,27.3759,7.2,0.7149,0,0.2538,0.3249,153.103,160.375364,4.9575,62.056,137.75,361286.206099184,0.02,0
2026-08-14T13:42:50Z,1.546,27.3754,7.2,0.6996,0,0.2538,0.5515,153.103,160.366605,4.9482,61.863,138.08,361244.8569335266,0.02,0
2026-08-14T13:42:50Z,1.552,27.3737,7.2,0.7416,0,0.2538,0.5364,153.088,160.34414,4.9369,61.652,137.81,361146.6322593565,0.021,0
2026-08-14T13:42:50Z,1.558,27.3711,7.2,0.7149,0,0.2538,0.5213,153.075,160.322021,4.9241,61.429,137.6,361067.25995523005,0.022,0
2026-08-14T13:42:50Z,1.563,27.3682,7.2,0.734,0,0.2538,0.6724,153.073,160.310384,4.9103,61.213,138.11,361054.1698179819,0.022,0
2026-08-14T13:42:50Z,1.569,27.3656,7.2,0.7378,0.0426,0.2538,0.2343,153.077,160.302117,4.8952,61.012,137.87,361054.97039583063,0.022,0
2026-08-14T13:42:50Z,1.574,27.3633,7.2,0.7378,0.0426,0.2538,0.2192,153.082,160.291006,4.8787,60.822,137.39,361033.69327878475,0.023,0
2026-08-14T13:42:50Z,1.58,27.3607,7.2,0.734,0.0426,0.2538,0.3552,153.102,160.294128,4.8613,60.643,137.51,361100.4235357391,0.023,0
2026-08-14T13:42:50Z,1.586,27.3575,7.2,0.7149,0.0426,0.2538,0.34,153.136,160.312317,4.8445,60.48,137.99,361265.6531593353,0.023,0
2026-08-14T13:42:50Z,1.592,27.3533,7.2,0.7149,0.0426,0.3384,0.2494,153.158,160.32236,4.829,60.33,137.57,361402.49256990803,0.023,0
2026-08-14T13:42:50Z,1.598,27.348,7.2,0.7149,0.0426,0.3384,0.2494,153.166,160.31892,4.8144,60.19,137.12,361481.8691912435,0.023,0
2026-08-14T13:42:50Z,1.604,27.3421,7.2,0.7225,0.0426,0.3384,0.189,153.165,160.309096,4.8007,60.067,137.24,361535.51674206555,0.023,0
2026-08-14T13:42:50Z,1.61,27.3366,7.2,0.7454,0.0426,0.3384,0.2947,153.157,160.294275,4.7883,59.971,136.56,361552.7121383648,0.023,0
2026-08-14T13:42:50Z,1.616,27.3321,7.2,0.6996,0.0852,0.2961,0.5364,153.148,160.278523,4.7768,59.92,137.06,361545.76277541695,0.022,0
2026-08-14T13:42:50Z,1.621,27.3285,7.2,0.7073,0.0852,0.2961,0.5213,153.152,160.277681,4.766,59.945,135.91,361608.3808681111,0.022,0
2026-08-14T13:42:50Z,1.627,27.3256,7.2,0.7073,0.0852,0.2961,0.5213,153.169,160.291523,4.7565,60.074,136.26,361743.04335611645,0.021,0
2026-08-14T13:42:50Z,1.632,27.3235,7.2,0.7263,0.0852,0.2961,0.5515,153.185,160.303699,4.7491,60.3,136.11,361853.0724806451,0.02,0
2026-08-14T13:42:50Z,1.637,27.3216,7.2,0.7302,0.0852,0.2115,0.2645,153.191,160.30543,4.7452,60.608,136.11,361898.7729094709,0.019,0
2026-08-14T13:42:50Z,1.642,27.3198,7.2,0.7073,0.0852,0.2115,0.2041,153.181,160.289161,4.7474,60.969,135.85,361838.16693847196,0.019,0
2026-08-14T13:42:50Z,1.647,27.3183,7.2,0.7149,0.0852,0.2115,0.2645,153.15,160.250553,4.7577,61.333,136.05,361642.3588779494,0.018,0
2026-08-14T13:42:50Z,1.651,27.317,7.2,0.7302,0.0852,0.2115,0.2645,153.111,160.201357,4.7757,61.641,135.82,361381.4681037011,0.018,0
2026-08-14T13:42:50Z,1.656,27.3154,7.2,0.7378,0.0852,0.2115,0.5515,153.092,160.172545,4.8002,61.869,136.32,361244.43559501483,0.018,0
2026-08-14T13:42:50Z,1.66,27.3135,7.29,0.7378,0.0426,0.1692,0.4458,153.111,160.182489,4.829,62.019,136,361337.6829735431,0.017,0
2026-08-14T13:42:50Z,1.665,27.3115,7.29,0.7378,0.0426,0.1692,0.5213,153.147,160.211794,4.858,62.107,136.94,361545.1023782574,0.017,0
2026-08-14T13:42:50Z,1.669,27.3089,7.29,0.7378,0.0426,0.1692,0.5666,153.175,160.232197,4.8826,62.152,136.74,361712.2227065152,0.016,0
2026-08-14T13:42:50Z,1.673,27.3059,7.29,0.8026,0.0426,0.1692,0.3098,153.188,160.239119,4.9009,62.185,136.44,361808.6840601462,0.016,0
2026-08-14T13:42:50Z,1.677,27.3028,7.29,0.7645,0.0426,0.3384,0.189,153.195,160.242422,4.9131,62.243,137,361886.04433226347,0.016,0
2026-08-14T13:42:50Z,1.681,27.2999,7.29,0.7912,0.0426,0.3384,0.2947,153.196,160.242986,4.9203,62.354,137.18,361943.7679487972,0.016,0
2026-08-14T13:42:50Z,1.685,27.2971,7.29,0.7721,0.0426,0.3384,0.3552,153.181,160.228937,4.9241,62.544,137.84,361914.79158779205,0.016,0
2026-08-14T13:42:50Z,1.689,27.2949,7.29,0.7111,0.0426,0.3384,0.2192,153.158,160.20655,4.927,62.847,138.44,361826.1483418914,0.017,0
2026-08-14T13:42:50Z,1.693,27.2937,7.29,0.7263,0.0852,0.2538,0.2947,153.157,160.203926,4.9317,63.278,138.71,361833.4448158855,0.018,0
2026-08-14T13:42:50Z,1.698,27.2936,7.29,0.7569,0.0852,0.2538,0.2494,153.172,160.214353,4.9404,63.827,139.98,361895.8477612069,0.019,0
2026-08-14T13:42:50Z,1.703,27.2941,7.29,0.7378,0.0852,0.2538,0.189,153.174,160.210548,4.9555,64.487,140.38,361864.3698339521,0.02,0
2026-08-14T13:42:50Z,1.708,27.2945,7.29,0.6844,0.0852,0.2538,0.5062,153.161,160.191497,4.9794,65.26,141.67,361746.2836115568,0.021,0
2026-08-14T13:42:50Z,1.714,27.294,7.29,0.734,0.0852,0.2538,0.4458,153.149,160.174163,5.0136,66.153,143,361655.07311606425,0.021,0
2026-08-14T13:42:50Z,1.719,27.2924,7.2,0.7302,0.0852,0.0846,0.4911,153.146,160.167956,5.0573,67.178,144.9,361649.0772305386,0.021,0
2026-08-14T13:42:50Z,1.725,27.2904,7.2,0.7378,0.0852,0.0846,0.5213,153.148,160.16721,5.1097,68.315,146.11,361682.27830050484,0.02,0
2026-08-14T13:42:50Z,1.73,27.2886,7.2,0.7874,0.0852,0.0846,0.2796,153.151,160.167717,5.1712,69.499,147.83,361719.00272190146,0.019,0
2026-08-14T13:42:50Z,1.734,27.2871,7.2,0.7797,0.0852,0.0846,0.2494,153.152,160.16761,5.2421,70.651,149.8,361746.5359226413,0.018,0
2026-08-14T13:42:50Z,1.739,27.2859,7.29,0.8141,0,0.1269,0.2494,153.157,160.172873,5.3234,71.684,150.82,361799.61292278935,0.018,0
2026-08-14T13:42:50Z,1.743,27.285,7.29,0.8026,0,0.1269,0.2796,153.165,160.180899,5.4136,72.496,153.56,361863.1052093598,0.017,0
2026-08-14T13:42:50Z,1.747,27.2842,7.29,0.7721,0,0.1269,0.5666,153.151,160.165771,5.5075,73.015,154.3,361790.29876757914,0.017,0
2026-08-14T13:42:50Z,1.751,27.2838,7.29,0.7683,0,0.1269,0.476,153.115,160.125459,5.5989,73.22,156.49,361563.82816875266,0.017,0
2026-08-14T13:42:50Z,1.756,27.2836,7.2,0.795,0.0852,0.2115,0.4911,153.084,160.089297,5.6807,73.123,159.03,361357.7641526303,0.018,0
2026-08-14T13:42:50Z,1.76,27.2836,7.2,0.7836,0.0852,0.2115,0.4911,153.067,160.065678,5.745,72.763,160.07,361220.76297640026,0.018,0
2026-08-14T13:42:50Z,1.765,27.2834,7.2,0.7721,0.0852,0.2115,0.5817,153.058,160.052314,5.7862,72.207,161.82,361147.0074694982,0.019,0
2026-08-14T13:42:50Z,1.769,27.2827,7.2,0.7836,0.0852,0.2115,0.5213,153.067,160.057664,5.8025,71.54,163.02,361191.1517340196,0.019,0
2026-08-14T13:42:50Z,1.774,27.2814,7.29,0.7721,0.0852,0.3807,0.5213,153.086,160.07514,5.7949,70.846,164.33,361316.88637870346,0.02,0
2026-08-14T13:42:50Z,1.78,27.2797,7.29,0.7874,0.0852,0.3807,0.4609,153.107,160.093367,5.7666,70.164,165.88,361454.51509890513,0.021,0
2026-08-14T13:42:50Z,1.785,27.2782,7.29,0.7721,0.0852,0.3807,0.4458,153.127,160.107185,5.7226,69.509,166.78,361562.8424409889,0.022,0
2026-08-14T13:42:50Z,1.791,27.2771,7.29,0.8141,0.0852,0.3807,0.5062,153.141,160.112261,5.6699,68.904,167.98,361612.94454742305,0.022,0
2026-08-14T13:42:50Z,1.796,27.2762,7.29,0.7645,0.0852,0.3807,0.4609,153.151,160.111953,5.615,68.382,168.56,361628.0458889117,0.023,0
2026-08-14T13:42:50Z,1.802,27.2749,7.29,0.7836,0.0852,0.2961,0.5817,153.16,160.112191,5.5611,67.973,169,361653.82552463573,0.023,0
2026-08-14T13:42:50Z,1.809,27.2727,7.29,0.8065,0.0852,0.2961,0.5515,153.166,160.111032,5.5094,67.717,170,361688.3922419715,0.023,0
2026-08-14T13:42:50Z,1.815,27.2696,7.29,0.8599,0.0852,0.2961,0.5515,153.154,160.094139,5.4617000000000004,67.67,170.26,361648.51003594865,0.024,0
2026-08-14T13:42:50Z,1.821,27.2661,7.29,0.8446,0.0852,0.2961,0.5213,153.117,160.052998,5.4207,67.88,171.89,361475.3731185511,0.024,0
2026-08-14T13:42:50Z,1.827,27.263,7.29,0.8293,0.0852,0.2538,0.476,153.08,160.012713,5.3885,68.37,171.78,361299.7260973464,0.025,0
2026-08-14T13:42:50Z,1.833,27.2607,7.29,0.837,0.0852,0.2538,0.5062,153.074,160.00463,5.3685,69.137,174.38,361295.95522401785,0.027,0
2026-08-14T13:42:50Z,1.84,27.2593,7.29,0.8637,0.0852,0.2538,0.8235,153.096,160.026593,5.3649,70.113,175.94,361449.6900025453,0.028,0
2026-08-14T13:42:50Z,1.847,27.2584,7.29,0.8408,0.0852,0.2538,0.7177,153.127,160.058404,5.3816,71.167,178.05,361651.27120022743,0.029,0
2026-08-14T13:42:50Z,1.855,27.2578,7.29,0.8446,0.0426,0.2538,0.8083,153.154,160.084497,5.4206,72.153,181.02,361814.0779424458,0.031,0
2026-08-14T13:42:50Z,1.863,27.2574,7.29,0.8446,0.0426,0.2538,0.7328,153.166,160.093791,5.4814,72.95,183.75,361875.5773794435,0.032,0
2026-08-14T13:42:50Z,1.872,27.2571,7.29,0.8637,0.0426,0.2538,0.8688,153.154,160.076739,5.5588,73.467,185.8,361782.1581110394,0.032,0
2026-08-14T13:42:50Z,1.88,27.2568,7.29,0.8713,0.0426,0.2538,0.7328,153.127,160.042825,5.6424,73.644,186.69,361590.8346274583,0.032,0
2026-08-14T13:42:50Z,1.888,27.2562,7.29,0.8675,0.0426,0.2538,0.8083,153.111,160.019077,5.7207,73.471,190.54,361464.21363593126,0.032,0
2026-08-14T13:42:50Z,1.896,27.2551,7.38,0.8408,0.0852,0.2961,0.8083,153.112,160.013194,5.784,72.993,190.46,361450.69960120687,0.032,0
2026-08-14T13:42:50Z,1.904,27.2535,7.38,0.8522,0.0852,0.2961,0.4458,153.112,160.007572,5.8252,72.298,193,361448.0833017492,0.031,0
2026-08-14T13:42:50Z,1.912,27.2515,7.38,0.8866,0.0852,0.2961,0.5062,153.102,159.992695,5.8394,71.486,193.17,361399.2427360535,0.03,0
2026-08-14T13:42:50Z,1.92,27.2491,7.38,0.8637,0.0852,0.2961,0.4911,153.085,159.972611,5.8259,70.637,194.26,361327.6801966516,0.03,0
2026-08-14T13:42:50Z,1.927,27.2469,7.38,0.8141,0.0426,0.2115,0.4458,153.06,159.945975,5.7883,69.799,195.7,361214.3381478074,0.029,0
2026-08-14T13:42:50Z,1.934,27.2451,7.38,0.8827,0.0426,0.2115,0.7177,153.04,159.925723,5.7333,68.998,195.41,361130.55502120283,0.028,0
2026-08-14T13:42:50Z,1.941,27.2438,7.38,0.8522,0.0426,0.2115,0.7479,153.048,159.938524,5.669,68.272,196.98,361229.22951492853,0.027,0
2026-08-14T13:42:50Z,1.948,27.243,7.38,0.8179,0.0426,0.2115,0.7932,153.076,159.975764,5.6018,67.658,196.73,361460.44204814883,0.027,0
2026-08-14T13:42:50Z,1.955,27.2427,7.29,0.8789,0.0426,0.2961,0.7479,153.096,160.003284,5.5353,67.163,198.06,361625.90010912897,0.027,0
2026-08-14T13:42:50Z,1.961,27.2431,7.29,0.8713,0.0426,0.2961,0.7781,153.101,160.01239,5.4718,66.762,198.44,361671.28089485195,0.027,0
2026-08-14T13:42:50Z,1.968,27.2445,7.29,0.8484,0.0426,0.2961,0.6724,153.1,160.007514,5.4141,66.443,198.53,361616.6662154429,0.027,0
2026-08-14T13:42:50Z,1.975,27.247,7.29,0.8522,0.0426,0.2961,0.8083,153.09,159.989361,5.3652,66.186,198.83,361464.31163789926,0.028,0
2026-08-14T13:42:50Z,1.982,27.2495,7.29,0.8408,0.0852,0.3384,0.612,153.07,159.9591,5.3256,65.952,198.36,361241.7325644217,0.027,0
2026-08-14T13:42:50Z,1.99,27.2505,7.29,0.8408,0.0852,0.3384,0.763,153.047,159.926701,5.2938,65.712,197.37,361034.97139310354,0.027,0
2026-08-14T13:42:50Z,1.997,27.2495,7.29,0.8599,0.0852,0.3384,0.8083,153.043,159.915587,5.2686,65.429,195.58,360989.23316934146,0.026,0
2026-08-14T13:42:50Z,2.004,27.247,7.29,0.8484,0.0852,0.3384,0.7932,153.055,159.922797,5.2484,65.061,194.77,361077.92761426396,0.025,0
2026-08-14T13:42:50Z,2.009,27.2439,7.29,0.8293,0.0852,0.3384,0.7781,153.058,159.922193,5.2302,64.584,193.55,361132.5453041041,0.023,0
2026-08-14T13:42:50Z,2.015,27.2409,7.38,0.8446,0.0426,0.1269,0.8386,153.058,159.917624,5.2114,64.006,191.37,361162.28465246194,0.022,0
2026-08-14T13:42:50Z,2.02,27.2387,7.38,0.8408,0.0426,0.1269,0.6875,153.074,159.927913,5.1892,63.357,192,361263.2746588205,0.02,0
2026-08-14T13:42:50Z,2.025,27.2371,7.38,0.837,0.0426,0.1269,0.7479,153.091,159.939769,5.1601,62.682,187.95,361362.12971600535,0.02,0
2026-08-14T13:42:50Z,2.03,27.2358,7.38,0.8332,0.0426,0.1269,0.7177,153.1,159.944328,5.1225,62.022,188.52,361412.9996273841,0.02,0
2026-08-14T13:42:50Z,2.035,27.2341,7.38,0.8637,0.0852,0.2538,0.8083,153.114,159.954831,5.0767,61.409,185.28,361505.90932695963,0.02,0
2026-08-14T13:42:50Z,2.039,27.2322,7.38,0.8599,0.0852,0.2538,0.763,153.124,159.962054,5.0254,60.87,184.39,361583.5402772791,0.021,0
2026-08-14T13:42:50Z,2.044,27.2303,7.38,0.8255,0.0852,0.2538,0.7479,153.114,159.947881,4.972,60.418,184.35,361536.8815177884,0.022,0
2026-08-14T13:42:50Z,2.05,27.2287,7.38,0.8332,0.0852,0.2538,0.8386,153.09,159.920557,4.9198,60.052,181.49,361408.2027868268,0.024,0
2026-08-14T13:42:50Z,2.057,27.2274,7.38,0.8637,0.1278,0.2538,0.8083,153.072,159.900855,4.8713,59.759,181.69,361318.1757276353,0.025,0
2026-08-14T13:42:50Z,2.064,27.2263,7.38,0.8446,0.1278,0.2538,0.8386,153.067,159.895544,4.8287,59.51,179.22,361307.9734489798,0.026,0
2026-08-14T13:42:50Z,2.071,27.2253,7.38,0.8522,0.1278,0.2538,0.7479,153.062,159.891184,4.7929,59.284,178.48,361301.416697113,0.027,0
2026-08-14T13:42:50Z,2.077,27.2244,7.38,0.8446,0.1278,0.2538,0.7479,153.042,159.870579,4.7639,59.066,176.7,361198.64884531306,0.027,0
2026-08-14T13:42:50Z,2.084,27.224,7.38,0.9018,0.1278,0.2538,0.7781,153.014,159.840259,4.7407,58.859,174.95,361030.11946814775,0.028,0
2026-08-14T13:42:50Z,2.091,27.224,7.38,0.9056,0,0.2538,0.7781,153.001,159.824206,4.721,58.684,173.58,360936.9380286659,0.028,0
2026-08-14T13:42:50Z,2.099,27.2242,7.38,0.9018,0,0.2538,0.7932,153.012,159.830165,4.703,58.575,173.02,360967.7729293432,0.029,0
2026-08-14T13:42:50Z,2.107,27.2243,7.38,0.9209,0,0.2538,0.7328,153.029,159.839682,4.6857,58.559,170.78,361021.1369872049,0.029,0
2026-08-14T13:42:50Z,2.114,27.2241,7.38,0.9209,0,0.2538,0.8386,153.041,159.84327,4.6693,58.658,170.52,361045.71312175196,0.03,0
2026-08-14T13:42:50Z,2.122,27.2231,7.38,0.9285,0,0.2538,0.7932,153.053,159.845892,4.6555,58.904,169.22,361079.6857668038,0.029,0
2026-08-14T13:42:50Z,2.129,27.2213,7.38,0.898,0,0.2538,0.7479,153.055,159.84023,4.647,59.305,167.83,361080.5713238638,0.029,0
2026-08-14T13:42:50Z,2.137,27.2187,7.38,0.9056,0,0.2538,0.7932,153.046,159.82477600000001,4.6459,59.833,167.4,361039.6102831696,0.028,0
2026-08-14T13:42:50Z,2.144,27.2158,7.38,0.9018,0,0.2538,0.8083,153.037,159.811439,4.6541,60.465,166.96,361016.5632408644,0.027,0
2026-08-14T13:42:50Z,2.151,27.2127,7.38,0.9285,0.0852,0.2538,0.7479,153.036,159.808689,4.6738,61.234,166.09,361058.7355807144,0.026,0
2026-08-14T13:42:50Z,2.158,27.21,7.38,0.9209,0.0852,0.2538,0.7177,153.041,159.811784,4.7059,62.181,166.24,361127.3552111979,0.025,0
2026-08-14T13:42:50Z,2.164,27.2081,7.38,0.9209,0.0852,0.2538,0.8083,153.045,159.813533,4.7479,63.315,165.34,361173.16009981756,0.024,0
2026-08-14T13:42:50Z,2.17,27.2069,7.38,0.9094,0.0852,0.2538,0.7932,153.053,159.818411,4.7982,64.612,165.01,361224.0111144939,0.024,0
2026-08-14T13:42:50Z,2.175,27.2062,7.47,0.9171,0.0852,0.2961,0.7177,153.065,159.827718,4.8593,65.995,164.87,361291.21379295795,0.023,0
2026-08-14T13:42:50Z,2.181,27.2056,7.47,0.8904,0.0852,0.2961,0.7781,153.079,159.839927,4.9345,67.339,164.3,361373.4103084465,0.022,0
2026-08-14T13:42:50Z,2.187,27.2046,7.47,0.9133,0.0852,0.2961,0.6724,153.086,159.84627,5.0246,68.522,163.23,361429.0430603256,0.022,0
2026-08-14T13:42:50Z,2.193,27.2035,7.47,0.9209,0.0852,0.2961,0.7479,153.078,159.836411,5.1277,69.446,163.8,361392.4058049887,0.022,0
2026-08-14T13:42:50Z,2.198,27.2026,7.47,0.9133,0.0852,0.2961,0.7781,153.067,159.823756,5.2374,70.06,162.91,361335.7677436304,0.021,0
2026-08-14T13:42:50Z,2.203,27.202,7.47,0.8866,0.0426,0.3384,0.8083,153.069,159.824972,5.3442,70.382,162.77,361354.09652415215,0.021,0
2026-08-14T13:42:50Z,2.208,27.2016,7.47,0.9285,0.0426,0.3384,0.7328,153.077,159.832366,5.4381,70.466,162.63,361404.57190929377,0.021,0
2026-08-14T13:42:50Z,2.214,27.2012,7.47,0.8942,0.0426,0.3384,0.7177,153.074,159.827867,5.5115,70.367,161.71,361385.93667280837,0.021,0
2026-08-14T13:42:50Z,2.219,27.2008,7.47,0.9018,0.0426,0.3384,0.8537,153.063,159.814286,5.5602,70.141,162.27,361314.52865495585,0.021,0
2026-08-14T13:42:50Z,2.224,27.2004,7.47,0.9209,0.0426,0.2538,0.7781,153.06,159.808041,5.5858,69.855,161.47,361285.75007990724,0.021,0
2026-08-14T13:42:50Z,2.229,27.1999,7.47,0.898,0.0426,0.2538,0.7781,153.055,159.79945,5.5925,69.555,161.61,361245.2196670908,0.021,0
2026-08-14T13:42:50Z,2.234,27.1994,7.47,0.8866,0.0426,0.2538,0.8235,153.043,159.782214,5.5847,69.25,161.33,361154.46968047426,0.021,0
2026-08-14T13:42:50Z,2.24,27.1988,7.47,0.9094,0.0426,0.2538,0.8235,153.048,159.783802,5.5668,68.936,160.59,361174.9526948056,0.021,0
2026-08-14T13:42:50Z,2.245,27.1979,7.47,0.8827,0.0426,0.423,0.7479,153.071,159.804639,5.5443,68.611,160.9,361312.9085198069,0.021,0
2026-08-14T13:42:50Z,2.251,27.1966,7.47,0.9133,0.0426,0.423,0.8083,153.09,159.822223,5.5206,68.273,160,361439.5072811947,0.021,0
2026-08-14T13:42:50Z,2.256,27.1953,7.47,0.9094,0.0426,0.423,0.6724,153.097,159.825208,5.4965,67.922,159.79,361481.2730986814,0.021,0
2026-08-14T13:42:50Z,2.261,27.194,7.47,0.9018,0.0426,0.423,0.8083,153.087,159.810382,5.4716,67.564,159.76,361419.511800213,0.022,0
2026-08-14T13:42:50Z,2.267,27.193,7.47,0.9056,0.0426,0.423,0.7177,153.072,159.789826,5.446,67.187,159.65,361318.8192905994,0.022,0
2026-08-14T13:42:50Z,2.273,27.192,7.47,0.9018,0.0852,0.3807,0.6724,153.059,159.770082,5.4192,66.769,160,361222.85789826076,0.023,0
2026-08-14T13:42:50Z,2.279,27.1908,7.47,0.9323,0.0852,0.3807,0.7479,153.046,159.749894,5.3915,66.305,158.89,361128.0821488473,0.023,0
2026-08-14T13:42:50Z,2.285,27.1894,7.47,0.9209,0.0852,0.3807,0.7932,153.027,159.723876,5.3633,65.81,159.41,361003.2027969171,0.024,0
2026-08-14T13:42:50Z,2.291,27.1877,7.47,0.9209,0.0852,0.3807,0.7026,153.007,159.697116,5.3335,65.304,159.06,360879.6594783807,0.025,0
2026-08-14T13:42:50Z,2.297,27.1857,7.47,0.9133,0.0852,0.2538,0.6875,153.002,159.686528,5.3005,64.81,159.2,360855.67331159115,0.025,0
2026-08-14T13:42:50Z,2.304,27.1835,7.47,0.9857,0.0852,0.2538,0.7026,153.002,159.681271,5.2639,64.346,159.1,360866.39836895093,0.026,0
2026-08-14T13:42:50Z,2.311,27.1814,7.47,0.9667,0.0852,0.2538,0.6724,152.998,159.671926,5.2248,63.93,158.48,360851.5043183041,0.027,0
2026-08-14T13:42:50Z,2.317,27.1795,7.47,0.9667,0.0852,0.2538,0.7781,153.013,159.680051,5.1848,63.597,159.1,360934.33685257984,0.028,0
2026-08-14T13:42:50Z,2.324,27.1778,7.56,0.9705,0.0426,0.2538,0.8386,153.044,159.703804,5.1457,63.382,158.2,361104.2437043771,0.029,0
2026-08-14T13:42:50Z,2.332,27.1761,7.56,0.9133,0.0426,0.2538,0.8083,153.061,159.709436,5.109,63.289,158.86,361168.88272126124,0.029,0
2026-08-14T13:42:50Z,2.339,27.1743,7.56,0.9171,0.0426,0.2538,0.763,153.052,159.686423,5.0761,63.299,159.03,361068.9248434307,0.03,0
2026-08-14T13:42:50Z,2.347,27.172,7.56,0.9171,0.0426,0.2538,0.7479,153.039,159.660693,5.0499,63.386,158.86,360962.5709259137,0.031,0
2026-08-14T13:42:50Z,2.356,27.169,7.56,0.9018,0.0426,0.2538,0.7479,153.041,159.653443,5.0331,63.531,158.72,360976.7330961686,0.031,0
2026-08-14T13:42:50Z,2.364,27.1652,7.56,0.9094,0.0426,0.2538,0.6724,153.05,159.654722,5.0261,63.711,158.75,361055.47988548205,0.031,0
2026-08-14T13:42:50Z,2.372,27.1609,7.56,0.94,0.0426,0.2538,0.7479,153.058,159.656855,5.0273,63.906,158.3,361148.6005662349,0.031,0
2026-08-14T13:42:50Z,2.38,27.157,7.56,0.9133,0.0426,0.2538,0.7479,153.066,159.66041,5.0345,64.118,158.75,361242.5064838919,0.03,0
2026-08-14T13:42:50Z,2.387,27.1539,7.56,0.8942,0.0426,0.2538,0.763,153.056,159.64629300000001,5.0463,64.355,158.86,361218.6374263716,0.03,0
2026-08-14T13:42:50Z,2.395,27.1514,7.56,0.9209,0.0852,0.3384,0.8386,153.03,159.616753,5.0609,64.622,158.96,361093.81779426336,0.029,0
2026-08-14T13:42:50Z,2.402,27.1493,7.56,0.9018,0.0852,0.3384,0.7781,153.015,159.597981,5.0765,64.926,158.96,361024.10219018074,0.028,0
2026-08-14T13:42:50Z,2.409,27.1477,7.56,0.9285,0.0852,0.3384,0.7479,153.008,159.586977,5.0935,65.251,159.1,360990.1618756659,0.027,0
2026-08-14T13:42:50Z,2.416,27.1466,7.56,0.9362,0.0852,0.3384,0.8083,153.002,159.574793,5.1125,65.565,158.65,360939.97635173146,0.026,0
2026-08-14T13:42:50Z,2.422,27.1456,7.56,0.9209,0.0426,0.2538,0.899,152.997,159.562189,5.1338,65.851,158.89,360885.47496125917,0.026,0
2026-08-14T13:42:50Z,2.429,27.1446,7.56,0.9209,0.0426,0.2538,0.7026,153.007,159.56384,5.158,66.097,158.86,360913.83753848594,0.025,0
2026-08-14T13:42:50Z,2.435,27.1433,7.56,0.9209,0.0426,0.2538,0.7781,153.045,159.594216,5.1839,66.27,158.89,361114.8563814012,0.025,0
2026-08-14T13:42:50Z,2.442,27.1415,7.56,0.9094,0.0426,0.2538,0.8386,153.094,159.635361,5.209,66.341,158.82,361388.0028776149,0.024,0
2026-08-14T13:42:50Z,2.448,27.139,7.65,0.8942,0.0426,0.2961,0.4458,153.126,159.660169,5.232,66.316,159.41,361579.3659573499,0.023,0
2026-08-14T13:42:50Z,2.454,27.1362,7.65,0.9209,0.0426,0.2961,0.5213,153.129,159.655212,5.2518,66.224,159.17,361603.167263665,0.023,0
2026-08-14T13:42:50Z,2.459,27.1333,7.65,0.9209,0.0426,0.2961,0.5364,153.121,159.639211,5.2658,66.099,159.41,361564.56214839924,0.022,0
2026-08-14T13:42:50Z,2.465,27.1301,7.65,0.9285,0.0426,0.2961,0.4911,153.114,159.623932,5.2717,65.968,158.82,361535.79868504975,0.021,0
2026-08-14T13:42:50Z,2.47,27.127,7.65,0.9667,0.0426,0.2961,0.7932,153.084,159.585258,5.27,65.842,158.68,361368.98165306775,0.021,0
2026-08-14T13:42:50Z,2.475,27.1244,7.65,0.9781,0.0852,0.423,0.7479,153.046,159.538928,5.263,65.729,159.17,361148.2511418647,0.02,0
2026-08-14T13:42:50Z,2.48,27.1219,7.65,0.9476,0.0852,0.423,0.8688,153.036,159.522693,5.2533,65.641,158.68,361100.76085711614,0.02,0
2026-08-14T13:42:50Z,2.485,27.1194,7.65,0.9514,0.0852,0.423,0.7781,153.051,159.532222,5.2431,65.564,158.65,361203.17234038893,0.021,0
2026-08-14T13:42:50Z,2.491,27.1169,7.65,0.9857,0.0852,0.423,0.5213,153.071,159.546008,5.2333,65.451,158.58,361330.3892754255,0.021,0
2026-08-14T13:42:50Z,2.496,27.1148,7.65,0.9743,0.0426,0.2961,0.5364,153.087,159.553696,5.2245,65.254,158.17,361414.62174513366,0.022,0
2026-08-14T13:42:50Z,2.501,27.1129,7.65,0.9705,0.0426,0.2961,0.4911,153.106,159.563348,5.2177,64.956,159.37,361506.54766376264,0.023,0
2026-08-14T13:42:50Z,2.507,27.1108,7.65,0.9476,0.0426,0.2961,0.5062,153.129,159.577539,5.2118,64.565,157.96,361628.69293386186,0.024,0
2026-08-14T13:42:50Z,2.513,27.1084,7.65,0.9629,0.0426,0.2961,0.5213,153.139,159.580011,5.203,64.104,158.89,361688.2513999354,0.024,0
2026-08-14T13:42:50Z,2.52,27.1055,7.65,0.9743,0.0426,0.2961,0.7781,153.126,159.559396,5.1876,63.598,158.58,361622.73918767,0.025,0
2026-08-14T13:42:50Z,2.526,27.1022,7.65,0.9819,0.0426,0.2961,0.8083,153.103,159.528235,5.1642,63.079,158.82,361503.32714369847,0.026,0
2026-08-14T13:42:50Z,2.533,27.0992,7.65,0.9857,0.0426,0.2961,0.763,153.089,159.506277,5.1334,62.584,158.82,361431.87384217797,0.027,0
2026-08-14T13:42:50Z,2.54,27.0967,7.65,0.9552,0.0426,0.2961,0.8386,153.084,159.49568,5.097,62.144,158.72,361417.1778753336,0.027,0
2026-08-14T13:42:50Z,2.547,27.0942,7.65,0.9285,0.0426,0.2961,0.7479,153.082,159.489612,5.057,61.771,158.92,361428.85777989257,0.028,0
2026-08-14T13:42:50Z,2.555,27.0918,7.56,0.9171,0.0426,0.3807,0.8235,153.086,159.490462,5.0159,61.465,158.92,361478.95386649924,0.028,0
2026-08-14T13:42:50Z,2.562,27.0894,7.56,0.9323,0.0426,0.3807,0.7479,153.089,159.492444,4.9768,61.209,158.72,361535.653102857,0.028,0
2026-08-14T13:42:50Z,2.57,27.0875,7.56,0.9056,0.0426,0.3807,0.7479,153.081,159.484062,4.942,60.98,159.03,361522.56914708304,0.027,0
2026-08-14T13:42:50Z,2.577,27.0862,7.56,0.9743,0.0426,0.3807,1.0047,153.075,159.47711,4.9125,60.758,159.34,361506.5255828761,0.026,0
2026-08-14T13:42:50Z,2.583,27.0853,7.65,0.9781,0.0852,0.3384,1.05,153.077,159.477751,4.8882,60.531,158.68,361527.19323466154,0.025,0
2026-08-14T13:42:50Z,2.589,27.0848,7.65,1.001,0.0852,0.3384,1.05,153.079,159.478139,4.8679,60.296,159.1,361538.8607551394,0.024,0
2026-08-14T13:42:50Z,2.595,27.0847,7.65,0.9552,0.0852,0.3384,0.9745,153.076,159.472365,4.8498,60.049,159.13,361507.0990973057,0.023,0
2026-08-14T13:42:50Z,2.6,27.0846,7.65,1.001,0.0852,0.3384,1.1256,153.07,159.460892,4.8321,59.786,159.48,361442.1384922023,0.022,0
2026-08-14T13:42:50Z,2.606,27.0842,7.65,0.9819,0.0852,0.2538,1.1105,153.07,159.452687,4.8141,59.513,159.24,361401.86428991094,0.021,0
2026-08-14T13:42:50Z,2.611,27.0837,7.65,0.9743,0.0852,0.2538,1.0047,153.073,159.447566,4.7954,59.245,159.13,361381.4370192257,0.021,0
2026-08-14T13:42:50Z,2.616,27.0827,7.65,0.9896,0.0852,0.2538,1.0652,153.078,159.444161,4.7759,58.99,159.51,361380.4111512371,0.02,0
2026-08-14T13:42:50Z,2.621,27.0808,7.65,0.9781,0.0852,0.2538,1.0198,153.092,159.449581,4.755,58.756,159.58,361447.72828543006,0.02,0
2026-08-14T13:42:50Z,2.626,27.0783,7.56,0.9743,0.0852,0.3384,0.9745,153.115,159.463267,4.7336,58.564,159.86,361574.5185986654,0.019,0
2026-08-14T13:42:50Z,2.631,27.0756,7.56,0.9781,0.0852,0.3384,0.9745,153.135,159.472835,4.7125,58.429,159.58,361681.1103675956,0.019,0
2026-08-14T13:42:50Z,2.636,27.0729,7.56,0.9705,0.0852,0.3384,0.9745,153.147,159.470815,4.6924,58.356,160.38,361720.1735620318,0.018,0
2026-08-14T13:42:50Z,2.64,27.07,7.56,0.9743,0.0852,0.3384,0.9594,153.156,159.466689,4.674,58.361,159.69,361750.7312235917,0.018,0
2026-08-14T13:42:50Z,2.645,27.0667,7.56,0.959,0.0852,0.3384,1.0803,153.171,159.469375,4.659,58.473,160.38,361828.55033334723,0.018,0
2026-08-14T13:42:50Z,2.649,27.0628,7.56,0.9629,0.0426,0.2538,1.0198,153.176,159.465561,4.6486,58.719,160.66,361879.78344247123,0.018,0
2026-08-14T13:42:50Z,2.654,27.0583,7.56,0.9705,0.0426,0.2538,1.1558,153.169,159.450221,4.6432,59.112,160.52,361875.1004956655,0.019,0
2026-08-14T13:42:50Z,2.659,27.0537,7.56,0.9705,0.0426,0.2538,1.0803,153.165,159.439304,4.6439,59.664,161.11,361898.10125365376,0.019,0
2026-08-14T13:42:50Z,2.664,27.0496,7.56,0.9819,0.0426,0.2538,0.9745,153.167,159.435913,4.6532,60.365,161.01,361955.5922155032,0.019,0
2026-08-14T13:42:50Z,2.669,27.0464,7.65,0.9629,0.0426,0.2115,0.9594,153.169,159.433129,4.6731,61.172,160.31,361999.6709731638,0.019,0
2026-08-14T13:42:50Z,2.674,27.0437,7.65,0.9781,0.0426,0.2115,0.9141,153.163,159.422194,4.7046,62.041,161.36,361986.7596122519,0.019,0
2026-08-14T13:42:50Z,2.679,27.0415,7.65,0.9514,0.0426,0.2115,1.0652,153.156,159.412217,4.7487,62.952,161.33,361970.01056953217,0.019,0
2026-08-14T13:42:50Z,2.683,27.0398,7.65,0.9781,0.0426,0.2115,1.0047,153.166,159.420578,4.8046,63.897,161.36,362050.86151870823,0.018,0
2026-08-14T13:42:50Z,2.688,27.0382,7.65,0.9972,0.0426,0.3384,1.0349,153.182,159.435477,4.869,64.887,162.31,362168.0122972617,0.018,0
2026-08-14T13:42:50Z,2.692,27.0368,7.65,1.0086,0.0426,0.3384,1.0652,153.193,159.444856,4.9383,65.943,161.29,362249.1860324668,0.018,0
2026-08-14T13:42:50Z,2.696,27.0359,7.65,0.9972,0.0426,0.3384,1.0954,153.198,159.449209,5.0108,67.048,162.27,362291.5872795251,0.017,0
2026-08-14T13:42:50Z,2.701,27.0352,7.65,0.94,0.0426,0.3384,1.0047,153.199,159.447696,5.0861,68.134,162.2,362295.96015522536,0.017,0
2026-08-14T13:42:50Z,2.705,27.0346,7.65,0.9705,0.0426,0.3384,1.05,153.195,159.441915,5.1649,69.11,162.27,362273.5217264457,0.017,0
2026-08-14T13:42:50Z,2.71,27.0341,7.65,0.9705,0.0852,0.5076,0.9292,153.187,159.430325,5.249,69.892,163.62,362215.2755472956,0.017,0
2026-08-14T13:42:50Z,2.714,27.0336,7.65,0.9209,0.0852,0.5076,0.9745,153.168,159.407832,5.3371,70.402,164.08,362093.3774906919,0.017,0
2026-08-14T13:42:50Z,2.718,27.033,7.65,0.9056,0.0852,0.5076,0.9443,153.143,159.378457,5.4236,70.607,164.4,361933.2191933009,0.017,0
2026-08-14T13:42:50Z,2.722,27.0322,7.65,0.9247,0.0852,0.5076,1.0349,153.12,159.352404,5.5014,70.523,165.59,361796.25427788706,0.017,0
2026-08-14T13:42:50Z,2.726,27.0313,7.56,0.8827,0.0426,0.2961,1.0954,153.102,159.330742,5.5637,70.2,165.73,361686.8181971446,0.017,0
2026-08-14T13:42:50Z,2.73,27.0304,7.56,0.9133,0.0426,0.2961,0.7479,153.086,159.311703,5.6045,69.706,166.24,361592.69903329154,0.018,0
2026-08-14T13:42:50Z,2.735,27.0295,7.56,0.9209,0.0426,0.2961,0.7479,153.08,159.302234,5.6208,69.128,167.14,361554.41332383465,0.018,0
2026-08-14T13:42:50Z,2.74,27.0287,7.56,0.9209,0.0426,0.2961,0.7781,153.089,159.307827,5.6142,68.556,167.8,361602.1075780746,0.019,0
2026-08-14T13:42:50Z,2.745,27.0279,7.65,0.9171,0.0426,0.3807,0.8083,153.109,159.325964,5.5886,68.055,168.89,361722.99835997954,0.019,0
2026-08-14T13:42:50Z,2.75,27.0271,7.65,0.9705,0.0426,0.3807,0.8688,153.142,159.357474,5.5494,67.641,169.56,361921.97310244484,0.019,0
2026-08-14T13:42:50Z,2.754,27.026,7.65,0.9781,0.0426,0.3807,0.7328,153.176,159.388713,5.5034,67.3,170.59,362125.0987134172,0.019,0
2026-08-14T13:42:50Z,2.759,27.0249,7.65,0.9819,0.0426,0.3807,0.8386,153.19,159.397951,5.458,67.022,170.7,362199.799079074,0.019,0
2026-08-14T13:42:50Z,2.764,27.024,7.65,0.9934,0.0426,0.3384,0.7781,153.193,159.393662,5.4182,66.787,171.67,362191.7319815821,0.018,0
2026-08-14T13:42:50Z,2.768,27.0231,7.65,0.9857,0.0426,0.3384,0.9745,153.197,159.39274,5.3853,66.567,172.75,362203.32864995394,0.018,0
2026-08-14T13:42:50Z,2.773,27.0217,7.65,0.9819,0.0426,0.3384,0.9292,153.201,159.392934,5.3582,66.36,173.13,362230.88049548195,0.017,0
2026-08-14T13:42:50Z,2.777,27.0197,7.65,0.959,0.0426,0.3384,0.9745,153.19,159.380267,5.3363,66.188,174.22,362194.6368806131,0.016,0
2026-08-14T13:42:50Z,2.781,27.0175,7.65,0.9819,0.0426,0.3384,1.0349,153.167,159.357373,5.3178,66.067,174.57,362102.4367095208,0.016,0
2026-08-14T13:42:50Z,2.785,27.0155,7.65,0.9857,0.0426,0.2538,0.7177,153.143,159.336184,5.3005,66.015,175.44,362016.42613775365,0.015,0
2026-08-14T13:42:50Z,2.789,27.0142,7.65,1.0124,0.0426,0.2538,0.8688,153.116,159.311051,5.2842,66.075,175.52,361894.1919334401,0.015,0
2026-08-14T13:42:50Z,2.792,27.0138,7.65,0.9857,0.0426,0.2538,0.7932,153.08,159.275271,5.2705,66.314,177.05,361692.86635405576,0.015,0
2026-08-14T13:42:50Z,2.796,27.0144,7.65,0.9857,0.0426,0.2538,0.7177,153.05,159.243354,5.2609,66.79,176.13,361495.308938673,0.015,0
2026-08-14T13:42:50Z,2.8,27.0155,7.65,0.9857,0.0852,0.423,0.7932,153.036,159.226828,5.2566,67.536,177.59,361378.1813392848,0.015,0
2026-08-14T13:42:50Z,2.804,27.0165,7.65,0.9705,0.0852,0.423,0.7479,153.03,159.217279,5.2612,68.549,177.51,361303.65564441093,0.015,0
2026-08-14T13:42:50Z,2.807,27.017,7.65,0.9629,0.0852,0.423,0.7479,153.041,159.224184,5.2803,69.775,176.9,361334.5144133292,0.015,0
2026-08-14T13:42:50Z,2.811,27.0168,7.65,0.9819,0.0852,0.423,0.8083,153.069,159.249385,5.3182,71.119,178.09,361485.2854095046,0.015,0
2026-08-14T13:42:50Z,2.815,27.0161,7.56,0.9857,0.0852,0.3807,0.9443,153.09,159.267535,5.3776,72.457,178.32,361604.3710449451,0.016,0
2026-08-14T13:42:50Z,2.82,27.015,7.56,0.9781,0.0852,0.3807,1.0652,153.093,159.267441,5.4584,73.645,178.59,361624.5472637301,0.016,0
2026-08-14T13:42:50Z,2.824,27.0136,7.56,1.001,0.0852,0.3807,1.05,153.089,159.261103,5.5562,74.562,179.57,361613.93864203006,0.017,0
2026-08-14T13:42:50Z,2.828,27.0122,7.56,0.9629,0.0852,0.3807,1.05,153.094,159.262865,5.6634,75.144,181.1,361650.601410988,0.017,0
2026-08-14T13:42:50Z,2.833,27.0111,7.56,0.959,0.0852,0.3807,0.9443,153.095,159.26117,5.77,75.38,181.61,361661.4367405289,0.017,0
2026-08-14T13:42:50Z,2.837,27.0101,7.74,0.9743,0.0426,0.3807,1.0954,153.081,159.243541,5.8647,75.311,183.55,361577.3931778592,0.017,0
2026-08-14T13:42:50Z,2.842,27.0092,7.74,0.9857,0.0426,0.3807,0.9745,153.072,159.229328,5.9379,75.009,183.15,361511.4068626261,0.016,0
2026-08-14T13:42:50Z,2.846,27.0084,7.74,0.9781,0.0426,0.3807,0.9443,153.082,159.234781,5.9843,74.532,184.51,361558.29849863565,0.016,0
2026-08-14T13:42:50Z,2.85,27.0074,7.74,0.9781,0.0426,0.3807,1.0652,153.102,159.249329,6.0032,73.923,185.48,361662.04896771826,0.015,0
2026-08-14T13:42:50Z,2.854,27.0062,7.65,0.9629,0.0852,0.2961,1.0198,153.106,159.248793,5.9978,73.228,185.48,361681.53615509893,0.014,0
2026-08-14T13:42:50Z,2.857,27.0047,7.65,0.959,0.0852,0.2961,1.0652,153.087,159.225013,5.9739,72.473,186.89,361571.00259810966,0.014,0
2026-08-14T13:42:50Z,2.86,27.0029,7.65,0.9514,0.0852,0.2961,1.0652,153.065,159.199707,5.936,71.679,188.2,361457.2292395119,0.013,0
2026-08-14T13:42:50Z,2.864,27.0011,7.65,0.9781,0.0852,0.2961,1.05,153.054,159.186166,5.8878,70.875,188.32,361412.11688749335,0.013,0
2026-08-14T13:42:50Z,2.867,26.9995,7.65,1.001,0.0426,0.3384,0.9141,153.049,159.18078,5.8326,70.1,191.62,361410.8237179594,0.013,0
2026-08-14T13:42:50Z,2.87,26.9982,7.65,0.9705,0.0426,0.3384,1.05,153.054,159.18612,5.7726,69.384,192.62,361466.4742271311,0.014,0
2026-08-14T13:42:50Z,2.874,26.9974,7.65,0.9705,0.0426,0.3384,1.0349,153.062,159.195594,5.7094,68.751,196.34,361536.8414539778,0.014,0
2026-08-14T13:42:50Z,2.877,26.9969,7.65,0.9896,0.0426,0.3384,1.0047,153.065,159.199704,5.6455,68.219,199.53,361570.25268243294,0.015,0
2026-08-14T13:42:50Z,2.881,26.9967,7.65,0.9819,0.0426,0.3384,0.9443,153.072,159.207563,5.5837,67.792,201.66,361619.8981112423,0.015,0
2026-08-14T13:42:50Z,2.886,26.9968,7.65,0.9705,0.0426,0.3384,1.0349,153.085,159.22126600000001,5.5267,67.476,205.06,361698.01285685145,0.016,0
2026-08-14T13:42:50Z,2.89,26.997,7.65,0.9819,0.0426,0.3384,0.899,153.089,159.224427,5.4763,67.274,207.75,361712.69707066886,0.017,0
2026-08-14T13:42:50Z,2.894,26.9974,7.65,0.9743,0.0426,0.3384,1.2313,153.077,159.209872,5.4338,67.169,209.11,361620.1802048219,0.017,0
2026-08-14T13:42:50Z,2.899,26.9976,7.65,0.9819,0.0426,0.3384,1.2011,153.065,159.19376,5.3998,67.14,212.5,361522.3595531147,0.017,0
2026-08-14T13:42:50Z,2.903,26.9976,7.74,0.9743,0.0426,0.2538,1.2464,153.069,159.191837,5.3747,67.195,210.8,361511.13418106775,0.017,0
2026-08-14T13:42:50Z,2.907,26.9974,7.74,0.9972,0.0426,0.2538,1.2011,153.077,159.191564,5.3586,67.342,213.43,361513.3077411879,0.017,0
2026-08-14T13:42:50Z,2.912,26.9968,7.74,0.9705,0.0426,0.2538,1.0803,153.072,159.176834,5.3503,67.549,214.08,361438.6406037548,0.017,0
2026-08-14T13:42:50Z,2.916,26.9956,7.74,0.9705,0.0426,0.2538,0.9594,153.065,159.159753,5.3481,67.778,215.06,361361.5626126179,0.017,0
2026-08-14T13:42:50Z,2.92,26.9935,7.83,0.9934,0.0852,0.3807,0.9594,153.066,159.151797,5.3527,68.025,218.88,361354.68636572745,0.017,0
2026-08-14T13:42:50Z,2.924,26.9908,7.83,0.9781,0.0852,0.3807,0.9745,153.062,159.142829,5.3647,68.319,219.02,361353.20399167953,0.017,0
2026-08-14T13:42:50Z,2.929,26.9875,7.83,0.9781,0.0852,0.3807,1.0047,153.045,159.126446,5.3815,68.679,220.88,361319.74752928026,0.017,0
2026-08-14T13:42:50Z,2.933,26.9843,7.83,0.9819,0.0852,0.3807,1.0652,153.027,159.114313,5.4,69.117,224.66,361309.20753944316,0.017,0
2026-08-14T13:42:50Z,2.937,26.9815,7.83,0.9629,0.0426,0.2115,0.9745,153.014,159.111213,5.42,69.638,226.87,361343.8540187239,0.017,0
2026-08-14T13:42:50Z,2.941,26.98,7.83,0.9934,0.0426,0.2115,1.0652,152.994,159.100287,5.4435,70.23,230.49,361308.33402535843,0.017,0
2026-08-14T13:42:50Z,2.946,26.9803,7.83,0.9819,0.0426,0.2115,0.9896,152.962,159.074614,5.4722,70.867,232.96,361152.8559434023,0.017,0
2026-08-14T13:42:50Z,2.95,26.9825,7.83,0.9934,0.0426,0.2115,1.0652,152.927,159.04338,5.5068,71.525,237.51,360929.22901878966,0.017,0
2026-08-14T13:42:50Z,2.954,26.9859,7.83,0.9667,0.0426,0.2115,1.0047,152.883,159.002265,5.548,72.163,240.79,360625.54119999707,0.016,0
2026-08-14T13:42:50Z,2.958,26.9891,7.83,0.9743,0.0426,0.423,1.0349,152.846,158.966357,5.5949,72.722,238.91,360356.1437153169,0.016,0
2026-08-14T13:42:50Z,2.962,26.9915,7.83,0.9972,0.0426,0.423,1.3069,152.84,158.960153,5.6454,73.161,247.25,360274.9247937813,0.016,0
2026-08-14T13:42:50Z,2.966,26.9934,7.83,0.9629,0.0426,0.423,1.322,152.849,158.967967,5.6976,73.465,245.01,360284.7615013194,0.016,0
2026-08-14T13:42:50Z,2.97,26.9948,7.83,0.94,0.0426,0.423,1.1709,152.852,158.969839,5.7483,73.618,245.43,360269.37509344396,0.016,0
2026-08-14T13:42:50Z,2.974,26.9956,7.83,0.9705,0.0426,0.3384,1.2011,152.855,158.970277,5.7927,73.597,251.59,360256.90331756306,0.016,0
2026-08-14T13:42:50Z,2.979,26.9956,7.83,0.9934,0.0426,0.3384,1.2162,152.869,158.981421,5.8277,73.406,246.72,360321.8139641104,0.016,0
2026-08-14T13:42:50Z,2.983,26.9952,7.83,0.959,0.0426,0.3384,1.1709,152.88,158.99021,5.852,73.064,248.87,360380.525304075,0.016,0
2026-08-14T13:42:50Z,2.987,26.9946,7.83,0.9705,0.0426,0.3384,1.2918,152.873,158.978946,5.8641,72.586,246.66,360326.17395430204,0.016,0
2026-08-14T13:42:50Z,2.991,26.9938,7.74,0.9705,0.0426,0.3384,1.2615,152.859,158.96066,5.8625,71.999,250.01,360234.68065488635,0.016,0
2026-08-14T13:42:50Z,2.995,26.9928,7.74,0.9552,0.0426,0.3384,1.3522,152.848,158.946505,5.8474,71.339,246.4,360171.01124868117,0.016,0
2026-08-14T13:42:50Z,2.999,26.9917,7.74,1.0124,0.0426,0.3384,0.9745,152.846,158.94273,5.8203,70.648,247.63,360169.67429989885,0.016,0
2026-08-14T13:42:50Z,3.003,26.9905,7.74,0.9781,0.0426,0.3384,1.0047,152.857,158.954338,5.7824,69.976,241.99,360259.8161116674,0.016,0
2026-08-14T13:42:50Z,3.006,26.9894,7.74,0.9934,0.0426,0.3384,0.9896,152.864,158.96238,5.7357,69.366,247.47,360327.3222999189,0.016,0
2026-08-14T13:42:50Z,3.01,26.9885,7.74,0.9629,0.0426,0.2115,1.0198,152.856,158.954973,5.6833,68.829,240.52,360301.07193006686,0.015,0
2026-08-14T13:42:50Z,3.014,26.9879,7.74,0.9857,0.0426,0.2115,1.0047,152.847,158.948178,5.6283,68.371,240.68,360272.7530587425,0.015,0
2026-08-14T13:42:50Z,3.018,26.9878,7.74,0.9857,0.0426,0.2115,1.05,152.845,158.950202,5.5748,68.003,244.1,360286.4208386966,0.015,0
2026-08-14T13:42:50Z,3.022,26.9881,7.74,0.9667,0.0426,0.2115,1.0652,152.835,158.947558,5.5262,67.719,240.99,360265.3829497212,0.015,0
2026-08-14T13:42:50Z,3.025,26.9885,7.92,0.9705,0.0426,0.3384,0.9292,152.819,158.941545,5.4834,67.522,246.45,360222.84307104326,0.014,0
2026-08-14T13:42:50Z,3.029,26.9892,7.92,0.9629,0.0426,0.3384,1.0349,152.811,158.942585,5.4468,67.414,241.94,360215.7561026409,0.014,0
2026-08-14T13:42:50Z,3.033,26.9906,7.92,0.9476,0.0426,0.3384,1.0198,152.814,158.950956,5.4173,67.346,241.83,360238.2281118361,0.013,0
2026-08-14T13:42:50Z,3.036,26.9932,7.92,0.9781,0.0426,0.3384,1.0047,152.824,158.964881,5.3945,67.248,244.74,360270.5179070918,0.011,0
2026-08-14T13:42:50Z,3.039,26.9966,7.83,0.9552,0.0852,0.423,1.0349,152.836,158.980059,5.3784,67.077,242.89,360295.08102906053,0.01,0
2026-08-14T13:42:50Z,3.041,26.9997,7.83,1.0392,0.0852,0.423,1.1256,152.845,158.99252,5.3695,66.807,243.2,360309.4490432889,0.008,0
2026-08-14T13:42:50Z,3.043,27.0016,7.83,1.0582,0.0852,0.423,1.0349,152.847,158.997571,5.3639,66.431,247.79,360303.1897884278,0.007,0
2026-08-14T13:42:50Z,3.044,27.0027,7.83,1.0277,0.0852,0.423,1.05,152.839,158.992552,5.356,65.97,244.26,360253.305668564,0.006,0
2026-08-14T13:42:50Z,3.046,27.0035,7.83,1.0506,0.0426,0.2538,1.0803,152.828,158.984139,5.3423,65.454,245.06,360189.2957576364,0.005,0
2026-08-14T13:42:50Z,3.047,27.0045,7.83,0.9857,0.0426,0.2538,0.9745,152.816,158.974097,5.3207,64.925,246.45,360112.05760591826,0.004,0
2026-08-14T13:42:50Z,3.047,27.0056,7.83,0.959,0.0426,0.2538,0.9594,152.789,158.947726,5.2907,64.44,245.97,359937.9114899217,0.004,0
2026-08-14T13:42:50Z,3.048,27.0066,7.83,0.9857,0.0426,0.2538,1.0349,152.762,158.920037,5.2539,64.061,241.68,359758.0304410139,0.003,0
2026-08-14T13:42:50Z,3.049,27.0076,7.83,1.001,0.0426,0.2538,1.0349,152.77,158.927736,5.2127,63.847,243.52,359784.07770682336,0.003,0
2026-08-14T13:42:50Z,3.05,27.0084,7.83,0.9552,0.0852,0.2538,1.0198,152.798,158.956844,5.1705,63.842,241.52,359938.45876637247,0.003,0
2026-08-14T13:42:50Z,3.05,27.009,7.83,0.9743,0.0852,0.2538,0.9292,152.801,158.963015,5.1318,64.04,240.84,359963.11948137794,0.002,0
2026-08-14T13:42:50Z,3.051,27.0093,7.83,0.9667,0.0852,0.2538,1.0349,152.775,158.945892,5.1016,64.412,244.95,359857.8458265025,0.002,0
2026-08-14T13:42:50Z,3.051,27.0091,7.83,0.9552,0.0852,0.2538,1.05,152.744,158.924958,5.0846,64.965,239.69,359739.79380004876,0.002,0
2026-08-14T13:42:50Z,3.052,27.0089,7.83,0.959,0.0426,0.3384,1.0954,152.712,158.898641,5.0842,65.698,240.16,359590.45388271264,0.002,0
2026-08-14T13:42:50Z,3.052,27.01,7.83,0.9819,0.0426,0.3384,1.0652,152.692,158.877961,5.0998,66.561,236.48,359449.58011790086,0.002,0
2026-08-14T13:42:50Z,3.053,27.0131,7.83,0.9743,0.0426,0.3384,1.0954,152.696,158.877442,5.1292,67.472,233.98,359388.5048560251,0.002,0
2026-08-14T13:42:50Z,3.053,27.017,7.83,0.9819,0.0426,0.3384,1.0349,152.705,158.880913,5.1728,68.365,237,359335.6587190156,0.002,0
2026-08-14T13:42:50Z,3.054,27.0192,7.83,0.9819,0.0852,0.2538,0.9594,152.701,158.871263,5.231,69.171,229.64,359238.3874935789,0.002,0
2026-08-14T13:42:50Z,3.055,27.0192,7.83,0.9552,0.0852,0.2538,1.0047,152.698,158.863954,5.2997,69.832,227.41,359195.911405213,0.003,0
2026-08-14T13:42:50Z,3.055,27.0176,7.83,0.9705,0.0852,0.2538,0.9594,152.703,158.865055,5.3724,70.301,229.64,359232.25463519676,0.003,0
2026-08-14T13:42:50Z,3.056,27.0157,7.83,0.9781,0.0852,0.2538,0.9594,152.702,158.860828,5.4437,70.523,222.67,359243.24994471314,0.003,0
2026-08-14T13:42:50Z,3.056,27.0139,7.83,0.959,0.0852,0.2538,1.05,152.699,158.85616,5.508,70.469,223.2,359249.8111458881,0.003,0
2026-08-14T13:42:50Z,3.057,27.0125,7.92,0.9705,0.0426,0.2961,0.9745,152.701,158.859825,5.5609,70.163,218.21,359297.32246244815,0.003,0
2026-08-14T13:42:50Z,3.058,27.0114,7.92,0.9857,0.0426,0.2961,1.0047,152.704,158.866789,5.5984,69.662,215.99,359358.4021584011,0.004,0
2026-08-14T13:42:50Z,3.059,27.0105,7.92,0.9857,0.0426,0.2961,0.9745,152.71,158.876906,5.6161,69.026,214.36,359434.0783370449,0.004,0
2026-08-14T13:42:50Z,3.06,27.0099,7.92,0.9819,0.0426,0.2961,0.9141,152.718,158.888865,5.6118,68.326,211.21,359514.8590029735,0.005,0
2026-08-14T13:42:50Z,3.061,27.0102,7.83,0.9629,0.0852,0.3807,1.0652,152.715,158.887819,5.5875,67.644,211.86,359503.15575929265,0.006,0
2026-08-14T13:42:50Z,3.063,27.0114,7.83,0.9705,0.0852,0.3807,1.1407,152.697,158.871484,5.5474,67.037,208.3,359385.696669085,0.008,0
2026-08-14T13:42:50Z,3.065,27.0128,7.83,0.9476,0.0852,0.3807,1.0652,152.685,158.861559,5.4966,66.556,207.89,359301.7830371075,0.009,0
2026-08-14T13:42:50Z,3.067,27.0138,7.83,0.9781,0.0852,0.3807,1.05,152.691,158.869425,5.4408,66.25,204.71,359328.78600269486,0.011,0
2026-08-14T13:42:50Z,3.071,27.0145,7.92,0.9667,0.0426,0.3807,1.0198,152.697,158.875134,5.3864,66.155,203.51,359348.86648409686,0.013,0
2026-08-14T13:42:50Z,3.074,27.0152,7.92,0.9705,0.0426,0.3807,0.9896,152.695,158.872194,5.3381,66.294,201.57,359318.6686684535,0.016,0
2026-08-14T13:42:50Z,3.079,27.016,7.92,0.959,0.0426,0.3807,1.0198,152.696,158.86984,5.2997,66.699,201.18,359290.00735274056,0.018,0
2026-08-14T13:42:50Z,3.084,27.0166,7.92,0.9781,0.0426,0.3807,1.0954,152.696,158.865441,5.2753,67.404,197.28,359253.20581703854,0.019,0
2026-08-14T13:42:50Z,3.089,27.0166,7.83,0.9781,0.0852,0.2961,0.9896,152.697,158.859827,5.2676,68.413,194.39,359220.5758997711,0.021,0
2026-08-14T13:42:50Z,3.095,27.0161,7.83,0.9781,0.0852,0.2961,0.9443,152.705,158.861521,5.2787,69.697,193.88,359239.7776585275,0.022,0
2026-08-14T13:42:50Z,3.1,27.0152,7.83,0.9476,0.0852,0.2961,1.0954,152.722,158.872979,5.3111,71.198,190.5,359323.2232698429,0.022,0
2026-08-14T13:42:50Z,3.106,27.0137,7.83,0.9667,0.0852,0.2961,1.0047,152.733,158.879218,5.3674,72.81,188.69,359387.57679121365,0.022,0
2026-08-14T13:42:50Z,3.112,27.0117,7.83,0.9514,0.0852,0.2961,0.9745,152.721,158.863865,5.4479,74.376,187.54,359335.76766636095,0.022,0
2026-08-14T13:42:50Z,3.118,27.0095,7.92,0.9857,0.0852,0.2538,1.0652,152.689,158.828839,5.5504,75.73,186.08,359173.3495040841,0.022,0
2026-08-14T13:42:50Z,3.123,27.0074,7.92,0.9514,0.0852,0.2538,0.9745,152.661,158.796864,5.6701,76.747,184.03,359026.8188693678,0.021,0
2026-08-14T13:42:50Z,3.128,27.0057,7.92,0.9857,0.0852,0.2538,1.05,152.652,158.785467,5.7987,77.348,181.61,358992.394307147,0.021,0
2026-08-14T13:42:50Z,3.134,27.0047,7.92,0.9514,0.0852,0.2538,1.1407,152.656,158.787599,5.9235,77.493,180.43,359023.4901520411,0.021,0
2026-08-14T13:42:50Z,3.139,27.0039,7.83,0.9514,0.0426,0.423,1.0349,152.665,158.795815,6.0314,77.197,178.13,359086.20549094345,0.021,0
2026-08-14T13:42:50Z,3.145,27.0033,7.83,0.9705,0.0426,0.423,1.0349,152.679,158.808295,6.1125,76.548,176.9,359169.9714334657,0.021,0
2026-08-14T13:42:50Z,3.15,27.0026,7.83,0.9285,0.0426,0.423,1.0803,152.68,158.806323,6.1605,75.668,175.52,359171.6089817251,0.021,0
2026-08-14T13:42:50Z,3.155,27.002,7.83,0.9094,0.0426,0.423,1.0652,152.652,158.771336,6.1721,74.665,173.43,358979.48887753865,0.021,0
2026-08-14T13:42:50Z,3.16,27.0014,7.92,0.9018,0.0852,0.1692,0.9292,152.616,158.724067,6.1485,73.636,171.97,358716.0812411242,0.021,0
2026-08-14T13:42:50Z,3.166,27.0009,7.92,0.9018,0.0852,0.1692,1.0652,152.601,158.698002,6.0969,72.689,170.66,358574.040876554,0.022,0
2026-08-14T13:42:50Z,3.171,26.9999,7.92,0.9018,0.0852,0.1692,0.9141,152.605,158.690198,6.0269,71.913,169.85,358547.40630129864,0.022,0
2026-08-14T13:42:50Z,3.177,26.9978,7.92,0.9018,0.0852,0.1692,0.9896,152.601,158.674526,5.9472,71.367,168.6,358495.63528964424,0.022,0
2026-08-14T13:42:50Z,3.183,26.9948,7.92,0.9209,0.0852,0.1692,1.0047,152.586,158.650812,5.8656,71.089,167.21,358413.98131790437,0.022,0
2026-08-14T13:42:50Z,3.189,26.9911,7.92,0.9018,0,0.3384,1.0047,152.586,158.644798,5.7905,71.126,166.27,358448.1795399911,0.022,0
2026-08-14T13:42:50Z,3.194,26.9872,7.92,0.8484,0,0.3384,1.2011,152.608,158.662896,5.7292,71.505,165.3,358626.1807509225,0.022,0
2026-08-14T13:42:50Z,3.2,26.9837,7.92,0.856,0,0.3384,1.322,152.63,158.681874,5.686,72.217,164.9,358801.8952493805,0.021,0
2026-08-14T13:42:50Z,3.205,26.9809,7.92,0.8599,0,0.3384,1.2615,152.638,158.686754,5.6642,73.179,163.48,358882.6342072948,0.021,0
2026-08-14T13:42:50Z,3.21,26.9788,7.92,0.8522,0.0426,0.3384,1.2011,152.642,158.686853,5.6673,74.233,163.23,358922.49919782474,0.021,0
2026-08-14T13:42:50Z,3.215,26.9772,7.92,0.9094,0.0426,0.3384,1.2011,152.656,158.694222,5.6977,75.198,162.98,358995.2810446729,0.022,0
2026-08-14T13:42:50Z,3.221,26.9761,7.92,0.9285,0.0426,0.3384,1.322,152.686,158.714834,5.7545,75.949,161.89,359135.7294384236,0.022,0
2026-08-14T13:42:50Z,3.226,26.9751,7.92,0.9094,0.0426,0.3384,1.2011,152.721,158.738152,5.8313,76.445,161.71,359290.08657113335,0.023,0
2026-08-14T13:42:50Z,3.232,26.9737,7.92,0.8827,0.0426,0.3384,1.2464,152.743,158.746344,5.9154,76.697,161.18,359363.97188623104,0.023,0
2026-08-14T13:42:50Z,3.239,26.9714,7.92,0.8637,0.0426,0.3384,1.2313,152.758,158.749611,5.9926,76.75,160.52,359426.07703113183,0.024,0
2026-08-14T13:42:50Z,3.245,26.9679,7.92,0.837,0.0426,0.3384,1.1709,152.775,158.758843,6.0528,76.696,159.55,359545.40761367686,0.024,0
2026-08-14T13:42:50Z,3.251,26.9635,7.92,0.8637,0.0426,0.3384,1.2313,152.78,158.758465,6.0929,76.638,159.48,359625.7045661542,0.023,0
2026-08-14T13:42:50Z,3.257,26.9587,7.92,0.8522,0.0426,0.3384,1.2313,152.766,158.740359,6.1135,76.635,158.65,359610.2972994178,0.022,0
2026-08-14T13:42:50Z,3.263,26.9547,7.83,0.8408,0.0426,0.2538,1.2615,152.749,158.719738,6.1181,76.678,158.75,359565.23887741345,0.021,0
2026-08-14T13:42:50Z,3.268,26.9518,7.83,0.8599,0.0426,0.2538,1.2615,152.749,158.717156,6.1141,76.7,157.99,359604.5868304901,0.02,0
2026-08-14T13:42:50Z,3.273,26.95,7.83,0.8446,0.0426,0.2538,1.3371,152.755,158.721904,6.1097,76.611,157.93,359665.9985544844,0.019,0
2026-08-14T13:42:50Z,3.277,26.9488,7.83,0.8522,0.0426,0.2538,1.2162,152.753,158.719216,6.1095,76.358,157.14,359672.85198901495,0.019,0
2026-08-14T13:42:50Z,3.282,26.9478,7.92,0.8484,0.0852,0.3807,1.2313,152.755,158.720399,6.1131,75.93,157.31,359698.50112033956,0.019,0
2026-08-14T13:42:50Z,3.287,26.9471,7.92,0.8408,0.0852,0.3807,1.2918,152.762,158.725769,6.1149,75.361,156.63,359742.9130564382,0.019,0
2026-08-14T13:42:50Z,3.292,26.9467,7.92,0.8637,0.0852,0.3807,1.2918,152.762,158.724733,6.1079,74.712,156.29,359744.38176875294,0.018,0
2026-08-14T13:42:50Z,3.296,26.9463,7.92,0.8675,0.0852,0.3807,1.2615,152.746,158.706993,6.0877,74.042,156.36,359648.5519694206,0.018,0
2026-08-14T13:42:50Z,3.301,26.9459,7.92,0.8217,0.0426,0.2961,1.186,152.719,158.677841,6.0536,73.403,156.08,359486.28176600876,0.018,0
2026-08-14T13:42:50Z,3.305,26.9454,7.92,0.8446,0.0426,0.2961,1.2011,152.698,158.655554,6.0083,72.865,155.88,359365.8925185741,0.018,0
2026-08-14T13:42:50Z,3.31,26.945,7.92,0.856,0.0426,0.2961,1.1407,152.684,158.640202,5.9567,72.465,155.34,359284.0188691312,0.017,0
2026-08-14T13:42:50Z,3.314,26.9447,7.92,0.8789,0.0426,0.2961,1.2615,152.676,158.631699,5.9033,72.174,155.81,359240.14529958327,0.017,0
2026-08-14T13:42:50Z,3.318,26.9445,7.92,0.8446,0.0426,0.423,1.2766,152.677,158.631785,5.8524,71.974,154.77,359244.3920805494,0.017,0
2026-08-14T13:42:50Z,3.322,26.9443,7.92,0.8522,0.0426,0.423,1.2162,152.67,158.624451,5.8095,71.888,154.7,359205.45102307654,0.017,0
2026-08-14T13:42:50Z,3.327,26.9441,7.92,0.8789,0.0426,0.423,1.2313,152.653,158.607742,5.7776,71.935,154.77,359111.9532216013,0.017,0
2026-08-14T13:42:50Z,3.331,26.9438,7.92,0.8637,0.0426,0.423,1.2313,152.645,158.601249,5.7544,72.14,154.8,359079.786811754,0.017,0
2026-08-14T13:42:50Z,3.335,26.9435,7.92,0.8446,0.0426,0.423,1.1709,152.64,158.599234,5.7385,72.522,154.06,359073.6788818842,0.017,0
2026-08-14T13:42:50Z,3.339,26.9436,7.92,0.8484,0.0426,0.2538,1.2011,152.626,158.589134,5.7316,73.058,154.77,359013.03508707153,0.016,0
2026-08-14T13:42:50Z,3.344,26.9439,7.92,0.8446,0.0426,0.2538,1.2766,152.613,158.580282,5.7353,73.729,153.49,358955.9141855045,0.016,0
2026-08-14T13:42:50Z,3.348,26.9445,7.92,0.8599,0.0426,0.2538,1.2313,152.599,158.570317,5.7517,74.55,154.5,358886.7091385484,0.016,0
2026-08-14T13:42:50Z,3.352,26.9456,7.92,0.8522,0.0426,0.2538,1.473,152.58,158.552574,5.782,75.501,152.96,358762.91989305825,0.016,0
2026-08-14T13:42:50Z,3.356,26.947,7.92,0.837,0.0852,0.2538,1.4881,152.572,158.542363,5.8246,76.505,152.46,358677.34529092174,0.016,0
2026-08-14T13:42:50Z,3.36,26.9486,7.92,0.8293,0.0852,0.2538,1.5637,152.59,158.557,5.8779,77.444,152.1,358732.52260082896,0.016,0
2026-08-14T13:42:50Z,3.364,26.95,7.92,0.8408,0.0852,0.2538,1.473,152.622,158.584356,5.9432,78.172,151.41,358865.41512183135,0.017,0
2026-08-14T13:42:50Z,3.368,26.9505,7.92,0.8446,0.0852,0.2538,1.5183,152.637,158.591645,6.0189,78.572,151.97,358898.4500407832,0.017,0
2026-08-14T13:42:50Z,3.372,26.95,7.92,0.8255,0.0852,0.3384,1.609,152.634,158.58081,6.099,78.611,151.34,358844.7881213941,0.017,0
2026-08-14T13:42:50Z,3.377,26.9487,7.92,0.8217,0.0852,0.3384,1.4579,152.636,158.577018,6.174,78.355,151.47,358847.0622934838,0.018,0
2026-08-14T13:42:50Z,3.382,26.9468,7.92,0.8293,0.0852,0.3384,1.473,152.639,158.57525,6.2323,77.93,150.59,358872.33936730644,0.018,0
2026-08-14T13:42:50Z,3.387,26.9443,7.92,0.8293,0.0852,0.3384,1.5486,152.634,158.567016,6.2644,77.472,150.36,358871.2379593246,0.018,0
2026-08-14T13:42:50Z,3.391,26.9419,7.92,0.9247,0.0852,0.3384,1.5637,152.628,158.558139,6.2678,77.082,151.08,358864.5231029239,0.018,0
2026-08-14T13:42:50Z,3.396,26.9398,7.92,0.9209,0.0852,0.423,1.4881,152.63,158.558274,6.2477,76.819,150.55,358904.6195556328,0.018,0
2026-08-14T13:42:50Z,3.401,26.9383,7.92,0.9018,0.0852,0.423,1.4579,152.648,158.575473,6.214,76.671,149.51,359032.7786556709,0.018,0
2026-08-14T13:42:50Z,3.405,26.9371,7.92,0.9018,0.0852,0.423,1.4579,152.666,158.594283,6.1775,76.56,149.28,359164.7301205864,0.018,0
2026-08-14T13:42:50Z,3.41,26.9361,7.92,0.9133,0.0852,0.423,1.8507,152.665,158.591663,6.1466,76.378,149.58,359168.21413028875,0.018,0
2026-08-14T13:42:50Z,3.414,26.9355,7.92,0.898,0.0426,0.423,2.0622,152.651,158.57493,6.1257,76.044,150.29,359082.05923644995,0.018,0
2026-08-14T13:42:50Z,3.418,26.9353,7.92,0.9209,0.0426,0.423,1.9866,152.636,158.555655,6.1139,75.531,149.74,358973.63162770757,0.018,0
2026-08-14T13:42:50Z,3.423,26.9351,7.92,0.9094,0.0426,0.423,1.9413,152.617,158.532706,6.1051,74.848,150.49,358843.84787782084,0.018,0
2026-08-14T13:42:50Z,3.427,26.9346,7.92,0.9018,0.0426,0.423,2.3341,152.6,158.511986,6.0906,74.016,149.41,358732.6713758663,0.018,0
2026-08-14T13:42:50Z,3.432,26.9338,7.92,0.9285,0.0852,0.3807,2.4701,152.588,158.495987,6.0641,73.08,149.15,358654.5827976759,0.018,0
2026-08-14T13:42:50Z,3.437,26.9327,7.92,0.9209,0.0852,0.3807,2.3492,152.589,158.492467,6.0233,72.112,150.06,358654.6900264939,0.018,0
2026-08-14T13:42:50Z,3.442,26.9317,7.92,0.9362,0.0852,0.3807,2.3492,152.608,158.508501,5.9688,71.188,148.41,358766.6685366949,0.018,0
2026-08-14T13:42:50Z,3.447,26.9306,7.92,0.9514,0.0852,0.3807,2.9837,152.632,158.528327,5.9026,70.352,148.86,358902.61003248964,0.017,0
2026-08-14T13:42:50Z,3.451,26.9293,8.1,0.9743,0.0852,0.3384,3.0743,152.64,158.53318,5.8282,69.616,149.19,358955.19274113333,0.017,0
2026-08-14T13:42:50Z,3.455,26.928,8.1,0.9552,0.0852,0.3384,3.0894,152.636,158.524357,5.7511,68.992,148.15,358928.1904428695,0.017,0
2026-08-14T13:42:50Z,3.459,26.9266,8.1,0.9972,0.0852,0.3384,3.0894,152.632,158.515535,5.6776,68.488,147.99,358903.06610860926,0.017,0
2026-08-14T13:42:50Z,3.463,26.9252,8.1,0.9705,0.0852,0.3384,3.3764,152.63,158.508371,5.611,68.107,147.86,358887.5896825072,0.017,0
2026-08-14T13:42:50Z,3.468,26.9238,8.1,0.9781,0.0852,0.3384,3.2707,152.632,158.504962,5.5524,67.846,146.55,358893.9645199299,0.018,0
2026-08-14T13:42:50Z,3.473,26.9223,8.19,0.9705,0.0852,0.3384,3.3462,152.649,158.516423,5.5028,67.69,146.65,358988.760654027,0.019,0
2026-08-14T13:42:50Z,3.478,26.9206,8.19,0.9743,0.0852,0.3384,3.3764,152.675,158.537794,5.4628,67.617,146.46,359145.0227374039,0.02,0
2026-08-14T13:42:50Z,3.483,26.919,8.19,0.9705,0.0852,0.3384,4.0713,152.691,158.546716,5.4326,67.619,145.19,359226.9609827649,0.021,0
2026-08-14T13:42:50Z,3.488,26.9173,8.19,0.9629,0.0852,0.3384,4.0864,152.678,158.525528,5.4119,67.698,145.63,359135.4398759789,0.021,0
2026-08-14T13:42:50Z,3.494,26.9155,8.19,0.9629,0.0852,0.2961,4.0864,152.652,158.48862,5.3996,67.836,144.9,358954.28361964,0.022,0
2026-08-14T13:42:50Z,3.5,26.9135,8.19,0.9781,0.0852,0.2961,4.1015,152.637,158.462222,5.394,68.005,143.81,358838.0817709655,0.022,0
2026-08-14T13:42:50Z,3.505,26.9112,8.19,0.9743,0.0852,0.2961,4.7209,152.648,158.459335,5.3944,68.185,143.99,358864.34681452863,0.023,0
2026-08-14T13:42:50Z,3.511,26.9085,8.19,0.9934,0.0852,0.2961,4.7964,152.682,158.479188,5.4009,68.369,143.03,359030.50300611864,0.023,0
2026-08-14T13:42:50Z,3.517,26.9054,8.19,0.9552,0.0426,0.2538,4.7511,152.71,158.491001,5.4123,68.552,142.22,359157.39193535753,0.023,0
2026-08-14T13:42:50Z,3.523,26.9017,8.19,0.9857,0.0426,0.2538,4.736,152.721,158.4859,5.4261,68.738,141.94,359197.03805955313,0.024,0
2026-08-14T13:42:50Z,3.529,26.8972,8.19,1.0544,0.0426,0.2538,4.8418,152.739,158.490581,5.4409,68.947,141.57,359308.6887231761,0.025,0
2026-08-14T13:42:50Z,3.535,26.8919,8.19,1.0468,0.0426,0.2538,4.8418,152.746,158.486248,5.4561,69.197,140.59,359382.8506757509,0.026,0
2026-08-14T13:42:50Z,3.542,26.8862,8.19,1.0506,0.0426,0.2538,4.8569,152.72,158.451707,5.4713,69.506,140.9,359288.4620609908,0.027,0
2026-08-14T13:42:50Z,3.549,26.8808,8.1,1.043,0.0852,0.3384,4.7058,152.702,158.425843,5.4867,69.9,139.74,359239.00585876044,0.027,0
2026-08-14T13:42:50Z,3.557,26.8761,8.1,1.0926,0.0852,0.3384,5.4611,152.707,158.425808,5.5038,70.391,139.01,359326.96562793484,0.028,0
2026-08-14T13:42:50Z,3.564,26.8726,8.1,1.0926,0.0852,0.3384,5.5216,152.717,158.431552,5.5242000000000004,70.946,138.74,359426.1298083255,0.028,0
2026-08-14T13:42:50Z,3.571,26.8699,8.1,1.1002,0.0852,0.3384,5.446,152.727,158.436589,5.5491,71.497,137.96,359506.1814390541,0.027,0
2026-08-14T13:42:50Z,3.578,26.8677,8.1,1.0964,0.0426,0.2961,5.6122,152.738,158.442264,5.5807,71.969,138.47,359580.5848337525,0.026,0
2026-08-14T13:42:50Z,3.585,26.866,8.1,1.1421,0.0426,0.2961,5.2194,152.746,158.446081,5.6201,72.297,137.72,359634.77389775333,0.025,0
2026-08-14T13:42:50Z,3.591,26.8645,8.1,1.1612,0.0426,0.2961,5.2345,152.741,158.437033,5.6646,72.445,137.75,359610.1577186567,0.024,0
2026-08-14T13:42:50Z,3.597,26.8628,8.1,1.1498,0.0426,0.2961,5.2194,152.725,158.416715,5.7087,72.417,138.02,359523.5531814267,0.023,0
2026-08-14T13:42:50Z,3.603,26.861,8.1,1.1574,0.0426,0.3384,5.0986,152.724,158.413778,5.7466,72.234,137.03,359540.2164313052,0.022,0
2026-08-14T13:42:50Z,3.608,26.8594,8.1,1.1002,0.0426,0.3384,4.736,152.749,158.437459,5.773,71.937,137.42,359708.43212642474,0.021,0
2026-08-14T13:42:50Z,3.613,26.858,8.1,1.1002,0.0426,0.3384,4.9173,152.784,158.472027,5.7849,71.589,136.89,359936.5006565515,0.021,0
2026-08-14T13:42:50Z,3.619,26.8569,8.1,1.0849,0.0426,0.3384,4.7058,152.821,158.508665,5.7828,71.248,136.71,360171.1160356843,0.02,0
2026-08-14T13:42:50Z,3.624,26.8562,8.19,1.1002,0.0852,0.2961,4.7511,152.838,158.525077,5.7683,70.944,135.38,360280.14492722135,0.02,0
2026-08-14T13:42:50Z,3.628,26.8556,8.19,1.0849,0.0852,0.2961,4.9928,152.826,158.509609,5.7446,70.684,136,360201.0823541631,0.019,0
2026-08-14T13:42:50Z,3.633,26.855,8.19,1.0659,0.0852,0.2961,4.9928,152.802,158.482184,5.7169,70.471,135.41,360052.20357183646,0.019,0
2026-08-14T13:42:50Z,3.638,26.8545,8.19,1.0926,0.0852,0.2961,5.0533,152.782,158.459537,5.6897,70.29,135.17,359929.3727064774,0.019,0
2026-08-14T13:42:50Z,3.643,26.8539,8.19,1.0849,0.0852,0.2961,4.9777,152.77,158.443644,5.6654,70.111,135.32,359847.8690460683,0.019,0
2026-08-14T13:42:50Z,3.648,26.8532,8.19,1.1383,0.0852,0.2961,4.4943,152.763,158.434277,5.6448,69.916,134.47,359806.3459337837,0.019,0
2026-08-14T13:42:50Z,3.652,26.8525,8.19,1.1803,0.0852,0.2961,4.5396,152.768,158.436952,5.6278,69.699,134.2,359835.11505371187,0.018,0
2026-08-14T13:42:50Z,3.657,26.8516,8.19,1.1612,0.0852,0.2961,4.5698,152.782,158.448374,5.6134,69.461,134.64,359918.712632907,0.018,0
2026-08-14T13:42:50Z,3.662,26.8507,8.19,1.1498,0.0852,0.2961,4.4792,152.793,158.455559,5.5992,69.21,133.39,359977.58387141256,0.018,0
2026-08-14T13:42:50Z,3.666,26.8498,8.19,1.1612,0.0852,0.3384,4.3281,152.791,158.448396,5.5837,68.96,133.33,359952.679764831,0.018,0
2026-08-14T13:42:50Z,3.671,26.849,8.19,1.1574,0.0852,0.3384,4.2526,152.775,158.424975,5.5665,68.72,133.42,359830.9754923175,0.017,0
2026-08-14T13:42:50Z,3.675,26.848,8.19,1.165,0.0852,0.3384,4.2979,152.751,158.391076,5.5476,68.494,132.64,359651.8955590482,0.017,0
2026-08-14T13:42:50Z,3.679,26.8466,8.19,1.1498,0.0852,0.3384,4.313,152.731,158.361706,5.5277,68.299,133.51,359506.7996909612,0.017,0
2026-08-14T13:42:50Z,3.683,26.8448,8.19,1.2146,0.0426,0.2961,4.162,152.732,158.35308,5.5079,68.143,133.04,359490.2688803885,0.017,0
2026-08-14T13:42:50Z,3.688,26.8425,8.19,1.1994,0.0426,0.2961,4.1922,152.751,158.362899,5.489,68.034,132.15,359590.76679596887,0.017,0
2026-08-14T13:42:50Z,3.692,26.8398,8.19,1.2146,0.0426,0.2961,4.0562,152.775,158.377748,5.4712,67.998,132.67,359728.1712621564,0.017,0
2026-08-14T13:42:50Z,3.696,26.8368,8.19,1.2337,0.0426,0.2961,4.0411,152.797,158.389561,5.4559,68.051,132.18,359853.53390572267,0.017,0
2026-08-14T13:42:50Z,3.701,26.8338,8.19,1.6419,0.0426,0.2961,3.2556,152.81,158.393473,5.4438,68.182,132.41,359932.78856371884,0.017,0
2026-08-14T13:42:50Z,3.705,26.8306,8.37,1.6724,0.0852,0.3384,3.3311,152.818,158.394534,5.4354,68.365,132.73,359999.16950637597,0.017,0
2026-08-14T13:42:50Z,3.709,26.8271,8.37,1.6648,0.0852,0.3384,3.3613,152.829,158.401043,5.4328,68.581,131.83,360103.04325684067,0.017,0
2026-08-14T13:42:50Z,3.714,26.8237,8.37,1.6381,0.0852,0.3384,3.2556,152.834,158.402711,5.4374,68.824,132.29,360176.77361729176,0.018,0
2026-08-14T13:42:50Z,3.718,26.8207,8.37,1.7792,0.0852,0.3384,3.5728,152.829,158.395975,5.4482,69.106,132.15,360193.86929442274,0.018,0
2026-08-14T13:42:50Z,3.723,26.8182,8.82,1.783,0.1278,0.2961,3.603,152.838,158.40509,5.463,69.461,132.09,360294.21468245395,0.018,0
2026-08-14T13:42:50Z,3.728,26.8164,8.82,1.7907,0.1278,0.2961,3.603,152.865,158.434491,5.4804,69.911,131.78,360500.0321029606,0.019,0
2026-08-14T13:42:50Z,3.733,26.8153,8.82,1.8097,0.1278,0.2961,3.6181,152.882,158.453943,5.5,70.43,132.21,360634.53662203177,0.019,0
2026-08-14T13:42:50Z,3.738,26.8148,8.82,2.0806,0.1278,0.2961,3.7541,152.885,158.458612,5.5225,70.951,132.15,360671.27341910853,0.019,0
2026-08-14T13:42:50Z,3.742,26.8149,9.81,2.0882,0.0852,0.2538,3.8598,152.883,158.45776,5.5509,71.396,132.15,360664.4026487678,0.018,0
2026-08-14T13:42:50Z,3.747,26.8153,9.81,2.0806,0.0852,0.2538,3.7994,152.886,158.459175,5.5868,71.693,131.98,360665.13921086653,0.018,0
2026-08-14T13:42:50Z,3.751,26.8159,9.81,2.0806,0.0852,0.2538,3.7692,152.895,158.467244,5.6282,71.797,132.04,360701.0340192186,0.019,0
2026-08-14T13:42:50Z,3.756,26.8164,9.81,2.2789,0.0852,0.2538,3.8598,152.891,158.460068,5.6698,71.685,131.46,360649.6265128135,0.019,0
2026-08-14T13:42:50Z,3.761,26.8165,9.81,2.2942,0.0852,0.2538,3.7994,152.879,158.443751,5.7054,71.354,131.43,360552.29565791116,0.019,0
2026-08-14T13:42:50Z,3.766,26.8162,10.17,2.2828,0.1278,0.3807,3.8296,152.879,158.43799,5.7291,70.844,131.86,360524.25169200584,0.019,0
2026-08-14T13:42:50Z,3.771,26.8157,10.17,2.298,0.1278,0.3807,3.8901,152.877,158.429224,5.7376,70.225,131.23,360482.4022999702,0.019,0
2026-08-14T13:42:50Z,3.776,26.8149,10.17,2.3362,0.1278,0.3807,4.0864,152.871,158.415116,5.7287,69.561,131.89,360414.96677543514,0.02,0
2026-08-14T13:42:50Z,3.781,26.8136,10.17,2.3476,0.1278,0.3807,4.0713,152.873,158.407934,5.7023,68.91,132.09,360397.4534248899,0.02,0
2026-08-14T13:42:50Z,3.786,26.8117,10.71,2.3362,0.1278,0.5076,4.0864,152.881,158.405763,5.6618,68.315,131.86,360420.54547205,0.02,0
2026-08-14T13:42:50Z,3.791,26.8095,10.71,2.3362,0.1278,0.5076,4.0562,152.895,158.408025,5.6125,67.799,131.43,360475.2197902844,0.021,0
2026-08-14T13:42:50Z,3.797,26.807,10.71,2.0844,0.1278,0.5076,4.1318,152.908,158.407304,5.5597,67.373,131.89,360518.1070515475,0.021,0
2026-08-14T13:42:50Z,3.802,26.804,10.71,2.1149,0.1278,0.5076,4.0411,152.917,158.403408,5.508,67.038,131.75,360551.8491217966,0.021,0
2026-08-14T13:42:50Z,3.808,26.8005,10.8,2.0806,0.0852,0.4653,3.9958,152.923,158.399306,5.4608,66.775,131.72,360593.81615883444,0.02,0
2026-08-14T13:42:50Z,3.813,26.7965,10.8,2.0997,0.0852,0.4653,4.0713,152.917,158.385886,5.4199,66.559,131.95,360590.688864049,0.02,0
2026-08-14T13:42:50Z,3.818,26.7919,10.8,2.092,0.0852,0.4653,4.3584,152.92,158.383617,5.3863,66.369,131.75,360664.133943811,0.019,0
2026-08-14T13:42:50Z,3.822,26.7875,10.8,2.0806,0.0852,0.4653,4.2677,152.944,158.40392,5.3599,66.185,132.29,360865.9842749066,0.018,0
2026-08-14T13:42:50Z,3.827,26.7841,10.8,2.0653,0.1278,0.4653,4.313,152.968,158.424152,5.3392,65.992,131.95,361048.64285317523,0.018,0
2026-08-14T13:42:50Z,3.831,26.7817,10.8,2.0806,0.1278,0.4653,4.3584,152.97,158.42165,5.3222,65.785,132.84,361079.29568429466,0.018,0
2026-08-14T13:42:50Z,3.836,26.7799,10.8,2.031,0.1278,0.4653,4.872,152.957,158.403766,5.3071,65.56,132.41,361008.51049714757,0.018,0
2026-08-14T13:42:50Z,3.84,26.7784,10.8,2.031,0.1278,0.4653,4.7511,152.958,158.397792,5.2926,65.321,132.9,361001.82996466407,0.018,0
2026-08-14T13:42:50Z,3.845,26.777,10.8,2.0348,0.1278,0.4653,4.736,152.97,158.402137,5.2773,65.082,132.41,361053.71383059025,0.019,0
2026-08-14T13:42:50Z,3.849,26.7756,10.8,2.0386,0.1278,0.54990000000000006,4.7813,152.977,158.397919,5.2608,64.857,132.58,361055.43330108374,0.019,0
2026-08-14T13:42:50Z,3.854,26.774,10.8,2.0806,0.1278,0.54990000000000006,4.9173,152.976,158.384011,5.243,64.654,132.64,361004.15719165467,0.02,0
2026-08-14T13:42:50Z,3.86,26.7719,10.8,2.0806,0.1278,0.54990000000000006,5.0533,152.977,158.368729,5.2242,64.468,132.38,360954.271095649,0.021,0
2026-08-14T13:42:50Z,3.865,26.7691,10.8,2.0539,0.1278,0.54990000000000006,5.0381,152.979,158.352004,5.2053,64.29,133.1,360909.1434830671,0.022,0
2026-08-14T13:42:50Z,3.871,26.7655,10.62,2.0882,0.1278,0.3807,4.9928,152.992,158.345409,5.1876,64.112,132.15,360938.46083771676,0.022,0
2026-08-14T13:42:50Z,3.876,26.7611,10.62,2.237,0.1278,0.3807,5.2647,153.02,158.351191,5.1718,63.93,131.98,361055.41928685136,0.022,0
2026-08-14T13:42:50Z,3.882,26.7558,10.62,2.2179,0.1278,0.3807,5.295,153.036,158.342835,5.1574,63.741,131.92,361106.54542181914,0.022,0
2026-08-14T13:42:50Z,3.888,26.7498,10.62,2.2027,0.1278,0.3807,5.2194,153.037,158.318112,5.1437,63.546,131.61,361074.95630260697,0.022,0
2026-08-14T13:42:50Z,3.893,26.743,10.17,2.2141,0.0852,0.3384,5.2496,153.047,158.304495,5.1301,63.345,131.81,361123.5858430947,0.022,0
2026-08-14T13:42:50Z,3.899,26.7354,10.17,2.3209,0.0852,0.3384,5.2345,153.073,158.308373,5.1162,63.148,131.86,361289.96478996763,0.022,0
2026-08-14T13:42:50Z,3.904,26.7273,10.17,2.3171,0.0852,0.3384,5.2194,153.108,158.322763,5.1019,62.963,131.81,361527.5900782139,0.021,0
2026-08-14T13:42:50Z,3.909,26.719,10.17,2.3285,0.0852,0.3384,5.2043,153.155,158.3515,5.0869,62.794,131.72,361853.4332352266,0.021,0
2026-08-14T13:42:50Z,3.915,26.7112,10.17,2.3362,0.0852,0.3384,5.2043,153.209,158.388219,5.0716,62.634,131.41,362216.9983741143,0.02,0
2026-08-14T13:42:50Z,3.92,26.7037,9.9,2.3133,0.0852,0.5076,5.2043,153.246,158.412651,5.0565,62.486,131.52,362502.9275883081,0.019,0
2026-08-14T13:42:50Z,3.924,26.6967,9.9,2.2866,0.0852,0.5076,5.0381,153.266,158.423292,5.0424,62.359,131.04,362698.4188208814,0.018,0
2026-08-14T13:42:50Z,3.929,26.69,9.9,2.2484,0.0852,0.5076,5.023,153.284,158.435004,5.0295,62.261,131.04,362894.6308690657,0.017,0
2026-08-14T13:42:50Z,3.933,26.684,9.9,2.2828,0.0852,0.5076,5.0533,153.293,158.438887,5.0172,62.206,131.32,363031.53650154744,0.016,0
2026-08-14T13:42:50Z,3.937,26.6794,9.63,2.237,0.0852,0.54990000000000006,5.023,153.29,158.42796,5.0057,62.216,130.75,363054.6347484304,0.015,0
2026-08-14T13:42:50Z,3.94,26.6762,9.63,2.2027,0.0852,0.54990000000000006,5.0835,153.283,158.411334,4.9959,62.314,131.41,363017.54460131173,0.015,0
2026-08-14T13:42:50Z,3.944,26.674,9.63,2.195,0.0852,0.54990000000000006,5.0684,153.281,158.396598,4.9882,62.516,130.89,362972.5714144802,0.015,0
2026-08-14T13:42:50Z,3.948,26.6719,9.63,2.2141,0.0852,0.54990000000000006,5.023,153.3,158.399864,4.984,62.817,131.55,363031.7365294447,0.015,0
2026-08-14T13:42:50Z,3.952,26.6695,9.72,2.195,0.0852,0.4653,4.9626,153.337,158.417992,4.985,63.191,131.29,363184.18971383397,0.015,0
2026-08-14T13:42:50Z,3.955,26.6664,9.72,2.1988,0.0852,0.4653,4.9022,153.377,158.435776,4.9932,63.607,130.86,363347.9916994886,0.015,0
2026-08-14T13:42:50Z,3.959,26.6621,9.72,2.2179,0.0852,0.4653,4.9928,153.411,158.445932,5.0097,64.037,130.98,363489.72912271484,0.016,0
2026-08-14T13:42:50Z,3.964,26.6568,9.72,2.2027,0.0852,0.4653,5.0684,153.417,158.427119,5.0344,64.443,130.92,363479.7125105021,0.016,0
2026-08-14T13:42:50Z,3.968,26.6502,9.54,2.2027,0.0852,0.4653,4.9928,153.402,158.386343,5.0649,64.79,130.01,363364.9208487318,0.017,0
2026-08-14T13:42:50Z,3.972,26.6427,9.54,2.3362,0.0852,0.4653,5.0533,153.391,158.35281,5.099,65.074,130.07,363309.9598539436,0.017,0
2026-08-14T13:42:50Z,3.977,26.6347,9.54,2.3285,0.0852,0.4653,5.0381,153.379,158.321584,5.1342,65.303,129.48,363278.10600719403,0.018,0
2026-08-14T13:42:50Z,3.981,26.6264,9.54,2.3514,0.0852,0.4653,5.0381,153.37,158.294358,5.1674,65.496,129.76,363275.54420643,0.018,0
2026-08-14T13:42:50Z,3.986,26.6182,9.54,2.3438,0.0852,0.4653,4.9626,153.381,158.285917,5.1961,65.68,129.53,363381.90953785647,0.019,0
2026-08-14T13:42:50Z,3.991,26.6109,9.54,2.4354,0.0852,0.5922,5.0079,153.402,158.283989,5.2195,65.881,129.48,363509.6181886278,0.019,0
2026-08-14T13:42:50Z,3.996,26.6049,9.54,2.4392,0.0852,0.5922,4.9928,153.422,158.278037,5.2385,66.106,129.25,363588.84085424925,0.02,0
2026-08-14T13:42:50Z,4.001,26.5991,9.54,2.4659,0.0852,0.5922,5.0684,153.455,158.280502,5.2545,66.359,129.23,363713.9899561925,0.02,0
2026-08-14T13:42:50Z,4.006,26.5925,9.54,2.443,0.0852,0.5922,5.0684,153.506,158.298052,5.2699,66.647,129.23,363943.59757053346,0.02,0
2026-08-14T13:42:50Z,4.011,26.5849,9.81,2.6299,0.0852,0.5922,4.872,153.555,158.31332,5.2867,66.968,129.09,364178.9589197427,0.02,0
2026-08-14T13:42:50Z,4.017,26.576,9.81,2.6375,0.0852,0.5922,4.8115,153.587,158.31234,5.3056,67.322,128.69,364343.2063753278,0.02,0
2026-08-14T13:42:50Z,4.022,26.5658,9.81,2.6375,0.0852,0.5922,4.8267,153.611,158.306872,5.3269,67.701,129.59,364505.84935380577,0.021,0
2026-08-14T13:42:50Z,4.027,26.5547,9.81,2.6299,0.0852,0.5922,4.8115,153.643,158.307483,5.3511,68.082,128.8,364721.81529700884,0.021,0
2026-08-14T13:42:50Z,4.032,26.5431,9.9,2.8168,0.0852,0.7614,4.7813,153.684,158.310326,5.378,68.444,128.75,364960.74839526846,0.021,0
2026-08-14T13:42:50Z,4.038,26.5321,9.9,2.8359,0.0852,0.7614,4.8569,153.732,158.316158,5.4075,68.791,128.92,365206.09924547083,0.021,0
2026-08-14T13:42:50Z,4.043,26.5221,9.9,2.8283,0.0852,0.7614,4.8569,153.797,158.33054,5.439,69.123,128.3,365483.19379881234,0.022,0
2026-08-14T13:42:50Z,4.048,26.5115,9.9,2.8283,0.0852,0.7614,4.8267,153.891,158.349292,5.4707,69.439,127.86,365797.99308351753,0.022,0
2026-08-14T13:42:50Z,4.054,26.4988,9.9,3.2555,0.0852,0.7614,4.736,154.017,158.369396,5.501,69.772,128.02,366161.498653681,0.022,0
2026-08-14T13:42:50Z,4.06,26.4847,10.08,3.2288,0.0852,0.6345,4.736,154.148,158.380173,5.5303,70.167,127.36,366496.87332315673,0.023,0
2026-08-14T13:42:50Z,4.066,26.4676,10.08,3.2441,0.0852,0.6345,4.8115,154.228,158.360437,5.5587,70.649,127.11,366708.78369970765,0.023,0
2026-08-14T13:42:50Z,4.072,26.4424,10.08,3.2555,0.0852,0.6345,4.7662,154.245,158.316941,5.5867000000000004,71.224,126.86,366935.56148038694,0.023,0
2026-08-14T13:42:50Z,4.078,26.4068,10.08,4.1291,0.0852,0.6345,4.313,154.235,158.276163,5.6171,71.89,126.42,367379.67515093955,0.023,0
2026-08-14T13:42:50Z,4.084,26.3666,10.44,4.1062,0.1278,0.7191,4.2526,154.236,158.251279,5.653,72.627,126.04,368008.69168828137,0.023,0
2026-08-14T13:42:50Z,4.09,26.3333,10.44,4.1024,0.1278,0.7191,4.3433,154.252,158.235653,5.6952,73.395,125.41,368560.7623401527,0.023,0
2026-08-14T13:42:50Z,4.095,26.3138,10.44,4.1215,0.1278,0.7191,4.4339,154.273,158.223114,5.7436,74.121,125.05,368864.27228867006,0.023,0
2026-08-14T13:42:50Z,4.101,26.3037,10.44,5.6169,0.1278,0.7191,3.8296,154.308,158.224343,5.7983,74.701,124.78,369067.9239833552,0.022,0
2026-08-14T13:42:50Z,4.107,26.2953,11.25,5.6436,0.1278,0.8037,3.7994,154.358,158.245678,5.8586,75.042,124.3,369359.27252051135,0.022,0
2026-08-14T13:42:50Z,4.113,26.2851,11.25,5.6512,0.1278,0.8037,3.8447,154.409,158.27477,5.9217,75.103,124.27,369732.4951489588,0.022,0
2026-08-14T13:42:50Z,4.118,26.2738,11.25,5.6092,0.1278,0.8037,3.8447,154.448,158.295328,5.9814,74.889,123.89,370076.26117836393,0.021,0
2026-08-14T13:42:50Z,4.123,26.2627,11.25,8.9853,0.1278,0.8037,3.8598,154.476,158.302814,6.0295,74.426,123.84,370337.8473128911,0.021,0
2026-08-14T13:42:50Z,4.128,26.253,11.79,8.9815,0.1278,0.7614,3.8598,154.497,158.299225,6.058,73.769,123.33,370505.663623316,0.02,0
2026-08-14T13:42:50Z,4.133,26.2455,11.79,8.9738,0.1278,0.7614,3.7692,154.515,158.291617,6.0638,72.991,123.09,370606.40025552316,0.02,0
2026-08-14T13:42:50Z,4.139,26.2393,11.79,8.9433,0.1278,0.7614,3.7692,154.541,158.293992,6.0472,72.172,122.98,370741.87080003,0.02,0
2026-08-14T13:42:50Z,4.144,26.2324,11.79,18.1445,0.1278,0.7614,4.0864,154.566,158.294958,6.0105,71.38,122.95,370882.6067699122,0.019,0
2026-08-14T13:42:50Z,4.148,26.2243,11.79,18.1827,0.1278,0.7614,3.9807,154.575,158.276737,5.9583,70.662,122.34,370931.2903464536,0.019,0
2026-08-14T13:42:50Z,4.153,26.2158,12.42,18.175,0.1278,0.7191,4.0713,154.582,158.252505,5.8963,70.049,122.15,370951.5922963677,0.018,0
2026-08-14T13:42:50Z,4.158,26.2078,12.42,18.175,0.1278,0.7191,4.1922,154.608,158.243854,5.831,69.552,121.73,371056.02142735507,0.018,0
2026-08-14T13:42:50Z,4.162,26.2,12.42,23.2525,0.1278,0.7191,4.1015,154.65,158.252484,5.7678,69.162,121.68,371260.7892994946,0.019,0
2026-08-14T13:42:50Z,4.167,26.1912,12.42,23.2715,0.1278,0.7191,4.0562,154.678,158.25464,5.7107,68.862,121.39,371446.2238858894,0.019,0
2026-08-14T13:42:50Z,4.172,26.1811,12.6,23.2944,0.1278,0.6768,4.026,154.688,158.250897,5.6622,68.632,120.89,371621.66074808245,0.019,0
2026-08-14T13:42:50Z,4.177,26.1697,12.6,23.2677,0.1278,0.6768,4.0562,154.695,158.254282,5.6233,68.464,120.36,371865.7808143514,0.02,0
2026-08-14T13:42:50Z,4.182,26.1584,12.6,39.736,0.1278,0.6768,5.2194,154.689,158.251672,5.5929,68.345,120.31,372071.90056831343,0.02,0
2026-08-14T13:42:50Z,4.187,26.1498,12.6,39.7398,0.1278,0.6768,5.2496,154.667,158.236359,5.5695,68.243,119.66,372148.2954019104,0.021,0
2026-08-14T13:42:50Z,4.192,26.1453,12.69,39.6941,0.1704,0.7614,5.2345,154.645,158.218289,5.5514,68.125,119.53,372127.46734273725,0.021,0
2026-08-14T13:42:50Z,4.198,26.1443,12.69,39.7093,0.1704,0.7614,5.2496,154.637,158.206672,5.5378,67.985,118.78,372076.87746971846,0.02,0
2026-08-14T13:42:50Z,4.203,26.1455,12.69,17.1336,0.1704,0.7614,4.6303,154.644,158.198412,5.5281,67.835,118.75,372003.3646681324,0.02,0
2026-08-14T13:42:50Z,4.208,26.1476,12.69,17.1374,0.1704,0.7614,4.5396,154.662,158.187297,5.5197,67.662,118.08,371894.93455766706,0.02,0
2026-08-14T13:42:50Z,4.213,26.149,12.69,17.145,0.1704,0.7614,4.5547,154.692,158.17437,5.5099,67.449,117.75,371789.32580419903,0.02,0
2026-08-14T13:42:50Z,4.218,26.148,12.78,17.1031,0.1278,0.6345,4.6001,154.742,158.174217,5.4987,67.184,117.65,371808.0319709571,0.02,0
2026-08-14T13:42:50Z,4.223,26.1431,12.78,5.2697,0.1278,0.6345,3.8296,154.806,158.1908,5.487,66.874,117.31,372004.48825826653,0.02,0
2026-08-14T13:42:50Z,4.228,26.1333,12.78,5.2926,0.1278,0.6345,3.739,154.871,158.214511,5.474,66.546,116.6,372340.5006462022,0.02,0
2026-08-14T13:42:50Z,4.233,26.1193,12.78,5.2506,0.1278,0.6345,3.8145,154.936,158.243656,5.4582,66.225,116.38,372792.4270091458,0.02,0
2026-08-14T13:42:50Z,4.238,26.103,12.87,5.2583,0.1278,0.6768,3.8145,154.994,158.267969,5.4383,65.937,115.44,373260.99770563265,0.02,0
2026-08-14T13:42:50Z,4.244,26.0872,12.87,4.4457,0.1278,0.6768,3.7843,155.033,158.271887,5.4148,65.706,115.47,373596.56781057693,0.02,0
2026-08-14T13:42:50Z,4.249,26.0733,12.87,4.461,0.1278,0.6768,3.8296,155.057,158.254452,5.3895,65.551,114.84,373765.2968969601,0.02,0
2026-08-14T13:42:50Z,4.254,26.0612,12.87,4.4801,0.1278,0.6768,3.7994,155.09,158.243076,5.3648,65.497,114.72,373935.3677774738,0.02,0
2026-08-14T13:42:50Z,4.259,26.0501,12.96,4.4801,0.1278,0.8883,3.875,155.142,158.254763,5.3425,65.56,114.27,374225.958206461,0.02,0
2026-08-14T13:42:50Z,4.264,26.0384,12.96,3.8659,0.1278,0.8883,3.7541,155.19,158.26457,5.3249,65.734,113.85,374517.2565760621,0.019,0
2026-08-14T13:42:50Z,4.269,26.0247,12.96,3.8697,0.1278,0.8883,3.8598,155.222,158.253068,5.3137,66,113.38,374718.75379331724,0.019,0
2026-08-14T13:42:50Z,4.274,26.0102,12.96,3.8659,0.1278,0.8883,3.7692,155.256,158.239232,5.3107,66.338,112.81,374922.06674416026,0.018,0
2026-08-14T13:42:50Z,4.278,25.9971,12.96,3.8583,0.1278,0.8883,3.8598,155.312,158.245423,5.3171,66.725,112.79,375219.8175781286,0.018,0
2026-08-14T13:42:50Z,4.283,25.9844,13.14,3.5493,0.1278,0.8883,3.739,155.372,158.255253,5.3325,67.135,112.33,375532.1042655279,0.018,0
2026-08-14T13:42:50Z,4.287,25.9702,13.14,3.5721,0.1278,0.8883,3.7994,155.409,158.245287,5.3555,67.544,112.18,375753.6946724491,0.017,0
2026-08-14T13:42:50Z,4.291,25.9545,13.14,3.5569,0.1278,0.8883,3.8598,155.43,158.226894,5.3845,67.93,112.2,375953.86597895244,0.017,0
2026-08-14T13:42:50Z,4.295,25.9383,13.14,3.5721,0.1278,0.8883,3.8296,155.454,158.219215,5.4175,68.28,112.18,376229.6630406149,0.017,0
2026-08-14T13:42:50Z,4.3,25.9216,13.23,3.3814,0.1704,0.9306,3.739,155.484,158.220202,5.4524,68.592,111.64,376568.7383999863,0.018,0
2026-08-14T13:42:50Z,4.304,25.9062,13.23,3.3585,0.1704,0.9306,3.8296,155.51,158.218093,5.4872,68.861,111.94,376863.27796427737,0.019,0
2026-08-14T13:42:50Z,4.309,25.8937,13.23,3.4157,0.1704,0.9306,3.7692,155.533,158.212325,5.5198,69.077,111.28,377077.7211985614,0.02,0
2026-08-14T13:42:50Z,4.314,25.8833,13.23,3.3662,0.1704,0.9306,3.7843,155.565,158.213382,5.5493,69.237,110.89,377292.1670316234,0.021,0
2026-08-14T13:42:50Z,4.32,25.8739,13.32,3.3738,0.1704,0.846,3.7994,155.606,158.223548,5.5756,69.342,110.56,377542.6263196525,0.022,0
2026-08-14T13:42:50Z,4.326,25.8647,13.32,3.3929,0.1704,0.846,3.8901,155.646,158.231506,5.5984,69.386,109.93,377775.7152106253,0.023,0
2026-08-14T13:42:50Z,4.332,25.8551,13.32,3.37,0.1704,0.846,3.7994,155.673,158.227351,5.6169,69.369,109.27,377942.6043282044,0.024,0
2026-08-14T13:42:50Z,4.338,25.8451,13.32,3.4081,0.1704,0.846,3.8901,155.692,158.215985,5.6309,69.303,108.49,378073.3172996211,0.024,0
2026-08-14T13:42:50Z,4.344,25.8349,13.59,3.2021,0.1278,1.0575,4.3433,155.712,158.204398,5.6405,69.192,108.09,378206.7565833996,0.024,0
2026-08-14T13:42:50Z,4.351,25.8245,13.59,3.2021,0.1278,1.0575,4.2224,155.736,158.191502,5.6452,69.036,107.43,378336.23649337824,0.024,0
2026-08-14T13:42:50Z,4.357,25.8142,13.59,3.1983,0.1278,1.0575,4.2828,155.765,158.173857,5.6449,68.841,106.8,378434.56757660565,0.024,0
2026-08-14T13:42:50Z,4.363,25.8044,13.59,3.1907,0.1278,1.0575,4.2828,155.804,158.156777,5.6404,68.619,106.32,378526.373962263,0.023,0
2026-08-14T13:42:50Z,4.369,25.7942,13.59,3.3242,0.1278,1.0575,3.9656,155.867,158.15374,5.6324,68.378,105.99,378712.7085674944,0.023,0
2026-08-14T13:42:50Z,4.375,25.7822,13.77,3.2937,0.1704,1.0575,4.0713,155.951,158.163934,5.621,68.119,104.83,379016.8953654315,0.022,0
2026-08-14T13:42:50Z,4.38,25.7672,13.77,3.3089,0.1704,1.0575,4.0411,156.037,158.17404,5.6066,67.85,104.67,379381.27280226134,0.022,0
2026-08-14T13:42:50Z,4.386,25.7489,13.77,3.3051,0.1704,1.0575,4.0562,156.12,158.182741,5.5904,67.582,103.63,379803.98134980566,0.022,0
2026-08-14T13:42:50Z,4.391,25.7274,13.77,3.1907,0.1704,1.0575,4.313,156.205,158.194358,5.5729,67.319,102.86,380309.9584995965,0.022,0
2026-08-14T13:42:50Z,4.397,25.7035,14.04,3.2021,0.1278,1.0998000000000001,4.3433,156.286,158.20397,5.5542,67.076,102.48,380852.93732608674,0.022,0
2026-08-14T13:42:50Z,4.402,25.6788,14.04,3.2097,0.1278,1.0998000000000001,4.2224,156.36,158.210128,5.5348,66.873,101.44,381391.6906367098,0.021,0
2026-08-14T13:42:50Z,4.408,25.6545,14.04,3.2021,0.1278,1.0998000000000001,4.2224,156.43,158.218478,5.5154,66.727,100.61,381936.8730374626,0.021,0
2026-08-14T13:42:50Z,4.413,25.6308,14.04,3.1792,0.1278,1.0998000000000001,4.6152,156.491,158.22323,5.4964,66.64,99.889,382448.4434459573,0.021,0
2026-08-14T13:42:50Z,4.419,25.6076,14.67,3.1449,0.1704,2.115,4.5547,156.542,158.219636,5.4788,66.606,99.046,382898.74992535874,0.021,0
2026-08-14T13:42:50Z,4.424,25.5857,14.67,3.1487,0.1704,2.115,4.6152,156.589,158.21475,5.4644,66.615,98.659,383315.16384123306,0.02,0
2026-08-14T13:42:50Z,4.429,25.5658,14.67,3.1373,0.1704,2.115,4.6152,156.622,158.205263,5.4545,66.65,97.848,383662.6024079682,0.02,0
2026-08-14T13:42:50Z,4.434,25.5475,14.67,3.122,0.1704,2.115,4.5396,156.636,158.186639,5.4492,66.682,97.339,383920.71397490293,0.02,0
2026-08-14T13:42:50Z,4.439,25.5297,14.67,3.08,0.1704,2.115,4.5698,156.629,158.153911,5.4482,66.68,97.53,384080.77990262577,0.02,0
2026-08-14T13:42:50Z,4.444,25.5131,15.12,3.0495,0.213,4.653,4.585,156.616,158.116387,5.4506,66.624,96.791,384186.41977247683,0.019,0
2026-08-14T13:42:50Z,4.449,25.4993,15.12,3.08,0.213,4.653,4.4792,156.628,158.100132,5.4549,66.513,96.664,384367.6632025144,0.019,0
2026-08-14T13:42:50Z,4.454,25.4889,15.12,3.0572,0.213,4.653,4.5094,156.658,158.094798,5.4585,66.356,96.434,384547.5932497218,0.019,0
2026-08-14T13:42:50Z,4.459,25.4806,15.12,3.183,0.213,4.653,4.5245,156.701,158.090948,5.4591,66.169,96.099,384693.82093870017,0.018,0
2026-08-14T13:42:50Z,4.463,25.4729,15.12,3.2059,0.1704,4.1454,4.6152,156.773,158.103584,5.4553,65.977,95.87,384930.99583042704,0.018,0
2026-08-14T13:42:50Z,4.468,25.4641,15.12,3.1945,0.1704,4.1454,4.5396,156.855,158.114029,5.4471,65.805,95.247,385177.2182975324,0.017,0
2026-08-14T13:42:50Z,4.472,25.4527,15.12,3.2136,0.1704,4.1454,4.4641,156.935,158.115044,5.4354,65.662,94.546,385418.0065760574,0.017,0
2026-08-14T13:42:50Z,4.476,25.4376,15.12,3.2097,0.1704,4.1454,4.4641,157.025,158.132946,5.4215,65.554,94.32,385841.1079416953,0.017,0
2026-08-14T13:42:50Z,4.48,25.4183,14.94,3.2021,0.1704,1.5651,4.6756,157.102,158.156472,5.4077,65.482,93.911,386386.708365237,0.016,0
2026-08-14T13:42:50Z,4.485,25.3951,14.94,3.1945,0.1704,1.5651,4.6605,157.139,158.161832,5.3959,65.448,93.646,386899.53793963295,0.016,0
2026-08-14T13:42:50Z,4.489,25.3699,14.94,3.2021,0.1704,1.5651,4.4641,157.146,158.15246,5.3867,65.455,93.687,387361.85138535994,0.016,0
2026-08-14T13:42:50Z,4.493,25.3466,14.94,2.9809,0.1704,1.5651,4.5698,157.131,158.131868,5.3801,65.511,93.341,387714.7863952614,0.017,0
2026-08-14T13:42:50Z,4.497,25.3295,15.03,2.9809,0.1704,1.1844,4.6303,157.093,158.094566,5.3759,65.619,93.28,387834.13403174886,0.017,0
2026-08-14T13:42:50Z,4.502,25.3193,15.03,3.0228,0.1704,1.1844,4.5698,157.046,158.050647,5.3741,65.78,93.078,387768.65088163665,0.017,0
2026-08-14T13:42:50Z,4.506,25.3141,15.03,3.0152,0.1704,1.1844,4.5396,157.011,158.020464,5.3752,65.994,93.118,387686.09219518973,0.017,0
2026-08-14T13:42:50Z,4.511,25.3123,15.03,3.0152,0.1704,1.1844,4.6303,156.992,158.003986,5.38,66.249,93.037,387619.47372165043,0.017,0
2026-08-14T13:42:50Z,4.515,25.3126,15.03,2.9732,0.1704,1.1844,4.5547,156.987,157.996819,5.3888,66.518,92.594,387568.0460602638,0.017,0
2026-08-14T13:42:50Z,4.519,25.3138,15.12,3.0076,0.213,1.2267,4.6454,156.994,157.993043,5.402,66.774,92.654,387519.35297481087,0.017,0
2026-08-14T13:42:50Z,4.524,25.3153,15.12,2.9999,0.213,1.2267,4.6152,157,157.975619,5.4194,66.988,92.413,387378.3921030418,0.017,0
2026-08-14T13:42:50Z,4.528,25.3162,15.12,2.958,0.213,1.2267,4.4792,157.005,157.939903,5.4402,67.131,92.252,387134.60486221965,0.017,0
2026-08-14T13:42:50Z,4.532,25.3156,15.12,2.9694,0.213,1.2267,4.6756,157.031,157.904423,5.4623,67.183,92.072,386923.45052132284,0.017,0
2026-08-14T13:42:50Z,4.536,25.3121,15.12,2.9351,0.1704,1.0575,4.6454,157.091,157.883763,5.4837,67.144,91.952,386865.7184254127,0.017,0
2026-08-14T13:42:50Z,4.54,25.3045,15.12,2.9275,0.1704,1.0575,4.6152,157.171,157.864395,5.5021,67.018,91.315,386900.9750573693,0.017,0
2026-08-14T13:42:50Z,4.545,25.2916,15.12,2.874,0.1704,1.0575,4.7209,157.267,157.841149,5.5151,66.837,91.236,387021.5357594788,0.017,0
2026-08-14T13:42:50Z,4.549,25.2721,15.12,2.8817,0.1704,1.0575,4.7662,157.396,157.83187,5.5213,66.65,90.958,387367.0826862346,0.017,0
2026-08-14T13:42:50Z,4.553,25.2462,15.21,2.874,0.213,1.1421,4.8871,157.554,157.842091,5.5207,66.496,90.132,387969.1739505246,0.016,0
2026-08-14T13:42:50Z,4.557,25.2145,15.21,2.8893,0.213,1.1421,4.7511,157.71,157.858496,5.5136,66.404,90.25,388732.32539749605,0.016,0
2026-08-14T13:42:50Z,4.561,25.1766,15.21,2.7482,0.213,1.1421,4.8267,157.836,157.86942,5.5025,66.405,89.624,389591.9834991838,0.016,0
2026-08-14T13:42:50Z,4.565,25.1327,15.21,2.7367,0.213,1.1421,4.7662,157.915,157.865745,5.4915,66.535,89.236,390486.833480729,0.016,0
2026-08-14T13:42:50Z,4.569,25.0858,15.21,2.7558,0.213,1.1421,4.6907,157.941,157.834464,5.4836,66.821,89.081,391271.4096975063,0.016,0
2026-08-14T13:42:50Z,4.573,25.0412,15.3,2.7634,0.1704,0.9729,4.8267,157.951,157.797297,5.4805,67.281,88.714,391972.20621126157,0.017,0
2026-08-14T13:42:50Z,4.577,25.0046,15.3,2.7482,0.1704,0.9729,4.6756,157.994,157.786417,5.4843,67.921,88.175,392674.2244527769,0.017,0
2026-08-14T13:42:50Z,4.582,24.9785,15.3,2.7596,0.1704,0.9729,4.8115,158.06,157.784892,5.4978,68.712,88.118,393215.82374962803,0.017,0
2026-08-14T13:42:50Z,4.586,24.9604,15.3,2.7443,0.1704,0.9729,4.8267,158.128,157.778285,5.5233,69.59,87.374,393556.39062389155,0.017,0
2026-08-14T13:42:50Z,4.591,24.9453,15.39,2.7367,0.1704,1.0152,4.8115,158.187,157.77685,5.5628,70.467,86.939,393866.9864619221,0.017,0
2026-08-14T13:42:50Z,4.595,24.9285,15.39,2.6871,0.1704,1.0152,4.736,158.225,157.776193,5.6175,71.238,86.769,394218.964052495,0.017,0
2026-08-14T13:42:50Z,4.599,24.9071,15.39,2.7024,0.1704,1.0152,4.7813,158.253,157.780147,5.6852,71.802,86.168,394698.7257292129,0.017,0
2026-08-14T13:42:50Z,4.604,24.8836,15.39,2.6909,0.1704,1.0152,4.7058,158.287,157.797782,5.7603,72.1,85.813,395312.04244739015,0.016,0
2026-08-14T13:42:50Z,4.608,24.8643,15.48,2.7329,0.213,1.1844,4.736,158.312,157.809752,5.835,72.113,85.813,395800.3772078344,0.016,0
2026-08-14T13:42:50Z,4.612,24.8521,15.48,2.752,0.213,1.1844,4.7964,158.315,157.799211,5.9001,71.87,85.125,395992.57823371334,0.016,0
2026-08-14T13:42:50Z,4.616,24.8447,15.48,2.7596,0.213,1.1844,4.8115,158.314,157.783385,5.9476,71.444,85.014,396048.3415145278,0.016,0
2026-08-14T13:42:50Z,4.62,24.8394,15.48,2.7672,0.213,1.1844,4.7511,158.324,157.778095,5.9728,70.916,84.885,396127.31412014156,0.015,0
2026-08-14T13:42:50Z,4.623,24.8353,15.75,2.7596,0.1704,1.0152,4.7813,158.332,157.765897,5.9743,70.354,84.627,396136.0830252482,0.015,0
2026-08-14T13:42:50Z,4.627,24.8312,15.75,2.7367,0.1704,1.0152,4.6907,158.332,157.73953,5.9547,69.822,84.334,396053.36245076876,0.016,0
2026-08-14T13:42:50Z,4.631,24.8266,15.75,2.752,0.1704,1.0152,4.736,158.333,157.716009,5.9199,69.363,84.023,395999.68273259455,0.016,0
2026-08-14T13:42:50Z,4.636,24.8216,15.75,2.7596,0.1704,1.0152,4.872,158.332,157.697074,5.8766,68.992,83.731,395984.1435017372,0.016,0
2026-08-14T13:42:50Z,4.64,24.8151,15.75,2.7787,0.1704,1.0152,4.7511,158.334,157.68369,5.8308,68.693,83.115,396036.4693283735,0.016,0
2026-08-14T13:42:50Z,4.644,24.8071,15.93,2.6375,0.213,0.9729,5.0079,158.345,157.678297,5.7875,68.442,82.934,396172.47081163264,0.016,0
2026-08-14T13:42:50Z,4.648,24.7993,15.93,2.6719,0.213,0.9729,5.0381,158.349,157.665431,5.7503,68.21,82.593,396255.96590191056,0.016,0
2026-08-14T13:42:50Z,4.652,24.7934,15.93,2.6413,0.213,0.9729,5.0684,158.359,157.653682,5.7202,67.971,82.127,396306.1039401784,0.016,0
2026-08-14T13:42:50Z,4.657,24.7886,15.93,2.6566,0.213,0.9729,5.0079,158.39,157.657954,5.6959,67.715,82.02,396436.32735213026,0.016,0
2026-08-14T13:42:50Z,4.661,24.7837,16.11,2.6909,0.213,1.0575,5.3252,158.422,157.657341,5.6755,67.449,81.771,396537.1428525859,0.017,0
2026-08-14T13:42:50Z,4.665,24.7782,16.11,2.7024,0.213,1.0575,5.1892,158.444,157.63765,5.6569,67.186,81.452,396527.41127192345,0.017,0
2026-08-14T13:42:50Z,4.669,24.7715,16.11,2.6795,0.213,1.0575,5.1892,158.47,157.611665,5.6378,66.947,81.081,396502.6246617656,0.017,0
2026-08-14T13:42:50Z,4.673,24.7631,16.11,2.6948,0.213,1.0575,5.2194,158.51,157.586483,5.6174,66.745,80.975,396519.38832386286,0.017,0
2026-08-14T13:42:50Z,4.678,24.7527,16.2,2.7215,0.213,1.0152,4.736,158.557,157.551377,5.5964,66.58,80.467,396514.71612584125,0.018,0
2026-08-14T13:42:50Z,4.682,24.7398,16.2,2.6909,0.213,1.0152,4.8267,158.615,157.511011,5.576,66.45,80.031,396529.47973636416,0.018,0
2026-08-14T13:42:50Z,4.687,24.7235,16.2,2.6871,0.213,1.0152,4.8418,158.687,157.472651,5.5578,66.346,79.944,396630.01539592247,0.018,0
2026-08-14T13:42:50Z,4.691,24.703,16.2,2.7024,0.213,1.0152,4.7209,158.768,157.434078,5.5432,66.248,79.287,396819.21342570847,0.018,0
2026-08-14T13:42:50Z,4.696,24.6772,16.2,2.5765,0.213,1.0152,4.9777,158.866,157.40504,5.5321,66.137,78.891,397184.1369061314,0.018,0
2026-08-14T13:42:50Z,4.701,24.6462,16.38,2.5612,0.2556,1.0575,5.1288,158.986,157.397828,5.5245,66.004,78.005,397803.1725549349,0.019,0
2026-08-14T13:42:50Z,4.706,24.6115,16.38,2.5689,0.2556,1.0575,5.0684,159.106,157.404498,5.5193,65.857,76.777,398593.6192287366,0.019,0
2026-08-14T13:42:50Z,4.711,24.5742,16.38,2.5841,0.2556,1.0575,5.0381,159.187,157.388747,5.515,65.719,75.882,399295.93899189826,0.019,0
2026-08-14T13:42:50Z,4.715,24.5345,16.38,2.6986,0.2556,1.0575,4.7209,159.23,157.34437,5.5098,65.616,74.72,399864.8277693754,0.019,0
2026-08-14T13:42:50Z,4.72,24.4949,16.47,2.6986,0.2556,0.9729,4.8569,159.278,157.305621,5.5027,65.569,73.848,400469.65217712475,0.019,0
2026-08-14T13:42:50Z,4.725,24.4595,16.47,2.6909,0.2556,0.9729,4.7813,159.342,157.278195,5.4942,65.588,73.384,401058.8007721472,0.019,0
2026-08-14T13:42:50Z,4.73,24.4295,16.47,2.6871,0.2556,0.9729,4.8418,159.42,157.250769,5.4857,65.668,72.892,401531.59231270105,0.019,0
2026-08-14T13:42:50Z,4.735,24.4023,16.47,2.6452,0.2556,0.9729,4.9928,159.52,157.228048,5.4799,65.804,71.947,401975.08062219917,0.02,0
2026-08-14T13:42:50Z,4.74,24.3752,16.56,2.6261,0.2556,0.8883,5.1288,159.638,157.207976,5.4787,65.985,71.635,402434.54373358976,0.02,0
2026-08-14T13:42:50Z,4.745,24.3467,16.56,2.6375,0.2556,0.8883,5.0684,159.764,157.181188,5.4832,66.193,71.34,402881.1249871781,0.02,0
2026-08-14T13:42:50Z,4.75,24.3141,16.56,2.6261,0.2556,0.8883,4.9777,159.9,157.140534,5.4933,66.407,70.493,403326.76835985674,0.02,0
2026-08-14T13:42:50Z,4.755,24.2762,16.56,2.5803,0.2556,0.8883,5.0381,160.056,157.083183,5.5086,66.614,70.386,403779.160589533,0.02,0
2026-08-14T13:42:50Z,4.761,24.2337,16.56,2.5803,0.2556,0.8883,4.9928,160.259,157.013875,5.5282,66.815,70.019,404254.39872270904,0.02,0
2026-08-14T13:42:50Z,4.766,24.1865,16.65,2.5689,0.2556,0.8883,4.9173,160.548,156.944182,5.5505,67.022,69.474,404831.6254325287,0.02,0
2026-08-14T13:42:50Z,4.771,24.1323,16.65,2.5803,0.2556,0.8883,5.0381,160.924,156.853501,5.5741,67.246,69.022,405425.3475406293,0.02,0
2026-08-14T13:42:50Z,4.776,24.0669,16.65,2.7024,0.2556,0.8883,5.023,161.342,156.693585,5.5984,67.486,68.321,405807.3581264449,0.02,0
2026-08-14T13:42:50Z,4.781,23.9839,16.65,2.7176,0.2556,0.8883,5.0533,161.833,156.483888,5.6242,67.746,67.892,406248.18549189455,0.019,0
2026-08-14T13:42:50Z,4.786,23.8748,16.74,2.6948,0.2556,0.9729,4.9777,162.448,156.270662,5.6534,68.05,67.451,407247.3064674736,0.019,0
2026-08-14T13:42:50Z,4.791,23.7337,16.74,2.6871,0.2556,0.9729,4.9928,163.128,156.017049,5.6875,68.414,67.1,408695.60029405437,0.018,0
2026-08-14T13:42:50Z,4.795,23.559,16.74,2.5994,0.2556,0.9729,4.8418,163.834,155.703469,5.7269,68.836,66.852,410504.5941891107,0.017,0
2026-08-14T13:42:50Z,4.799,23.3483,16.74,2.5689,0.2556,0.9729,4.8267,164.601,155.382516,5.7723,69.325,66.606,413097.0341625941,0.016,0
2026-08-14T13:42:50Z,4.803,23.1011,16.74,2.5803,0.2556,0.8883,4.8115,165.351,155.00663,5.8258,69.898,66.534,416178.5644293979,0.015,0
2026-08-14T13:42:50Z,4.807,22.8237,16.74,2.5841,0.2556,0.8883,4.6907,166.004,154.525618,5.8883,70.568,66.476,419269.50362151343,0.015,0
2026-08-14T13:42:50Z,4.81,22.5229,16.74,2.6413,0.2556,0.8883,4.8115,166.618,154.033574,5.9592,71.366,66.245,422875.95742992405,0.014,0
2026-08-14T13:42:50Z,4.814,22.2043,16.74,2.6413,0.2556,0.8883,4.8267,167.068,153.469365,6.0387,72.325,66.044,426446.65127070184,0.015,0
2026-08-14T13:42:50Z,4.818,21.8759,16.74,2.6337,0.2556,0.8883,4.736,167.208,152.720556,6.1275,73.456,65.987,428973.6644656012,0.015,0
2026-08-14T13:42:50Z,4.822,21.5457,16.74,2.6528,0.2556,0.8883,4.8115,167.218,151.954083,6.2262,74.753,65.529,431445.35019397596,0.015,0
2026-08-14T13:42:50Z,4.826,21.2255,16.74,2.752,0.2556,0.8883,4.6907,167.165,151.217976,6.336,76.175,65.458,433921.9764478581,0.016,0
2026-08-14T13:42:50Z,4.83,20.9299,16.74,2.7443,0.2556,0.8883,4.8115,166.959,150.406064,6.4583,77.627,64.976,435246.66596206883,0.016,0
2026-08-14T13:42:50Z,4.834,20.6657,16.74,2.7367,0.2556,0.8883,4.7813,166.643,149.55023,6.5932,78.976,64.821,435459.3121262783,0.017,0
2026-08-14T13:42:50Z,4.838,20.4322,16.83,2.7482,0.2556,0.9729,4.736,166.239,148.684659,6.7403,80.107,64.709,434817.30651498376,0.017,0
2026-08-14T13:42:50Z,4.843,20.2253,16.83,2.8245,0.2556,0.9729,5.0684,165.833,147.889,6.8963,80.942,64.162,434018.7485788154,0.017,0
2026-08-14T13:42:50Z,4.847,20.0372,16.83,2.8245,0.2556,0.9729,4.9777,165.375,147.11131,7.0534,81.445,64.246,432869.0030167016,0.017,0
2026-08-14T13:42:50Z,4.852,19.8652,16.83,2.8435,0.2556,0.9729,4.9173,164.766,146.244336,7.2,81.609,63.94,430622.82389863377,0.017,0
2026-08-14T13:42:50Z,4.856,19.7134,16.92,2.8435,0.2556,0.9306,5.0986,164.155,145.405387,7.3244,81.47,63.58,428067.8780032894,0.017,0
2026-08-14T13:42:50Z,4.861,19.5828,16.92,2.874,0.2556,0.9306,4.8115,163.502,144.561017,7.4193,81.092,63.856,424931.31933552836,0.017,0
2026-08-14T13:42:50Z,4.865,19.4712,16.92,2.8931,0.2556,0.9306,4.7058,162.766,143.674302,7.4815,80.563,63.29,420997.4896427754,0.017,0
2026-08-14T13:42:50Z,4.87,19.3726,16.92,2.9008,0.2556,0.9306,4.8418,162.049,142.843225,7.5109,79.985,63.029,417163.48752146796,0.018,0
2026-08-14T13:42:50Z,4.874,19.2823,17.01,2.874,0.2556,0.9306,4.872,161.312,142.042416,7.5113,79.447,63.043,413356.81058617623,0.018,0
2026-08-14T13:42:50Z,4.879,19.2008,17.01,2.8664,0.2556,0.9306,4.7662,160.615,141.312639,7.4885,79.004,62.511,409872.27880971803,0.019,0
2026-08-14T13:42:50Z,4.884,19.1285,17.01,2.8283,0.2556,0.9306,4.7662,159.966,140.653525,7.4504,78.683,62.335,406697.0209759116,0.019,0
2026-08-14T13:42:50Z,4.889,19.0678,17.01,2.8473,0.2556,0.9306,4.8267,159.317,140.013449,7.4059,78.48,61.997,403390.2619087466,0.02,0
2026-08-14T13:42:50Z,4.894,19.0211,17.01,2.813,0.2556,0.9306,4.7058,158.771,139.474014,7.363,78.377,61.607,400503.070952484,0.02,0
2026-08-14T13:42:50Z,4.899,18.9854,17.01,2.8054,0.2556,0.8883,4.8418,158.272,138.983477,7.3273,78.339,61.181,397723.67935296457,0.021,0
2026-08-14T13:42:50Z,4.905,18.9579,17.01,2.916,0.2556,0.8883,4.6303,157.77,138.487106,7.3016,78.328,61.008,394716.9268383089,0.021,0
2026-08-14T13:42:50Z,4.91,18.9364,17.01,2.8626,0.2556,0.8883,4.5698,157.402,138.100801,7.286,78.318,60.309,392386.07389482646,0.021,0
2026-08-14T13:42:50Z,4.916,18.9178,17.01,2.8855,0.2556,0.8883,4.5396,157.074,137.745573,7.2792,78.302,59.839,390221.01857756916,0.021,0
2026-08-14T13:42:50Z,4.921,18.9013,17.1,2.8855,0.2556,0.8883,4.5094,156.677,137.308671,7.2781,78.292,59.839,387419.27266027255,0.021,0
2026-08-14T13:42:50Z,4.926,18.8838,17.1,2.9198,0.2556,0.8883,4.5396,156.412,136.951872,7.2797,78.327,59.309,385230.54520179983,0.02,0
2026-08-14T13:42:50Z,4.932,18.8639,17.1,2.9351,0.2556,0.8883,4.6001,156.258,136.664108,7.2818,78.453,58.975,383600.94188953284,0.02,0
2026-08-14T13:42:50Z,4.937,18.8423,17.1,2.9656,0.2556,0.8883,4.6454,156.004,136.262528,7.2835,78.7,58.795,381191.80622963025,0.019,0
2026-08-14T13:42:50Z,4.941,18.8141,17.19,2.9313,0.2556,1.0152,4.4641,155.747,135.830226,7.2868,79.079,58.388,378717.00592718256,0.019,0
2026-08-14T13:42:50Z,4.946,18.7743,17.19,2.9008,0.2556,1.0152,4.2979,155.536,135.426084,7.296,79.58,58.173,376709.3978065264,0.018,0
2026-08-14T13:42:50Z,4.951,18.7251,17.19,2.8779,0.2556,1.0152,4.4188,155.298,134.994368,7.3151,80.15,57.858,374716.3057000722,0.017,0
2026-08-14T13:42:50Z,4.955,18.6676,17.19,2.874,0.2556,1.0152,4.3584,155.115,134.610117,7.3468,80.698,57.657,373247.52825536206,0.017,0
2026-08-14T13:42:50Z,4.959,18.601,17.28,2.8893,0.2556,0.9306,4.2677,154.946,134.258935,7.3923,81.136,57.77,372215.2395019831,0.016,0
2026-08-14T13:42:50Z,4.963,18.5301,17.28,2.9084,0.2556,0.9306,4.5245,154.68,133.85917,7.45,81.397,57.407,370928.9529639109,0.016,0
2026-08-14T13:42:50Z,4.967,18.4578,17.28,2.8702,0.2556,0.9306,4.6152,154.39,133.472358,7.5144,81.45,57.183,369763.6321399107,0.016,0
2026-08-14T13:42:50Z,4.971,18.3852,17.28,2.8664,0.2556,0.9306,4.6756,154.098,133.127457,7.5769,81.315,57.009,368901.51180193515,0.016,0
2026-08-14T13:42:50Z,4.975,18.3194,17.28,2.8893,0.2556,0.9306,4.585,153.783,132.808548,7.6282,81.032,56.638,368072.8813206335,0.016,0
2026-08-14T13:42:50Z,4.979,18.2647,17.28,3.0724,0.2556,1.0152,4.5698,153.452,132.520662,7.6612,80.652,56.332,367219.8260420687,0.016,0
2026-08-14T13:42:50Z,4.983,18.221,17.28,3.0648,0.2556,1.0152,4.5396,153.085,132.245073,7.6729,80.239,56.258,366211.88658198033,0.016,0
2026-08-14T13:42:50Z,4.987,18.1911,17.28,3.0572,0.2556,1.0152,4.6152,152.738,132.014376,7.6648,79.85,55.966,365221.4483160288,0.017,0
2026-08-14T13:42:50Z,4.991,18.1759,17.28,3.0495,0.2556,1.0152,4.5698,152.462,131.851124,7.6405,79.521,55.711,364390.54737838294,0.017,0
2026-08-14T13:42:50Z,4.996,18.1755,17.28,2.9389,0.2556,0.846,4.3433,152.237,131.719793,7.6047,79.244,55.554,363464.87673084164,0.017,0
2026-08-14T13:42:50Z,5,18.1892,17.28,2.9427,0.2556,0.846,4.2375,152.057,131.593372,7.5637,79,55.013,362269.43034192926,0.018,0
2026-08-14T13:42:50Z,5.005,18.2117,17.28,2.9618,0.2556,0.846,4.313,151.93,131.45817,7.5236,78.78,54.786,360824.86191748653,0.018,0
2026-08-14T13:42:50Z,5.01,18.2364,17.28,2.958,0.2556,0.846,4.3281,151.84,131.298146,7.4887,78.588,54.573,359162.9970474323,0.018,0
2026-08-14T13:42:50Z,5.014,18.2572,17.28,2.8168,0.2556,0.7614,4.3433,151.758,131.108648,7.4595,78.451,54.371,357384.02427372755,0.018,0
2026-08-14T13:42:50Z,5.019,18.2668,17.28,2.8321,0.2556,0.7614,4.3886,151.662,130.895176,7.4351,78.379,54.1,355682.4942871431,0.018,0
2026-08-14T13:42:50Z,5.023,18.2584,17.28,2.8473,0.2556,0.7614,4.3433,151.542,130.65684,7.4156,78.333,53.924,354194.2341457504,0.018,0
2026-08-14T13:42:50Z,5.028,18.2313,17.28,2.8359,0.2556,0.7614,4.3886,151.421,130.412134,7.4016,78.282,53.644,353059.5695850937,0.018,0
2026-08-14T13:42:50Z,5.033,18.1921,17.28,2.6566,0.2556,0.7614,4.3584,151.323,130.18586,7.3946,78.209,53.284,352309.10108317086,0.018,0
2026-08-14T13:42:50Z,5.038,18.149,17.28,2.6146,0.2982,0.8037,4.2677,151.241,129.979715,7.3943,78.083,52.995,351780.49244353746,0.018,0
2026-08-14T13:42:50Z,5.042,18.1046,17.28,2.6375,0.2982,0.8037,4.313,151.155,129.782749,7.3967,77.888,53.006,351342.4170209679,0.018,0
2026-08-14T13:42:50Z,5.046,18.0583,17.28,2.6413,0.2982,0.8037,4.3281,151.074,129.604474,7.3989,77.601,53.041,351073.906075225,0.018,0
2026-08-14T13:42:50Z,5.051,18.0113,17.28,2.6795,0.2982,0.8037,4.3886,151.009,129.453381,7.3991,77.171,52.685,351009.2297497994,0.018,0
2026-08-14T13:42:50Z,5.055,17.9666,17.28,2.7138,0.2556,0.9306,4.2828,150.926,129.299182,7.3939,76.563,52.891,350873.861500344,0.018,0
2026-08-14T13:42:50Z,5.06,17.9259,17.28,2.6986,0.2556,0.9306,4.3433,150.819,129.130775,7.3816,75.769,52.399,350554.185072655,0.018,0
2026-08-14T13:42:50Z,5.064,17.8899,17.28,2.7024,0.2556,0.9306,4.3281,150.712,128.967288,7.3598,74.823,52.116,350169.2054747294,0.018,0
2026-08-14T13:42:50Z,5.069,17.8585,17.28,2.5841,0.2556,0.9306,4.2526,150.608,128.811151,7.3238,73.738,52.025,349738.19741870416,0.018,0
2026-08-14T13:42:50Z,5.074,17.8309,17.28,2.5956,0.2982,0.846,4.2677,150.509,128.660749,7.2701,72.491,51.822,349266.90058128646,0.018,0
2026-08-14T13:42:50Z,5.079,17.8055,17.28,2.5765,0.2982,0.846,4.3584,150.429,128.530005,7.1984,71.132,51.754,348886.5095516965,0.018,0
2026-08-14T13:42:50Z,5.083,17.7817,17.28,2.5574,0.2982,0.846,4.2828,150.387,128.436082,7.112,69.762,51.721,348729.7667101316,0.019,0
2026-08-14T13:42:50Z,5.088,17.7593,17.28,2.6452,0.2982,0.846,4.2526,150.371,128.371941,7.012,68.492,51.608,348751.8301033524,0.019,0
2026-08-14T13:42:50Z,5.093,17.7377,17.37,2.6375,0.2556,0.846,4.3281,150.351,128.316474,6.8965,67.448,51.429,348817.7682292552,0.019,0
2026-08-14T13:42:50Z,5.098,17.7169,17.37,2.649,0.2556,0.846,4.2526,150.322,128.25889,6.7701,66.702,51.206,348852.0316657461,0.019,0
2026-08-14T13:42:50Z,5.103,17.6975,17.37,2.6223,0.2556,0.846,4.3886,150.276,128.183836,6.6424,66.254,50.774,348734.2962837531,0.02,0
2026-08-14T13:42:50Z,5.108,17.6809,17.37,2.6871,0.2556,0.846,4.313,150.211,128.087303,6.5238,66.036,50.995,348406.9155027245,0.02,0
2026-08-14T13:42:50Z,5.113,17.668,17.37,2.6948,0.2556,0.846,4.2526,150.151,127.989575,6.4261,65.934,51.017,347993.2815093226,0.021,0
2026-08-14T13:42:50Z,5.118,17.657,17.37,2.7176,0.2556,0.7614,4.3584,150.108,127.904612,6.3565,65.845,50.675,347629.1778546829,0.021,0
2026-08-14T13:42:50Z,5.123,17.6452,17.37,2.7138,0.2556,0.7614,4.3584,150.061,127.817758,6.3154,65.68,50.642,347268.64257320843,0.022,0
2026-08-14T13:42:50Z,5.129,17.6314,17.37,2.5498,0.2556,0.7614,4.1318,150.001,127.723862,6.2964,65.409,50.247,346900.74925947195,0.023,0
2026-08-14T13:42:50Z,5.135,17.6158,17.37,2.5498,0.2556,0.7614,4.0562,149.968,127.655913,6.2888,65.084,49.78,346752.1188552488,0.024,0
2026-08-14T13:42:50Z,5.142,17.5997,17.46,2.607,0.2982,0.846,4.0864,149.97,127.617804,6.2824,64.802,49.435,346822.7966046744,0.025,0
2026-08-14T13:42:50Z,5.148,17.5842,17.46,2.5689,0.2982,0.846,4.0864,149.961,127.567355,6.2687,64.647,49.189,346794.45743334375,0.025,0
2026-08-14T13:42:50Z,5.155,17.57,17.46,2.5727,0.2982,0.846,4.2828,149.899,127.467096,6.2446,64.655,48.594,346389.8749315574,0.026,0
2026-08-14T13:42:50Z,5.162,17.5568,17.46,2.5727,0.2982,0.846,4.313,149.808,127.336317,6.2153,64.798,48.194,345750.75241756317,0.026,0
2026-08-14T13:42:50Z,5.168,17.5436,17.46,2.5612,0.2982,0.846,4.3433,149.732,127.21618,6.1901,65.035,48.058,345186.331706986,0.026,0
2026-08-14T13:42:50Z,5.175,17.5294,17.46,2.5727,0.2982,0.846,4.2526,149.668,127.108664,6.1771,65.328,47.653,344731.15587693854,0.025,0
2026-08-14T13:42:50Z,5.181,17.5134,17.46,2.6375,0.2982,0.846,3.7994,149.618,127.021116,6.1799,65.62,47.528,344453.05331773136,0.025,0
2026-08-14T13:42:50Z,5.188,17.4955,17.46,2.649,0.2982,0.846,3.8598,149.584,126.9542,6.1959,65.883,47.261,344358.6423540316,0.024,0
2026-08-14T13:42:50Z,5.194,17.477,17.46,2.6452,0.2982,0.846,3.8145,149.544,126.886069,6.221,66.108,46.872,344268.13565710746,0.024,0
2026-08-14T13:42:50Z,5.2,17.4594,17.46,2.6719,0.2982,0.8037,3.8598,149.493,126.810558,6.2513,66.267,46.315,344107.13146114204,0.023,0
2026-08-14T13:42:50Z,5.206,17.4442,17.46,2.5193,0.2982,0.8037,3.7994,149.444,126.737548,6.2812,66.367,46.084,343913.4517523518,0.022,0
2026-08-14T13:42:50Z,5.211,17.4314,17.46,2.5155,0.2982,0.8037,3.6786,149.402,126.671578,6.3081,66.476,46.014,343718.88466743124,0.022,0
2026-08-14T13:42:50Z,5.216,17.42,17.46,2.5078,0.2982,0.8037,3.7692,149.366,126.613066,6.3311,66.658,46.134,343547.22988152417,0.021,0
2026-08-14T13:42:50Z,5.221,17.409300000000002,17.55,2.5078,0.2556,0.7191,3.9052,149.35,126.570418,6.3477,66.937,46.074,343471.8715304913,0.021,0
2026-08-14T13:42:50Z,5.226,17.3988,17.55,2.3858,0.2556,0.7191,3.603,149.345,126.532262,6.3587,67.301,45.636,343423.7207013183,0.021,0
2026-08-14T13:42:50Z,5.232,17.3888,17.55,2.3896,0.2556,0.7191,3.5879,149.326,126.476417,6.3705,67.697,45.31,343241.3868735834,0.021,0
2026-08-14T13:42:50Z,5.237,17.3793,17.55,2.4125,0.2556,0.7191,3.5124,149.276,126.387987,6.3891,68.086,45.084,342820.77498508693,0.021,0
2026-08-14T13:42:50Z,5.243,17.3696,17.46,2.3934,0.2982,0.9306,3.5728,149.192,126.263401,6.4172,68.454,44.684,342151.87265093636,0.021,0
2026-08-14T13:42:50Z,5.248,17.3582,17.46,2.3362,0.2982,0.9306,3.5426,149.094,126.121458,6.4537,68.792,44.577,341397.58346111537,0.021,0
2026-08-14T13:42:50Z,5.253,17.3449,17.46,2.3133,0.2982,0.9306,3.5124,149.027,126.002341,6.4934,69.084,44.645,340842.28114813846,0.021,0
2026-08-14T13:42:50Z,5.258,17.3295,17.46,2.3095,0.2982,0.9306,3.6937,149.021,125.934312,6.5328,69.313,44.211,340686.6197480381,0.021,0
2026-08-14T13:42:50Z,5.264,17.3116,17.55,2.3247,0.2556,0.8037,3.6332,149.04,125.893224,6.5706,69.485,43.914,340770.47449166526,0.021,0
2026-08-14T13:42:50Z,5.269,17.2917,17.55,2.2484,0.2556,0.8037,3.3311,149.064,125.864115,6.6058,69.632,43.648,340979.41908557666,0.02,0
2026-08-14T13:42:50Z,5.275,17.2708,17.55,2.2866,0.2556,0.8037,3.3915,149.087,125.843224,6.6366,69.778,43.411,341266.75234567013,0.02,0
2026-08-14T13:42:50Z,5.28,17.2499,17.55,2.2713,0.2556,0.8037,3.3462,149.082,125.804968,6.6615,69.92,43.101,341432.97995833657,0.019,0
2026-08-14T13:42:50Z,5.284,17.2305,17.55,2.2446,0.2556,0.8037,3.3613,149.05,125.751151,6.6807,70.034,42.979,341459.2827622566,0.019,0
2026-08-14T13:42:50Z,5.289,17.214,17.46,2.2751,0.2982,0.7614,3.603,149.023,125.705438,6.6971,70.099,42.765,341482.04264839063,0.018,0
2026-08-14T13:42:50Z,5.294,17.2004,17.46,2.2599,0.2982,0.7614,3.6181,149.014,125.677649,6.7131,70.119,42.802,341570.0541972366,0.018,0
2026-08-14T13:42:50Z,5.298,17.1891,17.46,2.2599,0.2982,0.7614,3.5879,149.017,125.662373,6.7283,70.127,42.626,341697.96854619356,0.017,0
2026-08-14T13:42:50Z,5.302,17.1799,17.46,2.2637,0.2982,0.7614,3.5879,149.031,125.663539,6.7406,70.152,42.303,341897.5482410105,0.017,0
2026-08-14T13:42:50Z,5.306,17.1724,17.46,2.3285,0.2556,0.8037,3.5577,149.053,125.679456,6.7479,70.193,42.147,342165.3641927808,0.017,0
2026-08-14T13:42:50Z,5.311,17.1657,17.46,2.3171,0.2556,0.8037,3.603,149.055,125.684355,6.7507,70.237,41.928,342339.3629217651,0.017,0
2026-08-14T13:42:50Z,5.315,17.1597,17.46,2.34,0.2556,0.8037,3.4369,149.023,125.665538,6.7523,70.269,41.619,342332.32911667356,0.017,0
2026-08-14T13:42:50Z,5.319,17.156,17.46,2.3324,0.2556,0.8037,3.6332,148.971,125.62599,6.7553,70.27,41.25,342131.80843431246,0.017,0
2026-08-14T13:42:50Z,5.324,17.1551,17.46,2.2713,0.2556,0.8037,3.603,148.912,125.569174,6.7594,70.221,41.196,341751.88018492376,0.017,0
2026-08-14T13:42:50Z,5.328,17.1564,17.46,2.2751,0.2556,0.8037,3.5124,148.86,125.501948,6.7634,70.132,41.116,341253.5016319117,0.016,0
2026-08-14T13:42:50Z,5.332,17.1589,17.46,2.2828,0.2556,0.8037,3.603,148.812,125.422393,6.7661,70.04,40.911,340644.38921587163,0.016,0
2026-08-14T13:42:50Z,5.336,17.1605,17.46,2.2637,0.2556,0.8037,3.5879,148.772,125.335303,6.766,69.983,40.618,340001.9647696181,0.016,0
2026-08-14T13:42:50Z,5.34,17.158,17.46,2.3362,0.2556,0.8037,3.5426,148.75,125.251467,6.7616,69.976,40.433,339467.7953619363,0.015,0
2026-08-14T13:42:50Z,5.344,17.1501,17.55,2.3285,0.2556,0.7614,3.739,148.739,125.172537,6.7541,70.016,40.188,339079.80561977247,0.015,0
2026-08-14T13:42:50Z,5.348,17.1369,17.55,2.3362,0.2556,0.7614,3.6484,148.748,125.115475,6.7471,70.093,40.083,338953.96147658007,0.014,0
2026-08-14T13:42:50Z,5.351,17.119,17.55,2.3438,0.2556,0.7614,3.6332,148.777,125.087073,6.7442,70.195,39.944,339125.3141539358,0.014,0
2026-08-14T13:42:50Z,5.355,17.0972,17.55,2.3438,0.2556,0.7614,3.452,148.791,125.053744,6.7466,70.294,39.91,339343.02532250277,0.014,0
2026-08-14T13:42:50Z,5.358,17.0738,17.55,2.3324,0.2982,0.7614,3.316,148.772,124.992592,6.7538,70.336,39.728,339399.35343369335,0.014,0
2026-08-14T13:42:50Z,5.362,17.0523,17.55,2.3285,0.2982,0.7614,3.3915,148.735,124.917323,6.7642,70.267,39.496,339317.4804530446,0.013,0
2026-08-14T13:42:50Z,5.365,17.0345,17.55,2.3476,0.2982,0.7614,3.4067,148.698,124.843878,6.7765,70.07,39.367,339171.6528562173,0.013,0
2026-08-14T13:42:50Z,5.369,17.0191,17.55,2.2027,0.2982,0.7614,3.5426,148.672,124.782683,6.7883,69.781,39.265,339061.81745552644,0.013,0
2026-08-14T13:42:50Z,5.372,17.004,17.55,2.1988,0.2982,0.8037,3.6635,148.664,124.741426,6.7945,69.47,39.009,339085.3539542478,0.014,0
2026-08-14T13:42:50Z,5.376,16.9891,17.55,2.2027,0.2982,0.8037,3.6484,148.664,124.713106,6.7899,69.2,38.984,339195.4159472399,0.014,0
2026-08-14T13:42:50Z,5.379,16.9749,17.55,2.2255,0.2982,0.8037,3.6635,148.666,124.690171,6.7728,69.008,38.95,339328.8087011652,0.014,0
2026-08-14T13:42:50Z,5.383,16.9619,17.55,2.1378,0.2982,0.8037,3.2858,148.659,124.658501,6.7468,68.906,38.697,339376.10973215575,0.013,0
2026-08-14T13:42:50Z,5.386,16.9503,17.55,2.1798,0.2982,0.7191,3.316,148.617,124.593643,6.7184,68.887,38.621,339161.47448571934,0.013,0
2026-08-14T13:42:50Z,5.389,16.9406,17.55,2.1683,0.2982,0.7191,3.3613,148.567,124.516317,6.6936,68.938,38.337,338819.9728616864,0.013,0
2026-08-14T13:42:50Z,5.393,16.9322,17.55,2.1454,0.2982,0.7191,3.3462,148.546,124.463923,6.6762,69.047,38.337,338626.42481023323,0.013,0
2026-08-14T13:42:50Z,5.396,16.9238,17.55,2.1492,0.2982,0.7191,3.316,148.542,124.42849,6.6676,69.189,38.295,338551.7919880088,0.012,0
2026-08-14T13:42:50Z,5.399,16.9137,17.55,2.1607,0.2982,0.7191,3.3764,148.538,124.396567,6.6671,69.331,38.362,338536.932111507,0.012,0
2026-08-14T13:42:50Z,5.402,16.9018,17.55,2.1454,0.2982,0.846,3.2707,148.541,124.371645,6.6737,69.449,38.212,338608.44245738396,0.012,0
2026-08-14T13:42:50Z,5.405,16.8899,17.55,2.1798,0.2982,0.846,3.4671,148.547,124.351079,6.6859,69.532,38.171,338710.56321629556,0.013,0
2026-08-14T13:42:50Z,5.408,16.8792,17.55,2.092,0.2982,0.846,3.4067,148.556,124.335386,6.7012,69.569,37.865,338822.0942605322,0.013,0
2026-08-14T13:42:50Z,5.411,16.8696,17.55,2.0806,0.2982,0.846,3.316,148.564,124.32038,6.7163,69.557,37.816,338915.7030251477,0.014,0
2026-08-14T13:42:50Z,5.415,16.8605,17.55,2.1073,0.2982,0.8037,3.2858,148.56,124.294056,6.729,69.511,37.603,338919.4303729303,0.015,0
2026-08-14T13:42:50Z,5.419,16.8519,17.55,2.1035,0.2982,0.8037,3.3764,148.55,124.259397,6.7382,69.451,37.415,338854.1839862875,0.015,0
2026-08-14T13:42:50Z,5.423,16.844,17.55,2.0882,0.2982,0.8037,3.3613,148.543,124.221167,6.7429,69.404,37.196,338749.2888711349,0.016,0
2026-08-14T13:42:50Z,5.427,16.8366,17.55,2.0882,0.2982,0.8037,3.3915,148.549,124.193178,6.7428,69.385,36.81,338705.98564882623,0.016,0
2026-08-14T13:42:50Z,5.431,16.829,17.55,2.1073,0.2982,0.7614,3.3462,148.577,124.187971,6.7393,69.388,36.843,338827.0029292009,0.017,0
2026-08-14T13:42:50Z,5.436,16.82,17.55,2.0844,0.2982,0.7614,3.4369,148.597,124.184149,6.7349,69.408,36.532,338986.88658529986,0.017,0
2026-08-14T13:42:50Z,5.44,16.8092,17.55,2.0806,0.2982,0.7614,3.2556,148.598,124.168687,6.7318,69.45,36.421,339102.32005285134,0.018,0
2026-08-14T13:42:50Z,5.445,16.798,17.55,2.0615,0.2982,0.7614,3.316,148.602,124.157471,6.7315,69.502,36.334,339256.0366929722,0.018,0
2026-08-14T13:42:50Z,5.45,16.7885,17.55,2.0386,0.2982,0.7614,3.4369,148.605,124.143507,6.7331,69.539,36.09,339355.1449188403,0.019,0
2026-08-14T13:42:50Z,5.455,16.7814,17.55,2.0272,0.2982,0.8037,3.3462,148.589,124.111066,6.7361,69.54,35.879,339274.17229947454,0.019,0
2026-08-14T13:42:50Z,5.459,16.7761,17.55,2.0501,0.2982,0.8037,3.3462,148.568,124.071505,6.7409,69.503,35.599,339105.5975841695,0.019,0
2026-08-14T13:42:50Z,5.464,16.7711,17.55,1.97,0.2982,0.8037,3.3462,148.545,124.026279,6.7467,69.446,35.414,338890.89357844886,0.02,0
2026-08-14T13:42:50Z,5.469,16.7655,17.55,1.9738,0.2982,0.8037,3.452,148.52,123.971329,6.7511,69.383,35.276,338620.2039684059,0.02,0
2026-08-14T13:42:50Z,5.475,16.7591,17.55,1.9585,0.2982,0.8037,3.3311,148.49,123.908006,6.7521,69.324,34.91,338307.2304622934,0.02,0
2026-08-14T13:42:50Z,5.48,16.7518,17.55,1.9585,0.2982,0.8037,3.3613,148.454,123.83743,6.7496,69.283,34.607,337961.9555901451,0.02,0
2026-08-14T13:42:50Z,5.485,16.7429,17.55,1.8822,0.2982,0.8037,3.4369,148.431,123.77679,6.7452,69.265,34.398,337719.76631472213,0.02,0
2026-08-14T13:42:50Z,5.49,16.7316,17.55,1.8975,0.2982,0.8037,3.3764,148.419,123.723921,6.7407,69.258,34.219,337581.8942084201,0.02,0
2026-08-14T13:42:50Z,5.495,16.7186,17.46,1.9242,0.2982,0.846,3.3311,148.401,123.664722,6.7368,69.241,33.967,337434.6269541543,0.02,0
2026-08-14T13:42:50Z,5.5,16.705,17.46,1.8708,0.2982,0.846,3.2707,148.392,123.615418,6.7348,69.188,33.739,337369.30458794953,0.019,0
2026-08-14T13:42:50Z,5.505,16.691,17.46,1.9738,0.2982,0.846,3.3613,148.406,123.586865,6.7349,69.076,33.636,337458.2372599781,0.019,0
2026-08-14T13:42:50Z,5.509,16.6764,17.46,1.9661,0.2982,0.846,3.2858,148.415,123.555445,6.7363,68.9,33.418,337539.45609951334,0.019,0
2026-08-14T13:42:50Z,5.514,16.6616,17.46,1.9661,0.2556,0.7191,3.4369,148.41,123.512776,6.7368,68.668,33.244,337545.60552928894,0.02,0
2026-08-14T13:42:50Z,5.519,16.6475,17.46,1.9623,0.2556,0.7191,3.3462,148.406,123.471488,6.7336,68.402,32.992,337546.94676892273,0.02,0
2026-08-14T13:42:50Z,5.524,16.634,17.46,1.9585,0.2556,0.7191,3.3462,148.408,123.436574,6.7246,68.129,32.565,337580.7516089438,0.019,0
2026-08-14T13:42:50Z,5.529,16.6209,17.46,1.9509,0.2556,0.7191,3.3462,148.422,123.414728,6.7093,67.877,32.199,337698.42382994987,0.019,0
2026-08-14T13:42:50Z,5.534,16.608,17.46,1.9738,0.2556,0.7191,3.3613,148.434,123.396122,6.6885,67.667,31.976,337834.88301744865,0.019,0
2026-08-14T13:42:50Z,5.539,16.5953,17.46,1.9661,0.2982,0.7614,3.2707,148.442,123.379793,6.6644,67.511,31.962,337983.359852925,0.018,0
2026-08-14T13:42:50Z,5.544,16.583,17.46,1.989,0.2982,0.7614,3.452,148.476,123.389398,6.6395,67.408,31.823,338306.89385348413,0.018,0
2026-08-14T13:42:50Z,5.548,16.5717,17.46,1.9776,0.2982,0.7614,3.4067,148.53,123.419493,6.6165,67.34,31.651,338754.92173433397,0.018,0
2026-08-14T13:42:50Z,5.553,16.562,17.46,1.9432,0.2982,0.7614,3.3613,148.578,123.446092,6.5974,67.283,31.513,339145.4001694873,0.018,0
2026-08-14T13:42:50Z,5.557,16.5543,17.46,1.9852,0.2982,0.7614,3.3311,148.605,123.456282,6.5833,67.221,31.234,339378.2606396745,0.018,0
2026-08-14T13:42:50Z,5.562,16.5481,17.46,1.9928,0.2982,0.7614,3.4067,148.611,123.448778,6.574,67.157,31.112,339454.5227994317,0.018,0
2026-08-14T13:42:50Z,5.566,16.5431,17.46,1.9661,0.2982,0.7614,3.2707,148.598,123.42558,6.5681,67.107,31.004,339394.48751683836,0.018,0
2026-08-14T13:42:50Z,5.571,16.5387,17.46,1.9623,0.2982,0.7614,3.4067,148.562,123.384503,6.5632,67.082,30.843,339195.1954912767,0.019,0
2026-08-14T13:42:50Z,5.576,16.534300000000002,17.55,1.9738,0.2556,0.7191,3.4369,148.531,123.346603,6.5578,67.084,30.636,339018.43860853877,0.019,0
2026-08-14T13:42:50Z,5.581,16.5301,17.55,1.9432,0.2556,0.7191,3.2707,148.523,123.325781,6.5521,67.117,30.529,338958.5152784003,0.02,0
2026-08-14T13:42:50Z,5.586,16.5262,17.55,1.9776,0.2556,0.7191,3.3462,148.501,123.292477,6.5478,67.18,30.311,338803.89864360186,0.02,0
2026-08-14T13:42:50Z,5.591,16.5223,17.55,1.9738,0.2556,0.7191,3.4067,148.455,123.23981,6.5459,67.264,30.075,338512.1703743831,0.02,0
2026-08-14T13:42:50Z,5.596,16.5182,17.55,1.9356,0.2556,0.7191,3.3764,148.414,123.191747,6.5467,67.35,29.867,338257.2890498216,0.021,0
2026-08-14T13:42:50Z,5.601,16.5135,17.46,1.9127,0.2556,0.846,3.3462,148.377,123.147474,6.5506,67.41,29.692,338041.7733745167,0.021,0
2026-08-14T13:42:50Z,5.607,16.5084,17.46,1.9089,0.2556,0.846,3.3462,148.337,123.101187,6.5574,67.425,29.448,337820.35946887324,0.021,0
2026-08-14T13:42:50Z,5.612,16.5034,17.46,1.9089,0.2556,0.846,3.3311,148.291,123.050547,6.5663,67.399,29.174,337566.1117746567,0.021,0
2026-08-14T13:42:50Z,5.617,16.4987,17.46,1.8937,0.2556,0.846,3.3764,148.246,123.002054,6.5753,67.349,29.092,337320.86436189496,0.02,0
2026-08-14T13:42:50Z,5.622,16.4942,17.46,1.9127,0.2556,0.6345,3.5124,148.232,122.97879,6.5818,67.291,28.84,337249.8432458093,0.02,0
2026-08-14T13:42:50Z,5.627,16.4899,17.46,1.9013,0.2556,0.6345,3.5426,148.248,122.97855,6.5838,67.228,28.603,337337.4470018688,0.02,0
2026-08-14T13:42:50Z,5.632,16.4857,17.46,1.8822,0.2556,0.6345,3.5879,148.264,122.977263,6.5819,67.157,28.423,337415.59665486886,0.02,0
2026-08-14T13:42:50Z,5.637,16.4817,17.46,1.9165,0.2556,0.6345,3.6332,148.271,122.966583,6.5776,67.082,28.367,337423.1650781399,0.019,0
2026-08-14T13:42:50Z,5.642,16.4778,17.46,1.9013,0.2556,0.6345,3.3764,148.284,122.959667,6.5725,67.007,28.116,337455.2842116571,0.019,0
2026-08-14T13:42:50Z,5.647,16.4734,17.46,1.8937,0.2556,0.6345,3.3462,148.306,122.95867,6.5669,66.937,27.933,337539.68768574577,0.019,0
2026-08-14T13:42:50Z,5.652,16.4684,17.46,1.9089,0.2556,0.6345,3.3462,148.33,122.959324,6.5607,66.875,27.709,337648.284561939,0.019,0
2026-08-14T13:42:50Z,5.657,16.4629,17.46,1.9013,0.2556,0.6345,3.316,148.365,122.969807,6.5541,66.824,27.637,337836.9370282044,0.019,0
2026-08-14T13:42:50Z,5.662,16.457,17.46,1.8364,0.2556,0.846,3.2556,148.387,122.970904,6.5475,66.777,27.374,337967.5257786373,0.018,0
2026-08-14T13:42:50Z,5.666,16.4506,17.46,1.8212,0.2556,0.846,3.3311,148.378,122.948904,6.5416,66.725,27.226,337944.90658532444,0.018,0
2026-08-14T13:42:50Z,5.671,16.4441,17.46,1.8517,0.2556,0.846,3.3764,148.376,122.935951,6.5365,66.658,27.19,337988.47495334706,0.018,0
2026-08-14T13:42:50Z,5.675,16.4378,17.46,1.8288,0.2556,0.846,3.3764,148.391,122.938595,6.5323,66.57,26.984,338138.4676239183,0.017,0
2026-08-14T13:42:50Z,5.679,16.432,17.46,1.7678,0.2556,0.846,3.3613,148.387,122.925529,6.5285,66.462,26.867,338166.69036602293,0.017,0
2026-08-14T13:42:50Z,5.684,16.4271,17.46,1.7945,0.2982,0.6345,3.4369,148.363,122.89327,6.524,66.347,26.763,338040.0387129316,0.016,0
2026-08-14T13:42:50Z,5.688,16.4233,17.46,1.783,0.2982,0.6345,3.2405,148.341,122.861223,6.518,66.242,26.67,337891.9728982932,0.016,0
2026-08-14T13:42:50Z,5.692,16.42,17.46,1.7525,0.2982,0.6345,3.3613,148.327,122.832847,6.5099,66.161,26.571,337759.5290332283,0.016,0
2026-08-14T13:42:50Z,5.696,16.4165,17.46,1.8212,0.2982,0.6345,3.4067,148.324,122.812578,6.4998,66.11,26.393,337688.720417311,0.016,0
2026-08-14T13:42:50Z,5.7,16.4124,17.46,1.8441,0.2556,0.7191,3.3462,148.336,122.803012,6.4891,66.081,26.341,337706.2685414173,0.016,0
2026-08-14T13:42:50Z,5.703,16.4077,17.46,1.8746,0.2556,0.7191,3.3915,148.34,122.785593,6.4795,66.054,26.136,337680.6332738517,0.015,0
2026-08-14T13:42:50Z,5.707,16.4023,17.46,1.8593,0.2556,0.7191,3.4067,148.33,122.755675,6.4723,66.01,25.995,337580.9465408044,0.015,0
2026-08-14T13:42:50Z,5.711,16.3961,17.46,1.7792,0.2556,0.7191,3.3009,148.334,122.737289,6.4682,65.934,25.831,337579.6599948068,0.015,0
2026-08-14T13:42:50Z,5.715,16.3896,17.46,1.7983,0.2556,0.7191,3.3462,148.358,122.737533,6.4662,65.826,25.669,337716.7481812898,0.015,0
2026-08-14T13:42:50Z,5.719,16.3828,17.46,1.7678,0.2556,0.7191,3.2707,148.371,122.732467,6.4645,65.7,25.68,337822.4788866879,0.015,0
2026-08-14T13:42:50Z,5.723,16.3755,17.46,1.7792,0.2556,0.7191,3.3764,148.369,122.716735,6.4612,65.585,25.597,337862.97160653165,0.015,0
2026-08-14T13:42:50Z,5.726,16.3681,17.46,1.7754,0.2556,0.7191,3.6181,148.372,122.706151,6.4548,65.502,25.513,337942.1078831117,0.015,0
2026-08-14T13:42:50Z,5.73,16.3615,17.46,1.7716,0.2556,0.7191,3.5124,148.385,122.701891,6.4451,65.452,25.43,338049.5033970586,0.016,0
2026-08-14T13:42:50Z,5.734,16.3561,17.46,1.764,0.2556,0.7614,3.6937,148.387,122.686814,6.4335,65.424,25.298,338055.0610897316,0.016,0
2026-08-14T13:42:50Z,5.739,16.3514,17.46,1.7716,0.2556,0.7614,3.6635,148.356,122.644895,6.4228,65.41,25.112,337855.3518713292,0.017,0
2026-08-14T13:42:50Z,5.743,16.346800000000002,17.46,1.7868,0.2556,0.7614,3.6332,148.307,122.586962,6.4153,65.407,25.008,337539.894316345,0.018,0
2026-08-14T13:42:50Z,5.748,16.3418,17.46,1.7716,0.2556,0.7614,3.5879,148.278,122.545581,6.4111,65.414,24.987,337350.325423714,0.019,0
2026-08-14T13:42:50Z,5.753,16.3364,17.46,1.7525,0.213,0.8037,3.6635,148.285,122.533722,6.4091,65.415,24.797,337378.6121399965,0.02,0
2026-08-14T13:42:50Z,5.758,16.3307,17.46,1.7754,0.213,0.8037,3.5728,148.298,122.526218,6.4085,65.393,24.588,337444.0720805099,0.02,0
2026-08-14T13:42:50Z,5.763,16.3248,17.46,1.7296,0.213,0.8037,3.603,148.3,122.511062,6.4091,65.346,24.423,337459.3787479297,0.021,0
2026-08-14T13:42:50Z,5.768,16.3189,17.46,1.7258,0.213,0.8037,3.6635,148.319,122.51022,6.4105,65.282,24.275,337576.3595409329,0.022,0
2026-08-14T13:42:50Z,5.774,16.313,17.46,1.722,0.2556,0.6768,3.5275,148.364,122.53147,6.4114,65.2,23.986,337850.40795827715,0.022,0
2026-08-14T13:42:50Z,5.78,16.307,17.46,1.7144,0.2556,0.6768,3.6484,148.411,122.55447,6.41,65.097,23.851,338139.20164679625,0.022,0
2026-08-14T13:42:50Z,5.786,16.3012,17.46,1.6648,0.2556,0.6768,3.5728,148.428,122.553343,6.4063,64.982,23.65,338252.34072911734,0.022,0
2026-08-14T13:42:50Z,5.791,16.2958,17.46,1.6762,0.2556,0.6768,3.5728,148.405,122.519785,6.4007,64.871,23.476,338126.3778757127,0.022,0
2026-08-14T13:42:50Z,5.797,16.2905,17.46,1.6381,0.2556,0.6768,3.5879,148.364,122.472854,6.3933,64.778,23.379,337903.18919668935,0.021,0
2026-08-14T13:42:50Z,5.802,16.2851,17.46,1.6495,0.2556,0.6768,3.6635,148.325,122.430046,6.384,64.713,23.247,337711.4345735769,0.021,0
2026-08-14T13:42:50Z,5.807,16.2798,17.46,1.6419,0.2556,0.6768,3.6332,148.291,122.391948,6.3734,64.685,23.142,337551.0941550807,0.021,0
2026-08-14T13:42:50Z,5.813,16.2748,17.46,1.6495,0.2556,0.6768,3.6332,148.267,122.360404,6.3632,64.692,22.921,337431.09366903343,0.021,0
2026-08-14T13:42:50Z,5.818,16.2704,17.46,1.6381,0.2556,0.6768,3.5577,148.252,122.335004,6.3546,64.721,22.738,337342.2554784672,0.02,0
2026-08-14T13:42:50Z,5.823,16.2669,17.46,1.6571,0.2556,0.6345,3.603,148.236,122.308974,6.3488,64.744,22.575,337230.1721053327,0.02,0
2026-08-14T13:42:50Z,5.828,16.2635,17.46,1.6533,0.2556,0.6345,3.5728,148.224,122.287376,6.3465,64.746,22.438,337147.50787901727,0.019,0
2026-08-14T13:42:50Z,5.833,16.2596,17.46,1.6495,0.2556,0.6345,3.5275,148.224,122.276453,6.3478,64.736,22.23,337151.13671803474,0.019,0
2026-08-14T13:42:50Z,5.838,16.2551,17.46,1.6533,0.2556,0.6345,3.6635,148.224,122.26529,6.3511,64.728,22.129,337165.5629444888,0.018,0
2026-08-14T13:42:50Z,5.842,16.2508,17.37,1.6571,0.2982,0.7614,3.6332,148.227,122.254912,6.354,64.733,22.009,337181.4026038174,0.018,0
2026-08-14T13:42:50Z,5.847,16.2469,17.37,1.6381,0.2982,0.7614,3.5426,148.243,122.254553,6.3547,64.761,21.813,337260.155924681,0.017,0
2026-08-14T13:42:50Z,5.851,16.2433,17.37,1.6495,0.2982,0.7614,3.5728,148.248,122.244111,6.3542,64.821,21.724,337260.953278582,0.017,0
2026-08-14T13:42:50Z,5.855,16.2395,17.37,1.6533,0.2982,0.7614,3.4822,148.229,122.212799,6.354,64.911,21.611,337117.4805737023,0.016,0
2026-08-14T13:42:50Z,5.859,16.2353,17.46,1.6381,0.2556,0.6345,3.6181,148.209,122.180275,6.355,65.022,21.522,336973.733607776,0.016,0
2026-08-14T13:42:50Z,5.863,16.2306,17.46,1.7296,0.2556,0.6345,3.2858,148.196,122.15387,6.3584,65.134,21.456,336883.91241849697,0.015,0
2026-08-14T13:42:50Z,5.867,16.2257,17.46,1.7258,0.2556,0.6345,3.316,148.184,122.130542,6.3649,65.224,21.345,336820.12572420307,0.015,0
2026-08-14T13:42:50Z,5.871,16.2204,17.46,1.7144,0.2556,0.6345,3.2405,148.18,122.118073,6.3745,65.272,21.266,336841.8755329057,0.015,0
2026-08-14T13:42:50Z,5.875,16.215,17.37,1.7296,0.2556,0.6768,3.3462,148.186,122.119141,6.3861,65.273,21.183,336962.0026541263,0.015,0
2026-08-14T13:42:50Z,5.879,16.2097,17.37,1.7373,0.2556,0.6768,3.3009,148.203,122.13403,6.3978,65.232,21.018,337178.4603391147,0.015,0
2026-08-14T13:42:50Z,5.883,16.2051,17.37,1.7144,0.2556,0.6768,3.3462,148.244,122.170711,6.4073,65.157,20.877,337535.6439795958,0.015,0
2026-08-14T13:42:50Z,5.887,16.2021,17.37,1.6991,0.2556,0.6768,3.316,148.296,122.216961,6.4124,65.062,20.849,337927.8951624351,0.015,0
2026-08-14T13:42:50Z,5.891,16.2009,17.37,1.6991,0.2556,0.6768,3.316,148.322,122.2431,6.4127,64.962,20.714,338139.36288941826,0.015,0
2026-08-14T13:42:50Z,5.895,16.2011,17.46,1.577,0.2556,0.6345,3.6181,148.313,122.240094,6.4086,64.868,20.624,338113.7404794519,0.015,0
2026-08-14T13:42:50Z,5.898,16.202,17.46,1.5923,0.2556,0.6345,3.6635,148.29,122.223148,6.4012,64.787,20.588,337974.08802295267,0.015,0
2026-08-14T13:42:50Z,5.902,16.2033,17.46,1.619,0.2556,0.6345,3.603,148.252,122.191744,6.3917,64.728,20.539,337723.08297534345,0.014,0
2026-08-14T13:42:50Z,5.906,16.2048,17.46,1.5847,0.2556,0.6345,3.6484,148.211,122.155512,6.3816,64.694,20.481,337433.6475322715,0.014,0
2026-08-14T13:42:50Z,5.909,16.2063,17.46,1.7296,0.2556,0.7191,3.4067,148.197,122.1388,6.3721,64.683,20.415,337283.3389244958,0.014,0
2026-08-14T13:42:50Z,5.912,16.2071,17.46,1.7144,0.2556,0.7191,3.3613,148.194,122.131149,6.3641,64.687,20.291,337212.17893404386,0.014,0
2026-08-14T13:42:50Z,5.916,16.2071,17.46,1.722,0.2556,0.7191,3.2858,148.191,122.124517,6.3583,64.692,20.282,337164.97041948163,0.014,0
2026-08-14T13:42:50Z,5.919,16.2061,17.46,1.7029,0.2556,0.7191,3.316,148.191,122.121136,6.3552,64.683,20.163,337161.76279793674,0.015,0
2026-08-14T13:42:50Z,5.923,16.2045,17.37,1.6343,0.2556,0.7191,3.6332,148.187,122.116105,6.3543,64.643,20.146,337159.32584953203,0.015,0
2026-08-14T13:42:50Z,5.927,16.2027,17.37,1.6419,0.2556,0.7191,3.6484,148.184,122.112081,6.3549,64.569,19.963,337168.2288250266,0.016,0
2026-08-14T13:42:50Z,5.931,16.2012,17.37,1.6304,0.2556,0.7191,3.5728,148.189,122.111994,6.3556,64.466,19.889,337198.9014636215,0.016,0
2026-08-14T13:42:50Z,5.935,16.2002,17.37,1.6571,0.2556,0.7191,3.6635,148.203,122.11582,6.3548,64.343,19.756,337247.0050251227,0.017,0
2026-08-14T13:42:50Z,5.94,16.1996,17.37,1.6075,0.2556,0.7191,3.8598,148.217,122.116577,6.351,64.22,19.619,337264.914049742,0.017,0
2026-08-14T13:42:50Z,5.944,16.199,17.46,1.577,0.2556,0.8037,3.7088,148.232,122.116467,6.3438,64.117,19.491,337276.6504762369,0.017,0
2026-08-14T13:42:50Z,5.948,16.1976,17.46,1.5999,0.2556,0.8037,3.8901,148.26,122.125463,6.3338,64.046,19.39,337369.93374512,0.017,0
2026-08-14T13:42:50Z,5.953,16.1951,17.46,1.5847,0.2556,0.8037,3.7843,148.302,122.145962,6.322,64.013,19.31,337568.1640367281,0.017,0
2026-08-14T13:42:50Z,5.957,16.1914,17.46,1.577,0.2556,0.8037,3.5577,148.348,122.171428,6.3104,64.024,19.23,337826.9810751902,0.017,0
2026-08-14T13:42:50Z,5.961,16.1871,17.46,1.5961,0.2556,0.7191,3.6635,148.37,122.178642,6.301,64.071,19.135,337968.3360676098,0.017,0
2026-08-14T13:42:50Z,5.965,16.1824,17.46,1.5694,0.2556,0.7191,3.603,148.348,122.151522,6.2946,64.133,19.031,337873.2265644424,0.017,0
2026-08-14T13:42:50Z,5.969,16.1777,17.46,1.5808,0.2556,0.7191,3.603,148.312,122.116846,6.292,64.182,18.99,337724.2303051936,0.017,0
2026-08-14T13:42:50Z,5.974,16.1734,17.46,1.6075,0.2556,0.7191,3.5879,148.319,122.119381,6.2936,64.198,18.907,337832.2131831012,0.017,0
2026-08-14T13:42:50Z,5.978,16.1697,17.46,1.5923,0.2556,0.6768,3.6332,148.353,122.1458,6.2988,64.179,18.874,338098.1027579921,0.018,0
2026-08-14T13:42:50Z,5.982,16.1668,17.46,1.5923,0.2556,0.6768,3.5728,148.375,122.161136,6.3052,64.139,18.797,338268.2797916019,0.019,0
2026-08-14T13:42:50Z,5.987,16.165,17.46,1.5923,0.2556,0.6768,3.6181,148.387,122.165477,6.3103,64.084,18.731,338336.971656291,0.02,0
2026-08-14T13:42:50Z,5.992,16.1641,17.46,1.5999,0.2556,0.6768,3.5879,148.399,122.163984,6.3119,64.016,18.593,338345.1618455885,0.021,0
2026-08-14T13:42:50Z,5.998,16.1634,17.46,1.6075,0.2556,0.7614,3.6181,148.401,122.152256,6.3102,63.941,18.453,338276.08229711954,0.022,0
2026-08-14T13:42:50Z,6.004,16.1625,17.46,1.5694,0.2556,0.7614,3.5426,148.388,122.131164,6.3064,63.871,18.214,338144.3508666934,0.022,0
2026-08-14T13:42:50Z,6.01,16.1605,17.46,1.5732,0.2556,0.7614,3.6635,148.383,122.121091,6.3013,63.814,18.095,338114.31643531757,0.022,0
2026-08-14T13:42:50Z,6.016,16.1567,17.46,1.5808,0.2556,0.7614,3.6635,148.383,122.117352,6.295,63.774,17.978,338167.18329004187,0.022,0
2026-08-14T13:42:50Z,6.021,16.1523,17.46,1.6075,0.2556,0.7614,3.6181,148.359,122.094941,6.2882,63.76,17.915,338099.3064037492,0.021,0
2026-08-14T13:42:50Z,6.027,16.1488,17.46,1.619,0.2556,0.7191,3.5426,148.318,122.055884,6.2819,63.778,17.752,337893.7598155396,0.02,0
2026-08-14T13:42:50Z,6.032,16.1467,17.46,1.6114,0.2556,0.7191,3.5728,148.283,122.017776,6.2765,63.836,17.745,337665.7461392731,0.019,0
2026-08-14T13:42:50Z,6.036,16.1456,17.46,1.5923,0.2556,0.7191,3.6332,148.286,122.008463,6.2728,63.922,17.61,337622.30155348906,0.017,0
2026-08-14T13:42:50Z,6.041,16.1446,17.46,1.6228,0.2556,0.7191,3.6635,148.324,122.025462,6.2715,64.019,17.447,337764.5084997328,0.015,0
2026-08-14T13:42:50Z,6.044,16.1428,17.46,1.5999,0.2982,0.7191,3.6332,148.34,122.025291,6.2735,64.108,17.519,337800.94299745164,0.013,0
2026-08-14T13:42:50Z,6.047,16.1398,17.46,1.5847,0.2982,0.7191,3.5728,148.323,121.999902,6.2795,64.176,17.572,337682.5037387014,0.011,0
2026-08-14T13:42:50Z,6.049,16.1356,17.46,1.6075,0.2982,0.7191,3.5426,148.325,121.990539,6.2886,64.208,17.568,337703.53181229,0.009,0
2026-08-14T13:42:50Z,6.051,16.1309,17.46,1.5274,0.2982,0.7191,3.6332,148.368,122.012709,6.2988,64.192,17.549,337960.1636793775,0.008,0
2026-08-14T13:42:50Z,6.053,16.1265,17.37,1.516,0.2556,0.7191,3.5426,148.414,122.038313,6.3081,64.13,17.477,338235.22168886167,0.007,0
2026-08-14T13:42:50Z,6.055,16.1226,17.37,1.4855,0.2556,0.7191,3.5577,148.432,122.04217,6.3153,64.035,17.481,338344.5230300698,0.006,0
2026-08-14T13:42:50Z,6.056,16.1187,17.37,1.5236,0.2556,0.7191,3.5426,148.416,122.019306,6.319,63.927,17.591,338262.84770748415,0.005,0
2026-08-14T13:42:50Z,6.057,16.1144,17.37,1.5313,0.2556,0.7191,3.5728,148.385,121.985631,6.318,63.822,17.561,338112.2862960529,0.005,0
2026-08-14T13:42:50Z,6.058,16.1102,17.37,1.5351,0.2556,0.7191,3.5426,148.362,121.960172,6.3124,63.73,17.599,338018.34272731846,0.004,0
2026-08-14T13:42:50Z,6.059,16.1064,17.46,1.5313,0.2556,0.54990000000000006,3.7239,148.348,121.94214,6.3036,63.656,17.462,337969.0848438074,0.004,0
2026-08-14T13:42:50Z,6.06,16.1032,17.46,1.5236,0.2556,0.54990000000000006,3.5728,148.323,121.916726,6.2934,63.597,17.53,337854.50930596556,0.005,0
2026-08-14T13:42:50Z,6.061,16.1005,17.46,1.5084,0.2556,0.54990000000000006,3.5577,148.284,121.879152,6.2834,63.547,17.424,337642.6123833865,0.005,0
2026-08-14T13:42:50Z,6.063,16.0983,17.46,1.5351,0.2556,0.54990000000000006,3.7239,148.254,121.849406,6.2747,63.495,17.454,337476.20514335425,0.005,0
2026-08-14T13:42:50Z,6.064,16.0963,17.46,1.5427,0.2556,0.6768,3.603,148.249,121.841562,6.2676,63.431,17.382,337462.0259028635,0.005,0
2026-08-14T13:42:50Z,6.065,16.0945,17.46,1.5236,0.2556,0.6768,3.603,148.263,121.849527,6.2621,63.346,17.348,337556.56472045777,0.005,0
2026-08-14T13:42:50Z,6.067,16.0927,17.46,1.4664,0.2556,0.6768,3.6332,148.297,121.875425,6.2574,63.248,17.326,337779.2549577404,0.004,0
2026-08-14T13:42:50Z,6.068,16.091,17.46,1.4473,0.2556,0.6768,3.6332,148.36,121.926162,6.2525,63.155,17.318,338177.55550585396,0.004,0
2026-08-14T13:42:50Z,6.069,16.0896,17.46,1.4931,0.2556,0.6345,3.7088,148.443,121.993261,6.2464,63.084,17.318,338686.9841775669,0.004,0
2026-08-14T13:42:50Z,6.069,16.0886,17.46,1.4664,0.2556,0.6345,3.6332,148.512,122.050604,6.2382,63.05,17.352,339118.6124791686,0.004,0
2026-08-14T13:42:50Z,6.07,16.0878,17.46,1.5808,0.2556,0.6345,3.5426,148.533,122.067469,6.2287,63.057,17.341,339256.26465098857,0.004,0
2026-08-14T13:42:50Z,6.071,16.0874,17.46,1.5808,0.2556,0.6345,3.5728,148.495,122.036349,6.2195,63.096,17.284,339041.7240711335,0.004,0
2026-08-14T13:42:50Z,6.072,16.0872,17.46,1.5808,0.2556,0.6345,3.5275,148.427,121.978956,6.2125,63.154,17.337,338634.97678420326,0.005,0
2026-08-14T13:42:50Z,6.074,16.0872,17.46,1.5999,0.2556,0.6345,3.603,148.353,121.915994,6.2092,63.224,17.254,338184.5006223948,0.005,0
2026-08-14T13:42:50Z,6.075,16.0873,17.46,1.5808,0.2556,0.6345,3.5728,148.28,121.852679,6.2099,63.306,17.262,337729.7744576544,0.006,0
2026-08-14T13:42:50Z,6.077,16.0872,17.46,1.5656,0.2556,0.6345,3.4822,148.215,121.796135,6.2137,63.396,17.183,337327.95437348355,0.008,0
2026-08-14T13:42:50Z,6.079,16.0868,17.46,1.5732,0.2556,0.6345,3.739,148.15,121.739283,6.2194,63.487,17.15,336930.492642475,0.009,0
2026-08-14T13:42:50Z,6.081,16.086,17.46,1.5999,0.2556,0.6345,3.5879,148.037,121.642959,6.2265,63.571,17.165,336260.2608921566,0.011,0
2026-08-14T13:42:50Z,6.084,16.085,17.46,1.6114,0.2556,0.6345,3.5879,147.846,121.481474,6.2347,63.648,17.005,335131.31677485415,0.014,0
2026-08-14T13:42:50Z,6.087,16.0839,17.46,1.6114,0.2556,0.6345,3.603,147.55,121.231771,6.2438,63.723,16.99,333380.87472635444,0.017,0
2026-08-14T13:42:50Z,6.092,16.0827,17.46,1.5885,0.2556,0.6345,3.6332,147.064,120.823262,6.2529,63.793,16.99,330516.7773326468,0.02,0
2026-08-14T13:42:50Z,6.097,16.0815,17.55,1.5961,0.2556,0.6768,3.5124,146.247,120.139009,6.2613,63.848,16.741,325736.48961231235,0.023,0
2026-08-14T13:42:50Z,6.104,16.08,17.55,1.6495,0.2556,0.6768,3.8296,144.879,119.000545,6.269,63.882,16.353,317866.78380605485,0.026,0
2026-08-14T13:42:50Z,6.111,16.0778,17.55,1.6571,0.2556,0.6768,3.7994,142.588,117.104278,6.2767,63.888,16.243,305012.1230672943,0.028,0
2026-08-14T13:42:50Z,6.12,16.0745,17.55,1.6457,0.2556,0.6768,3.7994,138.749,113.940535,6.2841,63.866,15.901,284273.65649516275,0.029,0
2026-08-14T13:42:50Z,6.128,16.0702,17.55,1.6495,0.2556,0.6345,3.8145,132.36,108.685656,6.2901,63.82,15.291,251754.78334618933,0.028,0
2026-08-14T13:42:50Z,6.136,16.0654,17.55,1.6457,0.2556,0.6345,3.5124,121.738,99.958345,6.294,63.759,15.037,202943.325022056,0.027,0
2026-08-14T13:42:50Z,6.143,16.0608,17.55,1.6266,0.2556,0.6345,3.603,104.038,85.419317,6.2952,63.694,14.891,135381.41845806336,0.025,0
2026-08-14T13:42:50Z,6.149,16.0574,17.55,1.6533,0.2556,0.6345,3.5728,74.532,61.183494,6.2935,63.638,14.64,57417.271761267366,0.023,0
2026-08-14T13:42:50Z,6.154,16.0556,17.55,1.6686,0.2556,0.6345,3.6181,25.358,20.787992,6.2893,63.607,14.466,3929.0427104877285,0.021,0
2026-08-14T13:42:50Z,6.158,16.0555,17.55,1.5999,0.2556,0.6768,3.875,-56.582,-46.52732,6.2833,63.604,14.125,NA,0.02,0
2026-08-14T13:42:50Z,6.163,16.0567,17.55,1.5923,0.2556,0.6768,3.8145,-193.113,-158.697186,6.2767,63.627,13.755,NA,0.02,0
2026-08-14T13:42:50Z,6.168,16.0588,17.55,1.6037,0.2556,0.6768,3.8598,-420.673,-345.661579,6.271,63.673,13.445,NA,0.021,0
2026-08-14T13:42:50Z,6.173,16.0612,17.55,1.5961,0.2556,0.6768,3.875,-562.894,-462.51719,6.2676,63.737,12.988,NA,0.023,0
2026-08-14T13:42:50Z,6.179,16.0638,17.55,1.7105,0.213,0.6768,4.0864,-420.614,-345.629026,6.267,63.812,12.643,NA,0.026,0
2026-08-14T13:42:50Z,6.185,16.0658,17.55,1.7449,0.213,0.6768,4.0713,-192.984,-158.6214,6.2691,63.884,12.259,NA,0.029,0
2026-08-14T13:42:50Z,6.193,16.0664,17.55,1.7296,0.213,0.6768,4.1167,-56.412,-46.432104,6.2737,63.932,12.021,NA,0.032,0
2026-08-14T13:42:50Z,6.202,16.0649,17.55,1.6953,0.213,0.6768,4.0411,25.499,20.848004,6.2803,63.938,11.558,3953.6799619294575,0.036,0
2026-08-14T13:42:50Z,6.212,16.0612,17.55,1.5808,0.2556,0.6345,4.0864,74.615,61.184292,6.2881,63.892,11.226,57405.8896179152,0.039,0
2026-08-14T13:42:50Z,6.223,16.0555,17.55,1.5961,0.2556,0.6345,4.026,104.076,85.375114,6.2958,63.789,11.107,135245.16400776219,0.04,0
2026-08-14T13:42:50Z,6.234,16.0489,17.55,1.5656,0.2556,0.6345,4.1167,121.737,99.873356,6.3014,63.626,10.951,202705.46426411034,0.041,0
2026-08-14T13:42:50Z,6.245,16.0423,17.55,1.5732,0.2556,0.6345,4.1015,132.316,108.553217,6.3028,63.41,10.878,251398.48723735,0.041,0
2026-08-14T13:42:50Z,6.255,16.0364,17.64,1.6495,0.213,0.7191,3.6181,138.665,113.757335,6.299,63.149,10.7,283765.776803643,0.04,0
2026-08-14T13:42:50Z,6.266,16.0313,17.64,1.6266,0.213,0.7191,3.6937,142.478,116.877475,6.2894,62.87,10.518,304367.39544215205,0.039,0
2026-08-14T13:42:50Z,6.276,16.027,17.64,1.6495,0.213,0.7191,3.5879,144.757,118.737671,6.274,62.618,10.24,317099.84919370763,0.038,0
2026-08-14T13:42:50Z,6.285,16.0229,17.64,1.6724,0.213,0.7191,3.5728,146.094,119.825973,6.2532,62.439,9.8903,324730.57715381763,0.036,0
2026-08-14T13:42:50Z,6.294,16.0188,17.64,1.5923,0.213,0.7191,3.6635,146.82,120.41659,6.228,62.368,9.4882,328957.1954050555,0.035,0
2026-08-14T13:42:50Z,6.303,16.0145,17.55,1.5885,0.213,0.5922,3.6332,147.119,120.659017,6.2009,62.422,9.0473,330755.7139778216,0.034,0
2026-08-14T13:42:50Z,6.311,16.0103,17.55,1.5847,0.213,0.5922,3.6635,147.085,120.629906,6.1766,62.613,8.687,330636.172455314,0.032,0
2026-08-14T13:42:50Z,6.319,16.007,17.55,1.6037,0.213,0.5922,3.6181,146.729,120.333496,6.1595,62.938,8.4855,328612.7876163593,0.031,0
2026-08-14T13:42:50Z,6.327,16.0048,17.55,1.3977,0.213,0.5922,3.2405,145.972,119.706749,6.1527,63.371,8.2599,324262.162540161,0.03,0
2026-08-14T13:42:50Z,6.335,16.0037,17.64,1.4206,0.2556,0.5922,3.0743,144.628,118.598536,6.1583,63.87,8.1635,316600.0339138925,0.029,0
2026-08-14T13:42:50Z,6.342,16.0028,17.64,1.4016,0.2556,0.5922,3.0894,142.347,116.721336,6.1772,64.381,8.1228,303856.78056821506,0.028,0
2026-08-14T13:42:50Z,6.348,16.0013,17.64,1.4016,0.2556,0.5922,3.1498,138.516,113.574561,6.2095,64.852,8.0037,283207.36350093846,0.028,0
2026-08-14T13:42:50Z,6.355,15.999,17.64,1.413,0.2556,0.5922,3.1498,132.109,108.31507,6.2526,65.242,8.0002,250650.41660081557,0.027,0
2026-08-14T13:42:50Z,6.362,15.9963,17.55,1.3939,0.2556,0.6345,3.1801,121.459,99.578341,6.3021,65.515,7.9207,201821.08314230992,0.027,0
2026-08-14T13:42:50Z,6.369,15.9934,17.55,1.3748,0.2556,0.6345,3.2254,103.748,85.056584,6.353,65.654,7.8232,134462.95810343395,0.028,0
2026-08-14T13:42:50Z,6.376,15.9902,17.55,1.4016,0.2556,0.6345,3.1196,74.18,60.823317,6.3999,65.699,7.7185,56786.90017959201,0.028,0
2026-08-14T13:42:50Z,6.384,15.9864,17.55,1.4664,0.2556,0.6345,3.1649,24.844,20.40033,6.4388,65.714,7.64,3773.8643027437597,0.028,0
2026-08-14T13:42:50Z,6.391,15.9818,17.55,1.4435,0.2556,0.6345,3.1498,-57.351,-46.935825,6.4664,65.744,7.5789,NA,0.028,0
2026-08-14T13:42:50Z,6.398,15.9768,17.64,1.4511,0.2982,0.6768,3.0441,-194.291,-159.111451,6.4809,65.822,7.5723,NA,0.028,0
2026-08-14T13:42:50Z,6.405,15.9721,17.64,1.4931,0.2982,0.6768,3.1196,-422.52,-346.060053,6.486,65.966,7.5493,NA,0.028,0
2026-08-14T13:42:50Z,6.412,15.9678,17.64,1.5541,0.2982,0.6768,3.1649,-565.147,-462.892112,6.4881,66.175,7.5116,NA,0.028,0
2026-08-14T13:42:50Z,6.419,15.964,17.64,1.5236,0.2982,0.6768,3.0743,-422.452,-346.018367,6.4916,66.437,7.5329,NA,0.028,0
2026-08-14T13:42:50Z,6.426,15.9608,17.55,1.5236,0.2556,0.7614,3.0894,-194.176,-159.04497,6.4999,66.72,7.4726,NA,0.028,0
2026-08-14T13:42:50Z,6.433,15.9579,17.55,1.558,0.2556,0.7614,3.2103,-57.198,-46.852829,6.5146,66.974,7.4095,NA,0.028,0
2026-08-14T13:42:50Z,6.441,15.9554,17.55,1.4016,0.2556,0.7614,3.1347,25.017,20.483964,6.5358,67.164,7.3886,3816.4422728580575,0.029,0
2026-08-14T13:42:50Z,6.448,15.9532,17.55,1.3977,0.2556,0.7614,3.1801,74.363,60.89788,6.5619,67.282,7.3742,57094.27922341909,0.029,0
2026-08-14T13:42:50Z,6.455,15.9513,17.55,1.4092,0.2556,0.6345,3.2405,103.97,85.143959,6.5899,67.335,7.3215,135169.87435911785,0.029,0
2026-08-14T13:42:50Z,6.462,15.9496,17.55,1.3748,0.2556,0.6345,3.2103,121.727,99.683819,6.615,67.337,7.3278,202958.8271214712,0.029,0
2026-08-14T13:42:50Z,6.47,15.9481,17.55,1.4359,0.2556,0.6345,3.1196,132.383,108.40676,6.6339,67.31,7.3646,251992.0455500444,0.03,0
2026-08-14T13:42:50Z,6.477,15.9466,17.55,1.4054,0.2556,0.6345,3.0894,138.768,113.630898,6.6458,67.271,7.3982,284533.92227701796,0.031,0
2026-08-14T13:42:50Z,6.485,15.945,17.55,1.3977,0.213,0.6768,3.1801,142.574,116.741333,6.6512,67.232,7.5018,305083.71872881905,0.032,0
2026-08-14T13:42:50Z,6.494,15.9433,17.55,1.4016,0.213,0.6768,3.1801,144.847,118.597522,6.6517,67.202,7.6036,317782.57180849503,0.033,0
2026-08-14T13:42:50Z,6.502,15.9415,17.55,1.3939,0.213,0.6768,3.4067,146.222,119.718455,6.6492000000000004,67.176,7.7875,325621.3450692398,0.033,0
2026-08-14T13:42:50Z,6.511,15.9395,17.55,1.4168,0.213,0.6768,3.3915,147.055,120.395044,6.6456,67.144,8.0351,330428.5239843088,0.034,0
2026-08-14T13:42:50Z,6.52,15.9374,17.55,1.3901,0.213,0.6768,3.3009,147.562,120.805712,6.6421,67.098,8.2941,333385.9494551138,0.034,0
2026-08-14T13:42:50Z,6.529,15.9353,17.46,1.4016,0.213,0.7191,3.4369,147.874,121.055971,6.6394,67.04,8.6043,335213.3333553485,0.034,0
2026-08-14T13:42:50Z,6.538,15.9334,17.46,1.5847,0.213,0.7191,3.603,148.045,121.190549,6.6371,66.991,8.8933,336214.72456571436,0.034,0
2026-08-14T13:42:50Z,6.546,15.9317,17.46,1.5923,0.213,0.7191,3.5124,148.137,121.261338,6.6342,66.97,9.2219,336756.89555130666,0.033,0
2026-08-14T13:42:50Z,6.555,15.93,17.46,1.5847,0.213,0.7191,3.6181,148.195,121.305219,6.6299,67,9.544,337106.80804799625,0.032,0
2026-08-14T13:42:50Z,6.563,15.9283,17.46,1.5847,0.213,0.6768,3.5124,148.228,121.329893,6.6244,67.095,9.7941,337319.2714492009,0.031,0
2026-08-14T13:42:50Z,6.571,15.9266,17.46,1.5999,0.213,0.6768,3.7692,148.26,121.353943,6.6198,67.242,9.9831,337527.35895358096,0.03,0
2026-08-14T13:42:50Z,6.579,15.925,17.46,1.6037,0.213,0.6768,3.8447,148.277,121.365777,6.618,67.412,10.185,337645.8081721261,0.029,0
2026-08-14T13:42:50Z,6.586,15.9237,17.46,1.6152,0.213,0.6768,3.7994,148.263,121.352547,6.6212,67.57,10.265,337578.1911468077,0.028,0
2026-08-14T13:42:50Z,6.592,15.9228,17.37,1.5923,0.2556,0.6345,3.7843,148.253,121.342732,6.6307,67.687,10.312,337526.6774955153,0.027,0
2026-08-14T13:42:50Z,6.599,15.9222,17.37,1.5313,0.2556,0.6345,4.1015,148.266,121.351721,6.6453,67.735,10.145,337603.7400699767,0.026,0
2026-08-14T13:42:50Z,6.605,15.9216,17.37,1.5198,0.2556,0.6345,4.0713,148.292,121.373908,6.6621,67.701,9.9247,337775.5088874036,0.025,0
2026-08-14T13:42:50Z,6.612,15.9209,17.37,1.5313,0.2556,0.6345,4.1167,148.321,121.401206,6.6779,67.576,9.5648,337986.12456719443,0.024,0
2026-08-14T13:42:50Z,6.618,15.9203,17.37,1.5389,0.2556,0.6345,4.0713,148.341,121.42489,6.6895,67.359,9.2159,338168.77318347956,0.022,0
2026-08-14T13:42:50Z,6.624,15.9199,17.46,1.5198,0.2556,0.54990000000000006,4.3433,148.35,121.441273,6.6943,67.072,8.932,338294.83861942514,0.021,0
2026-08-14T13:42:50Z,6.628,15.9201,17.46,1.5351,0.2556,0.54990000000000006,4.3433,148.346,121.446725,6.691,66.748,8.7116,338329.7908686066,0.02,0
2026-08-14T13:42:50Z,6.633,15.9213,17.46,1.516,0.2556,0.54990000000000006,4.313,148.33,121.438697,6.6784,66.422,8.4487,338246.89342467685,0.019,0
2026-08-14T13:42:50Z,6.637,15.9237,17.46,1.5084,0.2556,0.54990000000000006,4.3886,148.308,121.421052,6.6566,66.118,8.2044,338069.7445775211,0.019,0
2026-08-14T13:42:50Z,6.642,15.9269,17.28,1.5427,0.2556,0.6345,4.7964,148.304,121.413089,6.6278,65.849,8.0543,337945.3508719321,0.019,0
2026-08-14T13:42:50Z,6.647,15.9298,17.28,1.5274,0.2556,0.6345,4.736,148.337,121.430689,6.5954,65.623,7.847,338010.7392314701,0.02,0
2026-08-14T13:42:50Z,6.652,15.9315,17.28,1.5389,0.2556,0.6345,4.8569,148.397,121.468543,6.563,65.455,7.655,338246.7421926848,0.021,0
2026-08-14T13:42:50Z,6.658,15.9316,17.28,1.5427,0.2556,0.6345,4.7813,148.474,121.520741,6.5329,65.355,7.6251,338619.5361415759,0.022,0
2026-08-14T13:42:50Z,6.664,15.93,17.28,1.6762,0.213,0.54990000000000006,5.295,148.545,121.571192,6.5065,65.325,7.5329,339015.83952809963,0.023,0
2026-08-14T13:42:50Z,6.67,15.927,17.28,1.6533,0.213,0.54990000000000006,5.295,148.589,121.601343,6.4847,65.353,7.4693,339295.9328440608,0.023,0
2026-08-14T13:42:50Z,6.677,15.9231,17.28,1.6724,0.213,0.54990000000000006,5.2043,148.602,121.607231,6.4686,65.416,7.458,339420.56870776066,0.023,0
2026-08-14T13:42:50Z,6.683,15.9195,17.28,1.6381,0.213,0.54990000000000006,5.295,148.581,121.586424,6.4591,65.479,7.3486,339346.785156974,0.023,0
2026-08-14T13:42:50Z,6.689,15.9168,17.37,1.7678,0.213,0.423,5.7481,148.537,121.549378,6.4565,65.513,7.2329,339137.1780663037,0.021,0
2026-08-14T13:42:50Z,6.694,15.9149,17.37,1.7716,0.213,0.423,5.7633,148.493,121.514221,6.4596,65.493,7.0253,338924.34824328433,0.02,0
2026-08-14T13:42:50Z,6.699,15.9134,17.37,1.7563,0.213,0.423,5.7784,148.462,121.491584,6.466,65.407,6.7912,338793.1695027261,0.018,0
2026-08-14T13:42:50Z,6.703,15.9123,17.37,1.7678,0.213,0.423,5.7179,148.45,121.485431,6.4724,65.255,6.4685,338772.0975860679,0.016,0
2026-08-14T13:42:50Z,6.707,15.9118,17.37,1.7792,0.213,0.423,6.2769,148.458,121.496124,6.4758,65.046,6.176,338859.5186957372,0.014,0
2026-08-14T13:42:50Z,6.71,15.912,17.28,1.7792,0.213,0.6768,6.2013,148.473,121.51251,6.4738,64.799,5.8711,338973.1511692145,0.012,0
2026-08-14T13:42:50Z,6.712,15.9129,17.28,1.7792,0.213,0.6768,6.2316,148.478,121.520955,6.4652,64.541,5.5909,339014.92454115994,0.01,0
2026-08-14T13:42:50Z,6.715,15.9142,17.28,1.7792,0.213,0.6768,6.2164,148.47,121.51971,6.45,64.297,5.3694,338978.56884084485,0.008,0
2026-08-14T13:42:50Z,6.717,15.9156,17.28,1.6724,0.213,0.6768,6.0352,148.452,121.512442,6.4291,64.082,5.1199,338896.79676298203,0.007,0
2026-08-14T13:42:50Z,6.718,15.917,17.37,1.6571,0.213,0.54990000000000006,5.9899,148.431,121.505217,6.4045,63.903,4.9665,338815.3511868441,0.006,0
2026-08-14T13:42:50Z,6.72,15.9183,17.37,1.6724,0.213,0.54990000000000006,6.005,148.424,121.510113,6.3789,63.761,4.8724,338823.1679278382,0.005,0
2026-08-14T13:42:50Z,6.721,15.92,17.37,1.6571,0.213,0.54990000000000006,6.0503,148.444,121.534436,6.3545,63.667,4.9,338962.24323302973,0.005,0
2026-08-14T13:42:50Z,6.722,15.9227,17.37,1.722,0.213,0.54990000000000006,5.9445,148.472,121.558668,6.3329,63.625,4.8745,339079.6072066259,0.004,0
2026-08-14T13:42:50Z,6.723,15.9261,17.28,1.7067,0.213,0.5922,5.9596,148.499,121.575267,6.3147,63.633,4.8714,339127.3192071391,0.004,0
2026-08-14T13:42:50Z,6.724,15.9296,17.28,1.6915,0.213,0.5922,6.0503,148.54,121.600661,6.3003,63.681,4.9022,339236.17624924256,0.003,0
2026-08-14T13:42:50Z,6.725,15.9323,17.28,1.7182,0.213,0.5922,5.9445,148.587,121.633619,6.2906,63.753,4.8777,339416.3273370748,0.003,0
2026-08-14T13:42:50Z,6.726,15.9329,17.28,1.7258,0.213,0.5922,5.9596,148.62,121.658924,6.2864,63.829,4.8714,339585.75871181826,0.003,0
2026-08-14T13:42:50Z,6.726,15.9309,17.28,1.7144,0.213,0.5922,6.2618,148.618,121.659317,6.2874,63.886,4.9128,339630.8044704046,0.002,0
2026-08-14T13:42:50Z,6.727,15.9281,17.37,1.7525,0.213,0.423,6.2013,148.573,121.626901,6.2925,63.916,4.9417,339456.600694376,0.002,0
2026-08-14T13:42:50Z,6.727,15.9262,17.37,1.6991,0.213,0.423,6.2467,148.507,121.577038,6.3,63.914,4.9321,339137.9470953102,0.002,0
2026-08-14T13:42:50Z,6.728,15.9258,17.37,1.722,0.213,0.423,6.2316,148.463,121.542445,6.3075,63.897,4.9536,338897.6247580582,0.002,0
2026-08-14T13:42:50Z,6.728,15.9265,17.37,1.6991,0.213,0.423,6.4884,148.473,121.549905,6.3131,63.884,4.9396,338936.5106863235,0.002,0
2026-08-14T13:42:50Z,6.728,15.9279,17.28,1.7258,0.213,0.54990000000000006,6.4582,148.504,121.5734,6.3158,63.882,4.9536,339075.94868586236,0.002,0
2026-08-14T13:42:50Z,6.729,15.9293,17.28,1.7144,0.213,0.54990000000000006,6.4582,148.505,121.571184,6.3154,63.901,4.9374,339030.50831022643,0.002,0
2026-08-14T13:42:50Z,6.73,15.9299,17.28,1.6877,0.213,0.54990000000000006,6.4128,148.501,121.56667,6.3136,63.956,4.987,338985.4088655874,0.002,0
2026-08-14T13:42:50Z,6.73,15.9296,17.28,1.783,0.213,0.54990000000000006,7.1984,148.53,121.588663,6.3124,64.036,5.0207,339149.87886337837,0.003,0
2026-08-14T13:42:50Z,6.731,15.9287,17.37,1.7868,0.213,0.54990000000000006,7.1228,148.571,121.621022,6.3124,64.119,5.0679,339401.63629320846,0.003,0
2026-08-14T13:42:50Z,6.732,15.9278,17.37,1.7907,0.213,0.54990000000000006,7.1077,148.613,121.654372,6.3143,64.191,5.1333,339660.6528978806,0.003,0
2026-08-14T13:42:50Z,6.732,15.9273,17.37,1.7525,0.213,0.54990000000000006,7.153,148.639,121.677601,6.3198,64.231,5.2392,339838.4618221583,0.002,0
2026-08-14T13:42:50Z,6.733,15.9269,17.37,1.8402,0.213,0.54990000000000006,7.5005,148.634,121.676897,6.3278,64.222,5.2792,339841.8416405664,0.002,0
2026-08-14T13:42:50Z,6.733,15.9263,17.37,1.8326,0.213,0.5922,7.3343,148.628,121.67608,6.3361,64.163,5.3881,339848.6332253335,0.002,0
2026-08-14T13:42:50Z,6.734,15.9261,17.37,1.825,0.213,0.5922,7.3796,148.638,121.686935,6.3432,64.057,5.4934,339931.03708764934,0.002,0
2026-08-14T13:42:50Z,6.734,15.9266,17.37,1.8174,0.213,0.5922,7.3947,148.647,121.696352,6.3471,63.909,5.5461,339988.3011260433,0.002,0
2026-08-14T13:42:50Z,6.735,15.928,17.37,1.8517,0.213,0.5922,7.2135,148.642,121.694841,6.3461,63.74,5.6532,339947.8313978472,0.002,0
2026-08-14T13:42:50Z,6.735,15.9294,17.37,1.8555,0.213,0.5922,7.1682,148.623,121.681997,6.3401,63.58,5.7724,339825.75604691525,0.002,0
2026-08-14T13:42:50Z,6.736,15.9303,17.37,1.8479,0.213,0.4653,7.2588,148.622,121.682404,6.3294,63.45,5.8114,339809.6761170242,0.002,0
2026-08-14T13:42:50Z,6.736,15.9308,17.37,1.8212,0.213,0.4653,7.1379,148.636,121.692168,6.3147,63.361,5.8038,339869.42166920565,0.002,0
2026-08-14T13:42:50Z,6.737,15.9317,17.37,2.0272,0.213,0.4653,7.9084,148.628,121.681887,6.2979,63.316,5.7599,339776.38472476474,0.002,0
2026-08-14T13:42:50Z,6.738,15.9327,17.37,2.0081,0.213,0.4653,7.863,148.623,121.674823,6.2819,63.302,5.6483,339704.41323119315,0.002,0
2026-08-14T13:42:50Z,6.738,15.9331,17.46,2.0234,0.213,0.5076,7.8782,148.647,121.6911,6.269,63.297,5.5461,339813.14766220364,0.002,0
2026-08-14T13:42:50Z,6.739,15.9325,17.46,2.0348,0.213,0.5076,7.9084,148.654,121.693045,6.2604,63.283,5.4589,339839.824605124,0.002,0
2026-08-14T13:42:50Z,6.739,15.9313,17.46,1.9661,0.213,0.5076,7.4401,148.616,121.659173,6.2561,63.249,5.3264,339621.3189747753,0.002,0
2026-08-14T13:42:50Z,6.74,15.9301,17.46,1.9776,0.213,0.5076,7.3796,148.567,121.61646,6.2548,63.193,5.2689,339339.2777169036,0.002,0
2026-08-14T13:42:50Z,6.74,15.9289,17.46,1.9509,0.2556,0.5922,7.4703,148.536,121.589525,6.2545,63.12,5.2586,339170.8316780239,0.002,0
2026-08-14T13:42:50Z,6.741,15.9278,17.46,1.989,0.2556,0.5922,7.4099,148.512,121.567184,6.2533,63.044,5.2826,339033.3521583703,0.003,0
2026-08-14T13:42:50Z,6.742,15.9268,17.46,1.886,0.2556,0.5922,7.863,148.48,121.539478,6.2501,62.979,5.3473,338855.22493211215,0.003,0
2026-08-14T13:42:50Z,6.742,15.9261,17.46,1.8937,0.2556,0.5922,7.8782,148.462,121.525027,6.2446,62.933,5.4958,338766.0925415794,0.003,0
2026-08-14T13:42:50Z,6.743,15.9254,17.46,1.8975,0.2556,0.5922,7.8782,148.461,121.525978,6.2375,62.914,5.6717,338787.6688883943,0.003,0
2026-08-14T13:42:50Z,6.744,15.9247,17.46,1.9051,0.213,0.5922,7.8328,148.462,121.530582,6.2301,62.931,5.8583,338835.50635845034,0.004,0
2026-08-14T13:42:50Z,6.745,15.9241,17.46,2.031,0.213,0.5922,8.5579,148.472,121.544066,6.2237,62.983,6.0616,338945.08826590504,0.004,0
2026-08-14T13:42:50Z,6.746,15.924,17.46,2.0501,0.213,0.5922,8.5731,148.498,121.568028,6.2192,63.052,6.2231,339119.51445054775,0.004,0
2026-08-14T13:42:50Z,6.747,15.9247,17.46,2.0195,0.213,0.5922,8.6939,148.538,121.598854,6.2173,63.124,6.3446,339326.5080530676,0.005,0
2026-08-14T13:42:50Z,6.749,15.926,17.46,2.0424,0.213,0.6345,8.5126,148.586,121.632763,6.2188,63.189,6.484,339543.0977344193,0.005,0
2026-08-14T13:42:50Z,6.75,15.9277,17.46,2.1874,0.213,0.6345,9.7816,148.635,121.662791,6.2236,63.247,6.5663,339723.3679356826,0.005,0
2026-08-14T13:42:50Z,6.751,15.9286,17.46,2.2141,0.213,0.6345,9.8118,148.672,121.680943,6.2303,63.306,6.5977,339835.05898672366,0.005,0
2026-08-14T13:42:50Z,6.752,15.9281,17.46,2.1798,0.213,0.6345,9.8269,148.703,121.692057,6.2375,63.361,6.6265,339925.6603976883,0.005,0
2026-08-14T13:42:50Z,6.754,15.9262,17.46,2.2217,0.213,0.5076,9.842,148.728,121.699097,6.2442,63.396,6.7207,340016.52146562655,0.005,0
2026-08-14T13:42:50Z,6.755,15.9229,17.46,2.0081,0.213,0.5076,9.419,148.738,121.695937,6.2504,63.4,6.803,340063.51133617316,0.006,0
2026-08-14T13:42:50Z,6.756,15.9188,17.46,2.0234,0.213,0.5076,9.3737,148.744,121.693737,6.2567,63.369,6.954,340134.3448542551,0.007,0
2026-08-14T13:42:50Z,6.758,15.9141,17.46,2.0501,0.213,0.5076,9.4492,148.769,121.711915,6.2628,63.299,7.1548,340364.8038275371,0.008,0
2026-08-14T13:42:50Z,6.76,15.9095,17.46,2.0501,0.213,0.54990000000000006,9.3435,148.803,121.743316,6.2669,63.188,7.3342,340688.6905464606,0.009,0
2026-08-14T13:42:50Z,6.763,15.9056,17.46,2.1454,0.213,0.54990000000000006,10.3254,148.808,121.756302,6.2678,63.032,7.5084,340865.04975672934,0.011,0
2026-08-14T13:42:50Z,6.766,15.9032,17.46,2.1187,0.213,0.54990000000000006,10.1894,148.792,121.754336,6.2651,62.831,7.7639,340901.7316520358,0.013,0
2026-08-14T13:42:50Z,6.769,15.9025,17.46,2.1454,0.213,0.54990000000000006,10.3405,148.789,121.764904,6.2583,62.598,7.9327,340992.87171933794,0.015,0
2026-08-14T13:42:50Z,6.773,15.9038,17.46,2.1569,0.213,0.54990000000000006,10.4462,148.804,121.786823,6.2471,62.35,8.1264,341123.5815377016,0.018,0
2026-08-14T13:42:50Z,6.778,15.9066,17.46,2.6871,0.213,0.6345,20.4165,148.828,121.805934,6.2312,62.108,8.2743,341202.2019007394,0.02,0
2026-08-14T13:42:50Z,6.783,15.9105,17.46,2.7062,0.213,0.6345,20.4618,148.858,121.81533,6.2109,61.889,8.4487,341187.31644300255,0.023,0
2026-08-14T13:42:50Z,6.79,15.9149,17.46,2.6871,0.213,0.6345,20.4467,148.888,121.817516,6.1872,61.706,8.4505,341109.7676515689,0.025,0
2026-08-14T13:42:50Z,6.797,15.9182,17.46,2.6948,0.213,0.6345,20.5071,148.905,121.809071,6.1623,61.558,8.4708,340978.8300989583,0.026,0
2026-08-14T13:42:50Z,6.805,15.9178,17.55,6.9329,0.213,0.7191,119.1068,148.898,121.783742,6.1384,61.432,8.5484000000000009,340804.5181202904,0.026,0
2026-08-14T13:42:50Z,6.812,15.9129,17.55,6.9139,0.213,0.7191,119.0917,148.88,121.754778,6.1174,61.307,8.7116,340699.3463926886,0.025,0
2026-08-14T13:42:50Z,6.818,15.9054,17.55,6.8986,0.213,0.7191,119.0766,148.876,121.742462,6.1003,61.151,8.8336,340769.37399940117,0.024,0
2026-08-14T13:42:50Z,6.823,15.8978,17.55,6.952,0.213,0.7191,119.1219,148.894,121.751513,6.0867000000000004,60.938,8.9281,340995.82536534546,0.022,0
2026-08-14T13:42:50Z,6.828,15.8914,17.46,12.0333,0.213,0.4653,415.0871,148.924,121.77234,6.0751,60.652,8.9456,341282.06630087853,0.02,0
2026-08-14T13:42:50Z,6.833,15.8866,17.46,12.0142,0.213,0.4653,414.9512,148.961,121.798495,6.0633,60.297,8.9281,341573.06723790325,0.018,0
2026-08-14T13:42:50Z,6.837,15.8834,17.46,12.0333,0.213,0.4653,415.072,148.995,121.820947,6.0484,59.891,8.8991,341803.4695657974,0.016,0
2026-08-14T13:42:50Z,6.841,15.8815,17.46,12.0523,0.213,0.4653,414.9814,149.02,121.837682,6.0275,59.468,8.9087,341964.9661036833,0.014,0
2026-08-14T13:42:50Z,6.845,15.8802,17.46,15.1347,0.213,0.4653,859.9564,149.033,121.847161,5.9994,59.063,8.8566,342061.22962859255,0.013,0
2026-08-14T13:42:50Z,6.848,15.8788,17.55,15.1309,0.213,0.4653,859.9866,149.03,121.845908,5.9644,58.706,8.8566,342081.9521262335,0.011,0
2026-08-14T13:42:50Z,6.85,15.8772,17.55,15.1461,0.213,0.4653,860.0471,149.021,121.843592,5.9245,58.426,8.8778,342099.23821354605,0.009,0
2026-08-14T13:42:50Z,6.853,15.8759,17.55,15.1423,0.213,0.4653,859.8809,149.025,121.853601,5.8828,58.233,8.8048,342199.37675474357,0.008,0
2026-08-14T13:42:50Z,6.854,15.8753,17.55,12.8878,0.213,0.4653,970.8981,149.056,121.886605,5.8428,58.117,8.7857,342451.187919651,0.006,0
2026-08-14T13:42:50Z,6.856,15.8758,17.46,12.8687,0.213,0.4653,971.0189,149.091,121.9234,5.8075,58.058,8.7533,342707.14092552575,0.005,0
2026-08-14T13:42:50Z,6.857,15.8774,17.46,12.8954,0.213,0.4653,970.9736,149.101,121.939786,5.7796,58.035,8.7552,342791.78457339754,0.004,0
2026-08-14T13:42:50Z,6.858,15.8797,17.46,12.8992,0.213,0.4653,971.0642,149.076,121.928132,5.7601,58.029,8.7724,342658.2841097114,0.004,0
2026-08-14T13:42:50Z,6.859,15.8824,17.46,9.0234,0.213,0.4653,970.9434,149.027,121.897333,5.7483,58.031,8.7419,342377.6407292598,0.003,0
2026-08-14T13:42:50Z,6.859,15.8851,17.46,9.0349,0.213,0.6345,970.8527,148.985,121.871185,5.7422,58.044,8.7609,342130.8383024131,0.002,0
2026-08-14T13:42:50Z,6.86,15.888,17.46,9.0463,0.213,0.6345,970.9736,148.966,121.864722,5.7396,58.071,8.67,342022.3541786262,0.001,0
2026-08-14T13:42:50Z,6.86,15.8909,17.46,9.054,0.213,0.6345,970.9283,148.97,121.876221,5.7386,58.118,8.3774,342043.866543942,0.001,0
2026-08-14T13:42:50Z,6.86,15.8938,17.46,8.3291,0.213,0.6345,970.9736,148.979,121.888742,5.7384,58.191,7.9603,342072.7705217549,0,0
2026-08-14T13:42:50Z,6.86,15.8967,17.46,8.3177,0.2556,0.6345,970.883,148.984,121.893622,5.7393,58.296,7.4888,342046.3836228122,0,0
2026-08-14T13:42:50Z,6.86,15.8996,17.46,8.3253,0.2556,0.6345,971.0038,148.997,121.904166,5.7417,58.428,6.9782,342060.9771906093,0,0
2026-08-14T13:42:50Z,6.86,15.9024,17.46,8.3291,0.2556,0.6345,970.8679,149.023,121.929186,5.746,58.573,6.4925,342182.4328757194,-0.001,0
2026-08-14T13:42:50Z,6.86,15.9043,17.46,10.4158,0.2556,0.6345,887.0574,149.025,121.943344,5.753,58.716,5.9948,342244.4480139469,-0.001,0
2026-08-14T13:42:50Z,6.86,15.9046,17.46,10.3891,0.2556,0.6345,887.1933,148.989,121.934413,5.7633,58.85,5.491,342173.43966520735,-0.001,0
2026-08-14T13:42:50Z,6.859,15.9044,17.46,10.4006,0.213,0.54990000000000006,887.1933,148.938,121.920018,5.7763,58.983,5.0888,342073.5499197132,0,0
2026-08-14T13:42:50Z,6.859,15.9058,17.46,10.423400000000001,0.213,0.54990000000000006,887.1933,148.893,121.914325,5.7905,59.129,4.8219,342002.5911573739,0.001,0
2026-08-14T13:42:50Z,6.859,15.9099,17.46,9.9275,0.213,0.54990000000000006,853.1585,148.874,121.927823,5.8041,59.3,4.7121,342013.02384338016,0.002,0
2026-08-14T13:42:50Z,6.86,15.9169,17.46,9.897,0.213,0.54990000000000006,853.1888,148.896,121.960111,5.8166,59.504,4.5878,342097.6661234083,0.004,0
2026-08-14T13:42:50Z,6.861,15.9259,17.37,9.897,0.213,0.5076,853.1736,148.944,121.989794,5.8287,59.75,4.5176,342120.9058959096,0.005,0
2026-08-14T13:42:50Z,6.863,15.9364,17.37,9.9161,0.213,0.5076,853.083,148.99,121.998778,5.8418,60.028,4.5068,341962.6126370105,0.006,0
2026-08-14T13:42:50Z,6.865,15.9462,17.37,5.4948,0.213,0.5076,786.2219,149.008,121.981455,5.8574,60.316,4.4941,341629.29967158916,0.007,0
2026-08-14T13:42:50Z,6.867,15.9509,17.37,5.5139,0.213,0.5076,786.2975,148.983,121.937202,5.877,60.582,4.4474,341210.169315581,0.007,0
2026-08-14T13:42:50Z,6.869,15.9476,17.55,5.5062,0.213,0.54990000000000006,786.3428,148.932,121.880225,5.9017,60.8,4.3698,340869.13165863935,0.007,0
2026-08-14T13:42:50Z,6.87,15.9381,17.55,5.5177,0.213,0.54990000000000006,786.373,148.906,121.851346,5.9304,60.949,4.366,340862.10207850824,0.007,0
2026-08-14T13:42:50Z,6.872,15.9274,17.55,1.0353,0.213,0.54990000000000006,280.3982,148.943,121.880873,5.9601,61.018,4.407,341302.02237915026,0.006,0
2026-08-14T13:42:50Z,6.874,15.9193,17.55,1.0392,0.213,0.54990000000000006,280.4284,148.979,121.916663,5.9874,61.002,4.4003,341732.52569653053,0.006,0
2026-08-14T13:42:50Z,6.875,15.9141,17.55,1.0239,0.213,0.54990000000000006,280.4133,148.963,121.916247,6.0097,60.915,4.5009,341840.01834639854,0.005,0
2026-08-14T13:42:50Z,6.877,15.9116,17.55,1.0315,0.213,0.6768,280.5492,148.928,121.905523,6.0247,60.788,4.5928,341815.62313293,0.005,0
2026-08-14T13:42:50Z,6.878,15.9114,17.55,-0.296,0.213,0.6768,15.2954,148.883,121.887633,6.0315,60.633,4.6896,341690.54961256223,0.004,0
2026-08-14T13:42:50Z,6.879,15.9136,17.55,-0.2922,0.213,0.6768,15.1443,148.827,121.857807,6.0297,60.454,4.8387,341428.30111207184,0.004,0
2026-08-14T13:42:50Z,6.88,15.9179,17.55,-0.3227,0.213,0.6768,15.2954,148.781,121.8321,6.0205,60.266,4.9903,341151.40034332254,0.003,0
2026-08-14T13:42:50Z,6.881,15.9239,17.64,-0.2922,0.213,0.4653,15.3256,148.769,121.831664,6.0072,60.084,5.2472,341021.0239856601,0.003,0
2026-08-14T13:42:50Z,6.881,15.9303,17.64,-0.3113,0.213,0.4653,-0.7023,148.809,121.868387,5.9911,59.925,5.4684,341150.37252729,0.003,0
2026-08-14T13:42:50Z,6.882,15.9357,17.64,-0.2846,0.213,0.4653,-0.6721,148.868,121.916051,5.9727,59.806,5.6778,341379.90074829216,0.003,0
2026-08-14T13:42:50Z,6.883,15.9396,17.64,-0.2922,0.213,0.4653,-0.6268,148.916,121.951358,5.9537,59.741,5.7574,341552.06542127643,0.003,0
2026-08-14T13:42:50Z,6.884,15.9426,17.55,-0.2998,0.2556,0.6345,-0.6419,148.94,121.965717,5.9353,59.735,5.7988,341592.0708813682,0.003,0
2026-08-14T13:42:50Z,6.885,15.9442,17.55,-0.2998,0.2556,0.6345,-1.1857,148.94,121.960957,5.9193,59.793,5.8101,341523.73833393777,0.003,0
2026-08-14T13:42:50Z,6.886,15.944,17.55,-0.3075,0.2556,0.6345,-1.1706,148.948,121.961814,5.9076,59.911,5.8,341534.1708229145,0.003,0
2026-08-14T13:42:50Z,6.886,15.9426,17.55,-0.296,0.2556,0.6345,-1.1706,148.953,121.960515,5.9014,60.069,5.7699,341554.50658489304,0.002,0
2026-08-14T13:42:50Z,6.887,15.9409,17.46,-0.2808,0.213,0.5076,-1.1706,148.941,121.946711,5.901,60.24,5.7038,341490.9169905221,0.002,0
2026-08-14T13:42:50Z,6.887,15.9392,17.46,-0.296,0.213,0.5076,-1.1857,148.928,121.932724,5.9069,60.391,5.6594,341426.0072972313,0.001,0
2026-08-14T13:42:50Z,6.887,15.9374,17.46,-0.2998,0.213,0.5076,-1.1857,148.914,121.918827,5.9188,60.501,5.6299,341363.87101427774,0.001,0
2026-08-14T13:42:50Z,6.888,15.9355,17.46,-0.3151,0.213,0.5076,-1.2008,148.914,121.919316,5.9346,60.565,5.6877,341407.7155060211,0.001,0
2026-08-14T13:42:50Z,6.888,15.934,17.46,-0.2998,0.213,0.5076,-1.2159,148.936,121.938325,5.9517,60.594,5.6852,341576.8228774584,0.001,0
2026-08-14T13:42:50Z,6.888,15.9329,17.55,-0.2846,0.213,0.54990000000000006,-1.231,148.951,121.950914,5.9669,60.598,5.7324,341691.11591157527,0.001,0
2026-08-14T13:42:50Z,6.888,15.9323,17.55,-0.2922,0.213,0.54990000000000006,-1.1404,148.969,121.962442,5.9778,60.583,5.6275,341787.1492126645,0,0
2026-08-14T13:42:50Z,6.888,15.9323,17.55,-0.296,0.213,0.54990000000000006,-1.1706,149.005,121.987985,5.9841,60.582,5.5667,341971.74212492263,0,0
2026-08-14T13:42:50Z,6.888,15.9328,17.55,-0.2998,0.213,0.54990000000000006,-1.1706,149.04,122.012348,5.987,60.624,5.3648,342137.23095976666,0,0
2026-08-14T13:42:50Z,6.888,15.9327,17.55,-0.2846,0.213,0.54990000000000006,-1.2008,149.069,122.032026,5.9873,60.715,5.2586,342281.64838298515,0,0
2026-08-14T13:42:50Z,6.888,15.9317,17.55,-0.3113,0.213,0.54990000000000006,-1.1857,149.102,122.056266,5.986,60.838,4.9935,342478.26354141295,0,0
2026-08-14T13:42:50Z,6.888,15.9303,17.55,-0.2922,0.213,0.54990000000000006,-1.1706,149.139,122.083531,5.9861,60.97,4.899,342705.37135225197,0,0
2026-08-14T13:42:50Z,6.888,15.9289,17.55,-0.2884,0.213,0.54990000000000006,-1.1404,149.165,122.103086,5.9904,61.093,4.748,342876.76145803015,0,0
2026-08-14T13:42:50Z,6.888,15.9277,17.46,-0.2998,0.213,0.54990000000000006,-1.1102,149.164,122.10014,5.9995,61.196,4.6652,342881.0082291661,0,0
2026-08-14T13:42:50Z,6.888,15.9267,17.46,-0.2769,0.213,0.54990000000000006,-1.1706,149.145,122.08391,6.0118,61.269,4.646,342784.81513576355,0,0
2026-08-14T13:42:50Z,6.888,15.9258,17.46,-0.3075,0.213,0.54990000000000006,-1.1404,149.121,122.064072,6.0249,61.303,4.555,342660.38810284546,0,0
2026-08-14T13:42:50Z,6.888,15.9251,17.46,-0.2998,0.213,0.54990000000000006,-1.231,149.079,122.031334,6.0371,61.304,4.5491,342438.3818977692,0,0
2026-08-14T13:42:50Z,6.888,15.9245,17.46,-0.3113,0.213,0.5076,-1.1706,149.026,121.992971,6.0474,61.286,4.5117,342173.6474860745,0,0
2026-08-14T13:42:50Z,6.888,15.9241,17.46,-0.2998,0.213,0.5076,-1.1102,148.986,121.96676,6.0546,61.261,4.5087,341992.6273964881,0,0
2026-08-14T13:42:50Z,6.888,15.9241,17.46,-0.296,0.213,0.5076,-1.2612,148.966,121.957716,6.0581,61.226,4.5451,341927.24614871526,0,0
2026-08-14T13:42:50Z,6.888,15.9247,17.46,-0.2922,0.213,0.5076,-1.1706,148.958,121.959427,6.0581,61.169,4.5491,341926.8609360892,0,0
2026-08-14T13:42:50Z,6.888,15.9262,17.46,-0.296,0.213,0.5076,-1.2008,148.945,121.956344,6.0561,61.083,4.6138,341872.69537753495,0,0
2026-08-14T13:42:50Z,6.888,15.9284,17.55,-0.2922,0.1704,0.5922,-1.1857,148.913,121.935643,6.0533,60.964,4.6571,341676.3641339281,0,0
2026-08-14T13:42:50Z,6.888,15.9311,17.55,-0.3036,0.1704,0.5922,-1.1404,148.879,121.909808,6.0495,60.81,4.7029,341432.43460939446,0,0
2026-08-14T13:42:50Z,6.888,15.9339,17.55,-0.2998,0.1704,0.5922,-1.1555,148.841,121.877952,6.0435,60.639,4.7305,341143.0669784353,0,0
2026-08-14T13:42:50Z,6.888,15.9363,17.55,-0.2846,0.1704,0.5922,-1.2008,148.798,121.839583,6.0348,60.479,4.7275,340815.38601661526,0,0
2026-08-14T13:42:50Z,6.888,15.938,17.46,-0.3036,0.213,0.6768,-1.1706,148.79,121.828479,6.0228,60.357,4.6591,340699.3074070395,0,0
2026-08-14T13:42:50Z,6.888,15.9388,17.46,-0.3075,0.213,0.6768,-1.1404,148.816,121.845681,6.0075,60.294,4.6188,340806.41070001543,0,0
2026-08-14T13:42:50Z,6.889,15.9385,17.46,-0.3075,0.213,0.6768,-1.1404,148.838,121.859766,5.9906,60.299,4.4902,340914.3530472388,0.001,0
2026-08-14T13:42:50Z,6.889,15.9375,17.46,-0.2769,0.213,0.6768,-1.2008,148.856,121.870489,5.9749,60.363,4.4397,341012.89878334315,0.001,0
2026-08-14T13:42:50Z,6.889,15.936,17.46,-0.2731,0.213,0.7191,-1.2461,148.882,121.888711,5.9631,60.474,4.2861,341176.18490742065,0.001,0
2026-08-14T13:42:50Z,6.889,15.9346,17.46,-0.3113,0.213,0.7191,-1.1706,148.909,121.907289,5.9571,60.615,4.1794,341339.9789587505,0.001,0
2026-08-14T13:42:50Z,6.89,15.9333,17.46,-0.2846,0.213,0.7191,-1.2159,148.943,121.931176,5.9577,60.761,4.0798,341540.05061337596,0.001,0
2026-08-14T13:42:50Z,6.89,15.9321,17.46,-0.2922,0.213,0.7191,-1.0649,148.993,121.966741,5.9642,60.889,4.0121,341822.4612948414,0.002,0
2026-08-14T13:42:50Z,6.891,15.9309,17.46,-0.2922,0.213,0.7191,-1.2461,149.036,121.997463,5.9753,60.984,3.9293,342070.01804934605,0.002,0
2026-08-14T13:42:50Z,6.892,15.9297,17.46,-0.2922,0.213,0.5922,-1.231,149.051,122.007526,5.9894,61.043,3.9046,342168.29429816216,0.003,0
2026-08-14T13:42:50Z,6.892,15.9283,17.46,-0.2998,0.213,0.5922,-1.231,149.041,121.999613,6.004,61.066,3.8482,342140.85192437517,0.004,0
2026-08-14T13:42:50Z,6.893,15.9267,17.46,-0.2808,0.213,0.5922,-1.1706,149.018,121.983617,6.0168,61.063,3.8282,342059.2184331893,0.005,0
2026-08-14T13:42:50Z,6.894,15.9252,17.46,-0.3075,0.213,0.5922,-1.231,148.994,121.969276,6.0265,61.046,3.8174,341987.42869872006,0.006,0
2026-08-14T13:42:50Z,6.896,15.9243,17.55,-0.2808,0.213,0.5922,-1.1555,148.981,121.964772,6.0324,61.026,3.8083,341974.0000730364,0.007,0
2026-08-14T13:42:50Z,6.898,15.9244,17.55,-0.2769,0.213,0.5922,-1.2008,148.979,121.968902,6.0347,61.009,3.7769,342001.7313817263,0.008,0
2026-08-14T13:42:50Z,6.9,15.9254,17.55,-0.2846,0.213,0.5922,-1.2159,148.979,121.972765,6.0342,60.992,3.7802,342008.39813401626,0.01,0
2026-08-14T13:42:50Z,6.903,15.9272,17.55,-0.0557,0.213,0.5922,126.8111,148.964,121.965389,6.0323,60.957,3.7638,341916.813448495,0.011,0
2026-08-14T13:42:50Z,6.906,15.9293,17.55,-0.0214,0.2556,0.5076,126.8866,148.918,121.934803,6.0301,60.878,3.7712,341651.17469269654,0.013,0
2026-08-14T13:42:50Z,6.909,15.9311,17.55,-0.0328,0.2556,0.5076,126.8413,148.863,121.898859,6.0282,60.733,3.7038,341353.3673165741,0.014,0
2026-08-14T13:42:50Z,6.913,15.9325,17.55,-0.0328,0.2556,0.5076,126.7809,148.842,121.891984,6.0263,60.511,3.6093,341274.03038620186,0.015,0
2026-08-14T13:42:50Z,6.917,15.9342,17.55,3.698,0.2556,0.5076,585.7596,148.841,121.902342,6.0226,60.215,3.5171,341312.7405606347,0.015,0
2026-08-14T13:42:50Z,6.921,15.9366,17.82,3.7019,0.213,0.5922,585.7143,148.836,121.90869000000001,6.0145,59.862,3.3138,341307.65161178523,0.015,0
2026-08-14T13:42:50Z,6.926,15.9395,17.82,3.698,0.213,0.5922,585.7747,148.842,121.920722,5.9998,59.485,3.2475,341332.9846440507,0.015,0
2026-08-14T13:42:50Z,6.929,15.943,17.82,3.6904,0.213,0.5922,585.7445,148.854,121.935647,5.9774,59.13,3.2236,341366.4680632211,0.014,0
2026-08-14T13:42:50Z,6.933,15.9468,17.82,6.0174,0.213,0.5922,289.8397,148.853,121.93944,5.9477,58.853,3.2027,341313.2368726902,0.012,0
2026-08-14T13:42:50Z,6.935,15.9502,17.82,6.0098,0.213,0.5922,289.8548,148.867,121.955117,5.9125,58.702,3.1916,341354.2591636387,0.011,0
2026-08-14T13:42:50Z,6.938,15.9526,18,6.0174,0.2556,0.3807,289.7793,148.914,121.998863,5.8749,58.692,3.104,341619.10461719136,0.01,0
2026-08-14T13:42:50Z,6.94,15.9544,18,6.0174,0.2556,0.3807,289.8548,148.956,122.038331,5.8396,58.812,3.0812,341865.89033956535,0.009,0
2026-08-14T13:42:50Z,6.942,15.9559,18,6.6087,0.2556,0.3807,182.9919,148.967,122.050037,5.812,59.033,3.0698,341918.57632355584,0.009,0
2026-08-14T13:42:50Z,6.945,15.9573,18,6.6087,0.2556,0.3807,183.1732,148.953,122.037104,5.7969,59.319,3.0406,341795.4345744513,0.008,0
2026-08-14T13:42:50Z,6.947,15.959,17.73,6.5934,0.2556,0.5922,182.9768,148.93,122.014087,5.7957,59.635,3.0025,341593.16564591235,0.008,0
2026-08-14T13:42:50Z,6.949,15.9607,17.73,6.6316,0.2556,0.5922,183.0825,148.9,121.98485,5.8074,59.953,3.0406,341346.1084546138,0.007,0
2026-08-14T13:42:50Z,6.95,15.9615,17.73,5.5062,0.2556,0.5922,166.5561,148.856,121.945598,5.8291,60.251,2.994,341046.0314421634,0.007,0
2026-08-14T13:42:50Z,6.952,15.961,17.73,5.51,0.2556,0.5922,166.5561,148.815,121.91187,5.8574,60.522,2.9849,340813.4633195904,0.007,0
2026-08-14T13:42:50Z,6.954,15.9596,17.82,5.51,0.213,0.6345,166.541,148.793,121.896678,5.8888,60.768,2.9694,340733.6056368865,0.007,0
2026-08-14T13:42:50Z,6.956,15.9581,17.82,5.4833,0.213,0.6345,166.5863,148.792,121.899973,5.9204,60.982,2.9508,340789.11081668286,0.006,0
2026-08-14T13:42:50Z,6.957,15.9571,17.82,4.7395,0.213,0.6345,190.0315,148.802,121.910631,5.95,61.155,2.9106,340887.11795811675,0.006,0
2026-08-14T13:42:50Z,6.959,15.9571,17.82,4.7166,0.213,0.6345,189.9258,148.807,121.915489,5.9767,61.282,2.9367,340922.14266860165,0.006,0
2026-08-14T13:42:50Z,6.96,15.9581,17.82,4.7013,0.213,0.6345,190.1221,148.806,121.911842,6.0009,61.358,2.9341,340874.6684736495,0.006,0
2026-08-14T13:42:50Z,6.962,15.9594,18.36,4.6975,0.2556,0.54990000000000006,190.0617,148.792,121.894716,6.0219,61.386,2.8611,340723.6963817584,0.005,0
2026-08-14T13:42:50Z,6.963,15.9603,18.36,5.8152,0.2556,0.54990000000000006,130.4668,148.761,121.863546,6.0389,61.373,2.8283,340480.0593799083,0.005,0
2026-08-14T13:42:50Z,6.965,15.9605,18.36,5.819,0.2556,0.54990000000000006,130.4668,148.743,121.842026,6.0514,61.323,2.7953,340320.82783568103,0.005,0
2026-08-14T13:42:50Z,6.966,15.9595,18.36,5.8267,0.2556,0.54990000000000006,130.5575,148.751,121.840424,6.059,61.242,2.7869,340330.43357942114,0.004,0
2026-08-14T13:42:50Z,6.967,15.9577,18.45,5.8229,0.213,0.6345,130.4366,148.781,121.85431,6.062,61.147,2.7856,340468.5210411806,0.004,0
2026-08-14T13:42:50Z,6.968,15.9556,18.45,5.0675,0.213,0.6345,123.7294,148.835,121.885386,6.061,61.051,2.7766,340736.8927154698,0.004,0
2026-08-14T13:42:50Z,6.969,15.9533,18.45,5.0828,0.213,0.6345,123.7747,148.892,121.919933,6.0563,60.968,2.7863,341034.69091651635,0.004,0
2026-08-14T13:42:50Z,6.969,15.9507,18.45,5.0599,0.213,0.6345,123.7294,148.935,121.947156,6.0487,60.9,2.8045,341286.1928201585,0.003,0
2026-08-14T13:42:50Z,6.97,15.9471,18.27,5.0866,0.2556,0.7191,123.7596,148.954,121.958311,6.0397,60.843,2.8617,341443.0637907502,0.003,0
2026-08-14T13:42:50Z,6.971,15.9428,18.27,4.461,0.2556,0.7191,122.4907,148.955,121.958372,6.0308,60.791,2.9488,341534.7555759604,0.003,0
2026-08-14T13:42:50Z,6.972,15.9387,18.27,4.4572,0.2556,0.7191,122.4604,148.949,121.955359,6.0231,60.745,3.0248,341600.03138170636,0.003,0
2026-08-14T13:42:50Z,6.972,15.9359,18.27,4.4572,0.2556,0.7191,122.4604,148.937,121.946467,6.0168,60.707,3.0671,341595.2577618597,0.003,0
2026-08-14T13:42:50Z,6.973,15.9345,18.36,4.4648,0.213,0.6768,122.6568,148.938,121.947331,6.0112,60.673,3.1386,341631.2234957046,0.003,0
2026-08-14T13:42:50Z,6.974,15.9343,18.36,4.4762,0.213,0.6768,97.837,148.947,121.95418,6.0061,60.641,3.2062,341684.94412953936,0.003,0
2026-08-14T13:42:50Z,6.974,15.9347,18.36,4.4572,0.213,0.6768,97.7463,148.952,121.958837,6.0016,60.61,3.2145,341710.0907250292,0.003,0
2026-08-14T13:42:50Z,6.975,15.9352,18.36,4.4534,0.213,0.6768,97.8067,148.963,121.970546,5.9978,60.58,3.2131,341784.0627328306,0.003,0
2026-08-14T13:42:50Z,6.976,15.9353,18.36,4.4457,0.213,0.6768,97.7614,148.968,121.980427,5.9944,60.557,3.283,341853.3324331627,0.003,0
2026-08-14T13:42:50Z,6.976,15.935,18.54,4.4114,0.213,0.6345,88.6976,148.963,121.983112,5.9913,60.546,3.3573,341879.108970991,0.002,0
2026-08-14T13:42:50Z,6.977,15.9351,18.54,4.4381,0.213,0.6345,88.6825,148.95,121.979318,5.9882,60.551,3.411,341849.5680390729,0.002,0
2026-08-14T13:42:50Z,6.978,15.9361,18.54,4.4114,0.213,0.6345,88.7429,148.934,121.974035,5.9851,60.571,3.4776,341790.15052462026,0.002,0
2026-08-14T13:42:50Z,6.978,15.938,18.54,4.4267,0.213,0.6345,88.7127,148.92,121.969855,5.9826,60.602,3.4882,341719.5954760169,0.002,0
2026-08-14T13:42:50Z,6.979,15.9404,18.9,4.1291,0.2556,0.7191,82.6701,148.889,121.95166,5.9813,60.645,3.5494,341537.2284838381,0.002,0
2026-08-14T13:42:50Z,6.979,15.9427,18.9,4.1177,0.2556,0.7191,82.6701,148.849,121.924602,5.9814,60.703,3.5999,341293.09229650407,0.002,0
2026-08-14T13:42:50Z,6.979,15.9451,18.9,4.0948,0.2556,0.7191,82.7154,148.817,121.90347,5.983,60.775,3.6014,341089.720227464,0.002,0
2026-08-14T13:42:50Z,6.98,15.9476,18.9,4.1138,0.2556,0.7191,82.7305,148.796,121.890633,5.9858,60.86,3.5486,340944.14652080677,0.002,0
2026-08-14T13:42:50Z,6.98,15.95,19.26,3.5721,0.2556,0.8883,77.6094,148.802,121.898672,5.9897,60.954,3.4438,340951.27529240353,0.002,0
2026-08-14T13:42:50Z,6.98,15.952,19.26,3.5721,0.2556,0.8883,77.6699,148.832,121.925729,5.9952,61.058,3.3023,341104.04155061574,0.002,0
2026-08-14T13:42:50Z,6.981,15.9537,19.26,3.5683,0.2556,0.8883,77.5188,148.857,121.94701,6.0021,61.174,3.1338,341221.52249871363,0.002,0
2026-08-14T13:42:50Z,6.981,15.9551,19.26,3.576,0.2556,0.8883,77.6397,148.868,121.956189,6.0103,61.297,3.0051,341258.06178608915,0.002,0
2026-08-14T13:42:50Z,6.982,15.9562,19.26,3.7438,0.2556,0.8883,71.3101,148.889,121.971716,6.0195,61.412,2.8351,341346.76494212094,0.002,0
2026-08-14T13:42:50Z,6.983,15.957,19.44,3.7476,0.2982,0.8883,71.2496,148.931,122.003734,6.0296,61.502,2.6562,341560.86530715413,0.002,0
2026-08-14T13:42:50Z,6.983,15.9574,19.44,3.7705,0.2982,0.8883,71.295,148.966,122.028773,6.0411,61.558,2.5621,341733.1399817804,0.002,0
2026-08-14T13:42:50Z,6.984,15.9573,19.44,3.7591,0.2982,0.8883,71.1892,148.975,122.033502,6.0532,61.575,2.501,341769.40949512646,0.003,0
2026-08-14T13:42:50Z,6.984,15.9567,19.44,3.7324,0.2982,0.8883,73.6062,148.96,122.021183,6.0646,61.552,2.4135,341693.1997231492,0.003,0
2026-08-14T13:42:50Z,6.985,15.9558,19.71,3.7476,0.2982,0.8037,73.8026,148.909,121.980529,6.0737,61.5,2.3534,341418.8440409665,0.002,0
2026-08-14T13:42:50Z,6.986,15.9548,19.71,3.7743,0.2982,0.8037,73.7422,148.844,121.930708,6.0793,61.438,2.3098,341080.61001849663,0.002,0
2026-08-14T13:42:50Z,6.986,15.9539,19.71,3.7591,0.2982,0.8037,73.712,148.8,121.896444,6.0811,61.39,2.2923,340852.597020305,0.002,0
2026-08-14T13:42:50Z,6.987,15.9537,19.71,3.7514,0.2982,0.8037,76.3405,148.774,121.876604,6.0789,61.372,2.3033,340713.8091084535,0.002,0
2026-08-14T13:42:50Z,6.987,15.9543,19.89,3.7514,0.2982,0.8037,76.4614,148.771,121.873898,6.0737,61.391,2.2597,340681.60397487925,0.002,0
2026-08-14T13:42:50Z,6.988,15.9553,19.89,3.7514,0.2982,0.8037,76.4614,148.769,121.8716,6.0675,61.445,2.2504,340643.8755108013,0.002,0
2026-08-14T13:42:50Z,6.988,15.9561,19.89,3.7286,0.2982,0.8037,76.3254,148.747,121.853094,6.0626,61.524,2.2494,340493.59914124815,0.002,0
2026-08-14T13:42:50Z,6.989,15.9564,19.89,3.5378,0.2982,0.8037,71.7633,148.734,121.841451,6.0607,61.617,2.2572,340403.3769385777,0.002,0
2026-08-14T13:42:50Z,6.989,15.9563,20.34,3.5569,0.3408,0.9306,71.733,148.76,121.861576,6.0627,61.711,2.2834,340550.48006119084,0.002,0
2026-08-14T13:42:50Z,6.989,15.9562,20.34,3.5569,0.3408,0.9306,71.6575,148.801,121.892826,6.068,61.8,2.331,340777.80966775963,0.002,0
2026-08-14T13:42:50Z,6.99,15.956,20.34,3.5645,0.3408,0.9306,71.7935,148.82,121.905526,6.0757,61.872,2.2958,340873.59830736584,0.001,0
2026-08-14T13:42:50Z,6.99,15.9557,20.34,3.4997,0.3408,0.9306,56.2641,148.827,121.909063,6.085,61.909,2.3058,340905.4530042708,0.001,0
2026-08-14T13:42:50Z,6.991,15.9552,20.34,3.5073,0.3408,0.9306,56.2641,148.842,121.918385,6.0944,61.906,2.2973,340983.26185007545,0.001,0
2026-08-14T13:42:50Z,6.991,15.9545,21.24,3.5111,0.2982,1.7343,56.2338,148.85,121.921973,6.1032,61.867,2.3163,341023.9674243478,0.001,0
2026-08-14T13:42:50Z,6.991,15.9538,21.24,3.4882,0.2982,1.7343,56.3245,148.835,121.906779,6.1104,61.807,2.2928,340929.23029903503,0.001,0
2026-08-14T13:42:50Z,6.992,15.9528,21.24,3.3127,0.2982,1.7343,43.5595,148.813,121.886758,6.1143,61.747,2.2553,340806.0591186327,0.001,0
2026-08-14T13:42:50Z,6.992,15.9517,21.24,3.3242,0.2982,1.7343,43.6351,148.811,121.882578,6.1141,61.699,2.2646,340799.2176906726,0.001,0
2026-08-14T13:42:50Z,6.992,15.9507,24.12,3.3013,0.3834,5.5413,43.5898,148.833,121.897124,6.1104,61.669,2.2455,340925.27786472254,0.001,0
2026-08-14T13:42:50Z,6.992,15.9499,24.12,3.3127,0.3834,5.5413,43.6804,148.856,121.912271,6.1046,61.664,2.227,341051.4694574655,0.001,0
2026-08-14T13:42:50Z,6.992,15.9491,24.12,2.9236,0.3834,5.5413,35.1302,148.853,121.906049,6.0987,61.679,2.2188,341023.54444135266,0.001,0
2026-08-14T13:42:50Z,6.993,15.9482,24.12,2.9542,0.3834,5.5413,35.0697,148.824,121.878799,6.0941,61.697,2.2256,340846.09371702245,0.001,0
2026-08-14T13:42:50Z,6.993,15.9472,28.17,2.9656,0.426,6.8103,35.2208,148.792,121.849262,6.0912,61.712,2.2034,340654.3224919558,0.001,0
2026-08-14T13:42:50Z,6.993,15.9461,28.17,2.958,0.426,6.8103,35.1151,148.764,121.825566,6.0909,61.726,2.2202,340506.815775239,0.001,0
2026-08-14T13:42:50Z,6.993,15.9448,28.17,2.9236,0.426,6.8103,35.0848,148.735,121.801391,6.0926,61.742,2.1877,340360.1190355472,0.001,0
2026-08-14T13:42:50Z,6.994,15.9436,28.17,2.8893,0.426,6.8103,29.4804,148.705,121.778294,6.0946,61.77,2.1397,340219.1022261394,0.001,0
2026-08-14T13:42:50Z,6.994,15.9425,28.17,2.8817,0.426,6.8103,29.5106,148.694,121.77012,6.0962,61.808,2.1579,340183.47909253207,0.001,0
2026-08-14T13:42:50Z,6.994,15.942,34.47,2.8702,0.639,0.6345,29.4804,148.698,121.774689,6.0975,61.849,2.1754,340226.9622522181,0.001,0
2026-08-14T13:42:50Z,6.994,15.942,34.47,2.8817,0.639,0.6345,29.5257,148.697,121.773215,6.0991,61.894,2.1877,340216.3441467653,0.001,0
2026-08-14T13:42:50Z,6.994,15.9423,34.47,3.3166,0.639,0.6345,26.7914,148.704,121.777309,6.1018,61.939,2.2178,340239.49281843565,0.001,0
2026-08-14T13:42:50Z,6.995,15.9428,34.47,3.3127,0.639,0.6345,26.9274,148.725,121.792062,6.1055,61.975,2.2198,340335.2050399989,0.001,0
2026-08-14T13:42:50Z,6.995,15.943,17.1,3.3242,1.278,0,26.8518,148.742,121.801404,6.1096,61.997,2.2533,340398.28633806325,0.001,0
2026-08-14T13:42:50Z,6.995,15.943,17.1,3.3013,1.278,0,26.8216,148.762,121.811827,6.114,62.011,2.2125,340473.3965150099,0.001,0
2026-08-14T13:42:50Z,6.995,15.9425,17.1,3.5645,1.278,0,22.4408,148.793,121.830111,6.1186,62.02,2.182,340615.76271858945,0.001,0
2026-08-14T13:42:50Z,6.995,15.9414,17.1,3.5378,1.278,0,22.3652,148.821,121.845127,6.1222,62.025,2.1636,340747.310684394,0.001,0
2026-08-14T13:42:50Z,6.996,15.9399,0.18,3.5569,2.2152,0.0423,22.4105,148.846,121.856878,6.1246,62.039,2.1198,340863.82209951035,0.001,0
