DateTime,Depth_m,Temp_C,CDOM_ugL,Chla_ugL,Phycoerythrin_ugL,Phycocyanin_ugL,Turbidity_NTU,Cond_uScm,SpCond_uScm,DO_mgL,DOsat_percent,PAR,Salinity,DescRate_ms ,Flag
2026-08-14T13:58:28Z,-0.102,26.8684,-0.36,0.1503,-2.13,-6.8103,0.8386,149.58,158.299968,7.1206,90.366,2070.6,358739.25848108716,0.195,0
2026-08-14T13:58:28Z,-0.047,27.2362,-0.36,0.1656,-2.13,-6.8103,0.8083,150.717,159.690219,7.0859,90.901,357.36,359932.3766625935,0.193,0
2026-08-14T13:58:28Z,0.004,27.5155,-0.36,0.1541,-2.13,-6.8103,0.8386,151.286,160.407466,7.0695,91.486,352.96,358869.8082825979,0.185,0
2026-08-14T13:58:28Z,0.051,27.7134,6.57,0.1351,0.0426,1.5228,0.7781,151.524,160.721149,7.0716,92.084,273.9,357009.29382741556,0.171,0
2026-08-14T13:58:28Z,0.093,27.8466,6.57,0.2152,0.0426,1.5228,0.1134,151.61,160.83718,7.0901,92.653,200.96,355226.6375285705,0.154,0
2026-08-14T13:58:28Z,0.131,27.9324,6.57,0.2075,0.0426,1.5228,0.1437,151.635,160.86467,7.121,93.159,218.31,353818.29512102157,0.135,0
2026-08-14T13:58:28Z,0.163,27.9849,6.57,0.1923,0.0426,1.5228,0.0077,151.639,160.855041,7.1602,93.569,185.72,352811.19982987054,0.116,0
2026-08-14T13:58:28Z,0.19,28.0143,6.66,0.1961,0.0852,0.1692,0.0681,151.641,160.833785,7.2032,93.857,190.13,352159.54795379966,0.096,0
2026-08-14T13:58:28Z,0.212,28.0281,6.66,0.1579,0.0852,0.1692,0.0983,151.62,160.783206,7.246,94.02,181.1,351625.9555125161,0.078,0
2026-08-14T13:58:28Z,0.228,28.0317,6.66,0.1236,0.0852,0.1692,0.0983,151.546,160.665763,7.2851,94.076,203.6,350901.54372919083,0.062,0
2026-08-14T13:58:28Z,0.239,28.0289,6.66,0.1579,0.0852,0.1692,0.2041,151.447,160.504254,7.3175,94.054,207.62,350046.1533918208,0.049,0
2026-08-14T13:58:28Z,0.248,28.0225,6.66,0.1656,0.0852,0.1692,0.0228,151.383,160.355821,7.3409,93.979,211.9,349329.63893559255,0.038,0
2026-08-14T13:58:28Z,0.256,28.0138,6.75,0.2152,0,0.2115,-0.0074,151.369,160.236994,7.3548,93.873,229.45,348820.5630274854,0.03,0
2026-08-14T13:58:28Z,0.262,28.0015,6.75,0.2304,0,0.2115,0.0681,151.39,160.148148,7.3608,93.755,205.69,348543.7575141194,0.024,0
2026-08-14T13:58:28Z,0.268,27.9832,6.75,0.2152,0,0.2115,0.053,151.418,160.083617,7.3614,93.644,214.17,348510.2324624452,0.02,0
2026-08-14T13:58:28Z,0.272,27.9566,6.75,0.2228,0,0.2115,0.0379,151.415,160.012159,7.3589,93.555,216.37,348586.4548854762,0.016,0
2026-08-14T13:58:28Z,0.275,27.9223,6.66,0.2113,0.0852,0.1692,0.1134,151.362,159.908704,7.3551,93.498,179.65,348621.40849358763,0.014,0
2026-08-14T13:58:28Z,0.278,27.8858,6.66,0.1846,0.0852,0.1692,0.0681,151.28,159.787749,7.3507,93.465,186.93,348597.63041893195,0.011,0
2026-08-14T13:58:28Z,0.28,27.8547,6.66,0.1923,0.0852,0.1692,0.053,151.199,159.675162,7.346,93.437,209.8,348523.8094428221,0.009,0
2026-08-14T13:58:28Z,0.282,27.8322,6.66,0.1999,0.0852,0.1692,0.1286,151.131,159.576993,7.3419,93.409,176.43,348376.5143189323,0.008,0
2026-08-14T13:58:28Z,0.285,27.8167,6.84,0.219,0.0852,0.0846,0.053,151.075,159.487106,7.3394,93.387,181.53,348150.08434160013,0.006,0
2026-08-14T13:58:28Z,0.286,27.8054,6.84,0.2113,0.0852,0.0846,0.1588,151.021,159.395557,7.3384,93.376,206.72,347839.0414474206,0.005,0
2026-08-14T13:58:28Z,0.287,27.7964,6.84,0.2075,0.0852,0.0846,0.1286,150.971,159.301983,7.3374,93.382,187.01,347475.5130795886,0.003,0
2026-08-14T13:58:28Z,0.287,27.7876,6.84,0.2228,0.0852,0.0846,0.1437,150.945,159.223514,7.3363,93.396,193.63,347193.1338319668,0.002,0
2026-08-14T13:58:28Z,0.287,27.7774,6.84,0.1923,0.0852,0.1269,0.0681,150.947,159.163274,7.3359,93.393,199.14,347037.9257558069,0.001,0
2026-08-14T13:58:28Z,0.288,27.7659,6.84,0.1923,0.0852,0.1269,0.1286,150.961,159.109202,7.3365,93.371,207.98,346940.473967532,0,0
2026-08-14T13:58:28Z,0.288,27.7525,6.84,0.219,0.0852,0.1269,0.0681,150.983,159.06291,7.3387,93.348,194.81,346920.53496839455,0,0
2026-08-14T13:58:28Z,0.288,27.7356,6.84,0.1961,0.0852,0.1269,0.1286,151.009,159.024071,7.342,93.319,200.22,347004.9301294338,0,0
2026-08-14T13:58:28Z,0.287,27.7149,6.84,0.2228,0.0852,0.1269,0.0681,151.025,158.982327,7.3445,93.276,194.14,347141.0616732202,0.001,0
2026-08-14T13:58:28Z,0.287,27.6921,6.66,0.2228,0.0852,0.2115,0.189,151.028,158.934558,7.3457,93.236,203.02,347281.07579879556,0.002,0
2026-08-14T13:58:28Z,0.288,27.669,6.66,0.2266,0.0852,0.2115,0.1286,151.027,158.888065,7.347,93.222,200.05,347433.7517122692,0.003,0
2026-08-14T13:58:28Z,0.289,27.6473,6.66,0.2266,0.0852,0.2115,0.0832,151.031,158.848486,7.3475,93.237,189.26,347600.33034639107,0.004,0
2026-08-14T13:58:28Z,0.29,27.628,6.66,0.219,0.0852,0.2115,0.0832,151.04,158.811276,7.3466,93.261,198.19,347737.3115946659,0.004,0
2026-08-14T13:58:28Z,0.292,27.611,6.75,0.1923,0.0426,0.1692,0.0681,151.05,158.77052,7.3457,93.291,183.91,347813.127908693,0.005,0
2026-08-14T13:58:28Z,0.293,27.5959,6.75,0.2152,0.0426,0.1692,0.1437,151.053,158.721358,7.3466,93.329,190,347807.50854563597,0.004,0
2026-08-14T13:58:28Z,0.294,27.5814,6.75,0.2304,0.0426,0.1692,0.0681,151.039,158.65669,7.3496,93.361,184.11,347703.75143607205,0.003,0
2026-08-14T13:58:28Z,0.295,27.566,6.75,0.2228,0.0426,0.1692,0.0832,151.014,158.583317,7.3535,93.383,184.67,347567.06412180635,0.002,0
2026-08-14T13:58:28Z,0.295,27.5491,6.75,0.2838,0.0426,0.0846,0.0379,150.988,158.517744,7.3582,93.391,177.09,347501.1735220192,0,0
2026-08-14T13:58:28Z,0.295,27.5317,6.75,0.2686,0.0426,0.0846,0.0681,150.964,158.466529,7.3634,93.38,174.79,347525.1107831247,-0.002,0
2026-08-14T13:58:28Z,0.294,27.515,6.75,0.2876,0.0426,0.0846,0.0077,150.942,158.428039,7.3681,93.356,183.23,347608.2046565904,-0.003,0
2026-08-14T13:58:28Z,0.293,27.4997,6.75,0.2762,0.0426,0.0846,0.053,150.913,158.388002,7.3718,93.326,170.41,347657.4418694013,-0.005,0
2026-08-14T13:58:28Z,0.291,27.487,6.75,0.28,0.0426,0.0846,0.4005,150.868,158.331734,7.3742,93.286,184.15,347568.36031247425,-0.005,0
2026-08-14T13:58:28Z,0.289,27.4783,6.75,0.28,0.0852,0.2961,0.3854,150.823,158.270282,7.3745,93.24,166.89,347378.09224955516,-0.005,0
2026-08-14T13:58:28Z,0.288,27.4732,6.75,0.2648,0.0852,0.2961,0.2645,150.794,158.219325,7.3732,93.204,173.05,347182.33346635755,-0.005,0
2026-08-14T13:58:28Z,0.286,27.4701,6.75,0.2609,0.0852,0.2961,0.2343,150.778,158.175291,7.3712,93.193,168.49,346989.7225219612,-0.003,0
2026-08-14T13:58:28Z,0.286,27.4669,6.75,0.3372,0.0852,0.2961,0.3552,150.773,158.130447,7.3685,93.201,168.23,346794.38081171404,-0.002,0
2026-08-14T13:58:28Z,0.286,27.4622,6.66,0.3143,0.0852,0.2115,0.3703,150.779,158.084857,7.3654,93.216,180.55,346621.77834958886,0,0
2026-08-14T13:58:28Z,0.286,27.4555,6.66,0.3411,0.0852,0.2115,0.3098,150.793,158.046398,7.3635,93.233,168.49,346525.2305753857,0.002,0
2026-08-14T13:58:28Z,0.287,27.4464,6.66,0.3563,0.0852,0.2115,0.3703,150.807,158.020843,7.3638,93.259,177.4,346544.4223461208,0.003,0
2026-08-14T13:58:28Z,0.288,27.4332,6.66,0.322,0.0852,0.2115,0.3703,150.812,158.001374,7.3662,93.286,169.41,346671.49118279753,0.004,0
2026-08-14T13:58:28Z,0.289,27.416,6.75,0.3563,0.0426,0.0846,0.4005,150.803,157.978792,7.3697,93.306,160.7,346852.90954555536,0.005,0
2026-08-14T13:58:28Z,0.291,27.3984,6.75,0.3334,0.0426,0.0846,0.3552,150.785,157.951082,7.3733,93.318,162.63,347012.7216268193,0.005,0
2026-08-14T13:58:28Z,0.292,27.385,6.75,0.3143,0.0426,0.0846,0.2947,150.761,157.914865,7.3771,93.325,151.01,347049.08286870236,0.005,0
2026-08-14T13:58:28Z,0.294,27.3771,6.75,0.3449,0.0426,0.0846,0.3249,150.731,157.868498,7.3803,93.335,148.54,346929.2267441093,0.005,0
2026-08-14T13:58:28Z,0.295,27.3728,6.75,0.3372,0.0426,0.1692,0.3249,150.707,157.823663,7.3824,93.349,153.83,346753.3155755478,0.005,0
2026-08-14T13:58:28Z,0.296,27.3696,6.75,0.3372,0.0426,0.1692,0.34,150.686,157.784435,7.3838,93.364,143.25,346589.3235467414,0.005,0
2026-08-14T13:58:28Z,0.298,27.366,6.75,0.3334,0.0426,0.1692,0.4156,150.659,157.744359,7.3849,93.375,145.28,346427.75139768864,0.004,0
2026-08-14T13:58:28Z,0.299,27.361,6.75,0.3449,0.0426,0.1692,0.2947,150.628,157.704772,7.3863,93.38,142.62,346294.08281290974,0.003,0
2026-08-14T13:58:28Z,0.299,27.3548,6.75,0.3258,0.0426,0.1692,0.2947,150.596,157.667142,7.3882,93.383,140.29,346192.9884609413,0.002,0
2026-08-14T13:58:28Z,0.3,27.3489,6.75,0.3563,0.0852,0.0846,0.3552,150.569,157.633457,7.3902,93.378,139.92,346108.76182773814,0.002,0
2026-08-14T13:58:28Z,0.3,27.3449,6.75,0.3639,0.0852,0.0846,0.3249,150.553,157.608762,7.3916,93.366,144.21,346041.1704209331,0.001,0
2026-08-14T13:58:28Z,0.3,27.3427,6.75,0.322,0.0852,0.0846,0.3552,150.545,157.592483,7.3923,93.348,133.62,345988.7769138247,0,0
2026-08-14T13:58:28Z,0.3,27.3412,6.75,0.3258,0.0852,0.0846,0.3249,150.537,157.578274,7.3927,93.329,135.61,345935.50930296903,0,0
2026-08-14T13:58:28Z,0.3,27.3392,6.75,0.322,0.0426,0.1692,0.2947,150.524,157.560343,7.3926,93.312,134.56,345870.21052634285,0,0
2026-08-14T13:58:28Z,0.3,27.3366,6.75,0.3334,0.0426,0.1692,0.3098,150.506,157.535912,7.392,93.298,126.64,345779.00306609896,0,0
2026-08-14T13:58:28Z,0.3,27.3341,6.75,0.3563,0.0426,0.1692,0.34,150.489,157.510489,7.3909,93.285,130.95,345680.41271863383,0,0
2026-08-14T13:58:28Z,0.3,27.3322,6.75,0.3258,0.0426,0.1692,0.4005,150.482,157.491323,7.3896,93.272,122.74,345606.3655986253,0,0
2026-08-14T13:58:28Z,0.3,27.3307,6.75,0.3449,0.0426,0.0846,0.3703,150.477,157.473302,7.3885,93.262,123.38,345531.61271647236,-0.001,0
2026-08-14T13:58:28Z,0.3,27.3289,6.75,0.3143,0.0426,0.0846,0.2947,150.469,157.45162,7.3876,93.264,128.13,345441.59570913896,-0.001,0
2026-08-14T13:58:28Z,0.3,27.3261,6.75,0.3525,0.0426,0.0846,0.0681,150.46,157.432516,7.3869,93.271,121.94,345384.0277424029,-0.001,0
2026-08-14T13:58:28Z,0.299,27.3222,6.75,0.3411,0.0426,0.0846,0.0077,150.456,157.422921,7.3864,93.276,125.14,345399.7717890926,-0.001,0
2026-08-14T13:58:28Z,0.299,27.3179,6.75,0.3296,0.0426,0.0846,0.0681,150.453,157.416267,7.3862,93.274,125.05,345439.2680961671,-0.002,0
2026-08-14T13:58:28Z,0.299,27.3138,6.75,0.3296,0.0426,0.1269,0.0983,150.441,157.398756,7.3869,93.263,120.44,345413.95410399296,-0.002,0
2026-08-14T13:58:28Z,0.298,27.3106,6.75,0.3334,0.0426,0.1269,0.0077,150.42,157.369727,7.3879,93.244,123.22,345307.55840716267,-0.002,0
2026-08-14T13:58:28Z,0.298,27.3086,6.75,0.3143,0.0426,0.1269,0.0681,150.395,157.337469,7.3885,93.221,117.65,345161.4795553618,-0.002,0
2026-08-14T13:58:28Z,0.297,27.3074,6.75,0.3372,0.0426,0.1269,0.1588,150.368,157.305403,7.3885,93.197,118.85,345002.19312487193,-0.002,0
2026-08-14T13:58:28Z,0.297,27.3058,6.75,0.3296,0,0.1692,0.0983,150.345,157.28101,7.3879,93.172,119.58,344893.3384136832,-0.002,0
2026-08-14T13:58:28Z,0.296,27.3035,6.75,0.3296,0,0.1692,0.3552,150.335,157.269808,7.3867,93.147,115.8,344871.3499715595,-0.002,0
2026-08-14T13:58:28Z,0.296,27.3013,6.75,0.3296,0,0.1692,0.4005,150.328,157.260795,7.3851,93.116,119.68,344859.9080401448,-0.002,0
2026-08-14T13:58:28Z,0.296,27.3002,6.75,0.3296,0,0.1692,0.3552,150.316,157.247559,7.3834,93.088,116.02,344804.99047618033,-0.002,0
2026-08-14T13:58:28Z,0.295,27.3002,6.84,0.3296,0.0426,0.2538,0.2947,150.302,157.234586,7.3814,93.071,116.55,344731.88777237124,-0.002,0
2026-08-14T13:58:28Z,0.295,27.3001,6.84,0.3182,0.0426,0.2538,0.0983,150.285,157.222424,7.3794,93.06,117.98,344665.15173042787,-0.003,0
2026-08-14T13:58:28Z,0.294,27.2995,6.84,0.3105,0.0426,0.2538,0.0228,150.269,157.207832,7.377,93.056,116.7,344593.6713924345,-0.003,0
2026-08-14T13:58:28Z,0.293,27.2991,6.84,0.3143,0.0426,0.2538,0.0681,150.255,157.190927,7.3749,93.057,115.95,344505.59615358943,-0.003,0
2026-08-14T13:58:28Z,0.292,27.2999,6.84,0.3372,0.0426,0.2538,0.1134,150.247,157.175215,7.3735,93.058,114.92,344402.8141727998,-0.003,0
2026-08-14T13:58:28Z,0.291,27.3014,6.75,0.4059,0.0852,0.2961,0.4156,150.241,157.160514,7.3724,93.056,113.13,344293.24563687656,-0.003,0
2026-08-14T13:58:28Z,0.29,27.3023,6.75,0.3945,0.0852,0.2961,0.2947,150.236,157.146911,7.372,93.049,115.24,344200.59685951064,-0.003,0
2026-08-14T13:58:28Z,0.289,27.3013,6.75,0.3868,0.0852,0.2961,0.3703,150.237,157.138794,7.3722,93.036,114.54,344172.75852715614,-0.002,0
2026-08-14T13:58:28Z,0.289,27.299,6.75,0.3983,0.0852,0.2961,0.2645,150.243,157.133999,7.3726,93.025,117.65,344186.82753237983,-0.002,0
2026-08-14T13:58:28Z,0.288,27.2963,6.75,0.3296,0.0426,0.2115,0.0832,150.242,157.123229,7.3727,93.018,112.99,344174.4022475731,-0.002,0
2026-08-14T13:58:28Z,0.288,27.2935,6.75,0.3678,0.0426,0.2115,0.1134,150.231,157.10762,7.3725,93.004,116.22,344136.5186081334,-0.002,0
2026-08-14T13:58:28Z,0.288,27.2903,6.75,0.3067,0.0426,0.2115,0.0379,150.221,157.09904,7.3719,92.987,114.39,344145.34397840593,-0.002,0
2026-08-14T13:58:28Z,0.287,27.2868,6.75,0.322,0.0426,0.2115,0.053,150.208,157.0952,7.3715,92.977,115.14,344186.21502035426,-0.002,0
2026-08-14T13:58:28Z,0.287,27.2837,6.84,0.3372,0.0426,0.2538,0.053,150.192,157.087064,7.3714,92.979,115.54,344195.7584050341,-0.001,0
2026-08-14T13:58:28Z,0.286,27.282,6.84,0.3296,0.0426,0.2538,0.0983,150.175,157.072463,7.3705,92.985,113.06,344143.8960513469,-0.001,0
2026-08-14T13:58:28Z,0.286,27.2829,6.84,0.3296,0.0426,0.2538,0.0228,150.163,157.05552,7.369,92.986,114.42,344032.43591736804,-0.001,0
2026-08-14T13:58:28Z,0.286,27.2858,6.84,0.322,0.0426,0.2538,0.0379,150.16,157.043737,7.3679,92.981,112.2,343914.35814079334,-0.001,0
2026-08-14T13:58:28Z,0.286,27.2888,6.84,0.3487,0.0426,0.1269,0.2192,150.153,157.029966,7.3676,92.969,111.28,343783.3492760422,-0.001,0
2026-08-14T13:58:28Z,0.286,27.2898,6.84,0.3372,0.0426,0.1269,-0.0074,150.137,157.010531,7.368,92.956,113.65,343656.18131336215,-0.001,0
2026-08-14T13:58:28Z,0.286,27.2883,6.84,0.3105,0.0426,0.1269,0.053,150.121,156.996282,7.3682,92.948,111.14,343602.7724941977,-0.001,0
2026-08-14T13:58:28Z,0.285,27.2857,6.84,0.3525,0.0426,0.1269,0.0228,150.106,156.987427,7.3681,92.944,115.8,343599.3112753381,-0.001,0
2026-08-14T13:58:28Z,0.285,27.2835,6.84,0.3678,0.0426,0.1269,0.1588,150.09,156.977598,7.3675,92.94,109.55,343583.23974307283,-0.002,0
2026-08-14T13:58:28Z,0.284,27.2826,6.75,0.3143,0.0852,0.1692,0.0379,150.078,156.968182,7.3666,92.941,116.98,343546.3180726588,-0.002,0
2026-08-14T13:58:28Z,0.284,27.2834,6.75,0.3296,0.0852,0.1692,0.0681,150.075,156.960677,7.3659,92.941,111.64,343489.8488084492,-0.001,0
2026-08-14T13:58:28Z,0.283,27.2856,6.75,0.3067,0.0852,0.1692,0.1286,150.084,156.955087,7.3652,92.942,112.84,343419.2113745193,-0.001,0
2026-08-14T13:58:28Z,0.283,27.288,6.75,0.2991,0.0852,0.1692,0.1588,150.103,156.951922,7.3646,92.951,114,343358.66018781654,-0.001,0
2026-08-14T13:58:28Z,0.283,27.2892,6.75,0.2648,0.0426,0.1692,0.1286,150.128,156.948335,7.3645,92.964,112.96,343317.1201551592,-0.001,0
2026-08-14T13:58:28Z,0.283,27.2877,6.75,0.2571,0.0426,0.1692,0.1588,150.154,156.941362,7.3648,92.978,116.43,343304.6347729754,-0.001,0
2026-08-14T13:58:28Z,0.283,27.2828,6.75,0.2838,0.0426,0.1692,0.1134,150.178,156.935154,7.3655,92.993,108.35,343357.01070322597,-0.001,0
2026-08-14T13:58:28Z,0.283,27.2749,6.75,0.2533,0.0426,0.1692,0.1437,150.196,156.936068,7.3672,93.005,115.09,343502.92079634254,-0.002,0
2026-08-14T13:58:28Z,0.282,27.265,6.75,0.2724,0.0852,0.3384,0.053,150.201,156.94234,7.3696,93.002,114.77,343714.7362366286,-0.002,0
2026-08-14T13:58:28Z,0.282,27.2537,6.75,0.2571,0.0852,0.3384,0.0681,150.191,156.945627,7.3721,92.988,111.38,343934.88939189224,-0.002,0
2026-08-14T13:58:28Z,0.281,27.2434,6.75,0.2953,0.0852,0.3384,0.0681,150.174,156.940794,7.3747,92.972,114.17,344091.59617050836,-0.002,0
2026-08-14T13:58:28Z,0.28,27.2373,6.75,0.2724,0.0852,0.3384,0.0681,150.166,156.932568,7.3765,92.959,109.53,344154.2184887992,-0.002,0
2026-08-14T13:58:28Z,0.28,27.2375,6.75,0.2915,0.0852,0.3384,0.1286,150.167,156.922762,7.3762,92.951,117.37,344095.3809994806,-0.002,0
2026-08-14T13:58:28Z,0.28,27.2422,6.84,0.2762,0.0426,0.1269,0.0983,150.172,156.910765,7.3744,92.949,105.58,343943.8414345833,-0.001,0
2026-08-14T13:58:28Z,0.279,27.2465,6.84,0.2915,0.0426,0.1269,0.2041,150.181,156.903395,7.3726,92.949,116.81,343825.56582948164,-0.001,0
2026-08-14T13:58:28Z,0.279,27.2466,6.84,0.2724,0.0426,0.1269,0.0681,150.194,156.904696,7.3716,92.951,109.17,343831.10791742615,-0.001,0
2026-08-14T13:58:28Z,0.279,27.2427,6.84,0.28,0.0426,0.1269,0.0379,150.21,156.911007,7.3715,92.96,112.35,343936.27735698747,-0.001,0
2026-08-14T13:58:28Z,0.279,27.2371,6.75,0.322,0.0852,0.2538,0.0983,150.226,156.915996,7.3721,92.968,108.42,344064.3981644023,-0.001,0
2026-08-14T13:58:28Z,0.278,27.2317,6.75,0.2571,0.0852,0.2538,0.1134,150.246,156.916986,7.3728,92.969,108.58,344166.45795473485,-0.001,0
2026-08-14T13:58:28Z,0.278,27.2273,6.75,0.2686,0.0852,0.2538,0.0077,150.269,156.908231,7.3735,92.966,111.84,344195.73803927336,-0.001,0
2026-08-14T13:58:28Z,0.278,27.224,6.75,0.3029,0.0852,0.2538,0.0832,150.297,156.889396,7.3746,92.966,111.38,344148.53148090694,-0,0
2026-08-14T13:58:28Z,0.278,27.2202,6.75,0.2495,0.0426,0.1692,0.1437,150.335,156.873492,7.3758,92.973,103.9,344126.7802376996,-0,0
2026-08-14T13:58:28Z,0.278,27.2136,6.75,0.2495,0.0426,0.1692,0.1588,150.379,156.866293,7.3767,92.988,112.67,344204.1568214581,-0,0
2026-08-14T13:58:28Z,0.278,27.2024,6.75,0.2762,0.0426,0.1692,0.0983,150.42,156.865875,7.378,93.011,104.03,344402.0954028418,-0,0
2026-08-14T13:58:28Z,0.278,27.1865,6.75,0.2648,0.0426,0.1692,0.053,150.445,156.864108,7.3801,93.028,108.98,344676.7247648708,-0,0
2026-08-14T13:58:28Z,0.278,27.1682,6.75,0.2953,0.0426,0.2961,0.0681,150.445,156.852505,7.383,93.035,107.41,344939.0772039132,-0,0
2026-08-14T13:58:28Z,0.278,27.1505,6.75,0.2648,0.0426,0.2961,0.0681,150.428,156.839993,7.3866,93.041,107.5,345185.806985542,-0,0
2026-08-14T13:58:28Z,0.278,27.1362,6.75,0.2609,0.0426,0.2961,0.1134,150.408,156.83526,7.3903,93.053,106.11,345415.7568937723,-0,0
2026-08-14T13:58:28Z,0.278,27.1267,6.75,0.28,0.0426,0.2961,0.0983,150.385,156.829032,7.3929,93.061,108.46,345551.17334841716,0,0
2026-08-14T13:58:28Z,0.277,27.123,6.75,0.2953,0.0426,0.2961,0.1286,150.362,156.815643,7.3939,93.059,106.76,345541.8440829189,0,0
2026-08-14T13:58:28Z,0.277,27.1247,6.75,0.28,0.0852,0.1692,0.0983,150.35,156.803545,7.3942,93.047,110.27,345442.79135438934,0,0
2026-08-14T13:58:28Z,0.277,27.1301,6.75,0.2609,0.0852,0.1692,0.1437,150.353,156.797528,7.3944,93.028,101.97,345311.73641533067,0,0
2026-08-14T13:58:28Z,0.277,27.1359,6.75,0.2876,0.0852,0.1692,0.1437,150.359,156.791979,7.3943,93.009,113.16,345176.20644999796,0,0
2026-08-14T13:58:28Z,0.277,27.1394,6.75,0.28,0.0852,0.1692,0.0228,150.358,156.781408,7.3936,92.995,104.01,345053.59615642513,0,0
2026-08-14T13:58:28Z,0.277,27.1395,6.84,0.2419,0.0426,0.1692,0.0228,150.35,156.771011,7.3927,92.981,107.97,344992.99569582543,0,0
2026-08-14T13:58:28Z,0.277,27.1366,6.84,0.2953,0.0426,0.1692,0.1588,150.336,156.766029,7.3916,92.969,106.73,345016.84083791403,0,0
2026-08-14T13:58:28Z,0.277,27.1325,6.84,0.2571,0.0426,0.1692,0.1437,150.315,156.761129,7.3906,92.966,107.2,345062.68483420304,0,0
2026-08-14T13:58:28Z,0.277,27.1294,6.84,0.2571,0.0426,0.1692,0.0681,150.295,156.759013,7.39,92.973,109.13,345106.3435825226,0,0
2026-08-14T13:58:28Z,0.277,27.129,6.75,0.2724,0.0426,0.2115,0.053,150.29,156.763125,7.3889,92.983,101.95,345136.78948596946,0,0
2026-08-14T13:58:28Z,0.277,27.132,6.75,0.3258,0.0426,0.2115,0.0832,150.289,156.762542,7.3875,92.996,110.39,345079.6508872357,0,0
2026-08-14T13:58:28Z,0.277,27.1378,6.75,0.3334,0.0426,0.2115,0.1588,150.286,156.753098,7.3865,93.013,102.64,344922.18060938054,0,0
2026-08-14T13:58:28Z,0.277,27.1438,6.75,0.3143,0.0426,0.2115,0.1588,150.28,156.744297,7.3863,93.029,108.25,344764.8382680438,0,0
2026-08-14T13:58:28Z,0.277,27.1471,6.75,0.3372,0.0426,0.2115,0.0832,150.272,156.741806,7.3867,93.037,104.05,344691.6129278208,0,0
2026-08-14T13:58:28Z,0.276,27.1471,6.75,0.322,0.0852,0.1692,0.0228,150.251,156.736945,7.3877,93.039,109.27,344664.1397451933,0,0
2026-08-14T13:58:28Z,0.276,27.1453,6.75,0.3563,0.0852,0.1692,0.1286,150.215,156.724411,7.3893,93.037,106.04,344625.5562351197,0,0
2026-08-14T13:58:28Z,0.276,27.1442,6.75,0.3067,0.0852,0.1692,0.1134,150.182,156.712889,7.3907,93.028,108.02,344580.15026922524,0,0
2026-08-14T13:58:28Z,0.276,27.1461,6.75,0.3372,0.0852,0.1692,0.1286,150.164,156.707324,7.3911,93.014,103.96,344514.66883056465,0,0
2026-08-14T13:58:28Z,0.276,27.1519,6.75,0.3143,0.0426,0.2115,0.0681,150.159,156.702225,7.3905,93.002,106.2,344382.00179409195,0,0
2026-08-14T13:58:28Z,0.276,27.1602,6.75,0.3182,0.0426,0.2115,0.1437,150.16,156.696231,7.3892,92.996,102.68,344199.6092639462,0,0
2026-08-14T13:58:28Z,0.277,27.1679,6.75,0.3258,0.0426,0.2115,0.0681,150.168,156.695759,7.3874,92.997,105.12,344059.2195922409,0,0
2026-08-14T13:58:28Z,0.277,27.1721,6.75,0.3639,0.0426,0.2115,0.0832,150.175,156.696672,7.3858,92.998,105.95,343989.2780415402,0,0
2026-08-14T13:58:28Z,0.277,27.1722,6.84,0.2991,0.0852,0.2961,0.0379,150.179,156.699215,7.3848,93,101.73,344001.8379810157,0,0
2026-08-14T13:58:28Z,0.277,27.1699,6.84,0.3067,0.0852,0.2961,0.0228,150.185,156.712081,7.3846,93.012,108.63,344115.563981121,0,0
2026-08-14T13:58:28Z,0.277,27.167,6.84,0.3258,0.0852,0.2961,-0.0074,150.187,156.726676,7.3851,93.029,104.89,344249.8181948578,0,0
2026-08-14T13:58:28Z,0.277,27.1648,6.84,0.3296,0.0852,0.2961,0.1286,150.176,156.730864,7.3854,93.037,107.18,344312.82851601625,0,0
2026-08-14T13:58:28Z,0.276,27.1643,6.84,0.3296,0.0426,0.1692,0.0983,150.157,156.725763,7.3857,93.033,101.99,344292.97604990465,0,0
2026-08-14T13:58:28Z,0.276,27.1663,6.84,0.3258,0.0426,0.1692,0.0832,150.144,156.722037,7.3864,93.031,101.82,344236.15456643316,0,0
2026-08-14T13:58:28Z,0.276,27.1705,6.84,0.3296,0.0426,0.1692,0.1588,150.143,156.722701,7.3872,93.041,102.57,344164.7688463359,0,0
2026-08-14T13:58:28Z,0.276,27.1759,6.84,0.3296,0.0426,0.1692,0.0681,150.144,156.719916,7.3871,93.056,103.83,344052.4854661919,0,0
2026-08-14T13:58:28Z,0.276,27.1809,6.84,0.3296,0.0426,0.1692,0.0983,150.137,156.708932,7.3862,93.059,99.694,343901.15054119634,0,0
2026-08-14T13:58:28Z,0.276,27.184,6.75,0.322,0.0426,0.2115,0.0832,150.125,156.694834,7.3855,93.058,102.75,343766.2642662867,0,0
2026-08-14T13:58:28Z,0.277,27.1845,6.75,0.3449,0.0426,0.2115,0.1134,150.115,156.685884,7.3863,93.063,104.78,343706.87365619245,0,0
2026-08-14T13:58:28Z,0.277,27.1834,6.75,0.3449,0.0426,0.2115,0.0681,150.103,156.679698,7.3876,93.065,100.78,343691.64334812714,0,0
2026-08-14T13:58:28Z,0.277,27.1821,6.75,0.322,0.0426,0.2115,0.0681,150.086,156.670617,7.388,93.057,102.97,343663.66330458067,0,0
2026-08-14T13:58:28Z,0.277,27.1815,6.75,0.4021,0.0426,0.1269,0.1286,150.073,156.664236,7.388,93.047,100.83,343638.4046877802,0,0
2026-08-14T13:58:28Z,0.277,27.1822,6.75,0.3716,0.0426,0.1269,0.0681,150.071,156.666871,7.3883,93.041,102.91,343640.7598362678,0,0
2026-08-14T13:58:28Z,0.277,27.1843,6.75,0.4135,0.0426,0.1269,0.0983,150.075,156.671208,7.3882,93.044,101.99,343627.7113815116,0.001,0
2026-08-14T13:58:28Z,0.277,27.1871,6.75,0.3906,0.0426,0.1269,0.0228,150.081,156.674397,7.3872,93.065,103.45,343595.69659647904,0.001,0
2026-08-14T13:58:28Z,0.278,27.1896,6.75,0.4097,0.0426,0.2115,0.0983,150.091,156.681294,7.3861,93.087,100.61,343589.93927659193,0.001,0
2026-08-14T13:58:28Z,0.278,27.1909,6.75,0.3945,0.0426,0.2115,0.0228,150.097,156.685723,7.3855,93.095,100.83,343591.6939808665,0.001,0
2026-08-14T13:58:28Z,0.278,27.191,6.75,0.4135,0.0426,0.2115,0.1739,150.09,156.68085,7.3856,93.107,102.91,343562.4463772233,0.001,0
2026-08-14T13:58:28Z,0.278,27.1901,6.75,0.3945,0.0426,0.2115,0.1286,150.077,156.67339,7.3875,93.136,106.99,343536.4698344858,0.001,0
2026-08-14T13:58:28Z,0.279,27.1887,6.75,0.3945,0.0426,0.2115,0.0379,150.069,156.66937,7.3894,93.156,102.66,343538.8035104741,0.001,0
2026-08-14T13:58:28Z,0.279,27.1882,6.75,0.4212,0.0426,0.2115,0.0983,150.062,156.663712,7.3901,93.155,105.99,343515.84233723825,0,0
2026-08-14T13:58:28Z,0.279,27.1892,6.75,0.3792,0.0426,0.2115,0.0983,150.05,156.654905,7.3909,93.136,99.564,343448.3692013296,0,0
2026-08-14T13:58:28Z,0.279,27.191,6.75,0.4135,0.0426,0.2115,0.1588,150.035,156.648617,7.3929,93.111,109.86,343380.8260628385,-0.001,0
2026-08-14T13:58:28Z,0.278,27.1925,6.75,0.4212,0.0426,0.2115,0.1588,150.023,156.651187,7.3943,93.098,104.87,343368.54494319606,-0.001,0
2026-08-14T13:58:28Z,0.278,27.1933,6.75,0.3945,0.0426,0.2115,0.0228,150.015,156.6633,7.3941,93.086,105.15,343422.5126734009,-0.002,0
2026-08-14T13:58:28Z,0.277,27.1946,6.75,0.4059,0.0426,0.2115,0.2041,150.008,156.680171,7.3924,93.066,111.55,343494.37001241685,-0.002,0
2026-08-14T13:58:28Z,0.277,27.1975,6.75,0.3868,0.0426,0.2115,0.0681,149.999,156.698287,7.3901,93.039,100.8,343544.69162095024,-0.003,0
2026-08-14T13:58:28Z,0.276,27.2025,6.75,0.3906,0.0426,0.2115,0.0983,149.996,156.718472,7.3884,93.011,106.04,343569.1881248655,-0.003,0
2026-08-14T13:58:28Z,0.275,27.2094,6.75,0.3983,0.0852,0.0846,0.1286,150.003,156.742104,7.3865,93.001,108.46,343579.190551251,-0.003,0
2026-08-14T13:58:28Z,0.274,27.2176,6.75,0.3983,0.0852,0.0846,0.1437,150.012,156.763461,7.3839,93.004,100.48,343553.1757241829,-0.003,0
2026-08-14T13:58:28Z,0.274,27.2265,6.75,0.3868,0.0852,0.0846,0.1134,150.02,156.784231,7.3806,92.993,105.12,343511.37254905404,-0.003,0
2026-08-14T13:58:28Z,0.273,27.2345,6.75,0.3945,0.0852,0.0846,0.1286,150.031,156.805945,7.3773,92.965,109.08,343490.9445860446,-0.003,0
2026-08-14T13:58:28Z,0.272,27.2399,6.84,0.4059,0.0426,0.1692,0.1134,150.043,156.818364,7.3758,92.947,106.64,343464.5592542813,-0.003,0
2026-08-14T13:58:28Z,0.271,27.2439,6.84,0.3983,0.0426,0.1692,0.1588,150.056,156.820793,7.3755,92.943,101.75,343406.91408569214,-0.003,0
2026-08-14T13:58:28Z,0.27,27.248,6.84,0.383,0.0426,0.1692,0.1437,150.077,156.821894,7.3741,92.937,110.56,343340.02810789656,-0.003,0
2026-08-14T13:58:28Z,0.269,27.2512,6.84,0.4212,0.0426,0.1692,0.0832,150.101,156.825967,7.3715,92.926,106.16,343305.91627424967,-0.002,0
2026-08-14T13:58:28Z,0.269,27.2513,6.84,0.3945,0.0426,0.1692,0.1134,150.123,156.830086,7.37,92.913,108.04,343327.30848824215,-0.002,0
2026-08-14T13:58:28Z,0.268,27.2473,6.75,0.3868,0.0426,0.0846,0.0379,150.145,156.835352,7.3702,92.904,117.06,343428.23671659257,-0.001,0
2026-08-14T13:58:28Z,0.268,27.2407,6.75,0.4021,0.0426,0.0846,0.0832,150.177,156.847175,7.3707,92.905,103.85,343612.4862949902,-0.001,0
2026-08-14T13:58:28Z,0.268,27.2336,6.75,0.3754,0.0426,0.0846,0.0228,150.214,156.860693,7.3707,92.911,104.8,343815.31517012964,-0.001,0
2026-08-14T13:58:28Z,0.268,27.2274,6.75,0.3868,0.0426,0.0846,0.1134,150.24,156.867484,7.3704,92.912,107.24,343964.2842481887,-0.001,0
2026-08-14T13:58:28Z,0.268,27.2214,6.84,0.4173,0.0852,0.1692,0.0681,150.256,156.873364,7.3705,92.907,111.79,344104.6171621203,-0.001,0
2026-08-14T13:58:28Z,0.268,27.2142,6.84,0.3945,0.0852,0.1692,0.1134,150.268,156.885914,7.3716,92.901,96.224,344304.09051468235,-0.001,0
2026-08-14T13:58:28Z,0.267,27.206,6.84,0.4021,0.0852,0.1692,0.2947,150.274,156.894453,7.3732,92.902,106.64,344498.948487267,-0.001,0
2026-08-14T13:58:28Z,0.267,27.199,6.84,0.4021,0.0852,0.1692,0.4005,150.276,156.895249,7.3741,92.908,109.1,344628.73226452066,-0.001,0
2026-08-14T13:58:28Z,0.267,27.1956,6.75,0.383,0.0426,0.1692,0.3249,150.287,156.898533,7.3741,92.917,108.65,344708.15222944604,-0,0
2026-08-14T13:58:28Z,0.267,27.1956,6.75,0.3983,0.0426,0.1692,0.3249,150.308,156.909188,7.3737,92.933,91.912,344768.318360714,-0,0
2026-08-14T13:58:28Z,0.267,27.1964,6.75,0.4097,0.0426,0.1692,0.3249,150.335,156.926047,7.3737,92.953,110.22,344849.1974466664,-0,0
2026-08-14T13:58:28Z,0.268,27.1958,6.75,0.3945,0.0426,0.1692,0.4005,150.366,156.949596,7.3742,92.971,104.44,344992.96596179495,-0,0
2026-08-14T13:58:28Z,0.268,27.1932,6.75,0.4021,0.0426,0.1692,0.2494,150.397,156.976095,7.3753,92.982,97.466,345189.3099937582,-0,0
2026-08-14T13:58:28Z,0.267,27.1895,6.84,0.3868,0.0426,0.2115,0.3249,150.415,156.988566,7.377,92.979,108.42,345326.17200340045,-0,0
2026-08-14T13:58:28Z,0.267,27.1858,6.84,0.383,0.0426,0.2115,0.3854,150.418,156.980313,7.3791,92.968,102.15,345345.90170020045,-0,0
2026-08-14T13:58:28Z,0.267,27.1828,6.84,0.3945,0.0426,0.2115,0.34,150.418,156.963163,7.381,92.96,106.39,345302.7673207355,0,0
2026-08-14T13:58:28Z,0.267,27.1808,6.84,0.3983,0.0426,0.2115,0.3552,150.427,156.95258,7.3821,92.96,100.02,345278.816907023,0,0
2026-08-14T13:58:28Z,0.267,27.1787,6.84,0.3716,0.0426,0.0846,0.34,150.451,156.959769,7.3821,92.963,106.43,345357.1488653456,0,0
2026-08-14T13:58:28Z,0.267,27.1748,6.84,0.3449,0.0426,0.0846,0.3249,150.49,156.98464,7.3818,92.962,100.3,345567.8388169414,0,0
2026-08-14T13:58:28Z,0.268,27.169,6.84,0.3067,0.0426,0.0846,0.4156,150.53,157.013787,7.3819,92.961,107.11,345836.9911516603,0,0
2026-08-14T13:58:28Z,0.267,27.1625,6.84,0.3334,0.0426,0.0846,0.3249,150.558,157.028932,7.3828,92.965,106.22,346039.6182139979,0,0
2026-08-14T13:58:28Z,0.267,27.1565,6.75,0.3296,0.0852,0.1269,0.189,150.566,157.022089,7.3838,92.975,94.34,346108.7929185963,-0.001,0
2026-08-14T13:58:28Z,0.266,27.1514,6.75,0.3258,0.0852,0.1269,0.0832,150.564,157.005461,7.3844,92.984,106.73,346106.3528672146,-0.001,0
2026-08-14T13:58:28Z,0.266,27.147,6.75,0.3411,0.0852,0.1269,0.0983,150.571,156.998657,7.3849,92.984,100.45,346146.9783834757,-0.001,0
2026-08-14T13:58:28Z,0.266,27.1424,6.75,0.3258,0.0852,0.1269,0.1437,150.583,157.003871,7.3858,92.975,93.301,346259.3277259663,-0.001,0
2026-08-14T13:58:28Z,0.266,27.1375,6.75,0.3411,0.0852,0.1269,0.053,150.594,157.014478,7.3873,92.966,108.06,346407.7002068131,-0.001,0
2026-08-14T13:58:28Z,0.266,27.1324,6.75,0.3449,0.0426,0.2115,0.1134,150.608,157.035308,7.3886,92.958,98.466,346617.7342011622,-0.001,0
2026-08-14T13:58:28Z,0.266,27.1279,6.75,0.3563,0.0426,0.2115,0.0983,150.624,157.063902,7.3892,92.95,102.64,346861.13059220935,-0.001,0
2026-08-14T13:58:28Z,0.266,27.1253,6.75,0.3449,0.0426,0.2115,0.0983,150.628,157.079832,7.3889,92.942,104.17,346998.471812206,-0.001,0
2026-08-14T13:58:28Z,0.265,27.1251,6.75,0.322,0.0426,0.2115,0.1588,150.617,157.075324,7.3882,92.939,98.96,346976.4873224413,-0.001,0
2026-08-14T13:58:28Z,0.264,27.1272,6.75,0.28,0.0426,0.1269,-0.0074,150.606,157.065207,7.3873,92.946,107.99,346881.16611361824,-0.001,0
2026-08-14T13:58:28Z,0.264,27.1311,6.75,0.2609,0.0426,0.1269,0.0681,150.608,157.066823,7.3861,92.961,97.763,346819.98935632716,-0.001,0
2026-08-14T13:58:28Z,0.264,27.1351,6.75,0.2876,0.0426,0.1269,0.0379,150.628,157.084608,7.385,92.976,100.08,346848.7738857401,-0.001,0
2026-08-14T13:58:28Z,0.264,27.1375,6.75,0.2419,0.0426,0.1269,0.1286,150.654,157.107276,7.3844,92.979,106.48,346934.12651591934,-0.001,0
2026-08-14T13:58:28Z,0.264,27.1381,6.84,0.2533,0.0426,0.1269,0.0983,150.681,157.12484,7.3849,92.973,102.88,347022.9917555456,-0.001,0
2026-08-14T13:58:28Z,0.264,27.1376,6.84,0.28,0.0426,0.1269,0.0379,150.705,157.12996,7.3862,92.966,108.65,347061.07819220156,-0.001,0
2026-08-14T13:58:28Z,0.263,27.1368,6.84,0.2648,0.0426,0.1269,0.0681,150.717,157.115985,7.3874,92.958,112.37,346996.1866594568,-0.002,0
2026-08-14T13:58:28Z,0.262,27.1352,6.84,0.2419,0.0426,0.1269,0.0681,150.718,157.091208,7.3878,92.943,106.48,346884.42610394536,-0.002,0
2026-08-14T13:58:28Z,0.262,27.1316,6.84,0.2724,0.0426,0.1692,0.1437,150.717,157.069061,7.3878,92.929,105.05,346823.67276936217,-0.002,0
2026-08-14T13:58:28Z,0.262,27.125,6.84,0.2838,0.0426,0.1692,0.0983,150.721,157.059668,7.3882,92.923,105.21,346889.4154497396,-0.001,0
2026-08-14T13:58:28Z,0.261,27.1162,6.84,0.2724,0.0426,0.1692,0.0681,150.732,157.06453,7.3887,92.925,110.2,347075.8380296896,-0.001,0
2026-08-14T13:58:28Z,0.261,27.1077,6.84,0.2838,0.0426,0.1692,0.1437,150.744,157.076928,7.3886,92.928,106.78,347299.7838354791,-0.001,0
2026-08-14T13:58:28Z,0.261,27.1009,6.84,0.28,0.0426,0.1692,0.1739,150.757,157.09616,7.3884,92.928,107.69,347532.0068575068,-0.001,0
2026-08-14T13:58:28Z,0.261,27.0963,6.75,0.2724,0.0426,0.2115,0.0983,150.767,157.115334,7.3885,92.921,108.37,347724.24811292964,-0.001,0
2026-08-14T13:58:28Z,0.26,27.0941,6.75,0.2686,0.0426,0.2115,0.1134,150.76,157.119522,7.3889,92.913,109.74,347787.8805365387,-0.001,0
2026-08-14T13:58:28Z,0.26,27.0941,6.75,0.2533,0.0426,0.2115,0.053,150.74,157.109843,7.3892,92.909,104.96,347732.81909709243,-0.001,0
2026-08-14T13:58:28Z,0.259,27.0959,6.75,0.2648,0.0426,0.2115,0.0077,150.722,157.103756,7.389,92.905,106.99,347665.6311663116,-0.001,0
2026-08-14T13:58:28Z,0.259,27.0989,6.75,0.28,0.0426,0.0846,0.053,150.71,157.103645,7.3881,92.899,112.47,347610.7361322839,-0.001,0
2026-08-14T13:58:28Z,0.259,27.1025,6.75,0.2724,0.0426,0.0846,0.0983,150.696,157.101466,7.387,92.896,100.56,347533.2453146046,-0.001,0
2026-08-14T13:58:28Z,0.259,27.1065,6.75,0.2648,0.0426,0.0846,0.0983,150.685,157.104653,7.3862,92.896,110.08,347479.04711333936,-0.001,0
2026-08-14T13:58:28Z,0.259,27.1105,6.75,0.2762,0.0426,0.0846,0.0379,150.678,157.114057,7.3853,92.893,110.41,347460.19676037895,-0,0
2026-08-14T13:58:28Z,0.259,27.1145,6.84,0.2762,0.0426,0.1269,0.1286,150.663,157.116156,7.3843,92.89,108.44,347399.8343979512,-0,0
2026-08-14T13:58:28Z,0.259,27.1188,6.84,0.2495,0.0426,0.1269,0.053,150.637,157.107502,7.3835,92.888,109.17,347272.97574959864,-0,0
2026-08-14T13:58:28Z,0.258,27.1236,6.84,0.2876,0.0426,0.1269,0.0983,150.608,157.093805,7.3828,92.884,108.91,347108.4999341223,0,0
2026-08-14T13:58:28Z,0.258,27.1291,6.84,0.2991,0.0426,0.1269,0.0983,150.583,157.083436,7.3819,92.879,111.77,346950.36291876796,0,0
2026-08-14T13:58:28Z,0.259,27.1351,6.84,0.2838,0.0426,0.1269,0.0379,150.569,157.085653,7.3809,92.877,105.35,346854.706160393,0,0
2026-08-14T13:58:28Z,0.259,27.1412,6.75,0.2876,0.0852,0.2115,0.0379,150.558,157.093033,7.3799,92.877,108.11,346786.57393934415,0,0
2026-08-14T13:58:28Z,0.259,27.1468,6.75,0.2648,0.0852,0.2115,0.0832,150.54,157.095522,7.3788,92.876,101.16,346699.7343898848,0,0
2026-08-14T13:58:28Z,0.259,27.1519,6.75,0.2724,0.0852,0.2115,0.0228,150.519,157.093784,7.3777,92.874,107.6,346597.9654899276,0,0
2026-08-14T13:58:28Z,0.258,27.1574,6.75,0.28,0.0852,0.2115,0.0228,150.496,157.087357,7.3768,92.872,109.24,346462.44939153385,0,0
2026-08-14T13:58:28Z,0.258,27.1637,6.75,0.28,0.0426,0.2115,-0.0376,150.479,157.082545,7.376,92.872,108.39,346321.7430698674,0,0
2026-08-14T13:58:28Z,0.258,27.1707,6.75,0.2838,0.0426,0.2115,0.0983,150.473,157.086079,7.375,92.873,104.35,346215.78323654685,0,0
2026-08-14T13:58:28Z,0.258,27.1776,6.75,0.2495,0.0426,0.2115,0.0681,150.467,157.090886,7.3739,92.873,104.69,346118.87597336015,0,0
2026-08-14T13:58:28Z,0.258,27.1835,6.75,0.28,0.0426,0.2115,0.189,150.453,157.090233,7.373,92.869,110.01,346009.0792530295,0,0
2026-08-14T13:58:28Z,0.259,27.1879,6.84,0.2648,0.0426,0.1692,0.053,150.436,157.091962,7.3724,92.867,101.91,345939.76711982326,0,0
2026-08-14T13:58:28Z,0.259,27.1912,6.84,0.2991,0.0426,0.1692,0.0228,150.423,157.100543,7.3721,92.868,103.65,345929.01710319816,0,0
2026-08-14T13:58:28Z,0.259,27.1945,6.84,0.2876,0.0426,0.1692,0.0681,150.408,157.106241,7.3716,92.868,109.77,345901.95429515693,0,0
2026-08-14T13:58:28Z,0.258,27.1992,6.84,0.28,0.0426,0.1692,0.1286,150.389,157.102564,7.3707,92.87,101.4,345796.7043463031,0,0
2026-08-14T13:58:28Z,0.258,27.2057,6.84,0.2648,0.0426,0.1692,0.1588,150.368,157.092538,7.3697,92.876,103.15,345623.26995575323,0,0
2026-08-14T13:58:28Z,0.259,27.2131,6.84,0.2609,0.0426,0.1692,0.0983,150.35,157.085514,7.3688,92.882,100.54,345450.7497749153,0,0
2026-08-14T13:58:28Z,0.259,27.22,6.84,0.2762,0.0426,0.1692,0.053,150.338,157.087633,7.3679,92.886,103.94,345338.94991950423,0,0
2026-08-14T13:58:28Z,0.259,27.2254,6.84,0.2876,0.0426,0.1692,0.0228,150.327,157.095454,7.3673,92.887,102.91,345286.29874544445,0,0
2026-08-14T13:58:28Z,0.259,27.2294,6.84,0.2571,0.0426,0.1692,0.2192,150.313,157.103047,7.3672,92.889,101.8,345257.4714786046,0,0
2026-08-14T13:58:28Z,0.259,27.2332,6.75,0.2724,0.0852,0.1692,0.1588,150.299,157.108432,7.3672,92.893,100.13,345219.7646946303,0.001,0
2026-08-14T13:58:28Z,0.259,27.2382,6.75,0.2648,0.0852,0.1692,0.0681,150.29,157.113046,7.3669,92.895,101.2,345156.20672831836,0.001,0
2026-08-14T13:58:28Z,0.259,27.2448,6.75,0.3449,0.0852,0.1692,0.053,150.286,157.11812,7.3662,92.896,106.02,345066.59999784007,0.001,0
2026-08-14T13:58:28Z,0.26,27.2521,6.75,0.3487,0.0852,0.1692,0.189,150.288,157.129014,7.3654,92.899,99.369,344997.3331177292,0.002,0
2026-08-14T13:58:28Z,0.26,27.2587,6.75,0.3296,0.0426,0.2115,0.0832,150.292,157.144626,7.3649,92.905,102.44,344967.23908115143,0.003,0
2026-08-14T13:58:28Z,0.261,27.2633,6.75,0.322,0.0426,0.2115,0.0983,150.292,157.161103,7.3644,92.914,98.103,344977.83513803757,0.003,0
2026-08-14T13:58:28Z,0.262,27.2665,6.75,0.3411,0.0426,0.2115,0.053,150.289,157.178832,7.364,92.925,100.5,345020.55596700544,0.004,0
2026-08-14T13:58:28Z,0.263,27.2694,6.75,0.3449,0.0426,0.2115,0.0983,150.277,157.186512,7.3639,92.938,102.66,345011.95654760074,0.005,0
2026-08-14T13:58:28Z,0.264,27.2731,6.75,0.3525,0,0.1692,0.0983,150.265,157.186192,7.3639,92.958,101.16,344943.91495614144,0.005,0
2026-08-14T13:58:28Z,0.266,27.2785,6.75,0.322,0,0.1692,0.1739,150.273,157.193819,7.3638,92.99,98.167,344890.2799842244,0.006,0
2026-08-14T13:58:28Z,0.268,27.2855,6.75,0.3182,0,0.1692,0.0983,150.31,157.215437,7.3638,93.034,108.25,344886.9087469416,0.006,0
2026-08-14T13:58:28Z,0.27,27.2923,6.75,0.3372,0,0.1692,0.053,150.381,157.256809,7.3639,93.08,99.585,344998.4779812368,0.006,0
2026-08-14T13:58:28Z,0.272,27.2965,6.75,0.3449,0,0.1692,0.189,150.474,157.308925,7.3649,93.11,98.466,345217.1724502976,0.006,0
2026-08-14T13:58:28Z,0.274,27.2964,6.84,0.3334,0.0426,0.1692,0.0832,150.555,157.345603,7.3675,93.128,99.456,345425.86150577635,0.005,0
2026-08-14T13:58:28Z,0.274,27.2907,6.84,0.3143,0.0426,0.1692,0.0681,150.599,157.348564,7.3717,93.148,96.392,345544.72593073937,0.004,0
2026-08-14T13:58:28Z,0.275,27.2796,6.84,0.3372,0.0426,0.1692,0.0983,150.61,157.32661,7.3768,93.162,96.308,345619.8159127193,0.003,0
2026-08-14T13:58:28Z,0.275,27.2647,6.84,0.3411,0.0426,0.1692,0.0832,150.61,157.305948,7.3812,93.154,95.267,345770.41685706854,0.002,0
2026-08-14T13:58:28Z,0.275,27.2488,6.75,0.3639,0.0426,0.2115,0.2041,150.618,157.305116,7.3847,93.13,95.454,346051.18768466136,0.001,0
2026-08-14T13:58:28Z,0.276,27.2343,6.75,0.3372,0.0426,0.2115,0.0983,150.641,157.327897,7.3882,93.121,91.972,346440.6989817378,0.001,0
2026-08-14T13:58:28Z,0.276,27.2233,6.75,0.3487,0.0426,0.2115,0.0228,150.668,157.36033,7.3908,93.138,93.687,346822.3233067892,0,0
2026-08-14T13:58:28Z,0.276,27.2164,6.75,0.3449,0.0426,0.2115,0.053,150.691,157.387017,7.391,93.163,95.35,347097.8668696416,0,0
2026-08-14T13:58:28Z,0.276,27.2131,6.75,0.3067,0.0426,0.3384,0.0832,150.706,157.399043,7.3896,93.178,99.046,347225.54175542213,-0.001,0
2026-08-14T13:58:28Z,0.275,27.2128,6.75,0.3143,0.0426,0.3384,0.1134,150.703,157.391599,7.3889,93.182,86.863,347188.7488245051,-0.001,0
2026-08-14T13:58:28Z,0.275,27.2142,6.75,0.3105,0.0426,0.3384,0.0832,150.687,157.374722,7.3901,93.176,94.525,347067.83950055833,-0.002,0
2026-08-14T13:58:28Z,0.274,27.215,6.75,0.3334,0.0426,0.3384,0.0681,150.67,157.363951,7.392,93.157,94.422,346992.37606520555,-0.002,0
2026-08-14T13:58:28Z,0.274,27.214,6.84,0.3334,0.0426,0.1269,0.1134,150.658,157.36443,7.3933,93.115,89.488,347013.11339208117,-0.002,0
2026-08-14T13:58:28Z,0.274,27.2126,6.84,0.3449,0.0426,0.1269,0.1286,150.647,157.372279,7.3937,93.055,82.27,347082.83573771676,-0.002,0
2026-08-14T13:58:28Z,0.273,27.2125,6.84,0.3334,0.0426,0.1269,0.1588,150.632,157.377569,7.3933,93.013,93.788,347114.6242638579,-0.003,0
2026-08-14T13:58:28Z,0.273,27.2148,6.84,0.3411,0.0426,0.1269,0.0379,150.602,157.365681,7.3915,93.007,85.329,347005.7853170419,-0.003,0
2026-08-14T13:58:28Z,0.272,27.2193,6.84,0.3449,0.0426,0.1269,0.1588,150.566,157.341462,7.3876,93.016,85.682,346787.4904781414,-0.004,0
2026-08-14T13:58:28Z,0.271,27.2256,6.75,0.3754,0.0852,0.1269,0.0832,150.552,157.334525,7.382,93.015,91.872,346634.7703246933,-0.005,0
2026-08-14T13:58:28Z,0.269,27.2326,6.75,0.3716,0.0852,0.1269,0.0983,150.577,157.359052,7.3777,93.003,90.485,346647.64055394597,-0.006,0
2026-08-14T13:58:28Z,0.268,27.2389,6.75,0.3182,0.0852,0.1269,0.0228,150.62,157.397536,7.3764,92.985,82.808,346752.11873945495,-0.007,0
2026-08-14T13:58:28Z,0.266,27.2435,6.75,0.3372,0.0852,0.1269,0.1134,150.649,157.418157,7.3765,92.952,99.218,346786.0559275771,-0.007,0
2026-08-14T13:58:28Z,0.263,27.2459,6.75,0.3525,0.0426,0.1692,0.189,150.647,157.404369,7.3761,92.907,96.896,346664.8036393846,-0.007,0
2026-08-14T13:58:28Z,0.26,27.2456,6.75,0.3143,0.0426,0.1692,0.1286,150.628,157.374538,7.3752,92.862,97.53,346501.377262702,-0.006,0
2026-08-14T13:58:28Z,0.259,27.2435,6.75,0.3449,0.0426,0.1692,0.0832,150.622,157.36279,7.3741,92.825,102.51,346472.67485670786,-0.005,0
2026-08-14T13:58:28Z,0.258,27.2403,6.75,0.3487,0.0426,0.1692,0.0681,150.643,157.386032,7.3719,92.808,84.812,346661.79345694627,-0.003,0
2026-08-14T13:58:28Z,0.258,27.2364,6.75,0.322,0.0426,0.2538,0.053,150.683,157.43443,7.3688,92.812,100.61,347006.08787323185,-0.002,0
2026-08-14T13:58:28Z,0.258,27.233,6.75,0.322,0.0426,0.2538,0.1588,150.721,157.48482,7.3656,92.83,100.78,347352.91838639195,-0.002,0
2026-08-14T13:58:28Z,0.257,27.2312,6.75,0.3449,0.0426,0.2538,0.1588,150.746,157.520581,7.3629,92.854,89.042,347588.15319045977,-0.001,0
2026-08-14T13:58:28Z,0.257,27.2315,6.75,0.3143,0.0426,0.2538,0.0983,150.757,157.54123,7.3615,92.881,82.395,347699.85120688967,-0.001,0
2026-08-14T13:58:28Z,0.256,27.2338,6.75,0.3563,0.0426,0.2538,0.1286,150.762,157.558286,7.3616,92.902,91.077,347755.0705883961,-0.001,0
2026-08-14T13:58:28Z,0.256,27.2371,6.75,0.3563,0.0852,0.1692,0.0832,150.773,157.590324,7.3626,92.917,90.171,347877.22175707266,-0.001,0
2026-08-14T13:58:28Z,0.256,27.2403,6.75,0.3143,0.0852,0.1692,0.0681,150.811,157.661919,7.3641,92.928,98.125,348225.68497872096,-0.001,0
2026-08-14T13:58:28Z,0.256,27.2434,6.75,0.3105,0.0852,0.1692,0.1588,150.908,157.808196,7.3658,92.94,96.833,349000.4396621894,-0.001,0
2026-08-14T13:58:28Z,0.256,27.2474,6.75,0.3258,0.0852,0.1692,0.1588,151.103,158.076179,7.367,92.963,90.82,350452.83116658614,-0.001,0
2026-08-14T13:58:28Z,0.255,27.2541,6.84,0.322,0.0426,0.1692,0.0832,151.441,158.529315,7.3673,93.012,97.933,352917.7068534419,-0.001,0
2026-08-14T13:58:28Z,0.255,27.2645,6.84,0.3372,0.0426,0.1692,0.0681,151.971,159.246356,7.3668,93.101,100.87,356842.04428765975,-0.001,0
2026-08-14T13:58:28Z,0.254,27.2791,6.84,0.322,0.0426,0.1692,0.1588,152.539,160.093848,7.3658,93.14,89.216,361469.0735615605,-0.001,0
2026-08-14T13:58:28Z,0.254,27.3002,6.84,0.322,0.0426,0.1692,0.0832,152.825,160.716594,7.3649,92.93,98.295,364694.1884703611,-0.001,0
2026-08-14T13:58:28Z,0.254,27.3329,6.75,0.322,0.0426,0.0846,0.0832,152.79,160.998097,7.3645,92.388,100.06,365717.2464241162,-0.001,0
2026-08-14T13:58:28Z,0.254,27.3862,6.75,0.322,0.0426,0.0846,0.0681,152.64,161.097632,7.3647,91.57,86.675,365287.93478546507,-0.001,0
2026-08-14T13:58:28Z,0.253,27.4689,6.75,0.322,0.0426,0.0846,0.1286,152.509,161.143976,7.357,90.568,92.775,363995.90161785134,-0.001,0
2026-08-14T13:58:28Z,0.253,27.5747,6.75,0.3334,0.0426,0.0846,0.0228,152.403,161.155507,7.3268,89.507,94.751,362076.56621899013,-0.001,0
2026-08-14T13:58:28Z,0.252,27.6793,6.75,0.3067,0.0426,0.0846,0.1134,152.301,161.127285,7.2706,88.539,97.954,359964.56568915176,-0.001,0
2026-08-14T13:58:28Z,0.252,27.7637,6.75,0.322,0.0426,0.1692,0.0379,152.221,161.091872,7.1954,87.803,88.945,358199.4180784495,-0.001,0
2026-08-14T13:58:28Z,0.252,27.8244,6.75,0.3372,0.0426,0.1692,0.1588,152.175,161.071895,7.1089,87.409,95.019,356967.77787612483,-0,0
2026-08-14T13:58:28Z,0.252,27.8651,6.75,0.322,0.0426,0.1692,0.053,152.133,161.041982,7.0205,87.401,89.333,356051.0427224415,0,0
2026-08-14T13:58:28Z,0.253,27.8912,6.75,0.322,0.0426,0.1692,0.0228,152.067,160.978123,6.9413,87.736,88.54,355211.25551938906,0.001,0
2026-08-14T13:58:28Z,0.253,27.9073,6.75,0.3296,0.0426,0.0846,0.053,152.001,160.909386,6.8815,88.322,91.613,354528.0768520507,0.001,0
2026-08-14T13:58:28Z,0.253,27.9167,6.75,0.3258,0.0426,0.0846,0.0228,151.96,160.865545,6.8494,89.045,98.445,354108.7889804942,0.001,0
2026-08-14T13:58:28Z,0.253,27.9216,6.75,0.3639,0.0426,0.0846,0.2192,151.926,160.82689,6.8481,89.804,95.953,353801.0728468049,0.002,0
2026-08-14T13:58:28Z,0.253,27.9236,6.75,0.3449,0.0426,0.0846,0.053,151.883,160.777101,6.8742,90.52,102.28,353483.3584474302,0.002,0
2026-08-14T13:58:28Z,0.254,27.9239,6.75,0.3372,0.0426,0.1692,0.0983,151.853,160.740981,6.92,91.15,97.064,353273.88809454476,0.002,0
2026-08-14T13:58:28Z,0.255,27.9235,6.75,0.322,0.0426,0.1692,0.0681,151.842,160.722928,6.9767,91.674,86.411,353179.2038326784,0.002,0
2026-08-14T13:58:28Z,0.256,27.9227,6.75,0.3143,0.0426,0.1692,0.0077,151.822,160.69608,7.0362,92.087,92.192,353042.13925218,0.002,0
2026-08-14T13:58:28Z,0.256,27.9214,6.75,0.3182,0.0426,0.1692,0.1134,151.789,160.655283,7.0925,92.399,91.494,352835.44587133406,0.002,0
2026-08-14T13:58:28Z,0.257,27.9197,6.75,0.3487,0.0426,0.2115,0.0681,151.765,160.623729,7.1421,92.627,82.862,352688.2124509686,0.002,0
2026-08-14T13:58:28Z,0.257,27.9178,6.75,0.322,0.0426,0.2115,0.0379,151.759,160.611042,7.1833,92.788,88.752,352651.06861183414,0.002,0
2026-08-14T13:58:28Z,0.258,27.9159,6.75,0.4135,0.0426,0.2115,0.0983,151.752,160.597804,7.216,92.897,93.463,352610.81495941675,0.002,0
2026-08-14T13:58:28Z,0.258,27.9138,6.75,0.3868,0.0426,0.2115,0.053,151.746,160.584493,7.2407,92.966,88.579,352573.77342672413,0.002,0
2026-08-14T13:58:28Z,0.259,27.9117,6.75,0.383,0.0426,0.2115,0.0983,151.759,160.59161,7.2589,93.001,88.829,352651.9886805605,0.002,0
2026-08-14T13:58:28Z,0.259,27.9097,6.75,0.383,0.0426,0.1692,0.0681,151.775,160.603014,7.2717,93.015,90.721,352752.60314399464,0.002,0
2026-08-14T13:58:28Z,0.26,27.9077,6.75,0.4021,0.0426,0.1692,0.1134,151.782,160.603708,7.2805,93.018,87.717,352792.7860754091,0.002,0
2026-08-14T13:58:28Z,0.26,27.9056,6.75,0.3792,0.0426,0.1692,0.0681,151.788,160.603898,7.2862,93.012,85.125,352831.94353681937,0.002,0
2026-08-14T13:58:28Z,0.261,27.9035,6.75,0.4097,0.0426,0.1692,0.053,151.776,160.585596,7.2893,92.999,95.019,352766.71325513296,0.002,0
2026-08-14T13:58:28Z,0.261,27.9014,6.75,0.4173,0.0426,0.2115,0.0832,151.745,160.54793,7.2906,92.979,84.756,352592.196949987,0.003,0
2026-08-14T13:58:28Z,0.262,27.8994,6.75,0.3868,0.0426,0.2115,0.1437,151.724,160.52094,7.2911,92.958,90.387,352476.14143787057,0.003,0
2026-08-14T13:58:28Z,0.263,27.8974,6.75,0.4288,0.0426,0.2115,0.0983,151.714,160.505445,7.2909,92.943,88.29,352424.95236081333,0.004,0
2026-08-14T13:58:28Z,0.264,27.8957,6.75,0.4135,0.0426,0.2115,0.0983,151.708,160.493306,7.2901,92.941,89.683,352387.26268810674,0.005,0
2026-08-14T13:58:28Z,0.265,27.894,6.75,0.4021,0.0426,0.1269,0.189,151.719,160.497318,7.2888,92.953,83.386,352440.7005468436,0.005,0
2026-08-14T13:58:28Z,0.266,27.8923,6.75,0.4059,0.0426,0.1269,0.1437,151.76,160.530577,7.2873,92.973,91.176,352659.2228431656,0.004,0
2026-08-14T13:58:28Z,0.268,27.8906,6.75,0.3945,0.0426,0.1269,0.1739,151.809,160.571887,7.2863,92.997,84.867,352923.3116492096,0.004,0
2026-08-14T13:58:28Z,0.27,27.8888,6.75,0.4059,0.0426,0.1269,0.0681,151.817,160.576145,7.2864,93.022,79.046,352980.0264345793,0.003,0
2026-08-14T13:58:28Z,0.27,27.8864,6.75,0.3868,0.0426,0.1269,0.0681,151.791,160.544486,7.2877,93.048,90.289,352844.7657469797,0.002,0
2026-08-14T13:58:28Z,0.27,27.8828,6.84,0.4021,0.0426,0.1269,0.2343,151.779,160.520579,7.2897,93.076,84.279,352775.0635299998,0.001,0
2026-08-14T13:58:28Z,0.269,27.8796,6.84,0.4021,0.0426,0.1269,0.0681,151.796,160.516087,7.292,93.102,93.118,352807.74783871975,0,0
2026-08-14T13:58:28Z,0.269,27.8779,6.84,0.383,0.0426,0.1269,-0.0074,151.814,160.509769,7.2941,93.12,87.185,352802.9067376155,-0.001,0
2026-08-14T13:58:28Z,0.269,27.8766,6.84,0.3945,0.0426,0.1269,0.1286,151.805,160.479895,7.2964,93.124,88.945,352657.77639623167,-0.001,0
2026-08-14T13:58:28Z,0.27,27.8729,6.75,0.3792,0.0426,0.0846,0.0681,151.762,160.422504,7.2991,93.119,95.412,352400.84033604176,-0.001,0
2026-08-14T13:58:28Z,0.269,27.8657,6.75,0.4021,0.0426,0.0846,0.1437,151.707,160.358368,7.3021,93.103,88.54,352169.31156009744,-0.001,0
2026-08-14T13:58:28Z,0.269,27.8572,6.75,0.4212,0.0426,0.0846,0.0681,151.671,160.316482,7.3045,93.08,98.852,352086.8915051111,-0.001,0
2026-08-14T13:58:28Z,0.268,27.8506,6.75,0.383,0.0426,0.0846,0.0228,151.673,160.315739,7.3057,93.054,100.35,352202.26074221224,-0.001,0
2026-08-14T13:58:28Z,0.268,27.8467,6.75,0.3945,0.0852,0.2115,-0.0074,151.694,160.333894,7.3058,93.025,93.564,352375.4563436583,-0.001,0
2026-08-14T13:58:28Z,0.268,27.8446,6.75,0.3906,0.0852,0.2115,0.0983,151.699,160.333702,7.3049,92.995,94.484,352412.4464350068,-0.001,0
2026-08-14T13:58:28Z,0.268,27.8433,6.75,0.3868,0.0852,0.2115,0.0681,151.699,160.327135,7.3032,92.969,91.216,352398.9268252913,-0,0
2026-08-14T13:58:28Z,0.268,27.8424,6.75,0.3792,0.0852,0.2115,0.0379,151.711,160.336492,7.3013,92.953,95.537,352468.0997416055,-0,0
2026-08-14T13:58:28Z,0.268,27.841,6.84,0.383,0.0426,0.2538,0.0983,151.719,160.344227,7.2992,92.943,88.907,352537.18928297947,0,0
2026-08-14T13:58:28Z,0.267,27.8392,6.84,0.3258,0.0426,0.2538,0.1134,151.705,160.332359,7.2971,92.941,99.542,352502.78946291603,0,0
2026-08-14T13:58:28Z,0.268,27.8372,6.84,0.3563,0.0426,0.2538,0.1588,151.683,160.313757,7.2953,92.943,83.95,352433.97313235083,0,0
2026-08-14T13:58:28Z,0.268,27.836,6.84,0.3182,0.0426,0.2538,0.1437,151.667,160.303505,7.2942,92.94,91.633,352397.8205784869,0,0
2026-08-14T13:58:28Z,0.268,27.8358,6.84,0.3411,0.0426,0.2538,0.1588,151.655,160.298867,7.2934,92.926,88.08,352375.2479980327,0,0
2026-08-14T13:58:28Z,0.268,27.8368,6.75,0.3601,0.0426,0.1269,0.1437,151.639,160.290591,7.2931,92.905,88.08,352310.3717771999,0,0
2026-08-14T13:58:28Z,0.268,27.8384,6.75,0.3983,0.0426,0.1269,0.0681,151.613,160.272463,7.2931,92.877,87.793,352178.9986024152,0,0
2026-08-14T13:58:28Z,0.268,27.8406,6.75,0.3868,0.0426,0.1269,0.1588,151.58,160.247664,7.2925,92.848,89.236,351999.1400461444,0,0
2026-08-14T13:58:28Z,0.268,27.8433,6.75,0.3678,0.0426,0.1269,0.0077,151.554,160.229625,7.2911,92.823,91.832,351848.4454486703,0,0
2026-08-14T13:58:28Z,0.268,27.8462,6.84,0.3868,0.0852,0.1692,0.1739,151.546,160.229571,7.2891,92.797,77.515,351795.6464372443,0,0
2026-08-14T13:58:28Z,0.268,27.8492,6.84,0.4212,0.0852,0.1692,0.0681,151.545,160.235461,7.2865,92.767,83.658,351774.5792795403,0,0
2026-08-14T13:58:28Z,0.268,27.8522,6.84,0.3906,0.0852,0.1692,-0.0074,151.53,160.224815,7.2838,92.74,90.093,351660.2468068307,0,0
2026-08-14T13:58:28Z,0.268,27.8553,6.84,0.3906,0.0852,0.1692,0.1286,151.506,160.202813,7.2814,92.716,87.071,351480.11624420364,0,0
2026-08-14T13:58:28Z,0.268,27.8581,6.84,0.3945,0.0426,0.2115,0.1588,151.495,160.19365,7.279,92.698,83.786,351377.84641681064,0,0
2026-08-14T13:58:28Z,0.268,27.8604,6.84,0.3945,0.0426,0.2115,0.1739,151.5,160.200895,7.2765,92.686,89.042,351377.1098407082,0,0
2026-08-14T13:58:28Z,0.268,27.8622,6.84,0.4021,0.0426,0.2115,0.0681,151.515,160.218464,7.2741,92.674,83.35,351443.59834471665,0,0
2026-08-14T13:58:28Z,0.268,27.8634,6.84,0.4059,0.0426,0.2115,0.0228,151.544,160.251041,7.2721,92.655,98.445,351605.5470518982,0.001,0
2026-08-14T13:58:28Z,0.268,27.8643,6.84,0.3945,0.0426,0.2115,0.1134,151.58,160.289277,7.2705,92.633,88.752,351804.876433345,0.001,0
2026-08-14T13:58:28Z,0.268,27.8651,6.84,0.3868,0.0852,0.2115,0.0832,151.596,160.305287,7.2695,92.614,85.051,351880.6982622569,0.001,0
2026-08-14T13:58:28Z,0.268,27.8656,6.84,0.3945,0.0852,0.2115,0.0681,151.583,160.291315,7.2685,92.602,99.218,351792.84712081763,0.002,0
2026-08-14T13:58:28Z,0.269,27.8659,6.84,0.4059,0.0852,0.2115,0.0983,151.565,160.271695,7.2669,92.594,89.78,351676.78234312905,0.002,0
2026-08-14T13:58:28Z,0.269,27.866,6.84,0.3258,0.0852,0.2115,0.0681,151.548,160.253219,7.2652,92.586,98.381,351570.8075823838,0.003,0
2026-08-14T13:58:28Z,0.27,27.8658,6.75,0.3487,0.0426,0.0846,0.1134,151.519,160.222943,7.2637,92.577,85.255,351403.7700790366,0.003,0
2026-08-14T13:58:28Z,0.271,27.8657,6.75,0.3449,0.0426,0.0846,0.1286,151.489,160.190833,7.2628,92.571,98.917,351224.6402786094,0.004,0
2026-08-14T13:58:28Z,0.272,27.8655,6.75,0.3372,0.0426,0.0846,0.0228,151.468,160.170371,7.2622,92.571,93.87,351112.9799566812,0.004,0
2026-08-14T13:58:28Z,0.273,27.8655,6.75,0.4135,0.0426,0.0846,0.1286,151.452,160.154098,7.2615,92.576,87.564,351021.3219419762,0.003,0
2026-08-14T13:58:28Z,0.274,27.8655,6.75,0.3945,0,0.1692,0.1134,151.435,160.137673,7.2608,92.581,87.641,350928.8226099787,0.003,0
2026-08-14T13:58:28Z,0.275,27.8656,6.75,0.383,0,0.1692,0.0681,151.422,160.122729,7.2604,92.583,87.469,350842.87209606083,0.002,0
2026-08-14T13:58:28Z,0.275,27.8659,6.75,0.4059,0,0.1692,0.053,151.416,160.113298,7.2604,92.588,88.791,350784.36262488796,0.001,0
2026-08-14T13:58:28Z,0.275,27.8663,6.75,0.3792,0,0.1692,0.0983,151.428,160.120894,7.2607,92.598,85.051,350819.9097037119,0,0
2026-08-14T13:58:28Z,0.275,27.8665,6.84,0.383,0.0426,0.1692,0.0228,151.452,160.139527,7.261,92.61,86.656,350921.21334053064,0,0
2026-08-14T13:58:28Z,0.275,27.8662,6.84,0.383,0.0426,0.1692,0.1286,151.466,160.146106,7.2613,92.62,91.832,350963.6758950663,0,0
2026-08-14T13:58:28Z,0.275,27.8651,6.84,0.3754,0.0426,0.1692,0.053,151.467,160.138375,7.2618,92.623,94.197,350939.9956929635,0,0
2026-08-14T13:58:28Z,0.274,27.8635,6.84,0.4479,0.0426,0.1692,0.1588,151.472,160.136319,7.2628,92.617,88.31,350957.2988495571,0,0
2026-08-14T13:58:28Z,0.274,27.8613,6.84,0.444,0.0426,0.1692,0.0681,151.487,160.145403,7.264,92.601,86.205,351048.18127079814,0,0
2026-08-14T13:58:28Z,0.274,27.8586,6.75,0.4555,0.0426,0.1269,0.0681,151.51,160.164039,7.2651,92.575,92.594,351201.93621842674,0.001,0
2026-08-14T13:58:28Z,0.274,27.8558,6.75,0.4364,0.0426,0.1269,0.1739,151.527,160.179159,7.2657,92.544,90.721,351337.73843778274,0.001,0
2026-08-14T13:58:28Z,0.275,27.8532,6.75,0.4593,0.0426,0.1269,0.1286,151.522,160.172748,7.2655,92.511,99.65,351348.5950765596,0.002,0
2026-08-14T13:58:28Z,0.276,27.851,6.75,0.4593,0.0426,0.1269,0.0983,151.51,160.161136,7.2645,92.477,88.195,351322.90514439973,0.002,0
2026-08-14T13:58:28Z,0.277,27.8494,6.75,0.4708,0.0426,0.1269,0.0983,151.497,160.149242,7.2627,92.454,97.445,351284.7807885981,0.002,0
2026-08-14T13:58:28Z,0.277,27.8484,6.75,0.4898,0.0426,0.1269,0.1588,151.47,160.123875,7.2605,92.444,88.329,351159.8834065624,0.002,0
2026-08-14T13:58:28Z,0.277,27.8482,6.75,0.4593,0.0426,0.1269,-0.0074,151.447,160.102319,7.2579,92.445,92.997,351042.0323862576,0.001,0
2026-08-14T13:58:28Z,0.278,27.8485,6.75,0.4593,0.0426,0.1269,0.1286,151.446,160.104882,7.2552,92.455,87.736,351051.0548916404,0.001,0
2026-08-14T13:58:28Z,0.278,27.8492,6.75,0.4479,0.0426,0.2538,0.1286,151.452,160.114208,7.2533,92.471,83.749,351090.9586613714,0.001,0
2026-08-14T13:58:28Z,0.278,27.8501,6.75,0.4593,0.0426,0.2538,0.1286,151.446,160.11074,7.2524,92.489,93.952,351055.1631450341,0.001,0
2026-08-14T13:58:28Z,0.279,27.8511,6.75,0.4097,0.0426,0.2538,0.0983,151.436,160.101569,7.2524,92.5,90.939,350985.43775449926,0.001,0
2026-08-14T13:58:28Z,0.279,27.8521,6.75,0.383,0.0426,0.2538,0.1588,151.421,160.088259,7.253,92.499,90.919,350892.4109223487,0.001,0
2026-08-14T13:58:28Z,0.279,27.853,6.75,0.4021,0.0426,0.2538,0.0077,151.417,160.085298,7.2542,92.49,90.269,350859.488945192,0.001,0
2026-08-14T13:58:28Z,0.279,27.8538,6.75,0.3983,0.0426,0.0846,0.0832,151.432,160.10392,7.2555,92.473,89.683,350949.93214648915,0.001,0
2026-08-14T13:58:28Z,0.279,27.8546,6.75,0.3945,0.0426,0.0846,0.0379,151.437,160.113016,7.2562,92.447,92.876,350986.72454789665,0,0
2026-08-14T13:58:28Z,0.28,27.8552,6.75,0.3945,0.0426,0.0846,0.1437,151.421,160.09898,7.2561,92.406,91.255,350896.8348362753,0,0
2026-08-14T13:58:28Z,0.28,27.8559,6.75,0.4097,0.0426,0.0846,0.0832,151.402,160.082118,7.2553,92.35,87.317,350789.2440252218,0,0
2026-08-14T13:58:28Z,0.28,27.8567,6.75,0.3906,0.0426,0.1692,0.1134,151.397,160.07998,7.2538,92.279,80.537,350762.77026185824,0,0
2026-08-14T13:58:28Z,0.279,27.8578,6.75,0.3868,0.0426,0.1692,0.4156,151.408,160.096005,7.2516,92.193,99.046,350833.15433206,0,0
2026-08-14T13:58:28Z,0.279,27.8588,6.75,0.383,0.0426,0.1692,0.3552,151.428,160.12244,7.2483,92.08,79.08,350963.97789300035,-0.001,0
2026-08-14T13:58:28Z,0.279,27.8598,6.75,0.4135,0.0426,0.1692,0.4005,151.445,160.148298,7.2438,91.904,79.511,351091.5750417983,-0.001,0
2026-08-14T13:58:28Z,0.279,27.8609,6.75,0.4135,0.0426,0.2961,0.2947,151.446,160.156425,7.2381,91.627,87.831,351117.4920746714,-0.001,0
2026-08-14T13:58:28Z,0.279,27.8623,6.75,0.3983,0.0426,0.2961,0.0681,151.432,160.14498,7.2312,91.266,80.817,351027.7411162199,-0.001,0
2026-08-14T13:58:28Z,0.278,27.8643,6.75,0.3601,0.0426,0.2961,0.1286,151.416,160.124941,7.2221,90.92,87.869,350878.78591787623,-0.001,0
2026-08-14T13:58:28Z,0.278,27.8667,6.75,0.4135,0.0426,0.2961,0.0832,151.396,160.094973,7.208,90.686,81.753,350666.7780021439,-0.001,0
2026-08-14T13:58:28Z,0.278,27.869,6.75,0.3792,0.0426,0.2961,0.0681,151.38,160.069128,7.1859,90.6,91.792,350479.86811362643,-0.001,0
2026-08-14T13:58:28Z,0.278,27.8701,6.75,0.4631,0,0.1692,0.0077,151.388,160.066569,7.1575,90.656,82.934,350445.64406430186,-0.001,0
2026-08-14T13:58:28Z,0.278,27.869,6.75,0.4593,0,0.1692,0.1588,151.408,160.076593,7.1305,90.825,78.039,350521.8703095697,-0,0
2026-08-14T13:58:28Z,0.277,27.8664,6.75,0.4784,0,0.1692,0.0983,151.423,160.081829,7.1124,91.079,98.274,350598.2125179052,-0,0
2026-08-14T13:58:28Z,0.277,27.8631,6.75,0.4708,0,0.1692,0.0379,151.429,160.077661,7.1061,91.381,91.057,350634.2652651513,0,0
2026-08-14T13:58:28Z,0.277,27.8596,6.75,0.4173,0.0426,0.2961,0.1286,151.43,160.068989,7.111,91.679,79.252,350648.57775606465,0,0
2026-08-14T13:58:28Z,0.277,27.856,6.75,0.3945,0.0426,0.2961,0.0228,151.435,160.065526,7.1247,91.926,91.713,350694.02086195635,0,0
2026-08-14T13:58:28Z,0.278,27.8525,6.75,0.3945,0.0426,0.2961,0.0228,151.437,160.062339,7.1451,92.106,83.314,350739.22273721575,0,0
2026-08-14T13:58:28Z,0.278,27.849,6.75,0.3983,0.0426,0.2961,0.0983,151.427,160.048556,7.1692,92.223,80.572,350724.763636577,0,0
2026-08-14T13:58:28Z,0.278,27.8457,6.75,0.3945,0.0852,0.1269,0.1588,151.412,160.030524,7.193,92.294,87.698,350682.7667302723,-0,0
2026-08-14T13:58:28Z,0.278,27.8431,6.75,0.3983,0.0852,0.1269,0.0983,151.405,160.021472,7.2127,92.333,84.664,350678.70459808566,0,0
2026-08-14T13:58:28Z,0.278,27.8413,6.75,0.3868,0.0852,0.1269,0.1286,151.411,160.027001,7.227,92.348,88.791,350742.32236016454,-0.001,0
2026-08-14T13:58:28Z,0.277,27.8403,6.75,0.4021,0.0852,0.1269,0.053,151.424,160.040571,7.2364,92.344,82.772,350836.805793377,-0.001,0
2026-08-14T13:58:28Z,0.277,27.8396,6.66,0.4212,0.0426,0.2115,0.1437,151.44,160.057783,7.242,92.324,93.87,350946.4111770972,-0.001,0
2026-08-14T13:58:28Z,0.277,27.839,6.66,0.3906,0.0426,0.2115,0.1588,151.449,160.069196,7.2451,92.286,84.151,351021.55579100765,-0.001,0
2026-08-14T13:58:28Z,0.276,27.8386,6.66,0.3983,0.0426,0.2115,0.0983,151.45,160.071844,7.2463,92.232,95.765,351043.7027021857,-0.001,0
2026-08-14T13:58:28Z,0.276,27.8384,6.66,0.3639,0.0426,0.2115,0.0983,151.462,160.088477,7.246,92.166,92.694,351141.05687550316,0,0
2026-08-14T13:58:28Z,0.276,27.8386,6.66,0.425,0.0426,0.2115,0.1437,151.487,160.119522,7.2444,92.083,83.786,351312.447671885,0,0
2026-08-14T13:58:28Z,0.276,27.8391,6.84,0.3945,0.0426,0.1692,0.1134,151.49,160.129167,7.2414,91.968,91.593,351357.78858535073,0,0
2026-08-14T13:58:28Z,0.276,27.8399,6.84,0.3792,0.0426,0.1692,0.2192,151.456,160.099943,7.2371,91.809,89.527,351178.58070518216,0.001,0
2026-08-14T13:58:28Z,0.277,27.8411,6.84,0.4059,0.0426,0.1692,0.1588,151.401,160.050109,7.2317,91.606,92.393,350876.0941652288,0.001,0
2026-08-14T13:58:28Z,0.277,27.8428,6.84,0.4593,0.0426,0.1692,0.0983,151.326,159.980408,7.225,91.361,88.118,350452.91920842463,0.001,0
2026-08-14T13:58:28Z,0.277,27.8449,6.75,0.4669,0.0426,0.2538,0.1134,151.211,159.872252,7.2158,91.065,92.735,349806.6277840353,0.001,0
2026-08-14T13:58:28Z,0.277,27.8471,6.75,0.486,0.0426,0.2538,0.1134,151.042,159.708826,7.203,90.716,89.995,348849.01823355013,0.001,0
2026-08-14T13:58:28Z,0.277,27.8497,6.75,0.4555,0.0426,0.2538,0.0983,150.783,159.452564,7.1867,90.351,83.079,347366.00950017356,0.001,0
2026-08-14T13:58:28Z,0.277,27.853,6.75,0.3906,0.0426,0.2538,0.1739,150.372,159.035129,7.1671,89.994,89.255,344975.4649589075,0.001,0
2026-08-14T13:58:28Z,0.278,27.8572,6.75,0.4021,0.0852,0.1692,0.1286,149.711,158.349215,7.1434,89.617,93.829,341091.4157244452,0.002,0
2026-08-14T13:58:28Z,0.278,27.8622,6.75,0.3868,0.0852,0.1692,0.1286,148.64,157.223938,7.1154,89.212,90.879,334811.47696417937,0.002,0
2026-08-14T13:58:28Z,0.279,27.8681,6.75,0.3868,0.0852,0.1692,0.0983,146.874,155.359225,7.086,88.848,99.585,324603.9447686972,0.002,0
2026-08-14T13:58:28Z,0.28,27.8739,6.75,0.383,0.0852,0.1692,0.1134,143.906,152.219738,7.0573,88.579,88.214,307923.02901700157,0.002,0
2026-08-14T13:58:28Z,0.281,27.8784,6.75,0.4059,0.0852,0.1692,0.0832,138.913,146.936214,7.0272,88.362,91.812,281138.39710534265,0.002,0
2026-08-14T13:58:28Z,0.281,27.8811,6.75,0.3945,0.0426,0.1692,0.0681,130.593,138.13178,6.9951,88.159,84.334,239835.59443797014,0.001,0
2026-08-14T13:58:28Z,0.281,27.8824,6.75,0.3945,0.0426,0.1692,0.053,116.763,123.49867,6.9664,88.055,91.573,179878.61311222156,0.001,0
2026-08-14T13:58:28Z,0.281,27.8827,6.75,0.4288,0.0426,0.1692,0.1739,93.737,99.136726,6.9452,88.188,95.35,102373.54719719425,0.001,0
2026-08-14T13:58:28Z,0.281,27.8826,6.75,0.3983,0.0426,0.1692,0.1286,55.366,58.53941,6.9282,88.586,87.984,26781.115847730613,0.001,0
2026-08-14T13:58:28Z,0.282,27.8824,6.75,0.3868,0.0852,0.2115,0.0983,-8.589,-9.129251,6.9123,89.136,93.26,NA,0.002,0
2026-08-14T13:58:28Z,0.283,27.8827,6.75,0.3754,0.0852,0.2115,0.0681,-115.171,-121.904212,6.9041,89.688,86.336,NA,0.002,0
2026-08-14T13:58:28Z,0.284,27.8838,6.75,0.3868,0.0852,0.2115,0.0379,-292.798,-309.854787,6.9145,90.116,85.014,NA,0.002,0
2026-08-14T13:58:28Z,0.284,27.8854,6.75,0.3906,0.0852,0.2115,0.0983,-403.809,-427.317374,6.9455,90.296,96.854,NA,0.002,0
2026-08-14T13:58:28Z,0.285,27.887,6.75,0.4021,0.0852,0.1692,0.0983,-292.771,-309.821554,6.9885,90.115,83.586,NA,0.001,0
2026-08-14T13:58:28Z,0.285,27.8883,6.75,0.3945,0.0852,0.1692,0.1286,-115.12,-121.840909,7.0318,89.534,79.476,NA,0,0
2026-08-14T13:58:28Z,0.284,27.8895,6.75,0.4212,0.0852,0.1692,0.0228,-8.529,-9.053069,7.0653,88.606,91.613,NA,0,0
2026-08-14T13:58:28Z,0.284,27.8905,6.75,0.3296,0.0852,0.1692,0.053,55.427,58.622733,7.0794,87.387,91.196,26866.799629476664,0,0
2026-08-14T13:58:28Z,0.283,27.8911,6.75,0.3258,0.0426,0.1269,0.0983,93.809,99.237386,7.065,85.903,93.544,102596.171769526,0,0
2026-08-14T13:58:28Z,0.284,27.8912,6.75,0.3296,0.0426,0.1269,0.0832,116.842,123.611443,7.0193,84.222,84.738,180219.44868167496,0,0
2026-08-14T13:58:28Z,0.284,27.8913,6.75,0.322,0.0426,0.1269,0.0379,130.656,138.230623,6.9465,82.457,88.714,240151.02003470028,0.001,0
2026-08-14T13:58:28Z,0.284,27.8915,6.75,0.322,0.0426,0.1269,0.053,138.941,146.999387,6.8508,80.703,86.637,281259.77391233016,0.001,0
2026-08-14T13:58:28Z,0.285,27.8919,6.75,0.322,0.0426,0.1269,0.053,143.911,152.262083,6.7344,79.006,88.502,307858.29448737256,0.001,0
2026-08-14T13:58:28Z,0.285,27.8924,6.75,0.3296,0.0426,0.2961,0.0681,146.891,155.418091,6.6025,77.414,94.999,324514.48209746485,0.001,0
2026-08-14T13:58:28Z,0.285,27.8931,6.75,0.3143,0.0426,0.2961,0.0983,148.68,157.31302,6.464,76.004,81.558,334766.90336407174,0.001,0
2026-08-14T13:58:28Z,0.286,27.8939,6.75,0.3945,0.0426,0.2961,0.1134,149.752,158.450181,6.3264,74.822,89.371,341006.43723062385,0.001,0
2026-08-14T13:58:28Z,0.286,27.8948,6.75,0.4021,0.0426,0.2961,0.053,150.389,159.126805,6.1933,73.841,85.831,344744.87502167025,0.001,0
2026-08-14T13:58:28Z,0.286,27.8957,6.75,0.3868,0.0852,0.2115,0.1286,150.763,159.525328,6.0684,73.012,86.487,346951.76822657953,0.001,0
2026-08-14T13:58:28Z,0.286,27.8967,6.75,0.3983,0.0852,0.2115,0.0228,150.977,159.754029,5.9578,72.32,93.544,348213.4363315088,0.001,0
2026-08-14T13:58:28Z,0.286,27.8976,6.75,0.3449,0.0852,0.2115,0.0832,151.096,159.88191,5.8651,71.795,92.856,348913.99756763206,0.001,0
2026-08-14T13:58:28Z,0.286,27.8984,6.75,0.3411,0.0852,0.2115,0.0983,151.169,159.961111,5.7881,71.516,76.428,349343.9400314485,0.001,0
2026-08-14T13:58:28Z,0.286,27.8992,6.75,0.3563,0.0852,0.0846,0.0077,151.217,160.014756,5.723,71.54,98.424,349630.6881618243,0,0
2026-08-14T13:58:28Z,0.287,27.8999,6.75,0.3525,0.0852,0.0846,0.0832,151.241,160.043121,5.6687,71.83,81.505,349777.38098464516,0,0
2026-08-14T13:58:28Z,0.287,27.9006,6.75,0.3372,0.0852,0.0846,0.1134,151.241,160.045755,5.6275,72.344,86.712,349779.58677885093,0,0
2026-08-14T13:58:28Z,0.286,27.9014,6.75,0.322,0.0852,0.0846,0.0681,151.225,160.031377,5.6055,73.187,89.313,349684.46686883236,0,0
2026-08-14T13:58:28Z,0.286,27.9023,6.75,0.3449,0.0852,0.0846,0.0983,151.211,160.020203,5.6073,74.584,75.192,349605.5553175861,0.001,0
2026-08-14T13:58:28Z,0.286,27.9033,6.84,0.3411,0,0.1692,0.1437,151.219,160.0313,5.6299,76.658,94.978,349649.8831718616,0.001,0
2026-08-14T13:58:28Z,0.287,27.9042,6.84,0.3334,0,0.1692,0.189,151.239,160.053596,5.6701,79.187,86.111,349758.89168783405,0.002,0
2026-08-14T13:58:28Z,0.287,27.9052,6.84,0.3487,0,0.1692,0.0983,151.252,160.066985,5.7361,81.667,84.151,349816.0974991833,0.002,0
2026-08-14T13:58:28Z,0.288,27.9061,6.84,0.3449,0,0.1692,0.2192,151.262,160.075035,5.8454,83.614,78.532,349845.12063515437,0.003,0
2026-08-14T13:58:28Z,0.289,27.907,6.75,0.3411,0.0426,0.1692,0.1134,151.268,160.075886,6.0079,84.819,81.86,349833.715387076,0.003,0
2026-08-14T13:58:28Z,0.289,27.9075,6.75,0.3372,0.0426,0.1692,0.0379,151.269,160.06776,6.2061,85.398,83.622,349779.0942929135,0.003,0
2026-08-14T13:58:28Z,0.29,27.9074,6.75,0.322,0.0426,0.1692,0.1739,151.272,160.062518,6.4004,85.62,81.753,349751.4584840348,0.003,0
2026-08-14T13:58:28Z,0.291,27.9065,6.75,0.3411,0.0426,0.1692,-0.0074,151.279,160.064775,6.5531,85.614,80.397,349780.3116932428,0.003,0
2026-08-14T13:58:28Z,0.292,27.9046,6.84,0.3525,0.0852,0.2115,0.1588,151.286,160.069119,6.6478,85.336,78.635,349838.8692778478,0.002,0
2026-08-14T13:58:28Z,0.292,27.9018,6.84,0.3601,0.0852,0.2115,0.1437,151.292,160.074705,6.6936,84.831,88.771,349920.6015165299,0.001,0
2026-08-14T13:58:28Z,0.292,27.8991,6.84,0.322,0.0852,0.2115,0.0983,151.302,160.085026,6.7112,84.335,76.295,350027.15790194296,0,0
2026-08-14T13:58:28Z,0.292,27.8972,6.84,0.3143,0.0852,0.2115,-0.0376,151.317,160.100831,6.711,84.037,88.694,350150.1644021697,-0.001,0
2026-08-14T13:58:28Z,0.292,27.8962,6.75,0.3296,0.0426,0.1269,0.0983,151.331,160.114309,6.6894,83.834,77.498,350243.91967240925,-0.001,0
2026-08-14T13:58:28Z,0.291,27.8958,6.75,0.3258,0.0426,0.1269,0.1437,151.335,160.115026,6.6498,83.431,78.84,350255.1527520689,-0.002,0
2026-08-14T13:58:28Z,0.291,27.8957,6.75,0.3143,0.0426,0.1269,0.0983,151.332,160.105176,6.6109,82.669,90.741,350201.58808250807,-0.002,0
2026-08-14T13:58:28Z,0.29,27.8957,6.75,0.3372,0.0426,0.1269,0.1588,151.33,160.094159,6.5876,81.678,80.923,350139.6698920481,-0.001,0
2026-08-14T13:58:28Z,0.29,27.8952,6.75,0.3143,0.0426,0.1269,0.0681,151.329,160.085046,6.5717,80.695,89.255,350097.456551106,-0.001,0
2026-08-14T13:58:28Z,0.29,27.8939,6.66,0.3372,0.0426,0.1269,0.1134,151.322,160.069396,6.5402,79.766,80.642,350032.90964220534,-0.001,0
2026-08-14T13:58:28Z,0.289,27.8918,6.66,0.3411,0.0426,0.1269,0.0983,151.301,160.041031,6.4807,78.772,80.118,349911.3214019623,-0.001,0
2026-08-14T13:58:28Z,0.289,27.889,6.66,0.3182,0.0426,0.1269,0.1739,151.285,160.018441,6.4034,77.693,90.623,349834.7789441375,-0.001,0
2026-08-14T13:58:28Z,0.289,27.8862,6.66,0.3296,0.0426,0.1269,0.0228,151.297,160.029672,6.3266,76.65,72.686,349948.25210492243,-0.001,0
2026-08-14T13:58:28Z,0.289,27.8837,6.75,0.3372,0.0852,0.2115,0.1286,151.332,160.067697,6.2541,75.699,100.02,350206.97553133825,-0.001,0
2026-08-14T13:58:28Z,0.289,27.8815,6.75,0.3449,0.0852,0.2115,0.0681,151.358,160.098566,6.1764,74.779,77.971,350420.1858883986,-0.001,0
2026-08-14T13:58:28Z,0.288,27.8798,6.75,0.3067,0.0852,0.2115,0.1286,151.364,160.108464,6.092,73.832,80.135,350506.49709086196,-0.001,0
2026-08-14T13:58:28Z,0.288,27.8792,6.75,0.3372,0.0852,0.2115,0.1588,151.357,160.104039,6.0102,72.877,91.236,350492.4191148363,-0.001,0
2026-08-14T13:58:28Z,0.288,27.8796,6.75,0.3563,0.0852,0.1692,0.1588,151.344,160.092129,5.9356,71.967,72.418,350418.2178065147,-0.001,0
2026-08-14T13:58:28Z,0.288,27.8806,6.75,0.3182,0.0852,0.1692,0.0832,151.33,160.079578,5.8634,71.149,93.626,350329.6138734863,-0.001,0
2026-08-14T13:58:28Z,0.288,27.8817,6.75,0.3182,0.0852,0.1692,0.0832,151.325,160.075065,5.789,70.463,76.08,350284.42156421737,-0.001,0
2026-08-14T13:58:28Z,0.287,27.8827,6.75,0.3411,0.0852,0.1692,0.0681,151.325,160.077386,5.714,69.912,85.033,350279.4606974543,-0.001,0
2026-08-14T13:58:28Z,0.287,27.8835,6.75,0.3639,0.0852,0.1692,0.053,151.324,160.077139,5.6427,69.456,81.949,350263.6632230199,-0.001,0
2026-08-14T13:58:28Z,0.287,27.884,6.84,0.3334,0.0426,0.2538,0.1437,151.318,160.072255,5.5784,69.097,75.013,350227.1989387303,-0.001,0
2026-08-14T13:58:28Z,0.287,27.8845,6.84,0.3411,0.0426,0.2538,0.0983,151.306,160.06143,5.5246,68.879,88.521,350157.3402192649,-0.001,0
2026-08-14T13:58:28Z,0.286,27.885,6.84,0.3296,0.0426,0.2538,0.1588,151.286,160.043784,5.4813,68.822,85.478,350049.15373830893,-0.002,0
2026-08-14T13:58:28Z,0.286,27.8856,6.84,0.3449,0.0426,0.2538,0.1588,151.275,160.036655,5.4456,68.962,83.731,349998.2901969101,-0.002,0
2026-08-14T13:58:28Z,0.285,27.8861,6.84,0.3487,0.0426,0.2115,0.0832,151.285,160.052172,5.4174,69.419,83.822,350076.49839957536,-0.003,0
2026-08-14T13:58:28Z,0.285,27.8868,6.84,0.3296,0.0426,0.2115,0.1286,151.298,160.072427,5.4002,70.302,83.097,350177.74794454174,-0.004,0
2026-08-14T13:58:28Z,0.284,27.8878,6.84,0.3678,0.0426,0.2115,0.1286,151.299,160.078773,5.3957,71.516,78.84,350195.4162687059,-0.004,0
2026-08-14T13:58:28Z,0.283,27.8891,6.84,0.3143,0.0426,0.2115,0.1134,151.291,160.072902,5.4064,72.827,88.579,350139.01048115414,-0.005,0
2026-08-14T13:58:28Z,0.281,27.8909,6.84,0.3525,0.0426,0.2115,0.189,151.292,160.07329,5.4421,74.117,85.403,350108.78914247686,-0.005,0
2026-08-14T13:58:28Z,0.279,27.893,6.84,0.3296,0.0426,0.2115,0.1286,151.305,160.08405,5.5112,75.4,89.023,350131.46189237497,-0.004,0
2026-08-14T13:58:28Z,0.278,27.8949,6.84,0.3639,0.0426,0.2115,0.0832,151.312,160.088008,5.6061,76.562,93.707,350119.505624787,-0.004,0
2026-08-14T13:58:28Z,0.278,27.8957,6.84,0.3143,0.0426,0.2115,0.0983,151.308,160.080206,5.7087,77.3,80.782,350061.2638491835,-0.003,0
2026-08-14T13:58:28Z,0.277,27.8955,6.84,0.3372,0.0426,0.2115,0.053,151.301,160.068586,5.8099,77.396,81.24,349999.57114384143,-0.002,0
2026-08-14T13:58:28Z,0.277,27.8945,6.75,0.3296,0.0426,0.0846,0.1588,151.303,160.066082,5.9107,76.873,97.085,350003.495936254,-0.001,0
2026-08-14T13:58:28Z,0.276,27.8934,6.75,0.3372,0.0426,0.0846,0.0832,151.31,160.072026,6.0018,75.896,85.887,350056.6907862356,-0,0
2026-08-14T13:58:28Z,0.276,27.892,6.75,0.3601,0.0426,0.0846,0.053,151.311,160.073972,6.0599,74.61,87.071,350092.82396647835,0,0
2026-08-14T13:58:28Z,0.276,27.8905,6.75,0.3487,0.0426,0.0846,0.0379,151.308,160.072441,6.0676,73.104,85.85,350111.21939259773,0.001,0
2026-08-14T13:58:28Z,0.277,27.8893,6.75,0.322,0.0852,0.1692,0.1437,151.3,160.067025,6.0267,71.482,88.463,350102.3800665124,0.002,0
2026-08-14T13:58:28Z,0.277,27.8886,6.75,0.3372,0.0852,0.1692,0.1286,151.293,160.062291,5.9501,69.926,89.702,350088.37366542005,0.003,0
2026-08-14T13:58:28Z,0.278,27.8888,6.75,0.3411,0.0852,0.1692,0.0983,151.299,160.071008,5.8493,68.619,87.526,350133.76688215457,0.004,0
2026-08-14T13:58:28Z,0.279,27.8896,6.75,0.322,0.0852,0.1692,0.053,151.319,160.095499,5.7311,67.646,90.171,350257.0324706416,0.005,0
2026-08-14T13:58:28Z,0.28,27.8905,6.75,0.3143,0.0426,0.1269,0.1739,151.334,160.11624,5.6039,66.976,91.573,350357.4335756669,0.006,0
2026-08-14T13:58:28Z,0.282,27.8913,6.75,0.322,0.0426,0.1269,0.0983,151.328,160.116717,5.4819,66.534,85.292,350345.7049329104,0.007,0
2026-08-14T13:58:28Z,0.284,27.8922,6.75,0.3487,0.0426,0.1269,0.0077,151.319,160.115095,5.3793,66.272,84.206,350320.37437266525,0.008,0
2026-08-14T13:58:28Z,0.286,27.8934,6.75,0.3372,0.0426,0.1269,0.1739,151.324,160.12898,5.303,66.172,95.412,350376.8250161749,0.009,0
2026-08-14T13:58:28Z,0.289,27.8951,6.84,0.3296,0.0426,0.1692,-0.0376,151.335,160.152053,5.2503,66.211,83.859,350475.9356296402,0.01,0
2026-08-14T13:58:28Z,0.292,27.8972,6.84,0.3296,0.0426,0.1692,0.1437,151.333,160.16241,5.2154,66.332,92.413,350496.33666472946,0.01,0
2026-08-14T13:58:28Z,0.294,27.8996,6.84,0.3487,0.0426,0.1692,0.0077,151.313,160.152791,5.1946,66.479,81.985,350399.0132183855,0.01,0
2026-08-14T13:58:28Z,0.297,27.9027,6.84,0.3563,0.0426,0.1692,0.053,151.299,160.150695,5.1865,66.633,93.301,350331.3959986789,0.01,0
2026-08-14T13:58:28Z,0.299,27.9064,6.84,0.3449,0.0426,0.1692,0.0681,151.305,160.169593,5.1892,66.798,87.488,350370.98780092096,0.009,0
2026-08-14T13:58:28Z,0.302,27.9104,6.84,0.3296,0.0426,0.2115,0.0681,151.308,160.184463,5.1983,66.973,79.545,350382.5314356192,0.007,0
2026-08-14T13:58:28Z,0.304,27.9144,6.84,0.3563,0.0426,0.2115,0.1588,151.29,160.173216,5.2095,67.143,86.093,350247.30448082066,0.006,0
2026-08-14T13:58:28Z,0.305,27.9185,6.84,0.3296,0.0426,0.2115,0.0681,151.264,160.150891,5.2211,67.292,83.677,350048.1078030019,0.005,0
2026-08-14T13:58:28Z,0.306,27.9227,6.84,0.3296,0.0426,0.2115,0.0832,151.264,160.155626,5.2337,67.414,83.713,349999.15044353215,0.003,0
2026-08-14T13:58:28Z,0.306,27.9264,6.84,0.322,0.0426,0.1692,0.1437,151.298,160.196702,5.2471,67.499,95.558,350163.27567330224,0.002,0
2026-08-14T13:58:28Z,0.306,27.9291,6.84,0.4173,0.0426,0.1692,0.1588,151.337,160.244988,5.2601,67.538,91.216,350385.93216647086,0.001,0
2026-08-14T13:58:28Z,0.306,27.9309,6.84,0.3792,0.0426,0.1692,0.053,151.358,160.275282,5.2717,67.524,79.494,350523.7451107051,0.001,0
2026-08-14T13:58:28Z,0.306,27.9325,6.84,0.3983,0.0426,0.1692,0.1588,151.359,160.283636,5.2811,67.455,93.992,350541.8740779895,0.001,0
2026-08-14T13:58:28Z,0.307,27.9343,6.75,0.4135,0.0426,0.1692,0.2494,151.345,160.276288,5.2875,67.342,89.546,350468.16707562056,0,0
2026-08-14T13:58:28Z,0.307,27.9365,6.75,0.3868,0.0426,0.1692,0.1588,151.327,160.263303,5.2904,67.197,86.13,350355.6071709373,0,0
2026-08-14T13:58:28Z,0.307,27.939,6.75,0.3983,0.0426,0.1692,0.0832,151.312,160.253243,5.2891,67.02,84.922,350254.1077210809,-0.001,0
2026-08-14T13:58:28Z,0.307,27.9416,6.75,0.4021,0.0426,0.1692,0.0681,151.297,160.243428,5.2834,66.811,89.449,350152.21267527796,-0.002,0
2026-08-14T13:58:28Z,0.307,27.9437,6.75,0.4021,0.0426,0.1692,0.2192,151.28,160.231239,5.2744,66.57,83.187,350046.01059465314,-0.003,0
2026-08-14T13:58:28Z,0.306,27.9457,6.75,0.3868,0,0.1692,0.1134,151.27,160.225452,5.2629,66.298,94.834,349977.5661564477,-0.004,0
2026-08-14T13:58:28Z,0.304,27.9478,6.75,0.3868,0,0.1692,0.1134,151.27,160.228533,5.2488,65.996,88.598,349957.10491487704,-0.004,0
2026-08-14T13:58:28Z,0.303,27.9498,6.75,0.3906,0,0.1692,0.0832,151.268,160.229277,5.2322,65.67,94.136,349925.3288844863,-0.004,0
2026-08-14T13:58:28Z,0.302,27.9517,6.75,0.3983,0,0.1692,0.0379,151.265,160.227884,5.2131,65.325,100.63,349883.36273648206,-0.004,0
2026-08-14T13:58:28Z,0.3,27.9533,6.84,0.3143,0.0852,0.1692,0.1588,151.268,160.231999,5.1916,64.967,82.521,349877.697215358,-0.003,0
2026-08-14T13:58:28Z,0.3,27.9546,6.84,0.322,0.0852,0.1692,0.0228,151.267,160.230694,5.1679,64.597,104.28,349847.01396867994,-0.002,0
2026-08-14T13:58:28Z,0.3,27.9554,6.84,0.3372,0.0852,0.1692,0.0983,151.262,160.225626,5.1423,64.208,92.896,349804.20703923085,-0.001,0
2026-08-14T13:58:28Z,0.3,27.9559,6.84,0.3182,0.0852,0.1692,0.1134,151.266,160.229472,5.1153,63.798,83.95,349816.799115487,0,0
2026-08-14T13:58:28Z,0.3,27.9562,6.84,0.3258,0.0426,0.2115,0.0228,151.28,160.243257,5.0873,63.369,98.445,349888.7462040558,0.001,0
2026-08-14T13:58:28Z,0.3,27.9563,6.84,0.3716,0.0426,0.2115,0.1134,151.298,160.262641,5.0582,62.924,87.736,349995.7153268866,0.001,0
2026-08-14T13:58:28Z,0.3,27.9562,6.84,0.3983,0.0426,0.2115,0.0832,151.294,160.258721,5.0278,62.468,91.374,349975.51524967,0.002,0
2026-08-14T13:58:28Z,0.301,27.956,6.84,0.383,0.0426,0.2115,0.1437,151.261,160.22444,4.9957,62.008,87.431,349786.7735402526,0.003,0
2026-08-14T13:58:28Z,0.301,27.9558,6.75,0.4059,0.0426,0.2538,0.1588,151.238,160.20076,4.9622,61.55,88.945,349657.54384638753,0.003,0
2026-08-14T13:58:28Z,0.302,27.9558,6.75,0.3067,0.0426,0.2538,0.1286,151.244,160.207422,4.9273,61.107,83.223,349694.9079739717,0.004,0
2026-08-14T13:58:28Z,0.304,27.9559,6.75,0.2991,0.0426,0.2538,0.0983,151.258,160.224157,4.8916,60.684,91.792,349786.9816188088,0.004,0
2026-08-14T13:58:28Z,0.305,27.9561,6.75,0.3372,0.0426,0.2538,0.0983,151.261,160.229371,4.8555,60.28,91.275,349812.6373423681,0.004,0
2026-08-14T13:58:28Z,0.306,27.9563,6.75,0.3411,0.0426,0.2538,0.1286,151.255,160.224457,4.8197,59.896,90.603,349781.477465928,0.004,0
2026-08-14T13:58:28Z,0.307,27.9567,6.84,0.3868,0.0426,0.2115,0.1286,151.25,160.220128,4.7849,59.533,95.724,349750.0081241904,0.004,0
2026-08-14T13:58:28Z,0.308,27.9572,6.84,0.4059,0.0426,0.2115,0.0681,151.243,160.215231,4.7517,59.189,86.43,349713.55897664686,0.003,0
2026-08-14T13:58:28Z,0.309,27.9577,6.84,0.4173,0.0426,0.2115,0.0077,151.238,160.212467,4.7201,58.862,98.767,349689.075680446,0.002,0
2026-08-14T13:58:28Z,0.309,27.9583,6.84,0.383,0.0426,0.2115,0.0832,151.239,160.215109,4.69,58.557,86.243,349693.11694560695,0.001,0
2026-08-14T13:58:28Z,0.309,27.9589,6.75,0.4097,0.0426,0.2115,0.0681,151.241,160.219853,4.6615,58.28,94.258,349708.946854729,0,0
2026-08-14T13:58:28Z,0.309,27.9595,6.75,0.4135,0.0426,0.2115,0.0983,151.247,160.227964,4.6345,58.03,87.469,349743.66175509524,0,0
2026-08-14T13:58:28Z,0.309,27.9602,6.75,0.3868,0.0426,0.2115,0.1437,151.25,160.233589,4.6089,57.802,90.584,349762.6377670578,-0.001,0
2026-08-14T13:58:28Z,0.309,27.9609,6.75,0.3945,0.0426,0.2115,0.1286,151.245,160.23021,4.5849,57.59,98.167,349731.1118441196,-0.002,0
2026-08-14T13:58:28Z,0.308,27.9616,6.84,0.4097,0.0426,0.1692,0.0681,151.234,160.220934,4.5632,57.389,89.663,349666.518438088,-0.002,0
2026-08-14T13:58:28Z,0.307,27.9624,6.84,0.3792,0.0426,0.1692,0.2494,151.216,160.20329,4.5435,57.196,93.605,349553.22032824304,-0.002,0
2026-08-14T13:58:28Z,0.306,27.9631,6.84,0.4021,0.0426,0.1692,0.0379,151.185,160.17257,4.5256,57.003,90.132,349368.450128704,-0.002,0
2026-08-14T13:58:28Z,0.306,27.9638,6.84,0.3945,0.0426,0.1692,0.1134,151.153,160.140626,4.509,56.797,92.755,349176.8872578173,-0.001,0
2026-08-14T13:58:28Z,0.306,27.9644,6.84,0.4021,0.0426,0.1692,0.1739,151.137,160.124993,4.4932,56.581,94.546,349078.54890124244,-0.001,0
2026-08-14T13:58:28Z,0.306,27.965,6.75,0.4059,0.0426,0.1269,0.0832,151.152,160.141545,4.478,56.367,89.917,349160.5177731176,-0.001,0
2026-08-14T13:58:28Z,0.306,27.9657,6.75,0.4135,0.0426,0.1269,0.189,151.198,160.190688,4.4628,56.162,99.954,349423.3460454418,-0.001,0
2026-08-14T13:58:28Z,0.305,27.9664,6.75,0.3945,0.0426,0.1269,0.0983,151.25,160.245442,4.4466,55.97,86.618,349717.75213708123,-0.001,0
2026-08-14T13:58:28Z,0.305,27.9668,6.75,0.3792,0.0426,0.1269,0.0681,151.285,160.282329,4.4297,55.797,94.854,349917.4566659798,-0.001,0
2026-08-14T13:58:28Z,0.305,27.967,6.75,0.3983,0.0426,0.2538,0.1588,151.295,160.291143,4.4129,55.651,95.495,349963.3083109882,-0.001,0
2026-08-14T13:58:28Z,0.305,27.9671,6.75,0.3945,0.0426,0.2538,0.1286,151.272,160.266217,4.3969,55.536,94.525,349821.6906308023,-0.001,0
2026-08-14T13:58:28Z,0.305,27.967,6.75,0.3868,0.0426,0.2538,0.0681,151.224,160.21293,4.3818,55.453,92.132,349524.69075803785,-0.001,0
2026-08-14T13:58:28Z,0.305,27.9668,6.75,0.3983,0.0426,0.2538,0.1134,151.172,160.155152,4.3683,55.414,93.605,349204.47480973514,-0.001,0
2026-08-14T13:58:28Z,0.305,27.9664,6.75,0.4021,0.0426,0.2961,0.1134,151.144,160.121567,4.357,55.438,89.741,349023.5077298726,-0.001,0
2026-08-14T13:58:28Z,0.304,27.9659,6.75,0.3868,0.0426,0.2961,0.1739,151.144,160.11725,4.348,55.524,89.158,349008.29021569213,-0.001,0
2026-08-14T13:58:28Z,0.304,27.9653,6.75,0.4097,0.0426,0.2961,0.189,151.163,160.131026,4.3415,55.637,86.168,349096.2103617915,-0.001,0
2026-08-14T13:58:28Z,0.304,27.9645,6.75,0.4021,0.0426,0.2961,0.1286,151.193,160.154546,4.3386,55.73,82.395,349242.3288565396,-0,0
2026-08-14T13:58:28Z,0.304,27.9633,6.75,0.3868,0.0426,0.1269,0.1437,151.23,160.184059,4.3405,55.775,81.807,349429.25857928314,0.001,0
2026-08-14T13:58:28Z,0.304,27.9617,6.75,0.3945,0.0426,0.1269,0.1134,151.269,160.215409,4.3474,55.76,101.99,349633.7416091812,0.001,0
2026-08-14T13:58:28Z,0.305,27.9595,6.75,0.3945,0.0426,0.1269,-0.0376,151.31,160.24894,4.3563,55.684,81.205,349861.3264476701,0.002,0
2026-08-14T13:58:28Z,0.305,27.9568,6.75,0.3945,0.0426,0.1269,0.1588,151.34,160.27355,4.3638,55.551,99.003,350047.9444595347,0.002,0
2026-08-14T13:58:28Z,0.306,27.9536,6.75,0.3716,0.0426,0.1269,0.0379,151.338,160.267741,4.3676,55.362,92.936,350072.87924803566,0.002,0
2026-08-14T13:58:28Z,0.307,27.9502,6.75,0.4135,0,0.1269,0.1588,151.313,160.237982,4.3667,55.137,95.953,349966.9887495334,0.003,0
2026-08-14T13:58:28Z,0.307,27.947,6.75,0.3906,0,0.1269,0.1286,151.283,160.204397,4.361,54.905,105.15,349836.0393447902,0.003,0
2026-08-14T13:58:28Z,0.308,27.9448,6.75,0.3945,0,0.1269,0.0832,151.254,160.174062,4.3507,54.688,100.54,349705.36968821555,0.003,0
2026-08-14T13:58:28Z,0.309,27.9433,6.75,0.4021,0,0.1269,0.1286,151.225,160.144901,4.3361,54.496,107.62,349568.73180628475,0.002,0
2026-08-14T13:58:28Z,0.31,27.9424,6.84,0.3906,0.0426,0.2115,0.0228,151.199,160.121163,4.3185,54.33,100.41,349451.7582018459,0.001,0
2026-08-14T13:58:28Z,0.31,27.9419,6.84,0.383,0.0426,0.2115,0.0832,151.197,160.122573,4.3004,54.192,106.46,349468.64200687193,0,0
2026-08-14T13:58:28Z,0.31,27.9419,6.84,0.383,0.0426,0.2115,0.1739,151.221,160.151511,4.2834,54.081,99.456,349630.95332679653,-0.001,0
2026-08-14T13:58:28Z,0.309,27.9426,6.84,0.3868,0.0426,0.2115,0.1286,151.244,160.179618,4.2683,54.002,109.34,349776.0693292869,-0.002,0
2026-08-14T13:58:28Z,0.308,27.9437,6.75,0.4135,0,0.2538,0.1134,151.26,160.20036,4.2553,53.958,103.96,349872.69438330765,-0.003,0
2026-08-14T13:58:28Z,0.307,27.9449,6.75,0.4135,0,0.2538,0.1134,151.282,160.227286,4.2443,53.949,110.03,350002.2433815326,-0.003,0
2026-08-14T13:58:28Z,0.307,27.9461,6.75,0.4021,0,0.2538,0.0832,151.3,160.251543,4.2355,53.968,106.34,350116.8309200356,-0.002,0
2026-08-14T13:58:28Z,0.306,27.9474,6.75,0.4021,0,0.2538,0.1286,151.3,160.255549,4.2292,54.005,111.6,350115.9393919699,-0.002,0
2026-08-14T13:58:28Z,0.306,27.9487,6.75,0.3792,0,0.2538,0.1134,151.275,160.232356,4.2257,54.041,116.76,349962.38073588884,-0.001,0
2026-08-14T13:58:28Z,0.306,27.95,6.84,0.3945,0.0426,0.2961,0.1588,151.24,160.197825,4.2249,54.062,108.51,349745.26222834876,-0.001,0
2026-08-14T13:58:28Z,0.306,27.9514,6.84,0.3792,0.0426,0.2961,0.0077,151.218,160.176819,4.2263,54.061,117.31,349602.2900615998,-0,0
2026-08-14T13:58:28Z,0.305,27.9528,6.84,0.3906,0.0426,0.2961,0.0983,151.207,160.167745,4.2291,54.037,114.97,349526.2658886113,-0,0
2026-08-14T13:58:28Z,0.305,27.9541,6.84,0.4135,0.0426,0.2961,0.0832,151.199,160.160167,4.2318,53.989,111.52,349460.43838706263,0,0
2026-08-14T13:58:28Z,0.306,27.955,6.84,0.3945,0.0426,0.2538,0.1437,151.194,160.156074,4.2334,53.922,116,349421.3374971334,0,0
2026-08-14T13:58:28Z,0.306,27.9557,6.84,0.4021,0.0426,0.2538,0.1286,151.199,160.162389,4.2333,53.844,110.03,349444.1774334979,0.001,0
2026-08-14T13:58:28Z,0.306,27.9564,6.84,0.3945,0.0426,0.2538,0.0681,151.214,160.178793,4.2314,53.763,120.68,349523.5837991207,0.001,0
2026-08-14T13:58:28Z,0.306,27.9568,6.84,0.3678,0.0426,0.2538,0.0983,151.237,160.203647,4.2276,53.693,111.64,349655.77418447734,0.002,0
2026-08-14T13:58:28Z,0.307,27.9571,6.84,0.4097,0.0426,0.1692,0.0832,151.255,160.223538,4.2223,53.643,114.62,349761.9499683893,0.003,0
2026-08-14T13:58:28Z,0.308,27.9573,6.84,0.444,0.0426,0.1692,0.2041,151.251,160.219718,4.2162,53.617,111.72,349736.9299013417,0.003,0
2026-08-14T13:58:28Z,0.309,27.9575,6.84,0.4555,0.0426,0.1692,0.189,151.231,160.199188,4.2099,53.615,119.29,349618.19655582466,0.004,0
2026-08-14T13:58:28Z,0.31,27.9576,6.84,0.4631,0.0426,0.1692,0.0681,151.204,160.172504,4.2044,53.628,112.69,349466.7814322078,0.004,0
2026-08-14T13:58:28Z,0.311,27.9578,6.84,0.4746,0.0426,0.1692,0.1588,151.182,160.15059,4.2004,53.652,115.85,349340.34845078597,0.004,0
2026-08-14T13:58:28Z,0.312,27.9581,6.84,0.3868,0.0852,0.2115,0.0983,151.182,160.151652,4.1983,53.689,109.91,349340.9176000113,0.004,0
2026-08-14T13:58:28Z,0.314,27.9584,6.84,0.3906,0.0852,0.2115,0.053,151.196,160.167957,4.1981,53.743,122.18,349426.93076739763,0.004,0
2026-08-14T13:58:28Z,0.315,27.9588,6.84,0.3906,0.0852,0.2115,0.0379,151.198,160.171786,4.1991,53.817,106.29,349441.216568423,0.004,0
2026-08-14T13:58:28Z,0.316,27.9592,6.84,0.4021,0.0852,0.2115,0.0983,151.193,160.168167,4.2009,53.916,120.6,349413.750169061,0.004,0
2026-08-14T13:58:28Z,0.317,27.9597,6.75,0.383,0.0426,0.1692,0.1437,151.206,160.184196,4.2038,54.05,114.72,349494.63449770445,0.004,0
2026-08-14T13:58:28Z,0.318,27.9602,6.75,0.4173,0.0426,0.1692,0.1134,151.238,160.220137,4.208,54.219,113.06,349687.1882527114,0.003,0
2026-08-14T13:58:28Z,0.318,27.9609,6.75,0.3716,0.0426,0.1692,-0.0074,151.264,160.2495,4.2137,54.406,117.16,349839.3080796548,0.002,0
2026-08-14T13:58:28Z,0.319,27.9616,6.75,0.3945,0.0426,0.1692,0.189,151.268,160.25406,4.2215,54.569,115.19,349852.31029111537,0.001,0
2026-08-14T13:58:28Z,0.32,27.9622,6.84,0.4097,0.0852,0.2115,0.0681,151.255,160.239043,4.2319,54.668,113.16,349757.297909021,0,0
2026-08-14T13:58:28Z,0.32,27.9628,6.84,0.3868,0.0852,0.2115,0.0983,151.235,160.216476,4.2451,54.687,112.42,349619.9675948917,-0.001,0
2026-08-14T13:58:28Z,0.319,27.9633,6.84,0.3945,0.0852,0.2115,0.0379,151.215,160.192367,4.2597,54.634,115.95,349475.8245227558,-0.001,0
2026-08-14T13:58:28Z,0.318,27.9634,6.84,0.4021,0.0852,0.2115,0.0983,151.194,160.168303,4.2725,54.526,116.38,349339.14914647833,-0.001,0
2026-08-14T13:58:28Z,0.318,27.9632,6.75,0.4135,0.0426,0.2538,0.1588,151.18,160.151898,4.2803,54.381,116.17,349250.8034685762,-0.001,0
2026-08-14T13:58:28Z,0.317,27.9626,6.75,0.3792,0.0426,0.2538,0.0681,151.182,160.154809,4.2818,54.22,104.76,349277.8783571397,-0.001,0
2026-08-14T13:58:28Z,0.317,27.9617,6.75,0.4021,0.0426,0.2538,0.1588,151.203,160.177813,4.2777,54.062,119.55,349422.9561877345,-0.001,0
2026-08-14T13:58:28Z,0.317,27.961,6.75,0.3945,0.0426,0.2538,0.0681,151.234,160.211012,4.2693,53.925,105.79,349621.65065929864,-0.001,0
2026-08-14T13:58:28Z,0.317,27.9608,6.75,0.4593,0.0426,0.2538,0.0983,151.258,160.237202,4.258,53.818,116.6,349772.1219336699,-0.001,0
2026-08-14T13:58:28Z,0.317,27.9608,6.75,0.4784,0.0852,0.1269,0.0983,151.263,160.243327,4.2453,53.744,113.16,349806.47788795084,-0.001,0
2026-08-14T13:58:28Z,0.316,27.961,6.75,0.444,0.0852,0.1269,0.1134,151.259,160.239036,4.2329,53.703,104.51,349778.8163143336,-0.002,0
2026-08-14T13:58:28Z,0.316,27.9613,6.75,0.4746,0.0852,0.1269,0.1286,151.251,160.231202,4.2222,53.701,127.88,349729.4884507058,-0.002,0
2026-08-14T13:58:28Z,0.315,27.9615,6.75,0.4517,0.0852,0.1269,0.1588,151.231,160.20972,4.2138,53.742,108.04,349605.42874479457,-0.002,0
2026-08-14T13:58:28Z,0.315,27.9617,6.84,0.4784,0.0426,0.2115,0.1134,151.2,160.176877,4.208,53.824,115.8,349417.71018104366,-0.003,0
2026-08-14T13:58:28Z,0.314,27.9618,6.84,0.4593,0.0426,0.2115,0.0983,151.165,160.139949,4.2048,53.934,107.57,349208.95854713797,-0.003,0
2026-08-14T13:58:28Z,0.314,27.9619,6.84,0.4746,0.0426,0.2115,0.1739,151.134,160.107127,4.2046,54.05,113.23,349023.28293676005,-0.004,0
2026-08-14T13:58:28Z,0.313,27.962,6.84,0.4708,0.0426,0.2115,0.1134,151.116,160.087696,4.2078,54.152,111.77,348912.6588688936,-0.004,0
2026-08-14T13:58:28Z,0.311,27.962,6.84,0.4402,0.0426,0.1692,0.0983,151.101,160.072464,4.2142,54.224,113.53,348827.3604871206,-0.005,0
2026-08-14T13:58:28Z,0.31,27.9619,6.84,0.4593,0.0426,0.1692,0.1286,151.095,160.067392,4.2228,54.264,103.9,348800.75185348437,-0.006,0
2026-08-14T13:58:28Z,0.308,27.9618,6.84,0.4784,0.0426,0.1692,0.0983,151.119,160.093174,4.2319,54.276,115.02,348946.9246025908,-0.006,0
2026-08-14T13:58:28Z,0.306,27.9618,6.84,0.444,0.0426,0.1692,0.0681,151.163,160.138647,4.2399,54.264,113.95,349201.6653771999,-0.005,0
2026-08-14T13:58:28Z,0.305,27.9621,6.84,0.4746,0.0426,0.1692,0.1134,151.196,160.171844,4.2456,54.223,112.47,349382.32473463874,-0.005,0
2026-08-14T13:58:28Z,0.304,27.9624,6.84,0.4593,0.0426,0.0846,0.1286,151.211,160.183581,4.2487,54.142,109.24,349442.7307052155,-0.004,0
2026-08-14T13:58:28Z,0.303,27.9625,6.84,0.4555,0.0426,0.0846,0.0379,151.218,160.185004,4.2496,54.015,113.26,349448.9131068287,-0.003,0
2026-08-14T13:58:28Z,0.302,27.9622,6.84,0.4746,0.0426,0.0846,0.0681,151.208,160.168476,4.2487,53.841,107.55,349361.654147565,-0.002,0
2026-08-14T13:58:28Z,0.302,27.9615,6.84,0.4936,0.0426,0.0846,0.189,151.183,160.1356,4.2455,53.629,116.88,349189.9742374871,-0.002,0
2026-08-14T13:58:28Z,0.302,27.9602,6.84,0.4479,0.0426,0.2538,0.053,151.166,160.111682,4.2393,53.398,113.21,349079.278978706,-0.001,0
2026-08-14T13:58:28Z,0.302,27.9583,6.84,0.4784,0.0426,0.2538,0.1588,151.166,160.106376,4.2294,53.168,116.27,349083.6175284524,-0.001,0
2026-08-14T13:58:28Z,0.301,27.9562,6.84,0.4631,0.0426,0.2538,0.1588,151.177,160.114258,4.216,52.948,116.02,349165.4368728834,-0.001,0
2026-08-14T13:58:28Z,0.301,27.954,6.84,0.4402,0.0426,0.2538,0.0681,151.19,160.125406,4.1996,52.751,114.92,349267.37364702846,-0.001,0
2026-08-14T13:58:28Z,0.301,27.9519,6.75,0.486,0.0852,0.2115,0.189,151.201,160.134774,4.1817,52.588,116.25,349357.56371409196,-0.001,0
2026-08-14T13:58:28Z,0.3,27.9503,6.75,0.4555,0.0852,0.2115,0.0983,151.211,160.144862,4.1637,52.464,118.57,349442.8372527956,-0.001,0
2026-08-14T13:58:28Z,0.3,27.9491,6.75,0.4593,0.0852,0.2115,0.1588,151.227,160.162366,4.1466,52.38,119.87,349562.5365377427,-0.001,0
2026-08-14T13:58:28Z,0.3,27.9482,6.75,0.4784,0.0852,0.2115,0.0379,151.244,160.181935,4.1312,52.329,109.98,349688.4610622088,-0.001,0
2026-08-14T13:58:28Z,0.3,27.9476,6.84,0.4822,0.0426,0.2115,0.0681,151.255,160.194758,4.1185,52.293,121.6,349771.1775107828,-0,0
2026-08-14T13:58:28Z,0.3,27.9473,6.84,0.4593,0.0426,0.2115,0.1134,151.258,160.200246,4.1088,52.264,113.63,349807.35931877163,-0,0
2026-08-14T13:58:28Z,0.3,27.9475,6.84,0.425,0.0426,0.2115,0.0379,151.248,160.191846,4.1022,52.238,116.32,349756.6367727617,-2.082e-8,0
2026-08-14T13:58:28Z,0.3,27.9479,6.84,0.4555,0.0426,0.2115,0.053,151.222,160.167317,4.0982,52.217,112.52,349611.8538525406,-2.677e-8,0
2026-08-14T13:58:28Z,0.3,27.9485,6.84,0.4364,0.0426,0.2115,0.0983,151.187,160.134148,4.0954,52.206,115.14,349415.0742090768,-3.441e-8,0
2026-08-14T13:58:28Z,0.3,27.9492,6.84,0.4746,0.0852,0.1692,0.1588,151.17,160.119569,4.093,52.209,110.32,349320.7765718561,-4.425e-8,0
2026-08-14T13:58:28Z,0.3,27.9501,6.84,0.4364,0.0852,0.1692,0.1286,151.182,160.135726,4.0909,52.23,119.48,349395.20441886754,-5.689e-8,0
2026-08-14T13:58:28Z,0.3,27.9511,6.84,0.4517,0.0852,0.1692,0.2192,151.204,160.162879,4.0892,52.269,112.2,349529.50290741853,-7.314e-8,0
2026-08-14T13:58:28Z,0.3,27.9522,6.84,0.4593,0.0852,0.1692,0.1286,151.23,160.194238,4.0883,52.326,113.9,349685.6226902571,-9.404e-8,0
2026-08-14T13:58:28Z,0.3,27.9534,6.84,0.4402,0.0426,0.2538,0.2041,151.26,160.23015,4.0884,52.4,109.96,349865.52608387114,-1.209e-7,0
2026-08-14T13:58:28Z,0.3,27.9546,6.84,0.4593,0.0426,0.2538,0.0681,151.281,160.25614,4.09,52.49,113.58,349989.7941137421,-1.555e-7,0
2026-08-14T13:58:28Z,0.3,27.9559,6.84,0.3945,0.0426,0.2538,0.0983,151.288,160.267115,4.0929,52.593,115.95,350028.01381096797,-1.999e-7,0
2026-08-14T13:58:28Z,0.3,27.9571,6.84,0.4173,0.0426,0.2538,0.1588,151.284,160.266,4.0973,52.705,110.7,350000.18340011296,-2.57e-7,0
2026-08-14T13:58:28Z,0.3,27.9583,6.84,0.3945,0.0426,0.2115,0.1134,151.253,160.236466,4.103,52.823,117.52,349812.9127115128,-3.304e-7,0
2026-08-14T13:58:28Z,0.299,27.9595,6.84,0.3792,0.0426,0.2115,0.053,151.204,160.188674,4.11,52.943,117.06,349523.33632748015,-4.248e-7,0
2026-08-14T13:58:28Z,0.299,27.9607,6.84,0.486,0.0426,0.2115,0.1588,151.17,160.155977,4.118,53.065,112.64,349318.5145171118,-5.462e-7,0
2026-08-14T13:58:28Z,0.299,27.9619,6.84,0.4517,0.0426,0.2115,0.0832,151.152,160.139677,4.1267,53.193,114.72,349205.6456375189,-7.022e-7,0
2026-08-14T13:58:28Z,0.299,27.9631,6.84,0.444,0.0426,0.2115,0.189,151.141,160.13142,4.1359,53.325,116.6,349137.86344308243,-9.029e-7,0
2026-08-14T13:58:28Z,0.299,27.9642,6.75,0.486,0.0852,0.2961,0.1134,151.138,160.131006,4.1452,53.461,114.79,349115.8211125484,-0,0
2026-08-14T13:58:28Z,0.299,27.9652,6.75,0.4288,0.0852,0.2961,0.0681,151.139,160.136322,4.1546,53.602,110.51,349127.6727255393,-0,0
2026-08-14T13:58:28Z,0.299,27.9663,6.75,0.3945,0.0852,0.2961,0.0681,151.151,160.152794,4.1645,53.751,115.47,349200.23210455355,-0,0
2026-08-14T13:58:28Z,0.299,27.9675,6.75,0.3945,0.0852,0.2961,0.2041,151.18,160.18682,4.1748,53.913,116.05,349369.3721196005,-0,0
2026-08-14T13:58:28Z,0.299,27.9686,6.84,0.3868,0.0426,0.2115,0.0983,151.205,160.217409,4.1853,54.086,111.6,349521.0819606229,-0,0
2026-08-14T13:58:28Z,0.299,27.9697,6.84,0.3983,0.0426,0.2115,0.0379,151.203,160.218647,4.1963,54.26,121.89,349508.2782146614,-0,0
2026-08-14T13:58:28Z,0.299,27.9708,6.84,0.3983,0.0426,0.2115,0.1134,151.18,160.198883,4.2078,54.42,115.47,349377.76853395026,-0,0
2026-08-14T13:58:28Z,0.299,27.9721,6.84,0.4288,0.0426,0.2115,0.0681,151.155,160.176895,4.2204,54.548,116.15,349231.24770721974,-0,0
2026-08-14T13:58:28Z,0.299,27.9734,6.84,0.3945,0.0426,0.2115,0.053,151.136,160.16085,4.2338,54.633,116.98,349118.0585130212,0,0
2026-08-14T13:58:28Z,0.299,27.9747,6.84,0.4517,0.0426,0.2115,0.0379,151.12,160.148475,4.2474,54.664,119.68,349025.4494303431,0,0
2026-08-14T13:58:28Z,0.299,27.976,6.84,0.4746,0.0426,0.2115,0.1437,151.106,160.136468,4.2598,54.631,114.2,348934.92051021586,0,0
2026-08-14T13:58:28Z,0.299,27.9774,6.84,0.4555,0.0426,0.2115,0.1286,151.1,160.133654,4.2698,54.534,125.52,348894.0838937749,0,0
2026-08-14T13:58:28Z,0.299,27.9789,6.75,0.4631,0.0426,0.2961,0.1588,151.107,160.143291,4.2764,54.382,115.62,348921.1647867105,0,0
2026-08-14T13:58:28Z,0.299,27.9803,6.75,0.4593,0.0426,0.2961,0.0983,151.125,160.163939,4.2786,54.187,127.55,349011.68737209425,0,0
2026-08-14T13:58:28Z,0.299,27.9815,6.75,0.4708,0.0426,0.2961,0.0681,151.149,160.191085,4.2759,53.966,109.43,349142.1943418366,0,0
2026-08-14T13:58:28Z,0.299,27.9825,6.75,0.4746,0.0426,0.2961,0.0681,151.166,160.209922,4.2683,53.736,123.89,349229.7689313714,0,0
2026-08-14T13:58:28Z,0.299,27.9832,6.75,0.4555,0.0426,0.2961,0.1134,151.164,160.209438,4.2564,53.513,112.89,349214.50720730337,0,0
2026-08-14T13:58:28Z,0.299,27.9838,6.93,0.444,0.0852,0.2115,0.1739,151.152,160.197522,4.2411,53.312,116.4,349137.0147496064,0,0
2026-08-14T13:58:28Z,0.299,27.9843,6.93,0.4364,0.0852,0.2115,0.1588,151.142,160.18703,4.2237,53.146,107.36,349069.3002557532,0,0
2026-08-14T13:58:28Z,0.299,27.9847,6.93,0.4593,0.0852,0.2115,0.1588,151.136,160.181176,4.2057,53.021,127.36,349029.35440099,0,0
2026-08-14T13:58:28Z,0.299,27.9851,6.93,0.486,0.0852,0.2115,0.0983,151.138,160.184412,4.1882,52.93,118.62,349040.30500222323,0,0
2026-08-14T13:58:28Z,0.298,27.9853,6.84,0.4593,0.0852,0.3384,0.1134,151.137,160.183572,4.1724,52.862,112.79,349032.01828402386,0,0
2026-08-14T13:58:28Z,0.298,27.9855,6.84,0.4708,0.0852,0.3384,0.1588,151.118,160.164403,4.1595,52.819,123.68,348921.11958445486,0,0
2026-08-14T13:58:28Z,0.298,27.9857,6.84,0.4593,0.0852,0.3384,0.053,151.102,160.147846,4.1496,52.814,113.16,348824.8621252444,0,0
2026-08-14T13:58:28Z,0.298,27.986,6.84,0.4708,0.0852,0.3384,0.1134,151.107,160.153538,4.1425,52.847,123.6,348851.3473849128,0,0
2026-08-14T13:58:28Z,0.298,27.9862,6.84,0.4669,0.0852,0.2115,0.0228,151.116,160.162954,4.1372,52.908,108.68,348900.4695398434,0,0
2026-08-14T13:58:28Z,0.298,27.9864,6.84,0.444,0.0852,0.2115,0.1437,151.108,160.154554,4.1338,52.975,118.75,348849.8701374114,0,0
2026-08-14T13:58:28Z,0.299,27.9865,6.84,0.4669,0.0852,0.2115,0.0228,151.097,160.142133,4.1334,53.028,109.79,348778.56274391577,0.001,0
2026-08-14T13:58:28Z,0.299,27.9866,6.84,0.4746,0.0852,0.2115,0.0983,151.089,160.132399,4.136,53.062,126.12,348722.30047357315,0.001,0
2026-08-14T13:58:28Z,0.299,27.9867,6.84,0.4555,0.0852,0.2115,0.0983,151.071,160.112735,4.1408,53.081,108.3,348610.48640583135,0,0
2026-08-14T13:58:28Z,0.299,27.9867,6.84,0.4593,0.0426,0.1269,0.053,151.054,160.09393,4.146,53.078,111.52,348505.2887292867,0,0
2026-08-14T13:58:28Z,0.299,27.9865,6.84,0.4822,0.0426,0.1269,0.1588,151.051,160.089009,4.1501,53.05,126.09,348481.34128120926,0,0
2026-08-14T13:58:28Z,0.299,27.9862,6.84,0.4784,0.0426,0.1269,0.1286,151.055,160.092651,4.1528,53.012,110.01,348507.0803525113,0,0
2026-08-14T13:58:28Z,0.299,27.9858,6.84,0.4631,0.0426,0.1269,0.053,151.066,160.103822,4.1543,52.981,123.01,348576.72906129545,0,0
2026-08-14T13:58:28Z,0.299,27.9855,6.84,0.4517,0.0426,0.2538,0.0228,151.083,160.121493,4.1541,52.966,113.11,348680.9668904562,0,0
2026-08-14T13:58:28Z,0.299,27.9851,6.84,0.4708,0.0426,0.2538,0.0983,151.103,160.142359,4.152,52.968,111.72,348804.8969665826,-0.001,0
2026-08-14T13:58:28Z,0.299,27.9848,6.84,0.444,0.0426,0.2538,0.1286,151.113,160.153947,4.149,52.987,114.59,348875.12895695784,-0.001,0
2026-08-14T13:58:28Z,0.299,27.9846,6.84,0.486,0.0426,0.2538,0.0983,151.105,160.145318,4.1466,53.025,111.84,348830.41231761186,-0.001,0
2026-08-14T13:58:28Z,0.298,27.9845,6.75,0.4593,0.1278,0.2538,0.1437,151.098,160.138221,4.1454,53.081,109.17,348792.48219398427,-0.001,0
2026-08-14T13:58:28Z,0.298,27.9845,6.75,0.4784,0.1278,0.2538,0.053,151.11,160.152809,4.1456,53.155,115.69,348874.132427586,-0.002,0
2026-08-14T13:58:28Z,0.298,27.9845,6.75,0.4708,0.1278,0.2538,0.1437,151.133,160.178943,4.1471,53.244,113.16,349020.4360954485,-0.002,0
2026-08-14T13:58:28Z,0.297,27.9846,6.75,0.4669,0.1278,0.2538,0.0681,151.147,160.195533,4.15,53.356,109.01,349111.5373026408,-0.002,0
2026-08-14T13:58:28Z,0.296,27.9849,6.75,0.4822,0.1278,0.2538,0.0228,151.149,160.200991,4.1544,53.487,118.62,349136.72466490214,-0.003,0
2026-08-14T13:58:28Z,0.296,27.9853,6.84,0.4936,0.0852,0.0846,0.1286,151.148,160.204791,4.1602,53.611,116.17,349150.83518499637,-0.002,0
2026-08-14T13:58:28Z,0.295,27.9859,6.84,0.4708,0.0852,0.0846,0.0983,151.143,160.203936,4.1671,53.708,116,349135.2925849996,-0.001,0
2026-08-14T13:58:28Z,0.294,27.9867,6.84,0.4708,0.0852,0.0846,0.0832,151.136,160.202208,4.1758,53.764,120.62,349111.27731839905,0,0
2026-08-14T13:58:28Z,0.294,27.9878,6.84,0.4631,0.0852,0.0846,0.1437,151.131,160.203155,4.1859,53.774,117.37,349096.8652876832,0.002,0
2026-08-14T13:58:28Z,0.295,27.9891,6.75,0.4936,0.0426,0.1692,0.0228,151.124,160.199011,4.1956,53.742,127.08,349050.3660303664,0.003,0
2026-08-14T13:58:28Z,0.297,27.9908,6.75,0.4708,0.0426,0.1692,0.189,151.118,160.194687,4.203,53.677,113.85,348995.69873555016,0.005,0
2026-08-14T13:58:28Z,0.299,27.9927,6.75,0.528,0.0426,0.1692,0.053,151.123,160.199049,4.2073,53.596,115.87,348986.0764556241,0.006,0
2026-08-14T13:58:28Z,0.301,27.9945,6.75,0.5356,0.0426,0.1692,0.2192,151.13,160.203239,4.2079,53.528,114.92,348977.2833879421,0.006,0
2026-08-14T13:58:28Z,0.302,27.9959,6.84,0.5127,0.0426,0.1692,0.1134,151.119,160.186329,4.2053,53.492,116.73,348857.5676616734,0.006,0
2026-08-14T13:58:28Z,0.304,27.9966,6.84,0.5432,0.0426,0.1692,0.1588,151.083,160.141803,4.2001,53.483,117.09,348595.926973664,0.006,0
2026-08-14T13:58:28Z,0.305,27.9962,6.84,0.5318,0.0426,0.1692,0.0983,151.053,160.10589,4.1938,53.479,105.37,348402.2401489599,0.005,0
2026-08-14T13:58:28Z,0.306,27.995,6.84,0.5356,0.0426,0.1692,0.0379,151.055,160.10709,4.1886,53.459,122.74,348430.4112376432,0.005,0
2026-08-14T13:58:28Z,0.308,27.9932,6.84,0.5127,0.0852,0.2115,0.053,151.073,160.127688,4.1859,53.405,106.64,348577.8121361283,0.004,0
2026-08-14T13:58:28Z,0.309,27.9914,6.84,0.5203,0.0852,0.2115,0.1286,151.087,160.145117,4.1853,53.309,114.07,348707.5305057824,0.004,0
2026-08-14T13:58:28Z,0.31,27.99,6.84,0.5318,0.0852,0.2115,0.0983,151.095,160.156007,4.1852,53.17,110.92,348793.530508187,0.003,0
2026-08-14T13:58:28Z,0.31,27.9896,6.84,0.5776,0.0852,0.2115,0.1134,151.102,160.165269,4.1836,53.003,113.48,348852.5270967185,0.003,0
2026-08-14T13:58:28Z,0.311,27.99,6.84,0.5661,0.0852,0.2115,0.189,151.096,160.161341,4.1794,52.834,106.46,348823.38039251434,0.002,0
2026-08-14T13:58:28Z,0.311,27.9908,6.84,0.5661,0.0426,0.2115,0.0832,151.076,160.143177,4.1719,52.687,112.08,348707.4159131235,0.001,0
2026-08-14T13:58:28Z,0.312,27.9917,6.84,0.5928,0.0426,0.2115,0.2947,151.056,160.123972,4.1609,52.577,113.53,348583.86567009555,0,0
2026-08-14T13:58:28Z,0.312,27.9925,6.84,0.6348,0.0426,0.2115,0.4307,151.038,160.106619,4.1478,52.514,101.62,348472.49318430974,0,0
2026-08-14T13:58:28Z,0.312,27.9933,6.84,0.631,0.0426,0.2115,0.2947,151.039,160.10854,4.1345,52.498,110.65,348468.9259239659,-0.001,0
2026-08-14T13:58:28Z,0.311,27.994,6.84,0.6081,0.0426,0.2115,0.3249,151.053,160.126236,4.1229,52.532,112.18,348555.37506109837,-0.001,0
2026-08-14T13:58:28Z,0.31,27.9946,6.84,0.5547,0.0426,0.2115,0.3552,151.056,160.13236,4.1143,52.609,105.4,348578.8934462659,-0.002,0
2026-08-14T13:58:28Z,0.31,27.9952,6.84,0.5509,0.0426,0.2115,0.3249,151.048,160.126541,4.1092,52.702,111.64,348535.6113114077,-0.002,0
2026-08-14T13:58:28Z,0.309,27.9958,6.84,0.5852,0.0426,0.2115,0.3249,151.037,160.117249,4.108,52.784,107.64,348472.9115202546,-0.003,0
2026-08-14T13:58:28Z,0.309,27.9964,6.84,0.5776,0.0852,0.1692,0.3552,151.036,160.118039,4.1106,52.843,104.69,348466.59695752425,-0.004,0
2026-08-14T13:58:28Z,0.308,27.9973,6.84,0.5623,0.0852,0.1692,0.1437,151.056,160.141147,4.1165,52.878,115.12,348579.7312201361,-0.005,0
2026-08-14T13:58:28Z,0.306,27.9983,6.84,0.5852,0.0852,0.1692,0.1286,151.088,160.176702,4.1238,52.891,104.08,348760.7285751746,-0.005,0
2026-08-14T13:58:28Z,0.304,27.9992,6.84,0.5852,0.0852,0.1692,0.0681,151.121,160.21214,4.1302,52.878,115.9,348942.91221077566,-0.006,0
2026-08-14T13:58:28Z,0.302,27.9999,6.84,0.5661,0.0852,0.1692,0.1134,151.148,160.240877,4.1347,52.842,111.64,349091.21843333525,-0.006,0
2026-08-14T13:58:28Z,0.301,28.0004,6.75,0.589,0.0852,0.1269,0.1134,151.161,160.254542,4.1374,52.794,115.62,349158.75804728037,-0.006,0
2026-08-14T13:58:28Z,0.299,28.0008,6.75,0.5394,0.0852,0.1269,0.0681,151.148,160.240746,4.1384,52.745,99.089,349074.3600914274,-0.006,0
2026-08-14T13:58:28Z,0.298,28.0011,6.75,0.589,0.0852,0.1269,0.1134,151.106,160.19581,4.1373,52.692,117.57,348817.5108329548,-0.005,0
2026-08-14T13:58:28Z,0.297,28.0013,6.75,0.5776,0.0852,0.1269,0.2041,151.056,160.141822,4.1344,52.625,99.218,348511.9482411559,-0.004,0
2026-08-14T13:58:28Z,0.296,28.0012,6.84,0.5356,0,0.2115,-0.0678,151.034,160.116495,4.1307,52.541,124.38,348372.1248514809,-0.004,0
2026-08-14T13:58:28Z,0.295,28.0011,6.84,0.5509,0,0.2115,0.1739,151.051,160.133117,4.1269,52.44,109.1,348466.8494910285,-0.003,0
2026-08-14T13:58:28Z,0.294,28.0009,6.84,0.5013,0,0.2115,0.1437,151.088,160.172068,4.1227,52.323,116.17,348688.2697341001,-0.002,0
2026-08-14T13:58:28Z,0.294,28.0005,6.84,0.5356,0,0.2115,0.1286,151.131,160.217682,4.1175,52.189,106.16,348950.64687645034,-0.001,0
2026-08-14T13:58:28Z,0.294,28,6.93,0.5661,0.0852,0.2538,0.189,151.165,160.254065,4.111,52.042,113.63,349163.25863691804,-0.001,0
2026-08-14T13:58:28Z,0.294,27.9997,6.93,0.5432,0.0852,0.2538,0.0983,151.18,160.270875,4.1031,51.881,113.55,349262.7559809208,-0,0
2026-08-14T13:58:28Z,0.294,27.9995,6.93,0.5661,0.0852,0.2538,0.1286,151.193,160.284622,4.094,51.712,118.01,349343.32470821263,-0,0
2026-08-14T13:58:28Z,0.294,27.9995,6.93,0.5738,0.0852,0.2538,0.1588,151.21,160.302979,4.0836,51.545,128.25,349446.1404660191,-0,0
2026-08-14T13:58:28Z,0.294,27.9996,6.84,0.547,0.0852,0.2961,0.1286,151.217,160.310799,4.072,51.382,118.39,349488.1510931206,0,0
2026-08-14T13:58:28Z,0.294,27.9997,6.84,0.5852,0.0852,0.2961,0.1134,151.201,160.294135,4.0594,51.222,120.07,349393.01711958577,0,0
2026-08-14T13:58:28Z,0.294,27.9999,6.84,0.5509,0.0852,0.2961,0.0681,151.172,160.264575,4.0462,51.072,124.86,349223.895050782,0.001,0
2026-08-14T13:58:28Z,0.295,28.0001,6.84,0.5852,0.0852,0.2961,0.1588,151.147,160.238289,4.0331,50.94,116.05,349073.15049512126,0.001,0
2026-08-14T13:58:28Z,0.295,28.0003,6.84,0.5852,0.0852,0.2961,0.0983,151.119,160.208265,4.0203,50.837,117.47,348901.5291503918,0.002,0
2026-08-14T13:58:28Z,0.296,28.0004,6.84,0.5776,0,0.1269,0.34,151.092,160.180529,4.0078,50.782,119.06,348744.55024748587,0.002,0
2026-08-14T13:58:28Z,0.296,28.0005,6.84,0.5585,0,0.1269,0.2947,151.088,160.175741,3.9961,50.795,114.52,348715.9746022238,0.003,0
2026-08-14T13:58:28Z,0.297,28.0005,6.84,0.5356,0,0.1269,0.3854,151.112,160.200641,3.9857,50.883,118.62,348855.28522892395,0.003,0
2026-08-14T13:58:28Z,0.298,28.0006,6.84,0.5776,0,0.1269,0.3703,151.144,160.233812,3.9777,51.024,127.27,349039.13139747933,0.003,0
2026-08-14T13:58:28Z,0.299,28.0006,6.84,0.5776,0.0426,0.1692,0.1588,151.164,160.254036,3.9733,51.189,117.9,349152.34160105063,0.002,0
2026-08-14T13:58:28Z,0.299,28.0006,6.84,0.5852,0.0426,0.1692,0.1286,151.185,160.274723,3.9743,51.357,121.33,349268.1671361612,0.002,0
2026-08-14T13:58:28Z,0.299,28.0005,6.84,0.5966,0.0426,0.1692,0.1286,151.209,160.29738,3.9812,51.516,120.41,349396.8425938825,0.003,0
2026-08-14T13:58:28Z,0.3,28.0003,6.84,0.5547,0.0426,0.1692,0.1286,151.209,160.295982,3.9923,51.652,118.21,349392.5994790068,0.003,0
2026-08-14T13:58:28Z,0.301,27.9998,6.84,0.6233,0.0852,0.1692,0.4458,151.187,160.270156,4.0052,51.752,114.89,349256.93521120556,0.003,0
2026-08-14T13:58:28Z,0.302,27.9992,6.84,0.6272,0.0852,0.1692,0.3552,151.164,160.245082,4.0184,51.809,119.42,349127.3022802626,0.004,0
2026-08-14T13:58:28Z,0.303,27.9985,6.84,0.6577,0.0852,0.1692,0.4156,151.144,160.222091,4.0309,51.838,120.26,349011.145895514,0.004,0
2026-08-14T13:58:28Z,0.305,27.9979,6.84,0.6195,0.0852,0.1692,0.34,151.115,160.191043,4.0416,51.858,109.67,348848.1321577795,0.003,0
2026-08-14T13:58:28Z,0.306,27.9973,6.84,0.5699,0.0852,0.1692,0.4156,151.095,160.169714,4.0494,51.873,125.79,348739.5337253663,0.002,0
2026-08-14T13:58:28Z,0.306,27.9968,6.84,0.5814,0.0852,0.3384,0.3854,151.108,160.184481,4.054,51.886,117.6,348831.1096009227,0,0
2026-08-14T13:58:28Z,0.307,27.9964,6.84,0.5432,0.0852,0.3384,0.3552,151.143,160.223251,4.0563,51.902,109.01,349055.2614384743,-0.003,0
2026-08-14T13:58:28Z,0.306,27.9963,6.84,0.5699,0.0852,0.3384,0.4307,151.165,160.24826,4.0578,51.929,116.81,349197.0695263865,-0.008,0
2026-08-14T13:58:28Z,0.304,27.9963,6.84,0.6539,0.0852,0.3384,0.3703,151.158,160.240125,4.059,51.995,106.39,349151.5216150734,-0.015,0
2026-08-14T13:58:28Z,0.3,27.9966,6.93,0.6386,0.0426,0.2538,0.3854,151.129,160.204693,4.06,52.157,105.44,348947.80479543534,-0.023,0
2026-08-14T13:58:28Z,0.294,27.9971,6.93,0.6348,0.0426,0.2538,0.2947,151.102,160.166586,4.0612,52.494,108.84,348725.61773934105,-0.033,0
2026-08-14T13:58:28Z,0.284,27.9974,6.93,0.6348,0.0426,0.2538,0.3703,151.095,160.141697,4.0633,53.089,104.33,348581.02581278083,-0.044,0
2026-08-14T13:58:28Z,0.272,27.9973,6.93,0.6157,0.0426,0.2538,0.3098,151.088,160.113367,4.0685,54.02,112.47,348424.38665174396,-0.055,0
2026-08-14T13:58:28Z,0.256,27.9959,6.84,0.6157,0.0852,0.2115,0.3552,151.06,160.062015,4.0813,55.353,129.14,348162.3417255121,-0.065,0
2026-08-14T13:58:28Z,0.237,27.9926,6.84,0.6157,0.0852,0.2115,0.3854,151.019,159.99399,4.1079,57.182,172.83,347841.1860392566,-0.072,0
2026-08-14T13:58:28Z,0.215,27.9871,6.84,0.6081,0.0852,0.2115,0.4458,150.984,159.929228,4.1549,59.678,216.94,347577.64200074977,-0.077,0
2026-08-14T13:58:28Z,0.193,27.9803,6.84,0.5928,0.0852,0.2115,0.3098,150.977,159.890544,4.2283,63.094,343.2,347482.949713798,-0.078,0
2026-08-14T13:58:28Z,0.171,27.973,6.84,0.5776,0.0852,0.1692,0.4156,151.001,159.887659,4.3333,67.561,315.73,347597.10906474025,-0.075,0
2026-08-14T13:58:28Z,0.151,27.9649,6.84,0.5585,0.0852,0.1692,0.4156,151.045,159.911787,4.4772,72.778,321.12,347876.58496181015,-0.07,0
2026-08-14T13:58:28Z,0.135,27.9555,6.84,0.5738,0.0852,0.1692,0.3249,151.088,159.939299,4.6734,78.092,335.46,348198.4601601872,-0.063,0
2026-08-14T13:58:28Z,0.12,27.9454,6.84,0.4631,0.0852,0.1692,0.2494,151.115,159.955483,4.9418,82.911,347.25,348469.74685886985,-0.056,0
2026-08-14T13:58:28Z,0.107,27.936,6.84,0.486,0.0852,0.1692,0.476,151.147,159.978685,5.2926,86.894,358.99,348768.03404730675,-0.048,0
2026-08-14T13:58:28Z,0.096,27.9284,6.84,0.4784,0.0426,0.2115,0.3854,151.182,160.007075,5.702,89.883,396.04,349063.3793972719,-0.041,0
2026-08-14T13:58:28Z,0.087,27.9227,6.84,0.4746,0.0426,0.2115,0.4156,151.195,160.014152,6.1189,91.76,410.5,349205.3230323027,-0.035,0
2026-08-14T13:58:28Z,0.078,27.9183,6.84,0.3945,0.0426,0.2115,0.0681,151.183,159.99579,6.4969,92.426,425.58,349181.3118588388,-0.029,0
2026-08-14T13:58:28Z,0.072,27.9147,6.84,0.383,0.0426,0.2115,0.0983,151.154,159.961122,6.8094,92.005,435.21,349051.50277741626,-0.024,0
2026-08-14T13:58:28Z,0.067,27.9119,6.75,0.4135,0.0852,0.2538,0.1588,151.127,159.928961,7.0439,90.943,444.09,348921.4104408967,-0.019,0
2026-08-14T13:58:28Z,0.063,27.9097,6.75,0.3792,0.0852,0.2538,0.1588,151.113,159.910774,7.1913,89.7,443.42,348858.9059591786,-0.015,0
2026-08-14T13:58:28Z,0.06,27.9079,6.75,0.3449,0.0852,0.2538,0.0077,151.1,159.893693,7.2436,88.426,446.81,348795.430374055,-0.012,0
2026-08-14T13:58:28Z,0.057,27.9065,6.75,0.3563,0.0852,0.2538,0.1437,151.093,159.885189,7.2108,87.061,454.15,348772.8615338018,-0.009,0
2026-08-14T13:58:28Z,0.056,27.9053,6.84,0.3487,0.0852,0.1692,0.1286,151.11,159.903034,7.1278,85.628,458.81,348894.4176543188,-0.007,0
2026-08-14T13:58:28Z,0.054,27.9042,6.84,0.3029,0.0852,0.1692,0.0379,151.132,159.927938,7.0305,84.246,462.41,349053.79903200123,-0.005,0
2026-08-14T13:58:28Z,0.053,27.9032,6.84,0.2571,0.0852,0.1692,0.0379,151.137,159.934476,6.9307,82.967,471.65,349108.41264599125,-0.004,0
2026-08-14T13:58:28Z,0.053,27.9026,6.84,0.2609,0.0852,0.1692,0.1134,151.141,159.940423,6.8238,81.808,474.73,349152.53877357265,-0.004,0
2026-08-14T13:58:28Z,0.052,27.9027,6.84,0.2648,0.0852,0.1692,0.0681,151.177,159.979433,6.7115,80.884,478.46,349369.61168075586,-0.004,0
2026-08-14T13:58:28Z,0.051,27.9033,6.84,0.2609,0.0852,0.1692,0.189,151.223,160.027838,6.603,80.343,475.25,349630.5233425024,-0.003,0
2026-08-14T13:58:28Z,0.05,27.9039,6.84,0.3143,0.0852,0.1692,0.1286,151.232,160.03842,6.5027,80.186,481.28,349679.1502893781,-0.003,0
2026-08-14T13:58:28Z,0.049,27.9044,6.84,0.2495,0.0852,0.1692,0.0379,151.22,160.026025,6.4118,80.344,504.84,349600.5775376103,-0.003,0
2026-08-14T13:58:28Z,0.048,27.9046,6.84,0.2762,0.0852,0.1692,0.2192,151.216,160.021421,6.3394,80.818,516.49,349571.1392283866,-0.003,0
2026-08-14T13:58:28Z,0.048,27.9047,6.84,0.2686,0.0852,0.1692,0.1286,151.215,160.019371,6.297,81.564,518.86,349557.83509741205,-0.002,0
2026-08-14T13:58:28Z,0.047,27.9047,6.84,0.2991,0.0852,0.1692,0.0681,151.213,160.017323,6.2847,82.374,512.58,349546.33963475085,-0.001,0
2026-08-14T13:58:28Z,0.047,27.9048,6.84,0.2724,0.0852,0.1692,0.0983,151.209,160.012728,6.2971,83.016,517.5,349518.75129283505,-0,0
2026-08-14T13:58:28Z,0.047,27.9049,6.84,0.2571,0.0852,0.1692,0.0983,151.197,160.000352,6.3342,83.354,513.58,349447.49472140346,0,0
2026-08-14T13:58:28Z,0.047,27.9047,6.84,0.2953,0,0.1269,0.0379,151.184,159.98892,6.3927,83.325,515.48,349386.9319222473,0.001,0
2026-08-14T13:58:28Z,0.048,27.9045,6.84,0.3067,0,0.1269,0.0983,151.184,159.991417,6.4562,82.956,520.55,349404.53619041736,0.001,0
2026-08-14T13:58:28Z,0.048,27.9044,6.84,0.2915,0,0.1269,0.0681,151.195,160.006504,6.5065,82.378,522.25,349491.0034976745,0.002,0
2026-08-14T13:58:28Z,0.048,27.9046,6.84,0.2648,0,0.1269,0.0983,151.199,160.016159,6.533,81.692,524.75,349541.602387186,0.002,0
2026-08-14T13:58:28Z,0.049,27.9051,6.75,0.2991,0.0426,0.1269,0.189,151.2,160.020953,6.5306,80.941,529.79,349559.52763809497,0.002,0
2026-08-14T13:58:28Z,0.05,27.9061,6.75,0.2075,0.0426,0.1269,0.1286,151.201,160.026172,6.5016,80.249,555.86,349570.8543741193,0.003,0
2026-08-14T13:58:28Z,0.051,27.9074,6.75,0.2037,0.0426,0.1269,0.0681,151.195,160.023189,6.4562,79.708,621.41,349530.7532835557,0.003,0
2026-08-14T13:58:28Z,0.052,27.9089,6.75,0.2113,0.0426,0.1269,0.1286,151.183,160.013211,6.4022,79.201,732.67,349447.80920801417,0.003,0
2026-08-14T13:58:28Z,0.052,27.9104,6.75,0.2037,0.0426,0.1269,0.0681,151.173,160.003599,6.3432,78.517,931.11,349366.935834559,0.004,0
2026-08-14T13:58:28Z,0.053,27.9117,6.75,0.2304,0.0852,0.0846,0.2041,151.173,160.003815,6.2888,77.539,1186.9,349344.80460388126,0.004,0
2026-08-14T13:58:28Z,0.055,27.9128,6.75,0.2075,0.0852,0.0846,0.0983,151.177,160.007903,6.2463,76.248,1306,349347.9881854266,0.005,0
2026-08-14T13:58:28Z,0.056,27.9136,6.75,0.2152,0.0852,0.0846,0.2041,151.168,159.998917,6.2065,74.697,858.43,349283.21467370697,0.006,0
2026-08-14T13:58:28Z,0.057,27.9139,6.75,0.1923,0.0852,0.0846,0.0379,151.161,159.992497,6.1528,72.991,958.21,349241.8174258216,0.007,0
2026-08-14T13:58:28Z,0.059,27.914,6.84,0.1999,0.0852,0.1692,0.1286,151.172,160.004969,6.0762,71.236,1330.6,349309.9823538723,0.008,0
2026-08-14T13:58:28Z,0.061,27.914,6.84,0.219,0.0852,0.1692,0.1286,151.187,160.023626,5.9751,69.537,1291.3,349414.6523683579,0.01,0
2026-08-14T13:58:28Z,0.064,27.9141,6.84,0.2113,0.0852,0.1692,0.189,151.198,160.03741,5.8536,68.014,1238.3,349490.19932724774,0.013,0
2026-08-14T13:58:28Z,0.067,27.9144,6.84,0.2152,0.0852,0.1692,0.0983,151.2,160.041979,5.7199,66.747,1233.7,349510.44890408154,0.016,0
2026-08-14T13:58:28Z,0.071,27.9149,6.84,0.219,0.0426,0.3807,0.189,151.19,160.034544,5.5822,65.755,1394,349459.74602088507,0.019,0
2026-08-14T13:58:28Z,0.076,27.9155,6.84,0.1999,0.0426,0.3807,0.1437,151.17,160.01713,5.449,65.029,1750.8,349351.2677776126,0.023,0
2026-08-14T13:58:28Z,0.082,27.9162,6.84,0.1923,0.0426,0.3807,0.0983,151.148,159.99712,5.3296,64.544,1777.3,349226.4571828691,0.028,0
2026-08-14T13:58:28Z,0.089,27.9171,6.84,0.2075,0.0426,0.3807,0.1588,151.136,159.989218,5.2302,64.275,1768,349165.9862076302,0.034,0
2026-08-14T13:58:28Z,0.098,27.9182,6.84,0.2724,0.0426,0.3807,0.0681,151.142,160.003343,5.1525,64.207,1759.6,349225.4587216325,0.04,0
2026-08-14T13:58:28Z,0.109,27.9193,6.84,0.28,0.0852,0.1269,0.189,151.163,160.035244,5.0954,64.341,1647.5,349384.64686667785,0.046,0
2026-08-14T13:58:28Z,0.122,27.9207,6.84,0.2762,0.0852,0.1269,0.0681,151.192,160.081404,5.0573,64.676,998.38,349618.4983519433,0.053,0
2026-08-14T13:58:28Z,0.136,27.9223,6.84,0.2686,0.0852,0.1269,0.0379,151.233,160.146116,5.0361,65.189,1253.4,349952.99802786065,0.059,0
2026-08-14T13:58:28Z,0.152,27.9246,6.84,0.3296,0.0852,0.1269,0.1588,151.274,160.220582,5.0305,65.866,336.12,350329.8710435145,0.064,0
2026-08-14T13:58:28Z,0.17,27.928,6.84,0.3639,0.0852,0.2115,0.2192,151.292,160.276561,5.0407,66.721,288.06,350583.2148980114,0.068,0
2026-08-14T13:58:28Z,0.189,27.933,6.84,0.3258,0.0852,0.2115,0.0983,151.285,160.306936,5.0665,67.783,236.64,350663.85824883124,0.071,0
2026-08-14T13:58:28Z,0.208,27.9403,6.84,0.3296,0.0852,0.2115,0.0983,151.282,160.335845,5.106,69.065,176.32,350694.81073727924,0.073,0
2026-08-14T13:58:28Z,0.227,27.9505,6.84,0.3296,0.0852,0.2115,0.1588,151.295,160.375005,5.1581,70.504,157.69,350731.1102219769,0.074,0
2026-08-14T13:58:28Z,0.246,27.9627,6.93,0.3372,0.0426,0.2115,0.1437,151.316,160.414819,5.2239,71.937,134.76,350735.03275230125,0.073,0
2026-08-14T13:58:28Z,0.265,27.975,6.93,0.3334,0.0426,0.2115,0.1134,151.355,160.465906,5.3058,73.179,131.29,350800.46010843286,0.072,0
2026-08-14T13:58:28Z,0.283,27.9857,6.93,0.3449,0.0426,0.2115,0.2041,151.446,160.565938,5.4052,74.1,132.9,351169.6673956115,0.071,0
2026-08-14T13:58:28Z,0.302,27.9941,6.93,0.4021,0.0426,0.2115,0.189,151.59,160.715536,5.517,74.635,143.81,351859.220134246,0.068,0
2026-08-14T13:58:28Z,0.319,27.9999,6.93,0.3792,0.0426,0.2115,0.0983,151.731,160.854381,5.6286,74.768,151.34,352535.8529348228,0.065,0
2026-08-14T13:58:28Z,0.335,28.0033,7.02,0.4021,0.0426,0.1692,0.1286,151.824,160.933314,5.7254,74.524,160.77,352918.93582310766,0.06,0
2026-08-14T13:58:28Z,0.35,28.0044,7.02,0.4021,0.0426,0.1692,0.0983,151.884,160.973383,5.7973,73.968,162.84,353124.82132693246,0.056,0
2026-08-14T13:58:28Z,0.363,28.0033,7.02,0.3868,0.0426,0.1692,0.0983,151.949,161.021347,5.8393,73.196,159.51,353415.1962169233,0.052,0
2026-08-14T13:58:28Z,0.376,27.9995,7.02,0.4097,0.0426,0.1692,0.1286,152.002,161.059931,5.8501,72.318,158.03,353701.8215856144,0.049,0
2026-08-14T13:58:28Z,0.387,27.9931,6.93,0.4097,0,0.1269,0.0983,152.01,161.053325,5.8317,71.412,150.72,353780.7543094072,0.047,0
2026-08-14T13:58:28Z,0.398,27.9856,6.93,0.4021,0,0.1269,0.1588,152.016,161.043862,5.789,70.522,147.48,353863.5685984909,0.046,0
2026-08-14T13:58:28Z,0.409,27.9787,6.93,0.4708,0,0.1269,0.3249,152.063,161.081128,5.7293,69.692,146.11,354199.47718265356,0.046,0
2026-08-14T13:58:28Z,0.42,27.9731,6.93,0.4593,0,0.1269,0.3854,152.128,161.140986,5.6611,68.969,157.24,354639.7481513088,0.046,0
2026-08-14T13:58:28Z,0.433,27.9679,6.84,0.444,0.0852,0.2115,0.3552,152.165,161.171255,5.5907,68.388,146.07,354905.70796805824,0.046,0
2026-08-14T13:58:28Z,0.445,27.9629,6.84,0.4746,0.0852,0.2115,0.3249,152.164,161.161965,5.5215,67.977,151.41,354944.27741250506,0.046,0
2026-08-14T13:58:28Z,0.457,27.9587,6.84,0.444,0.0852,0.2115,0.3552,152.164,161.15273,5.4569,67.749,158.89,354968.5795510053,0.046,0
2026-08-14T13:58:28Z,0.469,27.9555,6.84,0.4555,0.0852,0.2115,0.3249,152.186,161.167143,5.4006,67.693,150.72,355108.52285932575,0.045,0
2026-08-14T13:58:28Z,0.48,27.9527,7.02,0.4784,0.0852,0.2538,0.34,152.222,161.197021,5.3554,67.774,163.09,355328.80779941595,0.045,0
2026-08-14T13:58:28Z,0.491,27.9498,7.02,0.4593,0.0852,0.2538,0.3249,152.273,161.242315,5.3235,67.939,157.55,355638.39028780145,0.044,0
2026-08-14T13:58:28Z,0.502,27.9469,7.02,0.4708,0.0852,0.2538,0.3854,152.341,161.303075,5.3059,68.134,163.8,356035.88502460707,0.043,0
2026-08-14T13:58:28Z,0.513,27.9441,7.02,0.444,0.0852,0.2538,0.4609,152.406,161.357423,5.3018,68.305,156.9,356395.47307400143,0.042,0
2026-08-14T13:58:28Z,0.524,27.9413,7.02,0.4746,0.0852,0.2538,0.3249,152.441,161.375757,5.3085,68.408,157.75,356550.82308322366,0.04,0
2026-08-14T13:58:28Z,0.534,27.9383,7.02,0.4402,0.0852,0.2115,0.4307,152.458,161.37098,5.3217,68.437,158.65,356578.65822269436,0.037,0
2026-08-14T13:58:28Z,0.544,27.9348,7.02,0.486,0.0852,0.2115,0.4156,152.492,161.385913,5.3372,68.402,155.44,356727.59850500984,0.035,0
2026-08-14T13:58:28Z,0.552,27.9301,7.02,0.5547,0.0852,0.2115,0.3249,152.539,161.41652,5.3511,68.316,158.17,356987.6713664138,0.031,0
2026-08-14T13:58:28Z,0.56,27.9238,7.02,0.5013,0.0852,0.2115,0.3854,152.567,161.430874,5.3598,68.19,153.06,357184.8700162521,0.028,0
2026-08-14T13:58:28Z,0.566,27.9165,7.02,0.5394,0.0852,0.1269,0.4156,152.57,161.422781,5.3627,68.037,152.7,357272.87649454543,0.025,0
2026-08-14T13:58:28Z,0.572,27.9095,7.02,0.528,0.0852,0.1269,0.3249,152.556,161.400105,5.3606,67.873,154.9,357272.4517507359,0.022,0
2026-08-14T13:58:28Z,0.577,27.9034,7.02,0.5165,0.0852,0.1269,0.4156,152.531,161.366819,5.3545,67.725,151.14,357195.1399630734,0.019,0
2026-08-14T13:58:28Z,0.581,27.8985,7.02,0.4784,0.0852,0.1269,0.4005,152.505,161.33409,5.3451,67.614,153.56,357098.9521921942,0.017,0
2026-08-14T13:58:28Z,0.585,27.8948,7.02,0.5432,0.0426,0.1692,0.4005,152.506,161.331273,5.3334,67.542,151.87,357150.8638629401,0.016,0
2026-08-14T13:58:28Z,0.588,27.8919,7.02,0.5242,0.0426,0.1692,0.2947,152.542,161.363629,5.3208,67.506,149.09,357388.2358438768,0.015,0
2026-08-14T13:58:28Z,0.591,27.8896,7.02,0.5242,0.0426,0.1692,0.3249,152.573,161.389678,5.3094,67.517,149.8,357578.78920323827,0.015,0
2026-08-14T13:58:28Z,0.595,27.8879,7.02,0.528,0.0426,0.1692,0.3552,152.574,161.382293,5.3009,67.575,149.93,357567.99954288895,0.017,0
2026-08-14T13:58:28Z,0.599,27.8865,7.02,0.5089,0.0426,0.1692,0.3703,152.577,161.373578,5.2954,67.661,146.3,357544.1210267019,0.019,0
2026-08-14T13:58:28Z,0.604,27.8849,7.02,0.5127,0.0426,0.0846,0.2947,152.611,161.393277,5.2927,67.748,149.61,357685.71109787415,0.021,0
2026-08-14T13:58:28Z,0.61,27.8828,7.02,0.5547,0.0426,0.0846,0.34,152.651,161.414575,5.2937,67.842,149.06,357845.65332707297,0.024,0
2026-08-14T13:58:28Z,0.616,27.8799,7.02,0.6005,0.0426,0.0846,0.3098,152.68,161.419098,5.2986,67.958,144.9,357924.79347240104,0.027,0
2026-08-14T13:58:28Z,0.624,27.8759,7.02,0.589,0.0426,0.0846,0.3098,152.713,161.424085,5.3057,68.087,146.07,358026.85052888375,0.03,0
2026-08-14T13:58:28Z,0.632,27.8706,7.11,0.5814,0.0426,0.2961,0.3552,152.758,161.440885,5.313,68.208,146.55,358220.23832736525,0.033,0
2026-08-14T13:58:28Z,0.64,27.8637,7.11,0.589,0.0426,0.2961,0.3703,152.814,161.471973,5.321,68.325,148.57,358524.7423771712,0.036,0
2026-08-14T13:58:28Z,0.65,27.8552,7.11,0.5394,0.0426,0.2961,0.3249,152.856,161.489559,5.3309,68.476,146.61,358781.93548224535,0.038,0
2026-08-14T13:58:28Z,0.66,27.8454,7.11,0.5623,0.0426,0.2961,0.4156,152.858,161.464258,5.342,68.707,141.94,358818.38371753367,0.04,0
2026-08-14T13:58:28Z,0.671,27.8353,7.02,0.5509,0.0852,0.1692,0.3552,152.863,161.439431,5.3524,69.009,143.93,358863.0875786707,0.041,0
2026-08-14T13:58:28Z,0.682,27.8261,7.02,0.6157,0.0852,0.1692,0.3552,152.921,161.468585,5.3625,69.313,142.66,359199.6739745851,0.041,0
2026-08-14T13:58:28Z,0.692,27.8174,7.02,0.6233,0.0852,0.1692,0.3552,153.01,161.527424,5.3752,69.543,140.38,359697.1575926966,0.042,0
2026-08-14T13:58:28Z,0.703,27.8084,7.02,0.6233,0.0852,0.1692,0.3249,153.076,161.563488,5.3942,69.659,142.04,360070.34856639727,0.042,0
2026-08-14T13:58:28Z,0.714,27.7987,7.11,0.6005,0.0426,0.1269,0.4156,153.104,161.560338,5.4189,69.652,140.04,360232.1721912057,0.042,0
2026-08-14T13:58:28Z,0.724,27.788,7.11,0.6233,0.0426,0.1269,0.3854,153.098,161.521142,5.4438,69.552,139.32,360206.05416549236,0.043,0
2026-08-14T13:58:28Z,0.735,27.7767,7.11,0.5928,0.0426,0.1269,0.34,153.088,161.481543,5.4629,69.406,140.04,360188.73616784567,0.045,0
2026-08-14T13:58:28Z,0.746,27.7658,7.11,0.6081,0.0426,0.1269,0.34,153.102,161.485094,5.4731,69.258,142.35,360411.39771915274,0.047,0
2026-08-14T13:58:28Z,0.758,27.7551,7.11,0.6233,0.0426,0.1269,0.34,153.12,161.506688,5.4736,69.187,138.23,360734.06352729356,0.049,0
2026-08-14T13:58:28Z,0.772,27.7441,7.11,0.6233,0.0426,0.2961,0.2947,153.122,161.514001,5.4668,69.307,140.53,360980.5916330343,0.051,0
2026-08-14T13:58:28Z,0.785,27.735,7.11,0.6272,0.0426,0.2961,0.2947,153.121,161.512996,5.4562,69.692,137.81,361144.15115432104,0.053,0
2026-08-14T13:58:28Z,0.799,27.7311,7.11,0.65,0.0426,0.2961,0.3249,153.121,161.503404,5.445,70.309,138.53,361161.62759609055,0.055,0
2026-08-14T13:58:28Z,0.812,27.732,7.11,0.6233,0.0426,0.2961,0.4005,153.124,161.486675,5.4392,71.054,136.68,361048.7477100687,0.058,0
2026-08-14T13:58:28Z,0.827,27.7338,7.2,0.6806,0.0426,0.0846,0.34,153.139,161.472378,5.4485,71.813,138.17,360933.11970469437,0.06,0
2026-08-14T13:58:28Z,0.843,27.7336,7.2,0.6996,0.0426,0.0846,0.5364,153.167,161.458704,5.4788,72.53,136.17,360858.2961412829,0.061,0
2026-08-14T13:58:28Z,0.86,27.7304,7.2,0.6767,0.0426,0.0846,0.4156,153.206,161.442005,5.5276,73.196,135.26,360821.9002679422,0.061,0
2026-08-14T13:58:28Z,0.877,27.724,7.2,0.6844,0.0426,0.0846,0.3249,153.265,161.439871,5.5868,73.779,134.79,360928.6911850166,0.061,0
2026-08-14T13:58:28Z,0.893,27.7144,7.2,0.7073,0,0.2538,0.4156,153.344,161.463753,5.6475,74.203,134.94,361244.6485108317,0.06,0
2026-08-14T13:58:28Z,0.907,27.7003,7.2,0.6958,0,0.2538,0.3552,153.42,161.495965,5.7053,74.417,134.88,361692.73938356346,0.058,0
2026-08-14T13:58:28Z,0.921,27.6812,7.2,0.6729,0,0.2538,0.3854,153.472,161.511021,5.7597,74.434,133.01,362135.96181284916,0.055,0
2026-08-14T13:58:28Z,0.935,27.6602,7.2,0.6882,0,0.2538,0.4609,153.494,161.496901,5.8077,74.319,133.51,362447.0832172237,0.053,0
2026-08-14T13:58:28Z,0.948,27.641,7.2,0.7569,0,0.2538,0.3552,153.499,161.467877,5.843,74.139,135.05,362638.86460618133,0.051,0
2026-08-14T13:58:28Z,0.961,27.6253,7.11,0.734,0.0426,0.2538,0.3854,153.51,161.448275,5.8615,73.936,132.21,362819.67285743204,0.049,0
2026-08-14T13:58:28Z,0.973,27.6123,7.11,0.7378,0.0426,0.2538,0.3249,153.531,161.440885,5.8642,73.767,134.26,363020.58192934573,0.047,0
2026-08-14T13:58:28Z,0.985,27.6004,7.11,0.7454,0.0426,0.2538,0.3249,153.548,161.43171,5.8563,73.708,131.69,363190.69328960543,0.046,0
2026-08-14T13:58:28Z,0.996,27.589,7.11,0.8217,0.0426,0.2538,0.4156,153.554,161.416297,5.8433,73.802,132.84,363315.454802899,0.045,0
2026-08-14T13:58:28Z,1.007,27.5788,7.11,0.7874,0.0852,0.2538,0.2947,153.54,161.390533,5.8284,74.046,135.61,363357.8646058778,0.045,0
2026-08-14T13:58:28Z,1.018,27.5695,7.11,0.8065,0.0852,0.2538,0.3249,153.505,161.349552,5.816,74.418,133.39,363295.3299873554,0.044,0
2026-08-14T13:58:28Z,1.03,27.5606,7.11,0.8065,0.0852,0.2538,0.2947,153.467,161.310487,5.8123,74.885,133.94,363236.3483751234,0.044,0
2026-08-14T13:58:28Z,1.041,27.5535,7.11,0.795,0.0852,0.2538,0.2947,153.444,161.288976,5.8205,75.403,133.71,363245.14444494405,0.043,0
2026-08-14T13:58:28Z,1.052,27.5497,7.2,0.8103,0.0426,0.2115,0.4005,153.434,161.279285,5.8401,75.903,132.96,363260.39543471904,0.042,0
2026-08-14T13:58:28Z,1.062,27.5486,7.2,0.8026,0.0426,0.2115,0.4156,153.44,161.282837,5.8695,76.315,133.13,363301.60715359106,0.04,0
2026-08-14T13:58:28Z,1.073,27.5489,7.2,0.8065,0.0426,0.2115,0.34,153.458,161.294568,5.9064,76.61,132.15,363363.8806716047,0.038,0
2026-08-14T13:58:28Z,1.083,27.5495,7.2,0.8141,0.0426,0.2115,0.4005,153.469,161.295557,5.9471,76.804,130.81,363358.33402839507,0.035,0
2026-08-14T13:58:28Z,1.092,27.5498,7.2,0.7988,0.0426,0.2115,0.4005,153.473,161.29208,5.9866,76.893,131.52,363332.56837843073,0.031,0
2026-08-14T13:58:28Z,1.099,27.5491,7.11,0.7912,0.0426,0.2961,0.2796,153.47,161.293228,6.0192,76.826,131.06,363352.3579618203,0.028,0
2026-08-14T13:58:28Z,1.106,27.5466,7.11,0.8217,0.0426,0.2961,0.2947,153.455,161.291292,6.0427,76.551,130.92,363388.1028359082,0.024,0
2026-08-14T13:58:28Z,1.111,27.543,7.11,0.8026,0.0426,0.2961,0.3854,153.435,161.289766,6.0583,76.067,131.29,363446.8927997008,0.02,0
2026-08-14T13:58:28Z,1.115,27.5408,7.11,0.7988,0.0426,0.2961,0.34,153.424,161.300269,6.0656,75.44,130.52,363549.05749986786,0.017,0
2026-08-14T13:58:28Z,1.119,27.5421,7.2,0.7874,0.0426,0.2115,0.34,153.418,161.315583,6.0602,74.757,130.52,363613.326245185,0.015,0
2026-08-14T13:58:28Z,1.122,27.5467,7.2,0.8026,0.0426,0.2115,0.34,153.406,161.321753,6.038,74.073,131.98,363562.6071899453,0.013,0
2026-08-14T13:58:28Z,1.125,27.5532,7.2,0.7874,0.0426,0.2115,0.4005,153.39,161.318422,5.9992,73.433,131.75,363421.19710490794,0.011,0
2026-08-14T13:58:28Z,1.128,27.5604,7.2,0.8103,0.0426,0.2115,0.4156,153.362,161.29869,5.949,72.888,130.89,363171.80761269346,0.01,0
2026-08-14T13:58:28Z,1.13,27.5675,7.2,0.7721,0.0852,0.2961,0.3098,153.325,161.265311,5.8943,72.456,132.78,362845.5524941005,0.01,0
2026-08-14T13:58:28Z,1.132,27.5734,7.2,0.7912,0.0852,0.2961,0.2947,153.293,161.233437,5.8398,72.104,130.27,362550.73998703243,0.009,0
2026-08-14T13:58:28Z,1.134,27.5778,7.2,0.8065,0.0852,0.2961,0.3552,153.276,161.214611,5.7889,71.77,131.06,362359.5777270531,0.008,0
2026-08-14T13:58:28Z,1.136,27.5809,7.2,0.8141,0.0852,0.2961,0.4156,153.291,161.227864,5.7456,71.395,130.69,362378.09122653614,0.008,0
2026-08-14T13:58:28Z,1.138,27.5827,7.2,0.8065,0.0852,0.2961,0.3249,153.333,161.268712,5.7114,70.943,130.38,362580.3543109991,0.008,0
2026-08-14T13:58:28Z,1.141,27.5832,7.2,0.7874,0.0852,0.2961,0.3854,153.364,161.297941,5.6836,70.404,130.5,362739.884055368,0.008,0
2026-08-14T13:58:28Z,1.143,27.5829,7.2,0.8293,0.0852,0.2961,0.3854,153.367,161.297288,5.6573,69.791,130.38,362741.7313988053,0.009,0
2026-08-14T13:58:28Z,1.145,27.5821,7.2,0.8141,0.0852,0.2961,0.2947,153.362,161.288626,5.6278,69.131,129.51,362706.66303190787,0.01,0
2026-08-14T13:58:28Z,1.147,27.581,7.2,0.8065,0.0852,0.2961,0.3552,153.361,161.283677,5.5922,68.48,127.77,362698.6737287824,0.011,0
2026-08-14T13:58:28Z,1.15,27.5798,7.11,0.8065,0.0426,0.2115,0.2796,153.364,161.281121,5.5499,67.919,128.53,362706.38711774227,0.013,0
2026-08-14T13:58:28Z,1.153,27.5787,7.11,0.7874,0.0426,0.2115,0.4156,153.37,161.280275,5.5016,67.511,128.83,362722.1098500113,0.015,0
2026-08-14T13:58:28Z,1.158,27.5776,7.11,0.8217,0.0426,0.2115,0.3098,153.376,161.276905,5.4497,67.306,128.19,362723.24513346056,0.018,0
2026-08-14T13:58:28Z,1.163,27.5763,7.11,0.8065,0.0426,0.2115,0.3249,153.377,161.266103,5.3985,67.354,128.64,362685.1735717013,0.021,0
2026-08-14T13:58:28Z,1.169,27.5746,7.2,0.8065,0.0426,0.2538,0.3854,153.366,161.240979,5.3544,67.717,129.34,362571.83041639056,0.022,0
2026-08-14T13:58:28Z,1.175,27.5722,7.2,0.7874,0.0426,0.2538,0.3854,153.351,161.210868,5.3226,68.463,128.8,362442.79694343545,0.023,0
2026-08-14T13:58:28Z,1.182,27.569,7.2,0.8065,0.0426,0.2538,0.2947,153.344,161.19179,5.3067,69.626,130.01,362392.494777326,0.023,0
2026-08-14T13:58:28Z,1.189,27.5652,7.2,0.8103,0.0426,0.2538,0.3854,153.338,161.182664,5.3108,71.116,128.92,362410.9246644157,0.022,0
2026-08-14T13:58:28Z,1.194,27.5609,7.2,0.795,0.0852,0.2538,0.3552,153.317,161.169032,5.3398,72.73,130.78,362412.6830564051,0.021,0
2026-08-14T13:58:28Z,1.199,27.5561,7.2,0.7836,0.0852,0.2538,0.3249,153.288,161.155275,5.3991,74.272,129.06,362423.08270205226,0.019,0
2026-08-14T13:58:28Z,1.203,27.5523,7.2,0.8103,0.0852,0.2538,0.34,153.263,161.15376,5.4913,75.617,131.35,362485.5095234422,0.017,0
2026-08-14T13:58:28Z,1.207,27.5514,7.2,0.7874,0.0852,0.2538,0.3703,153.236,161.152059,5.6088,76.713,130.16,362492.5373706571,0.015,0
2026-08-14T13:58:28Z,1.211,27.5541,7.2,0.8179,0.0852,0.2538,0.3703,153.2,161.137697,5.7358,77.556,130.84,362358.9521202651,0.014,0
2026-08-14T13:58:28Z,1.214,27.5595,7.11,0.8217,0.0426,0.2961,0.4458,153.17,161.122877,5.8568,78.153,130.84,362172.22571630735,0.012,0
2026-08-14T13:58:28Z,1.217,27.5675,7.11,0.8103,0.0426,0.2961,0.2796,153.156,161.123692,5.962,78.523,129.73,362027.2374564994,0.011,0
2026-08-14T13:58:28Z,1.22,27.5765,7.11,0.8141,0.0426,0.2961,0.4307,153.155,161.136351,6.0475,78.712,130.55,361931.99034958443,0.01,0
2026-08-14T13:58:28Z,1.222,27.584,7.11,0.8255,0.0426,0.2961,0.4307,153.164,161.156213,6.1132,78.777,129.23,361906.3912900291,0.009,0
2026-08-14T13:58:28Z,1.224,27.5895,7.11,0.795,0.0426,0.2115,0.3098,153.18,161.180558,6.1597,78.765,128.92,361944.05295029376,0.008,0
2026-08-14T13:58:28Z,1.226,27.5945,7.11,0.8179,0.0426,0.2115,0.2947,153.191,161.199844,6.1883,78.721,130.38,361961.86185723176,0.007,0
2026-08-14T13:58:28Z,1.228,27.599,7.11,0.8141,0.0426,0.2115,0.3703,153.184,161.203178,6.2027,78.665,127.97,361896.9764218019,0.006,0
2026-08-14T13:58:28Z,1.229,27.6025,7.11,0.8065,0.0426,0.2115,0.3552,153.16,161.191451,6.2074,78.602,129.03,361763.92600788426,0.006,0
2026-08-14T13:58:28Z,1.23,27.6051,7.2,0.8293,0.0852,0.2115,0.34,153.131,161.173561,6.2062,78.548,129.9,361612.196570763,0.005,0
2026-08-14T13:58:28Z,1.232,27.6075,7.2,0.795,0.0852,0.2115,0.3098,153.102,161.152758,6.2024,78.518,128.94,361447.4649208154,0.005,0
2026-08-14T13:58:28Z,1.233,27.6108,7.2,0.795,0.0852,0.2115,0.2947,153.079,161.135519,6.1977,78.504,130.89,361286.5391609085,0.005,0
2026-08-14T13:58:28Z,1.234,27.6152,7.2,0.8255,0.0852,0.2115,0.4458,153.06,161.12125700000001,6.1922,78.494,129.53,361122.31311750313,0.005,0
2026-08-14T13:58:28Z,1.235,27.6193,7.2,0.8141,0.0426,0.3807,0.4609,153.039,161.102159,6.1875,78.487,130.21,360935.9078359027,0.006,0
2026-08-14T13:58:28Z,1.236,27.6224,7.2,0.7874,0.0426,0.3807,0.3703,153.018,161.08115,6.1849,78.444,130.38,360757.2174275341,0.007,0
2026-08-14T13:58:28Z,1.238,27.6249,7.2,0.7988,0.0426,0.3807,0.3854,152.998,161.060644,6.1835,78.275,128.5,360592.6660415958,0.008,0
2026-08-14T13:58:28Z,1.24,27.6268,7.2,0.8141,0.0426,0.3807,0.3854,152.972,161.035175,6.1825,77.889,128.27,360410.7962099395,0.009,0
2026-08-14T13:58:28Z,1.243,27.6277,7.2,0.795,0.0426,0.3807,0.3552,152.947,161.009974,6.1818,77.246,128.69,360249.13400999666,0.009,0
2026-08-14T13:58:28Z,1.245,27.6281,7.2,0.8065,0.0426,0.3807,0.3552,152.938,161.002374,6.1783,76.358,128.36,360197.99905630416,0.01,0
2026-08-14T13:58:28Z,1.248,27.6284,7.2,0.8065,0.0426,0.3807,0.2796,152.941,161.006338,6.165,75.278,128,360215.2094054353,0.011,0
2026-08-14T13:58:28Z,1.251,27.6289,7.2,0.8293,0.0426,0.3807,0.4156,152.946,161.0109,6.1346,74.078,127.25,360232.13889128587,0.011,0
2026-08-14T13:58:28Z,1.254,27.6295,7.2,0.795,0.0426,0.3807,0.3249,152.963,161.025292,6.0838,72.846,127.55,360303.72892104724,0.011,0
2026-08-14T13:58:28Z,1.257,27.63,7.2,0.7683,0.0426,0.3384,0.4458,152.977,161.033311,6.0139,71.661,125.95,360340.53819115344,0.01,0
2026-08-14T13:58:28Z,1.259,27.6302,7.2,0.7149,0.0426,0.3384,0.3249,152.973,161.021058,5.9287,70.585,127.11,360266.36325311067,0.009,0
2026-08-14T13:58:28Z,1.262,27.6298,7.2,0.7492,0.0426,0.3384,0.3703,152.967,161.00531,5.8343,69.671,124.89,360183.26202014677,0.008,0
2026-08-14T13:58:28Z,1.264,27.6286,7.2,0.7302,0.0426,0.3384,0.3098,152.964,160.993892,5.7374,68.955,126.78,360139.93412315083,0.007,0
2026-08-14T13:58:28Z,1.265,27.6267,7.29,0.734,0.0426,0.3807,0.3249,152.953,160.975741,5.6443,68.445,125.65,360070.9175185289,0.007,0
2026-08-14T13:58:28Z,1.267,27.624,7.29,0.7569,0.0426,0.3807,0.4609,152.933,160.950025,5.5598,68.131,125,359973.2911310157,0.006,0
2026-08-14T13:58:28Z,1.268,27.621,7.29,0.753,0.0426,0.3807,0.3703,152.93,160.943959,5.4881,68.015,125.54,359994.1808251284,0.006,0
2026-08-14T13:58:28Z,1.269,27.6182,7.29,0.7492,0.0426,0.3807,0.3249,152.948,160.961939,5.432,68.11,124.81,360149.600421357,0.006,0
2026-08-14T13:58:28Z,1.271,27.616,7.29,0.8026,0.0426,0.3807,0.2494,152.965,160.978694,5.392,68.427,123.46,360286.869828125,0.007,0
2026-08-14T13:58:28Z,1.273,27.6145,7.2,0.8026,0.0852,0.2115,0.3098,152.968,160.980655,5.3674,68.952,123.86,360326.0548488941,0.007,0
2026-08-14T13:58:28Z,1.274,27.6136,7.2,0.8026,0.0852,0.2115,0.3249,152.953,160.964336,5.3584,69.619,123.38,360248.93558789935,0.008,0
2026-08-14T13:58:28Z,1.276,27.6131,7.2,0.8065,0.0852,0.2115,0.4005,152.929,160.93741,5.3659,70.31,122.07,360103.3910532474,0.008,0
2026-08-14T13:58:28Z,1.279,27.6127,7.2,0.7302,0.0852,0.2115,0.4609,152.909,160.91274,5.3909,70.9,122.77,359968.9897860501,0.007,0
2026-08-14T13:58:28Z,1.281,27.6124,7.2,0.7416,0.0426,0.2538,0.4005,152.906,160.905794,5.4323,71.292,122.58,359934.63504206843,0.006,0
2026-08-14T13:58:28Z,1.283,27.6122,7.2,0.7263,0.0426,0.2538,0.4458,152.927,160.924741,5.4849,71.423,122.18,360047.2786634099,0.004,0
2026-08-14T13:58:28Z,1.284,27.6116,7.2,0.7416,0.0426,0.2538,0.3703,152.957,160.952587,5.5393,71.263,121.25,360218.5623926115,0.002,0
2026-08-14T13:58:28Z,1.284,27.6106,7.2,0.7416,0.0426,0.2538,0.3249,152.98,160.974709,5.5859,70.822,121.12,360364.41417399986,-0.001,0
2026-08-14T13:58:28Z,1.283,27.6094,7.2,0.7378,0.0852,0.2961,0.4156,152.992,160.984981,5.6169,70.146,120.7,360445.84534650814,-0.003,0
2026-08-14T13:58:28Z,1.281,27.6082,7.2,0.7797,0.0852,0.2961,0.3249,152.986,160.978125,5.6273,69.316,121.44,360428.7332087442,-0.004,0
2026-08-14T13:58:28Z,1.28,27.6072,7.2,0.7645,0.0852,0.2961,0.4307,152.97,160.96033,5.6149,68.427,121.04,360344.9626489602,-0.005,0
2026-08-14T13:58:28Z,1.278,27.6063,7.2,0.7378,0.0852,0.2961,0.4458,152.949,160.938877,5.5802,67.545,120.94,360238.298112481,-0.004,0
2026-08-14T13:58:28Z,1.277,27.6057,7.2,0.734,0.0426,0.3384,0.2947,152.926,160.916062,5.527,66.714,119.87,360118.236655477,-0.004,0
2026-08-14T13:58:28Z,1.277,27.6053,7.2,0.7378,0.0426,0.3384,0.3552,152.912,160.903839,5.4617000000000004,65.97,119.76,360055.3840551464,-0.003,0
2026-08-14T13:58:28Z,1.276,27.6052,7.2,0.7111,0.0426,0.3384,0.3249,152.919,160.912979,5.3916,65.332,119.92,360109.80546415644,-0.002,0
2026-08-14T13:58:28Z,1.276,27.6055,7.2,0.7645,0.0426,0.3384,0.3854,152.928,160.923872,5.3221,64.808,119.4,360166.87433805334,-0.001,0
2026-08-14T13:58:28Z,1.275,27.606,7.2,0.7378,0.0426,0.3384,0.3552,152.927,160.921385,5.2566,64.406,120.23,360143.2712185894,-0.001,0
2026-08-14T13:58:28Z,1.275,27.6066,7.2,0.734,0.0426,0.2538,0.3854,152.921,160.912872,5.1979,64.117,120.57,360083.1559061108,-0,0
2026-08-14T13:58:28Z,1.275,27.6072,7.2,0.7492,0.0426,0.2538,0.476,152.92,160.906084,5.1475,63.918,119.81,360032.96682607377,0,0
2026-08-14T13:58:28Z,1.276,27.6075,7.2,0.7607,0.0426,0.2538,0.5364,152.938,160.91725,5.1063,63.788,120.39,360091.5962464327,0.001,0
2026-08-14T13:58:28Z,1.276,27.6073,7.2,0.7721,0.0426,0.2538,0.3552,152.967,160.939323,5.0746,63.697,119.84,360222.2616089913,0.001,0
2026-08-14T13:58:28Z,1.276,27.6064,7.2,0.7569,0.0852,0.1692,0.4156,152.974,160.936102,5.0519,63.604,119.58,360220.47667835414,0.001,0
2026-08-14T13:58:28Z,1.276,27.6046,7.2,0.7836,0.0852,0.1692,0.4458,152.958,160.90873,5.0364,63.473,120.47,360096.52721067326,0,0
2026-08-14T13:58:28Z,1.276,27.6022,7.2,0.734,0.0852,0.1692,0.3552,152.938,160.879971,5.0263,63.279,119.92,359975.77347414184,0,0
2026-08-14T13:58:28Z,1.276,27.5992,7.2,0.753,0.0852,0.1692,0.4005,152.91,160.84416,5.0194,63.003,119.29,359825.6406326479,0,0
2026-08-14T13:58:28Z,1.277,27.5958,7.2,0.7454,0,0.2961,0.4458,152.872,160.799766,5.0124,62.639,119.53,359633.62530574406,0,0
2026-08-14T13:58:28Z,1.277,27.5925,7.2,0.7378,0,0.2961,0.3249,152.841,160.763008,5.0023,62.204,118.98,359483.6659101314,0,0
2026-08-14T13:58:28Z,1.276,27.5897,7.2,0.7492,0,0.2961,0.3249,152.831,160.75014,4.9873,61.725,118.21,359461.7104394162,-0.001,0
2026-08-14T13:58:28Z,1.276,27.5877,7.2,0.7225,0,0.2961,0.4156,152.851,160.769755,4.9657,61.24,119.14,359611.5874592747,-0.001,0
2026-08-14T13:58:28Z,1.276,27.5861,7.2,0.7187,0,0.2961,0.3703,152.89,160.809047,4.9372,60.775,119.01,359867.2299147399,0,0
2026-08-14T13:58:28Z,1.276,27.585,7.2,0.7569,0.0852,0.3807,0.34,152.918,160.838407,4.903,60.343,117.95,360056.5580524678,0,0
2026-08-14T13:58:28Z,1.276,27.5842,7.2,0.7645,0.0852,0.3807,0.3249,152.92,160.83961,4.8653,59.961,119.01,360078.3591635233,0.001,0
2026-08-14T13:58:28Z,1.276,27.5835,7.2,0.7416,0.0852,0.3807,0.34,152.903,160.820993,4.8271,59.645,119.19,359984.2798724454,0.001,0
2026-08-14T13:58:28Z,1.276,27.5832,7.2,0.753,0.0852,0.3807,0.3249,152.883,160.799639,4.7905,59.412,119.24,359867.03508949233,0.002,0
2026-08-14T13:58:28Z,1.276,27.5829,7.2,0.7721,0.0426,0.2961,0.3552,152.857,160.771858,4.7565,59.27,119.68,359712.8572348761,0.002,0
2026-08-14T13:58:28Z,1.277,27.5827,7.2,0.7454,0.0426,0.2961,0.4005,152.821,160.734251,4.7264,59.216,120.65,359500.38142238784,0.002,0
2026-08-14T13:58:28Z,1.278,27.5825,7.2,0.7492,0.0426,0.2961,0.34,152.798,160.71086,4.7015,59.232,120.65,359369.66560403386,0.002,0
2026-08-14T13:58:28Z,1.278,27.5823,7.2,0.7378,0.0426,0.2961,0.2947,152.796,160.709477,4.6831,59.308,120.02,359365.43124824774,0.002,0
2026-08-14T13:58:28Z,1.278,27.5823,7.2,0.7569,0.0426,0.3384,0.3854,152.79,160.70368,4.672,59.45,120.13,359332.1199768682,0.002,0
2026-08-14T13:58:28Z,1.279,27.5824,7.2,0.7492,0.0426,0.3384,0.3854,152.776,160.689918,4.6677,59.667,120.54,359251.1919612467,0.002,0
2026-08-14T13:58:28Z,1.279,27.5826,7.2,0.7645,0.0426,0.3384,0.4307,152.778,160.694584,4.669,59.975,119.29,359274.288036623,0.002,0
2026-08-14T13:58:28Z,1.28,27.5829,7.2,0.7149,0.0426,0.3384,0.3552,152.79,160.710906,4.6749,60.416,119.4,359362.5034681172,0.002,0
2026-08-14T13:58:28Z,1.281,27.5833,7.2,0.7492,0.0426,0.3384,0.3703,152.793,160.72119,4.6861,61.039,119.58,359414.17422772164,0.002,0
2026-08-14T13:58:28Z,1.281,27.5836,7.11,0.7263,0.0426,0.2961,0.4609,152.798,160.734192,4.7032,61.898,119.14,359483.327172355,0.002,0
2026-08-14T13:58:28Z,1.282,27.5842,7.11,0.7263,0.0426,0.2961,0.3249,152.796,160.741353,4.7274,63.055,119.79,359513.3421500242,0.002,0
2026-08-14T13:58:28Z,1.282,27.5856,7.11,0.7569,0.0426,0.2961,0.3552,152.779,160.734562,4.762,64.528,120.36,359448.31503077893,0.001,0
2026-08-14T13:58:28Z,1.282,27.5878,7.11,0.7645,0.0426,0.2961,0.4156,152.776,160.742072,4.8109,66.287,119.53,359450.6238908801,0.001,0
2026-08-14T13:58:28Z,1.282,27.5905,7.2,0.7569,0.0426,0.2115,0.4005,152.792,160.765889,4.8784,68.26,119.97,359537.3595772436,0.001,0
2026-08-14T13:58:28Z,1.282,27.5935,7.2,0.7492,0.0426,0.2115,0.34,152.8,160.77829,4.9693,70.305,119.48,359552.9148843071,0,0
2026-08-14T13:58:28Z,1.282,27.597,7.2,0.734,0.0426,0.2115,0.3552,152.799,160.780577,5.085,72.243,120.07,359501.0644600845,0,0
2026-08-14T13:58:28Z,1.282,27.6004,7.2,0.7569,0.0426,0.2115,0.3703,152.797,160.781379,5.2234,73.927,120.07,359442.54973239184,0,0
2026-08-14T13:58:28Z,1.283,27.6027,7.2,0.7454,0.0426,0.2538,0.3854,152.789,160.772893,5.3787,75.258,121.15,359351.1121183478,0.001,0
2026-08-14T13:58:28Z,1.283,27.6041,7.2,0.7683,0.0426,0.2538,0.2947,152.777,160.756863,5.5397,76.183,120.05,359233.0715745657,0.001,0
2026-08-14T13:58:28Z,1.283,27.6052,7.2,0.7759,0.0426,0.2538,0.4156,152.767,160.743045,5.6922,76.707,119.97,359133.32478673896,0,0
2026-08-14T13:58:28Z,1.283,27.6059,7.2,0.7492,0.0426,0.2538,0.3854,152.753,160.723745,5.8249,76.861,120.65,359009.54717649054,0,0
2026-08-14T13:58:28Z,1.283,27.6059,7.2,0.7569,0.0426,0.423,0.4458,152.735,160.699829,5.9297,76.701,120.39,358872.2813989223,0,0
2026-08-14T13:58:28Z,1.283,27.6051,7.2,0.7225,0.0426,0.423,0.2947,152.738,160.698991,6.0027,76.323,120.2,358882.2983704899,0,0
2026-08-14T13:58:28Z,1.283,27.6037,7.2,0.7416,0.0426,0.423,0.4156,152.761,160.719004,6.0442,75.827,121.2,359023.1204423121,-0.001,0
2026-08-14T13:58:28Z,1.283,27.6023,7.2,0.7569,0.0426,0.423,0.3552,152.776,160.731131,6.0564,75.271,120.99,359118.7036776546,-0.001,0
2026-08-14T13:58:28Z,1.283,27.6008,7.2,0.7607,0.0426,0.423,0.4458,152.781,160.734598,6.044,74.695,120.18,359166.4324995851,-0.001,0
2026-08-14T13:58:28Z,1.282,27.5993,7.2,0.7492,0.0852,0.0846,0.34,152.779,160.73033,6.0145,74.137,120.18,359169.7483043739,-0.001,0
2026-08-14T13:58:28Z,1.282,27.5981,7.2,0.7645,0.0852,0.0846,0.4156,152.764,160.711175,5.9755,73.616,119.97,359082.01459655195,0,0
2026-08-14T13:58:28Z,1.282,27.5971,7.2,0.7721,0.0852,0.0846,0.3703,152.736,160.678039,5.9318,73.112,119.87,358910.3217837392,0,0
2026-08-14T13:58:28Z,1.281,27.5963,7.2,0.7683,0.0852,0.0846,0.3552,152.713,160.650144,5.8864,72.592,120.81,358765.04356950213,0.001,0
2026-08-14T13:58:28Z,1.282,27.5956,7.2,0.7683,0.0852,0.2538,0.4458,152.709,160.644101,5.8426,72.04,120.94,358743.3337710847,0.002,0
2026-08-14T13:58:28Z,1.283,27.5946,7.2,0.7721,0.0852,0.2538,0.4156,152.715,160.650284,5.8016,71.472,122.07,358797.34831628273,0.002,0
2026-08-14T13:58:28Z,1.284,27.5932,7.2,0.7416,0.0852,0.2538,0.3552,152.735,160.67034,5.762,70.935,122.82,358938.4227746325,0.002,0
2026-08-14T13:58:28Z,1.285,27.592,7.2,0.7492,0.0852,0.2538,0.3098,152.765,160.701602,5.7211,70.472,121.39,359140.18283533124,0.001,0
2026-08-14T13:58:28Z,1.285,27.5914,7.2,0.7607,0.0852,0.2961,0.3854,152.785,160.72234,5.6777,70.1,121.78,359270.42860484973,0,0
2026-08-14T13:58:28Z,1.284,27.5912,7.2,0.7492,0.0852,0.2961,0.2947,152.785,160.722053,5.633,69.814,121.7,359272.49172448204,0,0
2026-08-14T13:58:28Z,1.284,27.5911,7.2,0.7759,0.0852,0.2961,0.3098,152.766,160.700663,5.5906,69.601,120.34,359151.48584528413,-0.001,0
2026-08-14T13:58:28Z,1.283,27.5911,7.2,0.6958,0.0852,0.2961,0.3552,152.736,160.6685,5.5542,69.44,121.33,358966.7940585477,-0.002,0
2026-08-14T13:58:28Z,1.283,27.591,7.2,0.692,0.0852,0.2961,0.34,152.704,160.635025,5.5249,69.297,121.65,358776.4827014972,-0.002,0
2026-08-14T13:58:28Z,1.283,27.5908,7.2,0.6767,0.0426,0.2115,0.4005,152.667,160.595321,5.5024,69.122,119.71,358552.34464764484,-0.002,0
2026-08-14T13:58:28Z,1.282,27.5905,7.2,0.6653,0.0426,0.2115,0.3854,152.637,160.56285,5.4856,68.866,119.68,358371.62657203886,-0.002,0
2026-08-14T13:58:28Z,1.281,27.5903,7.2,0.734,0.0426,0.2115,0.4156,152.64,160.565031,5.4729,68.512,120.94,358387.8389641759,-0.001,0
2026-08-14T13:58:28Z,1.28,27.5902,7.2,0.734,0.0426,0.2115,0.3854,152.669,160.594428,5.4616,68.075,120.02,358558.334185195,0,0
2026-08-14T13:58:28Z,1.28,27.5901,7.2,0.7874,0.0426,0.2961,0.3854,152.688,160.612781,5.4479,67.562,121.91,358665.4978870026,0.001,0
2026-08-14T13:58:28Z,1.281,27.59,7.2,0.7607,0.0426,0.2961,0.4156,152.677,160.598931,5.4277,66.978,122.39,358587.8751686439,0.003,0
2026-08-14T13:58:28Z,1.282,27.5896,7.2,0.6767,0.0426,0.2961,0.3249,152.65,160.567222,5.3999,66.345,121.31,358413.36501040607,0.006,0
2026-08-14T13:58:28Z,1.283,27.5891,7.2,0.7073,0.0426,0.2961,0.3552,152.619,160.531245,5.3654,65.698,121.99,358216.2791400336,0.008,0
2026-08-14T13:58:28Z,1.286,27.5885,7.2,0.6729,0.0426,0.2538,0.4156,152.583,160.489422,5.325,65.084,122.79,357987.59329546726,0.011,0
2026-08-14T13:58:28Z,1.289,27.5877,7.2,0.6882,0.0426,0.2538,0.3703,152.551,160.450642,5.2791,64.545,121.73,357780.1235997383,0.014,0
2026-08-14T13:58:28Z,1.293,27.5868,7.2,0.7645,0.0426,0.2538,0.476,152.529,160.420599,5.2293,64.103,121.49,357624.61811611644,0.018,0
2026-08-14T13:58:28Z,1.298,27.5856,7.2,0.7607,0.0426,0.2538,0.34,152.509,160.391281,5.1784,63.775,122.69,357478.83988105395,0.021,0
2026-08-14T13:58:28Z,1.304,27.5842,7.2,0.7607,0.0426,0.3384,0.4307,152.494,160.366894,5.1301,63.581,122.07,357365.0193506644,0.023,0
2026-08-14T13:58:28Z,1.311,27.5824,7.2,0.7492,0.0426,0.3384,0.2947,152.49,160.352961,5.0878,63.528,121.33,357318.4566941896,0.026,0
2026-08-14T13:58:28Z,1.317,27.5803,7.2,0.7225,0.0426,0.3384,0.4005,152.502,160.353781,5.0532,63.632,121.86,357361.9156058429,0.028,0
2026-08-14T13:58:28Z,1.325,27.5777,7.2,0.7149,0.0426,0.3384,0.2494,152.532,160.369573,5.0275,63.937,121.68,357500.37699526537,0.03,0
2026-08-14T13:58:28Z,1.332,27.5749,7.2,0.7454,0.0426,0.3384,0.4307,152.569,160.388514,5.0125,64.513,121.78,357660.62558928155,0.032,0
2026-08-14T13:58:28Z,1.341,27.5716,7.2,0.7492,0.0426,0.4653,0.3854,152.605,160.403628,5.0086,65.439,123.03,357808.24092483503,0.033,0
2026-08-14T13:58:28Z,1.35,27.5676,7.2,0.734,0.0426,0.4653,0.34,152.632,160.406919,5.0172,66.786,123.33,357901.0642724209,0.034,0
2026-08-14T13:58:28Z,1.359,27.5624,7.2,0.6729,0.0426,0.4653,0.2796,152.647,160.395256,5.0417,68.538,123.84,357930.352190937,0.034,0
2026-08-14T13:58:28Z,1.368,27.556,7.2,0.692,0.0426,0.4653,0.34,152.654,160.377552,5.0877,70.573,123.06,357947.19485561526,0.034,0
2026-08-14T13:58:28Z,1.376,27.5485,7.29,0.6806,0.1278,0.2538,0.3854,152.658,160.361109,5.1615,72.686,125.19,357991.6240427561,0.033,0
2026-08-14T13:58:28Z,1.384,27.5402,7.29,0.6882,0.1278,0.2538,0.2947,152.661,160.349559,5.2685,74.661,124.57,358078.95005583577,0.032,0
2026-08-14T13:58:28Z,1.393,27.5314,7.29,0.7797,0.1278,0.2538,0.3703,152.665,160.343828,5.4076,76.335,125.65,358208.9763852329,0.031,0
2026-08-14T13:58:28Z,1.401,27.523,7.29,0.734,0.1278,0.2538,0.3552,152.658,160.326356,5.569,77.619,125.9,358264.2321826275,0.03,0
2026-08-14T13:58:28Z,1.408,27.5163,7.2,0.7607,0.0852,0.2538,0.3552,152.646,160.298496,5.7364,78.469,126.2,358228.34644274163,0.03,0
2026-08-14T13:58:28Z,1.416,27.5116,7.2,0.7149,0.0852,0.2538,0.2947,152.653,160.28689,5.8927,78.902,125,358248.7546871484,0.029,0
2026-08-14T13:58:28Z,1.423,27.5083,7.2,0.753,0.0852,0.2538,0.3249,152.676,160.290445,6.0252,78.993,126.45,358330.3188542049,0.028,0
2026-08-14T13:58:28Z,1.429,27.5049,7.2,0.7492,0.0852,0.2538,0.3854,152.704,160.300088,6.1269,78.811,125.3,358448.7415190482,0.027,0
2026-08-14T13:58:28Z,1.436,27.5002,7.2,0.7721,0.0852,0.2538,0.3703,152.738,160.318387,6.1945,78.412,125.79,358641.0747341148,0.026,0
2026-08-14T13:58:28Z,1.443,27.4939,7.2,0.7492,0.0852,0.2538,0.3854,152.773,160.342207,6.2294,77.856,126.94,358894.9616049038,0.026,0
2026-08-14T13:58:28Z,1.449,27.487,7.2,0.7492,0.0852,0.2538,0.3854,152.796,160.353846,6.2373,77.194,126.53,359090.06382281997,0.025,0
2026-08-14T13:58:28Z,1.455,27.4805,7.2,0.7569,0.0852,0.2538,0.3552,152.795,160.340376,6.2237,76.446,126.92,359133.29907805216,0.024,0
2026-08-14T13:58:28Z,1.462,27.4751,7.2,0.7378,0.0852,0.2538,0.2947,152.784,160.314238,6.1927,75.626,126.48,359083.1780064171,0.024,0
2026-08-14T13:58:28Z,1.468,27.4707,7.2,0.7263,0.0852,0.3807,0.34,152.79,160.304537,6.1493,74.753,127.14,359109.0886994281,0.023,0
2026-08-14T13:58:28Z,1.473,27.4668,7.2,0.7492,0.0852,0.3807,0.3854,152.813,160.312692,6.0974,73.845,127.27,359228.52729624795,0.022,0
2026-08-14T13:58:28Z,1.479,27.4626,7.2,0.734,0.0852,0.3807,0.4156,152.832,160.316828,6.0388,72.929,126.7,359330.43695773033,0.021,0
2026-08-14T13:58:28Z,1.484,27.4577,7.2,0.7569,0.0852,0.3807,0.3552,152.847,160.318046,5.9745,72.048,127.47,359428.5895864028,0.02,0
2026-08-14T13:58:28Z,1.488,27.4525,7.29,0.7454,0.0852,0.3807,0.34,152.867,160.328695,5.9061,71.242,127.86,359586.71433185646,0.02,0
2026-08-14T13:58:28Z,1.493,27.4472,7.29,0.7378,0.0852,0.3807,0.4156,152.894,160.347606,5.8349,70.539,127.14,359794.4153352362,0.02,0
2026-08-14T13:58:28Z,1.498,27.4419,7.29,0.7607,0.0852,0.3807,0.3552,152.908,160.351764,5.763,69.985,127.75,359917.12615621765,0.02,0
2026-08-14T13:58:28Z,1.503,27.4374,7.29,0.7149,0.0852,0.3807,0.3552,152.903,160.33426,5.6939,69.639,127.77,359900.0012442844,0.02,0
2026-08-14T13:58:28Z,1.508,27.434,7.29,0.7378,0.0426,0.3807,0.4005,152.896,160.314476,5.6306,69.515,128.41,359849.22338695667,0.021,0
2026-08-14T13:58:28Z,1.514,27.431,7.29,0.7263,0.0426,0.3807,0.3249,152.895,160.303168,5.5752,69.592,129.62,359839.88381919754,0.021,0
2026-08-14T13:58:28Z,1.519,27.4275,7.29,0.753,0.0426,0.3807,0.4307,152.901,160.305338,5.5319,69.834,129.59,359917.621203223,0.02,0
2026-08-14T13:58:28Z,1.525,27.4234,7.29,0.7492,0.0426,0.3807,0.3552,152.907,160.30954,5.5049,70.204,130.81,360018.29139855853,0.019,0
2026-08-14T13:58:28Z,1.53,27.4192,7.29,0.7454,0.0426,0.3807,0.4156,152.892,160.292842,5.4955,70.651,131.29,360000.21717482456,0.018,0
2026-08-14T13:58:28Z,1.534,27.4161,7.2,0.7416,0.0852,0.3384,0.3854,152.872,160.268832,5.5019,71.105,131.29,359919.43015062314,0.017,0
2026-08-14T13:58:28Z,1.538,27.4145,7.2,0.7454,0.0852,0.3384,0.3703,152.874,160.265176,5.5212,71.49,132.15,359928.15303932544,0.016,0
2026-08-14T13:58:28Z,1.542,27.414,7.2,0.7378,0.0852,0.3384,0.2947,152.888,160.270881,5.5505,71.782,132.44,359970.4013060001,0.015,0
2026-08-14T13:58:28Z,1.545,27.4136,7.2,0.753,0.0852,0.3384,0.34,152.894,160.265419,5.5859,71.983,134.76,359946.33051424916,0.014,0
2026-08-14T13:58:28Z,1.549,27.4127,7.2,0.7492,0.0852,0.423,0.4005,152.896,160.255351,5.6218,72.095,134.97,359904.9967915911,0.013,0
2026-08-14T13:58:28Z,1.552,27.4109,7.2,0.7302,0.0852,0.423,0.3552,152.904,160.254024,5.6525,72.124,137.21,359930.89057333994,0.013,0
2026-08-14T13:58:28Z,1.555,27.408,7.2,0.7569,0.0852,0.423,0.5213,152.915,160.261083,5.6759,72.092,138.14,360025.70909927704,0.013,0
2026-08-14T13:58:28Z,1.558,27.4042,7.2,0.734,0.0852,0.423,0.34,152.914,160.262377,5.6922,72.043,139.13,360104.0508826631,0.014,0
2026-08-14T13:58:28Z,1.561,27.4,7.11,0.7302,0.0426,0.2538,0.2947,152.892,160.246226,5.7015,72.052,140.23,360089.1258500682,0.015,0
2026-08-14T13:58:28Z,1.565,27.3968,7.11,0.7378,0.0426,0.2538,0.4156,152.854,160.220348,5.7041,72.193,141.54,359999.37344654434,0.018,0
2026-08-14T13:58:28Z,1.569,27.3954,7.11,0.7569,0.0426,0.2538,0.3854,152.818,160.203897,5.7017,72.51,142.35,359930.4892511286,0.021,0
2026-08-14T13:58:28Z,1.575,27.396,7.11,0.734,0.0426,0.2538,0.3098,152.802,160.210527,5.6977,73.061,145.44,359957.58069659624,0.025,0
2026-08-14T13:58:28Z,1.582,27.3984,7.11,0.692,0.0426,0.2538,0.4458,152.8,160.227978,5.6982,73.905,148.09,360013.58672030194,0.028,0
2026-08-14T13:58:28Z,1.59,27.403,7.2,0.6806,0.0426,0.2961,0.4307,152.788,160.234849,5.7089,75.011,148.47,359967.4751090045,0.031,0
2026-08-14T13:58:28Z,1.599,27.41,7.2,0.6767,0.0426,0.2961,0.2947,152.768,160.232973,5.7332,76.264,151.34,359826.15285756794,0.034,0
2026-08-14T13:58:28Z,1.608,27.4175,7.2,0.692,0.0426,0.2961,0.5515,152.757,160.233878,5.776,77.508,152.07,359691.6295404615,0.036,0
2026-08-14T13:58:28Z,1.617,27.424,7.2,0.7492,0.0426,0.2961,0.4156,152.758,160.241812,5.842,78.564,154.43,359616.32955821726,0.037,0
2026-08-14T13:58:28Z,1.627,27.4304,7.2,0.7378,0.0426,0.2961,0.3552,152.765,160.254884,5.9287,79.287,155.47,359572.54245544795,0.039,0
2026-08-14T13:58:28Z,1.637,27.4366,7.2,0.734,0.0426,0.2961,0.4307,152.774,160.264554,6.0272,79.624,157.96,359512.87653489446,0.04,0
2026-08-14T13:58:28Z,1.647,27.4406,7.2,0.7874,0.0426,0.2961,0.4156,152.78,160.261377,6.125,79.605,160.28,359420.11947159376,0.041,0
2026-08-14T13:58:28Z,1.658,27.443,7.2,0.7302,0.0426,0.2961,0.4609,152.777,160.244504,6.2082,79.319,160.21,359278.23449292686,0.041,0
2026-08-14T13:58:28Z,1.669,27.4448,7.29,0.7492,0,0.2961,0.3703,152.768,160.22146,6.2651,78.921,162.13,359112.00530205097,0.042,0
2026-08-14T13:58:28Z,1.68,27.4448,7.29,0.7492,0,0.2961,0.3703,152.758,160.198123,6.2917,78.596,162.66,358977.5954009358,0.043,0
2026-08-14T13:58:28Z,1.69,27.4419,7.29,0.7607,0,0.2961,0.3854,152.754,160.1823,6.2906,78.475,164.08,358940.3605441137,0.043,0
2026-08-14T13:58:28Z,1.701,27.4375,7.29,0.734,0,0.2961,0.4156,152.764,160.179792,6.2685,78.603,164.3,359007.6828559148,0.043,0
2026-08-14T13:58:28Z,1.713,27.433,7.29,0.7569,0,0.2961,0.5666,152.777,160.183916,6.2375,78.962,166.02,359115.0912127376,0.043,0
2026-08-14T13:58:28Z,1.724,27.4288,7.29,0.7645,0.0852,0.3384,0.3552,152.786,160.189758,6.2123,79.484,165.08,359226.85737859,0.043,0
2026-08-14T13:58:28Z,1.735,27.4248,7.29,0.7645,0.0852,0.3384,0.2947,152.784,160.182844,6.2032,80.054,166.45,359261.4125411598,0.043,0
2026-08-14T13:58:28Z,1.746,27.4206,7.29,0.734,0.0852,0.3384,0.34,152.77,160.159324,6.2138,80.521,168.86,359203.97400079644,0.042,0
2026-08-14T13:58:28Z,1.757,27.4175,7.29,0.7378,0.0852,0.3384,0.3552,152.756,160.134974,6.2425,80.755,168.16,359121.28701724176,0.041,0
2026-08-14T13:58:28Z,1.768,27.4162,7.38,0.7378,0.0426,0.2961,0.3249,152.747,160.115324,6.284,80.703,170.33,359032.21594298194,0.039,0
2026-08-14T13:58:28Z,1.777,27.4148,7.38,0.7569,0.0426,0.2961,0.4307,152.751,160.111166,6.3292,80.345,168.71,359034.282872927,0.037,0
2026-08-14T13:58:28Z,1.786,27.412,7.38,0.7416,0.0426,0.2961,0.3552,152.772,160.125401,6.3664,79.667,170.29,359168.39976784494,0.035,0
2026-08-14T13:58:28Z,1.795,27.4085,7.38,0.7607,0.0426,0.2961,0.2192,152.804,160.149799,6.3853,78.695,170.11,359374.19508953014,0.033,0
2026-08-14T13:58:28Z,1.803,27.4054,7.38,0.753,0.0426,0.3384,0.3703,152.834,160.168821,6.3815,77.501,172.49,359541.62625462946,0.032,0
2026-08-14T13:58:28Z,1.81,27.4026,7.38,0.7263,0.0426,0.3384,0.3703,152.854,160.175511,6.3535,76.19,173.66,359632.374736939,0.031,0
2026-08-14T13:58:28Z,1.818,27.3999,7.38,0.7454,0.0426,0.3384,0.34,152.881,160.185684,6.3002,74.875,175.17,359741.38475152076,0.03,0
2026-08-14T13:58:28Z,1.825,27.397,7.38,0.7302,0.0426,0.3384,0.4005,152.913,160.200046,6.2236,73.639,178.75,359878.3382248045,0.028,0
2026-08-14T13:58:28Z,1.833,27.3931,7.47,0.7607,0.0852,0.2538,0.3552,152.926,160.196372,6.1296,72.526,180.86,359929.83936314686,0.027,0
2026-08-14T13:58:28Z,1.84,27.3882,7.47,0.7569,0.0852,0.2538,0.3552,152.911,160.165664,6.0265,71.558,184.51,359843.8915084356,0.025,0
2026-08-14T13:58:28Z,1.847,27.3824,7.47,0.7721,0.0852,0.2538,0.3552,152.886,160.123784,5.923,70.736,182.44,359710.21243382443,0.024,0
2026-08-14T13:58:28Z,1.852,27.3763,7.47,0.7492,0.0852,0.2538,0.3552,152.868,160.089626,5.8259,70.045,188.44,359626.69721334137,0.022,0
2026-08-14T13:58:28Z,1.857,27.3707,7.47,0.7454,0.0852,0.2538,0.4458,152.874,160.082138,5.7385,69.47,187.42,359687.83648843685,0.02,0
2026-08-14T13:58:28Z,1.862,27.3657,7.47,0.7607,0.0426,0.2961,0.4156,152.899,160.095314,5.6624,68.994,192.87,359857.16206180485,0.019,0
2026-08-14T13:58:28Z,1.866,27.3607,7.47,0.7569,0.0426,0.2961,0.3249,152.915,160.100602,5.5978,68.597,195.36,359980.98660585127,0.019,0
2026-08-14T13:58:28Z,1.871,27.3556,7.47,0.7416,0.0426,0.2961,0.4307,152.924,160.099411,5.5436,68.264,200.26,360069.27705400874,0.019,0
2026-08-14T13:58:28Z,1.876,27.3509,7.47,0.7378,0.0426,0.2961,0.4156,152.938,160.10545,5.4986,67.984,199.22,360191.9283031408,0.019,0
2026-08-14T13:58:28Z,1.881,27.3467,7.38,0.753,0.0426,0.3807,0.4307,152.946,160.106302,5.4614,67.745,206.99,360275.2893544646,0.02,0
2026-08-14T13:58:28Z,1.886,27.343,7.38,0.7187,0.0426,0.3807,0.3703,152.943,160.098185,5.4303,67.538,208.98,360297.4573662035,0.021,0
2026-08-14T13:58:28Z,1.892,27.3396,7.38,0.7492,0.0426,0.3807,0.3552,152.94,160.092962,5.4043,67.377,207.44,360330.76324438734,0.022,0
2026-08-14T13:58:28Z,1.897,27.3366,7.38,0.7416,0.0426,0.3807,0.4156,152.936,160.087238,5.3824,67.298,230.49,360353.70171815756,0.022,0
2026-08-14T13:58:28Z,1.903,27.3342,7.38,0.7378,0.0426,0.3384,0.3249,152.927,160.075477,5.3636,67.355,211.21,360330.50625693175,0.022,0
2026-08-14T13:58:28Z,1.909,27.3327,7.38,0.734,0.0426,0.3384,0.3249,152.916,160.062561,5.3474,67.624,225.69,360283.81210515474,0.022,0
2026-08-14T13:58:28Z,1.915,27.3319,7.38,0.7378,0.0426,0.3384,0.4156,152.903,160.051056,5.3348,68.202,221.51,360232.20417206234,0.022,0
2026-08-14T13:58:28Z,1.921,27.3314,7.38,0.7302,0.0426,0.3384,0.3249,152.876,160.027874,5.3285,69.212,225.79,360107.4621439476,0.023,0
2026-08-14T13:58:28Z,1.926,27.3307,7.38,0.7683,0.0426,0.3384,0.4005,152.83,159.988836,5.3331,70.766,223.39,359894.80482972634,0.023,0
2026-08-14T13:58:28Z,1.932,27.3303,7.47,0.8141,0.0426,0.2538,0.4911,152.793,159.961614,5.3544,72.853,232.76,359744.911463759,0.024,0
2026-08-14T13:58:28Z,1.938,27.3309,7.47,0.8103,0.0426,0.2538,0.2645,152.785,159.960995,5.4001,75.251,231.45,359730.1394316729,0.024,0
2026-08-14T13:58:28Z,1.944,27.3326,7.47,0.8141,0.0426,0.2538,0.4458,152.797,159.970783,5.48,77.566,231.45,359754.9943494619,0.025,0
2026-08-14T13:58:28Z,1.951,27.3356,7.47,0.8255,0.0426,0.2538,0.3854,152.809,159.973545,5.6027,79.41,243.31,359714.9939940318,0.025,0
2026-08-14T13:58:28Z,1.958,27.3395,7.38,0.8293,0.0852,0.4653,0.5213,152.82,159.974025,5.7675,80.543,239.17,359645.0316164638,0.025,0
2026-08-14T13:58:28Z,1.964,27.3418,7.38,0.7988,0.0852,0.4653,0.3552,152.841,159.984375,5.9571,80.888,245.43,359661.93878020224,0.024,0
2026-08-14T13:58:28Z,1.97,27.3409,7.38,0.8141,0.0852,0.4653,0.3703,152.862,159.995328,6.1405,80.495,258.52,359742.00782405224,0.023,0
2026-08-14T13:58:28Z,1.976,27.3378,7.38,0.8026,0.0852,0.4653,0.3098,152.879,160.001789,6.2869,79.482,243.26,359837.17443288,0.022,0
2026-08-14T13:58:28Z,1.982,27.3339,7.47,0.8026,0.0852,0.3384,0.2947,152.889,160.001471,6.377,78.033,255.95,359908.10912836,0.02,0
2026-08-14T13:58:28Z,1.987,27.3301,7.47,0.8065,0.0852,0.3384,0.3249,152.886,159.990281,6.4048,76.384,250.12,359914.33664544084,0.018,0
2026-08-14T13:58:28Z,1.991,27.3265,7.47,0.795,0.0852,0.3384,0.34,152.877,159.977259,6.374,74.744,245.75,359906.23880067316,0.016,0
2026-08-14T13:58:28Z,1.994,27.3229,7.47,0.8141,0.0852,0.3384,0.3703,152.866,159.96695,6.2942,73.224,277.43,359913.8256251655,0.015,0
2026-08-14T13:58:28Z,1.997,27.3194,7.38,0.8255,0.0426,0.3384,0.3098,152.847,159.952595,6.1798,71.86,249.09,359896.14957069885,0.014,0
2026-08-14T13:58:28Z,2.001,27.3168,7.38,0.8217,0.0426,0.3384,0.4156,152.825,159.934377,6.0496,70.659,312.18,359839.334135995,0.014,0
2026-08-14T13:58:28Z,2.004,27.3157,7.38,0.795,0.0426,0.3384,0.3703,152.815,159.927479,5.9198,69.613,242.2,359819.9771995759,0.014,0
2026-08-14T13:58:28Z,2.008,27.3163,7.38,0.8065,0.0426,0.3384,0.4156,152.821,159.934071,5.7994,68.715,286.5,359846.8943829795,0.014,0
2026-08-14T13:58:28Z,2.012,27.3178,7.38,0.8141,0.0426,0.3384,0.3703,152.832,159.943885,5.6912,67.985,254.73,359875.6444689134,0.014,0
2026-08-14T13:58:28Z,2.016,27.3195,7.38,0.7721,0.0426,0.2115,0.3552,152.847,159.955529,5.5959,67.451,273.48,359911.24281658285,0.014,0
2026-08-14T13:58:28Z,2.02,27.3205,7.38,0.7988,0.0426,0.2115,0.3854,152.864,159.9681,5.5129,67.127,265.29,359965.2697507262,0.013,0
2026-08-14T13:58:28Z,2.023,27.3205,7.38,0.7988,0.0426,0.2115,0.3854,152.88,159.976934,5.4418,67.017,241.15,360016.3583011642,0.012,0
2026-08-14T13:58:28Z,2.025,27.3199,7.38,0.7988,0.0426,0.2115,0.3249,152.891,159.980377,5.3841,67.132,294.45,360047.4743616396,0.01,0
2026-08-14T13:58:28Z,2.028,27.3188,7.38,0.8065,0.0426,0.2538,0.4307,152.895,159.979347,5.3419,67.464,250.5,360062.05747232033,0.009,0
2026-08-14T13:58:28Z,2.031,27.317,7.38,0.8065,0.0426,0.2538,0.3854,152.894,159.977576,5.3164,67.973,257.51,360085.4288207951,0.007,0
2026-08-14T13:58:28Z,2.032,27.3145,7.38,0.8026,0.0426,0.2538,0.2796,152.888,159.974593,5.3079,68.613,264.54,360114.86586483434,0.006,0
2026-08-14T13:58:28Z,2.033,27.312,7.38,0.795,0.0426,0.2538,0.4005,152.861,159.957576,5.3173,69.327,246.61,360063.11478729686,0.004,0
2026-08-14T13:58:28Z,2.034,27.3103,7.29,0.8065,0.0426,0.2115,0.3249,152.811,159.925996,5.3437,70.035,258.46,359912.1885406378,0.002,0
2026-08-14T13:58:28Z,2.034,27.3099,7.29,0.8065,0.0426,0.2115,0.3249,152.765,159.9035,5.384,70.694,251.53,359789.5574364665,0,0
2026-08-14T13:58:28Z,2.034,27.311,7.29,0.8179,0.0426,0.2115,0.2796,152.745,159.904134,5.4347,71.32,237.87,359772.695046174,-0.001,0
2026-08-14T13:58:28Z,2.033,27.3147,7.29,0.8141,0.0426,0.2115,0.3098,152.738,159.912035,5.4908,71.932,250.66,359749.3331473783,-0.001,0
2026-08-14T13:58:28Z,2.033,27.3214,7.29,0.8065,0.0426,0.2115,0.34,152.728,159.913278,5.5463,72.503,226.87,359631.5258717504,-0.001,0
2026-08-14T13:58:28Z,2.032,27.3298,7.47,0.8065,0.0852,0.2961,0.4156,152.713,159.908192,5.5976,73.005,236.07,359445.51449375745,-0.001,0
2026-08-14T13:58:28Z,2.031,27.3371,7.47,0.8179,0.0852,0.2961,0.3098,152.689,159.891415,5.6465,73.446,229.2,359212.6059761055,-0.001,0
2026-08-14T13:58:28Z,2.031,27.3421,7.47,0.7988,0.0852,0.2961,0.34,152.658,159.866489,5.6944,73.841,224.22,358975.6346356443,0,0
2026-08-14T13:58:28Z,2.031,27.3459,7.47,0.8141,0.0852,0.2961,0.4156,152.639,159.850819,5.7392,74.17,220.4,358814.51617078675,0.002,0
2026-08-14T13:58:28Z,2.032,27.3492,7.38,0.8141,0.0426,0.2961,0.4307,152.629,159.844233,5.7786,74.38,219.88,358715.1501889836,0.003,0
2026-08-14T13:58:28Z,2.033,27.352,7.38,0.8103,0.0426,0.2961,0.4609,152.62,159.836958,5.8132,74.437,217.31,358621.1356026328,0.004,0
2026-08-14T13:58:28Z,2.034,27.3542,7.38,0.7912,0.0426,0.2961,0.3249,152.616,159.835073,5.8442,74.338,218.59,358569.3715762316,0.005,0
2026-08-14T13:58:28Z,2.035,27.3557,7.38,0.7912,0.0426,0.2961,0.3703,152.625,159.84609,5.8701,74.08,217.74,358605.0074552545,0.006,0
2026-08-14T13:58:28Z,2.037,27.3569,7.38,0.795,0,0.2961,0.4005,152.634,159.856914,5.8867,73.656,214.5,358645.10734046815,0.006,0
2026-08-14T13:58:28Z,2.039,27.3578,7.38,0.795,0,0.2961,0.3552,152.63,159.854399,5.8911,73.087,226.52,358613.8754749994,0.005,0
2026-08-14T13:58:28Z,2.041,27.3585,7.38,0.8217,0,0.2961,0.4156,152.621,159.845889,5.8831,72.439,219.21,358551.8037188286,0.004,0
2026-08-14T13:58:28Z,2.043,27.359,7.38,0.795,0,0.2961,0.3854,152.609,159.833125,5.8627,71.778,212.27,358468.9371653217,0.003,0
2026-08-14T13:58:28Z,2.042,27.3594,7.38,0.7912,0.0426,0.3384,0.34,152.597,159.82072,5.8291,71.13,214.92,358390.01083910547,0.002,0
2026-08-14T13:58:28Z,2.041,27.36,7.38,0.8141,0.0426,0.3384,0.3854,152.596,159.821398,5.784,70.495,212.87,358382.7728223276,0.001,0
2026-08-14T13:58:28Z,2.041,27.3604,7.38,0.795,0.0426,0.3384,0.3249,152.606,159.835341,5.7327,69.871,209.61,358455.6981528039,0,0
2026-08-14T13:58:28Z,2.041,27.3604,7.38,0.7988,0.0426,0.3384,0.2796,152.618,159.850233,5.6804,69.253,214.03,358541.5346984727,-6.234e-7,0
2026-08-14T13:58:28Z,2.042,27.3604,7.38,0.8217,0.0426,0.3384,0.3249,152.619,159.854013,5.6291,68.627,210.3,358563.32403665595,0,0
2026-08-14T13:58:28Z,2.043,27.3609,7.29,0.8103,0.0426,0.2538,0.3249,152.611,159.847688,5.5788,67.971,208.93,358517.57249443344,0,0
2026-08-14T13:58:28Z,2.042,27.3619,7.29,0.795,0.0426,0.2538,0.3552,152.604,159.841597,5.5293,67.272,211.58,358463.88456390525,0.001,0
2026-08-14T13:58:28Z,2.042,27.363,7.29,0.7988,0.0426,0.2538,0.476,152.606,159.842133,5.4803,66.542,212.78,358446.53729640757,0.001,0
2026-08-14T13:58:28Z,2.042,27.3639,7.29,0.8141,0.0426,0.2538,0.4005,152.611,159.845431,5.4306,65.809,216.09,358448.82357929525,0.001,0
2026-08-14T13:58:28Z,2.042,27.3645,7.38,0.795,0.0426,0.3807,0.34,152.622,159.852369,5.3786,65.11,212.27,358477.6606620577,0.001,0
2026-08-14T13:58:28Z,2.043,27.3647,7.38,0.8026,0.0426,0.3807,0.3854,152.631,159.856781,5.3233,64.473,209.11,358499.37219950085,0.002,0
2026-08-14T13:58:28Z,2.044,27.3643,7.38,0.7302,0.0426,0.3807,0.34,152.633,159.851827,5.2656,63.909,208.43,358478.25218778884,0.003,0
2026-08-14T13:58:28Z,2.045,27.3635,7.38,0.7378,0.0426,0.3807,0.2947,152.645,159.856227,5.2077,63.422,205.06,358518.4762278004,0.003,0
2026-08-14T13:58:28Z,2.045,27.3622,7.38,0.7797,0.0426,0.3807,0.3552,152.675,159.879171,5.1525,63.006,205.11,358674.9010503356,0.004,0
2026-08-14T13:58:28Z,2.046,27.3605,7.38,0.734,0.0426,0.3807,0.3249,152.702,159.898716,5.1022,62.646,207.53,358819.2127275001,0.004,0
2026-08-14T13:58:28Z,2.047,27.3582,7.38,0.795,0.0426,0.3807,0.3854,152.707,159.896026,5.0578,62.322,202.89,358846.4767903579,0.005,0
2026-08-14T13:58:28Z,2.049,27.3556,7.38,0.7836,0.0426,0.3807,0.4307,152.698,159.8784,5.0194,62.025,204.35,358793.1768389838,0.006,0
2026-08-14T13:58:28Z,2.051,27.3528,7.38,0.8141,0.0426,0.3807,0.3854,152.675,159.849153,4.9868,61.757,202.58,358676.57710802817,0.006,0
2026-08-14T13:58:28Z,2.052,27.35,7.38,0.8103,0.0852,0.2538,0.3703,152.644,159.81251,4.9586,61.523,200.61,358517.344384597,0.006,0
2026-08-14T13:58:28Z,2.054,27.3473,7.38,0.8103,0.0852,0.2538,0.4156,152.629,159.794775,4.9332,61.337,198.92,358465.27542441577,0.006,0
2026-08-14T13:58:28Z,2.056,27.3448,7.38,0.8065,0.0852,0.2538,0.3854,152.634,159.799236,4.9099,61.215,199.66,358537.4602673334,0.006,0
2026-08-14T13:58:28Z,2.057,27.3429,7.38,0.7988,0.0852,0.2538,0.3249,152.643,159.811047,4.8888,61.17,196.13,358640.89392155816,0.005,0
2026-08-14T13:58:28Z,2.059,27.3417,7.47,0.8026,0.0426,0.2538,0.2494,152.654,159.825344,4.8705,61.213,194.52,358745.6746521882,0.005,0
2026-08-14T13:58:28Z,2.06,27.3409,7.47,0.8293,0.0426,0.2538,0.4458,152.66,159.833913,4.8558,61.35,193.04,358809.98951332195,0.004,0
2026-08-14T13:58:28Z,2.061,27.3408,7.47,0.7874,0.0426,0.2538,0.4911,152.659,159.835032,4.8461,61.561,192.71,358818.30542070913,0.003,0
2026-08-14T13:58:28Z,2.061,27.3414,7.47,0.8255,0.0426,0.2538,0.3249,152.645,159.82499,4.8425,61.808,191.33,358749.2115237255,0.002,0
2026-08-14T13:58:28Z,2.061,27.3423,7.38,0.795,0.0426,0.2961,0.3854,152.613,159.797101,4.8458,62.057,191.12,358571.62009862653,0.001,0
2026-08-14T13:58:28Z,2.061,27.3431,7.38,0.8065,0.0426,0.2961,0.3552,152.581,159.767979,4.8566,62.273,188.98,358388.83877928474,0,0
2026-08-14T13:58:28Z,2.061,27.3439,7.38,0.8141,0.0426,0.2961,0.3249,152.556,159.745891,4.8733,62.417,190.46,358246.6590043203,0,0
2026-08-14T13:58:28Z,2.061,27.3453,7.38,0.7988,0.0426,0.2961,0.3854,152.533,159.724948,4.8927,62.468,189.67,358099.9760414963,0,0
2026-08-14T13:58:28Z,2.061,27.3471,7.38,0.795,0.0426,0.2961,0.2494,152.522,159.715598,4.9122,62.425,188.07,358012.6955206661,0,0
2026-08-14T13:58:28Z,2.061,27.3487,7.38,0.7836,0.0426,0.3384,0.3854,152.53,159.727372,4.9292,62.298,188.24,358050.8260408089,0,0
2026-08-14T13:58:28Z,2.061,27.35,7.38,0.8217,0.0426,0.3384,0.3703,152.546,159.747378,4.9405,62.092,187.01,358141.9530041044,0.001,0
2026-08-14T13:58:28Z,2.062,27.3509,7.38,0.8293,0.0426,0.3384,0.3098,152.551,159.7569,4.9444,61.821,186.49,358180.10658531805,0.001,0
2026-08-14T13:58:28Z,2.062,27.3517,7.38,0.8103,0.0426,0.3384,0.4458,152.545,159.75447,4.941,61.511,186.65,358151.2520556762,0.001,0
2026-08-14T13:58:28Z,2.062,27.3526,7.38,0.795,0.1278,0.3807,0.2645,152.528,159.73944,4.9308,61.199,186.49,358047.95752591547,0,0
2026-08-14T13:58:28Z,2.062,27.3539,7.38,0.8141,0.1278,0.3807,0.3854,152.505,159.71582,4.9144,60.917,183.79,357887.7937817947,0,0
2026-08-14T13:58:28Z,2.062,27.3553,7.38,0.8065,0.1278,0.3807,0.2645,152.494,159.701359,4.8928,60.681,185.56,357778.5580672971,0,0
2026-08-14T13:58:28Z,2.062,27.3566,7.38,0.8141,0.1278,0.3807,0.3552,152.496,159.700219,4.8682,60.5,183.79,357747.88680836663,0,0
2026-08-14T13:58:28Z,2.061,27.3574,7.38,0.8065,0.0426,0.2961,0.4911,152.499,159.70007,4.8434,60.384,182.76,357732.19453456067,0,0
2026-08-14T13:58:28Z,2.061,27.3574,7.38,0.7874,0.0426,0.2961,0.3098,152.493,159.692854,4.8211,60.337,184.43,357690.65523109894,0,0
2026-08-14T13:58:28Z,2.061,27.3567,7.38,0.8065,0.0426,0.2961,0.3552,152.478,159.680656,4.8025,60.352,181.45,357633.4195215651,0,0
2026-08-14T13:58:28Z,2.062,27.3554,7.38,0.7797,0.0426,0.2961,0.4307,152.464,159.672248,4.7883,60.424,181.37,357609.12288635835,0.001,0
2026-08-14T13:58:28Z,2.062,27.3543,7.38,0.8065,0.0426,0.2961,0.3552,152.457,159.673405,4.7792,60.557,181.45,357636.17359066114,0.001,0
2026-08-14T13:58:28Z,2.062,27.3542,7.38,0.8065,0.0426,0.2961,0.4458,152.449,159.672412,4.7755,60.75,181.13,357632.3115553204,0,0
2026-08-14T13:58:28Z,2.062,27.3553,7.38,0.8179,0.0426,0.2961,0.3854,152.441,159.669004,4.7766,60.993,179.76,357592.3046630603,0,0
2026-08-14T13:58:28Z,2.062,27.3576,7.38,0.8217,0.0426,0.2961,0.3249,152.447,159.678306,4.7821,61.268,180.98,357603.210291094,0,0
2026-08-14T13:58:28Z,2.062,27.3602,7.38,0.8141,0.0426,0.2961,0.34,152.457,159.690774,4.7923,61.558,181.33,357626.77554171067,0,0
2026-08-14T13:58:28Z,2.062,27.3626,7.38,0.8026,0.0426,0.2961,0.4156,152.452,159.685683,4.8074,61.828,179.57,357552.9956216014,0,0
2026-08-14T13:58:28Z,2.062,27.3642,7.38,0.8026,0.0426,0.2961,0.3249,152.437,159.669691,4.8265,62.03,178.25,357431.33705235115,0,0
2026-08-14T13:58:28Z,2.062,27.3652,7.38,0.7988,0.0426,0.2961,0.3854,152.432,159.662585,4.8482,62.132,180.39,357371.93501878245,0,0
2026-08-14T13:58:28Z,2.062,27.3657,7.38,0.8026,0.0426,0.2961,0.4458,152.43,159.658459,4.8711,62.125,179.1,357338.9414469001,0,0
2026-08-14T13:58:28Z,2.062,27.3657,7.38,0.795,0.0426,0.3384,0.4156,152.415,159.640182,4.8925,62.01,179.22,357233.8230757075,0,0
2026-08-14T13:58:28Z,2.062,27.3656,7.38,0.8141,0.0426,0.3384,0.2947,152.394,159.614904,4.9084,61.803,180.11,357090.3209519126,0.001,0
2026-08-14T13:58:28Z,2.063,27.3652,7.38,0.8065,0.0426,0.3384,0.3854,152.377,159.591918,4.9166,61.525,178.91,356965.57831405516,0.001,0
2026-08-14T13:58:28Z,2.063,27.3646,7.38,0.8026,0.0426,0.3384,0.34,152.363,159.571105,4.9161,61.209,177.4,356857.0478611373,0.001,0
2026-08-14T13:58:28Z,2.063,27.3637,7.38,0.8255,0.0852,0.2538,0.3249,152.367,159.568961,4.9071,60.905,179.72,356861.3712031313,0.001,0
2026-08-14T13:58:28Z,2.063,27.3625,7.38,0.8255,0.0852,0.2538,0.3854,152.381,159.578901,4.8908,60.654,176.9,356940.70277219167,0.001,0
2026-08-14T13:58:28Z,2.064,27.3608,7.38,0.7721,0.0852,0.2538,0.4307,152.388,159.58153,4.8689,60.46,177.24,356987.2681792131,0.002,0
2026-08-14T13:58:28Z,2.064,27.3587,7.38,0.7416,0.0852,0.2538,0.3854,152.392,159.581557,4.8441,60.312,178.21,357026.28216646356,0.002,0
2026-08-14T13:58:28Z,2.065,27.3567,7.38,0.7454,0.0852,0.2538,0.4156,152.391,159.574981,4.8202,60.205,176.51,357025.4827539846,0.002,0
2026-08-14T13:58:28Z,2.065,27.3551,7.38,0.7607,0.0426,0.4653,0.3249,152.387,159.566061,4.8005,60.134,178.09,357003.8028740044,0.002,0
2026-08-14T13:58:28Z,2.066,27.3537,7.38,0.7607,0.0426,0.4653,0.3552,152.39,159.566447,4.7853,60.069,178.91,357031.93080691254,0.002,0
2026-08-14T13:58:28Z,2.066,27.3521,7.38,0.7988,0.0426,0.4653,0.34,152.389,159.562213,4.7736,59.972,177.74,357037.19554403314,0.002,0
2026-08-14T13:58:28Z,2.067,27.3505,7.38,0.8026,0.0426,0.4653,0.3854,152.372,159.542208,4.7654,59.811,178.21,356951.77144980425,0.002,0
2026-08-14T13:58:28Z,2.067,27.3491,7.38,0.795,0.0852,0.3807,0.3854,152.346,159.513123,4.7598,59.572,178.21,356810.45415005833,0.002,0
2026-08-14T13:58:28Z,2.068,27.348,7.38,0.8255,0.0852,0.3807,0.2645,152.323,159.485239,4.7547,59.269,178.44,356670.5184418323,0.002,0
2026-08-14T13:58:28Z,2.068,27.347,7.38,0.8065,0.0852,0.3807,0.2947,152.314,159.471161,4.7472,58.928,176.32,356608.09786628844,0.002,0
2026-08-14T13:58:28Z,2.069,27.3463,7.38,0.7912,0.0852,0.3807,0.4156,152.321,159.473149,4.7345,58.576,178.4,356632.4641217116,0.002,0
2026-08-14T13:58:28Z,2.069,27.3456,7.38,0.7797,0.0426,0.3384,0.3249,152.327,159.473693,4.7156,58.235,177.67,356648.5329528893,0.002,0
2026-08-14T13:58:28Z,2.07,27.3445,7.38,0.8103,0.0426,0.3384,0.3552,152.331,159.470936,4.6917,57.926,177.97,356653.02560430474,0.003,0
2026-08-14T13:58:28Z,2.07,27.3431,7.38,0.7302,0.0426,0.3384,0.3854,152.35,159.484182,4.6648,57.667,177.24,356755.05650217837,0.004,0
2026-08-14T13:58:28Z,2.071,27.3413,7.38,0.7607,0.0426,0.3384,0.4307,152.378,159.506943,4.6371,57.457,178.91,356919.2264572301,0.005,0
2026-08-14T13:58:28Z,2.072,27.3393,7.47,0.7492,0.0426,0.2115,0.34,152.396,159.519235,4.6103,57.284,178.01,357026.9368283822,0.007,0
2026-08-14T13:58:28Z,2.074,27.3371,7.47,0.7454,0.0426,0.2115,0.3854,152.404,159.520326,4.586,57.14,179.1,357073.93934775825,0.009,0
2026-08-14T13:58:28Z,2.076,27.3349,7.47,0.8141,0.0426,0.2115,0.4156,152.41,159.518525,4.5657,57.027,180.98,357104.3108214708,0.011,0
2026-08-14T13:58:28Z,2.079,27.3327,7.47,0.8179,0.0426,0.2115,0.3854,152.412,159.509342,4.5493,56.966,182.68,357092.21288390225,0.015,0
2026-08-14T13:58:28Z,2.083,27.3304,7.47,0.8065,0.0426,0.2115,0.34,152.404,159.486319,4.5357,57.006,181.92,357002.3413871936,0.019,0
2026-08-14T13:58:28Z,2.088,27.3281,7.47,0.7988,0.0852,0.2538,0.4156,152.403,159.465364,4.5245,57.219,183.55,356924.3699504866,0.023,0
2026-08-14T13:58:28Z,2.094,27.3254,7.47,0.8103,0.0852,0.2538,0.3552,152.421,159.460926,4.5158,57.673,183.23,356948.8144565439,0.027,0
2026-08-14T13:58:28Z,2.102,27.3219,7.47,0.8065,0.0852,0.2538,0.34,152.452,159.469818,4.5113,58.438,183.15,357064.77258410153,0.031,0
2026-08-14T13:58:28Z,2.111,27.3169,7.47,0.8217,0.0852,0.2538,0.3249,152.494,159.488396,4.5149,59.584,183.99,357264.3162091094,0.034,0
2026-08-14T13:58:28Z,2.121,27.3103,7.38,0.7836,0.0426,0.2538,0.3854,152.534,159.505582,4.5323,61.121,185.76,357485.61624829425,0.036,0
2026-08-14T13:58:28Z,2.132,27.3028,7.38,0.8141,0.0426,0.2538,0.3098,152.562,159.51192699999999,4.5688,62.958,185.11,357661.2818583787,0.037,0
2026-08-14T13:58:28Z,2.142,27.295,7.38,0.8789,0.0426,0.2538,0.3854,152.572,159.505114,4.6301,64.929,187.54,357766.76476388663,0.036,0
2026-08-14T13:58:28Z,2.151,27.2869,7.38,0.8522,0.0426,0.2538,0.3552,152.565,159.485328,4.7216,66.827,186.85,357803.0616782611,0.035,0
2026-08-14T13:58:28Z,2.16,27.2786,7.38,0.8789,0.0426,0.1692,0.3854,152.554,159.465331,4.8441,68.447,187.26,357841.8635812297,0.032,0
2026-08-14T13:58:28Z,2.168,27.2713,7.38,0.8637,0.0426,0.1692,0.3552,152.551,159.455824,4.9904,69.647,188.98,357922.61186802853,0.03,0
2026-08-14T13:58:28Z,2.175,27.2657,7.38,0.8217,0.0426,0.1692,0.3098,152.552,159.450262,5.1472,70.372,189.26,357994.5640316924,0.027,0
2026-08-14T13:58:28Z,2.181,27.2616,7.38,0.7912,0.0426,0.1692,0.3552,152.544,159.435137,5.2979,70.648,189.06,357983.4731709899,0.026,0
2026-08-14T13:58:28Z,2.187,27.2587,7.38,0.8026,0.0426,0.1692,0.34,152.528,159.410424,5.4267,70.567,190.67,357894.7552883016,0.025,0
2026-08-14T13:58:28Z,2.193,27.2566,7.47,0.8026,0.0426,0.2961,0.2796,152.514,159.385566,5.5221,70.267,190.58,357790.3430588222,0.025,0
2026-08-14T13:58:28Z,2.199,27.2545,7.47,0.8065,0.0426,0.2961,0.3854,152.512,159.37197,5.5797,69.901,189.51,357750.9075762739,0.025,0
2026-08-14T13:58:28Z,2.205,27.2522,7.47,0.7988,0.0426,0.2961,0.34,152.525,159.37603,5.6018,69.605,189.72,357817.0510849187,0.027,0
2026-08-14T13:58:28Z,2.212,27.2494,7.47,0.8065,0.0426,0.2961,0.4005,152.537,159.384799,5.5956,69.502,188.36,357919.67441783566,0.027,0
2026-08-14T13:58:28Z,2.22,27.2461,7.38,0.7836,0.0426,0.2961,0.3703,152.54,159.386587,5.5722,69.705,188.24,357991.3222866073,0.028,0
2026-08-14T13:58:28Z,2.228,27.2423,7.38,0.8789,0.0426,0.2961,0.3552,152.547,159.387884,5.5435,70.262,187.58,358069.44879904925,0.027,0
2026-08-14T13:58:28Z,2.236,27.2393,7.38,0.8789,0.0426,0.2961,0.3854,152.556,159.391039,5.5203,71.076,187.14,358143.4484166992,0.025,0
2026-08-14T13:58:28Z,2.242,27.2383,7.38,0.8599,0.0426,0.2961,0.3552,152.569,159.400901,5.5123,71.949,186.93,358219.00019322755,0.022,0
2026-08-14T13:58:28Z,2.247,27.2376,7.38,0.856,0.1278,0.3384,0.3854,152.578,159.41008,5.5285,72.7,186.32,358285.0381701313,0.019,0
2026-08-14T13:58:28Z,2.251,27.2357,7.38,0.8713,0.1278,0.3384,0.4156,152.57,159.398976,5.5728,73.209,186.08,358256.24559646874,0.016,0
2026-08-14T13:58:28Z,2.254,27.2336,7.38,0.8713,0.1278,0.3384,0.4156,152.558,159.382668,5.6376,73.413,185.28,358201.11361747736,0.014,0
2026-08-14T13:58:28Z,2.257,27.2325,7.38,0.8713,0.1278,0.3384,0.3552,152.557,159.374844,5.707,73.306,184.87,358176.3833511217,0.012,0
2026-08-14T13:58:28Z,2.26,27.2322,7.47,0.8446,0.0852,0.3384,0.3552,152.558,159.369407,5.7665,72.929,183.99,358150.5600380618,0.01,0
2026-08-14T13:58:28Z,2.262,27.2315,7.47,0.8789,0.0852,0.3384,0.3854,152.565,159.368916,5.807,72.348,184.67,358160.7430729962,0.009,0
2026-08-14T13:58:28Z,2.265,27.2301,7.47,0.8408,0.0852,0.3384,0.3854,152.573,159.369231,5.8233,71.637,183.67,358188.60351383727,0.009,0
2026-08-14T13:58:28Z,2.267,27.228,7.47,0.8637,0.0852,0.3384,0.3854,152.573,159.36242,5.815,70.867,184.07,358188.3250060324,0.008,0
2026-08-14T13:58:28Z,2.268,27.2258,7.47,0.8446,0.0852,0.3384,0.3552,152.566,159.350675,5.7853,70.082,183.67,358161.4044712476,0.007,0
2026-08-14T13:58:28Z,2.27,27.2235,7.38,0.7874,0.0852,0.2961,0.5969,152.561,159.342886,5.7395,69.287,183.23,358159.1950697823,0.007,0
2026-08-14T13:58:28Z,2.272,27.2208,7.38,0.7988,0.0852,0.2961,0.6422,152.564,159.344995,5.6834,68.465,184.15,358221.61052964325,0.006,0
2026-08-14T13:58:28Z,2.273,27.2184,7.38,0.8026,0.0852,0.2961,0.7328,152.565,159.345539,5.6225,67.618,183.31,358269.41274806677,0.006,0
2026-08-14T13:58:28Z,2.275,27.217,7.38,0.8103,0.0852,0.2961,0.5666,152.558,159.340653,5.5604,66.758,183.47,358267.2319809995,0.006,0
2026-08-14T13:58:28Z,2.276,27.2162,7.47,0.8866,0,0.2961,0.3249,152.557,159.345069,5.4974,65.907,183.43,358307.6397672363,0.006,0
2026-08-14T13:58:28Z,2.278,27.2157,7.47,0.8675,0,0.2961,0.34,152.562,159.355956,5.4322,65.09,184.55,358379.8670718066,0.006,0
2026-08-14T13:58:28Z,2.279,27.2157,7.47,0.8751,0,0.2961,0.3552,152.566,159.364194,5.365,64.318,184.67,358427.4829588402,0.005,0
2026-08-14T13:58:28Z,2.28,27.2165,7.47,0.856,0,0.2961,0.3552,152.581,159.379995,5.2967,63.587,184.43,358503.9260188499,0.005,0
2026-08-14T13:58:28Z,2.281,27.2182,7.38,0.8522,0.0852,0.2115,0.3703,152.598,159.393545,5.229,62.898,186.04,358550.5997536891,0.006,0
2026-08-14T13:58:28Z,2.282,27.2201,7.38,0.837,0.0852,0.2115,0.3552,152.598,159.386412,5.1639,62.266,185.36,358473.9834732356,0.006,0
2026-08-14T13:58:28Z,2.284,27.2214,7.38,0.8713,0.0852,0.2115,0.4156,152.59,159.37072,5.1026,61.703,185.76,358359.0876602006,0.007,0
2026-08-14T13:58:28Z,2.286,27.2213,7.38,0.8675,0.0852,0.2115,0.3854,152.581,159.352308,5.0446,61.234,185.44,358254.55524572043,0.008,0
2026-08-14T13:58:28Z,2.288,27.2199,7.38,0.837,0.0852,0.2115,0.3552,152.571,159.33428,4.9901,60.898,186.77,358176.443972197,0.009,0
2026-08-14T13:58:28Z,2.29,27.2177,7.38,0.8065,0.0852,0.3384,0.34,152.568,159.323853,4.9402,60.737,185.64,358157.1317899323,0.011,0
2026-08-14T13:58:28Z,2.293,27.2152,7.38,0.8065,0.0852,0.3384,0.4005,152.565,159.314238,4.8957,60.782,186.77,358148.09021545405,0.013,0
2026-08-14T13:58:28Z,2.296,27.2125,7.38,0.8255,0.0852,0.3384,0.4005,152.555,159.298862,4.8587,61.047,186.89,358109.48272827594,0.015,0
2026-08-14T13:58:28Z,2.3,27.2099,7.38,0.8866,0.0852,0.3384,0.4005,152.539,159.277634,4.8323,61.558,185.88,358035.20357270306,0.017,0
2026-08-14T13:58:28Z,2.305,27.2075,7.38,0.8446,0.0426,0.3384,0.3098,152.524,159.256916,4.8197,62.353,186.53,357960.1517051133,0.019,0
2026-08-14T13:58:28Z,2.31,27.2055,7.38,0.8904,0.0426,0.3384,0.3854,152.522,159.251225,4.8234,63.43,186.32,357964.4680701136,0.021,0
2026-08-14T13:58:28Z,2.316,27.2037,7.38,0.8637,0.0426,0.3384,0.3854,152.538,159.263052,4.8446,64.731,187.46,358066.2779894534,0.022,0
2026-08-14T13:58:28Z,2.322,27.2022,7.38,0.8599,0.0426,0.3384,0.2947,152.559,159.279517,4.8853,66.167,185.07,358189.3347620855,0.024,0
2026-08-14T13:58:28Z,2.328,27.2007,7.38,0.8675,0.0852,0.2961,0.3249,152.579,159.296994,4.9486,67.624,187.75,358318.2750429041,0.025,0
2026-08-14T13:58:28Z,2.334,27.1993,7.38,0.8675,0.0852,0.2961,0.3552,152.596,159.312128,5.0343,68.966,186.49,358431.84054057795,0.027,0
2026-08-14T13:58:28Z,2.341,27.1977,7.38,0.8751,0.0852,0.2961,0.4005,152.603,159.316928,5.1376,70.076,185.32,358489.3956297611,0.029,0
2026-08-14T13:58:28Z,2.348,27.1962,7.38,0.9018,0.0852,0.2961,0.3854,152.594,159.304659,5.2517,70.886,185.36,358446.3816096344,0.032,0
2026-08-14T13:58:28Z,2.356,27.195,7.38,0.8713,0.0426,0.3384,0.4307,152.577,159.284072,5.3674,71.383,184.51,358349.68405956344,0.035,0
2026-08-14T13:58:28Z,2.366,27.1941,7.38,0.8942,0.0426,0.3384,0.3854,152.565,159.265712,5.474,71.579,183.07,358260.2868410696,0.038,0
2026-08-14T13:58:28Z,2.377,27.1933,7.38,0.8675,0.0426,0.3384,0.3552,152.55,159.244682,5.5622,71.497,182.68,358153.6052341648,0.04,0
2026-08-14T13:58:28Z,2.389,27.1924,7.38,0.8713,0.0426,0.3384,0.5213,152.54,159.227397,5.6267,71.178,182.72,358070.4433216459,0.041,0
2026-08-14T13:58:28Z,2.401,27.1912,7.38,0.8637,0.0426,0.3384,0.6271,152.545,159.225282,5.6662,70.702,181.33,358080.54397376854,0.04,0
2026-08-14T13:58:28Z,2.412,27.1896,7.47,0.8484,0.0852,0.2961,0.6271,152.574,159.245788,5.682,70.158,180.94,358228.8558489482,0.037,0
2026-08-14T13:58:28Z,2.421,27.1877,7.47,0.8599,0.0852,0.2961,0.6271,152.613,159.27835,5.6756,69.61,182.16,358452.52872301784,0.033,0
2026-08-14T13:58:28Z,2.428,27.1856,7.47,0.8789,0.0852,0.2961,0.3552,152.641,159.303594,5.6505,69.092,181.92,358637.68961656006,0.03,0
2026-08-14T13:58:28Z,2.435,27.1831,7.47,0.8713,0.0852,0.2961,0.3854,152.655,159.316225,5.6129,68.642,180.51,358757.3829930442,0.026,0
2026-08-14T13:58:28Z,2.44,27.1801,7.47,0.8866,0.0426,0.2961,0.2947,152.651,159.311596,5.5701,68.32,180.62,358786.52819386625,0.024,0
2026-08-14T13:58:28Z,2.445,27.1774,7.47,0.8599,0.0426,0.2961,0.3854,152.641,159.300497,5.5268,68.197,180.55,358772.63188182097,0.023,0
2026-08-14T13:58:28Z,2.451,27.1759,7.47,0.8599,0.0426,0.2961,0.3854,152.642,159.30001,5.4858,68.323,179.45,358797.78366991243,0.024,0
2026-08-14T13:58:28Z,2.457,27.1753,7.47,0.8637,0.0426,0.2961,0.3854,152.642,159.295977,5.4502,68.701,178.63,358785.62540263694,0.026,0
2026-08-14T13:58:28Z,2.463,27.1751,7.47,0.9018,0.0426,0.423,0.3552,152.628,159.273293,5.4247,69.307,178.4,358658.0571043439,0.029,0
2026-08-14T13:58:28Z,2.471,27.175,7.47,0.8637,0.0426,0.423,0.4005,152.62,159.25597,5.4149,70.088,177.9,358559.672128912,0.032,0
2026-08-14T13:58:28Z,2.479,27.1744,7.47,0.8599,0.0426,0.423,0.6422,152.634,159.261432,5.4249,70.991,175.86,358602.4587835939,0.034,0
2026-08-14T13:58:28Z,2.489,27.1728,7.47,0.8942,0.0426,0.423,0.6422,152.653,159.271095,5.4552,72.004,174.87,358688.206695603,0.036,0
2026-08-14T13:58:28Z,2.5,27.1703,7.47,0.8675,0.0426,0.423,0.7479,152.66,159.271501,5.5035,73.131,175.94,358737.16826428723,0.037,0
2026-08-14T13:58:28Z,2.51,27.1674,7.47,0.8522,0.0852,0.3807,0.612,152.661,159.270775,5.5658,74.341,174.3,358787.0449220369,0.036,0
2026-08-14T13:58:28Z,2.519,27.1644,7.47,0.8675,0.0852,0.3807,0.7177,152.653,159.264715,5.6378,75.545,173.62,358807.9113353544,0.035,0
2026-08-14T13:58:28Z,2.528,27.1612,7.47,0.8827,0.0852,0.3807,0.6422,152.632,159.243689,5.7186,76.613,174.38,358745.8531837411,0.034,0
2026-08-14T13:58:28Z,2.536,27.1588,7.47,0.8675,0.0852,0.3807,0.5817,152.613,159.222132,5.8083,77.427,173.7,358665.80038191384,0.033,0
2026-08-14T13:58:28Z,2.544,27.1583,7.47,0.8751,0.0426,0.3807,0.612,152.605,159.210328,5.9044,77.919,172.19,358606.7859248858,0.032,0
2026-08-14T13:58:28Z,2.552,27.159,7.47,0.8522,0.0426,0.3807,0.5817,152.604,159.205129,6,78.092,172.49,358563.63812785235,0.031,0
2026-08-14T13:58:28Z,2.56,27.1594,7.47,0.8637,0.0426,0.3807,0.5213,152.611,159.205149,6.0848,77.99,172.27,358556.29423585127,0.03,0
2026-08-14T13:58:28Z,2.568,27.159,7.47,0.8522,0.0426,0.3807,0.612,152.631,159.218408,6.1495,77.668,171.48,358640.50133908057,0.029,0
2026-08-14T13:58:28Z,2.575,27.1578,7.47,0.856,0.0852,0.3807,0.7177,152.665,159.244435,6.1887,77.194,171.07,358813.5768935857,0.028,0
2026-08-14T13:58:28Z,2.582,27.1562,7.47,0.8675,0.0852,0.3807,0.5515,152.694,159.266119,6.2026,76.662,171.04,358969.0195344055,0.028,0
2026-08-14T13:58:28Z,2.588,27.154,7.47,0.8713,0.0852,0.3807,0.5817,152.705,159.269202,6.1947,76.161,170.55,359027.94181793864,0.028,0
2026-08-14T13:58:28Z,2.595,27.1514,7.47,0.8675,0.0852,0.3807,0.7479,152.7,159.258513,6.1695,75.734,169.85,359014.5466808254,0.03,0
2026-08-14T13:58:28Z,2.602,27.1484,7.47,0.8675,0.0852,0.3807,0.5515,152.695,159.251242,6.1321,75.385,169.34,359028.42106975743,0.031,0
2026-08-14T13:58:28Z,2.611,27.1454,7.38,0.8637,0.0852,0.3384,0.5515,152.686,159.24545,6.0902,75.087,168.89,359050.866663408,0.033,0
2026-08-14T13:58:28Z,2.62,27.1428,7.38,0.8904,0.0852,0.3384,0.6724,152.68,159.243601,6.0506,74.806,168.27,359088.69656879886,0.035,0
2026-08-14T13:58:28Z,2.63,27.141,7.38,0.8446,0.0852,0.3384,0.6573,152.692,159.257228,6.0169,74.526,167.8,359201.2953333884,0.036,0
2026-08-14T13:58:28Z,2.639,27.1405,7.38,0.8522,0.0852,0.3384,0.5515,152.707,159.269924,5.9893,74.222,167.76,359284.23494502215,0.036,0
2026-08-14T13:58:28Z,2.648,27.1415,7.47,0.8713,0.0852,0.2538,0.6875,152.707,159.265033,5.9654,73.874,167.25,359237.19372942206,0.037,0
2026-08-14T13:58:28Z,2.657,27.1429,7.47,0.8522,0.0852,0.2538,0.612,152.701,159.253274,5.943,73.497,166.89,359142.8784185055,0.038,0
2026-08-14T13:58:28Z,2.666,27.1431,7.47,0.8675,0.0852,0.2538,0.612,152.697,159.243536,5.9208,73.141,167.51,359082.70210600964,0.04,0
2026-08-14T13:58:28Z,2.676,27.1421,7.47,0.8827,0.0852,0.2538,0.5817,152.693,159.233223,5.8967,72.87,166.78,359041.6053161767,0.042,0
2026-08-14T13:58:28Z,2.687,27.1405,7.47,0.856,0.0852,0.2115,0.5515,152.681,159.211567,5.8692,72.741,166.02,358945.98222032253,0.044,0
2026-08-14T13:58:28Z,2.699,27.1389,7.47,0.8751,0.0852,0.2115,0.612,152.659,159.176802,5.8395,72.783,166.13,358774.4248007842,0.046,0
2026-08-14T13:58:28Z,2.712,27.1371,7.47,0.8713,0.0852,0.2115,0.612,152.654,159.159738,5.8114,72.988,165.12,358709.1578270786,0.048,0
2026-08-14T13:58:28Z,2.725,27.1349,7.47,0.8827,0.0852,0.2115,0.5969,152.673,159.171855,5.7901,73.318,164.94,358820.3975570366,0.048,0
2026-08-14T13:58:28Z,2.738,27.132,7.56,0.8713,0.0852,0.3384,0.8235,152.688,159.184319,5.7802,73.733,164.33,358946.74670627876,0.047,0
2026-08-14T13:58:28Z,2.75,27.1281,7.56,0.8789,0.0852,0.3384,0.9594,152.701,159.192439,5.7838,74.207,164.01,359066.63230676344,0.044,0
2026-08-14T13:58:28Z,2.761,27.1242,7.56,0.8637,0.0852,0.3384,0.899,152.723,159.206395,5.8005,74.668,164.01,359220.40213415073,0.041,0
2026-08-14T13:58:28Z,2.772,27.1219,7.56,0.8789,0.0852,0.3384,0.9292,152.734,159.209868,5.827,74.992,163.55,359283.52210095566,0.037,0
2026-08-14T13:58:28Z,2.78,27.1208,7.56,0.8675,0.0852,0.3384,0.5969,152.728,159.195767,5.8601,75.082,163.94,359222.29572070297,0.032,0
2026-08-14T13:58:28Z,2.788,27.119,7.47,0.8904,0.0426,0.2538,0.6422,152.727,159.188389,5.898,74.894,163.37,359213.1414727866,0.028,0
2026-08-14T13:58:28Z,2.794,27.1162,7.47,0.8789,0.0426,0.2538,0.612,152.732,159.189773,5.9349,74.451,163.09,359273.49557789345,0.024,0
2026-08-14T13:58:28Z,2.799,27.1133,7.47,0.8827,0.0426,0.2538,0.6724,152.725,159.180247,5.961,73.831,163.19,359272.4420020543,0.021,0
2026-08-14T13:58:28Z,2.804,27.1109,7.47,0.8827,0.0426,0.2538,0.612,152.713,159.169295,5.9683,73.113,163.19,359253.7692983926,0.019,0
2026-08-14T13:58:28Z,2.808,27.1089,7.47,0.856,0.0852,0.3384,0.5213,152.707,159.170031,5.9536,72.341,163.05,359295.4230889993,0.017,0
2026-08-14T13:58:28Z,2.812,27.1075,7.47,0.9056,0.0852,0.3384,0.6422,152.716,159.190667,5.9185,71.552,163.09,359441.3358959947,0.015,0
2026-08-14T13:58:28Z,2.816,27.1069,7.47,0.8751,0.0852,0.3384,0.5969,152.739,159.228689,5.8693,70.795,162.95,359673.2512377588,0.014,0
2026-08-14T13:58:28Z,2.819,27.1075,7.47,0.8789,0.0852,0.3384,0.6724,152.753,159.258166,5.8123,70.099,162.59,359833.1692846418,0.013,0
2026-08-14T13:58:28Z,2.822,27.1096,7.47,0.9438,0.0852,0.3384,0.5817,152.749,159.266916,5.7507,69.472,162.98,359844.66134718433,0.012,0
2026-08-14T13:58:28Z,2.825,27.1133,7.47,0.9514,0.0852,0.3384,0.612,152.735,159.261283,5.6876,68.908,162.31,359742.6928233001,0.012,0
2026-08-14T13:58:28Z,2.827,27.118,7.47,0.9171,0.0852,0.3384,0.5817,152.725,159.255797,5.6269,68.409,162.34,359622.8995952043,0.011,0
2026-08-14T13:58:28Z,2.83,27.1229,7.47,0.9514,0.0852,0.3384,0.5515,152.716,159.248996,5.5711,67.983,162.27,359491.78198694927,0.012,0
2026-08-14T13:58:28Z,2.833,27.127,7.47,0.9323,0.0852,0.3384,0.8083,152.688,159.219024,5.5209,67.638,162.66,359241.2913907434,0.012,0
2026-08-14T13:58:28Z,2.837,27.1299,7.47,0.9476,0.0426,0.3384,0.8688,152.648,159.173923,5.4758,67.369,162.42,358925.6701306306,0.013,0
2026-08-14T13:58:28Z,2.84,27.1316,7.47,0.9362,0.0426,0.3384,0.8386,152.62,159.141747,5.436,67.153,162.63,358707.50781331933,0.013,0
2026-08-14T13:58:28Z,2.843,27.1322,7.47,0.9018,0.0426,0.3384,0.8386,152.608,159.125941,5.402,66.967,162.8,358604.7582339587,0.013,0
2026-08-14T13:58:28Z,2.847,27.132,7.47,0.9133,0.0426,0.3384,0.8235,152.605,159.118281,5.3746,66.798,162.63,358564.1221037857,0.013,0
2026-08-14T13:58:28Z,2.851,27.1311,7.56,0.9171,0.0426,0.3807,0.8537,152.617,159.12474,5.3534,66.615,162.91,358618.3166957222,0.013,0
2026-08-14T13:58:28Z,2.854,27.13,7.56,0.94,0.0426,0.3807,0.8688,152.646,159.147041,5.3363,66.377,162.87,358768.0274521009,0.013,0
2026-08-14T13:58:28Z,2.857,27.1289,7.56,0.9209,0.0426,0.3807,0.8083,152.681,159.175097,5.3216,66.054,162.63,358951.13695364457,0.012,0
2026-08-14T13:58:28Z,2.86,27.1275,7.56,0.9438,0.0426,0.3807,0.8537,152.713,159.200356,5.3083,65.649,163.02,359123.6996555276,0.012,0
2026-08-14T13:58:28Z,2.863,27.1254,7.47,0.9133,0.0426,0.2115,0.8083,152.721,159.201497,5.294,65.189,162.95,359169.5453317699,0.013,0
2026-08-14T13:58:28Z,2.866,27.1228,7.47,0.9209,0.0426,0.2115,0.8537,152.705,159.178823,5.2753,64.721,163.02,359086.64970056707,0.014,0
2026-08-14T13:58:28Z,2.869,27.12,7.47,0.9285,0.0426,0.2115,0.7479,152.695,159.16236,5.2499,64.293,163.34,359043.49960373674,0.015,0
2026-08-14T13:58:28Z,2.873,27.1175,7.47,0.9514,0.0426,0.2115,0.9292,152.696,159.159745,5.2179,63.95,163.05,359075.03419745463,0.016,0
2026-08-14T13:58:28Z,2.877,27.1152,7.47,0.9209,0.0426,0.3384,0.8688,152.7,159.162262,5.1816,63.735,163.37,359132.5965096783,0.017,0
2026-08-14T13:58:28Z,2.882,27.1131,7.47,0.9285,0.0426,0.3384,0.899,152.693,159.154549,5.1446,63.688,162.8,359127.10173684126,0.018,0
2026-08-14T13:58:28Z,2.887,27.1113,7.47,0.9438,0.0426,0.3384,0.8083,152.686,159.146576,5.1107,63.8,162.8,359114.49262751016,0.018,0
2026-08-14T13:58:28Z,2.892,27.1101,7.47,0.9934,0.0426,0.3384,0.9443,152.684,159.144231,5.0835,63.998,162.66,359123.31217922113,0.018,0
2026-08-14T13:58:28Z,2.896,27.1095,7.47,1.0124,0.0426,0.3384,0.8839,152.671,159.130858,5.0665,64.214,162.95,359056.965421352,0.018,0
2026-08-14T13:58:28Z,2.901,27.1092,7.47,1.0239,0.0426,0.2961,0.8688,152.67,159.130946,5.0628,64.428,163.12,359063.0788834714,0.018,0
2026-08-14T13:58:28Z,2.905,27.109,7.47,0.9857,0.0426,0.2961,0.8839,152.696,159.160552,5.0717,64.643,163.02,359238.53144574654,0.019,0
2026-08-14T13:58:28Z,2.91,27.1089,7.47,0.9857,0.0426,0.2961,0.7932,152.724,159.191498,5.0875,64.87,163.41,359419.94340712274,0.02,0
2026-08-14T13:58:28Z,2.915,27.109,7.47,1.0163,0.0426,0.2961,0.8839,152.736,159.20398,5.1047,65.133,163.26,359490.5060091393,0.021,0
2026-08-14T13:58:28Z,2.92,27.1095,7.47,0.9743,0.0426,0.4653,0.8386,152.747,159.213349,5.1217,65.448,163.62,359535.52579661,0.022,0
2026-08-14T13:58:28Z,2.926,27.1103,7.47,0.9781,0.0426,0.4653,0.7479,152.762,159.226112,5.1387,65.807,163.87,359594.63467478304,0.024,0
2026-08-14T13:58:28Z,2.932,27.1108,7.47,1.0086,0.0426,0.4653,1.0954,152.775,159.233649,5.1566,66.202,164.01,359629.0253114762,0.025,0
2026-08-14T13:58:28Z,2.939,27.1108,7.47,1.0086,0.0426,0.4653,1.0954,152.777,159.229952,5.1775,66.639,163.87,359607.56409271614,0.025,0
2026-08-14T13:58:28Z,2.946,27.1103,7.47,0.9934,0.0852,0.3807,1.0954,152.762,159.206019,5.2026,67.119,164.12,359478.013438403,0.025,0
2026-08-14T13:58:28Z,2.953,27.1092,7.47,0.9934,0.0852,0.3807,1.0954,152.737,159.171499,5.2313,67.613,163.69,359298.28296215326,0.024,0
2026-08-14T13:58:28Z,2.959,27.1074,7.47,0.9705,0.0852,0.3807,1.0652,152.722,159.145246,5.2628,68.103,164.15,359179.6306516775,0.023,0
2026-08-14T13:58:28Z,2.965,27.1052,7.47,0.9934,0.0852,0.3807,1.0954,152.728,159.140297,5.2978,68.577,164.65,359192.037079061,0.022,0
2026-08-14T13:58:28Z,2.97,27.1027,7.47,0.9705,0.0852,0.3807,1.1407,152.743,159.143309,5.3361,69.001,163.98,359256.2386727529,0.02,0
2026-08-14T13:58:28Z,2.975,27.0998,7.56,0.9972,0.0426,0.3384,1.1105,152.75,159.139051,5.3757,69.338,164.15,359285.7467202949,0.019,0
2026-08-14T13:58:28Z,2.979,27.0964,7.56,0.9934,0.0426,0.3384,1.2766,152.749,159.130395,5.415,69.589,165.34,359299.08599181636,0.018,0
2026-08-14T13:58:28Z,2.984,27.0926,7.56,0.9972,0.0426,0.3384,1.2615,152.73,159.107015,5.4531,69.774,164.65,359234.458985362,0.018,0
2026-08-14T13:58:28Z,2.988,27.0885,7.56,1.0048,0.0426,0.3384,1.3673,152.701,159.074703,5.4872,69.907,164.62,359123.6075739156,0.018,0
2026-08-14T13:58:28Z,2.992,27.0849,7.56,0.9857,0.0426,0.3807,1.3824,152.693,159.064923,5.5143,70.011,165.52,359134.1476186582,0.019,0
2026-08-14T13:58:28Z,2.997,27.0824,7.56,0.9819,0.0426,0.3807,1.2615,152.713,159.083084,5.5346,70.111,164.98,359286.28864601406,0.02,0
2026-08-14T13:58:28Z,3.002,27.0811,7.56,0.9857,0.0426,0.3807,1.322,152.737,159.105971,5.5494,70.22,164.9,359443.47305023024,0.021,0
2026-08-14T13:58:28Z,3.008,27.0805,7.56,1.0086,0.0426,0.3807,1.4126,152.76,159.127662,5.5601,70.332,165.8,359580.6587433688,0.022,0
2026-08-14T13:58:28Z,3.014,27.0799,7.56,0.9972,0.0426,0.423,1.3673,152.776,159.141918,5.5684,70.409,164.8,359674.69037333975,0.022,0
2026-08-14T13:58:28Z,3.02,27.0793,7.56,1.043,0.0426,0.423,1.3673,152.77,159.132498,5.5764,70.41,164.51,359631.20457011665,0.022,0
2026-08-14T13:58:28Z,3.026,27.0785,7.56,1.0735,0.0426,0.423,1.2615,152.756,159.112924,5.5851,70.321,165.23,359532.4927351945,0.021,0
2026-08-14T13:58:28Z,3.032,27.0778,7.56,1.0735,0.0426,0.423,1.2615,152.753,159.106033,5.5941,70.143,164.94,359505.5721298378,0.02,0
2026-08-14T13:58:28Z,3.037,27.0768,7.65,1.0468,0.0426,0.3807,1.322,152.762,159.109986,5.6003,69.881,164.23,359547.24284359335,0.018,0
2026-08-14T13:58:28Z,3.041,27.0757,7.65,1.0544,0.0426,0.3807,1.6241,152.764,159.105798,5.6006,69.535,164.48,359543.5061647207,0.016,0
2026-08-14T13:58:28Z,3.044,27.0744,7.65,1.0315,0.0426,0.3807,1.5637,152.757,159.09235,5.5936,69.111,164.4,359489.7322406019,0.014,0
2026-08-14T13:58:28Z,3.047,27.0729,7.65,1.0811,0.0426,0.3807,1.5486,152.755,159.082089,5.5796,68.624,163.12,359458.211153664,0.012,0
2026-08-14T13:58:28Z,3.05,27.0712,7.65,1.062,0.0426,0.3807,1.609,152.741,159.060254,5.5589,68.102,164.23,359363.22126772633,0.01,0
2026-08-14T13:58:28Z,3.052,27.0692,7.65,1.0582,0.0852,0.3384,1.4126,152.719,159.031043,5.5316,67.567,163.69,359231.02761190257,0.009,0
2026-08-14T13:58:28Z,3.054,27.067,7.65,1.0735,0.0852,0.3384,1.4126,152.726,159.032758,5.4981,67.028,162.7,359282.1321859264,0.009,0
2026-08-14T13:58:28Z,3.056,27.0646,7.65,1.0506,0.0852,0.3384,1.3522,152.749,159.05183,5.4596,66.497,162.98,359437.79134676245,0.009,0
2026-08-14T13:58:28Z,3.058,27.0623,7.65,1.0506,0.0852,0.3384,1.3522,152.751,159.051257,5.4183,65.987,163.05,359477.50793299987,0.009,0
2026-08-14T13:58:28Z,3.06,27.0603,7.65,1.043,0.1278,0.2961,1.2615,152.738,159.034894,5.3759,65.499,163.02,359419.8906928575,0.009,0
2026-08-14T13:58:28Z,3.062,27.0584,7.65,1.0582,0.1278,0.2961,1.3522,152.723,159.01842,5.3331,65.033,162.27,359359.75807295926,0.009,0
2026-08-14T13:58:28Z,3.065,27.0568,7.65,1.0582,0.1278,0.2961,1.322,152.72,159.013473,5.291,64.585,162.42,359360.96278792724,0.01,0
2026-08-14T13:58:28Z,3.067,27.0556,7.65,1.043,0.1278,0.2961,1.3673,152.726,159.018735,5.2505,64.153,163.16,359413.9841128363,0.01,0
2026-08-14T13:58:28Z,3.07,27.0549,7.65,1.0544,0.0426,0.2961,1.2918,152.733,159.023584,5.2118,63.748,162.49,359455.2542418645,0.011,0
2026-08-14T13:58:28Z,3.072,27.0543,7.65,1.062,0.0426,0.2961,1.322,152.742,159.029314,5.1748,63.402,162.77,359499.7746752189,0.013,0
2026-08-14T13:58:28Z,3.075,27.0539,7.65,1.0582,0.0426,0.2961,1.322,152.743,159.025427,5.1392,63.183,163.66,359484.6781954996,0.015,0
2026-08-14T13:58:28Z,3.079,27.0534,7.65,1.043,0.0426,0.2961,1.2918,152.718,158.994855,5.1048,63.178,163.41,359316.4375447871,0.017,0
2026-08-14T13:58:28Z,3.084,27.0528,7.65,0.9857,0.0426,0.2961,1.5939,152.682,158.959503,5.0727,63.464,163.76,359122.35573400854,0.019,0
2026-08-14T13:58:28Z,3.09,27.0516,7.65,0.9934,0.0852,0.3807,1.5788,152.657,158.944014,5.0452,64.111,163.62,359054.86056254973,0.02,0
2026-08-14T13:58:28Z,3.096,27.0499,7.65,1.001,0.0852,0.3807,1.5939,152.638,158.93424,5.0279,65.182,163.51,359029.8966777545,0.02,0
2026-08-14T13:58:28Z,3.102,27.0485,7.65,0.9705,0.0852,0.3807,1.6241,152.623,158.923568,5.0277,66.669,165.16,358994.1098181529,0.02,0
2026-08-14T13:58:28Z,3.107,27.0493,7.65,1.0735,0.0852,0.3807,1.5335,152.623,158.923179,5.0504,68.453,163.94,358976.8934826883,0.018,0
2026-08-14T13:58:28Z,3.111,27.0527,7.74,1.0468,0.0426,0.4653,1.6241,152.634,158.930966,5.1015,70.347,164.94,358958.53961740335,0.016,0
2026-08-14T13:58:28Z,3.115,27.0561,7.74,1.0582,0.0426,0.4653,1.5486,152.653,158.947001,5.1865,72.173,165.95,358988.06386877457,0.014,0
2026-08-14T13:58:28Z,3.118,27.0576,7.74,1.0659,0.0426,0.4653,1.7147,152.672,158.963536,5.3047,73.768,165.48,359056.00699134264,0.012,0
2026-08-14T13:58:28Z,3.12,27.0574,7.74,1.1116,0.0426,0.4653,1.609,152.672,158.960929,5.4466,74.988,166.06,359044.61092730274,0.01,0
2026-08-14T13:58:28Z,3.122,27.0563,7.74,1.1154,0.0426,0.423,1.5486,152.662,158.948506,5.5974,75.734,166.96,358993.05871895474,0.009,0
2026-08-14T13:58:28Z,3.124,27.055,7.74,1.1307,0.0426,0.423,1.5788,152.658,158.940992,5.7429,75.978,167.43,358973.74164886767,0.008,0
2026-08-14T13:58:28Z,3.126,27.054,7.74,1.1383,0.0426,0.423,1.5939,152.656,158.934379,5.8699,75.757,167.43,358954.0464997072,0.008,0
2026-08-14T13:58:28Z,3.128,27.0532,7.74,1.1116,0.0426,0.423,1.8205,152.659,158.932914,5.9671,75.141,168.09,358960.4954960768,0.007,0
2026-08-14T13:58:28Z,3.13,27.0523,7.74,1.1116,0.0426,0.423,1.8356,152.676,158.944223,6.0265,74.218,168.23,359042.97252537456,0.006,0
2026-08-14T13:58:28Z,3.131,27.0512,7.65,1.1002,0.0426,0.423,1.8658,152.7,158.963306,6.046,73.098,168.82,359174.34747133654,0.005,0
2026-08-14T13:58:28Z,3.133,27.0499,7.65,1.1116,0.0426,0.423,1.7601,152.716,158.975209,6.0286,71.895,169.22,359267.7949963889,0.004,0
2026-08-14T13:58:28Z,3.134,27.0483,7.65,1.0659,0.0426,0.423,1.8054,152.721,158.979099,5.9798,70.704,170.04,359320.32776224863,0.002,0
2026-08-14T13:58:28Z,3.134,27.0464,7.65,1.062,0.0426,0.423,1.8507,152.73,158.988037,5.9065,69.578,169.48,359407.81205169513,0,0
2026-08-14T13:58:28Z,3.134,27.0444,7.74,1.0582,0.0426,0.3807,1.8507,152.728,158.988375,5.8176,68.541,170.66,359447.21396082715,-0.002,0
2026-08-14T13:58:28Z,3.133,27.0429,7.74,1.0582,0.0426,0.3807,1.8356,152.713,158.974189,5.722,67.609,169.96,359392.86492207757,-0.003,0
2026-08-14T13:58:28Z,3.132,27.0423,7.74,1.0506,0.0426,0.3807,1.6241,152.702,158.963743,5.6273,66.781,170.81,359343.4029723182,-0.003,0
2026-08-14T13:58:28Z,3.13,27.0424,7.74,1.0277,0.0426,0.3807,1.5183,152.695,158.956255,5.5377,66.032,171.45,359298.0288969324,-0.003,0
2026-08-14T13:58:28Z,3.129,27.0429,7.74,1.0163,0.0852,0.423,1.5486,152.697,158.95574,5.4551,65.34,171.18,359285.6810711364,-0.001,0
2026-08-14T13:58:28Z,3.128,27.0435,7.74,1.0468,0.0852,0.423,1.6241,152.72,158.976091,5.3808,64.702,170.81,359392.68714775925,0.001,0
2026-08-14T13:58:28Z,3.129,27.0438,7.74,1.062,0.0852,0.423,1.5788,152.761,159.012712,5.3149,64.119,170.26,359599.8848423484,0.005,0
2026-08-14T13:58:28Z,3.13,27.0436,7.74,1.0582,0.0852,0.423,1.6241,152.799,159.045309,5.2553,63.588,170.74,359793.1251695268,0.008,0
2026-08-14T13:58:28Z,3.133,27.0429,7.74,1.0582,0.0852,0.3384,1.5788,152.827,159.064537,5.2003,63.111,169.7,359918.0521627008,0.012,0
2026-08-14T13:58:28Z,3.137,27.0415,7.74,1.0468,0.0852,0.3384,1.6543,152.84,159.067506,5.1497,62.689,169.74,359961.56337133504,0.015,0
2026-08-14T13:58:28Z,3.142,27.0397,7.74,1.0239,0.0852,0.3384,1.5788,152.826,159.038975,5.1034,62.334,169.48,359829.37814791495,0.017,0
2026-08-14T13:58:28Z,3.147,27.0373,7.74,1.0811,0.0852,0.3384,1.5486,152.798,158.993379,5.0614,62.066,168.82,359609.2441820568,0.018,0
2026-08-14T13:58:28Z,3.152,27.034300000000002,7.74,1.0544,0.0852,0.3384,1.5486,152.792,158.968661,5.0236,61.875,168.75,359521.7462271105,0.018,0
2026-08-14T13:58:28Z,3.156,27.0307,7.74,1.062,0.0852,0.3807,1.5637,152.811,158.968249,4.9904,61.724,167.98,359586.7752724103,0.018,0
2026-08-14T13:58:28Z,3.16,27.0264,7.74,1.0735,0.0852,0.3807,1.609,152.826,158.965979,4.9625,61.574,168.09,359654.13075953413,0.017,0
2026-08-14T13:58:28Z,3.165,27.021,7.74,1.043,0.0852,0.3807,1.5486,152.824,158.94922,4.9416,61.404,168.27,359657.85236075474,0.016,0
2026-08-14T13:58:28Z,3.169,27.0149,7.74,1.0506,0.0852,0.3807,1.5939,152.819,158.933543,4.927,61.205,168.75,359680.9834225127,0.016,0
2026-08-14T13:58:28Z,3.173,27.0084,7.74,1.0697,0.0852,0.2961,1.5486,152.817,158.926791,4.9155,60.981,168.38,359763.539491037,0.015,0
2026-08-14T13:58:28Z,3.177,27.0024,7.74,1.0582,0.0852,0.2961,1.5788,152.811,158.919147,4.9041,60.742,167.58,359831.55741621426,0.013,0
2026-08-14T13:58:28Z,3.18,26.9975,7.74,1.0506,0.0852,0.2961,1.5939,152.792,158.900558,4.891,60.511,167.72,359815.2614744045,0.012,0
2026-08-14T13:58:28Z,3.183,26.9943,7.74,1.0506,0.0852,0.2961,1.5486,152.766,158.876086,4.8755,60.323,168.05,359732.8441883202,0.012,0
2026-08-14T13:58:28Z,3.185,26.9926,7.83,1.0392,0.0426,0.423,1.5335,152.755,158.867263,4.8578,60.201,166.49,359713.37168431527,0.011,0
2026-08-14T13:58:28Z,3.188,26.9921,7.83,1.0468,0.0426,0.423,1.5637,152.767,158.881757,4.8387,60.154,167.43,359807.1014965547,0.01,0
2026-08-14T13:58:28Z,3.191,26.9924,7.83,1.1956,0.0426,0.423,2.1075,152.789,158.905396,4.8203,60.183,167.51,359939.0789097023,0.01,0
2026-08-14T13:58:28Z,3.194,26.9932,7.83,1.1803,0.0426,0.423,2.1226,152.807,158.924443,4.8052,60.29,166.6,360034.96287835453,0.009,0
2026-08-14T13:58:28Z,3.196,26.994,7.83,1.1727,0.0426,0.423,2.1377,152.82,158.937965,4.7955,60.46,166.56,360098.6851180208,0.008,0
2026-08-14T13:58:28Z,3.198,26.9947,7.92,1.1803,0.0852,0.2961,2.1377,152.823,158.941552,4.7917,60.662,165.91,360106.4338752184,0.007,0
2026-08-14T13:58:28Z,3.2,26.995,7.92,1.1727,0.0852,0.2961,2.2283,152.807,158.924135,4.794,60.859,165.77,359999.39157979935,0.006,0
2026-08-14T13:58:28Z,3.201,26.9952,7.92,1.1574,0.0852,0.2961,2.2132,152.785,158.899107,4.8025,61.028,165.98,359849.9439379602,0.005,0
2026-08-14T13:58:28Z,3.202,26.9953,7.92,1.1879,0.0852,0.2961,2.319,152.78,158.889855,4.816,61.171,165.84,359794.2191028197,0.005,0
2026-08-14T13:58:28Z,3.204,26.9952,7.83,1.165,0.0426,0.4653,2.2737,152.777,158.879883,4.8321,61.31,165.48,359738.0593289587,0.004,0
2026-08-14T13:58:28Z,3.205,26.9949,7.83,1.1498,0.0426,0.4653,2.3039,152.762,158.854508,4.8478,61.458,166.16,359596.0317401766,0.004,0
2026-08-14T13:58:28Z,3.205,26.9942,7.83,1.1612,0.0426,0.4653,2.183,152.755,158.835019,4.8613,61.608,164.69,359495.7698612459,0.003,0
2026-08-14T13:58:28Z,3.206,26.9929,7.83,1.1727,0.0426,0.4653,2.2586,152.763,158.830248,4.8728,61.752,164.73,359492.37387163716,0.003,0
2026-08-14T13:58:28Z,3.207,26.9908,7.83,1.1956,0.0852,0.3807,2.2586,152.769,158.824891,4.8841,61.901,165.08,359500.55880120426,0.003,0
2026-08-14T13:58:28Z,3.207,26.9877,7.83,1.1879,0.0852,0.3807,2.032,152.768,158.815516,4.8962,62.045,164.48,359504.1067819359,0.003,0
2026-08-14T13:58:28Z,3.208,26.9837,7.83,1.165,0.0852,0.3807,2.0773,152.773,158.813651,4.9085,62.139,164.08,359568.22161998594,0.002,0
2026-08-14T13:58:28Z,3.209,26.9794,7.83,1.1879,0.0852,0.3807,2.0471,152.78,158.814791,4.9204,62.145,164.33,359655.46696834615,0.002,0
2026-08-14T13:58:28Z,3.209,26.9757,7.74,1.1765,0.0852,0.3384,1.9866,152.782,158.813226,4.9325,62.056,163.94,359715.73858029,0.002,0
2026-08-14T13:58:28Z,3.21,26.9728,7.74,1.165,0.0852,0.3384,2.2132,152.785,158.814552,4.9442,61.89,163.41,359777.85038238013,0.003,0
2026-08-14T13:58:28Z,3.21,26.9705,7.74,1.165,0.0852,0.3384,2.3643,152.791,158.821126,4.952,61.683,163.9,359859.28005945537,0.003,0
2026-08-14T13:58:28Z,3.211,26.9686,7.74,1.1765,0.0852,0.3384,2.2283,152.801,158.832697,4.9526,61.494,163.58,359962.32679308555,0.003,0
2026-08-14T13:58:28Z,3.212,26.9672,7.74,1.1803,0.0852,0.3384,2.2888,152.815,158.850347,4.9457,61.39,162.8,360091.42891442263,0.003,0
2026-08-14T13:58:28Z,3.213,26.9666,7.83,1.1574,0.0852,0.3384,2.1679,152.83,158.866758,4.9324,61.419,163.05,360198.32024121995,0.004,0
2026-08-14T13:58:28Z,3.214,26.9668,7.83,1.1841,0.0852,0.3384,2.2888,152.829,158.864263,4.916,61.602,163.26,360180.0245219333,0.004,0
2026-08-14T13:58:28Z,3.215,26.9674,7.83,1.1917,0.0852,0.3384,2.319,152.812,158.844199,4.9009,61.945,162.7,360051.8542045185,0.005,0
2026-08-14T13:58:28Z,3.216,26.9681,7.83,1.1803,0.0852,0.3384,2.1981,152.79,158.819253,4.8925,62.428,161.96,359893.4036704204,0.006,0
2026-08-14T13:58:28Z,3.217,26.9684,7.74,1.165,0.0426,0.3384,2.4549,152.773,158.798804,4.8948,63.014,162.63,359768.688289502,0.007,0
2026-08-14T13:58:28Z,3.219,26.9679,7.74,1.1727,0.0426,0.3384,2.4852,152.778,158.799445,4.9094,63.674,161.99,359781.79974014824,0.009,0
2026-08-14T13:58:28Z,3.222,26.9671,7.74,1.1994,0.0426,0.3384,2.5305,152.807,158.825354,4.9368,64.397,161.82,359947.70406073617,0.01,0
2026-08-14T13:58:28Z,3.225,26.9664,7.74,1.165,0.0426,0.3384,2.5305,152.834,158.849372,4.9753,65.169,162.49,360100.76480085455,0.012,0
2026-08-14T13:58:28Z,3.229,26.9655,7.92,1.2413,0.0426,0.423,2.2435,152.835,158.845837,5.0221,65.954,161.5,360097.06611818314,0.013,0
2026-08-14T13:58:28Z,3.232,26.9643,7.92,1.2528,0.0426,0.423,2.3039,152.817,158.821822,5.0748,66.729,160.52,359979.6815339688,0.015,0
2026-08-14T13:58:28Z,3.235,26.9629,7.92,1.2261,0.0426,0.423,2.2435,152.799,158.798982,5.1326,67.486,160.21,359872.911011578,0.017,0
2026-08-14T13:58:28Z,3.24,26.9615,7.92,1.2566,0.0426,0.423,2.3341,152.794,158.78926,5.1943,68.194,159.34,359842.55437725177,0.02,0
2026-08-14T13:58:28Z,3.245,26.96,7.92,1.3787,0.0426,0.423,2.5154,152.808,158.798082,5.257,68.79,159.03,359922.09095763986,0.022,0
2026-08-14T13:58:28Z,3.251,26.9583,8.01,1.3481,0.0852,0.4653,2.4549,152.843,158.827799,5.3189,69.227,160.35,360127.15458523534,0.025,0
2026-08-14T13:58:28Z,3.258,26.9568,8.01,1.371,0.0852,0.4653,2.5154,152.877,158.856274,5.3794,69.486,158.72,360321.3043030914,0.027,0
2026-08-14T13:58:28Z,3.266,26.9553,8.01,1.3443,0.0852,0.4653,2.4096,152.891,158.865048,5.436,69.582,158.06,360400.64632158563,0.029,0
2026-08-14T13:58:28Z,3.273,26.9535,8.01,1.3748,0.0852,0.4653,3.0592,152.893,158.860467,5.4837,69.552,158.27,360407.76533550356,0.03,0
2026-08-14T13:58:28Z,3.281,26.9513,8.1,1.3634,0.0852,0.3384,2.893,152.884,158.843314,5.5187,69.46,157.07,360349.0948153318,0.03,0
2026-08-14T13:58:28Z,3.289,26.9491,8.1,1.3787,0.0852,0.3384,2.9535,152.872,158.821039,5.5396,69.393,156.97,360260.5617095015,0.03,0
2026-08-14T13:58:28Z,3.297,26.9472,8.1,1.3634,0.0852,0.3384,3.0139,152.868,158.803734,5.5474,69.417,156.66,360195.37092219904,0.029,0
2026-08-14T13:58:28Z,3.304,26.9451,8.1,1.4321,0.0852,0.3384,3.2103,152.866,158.788789,5.5452,69.57,155.88,360147.6958345138,0.028,0
2026-08-14T13:58:28Z,3.312,26.9426,8.19,1.4168,0.0426,0.423,3.2103,152.873,158.78424,5.5381,69.88,156.15,360168.1392090252,0.027,0
2026-08-14T13:58:28Z,3.318,26.9392,8.19,1.413,0.0426,0.423,3.2405,152.889,158.790879,5.5331,70.341,155.24,360270.7336684082,0.025,0
2026-08-14T13:58:28Z,3.324,26.935,8.19,1.4359,0.0426,0.423,3.1498,152.892,158.786426,5.5355,70.914,154.97,360323.70239776437,0.023,0
2026-08-14T13:58:28Z,3.33,26.9307,8.19,1.4359,0.0426,0.423,3.1801,152.88,158.769693,5.5481,71.568,155,360306.93245934567,0.021,0
2026-08-14T13:58:28Z,3.335,26.9268,8.19,1.4244,0.0852,0.3807,3.1801,152.863,158.752251,5.5732,72.264,154.56,360278.50381930365,0.019,0
2026-08-14T13:58:28Z,3.34,26.9237,8.19,1.4206,0.0852,0.3807,3.2405,152.837,158.727444,5.6103,72.951,153.76,360192.0758712812,0.017,0
2026-08-14T13:58:28Z,3.344,26.9213,8.19,1.4016,0.0852,0.3807,3.2103,152.801,158.692666,5.6563,73.577,153.69,360034.35004529345,0.014,0
2026-08-14T13:58:28Z,3.347,26.92,8.19,1.3596,0.0852,0.3807,2.9686,152.762,158.654676,5.7086,74.091,153.23,359837.2706989855,0.013,0
2026-08-14T13:58:28Z,3.349,26.9198,8.19,1.352,0.0852,0.3807,2.8477,152.726,158.619376,5.7641,74.439,153.19,359635.2802160256,0.011,0
2026-08-14T13:58:28Z,3.351,26.9205,8.28,1.3672,0.0852,0.3807,3.0139,152.709,158.601401,5.8188,74.582,152.76,359517.40882203897,0.011,0
2026-08-14T13:58:28Z,3.354,26.9214,8.28,1.3748,0.0852,0.3807,2.893,152.721,158.611989,5.8686,74.509,152.89,359562.2134547024,0.011,0
2026-08-14T13:58:28Z,3.357,26.9223,8.28,1.352,0.0852,0.3807,2.9535,152.746,158.633924,5.9095,74.239,152.56,359673.1405604519,0.012,0
2026-08-14T13:58:28Z,3.36,26.9228,8.28,1.352,0.0852,0.3807,3.0441,152.762,158.644999,5.9372,73.819,152.76,359728.2978991123,0.014,0
2026-08-14T13:58:28Z,3.364,26.9228,8.1,1.3596,0.0852,0.3384,2.9988,152.773,158.652174,5.9486,73.304,152.17,359770.11394797283,0.015,0
2026-08-14T13:58:28Z,3.368,26.9221,8.1,1.3634,0.0852,0.3384,2.9988,152.786,158.66137,5.9429,72.74,152.03,359836.85566320654,0.017,0
2026-08-14T13:58:28Z,3.373,26.9208,8.1,1.3825,0.0852,0.3384,3.1801,152.801,158.671031,5.9215,72.175,151.8,359917.58553144394,0.019,0
2026-08-14T13:58:28Z,3.378,26.9192,8.1,1.3558,0.0852,0.3384,3.316,152.823,158.687742,5.8881,71.656,151.21,360045.07685569586,0.021,0
2026-08-14T13:58:28Z,3.383,26.9177,8.01,1.3558,0.0852,0.3384,3.2254,152.845,158.703934,5.8472,71.183,151.28,360167.6968013601,0.022,0
2026-08-14T13:58:28Z,3.389,26.9161,8.01,1.3558,0.0852,0.3384,3.1952,152.863,158.715908,5.8024,70.732,151.11,360267.62075183436,0.024,0
2026-08-14T13:58:28Z,3.396,26.9145,8.01,1.31,0.0852,0.3384,2.9535,152.871,158.722848,5.7575,70.301,150.29,360338.19365765713,0.025,0
2026-08-14T13:58:28Z,3.402,26.9125,8.01,1.2947,0.0852,0.3384,3.0139,152.866,158.722596,5.7163,69.918,150.62,360374.3313664391,0.026,0
2026-08-14T13:58:28Z,3.409,26.9101,8.01,1.3062,0.0852,0.3384,2.9837,152.864,158.731118,5.6788,69.635,150.29,360469.20750666776,0.027,0
2026-08-14T13:58:28Z,3.416,26.9079,8.37,1.3138,0.0852,0.3807,2.9535,152.869,158.748683,5.6431,69.546,150.52,360613.13976371026,0.028,0
2026-08-14T13:58:28Z,3.424,26.9074,8.37,1.3253,0.0852,0.3807,2.6664,152.864,158.749916,5.6088,69.739,149.61,360629.7464344504,0.028,0
2026-08-14T13:58:28Z,3.431,26.9092,8.37,1.2986,0.0852,0.3807,2.7118,152.844,158.733143,5.5781,70.229,150,360497.95160672924,0.028,0
2026-08-14T13:58:28Z,3.438,26.9128,8.37,1.3024,0.0852,0.3807,2.8477,152.826,158.715935,5.5551,70.964,149.45,360329.80826192733,0.027,0
2026-08-14T13:58:28Z,3.445,26.9166,8.55,1.2871,0.0852,0.5076,2.6664,152.809,158.697712,5.5476,71.86,148.8,360152.05677815573,0.027,0
2026-08-14T13:58:28Z,3.452,26.9188,8.55,1.2795,0.0852,0.5076,2.6966,152.799,158.68163,5.5628,72.795,149.15,360016.9245795377,0.026,0
2026-08-14T13:58:28Z,3.459,26.9198,8.55,1.2909,0.0852,0.5076,2.8628,152.809,158.683441,5.6017,73.622,149.19,360008.69707575784,0.025,0
2026-08-14T13:58:28Z,3.465,26.9205,8.55,1.2871,0.0852,0.5076,2.6966,152.825,158.691602,5.6603,74.212,149.09,360043.1338430672,0.024,0
2026-08-14T13:58:28Z,3.472,26.9203,8.73,1.2757,0.0852,0.3384,2.6966,152.824,158.68424,5.7318,74.483,148.83,360003.9595363936,0.022,0
2026-08-14T13:58:28Z,3.478,26.9186,8.73,1.2184,0.0852,0.3384,2.5607,152.821,158.675425,5.8066,74.412,148.28,359984.4904685285,0.02,0
2026-08-14T13:58:28Z,3.483,26.9159,8.73,1.2375,0.0852,0.3384,2.5003,152.825,158.67483,5.8728,74.034,148.18,360031.7407511841,0.018,0
2026-08-14T13:58:28Z,3.487,26.9131,8.73,1.2337,0.0852,0.3384,2.3945,152.82,158.666263,5.9202,73.42,148.41,360034.3826473393,0.015,0
2026-08-14T13:58:28Z,3.49,26.9107,8.73,1.2451,0.0852,0.3384,2.4398,152.814,158.655456,5.942,72.655,148.18,360016.44427524775,0.013,0
2026-08-14T13:58:28Z,3.493,26.909,8.91,1.2184,0.0852,0.4653,2.3945,152.823,158.659568,5.9366,71.816,147.93,360072.36994948535,0.01,0
2026-08-14T13:58:28Z,3.495,26.9076,8.91,1.207,0.0852,0.4653,2.4096,152.848,158.679695,5.9066,70.956,148.64,360216.1010265052,0.008,0
2026-08-14T13:58:28Z,3.496,26.9062,8.91,1.2299,0.0852,0.4653,2.5909,152.874,158.701163,5.8577,70.103,148.54,360367.70167214493,0.006,0
2026-08-14T13:58:28Z,3.498,26.9047,8.91,1.2566,0.0852,0.4653,2.4398,152.883,158.705648,5.7968,69.274,148.41,360422.0930222209,0.005,0
2026-08-14T13:58:28Z,3.499,26.903,8.91,1.1727,0.0852,0.423,2.3794,152.877,158.694346,5.7301,68.476,148.44,360388.10097578715,0.004,0
2026-08-14T13:58:28Z,3.499,26.9012,8.91,1.1879,0.0852,0.423,2.5607,152.871,158.684283,5.6616,67.704,148.7,360363.22092073946,0.003,0
2026-08-14T13:58:28Z,3.5,26.8994,8.91,1.165,0.0852,0.423,2.5607,152.875,158.684801,5.5937,66.954,148.38,360400.1029889971,0.002,0
2026-08-14T13:58:28Z,3.501,26.8977,8.91,1.1841,0.0852,0.423,2.4852,152.88,158.68802,5.5277,66.225,148.22,360450.87670523184,0.001,0
2026-08-14T13:58:28Z,3.501,26.8962,9.18,1.2299,0.0852,0.54990000000000006,2.4852,152.889,158.6948,5.4642,65.516,148.83,360518.687228456,0,0
2026-08-14T13:58:28Z,3.501,26.895,9.18,1.2451,0.0852,0.54990000000000006,2.5909,152.906,158.710955,5.4028,64.829,149.12,360635.61319764017,-0.001,0
2026-08-14T13:58:28Z,3.5,26.894,9.18,1.207,0.0852,0.54990000000000006,2.5003,152.928,158.732779,5.343,64.172,149.02,360781.91871427634,-0.002,0
2026-08-14T13:58:28Z,3.5,26.8931,9.18,1.2451,0.0852,0.54990000000000006,2.5154,152.948,158.752061,5.2849,63.552,149.02,360911.5281755779,-0.003,0
2026-08-14T13:58:28Z,3.499,26.8924,9.18,1.2451,0.0852,0.5076,2.2737,152.953,158.755909,5.2284,62.974,149.22,360947.2030454292,-0.003,0
2026-08-14T13:58:28Z,3.498,26.8917,9.18,1.2451,0.0852,0.5076,2.2132,152.95,158.751359,5.1737,62.446,148.89,360933.8039474409,-0.004,0
2026-08-14T13:58:28Z,3.497,26.8912,9.18,1.2451,0.0852,0.5076,2.2888,152.947,158.747219,5.1213,61.976,149.87,360919.03237652895,-0.004,0
2026-08-14T13:58:28Z,3.495,26.8908,9.18,1.2375,0.0852,0.5076,2.3643,152.939,158.738377,5.0718,61.565,149.64,360874.90151465934,-0.004,0
2026-08-14T13:58:28Z,3.494,26.8905,9.18,1.2337,0.0852,0.5076,2.4549,152.926,158.722474,5.0258,61.203,149.41,360787.635558081,-0.003,0
2026-08-14T13:58:28Z,3.493,26.8902,9.18,1.2337,0.0852,0.54990000000000006,2.5003,152.905,158.699278,4.9836,60.883,149.87,360657.7803070371,-0.001,0
2026-08-14T13:58:28Z,3.492,26.8898,9.18,1.2451,0.0852,0.54990000000000006,2.3945,152.892,158.682644,4.9461,60.61,150.16,360568.156367785,0.001,0
2026-08-14T13:58:28Z,3.493,26.8894,9.18,1.2451,0.0852,0.54990000000000006,2.4096,152.888,158.676153,4.9134,60.389,149.74,360537.7768886177,0.003,0
2026-08-14T13:58:28Z,3.494,26.8889,9.18,1.2566,0.0852,0.54990000000000006,2.2737,152.869,158.652019,4.8845,60.225,150.52,360406.25722625694,0.006,0
2026-08-14T13:58:28Z,3.496,26.8882,9.18,1.2642,0.0852,0.5076,2.2435,152.822,158.597797,4.8591,60.108,150.03,360102.91061332205,0.01,0
2026-08-14T13:58:28Z,3.499,26.8874,9.18,1.2261,0.0852,0.5076,2.2283,152.773,158.54111,4.8373,60.023,149.38,359787.2107825032,0.013,0
2026-08-14T13:58:28Z,3.502,26.8864,9.18,1.2604,0.0852,0.5076,2.1981,152.749,158.508928,4.8197,59.97,150.06,359618.30104289204,0.016,0
2026-08-14T13:58:28Z,3.507,26.8851,9.18,1.2566,0.0852,0.5076,2.2435,152.758,158.5087,4.8068,59.96,150.03,359641.37718862965,0.018,0
2026-08-14T13:58:28Z,3.513,26.8835,9.09,1.2566,0.0852,0.3384,2.1377,152.789,158.528341,4.7976,60.009,149.64,359785.97836512706,0.02,0
2026-08-14T13:58:28Z,3.519,26.8814,9.09,1.2795,0.0852,0.3384,2.183,152.828,158.553048,4.791,60.13,148.54,359969.5815474359,0.02,0
2026-08-14T13:58:28Z,3.525,26.8788,9.09,1.2375,0.0852,0.3384,2.3039,152.87,158.577384,4.787,60.322,148.18,360160.49390503217,0.019,0
2026-08-14T13:58:28Z,3.53,26.8758,9.09,1.2375,0.0852,0.3384,2.2737,152.906,158.595813,4.7865,60.576,148.54,360324.51964671805,0.018,0
2026-08-14T13:58:28Z,3.533,26.8718,9.09,1.2642,0.0852,0.3384,2.2888,152.941,158.617256,4.7907,60.889,148.96,360525.04221026227,0.016,0
2026-08-14T13:58:28Z,3.536,26.8665,9.45,1.3214,0.1278,0.6768,2.2283,152.964,158.631398,4.8008,61.278,148.89,360707.4826668306,0.014,0
2026-08-14T13:58:28Z,3.539,26.8602,9.45,1.2642,0.1278,0.6768,2.1528,152.957,158.617961,4.8167,61.791,148.96,360747.627208331,0.013,0
2026-08-14T13:58:28Z,3.543,26.854,9.45,1.2947,0.1278,0.6768,2.1528,152.938,158.593403,4.8376,62.494,148.83,360720.8784818816,0.014,0
2026-08-14T13:58:28Z,3.546,26.8491,9.45,1.2604,0.1278,0.6768,2.2888,152.92,158.571216,4.863,63.43,149.32,360683.4886396706,0.015,0
2026-08-14T13:58:28Z,3.549,26.8458,9.45,1.2413,0.1278,0.4653,2.2132,152.894,158.541474,4.8943,64.618,149.45,360571.7831593907,0.016,0
2026-08-14T13:58:28Z,3.553,26.8438,9.45,1.2375,0.1278,0.4653,2.2435,152.866,158.512279,4.9354,66.07,149.32,360438.8008096346,0.018,0
2026-08-14T13:58:28Z,3.558,26.8424,9.45,1.2375,0.1278,0.4653,2.1981,152.85,158.5039,4.9917,67.786,149.97,360416.18864832364,0.021,0
2026-08-14T13:58:28Z,3.564,26.8412,9.45,1.2375,0.1278,0.4653,2.2435,152.844,158.518112,5.0665,69.773,149.8,360521.85436954995,0.023,0
2026-08-14T13:58:28Z,3.57,26.8402,9.45,1.2223,0.0852,0.5922,2.1981,152.853,158.546682,5.1615,72.072,149.61,360707.7301240624,0.024,0
2026-08-14T13:58:28Z,3.578,26.8402,9.45,1.2375,0.0852,0.5922,2.2435,152.868,158.569176,5.2775,74.645,148.35,360839.2782708526,0.024,0
2026-08-14T13:58:28Z,3.584,26.843,9.45,1.2528,0.0852,0.5922,2.2132,152.864,158.563534,5.4143,77.259,148.31,360753.50346685544,0.023,0
2026-08-14T13:58:28Z,3.59,26.8495,9.45,1.3481,0.0852,0.5922,1.5637,152.848,158.544283,5.5723,79.57,149.15,360518.5031443618,0.021,0
2026-08-14T13:58:28Z,3.595,26.8558,9.27,1.3672,0.1278,0.423,1.609,152.838,158.534347,5.7552,81.3,148.44,360341.83556377015,0.019,0
2026-08-14T13:58:28Z,3.599,26.8583,9.27,1.352,0.1278,0.423,1.5788,152.823,158.51905,5.9605,82.293,148.73,360205.43771585176,0.017,0
2026-08-14T13:58:28Z,3.603,26.8578,9.27,1.3596,0.1278,0.423,1.5637,152.798,158.490307,6.1694,82.496,149.02,360046.99034223176,0.015,0
2026-08-14T13:58:28Z,3.607,26.8572,9.27,1.3405,0.1278,0.423,1.5486,152.777,158.464501,6.354,81.941,148.73,359907.6065095317,0.014,0
2026-08-14T13:58:28Z,3.61,26.8572,9.27,1.3558,0.1278,0.423,1.7147,152.774,158.454791,6.4921,80.732,148.51,359850.9246579568,0.013,0
2026-08-14T13:58:28Z,3.613,26.8571,9.18,1.3672,0.0852,0.54990000000000006,1.6392,152.791,158.466602,6.5714,79.045,149.02,359921.74931072077,0.013,0
2026-08-14T13:58:28Z,3.616,26.8564,9.18,1.371,0.0852,0.54990000000000006,1.5939,152.826,158.495068,6.5877,77.107,148.96,360101.1158082475,0.013,0
2026-08-14T13:58:28Z,3.619,26.8549,9.18,1.3596,0.0852,0.54990000000000006,1.322,152.865,158.52774,6.5435,75.125,148.96,360320.1675189663,0.013,0
2026-08-14T13:58:28Z,3.622,26.8529,9.18,1.352,0.0852,0.54990000000000006,1.3371,152.889,158.545272,6.4472,73.237,149.15,360460.2507031595,0.014,0
2026-08-14T13:58:28Z,3.626,26.8507,9.18,1.371,0.0852,0.5922,1.2918,152.891,158.540316,6.3127,71.518,149.45,360472.71005059057,0.015,0
2026-08-14T13:58:28Z,3.63,26.8484,9.18,1.3672,0.0852,0.5922,1.3673,152.877,158.519565,6.1582,70.003,149.87,360394.7475838115,0.017,0
2026-08-14T13:58:28Z,3.634,26.846,9.18,1.3939,0.0852,0.5922,1.5183,152.854,158.489509,6.0002,68.704,150,360264.30253116705,0.019,0
2026-08-14T13:58:28Z,3.639,26.8435,9.18,1.4435,0.0852,0.5922,1.5486,152.839,158.466183,5.8496,67.62,150.23,360175.0691659286,0.022,0
2026-08-14T13:58:28Z,3.645,26.8412,9.09,1.4206,0.0852,0.5076,1.6543,152.832,158.451382,5.7126,66.736,150.72,360131.8756649513,0.025,0
2026-08-14T13:58:28Z,3.652,26.839,9.09,1.3901,0.0852,0.5076,1.5637,152.828,158.437151,5.5918,66.024,150.06,360090.12885434995,0.028,0
2026-08-14T13:58:28Z,3.66,26.8368,9.09,1.4397,0.0852,0.5076,1.5939,152.84,158.439733,5.4883,65.448,150.03,360146.60157522635,0.031,0
2026-08-14T13:58:28Z,3.668,26.8345,9.09,1.4359,0.0852,0.5076,1.6543,152.877,158.467834,5.4019,64.973,149.93,360354.1008372321,0.034,0
2026-08-14T13:58:28Z,3.677,26.8318,9.09,1.4283,0.0852,0.5076,1.5486,152.917,158.496883,5.3315,64.586,149.64,360574.77084522345,0.035,0
2026-08-14T13:58:28Z,3.687,26.8288,9.09,1.455,0.0852,0.3807,1.5788,152.944,158.510575,5.2749,64.286,149.45,360711.37263312994,0.035,0
2026-08-14T13:58:28Z,3.696,26.8255,9.09,1.5503,0.0852,0.3807,1.3673,152.956,158.508554,5.2292,64.058,149.22,360761.7519041521,0.035,0
2026-08-14T13:58:28Z,3.705,26.822,9.09,1.5541,0.0852,0.3807,1.3975,152.943,158.482263,5.1916,63.875,148.25,360673.9282034647,0.033,0
2026-08-14T13:58:28Z,3.714,26.8179,9.09,1.5503,0.0852,0.3807,1.2615,152.921,158.448739,5.1611,63.715,148.09,360555.1050375741,0.031,0
2026-08-14T13:58:28Z,3.722,26.8134,9.09,1.5503,0.0426,0.5076,1.2918,152.913,158.431107,5.1376,63.549,148.12,360536.76724864735,0.028,0
2026-08-14T13:58:28Z,3.729,26.8087,9.09,1.5351,0.0426,0.5076,1.322,152.92,158.428673,5.1197,63.343,148.47,360611.10172520886,0.025,0
2026-08-14T13:58:28Z,3.734,26.8045,9.09,1.5694,0.0426,0.5076,1.2313,152.932,158.432772,5.1055,63.074,148.54,360714.2614330374,0.023,0
2026-08-14T13:58:28Z,3.739,26.8008,9.09,1.5618,0.0426,0.5076,1.3824,152.944,158.436479,5.093,62.737,148.57,360805.73002306034,0.021,0
2026-08-14T13:58:28Z,3.744,26.7977,8.91,1.5313,0.0852,0.5076,1.2011,152.971,158.456815,5.08,62.361,149.45,360983.2679427621,0.02,0
2026-08-14T13:58:28Z,3.749,26.7947,8.91,1.3939,0.0852,0.5076,1.4277,153.004,158.48317,5.0638,61.989,148.31,361194.25085175526,0.019,0
2026-08-14T13:58:28Z,3.753,26.7918,8.91,1.4168,0.0852,0.5076,1.3673,153.007,158.478483,5.0426,61.643,148.38,361221.55579780083,0.019,0
2026-08-14T13:58:28Z,3.758,26.789,8.91,1.4092,0.0852,0.5076,1.4277,152.997,158.461544,5.0159,61.337,148.57,361175.1940240007,0.019,0
2026-08-14T13:58:28Z,3.764,26.7864,9,1.4206,0.0852,0.423,1.3824,153.007,158.463909,4.9861,61.093,147.96,361238.1514299084,0.019,0
2026-08-14T13:58:28Z,3.769,26.7839,9,1.5313,0.0852,0.423,1.5486,153.028,158.478192,4.9566,60.927,148.18,361369.07908069453,0.019,0
2026-08-14T13:58:28Z,3.774,26.7815,9,1.5427,0.0852,0.423,1.6543,153.048,158.488161,4.9291,60.849,148.41,361472.86791128264,0.019,0
2026-08-14T13:58:28Z,3.779,26.7793,9,1.5656,0.0852,0.423,1.6392,153.065,158.492466,4.9048,60.875,147.93,361539.6930568828,0.018,0
2026-08-14T13:58:28Z,3.783,26.7769,9,1.5541,0.0852,0.423,1.6241,153.094,158.504279,4.8855,61.031,147.99,361654.34355819476,0.017,0
2026-08-14T13:58:28Z,3.787,26.7742,9,1.5465,0.0852,0.4653,1.6241,153.135,158.52675,4.8725,61.324,149.38,361837.22737960366,0.017,0
2026-08-14T13:58:28Z,3.791,26.7708,9,1.5313,0.0852,0.4653,1.6392,153.172,158.541821,4.8666,61.727,148.18,361990.0109362253,0.017,0
2026-08-14T13:58:28Z,3.795,26.7664,9,1.5656,0.0852,0.4653,1.4881,153.184,158.533468,4.869,62.201,148.89,362024.291141234,0.018,0
2026-08-14T13:58:28Z,3.799,26.7607,9,1.558,0.0852,0.4653,1.4881,153.179,158.511486,4.882,62.727,150.06,362003.18977673986,0.018,0
2026-08-14T13:58:28Z,3.804,26.7539,8.91,1.6571,0.0426,0.423,1.896,153.175,158.494063,4.906,63.319,147.16,362029.6765525196,0.018,0
2026-08-14T13:58:28Z,3.809,26.7466,8.91,1.6762,0.0426,0.423,1.9111,153.179,158.488576,4.9389,64.001,148.22,362135.7349418082,0.018,0
2026-08-14T13:58:28Z,3.814,26.7397,8.91,1.6724,0.0426,0.423,1.7903,153.187,158.489553,4.9775,64.775,148.41,362272.23356692604,0.018,0
2026-08-14T13:58:28Z,3.819,26.7342,8.91,1.6571,0.0426,0.423,1.896,153.195,158.497253,5.0201,65.623,148.02,362421.7609740119,0.017,0
2026-08-14T13:58:28Z,3.823,26.7301,8.91,1.619,0.0852,0.6768,2.0924,153.209,158.517738,5.0679,66.534,147.77,362619.9630462114,0.016,0
2026-08-14T13:58:28Z,3.826,26.7267,8.91,1.6152,0.0852,0.6768,2.1226,153.212,158.532422,5.1227,67.492,148.41,362770.8506854104,0.016,0
2026-08-14T13:58:28Z,3.83,26.7244,8.91,1.5923,0.0852,0.6768,2.032,153.197,158.533198,5.1848,68.465,146.9,362819.08439806185,0.015,0
2026-08-14T13:58:28Z,3.834,26.7241,8.91,1.6266,0.0852,0.6768,2.0169,153.183,158.536306,5.2528,69.44,146.55,362843.0630735852,0.015,0
2026-08-14T13:58:28Z,3.838,26.7261,8.91,1.7296,0.0852,0.6768,2.0622,153.171,158.538568,5.3255,70.423,146.39,362818.3898732086,0.015,0
2026-08-14T13:58:28Z,3.842,26.7298,8.82,1.7373,0.1278,0.3384,2.1528,153.161,158.536582,5.4018,71.398,145.19,362736.46139123593,0.015,0
2026-08-14T13:58:28Z,3.846,26.7351,8.82,1.7296,0.1278,0.3384,2.032,153.166,158.545849,5.4791,72.327,145.35,362690.3567134987,0.015,0
2026-08-14T13:58:28Z,3.849,26.741,8.82,1.7525,0.1278,0.3384,2.1377,153.171,158.552808,5.5566,73.19,145.03,362619.30999462516,0.015,0
2026-08-14T13:58:28Z,3.853,26.7459,8.82,1.7792,0.1278,0.3384,2.1075,153.152,158.531258,5.6348,73.973,145.19,362399.7189761993,0.016,0
2026-08-14T13:58:28Z,3.857,26.7486,8.73,1.7983,0.1278,0.4653,2.0471,153.126,158.499501,5.7125,74.638,143.28,362161.988783791,0.017,0
2026-08-14T13:58:28Z,3.861,26.7498,8.73,1.7945,0.1278,0.4653,2.1377,153.127,158.493158,5.7868,75.143,143.74,362102.0024045233,0.019,0
2026-08-14T13:58:28Z,3.866,26.7502,8.73,1.7945,0.1278,0.4653,2.1226,153.152,158.510537,5.8558,75.472,142.56,362196.4851793655,0.021,0
2026-08-14T13:58:28Z,3.872,26.7498,8.73,1.8402,0.1278,0.4653,2.183,153.187,158.53623,5.9184,75.634,142.75,362354.9858907195,0.024,0
2026-08-14T13:58:28Z,3.878,26.7483,8.73,1.8479,0.0426,0.4653,2.1679,153.224,158.561058,5.9717,75.671,141.76,362529.3101642076,0.026,0
2026-08-14T13:58:28Z,3.885,26.7459,8.73,1.8517,0.0426,0.4653,2.1075,153.241,158.563582,6.0125,75.644,140.5,362589.66608017223,0.029,0
2026-08-14T13:58:28Z,3.893,26.743,8.73,1.867,0.0426,0.4653,2.0471,153.232,158.540467,6.0391,75.585,140.44,362508.81661239505,0.031,0
2026-08-14T13:58:28Z,3.901,26.7395,8.73,2.2217,0.0426,0.4653,2.2132,153.209,158.505588,6.0525,75.485,138.98,362370.2132824996,0.032,0
2026-08-14T13:58:28Z,3.91,26.7352,8.73,2.2255,0.0426,0.4653,2.2435,153.182,158.469685,6.0559,75.342,137.63,362240.76886320685,0.032,0
2026-08-14T13:58:28Z,3.919,26.7304,8.73,2.2141,0.0852,0.54990000000000006,2.2737,153.172,158.451238,6.0542,75.179,136.17,362223.36294521065,0.032,0
2026-08-14T13:58:28Z,3.928,26.7257,8.73,2.2179,0.0852,0.54990000000000006,2.2586,153.184,158.453347,6.05,74.996,135.38,362324.8611264281,0.03,0
2026-08-14T13:58:28Z,3.935,26.7219,8.73,2.3438,0.0852,0.54990000000000006,2.0773,153.202,158.456532,6.0424,74.771,135.79,362415.6480802933,0.028,0
2026-08-14T13:58:28Z,3.942,26.7193,8.73,2.3476,0.0852,0.54990000000000006,2.0169,153.219,158.457635,6.0313,74.495,135.61,362471.4524770803,0.026,0
2026-08-14T13:58:28Z,3.948,26.7169,8.73,2.3438,0.0426,0.6345,2.1226,153.237,158.460954,6.0184,74.172,135.64,362536.50432529947,0.025,0
2026-08-14T13:58:28Z,3.953,26.7133,8.73,2.3591,0.0426,0.6345,2.0471,153.245,158.455351,6.0042,73.818,135.85,362571.8695967946,0.024,0
2026-08-14T13:58:28Z,3.959,26.7084,8.73,2.2446,0.0426,0.6345,2.0622,153.243,158.443339,5.9868,73.466,135.17,362594.21824848605,0.024,0
2026-08-14T13:58:28Z,3.965,26.7028,8.73,2.2294,0.0426,0.6345,2.0773,153.242,158.437746,5.9652,73.135,135.91,362667.6243709391,0.024,0
2026-08-14T13:58:28Z,3.972,26.6978,8.73,2.2141,0.0852,0.54990000000000006,2.1679,153.239,158.43708,5.9399,72.835,134.67,362758.6530970377,0.025,0
2026-08-14T13:58:28Z,3.979,26.6936,8.73,2.2179,0.0852,0.54990000000000006,2.0622,153.233,158.437156,5.912,72.594,133.16,362838.88060661434,0.025,0
2026-08-14T13:58:28Z,3.985,26.6903,8.73,2.2446,0.0852,0.54990000000000006,2.1679,153.239,158.446012,5.8842,72.424,134.2,362953.72249525477,0.024,0
2026-08-14T13:58:28Z,3.992,26.6888,8.73,2.2294,0.0852,0.54990000000000006,2.183,153.268,158.474026,5.8578,72.305,132.27,363147.211968298,0.024,0
2026-08-14T13:58:28Z,3.997,26.6898,8.82,2.2217,0.0426,0.5076,2.0924,153.306,158.508627,5.8337,72.215,133.01,363332.0211501551,0.024,0
2026-08-14T13:58:28Z,4.003,26.6916,8.82,2.2446,0.0426,0.5076,2.1075,153.319,158.514954,5.8142,72.142,133.16,363335.05003696494,0.024,0
2026-08-14T13:58:28Z,4.009,26.6925,8.82,2.2217,0.0426,0.5076,2.1075,153.296,158.482669,5.8005,72.065,133.13,363127.75526541617,0.025,0
2026-08-14T13:58:28Z,4.015,26.6921,8.82,2.237,0.0426,0.5076,2.1377,153.271,158.447249,5.791,71.98,133.16,362926.78732435155,0.026,0
2026-08-14T13:58:28Z,4.022,26.6905,8.82,2.2294,0.0426,0.5076,2.1226,153.264,158.427308,5.784,71.909,131.06,362839.7915808166,0.027,0
2026-08-14T13:58:28Z,4.029,26.6881,8.82,2.2141,0.0426,0.5076,2.0924,153.255,158.401495,5.7783,71.891,130.01,362733.4353405021,0.028,0
2026-08-14T13:58:28Z,4.037,26.6854,8.82,2.4392,0.0426,0.5076,2.1377,153.243,158.370941,5.7725,71.974,128.72,362604.8816596632,0.029,0
2026-08-14T13:58:28Z,4.045,26.6823,8.82,2.4239,0.0426,0.5076,2.1075,153.255,158.363569,5.766,72.208,127.77,362620.3592727721,0.029,0
2026-08-14T13:58:28Z,4.052,26.6781,8.82,2.4048,0.0426,0.5076,2.1377,153.294,158.385429,5.7607,72.629,126.67,362828.8302338444,0.028,0
2026-08-14T13:58:28Z,4.06,26.6727,8.91,2.4086,0.0852,0.6345,2.0471,153.331,158.410285,5.7598,73.228,126.23,363077.8774867777,0.027,0
2026-08-14T13:58:28Z,4.066,26.6667,8.91,2.6566,0.0852,0.6345,1.5637,153.345,158.416707,5.7671,73.928,124.95,363229.8491022096,0.025,0
2026-08-14T13:58:28Z,4.072,26.6605,8.91,2.6642,0.0852,0.6345,1.5939,153.345,158.410416,5.7865,74.591,125.76,363310.7512227725,0.023,0
2026-08-14T13:58:28Z,4.078,26.6545,8.91,2.6642,0.0852,0.6345,1.5939,153.347,158.401759,5.8209,75.054,125.24,363373.9220263239,0.021,0
2026-08-14T13:58:28Z,4.083,26.6501,8.82,2.6795,0.0852,0.4653,1.6241,153.355,158.396443,5.8694,75.183,124.08,363426.34790210344,0.02,0
2026-08-14T13:58:28Z,4.087,26.6475,8.82,2.7863,0.0852,0.4653,1.5486,153.356,158.385035,5.9257,74.92,125.11,363408.57558765484,0.019,0
2026-08-14T13:58:28Z,4.092,26.6452,8.82,2.771,0.0852,0.4653,1.5486,153.342,158.360481,5.9791,74.278,125.14,363307.56216346443,0.018,0
2026-08-14T13:58:28Z,4.096,26.6417,8.82,2.7939,0.0852,0.4653,1.5335,153.337,158.346296,6.0165,73.335,123.84,363290.5409459255,0.018,0
2026-08-14T13:58:28Z,4.1,26.6373,8.82,2.7863,0.0852,0.4653,1.6845,153.346,158.344708,6.0274,72.221,124.78,363364.9491087288,0.019,0
2026-08-14T13:58:28Z,4.104,26.6333,8.91,2.8168,0.0852,0.5922,1.6241,153.35,158.337257,6.0067,71.079,124.46,363397.1708252465,0.021,0
2026-08-14T13:58:28Z,4.11,26.63,8.91,2.8512,0.0852,0.5922,1.5788,153.362,158.335984,5.9556,70.022,123.57,363452.5148132891,0.023,0
2026-08-14T13:58:28Z,4.116,26.6269,8.91,2.8321,0.0852,0.5922,1.5335,153.387,158.344557,5.8804,69.109,124.59,363562.164911028,0.025,0
2026-08-14T13:58:28Z,4.122,26.6235,8.91,2.8435,0.0852,0.5922,1.5183,153.416,158.353236,5.7913,68.365,123.06,363678.19248861104,0.028,0
2026-08-14T13:58:28Z,4.13,26.6198,9.09,2.8359,0.0426,0.54990000000000006,1.5939,153.459,158.378364,5.7002,67.797,123.22,363897.11718261684,0.03,0
2026-08-14T13:58:28Z,4.138,26.6153,9.09,2.9389,0.0426,0.54990000000000006,1.8809,153.504,158.412611,5.6158,67.408,122.74,364185.3096064569,0.031,0
2026-08-14T13:58:28Z,4.147,26.6097,9.09,2.9809,0.0426,0.54990000000000006,1.8054,153.511,158.415007,5.5432,67.198,122.69,364306.4059448682,0.032,0
2026-08-14T13:58:28Z,4.155,26.6029,9.09,2.9885,0.0426,0.54990000000000006,1.8205,153.491,158.392204,5.4842,67.187,121.89,364301.4874648645,0.033,0
2026-08-14T13:58:28Z,4.164,26.5967,9.36,2.958,0.0426,0.6345,1.8507,153.474,158.370187,5.4392,67.43,119.76,364289.74824485136,0.032,0
2026-08-14T13:58:28Z,4.172,26.5927,9.36,3.0877,0.0426,0.6345,1.5939,153.458,158.347093,5.4084,67.98,119.92,364229.6087361742,0.031,0
2026-08-14T13:58:28Z,4.18,26.591,9.36,3.0762,0.0426,0.6345,1.5939,153.447,158.328787,5.3917,68.85,119.22,364153.8452751212,0.029,0
2026-08-14T13:58:28Z,4.187,26.5903,9.36,3.0877,0.0426,0.6345,1.6543,153.438,158.314394,5.391,69.974,118.93,364082.1237876213,0.028,0
2026-08-14T13:58:28Z,4.194,26.5889,9.54,3.1029,0.0852,0.5076,1.5335,153.425,158.296068,5.4106,71.217,118.78,364000.524776492,0.026,0
2026-08-14T13:58:28Z,4.2,26.5867,9.54,3.2174,0.0852,0.5076,1.2918,153.413,158.276938,5.4549,72.46,118.11,363929.44980993186,0.025,0
2026-08-14T13:58:28Z,4.206,26.5844,9.54,3.2097,0.0852,0.5076,1.3975,153.402,158.251904,5.525,73.634,117.9,363825.39396386757,0.024,0
2026-08-14T13:58:28Z,4.212,26.5825,9.54,3.2097,0.0852,0.5076,1.2313,153.401,158.232326,5.6154,74.673,117.85,363745.9534384901,0.024,0
2026-08-14T13:58:28Z,4.218,26.5809,9.54,3.2021,0.0852,0.5076,1.3673,153.414,158.227008,5.7153,75.516,117.42,363745.05291748774,0.024,0
2026-08-14T13:58:28Z,4.224,26.5787,9.81,3.4882,0.0852,0.5922,1.3673,153.422,158.218499,5.8153,76.148,116.7,363736.74292003526,0.024,0
2026-08-14T13:58:28Z,4.23,26.5745,9.81,3.4692,0.0852,0.5922,1.2918,153.435,158.218558,5.9099,76.571,117.09,363817.2331506488,0.025,0
2026-08-14T13:58:28Z,4.237,26.5686,9.81,3.473,0.0852,0.5922,1.322,153.473,158.245235,5.994,76.773,116.48,364087.60049141845,0.026,0
2026-08-14T13:58:28Z,4.244,26.5624,9.81,3.4501,0.0852,0.5922,1.2918,153.507,158.267568,6.0623,76.736,116.3,364338.1826013793,0.026,0
2026-08-14T13:58:28Z,4.251,26.557,9.99,4.3656,0.0852,0.6768,1.3673,153.512,158.257445,6.1136,76.453,115.77,364381.5081341991,0.026,0
2026-08-14T13:58:28Z,4.258,26.5525,9.99,4.3656,0.0852,0.6768,1.322,153.505,158.232204,6.148,75.94,114.64,364318.15317386383,0.025,0
2026-08-14T13:58:28Z,4.265,26.5485,9.99,4.3771,0.0852,0.6768,1.3673,153.504,158.209164,6.1647,75.237,113.68,364258.2600543104,0.023,0
2026-08-14T13:58:28Z,4.271,26.5443,9.99,4.3732,0.0852,0.6768,1.3673,153.513,158.192197,6.1622,74.386,114.27,364238.1260855991,0.021,0
2026-08-14T13:58:28Z,4.275,26.5394,9.99,4.6517,0.0852,0.7614,1.3824,153.535,158.1868,6.14,73.425,114.44,364299.85665413237,0.019,0
2026-08-14T13:58:28Z,4.279,26.5334,9.99,4.6517,0.0852,0.7614,1.3522,153.574,158.19554,6.0995,72.407,114.1,364466.35668325453,0.017,0
2026-08-14T13:58:28Z,4.283,26.5261,9.99,4.6403,0.0852,0.7614,1.4579,153.621,158.210726,6.0438,71.401,115.34,364696.0185695243,0.015,0
2026-08-14T13:58:28Z,4.286,26.5177,9.99,4.6746,0.0852,0.7614,1.3522,153.666,158.220374,5.9764,70.464,114.72,364914.0760696007,0.014,0
2026-08-14T13:58:28Z,4.29,26.5085,9.99,5.1553,0.0852,0.7614,1.5486,153.706,158.227055,5.9001,69.634,113.95,365130.0201895638,0.014,0
2026-08-14T13:58:28Z,4.293,26.4985,10.08,5.1705,0.1278,0.7191,1.5637,153.741,158.234551,5.8194,68.934,114.77,365366.30334472645,0.015,0
2026-08-14T13:58:28Z,4.297,26.4875,10.08,5.1438,0.1278,0.7191,1.5486,153.758,158.230832,5.7396,68.368,114.1,365555.3667742297,0.015,0
2026-08-14T13:58:28Z,4.3,26.4757,10.08,5.1553,0.1278,0.7191,1.5335,153.76,158.214907,5.6654,67.921,114.39,365687.4119582523,0.016,0
2026-08-14T13:58:28Z,4.304,26.4643,10.08,5.5825,0.1278,0.7191,1.6241,153.772,158.210583,5.5999,67.57,115.19,365880.8065275338,0.017,0
2026-08-14T13:58:28Z,4.309,26.4551,10.62,5.5444,0.0852,0.6345,1.6694,153.799,158.220715,5.5446,67.294,114.2,366117.9977784416,0.019,0
2026-08-14T13:58:28Z,4.314,26.4481,10.62,5.613,0.0852,0.6345,1.5486,153.814,158.21594,5.4998,67.081,114.17,366224.3012975453,0.02,0
2026-08-14T13:58:28Z,4.319,26.4424,10.62,5.5787,0.0852,0.6345,1.6392,153.819,158.198993,5.4643,66.926,114.27,366233.17920219136,0.022,0
2026-08-14T13:58:28Z,4.326,26.4369,10.62,8.3597,0.0852,0.6345,1.8809,153.836,158.19341,5.4366,66.844,113.01,366305.84253839875,0.022,0
2026-08-14T13:58:28Z,4.332,26.4311,10.8,8.3559,0.0852,0.8037,1.8809,153.861,158.189684,5.415,66.87,112.69,366395.36265035445,0.023,0
2026-08-14T13:58:28Z,4.338,26.4247,10.8,8.352,0.0852,0.8037,1.7903,153.899,158.184819,5.3985,67.035,112.06,366489.69219537853,0.022,0
2026-08-14T13:58:28Z,4.344,26.4177,10.8,8.352,0.0852,0.8037,1.9111,153.954,158.185531,5.3868,67.343,112.37,366628.84879646276,0.022,0
2026-08-14T13:58:28Z,4.349,26.4102,10.8,11.1406,0.0852,0.8037,1.896,154.004,158.183988,5.3809,67.79,112.08,366764.27730375703,0.021,0
2026-08-14T13:58:28Z,4.354,26.4005,10.98,11.1483,0.1278,0.846,1.8205,154.034,158.175768,5.3839,68.382,111.74,366902.41609690216,0.02,0
2026-08-14T13:58:28Z,4.359,26.3861,10.98,11.1254,0.1278,0.846,1.9111,154.039,158.15066,5.3986,69.127,111.52,367030.63896232285,0.019,0
2026-08-14T13:58:28Z,4.364,26.3679,10.98,11.1673,0.1278,0.846,1.8658,154.043,158.124013,5.4252,70.005,110.92,367223.18223139056,0.018,0
2026-08-14T13:58:28Z,4.369,26.3508,10.98,11.5717,0.1278,0.846,1.9564,154.074,158.118783,5.4629,70.921,110.92,367522.575650539,0.017,0
2026-08-14T13:58:28Z,4.373,26.338,10.98,11.5679,0.1278,0.846,1.8809,154.109,158.113532,5.5119,71.744,111.02,367738.91042255715,0.017,0
2026-08-14T13:58:28Z,4.376,26.3283,11.52,11.5755,0.1278,0.8037,1.8809,154.137,158.106855,5.5729,72.385,110.58,367886.8317526542,0.016,0
2026-08-14T13:58:28Z,4.38,26.3185,11.52,11.5869,0.1278,0.8037,1.7903,154.166,158.115006,5.6447,72.811,110.61,368125.51497459627,0.017,0
2026-08-14T13:58:28Z,4.384,26.3065,11.52,15.7069,0.1278,0.8037,2.0924,154.171,158.112102,5.7199,73.007,110.65,368340.8612701511,0.017,0
2026-08-14T13:58:28Z,4.389,26.2929,11.52,15.6878,0.1278,0.8037,2.1075,154.152,158.097367,5.7877,72.978,110.58,368516.5497548093,0.018,0
2026-08-14T13:58:28Z,4.393,26.2814,11.7,15.7221,0.0852,0.846,2.1075,154.146,158.098938,5.8406,72.761,109.27,368749.3297792321,0.019,0
2026-08-14T13:58:28Z,4.399,26.2743,11.7,15.6954,0.0852,0.846,2.0924,154.155,158.107217,5.8757,72.425,108.91,368936.98041538463,0.019,0
2026-08-14T13:58:28Z,4.404,26.2719,11.7,15.7794,0.0852,0.846,2.1679,154.168,158.102369,5.8917,72.031,108.82,368954.5620603131,0.019,0
2026-08-14T13:58:28Z,4.409,26.2733,11.7,15.798400000000001,0.0852,0.846,2.2283,154.183,158.085103,5.8892,71.608,108.35,368823.77794308483,0.019,0
2026-08-14T13:58:28Z,4.414,26.2759,11.79,15.7603,0.1278,0.8883,2.1377,154.208,158.072856,5.8714,71.173,108.35,368699.80729179084,0.02,0
2026-08-14T13:58:28Z,4.418,26.2755,11.79,15.7527,0.1278,0.8883,2.0773,154.236,158.064364,5.8443,70.753,108.32,368656.66173646954,0.02,0
2026-08-14T13:58:28Z,4.423,26.2697,11.79,16.0388,0.1278,0.8883,2.0924,154.26,158.053353,5.8132,70.375,107.95,368703.32991972676,0.021,0
2026-08-14T13:58:28Z,4.428,26.2591,11.79,16.0197,0.1278,0.8883,2.1075,154.29,158.048908,5.7801,70.092,107.57,368882.711757045,0.022,0
2026-08-14T13:58:28Z,4.434,26.2469,11.79,16.0197,0.1278,0.8883,1.9715,154.317,158.045834,5.7463,69.948,107.43,369101.5775539365,0.023,0
2026-08-14T13:58:28Z,4.44,26.235,12.33,15.9968,0.1278,0.9729,2.0924,154.324,158.031285,5.7135,69.96,106.85,369245.84740465885,0.025,0
2026-08-14T13:58:28Z,4.447,26.2234,12.33,10.0725,0.1278,0.9729,2.0773,154.304,158.00138,5.6842,70.134,105.69,369292.092105958,0.026,0
2026-08-14T13:58:28Z,4.454,26.212,12.33,10.0572,0.1278,0.9729,2.1528,154.279,157.976201,5.6625,70.464,105.35,369362.8560800829,0.027,0
2026-08-14T13:58:28Z,4.461,26.202,12.33,10.042,0.1278,0.9729,2.0773,154.273,157.977088,5.652,70.907,104.94,369563.09448489134,0.027,0
2026-08-14T13:58:28Z,4.468,26.1951,12.6,10.0267,0.1278,0.7614,2.1075,154.262,157.974221,5.6537,71.392,104.46,369680.409842353,0.027,0
2026-08-14T13:58:28Z,4.475,26.1919,12.6,5.8839,0.1278,0.7614,1.7903,154.211,157.928758,5.6681,71.827,104.33,369469.35513243766,0.026,0
2026-08-14T13:58:28Z,4.482,26.192,12.6,5.9106,0.1278,0.7614,1.7752,154.131,157.846614,5.6947,72.115,103.65,368973.5908780178,0.025,0
2026-08-14T13:58:28Z,4.488,26.1941,12.6,5.8839,0.1278,0.7614,1.7903,154.032,157.735945,5.7303,72.192,103.9,368268.125773367,0.023,0
2026-08-14T13:58:28Z,4.494,26.1969,12.6,5.9106,0.0852,0.8883,1.8507,153.899,157.575254,5.7692,72.03,103.69,367250.1983038236,0.022,0
2026-08-14T13:58:28Z,4.499,26.199,12.6,5.9526,0.0852,0.8883,1.8809,153.698,157.329707,5.8041,71.648,103.18,365740.3196227783,0.021,0
2026-08-14T13:58:28Z,4.504,26.199,12.6,5.9449,0.0852,0.8883,1.7752,153.371,156.93783,5.8274,71.09,103.15,363403.03533594636,0.02,0
2026-08-14T13:58:28Z,4.509,26.1957,12.6,5.9526,0.0852,0.8883,1.9111,152.798,156.279088,5.8339,70.41,103.06,359557.2749032286,0.019,0
2026-08-14T13:58:28Z,4.514,26.1878,12.6,5.9602,0.0852,0.8883,1.8507,151.783,155.165787,5.8216,69.677,102.26,353156.5890007968,0.018,0
2026-08-14T13:58:28Z,4.519,26.1746,12.42,5.9602,0.1278,0.9306,1.9413,150.022,153.301042,5.7921,68.96,102.24,342587.3293811559,0.017,0
2026-08-14T13:58:28Z,4.523,26.1555,12.42,5.9449,0.1278,0.9306,1.8507,147,150.165538,5.7489,68.296,102.28,325189.9522285679,0.016,0
2026-08-14T13:58:28Z,4.527,26.1313,12.42,5.9564,0.1278,0.9306,1.9111,141.876,144.897088,5.6964,67.689,101.95,297042.29258487077,0.015,0
2026-08-14T13:58:28Z,4.53,26.1058,12.42,5.9869,0.1278,0.9306,1.8507,133.298,136.112814,5.6397,67.134,101.88,253270.10904348665,0.015,0
2026-08-14T13:58:28Z,4.534,26.0833,12.78,5.0942,0.1278,0.9729,2.0924,119,121.500302,5.584,66.622,101.95,189384.7396706268,0.014,0
2026-08-14T13:58:28Z,4.537,26.0656,12.78,5.0866,0.1278,0.9729,2.0471,95.152,97.154866,5.532,66.144,101.66,106771.28981940255,0.015,0
2026-08-14T13:58:28Z,4.541,26.0513,12.78,5.0866,0.1278,0.9729,2.0924,55.373,56.568354,5.4843,65.692,101.44,26933.218237872916,0.015,0
2026-08-14T13:58:28Z,4.545,26.0388,12.78,5.0866,0.1278,0.9729,2.1377,-10.963,-11.096331,5.4406,65.269,101.16,NA,0.016,0
2026-08-14T13:58:28Z,4.549,26.0277,12.87,4.4457,0.1278,0.9729,1.8809,-121.546,-123.877095,5.4002,64.898,100.74,NA,0.016,0
2026-08-14T13:58:28Z,4.554,26.0177,12.87,4.4457,0.1278,0.9729,1.896,-305.84,-311.814741,5.3624,64.618,100.26,NA,0.016,0
2026-08-14T13:58:28Z,4.558,26.0082,12.87,4.4457,0.1278,0.9729,1.896,-421.019,-429.289718,5.3268,64.451,99.845,NA,0.016,0
2026-08-14T13:58:28Z,4.562,25.9983,12.87,4.4228,0.1278,0.9729,1.8809,-305.847,-311.910463,5.2935,64.377,99.867,NA,0.016,0
2026-08-14T13:58:28Z,4.566,25.9874,12.78,3.9307,0.1278,0.8883,1.8205,-121.564,-124.068018,5.2645,64.372,99.542,NA,0.015,0
2026-08-14T13:58:28Z,4.57,25.9753,12.78,3.946,0.1278,0.8883,1.8658,-10.967,-11.355221,5.2432,64.44,99.089,NA,0.015,0
2026-08-14T13:58:28Z,4.574,25.9616,12.78,3.9422,0.1278,0.8883,1.9111,55.421,56.266638,5.231,64.59,98.809,26694.06365152361,0.014,0
2026-08-14T13:58:28Z,4.577,25.9467,12.78,3.9231,0.1278,0.8883,1.8809,95.293,96.830054,5.2263,64.816,98.595,106520.13246857606,0.014,0
2026-08-14T13:58:28Z,4.58,25.9317,12.78,3.8354,0.1278,0.8883,1.8205,119.278,121.181993,5.2272,65.108,98.638,189621.5434518177,0.014,0
2026-08-14T13:58:28Z,4.583,25.9159,13.32,3.843,0.1278,1.1421,1.8507,133.719,135.806276,5.2342,65.461,98.809,254344.36154932922,0.014,0
2026-08-14T13:58:28Z,4.587,25.8952,13.32,3.8201,0.1278,1.1421,1.8507,142.419,144.584671,5.2483,65.874,98.445,299107.95246975566,0.015,0
2026-08-14T13:58:28Z,4.59,25.8667,13.32,3.843,0.1278,1.1421,1.8809,147.68,149.854075,5.2695,66.359,98.402,328436.6206887559,0.016,0
2026-08-14T13:58:28Z,4.594,25.8336,13.32,3.5226,0.1278,1.1421,1.7903,150.878,153.019656,5.2964,66.931,98.338,347179.77809875354,0.018,0
2026-08-14T13:58:28Z,4.599,25.8019,13.23,3.5226,0.1278,1.2267,1.8054,152.806,154.905523,5.3281,67.569,97.89,358890.12581151165,0.021,0
2026-08-14T13:58:28Z,4.605,25.7723,13.23,3.5111,0.1278,1.2267,1.8809,153.932,156.006552,5.3646,68.218,97.827,366059.8353777456,0.023,0
2026-08-14T13:58:28Z,4.611,25.7421,13.23,3.5149,0.1278,1.2267,1.8507,154.586,156.658431,5.4071,68.84,97.36,370599.3078955426,0.024,0
2026-08-14T13:58:28Z,4.618,25.7118,13.23,3.5226,0.1278,1.2267,1.9111,154.986,157.065058,5.4567,69.406,96.245,373678.71696668514,0.025,0
2026-08-14T13:58:28Z,4.625,25.6862,13.68,3.4005,0.1704,1.4382,1.7752,155.255,157.334869,5.5113,69.877,95.329,375842.5256029916,0.026,0
2026-08-14T13:58:28Z,4.632,25.671,13.68,3.3929,0.1704,1.4382,1.8809,155.436,157.50775,5.5658,70.21,95.516,377210.03793526173,0.025,0
2026-08-14T13:58:28Z,4.638,25.666,13.68,3.3814,0.1704,1.4382,1.7752,155.521,157.579702,5.617,70.371,95.641,377753.6795735467,0.025,0
2026-08-14T13:58:28Z,4.644,25.6656,13.68,3.3967,0.1704,1.4382,1.8356,155.551,157.589952,5.6632,70.355,95.247,377824.8943238934,0.024,0
2026-08-14T13:58:28Z,4.65,25.6643,13.68,3.3433,0.1704,1.4382,1.8054,155.583,157.587325,5.7017,70.206,94.895,377834.828951315,0.023,0
2026-08-14T13:58:28Z,4.656,25.6608,14.04,3.3166,0.1704,1.8612,1.8054,155.626,157.579135,5.7293,69.973,95.226,377854.69401104643,0.023,0
2026-08-14T13:58:28Z,4.661,25.6561,14.04,3.3089,0.1704,1.8612,1.7903,155.651,157.547162,5.7428,69.691,94.566,377752.0597187369,0.024,0
2026-08-14T13:58:28Z,4.668,25.6495,14.04,3.2937,0.1704,1.8612,1.7147,155.658,157.494902,5.7422,69.388,94.484,377562.54995651235,0.025,0
2026-08-14T13:58:28Z,4.674,25.638,14.04,3.3662,0.1704,1.8612,2.1377,155.682,157.460516,5.7312,69.115,94.361,377581.64799000806,0.025,0
2026-08-14T13:58:28Z,4.681,25.6216,14.31,3.3814,0.1278,2.1573,2.0773,155.709,157.430825,5.714,68.936,93.138,377728.20700673695,0.026,0
2026-08-14T13:58:28Z,4.688,25.603,14.31,3.4005,0.1278,2.1573,2.0773,155.727,157.395906,5.6928,68.908,92.977,377886.8684049002,0.026,0
2026-08-14T13:58:28Z,4.694,25.584,14.31,3.4081,0.1278,2.1573,2.0622,155.766,157.380512,5.67,69.061,92.896,378174.32529612246,0.025,0
2026-08-14T13:58:28Z,4.701,25.5651,14.31,3.1869,0.1278,2.1573,2.0773,155.81,157.3625,5.6497,69.381,92.694,378443.8996402512,0.025,0
2026-08-14T13:58:28Z,4.706,25.5469,14.76,3.2059,0.1704,3.1302,2.0924,155.839,157.323038,5.637,69.821,92.775,378566.9150052564,0.024,0
2026-08-14T13:58:28Z,4.712,25.5296,14.76,3.1945,0.1704,3.1302,2.0773,155.871,157.285664,5.6364,70.364,92.172,378684.76736480556,0.024,0
2026-08-14T13:58:28Z,4.719,25.512,14.76,3.1792,0.1704,3.1302,2.0773,155.906,157.258445,5.6509,71.006,91.593,378871.654204865,0.024,0
2026-08-14T13:58:28Z,4.725,25.4922,14.76,3.2555,0.1704,3.1302,2.1377,155.909,157.222091,5.6791,71.706,91.653,379046.55654675694,0.023,0
2026-08-14T13:58:28Z,4.731,25.47,14.85,3.2593,0.1704,2.7495,2.0471,155.879,157.178931,5.7175,72.422,91.255,379227.95286669227,0.023,0
2026-08-14T13:58:28Z,4.737,25.4476,14.85,3.2746,0.1704,2.7495,2.183,155.869,157.153529,5.7643,73.171,90.034,379523.8201031453,0.022,0
2026-08-14T13:58:28Z,4.742,25.4277,14.85,3.2517,0.1704,2.7495,2.0471,155.896,157.135108,5.819,73.995,89.917,379812.7355944449,0.02,0
2026-08-14T13:58:28Z,4.748,25.4151,14.85,3.1945,0.1704,2.7495,2.0622,155.933,157.102721,5.8778,74.875,89.741,379866.98739151895,0.018,0
2026-08-14T13:58:28Z,4.752,25.4111,14.85,3.1907,0.1704,2.7495,2.1226,155.982,157.073777,5.9369,75.729,89.236,379768.1869447638,0.017,0
2026-08-14T13:58:28Z,4.756,25.4061,14.94,3.225,0.213,1.7343,2.1981,156.043,157.058588,5.9989,76.457,89.43,379775.1747307063,0.015,0
2026-08-14T13:58:28Z,4.759,25.3914,14.94,3.1869,0.213,1.7343,2.1679,156.114,157.04709,6.0681,76.965,89.41,380001.9673276256,0.013,0
2026-08-14T13:58:28Z,4.762,25.3688,14.94,3.2708,0.213,1.7343,2.1226,156.201,157.03421,6.1428,77.191,89.158,380380.9057533193,0.012,0
2026-08-14T13:58:28Z,4.765,25.344,14.94,3.2632,0.213,1.7343,2.0471,156.315,157.030536,6.2157,77.12,89.081,380862.57154053473,0.011,0
2026-08-14T13:58:28Z,4.768,25.3195,14.94,3.2784,0.1704,1.4382,2.0169,156.453,157.041096,6.2782,76.771,88.907,381427.8093025265,0.01,0
2026-08-14T13:58:28Z,4.77,25.2929,14.94,3.2479,0.1704,1.4382,2.0773,156.594,157.042648,6.323,76.178,88.926,381980.65771608514,0.01,0
2026-08-14T13:58:28Z,4.772,25.2607,14.94,3.286,0.1704,1.4382,1.8205,156.722,157.025579,6.3452,75.399,88.386,382532.57206547284,0.009,0
2026-08-14T13:58:28Z,4.775,25.2231,14.94,3.2593,0.1704,1.4382,1.7752,156.822,156.989338,6.3436,74.519,88.483,383076.11787041364,0.009,0
2026-08-14T13:58:28Z,4.777,25.1822,15.03,3.267,0.1704,1.4382,1.8658,156.891,156.934273,6.3196,73.603,88.502,383570.3761693443,0.009,0
2026-08-14T13:58:28Z,4.779,25.1375,15.03,3.286,0.1704,1.4382,1.7601,156.964,156.889781,6.2758,72.671,87.755,384210.53980533266,0.009,0
2026-08-14T13:58:28Z,4.781,25.0909,15.03,3.2097,0.1704,1.4382,1.8054,157.058,156.874051,6.2169,71.735,87.85,385073.0941296778,0.008,0
2026-08-14T13:58:28Z,4.783,25.0476,15.03,3.2021,0.1704,1.4382,1.9413,157.173,156.886892,6.1492000000000004,70.802,87.85,386050.6292175906,0.008,0
2026-08-14T13:58:28Z,4.785,25.008,15.03,3.2021,0.1704,1.4382,1.8507,157.305,156.917696,6.078,69.88,87.45,387068.2208197485,0.007,0
2026-08-14T13:58:28Z,4.787,24.9705,15.03,3.1945,0.1704,1.269,1.9262,157.411,156.918566,6.0053,68.977,87.927,387854.863250838,0.007,0
2026-08-14T13:58:28Z,4.788,24.9358,15.03,3.1258,0.1704,1.269,1.7903,157.488,156.885722,5.9317,68.108,87.812,388370.370182248,0.006,0
2026-08-14T13:58:28Z,4.79,24.9032,15.03,3.164,0.1704,1.269,1.8658,157.57,156.862499,5.8581,67.301,87.317,388904.28268637514,0.006,0
2026-08-14T13:58:28Z,4.791,24.8711,15.03,3.1296,0.1704,1.269,1.8507,157.639,156.844704,5.7852,66.585,87.393,389463.42534701753,0.005,0
2026-08-14T13:58:28Z,4.792,24.8377,15.12,3.1449,0.213,1.2267,1.8356,157.675,156.805544,5.714,65.962,87.469,389914.3893358911,0.005,0
2026-08-14T13:58:28Z,4.793,24.8028,15.12,3.1144,0.213,1.2267,1.896,157.711,156.760628,5.6456,65.421,87.393,390360.88775002945,0.005,0
2026-08-14T13:58:28Z,4.795,24.7697,15.12,3.08,0.213,1.2267,1.9262,157.787,156.748071,5.5822,64.965,87.317,390977.7916913889,0.005,0
2026-08-14T13:58:28Z,4.796,24.7423,15.12,3.0724,0.213,1.2267,1.8356,157.876,156.744482,5.5257,64.593,87.317,391533.18199572444,0.006,0
2026-08-14T13:58:28Z,4.797,24.7185,15.21,3.1144,0.1704,1.2267,1.8205,157.949,156.714835,5.4764,64.276,87.147,391845.83673837164,0.006,0
2026-08-14T13:58:28Z,4.799,24.6929,15.21,3.2097,0.1704,1.2267,1.8809,158.031,156.677271,5.4341,63.975,86.788,392146.057171221,0.007,0
2026-08-14T13:58:28Z,4.801,24.6649,15.21,3.2136,0.1704,1.2267,1.7752,158.127,156.647818,5.399,63.665,86.825,392549.82635294244,0.007,0
2026-08-14T13:58:28Z,4.803,24.636,15.21,3.2059,0.1704,1.2267,1.8507,158.221,156.614606,5.371,63.341,86.505,392949.09798649634,0.008,0
2026-08-14T13:58:28Z,4.805,24.6036,15.3,3.1907,0.1704,1.0998000000000001,1.8809,158.318,156.568776,5.3478,63.01,86.788,393341.94367361924,0.008,0
2026-08-14T13:58:28Z,4.807,24.5661,15.3,3.0953,0.1704,1.0998000000000001,1.8205,158.47,156.534174,5.3265,62.694,86.411,393916.77894893254,0.008,0
2026-08-14T13:58:28Z,4.809,24.5267,15.3,3.0839,0.1704,1.0998000000000001,1.7903,158.708,156.509587,5.3046,62.424,86.149,394598.39326698735,0.008,0
2026-08-14T13:58:28Z,4.811,24.4871,15.3,3.08,0.1704,1.0998000000000001,1.9111,159.018,156.460396,5.2815,62.234,86.093,395126.15006198006,0.008,0
2026-08-14T13:58:28Z,4.813,24.4427,15.3,3.061,0.1704,1.0998000000000001,1.7449,159.412,156.393508,5.2583,62.154,86.074,395642.8694594932,0.008,0
2026-08-14T13:58:28Z,4.815,24.3847,15.39,3.0915,0.1704,1.0152,1.9866,159.871,156.307093,5.2376,62.218,86.168,396325.8578457114,0.008,0
2026-08-14T13:58:28Z,4.818,24.3034,15.39,3.08,0.1704,1.0152,2.0924,160.311,156.150027,5.2231,62.431,85.701,397051.5240378568,0.007,0
2026-08-14T13:58:28Z,4.82,24.1924,15.39,3.08,0.1704,1.0152,2.1075,160.726,155.934501,5.2181,62.785,84.867,398039.22755251836,0.006,0
2026-08-14T13:58:28Z,4.822,24.0506,15.39,3.0877,0.1704,1.0152,2.1075,161.238,155.765327,5.2254,63.303,84.462,400008.52163727354,0.004,0
2026-08-14T13:58:28Z,4.823,23.8835,15.57,3.0915,0.1704,1.0152,1.8809,161.879,155.673509,5.2475,64.027,84.683,403064.742968672,0.002,0
2026-08-14T13:58:28Z,4.823,23.7007,15.57,3.08,0.1704,1.0152,1.8658,162.504,155.564393,5.284,64.973,85.348,406387.3533524927,0.001,0
2026-08-14T13:58:28Z,4.822,23.5084,15.57,3.0877,0.1704,1.0152,1.8205,163.025,155.41886,5.3336,66.141,86.637,409715.8738889973,0.001,0
2026-08-14T13:58:28Z,4.821,23.3027,15.57,3.0724,0.1704,1.0152,1.7752,163.453,155.286235,5.3989,67.547,86.449,413477.994191556,0.001,0
2026-08-14T13:58:28Z,4.822,23.0832,15.48,3.1563,0.213,0.8883,1.7903,163.783,155.133137,5.4838,69.172,85.496,417466.58331965934,0.003,0
2026-08-14T13:58:28Z,4.823,22.8644,15.48,3.1373,0.213,0.8883,1.7903,164.097,154.968826,5.5881,70.926,85.385,421415.5146343858,0.005,0
2026-08-14T13:58:28Z,4.825,22.6662,15.48,3.1449,0.213,0.8883,1.8205,164.525,154.871702,5.7102,72.661,84.885,425404.6668356032,0.007,0
2026-08-14T13:58:28Z,4.827,22.5001,15.48,3.1296,0.213,0.8883,1.7601,165.023,154.793802,5.8501,74.232,85.107,428812.87238192605,0.009,0
2026-08-14T13:58:28Z,4.829,22.3573,15.48,3.0381,0.213,0.8883,2.0773,165.478,154.634182,6.0072,75.538,85.478,431108.1506921115,0.011,0
2026-08-14T13:58:28Z,4.832,22.2168,15.39,3.0266,0.213,1.0152,2.1226,165.956,154.456449,6.1762,76.539,85.125,433235.65315940935,0.014,0
2026-08-14T13:58:28Z,4.836,22.0647,15.39,3.0343,0.213,1.0152,2.1075,166.517,154.335405,6.3457,77.239,84.37,436076.2533084494,0.016,0
2026-08-14T13:58:28Z,4.84,21.8992,15.39,3.0305,0.213,1.0152,2.0773,167.041,154.192657,6.5033,77.637,83.786,439116.9279913883,0.018,0
2026-08-14T13:58:28Z,4.845,21.7221,15.39,3.0762,0.213,1.0152,2.1377,167.443,153.96206,6.6399,77.734,83.477,441830.1212838305,0.02,0
2026-08-14T13:58:28Z,4.851,21.5342,15.48,3.08,0.1704,1.1421,2.0169,167.76,153.680277,6.752,77.576,82.575,444461.6792338189,0.021,0
2026-08-14T13:58:28Z,4.857,21.3412,15.48,3.0991,0.1704,1.1421,2.0169,167.979,153.344273,6.8389,77.22,81.647,446842.45487371203,0.02,0
2026-08-14T13:58:28Z,4.863,21.1527,15.48,3.0953,0.1704,1.1421,2.032,168.048,152.906502,6.8987,76.705,81.081,448361.70210919774,0.019,0
2026-08-14T13:58:28Z,4.868,20.9724,15.48,3.0266,0.1704,1.1421,1.8507,168.1,152.4726,6.9312,76.074,80.519,449709.1528874114,0.017,0
2026-08-14T13:58:28Z,4.872,20.8008,15.75,3.0152,0.213,1.0575,1.7752,168.186,152.099142,6.9399,75.382,81.099,451300.6576001617,0.015,0
2026-08-14T13:58:28Z,4.875,20.6404,15.75,3.0419,0.213,1.0575,1.8658,168.102,151.620405,6.9294,74.673,81.417,451802.9169634498,0.014,0
2026-08-14T13:58:28Z,4.878,20.4908,15.75,3.0381,0.213,1.0575,1.8356,167.839,151.022906,6.9031,73.981,81.205,451109.0332093794,0.012,0
2026-08-14T13:58:28Z,4.88,20.3474,15.75,3.1525,0.213,1.0575,1.8356,167.568,150.461835,6.8656,73.339,81.258,450526.3541404762,0.011,0
2026-08-14T13:58:28Z,4.883,20.2128,15.75,3.1602,0.213,1.0575,1.9111,167.323,149.979879,6.8212,72.762,80.642,450318.42884644563,0.01,0
2026-08-14T13:58:28Z,4.886,20.0925,15.75,3.1411,0.213,1.0575,1.8205,167.057,149.52864,6.7731,72.251,79.892,449970.1434514327,0.009,0
2026-08-14T13:58:28Z,4.889,19.985,15.75,3.1373,0.213,1.0575,1.7601,166.772,149.087941,6.7247,71.805,79.961,449364.4404698641,0.008,0
2026-08-14T13:58:28Z,4.891,19.8903,15.75,3.1067,0.213,1.0575,1.8507,166.492,148.664456,6.679,71.42,80.066,448553.15307569853,0.007,0
2026-08-14T13:58:28Z,4.892,19.812,15.75,3.08,0.213,1.0575,1.8809,166.132,148.179304,6.6369,71.093,79.736,446830.2700223635,0.006,0
2026-08-14T13:58:28Z,4.893,19.7483,15.84,3.0953,0.1704,0.9306,1.8507,165.705,147.635306,6.5988,70.837,80.118,444268.51151195477,0.004,0
2026-08-14T13:58:28Z,4.894,19.6927,15.84,3.0915,0.1704,0.9306,1.8507,165.419,147.215889,6.5654,70.686,79.736,442461.80177970923,0.003,0
2026-08-14T13:58:28Z,4.895,19.6407,15.84,3.2174,0.1704,0.9306,1.9111,165.138,146.809198,6.5371,70.652,79.718,440659.9414661486,0.002,0
2026-08-14T13:58:28Z,4.895,19.5913,15.84,3.2021,0.1704,0.9306,1.896,164.567,146.15254,6.5136,70.719,79.892,436864.4791976006,0.001,0
2026-08-14T13:58:28Z,4.896,19.5422,15.84,3.1869,0.1704,1.0998000000000001,1.9111,163.865,145.383265,6.4967,70.861,79.597,432209.80917763454,0,0
2026-08-14T13:58:28Z,4.896,19.4924,15.84,3.2097,0.1704,1.0998000000000001,1.8809,163.231,144.686796,6.4893,71.049,79.511,428146.79328220914,-0.001,0
2026-08-14T13:58:28Z,4.895,19.4449,15.84,3.0648,0.1704,1.0998000000000001,1.5486,162.699,144.095704,6.4924,71.227,79.321,424839.81182403414,-0.001,0
2026-08-14T13:58:28Z,4.895,19.3994,15.84,3.0953,0.1704,1.0998000000000001,1.6845,162.323,143.650625,6.5045,71.33,80.118,422596.6046471952,-0.001,0
2026-08-14T13:58:28Z,4.894,19.355,15.75,3.0877,0.213,1.0575,1.6241,161.879,143.146749,6.5235,71.317,81.046,419884.14041174395,0,0
2026-08-14T13:58:28Z,4.893,19.3141,15.75,3.0877,0.213,1.0575,1.4881,161.151,142.385611,6.5462,71.219,81.576,415156.1397488306,0.002,0
2026-08-14T13:58:28Z,4.894,19.2774,15.75,3.1716,0.213,1.0575,1.609,160.397,141.596794,6.5675,71.143,80.782,410143.69466042635,0.004,0
2026-08-14T13:58:28Z,4.896,19.2428,15.75,3.1296,0.213,1.0575,1.6543,159.788,140.946424,6.5815,71.228,80.066,406136.22796909657,0.007,0
2026-08-14T13:58:28Z,4.898,19.2085,15.75,3.1525,0.213,1.0575,1.5939,159.294,140.407236,6.5849,71.555,79.927,402960.3493465671,0.01,0
2026-08-14T13:58:28Z,4.901,19.172,15.84,3.1563,0.213,1.0575,1.6241,158.908,139.959587,6.5806,72.132,79.857,400520.6333250969,0.013,0
2026-08-14T13:58:28Z,4.905,19.1337,15.84,3.0991,0.213,1.0575,1.8507,158.468,139.458072,6.5787,72.952,79.892,397732.1285170869,0.016,0
2026-08-14T13:58:28Z,4.909,19.0986,15.84,3.0724,0.213,1.0575,1.8809,158.006,138.93313,6.5913,74.004,78.994,394704.32507584285,0.018,0
2026-08-14T13:58:28Z,4.914,19.0662,15.84,3.0724,0.213,1.0575,1.8356,157.566,138.428974,6.626,75.265,77.869,391774.5932416671,0.021,0
2026-08-14T13:58:28Z,4.92,19.0325,15.84,3.0877,0.1704,1.1421,1.8658,157.087,137.899239,6.6841,76.685,77.683,388697.77355145314,0.023,0
2026-08-14T13:58:28Z,4.926,18.9966,15.84,3.08,0.1704,1.1421,1.8809,156.71,137.468937,6.7651,78.218,77.145,386400.39768438623,0.024,0
2026-08-14T13:58:28Z,4.933,18.9592,15.84,2.9999,0.1704,1.1421,2.0773,156.264,136.9913,6.868,79.831,76.994,383799.72683368,0.026,0
2026-08-14T13:58:28Z,4.939,18.9221,15.84,3.0305,0.1704,1.1421,2.0773,155.693,136.407015,6.9902,81.475,76.928,380431.7046099826,0.026,0
2026-08-14T13:58:28Z,4.946,18.8875,15.93,3.0457,0.1704,0.9729,2.1075,155.325,135.980684,7.1271,83.078,74.622,378150.3845109294,0.027,0
2026-08-14T13:58:28Z,4.954,18.8559,15.93,3.0305,0.1704,0.9729,1.9866,155.082,135.63867,7.2742000000000004,84.541,74.009,376409.20816691546,0.027,0
2026-08-14T13:58:28Z,4.961,18.8283,15.93,3.0343,0.1704,0.9729,2.1075,154.781,135.225703,7.4285,85.719,73.496,374075.6246542736,0.026,0
2026-08-14T13:58:28Z,4.968,18.8013,15.93,3.019,0.1704,0.9729,2.0471,154.472,134.793804,7.5856,86.486,73.034,371600.1181754721,0.024,0
2026-08-14T13:58:28Z,4.974,18.7678,15.93,3.0343,0.1704,0.9729,2.1075,154.169,134.371922,7.7401,86.783,72.481,369344.712772515,0.022,0
2026-08-14T13:58:28Z,4.979,18.7261,16.2,2.9999,0.213,1.0575,2.0471,153.904,133.993676,7.8829,86.598,71.667,367581.01040047983,0.019,0
2026-08-14T13:58:28Z,4.984,18.6778,16.2,2.9503,0.213,1.0575,2.0773,153.707,133.684304,8.0006,85.974,71.542,366448.36697085376,0.015,0
2026-08-14T13:58:28Z,4.987,18.6254,16.2,2.9694,0.213,1.0575,2.1377,153.548,133.41735,8.0806,85.019,71.838,365703.45720240567,0.013,0
2026-08-14T13:58:28Z,4.99,18.5741,16.2,2.9618,0.213,1.0575,2.0773,153.409,133.185671,8.1165,83.856,72.135,365182.4491062294,0.01,0
2026-08-14T13:58:28Z,4.992,18.5263,16.29,2.9732,0.213,0.8883,2.0471,153.279,132.991534,8.1069,82.584,72.923,364849.500651515,0.009,0
2026-08-14T13:58:28Z,4.993,18.4817,16.29,3.019,0.213,0.8883,1.8356,153.159,132.835208,8.0557,81.289,73.161,364713.5101515338,0.009,0
2026-08-14T13:58:28Z,4.995,18.4401,16.29,3.0419,0.213,0.8883,1.9111,153.046,132.705028,7.9729,80.049,73.432,364696.815964082,0.009,0
2026-08-14T13:58:28Z,4.997,18.4041,16.29,2.9961,0.213,0.8883,1.9111,152.931,132.586297,7.8695,78.945,72.544,364639.08313213545,0.01,0
2026-08-14T13:58:28Z,5,18.3775,16.29,3.0419,0.2556,1.0152,1.8507,152.809,132.475373,7.7544,78.049,71.979,364431.8299819659,0.012,0
2026-08-14T13:58:28Z,5.003,18.3604,16.29,3.0953,0.2556,1.0152,1.8356,152.659,132.354687,7.6355,77.414,71.838,363948.5358954642,0.014,0
2026-08-14T13:58:28Z,5.007,18.35,16.29,3.1106,0.2556,1.0152,1.8658,152.488,132.226082,7.5207,77.045,71.729,363263.72437762027,0.016,0
2026-08-14T13:58:28Z,5.011,18.3439,16.29,3.1144,0.2556,1.0152,1.7752,152.334,132.11331,7.4179,76.908,71.791,362598.1729041976,0.019,0
2026-08-14T13:58:28Z,5.016,18.3423,16.29,3.0915,0.2556,0.9306,1.8054,152.194,132.01032,7.334,76.956,71.371,361904.9787013443,0.021,0
2026-08-14T13:58:28Z,5.022,18.3455,16.29,3.0953,0.2556,0.9306,2.0471,152.078,131.923672,7.2739,77.124,70.631,361224.2611591385,0.023,0
2026-08-14T13:58:28Z,5.028,18.3518,16.29,3.1182,0.2556,0.9306,2.0471,151.997,131.860285,7.2383,77.358,69.822,360641.55918870104,0.025,0
2026-08-14T13:58:28Z,5.035,18.3587,16.29,3.1067,0.2556,0.9306,2.1075,151.896,131.767229,7.2245,77.633,68.693,359837.92548733286,0.026,0
2026-08-14T13:58:28Z,5.042,18.3647,16.29,3.1106,0.2556,0.9306,1.9866,151.779,131.637704,7.2281,77.934,68.47,358798.79144504643,0.027,0
2026-08-14T13:58:28Z,5.05,18.3692,16.38,2.9542,0.213,1.0575,2.0924,151.702,131.515228,7.2433,78.259,68.47,357843.2307738034,0.028,0
2026-08-14T13:58:28Z,5.057,18.3716,16.38,2.958,0.213,1.0575,2.1075,151.647,131.391155,7.2649,78.607,68.143,356922.9943492422,0.029,0
2026-08-14T13:58:28Z,5.064,18.3698,16.38,2.9656,0.213,1.0575,2.032,151.598,131.25041,7.291,78.927,67.862,355977.0777657969,0.03,0
2026-08-14T13:58:28Z,5.072,18.3604,16.38,2.9542,0.213,1.0575,2.0018,151.562,131.089484,7.3207,79.14,67.612,355052.91655172734,0.031,0
2026-08-14T13:58:28Z,5.08,18.3422,16.47,2.8855,0.213,1.0575,2.0169,151.551,130.907489,7.354,79.208,66.693,354169.0952556369,0.031,0
2026-08-14T13:58:28Z,5.089,18.3169,16.47,2.9084,0.213,1.0575,2.1377,151.56,130.697918,7.3905,79.108,65.915,353243.66631619696,0.031,0
2026-08-14T13:58:28Z,5.097,18.2846,16.47,2.9084,0.213,1.0575,2.0169,151.535,130.420886,7.4254,78.82,65.558,351996.7044171798,0.031,0
2026-08-14T13:58:28Z,5.105,18.2418,16.47,2.9084,0.213,1.0575,2.0169,151.476,130.09257,7.452,78.391,64.877,350614.55164364964,0.029,0
2026-08-14T13:58:28Z,5.113,18.185,16.56,2.7291,0.213,0.9729,2.0471,151.426,129.769501,7.467,77.945,64.849,349561.9354088703,0.027,0
2026-08-14T13:58:28Z,5.12,18.113,16.56,2.6986,0.213,0.9729,2.0773,151.39,129.465584,7.4684,77.575,64.442,348958.6217019431,0.025,0
2026-08-14T13:58:28Z,5.126,18.0287,16.56,2.7291,0.213,0.9729,2.0924,151.393,129.209833,7.454,77.303,64.344,348945.4703039275,0.023,0
2026-08-14T13:58:28Z,5.131,17.9371,16.56,2.7215,0.213,0.9729,2.0622,151.412,129.002079,7.4274,77.107,64.554,349419.25353125547,0.021,0
2026-08-14T13:58:28Z,5.136,17.8447,16.56,2.71,0.213,0.9729,2.1075,151.391,128.806922,7.3991,76.947,64.554,349999.26956331375,0.02,0
2026-08-14T13:58:28Z,5.141,17.7547,16.56,2.7291,0.213,0.8883,2.0773,151.33,128.628348,7.3777,76.817,64.218,350646.86182458344,0.019,0
2026-08-14T13:58:28Z,5.145,17.6695,16.56,2.6986,0.213,0.8883,2.1226,151.241,128.476766,7.3648,76.682,64.274,351385.10248512606,0.019,0
2026-08-14T13:58:28Z,5.15,17.5956,16.56,2.7367,0.213,0.8883,2.0924,151.148,128.363785,7.3575,76.483,64.246,352158.4744860646,0.02,0
2026-08-14T13:58:28Z,5.154,17.537,16.56,2.7138,0.213,0.8883,1.8809,151.093,128.309306,7.3511,76.29,64.093,353022.6920652151,0.021,0
2026-08-14T13:58:28Z,5.16,17.4951,16.56,2.7405,0.213,0.7614,1.8809,151.046,128.272787,7.3452,76.281,64.051,353659.8672519521,0.023,0
2026-08-14T13:58:28Z,5.165,17.47,16.56,2.7138,0.213,0.7614,1.8205,150.925,128.170448,7.336,76.619,63.884,353470.2549275453,0.024,0
2026-08-14T13:58:28Z,5.172,17.4588,16.56,2.7138,0.213,0.7614,1.8809,150.751,128.011022,7.3187,77.362,63.732,352577.5393787116,0.025,0
2026-08-14T13:58:28Z,5.18,17.4562,16.56,2.6375,0.213,0.7614,2.1075,150.616,127.870062,7.3006,78.462,61.728,351633.2930533454,0.026,0
2026-08-14T13:58:28Z,5.187,17.4573,16.56,2.6566,0.213,0.7614,2.0773,150.523,127.756004,7.2997,79.802,61.688,350802.18162381276,0.025,0
2026-08-14T13:58:28Z,5.194,17.4575,16.56,2.6719,0.213,0.7614,2.1981,150.438,127.646434,7.332,81.16,61.34,350023.11756589304,0.024,0
2026-08-14T13:58:28Z,5.2,17.4535,16.56,2.6719,0.213,0.7614,2.0924,150.389,127.568164,7.4037,82.272,61.434,349555.0070931195,0.023,0
2026-08-14T13:58:28Z,5.205,17.4448,16.56,2.4773,0.213,0.7614,2.1377,150.388,127.536338,7.5105,83.025,61.581,349514.56157596945,0.022,0
2026-08-14T13:58:28Z,5.21,17.4333,16.47,2.4659,0.213,0.846,2.0622,150.421,127.544469,7.6406,83.482,61.354,349815.7682428401,0.023,0
2026-08-14T13:58:28Z,5.215,17.4208,16.47,2.4544,0.213,0.846,2.1075,150.461,127.572711,7.7726,83.741,61.541,350280.79626443604,0.024,0
2026-08-14T13:58:28Z,5.221,17.4086,16.47,2.4659,0.213,0.846,2.1075,150.45,127.566563,7.881,83.849,61.207,350496.51690506603,0.027,0
2026-08-14T13:58:28Z,5.228,17.3983,16.47,2.3018,0.213,0.846,2.4398,150.415,127.540395,7.9548,83.764,60.849,350530.18482930266,0.029,0
2026-08-14T13:58:28Z,5.237,17.3917,16.47,2.2789,0.213,0.846,2.4852,150.406,127.52525,7.9996,83.489,59.645,350563.25488878554,0.032,0
2026-08-14T13:58:28Z,5.246,17.3896,16.56,2.2751,0.213,0.7614,2.5305,150.374,127.475069,8.0248,83.13,59.077,350252.48239147,0.034,0
2026-08-14T13:58:28Z,5.255,17.3908,16.56,2.2789,0.213,0.7614,2.5154,150.315,127.382471,8.0349,82.718,58.515,349571.7285137024,0.034,0
2026-08-14T13:58:28Z,5.265,17.3918,16.56,2.0386,0.213,0.7614,2.9384,150.264,127.276793,8.0265,82.147,57.569,348803.67023224215,0.034,0
2026-08-14T13:58:28Z,5.274,17.3895,16.56,2.0615,0.213,0.7614,3.0743,150.209,127.153864,8.0005,81.326,57.009,347984.6832144147,0.032,0
2026-08-14T13:58:28Z,5.282,17.3818,16.56,2.0577,0.213,0.6768,3.029,150.153,127.014918,7.9674,80.315,56.848,347167.70928343834,0.03,0
2026-08-14T13:58:28Z,5.289,17.3676,16.56,2.0157,0.213,0.6768,2.9232,150.102,126.862921,7.9302,79.313,57.145,346396.4034805493,0.028,0
2026-08-14T13:58:28Z,5.296,17.347,16.56,2.0234,0.213,0.6768,3.0139,150.055,126.695355,7.8787,78.465,57.083,345650.42526929965,0.026,0
2026-08-14T13:58:28Z,5.302,17.3213,16.56,2.0234,0.213,0.6768,2.9988,150.018,126.52356,7.804,77.774,56.885,344981.7591415496,0.025,0
2026-08-14T13:58:28Z,5.308,17.291,16.56,2.0119,0.1704,0.6768,2.8628,149.975,126.347739,7.7119,77.209,56.774,344380.93273106,0.024,0
2026-08-14T13:58:28Z,5.314,17.2546,16.56,2.0424,0.1704,0.6768,2.8779,149.924,126.187032,7.6213,76.788,56.91,344013.43937441346,0.023,0
2026-08-14T13:58:28Z,5.32,17.212,16.56,1.97,0.1704,0.6768,3.0139,149.897,126.074614,7.5465,76.532,56.112,344114.58339823945,0.023,0
2026-08-14T13:58:28Z,5.326,17.1652,16.56,1.9928,0.1704,0.6768,2.9535,149.894,125.998515,7.4875,76.419,56.087,344559.63050381216,0.024,0
2026-08-14T13:58:28Z,5.332,17.1188,16.56,1.9814,0.1704,0.6768,2.9384,149.901,125.934439,7.4403,76.407,56.332,345082.1864319707,0.024,0
2026-08-14T13:58:28Z,5.338,17.0794,16.65,1.9852,0.1704,0.7191,2.9535,149.912,125.873299,7.4059,76.434,56.075,345479.3259727722,0.025,0
2026-08-14T13:58:28Z,5.344,17.0495,16.65,2.1721,0.1704,0.7191,3.4218,149.898,125.782782,7.3858,76.453,55.433,345468.83283361734,0.025,0
2026-08-14T13:58:28Z,5.351,17.025,16.65,2.1454,0.1704,0.7191,3.3764,149.847,125.648755,7.3787,76.474,55.517,345036.307453125,0.025,0
2026-08-14T13:58:28Z,5.357,17.0018,16.65,2.1759,0.1704,0.7191,3.4369,149.785,125.489497,7.3812,76.475,54.727,344397.6566526408,0.025,0
2026-08-14T13:58:28Z,5.364,16.9781,16.56,2.134,0.1704,0.7191,3.3613,149.733,125.318561,7.3875,76.386,54.312,343686.87947695126,0.025,0
2026-08-14T13:58:28Z,5.371,16.9519,16.56,1.9623,0.1704,0.7191,3.1347,149.731,125.176398,7.3934,76.203,54.194,343231.8173064723,0.025,0
2026-08-14T13:58:28Z,5.377,16.9216,16.56,1.9852,0.1704,0.7191,3.2254,149.765,125.07111,7.4001,75.968,53.749,343123.0651062283,0.024,0
2026-08-14T13:58:28Z,5.383,16.8858,16.56,1.9661,0.1704,0.7191,3.1952,149.778,124.96861,7.4057,75.69,53.725,343149.1888031355,0.023,0
2026-08-14T13:58:28Z,5.388,16.8432,16.56,1.9738,0.1704,0.7614,3.2254,149.778,124.877576,7.4036,75.408,53.446,343399.30408323294,0.022,0
2026-08-14T13:58:28Z,5.394,16.7964,16.56,2.0958,0.1704,0.7614,3.1952,149.786,124.811745,7.3932,75.168,53.307,343917.17437118175,0.021,0
2026-08-14T13:58:28Z,5.399,16.7518,16.56,2.0997,0.1704,0.7614,3.2103,149.796,124.765565,7.3772,74.971,53.099,344529.7492533258,0.02,0
2026-08-14T13:58:28Z,5.404,16.714,16.56,2.0806,0.1704,0.7614,3.2254,149.818,124.746728,7.356,74.815,52.777,345195.0313585781,0.02,0
2026-08-14T13:58:28Z,5.409,16.6836,16.56,2.092,0.1704,0.7191,3.1498,149.843,124.750208,7.3333,74.695,52.696,345864.48049905064,0.019,0
2026-08-14T13:58:28Z,5.414,16.6595,16.56,2.1149,0.1704,0.7191,3.1649,149.843,124.756924,7.3137,74.593,52.468,346424.6781997416,0.019,0
2026-08-14T13:58:28Z,5.419,16.6411,16.56,2.1073,0.1704,0.7191,3.2405,149.812,124.764665,7.2973,74.503,52.411,346871.86014016793,0.018,0
2026-08-14T13:58:28Z,5.423,16.6286,16.56,2.0691,0.1704,0.7191,3.1649,149.774,124.787503,7.2841,74.424,52.331,347302.15225547296,0.019,0
2026-08-14T13:58:28Z,5.428,16.6229,16.56,2.0882,0.1704,0.7191,3.1952,149.737,124.813524,7.2733,74.333,52.149,347610.5828452026,0.019,0
2026-08-14T13:58:28Z,5.432,16.6252,16.56,2.1149,0.1704,0.6345,3.4973,149.699,124.823662,7.263,74.215,52.025,347634.2351032351,0.02,0
2026-08-14T13:58:28Z,5.437,16.6366,16.56,2.0844,0.1704,0.6345,3.4369,149.67,124.824623,7.2525,74.093,51.912,347397.7314531866,0.022,0
2026-08-14T13:58:28Z,5.443,16.6548,16.56,2.0997,0.1704,0.6345,3.5124,149.631,124.808659,7.2421,74.014,51.029,346895.20622264984,0.023,0
2026-08-14T13:58:28Z,5.45,16.6737,16.56,2.0958,0.1704,0.6345,3.4067,149.558,124.759509,7.2304,74.019,50.84,346141.2398680839,0.025,0
2026-08-14T13:58:28Z,5.456,16.6877,16.56,2.0958,0.0852,0.6345,3.1801,149.462,124.676073,7.2168,74.119,50.631,345248.0053705959,0.028,0
2026-08-14T13:58:28Z,5.464,16.696,16.56,2.1111,0.0852,0.6345,3.1801,149.399,124.586125,7.2037,74.287,50.411,344430.8164563721,0.03,0
2026-08-14T13:58:28Z,5.471,16.7015,16.56,2.1035,0.0852,0.6345,3.2707,149.398,124.503692,7.1951,74.483,49.769,343727.64652242983,0.033,0
2026-08-14T13:58:28Z,5.48,16.7055,16.56,2.134,0.0852,0.6345,3.2254,149.434,124.424796,7.195,74.676,49.726,343082.2467697955,0.036,0
2026-08-14T13:58:28Z,5.49,16.7045,16.56,2.3858,0.1704,0.6345,3.4973,149.493,124.358402,7.2049,74.858,48.562,342631.562531355,0.038,0
2026-08-14T13:58:28Z,5.5,16.6918,16.56,2.4201,0.1704,0.6345,3.5124,149.538,124.280798,7.2233,75.005,47.59,342347.38051846664,0.04,0
2026-08-14T13:58:28Z,5.512,16.6646,16.56,2.4277,0.1704,0.6345,3.452,149.558,124.179289,7.2464,75.075,47.446,342197.94514061045,0.041,0
2026-08-14T13:58:28Z,5.523,16.6282,16.56,2.3934,0.1704,0.6345,3.5124,149.567,124.070818,7.2708,75.052,46.044,342192.109744202,0.04,0
2026-08-14T13:58:28Z,5.533,16.5896,16.56,2.4811,0.1704,0.6345,3.4369,149.565,123.964469,7.2944,74.96,45.845,342247.4407394285,0.039,0
2026-08-14T13:58:28Z,5.543,16.551,16.65,2.4926,0.1278,0.54990000000000006,3.4067,149.539,123.855886,7.3146,74.823,45.418,342286.7309405475,0.038,0
2026-08-14T13:58:28Z,5.552,16.5116,16.65,2.4735,0.1278,0.54990000000000006,3.4671,149.477,123.730116,7.3275,74.643,45.339,342220.16451298277,0.036,0
2026-08-14T13:58:28Z,5.561,16.4728,16.65,2.4773,0.1278,0.54990000000000006,3.4671,149.407,123.605638,7.3312,74.421,44.986,342149.80837192637,0.034,0
2026-08-14T13:58:28Z,5.569,16.4379,16.65,2.4964,0.1278,0.54990000000000006,3.7239,149.364,123.511276,7.3276,74.164,44.249,342211.9405248299,0.033,0
2026-08-14T13:58:28Z,5.577,16.4086,16.65,2.4582,0.1278,0.6345,3.6484,149.338,123.441874,7.3187,73.883,43.981,342334.2335770627,0.032,0
2026-08-14T13:58:28Z,5.585,16.3837,16.65,2.4735,0.1278,0.6345,3.6332,149.318,123.386924,7.305,73.609,43.79,342467.0457134639,0.031,0
2026-08-14T13:58:28Z,5.593,16.3614,16.65,2.4582,0.1278,0.6345,3.7692,149.314,123.347778,7.2866,73.368,43.392,342658.15518571134,0.031,0
2026-08-14T13:58:28Z,5.6,16.342,16.65,2.4086,0.1278,0.6345,3.6181,149.311,123.309995,7.2644,73.16,43.026,342797.85176375165,0.032,0
2026-08-14T13:58:28Z,5.608,16.3259,16.65,2.4086,0.1278,0.54990000000000006,3.6635,149.293,123.259498,7.2394,72.96,42.367,342776.6217944762,0.032,0
2026-08-14T13:58:28Z,5.617,16.3129,16.65,2.4125,0.1278,0.54990000000000006,3.6937,149.28,123.212828,7.2145,72.748,41.232,342717.1566026471,0.032,0
2026-08-14T13:58:28Z,5.625,16.3011,16.65,2.3934,0.1278,0.54990000000000006,3.6484,149.274,123.175546,7.1926,72.52,40.663,342699.56517361547,0.032,0
2026-08-14T13:58:28Z,5.634,16.2892,16.65,2.1569,0.1278,0.54990000000000006,3.5124,149.258,123.133706,7.174,72.283,40.311,342651.35933464544,0.031,0
2026-08-14T13:58:28Z,5.642,16.2771,16.74,2.1531,0.1704,0.5922,3.5124,149.237,123.090155,7.1563,72.053,39.556,342595.06435078045,0.031,0
2026-08-14T13:58:28Z,5.649,16.2652,16.74,2.1569,0.1704,0.5922,3.4067,149.222,123.055285,7.1373,71.84,39.307,342596.7893293712,0.03,0
2026-08-14T13:58:28Z,5.657,16.2543,16.74,2.1683,0.1704,0.5922,3.3613,149.228,123.039805,7.1166,71.649,38.68,342716.5346552552,0.029,0
2026-08-14T13:58:28Z,5.664,16.2446,16.74,2.0577,0.1704,0.5922,3.4822,149.254,123.043586,7.0948,71.497,38.354,342949.2989960521,0.028,0
2026-08-14T13:58:28Z,5.671,16.236,16.74,2.0272,0.1704,0.5922,3.4369,149.288,123.055633,7.0735,71.409,37.915,343218.3448541891,0.027,0
2026-08-14T13:58:28Z,5.678,16.2284,16.83,2.0501,0.1278,0.54990000000000006,3.452,149.328,123.075155,7.0537,71.395,37.595,343520.1619394896,0.026,0
2026-08-14T13:58:28Z,5.684,16.2217,16.83,2.0272,0.1278,0.54990000000000006,3.4973,149.359,123.089353,7.036,71.442,37.277,343764.76853707916,0.026,0
2026-08-14T13:58:28Z,5.691,16.2157,16.83,2.031,0.1278,0.54990000000000006,3.2103,149.346,123.07,7.0219,71.526,36.907,343753.00396594894,0.025,0
2026-08-14T13:58:28Z,5.697,16.2104,16.83,2.031,0.1278,0.54990000000000006,3.1347,149.294,123.01994,7.014,71.624,36.923,343505.24727208633,0.025,0
2026-08-14T13:58:28Z,5.703,16.2058,16.83,2.0386,0.1278,0.5076,3.2556,149.251,122.977839,7.0133,71.72,36.802,343299.9426757487,0.026,0
2026-08-14T13:58:28Z,5.709,16.2021,16.83,2.0234,0.1278,0.5076,3.1801,149.236,122.95848,7.0185,71.795,36.995,343239.203581947,0.027,0
2026-08-14T13:58:28Z,5.716,16.1991,16.83,2.0462,0.1278,0.5076,3.3009,149.231,122.944695,7.0272,71.839,37.237,343203.70699470537,0.029,0
2026-08-14T13:58:28Z,5.723,16.1967,16.83,1.989,0.1278,0.5076,3.4218,149.226,122.928808,7.0372,71.85,36.787,343140.33648262906,0.031,0
2026-08-14T13:58:28Z,5.732,16.1945,16.83,1.9585,0.1278,0.5076,3.3915,149.236,122.922586,7.047,71.833,36.373,343142.2723209557,0.032,0
2026-08-14T13:58:28Z,5.741,16.192,16.83,1.9852,0.1278,0.5076,3.452,149.257,122.924368,7.0548,71.793,36.051,343208.1894893911,0.033,0
2026-08-14T13:58:28Z,5.75,16.1888,16.83,1.9585,0.1278,0.5076,3.4822,149.267,122.918625,7.0596,71.744,35.661,343234.8178098667,0.033,0
2026-08-14T13:58:28Z,5.759,16.1848,16.83,1.6724,0.1278,0.5076,3.2103,149.261,122.903825,7.0613,71.705,35.499,343213.23780276865,0.031,0
2026-08-14T13:58:28Z,5.767,16.18,16.92,1.6762,0.1278,0.5922,3.2707,149.242,122.884021,7.0603,71.68,35.352,343172.61792315776,0.03,0
2026-08-14T13:58:28Z,5.774,16.1748,16.92,1.6648,0.1278,0.5922,3.2254,149.223,122.865939,7.0571,71.655,35.322,343152.884060077,0.028,0
2026-08-14T13:58:28Z,5.78,16.1702,16.92,1.6533,0.1278,0.5922,3.1649,149.199,122.840754,7.053,71.613,35.161,343069.2505296198,0.027,0
2026-08-14T13:58:28Z,5.786,16.167,16.92,1.6686,0.1278,0.5922,2.9988,149.154,122.793749,7.0496,71.56,34.97,342798.8113381122,0.026,0
2026-08-14T13:58:28Z,5.793,16.1656,16.92,1.6571,0.1278,0.5922,2.9384,149.114,122.7464,7.0474,71.506,34.495,342487.8122777039,0.026,0
2026-08-14T13:58:28Z,5.799,16.1648,16.83,1.6495,0.1278,0.5922,3.0894,149.119,122.734093,7.045,71.45,34.055,342416.2454464242,0.027,0
2026-08-14T13:58:28Z,5.806,16.1631,16.83,1.6571,0.1278,0.5922,2.9686,149.153,122.745544,7.0411,71.385,33.644,342534.66624927503,0.028,0
2026-08-14T13:58:28Z,5.813,16.1595,16.83,1.7907,0.1278,0.5922,3.1801,149.175,122.747795,7.0364,71.304,33.331,342627.2248366996,0.029,0
2026-08-14T13:58:28Z,5.821,16.1547,16.83,1.7983,0.1278,0.5922,3.2707,149.191,122.747446,7.0319,71.208,32.339,342726.56456553045,0.03,0
2026-08-14T13:58:28Z,5.829,16.1493,16.83,1.7868,0.1278,0.6768,3.3311,149.201,122.744404,7.0272,71.097,31.733,342819.28852522245,0.031,0
2026-08-14T13:58:28Z,5.837,16.1438,16.83,1.7716,0.1278,0.6768,3.1801,149.196,122.727855,7.0216,70.975,31.858,342816.8916112092,0.032,0
2026-08-14T13:58:28Z,5.845,16.1384,16.83,1.7907,0.1278,0.6768,3.4218,149.171,122.691385,7.0145,70.851,31.795,342668.90267130005,0.032,0
2026-08-14T13:58:28Z,5.853,16.1339,16.83,1.7983,0.1278,0.6768,3.4067,149.111,122.621266,7.0057,70.737,31.418,342259.61626119877,0.033,0
2026-08-14T13:58:28Z,5.861,16.13,16.83,1.7754,0.1278,0.54990000000000006,3.3764,149.047,122.544813,6.9953,70.642,30.756,341792.2806134172,0.034,0
2026-08-14T13:58:28Z,5.87,16.126,16.83,1.8021,0.1278,0.54990000000000006,3.452,149.025,122.503658,6.9839,70.577,29.776,341581.0526751479,0.035,0
2026-08-14T13:58:28Z,5.88,16.1206,16.83,1.8288,0.1278,0.54990000000000006,2.9837,149.043,122.498828,6.9726,70.533,28.796,341660.61901975184,0.035,0
2026-08-14T13:58:28Z,5.889,16.1134,16.83,1.7945,0.1278,0.54990000000000006,2.9384,149.076,122.509027,6.9623,70.491,28.128,341886.45603885467,0.036,0
2026-08-14T13:58:28Z,5.898,16.1054,16.83,1.7792,0.1278,0.54990000000000006,2.9686,149.103,122.514969,6.9542,70.451,27.661,342098.7705153078,0.036,0
2026-08-14T13:58:28Z,5.907,16.0977,16.83,1.7945,0.1704,0.6345,2.9535,149.115,122.508236,6.9489,70.425,26.908,342213.5806518779,0.037,0
2026-08-14T13:58:28Z,5.916,16.0911,16.83,1.6571,0.1704,0.6345,3.0441,149.119,122.495032,6.9455,70.428,26.176,342258.48782666825,0.038,0
2026-08-14T13:58:28Z,5.926,16.0855,16.83,1.6724,0.1704,0.6345,3.0139,149.112,122.471837,6.9422,70.464,25.469,342210.20432530605,0.04,0
2026-08-14T13:58:28Z,5.936,16.0802,16.83,1.68,0.1704,0.6345,2.9232,149.082,122.430464,6.9391,70.528,24.551,342024.59763943614,0.042,0
2026-08-14T13:58:28Z,5.948,16.0747,16.83,1.68,0.1278,0.54990000000000006,2.9837,149.032,122.373883,6.9373,70.609,24.291,341733.734139111,0.044,0
2026-08-14T13:58:28Z,5.959,16.069,16.83,1.8021,0.1278,0.54990000000000006,3.1952,148.985,122.319016,6.9385,70.695,24.138,341459.50997185614,0.045,0
2026-08-14T13:58:28Z,5.971,16.0633,16.83,1.7868,0.1278,0.54990000000000006,3.1498,148.975,122.295243,6.9429,70.769,23.743,341409.0965773228,0.045,0
2026-08-14T13:58:28Z,5.983,16.0578,16.83,1.764,0.1278,0.54990000000000006,3.1801,148.997,122.300226,6.95,70.802,23.578,341561.4545568603,0.044,0
2026-08-14T13:58:28Z,5.995,16.0523,16.83,1.7754,0.1704,0.54990000000000006,3.1801,149.022,122.311285,6.9588,70.773,23.41,341757.6605682313,0.043,0
2026-08-14T13:58:28Z,6.006,16.0469,16.83,1.8708,0.1704,0.54990000000000006,2.6664,149.052,122.331369,6.9681,70.677,23.522,342016.9133072785,0.04,0
2026-08-14T13:58:28Z,6.016,16.0417,16.83,1.8555,0.1704,0.54990000000000006,2.7571,149.082,122.35383,6.976,70.54,23.986,342289.2475715889,0.038,0
2026-08-14T13:58:28Z,6.025,16.0372,16.83,1.8479,0.1704,0.54990000000000006,2.7571,149.079,122.348648,6.98,70.399,24.418,342347.4410583119,0.036,0
2026-08-14T13:58:28Z,6.033,16.0341,16.83,1.8593,0.1278,0.4653,2.6966,149.035,122.306438,6.9776,70.278,24.851,342108.8045593333,0.035,0
2026-08-14T13:58:28Z,6.041,16.0326,16.83,1.6457,0.1278,0.4653,2.6211,148.976,122.247953,6.9684,70.183,24.97,341718.9848557477,0.035,0
2026-08-14T13:58:28Z,6.05,16.0319,16.83,1.577,0.1278,0.4653,2.7571,148.936,122.201611,6.9549,70.116,24.338,341399.9229440043,0.036,0
2026-08-14T13:58:28Z,6.059,16.031,16.83,1.6266,0.1278,0.4653,2.6664,148.926,122.17906,6.9412,70.073,23.374,341256.5657599926,0.037,0
2026-08-14T13:58:28Z,6.069,16.029,16.83,1.6152,0.1278,0.4653,2.8175,148.942,122.178287,6.9295,70.044,22.946,341293.35071104334,0.037,0
2026-08-14T13:58:28Z,6.079,16.0256,16.83,1.8402,0.1278,0.6345,2.742,148.978,122.195082,6.9207,70.014,21.918,341486.3646469941,0.037,0
2026-08-14T13:58:28Z,6.09,16.0211,16.83,1.867,0.1278,0.6345,2.6664,149.003,122.205917,6.9147,69.969,20.759,341659.839823963,0.035,0
2026-08-14T13:58:28Z,6.099,16.0162,16.83,1.867,0.1278,0.6345,2.6966,148.995,122.193675,6.9112,69.904,20.304,341675.4962671163,0.032,0
2026-08-14T13:58:28Z,6.107,16.0115,16.83,1.8593,0.1278,0.6345,2.7269,148.972,122.171094,6.9091,69.821,20.242,341612.36940044316,0.029,0
2026-08-14T13:58:28Z,6.114,16.0073,16.83,1.5427,0.1278,0.4653,2.4701,148.942,122.144158,6.9068,69.729,20.216,341507.23620354716,0.026,0
2026-08-14T13:58:28Z,6.119,16.0042,16.83,1.5351,0.1278,0.4653,2.4701,148.89,122.101682,6.9028,69.633,20.019,341266.7896287349,0.022,0
2026-08-14T13:58:28Z,6.124,16.0021,16.83,1.5503,0.1278,0.4653,2.5305,148.835,122.058346,6.8966,69.541,20.216,340999.0427412947,0.019,0
2026-08-14T13:58:28Z,6.129,16.0008,16.83,1.5503,0.1278,0.4653,2.5003,148.828,122.05461,6.8886,69.459,20.419,340999.65190945496,0.017,0
2026-08-14T13:58:28Z,6.132,16.0001,16.83,1.6686,0.1704,0.5922,2.9081,148.869,122.091477,6.8796,69.393,20.584,341280.10988450557,0.016,0
2026-08-14T13:58:28Z,6.136,16.0002,16.83,1.6571,0.1704,0.5922,2.9232,148.909,122.128764,6.8701,69.346,20.673,341546.7821593868,0.015,0
2026-08-14T13:58:28Z,6.14,16.0008,16.83,1.6495,0.1704,0.5922,2.9384,148.91,122.136403,6.8609,69.331,20.745,341589.1397034489,0.015,0
2026-08-14T13:58:28Z,6.143,16.0015,16.83,1.68,0.1704,0.5922,2.9988,148.883,122.122434,6.8528,69.359,20.602,341473.57723686384,0.016,0
2026-08-14T13:58:28Z,6.147,16.0024,16.83,1.8479,0.1704,0.5922,2.9535,148.847,122.099137,6.8461,69.441,20.463,341286.5758973141,0.017,0
2026-08-14T13:58:28Z,6.151,16.0039,16.83,1.8631,0.1278,0.423,3.0139,148.812,122.074303,6.8414,69.572,20.273,341075.8671385021,0.018,0
2026-08-14T13:58:28Z,6.156,16.0063,16.83,1.8364,0.1278,0.423,2.9535,148.79,122.059316,6.8395,69.735,20.194,340917.1150029709,0.02,0
2026-08-14T13:58:28Z,6.161,16.0091,16.83,1.8555,0.1278,0.423,3.0743,148.782,122.054181,6.8419,69.907,19.989,340820.89006210485,0.023,0
2026-08-14T13:58:28Z,6.167,16.0112,16.83,1.928,0.1278,0.423,2.9686,148.786,122.057527,6.8496,70.069,20.037,340800.54918274406,0.026,0
2026-08-14T13:58:28Z,6.174,16.0125,16.92,1.9127,0.1278,0.3807,2.893,148.799,122.070247,6.8623,70.206,19.529,340864.6169756382,0.028,0
2026-08-14T13:58:28Z,6.182,16.0134,16.92,1.8822,0.1278,0.3807,2.9837,148.829,122.097733,6.8783,70.308,19.264,341043.4819701181,0.03,0
2026-08-14T13:58:28Z,6.19,16.0139,16.92,1.9204,0.1278,0.3807,2.9837,148.872,122.135312,6.8952,70.366,18.768,341303.5831689722,0.032,0
2026-08-14T13:58:28Z,6.199,16.0141,16.92,1.9165,0.1278,0.3807,2.9535,148.895,122.156994,6.9111,70.371,18.257,341455.58002758306,0.032,0
2026-08-14T13:58:28Z,6.208,16.0146,16.92,1.8937,0.1704,0.423,2.9232,148.894,122.160559,6.9245,70.318,17.884,341470.67209379055,0.032,0
2026-08-14T13:58:28Z,6.216,16.0156,16.92,1.9318,0.1704,0.423,3.0441,148.897,122.168963,6.9345,70.213,17.424,341510.041347388,0.031,0
2026-08-14T13:58:28Z,6.224,16.0165,16.92,1.9318,0.1704,0.423,3.0592,148.9,122.174447,6.9402,70.073,17.217,341530.48523220216,0.03,0
2026-08-14T13:58:28Z,6.231,16.0175,16.92,1.8937,0.1704,0.423,2.7269,148.876,122.156467,6.9405,69.917,17.068,341379.7188596314,0.029,0
2026-08-14T13:58:28Z,6.238,16.019,16.92,1.9509,0.1278,0.6768,2.742,148.837,122.124231,6.935,69.761,16.894,341115.7354472332,0.028,0
2026-08-14T13:58:28Z,6.245,16.0207,16.92,1.9242,0.1278,0.6768,2.7269,148.797,122.087148,6.9244,69.616,16.477,340812.77838334115,0.027,0
2026-08-14T13:58:28Z,6.252,16.022,16.92,1.8937,0.1278,0.6768,2.7571,148.764,122.051334,6.9104,69.497,16.243,340527.5918246128,0.026,0
2026-08-14T13:58:28Z,6.259,16.0225,16.92,2.0157,0.1278,0.6768,2.8175,148.764,122.039247,6.8949,69.422,16.12,340430.08407643955,0.025,0
2026-08-14T13:58:28Z,6.265,16.0223,16.92,2.0424,0.1278,0.6768,2.7571,148.778,122.037661,6.8795,69.407,16.186,340422.9005574961,0.024,0
2026-08-14T13:58:28Z,6.271,16.0209,16.83,2.0234,0.1704,0.5922,2.8175,148.777,122.026145,6.8654,69.456,16.356,340369.6529294436,0.023,0
2026-08-14T13:58:28Z,6.276,16.018,16.83,2.0424,0.1704,0.5922,2.5758,148.776,122.017634,6.8541,69.551,16.56,340369.70322127943,0.023,0
2026-08-14T13:58:28Z,6.281,16.0139,16.83,1.9089,0.1704,0.5922,2.7269,148.796,122.027863,6.8474,69.665,16.781,340529.9222316847,0.023,0
2026-08-14T13:58:28Z,6.287,16.0095,16.83,1.9356,0.1704,0.5922,2.8024,148.824,122.045554,6.8465,69.772,17.057,340750.27404585946,0.024,0
2026-08-14T13:58:28Z,6.293,16.0058,16.83,1.9089,0.1704,0.4653,2.7118,148.827,122.039416,6.8518,69.853,17.337,340784.3533392824,0.026,0
2026-08-14T13:58:28Z,6.3,16.0032,16.83,1.9051,0.1704,0.4653,2.7873,148.83,122.027818,6.8616,69.894,17.439,340755.8526244421,0.028,0
2026-08-14T13:58:28Z,6.307,16.0014,16.83,2.0424,0.1704,0.4653,2.5154,148.865,122.033674,6.8731,69.889,17.341,340836.0990217349,0.03,0
2026-08-14T13:58:28Z,6.316,15.9994,16.83,2.0234,0.1704,0.4653,2.4398,148.894,122.024535,6.884,69.841,17.131,340812.60512146255,0.032,0
2026-08-14T13:58:28Z,6.325,15.9966,16.83,2.0234,0.1278,0.5076,2.4398,148.889,121.981958,6.8924,69.756,17.038,340565.2834711782,0.033,0
2026-08-14T13:58:28Z,6.333,15.9918,16.83,2.0577,0.1278,0.5076,2.5305,148.874,121.930598,6.8971,69.639,16.854,340297.09680839186,0.034,0
2026-08-14T13:58:28Z,6.342,15.9841,16.83,2.0348,0.1278,0.5076,2.2737,148.871,121.894766,6.8977,69.501,16.524,340201.9414939545,0.035,0
2026-08-14T13:58:28Z,6.351,15.9732,16.83,2.0424,0.1278,0.5076,2.1679,148.879,121.880911,6.8946,69.362,15.977,340332.56412602216,0.034,0
2026-08-14T13:58:28Z,6.36,15.9603,16.83,2.0462,0.1278,0.5076,2.2888,148.883,121.877333,6.8881,69.239,15.451,340579.6145060611,0.033,0
2026-08-14T13:58:28Z,6.369,15.9471,16.83,2.0462,0.1278,0.5922,2.2435,148.871,121.871077,6.8785,69.137,14.823,340813.94802692794,0.032,0
2026-08-14T13:58:28Z,6.377,15.936,16.83,2.0195,0.1278,0.5922,2.2132,148.863,121.872477,6.8664,69.059,14.233,341059.230689418,0.031,0
2026-08-14T13:58:28Z,6.384,15.929,16.83,2.0577,0.1278,0.5922,2.2435,148.85,121.871904,6.8537,69.008,13.966,341203.5168650472,0.029,0
2026-08-14T13:58:28Z,6.391,15.9268,16.83,2.0462,0.1278,0.5922,2.2888,148.823,121.859205,6.8419,68.981,13.486,341158.5044999992,0.028,0
2026-08-14T13:58:28Z,6.398,15.928,16.92,2.0501,0.1278,0.6345,2.2737,148.804,121.848997,6.8317,68.961,13.236,341059.3797062817,0.028,0
2026-08-14T13:58:28Z,6.405,15.9307,16.92,1.9432,0.1278,0.6345,2.2435,148.788,121.832559,6.8236,68.93,12.879,340883.5426639404,0.028,0
2026-08-14T13:58:28Z,6.412,15.9339,16.92,1.8937,0.1278,0.6345,2.319,148.77,121.801506,6.8181,68.875,12.706,340591.8138801495,0.028,0
2026-08-14T13:58:28Z,6.419,15.9371,16.92,1.9547,0.1278,0.6345,2.2132,148.779,121.783566,6.8149,68.804,12.673,340394.7748064279,0.029,0
2026-08-14T13:58:28Z,6.426,15.9388,16.83,1.9356,0.1278,0.54990000000000006,2.319,148.82,121.791956,6.8127,68.74,12.504,340419.27031413635,0.029,0
2026-08-14T13:58:28Z,6.434,15.9377,16.83,1.9738,0.1278,0.54990000000000006,2.3341,148.843,121.794904,6.8098,68.687,12.425,340463.78795019037,0.029,0
2026-08-14T13:58:28Z,6.442,15.9325,16.83,1.9623,0.1278,0.54990000000000006,2.2586,148.837,121.783193,6.8051,68.639,12.823,340489.4116406035,0.029,0
2026-08-14T13:58:28Z,6.449,15.9239,16.83,1.9661,0.1278,0.54990000000000006,2.2283,148.823,121.767703,6.7994,68.595,13.317,340559.7635611281,0.029,0
2026-08-14T13:58:28Z,6.456,15.9156,16.92,1.9661,0.1704,0.4653,2.2737,148.801,121.740305,6.7942,68.562,13.824,340537.89817174384,0.03,0
2026-08-14T13:58:28Z,6.463,15.9102,16.92,1.9852,0.1704,0.4653,2.2737,148.772,121.693692,6.7898,68.534,14.432,340316.05016218784,0.031,0
2026-08-14T13:58:28Z,6.471,15.9078,16.92,1.9661,0.1704,0.4653,2.2132,148.754,121.639441,6.7855,68.509,15.017,339975.7432844239,0.032,0
2026-08-14T13:58:28Z,6.479,15.9064,16.92,2.0005,0.1704,0.4653,2.3643,148.753,121.59109,6.7813,68.497,15.204,339656.9782785614,0.034,0
2026-08-14T13:58:28Z,6.489,15.9034,16.92,1.9776,0.1704,0.4653,2.2586,148.763,121.557748,6.7784,68.49,15.515,339480.20384503447,0.035,0
2026-08-14T13:58:28Z,6.498,15.8956,16.92,1.97,0.1278,0.5922,2.4701,148.767,121.53252,6.7768,68.462,15.742,339463.19416405505,0.036,0
2026-08-14T13:58:28Z,6.508,15.8822,16.92,1.9776,0.1278,0.5922,2.5456,148.743,121.496675,6.7762,68.409,15.973,339487.93772721913,0.036,0
2026-08-14T13:58:28Z,6.518,15.8664,16.92,1.9928,0.1278,0.5922,2.5305,148.718,121.470662,6.7774,68.332,15.914,339634.2515594122,0.036,0
2026-08-14T13:58:28Z,6.527,15.8525,16.92,1.9432,0.1278,0.5922,2.5607,148.738,121.485554,6.7786,68.232,15.695,340035.63021154347,0.035,0
2026-08-14T13:58:28Z,6.536,15.8427,16.92,1.8135,0.1278,0.54990000000000006,2.0924,148.786,121.523318,6.7772,68.111,15.532,340515.88528367016,0.034,0
2026-08-14T13:58:28Z,6.544,15.8374,16.92,1.7983,0.1278,0.54990000000000006,2.032,148.813,121.542011,6.7728,67.963,15.424,340763.36688546365,0.032,0
2026-08-14T13:58:28Z,6.552,15.8354,16.92,1.7716,0.1278,0.54990000000000006,2.0924,148.802,121.528612,6.7655,67.79,15.089,340708.92989520053,0.031,0
2026-08-14T13:58:28Z,6.56,15.8349,16.92,1.7868,0.1278,0.54990000000000006,2.0773,148.764,121.491551,6.7556,67.613,14.813,340451.68555302813,0.029,0
2026-08-14T13:58:28Z,6.567,15.8344,16.92,1.8135,0.1278,0.4653,2.0773,148.722,121.448954,6.7437,67.452,14.679,340154.57285524433,0.028,0
2026-08-14T13:58:28Z,6.574,15.8334,16.92,1.8021,0.1278,0.4653,2.0773,148.7,121.423468,6.7292,67.317,14.583,339991.71490706597,0.027,0
2026-08-14T13:58:28Z,6.581,15.8319,16.92,1.7945,0.1278,0.4653,2.0924,148.7,121.4183,6.7123,67.209,14.332,339986.1514448339,0.026,0
2026-08-14T13:58:28Z,6.588,15.8297,16.92,1.8135,0.1278,0.4653,2.1226,148.705,121.418067,6.695,67.131,14.27,340031.03980197577,0.024,0
2026-08-14T13:58:28Z,6.594,15.8269,16.92,1.722,0.1278,0.4653,2.2132,148.703,121.412704,6.6795,67.09,14.242,340051.592576718,0.023,0
2026-08-14T13:58:28Z,6.599,15.8245,16.92,1.7296,0.1704,0.6345,2.1679,148.694,121.402783,6.6665,67.089,14.239,340030.75925918046,0.022,0
2026-08-14T13:58:28Z,6.604,15.8227,16.92,1.7258,0.1704,0.6345,2.3643,148.678,121.387658,6.656,67.125,14.298,339959.63975787885,0.021,0
2026-08-14T13:58:28Z,6.609,15.8213,16.92,1.7296,0.1704,0.6345,2.1981,148.637,121.353293,6.6485,67.177,14.323,339741.1525954184,0.02,0
2026-08-14T13:58:28Z,6.614,15.8201,16.92,1.7792,0.1704,0.6345,2.183,148.59,121.314529,6.6446,67.227,14.31,339486.7648986004,0.02,0
2026-08-14T13:58:28Z,6.619,15.8191,16.92,1.783,0.1278,0.54990000000000006,2.2435,148.583,121.309042,6.6447,67.255,14.376,339468.3116962493,0.02,0
2026-08-14T13:58:28Z,6.624,15.8185,16.92,1.7792,0.1278,0.54990000000000006,2.2737,148.602,121.325365,6.6483,67.247,14.488,339598.78950382717,0.021,0
2026-08-14T13:58:28Z,6.629,15.8183,16.92,1.7945,0.1278,0.54990000000000006,2.319,148.618,121.339846,6.6536,67.202,14.466,339707.54211046605,0.021,0
2026-08-14T13:58:28Z,6.635,15.8182,16.92,1.7373,0.1278,0.54990000000000006,2.2435,148.627,121.348344,6.6585,67.138,14.413,339771.0043864008,0.021,0
2026-08-14T13:58:28Z,6.64,15.8182,16.92,1.722,0.1704,0.54990000000000006,2.2435,148.619,121.343122,6.6613,67.08,14.46,339733.30264767,0.022,0
2026-08-14T13:58:28Z,6.646,15.8185,16.92,1.7296,0.1704,0.54990000000000006,2.2132,148.599,121.328789,6.6605,67.047,14.504,339623.49357225635,0.022,0
2026-08-14T13:58:28Z,6.651,15.819,16.92,1.7449,0.1704,0.54990000000000006,2.1377,148.611,121.339534,6.6559,67.055,14.432,339690.473229786,0.022,0
2026-08-14T13:58:28Z,6.657,15.8193,16.92,1.6648,0.1704,0.54990000000000006,2.0773,148.666,121.382221,6.6495,67.108,14.351,339992.33640002745,0.022,0
2026-08-14T13:58:28Z,6.662,15.8198,16.92,1.6686,0.1704,0.7191,2.1226,148.703,121.40822,6.6437,67.195,14.316,340169.5459716114,0.022,0
2026-08-14T13:58:28Z,6.668,15.8205,16.92,1.6495,0.1704,0.7191,2.1528,148.684,121.386453,6.6404,67.298,14.313,339997.48975167307,0.022,0
2026-08-14T13:58:28Z,6.673,15.8208,16.92,1.6533,0.1704,0.7191,2.1528,148.651,121.349126,6.6411,67.398,14.285,339721.62628043053,0.023,0
2026-08-14T13:58:28Z,6.679,15.8201,16.92,1.6686,0.1704,0.7191,2.2888,148.652,121.334297,6.6464,67.478,14.285,339629.39565628004,0.024,0
2026-08-14T13:58:28Z,6.685,15.8187,16.92,1.7144,0.1704,0.7191,2.2586,148.67,121.326009,6.6552,67.538,14.116,339599.1845613678,0.025,0
2026-08-14T13:58:28Z,6.692,15.8166,16.92,1.7144,0.1704,0.54990000000000006,2.2435,148.674,121.300043,6.6658,67.581,14.006,339456.2007078927,0.026,0
2026-08-14T13:58:28Z,6.699,15.8132,16.92,1.7144,0.1704,0.54990000000000006,2.2888,148.664,121.259478,6.6761,67.615,14.006,339235.3906750902,0.027,0
2026-08-14T13:58:28Z,6.706,15.8079,16.92,1.7525,0.1704,0.54990000000000006,2.2132,148.651,121.215501,6.6849,67.643,13.86,339030.14401179843,0.028,0
2026-08-14T13:58:28Z,6.714,15.8,16.92,1.5999,0.1704,0.54990000000000006,2.2737,148.64,121.176386,6.6919,67.666,13.794,338914.8572898604,0.028,0
2026-08-14T13:58:28Z,6.721,15.7901,16.92,1.6228,0.1704,0.6345,2.3945,148.641,121.151706,6.6976,67.678,13.636,338945.88082127954,0.028,0
2026-08-14T13:58:28Z,6.729,15.7792,16.92,1.5999,0.1704,0.6345,2.2586,148.668,121.154884,6.7025,67.662,13.495,339199.10060046543,0.028,0
2026-08-14T13:58:28Z,6.736,15.768,16.92,1.6152,0.1704,0.6345,2.2737,148.712,121.178766,6.7069,67.6,13.384,339608.4940636049,0.027,0
2026-08-14T13:58:28Z,6.743,15.7577,16.92,1.6075,0.1704,0.6345,2.3039,148.747,121.19771,6.7107,67.483,13.331,339963.60157163144,0.027,0
2026-08-14T13:58:28Z,6.749,15.7492,16.92,1.6075,0.1704,0.6768,2.1679,148.769,121.204768,6.713,67.315,13.23,340194.8774190911,0.028,0
2026-08-14T13:58:28Z,6.755,15.7431,16.92,1.5847,0.1704,0.6768,2.2283,148.787,121.205821,6.7123,67.118,13.15,340331.9134673858,0.028,0
2026-08-14T13:58:28Z,6.762,15.7389,16.92,1.577,0.1704,0.6768,2.2737,148.786,121.189148,6.7068,66.918,12.966,340300.3201089773,0.03,0
2026-08-14T13:58:28Z,6.77,15.7357,16.92,1.5885,0.1704,0.6768,2.6211,148.766,121.158302,6.6956,66.732,12.528,340144.8911759437,0.031,0
2026-08-14T13:58:28Z,6.779,15.7322,16.92,1.5808,0.1704,0.6768,2.5607,148.763,121.145067,6.6794,66.571,12.055,340123.3184459445,0.033,0
2026-08-14T13:58:28Z,6.788,15.7276,16.92,1.6114,0.1278,0.5076,2.5607,148.779,121.149914,6.6606,66.438,11.727,340256.0083567047,0.035,0
2026-08-14T13:58:28Z,6.797,15.7222,16.92,1.5923,0.1278,0.5076,2.4398,148.785,121.146129,6.6414,66.325,11.646,340343.2087825373,0.037,0
2026-08-14T13:58:28Z,6.806,15.7173,16.92,1.6075,0.1278,0.5076,2.3039,148.768,121.1207,6.6237,66.217,11.508,340263.0143893544,0.039,0
2026-08-14T13:58:28Z,6.816,15.7137,16.92,1.5999,0.1278,0.5076,2.3039,148.733,121.078849,6.6082,66.11,11.165,340036.28632698674,0.04,0
2026-08-14T13:58:28Z,6.827,15.711,16.92,1.6304,0.1278,0.4653,2.319,148.688,121.029418,6.5954,66.003,10.653,339735.66140854656,0.042,0
2026-08-14T13:58:28Z,6.838,15.708,16.92,1.5847,0.1278,0.4653,2.1679,148.652,120.989232,6.5846,65.897,10.207,339508.40050678403,0.043,0
2026-08-14T13:58:28Z,6.85,15.7041,16.92,1.8593,0.1278,0.4653,2.3643,148.651,120.981582,6.5744,65.802,9.7346,339535.6553149734,0.043,0
2026-08-14T13:58:28Z,6.861,15.6996,16.92,1.8784,0.1278,0.4653,2.2586,148.663,120.986425,6.5644,65.73,9.6065,339666.05947984545,0.043,0
2026-08-14T13:58:28Z,6.872,15.6952,16.92,1.8593,0.1704,0.5076,2.2586,148.647,120.967043,6.5544,65.683,9.5295,339618.99786399165,0.043,0
2026-08-14T13:58:28Z,6.883,15.6917,16.92,1.8517,0.1704,0.5076,2.2586,148.616,120.934271,6.5444,65.658,9.5171,339455.9303286198,0.043,0
2026-08-14T13:58:28Z,6.894,15.6893,16.92,1.9776,0.1704,0.5076,2.7571,148.594,120.907377,6.5353,65.654,9.3836,339312.1231303904,0.043,0
2026-08-14T13:58:28Z,6.905,15.6876,16.92,1.9738,0.1704,0.5076,2.8175,148.576,120.885188,6.5284,65.666,9.168,339187.55777929805,0.043,0
2026-08-14T13:58:28Z,6.916,15.6857,16.92,1.9852,0.1704,0.54990000000000006,2.7269,148.562,120.867789,6.524,65.691,9.158,339101.89341671934,0.042,0
2026-08-14T13:58:28Z,6.927,15.6831,16.92,1.9509,0.1704,0.54990000000000006,2.7118,148.565,120.866543,6.5219,65.719,9.2802,339147.90727180353,0.041,0
2026-08-14T13:58:28Z,6.938,15.6801,16.92,2.092,0.1704,0.54990000000000006,3.4369,148.597,120.889119,6.5218,65.744,9.4532,339374.81742911815,0.039,0
2026-08-14T13:58:28Z,6.948,15.6774,16.92,2.1073,0.1704,0.54990000000000006,3.5275,148.637,120.919534,6.5234,65.773,9.4841,339652.2677024777,0.037,0
2026-08-14T13:58:28Z,6.957,15.6755,16.92,2.092,0.1704,0.54990000000000006,3.3764,148.662,120.939892,6.5262,65.826,9.5295,339840.0412022015,0.035,0
2026-08-14T13:58:28Z,6.965,15.6741,16.92,2.1225,0.1278,0.54990000000000006,3.4218,148.664,120.943619,6.5292,65.917,9.5648,339896.74769206403,0.032,0
2026-08-14T13:58:28Z,6.973,15.673,16.92,1.9661,0.1278,0.54990000000000006,3.1801,148.656,120.93971,6.5318,66.045,9.6065,339891.75751298637,0.03,0
2026-08-14T13:58:28Z,6.98,15.6723,16.92,1.97,0.1278,0.54990000000000006,3.1196,148.664,120.947129,6.5348,66.205,9.6106,339960.3779728371,0.029,0
2026-08-14T13:58:28Z,6.987,15.6724,16.92,2.0195,0.1278,0.54990000000000006,3.1649,148.685,120.963852,6.54,66.389,9.6378,340079.47279080364,0.029,0
2026-08-14T13:58:28Z,6.993,15.673,16.92,1.97,0.1278,0.423,3.2103,148.703,120.974335,6.549,66.583,9.6044,340142.7304068564,0.03,0
2026-08-14T13:58:28Z,7,15.6739,16.92,2.1073,0.1278,0.423,3.3613,148.693,120.957368,6.5617,66.765,9.5378,340000.62429207814,0.032,0
2026-08-14T13:58:28Z,7.008,15.6744,16.92,2.1149,0.1278,0.423,3.4218,148.644,120.906425,6.5775,66.905,9.3166,339620.8998611883,0.035,0
2026-08-14T13:58:28Z,7.018,15.6741,16.92,2.1149,0.1278,0.423,3.5275,148.61,120.867933,6.5958,66.982,9.0571,339348.51921330503,0.038,0
2026-08-14T13:58:28Z,7.028,15.6727,16.92,2.0882,0.0852,0.423,3.5275,148.639,120.881639,6.6152,67.001,8.9768,339477.4186702999,0.041,0
2026-08-14T13:58:28Z,7.039,15.6697,16.92,2.1073,0.0852,0.423,3.6332,148.69,120.91319,6.6337,66.989,8.9553,339769.56847760937,0.044,0
2026-08-14T13:58:28Z,7.05,15.666,16.92,2.1073,0.0852,0.423,3.6332,148.697,120.906983,6.6482,66.967,8.9146,339803.07674178435,0.046,0
2026-08-14T13:58:28Z,7.063,15.6624,16.92,2.0997,0.0852,0.423,3.7239,148.663,120.869366,6.6563,66.957,8.67,339606.8542353652,0.047,0
2026-08-14T13:58:28Z,7.075,15.6591,16.92,2.092,0.0852,0.423,3.6181,148.645,120.84632,6.6587,66.973,8.491,339509.85431683494,0.047,0
2026-08-14T13:58:28Z,7.088,15.6556,17.01,2.0997,0.1704,0.4653,3.4369,148.664,120.855702,6.658,67.016,8.4579,339652.04431566113,0.047,0
2026-08-14T13:58:28Z,7.101,15.6518,17.01,2.0997,0.1704,0.4653,3.4369,148.704,120.884013,6.6563,67.081,8.3719,339937.9021039881,0.045,0
2026-08-14T13:58:28Z,7.112,15.6482,17.01,2.1073,0.1704,0.4653,3.452,148.737,120.908794,6.6558,67.163,8.2905,340194.09666116844,0.043,0
2026-08-14T13:58:28Z,7.123,15.6455,17.01,2.0806,0.1704,0.4653,3.5124,148.739,120.908648,6.6578,67.244,8.2294,340250.4049273931,0.041,0
2026-08-14T13:58:28Z,7.132,15.6435,17.01,2.1378,0.1278,0.6345,3.4067,148.722,120.893537,6.6623,67.308,8.2599,340183.25080400327,0.038,0
2026-08-14T13:58:28Z,7.141,15.6421,17.01,2.1683,0.1278,0.6345,3.3462,148.719,120.889438,6.6691,67.34,8.1423,340183.25182301644,0.036,0
2026-08-14T13:58:28Z,7.15,15.6412,17.01,2.1798,0.1278,0.6345,3.452,148.729,120.89726,6.6773,67.333,8.1458,340259.13630683627,0.034,0
2026-08-14T13:58:28Z,7.158,15.6406,17.01,2.1798,0.1278,0.6345,3.4369,148.734,120.901084,6.6855,67.286,8.2312,340299.6391896931,0.033,0
2026-08-14T13:58:28Z,7.166,15.6402,17.01,2.1721,0.1278,0.423,3.739,148.716,120.885925,6.6919,67.203,8.1423,340198.12279330095,0.033,0
2026-08-14T13:58:28Z,7.174,15.6399,17.01,2.1759,0.1278,0.423,3.6635,148.68,120.855745,6.6951,67.079,8.1618,339985.5253020518,0.032,0
2026-08-14T13:58:28Z,7.182,15.6397,17.01,2.1607,0.1278,0.423,3.6937,148.654,120.8325,6.6945,66.914,8.1317,339821.1733212982,0.033,0
2026-08-14T13:58:28Z,7.191,15.6395,17.01,2.1683,0.1278,0.423,3.6332,148.653,120.827996,6.6898,66.72,8.137,339792.7534245077,0.033,0
2026-08-14T13:58:28Z,7.199,15.6394,17.01,2.1607,0.1704,0.5076,3.6786,148.664,120.833031,6.6815,66.526,8.049,339831.3858665293,0.034,0
2026-08-14T13:58:28Z,7.208,15.6391,17.01,2.1798,0.1704,0.5076,3.603,148.687,120.846947,6.6692,66.361,7.9069,339938.68172221875,0.034,0
2026-08-14T13:58:28Z,7.217,15.6384,17.01,2.1645,0.1704,0.5076,3.6332,148.721,120.869452,6.6529,66.256,7.9241,340116.81446904223,0.034,0
2026-08-14T13:58:28Z,7.226,15.6372,17.01,2.1607,0.1704,0.5076,3.6181,148.747,120.886544,6.6337,66.228,7.7977,340266.34899702284,0.034,0
2026-08-14T13:58:28Z,7.235,15.6358,17.01,2.1454,0.1704,0.5076,3.6484,148.744,120.880776,6.6147,66.27,7.6783,340254.2372784624,0.033,0
2026-08-14T13:58:28Z,7.243,15.6343,17.01,2.1721,0.1278,0.5076,3.6332,148.718,120.856611,6.5985,66.366,7.655,340110.73354698095,0.031,0
2026-08-14T13:58:28Z,7.251,15.6327,17.01,2.1798,0.1278,0.5076,3.7088,148.703,120.841611,6.5883,66.495,7.6933,340035.8765397129,0.03,0
2026-08-14T13:58:28Z,7.258,15.6313,17.01,2.134,0.1278,0.5076,3.6332,148.701,120.837779,6.5857,66.638,7.7252,340037.8078241859,0.029,0
2026-08-14T13:58:28Z,7.265,15.63,17.01,2.1454,0.1278,0.5076,3.6937,148.7,120.83409,6.5901,66.783,7.7252,340038.6526668694,0.028,0
2026-08-14T13:58:28Z,7.272,15.629,17.1,2.1454,0.1278,0.423,3.603,148.704,120.835561,6.5998,66.924,7.64,340070.56906609423,0.028,0
2026-08-14T13:58:28Z,7.279,15.6282,17.1,2.1569,0.1278,0.423,3.739,148.708,120.836584,6.6127,67.05,7.4726,340094.9877623598,0.028,0
2026-08-14T13:58:28Z,7.287,15.6274,17.1,2.1569,0.1278,0.423,3.6332,148.678,120.811426,6.627,67.148,7.2109,339929.41898900946,0.028,0
2026-08-14T13:58:28Z,7.294,15.6265,17.1,2.1225,0.1278,0.423,3.6937,148.62,120.765379,6.6416,67.214,6.9615,339614.5174824911,0.028,0
2026-08-14T13:58:28Z,7.301,15.6257,17.19,2.1187,0.1278,0.5922,3.7541,148.589,120.742178,6.6558,67.245,6.8178,339463.2631410705,0.028,0
2026-08-14T13:58:28Z,7.308,15.625,17.19,2.0882,0.1278,0.5922,3.739,148.606,120.75764,6.6684,67.247,6.6611,339590.21845943586,0.028,0
2026-08-14T13:58:28Z,7.315,15.6248,17.19,2.092,0.1278,0.5922,3.6484,148.643,120.787882,6.6782,67.228,6.4559,339813.8058102639,0.029,0
2026-08-14T13:58:28Z,7.322,15.6251,17.19,2.1187,0.1278,0.5922,3.7239,148.676,120.810963,6.6847,67.199,6.2529,339974.8962789672,0.03,0
2026-08-14T13:58:28Z,7.329,15.6258,17.19,2.0844,0.1278,0.5922,3.603,148.704,120.827037,6.6877,67.17,6.0656,340076.6736212319,0.031,0
2026-08-14T13:58:28Z,7.337,15.6265,17.1,2.1149,0.1278,0.4653,3.6635,148.721,120.832388,6.6878,67.146,6.0196,340100.6332576595,0.033,0
2026-08-14T13:58:28Z,7.346,15.6265,17.1,2.0844,0.1278,0.4653,3.6635,148.713,120.816438,6.6858,67.123,5.8609,339984.87858861045,0.035,0
2026-08-14T13:58:28Z,7.356,15.6253,17.1,1.9089,0.1278,0.4653,3.5124,148.702,120.800941,6.6831,67.092,5.7661,339897.9157849564,0.036,0
2026-08-14T13:58:28Z,7.366,15.623,17.1,1.8898,0.1278,0.4653,3.4218,148.708,120.801766,6.6806,67.043,5.7486,339952.74640915747,0.037,0
2026-08-14T13:58:28Z,7.375,15.62,17.19,1.9356,0.1278,0.5076,3.3915,148.702,120.79513,6.6786,66.967,5.6754,339968.3093903628,0.038,0
2026-08-14T13:58:28Z,7.385,15.617,17.19,1.9394,0.1278,0.5076,3.452,148.67,120.767261,6.6767,66.861,5.6299,339829.78464233415,0.038,0
2026-08-14T13:58:28Z,7.394,15.6147,17.19,2.031,0.1278,0.5076,3.603,148.634,120.734731,6.674,66.73,5.6348,339642.60148033843,0.039,0
2026-08-14T13:58:28Z,7.404,15.6133,17.19,2.0272,0.1278,0.5076,3.6484,148.615,120.714872,6.6693,66.582,5.6643,339528.2612611372,0.039,0
2026-08-14T13:58:28Z,7.415,15.6127,17.19,2.0501,0.1278,0.54990000000000006,3.7088,148.618,120.714389,6.6618,66.433,5.5257,339537.48477277055,0.039,0
2026-08-14T13:58:28Z,7.425,15.6122,17.19,2.0234,0.1278,0.54990000000000006,3.6181,148.628,120.723152,6.6514,66.297,5.3706,339611.6534954446,0.038,0
2026-08-14T13:58:28Z,7.436,15.6111,17.19,1.8593,0.1278,0.54990000000000006,3.4218,148.635,120.733495,6.6385,66.185,5.3555,339710.03483722446,0.037,0
2026-08-14T13:58:28Z,7.445,15.6097,17.19,1.8708,0.1278,0.54990000000000006,3.4067,148.662,120.762181,6.624,66.108,5.3648,339947.9441929961,0.036,0
2026-08-14T13:58:28Z,7.454,15.6087,17.19,1.8364,0.1704,0.4653,3.5124,148.694,120.792853,6.6094,66.071,5.3392,340191.8901625931,0.034,0
2026-08-14T13:58:28Z,7.462,15.6089,17.19,1.8479,0.1704,0.4653,3.4369,148.684,120.78568,6.5958,66.069,5.3311,340135.54580929066,0.033,0
2026-08-14T13:58:28Z,7.47,15.6104,17.19,1.9051,0.1704,0.4653,3.2556,148.651,120.754754,6.5844,66.088,5.3299,339879.1569836281,0.033,0
2026-08-14T13:58:28Z,7.478,15.6125,17.19,1.9165,0.1704,0.4653,3.1498,148.627,120.727835,6.5764,66.119,5.3299,339639.23814737395,0.032,0
2026-08-14T13:58:28Z,7.486,15.6143,17.19,1.9242,0.1704,0.4653,3.1347,148.598,120.695745,6.5725,66.157,5.2792,339368.3154742901,0.032,0
2026-08-14T13:58:28Z,7.495,15.6147,17.19,1.9089,0.1278,0.54990000000000006,3.1801,148.572,120.665928,6.5723,66.192,5.2256,339143.68857581477,0.032,0
2026-08-14T13:58:28Z,7.504,15.6132,17.19,1.928,0.1278,0.54990000000000006,3.2707,148.568,120.654437,6.5744,66.209,5.2029,339092.1930173169,0.032,0
2026-08-14T13:58:28Z,7.512,15.6106,17.19,1.8937,0.1278,0.54990000000000006,3.1801,148.583,120.65821,6.5778,66.193,5.2131,339174.63767990633,0.031,0
2026-08-14T13:58:28Z,7.52,15.6077,17.19,1.9051,0.1278,0.54990000000000006,3.1801,148.616,120.67825,6.582,66.132,5.3508,339381.4182992544,0.03,0
2026-08-14T13:58:28Z,7.528,15.6048,17.19,1.9242,0.1278,0.6345,3.2103,148.637,120.689896,6.5859,66.028,5.4022,339527.4086237673,0.028,0
2026-08-14T13:58:28Z,7.535,15.602,17.19,1.8479,0.1278,0.6345,3.2405,148.623,120.674248,6.588,65.883,5.4969,339473.30551368877,0.026,0
2026-08-14T13:58:28Z,7.541,15.5994,17.19,1.8021,0.1278,0.6345,3.1498,148.613,120.665141,6.5868,65.698,5.6704,339462.404937062,0.023,0
2026-08-14T13:58:28Z,7.547,15.597,17.19,1.8631,0.1278,0.6345,3.1801,148.628,120.67815,6.581,65.49,5.8,339607.72589482996,0.02,0
2026-08-14T13:58:28Z,7.551,15.5951,17.19,1.8517,0.1278,0.54990000000000006,3.1498,148.632,120.684737,6.5709,65.283,5.9597,339695.8684447741,0.018,0
2026-08-14T13:58:28Z,7.555,15.5938,17.19,1.7792,0.1278,0.54990000000000006,2.9837,148.63,120.686661,6.5567,65.101,6.0458,339737.4389386383,0.016,0
2026-08-14T13:58:28Z,7.559,15.5933,17.19,1.7792,0.1278,0.54990000000000006,3.0441,148.648,120.704438,6.5383,64.953,6.0893,339877.11844223423,0.014,0
2026-08-14T13:58:28Z,7.563,15.5938,17.19,1.7868,0.1278,0.54990000000000006,2.9988,148.664,120.720804,6.5175,64.83,6.1292,339985.334986284,0.013,0
2026-08-14T13:58:28Z,7.566,15.5948,17.19,1.8059,0.1278,0.54990000000000006,2.893,148.671,120.730121,6.4967,64.726,6.1358,340031.7439006203,0.011,0
2026-08-14T13:58:28Z,7.568,15.5959,17.19,1.6571,0.1278,0.5076,2.6815,148.69,120.748877,6.4785,64.642,6.1733,340144.58893065853,0.01,0
2026-08-14T13:58:28Z,7.571,15.597,17.19,1.6724,0.1278,0.5076,2.6966,148.719,120.776072,6.4636,64.58,6.1318,340318.76508385484,0.009,0
2026-08-14T13:58:28Z,7.573,15.5981,17.19,1.6571,0.1278,0.5076,2.6211,148.744,120.800955,6.4513,64.538,6.0986,340476.18256084516,0.008,0
2026-08-14T13:58:28Z,7.574,15.5992,17.19,1.6571,0.1278,0.5076,2.7118,148.744,120.806156,6.4407,64.524,6.1212,340490.57134049636,0.008,0
2026-08-14T13:58:28Z,7.576,15.6003,17.19,1.7258,0.1278,0.5076,2.8477,148.727,120.797063,6.4323,64.551,6.1079,340401.0824618926,0.008,0
2026-08-14T13:58:28Z,7.578,15.6016,17.19,1.7373,0.1278,0.5076,2.7269,148.709,120.785255,6.4259,64.621,6.0761,340287.63426287594,0.009,0
2026-08-14T13:58:28Z,7.58,15.6034,17.19,1.7144,0.1278,0.5076,2.6664,148.672,120.75558,6.4214,64.726,6.0761,340033.8354681921,0.01,0
2026-08-14T13:58:28Z,7.583,15.6051,17.19,1.7334,0.1278,0.5076,2.8024,148.637,120.726131,6.4199,64.841,6.0472,339783.93815314566,0.011,0
2026-08-14T13:58:28Z,7.586,15.6066,17.19,1.5389,0.1278,0.4653,2.7269,148.636,120.721061,6.4223,64.929,6.1332,339715.2933568833,0.013,0
2026-08-14T13:58:28Z,7.589,15.6075,17.19,1.5351,0.1278,0.4653,2.742,148.638,120.717014,6.4292,64.967,6.0933,339666.8203789773,0.014,0
2026-08-14T13:58:28Z,7.593,15.6077,17.19,1.5465,0.1278,0.4653,2.742,148.627,120.702908,6.4396,64.956,6.0445,339560.23606273707,0.016,0
2026-08-14T13:58:28Z,7.598,15.6071,17.19,1.516,0.1278,0.4653,2.7269,148.623,120.696985,6.4511,64.917,5.9378,339530.0005429319,0.017,0
2026-08-14T13:58:28Z,7.603,15.6058,17.19,1.7487,0.1278,0.54990000000000006,2.9081,148.642,120.713669,6.46,64.875,5.9146,339678.63276304054,0.017,0
2026-08-14T13:58:28Z,7.607,15.604,17.19,1.7525,0.1278,0.54990000000000006,2.9384,148.68,120.749408,6.4641,64.853,5.9429,339976.26184483647,0.018,0
2026-08-14T13:58:28Z,7.611,15.6021,17.19,1.722,0.1278,0.54990000000000006,2.9081,148.713,120.783726,6.4633,64.868,6,340265.88011056295,0.019,0
2026-08-14T13:58:28Z,7.616,15.6012,17.19,1.7144,0.1278,0.54990000000000006,2.9232,148.73,120.80377,6.4596,64.925,5.9805,340430.65520172275,0.019,0
2026-08-14T13:58:28Z,7.621,15.6017,17.19,1.7449,0.1278,0.54990000000000006,2.6815,148.742,120.816886,6.4553,65.022,5.9159,340515.32993227366,0.021,0
2026-08-14T13:58:28Z,7.626,15.6035,17.19,1.7411,0.1278,0.423,2.7873,148.745,120.81857,6.4529,65.145,5.8583,340489.2580273146,0.024,0
2026-08-14T13:58:28Z,7.632,15.6058,17.19,1.722,0.1278,0.423,2.7269,148.728,120.799268,6.454,65.264,5.9095,340300.0825605827,0.027,0
2026-08-14T13:58:28Z,7.639,15.6078,17.19,1.7334,0.1278,0.423,2.7269,148.717,120.77984,6.4593,65.356,5.9056,340116.45369099703,0.031,0
2026-08-14T13:58:28Z,7.647,15.6091,17.19,1.6648,0.1278,0.423,3.1196,148.725,120.773107,6.4688,65.417,5.9236,340039.9339317616,0.036,0
2026-08-14T13:58:28Z,7.656,15.6089,17.19,1.6762,0.1278,0.5076,2.9837,148.727,120.75927,6.4811,65.448,5.8966,339943.72882330243,0.043,0
2026-08-14T13:58:28Z,7.667,15.6069,17.19,1.6648,0.1278,0.5076,2.9232,148.718,120.732638,6.4932,65.453,5.8966,339792.90535096097,0.049,0
2026-08-14T13:58:28Z,7.681,15.6035,17.19,1.6495,0.1278,0.5076,3.0894,148.716,120.712114,6.5029,65.439,5.8507,339716.1503884489,0.055,0
2026-08-14T13:58:28Z,7.696,15.5992,17.19,1.4931,0.1278,0.5076,2.9081,148.707,120.688222,6.5095,65.418,5.4791,339634.05579084205,0.06,0
2026-08-14T13:58:28Z,7.714,15.5937,17.19,1.4702,0.1278,0.5076,2.9384,148.682,120.656591,6.5133,65.387,5.1713,339521.2656115766,0.064,0
2026-08-14T13:58:28Z,7.732,15.5874,17.19,1.4778,0.1278,0.5076,2.9686,148.683,120.650795,6.5147,65.332,5.1871,339612.9299455997,0.065,0
2026-08-14T13:58:28Z,7.75,15.5809,17.19,1.474,0.1278,0.5076,2.9988,148.706,120.667286,6.5143,65.243,4.986,339870.72747481643,0.064,0
2026-08-14T13:58:28Z,7.766,15.5755,17.19,1.4893,0.1278,0.5076,2.9535,148.725,120.682458,6.5129,65.122,4.8566,340095.74066312675,0.062,0
2026-08-14T13:58:28Z,7.782,15.5717,17.19,1.3977,0.1278,0.5076,2.9232,148.734,120.692354,6.5104,64.981,4.7584,340248.4947342519,0.059,0
2026-08-14T13:58:28Z,7.796,15.5694,17.19,1.4283,0.1278,0.54990000000000006,3.0894,148.729,120.691612,6.5052,64.838,4.6967,340292.0368110713,0.056,0
2026-08-14T13:58:28Z,7.81,15.5686,17.19,1.4168,0.1278,0.54990000000000006,2.9232,148.716,120.684035,6.4965,64.717,4.7388,340253.96765088197,0.053,0
2026-08-14T13:58:28Z,7.822,15.5687,17.19,1.4092,0.1278,0.54990000000000006,2.9384,148.714,120.683607,6.4844,64.634,4.6329,340248.72308904276,0.052,0
2026-08-14T13:58:28Z,7.834,15.5696,17.19,1.5427,0.1278,0.54990000000000006,3.0743,148.722,120.690212,6.4702,64.596,4.644,340277.5872718518,0.052,0
2026-08-14T13:58:28Z,7.847,15.5707,17.01,1.5808,0.1278,0.3807,2.9232,148.726,120.689609,6.4559,64.593,4.6349,340249.7920189632,0.053,0
2026-08-14T13:58:28Z,7.86,15.5715,17.01,1.5465,0.1278,0.3807,3.0894,148.719,120.673637,6.4437,64.606,4.5938,340116.66979240254,0.056,0
2026-08-14T13:58:28Z,7.874,15.572,17.01,1.5274,0.1278,0.3807,3.0139,148.7,120.642035,6.4353,64.614,4.4902,339876.40348515194,0.059,0
2026-08-14T13:58:28Z,7.89,15.572,17.01,1.4359,0.1278,0.3807,2.6966,148.683,120.61038,6.4315,64.611,4.2648,339646.4810839735,0.063,0
2026-08-14T13:58:28Z,7.907,15.5707,17.01,1.4168,0.0852,0.4653,2.7571,148.673,120.586234,6.4315,64.6,4.2768,339498.75955835474,0.067,0
2026-08-14T13:58:28Z,7.925,15.5672,17.01,1.4054,0.0852,0.4653,2.6664,148.669,120.567158,6.4332,64.585,4.1235,339434.565488045,0.07,0
2026-08-14T13:58:28Z,7.943,15.5619,17.01,1.3863,0.0852,0.4653,2.6966,148.675,120.556067,6.4348,64.572,3.993,339466.55004553666,0.073,0
2026-08-14T13:58:28Z,7.963,15.5559,17.01,1.3634,0.0852,0.4653,2.7269,148.676,120.542,6.4353,64.567,4.034,339491.792169801,0.076,0
2026-08-14T13:58:28Z,7.982,15.5503,17.01,1.3558,0.0852,0.5922,2.7118,148.671,120.525207,6.435,64.577,3.8008,339488.74000589707,0.077,0
2026-08-14T13:58:28Z,8.003,15.545,17.01,1.3443,0.0852,0.5922,2.7873,148.671,120.51321,6.4343,64.6,3.6813,339514.15145568905,0.078,0
2026-08-14T13:58:28Z,8.023,15.5398,17.01,1.3481,0.0852,0.5922,2.6966,148.676,120.506812,6.4337,64.62,3.6471,339578.1248474732,0.078,0
2026-08-14T13:58:28Z,8.044,15.5349,17.01,1.1193,0.0852,0.5922,2.4096,148.684,120.504305,6.4338,64.612,3.4513,339664.02347416495,0.077,0
2026-08-14T13:58:28Z,8.064,15.5304,17.01,1.1231,0.0852,0.5922,2.5607,148.693,120.505021,6.4354,64.557,3.3355,339764.8808110566,0.074,0
2026-08-14T13:58:28Z,8.083,15.5265,17.1,1.0849,0.0852,0.2961,2.5003,148.709,120.513151,6.4382,64.447,3.2384,339906.93547408294,0.069,0
2026-08-14T13:58:28Z,8.101,15.523,17.1,1.1193,0.0852,0.2961,2.5003,148.722,120.522862,6.4407,64.297,3.0926,340052.04201532074,0.063,0
2026-08-14T13:58:28Z,8.117,15.52,17.1,1.1307,0.0852,0.2961,2.2737,148.72,120.524739,6.4403,64.133,3.0966,340129.5506057961,0.057,0
2026-08-14T13:58:28Z,8.13,15.5176,17.1,1.1154,0.0852,0.2961,2.2737,148.701,120.515284,6.4352,63.977,3.0645,340111.8291963751,0.05,0
2026-08-14T13:58:28Z,8.141,15.5161,17.01,1.1193,0.0852,0.423,2.3039,148.676,120.503977,6.4244,63.847,3.0221,340061.4706455391,0.044,0
2026-08-14T13:58:28Z,8.151,15.5159,17.01,1.1307,0.0852,0.423,2.319,148.655,120.495805,6.4095,63.757,3.0195,340006.2581159409,0.04,0
2026-08-14T13:58:28Z,8.16,15.517,17.01,1.165,0.0852,0.423,2.319,148.637,120.48859,6.393,63.704,3.0479,339930.35192951944,0.037,0
2026-08-14T13:58:28Z,8.168,15.5192,17.01,1.1727,0.0852,0.423,2.2283,148.622,120.480409,6.3772,63.673,3.0386,339824.0362233952,0.035,0
2026-08-14T13:58:28Z,8.176,15.522,17.01,1.1917,0.1278,0.423,2.2737,148.599,120.465079,6.3638,63.664,3.0267,339653.0138574291,0.036,0
2026-08-14T13:58:28Z,8.185,15.525,17.01,1.1803,0.1278,0.423,2.183,148.595,120.462516,6.3545,63.674,3.034,339570.61370136763,0.038,0
2026-08-14T13:58:28Z,8.194,15.5274,17.01,1.2299,0.1278,0.423,2.2132,148.61,120.472038,6.3488,63.693,3.0103,339588.82174356526,0.041,0
2026-08-14T13:58:28Z,8.205,15.5289,17.01,1.2261,0.1278,0.423,2.3039,148.597,120.456174,6.3455,63.708,3.0261,339441.650934544,0.045,0
2026-08-14T13:58:28Z,8.217,15.5298,17.01,1.2528,0.1278,0.423,2.2435,148.559,120.418696,6.3445,63.712,2.9233,339150.2693706221,0.049,0
2026-08-14T13:58:28Z,8.23,15.5301,17.01,1.2299,0.0852,0.423,2.1377,148.539,120.393619,6.3455,63.695,2.9075,338961.80296963104,0.053,0
2026-08-14T13:58:28Z,8.244,15.5293,17.01,1.2146,0.0852,0.423,2.5305,148.542,120.386258,6.3474,63.65,2.893,338925.3246061233,0.059,0
2026-08-14T13:58:28Z,8.259,15.5275,17.01,1.2451,0.0852,0.423,2.4852,148.544,120.374646,6.3492,63.573,2.9195,338879.19390686916,0.064,0
2026-08-14T13:58:28Z,8.276,15.5251,17.01,1.2299,0.0852,0.423,2.4096,148.532,120.347684,6.3499,63.458,2.9195,338734.3609527254,0.069,0
2026-08-14T13:58:28Z,8.294,15.5224,16.92,1.2299,0.1278,0.3384,2.4398,148.519,120.320186,6.3486,63.309,2.7772,338592.01506458176,0.073,0
2026-08-14T13:58:28Z,8.315,15.519,16.92,1.062,0.1278,0.3384,2.1981,148.526,120.310821,6.3446,63.153,2.5649,338596.096342652,0.075,0
2026-08-14T13:58:28Z,8.336,15.5145,16.92,1.0582,0.1278,0.3384,2.2586,148.55,120.319094,6.3375,63.02,2.5901,338751.5322264818,0.075,0
2026-08-14T13:58:28Z,8.356,15.5088,16.92,1.0277,0.1278,0.3384,2.2888,148.577,120.333207,6.3268,62.935,2.5278,338974.9235542685,0.074,0
2026-08-14T13:58:28Z,8.375,15.5029,17.01,1.0353,0.1278,0.4653,2.2435,148.603,120.350921,6.3128,62.906,2.3973,339228.8834761066,0.071,0
2026-08-14T13:58:28Z,8.392,15.4979,17.01,0.9285,0.1278,0.4653,2.2737,148.644,120.382962,6.2979,62.924,2.4676,339568.1024635705,0.067,0
2026-08-14T13:58:28Z,8.409,15.4941,17.01,0.9094,0.1278,0.4653,2.1528,148.698,120.427872,6.2851,62.973,2.4203,339975.74638692796,0.063,0
2026-08-14T13:58:28Z,8.424,15.4917,17.01,0.9285,0.1278,0.4653,2.2435,148.736,120.459619,6.277,63.036,2.36,340258.0358868928,0.059,0
2026-08-14T13:58:28Z,8.438,15.4904,16.92,0.9285,0.1278,0.3807,2.2737,148.735,120.458664,6.2742000000000004,63.11,2.3305,340278.77377384016,0.055,0
2026-08-14T13:58:28Z,8.451,15.4901,16.92,0.9819,0.1278,0.3807,2.3794,148.702,120.428753,6.2761,63.189,2.3048,340067.3112137387,0.052,0
2026-08-14T13:58:28Z,8.464,15.4903,16.92,1.0048,0.1278,0.3807,2.2435,148.658,120.387915,6.2809,63.265,2.3153,339765.75410575146,0.05,0
2026-08-14T13:58:28Z,8.477,15.4907,16.92,1.001,0.1278,0.3807,2.2132,148.64,120.367267,6.2872,63.336,2.2878,339606.9897754718,0.047,0
2026-08-14T13:58:28Z,8.488,15.4906,16.92,0.9857,0.1278,0.3807,2.2435,148.653,120.371306,6.2945,63.413,2.1972,339638.4993058408,0.044,0
2026-08-14T13:58:28Z,8.5,15.4896,16.92,0.9781,0.0852,0.3384,2.2283,148.669,120.379104,6.3026,63.5,2.2063,339716.510247103,0.041,0
2026-08-14T13:58:28Z,8.51,15.4879,16.92,0.9781,0.0852,0.3384,2.3492,148.691,120.39274,6.3104,63.583,2.2068,339851.92695975554,0.037,0
2026-08-14T13:58:28Z,8.519,15.485900000000001,16.92,0.9896,0.0852,0.3384,2.3039,148.72,120.41185,6.3178,63.648,2.1659,340033.63663125405,0.034,0
2026-08-14T13:58:28Z,8.527,15.4838,16.92,0.9743,0.0852,0.3384,2.2435,148.712,120.401521,6.3257,63.695,2.1706,340003.13375304395,0.03,0
2026-08-14T13:58:28Z,8.534,15.482,16.92,0.9857,0.0852,0.3384,2.2435,148.65,120.346995,6.3346,63.734,2.2034,339644.4928872222,0.026,0
2026-08-14T13:58:28Z,8.54,15.4805,16.92,1.001,0.0852,0.3384,2.2132,148.575,120.283743,6.3431,63.771,2.2044,339216.21390029276,0.022,0
2026-08-14T13:58:28Z,8.545,15.4791,16.92,0.9934,0.0852,0.3384,2.2435,148.53,120.246907,6.3498,63.8,2.173,338978.1114129221,0.019,0
2026-08-14T13:58:28Z,8.549,15.4777,16.92,1.0239,0.0852,0.3384,2.3039,148.525,120.244669,6.3547,63.811,2.2101,338991.5640644768,0.016,0
2026-08-14T13:58:28Z,8.553,15.4763,16.92,1.1231,0.1278,0.3384,2.5607,148.546,120.266428,6.3588,63.799,2.1528,339179.513009589,0.013,0
2026-08-14T13:58:28Z,8.556,15.4754,16.92,1.0964,0.1278,0.3384,2.5305,148.569,120.293984,6.3627,63.757,2.2044,339399.08635557187,0.011,0
2026-08-14T13:58:28Z,8.558,15.4752,16.92,1.1116,0.1278,0.3384,2.5607,148.582,120.316681,6.3656,63.67,2.2202,339568.50125682034,0.009,0
2026-08-14T13:58:28Z,8.56,15.4759,16.92,1.1307,0.1278,0.3384,2.5607,148.594,120.340572,6.3665,63.533,2.2178,339727.5103994389,0.008,0
2026-08-14T13:58:28Z,8.562,15.4776,16.92,1.0315,0.1278,0.3384,2.319,148.626,120.382031,6.3651,63.358,2.2231,339993.20675336436,0.006,0
2026-08-14T13:58:28Z,8.563,15.4805,16.92,1.0163,0.1278,0.3384,2.2132,148.69,120.450113,6.3605,63.177,2.2251,340427.4378061488,0.006,0
2026-08-14T13:58:28Z,8.564,15.4845,16.92,1.0392,0.1278,0.3384,2.3341,148.764,120.524968,6.3513,63.018,2.2082,340887.860223929,0.005,0
2026-08-14T13:58:28Z,8.565,15.4894,16.92,1.0315,0.1278,0.3384,2.1981,148.805,120.572546,6.3369,62.892,2.202,341130.28628002526,0.005,0
2026-08-14T13:58:28Z,8.566,15.4946,16.92,1.043,0.1278,0.3384,2.5305,148.8,120.581529,6.3188,62.802,2.2391,341084.74584311113,0.004,0
2026-08-14T13:58:28Z,8.567,15.4998,16.92,1.0735,0.1278,0.2538,2.5607,148.765,120.562315,6.3,62.749,2.213,340833.61837154074,0.004,0
2026-08-14T13:58:28Z,8.569,15.5048,16.92,1.043,0.1278,0.2538,2.4701,148.719,120.529786,6.2835,62.74,2.1953,340489.9230094642,0.005,0
2026-08-14T13:58:28Z,8.57,15.5096,16.92,1.043,0.1278,0.2538,2.4852,148.687,120.503274,6.2704,62.778,2.201,340194.5812479004,0.005,0
2026-08-14T13:58:28Z,8.571,15.5141,16.92,1.062,0.1278,0.2538,2.3039,148.678,120.491711,6.2607,62.859,2.2082,340014.61614060134,0.005,0
2026-08-14T13:58:28Z,8.572,15.5174,17.01,1.0659,0.1278,0.3384,2.2737,148.69,120.496015,6.255,62.988,2.2372,339975.704005661,0.005,0
2026-08-14T13:58:28Z,8.574,15.5189,17.01,1.0506,0.1278,0.3384,2.2737,148.704,120.505329,6.254,63.173,2.1963,340011.54978161206,0.005,0
2026-08-14T13:58:28Z,8.575,15.5186,17.01,1.0582,0.1278,0.3384,2.2283,148.689,120.494132,6.2577,63.409,2.2577,339936.4693656983,0.005,0
2026-08-14T13:58:28Z,8.576,15.5172,17.01,1.0735,0.1278,0.3384,2.2586,148.647,120.463439,6.266,63.674,2.2304,339742.99071513634,0.006,0
2026-08-14T13:58:28Z,8.578,15.5155,16.92,1.0392,0.0852,0.3384,2.2435,148.592,120.421068,6.2791,63.933,2.2411,339471.0418184495,0.006,0
2026-08-14T13:58:28Z,8.579,15.5147,16.92,1.0506,0.0852,0.3384,2.3039,148.529,120.367725,6.2976,64.148,2.1953,339100.38001285,0.006,0
2026-08-14T13:58:28Z,8.581,15.5151,16.92,1.043,0.0852,0.3384,2.3039,148.495,120.331193,6.321,64.301,2.244,338826.5621256149,0.006,0
2026-08-14T13:58:28Z,8.582,15.5163,16.92,0.9934,0.0852,0.3384,2.4701,148.511,120.331735,6.3473,64.392,2.1934,338805.0482779867,0.006,0
2026-08-14T13:58:28Z,8.584,15.517,16.92,0.9819,0.0852,0.3384,2.4701,148.541,120.343489,6.3731,64.429,2.2246,338875.5476465684,0.006,0
2026-08-14T13:58:28Z,8.585,15.5161,16.92,1.0086,0.0852,0.3384,2.5909,148.562,120.347585,6.3946,64.423,2.1934,338924.3828438958,0.006,0
2026-08-14T13:58:28Z,8.587,15.5132,16.92,0.9934,0.0852,0.3384,2.4398,148.578,120.349116,6.4102,64.38,2.2231,338997.03058076615,0.005,0
2026-08-14T13:58:28Z,8.588,15.509,16.92,0.8637,0.0852,0.3384,2.3945,148.591,120.34849,6.4199,64.303,2.2217,339081.6194820997,0.005,0
2026-08-14T13:58:28Z,8.589,15.5047,16.92,0.8637,0.0852,0.3384,2.3643,148.613,120.357541,6.4243,64.195,2.2039,339238.69094242883,0.005,0
2026-08-14T13:58:28Z,8.59,15.5005,16.92,0.8637,0.1278,0.4653,2.5003,148.658,120.386684,6.4242,64.068,2.1986,339539.82371753984,0.005,0
2026-08-14T13:58:28Z,8.592,15.4966,16.92,0.8599,0.1278,0.4653,2.4852,148.706,120.419686,6.4205,63.936,2.181,339862.8804599114,0.005,0
2026-08-14T13:58:28Z,8.593,15.4929,16.92,0.8446,0.1278,0.4653,2.4247,148.719,120.425339,6.4133,63.817,2.2015,339982.78168526664,0.005,0
2026-08-14T13:58:28Z,8.594,15.4898,16.92,0.8637,0.1278,0.4653,2.5305,148.69,120.397148,6.4029,63.718,2.1958,339843.545735529,0.004,0
2026-08-14T13:58:28Z,8.595,15.4874,16.92,0.8599,0.1278,0.2961,2.5607,148.639,120.351602,6.3906,63.635,2.1829,339563.1459868592,0.004,0
2026-08-14T13:58:28Z,8.596,15.4854,16.92,0.8637,0.1278,0.2961,2.4398,148.593,120.31056,6.3777,63.566,2.2044,339307.1101491335,0.005,0
2026-08-14T13:58:28Z,8.597,15.4838,16.92,0.9476,0.1278,0.2961,2.5456,148.584,120.299086,6.366,63.506,2.2231,339257.66106698796,0.005,0
2026-08-14T13:58:28Z,8.598,15.4823,16.92,0.9056,0.1278,0.2961,2.5003,148.613,120.318121,6.3564,63.448,2.1645,339427.9924831835,0.005,0
2026-08-14T13:58:28Z,8.599,15.4808,16.92,0.9514,0.1278,0.3384,2.4852,148.656,120.348736,6.3483,63.388,2.1772,339682.66680882376,0.005,0
2026-08-14T13:58:28Z,8.601,15.4795,16.92,0.9171,0.1278,0.3384,2.606,148.696,120.37709,6.3415,63.321,2.1383,339916.75386993686,0.006,0
2026-08-14T13:58:28Z,8.602,15.478,16.92,0.9857,0.1278,0.3384,2.4852,148.708,120.382737,6.3358,63.245,2.1612,339989.81504840037,0.007,0
2026-08-14T13:58:28Z,8.604,15.4765,16.92,0.9934,0.1278,0.3384,2.4701,148.682,120.359183,6.3302,63.167,2.1991,339850.22466175264,0.008,0
2026-08-14T13:58:28Z,8.606,15.475,16.92,0.9819,0.1278,0.3384,2.5154,148.679,120.354157,6.3244,63.098,2.1397,339845.556765732,0.01,0
2026-08-14T13:58:28Z,8.609,15.4737,16.92,0.9972,0.1278,0.3384,2.3039,148.728,120.392323,6.3179,63.032,2.1472,340151.2340520961,0.012,0
2026-08-14T13:58:28Z,8.612,15.4725,16.92,0.9857,0.1278,0.3384,2.7118,148.772,120.425849,6.3105,62.953,2.1547,340421.14072974183,0.014,0
2026-08-14T13:58:28Z,8.615,15.4716,16.92,0.9857,0.1278,0.3384,2.7269,148.771,120.421665,6.3028,62.853,2.1244,340409.830988612,0.016,0
2026-08-14T13:58:28Z,8.62,15.4709,16.92,1.001,0.1278,0.3384,2.6966,148.728,120.382656,6.2961,62.732,2.1518,340140.4538622644,0.018,0
2026-08-14T13:58:28Z,8.625,15.4703,17.01,0.9667,0.1278,0.423,2.7269,148.655,120.318423,6.2896,62.603,2.0978,339685.3976205014,0.02,0
2026-08-14T13:58:28Z,8.63,15.4695,17.01,0.9781,0.1278,0.423,2.4701,148.585,120.257848,6.2818,62.483,2.1125,339261.56160033017,0.021,0
2026-08-14T13:58:28Z,8.636,15.4684,17.01,0.9934,0.1278,0.423,2.5003,148.568,120.240788,6.272,62.387,2.0833,339160.8315052902,0.022,0
2026-08-14T13:58:28Z,8.642,15.4669,17.01,0.9857,0.1278,0.423,2.4398,148.609,120.270693,6.2601,62.327,2.0314,339410.2882068135,0.023,0
2026-08-14T13:58:28Z,8.648,15.4654,17.01,0.9705,0.1278,0.2961,2.5003,148.65,120.299529,6.2474,62.315,2.009,339652.0918561882,0.023,0
2026-08-14T13:58:28Z,8.654,15.4641,17.01,0.9171,0.1278,0.2961,2.5003,148.653,120.296977,6.2357,62.357,1.9925,339661.1704939827,0.022,0
2026-08-14T13:58:28Z,8.66,15.463,17.01,0.9552,0.1278,0.2961,2.4701,148.614,120.262357,6.2262,62.455,1.9689,339432.5414142234,0.021,0
2026-08-14T13:58:28Z,8.665,15.4617,17.01,0.9133,0.1278,0.2961,2.5003,148.574,120.228445,6.2203,62.601,1.9714,339213.39533564134,0.021,0
2026-08-14T13:58:28Z,8.67,15.4602,17.01,0.94,0.1278,0.2961,2.5758,148.585,120.236205,6.2193,62.779,1.9982,339301.74098510924,0.021,0
2026-08-14T13:58:28Z,8.674,15.4588,17.01,0.9896,0.0852,0.2961,2.4701,148.628,120.269706,6.2238,62.958,1.9527,339575.36954357795,0.021,0
2026-08-14T13:58:28Z,8.679,15.4577,17.01,0.9934,0.0852,0.2961,2.5003,148.673,120.303874,6.2337,63.12,1.9446,339847.6229392045,0.022,0
2026-08-14T13:58:28Z,8.685,15.457,17.01,1.0086,0.0852,0.2961,2.4701,148.702,120.323816,6.2484,63.255,1.8863,340007.8247528478,0.024,0
2026-08-14T13:58:28Z,8.691,15.4566,17.01,1.001,0.0852,0.2961,2.4398,148.698,120.314845,6.2661,63.359,1.9053,339950.9743689837,0.026,0
2026-08-14T13:58:28Z,8.698,15.4563,17.01,0.8675,0.1278,0.2961,2.5154,148.673,120.288572,6.2841,63.424,1.9103,339765.9571577765,0.029,0
2026-08-14T13:58:28Z,8.706,15.4555,17.01,0.8522,0.1278,0.2961,2.5607,148.667,120.277999,6.3003,63.447,1.881,339705.9738572581,0.031,0
2026-08-14T13:58:28Z,8.715,15.4543,17.01,0.8789,0.1278,0.2961,2.4549,148.686,120.288306,6.314,63.434,1.9008,339806.59351226664,0.032,0
2026-08-14T13:58:28Z,8.723,15.4525,17.01,0.8522,0.1278,0.2961,2.4701,148.688,120.286235,6.3246,63.403,1.8563,339829.8294829683,0.033,0
2026-08-14T13:58:28Z,8.732,15.4505,17.1,0.856,0.1278,0.1692,2.5305,148.668,120.267232,6.3314,63.373,1.8794,339733.97126612515,0.034,0
2026-08-14T13:58:28Z,8.741,15.4485,17.1,0.8522,0.1278,0.1692,2.4549,148.657,120.256238,6.3339,63.348,1.8704,339696.45721776027,0.034,0
2026-08-14T13:58:28Z,8.75,15.4468,17.1,0.8675,0.1278,0.1692,2.4398,148.656,120.252319,6.3329,63.314,1.9303,339704.0942166365,0.035,0
2026-08-14T13:58:28Z,8.758,15.4456,17.1,0.8789,0.1278,0.1692,2.5456,148.64,120.236427,6.3299,63.257,1.9003,339613.86988803383,0.035,0
2026-08-14T13:58:28Z,8.767,15.4447,17.01,0.8637,0.1278,0.3384,2.7571,148.617,120.214327,6.327,63.187,1.8966,339472.061774447,0.035,0
2026-08-14T13:58:28Z,8.777,15.4438,17.01,0.8675,0.1278,0.3384,2.6966,148.628,120.220131,6.3246,63.12,1.8753,339533.475547438,0.036,0
2026-08-14T13:58:28Z,8.786,15.4429,17.01,0.837,0.1278,0.3384,2.7873,148.669,120.251387,6.3213,63.059,1.8591,339780.3252337456,0.035,0
2026-08-14T13:58:28Z,8.795,15.4418,17.01,0.8713,0.1278,0.3384,2.7722,148.7,120.276423,6.3159,62.996,1.845,339986.2152295514,0.035,0
2026-08-14T13:58:28Z,8.804,15.4407,17.01,0.837,0.1278,0.3384,2.6513,148.704,120.279909,6.309,62.929,1.7851,340035.06445421034,0.034,0
2026-08-14T13:58:28Z,8.813,15.4397,17.01,0.7988,0.1278,0.2538,2.742,148.668,120.250775,6.3024,62.867,1.7948,339844.0050260367,0.034,0
2026-08-14T13:58:28Z,8.821,15.4391,17.01,0.8026,0.1278,0.2538,2.6966,148.616,120.207254,6.2964,62.827,1.7785,339539.6807223217,0.034,0
2026-08-14T13:58:28Z,8.829,15.439,17.01,0.8141,0.1278,0.2538,2.6966,148.575,120.17175,6.2902,62.817,1.7688,339283.2501221873,0.034,0
2026-08-14T13:58:28Z,8.837,15.439,17.01,0.8026,0.1278,0.2538,2.6664,148.542,120.142794,6.2835,62.829,1.714,339072.4656140389,0.035,0
2026-08-14T13:58:28Z,8.846,15.439,17.01,0.7988,0.0852,0.2115,2.7269,148.535,120.134671,6.2773,62.849,1.634,339013.3462969573,0.036,0
2026-08-14T13:58:28Z,8.856,15.4385,17.01,0.8026,0.0852,0.2115,2.8175,148.552,120.145212,6.2734,62.87,1.5995,339100.6833188301,0.038,0
2026-08-14T13:58:28Z,8.866,15.4378,17.01,0.7836,0.0852,0.2115,2.6362,148.569,120.155225,6.2725,62.882,1.574,339188.44427807984,0.041,0
2026-08-14T13:58:28Z,8.876,15.437,17.01,0.7874,0.0852,0.2115,2.6664,148.584,120.16338,6.2738,62.877,1.5686,339264.8197629096,0.043,0
2026-08-14T13:58:28Z,8.887,15.4361,17.01,0.7988,0.1278,0.2961,2.7269,148.586,120.161848,6.2759,62.848,1.5216,339272.79925929767,0.046,0
2026-08-14T13:58:28Z,8.899,15.435,17.01,0.8217,0.1278,0.2961,2.8024,148.576,120.150221,6.278,62.796,1.4728,339211.52979047777,0.049,0
2026-08-14T13:58:28Z,8.912,15.4337,17.01,0.7912,0.1278,0.2961,2.7873,148.571,120.141402,6.2795,62.736,1.4731,339174.9573839427,0.052,0
2026-08-14T13:58:28Z,8.926,15.4325,17.01,0.7988,0.1278,0.2961,2.6362,148.583,120.147042,6.2792,62.692,1.424,339241.52977846185,0.055,0
2026-08-14T13:58:28Z,8.941,15.4314,17.01,0.8065,0.1278,0.2961,2.6966,148.612,120.166642,6.2764,62.684,1.437,339407.6586202006,0.057,0
2026-08-14T13:58:28Z,8.957,15.4301,17.01,0.8255,0.1278,0.3807,2.6966,148.634,120.181426,6.2714,62.725,1.442,339543.01354986866,0.058,0
2026-08-14T13:58:28Z,8.972,15.4287,17.01,0.795,0.1278,0.3807,2.6966,148.629,120.173332,6.2656,62.804,1.3637,339513.8339279836,0.058,0
2026-08-14T13:58:28Z,8.987,15.4273,17.01,0.8065,0.1278,0.3807,2.7571,148.582,120.132199,6.2613,62.901,1.3771,339244.00069530046,0.058,0
2026-08-14T13:58:28Z,9.002,15.426,17.01,0.7797,0.1278,0.3807,2.5909,148.534,120.089065,6.2608,62.999,1.3768,338957.58968771796,0.057,0
2026-08-14T13:58:28Z,9.016,15.4248,17.01,0.795,0.0852,0.3807,2.7269,148.533,120.08444,6.265,63.095,1.3925,338949.41769769264,0.055,0
2026-08-14T13:58:28Z,9.031,15.4236,17.01,0.8065,0.0852,0.3807,2.7269,148.576,120.115087,6.273,63.201,1.4095,339198.0498567169,0.054,0
2026-08-14T13:58:28Z,9.044,15.4224,17.01,0.7988,0.0852,0.3807,2.7269,148.635,120.159176,6.2829,63.329,1.4141,339544.75357494765,0.052,0
2026-08-14T13:58:28Z,9.057,15.421,17.01,0.795,0.0852,0.3807,2.6664,148.68,120.192454,6.2929,63.479,1.4277,339817.12770137633,0.051,0
2026-08-14T13:58:28Z,9.069,15.4197,17.01,0.8065,0.1278,0.2538,2.7269,148.718,120.219797,6.3026,63.645,1.4349,340044.2293713885,0.05,0
2026-08-14T13:58:28Z,9.082,15.4184,17.01,0.8103,0.1278,0.2538,2.6664,148.75,120.242494,6.3135,63.809,1.4339,340237.5354104912,0.049,0
2026-08-14T13:58:28Z,9.094,15.4173,17.01,0.8065,0.1278,0.2538,2.7269,148.755,120.242593,6.3264,63.938,1.454,340261.71922061784,0.048,0
2026-08-14T13:58:28Z,9.106,15.4161,17.01,0.8065,0.1278,0.2538,2.7118,148.755,120.238122,6.3416,63.995,1.4206,340254.6877677405,0.048,0
2026-08-14T13:58:28Z,9.119,15.415,17.01,0.7988,0.0852,0.2538,2.7571,148.757,120.235892,6.3583,63.958,1.4209,340261.8767071807,0.047,0
2026-08-14T13:58:28Z,9.131,15.4138,17.01,0.795,0.0852,0.2538,2.6513,148.743,120.221306,6.3748,63.838,1.3937,340181.0299370648,0.047,0
2026-08-14T13:58:28Z,9.143,15.4125,17.01,0.7988,0.0852,0.2538,2.6664,148.719,120.198474,6.3878,63.682,1.3934,340042.1608671667,0.045,0
2026-08-14T13:58:28Z,9.154,15.4112,17.01,0.8141,0.0852,0.2538,2.7269,148.684,120.167308,6.3937,63.543,1.335,339842.5339252081,0.044,0
2026-08-14T13:58:28Z,9.165,15.4099,17.01,0.8065,0.0852,0.2538,2.7571,148.638,120.127501,6.3902,63.467,1.3493,339579.9703699639,0.042,0
2026-08-14T13:58:28Z,9.176,15.4087,17.01,0.7874,0.0852,0.3384,2.7722,148.606,120.100442,6.3784,63.476,1.3295,339408.28377503104,0.04,0
2026-08-14T13:58:28Z,9.185,15.4075,17.01,0.7836,0.0852,0.3384,2.6815,148.595,120.090917,6.3629,63.565,1.2694,339364.4034449957,0.038,0
2026-08-14T13:58:28Z,9.195,15.4065,17.01,0.8141,0.0852,0.3384,2.7571,148.589,120.086385,6.3492,63.716,1.2494,339352.65369753336,0.037,0
2026-08-14T13:58:28Z,9.203,15.4059,17.01,0.7836,0.0852,0.3384,2.7269,148.601,120.095639,6.3416,63.899,1.1766,339432.86412894377,0.037,0
2026-08-14T13:58:28Z,9.212,15.4055,17.1,0.8217,0.1278,0.3384,2.8175,148.614,120.105144,6.3426,64.072,1.1449,339510.6596465286,0.037,0
2026-08-14T13:58:28Z,9.222,15.4053,17.1,0.8141,0.1278,0.3384,2.8326,148.614,120.103432,6.3516,64.193,1.0988,339502.4342676688,0.038,0
2026-08-14T13:58:28Z,9.232,15.4051,17.1,0.856,0.1278,0.3384,2.7118,148.634,120.116051,6.3667,64.237,1.0084,339598.6855155569,0.038,0
2026-08-14T13:58:28Z,9.242,15.4051,17.1,0.8789,0.1278,0.3384,2.6966,148.673,120.144365,6.3849,64.202,0.92809,339805.15595768136,0.038,0
2026-08-14T13:58:28Z,9.253,15.4049,17.1,0.8751,0.0852,0.3384,2.8628,148.707,120.169921,6.4022,64.111,0.89424,339995.84471850295,0.037,0
2026-08-14T13:58:28Z,9.262,15.4042,17.1,0.8293,0.0852,0.3384,2.6815,148.72,120.179529,6.4144,63.992,0.89056,340080.87617794145,0.036,0
2026-08-14T13:58:28Z,9.271,15.4031,17.1,0.8446,0.0852,0.3384,2.6664,148.699,120.161748,6.419,63.865,0.83744,339974.5839950572,0.034,0
2026-08-14T13:58:28Z,9.279,15.4021,17.1,0.8904,0.0852,0.3384,2.8175,148.651,120.12184,6.4157,63.746,0.86106,339704.7813745237,0.033,0
2026-08-14T13:58:28Z,9.287,15.4014,17.1,0.8522,0.0852,0.3384,2.6664,148.586,120.069164,6.4067,63.652,0.88746,339335.64684208896,0.031,0
2026-08-14T13:58:28Z,9.295,15.4009,17.1,0.8713,0.0852,0.423,2.7118,148.521,120.01568,6.3948,63.587,0.88535,338956.6083288283,0.03,0
2026-08-14T13:58:28Z,9.302,15.4006,17.1,0.837,0.0852,0.423,2.6815,148.497,119.995133,6.3822,63.537,0.90205,338813.3502022359,0.028,0
2026-08-14T13:58:28Z,9.309,15.4003,17.1,0.8255,0.0852,0.423,2.6664,148.526,120.018048,6.3703,63.496,0.9283,338986.60500986094,0.027,0
2026-08-14T13:58:28Z,9.316,15.4001,17.1,0.7797,0.0852,0.423,2.7269,148.567,120.050528,6.3609,63.468,0.96093,339227.48553386686,0.025,0
2026-08-14T13:58:28Z,9.322,15.3999,17.1,0.795,0.0852,0.3807,2.8024,148.585,120.065227,6.3544,63.463,1.0089,339338.8613284323,0.024,0
2026-08-14T13:58:28Z,9.328,15.3996,17.1,0.8713,0.0852,0.3807,2.7571,148.587,120.066065,6.3495,63.485,0.99363,339351.3519260104,0.023,0
2026-08-14T13:58:28Z,9.333,15.3994,17.1,0.8637,0.0852,0.3807,2.6513,148.587,120.065268,6.3455,63.529,1.0115,339349.7970394044,0.022,0
2026-08-14T13:58:28Z,9.338,15.3992,17.1,0.8713,0.0852,0.3807,2.7269,148.59,120.066624,6.3427,63.591,0.98524,339363.93539588194,0.021,0
2026-08-14T13:58:28Z,9.344,15.3991,17.1,0.8713,0.1278,0.423,2.8628,148.578,120.056492,6.3422,63.662,0.97799,339292.2143232345,0.02,0
2026-08-14T13:58:28Z,9.349,15.3989,17.1,0.8713,0.1278,0.423,2.6664,148.54,120.026169,6.3444,63.731,0.89366,339075.5148915729,0.019,0
2026-08-14T13:58:28Z,9.354,15.3986,17.1,0.8789,0.1278,0.423,2.8024,148.507,120.001574,6.3489,63.793,0.87217,338902.7389747588,0.018,0
2026-08-14T13:58:28Z,9.358,15.3983,17.1,0.8446,0.1278,0.423,2.8175,148.502,120.002155,6.3552,63.849,0.79748,338913.3450846295,0.017,0
2026-08-14T13:58:28Z,9.362,15.3981,17.1,0.8484,0.0852,0.3807,2.6664,148.517,120.020064,6.3623,63.891,0.7174,339048.04624881456,0.017,0
2026-08-14T13:58:28Z,9.366,15.3982,17.1,0.856,0.0852,0.3807,2.7571,148.548,120.052076,6.3691,63.907,0.63562,339279.17297897243,0.018,0
2026-08-14T13:58:28Z,9.371,15.399,17.1,0.8789,0.0852,0.3807,2.6966,148.598,120.098726,6.3752,63.883,0.62875,339602.2216108593,0.019,0
2026-08-14T13:58:28Z,9.375,15.4004,17.1,0.8599,0.0852,0.3807,2.6664,148.659,120.152453,6.3806,63.81,0.57403,339964.29005773255,0.02,0
2026-08-14T13:58:28Z,9.38,15.4025,17.1,0.8751,0.0852,0.3807,2.8477,148.721,120.205577,6.3845,63.691,0.52271,340307.2263578227,0.022,0
2026-08-14T13:58:28Z,9.386,15.4047,17.1,0.8789,0.1278,0.3807,2.7269,148.759,120.23626,6.3858,63.536,0.47888,340484.29814773164,0.024,0
2026-08-14T13:58:28Z,9.393,15.4068,17.1,0.8827,0.1278,0.3807,2.7571,148.752,120.226678,6.3831,63.364,0.43502999999999997,340369.4993142526,0.027,0
2026-08-14T13:58:28Z,9.4,15.4084,17.1,0.8789,0.1278,0.3807,2.742,148.708,120.186277,6.3756,63.2,0.42977,340040.49681798765,0.029,0
2026-08-14T13:58:28Z,9.408,15.4093,17.1,0.856,0.1278,0.3807,2.7269,148.647,120.13029,6.3635,63.076,0.43768,339612.9866063505,0.03,0
2026-08-14T13:58:28Z,9.416,15.4092,17.1,0.9514,0.0852,0.2961,2.7269,148.586,120.075791,6.3481,63.012,0.39605,339217.9333073834,0.03,0
2026-08-14T13:58:28Z,9.424,15.4081,17.1,0.9247,0.0852,0.2961,2.7269,148.549,120.042254,6.331,63.011,0.39075,338997.041387729,0.03,0
2026-08-14T13:58:28Z,9.432,15.4062,17.1,0.9133,0.0852,0.2961,2.7269,148.551,120.040738,6.3149,63.061,0.3957,339026.3888927517,0.03,0
2026-08-14T13:58:28Z,9.44,15.4042,17.1,0.9285,0.0852,0.2961,2.7722,148.575,120.058839,6.3028,63.139,0.39279,339200.7758705092,0.029,0
2026-08-14T13:58:28Z,9.447,15.4024,17.19,0.8789,0.1278,0.2538,2.7118,148.595,120.073377,6.2967,63.219,0.39977,339345.0094154745,0.029,0
2026-08-14T13:58:28Z,9.454,15.4011,17.19,0.8751,0.1278,0.2538,2.606,148.591,120.068225,6.2967,63.28,0.39493,339335.12372216966,0.029,0
2026-08-14T13:58:28Z,9.461,15.4002,17.19,0.8675,0.1278,0.2538,2.6966,148.566,120.04601,6.3018,63.307,0.34261,339192.3813551234,0.029,0
2026-08-14T13:58:28Z,9.469,15.3996,17.19,0.8789,0.1278,0.2538,2.7873,148.552,120.032815,6.3098,63.288,0.35489,339109.0016701491,0.029,0
2026-08-14T13:58:28Z,9.477,15.3991,17.19,0.9094,0.1278,0.2538,2.6664,148.572,120.049124,6.3179,63.223,0.36025,339238.4685799042,0.029,0
2026-08-14T13:58:28Z,9.485,15.3985,17.1,0.9323,0.1278,0.3807,2.742,148.619,120.087284,6.3241,63.123,0.36363,339529.39533691504,0.028,0
2026-08-14T13:58:28Z,9.492,15.3978,17.1,0.9133,0.1278,0.3807,2.7269,148.651,120.115465,6.3268,63.01,0.35243,339749.82064220647,0.028,0
2026-08-14T13:58:28Z,9.498,15.3973,17.1,0.8942,0.1278,0.3807,2.742,148.63,120.101172,6.325,62.917,0.34568,339656.22202546796,0.027,0
2026-08-14T13:58:28Z,9.505,15.3971,17.1,0.9094,0.1278,0.3807,2.7571,148.568,120.052598,6.3185,62.877,0.33408,339306.33267431846,0.027,0
2026-08-14T13:58:28Z,9.511,15.3974,17.1,0.9247,0.0852,0.2961,2.8024,148.519,120.012799,6.3085,62.9,0.33928,339009.9499208171,0.027,0
2026-08-14T13:58:28Z,9.517,15.3982,17.1,0.94,0.0852,0.2961,2.5909,148.507,120.001169,6.2971,62.97,0.33678,338908.2291324356,0.029,0
2026-08-14T13:58:28Z,9.524,15.3991,17.1,0.9476,0.0852,0.2961,2.8024,148.514,120.002603,6.2877,63.054,0.33641,338899.54078601586,0.032,0
2026-08-14T13:58:28Z,9.532,15.3997,17.1,0.9667,0.0852,0.2961,3.0441,148.531,120.009483,6.2836,63.12,0.34938,338936.89172803133,0.036,0
2026-08-14T13:58:28Z,9.542,15.3997,17.01,0.9362,0.0852,0.2538,2.9988,148.552,120.017642,6.2858,63.154,0.345,338996.3153926922,0.04,0
2026-08-14T13:58:28Z,9.553,15.3989,17.01,0.9438,0.0852,0.2538,2.9535,148.568,120.023254,6.2929,63.159,0.34938,339054.2014702487,0.045,0
2026-08-14T13:58:28Z,9.565,15.3974,17.01,0.9285,0.0852,0.2538,3.0441,148.595,120.037816,6.3016,63.143,0.35098,339192.19848058396,0.049,0
2026-08-14T13:58:28Z,9.578,15.395,17.01,0.9781,0.0852,0.2538,2.893,148.634,120.063211,6.3085,63.108,0.33423,339428.36731146905,0.053,0
2026-08-14T13:58:28Z,9.592,15.3922,17.19,0.9857,0.1278,0.2538,2.9535,148.68,120.094209,6.3123,63.061,0.3245,339714.0566882126,0.057,0
2026-08-14T13:58:28Z,9.607,15.3896,17.19,1.0086,0.1278,0.2538,2.9686,148.718,120.119073,6.3131,63.013,0.31375,339950.8953661996,0.061,0
2026-08-14T13:58:28Z,9.624,15.3873,17.19,0.959,0.1278,0.2538,2.893,148.71,120.106424,6.3118,62.969,0.3335,339907.6163457869,0.064,0
2026-08-14T13:58:28Z,9.64,15.3853,17.19,0.9247,0.1278,0.2538,2.9535,148.642,120.046888,6.3086,62.928,0.31587,339515.8662165954,0.068,0
2026-08-14T13:58:28Z,9.658,15.3832,17.19,0.9362,0.1278,0.2538,2.9837,148.578,119.990601,6.3042,62.889,0.30435,339150.1615470402,0.072,0
2026-08-14T13:58:28Z,9.676,15.381,17.1,0.9209,0.1278,0.2538,2.9837,148.561,119.972562,6.2997,62.847,0.31002,339065.47679112636,0.075,0
2026-08-14T13:58:28Z,9.696,15.3791,17.1,0.9323,0.1278,0.2538,2.9988,148.565,119.971958,6.2955,62.807,0.28595,339101.4856115591,0.079,0
2026-08-14T13:58:28Z,9.717,15.3775,17.1,0.9094,0.1278,0.2538,3.0139,148.576,119.976626,6.2916,62.782,0.30408,339169.54870882665,0.082,0
2026-08-14T13:58:28Z,9.739,15.376,17.1,0.9209,0.1278,0.2538,3.0139,148.599,119.99181,6.2879,62.775,0.32169,339312.1786309314,0.084,0
2026-08-14T13:58:28Z,9.761,15.3746,17.1,0.9209,0.1278,0.2961,2.9837,148.613,119.999556,6.284,62.785,0.28255,339398.4711145658,0.086,0
2026-08-14T13:58:28Z,9.784,15.3732,17.1,0.9171,0.1278,0.2961,2.9232,148.602,119.987926,6.2802,62.803,0.25285,339343.44875654613,0.087,0
2026-08-14T13:58:28Z,9.806,15.3719,17.1,0.7988,0.1278,0.2961,2.6966,148.596,119.979824,6.2778,62.821,0.24105,339312.02855843125,0.087,0
2026-08-14T13:58:28Z,9.828,15.3707,17.1,0.7988,0.1278,0.2961,2.7118,148.598,119.979089,6.2773,62.835,0.27171,339332.2086935091,0.087,0
2026-08-14T13:58:28Z,9.85,15.3695,17.1,0.7759,0.1278,0.3807,2.7873,148.604,119.981526,6.2785,62.845,0.22865,339375.5279847774,0.086,0
2026-08-14T13:58:28Z,9.872,15.3684,17.1,0.8217,0.1278,0.3807,2.742,148.629,119.999787,6.2804,62.855,0.22855,339532.1743896537,0.086,0
2026-08-14T13:58:28Z,9.894,15.3674,17.1,0.8026,0.1278,0.3807,2.7269,148.66,120.022737,6.2823,62.878,0.23266,339720.9673435279,0.085,0
2026-08-14T13:58:28Z,9.915,15.3666,17.1,0.7721,0.1278,0.3807,2.7873,148.673,120.032492,6.2838,62.917,0.24747,339809.22717296873,0.085,0
2026-08-14T13:58:28Z,9.936,15.3658,17.1,0.7988,0.1278,0.3807,2.7269,148.669,120.027654,6.2849,62.962,0.22915,339790.95712739124,0.084,0
2026-08-14T13:58:28Z,9.958,15.3651,17.1,0.7874,0.1278,0.2961,2.7722,148.654,120.014932,6.286,63.003,0.22603,339713.0011752176,0.084,0
2026-08-14T13:58:28Z,9.979,15.3645,17.1,0.8751,0.1278,0.2961,2.6513,148.661,120.018939,6.2884,63.03,0.2286,339755.0357167862,0.084,0
2026-08-14T13:58:28Z,10.001,15.3641,17.1,0.8675,0.1278,0.2961,2.7269,148.695,120.044744,6.2923,63.036,0.21755,339951.9774890559,0.083,0
2026-08-14T13:58:28Z,10.022,15.3637,17.1,0.8751,0.1278,0.2961,2.7269,148.719,120.063223,6.2969,63.025,0.1994,340095.474362,0.082,0
2026-08-14T13:58:28Z,10.043,15.3634,17.1,0.8484,0.0852,0.2538,2.6211,148.709,120.053298,6.3011,63.007,0.21642,340029.37088622194,0.08,0
2026-08-14T13:58:28Z,10.063,15.363,17.1,0.7416,0.0852,0.2538,2.9232,148.677,120.026325,6.3038,62.982,0.20232,339840.91446630016,0.078,0
2026-08-14T13:58:28Z,10.083,15.3625,17.1,0.7492,0.0852,0.2538,2.9535,148.651,120.005115,6.3045,62.947,0.23793,339696.7179057171,0.075,0
2026-08-14T13:58:28Z,10.102,15.362,17.1,0.7569,0.0852,0.2538,2.8628,148.628,119.986014,6.3035,62.896,0.2109,339567.94709245703,0.071,0
2026-08-14T13:58:28Z,10.12,15.3616,17.1,0.7569,0.0852,0.2115,3.029,148.61,119.97193,6.3017,62.829,0.21831,339473.68168299814,0.067,0
2026-08-14T13:58:28Z,10.137,15.3612,17.1,0.7187,0.0852,0.2115,2.7873,148.592,119.959106,6.2993,62.767,0.22618,339388.62417878734,0.062,0
2026-08-14T13:58:28Z,10.152,15.360900000000001,17.1,0.7263,0.0852,0.2115,2.6966,148.56,119.936121,6.2958,62.733,0.22816,339227.3293931506,0.057,0
2026-08-14T13:58:28Z,10.165,15.3608,17.1,0.7378,0.0852,0.2115,2.7118,148.543,119.924852,6.2907,62.736,0.25324,339147.26232826273,0.053,0
2026-08-14T13:58:28Z,10.178,15.3611,17.1,0.7492,0.1278,0.423,2.8477,148.544,119.926294,6.284,62.773,0.23782,339151.38896868104,0.05,0
2026-08-14T13:58:28Z,10.189,15.3617,17.1,0.7302,0.1278,0.423,2.606,148.54,119.920829,6.2777,62.844,0.25667,339098.7612582313,0.048,0
2026-08-14T13:58:28Z,10.201,15.3626,17.1,0.7073,0.1278,0.423,2.6362,148.529,119.906998,6.2741,62.945,0.26506,338978.7616774119,0.047,0
2026-08-14T13:58:28Z,10.212,15.3634,17.1,0.7492,0.1278,0.423,2.6966,148.512,119.889115,6.2743,63.061,0.20484,338831.3860550932,0.047,0
2026-08-14T13:58:28Z,10.224,15.3635,17.1,0.7607,0.1278,0.423,2.8175,148.517,119.888415,6.2781,63.174,0.24437,338824.15327910223,0.048,0
2026-08-14T13:58:28Z,10.237,15.3627,17.1,0.7912,0.0852,0.3384,2.7269,148.543,119.906711,6.2853,63.267,0.21441,338974.52806228545,0.05,0
2026-08-14T13:58:28Z,10.25,15.3612,17.1,0.795,0.0852,0.3384,2.6815,148.552,119.910876,6.2955,63.328,0.19635,339036.80194934073,0.053,0
2026-08-14T13:58:28Z,10.263,15.3596,17.1,0.795,0.0852,0.3384,2.8175,148.553,119.908021,6.3074,63.363,0.20467,339050.0230550777,0.055,0
2026-08-14T13:58:28Z,10.277,15.3582,17.1,0.8141,0.0852,0.3384,2.7571,148.579,119.925389,6.3189,63.383,0.21642,339206.4807457834,0.058,0
2026-08-14T13:58:28Z,10.293,15.3571,17.1,0.7874,0.1278,0.2961,2.6211,148.625,119.959612,6.3283,63.392,0.19866,339479.59742000507,0.06,0
2026-08-14T13:58:28Z,10.309,15.3561,17.1,0.8026,0.1278,0.2961,2.8024,148.674,119.995809,6.3346,63.4,0.14384,339765.1446638297,0.061,0
2026-08-14T13:58:28Z,10.326,15.355,17.1,0.7836,0.1278,0.2961,2.8477,148.704,120.01763,6.3382,63.416,0.18216,339947.9665698146,0.062,0
2026-08-14T13:58:28Z,10.342,15.3538,17.1,0.7988,0.1278,0.2961,2.6966,148.702,120.012888,6.3403,63.441,0.15585,339938.92551569885,0.062,0
2026-08-14T13:58:28Z,10.358,15.3527,17.1,0.8065,0.1278,0.3384,2.8628,148.672,119.986322,6.3415,63.463,0.14244,339768.35534307023,0.061,0
2026-08-14T13:58:28Z,10.373,15.3517,17.1,0.8141,0.1278,0.3384,2.8175,148.624,119.944848,6.3424,63.468,0.11595,339486.87082364823,0.06,0
2026-08-14T13:58:28Z,10.388,15.3508,17.1,0.8065,0.1278,0.3384,2.7269,148.573,119.901412,6.3441,63.447,0.13751,339189.07211672387,0.058,0
2026-08-14T13:58:28Z,10.403,15.3498,17.1,0.7912,0.1278,0.3384,2.7873,148.545,119.876436,6.3467,63.387,0.13072,339028.16706469835,0.057,0
2026-08-14T13:58:28Z,10.417,15.3489,17.1,0.7378,0.1278,0.3384,2.8326,148.532,119.863261,6.349,63.278,0.11605,338951.22678001714,0.057,0
2026-08-14T13:58:28Z,10.431,15.348,17.1,0.6996,0.1278,0.3807,2.6966,148.509,119.842369,6.3497,63.109,0.11671,338818.0263358902,0.056,0
2026-08-14T13:58:28Z,10.445,15.3472,17.1,0.7607,0.1278,0.3807,2.7269,148.486,119.820191,6.3476,62.888,0.11757,338673.3522786607,0.055,0
2026-08-14T13:58:28Z,10.459,15.3464,17.1,0.7607,0.1278,0.3807,2.6513,148.495,119.824818,6.3418,62.643,0.12328,338724.08441650495,0.054,0
2026-08-14T13:58:28Z,10.474,15.3457,17.1,0.7225,0.1278,0.3807,2.7571,148.556,119.871488,6.331,62.405,0.11595,339079.3079644713,0.053,0
2026-08-14T13:58:28Z,10.488,15.3448,17.1,0.8065,0.1278,0.2115,2.8477,148.642,119.938639,6.3142,62.199,0.11888,339588.5585846496,0.052,0
2026-08-14T13:58:28Z,10.5,15.3438,17.1,0.7874,0.1278,0.2115,2.7571,148.703,119.986168,6.2922,62.043,0.12295,339957.0442008468,0.051,0
2026-08-14T13:58:28Z,10.512,15.3428,17.1,0.7988,0.1278,0.2115,2.6815,148.704,119.984741,6.2678,61.941,0.11666,339967.9542268964,0.05,0
2026-08-14T13:58:28Z,10.524,15.3419,17.1,0.7988,0.1278,0.2115,2.6966,148.657,119.943979,6.2441,61.898,0.11612,339689.3719071306,0.049,0
2026-08-14T13:58:28Z,10.537,15.3411,17.01,0.7492,0.0852,0.2538,2.8175,148.62,119.911024,6.2236,61.911,0.11605,339465.77985718666,0.048,0
2026-08-14T13:58:28Z,10.549,15.3405,17.01,0.734,0.0852,0.2538,2.8175,148.609,119.899091,6.2081,61.969,0.1159,339391.446012004,0.047,0
2026-08-14T13:58:28Z,10.562,15.3398,17.01,0.7492,0.0852,0.2538,2.6966,148.595,119.884994,6.198,62.049,0.11605,339303.45479143684,0.047,0
2026-08-14T13:58:28Z,10.574,15.3389,17.01,0.7454,0.0852,0.2538,2.7571,148.554,119.84897,6.1938,62.127,0.11605,339059.7365599555,0.045,0
2026-08-14T13:58:28Z,10.585,15.3378,17.1,0.7797,0.0852,0.2961,3.0139,148.482,119.789416,6.1952,62.185,0.11623,338648.7948107388,0.043,0
2026-08-14T13:58:28Z,10.596,15.3367,17.1,0.7721,0.0852,0.2961,3.0139,148.434,119.748458,6.2012,62.205,0.116,338373.6305932774,0.041,0
2026-08-14T13:58:28Z,10.606,15.3357,17.1,0.8293,0.0852,0.2961,2.9232,148.426,119.741181,6.2094,62.167,0.11597,338341.8419116071,0.038,0
2026-08-14T13:58:28Z,10.616,15.3349,17.1,0.7836,0.0852,0.2961,3.0139,148.424,119.739639,6.2173,62.058,0.11605,338347.5957920143,0.037,0
2026-08-14T13:58:28Z,10.624,15.3342,17.1,0.7874,0.0852,0.2961,2.7269,148.435,119.749421,6.2231,61.879,0.116,338433.7531651096,0.035,0
2026-08-14T13:58:28Z,10.632,15.3336,17.1,0.8065,0.0852,0.3384,2.6664,148.459,119.769137,6.2252,61.647,0.11607,338590.22155993065,0.035,0
2026-08-14T13:58:28Z,10.64,15.3334,17.1,0.8065,0.0852,0.3384,2.8024,148.479,119.78404,6.2215,61.386,0.116,338703.1338928705,0.035,0
2026-08-14T13:58:28Z,10.649,15.3335,17.1,0.795,0.0852,0.3384,2.6966,148.51,119.806104,6.2105,61.134,0.11615,338861.9187755784,0.036,0
2026-08-14T13:58:28Z,10.659,15.3337,17.1,0.8522,0.0852,0.3384,2.6966,148.538,119.825212,6.1926,60.926,0.11612,338997.05271123257,0.037,0
2026-08-14T13:58:28Z,10.669,15.3338,17.01,0.8675,0.1278,0.3384,2.742,148.529,119.814453,6.1693,60.789,0.11605,338916.4298568871,0.038,0
2026-08-14T13:58:28Z,10.679,15.3333,17.01,0.8637,0.1278,0.3384,2.6211,148.494,119.782959,6.1433,60.724,0.11605,338697.36294346076,0.039,0
2026-08-14T13:58:28Z,10.689,15.3323,17.01,0.8522,0.1278,0.3384,2.742,148.466,119.758339,6.1182,60.717,0.11595,338539.11335127515,0.039,0
2026-08-14T13:58:28Z,10.698,15.3312,17.01,0.9514,0.1278,0.3384,2.7571,148.458,119.75003,6.0976,60.748,0.11987,338501.917726645,0.041,0
2026-08-14T13:58:28Z,10.708,15.33,17.1,0.9247,0.0852,0.2961,2.8024,148.473,119.759817,6.0839,60.798,0.11605,338598.7752882852,0.042,0
2026-08-14T13:58:28Z,10.719,15.329,17.1,0.9171,0.0852,0.2961,2.742,148.495,119.774307,6.0776,60.846,0.11607,338725.7002952748,0.044,0
2026-08-14T13:58:28Z,10.73,15.3282,17.1,0.9209,0.0852,0.2961,2.7269,148.489,119.765358,6.077,60.881,0.11605,338677.4454903611,0.047,0
2026-08-14T13:58:28Z,10.743,15.3275,17.1,0.8866,0.0852,0.2961,2.7269,148.468,119.744586,6.0802,60.902,0.11585,338540.85782545124,0.05,0
2026-08-14T13:58:28Z,10.756,15.3267,17.01,0.8484,0.1278,0.3807,2.6815,148.463,119.736456,6.0853,60.913,0.11602,338498.58368089906,0.052,0
2026-08-14T13:58:28Z,10.77,15.3256,17.01,0.8675,0.1278,0.3807,2.6513,148.473,119.740801,6.0903,60.908,0.11595,338553.64120300056,0.053,0
2026-08-14T13:58:28Z,10.784,15.3243,17.01,0.8713,0.1278,0.3807,2.8175,148.509,119.766781,6.0939,60.878,0.11597,338770.75575978623,0.053,0
2026-08-14T13:58:28Z,10.799,15.323,17.01,0.8522,0.1278,0.3807,2.5607,148.565,119.811322,6.0962,60.822,0.1159,339123.43801900884,0.052,0
2026-08-14T13:58:28Z,10.813,15.3217,17.01,0.8522,0.1278,0.3807,2.3945,148.609,119.848293,6.0975,60.747,0.11615,339421.07612115407,0.049,0
2026-08-14T13:58:28Z,10.826,15.3204,17.19,0.8637,0.1278,0.2961,2.4549,148.637,119.873553,6.0971,60.663,0.11612,339633.3185168477,0.045,0
2026-08-14T13:58:28Z,10.836,15.3194,17.19,0.8866,0.1278,0.2961,2.4398,148.652,119.889836,6.0943,60.573,0.11602,339773.6389336012,0.041,0
2026-08-14T13:58:28Z,10.846,15.3191,17.19,0.7721,0.1278,0.2961,2.5003,148.649,119.889484,6.0887,60.478,0.11595,339777.4642944603,0.038,0
2026-08-14T13:58:28Z,10.854,15.3195,17.19,0.8065,0.1278,0.2961,2.4701,148.627,119.872401,6.0812,60.38,0.11605,339644.08679427876,0.035,0
2026-08-14T13:58:28Z,10.862,15.3207,17.1,0.8141,0.1278,0.3384,2.6211,148.612,119.860038,6.0727,60.285,0.116,339528.1668335914,0.033,0
2026-08-14T13:58:28Z,10.871,15.3219,17.1,0.8065,0.1278,0.3384,2.4247,148.615,119.8631,6.0635,60.192,0.11605,339524.9454676164,0.033,0
2026-08-14T13:58:28Z,10.879,15.3226,17.1,0.8789,0.1278,0.3384,2.4852,148.602,119.852397,6.0538,60.102,0.11602,339431.8413800783,0.033,0
2026-08-14T13:58:28Z,10.887,15.3228,17.1,0.8866,0.1278,0.3384,2.5003,148.572,119.827076,6.044,60.02,0.116,339242.6732995178,0.033,0
2026-08-14T13:58:28Z,10.895,15.3229,17.1,0.8522,0.1278,0.2961,2.4852,148.542,119.800389,6.0345,59.96,0.116,339045.73089874274,0.034,0
2026-08-14T13:58:28Z,10.904,15.323,17.1,0.8866,0.1278,0.2961,2.4549,148.505,119.767219,6.0252,59.947,0.11602,338801.5618445092,0.036,0
2026-08-14T13:58:28Z,10.913,15.323,17.1,0.8789,0.1278,0.2961,2.5305,148.488,119.748726,6.0161,59.999,0.11607,338666.66361652553,0.037,0
2026-08-14T13:58:28Z,10.923,15.3226,17.1,0.8446,0.1278,0.2961,2.4398,148.501,119.753981,6.0079,60.115,0.11597,338713.49665246165,0.037,0
2026-08-14T13:58:28Z,10.933,15.3219,17.1,0.856,0.1278,0.2961,2.4398,148.52,119.766381,6.002,60.278,0.11602,338818.841048512,0.037,0
2026-08-14T13:58:28Z,10.943,15.3207,17.1,0.8675,0.0852,0.423,2.5909,148.53,119.77323,6.0009,60.462,0.11605,338894.3451669622,0.036,0
2026-08-14T13:58:28Z,10.952,15.319,17.1,0.8827,0.0852,0.423,2.606,148.527,119.772353,6.0063,60.644,0.116,338924.12416773743,0.034,0
2026-08-14T13:58:28Z,10.961,15.3174,17.1,0.8637,0.0852,0.423,2.5607,148.529,119.77552,6.0182,60.805,0.1161,338981.2933241877,0.031,0
2026-08-14T13:58:28Z,10.968,15.3162,17.1,0.8789,0.0852,0.423,2.5305,148.532,119.779573,6.0346,60.931,0.11587,339036.42307874083,0.028,0
2026-08-14T13:58:28Z,10.974,15.3159,17.1,0.8675,0.1278,0.3807,2.5003,148.534,119.781595,6.0531,61.01,0.11615,339057.56892030576,0.026,0
2026-08-14T13:58:28Z,10.98,15.3164,17.1,0.8141,0.1278,0.3807,2.4398,148.535,119.782122,6.0713,61.044,0.11612,339050.76652656554,0.024,0
2026-08-14T13:58:28Z,10.986,15.317,17.1,0.795,0.1278,0.3807,2.5305,148.533,119.779296,6.0873,61.038,0.116,339017.36035222694,0.022,0
2026-08-14T13:58:28Z,10.991,15.3175,17.1,0.8141,0.1278,0.3807,2.5607,148.548,119.790366,6.0998,60.995,0.11587,339087.5180960731,0.021,0
2026-08-14T13:58:28Z,10.997,15.3176,17.1,0.795,0.1278,0.3384,2.4398,148.592,119.824285,6.1078,60.91,0.11617,339333.0493355892,0.02,0
2026-08-14T13:58:28Z,11.002,15.3175,17.1,0.795,0.1278,0.3384,2.4701,148.643,119.864093,6.1111,60.778,0.1161,339625.98321508535,0.019,0
2026-08-14T13:58:28Z,11.006,15.3173,17.1,0.8255,0.1278,0.3384,2.5305,148.669,119.8844,6.1106,60.601,0.1161,339778.654120007,0.018,0
2026-08-14T13:58:28Z,11.011,15.3169,17.1,0.8065,0.1278,0.3384,2.5003,148.672,119.886619,6.1063,60.387,0.11617,339803.4080851644,0.017,0
2026-08-14T13:58:28Z,11.015,15.3164,17.1,0.8217,0.1278,0.3384,2.5003,148.668,119.883344,6.0979,60.157,0.116,339790.1383187293,0.017,0
2026-08-14T13:58:28Z,11.019,15.316,17.1,0.8065,0.1278,0.3384,2.5003,148.651,119.869703,6.0847,59.939,0.11592,339698.97125384916,0.017,0
2026-08-14T13:58:28Z,11.023,15.3157,17.1,0.7836,0.1278,0.3384,2.5305,148.612,119.838056,6.0671,59.757,0.11605,339474.1273865473,0.017,0
2026-08-14T13:58:28Z,11.027,15.3155,17.1,0.7988,0.1278,0.3384,2.4549,148.578,119.80997,6.0457,59.627,0.11612,339273.2452453591,0.017,0
2026-08-14T13:58:28Z,11.031,15.3154,17.1,0.7836,0.1278,0.3384,2.5003,148.572,119.803959,6.0226,59.555,0.11592,339231.4787504176,0.017,0
2026-08-14T13:58:28Z,11.036,15.3154,17.1,0.8599,0.0852,0.2961,2.3341,148.587,119.81442,6.0008,59.535,0.1161,339307.8712453741,0.017,0
2026-08-14T13:58:28Z,11.04,15.3154,17.1,0.837,0.0852,0.2961,2.2737,148.621,119.840141,5.9826,59.55,0.11605,339495.74936765304,0.016,0
2026-08-14T13:58:28Z,11.044,15.3152,17.1,0.8637,0.0852,0.2961,2.2132,148.65,119.861976,5.9695,59.572,0.11628,339659.5585087419,0.015,0
2026-08-14T13:58:28Z,11.048,15.3147,17.1,0.8751,0.0852,0.2961,2.2435,148.662,119.871747,5.9624,59.569,0.11612,339741.6363288959,0.014,0
2026-08-14T13:58:28Z,11.051,15.3142,17.1,0.7988,0.1278,0.4653,2.3945,148.672,119.880059,5.9605,59.525,0.1159,339813.0630365668,0.012,0
2026-08-14T13:58:28Z,11.054,15.3137,17.1,0.7721,0.1278,0.4653,2.5607,148.682,119.88913,5.962,59.465,0.1161,339890.04986174667,0.011,0
2026-08-14T13:58:28Z,11.056,15.3133,17.1,0.7797,0.1278,0.4653,2.4398,148.675,119.885376,5.9643,59.425,0.11592,339871.14184685034,0.01,0
2026-08-14T13:58:28Z,11.059,15.3132,17.1,0.7988,0.1278,0.4653,2.4549,148.641,119.859793,5.964,59.434,0.11602,339686.26671925077,0.009,0
2026-08-14T13:58:28Z,11.061,15.3133,17.1,0.7874,0.1278,0.2961,2.1528,148.601,119.829566,5.9597,59.516,0.116,339463.2587604712,0.008,0
2026-08-14T13:58:28Z,11.062,15.3137,17.1,0.795,0.1278,0.2961,2.3341,148.576,119.810636,5.9536,59.673,0.11605,339316.4533178973,0.007,0
2026-08-14T13:58:28Z,11.064,15.3143,17.1,0.8141,0.1278,0.2961,2.183,148.559,119.797957,5.9495,59.891,0.11612,339211.07343286014,0.006,0
2026-08-14T13:58:28Z,11.066,15.3149,17.1,0.7569,0.1278,0.2961,2.2737,148.55,119.790148,5.9503,60.14,0.11597,339141.27264831343,0.006,0
2026-08-14T13:58:28Z,11.067,15.3156,17.1,0.8713,0.1278,0.2961,2.2737,148.568,119.803128,5.9584,60.383,0.11615,339221.13554944214,0.005,0
2026-08-14T13:58:28Z,11.069,15.3161,17.1,0.856,0.1278,0.3807,2.2132,148.604,119.830358,5.9742,60.573,0.11615,339409.34879294765,0.005,0
2026-08-14T13:58:28Z,11.07,15.3163,17.1,0.8446,0.1278,0.3807,2.2435,148.654,119.869097,5.9959,60.684,0.11617,339688.122625127,0.005,0
2026-08-14T13:58:28Z,11.071,15.3161,17.1,0.8446,0.1278,0.3807,2.2586,148.711,119.913673,6.0209,60.719,0.11597,340018.2558835385,0.005,0
2026-08-14T13:58:28Z,11.072,15.3157,17.1,0.8141,0.1278,0.3807,2.319,148.745,119.939967,6.0452,60.695,0.1159,340219.1107726933,0.005,0
2026-08-14T13:58:28Z,11.073,15.3151,17.01,0.8103,0.1278,0.2961,2.2586,148.756,119.946987,6.0643,60.634,0.11605,340283.28851292393,0.005,0
2026-08-14T13:58:28Z,11.074,15.3145,17.01,0.8217,0.1278,0.2961,2.319,148.739,119.932607,6.0755,60.556,0.1161,340190.9110551947,0.004,0
2026-08-14T13:58:28Z,11.076,15.3139,17.01,0.7836,0.1278,0.2961,2.2435,148.681,119.88499,6.0791,60.487,0.11607,339855.50515568146,0.004,0
2026-08-14T13:58:28Z,11.077,15.3135,17.01,0.8141,0.1278,0.2961,2.2283,148.586,119.807439,6.0768,60.429,0.11605,339297.3608346142,0.004,0
2026-08-14T13:58:28Z,11.078,15.3131,17.1,0.8026,0.1278,0.2961,2.1981,148.489,119.729285,6.0707,60.363,0.11605,338735.3666856096,0.004,0
2026-08-14T13:58:28Z,11.079,15.3127,17.1,0.7874,0.1278,0.2961,2.2737,148.444,119.693697,6.063,60.29,0.11605,338484.2748071029,0.004,0
2026-08-14T13:58:28Z,11.08,15.3124,17.1,0.8103,0.1278,0.2961,2.2132,148.459,119.707187,6.0561,60.21,0.11607,338589.0445571031,0.004,0
2026-08-14T13:58:28Z,11.081,15.3122,17.1,0.795,0.1278,0.2961,2.2132,148.496,119.737347,6.0503,60.121,0.11615,338813.34195277793,0.004,0
2026-08-14T13:58:28Z,11.082,15.3122,17.1,0.7797,0.1278,0.3384,2.319,148.522,119.758214,6.0437,60.035,0.11605,338965.6363955516,0.004,0
2026-08-14T13:58:28Z,11.083,15.3124,17.1,0.795,0.1278,0.3384,2.2586,148.543,119.773353,6.0363,59.961,0.11617,339071.8926869253,0.005,0
2026-08-14T13:58:28Z,11.084,15.3127,17.1,0.7912,0.1278,0.3384,2.1679,148.564,119.788799,6.0282,59.91,0.116,339178.27931286517,0.005,0
2026-08-14T13:58:28Z,11.085,15.313,17.1,0.7378,0.1278,0.3384,2.3039,148.552,119.778667,6.0194,59.901,0.11605,339097.90980545746,0.005,0
2026-08-14T13:58:28Z,11.086,15.3129,17.1,0.7416,0.1278,0.3384,2.319,148.507,119.742256,6.0107,59.932,0.11605,338834.26608280104,0.005,0
2026-08-14T13:58:28Z,11.087,15.3125,17.1,0.7492,0.1278,0.3807,2.2435,148.463,119.705862,6.0033,59.98,0.11602,338577.2499501488,0.005,0
2026-08-14T13:58:28Z,11.089,15.312,17.1,0.7569,0.1278,0.3807,2.319,148.43,119.677784,5.9983,60.027,0.116,338383.1071563549,0.005,0
2026-08-14T13:58:28Z,11.09,15.3117,17.1,0.7378,0.1278,0.3807,2.2586,148.41,119.660535,5.9974,60.071,0.116,338263.7197897295,0.005,0
2026-08-14T13:58:28Z,11.091,15.3116,17.1,0.7302,0.1278,0.3807,2.1075,148.408,119.657517,6.0006,60.114,0.116,338243.8424543261,0.005,0
2026-08-14T13:58:28Z,11.092,15.3113,17.1,0.7187,0.1278,0.3384,2.3492,148.422,119.667925,6.0055,60.157,0.11617,338326.09608440247,0.005,0
2026-08-14T13:58:28Z,11.094,15.311,17.1,0.7416,0.1278,0.3384,2.3341,148.456,119.694535,6.0102,60.198,0.11605,338526.5241894708,0.005,0
2026-08-14T13:58:28Z,11.095,15.3105,17.1,0.8065,0.1278,0.3384,2.183,148.518,119.744442,6.0147,60.24,0.1161,338901.2978646872,0.006,0
2026-08-14T13:58:28Z,11.097,15.3102,17.1,0.8103,0.1278,0.3384,2.2132,148.579,119.792948,6.019,60.29,0.116,339261.83983069257,0.006,0
2026-08-14T13:58:28Z,11.098,15.3099,17.1,0.795,0.1278,0.3384,2.319,148.613,119.818983,6.0233,60.334,0.11615,339458.4178769963,0.005,0
2026-08-14T13:58:28Z,11.1,15.3096,17.1,0.8141,0.1278,0.3384,2.2586,148.631,119.833489,6.0274,60.357,0.11617,339570.81088160805,0.005,0
2026-08-14T13:58:28Z,11.101,15.3094,17.1,0.7225,0.1278,0.3384,2.2737,148.635,119.836335,6.0317,60.361,0.116,339595.8745864043,0.005,0
2026-08-14T13:58:28Z,11.103,15.3091,17.1,0.7378,0.1278,0.3384,2.2132,148.609,119.816276,6.0367,60.365,0.116,339455.6956661559,0.005,0
2026-08-14T13:58:28Z,11.104,15.3089,17.1,0.7416,0.1278,0.3384,2.2132,148.57,119.785968,6.0412,60.382,0.11617,339238.5596052583,0.005,0
2026-08-14T13:58:28Z,11.105,15.3086,17.01,0.7645,0.1278,0.2961,2.2737,148.554,119.775334,6.0435,60.416,0.11597,339167.28983323486,0.005,0
2026-08-14T13:58:28Z,11.106,15.3086,17.01,0.7874,0.1278,0.2961,2.2888,148.558,119.779539,6.0439,60.452,0.11602,339197.99799678614,0.005,0
2026-08-14T13:58:28Z,11.107,15.3089,17.01,0.8141,0.1278,0.2961,2.319,148.559,119.781701,6.0443,60.478,0.1161,339207.3950698688,0.005,0
2026-08-14T13:58:28Z,11.108,15.3094,17.01,0.7797,0.1278,0.2961,2.2435,148.554,119.778396,6.0459,60.508,0.11612,339172.6057193931,0.006,0
2026-08-14T13:58:28Z,11.11,15.31,17.1,0.7988,0.1704,0.3807,2.2888,148.536,119.764743,6.0493,60.542,0.11602,339060.13369482104,0.007,0
2026-08-14T13:58:28Z,11.112,15.3105,17.1,0.7302,0.1704,0.3807,2.2586,148.525,119.755104,6.0528,60.564,0.11605,338979.11710858316,0.009,0
2026-08-14T13:58:28Z,11.114,15.3109,17.1,0.7378,0.1704,0.3807,2.2737,148.54,119.76491,6.0554,60.553,0.11605,339042.18498690514,0.01,0
2026-08-14T13:58:28Z,11.117,15.3113,17.1,0.7492,0.1704,0.3807,2.319,148.562,119.778774,6.0583,60.504,0.11605,339134.8880911275,0.012,0
2026-08-14T13:58:28Z,11.12,15.3114,17.1,0.7378,0.1278,0.3384,2.3039,148.566,119.778389,6.0618,60.423,0.11585,339129.9456853603,0.013,0
2026-08-14T13:58:28Z,11.124,15.3111,17.1,0.6729,0.1278,0.3384,2.2283,148.557,119.767653,6.0639,60.326,0.11617,339057.94773528347,0.013,0
2026-08-14T13:58:28Z,11.128,15.3102,17.1,0.6653,0.1278,0.3384,2.2435,148.54,119.751704,6.063,60.232,0.116,338960.6789910561,0.013,0
2026-08-14T13:58:28Z,11.132,15.309,17.1,0.6653,0.1278,0.3384,2.3341,148.519,119.734291,6.0582,60.146,0.116,338859.1231390096,0.011,0
2026-08-14T13:58:28Z,11.135,15.3077,17.1,0.6806,0.1278,0.3807,2.3039,148.515,119.730772,6.0502,60.067,0.11602,338861.1080585427,0.01,0
2026-08-14T13:58:28Z,11.137,15.3066,17.1,0.6691,0.1278,0.3807,2.2132,148.526,119.74021,6.0407,60.004,0.11605,338953.4168791697,0.008,0
2026-08-14T13:58:28Z,11.138,15.3059,17.1,0.6653,0.1278,0.3807,2.2888,148.534,119.749118,6.0314,59.967,0.116,339033.35769583203,0.006,0
2026-08-14T13:58:28Z,11.139,15.3056,17.1,0.6882,0.1278,0.3807,2.2586,148.557,119.769874,6.0228,59.954,0.11595,339191.3175151319,0.004,0
2026-08-14T13:58:28Z,11.139,15.3056,17.1,0.6882,0.1278,0.3807,2.2435,148.598,119.806013,6.0148,59.961,0.11602,339455.32227412687,0.003,0
2026-08-14T13:58:28Z,11.139,15.3059,17.01,0.8332,0.1278,0.2961,2.2283,148.628,119.833166,6.0085,59.989,0.11612,339647.36396091396,0.003,0
2026-08-14T13:58:28Z,11.14,15.3066,17.01,0.8141,0.1278,0.2961,2.3341,148.645,119.848572,6.0048,60.021,0.116,339745.04545222217,0.003,0
2026-08-14T13:58:28Z,11.141,15.3075,17.01,0.8065,0.1278,0.2961,2.1679,148.647,119.852339,6.0033,60.041,0.11617,339753.3769741465,0.003,0
2026-08-14T13:58:28Z,11.142,15.3084,17.01,0.8103,0.1278,0.2961,2.2435,148.607,119.821466,6.0039,60.054,0.1161,339508.5292976663,0.004,0
2026-08-14T13:58:28Z,11.143,15.3094,17.1,0.7302,0.1278,0.423,2.2737,148.529,119.759725,6.0065,60.067,0.1161,339036.2625662235,0.005,0
2026-08-14T13:58:28Z,11.144,15.3101,17.1,0.7225,0.1278,0.423,2.2283,148.46,119.704658,6.0097,60.072,0.11595,338619.48639987316,0.006,0
2026-08-14T13:58:28Z,11.146,15.3107,17.1,0.7302,0.1278,0.423,2.3039,148.425,119.67759,6.0116,60.069,0.116,338409.3017321025,0.007,0
2026-08-14T13:58:28Z,11.147,15.3111,17.1,0.7302,0.1278,0.423,2.3341,148.418,119.673301,6.0129,60.062,0.11617,338369.52391659754,0.008,0
2026-08-14T13:58:28Z,11.149,15.3115,17.1,0.8026,0.1704,0.3384,2.3492,148.434,119.686647,6.0142,60.055,0.11615,338458.3434005086,0.009,0
2026-08-14T13:58:28Z,11.152,15.3119,17.1,0.8141,0.1704,0.3384,2.2435,148.47,119.715186,6.0146,60.059,0.116,338658.0027223944,0.011,0
2026-08-14T13:58:28Z,11.155,15.3123,17.1,0.8065,0.1704,0.3384,2.2132,148.514,119.750526,6.0143,60.079,0.11612,338907.3650681141,0.013,0
2026-08-14T13:58:28Z,11.158,15.3125,17.1,0.8141,0.1704,0.3384,2.2586,148.556,119.784087,6.0135,60.111,0.11602,339148.10520142544,0.014,0
2026-08-14T13:58:28Z,11.162,15.3126,17.1,0.8179,0.1704,0.3384,2.2283,148.599,119.816819,6.0128,60.16,0.11595,339385.02302550693,0.016,0
2026-08-14T13:58:28Z,11.167,15.3127,17.1,0.7454,0.1278,0.3807,2.5456,148.632,119.841447,6.0132,60.231,0.11602,339562.8203097194,0.017,0
2026-08-14T13:58:28Z,11.172,15.3127,17.1,0.7797,0.1278,0.3807,2.4398,148.64,119.844534,6.0152,60.32,0.1159,339585.37592902296,0.018,0
2026-08-14T13:58:28Z,11.177,15.3124,17.1,0.7302,0.1278,0.3807,2.6211,148.627,119.830904,6.0184,60.415,0.11585,339492.1795307515,0.018,0
2026-08-14T13:58:28Z,11.181,15.3118,17.1,0.734,0.1278,0.3807,2.4852,148.609,119.812924,6.0233,60.508,0.11612,339373.61624084064,0.017,0
2026-08-14T13:58:28Z,11.186,15.3111,17.1,0.7988,0.1278,0.3807,2.5154,148.602,119.805805,6.0306,60.606,0.11605,339336.5334327767,0.016,0
2026-08-14T13:58:28Z,11.189,15.31,17.1,0.8103,0.1278,0.3807,2.5607,148.603,119.807646,6.0396,60.718,0.11592,339373.4266044714,0.014,0
2026-08-14T13:58:28Z,11.193,15.3089,17.1,0.8103,0.1278,0.3807,2.5305,148.609,119.814939,6.0493,60.841,0.11595,339450.15712332906,0.013,0
2026-08-14T13:58:28Z,11.196,15.3079,17.1,0.7988,0.1278,0.3807,2.5758,148.629,119.83363,6.0587,60.974,0.11587,339608.0666127778,0.012,0
2026-08-14T13:58:28Z,11.199,15.3074,17.1,0.7378,0.1278,0.2961,2.2283,148.645,119.848698,6.0686,61.117,0.11597,339728.8719284066,0.011,0
2026-08-14T13:58:28Z,11.201,15.3076,17.1,0.7454,0.1278,0.2961,2.2435,148.647,119.852161,6.0798,61.271,0.116,339749.91855089157,0.01,0
2026-08-14T13:58:28Z,11.204,15.3084,17.1,0.7874,0.1278,0.2961,2.2435,148.641,119.848943,6.092,61.432,0.11595,339709.32189551846,0.009,0
2026-08-14T13:58:28Z,11.206,15.3093,17.1,0.7378,0.1278,0.2961,2.2888,148.622,119.834184,6.1052,61.584,0.116,339582.24814677204,0.008,0
2026-08-14T13:58:28Z,11.208,15.3101,17.1,0.8026,0.1278,0.2538,2.4701,148.583,119.80395,6.1194,61.713,0.11595,339344.2890310206,0.008,0
2026-08-14T13:58:28Z,11.21,15.3107,17.1,0.8103,0.1278,0.2538,2.5909,148.546,119.774181,6.1348,61.806,0.11612,339114.0963064218,0.007,0
2026-08-14T13:58:28Z,11.212,15.3111,17.1,0.7836,0.1278,0.2538,2.4247,148.531,119.760945,6.1508,61.857,0.11605,339008.94279253436,0.007,0
2026-08-14T13:58:28Z,11.214,15.3114,17.1,0.8065,0.1278,0.2538,2.5003,148.529,119.756709,6.166,61.862,0.11615,338971.63226635853,0.006,0
2026-08-14T13:58:28Z,11.215,15.3117,17.1,0.7797,0.1278,0.2538,2.5003,148.543,119.766347,6.1788,61.82,0.11597,339035.6012860921,0.006,0
2026-08-14T13:58:28Z,11.217,15.3117,17.1,0.7569,0.1278,0.2961,2.5607,148.576,119.790426,6.1882,61.738,0.116,339211.4140227017,0.005,0
2026-08-14T13:58:28Z,11.218,15.3114,17.1,0.7492,0.1278,0.2961,2.5003,148.606,119.81336400000001,6.1933,61.629,0.11602,339385.3428785016,0.004,0
2026-08-14T13:58:28Z,11.218,15.3107,17.1,0.7416,0.1278,0.2961,2.4398,148.634,119.835277,6.1939,61.517,0.11592,339560.3698773821,0.004,0
2026-08-14T13:58:28Z,11.219,15.3099,17.1,0.8065,0.1278,0.2961,2.2737,148.649,119.846006,6.1899,61.434,0.11605,339655.8440578207,0.004,0
2026-08-14T13:58:28Z,11.22,15.3093,17.1,0.8065,0.0852,0.3807,2.2132,148.643,119.84041,6.1818,61.406,0.11617,339627.74415325164,0.004,0
2026-08-14T13:58:28Z,11.22,15.3088,17.1,0.8141,0.0852,0.3807,2.2132,148.62,119.820997,6.1709,61.438,0.11617,339496.5421936438,0.004,0
2026-08-14T13:58:28Z,11.221,15.3084,17.1,0.8026,0.0852,0.3807,2.183,148.584,119.790594,6.1597,61.523,0.116,339282.9570822573,0.005,0
2026-08-14T13:58:28Z,11.223,15.308,17.1,0.8293,0.0852,0.3807,2.3643,148.566,119.775097,6.1515,61.646,0.11597,339178.2965117999,0.006,0
2026-08-14T13:58:28Z,11.224,15.3077,17.1,0.7912,0.1278,0.423,2.2435,148.579,119.784376,6.1487,61.785,0.11623,339252.4568566711,0.007,0
2026-08-14T13:58:28Z,11.226,15.3073,17.1,0.8065,0.1278,0.423,2.2737,148.604,119.802903,6.1519,61.915,0.11595,339396.3202397739,0.008,0
2026-08-14T13:58:28Z,11.228,15.307,17.1,0.8141,0.1278,0.423,2.2435,148.609,119.805613,6.1605,62.016,0.11607,339422.5149586736,0.009,0
2026-08-14T13:58:28Z,11.23,15.3066,17.1,0.7721,0.1278,0.423,2.1679,148.576,119.777226,6.1729,62.07,0.11595,339223.6717974052,0.01,0
2026-08-14T13:58:28Z,11.233,15.3062,17.1,0.7912,0.1278,0.423,2.2132,148.525,119.734176,6.1868,62.063,0.11597,338917.8480476139,0.012,0
2026-08-14T13:58:28Z,11.236,15.3058,17.1,0.8065,0.1278,0.3807,2.2737,148.474,119.690988,6.1999,62.006,0.1162,338611.1800445273,0.014,0
2026-08-14T13:58:28Z,11.24,15.3053,17.1,0.8179,0.1278,0.3807,2.2737,148.458,119.676151,6.2101,61.922,0.11607,338513.57274469605,0.017,0
2026-08-14T13:58:28Z,11.244,15.3048,17.1,0.8103,0.1278,0.3807,2.5456,148.493,119.701711,6.2155,61.834,0.116,338710.6914881545,0.019,0
2026-08-14T13:58:28Z,11.25,15.3042,17.1,0.8065,0.1278,0.3807,2.4852,148.539,119.736478,6.215,61.761,0.11612,338977.22996873036,0.021,0
2026-08-14T13:58:28Z,11.256,15.3035,17.19,0.7836,0.1278,0.3807,2.5456,148.581,119.769719,6.2093,61.722,0.11615,339234.88843781134,0.022,0
2026-08-14T13:58:28Z,11.262,15.3026,17.19,0.7645,0.1278,0.3807,2.4852,148.608,119.792295,6.201,61.734,0.1161,339419.0055386953,0.022,0
2026-08-14T13:58:28Z,11.268,15.3017,17.19,0.7492,0.1278,0.3807,2.4096,148.608,119.792225,6.1924,61.807,0.11592,339437.6821879363,0.022,0
2026-08-14T13:58:28Z,11.273,15.3011,17.19,0.7454,0.1278,0.3807,2.4549,148.581,119.769489,6.1851,61.938,0.116,339284.3506344711,0.021,0
2026-08-14T13:58:28Z,11.278,15.301,17.1,0.7378,0.1278,0.3384,2.4701,148.538,119.734027,6.1812,62.11,0.116,339027.4692407434,0.02,0
2026-08-14T13:58:28Z,11.283,15.301,17.1,0.7263,0.1278,0.3384,2.4398,148.506,119.708387,6.1825,62.296,0.11602,338840.27065673535,0.019,0
2026-08-14T13:58:28Z,11.288,15.301,17.1,0.734,0.1278,0.3384,2.5607,148.493,119.697736,6.1898,62.464,0.11617,338762.5251485422,0.018,0
2026-08-14T13:58:28Z,11.292,15.3008,17.1,0.7302,0.1278,0.3384,2.5305,148.484,119.691231,6.2029,62.594,0.11595,338719.3028358234,0.016,0
2026-08-14T13:58:28Z,11.296,15.3005,17.1,0.7378,0.1278,0.2538,2.5003,148.477,119.687137,6.2202,62.679,0.11602,338695.80644008826,0.015,0
2026-08-14T13:58:28Z,11.3,15.3004,17.1,0.7149,0.1278,0.2538,2.5456,148.482,119.692365,6.2388,62.728,0.11595,338736.08765996003,0.014,0
2026-08-14T13:58:28Z,11.303,15.3006,17.1,0.795,0.1278,0.2538,2.5305,148.496,119.704307,6.2556,62.752,0.116,338818.9945914577,0.013,0
2026-08-14T13:58:28Z,11.306,15.3008,17.1,0.8293,0.1278,0.2538,2.4701,148.506,119.714146,6.2685,62.754,0.11595,338886.560204176,0.012,0
2026-08-14T13:58:28Z,11.309,15.3012,17.1,0.8141,0.1278,0.2538,2.5305,148.507,119.716505,6.2771,62.737,0.11605,338895.26534603303,0.011,0
2026-08-14T13:58:28Z,11.311,15.3016,17.1,0.7988,0.1278,0.3807,2.4096,148.484,119.70001,6.2819,62.716,0.1159,338766.3442732224,0.01,0
2026-08-14T13:58:28Z,11.314,15.3021,17.1,0.8522,0.1278,0.3807,2.2132,148.451,119.674266,6.2842,62.706,0.1159,338567.8445472323,0.01,0
2026-08-14T13:58:28Z,11.316,15.3025,17.1,0.8408,0.1278,0.3807,2.2132,148.442,119.668414,6.2844,62.701,0.11617,338516.642994867,0.01,0
2026-08-14T13:58:28Z,11.319,15.303,17.1,0.8675,0.1278,0.3807,2.3039,148.467,119.690894,6.2826,62.688,0.11615,338670.02494912455,0.01,0
2026-08-14T13:58:28Z,11.321,15.3036,17.1,0.8446,0.1278,0.3807,2.1679,148.527,119.741701,6.2804,62.661,0.11605,339028.11477945553,0.01,0
2026-08-14T13:58:28Z,11.323,15.3041,17.1,0.795,0.1278,0.3807,2.5909,148.599,119.802378,6.2793,62.617,0.11605,339460.675631372,0.011,0
2026-08-14T13:58:28Z,11.326,15.3046,17.1,0.8217,0.1278,0.3807,2.5758,148.637,119.835095,6.2788,62.55,0.11602,339689.1311117214,0.012,0
2026-08-14T13:58:28Z,11.329,15.3052,17.1,0.795,0.1278,0.3807,2.4701,148.642,119.840577,6.2774,62.455,0.11617,339716.4019810684,0.013,0
2026-08-14T13:58:28Z,11.332,15.306,17.1,0.8141,0.1278,0.3384,2.4247,148.643,119.840288,6.2746,62.333,0.11605,339697.2168513393,0.014,0
2026-08-14T13:58:28Z,11.336,15.3069,17.1,0.7263,0.1278,0.3384,2.5305,148.629,119.82615,6.2701,62.19,0.11612,339574.6766445992,0.016,0
2026-08-14T13:58:28Z,11.34,15.3076,17.1,0.7378,0.1278,0.3384,2.4398,148.592,119.790393,6.2633,62.041,0.11597,339298.4932544518,0.019,0
2026-08-14T13:58:28Z,11.345,15.308,17.1,0.7302,0.1278,0.3384,2.5305,148.56,119.757486,6.2537,61.91,0.11592,339049.65297512343,0.021,0
2026-08-14T13:58:28Z,11.351,15.3078,17.1,0.7492,0.1278,0.3384,2.5607,148.553,119.744659,6.2415,61.815,0.116,338960.2639555142,0.022,0
2026-08-14T13:58:28Z,11.358,15.3067,17.1,0.7988,0.0852,0.3807,2.4701,148.558,119.744489,6.2273,61.771,0.11595,338982.4418718277,0.022,0
2026-08-14T13:58:28Z,11.364,15.3048,17.1,0.8026,0.0852,0.3807,2.5003,148.577,119.756931,6.2127,61.79,0.11605,339113.7513674804,0.022,0
2026-08-14T13:58:28Z,11.37,15.3024,17.1,0.7836,0.0852,0.3807,2.5003,148.61,119.783304,6.1998,61.871,0.116,339357.533921363,0.021,0
2026-08-14T13:58:28Z,11.375,15.3001,17.1,0.7797,0.0852,0.3807,2.4701,148.642,119.808635,6.1906,62.004,0.11605,339591.701662618,0.019,0
2026-08-14T13:58:28Z,11.379,15.298400000000001,17.1,0.7416,0.1278,0.2961,2.4247,148.645,119.811675,6.1865,62.17,0.116,339650.19464326237,0.017,0
2026-08-14T13:58:28Z,11.383,15.2976,17.1,0.7302,0.1278,0.2961,2.4247,148.627,119.797235,6.1885,62.348,0.1161,339561.7000041303,0.015,0
2026-08-14T13:58:28Z,11.386,15.2974,17.1,0.7378,0.1278,0.2961,2.4398,148.617,119.789469,6.1967,62.517,0.116,339509.19939796807,0.014,0
2026-08-14T13:58:28Z,11.389,15.2974,17.1,0.7416,0.1278,0.2961,2.4701,148.612,119.786307,6.21,62.659,0.11612,339486.0870637531,0.013,0
2026-08-14T13:58:28Z,11.392,15.2975,17.1,0.753,0.1278,0.2961,2.3945,148.598,119.774903,6.2266,62.77,0.11605,339400.60938752413,0.012,0
2026-08-14T13:58:28Z,11.395,15.2976,17.1,0.7645,0.1278,0.2961,2.5607,148.584,119.764218,6.2444,62.853,0.11615,339320.398758613,0.012,0
2026-08-14T13:58:28Z,11.398,15.2978,17.1,0.753,0.1278,0.2961,2.4701,148.583,119.763406,6.2613,62.907,0.116,339310.2011968655,0.013,0
2026-08-14T13:58:28Z,11.401,15.2979,17.1,0.7302,0.1278,0.2961,2.4398,148.595,119.772249,6.2755,62.931,0.11605,339372.68302352616,0.014,0
2026-08-14T13:58:28Z,11.405,15.298,17.1,0.7797,0.1278,0.2538,2.4701,148.612,119.785104,6.2866,62.928,0.11595,339464.49245702405,0.015,0
2026-08-14T13:58:28Z,11.408,15.2981,17.1,0.8026,0.1278,0.2538,2.4701,148.624,119.793398,6.2949,62.903,0.11592,339522.977782225,0.017,0
2026-08-14T13:58:28Z,11.413,15.2981,17.1,0.7874,0.1278,0.2538,2.4549,148.615,119.78334,6.3003,62.865,0.11612,339449.46435610205,0.019,0
2026-08-14T13:58:28Z,11.418,15.298,17.1,0.8141,0.1278,0.2538,2.4398,148.576,119.748245,6.3027,62.828,0.11605,339195.16875744186,0.022,0
2026-08-14T13:58:28Z,11.424,15.2978,17.1,0.8522,0.1278,0.2538,2.7269,148.544,119.716762,6.3024,62.801,0.116,338969.49200021575,0.024,0
2026-08-14T13:58:28Z,11.431,15.2973,17.01,0.8408,0.0852,0.4653,2.6513,148.533,119.702498,6.3,62.791,0.11605,338875.9878499154,0.025,0
2026-08-14T13:58:28Z,11.438,15.2963,17.01,0.8599,0.0852,0.4653,2.8175,148.523,119.689649,6.2964,62.795,0.11607,338803.4688417621,0.027,0
2026-08-14T13:58:28Z,11.445,15.2949,17.01,0.8942,0.0852,0.4653,2.6966,148.514,119.678788,6.2928,62.808,0.116,338753.97980373085,0.027,0
2026-08-14T13:58:28Z,11.452,15.2932,17.01,0.7302,0.0852,0.4653,2.4701,148.51,119.673019,6.2903,62.829,0.11617,338748.04552345845,0.027,0
2026-08-14T13:58:28Z,11.46,15.2914,17.1,0.7378,0.1278,0.3384,2.4701,148.506,119.668804,6.2896,62.849,0.116,338755.5832875991,0.026,0
2026-08-14T13:58:28Z,11.466,15.2897,17.1,0.7569,0.1278,0.3384,2.4701,148.5,119.665018,6.2902,62.858,0.11595,338764.1247836027,0.024,0
2026-08-14T13:58:28Z,11.472,15.2883,17.1,0.7111,0.1278,0.3384,2.4701,148.504,119.670654,6.2917,62.854,0.1159,338835.07625347155,0.022,0
2026-08-14T13:58:28Z,11.477,15.2874,17.1,0.7721,0.1278,0.3384,2.5909,148.531,119.697216,6.2939,62.842,0.1161,339048.2352466412,0.02,0
2026-08-14T13:58:28Z,11.482,15.2872,17.19,0.7492,0.1278,0.2961,2.5154,148.566,119.729784,6.2959,62.827,0.116,339290.4552217894,0.019,0
2026-08-14T13:58:28Z,11.486,15.2875,17.19,0.7225,0.1278,0.2961,2.4398,148.586,119.751038,6.2968,62.815,0.11602,339439.4040425318,0.017,0
2026-08-14T13:58:28Z,11.49,15.2884,17.19,0.7302,0.1278,0.2961,2.4549,148.602,119.766648,6.2963,62.809,0.11612,339534.322471309,0.016,0
2026-08-14T13:58:28Z,11.494,15.2899,17.19,0.7492,0.1278,0.2961,2.4701,148.619,119.780775,6.2949,62.809,0.11612,339605.60550311493,0.015,0
2026-08-14T13:58:28Z,11.498,15.2916,17.19,0.7454,0.1278,0.2961,2.4852,148.632,119.789185,6.2931,62.815,0.11612,339630.82026872603,0.014,0
2026-08-14T13:58:28Z,11.501,15.2932,17.1,0.7149,0.1278,0.3807,2.5305,148.638,119.790121,6.2917,62.826,0.116,339603.5215283912,0.013,0
2026-08-14T13:58:28Z,11.505,15.2941,17.1,0.7569,0.1278,0.3807,2.5003,148.65,119.795833,6.291,62.838,0.11585,339626.0783809137,0.012,0
2026-08-14T13:58:28Z,11.508,15.2942,17.1,0.8141,0.1278,0.3807,2.2283,148.674,119.811845,6.291,62.85,0.11607,339741.02385242726,0.011,0
2026-08-14T13:58:28Z,11.51,15.2935,17.1,0.8141,0.1278,0.3807,2.3341,148.685,119.818423,6.2917,62.856,0.11612,339804.0731580486,0.011,0
2026-08-14T13:58:28Z,11.513,15.2923,17.1,0.7721,0.1278,0.2115,2.2435,148.68,119.813321,6.2929,62.859,0.11612,339792.3763205031,0.011,0
2026-08-14T13:58:28Z,11.515,15.291,17.1,0.7912,0.1278,0.2115,2.3039,148.677,119.811179,6.2943,62.861,0.116,339804.4637880421,0.011,0
2026-08-14T13:58:28Z,11.518,15.2899,17.1,0.7225,0.1278,0.2115,2.2737,148.677,119.811428,6.2957,62.861,0.11597,339829.7706177723,0.011,0
2026-08-14T13:58:28Z,11.52,15.2891,17.1,0.7645,0.1278,0.2115,2.1226,148.684,119.818134,6.2964,62.85,0.11595,339895.90982933267,0.012,0
2026-08-14T13:58:28Z,11.523,15.2887,17.1,0.7569,0.1278,0.2538,2.2888,148.691,119.825084,6.2967,62.823,0.11607,339955.29983375326,0.013,0
2026-08-14T13:58:28Z,11.526,15.2887,17.1,0.7454,0.1278,0.2538,2.1226,148.672,119.810128,6.297,62.779,0.11595,339845.881942129,0.016,0
2026-08-14T13:58:28Z,11.53,15.2889,17.1,0.7607,0.1278,0.2538,2.2737,148.627,119.773278,6.2969,62.724,0.1161,339572.113702436,0.018,0
2026-08-14T13:58:28Z,11.535,15.2893,17.1,0.7988,0.1278,0.2538,2.3039,148.573,119.728711,6.2958,62.666,0.1161,339237.82726889435,0.02,0
2026-08-14T13:58:28Z,11.541,15.2896,17.1,0.7988,0.1278,0.3384,2.1981,148.526,119.690547,6.293,62.616,0.1159,338952.6385549141,0.023,0
2026-08-14T13:58:28Z,11.548,15.2897,17.1,0.8103,0.1278,0.3384,2.2132,148.5,119.668613,6.2886,62.585,0.11605,338790.3408621509,0.024,0
2026-08-14T13:58:28Z,11.555,15.2896,17.1,0.9056,0.1278,0.3384,2.5003,148.491,119.66106,6.283,62.577,0.11628,338737.3239749594,0.025,0
2026-08-14T13:58:28Z,11.561,15.2894,17.1,0.9247,0.1278,0.3384,2.4701,148.494,119.663874,6.2773,62.596,0.11607,338762.1220620263,0.024,0
2026-08-14T13:58:28Z,11.568,15.2891,17.1,0.8866,0.1278,0.3384,2.5305,148.511,119.677804,6.2723,62.636,0.11595,338870.2166610388,0.023,0
2026-08-14T13:58:28Z,11.574,15.2889,17.19,0.9285,0.1278,0.2115,2.5154,148.539,119.700565,6.2692,62.679,0.1159,339040.70675466897,0.022,0
2026-08-14T13:58:28Z,11.579,15.2888,17.19,0.9247,0.1278,0.2115,2.1679,148.568,119.724224,6.2684,62.71,0.11612,339215.6815005195,0.02,0
2026-08-14T13:58:28Z,11.584,15.2888,17.19,0.9209,0.1278,0.2115,2.183,148.6,119.751088,6.2703,62.717,0.11595,339412.0061139026,0.019,0
2026-08-14T13:58:28Z,11.588,15.2889,17.19,0.9209,0.1278,0.2115,2.2888,148.645,119.788323,6.2743,62.706,0.11612,339682.104594627,0.018,0
2026-08-14T13:58:28Z,11.592,15.289,17.1,0.9209,0.0852,0.2961,2.2737,148.686,119.821852,6.2787,62.694,0.11605,339925.21869969,0.017,0
2026-08-14T13:58:28Z,11.596,15.2891,17.1,0.7607,0.0852,0.2961,2.1528,148.699,119.832613,6.2817,62.691,0.11592,340001.81572575663,0.016,0
2026-08-14T13:58:28Z,11.6,15.2893,17.1,0.7225,0.0852,0.2961,2.1377,148.683,119.819474,6.2824,62.703,0.11615,339901.4107178362,0.016,0
2026-08-14T13:58:28Z,11.604,15.2896,17.1,0.7416,0.0852,0.2961,2.319,148.648,119.790933,6.2813,62.736,0.11607,339686.24505946337,0.016,0
2026-08-14T13:58:28Z,11.607,15.29,17.1,0.7378,0.0852,0.2961,2.2888,148.606,119.755384,6.28,62.789,0.11623,339417.8064347284,0.016,0
2026-08-14T13:58:28Z,11.611,15.2901,17.1,0.8599,0.0852,0.2961,2.2435,148.571,119.725348,6.2797,62.849,0.11617,339196.1743491163,0.016,0
2026-08-14T13:58:28Z,11.616,15.29,17.1,0.898,0.0852,0.2961,2.319,148.561,119.714821,6.281,62.9,0.11605,339121.39461342583,0.016,0
2026-08-14T13:58:28Z,11.62,15.2897,17.1,0.8599,0.0852,0.2961,2.3643,148.574,119.722995,6.2843,62.933,0.116,339187.5038825532,0.016,0
2026-08-14T13:58:28Z,11.625,15.2892,17.1,0.8522,0.0852,0.2961,2.3341,148.585,119.730047,6.2897,62.942,0.1159,339249.6868968414,0.016,0
2026-08-14T13:58:28Z,11.629,15.2885,17.19,0.795,0.1278,0.423,2.2132,148.577,119.721854,6.2958,62.925,0.116,339204.73937503947,0.016,0
2026-08-14T13:58:28Z,11.633,15.2877,17.19,0.8065,0.1278,0.423,2.2888,148.561,119.708234,6.301,62.881,0.11617,339122.27475117525,0.015,0
2026-08-14T13:58:28Z,11.636,15.287,17.19,0.795,0.1278,0.423,2.183,148.545,119.693555,6.3044,62.811,0.11605,339029.95325899654,0.014,0
2026-08-14T13:58:28Z,11.64,15.2864,17.19,0.795,0.1278,0.423,2.2888,148.524,119.675903,6.3054,62.717,0.116,338913.8005054568,0.013,0
2026-08-14T13:58:28Z,11.643,15.2859,17.1,0.753,0.1278,0.3384,2.4701,148.507,119.660574,6.3037,62.616,0.11605,338812.5025795739,0.013,0
2026-08-14T13:58:28Z,11.646,15.2855,17.1,0.734,0.1278,0.3384,2.5456,148.497,119.651481,6.2994,62.52,0.116,338754.6219009813,0.012,0
2026-08-14T13:58:28Z,11.649,15.2851,17.1,0.7492,0.1278,0.3384,2.5003,148.497,119.650198,6.2924,62.433,0.11597,338753.767528013,0.011,0
2026-08-14T13:58:28Z,11.652,15.2848,17.1,0.7302,0.1278,0.3384,2.4701,148.521,119.668387,6.2831,62.356,0.11607,338892.97694059863,0.011,0
2026-08-14T13:58:28Z,11.655,15.2844,17.1,0.7492,0.1278,0.423,2.3945,148.57,119.706897,6.273,62.296,0.11595,339182.82423459424,0.01,0
2026-08-14T13:58:28Z,11.657,15.284,17.1,0.6806,0.1278,0.423,2.2132,148.604,119.733989,6.2634,62.259,0.11602,339389.3569844978,0.009,0
2026-08-14T13:58:28Z,11.659,15.2836,17.1,0.6958,0.1278,0.423,2.3039,148.61,119.738885,6.2547,62.249,0.11615,339433.6790374552,0.008,0
2026-08-14T13:58:28Z,11.661,15.2832,17.1,0.6729,0.1278,0.423,2.2435,148.6,119.730893,6.2471,62.267,0.11605,339383.7849422415,0.008,0
2026-08-14T13:58:28Z,11.663,15.2829,17.1,0.6729,0.1278,0.3807,2.2132,148.566,119.70388,6.2411,62.311,0.11592,339192.7459929047,0.007,0
2026-08-14T13:58:28Z,11.665,15.2827,17.1,0.7874,0.1278,0.3807,2.2435,148.511,119.660645,6.2375,62.369,0.11617,338881.1489497815,0.006,0
2026-08-14T13:58:28Z,11.667,15.2827,17.1,0.7988,0.1278,0.3807,2.2737,148.472,119.629666,6.2365,62.438,0.11617,338654.93716103357,0.006,0
2026-08-14T13:58:28Z,11.668,15.2827,17.1,0.8141,0.1278,0.3807,2.2737,148.469,119.628685,6.2383,62.51,0.11592,338647.774943569,0.005,0
2026-08-14T13:58:28Z,11.67,15.2829,17.1,0.7988,0.1278,0.3807,2.2435,148.494,119.649439,6.2426,62.575,0.11595,338795.0512920009,0.005,0
2026-08-14T13:58:28Z,11.671,15.2831,17.1,0.795,0.1278,0.423,2.5305,148.531,119.679461,6.2484,62.621,0.11597,339010.066118945,0.004,0
2026-08-14T13:58:28Z,11.672,15.2834,17.1,0.8065,0.1278,0.423,2.5456,148.554,119.698751,6.2552,62.64,0.1161,339144.6072431071,0.004,0
2026-08-14T13:58:28Z,11.673,15.2837,17.1,0.7874,0.1278,0.423,2.5305,148.528,119.678447,6.2625,62.635,0.11595,338989.8765582499,0.003,0
2026-08-14T13:58:28Z,11.673,15.2839,17.1,0.7912,0.1278,0.423,2.5003,148.436,119.605134,6.2689,62.612,0.11597,338450.34343308676,0.003,0
2026-08-14T13:58:28Z,11.674,15.2841,17.1,0.7302,0.1278,0.3384,2.5305,148.273,119.475265,6.2735,62.574,0.11595,337499.1713222929,0.003,0
2026-08-14T13:58:28Z,11.675,15.2843,17.1,0.734,0.1278,0.3384,2.4701,148.016,119.27021,6.2755,62.516,0.1161,336003.1251487002,0.003,0
2026-08-14T13:58:28Z,11.676,15.2845,17.1,0.7645,0.1278,0.3384,2.5758,147.64,118.969294,6.2749,62.447,0.11592,333817.0344044036,0.002,0
2026-08-14T13:58:28Z,11.676,15.2849,17.1,0.7454,0.1278,0.3384,2.5003,147.096,118.53228,6.2725,62.385,0.116,330655.50618881645,0.002,0
2026-08-14T13:58:28Z,11.677,15.2854,17.1,0.7035,0.1278,0.423,2.5758,146.256,117.856632,6.2686,62.348,0.11602,325806.30871562456,0.002,0
2026-08-14T13:58:28Z,11.677,15.286,17.1,0.753,0.1278,0.423,2.5003,144.896,116.762178,6.2628,62.338,0.11615,318048.48993247753,0.002,0
2026-08-14T13:58:28Z,11.678,15.2867,17.1,0.7149,0.1278,0.423,2.4398,142.638,114.94306,6.2557,62.35,0.116,305412.23014318896,0.002,0
2026-08-14T13:58:28Z,11.678,15.2873,17.1,0.7416,0.1278,0.423,2.5305,138.839,111.882177,6.2495,62.37,0.11605,284864.11697482446,0.002,0
2026-08-14T13:58:28Z,11.678,15.2877,17.1,0.8026,0.0852,0.3807,2.2435,132.439,106.725286,6.2457,62.388,0.11605,252214.29553249356,0.002,0
2026-08-14T13:58:28Z,11.679,15.2881,17.1,0.8141,0.0852,0.3807,2.319,121.672,98.049208,6.2447,62.394,0.11605,202669.05974939358,0.002,0
2026-08-14T13:58:28Z,11.68,15.2885,17.1,0.7988,0.0852,0.3807,2.2132,103.633,83.512317,6.2458,62.376,0.11595,133997.4676523399,0.002,0
2026-08-14T13:58:28Z,11.68,15.2888,17.1,0.7912,0.0852,0.3807,2.3341,73.526,59.25011,6.2478,62.335,0.11605,55431.01220055472,0.002,0
2026-08-14T13:58:28Z,11.68,15.2891,17.1,0.7912,0.0852,0.3807,2.2435,23.363,18.824671,6.2495,62.289,0.11607,3250.530742719556,0.002,0
2026-08-14T13:58:28Z,11.681,15.2895,17.19,0.8065,0.0852,0.3384,2.1679,-60.185,-48.508109,6.2501,62.265,0.116,NA,0.002,0
2026-08-14T13:58:28Z,11.681,15.2901,17.19,0.8065,0.0852,0.3384,2.2737,-199.375,-160.685635,6.2482,62.269,0.11602,NA,0.002,0
2026-08-14T13:58:28Z,11.682,15.291,17.19,0.8065,0.0852,0.3384,2.2435,-431.316,-347.615914,6.244,62.3,0.11602,NA,0.002,0
2026-08-14T13:58:28Z,11.682,15.292,17.19,0.795,0.0852,0.3384,2.2132,-576.264,-464.435874,6.2393,62.356,0.11605,NA,0.002,0
2026-08-14T13:58:28Z,11.683,15.293,17.1,0.7797,0.1278,0.3807,2.2888,-431.285,-347.590358,6.2368,62.427,0.11605,NA,0.002,0
2026-08-14T13:58:28Z,11.683,15.2937,17.1,0.795,0.1278,0.3807,2.3341,-199.309,-160.629709,6.2372,62.499,0.11605,NA,0.002,0
2026-08-14T13:58:28Z,11.683,15.294,17.1,0.7836,0.1278,0.3807,2.3039,-60.096,-48.430903,6.2405,62.56,0.11612,NA,0.001,0
2026-08-14T13:58:28Z,11.684,15.2941,17.1,0.7797,0.1278,0.3807,2.2435,23.427,18.885734,6.2462,62.602,0.11605,3274.0498468864976,0.001,0
2026-08-14T13:58:28Z,11.684,15.2942,17.1,0.795,0.1278,0.2115,2.2737,73.521,59.259304,6.2532,62.623,0.11597,55434.59580607951,0.002,0
2026-08-14T13:58:28Z,11.685,15.2944,17.1,0.8026,0.1278,0.2115,2.2737,103.564,83.472096,6.2601,62.628,0.11587,133781.93330015807,0.002,0
2026-08-14T13:58:28Z,11.685,15.2948,17.1,0.7836,0.1278,0.2115,2.1377,121.588,97.996856,6.2661,62.625,0.11577,202305.17048390096,0.002,0
2026-08-14T13:58:28Z,11.686,15.2953,17.1,0.8179,0.1278,0.2115,2.2586,132.387,106.698853,6.2702,62.623,0.116,251933.06325704942,0.002,0
2026-08-14T13:58:28Z,11.686,15.2954,17.1,0.8103,0.1278,0.2115,2.2737,138.84,111.898618,6.2723,62.625,0.11595,284827.22125957947,0.003,0
2026-08-14T13:58:28Z,11.687,15.2952,17.1,0.795,0.1278,0.3384,2.2283,142.71,115.016761,6.2728,62.628,0.1162,305754.288283072,0.003,0
2026-08-14T13:58:28Z,11.687,15.2948,17.1,0.7988,0.1278,0.3384,2.1679,145.051,116.902791,6.2726,62.629,0.11597,318860.9348571446,0.003,0
2026-08-14T13:58:28Z,11.688,15.2943,17.1,0.8522,0.1278,0.3384,2.2435,146.475,118.049647,6.2724,62.628,0.11612,327001.29304215114,0.003,0
2026-08-14T13:58:28Z,11.69,15.294,17.1,0.8827,0.1278,0.3384,2.2435,147.339,118.745153,6.2727,62.631,0.1159,331999.2674733374,0.003,0
2026-08-14T13:58:28Z,11.691,15.2938,17.1,0.8675,0.0852,0.2961,2.2132,147.842,119.150775,6.2729,62.637,0.116,334936.0965945498,0.003,0
2026-08-14T13:58:28Z,11.691,15.2935,17.1,0.8637,0.0852,0.2961,2.2737,148.114,119.370677,6.273,62.637,0.11607,336538.93348447664,0.003,0
2026-08-14T13:58:28Z,11.692,15.2932,17.1,0.9285,0.0852,0.2961,2.2132,148.255,119.485503,6.2731,62.625,0.11617,337380.7930895794,0.004,0
2026-08-14T13:58:28Z,11.693,15.293,17.1,0.9056,0.0852,0.2961,2.1528,148.322,119.539877,6.2734,62.602,0.11595,337781.1246386592,0.004,0
2026-08-14T13:58:28Z,11.694,15.2931,17.1,0.9094,0.1278,0.2961,2.2737,148.359,119.568302,6.274,62.566,0.11612,337986.1784537017,0.004,0
2026-08-14T13:58:28Z,11.695,15.2934,17.1,0.9323,0.1278,0.2961,2.2586,148.414,119.610362,6.2739,62.52,0.11628,338286.49982022314,0.004,0
2026-08-14T13:58:28Z,11.696,15.2937,17.1,0.795,0.1278,0.2961,2.4398,148.488,119.667273,6.2727,62.465,0.11612,338695.3686712169,0.004,0
2026-08-14T13:58:28Z,11.698,15.2937,17.1,0.8026,0.1278,0.2961,2.5305,148.567,119.728205,6.2703,62.396,0.11595,339140.2977278328,0.005,0
2026-08-14T13:58:28Z,11.699,15.2934,17.1,0.8293,0.1278,0.3807,2.5607,148.641,119.785404,6.2668,62.314,0.11597,339564.6934887744,0.005,0
2026-08-14T13:58:28Z,11.7,15.2926,17.1,0.7721,0.1278,0.3807,2.4549,148.689,119.822116,6.2622,62.227,0.11602,339850.2278337028,0.005,0
2026-08-14T13:58:28Z,11.701,15.2916,17.1,0.7912,0.1278,0.3807,2.3945,148.708,119.836129,6.2569,62.152,0.11607,339974.0953372073,0.006,0
2026-08-14T13:58:28Z,11.702,15.2906,17.1,0.8217,0.1278,0.3807,2.5305,148.704,119.831181,6.2501,62.107,0.11597,339959.25441960455,0.007,0
2026-08-14T13:58:28Z,11.704,15.2898,17.1,0.795,0.1278,0.3807,2.4096,148.67,119.80195,6.242,62.108,0.11617,339762.5090442857,0.008,0
2026-08-14T13:58:28Z,11.706,15.2892,17.01,0.7988,0.0852,0.3807,2.4398,148.618,119.758645,6.2334,62.157,0.11607,339458.6677388307,0.01,0
2026-08-14T13:58:28Z,11.709,15.2888,17.01,0.8675,0.0852,0.3807,2.606,148.593,119.737726,6.2259,62.245,0.1161,339314.2977482312,0.011,0
2026-08-14T13:58:28Z,11.713,15.2883,17.01,0.8217,0.0852,0.3807,2.5909,148.601,119.745616,6.2214,62.361,0.11607,339382.6232817231,0.011,0
2026-08-14T13:58:28Z,11.716,15.2876,17.01,0.837,0.0852,0.3807,2.3945,148.611,119.756416,6.2216,62.482,0.11612,339476.4980024509,0.011,0
2026-08-14T13:58:28Z,11.719,15.2869,17.19,0.8637,0.0852,0.2538,2.5305,148.622,119.769004,6.2266,62.582,0.11592,339583.46557101223,0.011,0
2026-08-14T13:58:28Z,11.722,15.2868,17.19,0.8103,0.0852,0.2538,2.2586,148.649,119.792739,6.2355,62.643,0.11607,339759.1781479934,0.011,0
2026-08-14T13:58:28Z,11.724,15.2873,17.19,0.8103,0.0852,0.2538,2.2132,148.661,119.803944,6.247,62.661,0.116,339830.4641786841,0.011,0
2026-08-14T13:58:28Z,11.726,15.2883,17.19,0.8141,0.0852,0.2538,2.2132,148.641,119.787605,6.259,62.65,0.11612,339689.6074519207,0.011,0
2026-08-14T13:58:28Z,11.729,15.2894,17.1,0.8065,0.1278,0.3384,2.2737,148.607,119.759368,6.2689,62.625,0.11595,339459.67840553354,0.012,0
2026-08-14T13:58:28Z,11.732,15.2902,17.1,0.8141,0.1278,0.3384,2.3945,148.571,119.727706,6.2748,62.597,0.11592,339211.225702567,0.012,0
2026-08-14T13:58:28Z,11.736,15.2906,17.1,0.795,0.1278,0.3384,2.4398,148.542,119.700178,6.2767,62.579,0.11592,339001.60542907217,0.013,0
2026-08-14T13:58:28Z,11.739,15.2906,17.1,0.8217,0.1278,0.3384,2.5607,148.538,119.691448,6.2755,62.578,0.116,338937.8463760755,0.014,0
2026-08-14T13:58:28Z,11.743,15.2903,17.1,0.8217,0.1278,0.3384,2.5003,148.545,119.693185,6.273,62.587,0.11597,338956.9191936024,0.013,0
2026-08-14T13:58:28Z,11.747,15.2895,17.1,0.8026,0.0852,0.2961,2.5154,148.532,119.679849,6.2704,62.588,0.11602,338876.5642653132,0.013,0
2026-08-14T13:58:28Z,11.75,15.288,17.1,0.7988,0.0852,0.2961,2.5607,148.508,119.659885,6.2687,62.574,0.11605,338762.72645400383,0.012,0
2026-08-14T13:58:28Z,11.753,15.2863,17.1,0.8026,0.0852,0.2961,2.5003,148.501,119.653973,6.2689,62.549,0.11605,338755.74697615666,0.01,0
2026-08-14T13:58:28Z,11.755,15.2849,17.1,0.795,0.0852,0.2961,2.4549,148.52,119.66854,6.27,62.517,0.11617,338891.92546460766,0.009,0
2026-08-14T13:58:28Z,11.757,15.2841,17.1,0.8065,0.1278,0.3384,2.2888,148.564,119.703467,6.2703,62.484,0.11605,339164.11570037,0.008,0
2026-08-14T13:58:28Z,11.759,15.2838,17.1,0.8065,0.1278,0.3384,2.2132,148.608,119.738065,6.2689,62.456,0.1162,339423.3802233204,0.007,0
2026-08-14T13:58:28Z,11.76,15.2836,17.1,0.8141,0.1278,0.3384,2.2586,148.64,119.763556,6.2663,62.429,0.116,339614.03155141784,0.006,0
2026-08-14T13:58:28Z,11.762,15.2834,17.1,0.8141,0.1278,0.3384,2.2132,148.66,119.778737,6.2632,62.409,0.11612,339729.3310658538,0.006,0
2026-08-14T13:58:28Z,11.763,15.2831,17.1,0.8408,0.1278,0.2115,2.2132,148.642,119.763652,6.26,62.405,0.11592,339625.4032686405,0.005,0
2026-08-14T13:58:28Z,11.765,15.2829,17.1,0.8141,0.1278,0.2115,2.183,148.604,119.73228,6.2571,62.425,0.11612,339400.28304823546,0.005,0
2026-08-14T13:58:28Z,11.766,15.2827,17.1,0.8217,0.1278,0.2115,2.2132,148.583,119.714262,6.2545,62.465,0.11605,339272.844014797,0.004,0
2026-08-14T13:58:28Z,11.767,15.2826,17.1,0.8179,0.1278,0.2115,2.2435,148.571,119.702795,6.2524,62.519,0.11595,339191.1722600669,0.004,0
2026-08-14T13:58:28Z,11.767,15.2823,17.1,1.001,0.1278,0.2961,2.4549,148.568,119.698819,6.2521,62.572,0.1158,339168.51132467797,0.004,0
2026-08-14T13:58:28Z,11.768,15.282,17.1,0.9781,0.1278,0.2961,2.5607,148.596,119.721278,6.2542,62.618,0.11605,339339.04991609533,0.003,0
2026-08-14T13:58:28Z,11.769,15.2816,17.1,0.9705,0.1278,0.2961,2.4398,148.643,119.760158,6.2583,62.653,0.11602,339631.8614990108,0.003,0
2026-08-14T13:58:28Z,11.77,15.281,17.1,0.9934,0.1278,0.2961,2.4701,148.668,119.78182,6.2637,62.675,0.1161,339803.1245898638,0.003,0
2026-08-14T13:58:28Z,11.771,15.2806,17.1,1.0086,0.1278,0.2961,2.1226,148.656,119.774038,6.2691,62.688,0.116,339754.73420303216,0.003,0
2026-08-14T13:58:28Z,11.771,15.2805,17.1,0.9781,0.1278,0.2538,2.2737,148.635,119.75874,6.2737,62.697,0.116,339644.9677179884,0.002,0
2026-08-14T13:58:28Z,11.772,15.2809,17.1,0.9819,0.1278,0.2538,2.3492,148.634,119.759853,6.2771,62.711,0.11592,339644.57051027723,0.002,0
2026-08-14T13:58:28Z,11.772,15.2814,17.1,0.9896,0.1278,0.2538,2.2435,148.638,119.76567,6.2793,62.735,0.11605,339676.443800904,0.001,0
2026-08-14T13:58:28Z,11.772,15.2819,17.1,0.9438,0.1278,0.2538,2.5456,148.638,119.767741,6.2805,62.766,0.11605,339680.91864385037,0.001,0
2026-08-14T13:58:28Z,11.773,15.2825,17.19,0.9362,0.1278,0.3384,2.4701,148.661,119.788623,6.2814,62.795,0.11615,339820.8626091699,0,0
2026-08-14T13:58:28Z,11.773,15.2832,17.19,0.9362,0.1278,0.3384,2.4398,148.687,119.811879,6.2827,62.816,0.11595,339976.0737047844,0,0
2026-08-14T13:58:28Z,11.772,15.2839,17.19,0.9514,0.1278,0.3384,2.5003,148.681,119.809707,6.285,62.824,0.11612,339945.22564853996,0,0
2026-08-14T13:58:28Z,11.772,15.2847,17.19,0.9209,0.1278,0.3384,2.319,148.664,119.797529,6.288,62.815,0.11602,339839.0377864689,0,0
2026-08-14T13:58:28Z,11.772,15.2855,17.1,0.9285,0.0852,0.2961,2.1981,148.645,119.784101,6.2908,62.796,0.11607,339723.7311329616,0,0
2026-08-14T13:58:28Z,11.772,15.2863,17.1,0.9285,0.0852,0.2961,2.2435,148.621,119.765842,6.2927,62.773,0.11605,339573.12730638054,0.001,0
2026-08-14T13:58:28Z,11.772,15.2871,17.1,0.9362,0.0852,0.2961,2.2283,148.596,119.745884,6.2934,62.745,0.11592,339410.1507624806,0.002,0
2026-08-14T13:58:28Z,11.773,15.2878,17.1,0.856,0.0852,0.2961,2.3794,148.579,119.730907,6.2925,62.709,0.11595,339285.75948878744,0.003,0
2026-08-14T13:58:28Z,11.774,15.2885,17.1,0.8408,0.0852,0.2961,2.4701,148.563,119.716917,6.2905,62.662,0.116,339168.6115898151,0.003,0
2026-08-14T13:58:28Z,11.775,15.2888,17.1,0.8942,0.0852,0.3384,2.4852,148.542,119.698182,6.2882,62.606,0.11605,339025.3536970847,0.003,0
2026-08-14T13:58:28Z,11.776,15.2888,17.1,0.837,0.0852,0.3384,2.5305,148.525,119.68371,6.2854,62.549,0.116,338919.65459775727,0.003,0
2026-08-14T13:58:28Z,11.777,15.2885,17.1,0.8866,0.0852,0.3384,2.4549,148.509,119.671641,6.2818,62.496,0.11615,338837.90868256515,0.003,0
2026-08-14T13:58:28Z,11.777,15.288,17.1,0.8789,0.0852,0.3384,2.3794,148.497,119.662757,6.2772,62.446,0.11585,338783.6853357674,0.002,0
2026-08-14T13:58:28Z,11.778,15.2875,17.1,0.8637,0.1278,0.3384,2.5305,148.511,119.674694,6.2716,62.399,0.11617,338881.4942958076,0.002,0
2026-08-14T13:58:28Z,11.778,15.2872,17.1,0.8637,0.1278,0.3384,2.5003,148.558,119.714635,6.2659,62.352,0.11607,339179.64206759195,0.002,0
2026-08-14T13:58:28Z,11.778,15.2873,17.1,0.8103,0.1278,0.3384,2.4701,148.627,119.773227,6.2605,62.304,0.11592,339605.78674704564,0.001,0
2026-08-14T13:58:28Z,11.778,15.2876,17.1,0.7912,0.1278,0.3384,2.5154,148.686,119.824087,6.2555,62.267,0.11605,339971.4046945681,0.001,0
2026-08-14T13:58:28Z,11.779,15.288,17.1,0.8026,0.0852,0.423,2.4549,148.703,119.840772,6.2508,62.252,0.116,340084.95501889236,0.001,0
2026-08-14T13:58:28Z,11.779,15.2887,17.1,0.795,0.0852,0.423,2.5003,148.679,119.823731,6.2459,62.265,0.11612,339945.30212138046,0.001,0
2026-08-14T13:58:28Z,11.78,15.2897,17.1,0.7378,0.0852,0.423,2.2435,148.624,119.780421,6.241,62.301,0.11597,339607.1755411146,0.001,0
2026-08-14T13:58:28Z,11.78,15.2908,17.1,0.7225,0.0852,0.423,2.2132,148.565,119.7333,6.2371,62.353,0.11595,339239.2925121453,0.002,0
2026-08-14T13:58:28Z,11.78,15.2918,17.1,0.7302,0.1278,0.2961,2.3341,148.528,119.703807,6.2355,62.415,0.11612,339002.5333458407,0.002,0
2026-08-14T13:58:28Z,11.781,15.2924,17.1,0.7302,0.1278,0.2961,2.2435,148.505,119.684077,6.2367,62.474,0.11595,338845.67951502115,0.003,0
2026-08-14T13:58:28Z,11.782,15.2927,17.1,0.8141,0.1278,0.2961,2.1528,148.496,119.674851,6.2403,62.526,0.11597,338771.9354614205,0.004,0
2026-08-14T13:58:28Z,11.783,15.2929,17.1,0.8141,0.1278,0.2961,2.3945,148.503,119.677669,6.2455,62.565,0.11605,338788.25058883394,0.004,0
2026-08-14T13:58:28Z,11.784,15.2929,17.1,0.8141,0.1278,0.2961,2.2737,148.519,119.687281,6.2517,62.587,0.11612,338858.4270769124,0.005,0
2026-08-14T13:58:28Z,11.786,15.2927,17.1,0.8065,0.1278,0.2538,2.2283,148.55,119.710251,6.2577,62.598,0.11612,339030.4256459202,0.006,0
2026-08-14T13:58:28Z,11.788,15.292,17.1,0.7149,0.1278,0.2538,2.2586,148.592,119.742702,6.263,62.603,0.11595,339282.41048877576,0.007,0
2026-08-14T13:58:28Z,11.789,15.291,17.1,0.7416,0.1278,0.2538,2.3039,148.627,119.771283,6.267,62.606,0.1159,339512.62701936276,0.007,0
2026-08-14T13:58:28Z,11.791,15.2899,17.1,0.753,0.1278,0.2538,2.3341,148.648,119.787615,6.2694,62.604,0.116,339655.5069571464,0.008,0
2026-08-14T13:58:28Z,11.793,15.2891,17.1,0.7569,0.1278,0.2115,2.2283,148.64,119.780048,6.2705,62.599,0.1159,339617.2464887762,0.009,0
2026-08-14T13:58:28Z,11.795,15.2888,17.1,0.8065,0.1278,0.2115,2.2283,148.605,119.750567,6.2712,62.595,0.11605,339408.117148417,0.009,0
2026-08-14T13:58:28Z,11.798,15.2887,17.1,0.795,0.1278,0.2115,2.3341,148.558,119.711312,6.2714,62.59,0.11607,339123.39018051606,0.01,0
2026-08-14T13:58:28Z,11.8,15.2887,17.1,0.795,0.1278,0.2115,2.2586,148.519,119.677821,6.2712,62.588,0.11605,338878.76859800896,0.011,0
2026-08-14T13:58:28Z,11.803,15.2884,17.1,0.8141,0.0852,0.2115,2.2737,148.512,119.669167,6.2708,62.591,0.11605,338821.9627579766,0.011,0
2026-08-14T13:58:28Z,11.806,15.288,17.1,0.795,0.0852,0.2115,2.5456,148.528,119.679042,6.2704,62.6,0.116,338902.588890414,0.012,0
2026-08-14T13:58:28Z,11.809,15.2874,17.1,0.8293,0.0852,0.2115,2.4398,148.547,119.690075,6.2701,62.618,0.11605,338995.9465761322,0.013,0
2026-08-14T13:58:28Z,11.812,15.2867,17.1,0.8255,0.0852,0.2115,2.4549,148.564,119.699207,6.27,62.648,0.1161,339077.5655917095,0.013,0
2026-08-14T13:58:28Z,11.816,15.2857,17.1,0.8217,0.0852,0.2115,2.5456,148.576,119.704873,6.2704,62.681,0.11617,339140.26784015284,0.013,0
2026-08-14T13:58:28Z,11.82,15.2845,17.1,0.7454,0.0852,0.3384,2.3341,148.583,119.708584,6.2714,62.708,0.11602,339192.957062165,0.012,0
2026-08-14T13:58:28Z,11.824,15.283,17.1,0.7454,0.0852,0.3384,2.3039,148.593,119.715329,6.2734,62.726,0.116,339274.2241824754,0.01,0
2026-08-14T13:58:28Z,11.826,15.2816,17.1,0.7492,0.0852,0.3384,2.1679,148.588,119.710904,6.2766,62.742,0.11592,339271.7297622454,0.009,0
2026-08-14T13:58:28Z,11.828,15.2804,17.1,0.753,0.0852,0.3384,2.3039,148.547,119.678126,6.2801,62.76,0.116,339057.77706692426,0.007,0
2026-08-14T13:58:28Z,11.829,15.2796,17.1,0.7607,0.0852,0.2961,2.3643,148.475,119.620258,6.2829,62.774,0.11605,338652.16096334433,0.005,0
2026-08-14T13:58:28Z,11.83,15.2791,17.1,0.7416,0.0852,0.2961,2.3643,148.389,119.551872,6.2848,62.775,0.11595,338163.7178557476,0.003,0
2026-08-14T13:58:28Z,11.831,15.279,17.1,0.7569,0.0852,0.2961,2.2435,148.29,119.472735,6.2864,62.761,0.11605,337588.8549918466,0.002,0
2026-08-14T13:58:28Z,11.831,15.2791,17.1,0.7302,0.0852,0.2961,2.3341,148.14,119.353742,6.2881,62.74,0.11595,336720.2947058058,0.001,0
2026-08-14T13:58:28Z,11.832,15.2794,17.1,0.7416,0.0852,0.3384,2.319,147.876,119.14316,6.2896,62.721,0.11617,335183.9742266891,0,0
2026-08-14T13:58:28Z,11.832,15.2796,17.1,0.7492,0.0852,0.3384,2.2435,147.405,118.766829,6.2896,62.71,0.11592,332456.18512728804,-0.001,0
2026-08-14T13:58:28Z,11.831,15.2799,17.1,0.734,0.0852,0.3384,2.2435,146.576,118.102391,6.2881,62.703,0.11612,327674.4775982145,-0.001,0
2026-08-14T13:58:28Z,11.83,15.2804,17.1,0.734,0.0852,0.3384,2.1679,145.155,116.96066,6.2859,62.695,0.11607,319557.05181754846,-0.001,0
2026-08-14T13:58:28Z,11.83,15.2812,17.19,0.7073,0.1278,0.2538,2.1377,142.796,115.06118,6.2839,62.694,0.11623,306328.09458652616,-0.001,0
2026-08-14T13:58:28Z,11.829,15.2824,17.19,0.6653,0.1278,0.2538,2.3492,138.878,111.905425,6.2827,62.704,0.116,285104.4539068743,0,0
2026-08-14T13:58:28Z,11.83,15.2836,17.19,0.6996,0.1278,0.2538,2.3341,132.356,106.651858,6.2818,62.719,0.11605,251831.70272898354,0.001,0
2026-08-14T13:58:28Z,11.83,15.2847,17.19,0.6729,0.1278,0.2538,2.3794,121.521,97.923534,6.2809,62.729,0.1161,202042.79893747455,0.001,0
2026-08-14T13:58:28Z,11.831,15.2853,17.19,0.6806,0.1278,0.2538,2.183,103.49,83.3969,6.2807,62.732,0.11617,133547.40435556302,0.002,0
2026-08-14T13:58:28Z,11.832,15.2859,17.1,0.7569,0.1278,0.3384,2.2435,73.428,59.174184,6.2816,62.728,0.11605,55258.947443494726,0.003,0
2026-08-14T13:58:28Z,11.832,15.2867,17.1,0.7569,0.1278,0.3384,2.3039,23.311,18.787992,6.283,62.712,0.116,3236.3466501713733,0.004,0
2026-08-14T13:58:28Z,11.833,15.2879,17.1,0.753,0.1278,0.3384,2.2737,-60.206,-48.515323,6.2839,62.678,0.11623,NA,0.005,0
2026-08-14T13:58:28Z,11.834,15.2893,17.1,0.7302,0.1278,0.3384,2.2586,-199.381,-160.675311,6.284,62.632,0.11623,NA,0.006,0
2026-08-14T13:58:28Z,11.836,15.2906,17.1,0.7454,0.1278,0.2961,2.2586,-431.329,-347.601302,6.2834,62.586,0.11612,NA,0.007,0
2026-08-14T13:58:28Z,11.838,15.2915,17.1,0.7378,0.1278,0.2961,2.319,-576.296,-464.43108,6.2817,62.559,0.11595,NA,0.008,0
2026-08-14T13:58:28Z,11.84,15.292,17.1,0.7492,0.1278,0.2961,2.2435,-431.338,-347.614109,6.2784,62.553,0.116,NA,0.009,0
2026-08-14T13:58:28Z,11.843,15.292,17.1,0.7492,0.1278,0.2961,2.2132,-199.418,-160.716343,6.2738,62.559,0.1159,NA,0.009,0
2026-08-14T13:58:28Z,11.845,15.2915,17.1,0.7492,0.0852,0.2961,2.3945,-60.278,-48.589521,6.2696,62.572,0.11612,NA,0.01,0
2026-08-14T13:58:28Z,11.848,15.2906,17.1,0.7645,0.0852,0.2961,2.5154,23.229,18.702849,6.267,62.592,0.11605,3201.9566422147727,0.011,0
2026-08-14T13:58:28Z,11.85,15.2896,17.1,0.7378,0.0852,0.2961,2.5003,73.372,59.109399,6.2665,62.616,0.11605,55091.39649676308,0.013,0
2026-08-14T13:58:28Z,11.853,15.2882,17.1,0.753,0.0852,0.2961,2.4247,103.498,83.385205,6.2671,62.635,0.11617,133474.97380957997,0.015,0
2026-08-14T13:58:28Z,11.857,15.2866,17.1,0.6729,0.0852,0.2961,2.5003,121.614,97.981812,6.2685,62.643,0.1159,202328.95066832483,0.018,0
2026-08-14T13:58:28Z,11.862,15.285,17.1,0.692,0.1278,0.3384,2.5003,132.506,106.755642,6.2706,62.642,0.11602,252442.06519261398,0.021,0
2026-08-14T13:58:28Z,11.868,15.2839,17.1,0.692,0.1278,0.3384,2.5305,139.038,112.014378,6.2732,62.641,0.11607,285794.0084719916,0.024,0
2026-08-14T13:58:28Z,11.875,15.2832,17.1,0.6996,0.1278,0.3384,2.5305,142.943,115.156348,6.2752,62.647,0.11605,306943.40155025694,0.026,0
2026-08-14T13:58:28Z,11.882,15.2823,17.1,0.6767,0.1278,0.3384,2.4398,145.266,117.023411,6.276,62.661,0.11605,319961.1930184519,0.028,0
2026-08-14T13:58:28Z,11.89,15.2809,17.1,0.6882,0.1278,0.2961,2.4701,146.627,118.117452,6.2761,62.675,0.11595,327761.6394787772,0.029,0
2026-08-14T13:58:28Z,11.897,15.2792,17.1,0.6767,0.1278,0.2961,2.5456,147.421,118.754218,6.2762,62.677,0.11605,332373.4817357283,0.03,0
2026-08-14T13:58:28Z,11.905,15.2773,17.1,0.6729,0.1278,0.2961,2.5305,147.889,119.127518,6.2771,62.662,0.11607,335114.6916743213,0.032,0
2026-08-14T13:58:28Z,11.913,15.2758,17.1,0.7607,0.1278,0.2961,2.4398,148.166,119.346901,6.2787,62.628,0.1162,336740.3205575688,0.034,0
2026-08-14T13:58:28Z,11.921,15.2746,17.1,0.7492,0.1278,0.2538,2.4549,148.338,119.480869,6.2802,62.579,0.11595,337741.4769395803,0.036,0
2026-08-14T13:58:28Z,11.931,15.2736,17.1,0.7187,0.1278,0.2538,2.4247,148.444,119.563148,6.2805,62.519,0.11597,338362.87739559636,0.038,0
2026-08-14T13:58:28Z,11.942,15.2724,17.1,0.7569,0.1278,0.2538,2.4398,148.51,119.613677,6.2791,62.457,0.11612,338757.3241596648,0.04,0
2026-08-14T13:58:28Z,11.953,15.271,17.1,0.8026,0.1278,0.2538,2.7269,148.552,119.645932,6.276,62.399,0.11612,339022.78391916817,0.042,0
2026-08-14T13:58:28Z,11.964,15.2696,17.19,0.8065,0.0852,0.2538,2.6815,148.571,119.660511,6.2712,62.353,0.11612,339159.1694391708,0.043,0
2026-08-14T13:58:28Z,11.975,15.2684,17.19,0.8217,0.0852,0.2538,2.7269,148.574,119.661303,6.2654,62.325,0.11623,339190.5370932078,0.044,0
2026-08-14T13:58:28Z,11.986,15.2676,17.19,0.8217,0.0852,0.2538,2.7118,148.577,119.662521,6.2592,62.311,0.11625,339216.4936864117,0.045,0
2026-08-14T13:58:28Z,11.997,15.267,17.19,0.8942,0.0852,0.2538,2.5758,148.573,119.658488,6.2535,62.297,0.1161,339199.79839974275,0.046,0
2026-08-14T13:58:28Z,12.009,15.2667,17.19,0.898,0.0852,0.2538,2.5154,148.557,119.644129,6.249,62.271,0.11602,339101.2251526025,0.046,0
2026-08-14T13:58:28Z,12.021,15.2664,17.19,0.8484,0.0852,0.2961,2.5154,148.553,119.639618,6.2462,62.231,0.11602,339074.6428842893,0.047,0
2026-08-14T13:58:28Z,12.034,15.266,17.19,0.8751,0.0852,0.2961,2.5154,148.557,119.641751,6.2449,62.178,0.116,339098.7545189061,0.046,0
2026-08-14T13:58:28Z,12.046,15.2655,17.19,0.8065,0.0852,0.2961,2.5758,148.565,119.647098,6.2435,62.12,0.11605,339148.4937971039,0.045,0
2026-08-14T13:58:28Z,12.057,15.2651,17.19,0.7912,0.0852,0.2961,2.4701,148.59,119.667086,6.241,62.056,0.1161,339303.15608346736,0.044,0
2026-08-14T13:58:28Z,12.069,15.2646,17.19,0.8065,0.1278,0.423,2.4549,148.623,119.693042,6.237,61.979,0.11623,339503.6527670864,0.042,0
2026-08-14T13:58:28Z,12.079,15.2643,17.19,0.8141,0.1278,0.423,2.4549,148.644,119.709884,6.2318,61.89,0.11605,339633.26672966516,0.04,0
2026-08-14T13:58:28Z,12.089,15.264,17.19,0.795,0.1278,0.423,2.5305,148.66,119.722103,6.226,61.807,0.11607,339729.0809572559,0.038,0
2026-08-14T13:58:28Z,12.098,15.2639,17.19,0.8065,0.1278,0.423,2.5607,148.694,119.748961,6.2197,61.733,0.11612,339927.7989338656,0.037,0
2026-08-14T13:58:28Z,12.107,15.2637,17.1,0.8217,0.0852,0.2115,2.5305,148.739,119.785617,6.2119,61.658,0.11602,340200.4866321145,0.037,0
2026-08-14T13:58:28Z,12.116,15.2636,17.1,0.795,0.0852,0.2115,2.4701,148.787,119.823843,6.2031,61.578,0.11595,340482.6754721892,0.037,0
2026-08-14T13:58:28Z,12.125,15.2634,17.1,0.8026,0.0852,0.2115,3.2103,148.831,119.85983,6.1948,61.492,0.11605,340750.73504221824,0.037,0
2026-08-14T13:58:28Z,12.135,15.2633,17.1,0.795,0.0852,0.2115,3.1952,148.837,119.865169,6.1873,61.413,0.11605,340792.01897134987,0.038,0
2026-08-14T13:58:28Z,12.145,15.2633,17.1,0.8293,0.0852,0.2115,3.2707,148.815,119.847282,6.1798,61.363,0.11617,340660.8788486213,0.038,0
2026-08-14T13:58:28Z,12.154,15.2633,17.1,0.8141,0.1278,0.3384,3.1498,148.797,119.833408,6.1718,61.354,0.11597,340559.1811548044,0.039,0
2026-08-14T13:58:28Z,12.164,15.2634,17.1,0.9362,0.1278,0.3384,3.5426,148.78,119.819846,6.1632,61.379,0.11617,340457.6477370386,0.04,0
2026-08-14T13:58:28Z,12.174,15.2635,17.1,0.9438,0.1278,0.3384,3.4067,148.767,119.81098,6.1552,61.427,0.11602,340390.5394525481,0.041,0
2026-08-14T13:58:28Z,12.185,15.2636,17.1,0.959,0.1278,0.3384,3.4671,148.783,119.824449,6.1502,61.481,0.11602,340487.09012436453,0.042,0
2026-08-14T13:58:28Z,12.196,15.2637,17.1,0.9285,0.0852,0.2961,3.452,148.816,119.851845,6.1493,61.521,0.11605,340685.7428352351,0.042,0
2026-08-14T13:58:28Z,12.207,15.2638,17.1,0.9934,0.0852,0.2961,3.9052,148.832,119.864465,6.1518,61.529,0.116,340776.1182439203,0.043,0
2026-08-14T13:58:28Z,12.218,15.2641,17.1,0.9896,0.0852,0.2961,3.9505,148.804,119.841672,6.1565,61.487,0.11617,340602.5989767496,0.043,0
2026-08-14T13:58:28Z,12.229,15.2645,17.1,1.0124,0.0852,0.2961,3.9958,148.739,119.789389,6.1619,61.384,0.11605,340210.95877935167,0.043,0
2026-08-14T13:58:28Z,12.24,15.2647,17.19,1.001,0.1278,0.2115,3.8901,148.703,119.759684,6.1659,61.229,0.11615,339989.1526486219,0.043,0
2026-08-14T13:58:28Z,12.251,15.2648,17.19,1.0697,0.1278,0.2115,4.1015,148.712,119.766641,6.1667,61.039,0.11607,340037.94826767204,0.043,0
2026-08-14T13:58:28Z,12.262,15.2648,17.19,1.062,0.1278,0.2115,4.2073,148.711,119.766106,6.1625,60.827,0.11605,340034.0266939733,0.043,0
2026-08-14T13:58:28Z,12.273,15.2647,17.19,1.0659,0.1278,0.2115,4.1015,148.703,119.759937,6.1522,60.597,0.116,339990.9920772324,0.043,0
2026-08-14T13:58:28Z,12.285,15.2645,17.19,1.0506,0.1278,0.2961,4.2073,148.712,119.766494,6.1366,60.348,0.11612,340043.27152118285,0.043,0
2026-08-14T13:58:28Z,12.296,15.2644,17.19,0.9781,0.1278,0.2961,4.4792,148.713,119.76752,6.1176,60.079,0.11605,340052.917388428,0.042,0
2026-08-14T13:58:28Z,12.306,15.2644,17.19,1.0086,0.1278,0.2961,4.3886,148.703,119.75929,6.0964,59.792,0.11605,339992.6537728599,0.041,0
2026-08-14T13:58:28Z,12.317,15.2644,17.19,0.9819,0.1278,0.2961,4.3584,148.704,119.759611,6.0733,59.495,0.11617,339995.0000768676,0.04,0
2026-08-14T13:58:28Z,12.327,15.2644,17.19,1.0163,0.1278,0.2961,4.4188,148.725,119.776571,6.0484,59.199,0.11605,340119.1834203788,0.04,0
2026-08-14T13:58:28Z,12.337,15.2644,17.19,0.9209,0.1278,0.3384,4.1318,148.753,119.798688,6.0214,58.902,0.11595,340281.1702313536,0.04,0
2026-08-14T13:58:28Z,12.346,15.2644,17.19,0.9247,0.1278,0.3384,4.162,148.755,119.799857,5.9926,58.603,0.116,340289.7296772815,0.04,0
2026-08-14T13:58:28Z,12.356,15.2643,17.19,0.9209,0.1278,0.3384,4.1167,148.733,119.780388,5.9629,58.317,0.11605,340149.2635528355,0.042,0
2026-08-14T13:58:28Z,12.367,15.2642,17.19,0.9056,0.1278,0.3384,4.2224,148.709,119.759095,5.9332,58.054,0.116,339995.47745570686,0.045,0
2026-08-14T13:58:28Z,12.378,15.2641,17.19,0.9247,0.1278,0.2961,4.3886,148.677,119.730298,5.9034,57.813,0.11595,339786.80931005714,0.048,0
2026-08-14T13:58:28Z,12.391,15.2639,17.19,0.9094,0.1278,0.2961,4.4792,148.633,119.692319,5.8735,57.587,0.11605,339513.1792400854,0.051,0
2026-08-14T13:58:28Z,12.405,15.2634,17.19,0.94,0.1278,0.2961,4.449,148.615,119.675037,5.8449,57.368,0.1159,339397.43293663475,0.054,0
2026-08-14T13:58:28Z,12.42,15.2626,17.19,0.9209,0.1278,0.2961,4.3281,148.641,119.693846,5.8186,57.151,0.1161,339552.08576782176,0.055,0
2026-08-14T13:58:28Z,12.435,15.2616,17.37,0.8599,0.1278,0.2961,3.9505,148.696,119.737761,5.7946,56.936,0.11602,339894.82261209196,0.056,0
2026-08-14T13:58:28Z,12.45,15.2606,17.37,0.8827,0.1278,0.2961,3.9203,148.75,119.780484,5.7722,56.718,0.11612,340229.05623123574,0.056,0
2026-08-14T13:58:28Z,12.464,15.2598,17.37,0.8637,0.1278,0.2961,3.9354,148.763,119.7894,5.7502,56.493,0.1159,340311.4816106961,0.055,0
2026-08-14T13:58:28Z,12.477,15.2593,17.37,0.8637,0.1278,0.2961,3.8901,148.747,119.774889,5.7286,56.273,0.1161,340215.864999688,0.054,0
2026-08-14T13:58:28Z,12.491,15.2589,17.37,0.9247,0.1278,0.2961,3.9505,148.727,119.757085,5.7071,56.079,0.11605,340094.0058802123,0.054,0
2026-08-14T13:58:28Z,12.505,15.2586,17.46,0.9285,0.1278,0.3384,3.9807,148.702,119.735241,5.6853,55.93,0.11612,339940.45296491846,0.053,0
2026-08-14T13:58:28Z,12.519,15.2582,17.46,0.9056,0.1278,0.3384,3.9203,148.67,119.707533,5.6628,55.834,0.11615,339746.1537398733,0.053,0
2026-08-14T13:58:28Z,12.532,15.2577,17.46,0.9285,0.1278,0.3384,3.9203,148.623,119.668572,5.6408,55.788,0.11635,339471.72133155924,0.052,0
2026-08-14T13:58:28Z,12.545,15.2571,17.46,0.9094,0.1278,0.3384,3.9958,148.584,119.635973,5.6214,55.785,0.116,339246.0738699588,0.051,0
2026-08-14T13:58:28Z,12.558,15.2565,17.73,0.9476,0.1278,0.423,3.9505,148.585,119.635049,5.6066,55.814,0.116,339252.1085964699,0.05,0
2026-08-14T13:58:28Z,12.571,15.2559,17.73,0.9094,0.1278,0.423,3.9958,148.631,119.669554,5.597,55.861,0.11607,339517.3091449312,0.049,0
2026-08-14T13:58:28Z,12.583,15.2554,17.73,0.9552,0.1278,0.423,3.8901,148.695,119.718684,5.5925,55.912,0.1161,339887.5788046333,0.049,0
2026-08-14T13:58:28Z,12.595,15.2549,17.73,0.8942,0.1278,0.423,3.739,148.744,119.755534,5.5922,55.963,0.11617,340168.13943412347,0.048,0
2026-08-14T13:58:28Z,12.607,15.2543,17.73,0.8789,0.1704,0.3807,3.739,148.773,119.775928,5.5952,56.01,0.11612,340330.3902248097,0.047,0
2026-08-14T13:58:28Z,12.619,15.2537,17.73,0.8675,0.1704,0.3807,3.6786,148.778,119.777303,5.5999,56.046,0.11595,340353.3002424027,0.048,0
2026-08-14T13:58:28Z,12.631,15.2529,17.73,0.8751,0.1704,0.3807,3.739,148.756,119.756024,5.6052,56.067,0.116,340214.49229847384,0.049,0
2026-08-14T13:58:28Z,12.643,15.2521,17.73,0.8522,0.1704,0.3807,3.9958,148.719,119.72242,5.6104,56.074,0.116,339985.44214411336,0.051,0
2026-08-14T13:58:28Z,12.656,15.2511,17.82,0.8713,0.1704,0.3807,3.875,148.676,119.683531,5.6152,56.07,0.11623,339722.0601273845,0.053,0
2026-08-14T13:58:28Z,12.669,15.2501,17.82,0.8751,0.1704,0.3807,3.9203,148.626,119.638991,5.6189,56.059,0.11595,339417.4417398791,0.054,0
2026-08-14T13:58:28Z,12.684,15.249,17.82,0.8751,0.1704,0.3807,3.9052,148.593,119.608925,5.6212,56.049,0.1161,339220.9620489304,0.056,0
2026-08-14T13:58:28Z,12.7,15.2477,17.82,0.9323,0.1704,0.3807,3.8145,148.608,119.619321,5.6221,56.027,0.11602,339324.7343491716,0.057,0
2026-08-14T13:58:28Z,12.715,15.2462,17.82,0.9323,0.1704,0.3807,3.8901,148.655,119.65495,5.6218,55.98,0.11602,339617.4724793848,0.058,0
2026-08-14T13:58:28Z,12.729,15.2448,17.73,0.9438,0.1704,0.2961,3.9807,148.685,119.677304,5.6209,55.912,0.116,339811.03240952315,0.058,0
2026-08-14T13:58:28Z,12.743,15.2437,17.73,0.9018,0.1704,0.2961,3.8598,148.69,119.678341,5.62,55.839,0.11617,339842.1266020495,0.059,0
2026-08-14T13:58:28Z,12.758,15.2429,17.73,0.9362,0.1704,0.2961,4.1318,148.685,119.670341,5.618,55.765,0.11615,339800.6312358266,0.059,0
2026-08-14T13:58:28Z,12.774,15.2423,17.73,0.9133,0.1704,0.2961,4.1771,148.67,119.65517,5.6133,55.688,0.11615,339702.35787517537,0.059,0
2026-08-14T13:58:28Z,12.789,15.2415,17.64,0.9362,0.1278,0.423,4.162,148.641,119.628783,5.6066,55.607,0.11607,339526.26838536013,0.06,0
2026-08-14T13:58:28Z,12.805,15.2405,17.64,0.9438,0.1278,0.423,4.2073,148.616,119.606145,5.5993,55.528,0.11605,339381.9294108549,0.06,0
2026-08-14T13:58:28Z,12.82,15.2394,17.64,0.9171,0.1278,0.423,3.9505,148.626,119.611226,5.592,55.459,0.11607,339442.586056546,0.059,0
2026-08-14T13:58:28Z,12.835,15.2382,17.64,0.9323,0.1278,0.423,3.8296,148.666,119.641379,5.5844,55.403,0.11605,339688.94147701084,0.058,0
2026-08-14T13:58:28Z,12.85,15.2372,17.64,0.9323,0.1704,0.423,4.0713,148.723,119.684641,5.5764,55.364,0.116,340027.18485975923,0.057,0
2026-08-14T13:58:28Z,12.864,15.2363,17.64,0.9285,0.1704,0.423,3.9958,148.769,119.718545,5.5687,55.347,0.11595,340294.9062837785,0.056,0
2026-08-14T13:58:28Z,12.878,15.2355,17.64,0.9323,0.1704,0.423,3.9505,148.771,119.718124,5.5618,55.346,0.11612,340308.9360904528,0.054,0
2026-08-14T13:58:28Z,12.892,15.2345,17.64,0.9171,0.1704,0.423,3.9807,148.753,119.70127,5.5563,55.353,0.11605,340206.78470706247,0.053,0
2026-08-14T13:58:28Z,12.906,15.2336,17.64,0.9362,0.1704,0.423,3.9958,148.734,119.685491,5.5526,55.358,0.11617,340110.3864581179,0.051,0
2026-08-14T13:58:28Z,12.919,15.2327,17.64,0.9171,0.1704,0.423,3.9203,148.689,119.648576,5.5509,55.357,0.1161,339859.14732316235,0.048,0
2026-08-14T13:58:28Z,12.931,15.232,17.64,0.9934,0.1704,0.423,3.4973,148.634,119.604687,5.551,55.354,0.11612,339552.6758610804,0.045,0
2026-08-14T13:58:28Z,12.942,15.2314,17.64,1.001,0.1704,0.423,3.4822,148.626,119.598127,5.5517,55.349,0.116,339517.45616256207,0.042,0
2026-08-14T13:58:28Z,12.952,15.231,17.64,1.001,0.1704,0.423,3.3764,148.665,119.629149,5.5522,55.34,0.1159,339753.16516553884,0.039,0
2026-08-14T13:58:28Z,12.961,15.2309,17.64,1.0124,0.1704,0.3384,3.4671,148.703,119.660017,5.5522,55.329,0.11605,339981.43565794517,0.037,0
2026-08-14T13:58:28Z,12.97,15.2309,17.64,0.8942,0.1704,0.3384,3.3915,148.72,119.672959,5.5519,55.324,0.11625,340076.27221154666,0.035,0
2026-08-14T13:58:28Z,12.978,15.2309,17.64,0.8637,0.1704,0.3384,3.5728,148.726,119.675427,5.5514,55.329,0.11585,340094.35655856034,0.036,0
2026-08-14T13:58:28Z,12.986,15.2309,17.64,0.8484,0.1704,0.3384,3.4973,148.703,119.654075,5.5505,55.343,0.11605,339937.8883956545,0.037,0
2026-08-14T13:58:28Z,12.995,15.2309,17.55,0.8713,0.1704,0.2538,3.4067,148.659,119.615212,5.5494,55.359,0.1161,339653.21458529425,0.039,0
2026-08-14T13:58:28Z,13.005,15.2306,17.55,1.0086,0.1704,0.2538,3.6332,148.64,119.596482,5.5488,55.373,0.11605,339522.4717893307,0.042,0
2026-08-14T13:58:28Z,13.017,15.23,17.55,0.9934,0.1704,0.2538,3.6635,148.647,119.600892,5.5494,55.395,0.11605,339567.5698495473,0.043,0
2026-08-14T13:58:28Z,13.03,15.2289,17.55,1.001,0.1704,0.2538,3.6332,148.65,119.603613,5.551,55.433,0.11605,339610.9848926103,0.045,0
2026-08-14T13:58:28Z,13.042,15.2276,17.64,0.9934,0.1278,0.4653,3.739,148.659,119.611372,5.5527,55.487,0.11607,339695.5770964261,0.045,0
2026-08-14T13:58:28Z,13.053,15.2266,17.64,0.9781,0.1278,0.4653,3.4218,148.697,119.64224,5.5542,55.555,0.11607,339943.0857975688,0.045,0
2026-08-14T13:58:28Z,13.063,15.2262,17.64,0.9972,0.1278,0.4653,3.4369,148.72,119.660442,5.5566,55.631,0.116,340085.03290152457,0.044,0
2026-08-14T13:58:28Z,13.075,15.2263,17.64,1.001,0.1278,0.4653,3.5426,148.698,119.642826,5.5603,55.702,0.11615,339953.78619006387,0.043,0
2026-08-14T13:58:28Z,13.086,15.2265,17.64,0.9705,0.1278,0.4653,3.4218,148.678,119.628702,5.5657,55.762,0.1161,339846.0169478341,0.043,0
2026-08-14T13:58:28Z,13.097,15.2265,17.55,0.9934,0.1704,0.3384,3.4067,148.678,119.630307,5.5726,55.799,0.116,339857.77171271824,0.043,0
2026-08-14T13:58:28Z,13.107,15.2264,17.55,1.0239,0.1704,0.3384,3.4369,148.674,119.628066,5.5801,55.804,0.1161,339843.48677398264,0.043,0
2026-08-14T13:58:28Z,13.117,15.2266,17.55,1.001,0.1704,0.3384,3.4822,148.659,119.61538,5.5872,55.784,0.11607,339746.27351943095,0.045,0
2026-08-14T13:58:28Z,13.128,15.2271,17.55,1.0086,0.1704,0.3384,3.3915,148.641,119.598869,5.5932,55.751,0.1159,339614.6568478307,0.048,0
2026-08-14T13:58:28Z,13.14,15.2278,17.55,0.9934,0.1704,0.423,3.4067,148.622,119.580129,5.5969,55.71,0.11623,339462.4841007225,0.051,0
2026-08-14T13:58:28Z,13.154,15.2281,17.55,1.001,0.1704,0.423,3.5124,148.596,119.554165,5.5973,55.676,0.11592,339266.0229696799,0.055,0
2026-08-14T13:58:28Z,13.168,15.2278,17.55,1.001,0.1704,0.423,3.3764,148.577,119.532053,5.5954,55.657,0.116,339110.6131191766,0.059,0
2026-08-14T13:58:28Z,13.184,15.2271,17.55,1.0048,0.1704,0.423,3.4671,148.58,119.525901,5.5921,55.656,0.11592,339080.52705951117,0.062,0
2026-08-14T13:58:28Z,13.201,15.2259,17.55,0.9781,0.1704,0.3807,3.3915,148.613,119.542068,5.5881,55.674,0.1161,339224.4183876768,0.065,0
2026-08-14T13:58:28Z,13.218,15.2243,17.55,0.9972,0.1704,0.3807,3.6635,148.659,119.570864,5.5849,55.708,0.11605,339469.3545272971,0.065,0
2026-08-14T13:58:28Z,13.236,15.222,17.55,0.9934,0.1704,0.3807,3.6181,148.691,119.589962,5.5833,55.746,0.1161,339658.33657366014,0.064,0
2026-08-14T13:58:28Z,13.254,15.219,17.55,1.0048,0.1704,0.3807,3.6937,148.696,119.592451,5.5835,55.775,0.1161,339740.67123475566,0.06,0
2026-08-14T13:58:28Z,13.27,15.2156,17.55,0.9934,0.1704,0.3807,3.7994,148.678,119.578996,5.5857,55.789,0.11607,339714.75232285983,0.054,0
2026-08-14T13:58:28Z,13.284,15.2127,17.73,1.0506,0.1278,0.423,3.6332,148.637,119.550009,5.5895,55.791,0.116,339564.35675249196,0.047,0
2026-08-14T13:58:28Z,13.294,15.2107,17.73,1.0735,0.1278,0.423,3.7843,148.595,119.521765,5.5936,55.784,0.11605,339400.202347642,0.04,0
2026-08-14T13:58:28Z,13.302,15.21,17.73,1.0582,0.1278,0.423,3.6937,148.577,119.512737,5.5966,55.77,0.11595,339349.0326202069,0.032,0
2026-08-14T13:58:28Z,13.309,15.2106,17.73,1.043,0.1278,0.423,3.739,148.573,119.514516,5.5979,55.758,0.11612,339349.24699232064,0.026,0
2026-08-14T13:58:28Z,13.314,15.2119,17.46,0.9934,0.1278,0.3384,3.1649,148.577,119.523576,5.598,55.75,0.11587,339387.8327696163,0.021,0
2026-08-14T13:58:28Z,13.319,15.2137,17.46,0.9857,0.1278,0.3384,3.1801,148.592,119.542333,5.5971,55.744,0.11615,339486.7585663087,0.017,0
2026-08-14T13:58:28Z,13.322,15.2155,17.46,0.9857,0.1278,0.3384,3.1801,148.607,119.559788,5.5955,55.73,0.11607,339576.1555733291,0.014,0
2026-08-14T13:58:28Z,13.325,15.2173,17.46,1.0124,0.1278,0.3384,3.2254,148.627,119.580594,5.594,55.702,0.11602,339690.10831640696,0.012,0
2026-08-14T13:58:28Z,13.328,15.2192,17.46,1.0659,0.1278,0.2961,3.316,148.657,119.608301,5.593,55.665,0.11605,339852.50290687144,0.011,0
2026-08-14T13:58:28Z,13.33,15.2213,17.46,1.062,0.1278,0.2961,3.2103,148.666,119.618291,5.5921,55.632,0.116,339880.809139901,0.011,0
2026-08-14T13:58:28Z,13.333,15.2232,17.46,1.0582,0.1278,0.2961,3.1952,148.651,119.609228,5.5905,55.609,0.11607,339773.7876325503,0.011,0
2026-08-14T13:58:28Z,13.335,15.2248,17.46,1.0582,0.1278,0.2961,3.1498,148.648,119.608699,5.5875,55.592,0.11612,339735.71691813256,0.013,0
2026-08-14T13:58:28Z,13.339,15.2259,17.46,1.0506,0.1278,0.3384,3.4218,148.649,119.610564,5.5836,55.586,0.11605,339725.87011173106,0.014,0
2026-08-14T13:58:28Z,13.342,15.2269,17.46,1.0468,0.1278,0.3384,3.5728,148.64,119.603316,5.5802,55.594,0.11602,339651.41518891824,0.016,0
2026-08-14T13:58:28Z,13.346,15.2278,17.46,1.0735,0.1278,0.3384,3.5275,148.64,119.601027,5.5777,55.616,0.11597,339615.42367348756,0.018,0
2026-08-14T13:58:28Z,13.351,15.2285,17.46,1.062,0.1278,0.3384,3.5124,148.656,119.609088,5.576,55.646,0.116,339659.50168155675,0.02,0
2026-08-14T13:58:28Z,13.357,15.2289,17.46,0.9896,0.1278,0.3384,3.2103,148.678,119.621645,5.5754,55.678,0.11602,339742.92186982173,0.022,0
2026-08-14T13:58:28Z,13.363,15.2289,17.46,1.0086,0.0852,0.423,3.2103,148.711,119.642047,5.5762,55.707,0.11625,339892.37709459243,0.025,0
2026-08-14T13:58:28Z,13.369,15.2281,17.46,1.0163,0.0852,0.423,3.2405,148.744,119.661733,5.5784,55.732,0.11617,340053.73596349417,0.028,0
2026-08-14T13:58:28Z,13.376,15.2266,17.46,1.0315,0.0852,0.423,3.0894,148.754,119.661947,5.5817,55.75,0.11615,340087.38727311575,0.033,0
2026-08-14T13:58:28Z,13.384,15.2247,17.46,0.9781,0.0852,0.423,3.4671,148.757,119.654748,5.5851,55.753,0.116,340075.2618627707,0.038,0
2026-08-14T13:58:28Z,13.394,15.2227,17.46,0.9705,0.1278,0.3807,3.4822,148.775,119.658221,5.5882,55.735,0.11625,340143.5052286664,0.045,0
2026-08-14T13:58:28Z,13.406,15.2205,17.46,1.0086,0.1278,0.3807,3.3613,148.81,119.675289,5.591,55.695,0.11597,340315.7352451489,0.053,0
2026-08-14T13:58:28Z,13.42,15.2179,17.46,0.9781,0.1278,0.3807,3.4973,148.849,119.696503,5.5932,55.636,0.116,340527.0221553694,0.061,0
2026-08-14T13:58:28Z,13.437,15.2146,17.46,1.0544,0.1278,0.3807,4.6454,148.869,119.703515,5.5939,55.564,0.1159,340649.1796078641,0.069,0
2026-08-14T13:58:28Z,13.457,15.2109,17.55,1.0582,0.1278,0.3384,4.6454,148.876,119.700194,5.5925,55.482,0.11605,340704.10257291,0.076,0
2026-08-14T13:58:28Z,13.478,15.2072,17.55,1.0392,0.1278,0.3384,4.585,148.907,119.715659,5.5889,55.391,0.11602,340896.9809236987,0.081,0
2026-08-14T13:58:28Z,13.5,15.2038,17.55,1.0849,0.1278,0.3384,4.7058,148.982,119.768037,5.5834,55.285,0.11605,341354.78044163034,0.085,0
2026-08-14T13:58:28Z,13.524,15.2007,17.55,1.0506,0.1278,0.3384,6.5488,149.068,119.829287,5.5766,55.151,0.116,341871.8520547155,0.086,0
2026-08-14T13:58:28Z,13.547,15.1977,17.55,1.0659,0.1278,0.3384,6.4582,149.116,119.861732,5.5687,54.975,0.11602,342175.21280264005,0.084,0
2026-08-14T13:58:28Z,13.569,15.1947,17.55,1.0659,0.1278,0.3384,6.5941,149.121,119.862022,5.5598,54.751,0.1162,342241.9499789113,0.081,0
2026-08-14T13:58:28Z,13.59,15.1919,17.55,1.0849,0.1278,0.3384,6.6092,149.098,119.842237,5.5496,54.482,0.116,342156.5605159064,0.075,0
2026-08-14T13:58:28Z,13.608,15.1893,17.55,1.0659,0.1278,0.3384,5.8841,149.082,119.829106,5.5365,54.181,0.11612,342115.85748242424,0.068,0
2026-08-14T13:58:28Z,13.625,15.1872,17.55,1.0582,0.1278,0.3384,5.869,149.094,119.839132,5.519,53.879,0.11597,342234.9123959219,0.061,0
2026-08-14T13:58:28Z,13.639,15.1859,17.55,1.0468,0.1278,0.423,5.8388,149.103,119.846982,5.4967,53.616,0.11612,342320.73561230884,0.054,0
2026-08-14T13:58:28Z,13.652,15.1854,17.55,1.0735,0.1278,0.423,5.869,149.081,119.830746,5.4697,53.419,0.1162,342211.9129565168,0.047,0
2026-08-14T13:58:28Z,13.663,15.1853,17.55,1.0468,0.1278,0.423,5.5518,149.033,119.794097,5.4395,53.302,0.11617,341944.2037728829,0.041,0
2026-08-14T13:58:28Z,13.673,15.1855,17.55,1.0315,0.1278,0.423,5.5216,148.971,119.747263,5.4092,53.255,0.11575,341595.23427667946,0.036,0
2026-08-14T13:58:28Z,13.681,15.1857,17.73,1.0659,0.1704,0.3807,5.6273,148.928,119.715764,5.3827,53.265,0.11612,341359.24577970756,0.031,0
2026-08-14T13:58:28Z,13.688,15.1861,17.73,1.0506,0.1704,0.3807,5.5216,148.926,119.717204,5.363,53.319,0.11612,341361.23806027975,0.028,0
2026-08-14T13:58:28Z,13.694,15.1868,17.73,1.0735,0.1704,0.3807,5.6273,148.939,119.729963,5.3511,53.398,0.11605,341440.02497630834,0.025,0
2026-08-14T13:58:28Z,13.7,15.1878,17.73,1.0506,0.1704,0.3807,5.6122,148.95,119.739441,5.3463,53.49,0.11585,341488.23951910005,0.023,0
2026-08-14T13:58:28Z,13.706,15.1888,17.82,1.0582,0.1278,0.2538,5.582,148.965,119.752165,5.3472,53.582,0.11612,341560.33192691853,0.022,0
2026-08-14T13:58:28Z,13.711,15.1898,17.82,1.0506,0.1278,0.2538,5.6273,148.979,119.763529,5.3524,53.679,0.11597,341622.42535746534,0.021,0
2026-08-14T13:58:28Z,13.716,15.1905,17.82,1.043,0.1278,0.2538,5.3252,148.993,119.772561,5.3603,53.788,0.11602,341673.8173133438,0.022,0
2026-08-14T13:58:28Z,13.721,15.1909,17.82,1.043,0.1278,0.2538,5.295,149.025,119.793672,5.3695,53.904,0.11602,341820.54591041186,0.023,0
2026-08-14T13:58:28Z,13.727,15.1911,17.82,1.0582,0.1278,0.2538,5.3554,149.084,119.832491,5.3788,54.017,0.11607,342101.9762212011,0.026,0
2026-08-14T13:58:28Z,13.733,15.191,17.91,1.0659,0.1704,0.3807,5.4158,149.122,119.849362,5.3886,54.109,0.11607,342228.35576728877,0.029,0
2026-08-14T13:58:28Z,13.74,15.1905,17.91,1.1078,0.1704,0.3807,5.6424,149.097,119.814776,5.3995,54.168,0.116,341984.4723263641,0.033,0
2026-08-14T13:58:28Z,13.75,15.1889,17.91,1.104,0.1704,0.3807,5.582,149.053,119.765517,5.4114,54.19,0.11612,341656.3888166761,0.038,0
2026-08-14T13:58:28Z,13.761,15.1858,17.91,1.104,0.1704,0.3807,5.6424,149.014,119.722455,5.423,54.184,0.11605,341406.27254937356,0.042,0
2026-08-14T13:58:28Z,13.773,15.1814,17.91,1.1078,0.1278,0.2538,5.5971,148.974,119.680108,5.4328,54.16,0.11585,341189.40446450154,0.046,0
2026-08-14T13:58:28Z,13.785,15.1764,17.91,1.1231,0.1278,0.2538,5.8841,148.937,119.641186,5.4392,54.129,0.11612,341010.6253513896,0.05,0
2026-08-14T13:58:28Z,13.798,15.1718,17.91,1.1498,0.1278,0.2538,5.8388,148.905,119.607311,5.442,54.099,0.11597,340860.36503239564,0.054,0
2026-08-14T13:58:28Z,13.812,15.1678,17.91,1.1154,0.1278,0.2538,5.7935,148.904,119.599453,5.4419,54.074,0.11597,340888.44939138624,0.056,0
2026-08-14T13:58:28Z,13.828,15.1644,18.09,1.1307,0.1278,0.2961,5.7935,148.941,119.623518,5.4399,54.063,0.1161,341138.3941931009,0.058,0
2026-08-14T13:58:28Z,13.844,15.1613,18.09,1.1154,0.1278,0.2961,6.3524,148.99,119.657918,5.4372,54.064,0.11605,341458.0970897251,0.059,0
2026-08-14T13:58:28Z,13.859,15.1586,18.09,1.1307,0.1278,0.2961,6.3675,149.044,119.697826,5.4344,54.063,0.1161,341809.98481179436,0.059,0
2026-08-14T13:58:28Z,13.875,15.1563,18.09,1.0926,0.1278,0.2961,6.3071,149.098,119.737881,5.4322,54.041,0.11615,342154.6040410809,0.058,0
2026-08-14T13:58:28Z,13.889,15.1544,18.27,1.1345,0.1704,0.3384,6.3524,149.131,119.760757,5.4313,53.994,0.116,342364.1755236547,0.056,0
2026-08-14T13:58:28Z,13.903,15.1528,18.27,1.0582,0.1704,0.3384,6.1409,149.141,119.764556,5.4316,53.926,0.11615,342426.6842727705,0.055,0
2026-08-14T13:58:28Z,13.916,15.1515,18.27,1.043,0.1704,0.3384,6.0352,149.145,119.76229,5.4316,53.848,0.11602,342438.0068222631,0.054,0
2026-08-14T13:58:28Z,13.93,15.1504,18.27,1.043,0.1704,0.3384,6.1258,149.153,119.761358,5.4295,53.757,0.116,342454.8539990841,0.054,0
2026-08-14T13:58:28Z,13.943,15.1493,18.27,1.0582,0.1704,0.3384,6.0654,149.156,119.75751,5.4249,53.643,0.11625,342450.197101821,0.054,0
2026-08-14T13:58:28Z,13.957,15.1478,18.09,1.1612,0.1278,0.3384,7.5458,149.15,119.745718,5.4183,53.506,0.11605,342395.58243613574,0.055,0
2026-08-14T13:58:28Z,13.972,15.1459,18.09,1.1727,0.1278,0.3384,7.5005,149.146,119.736841,5.4108,53.345,0.11597,342371.0896551624,0.056,0
2026-08-14T13:58:28Z,13.986,15.1436,18.09,1.1689,0.1278,0.3384,7.5609,149.176,119.754515,5.4018,53.149,0.1162,342551.05808439245,0.057,0
2026-08-14T13:58:28Z,14.001,15.1413,18.09,1.1841,0.1278,0.3384,7.5307,149.252,119.809453,5.3906,52.916,0.11605,343006.177790261,0.058,0
2026-08-14T13:58:28Z,14.015,15.1392,18.18,1.3138,0.1278,0.2961,9.1471,149.382,119.906305,5.3771,52.645,0.11617,343767.21587016474,0.059,0
2026-08-14T13:58:28Z,14.03,15.1372,18.18,1.2909,0.1278,0.2961,9.1471,149.561,120.042892,5.3611,52.341,0.116,344821.4805532535,0.059,0
2026-08-14T13:58:28Z,14.046,15.1351,18.18,1.2986,0.1278,0.2961,9.2075,149.762,120.197626,5.3417,52.003,0.11595,346014.71435284446,0.06,0
2026-08-14T13:58:28Z,14.062,15.1329,18.18,1.2604,0.1278,0.2961,9.1773,149.962,120.351759,5.3185,51.625,0.116,347208.30855628906,0.06,0
2026-08-14T13:58:28Z,14.078,15.1305,18.18,1.352,0.1704,0.3807,9.6456,150.146,120.49238,5.2915,51.2,0.11615,348308.19460113766,0.059,0
2026-08-14T13:58:28Z,14.093,15.1282,18.18,1.3558,0.1704,0.3807,9.7514,150.301,120.60898,5.2612,50.725,0.116,349228.7292339355,0.059,0
2026-08-14T13:58:28Z,14.107,15.126,18.18,1.3672,0.1704,0.3807,9.6758,150.451,120.720649,5.2275,50.202,0.116,350111.7649548504,0.058,0
2026-08-14T13:58:28Z,14.122,15.1239,18.18,1.371,0.1704,0.3807,9.6758,150.634,120.857165,5.1897,49.624,0.11605,351180.21775661357,0.057,0
2026-08-14T13:58:28Z,14.136,15.1215,18.18,1.3787,0.1704,0.3807,11.5641,150.807,120.982915,5.1472,48.986,0.116,352176.6031911,0.056,0
2026-08-14T13:58:28Z,14.15,15.1189,18.18,1.371,0.1278,0.3807,11.4886,150.885,121.033409,5.0998,48.296,0.116,352613.5725973416,0.056,0
2026-08-14T13:58:28Z,14.165,15.116,18.18,1.371,0.1278,0.3807,11.4282,150.876,121.018109,5.0475,47.564,0.11602,352563.05681455706,0.055,0
2026-08-14T13:58:28Z,14.179,15.1125,18.18,1.3672,0.1278,0.3807,11.6246,150.842,120.986949,4.9898,46.799,0.1162,352406.7167566539,0.053,0
2026-08-14T13:58:28Z,14.193,15.1083,18.18,1.1078,0.1278,0.3807,10.8541,150.82,120.967628,4.9261,46.005,0.11605,352354.862206829,0.052,0
2026-08-14T13:58:28Z,14.206,15.1043,18.45,1.0849,0.1704,0.3807,10.7635,150.834,120.974999,4.8571,45.205,0.11612,352499.10529999185,0.05,0
2026-08-14T13:58:28Z,14.218,15.1015,18.45,1.1383,0.1704,0.3807,10.8994,150.875,120.999025,4.7838,44.454,0.11612,352741.9378550421,0.049,0
2026-08-14T13:58:28Z,14.229,15.1003,18.45,1.0849,0.1704,0.3807,10.8088,150.912,121.010105,4.707,43.808,0.11602,352851.93704992614,0.048,0
2026-08-14T13:58:28Z,14.241,15.0997,18.45,0.9781,0.1704,0.3807,9.5852,150.924,120.995188,4.6272,43.297,0.11617,352753.1099765095,0.048,0
2026-08-14T13:58:28Z,14.253,15.0985,18.27,0.9857,0.1704,0.3807,9.6909,150.89,120.942292,4.5468,42.91,0.11612,352382.182214102,0.048,0
2026-08-14T13:58:28Z,14.266,15.0953,18.27,0.9934,0.1704,0.3807,9.6758,150.802,120.845314,4.4716,42.603,0.11605,351724.8736522077,0.048,0
2026-08-14T13:58:28Z,14.279,15.0893,18.27,0.9857,0.1704,0.3807,9.6456,150.681,120.720401,4.4071,42.302,0.116,350920.732874583,0.048,0
2026-08-14T13:58:28Z,14.291,15.0811,18.27,0.7645,0.1704,0.3807,7.0171,150.537,120.574253,4.3565,41.941,0.11605,350007.05249721115,0.047,0
2026-08-14T13:58:28Z,14.303,15.0725,18.81,0.7797,0.1278,0.3384,7.0473,150.37,120.405902,4.3184,41.486,0.116,348937.2817471324,0.046,0
2026-08-14T13:58:28Z,14.314,15.0639,18.81,0.7683,0.1278,0.3384,7.0624,150.198,120.232468,4.2882,40.952,0.11605,347831.11855734687,0.044,0
2026-08-14T13:58:28Z,14.326,15.0547,18.81,0.7225,0.1278,0.3384,6.9416,150.036,120.067711,4.2588,40.387,0.11605,346804.37875023653,0.042,0
2026-08-14T13:58:28Z,14.336,15.0443,18.81,0.795,0.1278,0.3384,7.1682,149.897,119.921707,4.2234,39.853,0.11615,345944.7016619595,0.04,0
2026-08-14T13:58:28Z,14.346,15.033,18.81,0.8217,0.1278,0.3384,7.0624,149.809,119.815529,4.1786,39.413,0.11592,345401.4969806502,0.038,0
2026-08-14T13:58:28Z,14.356,15.021,19.53,0.8217,0.1704,0.4653,7.0473,149.76,119.740866,4.1259,39.118,0.116,345107.9397713672,0.036,0
2026-08-14T13:58:28Z,14.364,15.0092,19.53,0.7797,0.1704,0.4653,7.0624,149.705,119.665804,4.07,38.989,0.11605,344807.01661169814,0.034,0
2026-08-14T13:58:28Z,14.373,14.9975,19.53,0.7759,0.1704,0.4653,7.1077,149.656,119.60033,4.0172,39.015,0.11607,344575.1194053187,0.031,0
2026-08-14T13:58:28Z,14.38,14.9857,19.53,0.7836,0.1704,0.4653,7.0322,149.658,119.582992,3.9739,39.15,0.116,344703.0886740768,0.029,0
2026-08-14T13:58:28Z,14.387,14.974,19.8,0.7302,0.1704,0.423,7.0473,149.711,119.611168,3.9451,39.342,0.1161,345167.6092936246,0.027,0
2026-08-14T13:58:28Z,14.394,14.9635,19.8,0.7492,0.1704,0.423,6.9869,149.78,119.654364,3.9331,39.553,0.11605,345718.4710177918,0.026,0
2026-08-14T13:58:28Z,14.4,14.9549,19.8,0.7187,0.1704,0.423,7.0775,149.847,119.696096,3.9364,39.756,0.11605,346217.64104884164,0.026,0
2026-08-14T13:58:28Z,14.406,14.9485,19.8,0.7759,0.1704,0.423,7.0171,149.913,119.733488,3.9506,39.933,0.11597,346636.8372807918,0.026,0
2026-08-14T13:58:28Z,14.412,14.9437,19.89,0.7492,0.213,0.3807,7.0473,149.996,119.778511,3.9704,40.089,0.11595,347078.3999738684,0.028,0
2026-08-14T13:58:28Z,14.419,14.9399,19.89,0.7645,0.213,0.3807,7.0775,150.105,119.837172,3.992,40.227,0.11617,347600.4587589925,0.031,0
2026-08-14T13:58:28Z,14.427,14.9359,19.89,0.7797,0.213,0.3807,7.6969,150.203,119.883103,4.0129,40.338,0.11612,348032.1699375982,0.034,0
2026-08-14T13:58:28Z,14.436,14.9309,19.89,0.8103,0.213,0.3807,7.8026,150.273,119.910548,4.0312,40.412,0.11617,348347.79763887025,0.036,0
2026-08-14T13:58:28Z,14.446,14.9238,19.89,0.8065,0.213,0.3807,7.7271,150.362,119.958829,4.0475,40.431,0.11617,348866.23855781904,0.039,0
2026-08-14T13:58:28Z,14.457,14.9143,20.34,0.7988,0.213,0.4653,7.7573,150.491,120.044821,4.0623,40.369,0.1159,349721.6421915031,0.04,0
2026-08-14T13:58:28Z,14.468,14.9036,20.34,0.8866,0.213,0.4653,7.7875,150.655,120.159449,4.0744,40.205,0.11612,350820.9228889859,0.041,0
2026-08-14T13:58:28Z,14.478,14.894,20.34,0.8827,0.213,0.4653,7.7271,150.832,120.283272,4.0828,39.932,0.11612,351967.78093776724,0.042,0
2026-08-14T13:58:28Z,14.489,14.8865,20.34,0.8942,0.213,0.4653,7.7875,150.967,120.373294,4.0854,39.559,0.11582,352814.9635591323,0.042,0
2026-08-14T13:58:28Z,14.499,14.8808,19.89,0.8675,0.1704,0.54990000000000006,7.6667,151.058,120.427513,4.0795,39.117,0.116,353352.405373115,0.042,0
2026-08-14T13:58:28Z,14.51,14.8755,19.89,0.9438,0.1704,0.54990000000000006,8.1954,151.172,120.500396,4.0634,38.634,0.11615,354022.9438661582,0.042,0
2026-08-14T13:58:28Z,14.521,14.8699,19.89,0.9094,0.1704,0.54990000000000006,8.286,151.322,120.603376,4.0364,38.127,0.116,354929.56987793534,0.042,0
2026-08-14T13:58:28Z,14.533,14.8638,19.89,0.9323,0.1704,0.54990000000000006,8.3162,151.445,120.685896,3.9992,37.605,0.11595,355693.5762019073,0.042,0
2026-08-14T13:58:28Z,14.543,14.8577,19.17,0.9438,0.1704,0.3807,8.2105,151.513,120.723953,3.9549,37.081,0.11607,356120.4287110664,0.041,0
2026-08-14T13:58:28Z,14.553,14.8518,19.17,0.94,0.1704,0.3807,8.2256,151.563,120.745697,3.9066,36.56,0.116,356418.99424718006,0.041,0
2026-08-14T13:58:28Z,14.563,14.8463,19.17,0.9323,0.1704,0.3807,8.1501,151.62,120.768931,3.8558,36.045,0.11597,356720.1103140233,0.041,0
2026-08-14T13:58:28Z,14.573,14.8411,19.17,0.9209,0.1704,0.3807,8.2407,151.706,120.809851,3.8035,35.532,0.11612,357149.5139393706,0.041,0
2026-08-14T13:58:28Z,14.584,14.8359,18.72,0.9323,0.1704,0.4653,8.2407,151.849,120.89137,3.7509,35.019,0.116,357889.2495768305,0.042,0
2026-08-14T13:58:28Z,14.594,14.83,18.72,0.94,0.1704,0.4653,8.2407,152.019,120.989215,3.6987,34.497,0.11612,358770.8591975254,0.042,0
2026-08-14T13:58:28Z,14.606,14.8226,18.72,0.8713,0.1704,0.4653,7.9839,152.171,121.071464,3.6471,33.955,0.11602,359568.7490302068,0.043,0
2026-08-14T13:58:28Z,14.617,14.8136,18.72,0.8599,0.1704,0.4653,7.9537,152.311,121.144045,3.5959,33.371,0.11623,360330.3680935498,0.044,0
2026-08-14T13:58:28Z,14.628,14.8028,18.72,0.8408,0.1704,0.4653,7.8933,152.458,121.222309,3.5447,32.725,0.11607,361178.1612173475,0.046,0
2026-08-14T13:58:28Z,14.639,14.7906,18.81,0.8675,0.213,0.3807,7.9084,152.611,121.303119,3.4928,31.996,0.116,362079.3362845116,0.047,0
2026-08-14T13:58:28Z,14.651,14.7779,18.81,0.8446,0.213,0.3807,8.1803,152.736,121.362013,3.4388,31.171,0.116,362824.8989021074,0.047,0
2026-08-14T13:58:28Z,14.664,14.7653,18.81,0.837,0.213,0.3807,8.1501,152.809,121.388687,3.3806,30.254,0.11605,363320.75722667645,0.048,0
2026-08-14T13:58:28Z,14.677,14.7525,18.81,0.8713,0.213,0.3807,8.3162,152.855,121.404254,3.316,29.265,0.11607,363736.0924526019,0.047,0
2026-08-14T13:58:28Z,14.689,14.739,19.26,0.8446,0.213,0.423,8.1803,152.898,121.42087,3.2432,28.237,0.1159,364176.2398967571,0.047,0
2026-08-14T13:58:28Z,14.701,14.7258,19.26,0.7378,0.213,0.423,7.5458,152.947,121.436964,3.1605,27.205,0.11605,364605.9933699453,0.047,0
2026-08-14T13:58:28Z,14.712,14.7155,19.26,0.7569,0.213,0.423,7.4854,153.003,121.452825,3.0682,26.228,0.11617,364967.3188186428,0.047,0
2026-08-14T13:58:28Z,14.723,14.7087,19.26,0.753,0.213,0.423,7.6213,153.076,121.476683,2.9684,25.369,0.11605,365309.8959314262,0.048,0
2026-08-14T13:58:28Z,14.736,14.7029,19.17,0.7378,0.213,0.423,7.5458,153.195,121.532904,2.8644,24.66,0.11615,365880.80903756205,0.049,0
2026-08-14T13:58:28Z,14.749,14.6956,19.17,0.7416,0.213,0.423,8.2105,153.349,121.612473,2.7601,24.093,0.11612,366668.8668818912,0.05,0
2026-08-14T13:58:28Z,14.762,14.6861,19.17,0.7378,0.213,0.423,8.2105,153.511,121.692595,2.6615,23.63,0.116,367513.88506547495,0.051,0
2026-08-14T13:58:28Z,14.776,14.675,19.17,0.7492,0.213,0.423,8.3313,153.7,121.788632,2.5749,23.216,0.116,368522.1100391786,0.051,0
2026-08-14T13:58:28Z,14.789,14.6628,19.17,0.7302,0.213,0.423,8.1803,153.948,121.922193,2.5036,22.793,0.11612,369851.90796594205,0.051,0
2026-08-14T13:58:28Z,14.802,14.6488,19.08,0.7378,0.213,0.4653,7.4854,154.28,122.104885,2.4468,22.301,0.11605,371613.41759185615,0.052,0
2026-08-14T13:58:28Z,14.815,14.633,19.08,0.753,0.213,0.4653,7.5005,154.678,122.319405,2.4006,21.68,0.116,373674.70103704557,0.052,0
2026-08-14T13:58:28Z,14.828,14.6157,19.08,0.7225,0.213,0.4653,7.4854,155.034,122.490914,2.3594,20.874,0.11612,375440.26644753915,0.053,0
2026-08-14T13:58:28Z,14.841,14.5953,19.08,0.7683,0.213,0.4653,7.5609,155.229,122.549105,2.3174,19.84,0.11605,376388.4538290579,0.053,0
2026-08-14T13:58:28Z,14.856,14.5694,18.99,0.8904,0.1704,0.3807,8.9809,155.275,122.523494,2.2686,18.545,0.11607,376805.9820754428,0.052,0
2026-08-14T13:58:28Z,14.87,14.537,18.99,0.8789,0.1704,0.3807,8.9809,155.266,122.489276,2.207,16.971,0.11597,377311.96097920893,0.05,0
2026-08-14T13:58:28Z,14.883,14.5014,18.99,0.8789,0.1704,0.3807,8.9205,155.257,122.475337,2.1265,15.133,0.1161,378057.4458027316,0.047,0
2026-08-14T13:58:28Z,14.895,14.4705,18.99,0.8866,0.1704,0.3807,9.0414,155.258,122.477964,2.0225,13.121,0.11587,378823.59106959426,0.043,0
2026-08-14T13:58:28Z,14.905,14.4505,18.63,0.9438,0.1704,0.3807,8.4673,155.258,122.479851,1.8914,11.11,0.11597,379322.00874248444,0.039,0
2026-08-14T13:58:28Z,14.914,14.4416,18.63,0.9171,0.1704,0.3807,8.422,155.252,122.475501,1.7312,9.315,0.11592,379502.5877242206,0.036,0
2026-08-14T13:58:28Z,14.922,14.4395,18.63,0.9438,0.1704,0.3807,8.4522,155.266,122.48576,1.5439,7.918,0.11605,379635.42591783084,0.033,0
2026-08-14T13:58:28Z,14.93,14.44,18.63,0.9362,0.1704,0.3807,8.5126,155.35,122.549375,1.3386,7.03,0.11617,380132.08101252036,0.032,0
2026-08-14T13:58:28Z,14.938,14.4406,18.36,0.9819,0.1278,0.2538,8.2407,155.596,122.729324,1.1335,6.671,0.116,381558.8827695263,0.032,0
2026-08-14T13:58:28Z,14.945,14.4407,18.36,0.9972,0.1278,0.2538,8.1199,156.081,123.075595,0.9504,6.784,0.11612,384339.36753340776,0.034,0
2026-08-14T13:58:28Z,14.953,14.4405,18.36,0.9743,0.1278,0.2538,8.1803,156.773,123.550486,0.8079,7.258,0.11592,388181.05134407966,0.037,0
2026-08-14T13:58:28Z,14.962,14.4397,18.36,0.9857,0.1278,0.2538,8.2558,157.479,124.004536,0.7173,7.937,0.1161,391891.24966463575,0.04,0
2026-08-14T13:58:28Z,14.973,14.4355,18.36,1.4054,0.1278,0.2538,9.0262,158.043,124.338736,0.6808,8.642,0.11605,394726.9147785522,0.044,0
2026-08-14T13:58:28Z,14.986,14.424,18.36,1.4283,0.1278,0.2538,9.2226,158.501,124.606186,0.6926,9.198,0.11597,397211.85385554255,0.047,0
2026-08-14T13:58:28Z,14.999,14.4016,18.36,1.4016,0.1278,0.2538,9.1924,158.954,124.894209,0.7413,9.452,0.116,400155.9079049723,0.05,0
2026-08-14T13:58:28Z,15.013,14.3692,18.36,1.4016,0.1278,0.2538,9.2528,159.572,125.321627,0.8113,9.287,0.1162,404533.5463797539,0.052,0
2026-08-14T13:58:28Z,15.026,14.3344,18.36,1.7373,0.1278,0.2538,9.1622,160.568,126.036433,0.8839,8.666,0.11592,411425.29420774255,0.053,0
2026-08-14T13:58:28Z,15.039,14.3052,18.72,1.7296,0.1704,0.3807,9.0867,161.964,127.037156,0.9413,7.646,0.11605,420688.1163329622,0.054,0
2026-08-14T13:58:28Z,15.053,14.2837,18.72,1.7067,0.1704,0.3807,9.1924,163.55,128.154442,0.9675,6.365,0.11617,430889.11743040424,0.055,0
2026-08-14T13:58:28Z,15.067,14.266,18.72,1.7373,0.1704,0.3807,9.1622,165.036,129.179945,0.9509,4.997,0.1161,440336.33197883127,0.056,0
2026-08-14T13:58:28Z,15.082,14.2455,18.72,1.413,0.1704,0.3807,7.9839,166.191,129.954854,0.8875,3.691,0.11605,447768.0184948774,0.057,0
2026-08-14T13:58:28Z,15.097,14.2164,18.45,1.413,0.1704,0.4653,7.9537,167.11,130.563727,0.7833,2.542,0.116,454043.828717758,0.057,0
2026-08-14T13:58:28Z,15.113,14.178,18.45,1.4359,0.1704,0.4653,8.0141,168.242,131.351049,0.6524,1.589,0.11602,462274.59019854467,0.056,0
2026-08-14T13:58:28Z,15.127,14.1359,18.45,1.4283,0.1704,0.4653,8.0594,170.033,132.638849,0.5124,0.834,0.11605,475334.8139173067,0.054,0
2026-08-14T13:58:28Z,15.14,14.097,18.45,1.2223,0.1704,0.4653,6.8056,172.329,134.282149,0.3788,0.253,0.11602,491896.5218896351,0.052,0
2026-08-14T13:58:28Z,15.153,14.0643,18.45,1.2566,0.1704,0.4653,6.7905,174.295,135.638231,0.2609,-0.185,0.11612,505869.5178657859,0.05,0
2026-08-14T13:58:28Z,15.165,14.0356,18.36,1.249,0.1704,0.3384,6.7905,175.509,136.424126,0.163,-0.508,0.11607,514409.8242167639,0.047,0
2026-08-14T13:58:28Z,15.177,14.0037,18.36,1.2223,0.1704,0.3384,6.8207,176.28,136.907462,0.0855,-0.73,0.11615,520188.2489279597,0.045,0
2026-08-14T13:58:28Z,15.188,13.961,18.36,1.2223,0.1704,0.3384,6.3071,176.794,137.229142,0.0257,-0.856,0.11602,524785.5892386852,0.043,0
2026-08-14T13:58:28Z,15.199,13.9102,18.36,1.2451,0.1704,0.3384,6.2013,177.069,137.396865,-0.0194,-0.895,0.11607,528166.1684754633,0.04,0
2026-08-14T13:58:28Z,15.21,13.8643,18.27,1.2451,0.1278,0.3384,6.3071,177.299,137.553458,-0.0528,-0.86,0.1159,531289.2451452297,0.037,0
2026-08-14T13:58:28Z,15.218,13.8307,18.27,1.249,0.1278,0.3384,6.3373,177.684,137.83678,-0.0757,-0.768,0.11597,535274.3064397993,0.034,0
2026-08-14T13:58:28Z,15.226,13.8082,18.27,1.1689,0.1278,0.3384,5.8237,178.22,138.226284,-0.0887,-0.644,0.116,539966.6373461073,0.03,0
2026-08-14T13:58:28Z,15.233,13.795,18.27,1.165,0.1278,0.3384,5.8086,178.814,138.645651,-0.0927,-0.512,0.11612,544664.678878771,0.028,0
2026-08-14T13:58:28Z,15.239,13.7886,18.36,1.1689,0.1278,0.2961,5.8237,179.391,139.042529,-0.089,-0.371,0.116,548920.5527949652,0.025,0
2026-08-14T13:58:28Z,15.245,13.7843,18.36,1.165,0.1278,0.2961,5.9445,179.84,139.340545,-0.0795,-0.214,0.11597,552112.4582709057,0.023,0
2026-08-14T13:58:28Z,15.251,13.7769,18.36,1.1689,0.1278,0.2961,5.9747,180.169,139.553094,-0.0667,-0.038,0.1161,554551.4708111486,0.022,0
2026-08-14T13:58:28Z,15.257,13.7651,18.36,1.1765,0.1278,0.2961,5.8388,180.633,139.87501,-0.053,0.151,0.11605,558281.0605485732,0.021,0
2026-08-14T13:58:28Z,15.261,13.7511,18.63,1.1727,0.1704,0.2538,5.8539,181.435,140.452205,-0.0384,0.347,0.11607,564750.7067242678,0.02,0
2026-08-14T13:58:28Z,15.266,13.7372,18.63,1.1536,0.1704,0.2538,5.8388,182.447,141.17429,-0.0221,0.54,0.11602,572781.153063217,0.02,0
2026-08-14T13:58:28Z,15.271,13.7254,18.63,1.1536,0.1704,0.2538,5.8539,183.317,141.771262,-0.0039,0.724,0.11602,579488.3325683539,0.02,0
2026-08-14T13:58:28Z,15.276,13.7152,18.63,1.165,0.1704,0.2538,5.8388,183.909,142.158005,0.0157,0.897,0.11612,583957.5971122398,0.02,0
2026-08-14T13:58:28Z,15.281,13.7033,18.63,1.1765,0.1704,0.2538,5.7784,184.429,142.505736,0.036,1.056,0.11615,588099.6826148945,0.021,0
2026-08-14T13:58:28Z,15.287,13.6864,19.35,1.1574,0.1704,0.2115,5.8539,185.004,142.903179,0.056,1.194,0.116,592985.3926140172,0.022,0
2026-08-14T13:58:28Z,15.293,13.6655,19.35,1.1689,0.1704,0.2115,5.869,185.826,143.484352,0.0751,1.309,0.1161,600033.4824194952,0.023,0
2026-08-14T13:58:28Z,15.298,13.6461,19.35,1.165,0.1704,0.2115,5.869,186.943,144.272035,0.0932,1.399,0.11605,609326.7753848492,0.024,0
2026-08-14T13:58:28Z,15.304,13.6314,19.35,1.1803,0.1704,0.2115,5.869,187.829,144.865444,0.1097,1.463,0.116,616395.0171035785,0.025,0
2026-08-14T13:58:28Z,15.31,13.6189,19.71,1.1803,0.1704,0.423,5.8388,188.281,145.138442,0.124,1.501,0.116,619895.5809829896,0.026,0
2026-08-14T13:58:28Z,15.317,13.6046,19.71,1.1841,0.1704,0.423,6.0503,188.554,145.300023,0.136,1.518,0.11615,622252.4073438213,0.026,0
2026-08-14T13:58:28Z,15.325,13.5847,19.71,1.165,0.1704,0.423,6.0805,188.827,145.473388,0.1455,1.514,0.11612,624973.6063524244,0.027,0
2026-08-14T13:58:28Z,15.332,13.5605,19.71,1.1879,0.1704,0.423,6.0654,189.246,145.760848,0.1522,1.497,0.116,629148.4387801088,0.027,0
2026-08-14T13:58:28Z,15.338,13.5403,20.16,1.1727,0.1704,0.54990000000000006,6.0956,189.836,146.17697,0.1562,1.47,0.11623,634619.7600035918,0.027,0
2026-08-14T13:58:28Z,15.345,13.5272,20.16,1.3672,0.1704,0.54990000000000006,7.5458,190.588,146.708545,0.158,1.439,0.116,641130.4149614426,0.027,0
2026-08-14T13:58:28Z,15.352,13.5175,20.16,1.3558,0.1704,0.54990000000000006,7.4854,191.533,147.373143,0.1576,1.41,0.1161,649052.0912360254,0.026,0
2026-08-14T13:58:28Z,15.358,13.5083,20.16,1.371,0.1704,0.54990000000000006,7.6062,192.68,148.171727,0.1558,1.383,0.1161,658549.6065128352,0.026,0
2026-08-14T13:58:28Z,15.365,13.4981,20.16,1.3443,0.1704,0.54990000000000006,7.5307,193.885,148.98874,0.15310000000000001,1.36,0.1162,668392.3152092462,0.026,0
2026-08-14T13:58:28Z,15.372,13.485900000000001,20.52,2.5727,0.1278,0.5076,15.9752,194.935,149.675467,0.1499,1.339,0.11605,676897.7840966124,0.025,0
2026-08-14T13:58:28Z,15.379,13.4697,20.52,2.5956,0.1278,0.5076,16.0809,195.887,150.292836,0.1469,1.32,0.11623,684837.5066998097,0.025,0
2026-08-14T13:58:28Z,15.385,13.448,20.52,2.5841,0.1278,0.5076,16.1867,196.856,150.925342,0.1442,1.297,0.11617,693267.1492019325,0.024,0
2026-08-14T13:58:28Z,15.391,13.4199,20.52,2.5879,0.1278,0.5076,16.0809,197.794,151.529291,0.1418,1.263,0.11605,701720.2138493485,0.023,0
2026-08-14T13:58:28Z,15.397,13.389,20.16,6.8834,0.1704,0.4653,62.5785,198.598,152.047357,0.1397,1.216,0.11582,709344.112643818,0.021,0
2026-08-14T13:58:28Z,15.402,13.36,20.16,6.8948,0.1704,0.4653,62.6843,199.222,152.463415,0.1379,1.157,0.11605,715706.6744327804,0.02,0
2026-08-14T13:58:28Z,15.407,13.3318,20.16,6.8834,0.1704,0.4653,62.6994,199.723,152.812278,0.1356,1.093,0.11602,721257.8388530826,0.018,0
2026-08-14T13:58:28Z,15.411,13.3025,20.16,6.891,0.1704,0.4653,62.6541,200.181,153.138892,0.1321,1.025,0.11605,726622.9280840859,0.016,0
2026-08-14T13:58:28Z,15.415,13.2776,18.81,10.5264,0.1704,0.3807,108.3208,200.605,153.444198,0.1272,0.955,0.11605,731548.2652188264,0.014,0
2026-08-14T13:58:28Z,15.418,13.262,18.81,10.5341,0.1704,0.3807,108.3661,200.908,153.661339,0.1211,0.887,0.11612,734966.2161281859,0.013,0
2026-08-14T13:58:28Z,15.421,13.2532,18.81,10.5455,0.1704,0.3807,108.4266,201.008,153.732006,0.1144,0.834,0.11605,736259.9691048161,0.011,0
2026-08-14T13:58:28Z,15.424,13.2471,18.81,10.5379,0.1704,0.3807,108.3964,200.955,153.697084,0.1074,0.796,0.11602,736121.8362496062,0.01,0
2026-08-14T13:58:28Z,15.426,13.2423,18.36,12.0447,0.1278,0.2538,133.6392,200.84,153.621397,0.1,0.767,0.11605,735418.2339833839,0.009,0
2026-08-14T13:58:28Z,15.428,13.2388,18.36,12.0714,0.1278,0.2538,133.6996,200.69,153.518827,0.093,0.746,0.11628,734321.1284329918,0.008,0
2026-08-14T13:58:28Z,15.43,13.2373,18.36,12.0791,0.1278,0.2538,133.5335,200.443,153.347995,0.0874,0.74,0.11605,732288.8022088844,0.007,0
2026-08-14T13:58:28Z,15.432,13.2386,18.36,12.0638,0.1278,0.2538,133.4126,200.042,153.073363,0.0834,0.746,0.11612,728851.986039761,0.007,0
2026-08-14T13:58:28Z,15.433,13.2416,18.36,12.575,0.1278,0.2538,151.9935,199.552,152.745922,0.0803,0.754,0.1161,724698.9235245015,0.006,0
2026-08-14T13:58:28Z,15.435,13.2446,18.81,12.5902,0.1278,0.3807,151.7971,199.05,152.418611,0.0782,0.76,0.116,720562.5317977575,0.005,0
2026-08-14T13:58:28Z,15.436,13.2491,18.81,12.6131,0.1278,0.3807,151.8122,198.535,152.086294,0.0775,0.767,0.11612,716310.3384128434,0.005,0
2026-08-14T13:58:28Z,15.437,13.2573,18.81,12.5826,0.1278,0.3807,151.7971,197.993,151.730481,0.0781,0.777,0.11587,711618.6152329466,0.004,0
2026-08-14T13:58:28Z,15.438,13.2692,18.81,13.1167,0.1278,0.3807,163.3838,197.441,151.356466,0.0789,0.784,0.1161,706558.0760318247,0.004,0
2026-08-14T13:58:28Z,15.439,13.2835,18.81,13.1243,0.1278,0.2538,163.4744,196.954,151.018776,0.0795,0.787,0.11615,701847.828142793,0.004,0
2026-08-14T13:58:28Z,15.44,13.2992,18.81,13.1319,0.1278,0.2538,163.4895,196.574,150.753579,0.0803,0.789,0.1161,697961.2319731378,0.003,0
2026-08-14T13:58:28Z,15.441,13.3142,18.81,13.1319,0.1278,0.2538,163.5046,196.261,150.53423,0.0813,0.797,0.116,694667.618198603,0.003,0
2026-08-14T13:58:28Z,15.442,13.3265,18.81,13.605,0.1278,0.2538,171.6319,195.97,150.328279,0.082,0.814,0.11615,691666.3790995295,0.003,0
2026-08-14T13:58:28Z,15.442,13.3355,18.72,13.6278,0.1704,0.3384,171.6621,195.71,150.140908,0.0822,0.84,0.11605,689042.627465112,0.002,0
2026-08-14T13:58:28Z,15.443,13.3422,18.72,13.6469,0.1704,0.3384,171.6168,195.49,149.980248,0.0825,0.868,0.116,686844.1593210743,0.002,0
2026-08-14T13:58:28Z,15.443,13.3475,18.72,13.6393,0.1704,0.3384,171.5714,195.259,149.807462,0.0833,0.899,0.11605,684570.2786616072,0.002,0
2026-08-14T13:58:28Z,15.444,13.3517,18.72,13.9902,0.1704,0.3384,177.327,195.015,149.624552,0.0851,0.931,0.11605,682231.4693711962,0.002,0
2026-08-14T13:58:28Z,15.444,13.3548,18.72,13.9712,0.1704,0.3384,177.2817,194.868,149.520968,0.0878,0.96,0.11607,680877.3800082854,0.001,0
2026-08-14T13:58:28Z,15.444,13.3568,18.81,14.0284,0.1278,0.1692,177.327,194.849,149.52117,0.0908,0.984,0.11605,680791.1182908274,0.001,0
2026-08-14T13:58:28Z,15.445,13.358,18.81,14.0017,0.1278,0.1692,177.327,194.841,149.525054,0.0939,1.005,0.1159,680783.524012262,0.001,0
2026-08-14T13:58:28Z,15.445,13.3591,18.81,13.9902,0.1278,0.1692,177.3723,194.765,149.459535,0.0973,1.025,0.11602,679966.2305060123,0.001,0
2026-08-14T13:58:28Z,15.445,13.3615,18.81,13.975,0.1278,0.1692,181.2849,194.662,149.353218,0.1003,1.048,0.116,678614.2215479696,0,0
2026-08-14T13:58:28Z,15.445,13.3652,18.9,13.9979,0.1704,0.3384,181.2547,194.598,149.273904,0.1028,1.075,0.11605,677522.5729905934,0,0
2026-08-14T13:58:28Z,15.445,13.3678,18.9,13.9902,0.1704,0.3384,181.3151,194.594,149.254527,0.105,1.102,0.1161,677181.3192339588,0,0
2026-08-14T13:58:28Z,15.445,13.3658,18.9,13.9826,0.1704,0.3384,181.1942,194.597,149.255864,0.1071,1.126,0.11592,677285.101562401,0,0
2026-08-14T13:58:28Z,15.445,13.3589,18.9,13.7423,0.1704,0.3384,184.1853,194.546,149.226188,0.1095,1.148,0.11607,677242.1280819261,0,0
2026-08-14T13:58:28Z,15.445,13.3512,18.81,13.7423,0.1278,0.3384,184.1098,194.438,149.157588,0.1124,1.167,0.11612,676779.0802230219,0,0
2026-08-14T13:58:28Z,15.445,13.3469,18.81,13.7537,0.1278,0.3384,184.0796,194.304,149.067828,0.1152,1.181,0.11605,675919.0081739426,0,0
2026-08-14T13:58:28Z,15.445,13.3467,18.81,13.7652,0.1278,0.3384,184.1249,194.158,148.96703,0.1177,1.189,0.116,674750.3686672894,0,0
2026-08-14T13:58:28Z,15.445,13.3492,18.81,13.624,0.1278,0.3384,189.1251,193.983,148.844338,0.12,1.191,0.1161,673209.2982420854,0,0
2026-08-14T13:58:28Z,15.446,13.3529,18.9,13.6088,0.1704,0.2961,189.11,193.762,148.691073,0.1219,1.193,0.11605,671262.2922469376,0,0
2026-08-14T13:58:28Z,15.446,13.3563,18.9,13.624,0.1704,0.2961,189.1553,193.502,148.516444,0.1234,1.196,0.11612,669084.0424478509,0,0
2026-08-14T13:58:28Z,15.446,13.3591,18.9,13.6393,0.1704,0.2961,189.1553,193.229,148.341992,0.1242,1.202,0.11607,666938.5754712366,0,0
2026-08-14T13:58:28Z,15.446,13.3621,18.9,13.5172,0.1704,0.2961,195.4547,192.982,148.197318,0.1245,1.21,0.11605,665133.3963527167,0,0
2026-08-14T13:58:28Z,15.446,13.3664,18.9,13.5058,0.1704,0.2961,195.3943,192.766,148.087912,0.1246,1.223,0.11612,663682.6980677558,0,0
2026-08-14T13:58:28Z,15.446,13.3728,18.9,13.5172,0.1278,0.3807,195.349,192.558,147.998622,0.125,1.243,0.11595,662375.7957105556,0,0
2026-08-14T13:58:28Z,15.446,13.3818,18.9,13.5134,0.1278,0.3807,195.4547,192.344,147.911651,0.1255,1.272,0.11605,660985.7741004141,0,0
2026-08-14T13:58:28Z,15.446,13.3935,18.9,13.3379,0.1278,0.3807,202.4641,192.111,147.7978,0.1263,1.304,0.11595,659173.2495460889,0,0
2026-08-14T13:58:28Z,15.446,13.4083,18.9,13.2769,0.1278,0.3807,202.4339,191.89,147.660769,0.1276,1.336,0.11607,656966.4164618799,0,0
2026-08-14T13:58:28Z,15.446,13.4266,19.17,13.3036,0.1704,0.3807,202.3584,191.724,147.530118,0.1297,1.369,0.11595,654689.6944510466,0,0
2026-08-14T13:58:28Z,15.446,13.4468,19.17,13.3417,0.1704,0.3807,202.3584,191.57,147.395042,0.1327,1.405,0.1161,652288.7632627762,0,0
2026-08-14T13:58:28Z,15.446,13.4637,19.17,13.0633,0.1704,0.3807,216.1052,191.361,147.233536,0.1359,1.444,0.1162,649734.1789142868,0,0
2026-08-14T13:58:28Z,15.446,13.4722,19.17,13.0976,0.1704,0.3807,216.211,191.118,147.072638,0.1392,1.486,0.11587,647547.8788219555,0.001,0
2026-08-14T13:58:28Z,15.447,13.4715,19.71,13.1052,0.1704,0.3384,216.1505,190.919,146.95958099999999,0.1427,1.534,0.11612,646294.9211237752,0.001,0
2026-08-14T13:58:28Z,15.447,13.4672,19.71,13.0366,0.1704,0.3384,216.075,190.808,146.910288,0.1465,1.587,0.11605,645916.6645162314,0.001,0
2026-08-14T13:58:28Z,15.447,13.467,19.71,12.9259,0.1704,0.3384,229.0665,190.779,146.911616,0.1505,1.645,0.11612,645940.107073915,0.001,0
2026-08-14T13:58:28Z,15.447,13.4738,19.71,12.9336,0.1704,0.3384,229.0212,190.766,146.913846,0.1549,1.709,0.11592,645680.1249038914,0.001,0
2026-08-14T13:58:28Z,15.448,13.4843,19.71,12.945,0.1704,0.3384,229.0363,190.673,146.845463,0.1598,1.775,0.116,644466.0808125078,0.002,0
2026-08-14T13:58:28Z,15.448,13.4936,19.44,12.9564,0.1278,0.3807,229.0061,190.49,146.700251,0.1653,1.839,0.11605,642436.5239292264,0.002,0
2026-08-14T13:58:28Z,15.449,13.4998,19.44,12.5216,0.1278,0.3807,229.0212,190.281,146.531623,0.1714,1.89,0.11605,640276.9152674577,0.002,0
2026-08-14T13:58:28Z,15.45,13.503,19.44,12.5292,0.1278,0.3807,228.8853,190.059,146.352698,0.1779,1.925,0.11605,638130.9489078353,0.003,0
2026-08-14T13:58:28Z,15.45,13.5038,19.44,12.533,0.1278,0.3807,228.9759,189.818,146.161831,0.1849,1.949,0.11607,635954.8616026416,0.003,0
2026-08-14T13:58:28Z,15.451,13.5028,19.62,12.533,0.1704,0.3384,228.9306,189.604,146.004262,0.1915,1.97,0.11605,634230.2455490765,0.003,0
2026-08-14T13:58:28Z,15.452,13.5008,19.62,12.0676,0.1704,0.3384,235.5019,189.439,145.900063,0.1969,1.989,0.11595,633146.3131430516,0.003,0
2026-08-14T13:58:28Z,15.453,13.4986,19.62,12.1134,0.1704,0.3384,235.381,189.284,145.813439,0.2005,2.011,0.11602,632268.0359482156,0.004,0
2026-08-14T13:58:28Z,15.454,13.4972,19.62,12.0829,0.1704,0.3384,235.3659,189.104,145.709273,0.2029,2.044,0.11605,631161.7149323067,0.004,0
2026-08-14T13:58:28Z,15.455,13.4991,20.16,12.0752,0.1704,0.3807,235.381,188.882,145.575814,0.2051,2.09,0.1161,629594.8953958488,0.005,0
2026-08-14T13:58:28Z,15.456,13.5053,20.16,12.5178,0.1704,0.3807,224.2627,188.616,145.409518,0.2071,2.146,0.11605,627489.9704181156,0.006,0
2026-08-14T13:58:28Z,15.457,13.5139,20.16,12.5254,0.1704,0.3807,224.2778,188.304,145.208103,0.2094,2.206,0.11612,624902.9084600216,0.007,0
2026-08-14T13:58:28Z,15.459,13.5232,20.16,12.5101,0.1704,0.3807,224.2174,187.949,144.973939,0.2128,2.263,0.11607,621932.96231057,0.008,0
2026-08-14T13:58:28Z,15.461,13.533,20.16,12.5559,0.1704,0.3807,224.2627,187.464,144.632567,0.2175,2.315,0.11605,617771.770564886,0.01,0
2026-08-14T13:58:28Z,15.464,13.5433,19.44,9.9809,0.1278,0.3384,228.9155,186.687,144.058906,0.2233,2.361,0.1161,611066.3950447979,0.013,0
2026-08-14T13:58:28Z,15.467,13.5536,19.44,9.9924,0.1278,0.3384,228.991,185.898,143.486488,0.2295,2.399,0.116,604422.5414601812,0.015,0
2026-08-14T13:58:28Z,15.471,13.5642,19.44,9.9542,0.1278,0.3384,228.9608,185.716,143.391495,0.2353,2.428,0.11605,602976.8800537656,0.018,0
2026-08-14T13:58:28Z,15.476,13.573,19.44,9.9466,0.1278,0.3384,228.9608,186.136,143.742606,0.2407,2.449,0.1159,606444.44872324,0.02,0
2026-08-14T13:58:28Z,15.482,13.5799,19.62,6.6163,0.1704,0.4653,310.5808,186.664,144.140817,0.2454,2.468,0.11587,610511.8396406313,0.023,0
2026-08-14T13:58:28Z,15.489,13.5896,19.62,6.6163,0.1704,0.4653,310.611,186.987,144.359872,0.2494,2.5,0.11612,612521.299280439,0.024,0
2026-08-14T13:58:28Z,15.496,13.6019,19.62,6.6316,0.1704,0.4653,310.5959,187.044,144.374064,0.2523,2.564,0.11607,612188.3574218792,0.025,0
2026-08-14T13:58:28Z,15.503,13.6089,19.62,6.6316,0.1704,0.4653,310.611,186.912,144.257273,0.2545,2.673,0.11607,610635.4848688683,0.024,0
2026-08-14T13:58:28Z,15.509,13.6065,20.61,10.9079,0.1278,0.2538,192.6902,186.66,144.066478,0.2565,2.821,0.11605,608650.2868975233,0.023,0
2026-08-14T13:58:28Z,15.515,13.5984,20.61,10.927,0.1278,0.2538,192.8262,186.306,143.814889,0.2598,2.986,0.11602,606232.0322839844,0.022,0
2026-08-14T13:58:28Z,15.521,13.5905,20.61,10.8812,0.1278,0.2538,192.7356,185.901,143.539557,0.2665,3.142,0.1161,603553.4003835607,0.02,0
2026-08-14T13:58:28Z,15.526,13.5865,20.61,10.866,0.1278,0.2538,192.66,185.583,143.33729,0.2779,3.27,0.11605,601519.1877030436,0.018,0
2026-08-14T13:58:28Z,15.53,13.5874,20.07,9.3401,0.1704,0.4653,155.9665,185.454,143.27231,0.2933,3.349,0.116,600781.3886527392,0.016,0
2026-08-14T13:58:28Z,15.534,13.5934,20.07,9.3668,0.1704,0.4653,155.9514,185.531,143.349319,0.3103,3.377,0.11605,601380.3379840172,0.014,0
2026-08-14T13:58:28Z,15.537,13.6034,20.07,9.3744,0.1704,0.4653,156.0118,185.804,143.558816,0.3265,3.364,0.11612,603257.6690195821,0.013,0
2026-08-14T13:58:28Z,15.54,13.615,20.07,9.3782,0.1704,0.4653,156.0571,186.186,143.830498,0.3396,3.327,0.11595,605749.7847417116,0.011,0
2026-08-14T13:58:28Z,15.543,13.6244,20.07,8.951,0.1704,0.4653,132.1134,186.559,144.072596,0.3479,3.291,0.11592,608011.4265877772,0.01,0
2026-08-14T13:58:28Z,15.546,13.629,20.88,8.9471,0.1278,0.3384,132.1437,186.809,144.20747,0.3507,3.274,0.11617,609298.2744620205,0.009,0
2026-08-14T13:58:28Z,15.548,13.6286,20.88,8.9586,0.1278,0.3384,132.053,186.874,144.206994,0.3493,3.276,0.116,609308.8742286382,0.007,0
2026-08-14T13:58:28Z,15.549,13.6224,20.88,8.9319,0.1278,0.3384,132.1437,186.928,144.215234,0.3456,3.289,0.11607,609643.4085180714,0.006,0
2026-08-14T13:58:28Z,15.55,13.6099,20.88,9.5651,0.1278,0.3384,131.766,187.239,144.42665,0.3418,3.301,0.11595,612445.7608816293,0.005,0
2026-08-14T13:58:28Z,15.551,13.5944,21.33,9.5804,0.213,0.423,131.9624,187.791,144.813505,0.3402,3.295,0.11617,617303.3527762515,0.005,0
2026-08-14T13:58:28Z,15.552,13.5809,21.33,9.5499,0.213,0.423,131.6905,188.345,145.18856,0.3406,3.26,0.116,621977.1669527722,0.004,0
2026-08-14T13:58:28Z,15.553,13.5719,21.33,9.5575,0.213,0.423,131.8566,188.778,145.469572,0.342,3.201,0.1162,625450.0077144688,0.004,0
2026-08-14T13:58:28Z,15.555,13.5645,21.33,9.8818,0.213,0.423,113.4419,189.18,145.727471,0.3433,3.135,0.116,628613.929104513,0.004,0
2026-08-14T13:58:28Z,15.556,13.5541,21.33,9.836,0.213,0.6345,113.4419,189.631,146.010999,0.3428,3.065,0.11607,632197.7191817274,0.004,0
2026-08-14T13:58:28Z,15.556,13.5402,21.33,9.8551,0.213,0.6345,113.4268,190.122,146.315648,0.3391,2.991,0.11597,636176.8841810047,0.003,0
2026-08-14T13:58:28Z,15.557,13.5262,21.33,9.8551,0.213,0.6345,113.4268,190.648,146.650547,0.3331,2.919,0.116,640518.721339177,0.003,0
2026-08-14T13:58:28Z,15.558,13.5125,21.33,9.3248,0.213,0.6345,95.7221,191.153,146.974806,0.3263,2.852,0.1161,644748.7512411762,0.003,0
2026-08-14T13:58:28Z,15.559,13.4958,21.33,9.321,0.213,0.6345,95.7976,191.576,147.240692,0.3192,2.786,0.11602,648462.2288603049,0.003,0
2026-08-14T13:58:28Z,15.559,13.4765,21.42,9.3019,0.213,0.5076,95.6465,191.908,147.43498,0.3116,2.719,0.11605,651486.1232765613,0.003,0
2026-08-14T13:58:28Z,15.56,13.458,21.42,9.2867,0.213,0.5076,95.7523,192.064,147.491295,0.3042,2.646,0.11597,652911.9204115135,0.003,0
2026-08-14T13:58:28Z,15.561,13.4413,21.42,7.8027,0.213,0.5076,77.2167,191.937,147.344525,0.2974,2.561,0.11607,651945.5670183345,0.003,0
2026-08-14T13:58:28Z,15.562,13.4258,21.42,7.8027,0.213,0.5076,77.2167,191.545,147.031646,0.2906,2.468,0.11615,649036.6106968933,0.003,0
2026-08-14T13:58:28Z,15.563,13.41,21.51,7.7951,0.213,0.6345,77.2922,190.989,146.63748,0.2837,2.368,0.11602,645223.4175080229,0.003,0
2026-08-14T13:58:28Z,15.563,13.3933,21.51,7.8294,0.213,0.6345,77.1714,190.367,146.233182,0.2762,2.266,0.116,641343.763051745,0.002,0
2026-08-14T13:58:28Z,15.564,13.3806,21.51,7.5052,0.213,0.6345,72.5941,189.776,145.883198,0.2675,2.166,0.1161,637921.1859300338,0.002,0
2026-08-14T13:58:28Z,15.564,13.3776,21.51,7.4937,0.213,0.6345,72.5337,189.304,145.632405,0.2577,2.07,0.11605,635221.918820522,0.002,0
2026-08-14T13:58:28Z,15.565,13.3861,21.6,7.4823,0.213,0.7614,72.5941,189.004,145.502057,0.2473,1.986,0.11587,633406.9614091456,0.002,0
2026-08-14T13:58:28Z,15.565,13.4055,21.6,7.4937,0.213,0.7614,72.5639,188.847,145.463406,0.2365,1.928,0.116,632175.1928205133,0.002,0
2026-08-14T13:58:28Z,15.566,13.4329,21.6,7.5853,0.213,0.7614,66.5062,188.788,145.47811,0.2259,1.909,0.11587,631214.5861879125,0.002,0
2026-08-14T13:58:28Z,15.566,13.4624,21.6,7.612,0.213,0.7614,66.4609,188.913,145.608173,0.2157,1.934,0.11597,631458.8138113477,0.002,0
2026-08-14T13:58:28Z,15.567,13.4889,21.42,7.6082,0.1704,0.6768,66.5364,189.315,145.916321,0.2068,2.001,0.11602,633817.6340770638,0.002,0
2026-08-14T13:58:28Z,15.567,13.5106,21.42,7.6234,0.1704,0.6768,66.5062,189.885,146.316485,0.2007,2.097,0.11612,637409.4090397261,0.002,0
2026-08-14T13:58:28Z,15.567,13.5266,21.42,7.1313,0.1704,0.6768,63.5907,190.393,146.650987,0.1987,2.213,0.11585,640507.0442389951,0.001,0
2026-08-14T13:58:28Z,15.568,13.5354,21.42,7.1237,0.1704,0.6768,63.6058,190.772,146.894854,0.2013,2.332,0.11607,642888.9590191538,0.001,0
2026-08-14T13:58:28Z,15.568,13.5349,21.42,7.1275,0.1704,0.6768,63.4396,191.143,147.145163,0.2082,2.432,0.11602,645737.4895378023,0.001,0
2026-08-14T13:58:28Z,15.569,13.5246,21.06,7.1046,0.1704,0.6345,63.5151,191.553,147.424598,0.2183,2.496,0.11602,649336.980581275,0.001,0
2026-08-14T13:58:28Z,15.569,13.5096,21.06,6.9368,0.1704,0.6345,61.2492,191.938,147.67347,0.2304,2.519,0.1159,652801.4660375833,0.001,0
2026-08-14T13:58:28Z,15.569,13.4969,21.06,6.8109,0.1704,0.6345,61.2341,192.242,147.855988,0.2429,2.5,0.1159,655423.3502057319,0.001,0
2026-08-14T13:58:28Z,15.569,13.4878,21.06,6.8147,0.1704,0.6345,61.2794,192.461,147.982759,0.2533,2.446,0.116,657261.0733297535,0.001,0
2026-08-14T13:58:28Z,15.57,13.4784,21.6,6.8109,0.1704,0.4653,61.1888,192.609,148.075569,0.2601,2.368,0.11605,658726.1169606084,0.001,0
2026-08-14T13:58:28Z,15.57,13.466,21.6,6.788,0.1704,0.4653,61.2341,192.716,148.155159,0.2626,2.274,0.11605,660170.6480528928,0.001,0
2026-08-14T13:58:28Z,15.57,13.4525,21.6,6.7689,0.1704,0.4653,56.6115,192.832,148.24476,0.2607,2.171,0.1161,661780.4469022109,0.001,0
2026-08-14T13:58:28Z,15.571,13.4416,21.6,6.7651,0.1704,0.4653,56.5964,192.959,148.334211,0.2551,2.069,0.11592,663279.8632849315,0.002,0
2026-08-14T13:58:28Z,15.571,13.4362,21.33,6.7346,0.1278,0.5076,56.5813,193.08,148.409308,0.247,1.969,0.11623,664378.881734382,0.002,0
2026-08-14T13:58:28Z,15.571,13.4355,21.33,6.7613,0.1278,0.5076,56.5813,193.244,148.514111,0.2372,1.879,0.11605,665619.1422076719,0.003,0
2026-08-14T13:58:28Z,15.572,13.4356,21.33,6.582,0.1278,0.5076,61.6722,193.496,148.688587,0.2265,1.806,0.1161,667632.2406249229,0.003,0
2026-08-14T13:58:28Z,15.573,13.4335,21.33,6.5591,0.1278,0.5076,61.7628,193.815,148.917164,0.2158,1.75,0.116,670372.3577485562,0.003,0
2026-08-14T13:58:28Z,15.574,13.4288,21.33,6.5591,0.1278,0.5076,61.6722,194.152,149.156631,0.2054,1.704,0.11612,673360.0983290487,0.002,0
2026-08-14T13:58:28Z,15.575,13.4233,21.42,6.5362,0.1278,0.5922,61.6571,194.475,149.384706,0.196,1.665,0.11602,676258.9031354672,0.001,0
2026-08-14T13:58:28Z,15.576,13.4185,21.42,7.2801,0.1278,0.5922,86.2352,194.818,149.634163,0.1884,1.631,0.11605,679385.389533632,0,0
