DateTime,Depth_m,Temp_C,CDOM_ugL,Chla_ugL,Phycoerythrin_ugL,Phycocyanin_ugL,Turbidity_NTU,Cond_uScm,SpCond_uScm,DO_mgL,DOsat_percent,PAR,Salinity,DescRate_ms ,Flag
2026-08-31T13:19:30Z,-0.136,26.9069,0,0.5699,0.0426,0.2115,2.0622,151.198,159.887261,7.0544,89.876,505.5,367318.63393889414,0.199,0
2026-08-31T13:19:30Z,-0.079,27.2367,0,0.753,0.0426,0.2115,1.9413,152.593,161.536436,7.0281,90.489,484.74,370714.57204288075,0.2,0
2026-08-31T13:19:30Z,-0.024,27.497,6.57,0.7454,-0.0426,-0.54990000000000006,1.7903,153.378,162.47173,7.0192,91.122,507.59,371213.2440684677,0.194,0
2026-08-31T13:19:30Z,0.026,27.6842,6.57,0.7569,-0.0426,-0.54990000000000006,1.8205,153.818,162.994676,7.0293,91.72,308.14,370689.17351766396,0.18,0
2026-08-31T13:19:30Z,0.07,27.8096,6.57,0.734,-0.0426,-0.54990000000000006,1.7601,154.045,163.262767,7.056,92.241,334.81,369859.82094566285,0.164,0
2026-08-31T13:19:30Z,0.108,27.8888,6.57,0.753,-0.0426,-0.54990000000000006,1.9866,154.155,163.383574,7.0941,92.659,317.79,369056.30573554913,0.146,0
2026-08-31T13:19:30Z,0.142,27.9364,8.28,0.7607,0.0426,0.2961,2.0924,154.23,163.453458,7.1377,92.963,293.94,368559.060749131,0.128,0
2026-08-31T13:19:30Z,0.172,27.9635,8.28,0.7645,0.0426,0.2961,2.0773,154.299,163.511097,7.1811,93.156,263.34,368379.8103615574,0.112,0
2026-08-31T13:19:30Z,0.198,27.9773,8.28,0.7492,0.0426,0.2961,2.1528,154.335,163.53578,7.2201,93.255,281.93,368261.58344813006,0.098,0
2026-08-31T13:19:30Z,0.22,27.9818,8.28,0.7836,0.0426,0.2961,1.8507,154.322,163.510031,7.2523,93.287,263.85,368027.53917496995,0.086,0
2026-08-31T13:19:30Z,0.24,27.9805,8.37,0.7454,0.0852,0.3807,1.9111,154.281,163.451041,7.2763,93.28,266.97,367711.00667745055,0.076,0
2026-08-31T13:19:30Z,0.257,27.9768,8.37,0.7302,0.0852,0.3807,1.8658,154.24,163.38918,7.2919,93.253,258.24,367423.3219667274,0.069,0
2026-08-31T13:19:30Z,0.272,27.9731,8.37,0.7492,0.0852,0.3807,1.8658,154.218,163.344034,7.3001,93.217,268.54,367232.2845144568,0.064,0
2026-08-31T13:19:30Z,0.287,27.9694,8.37,0.6729,0.0852,0.3807,2.0169,154.226,163.325612,7.3031,93.188,245.54,367195.6428691128,0.063,0
2026-08-31T13:19:30Z,0.301,27.9649,8.37,0.6844,0.0852,0.3807,2.1679,154.27,163.341028,7.3031,93.188,270.82,367369.60929506534,0.064,0
2026-08-31T13:19:30Z,0.317,27.9591,8.37,0.7111,0.0852,0.2538,2.1075,154.324,163.36031500000001,7.3017,93.237,236.38,367590.58414061216,0.068,0
2026-08-31T13:19:30Z,0.334,27.952,8.37,0.6691,0.0852,0.2538,1.9715,154.357,163.340506,7.2998,93.356,249.47,367610.1203951688,0.074,0
2026-08-31T13:19:30Z,0.353,27.9434,8.37,0.8026,0.0852,0.2538,2.1377,154.398,163.294361,7.2987,93.561,230.85,367505.67258137197,0.08,0
2026-08-31T13:19:30Z,0.375,27.9334,8.37,0.837,0.0852,0.2538,2.0924,154.463,163.237635,7.3,93.841,225.54,367366.44162672077,0.084,0
2026-08-31T13:19:30Z,0.4,27.9212,8.37,0.8217,0.0852,0.2961,2.0773,154.527,163.16922,7.3054,94.162,206,367201.10729770665,0.086,0
2026-08-31T13:19:30Z,0.425,27.9034,8.37,0.7874,0.0852,0.2961,2.0169,154.57,163.106942,7.3171,94.482,204.49,367176.91000990977,0.084,0
2026-08-31T13:19:30Z,0.448,27.8746,8.37,0.8408,0.0852,0.2961,2.1075,154.583,163.060242,7.3369,94.763,206,367450.64560190676,0.078,0
2026-08-31T13:19:30Z,0.468,27.8337,8.37,0.8789,0.0852,0.2961,2.2132,154.561,163.016667,7.3642,94.979,203.47,367971.93375473627,0.07,0
2026-08-31T13:19:30Z,0.484,27.7898,8.46,0.8789,0.0852,0.2961,2.1377,154.527,162.976626,7.3952,95.118,208.84,368571.85138266184,0.06,0
2026-08-31T13:19:30Z,0.497,27.755,8.46,0.8751,0.0852,0.2961,2.1075,154.513,162.953498,7.4249,95.187,213.99,369098.5903547152,0.051,0
2026-08-31T13:19:30Z,0.507,27.7355,8.46,0.8103,0.0852,0.2961,2.1981,154.521,162.937108,7.4495,95.205,213.48,369374.2349467064,0.043,0
2026-08-31T13:19:30Z,0.517,27.7289,8.46,0.8255,0.0852,0.2961,2.1377,154.539,162.911059,7.4673,95.195,211.49,369348.14351951244,0.037,0
2026-08-31T13:19:30Z,0.525,27.7276,8.37,0.795,0.0426,0.3384,2.0471,154.558,162.876418,7.4784,95.18,212.87,369171.09669053525,0.033,0
2026-08-31T13:19:30Z,0.532,27.7248,8.37,0.8026,0.0426,0.3384,2.1075,154.571,162.839978,7.4842,95.184,206.54,369012.1523238088,0.029,0
2026-08-31T13:19:30Z,0.539,27.7166,8.37,0.8141,0.0426,0.3384,2.1075,154.584,162.804047,7.4867,95.22,208.07,368958.9049537809,0.026,0
2026-08-31T13:19:30Z,0.546,27.702,8.37,0.8217,0.0426,0.3384,2.0169,154.599,162.767061,7.4878,95.282,203.16,369021.26785661286,0.021,0
2026-08-31T13:19:30Z,0.552,27.6846,8.37,0.8141,0.0426,0.3384,2.0471,154.619,162.737192,7.489,95.348,201.22,369178.4545068132,0.014,0
2026-08-31T13:19:30Z,0.557,27.6682,8.46,0.795,0.0426,0.3384,2.032,154.645,162.724511,7.4914,95.39,198.36,369416.97031764337,0.005,0
2026-08-31T13:19:30Z,0.558,27.6522,8.46,0.8103,0.0426,0.3384,1.7449,154.666,162.719621,7.4964,95.375,199.31,369693.5669839974,-0.007,0
2026-08-31T13:19:30Z,0.556,27.6351,8.46,0.8065,0.0426,0.3384,1.896,154.676,162.71721,7.5036,95.268,199.57,370005.9420557502,-0.021,0
2026-08-31T13:19:30Z,0.549,27.6186,8.46,0.8293,0.0426,0.3384,1.8507,154.666,162.718634,7.511,95.048,204.93,370329.62294939643,-0.034,0
2026-08-31T13:19:30Z,0.537,27.6057,8.46,0.8065,0.0852,0.3807,1.8054,154.619,162.710244,7.5161,94.732,216.79,370527.3219227458,-0.044,0
2026-08-31T13:19:30Z,0.52,27.5969,8.46,0.7225,0.0852,0.3807,1.7449,154.567,162.693819,7.516,94.373,236.58,370599.62865790975,-0.05,0
2026-08-31T13:19:30Z,0.502,27.5927,8.46,0.7721,0.0852,0.3807,1.8356,154.562,162.689038,7.5082,94.026,239.85,370652.05601534154,-0.051,0
2026-08-31T13:19:30Z,0.487,27.596800000000002,8.46,0.7607,0.0852,0.3807,1.7903,154.616,162.694631,7.4903,93.739,245.65,370606.3073482188,-0.047,0
2026-08-31T13:19:30Z,0.475,27.6099,8.37,0.7797,0.0852,0.2538,1.7903,154.69,162.692037,7.4637,93.536,246.61,370340.4639335974,-0.04,0
2026-08-31T13:19:30Z,0.467,27.6226,8.37,0.7492,0.0852,0.2538,2.0622,154.748,162.676547,7.4337,93.421,237.25,370007.1223729693,-0.031,0
2026-08-31T13:19:30Z,0.462,27.6226,8.37,0.7073,0.0852,0.2538,2.0622,154.781,162.654047,7.4063,93.392,239.17,369875.62718157924,-0.021,0
2026-08-31T13:19:30Z,0.458,27.6061,8.37,0.7416,0.0852,0.2538,2.1075,154.782,162.622541,7.3859,93.444,242.41,370006.6862030816,-0.013,0
2026-08-31T13:19:30Z,0.456,27.5801,8.37,0.7454,0.0852,0.2538,2.0773,154.751,162.57964,7.3733,93.556,246.77,370252.85438441724,-0.007,0
2026-08-31T13:19:30Z,0.455,27.5551,8.37,0.7263,0.0852,0.2961,2.1075,154.705,162.535952,7.3674,93.692,244.74,370475.5549385168,-0.002,0
2026-08-31T13:19:30Z,0.456,27.5367,8.37,0.7569,0.0852,0.2961,2.0622,154.664,162.507892,7.3676,93.823,242.62,370663.6174296452,0.001,0
2026-08-31T13:19:30Z,0.458,27.5262,8.37,0.7263,0.0852,0.2961,2.1075,154.631,162.491988,7.3731,93.937,242.47,370771.6453687578,0.003,0
2026-08-31T13:19:30Z,0.459,27.5227,8.37,0.7492,0.0852,0.2961,2.0622,154.593,162.47598,7.3824,94.035,242.1,370744.8798506313,0.004,0
2026-08-31T13:19:30Z,0.46,27.5245,8.46,0.7492,0.0852,0.2538,2.0622,154.561,162.463621,7.3929,94.116,249.63,370637.9096877407,0.005,0
2026-08-31T13:19:30Z,0.461,27.5291,8.46,0.8179,0.0852,0.2538,1.7298,154.549,162.459634,7.4026,94.181,245.22,370526.3894146631,0.005,0
2026-08-31T13:19:30Z,0.463,27.5353,8.46,0.8141,0.0852,0.2538,1.9413,154.557,162.458949,7.4108,94.228,242.57,370403.61306622345,0.004,0
2026-08-31T13:19:30Z,0.464,27.543,8.46,0.8332,0.0852,0.2538,1.8205,154.573,162.449358,7.4175,94.259,248.87,370200.0179368107,0.004,0
2026-08-31T13:19:30Z,0.464,27.55,8.46,0.837,0.0852,0.3384,1.8809,154.586,162.420282,7.423,94.28,240.05,369895.89057058434,0.003,0
2026-08-31T13:19:30Z,0.465,27.5528,8.46,0.8103,0.0852,0.3384,1.8356,154.589,162.375992,7.4277,94.296,243.63,369583.2437550905,0.003,0
2026-08-31T13:19:30Z,0.465,27.55,8.46,0.8103,0.0852,0.3384,1.7903,154.587,162.332733,7.4318,94.31,244.48,369383.725756787,0.002,0
2026-08-31T13:19:30Z,0.466,27.5412,8.46,0.8065,0.0852,0.3384,1.7601,154.581,162.299012,7.4355,94.325,238.7,369354.55685603817,0.002,0
2026-08-31T13:19:30Z,0.466,27.5274,8.55,0.8217,0.0426,0.2961,1.7147,154.563,162.265834,7.4389,94.341,241.41,369424.043462755,0.002,0
2026-08-31T13:19:30Z,0.467,27.5121,8.55,0.8789,0.0426,0.2961,2.1679,154.532,162.23237,7.4422,94.351,238.39,369520.54988389445,0.002,0
2026-08-31T13:19:30Z,0.467,27.4989,8.55,0.8942,0.0426,0.2961,2.032,154.498,162.205732,7.4451,94.357,240.05,369616.9278527323,0.002,0
2026-08-31T13:19:30Z,0.468,27.4898,8.55,0.8522,0.0426,0.2961,2.0773,154.465,162.182826,7.4475,94.364,235.2,369656.79443233856,0.002,0
2026-08-31T13:19:30Z,0.468,27.4852,8.55,0.8637,0.0426,0.2961,2.0471,154.438,162.161554,7.4493,94.371,245.27,369620.16946948494,0.001,0
2026-08-31T13:19:30Z,0.468,27.4849,8.55,0.8789,0.0852,0.2115,1.7903,154.418,162.140255,7.4501,94.377,237.51,369501.1575131667,0.001,0
2026-08-31T13:19:30Z,0.469,27.4877,8.55,0.8637,0.0852,0.2115,1.8658,154.404,162.117256,7.4502,94.379,240.84,369312.9720187551,0,0
2026-08-31T13:19:30Z,0.469,27.4916,8.55,0.8751,0.0852,0.2115,1.8205,154.395,162.094442,7.4502,94.376,236.89,369104.94221896154,0,0
2026-08-31T13:19:30Z,0.468,27.494,8.55,0.8446,0.0852,0.2115,1.896,154.389,162.073746,7.4505,94.37,239.43,368938.0335762969,-0.001,0
2026-08-31T13:19:30Z,0.468,27.4937,8.46,0.8065,0.1278,0.1692,1.8205,154.384,162.053655,7.451,94.365,237.56,368826.2386152502,-0.001,0
2026-08-31T13:19:30Z,0.467,27.491,8.46,0.8332,0.1278,0.1692,1.7601,154.375,162.030816,7.4516,94.359,234.28,368744.1761463304,-0.001,0
2026-08-31T13:19:30Z,0.467,27.4869,8.46,0.8255,0.1278,0.1692,1.8809,154.361,162.007156,7.4518,94.351,239.06,368684.01818285376,-0.001,0
2026-08-31T13:19:30Z,0.467,27.4822,8.46,0.8408,0.1278,0.1692,1.8809,154.346,161.986385,7.452,94.342,231.15,368652.1951212081,-0.001,0
2026-08-31T13:19:30Z,0.466,27.4774,8.46,0.7836,0.0852,0.2961,1.8809,154.331,161.966975,7.4523,94.34,238.03,368630.2335800978,-0.001,0
2026-08-31T13:19:30Z,0.466,27.4732,8.46,0.8179,0.0852,0.2961,1.7903,154.317,161.947758,7.4524,94.347,235.97,368597.94950746984,0,0
2026-08-31T13:19:30Z,0.466,27.4701,8.46,0.7988,0.0852,0.2961,1.8205,154.308,161.931628,7.4521,94.362,240,368562.7345567736,0.001,0
2026-08-31T13:19:30Z,0.466,27.4683,8.46,0.795,0.0852,0.2961,1.7449,154.303,161.91829,7.4517,94.381,231.45,368519.05213410925,0.001,0
2026-08-31T13:19:30Z,0.467,27.4672,8.46,0.8751,0.0852,0.2961,2.1528,154.299,161.904188,7.4517,94.403,238.03,368457.5516359141,0.002,0
2026-08-31T13:19:30Z,0.468,27.4658,8.55,0.8637,0.0852,0.2961,2.1377,154.291,161.885562,7.4524,94.427,235.05,368375.3184325255,0.002,0
2026-08-31T13:19:30Z,0.469,27.4638,8.55,0.8637,0.0852,0.2961,2.1075,154.276,161.861451,7.4538,94.452,234.18,368272.45716983615,0.002,0
2026-08-31T13:19:30Z,0.469,27.461,8.55,0.8599,0.0852,0.2961,2.0169,154.26,161.837452,7.4557,94.474,234.49,368185.50440230855,0.002,0
2026-08-31T13:19:30Z,0.469,27.4578,8.55,0.9018,0.0852,0.2961,2.0773,154.248,161.819192,7.4579,94.493,230.14,368139.7273648811,0.001,0
2026-08-31T13:19:30Z,0.469,27.4545,8.46,0.8789,0.0852,0.3807,2.0773,154.245,161.809817,7.4602,94.503,232.41,368147.8002693653,0.001,0
2026-08-31T13:19:30Z,0.469,27.4517,8.46,0.8789,0.0852,0.3807,2.032,154.249,161.806829,7.4625,94.506,231.65,368183.69198451925,0,0
2026-08-31T13:19:30Z,0.469,27.4494,8.46,0.8751,0.0852,0.3807,2.0924,154.251,161.801412,7.4646,94.505,232.71,368195.8530552426,0,0
2026-08-31T13:19:30Z,0.469,27.4476,8.46,0.8713,0.0852,0.3807,2.1226,154.25,161.792122,7.4663,94.505,229.5,368175.8340264183,0,0
2026-08-31T13:19:30Z,0.469,27.4456,8.55,0.8599,0.1278,0.423,2.0471,154.246,161.78049,7.4674,94.509,231.75,368145.92969453265,0,0
2026-08-31T13:19:30Z,0.47,27.4433,8.55,0.8942,0.1278,0.423,2.0773,154.235,161.763413,7.468,94.513,230.14,368089.89949725167,0,0
2026-08-31T13:19:30Z,0.47,27.4406,8.55,0.8866,0.1278,0.423,2.032,154.22,161.744353,7.4683,94.514,231.15,368029.89550732035,0,0
2026-08-31T13:19:30Z,0.47,27.438,8.55,0.9285,0.1278,0.423,2.0169,154.21,161.730256,7.4686,94.513,232.91,367997.0051879998,0,0
2026-08-31T13:19:30Z,0.47,27.4358,8.55,0.9362,0.0852,0.2538,2.1981,154.202,161.717361,7.4692,94.514,232,367963.5199439635,0,0
2026-08-31T13:19:30Z,0.47,27.4341,8.55,0.9209,0.0852,0.2538,2.0773,154.194,161.70223,7.4697,94.516,231.35,367907.43318514986,0,0
2026-08-31T13:19:30Z,0.47,27.4329,8.55,0.9552,0.0852,0.2538,2.1528,154.189,161.688845,7.4699,94.515,230.7,367852.0318362732,0,0
2026-08-31T13:19:30Z,0.47,27.4318,8.55,0.9247,0.0852,0.2538,2.1075,154.188,161.677646,7.47,94.514,229.4,367807.50822565146,0,0
2026-08-31T13:19:30Z,0.47,27.4303,8.55,0.9362,0.0852,0.2538,2.0471,154.186,161.665644,7.4703,94.516,229.15,367765.9089663709,0,0
2026-08-31T13:19:30Z,0.47,27.4281,8.55,0.9171,0.0426,0.2538,1.9866,154.184,161.653649,7.4707,94.521,229.1,367737.6807294018,0,0
2026-08-31T13:19:30Z,0.47,27.4254,8.55,0.9476,0.0426,0.2538,2.1981,154.182,161.642469,7.471,94.53,229.59,367723.73691830004,0,0
2026-08-31T13:19:30Z,0.47,27.4223,8.55,0.94,0.0426,0.2538,2.1377,154.178,161.629122,7.4714,94.542,228.75,367704.739115479,0,0
2026-08-31T13:19:30Z,0.47,27.4191,8.55,0.9133,0.0426,0.2538,2.1226,154.171,161.614057,7.472,94.552,227.81,367677.5982815051,0,0
2026-08-31T13:19:30Z,0.469,27.4159,8.55,0.9514,0.0852,0.3384,2.0773,154.168,161.60528299999999,7.4728,94.558,227.86,367687.23740317504,-0.001,0
2026-08-31T13:19:30Z,0.469,27.4127,8.55,0.9362,0.0852,0.3384,2.1075,154.175,161.608478,7.4739,94.559,230.64,367766.8702194721,-0.001,0
2026-08-31T13:19:30Z,0.469,27.4098,8.55,0.9171,0.0852,0.3384,2.0471,154.183,161.612467,7.4752,94.56,226.77,367845.4510702775,-0.001,0
2026-08-31T13:19:30Z,0.469,27.4074,8.55,0.9438,0.0852,0.3384,2.0773,154.183,161.606288,7.4764,94.563,229.1,367855.0381345888,-0.001,0
2026-08-31T13:19:30Z,0.469,27.4055,8.55,0.9323,0.0426,0.2538,2.0924,154.175,161.592301,7.477,94.565,229.94,367809.42277331045,0,0
2026-08-31T13:19:30Z,0.469,27.404,8.55,0.9362,0.0426,0.2538,2.0773,154.168,161.578803,7.4773,94.566,223.93,367759.0466443345,0,0
2026-08-31T13:19:30Z,0.469,27.4026,8.55,0.9896,0.0426,0.2538,2.032,154.171,161.574219,7.4776,94.566,230.95,367758.9056250215,0,0
2026-08-31T13:19:30Z,0.469,27.4009,8.55,0.9819,0.0426,0.2538,2.1075,154.177,161.573318,7.478,94.566,222.76,367786.0250412864,0,0
2026-08-31T13:19:30Z,0.469,27.399,8.55,0.9972,0.0426,0.2538,2.1075,154.178,161.567843,7.4785,94.567,228.65,367790.19904224726,-0,0
2026-08-31T13:19:30Z,0.469,27.3969,8.46,1.0163,0.0852,0.3384,2.0773,154.177,161.560341,7.4789,94.569,224.03,367786.3253609904,-0,0
2026-08-31T13:19:30Z,0.469,27.3946,8.46,1.0048,0.0852,0.3384,2.1377,154.176,161.552821,7.4792,94.569,222.33,367786.1563375634,-0,0
2026-08-31T13:19:30Z,0.469,27.3922,8.46,0.9934,0.0852,0.3384,2.1377,154.172,161.543276,7.4795,94.57,227.95,367776.04476461496,-0,0
2026-08-31T13:19:30Z,0.469,27.3899,8.46,1.0353,0.0852,0.3384,2.032,154.167,161.53317,7.4799,94.572,220.5,367760.74384458514,0,0
2026-08-31T13:19:30Z,0.468,27.3878,8.55,0.9743,0.1278,0.2961,2.0169,154.167,161.527824,7.4803,94.576,225.79,367769.48194528685,0,0
2026-08-31T13:19:30Z,0.468,27.3858,8.55,0.9857,0.1278,0.2961,2.0018,154.169,161.525814,7.4806,94.583,220.64,367795.83547814545,0,0
2026-08-31T13:19:30Z,0.468,27.384,8.55,1.0201,0.1278,0.2961,2.1679,154.17,161.522595,7.4809,94.592,226.77,367811.3046062071,0,0
2026-08-31T13:19:30Z,0.468,27.3823,8.55,1.0163,0.1278,0.2961,2.1377,154.168,161.517306,7.4813,94.6,218.64,367812.754394602,0.001,0
2026-08-31T13:19:30Z,0.468,27.3807,8.46,0.9972,0.0852,0.3807,2.1377,154.165,161.512548,7.4818,94.606,226.87,367815.40559887997,0.001,0
2026-08-31T13:19:30Z,0.469,27.3793,8.46,0.9934,0.0852,0.3807,1.8507,154.163,161.511058,7.4825,94.614,219.59,367833.37101845804,0.001,0
2026-08-31T13:19:30Z,0.469,27.3781,8.46,1.0086,0.0852,0.3807,1.8507,154.159,161.512441,7.4834,94.622,221.27,367864.3418233687,0.001,0
2026-08-31T13:19:30Z,0.469,27.3771,8.46,1.0086,0.0852,0.3807,1.8205,154.154,161.517064,7.4842,94.629,222.62,367910.46869969333,0.001,0
2026-08-31T13:19:30Z,0.47,27.3765,8.55,0.9819,0.0426,0.2538,1.8507,154.144,161.518143,7.4848,94.638,218.45,367928.225695357,0.001,0
2026-08-31T13:19:30Z,0.47,27.3768,8.55,1.0086,0.0426,0.2538,2.0169,154.136,161.51597,7.4853,94.649,222.86,367909.7842716851,0.001,0
2026-08-31T13:19:30Z,0.47,27.3785,8.55,0.9934,0.0426,0.2538,2.0773,154.14,161.517981,7.4857,94.662,218.16,367889.1435132015,0.001,0
2026-08-31T13:19:30Z,0.471,27.3817,8.55,0.9934,0.0426,0.2538,2.1075,154.15,161.520704,7.4859,94.674,220.69,367844.07731840963,0.002,0
2026-08-31T13:19:30Z,0.471,27.3853,8.55,0.9934,0.0426,0.2538,2.0773,154.165,161.520857,7.4861,94.681,215.85,367776.35669586714,0.002,0
2026-08-31T13:19:30Z,0.472,27.3873,8.55,0.9857,0.0426,0.3384,2.0471,154.183,161.51848,7.4867,94.683,219.16,367724.33598163864,0.002,0
2026-08-31T13:19:30Z,0.472,27.3869,8.55,0.9781,0.0426,0.3384,2.0471,154.205,161.516945,7.4878,94.685,216.04,367722.97661437205,0.002,0
2026-08-31T13:19:30Z,0.472,27.3841,8.55,1.0048,0.0426,0.3384,2.1075,154.226,161.515842,7.4891,94.687,219.45,367769.87945514545,0.002,0
2026-08-31T13:19:30Z,0.473,27.3791,8.55,1.0277,0.0426,0.3384,2.0773,154.239,161.510866,7.4904,94.689,212.69,367836.0587062002,0.001,0
2026-08-31T13:19:30Z,0.473,27.3722,8.55,0.9857,0.0852,0.3384,2.0169,154.245,161.504698,7.4915,94.693,219.35,367931.507410767,0.001,0
2026-08-31T13:19:30Z,0.474,27.3644,8.55,1.0086,0.0852,0.3384,2.1226,154.246,161.499702,7.4927,94.7,216.46,368051.0270731005,0.002,0
2026-08-31T13:19:30Z,0.474,27.3569,8.55,0.9857,0.0852,0.3384,2.1226,154.245,161.494545,7.4938,94.713,217.03,368163.9332229742,0.002,0
2026-08-31T13:19:30Z,0.475,27.3508,8.55,0.9934,0.0852,0.3384,1.9866,154.244,161.487852,7.4948,94.732,218.73,368241.1572605239,0.002,0
2026-08-31T13:19:30Z,0.475,27.346800000000002,8.64,0.9781,0.0852,0.3807,2.0924,154.247,161.481847,7.4956,94.752,215.76,368282.33743286773,0.001,0
2026-08-31T13:19:30Z,0.476,27.3448,8.64,1.0277,0.0852,0.3807,1.9564,154.254,161.478937,7.4965,94.768,215.71,368303.4723371898,0.001,0
2026-08-31T13:19:30Z,0.476,27.3434,8.64,0.9781,0.0852,0.3807,2.1075,154.263,161.478345,7.4977,94.77,217.22,368326.7387303506,0.001,0
2026-08-31T13:19:30Z,0.476,27.3415,8.64,0.9934,0.0852,0.3807,2.0471,154.272,161.479913,7.4994,94.76,212.64,368372.2204728729,0,0
2026-08-31T13:19:30Z,0.476,27.3386,8.64,1.043,0.0852,0.3807,2.1075,154.28,161.48005,7.5014,94.743,214.5,368428.42286057817,-0.001,0
2026-08-31T13:19:30Z,0.475,27.3353,8.64,1.0506,0.0852,0.3807,2.0773,154.286,161.478792,7.503,94.722,214.96,368484.0989170082,-0.001,0
2026-08-31T13:19:30Z,0.475,27.3322,8.64,1.0582,0.0852,0.3807,2.1226,154.292,161.479812,7.5036,94.698,210.8,368549.325744637,-0.002,0
2026-08-31T13:19:30Z,0.474,27.3294,8.64,1.0239,0.0852,0.3807,2.0622,154.296,161.479372,7.5032,94.678,218.59,368600.26650549023,-0.002,0
2026-08-31T13:19:30Z,0.474,27.3269,8.64,1.0506,0.0852,0.3807,1.8054,154.298,161.477356,7.5022,94.668,211.67,368636.23457288695,-0.002,0
2026-08-31T13:19:30Z,0.473,27.3246,8.55,1.0697,0.0426,0.3807,1.9564,154.303,161.477235,7.5008,94.671,218.35,368679.5025815909,-0.002,0
2026-08-31T13:19:30Z,0.472,27.3227,8.55,1.0659,0.0426,0.3807,1.9262,154.311,161.478976,7.4992,94.679,212.97,368726.0536839219,-0.002,0
2026-08-31T13:19:30Z,0.472,27.3214,8.55,1.0582,0.0426,0.3807,1.7903,154.321,161.483044,7.4978,94.683,213.52,368774.792259392,-0.002,0
2026-08-31T13:19:30Z,0.472,27.32,8.55,1.062,0.0426,0.3807,1.9715,154.329,161.486513,7.4972,94.683,214.64,368821.93404785515,-0.001,0
2026-08-31T13:19:30Z,0.471,27.3183,8.46,1.0582,0.1278,0.2538,2.1075,154.333,161.4863,7.4977,94.682,214.36,368853.20811756415,-0.001,0
2026-08-31T13:19:30Z,0.471,27.3162,8.46,1.043,0.1278,0.2538,2.0471,154.334,161.482348,7.4986,94.682,215.34,368870.18959661893,-0.001,0
2026-08-31T13:19:30Z,0.471,27.3142,8.46,1.0659,0.1278,0.2538,2.0169,154.334,161.477612,7.4992,94.682,212.09,368880.65654443204,-0.001,0
2026-08-31T13:19:30Z,0.47,27.3124,8.46,1.0849,0.1278,0.2538,2.0924,154.336,161.474836,7.4994,94.684,217.22,368898.8039836732,-0,0
2026-08-31T13:19:30Z,0.47,27.3109,8.46,1.062,0.1278,0.2538,2.1075,154.339,161.473281,7.4996,94.692,210.53,368918.3806611345,-0,0
2026-08-31T13:19:30Z,0.471,27.3095,8.55,1.0659,0.0426,0.1692,2.1075,154.342,161.472532,7.4998,94.702,216.7,368940.7777649889,-0,0
2026-08-31T13:19:30Z,0.471,27.308,8.55,1.0659,0.0426,0.1692,2.1075,154.341,161.46838,7.4999,94.707,212.36,368945.10744282557,-0,0
2026-08-31T13:19:30Z,0.47,27.3064,8.55,1.0735,0.0426,0.1692,2.1075,154.335,161.459717,7.5003,94.708,213.8,368924.8611696621,-0,0
2026-08-31T13:19:30Z,0.47,27.3049,8.55,1.0773,0.0426,0.1692,2.1075,154.33,161.452251,7.5012,94.706,215.62,368909.72908296064,-0,0
2026-08-31T13:19:30Z,0.47,27.3036,8.55,1.0697,0.0426,0.3384,2.1226,154.329,161.448,7.5021,94.705,213.38,368909.6478459355,-0,0
2026-08-31T13:19:30Z,0.47,27.3025,8.55,1.043,0.0426,0.3384,2.0622,154.332,161.447834,7.5027,94.706,215.62,368929.7279913892,-0,0
2026-08-31T13:19:30Z,0.47,27.3017,8.55,1.0582,0.0426,0.3384,2.0773,154.341,161.453713,7.5028,94.708,214.68,368979.5699141492,0,0
2026-08-31T13:19:30Z,0.471,27.3008,8.55,1.0582,0.0426,0.3384,2.0924,154.351,161.461192,7.5028,94.707,215.62,369040.73060225195,0,0
2026-08-31T13:19:30Z,0.471,27.2998,8.55,1.0582,0.0852,0.2538,2.1679,154.355,161.462243,7.5028,94.705,215.99,369066.05305549374,0,0
2026-08-31T13:19:30Z,0.47,27.2987,8.55,1.0926,0.0852,0.2538,2.0169,154.353,161.457146,7.503,94.711,211.35,369057.17553400696,0,0
2026-08-31T13:19:30Z,0.47,27.2976,8.55,1.0811,0.0852,0.2538,2.0773,154.351,161.45256,7.5033,94.726,213.15,369051.29948572564,0,0
2026-08-31T13:19:30Z,0.471,27.2966,8.55,1.1154,0.0852,0.2538,1.8809,154.354,161.453274,7.5034,94.743,211.21,369074.6440986475,0,0
2026-08-31T13:19:30Z,0.471,27.2957,8.55,1.1116,0.0426,0.2115,1.7601,154.36,161.457474,7.5034,94.754,212.09,369116.556078587,0,0
2026-08-31T13:19:30Z,0.471,27.2948,8.55,1.1498,0.0426,0.2115,1.7903,154.36,161.456259,7.504,94.76,214.36,369126.6556951105,0,0
2026-08-31T13:19:30Z,0.471,27.294,8.55,1.1154,0.0426,0.2115,1.7903,154.353,161.447299,7.5053,94.763,209.43,369089.3343139983,0,0
2026-08-31T13:19:30Z,0.471,27.2933,8.55,1.1078,0.0426,0.2115,2.0924,154.346,161.438228,7.5067,94.764,214.03,369049.4467677442,0,0
2026-08-31T13:19:30Z,0.471,27.2926,8.55,1.1193,0.0426,0.2115,2.1377,154.344,161.434643,7.5077,94.763,208.89,369041.79013091745,0,0
2026-08-31T13:19:30Z,0.471,27.2919,8.55,1.1193,0.0852,0.3384,2.0169,154.346,161.435589,7.5083,94.759,209.75,369060.7539875002,-0.001,0
2026-08-31T13:19:30Z,0.47,27.2914,8.55,1.1421,0.0852,0.3384,2.0622,154.349,161.437308,7.5085,94.752,210.44,369080.4298470495,-0.001,0
2026-08-31T13:19:30Z,0.47,27.2909,8.55,1.062,0.0852,0.3384,2.1377,154.351,161.438256,7.5087,94.747,212.41,369095.5765104435,-0.001,0
2026-08-31T13:19:30Z,0.47,27.2904,8.55,1.0392,0.0852,0.3384,2.0018,154.353,161.438684,7.5087,94.742,210.21,369107.66835204116,-0.001,0
2026-08-31T13:19:30Z,0.47,27.29,8.55,1.0506,0.0852,0.3384,2.0924,154.355,161.440712,7.5084,94.738,210.85,369127.24727513694,-0.001,0
2026-08-31T13:19:30Z,0.469,27.2895,8.55,1.0582,0.0852,0.3384,2.032,154.358,161.442875,7.5079,94.734,209.48,369149.53577726684,-0.001,0
2026-08-31T13:19:30Z,0.469,27.2891,8.55,1.1078,0.0852,0.3384,2.0773,154.356,161.441743,7.5075,94.732,211.12,369150.54637640924,-0.001,0
2026-08-31T13:19:30Z,0.469,27.2888,8.55,1.1078,0.0852,0.3384,2.1075,154.355,161.44102,7.5072,94.733,208.12,369152.0447708816,-0.001,0
2026-08-31T13:19:30Z,0.469,27.2886,8.55,1.1231,0.0852,0.3384,2.1528,154.359,161.444525,7.5069,94.734,206.32,369176.47407048586,-0.001,0
2026-08-31T13:19:30Z,0.469,27.2885,8.55,1.1078,0.0852,0.3384,2.0773,154.363,161.449182,7.5066,94.731,210.48,369205.7593082611,-0.001,0
2026-08-31T13:19:30Z,0.469,27.2885,8.55,1.0582,0.0852,0.3384,2.0471,154.362,161.450221,7.5065,94.727,201.79,369211.865646568,-0.001,0
2026-08-31T13:19:30Z,0.468,27.2886,8.55,1.0697,0.0852,0.3384,2.0471,154.359,161.449923,7.5066,94.723,209.75,369208.19823681953,-0.001,0
2026-08-31T13:19:30Z,0.468,27.2887,8.55,1.0353,0.0852,0.3384,2.0471,154.358,161.452218,7.5067,94.722,206.36,369219.7702838249,-0.001,0
2026-08-31T13:19:30Z,0.467,27.289,8.55,1.0582,0.0852,0.2961,2.0773,154.36,161.457716,7.5064,94.725,206.14,369246.3357535891,-0.001,0
2026-08-31T13:19:30Z,0.467,27.2894,8.55,1.1269,0.0852,0.2961,2.032,154.363,161.463876,7.506,94.728,205.64,369274.87638730224,-0.001,0
2026-08-31T13:19:30Z,0.467,27.2903,8.55,1.1498,0.0852,0.2961,2.1226,154.365,161.468333,7.5055,94.731,203.55,369283.8259679514,-0,0
2026-08-31T13:19:30Z,0.467,27.2914,8.55,1.1231,0.0852,0.2961,2.1075,154.366,161.472274,7.5053,94.737,201.84,369285.9097255456,-0,0
2026-08-31T13:19:30Z,0.467,27.2925,8.55,1.1002,0.0852,0.4653,2.0471,154.362,161.472742,7.5054,94.745,208.16,369267.5813398076,0,0
2026-08-31T13:19:30Z,0.467,27.2934,8.55,1.062,0.0852,0.4653,2.1377,154.355,161.469863,7.5055,94.751,198.57,369233.4164931547,0,0
2026-08-31T13:19:30Z,0.467,27.2942,8.55,1.0353,0.0852,0.4653,2.0471,154.353,161.470885,7.5056,94.755,207.48,369224.09471735515,0,0
2026-08-31T13:19:30Z,0.467,27.2952,8.55,1.0468,0.0852,0.4653,2.1075,154.356,161.476082,7.506,94.76,200.79,369235.47587166546,0,0
2026-08-31T13:19:30Z,0.467,27.2965,8.46,1.0506,0.0426,0.3384,2.0622,154.359,161.478823,7.5064,94.765,200.96,369226.67627901165,0,0
2026-08-31T13:19:30Z,0.467,27.2979,8.46,1.146,0.0426,0.3384,2.0773,154.357,161.47583,7.5066,94.769,202.67,369182.26886822766,0,0
2026-08-31T13:19:30Z,0.467,27.2991,8.46,1.1231,0.0426,0.3384,2.0471,154.352,161.470313,7.5068,94.773,198.92,369126.8689220264,0.001,0
2026-08-31T13:19:30Z,0.467,27.2997,8.46,1.0964,0.0426,0.3384,2.1377,154.351,161.468819,7.5071,94.778,202.32,369106.60044516355,0.001,0
2026-08-31T13:19:30Z,0.468,27.2997,8.46,1.1116,0.0426,0.3807,2.0924,154.353,161.470948,7.5075,94.781,200.26,369119.10765951604,0.001,0
2026-08-31T13:19:30Z,0.468,27.2996,8.46,1.1498,0.0426,0.3807,2.1075,154.355,161.47326,7.5079,94.784,203.11,369134.60591554845,0.001,0
2026-08-31T13:19:30Z,0.468,27.2994,8.46,1.1269,0.0426,0.3807,2.1377,154.359,161.476372,7.5083,94.788,201.4,369156.72026530217,0.001,0
2026-08-31T13:19:30Z,0.468,27.2992,8.46,1.1231,0.0426,0.3807,2.0169,154.363,161.481112,7.5087,94.793,196.98,369188.4010782929,0.001,0
2026-08-31T13:19:30Z,0.468,27.2992,8.46,1.1116,0.0426,0.3807,2.0924,154.369,161.488746,7.509,94.797,201.31,369233.2574308234,0.001,0
2026-08-31T13:19:30Z,0.469,27.2991,8.55,1.0659,0.0852,0.2961,1.9413,154.37,161.493292,7.5092,94.8,191.7,369261.8863284932,0.001,0
2026-08-31T13:19:30Z,0.469,27.299,8.55,1.0735,0.0852,0.2961,1.8507,154.361,161.487944,7.5095,94.802,199.48,369232.37613245787,0.001,0
2026-08-31T13:19:30Z,0.469,27.2991,8.55,1.0849,0.0852,0.2961,1.6845,154.35,161.481299,7.5099,94.806,195.41,369191.4150927921,0.001,0
2026-08-31T13:19:30Z,0.469,27.2996,8.55,1.0773,0.0852,0.2961,1.8507,154.347,161.481606,7.5102,94.812,201.09,369183.64094192686,0.001,0
2026-08-31T13:19:30Z,0.469,27.3006,8.46,1.1307,0.0852,0.3384,2.1226,154.346,161.482935,7.5102,94.814,196,369172.2941809918,0.001,0
2026-08-31T13:19:30Z,0.47,27.302,8.46,1.1307,0.0852,0.3384,2.1377,154.34,161.479627,7.5102,94.815,194.73,369126.04457307234,0.001,0
2026-08-31T13:19:30Z,0.47,27.3035,8.46,1.1154,0.0852,0.3384,2.1226,154.333,161.474809,7.5104,94.815,201.7,369069.0166279561,0,0
2026-08-31T13:19:30Z,0.47,27.3047,8.46,1.1421,0.0852,0.3384,2.0924,154.331,161.477216,7.5106,94.814,189.51,369060.17721657123,0,0
2026-08-31T13:19:30Z,0.47,27.3055,8.55,1.0849,0.0426,0.2538,2.0773,154.335,161.485488,7.5107,94.816,201.79,369093.44693879085,0,0
2026-08-31T13:19:30Z,0.47,27.3063,8.55,1.0582,0.0426,0.2538,2.032,154.333,161.4878,7.5106,94.818,186.12,369091.70815085055,0,0
2026-08-31T13:19:30Z,0.47,27.3074,8.55,1.0468,0.0426,0.2538,2.0773,154.326,161.482765,7.5105,94.817,196.73,369041.07266920345,0,0
2026-08-31T13:19:30Z,0.47,27.3088,8.55,1.0582,0.0426,0.2538,2.1981,154.319,161.477058,7.5103,94.817,191.25,368980.7544193181,0,0
2026-08-31T13:19:30Z,0.47,27.3102,8.55,1.062,0.0426,0.2538,1.8809,154.313,161.473164,7.5102,94.819,192.87,368931.0909673078,0,0
2026-08-31T13:19:30Z,0.47,27.3114,8.55,1.0544,0.0852,0.2961,1.8809,154.305,161.470045,7.5102,94.819,197.37,368889.81177710934,0,0
2026-08-31T13:19:30Z,0.47,27.3122,8.55,1.0735,0.0852,0.2961,1.896,154.298,161.470879,7.5101,94.816,191,368879.39910772315,0,0
2026-08-31T13:19:30Z,0.47,27.3128,8.55,1.0468,0.0852,0.2961,1.8507,154.299,161.479897,7.51,94.81,193.38,368920.8637401208,0,0
2026-08-31T13:19:30Z,0.47,27.3136,8.55,1.0697,0.0852,0.2961,1.8809,154.309,161.495496,7.51,94.808,193.04,368997.1449552929,0,0
2026-08-31T13:19:30Z,0.47,27.3152,8.55,1.0506,0.1278,0.2961,1.8205,154.315,161.505802,7.5098,94.81,189.3,369027.03501543094,0.001,0
2026-08-31T13:19:30Z,0.47,27.3177,8.55,1.0659,0.1278,0.2961,1.8507,154.309,161.501536,7.5092,94.814,189.3,368954.1347332894,0.001,0
2026-08-31T13:19:30Z,0.471,27.3203,8.55,1.043,0.1278,0.2961,1.8809,154.295,161.489579,7.5084,94.823,191.83,368834.1909813939,0.001,0
2026-08-31T13:19:30Z,0.471,27.3223,8.55,1.0773,0.1278,0.2961,2.1377,154.28,161.480772,7.508,94.833,190.38,368744.2440252647,0.001,0
2026-08-31T13:19:30Z,0.471,27.3234,8.46,1.043,0.0852,0.2961,2.0773,154.269,161.47878,7.508,94.84,188.24,368711.516602422,0.001,0
2026-08-31T13:19:30Z,0.471,27.3241,8.46,1.0735,0.0852,0.2961,2.1377,154.258,161.477059,7.5083,94.845,188.52,368688.03143444116,0,0
2026-08-31T13:19:30Z,0.471,27.3251,8.46,1.0582,0.0852,0.2961,2.1679,154.246,161.473147,7.5088,94.849,191.08,368645.9561430156,0,0
2026-08-31T13:19:30Z,0.471,27.3271,8.46,1.0697,0.0852,0.2961,2.1226,154.244,161.474019,7.5093,94.851,188.07,368612.8339279115,0,0
2026-08-31T13:19:30Z,0.471,27.3302,8.46,1.0964,0.0852,0.2961,2.1528,154.25,161.479907,7.5094,94.85,191.66,368588.11299318995,0,0
2026-08-31T13:19:30Z,0.471,27.3335,8.46,1.0735,0.0852,0.2961,2.0924,154.256,161.484363,7.5094,94.848,186.12,368551.1733051597,0,0
2026-08-31T13:19:30Z,0.471,27.3361,8.46,1.062,0.0852,0.2961,2.0622,154.257,161.484568,7.5094,94.848,186.49,368502.68633413094,0,0
2026-08-31T13:19:30Z,0.471,27.3373,8.46,1.0544,0.0852,0.2961,1.8205,154.256,161.484585,7.5093,94.852,192.12,368479.8553993058,0,0
2026-08-31T13:19:30Z,0.471,27.3372,8.46,1.062,0.0852,0.2961,1.8507,154.257,161.488425,7.5093,94.858,185.03,368504.2852481123,0,0
2026-08-31T13:19:30Z,0.471,27.3366,8.46,1.0582,0.0852,0.3384,1.9111,154.257,161.493105,7.5092,94.861,190.46,368543.1981801883,0,0
2026-08-31T13:19:30Z,0.471,27.3362,8.46,1.0582,0.0852,0.3384,1.8809,154.254,161.495865,7.5092,94.861,188.16,368567.030573402,-0.001,0
2026-08-31T13:19:30Z,0.471,27.3365,8.46,1.0163,0.0852,0.3384,1.9262,154.254,161.501449,7.5095,94.858,186.32,368594.0482363409,-0.001,0
2026-08-31T13:19:30Z,0.47,27.3373,8.46,1.0201,0.0852,0.3384,1.8507,154.259,161.511347,7.5099,94.857,188.36,368636.8136532364,-0.001,0
2026-08-31T13:19:30Z,0.47,27.3388,8.46,1.0163,0.0852,0.3384,1.9413,154.265,161.520181,7.51,94.855,185.64,368659.9566187887,-0.001,0
2026-08-31T13:19:30Z,0.47,27.3407,8.46,0.9819,0.0852,0.3384,1.8507,154.272,161.5263,7.5096,94.851,191.37,368659.52667811123,-0.001,0
2026-08-31T13:19:30Z,0.47,27.3428,8.46,0.9896,0.0852,0.3384,2.0773,154.279,161.531333,7.5092,94.846,188.2,368648.9036360857,0,0
2026-08-31T13:19:30Z,0.47,27.3444,8.46,1.0124,0.0852,0.3384,2.0773,154.288,161.536624,7.5089,94.844,182.76,368649.35164369125,0,0
2026-08-31T13:19:30Z,0.47,27.3451,8.46,0.9934,0.0852,0.3807,2.1075,154.294,161.539574,7.5086,94.846,188.65,368653.2728829231,0,0
2026-08-31T13:19:30Z,0.47,27.3448,8.46,1.0239,0.0852,0.3807,2.0924,154.296,161.54097,7.5084,94.849,182.8,368667.1950456738,-0,0
2026-08-31T13:19:30Z,0.47,27.3438,8.46,1.0773,0.0852,0.3807,2.0622,154.296,161.541184,7.5081,94.852,190.5,368687.5665721712,-0,0
2026-08-31T13:19:30Z,0.47,27.3425,8.46,1.0582,0.0852,0.3807,2.0471,154.289,161.536263,7.5081,94.854,184.59,368683.554747045,-0,0
2026-08-31T13:19:30Z,0.47,27.3415,8.46,1.0659,0.0852,0.3807,2.0773,154.276,161.524896,7.5084,94.855,186.53,368635.99910964,-0,0
2026-08-31T13:19:30Z,0.47,27.341,8.55,1.0544,0.0852,0.2538,2.0773,154.258,161.510065,7.5087,94.853,183.75,368558.57390724117,-0,0
2026-08-31T13:19:30Z,0.469,27.3412,8.55,0.9857,0.0852,0.2538,1.7752,154.246,161.501845,7.5089,94.847,182.95,368506.548180729,0,0
2026-08-31T13:19:30Z,0.469,27.3419,8.55,1.0163,0.0852,0.2538,1.8205,154.245,161.504058,7.5089,94.84,179.06,368506.1493100159,-0.001,0
2026-08-31T13:19:30Z,0.469,27.3429,8.55,1.0048,0.0852,0.2538,1.8205,154.248,161.511282,7.5089,94.835,183.11,368529.4018875389,-0.001,0
2026-08-31T13:19:30Z,0.469,27.3441,8.46,1.001,0.0852,0.2961,1.8809,154.252,161.517425,7.5086,94.83,187.83,368542.4933378617,-0.001,0
2026-08-31T13:19:30Z,0.468,27.3453,8.46,1.0086,0.0852,0.2961,1.8205,154.259,161.524127,7.508,94.827,181.49,368558.8625984427,0,0
2026-08-31T13:19:30Z,0.468,27.3466,8.46,1.001,0.0852,0.2961,1.8205,154.27,161.533173,7.5072,94.828,186.41,368587.0653147891,0,0
2026-08-31T13:19:30Z,0.468,27.3477,8.46,1.001,0.0852,0.2961,1.8054,154.278,161.538959,7.5066,94.832,181.57,368599.97280965315,0,0
2026-08-31T13:19:30Z,0.468,27.3483,8.55,1.0048,0.0426,0.3807,1.8507,154.279,161.53902,7.5062,94.837,180.94,368588.8639337345,0,0
2026-08-31T13:19:30Z,0.468,27.3482,8.55,1.0811,0.0426,0.3807,2.1075,154.273,161.53337,7.506,94.841,187.3,368557.64451064577,0,0
2026-08-31T13:19:30Z,0.468,27.3476,8.55,1.0582,0.0426,0.3807,2.0773,154.264,161.528519,7.5062,94.84,178.63,368540.66539156815,0,0
2026-08-31T13:19:30Z,0.468,27.346800000000002,8.55,1.0544,0.0426,0.3807,2.0773,154.26,161.531193,7.5066,94.836,188.85,368571.6324178595,0,0
2026-08-31T13:19:30Z,0.468,27.3462,8.55,1.0773,0.0426,0.3807,2.1075,154.256,161.534088,7.507,94.835,183.99,368600.0756188018,0,0
2026-08-31T13:19:30Z,0.468,27.3465,8.55,1.0544,0.1278,0.4653,1.9111,154.255,161.537976,7.5073,94.836,182.6,368617.142591613,0,0
2026-08-31T13:19:30Z,0.468,27.3479,8.55,0.9972,0.1278,0.4653,1.8809,154.263,161.547903,7.5071,94.838,176.59,368648.6009302246,0,0
2026-08-31T13:19:30Z,0.468,27.3501,8.55,0.9857,0.1278,0.4653,1.8809,154.271,161.554491,7.5065,94.84,188.69,368645.18617842195,0,0
2026-08-31T13:19:30Z,0.468,27.3525,8.55,1.001,0.1278,0.4653,1.8205,154.273,161.555487,7.5061,94.842,176.09,368605.15876636887,0,0
2026-08-31T13:19:30Z,0.468,27.3541,8.55,0.9705,0.0852,0.3807,1.8205,154.274,161.555165,7.506,94.846,183.87,368572.69612693443,0,0
2026-08-31T13:19:30Z,0.468,27.3545,8.55,1.0124,0.0852,0.3807,2.1377,154.272,161.553438,7.5061,94.85,180.23,368554.9277515212,0,0
2026-08-31T13:19:30Z,0.468,27.3541,8.55,0.9972,0.0852,0.3807,2.0924,154.273,161.553856,7.5063,94.854,186.85,368565.02140102116,0,0
2026-08-31T13:19:30Z,0.468,27.3536,8.55,0.9934,0.0852,0.3807,2.0471,154.274,161.556531,7.5065,94.856,183.67,368590.25955808116,0,0
2026-08-31T13:19:30Z,0.468,27.3532,8.46,0.9781,0.0852,0.3807,2.0773,154.274,161.558165,7.5068,94.857,183.67,368607.4842439354,0,0
2026-08-31T13:19:30Z,0.468,27.3532,8.46,0.9896,0.0852,0.3807,2.1075,154.277,161.563205,7.5072,94.856,184.15,368637.0371485045,0,0
2026-08-31T13:19:30Z,0.468,27.3533,8.46,0.9972,0.0852,0.3807,2.032,154.285,161.572994,7.5075,94.855,184.87,368692.5293024525,0,0
2026-08-31T13:19:30Z,0.468,27.3536,8.46,0.9934,0.0852,0.3807,2.0169,154.293,161.582125,7.5076,94.858,182.56,368740.34384223004,0,0
2026-08-31T13:19:30Z,0.469,27.3541,8.55,0.9934,0.0852,0.3384,2.0471,154.295,161.585016,7.5076,94.863,182.99,368747.7400289679,0,0
2026-08-31T13:19:30Z,0.469,27.3548,8.55,0.9896,0.0852,0.3384,2.1226,154.292,161.582438,7.5074,94.868,188.73,368719.23963903286,0,0
2026-08-31T13:19:30Z,0.469,27.3553,8.55,1.0048,0.0852,0.3384,2.0622,154.287,161.577711,7.5073,94.87,178.91,368681.9622813255,0,0
2026-08-31T13:19:30Z,0.469,27.3556,8.55,1.0163,0.0852,0.3384,2.0773,154.278,161.569576,7.5074,94.869,193.17,368628.52730209177,0,0
2026-08-31T13:19:30Z,0.469,27.3558,8.55,0.9896,0.0852,0.3384,2.1981,154.267,161.559872,7.5078,94.867,178.79,368567.8096205067,0,0
2026-08-31T13:19:30Z,0.469,27.3559,8.55,1.001,0.0852,0.423,1.8809,154.256,161.550021,7.5082,94.866,187.42,368508.14720665914,0,0
2026-08-31T13:19:30Z,0.469,27.3562,8.55,1.0086,0.0852,0.423,1.8054,154.247,161.541403,7.5083,94.863,181.33,368451.89812778914,0,0
2026-08-31T13:19:30Z,0.469,27.3566,8.55,1.0277,0.0852,0.423,1.9413,154.245,161.539738,7.5082,94.86,185.68,368434.49838108005,0,0
2026-08-31T13:19:30Z,0.469,27.3572,8.55,1.001,0.0852,0.423,1.8507,154.248,161.544583,7.508,94.859,177.74,368451.4369765491,0,0
2026-08-31T13:19:30Z,0.468,27.3577,8.64,1.001,0.0852,0.3384,2.1377,154.249,161.54921,7.5078,94.86,182.88,368469.0082665499,0,0
2026-08-31T13:19:30Z,0.468,27.3579,8.64,1.0392,0.0852,0.3384,2.1075,154.241,161.546838,7.5076,94.863,182.84,368451.28444978065,0,0
2026-08-31T13:19:30Z,0.468,27.358,8.64,1.043,0.0852,0.3384,2.1075,154.227,161.540842,7.5074,94.867,186.85,368414.23035530996,0,0
2026-08-31T13:19:30Z,0.468,27.3584,8.64,1.0315,0.0852,0.3384,2.1679,154.219,161.54165,7.5072,94.873,178.32,368411.3266474287,0,0
2026-08-31T13:19:30Z,0.468,27.3596,8.55,0.9857,0.0852,0.1269,2.0018,154.216,161.54547,7.5071,94.878,186.41,368410.7974874817,0.001,0
2026-08-31T13:19:30Z,0.469,27.3617,8.55,0.9934,0.0852,0.1269,2.1075,154.216,161.549312,7.507,94.881,185.11,368393.2093935558,0.001,0
2026-08-31T13:19:30Z,0.469,27.3645,8.55,1.0048,0.0852,0.1269,2.1075,154.216,161.554202,7.507,94.884,184.59,368368.39811626246,0.001,0
2026-08-31T13:19:30Z,0.469,27.3674,8.55,1.0086,0.0852,0.1269,2.0471,154.21,161.553424,7.5071,94.885,182.64,368308.47137745423,0.001,0
2026-08-31T13:19:30Z,0.469,27.3697,8.55,1.001,0.0852,0.1269,2.0924,154.199,161.55078,7.5072,94.887,186.97,368249.0777191558,0.001,0
2026-08-31T13:19:30Z,0.469,27.3712,8.55,0.9972,0.0426,0.2961,2.0924,154.195,161.553584,7.5072,94.892,181.21,368236.8740458342,0.002,0
2026-08-31T13:19:30Z,0.47,27.3725,8.55,0.9781,0.0426,0.2961,2.0924,154.196,161.558576,7.5073,94.901,184.51,368241.30416392005,0.002,0
2026-08-31T13:19:30Z,0.471,27.3746,8.55,0.9934,0.0426,0.2961,2.0471,154.194,161.55907,7.5071,94.912,181.21,368204.120438339,0.003,0
2026-08-31T13:19:30Z,0.472,27.3772,8.55,1.0048,0.0426,0.2961,2.1075,154.183,161.551187,7.5068,94.926,181.69,368108.34558965603,0.003,0
2026-08-31T13:19:30Z,0.473,27.3794,8.55,1.0086,0.0852,0.3807,2.1981,154.169,161.540845,7.5069,94.942,179.41,368005.8276303385,0.004,0
2026-08-31T13:19:30Z,0.474,27.3806,8.55,0.9857,0.0852,0.3807,2.1075,154.158,161.533301,7.5075,94.961,184.51,367938.78034425946,0.004,0
2026-08-31T13:19:30Z,0.475,27.3816,8.55,1.001,0.0852,0.3807,2.0924,154.149,161.526545,7.5082,94.98,175.1,367880.1685993961,0.004,0
2026-08-31T13:19:30Z,0.476,27.3829,8.55,0.9857,0.0852,0.3807,1.9111,154.146,161.522785,7.5091,94.997,183.15,367833.3803801796,0.003,0
2026-08-31T13:19:30Z,0.477,27.3844,8.46,0.9934,0.0852,0.3807,1.9111,154.15,161.525026,7.5102,95.009,177.09,367817.9043665318,0.003,0
2026-08-31T13:19:30Z,0.477,27.3857,8.46,0.9934,0.0852,0.3807,1.8507,154.158,161.529857,7.5115,95.017,180.58,367821.3974131331,0.003,0
2026-08-31T13:19:30Z,0.478,27.3865,8.46,1.0086,0.0852,0.3807,1.8205,154.164,161.530548,7.513,95.022,180.43,367810.1935200378,0.002,0
2026-08-31T13:19:30Z,0.478,27.3865,8.46,1.0506,0.0852,0.3807,2.0471,154.166,161.527284,7.5144,95.027,180.62,367791.09320156625,0.002,0
2026-08-31T13:19:30Z,0.479,27.3857,8.46,1.0544,0.0426,0.2961,2.0169,154.166,161.523203,7.5154,95.03,181.1,367782.4590879334,0.002,0
2026-08-31T13:19:30Z,0.479,27.3845,8.46,1.062,0.0426,0.2961,2.0773,154.163,161.517215,7.5162,95.031,177.13,367770.2883489063,0.002,0
2026-08-31T13:19:30Z,0.479,27.3828,8.46,1.0353,0.0426,0.2961,2.1075,154.156,161.511732,7.5168,95.029,178.09,367770.6014254868,0.001,0
2026-08-31T13:19:30Z,0.48,27.381,8.46,1.0468,0.0426,0.2961,2.0773,154.143,161.505293,7.5174,95.024,180.08,367767.22517151,0.001,0
2026-08-31T13:19:30Z,0.48,27.3795,8.46,1.0544,0.0426,0.2961,2.0622,154.12,161.492171,7.5179,95.021,178.13,367719.0226288884,0.001,0
2026-08-31T13:19:30Z,0.48,27.3789,8.55,1.0659,0.0852,0.3384,2.1528,154.091,161.472878,7.518,95.022,180.23,367617.56588684913,0.001,0
2026-08-31T13:19:30Z,0.481,27.3795,8.55,1.0544,0.0852,0.3384,2.1075,154.054,161.442269,7.5178,95.027,179.96,367427.079400975,0.001,0
2026-08-31T13:19:30Z,0.481,27.3817,8.55,1.0659,0.0852,0.3384,2.1679,153.999,161.388174,7.5171,95.033,177.59,367068.9142113396,0.001,0
2026-08-31T13:19:30Z,0.482,27.3853,8.55,1.0735,0.0852,0.3384,2.0169,153.915,161.300177,7.5164,95.038,180.94,366486.4031237466,0.002,0
2026-08-31T13:19:30Z,0.482,27.3889,8.55,1.0659,0.0426,0.3807,2.0169,153.776,161.154811,7.516,95.044,178.71,365570.0020245543,0.002,0
2026-08-31T13:19:30Z,0.483,27.3915,8.55,1.0582,0.0426,0.3807,2.0773,153.541,160.909303,7.516,95.053,181.69,364091.4186142898,0.002,0
2026-08-31T13:19:30Z,0.483,27.3925,8.55,1.0086,0.0426,0.3807,2.1075,153.149,160.502192,7.5163,95.061,177.16,361710.0253846307,0.002,0
2026-08-31T13:19:30Z,0.483,27.3926,8.55,1.0315,0.0426,0.3807,2.2132,152.498,159.824916,7.5167,95.068,177.82,357798.6244705202,0.001,0
2026-08-31T13:19:30Z,0.484,27.3925,8.55,1.0277,0.0426,0.3807,2.0773,151.415,158.69286,7.5173,95.074,175.06,351323.5712762606,0.001,0
2026-08-31T13:19:30Z,0.484,27.3931,8.55,1.0086,0.0426,0.3807,2.0773,149.611,156.804143,7.5179,95.08,175.97,340667.35833372886,0.001,0
2026-08-31T13:19:30Z,0.485,27.3943,8.55,1.0086,0.0426,0.3807,1.7903,146.6,153.651097,7.5183,95.085,178.36,323319.5914677433,0.001,0
2026-08-31T13:19:30Z,0.485,27.3958,8.55,0.9857,0.0426,0.3807,1.8507,141.575,148.388903,7.5187,95.083,174.3,295600.5300997005,0.001,0
2026-08-31T13:19:30Z,0.485,27.397,8.55,0.9972,0.0426,0.3807,1.8658,133.2,139.618316,7.519,95.073,176.05,252747.44441969393,0,0
2026-08-31T13:19:30Z,0.485,27.3978,8.55,1.001,0.0852,0.2961,1.8507,119.249,125.004523,7.5194,95.062,180.78,190245.350103949,0,0
2026-08-31T13:19:30Z,0.485,27.3988,8.55,1.0659,0.0852,0.2961,1.8507,96.002,100.642496,7.5196,95.053,175.1,109070.3731038044,-0.001,0
2026-08-31T13:19:30Z,0.484,27.4007,8.55,1.0735,0.0852,0.2961,1.9262,57.259,60.031688,7.5192,95.043,178.25,29230.87684773819,-0.001,0
2026-08-31T13:19:30Z,0.484,27.4038,8.55,1.0849,0.0852,0.2961,1.9413,-7.3,-7.649435,7.518,95.035,178.09,NA,-0.001,0
2026-08-31T13:19:30Z,0.484,27.4074,8.46,1.062,0.0426,0.3384,1.8205,-114.894,-120.44917,7.5167,95.03,180.51,NA,-0.001,0
2026-08-31T13:19:30Z,0.484,27.4106,8.46,1.001,0.0426,0.3384,2.0169,-294.221,-308.451456,7.5156,95.029,176.43,NA,-0.001,0
2026-08-31T13:19:30Z,0.484,27.4121,8.46,0.9896,0.0426,0.3384,2.1075,-406.298,-425.952878,7.5147,95.034,174.53,NA,-0.001,0
2026-08-31T13:19:30Z,0.484,27.4119,8.46,1.001,0.0426,0.3384,2.0169,-294.209,-308.449787,7.5142,95.04,183.23,NA,-0.001,0
2026-08-31T13:19:30Z,0.484,27.4105,8.55,1.0277,0.0852,0.2538,2.0773,-114.866,-120.441378,7.5141,95.045,182.04,NA,-0.001,0
2026-08-31T13:19:30Z,0.483,27.4085,8.55,0.9781,0.0852,0.2538,1.7298,-7.252,-7.629436,7.5145,95.047,180.66,NA,-0.001,0
2026-08-31T13:19:30Z,0.483,27.4067,8.55,1.0124,0.0852,0.2538,1.8205,57.318,60.0572,7.5152,95.048,177.78,29253.477581556224,-0.001,0
2026-08-31T13:19:30Z,0.483,27.4051,8.55,1.001,0.0852,0.2538,1.8809,96.063,100.668296,7.5158,95.049,180.74,109106.77145575502,-0.001,0
2026-08-31T13:19:30Z,0.483,27.4036,8.55,1.0163,0.0852,0.3807,1.7147,119.321,125.045506,7.5161,95.046,176.36,190348.60925370932,-0,0
2026-08-31T13:19:30Z,0.483,27.4021,8.55,1.062,0.0852,0.3807,1.8356,133.287,139.6814,7.5163,95.039,181.96,252974.27092287093,-0,0
2026-08-31T13:19:30Z,0.483,27.4003,8.55,1.062,0.0852,0.3807,2.0018,141.662,148.458839,7.5166,95.028,174.04,295889.7678298519,-0,0
2026-08-31T13:19:30Z,0.483,27.3982,8.55,1.043,0.0852,0.3807,1.8809,146.683,153.718475,7.5169,95.017,177.97,323618.72295956453,0,0
2026-08-31T13:19:30Z,0.483,27.3963,8.55,1.0659,0.0852,0.3807,1.7449,149.699,156.874902,7.5169,95.011,180.86,341006.0487556181,0,0
2026-08-31T13:19:30Z,0.483,27.3948,8.55,1.0659,0.0852,0.3807,1.8205,151.506,158.761818,7.5165,95.009,179.41,351674.1376821709,0,0
2026-08-31T13:19:30Z,0.483,27.3938,8.55,1.0544,0.0852,0.3807,1.7449,152.579,159.87839,7.5158,95.012,180.55,358084.09427843004,0,0
2026-08-31T13:19:30Z,0.483,27.3926,8.55,1.0544,0.0852,0.3807,1.8658,153.219,160.542414,7.5151,95.018,185.92,361941.1466883508,0,0
2026-08-31T13:19:30Z,0.483,27.3908,8.55,1.043,0.0852,0.3807,1.7903,153.608,160.94299,7.5148,95.028,185.11,364300.55266970606,0,0
2026-08-31T13:19:30Z,0.483,27.3884,8.55,1.0659,0.0852,0.3807,2.0622,153.852,161.190944,7.515,95.038,180.15,365790.1605890266,0,0
2026-08-31T13:19:30Z,0.483,27.3858,8.55,1.0773,0.0852,0.3807,2.1528,154.009,161.34839,7.5156,95.047,181.02,366758.48521246435,-0.001,0
2026-08-31T13:19:30Z,0.483,27.3834,8.55,1.0659,0.0852,0.3807,2.0622,154.109,161.445287,7.5164,95.055,178.05,367370.47645145166,-0.001,0
2026-08-31T13:19:30Z,0.483,27.381,8.55,1.0506,0.0852,0.3807,2.0622,154.174,161.507474,7.5175,95.062,180.55,367779.9875679543,0,0
2026-08-31T13:19:30Z,0.483,27.3786,8.55,1.043,0.0426,0.3807,2.0773,154.222,161.551533,7.5186,95.066,173.81,368083.66121821693,0,0
2026-08-31T13:19:30Z,0.483,27.3762,8.55,1.0582,0.0426,0.3807,2.0773,154.254,161.581196,7.5197,95.071,185.72,368303.18171972956,0,0
2026-08-31T13:19:30Z,0.483,27.3739,8.55,1.0659,0.0426,0.3807,2.1528,154.274,161.600364,7.5207,95.079,184.15,368459.3930053246,0,0
2026-08-31T13:19:30Z,0.483,27.3717,8.55,1.0506,0.0426,0.3807,2.032,154.288,161.614149,7.5215,95.084,179.57,368582.19775418774,0,0
2026-08-31T13:19:30Z,0.483,27.3699,8.55,1.1002,0.0426,0.3807,2.1377,154.299,161.626225,7.522,95.084,178.48,368687.37516850996,0,0
2026-08-31T13:19:30Z,0.483,27.3686,8.55,1.1154,0.0852,0.2115,1.9715,154.301,161.631797,7.5226,95.081,182.64,368744.88644869346,0,0
2026-08-31T13:19:30Z,0.483,27.3678,8.55,1.1231,0.0852,0.2115,2.0924,154.294,161.628341,7.5234,95.073,178.09,368739.9140485074,0,0
2026-08-31T13:19:30Z,0.483,27.3676,8.55,1.1116,0.0852,0.2115,2.1226,154.29,161.630971,7.5238,95.064,186.77,368759.15686317394,0.001,0
2026-08-31T13:19:30Z,0.483,27.3679,8.55,1.0506,0.0852,0.2115,2.1981,154.302,161.652414,7.5237,95.058,175.48,368879.160137513,0.001,0
2026-08-31T13:19:30Z,0.483,27.3688,8.55,1.0659,0.0852,0.3384,2.1075,154.326,161.690372,7.5234,95.054,184.03,369084.5843487942,0.001,0
2026-08-31T13:19:30Z,0.484,27.3702,8.55,1.0468,0.0852,0.3384,2.1377,154.362,161.746949,7.5225,95.048,184.19,369389.7671398997,0.002,0
2026-08-31T13:19:30Z,0.484,27.3723,8.55,1.0582,0.0852,0.3384,2.032,154.423,161.837233,7.5215,95.03,180.31,369879.6219408314,0.002,0
2026-08-31T13:19:30Z,0.485,27.3753,8.55,1.0582,0.0852,0.3384,2.1377,154.522,161.981292,7.5207,94.996,180.66,370668.71685310145,0.003,0
2026-08-31T13:19:30Z,0.486,27.3794,8.55,1.0735,0.1278,0.3807,2.0471,154.684,162.217539,7.5198,94.939,181.1,371980.59511855006,0.003,0
2026-08-31T13:19:30Z,0.487,27.3852,8.55,1.0659,0.1278,0.3807,2.0924,154.943,162.59695,7.5185,94.846,187.62,374108.1339390781,0.003,0
2026-08-31T13:19:30Z,0.488,27.3937,8.55,1.062,0.1278,0.3807,2.1377,155.211,163.044312,7.5161,94.668,173.81,376593.1581930803,0.002,0
2026-08-31T13:19:30Z,0.488,27.4068,8.55,1.0506,0.1278,0.3807,1.9564,155.322,163.366233,7.5116,94.343,184.67,378250.1745918765,0.002,0
2026-08-31T13:19:30Z,0.489,27.428,8.55,1.0353,0.1278,0.3807,2.032,155.275,163.510271,7.5043,93.86,178.59,378691.7291721973,0.002,0
2026-08-31T13:19:30Z,0.489,27.463,8.46,1.0506,0.0852,0.2115,2.0773,155.184,163.562958,7.4924,93.269,180,378319.1691937777,0.002,0
2026-08-31T13:19:30Z,0.49,27.5165,8.46,1.062,0.0852,0.2115,2.0622,155.107,163.584456,7.4712,92.657,181.84,377400.7754916124,0.001,0
2026-08-31T13:19:30Z,0.49,27.5825,8.46,1.0468,0.0852,0.2115,2.0169,155.041,163.580502,7.4368,92.125,182.08,376091.94264197815,0.001,0
2026-08-31T13:19:30Z,0.49,27.645,8.46,1.0582,0.0852,0.2115,2.0169,154.966,163.542025,7.3905,91.762,176.86,374653.3878493972,0.001,0
2026-08-31T13:19:30Z,0.49,27.6932,8.55,1.0506,0.0852,0.3807,2.0924,154.899,163.494844,7.3377,91.621,177.67,373445.7176084612,0.001,0
2026-08-31T13:19:30Z,0.49,27.7263,8.55,1.0506,0.0852,0.3807,2.0773,154.867,163.47048,7.2852,91.725,179.18,372666.0680939873,0,0
2026-08-31T13:19:30Z,0.491,27.7475,8.55,1.062,0.0852,0.3807,2.0169,154.847,163.450407,7.2406,92.051,180.74,372141.5869026714,0,0
2026-08-31T13:19:30Z,0.491,27.7606,8.55,1.1154,0.0852,0.3807,2.0471,154.815,163.415239,7.2104,92.537,174.87,371684.8595897094,0,0
2026-08-31T13:19:30Z,0.491,27.7679,8.46,1.1002,0.0426,0.3384,2.0924,154.793,163.389676,7.1984,93.099,184.07,371395.7475801212,0,0
2026-08-31T13:19:30Z,0.491,27.771,8.46,1.1231,0.0426,0.3384,2.1679,154.779,163.372913,7.206,93.658,180.19,371238.5439761281,-0.001,0
2026-08-31T13:19:30Z,0.49,27.7715,8.46,1.1002,0.0426,0.3384,2.0471,154.753,163.344445,7.2316,94.154,180.51,371062.77841575595,-0.001,0
2026-08-31T13:19:30Z,0.49,27.771,8.46,1.0659,0.0426,0.3384,1.7903,154.733,163.320733,7.2698,94.559,178.36,370933.93197917443,-0.002,0
2026-08-31T13:19:30Z,0.489,27.7703,8.55,1.0582,0.0852,0.3384,1.7752,154.73,163.315501,7.3141,94.864,178.09,370916.77403936174,-0.002,0
2026-08-31T13:19:30Z,0.488,27.7696,8.55,1.0735,0.0852,0.3384,1.8205,154.734,163.317329,7.3581,95.074,178.87,370940.82062243763,-0.003,0
2026-08-31T13:19:30Z,0.488,27.7691,8.55,1.0735,0.0852,0.3384,1.8658,154.734,163.314679,7.3972,95.205,176.86,370934.9098839335,-0.003,0
2026-08-31T13:19:30Z,0.487,27.7685,8.55,1.0048,0.0852,0.3384,1.7449,154.72,163.296821,7.429,95.273,175.75,370842.15441565943,-0.003,0
2026-08-31T13:19:30Z,0.486,27.7677,8.55,0.9934,0.0852,0.3384,1.896,154.695,163.267012,7.4531,95.299,182.24,370683.50252749375,-0.003,0
2026-08-31T13:19:30Z,0.485,27.7669,8.46,0.9896,0.0852,0.423,1.896,154.676,163.241354,7.4697,95.302,180.23,370549.0993732129,-0.003,0
2026-08-31T13:19:30Z,0.484,27.7661,8.46,0.9934,0.0852,0.423,1.8205,154.668,163.227039,7.4801,95.292,180.94,370480.8758229508,-0.003,0
2026-08-31T13:19:30Z,0.484,27.7651,8.46,1.0697,0.0852,0.423,1.8205,154.675,163.228266,7.4856,95.275,182.04,370507.1218540287,-0.003,0
2026-08-31T13:19:30Z,0.483,27.7639,8.46,1.0468,0.0852,0.423,1.9111,154.681,163.227321,7.4878,95.253,177.97,370524.51895390113,-0.002,0
2026-08-31T13:19:30Z,0.483,27.7623,8.55,1.0506,0.0426,0.2961,1.7903,154.667,163.205912,7.4882,95.23,179.65,370430.18713685806,-0.002,0
2026-08-31T13:19:30Z,0.482,27.7604,8.55,1.0659,0.0426,0.2961,1.8054,154.653,163.184387,7.4877,95.209,182.2,370340.91228951904,-0.002,0
2026-08-31T13:19:30Z,0.482,27.7583,8.55,0.9972,0.0426,0.2961,1.8507,154.651,163.175047,7.4866,95.189,177.86,370326.5166105663,-0.002,0
2026-08-31T13:19:30Z,0.481,27.756,8.55,1.001,0.0426,0.2961,1.9111,154.643,163.159366,7.4852,95.17,179.37,370278.9563220682,-0.001,0
2026-08-31T13:19:30Z,0.481,27.7537,8.55,1.001,0.0852,0.2115,1.8356,154.625,163.13316,7.4837,95.155,186.85,370170.02046047617,-0.001,0
2026-08-31T13:19:30Z,0.481,27.7514,8.55,0.9972,0.0852,0.2115,1.8356,154.608,163.109486,7.4824,95.144,177.32,370075.85568912345,-0.001,0
2026-08-31T13:19:30Z,0.481,27.7491,8.55,1.0544,0.0852,0.2115,1.8507,154.6,163.094058,7.4811,95.133,179.76,370029.7701471928,-0.001,0
2026-08-31T13:19:30Z,0.48,27.7469,8.55,1.0353,0.0852,0.2115,1.9111,154.603,163.09078,7.4799,95.12,180.98,370052.6142154314,-0.001,0
2026-08-31T13:19:30Z,0.48,27.7447,8.55,1.0582,0.0852,0.2115,1.8507,154.62,163.102785,7.479,95.109,180.78,370164.5842312117,-0,0
2026-08-31T13:19:30Z,0.48,27.7426,8.55,1.0544,0.0852,0.3384,1.896,154.65,163.129267,7.4785,95.097,177.63,370359.1303131755,-0,0
2026-08-31T13:19:30Z,0.48,27.7405,8.55,1.0163,0.0852,0.3384,1.9262,154.671,163.147219,7.4778,95.083,177.13,370503.9740898229,0,0
2026-08-31T13:19:30Z,0.48,27.7384,8.55,1.0124,0.0852,0.3384,1.8054,154.662,163.135369,7.4771,95.069,177.36,370474.92368739384,0,0
2026-08-31T13:19:30Z,0.48,27.7364,8.55,0.9857,0.0852,0.3384,1.8809,154.642,163.112608,7.4765,95.055,178.09,370380.29284017626,0,0
2026-08-31T13:19:30Z,0.48,27.7347,8.55,0.9705,0.0852,0.423,1.8507,154.638,163.106941,7.4758,95.039,184.55,370379.68168096704,0,0
2026-08-31T13:19:30Z,0.481,27.7335,8.55,1.0926,0.0852,0.423,1.8658,154.642,163.112848,7.4748,95.02,173.54,370437.06484239013,0,0
2026-08-31T13:19:30Z,0.481,27.7326,8.55,1.0506,0.0852,0.423,1.7298,154.635,163.10785,7.4739,95.001,179.76,370425.08281495806,0.001,0
2026-08-31T13:19:30Z,0.481,27.732,8.55,1.0506,0.0852,0.423,1.8054,154.628,163.102643,7.4728,94.984,179.76,370406.15240874444,0.001,0
2026-08-31T13:19:30Z,0.481,27.7318,8.46,1.0582,0.0426,0.2538,1.896,154.634,163.111874,7.4716,94.971,177.9,370463.8445811248,0.001,0
2026-08-31T13:19:30Z,0.481,27.7321,8.46,1.001,0.0426,0.2538,2.032,154.636,163.117959,7.4701,94.965,177.9,370493.6302658305,0.001,0
2026-08-31T13:19:30Z,0.482,27.7328,8.46,0.9934,0.0426,0.2538,2.0773,154.624,163.110495,7.4685,94.963,172.68,370436.6998200413,0.002,0
2026-08-31T13:19:30Z,0.482,27.7337,8.46,1.0163,0.0426,0.2538,2.1377,154.605,163.095509,7.467,94.964,185.19,370332.0658058216,0.003,0
2026-08-31T13:19:30Z,0.483,27.7347,8.55,0.9934,0.0852,0.2538,2.1377,154.587,163.081033,7.4659,94.977,178.21,370228.52036322025,0.003,0
2026-08-31T13:19:30Z,0.484,27.736,8.55,1.0468,0.0852,0.2538,2.0169,154.576,163.075232,7.4652,95.003,177.4,370169.87276766356,0.004,0
2026-08-31T13:19:30Z,0.485,27.7376,8.55,1.0735,0.0852,0.2538,2.0773,154.569,163.072552,7.4648,95.038,180.7,370123.71325013845,0.004,0
2026-08-31T13:19:30Z,0.486,27.7391,8.55,1.0659,0.0852,0.2538,2.1226,154.555,163.060252,7.4647,95.075,180.31,370023.3680263985,0.004,0
2026-08-31T13:19:30Z,0.487,27.7407,8.55,1.0506,0.0852,0.2538,2.1075,154.54,163.043069,7.4655,95.113,172.98,369892.67087195686,0.004,0
2026-08-31T13:19:30Z,0.488,27.7424,8.55,1.0849,0.0426,0.3384,2.2132,154.533,163.032457,7.4673,95.15,180.9,369798.40366955684,0.003,0
2026-08-31T13:19:30Z,0.489,27.7439,8.55,1.0392,0.0426,0.3384,2.1075,154.532,163.025586,7.4699,95.183,165.26,369729.77003458235,0.003,0
2026-08-31T13:19:30Z,0.49,27.7447,8.55,1.0506,0.0426,0.3384,2.1075,154.53,163.016615,7.4727,95.209,185.15,369662.24774644565,0.002,0
2026-08-31T13:19:30Z,0.49,27.7445,8.55,1.0849,0.0426,0.3384,2.1075,154.526,163.00315,7.4757,95.233,170.15,369587.6000481499,0.002,0
2026-08-31T13:19:30Z,0.491,27.7434,8.46,1.0697,0.0852,0.2115,1.896,154.527,162.993628,7.4788,95.257,174.68,369553.0741109883,0.002,0
2026-08-31T13:19:30Z,0.491,27.7415,8.46,1.0582,0.0852,0.2115,1.8507,154.544,163.001545,7.4817,95.279,174.38,369635.3983923885,0.001,0
2026-08-31T13:19:30Z,0.492,27.7392,8.46,1.0697,0.0852,0.2115,1.8658,154.564,163.012974,7.4841,95.29,177.32,369745.8319539315,0.001,0
2026-08-31T13:19:30Z,0.492,27.7362,8.46,1.0849,0.0852,0.2115,1.8658,154.568,163.01092,7.4863,95.287,178.4,369791.0385873819,0.001,0
2026-08-31T13:19:30Z,0.492,27.7329,8.55,1.0582,0.0852,0.3384,1.7449,154.57,163.00686,7.4886,95.277,176.36,369830.27723593067,0,0
2026-08-31T13:19:30Z,0.492,27.7296,8.55,1.0735,0.0852,0.3384,1.8507,154.576,163.00773,7.4908,95.265,179.49,369898.2697301857,0,0
2026-08-31T13:19:30Z,0.492,27.7267,8.55,1.0582,0.0852,0.3384,1.8658,154.586,163.013761,7.492,95.253,181.96,369988.74900186725,0.001,0
2026-08-31T13:19:30Z,0.492,27.7243,8.55,1.062,0.0852,0.3384,1.8809,154.602,163.026562,7.4921,95.242,171.04,370109.20541187085,0.001,0
2026-08-31T13:19:30Z,0.492,27.7224,8.55,1.0735,0.0852,0.3384,2.0773,154.615,163.037519,7.4916,95.229,180.08,370209.3934080291,0.001,0
2026-08-31T13:19:30Z,0.493,27.7207,8.46,1.0582,0.0852,0.423,2.1377,154.621,163.041536,7.4908,95.215,172.04,370265.2847478517,0.001,0
2026-08-31T13:19:30Z,0.493,27.7192,8.46,1.0544,0.0852,0.423,2.0622,154.621,163.039684,7.4902,95.203,176.82,370283.11317039735,0.001,0
2026-08-31T13:19:30Z,0.493,27.7179,8.46,1.0735,0.0852,0.423,2.0924,154.609,163.02746,7.4895,95.189,174.3,370236.5919966403,0.001,0
2026-08-31T13:19:30Z,0.494,27.7169,8.46,1.0735,0.0852,0.423,1.8658,154.591,163.009623,7.4885,95.171,176.63,370151.5919749877,0.001,0
2026-08-31T13:19:30Z,0.494,27.7162,8.64,1.0468,0.0426,0.2961,1.8054,154.581,163.001459,7.4875,95.15,172.08,370117.31425054214,0.001,0
2026-08-31T13:19:30Z,0.494,27.7158,8.64,1.0735,0.0426,0.2961,1.8809,154.585,163.008811,7.4866,95.133,170.26,370167.84852906415,0.001,0
2026-08-31T13:19:30Z,0.494,27.7158,8.64,1.0582,0.0426,0.2961,1.8356,154.597,163.025622,7.4856,95.122,174.41,370265.9558802325,0.001,0
2026-08-31T13:19:30Z,0.495,27.7163,8.64,1.0811,0.0426,0.2961,2.1377,154.599,163.03232,7.4841,95.116,177.01,370295.50205321837,0.001,0
2026-08-31T13:19:30Z,0.495,27.717,8.55,1.0849,0.1278,0.2538,2.1075,154.585,163.022674,7.4824,95.115,173.7,370225.8419169679,0.002,0
2026-08-31T13:19:30Z,0.495,27.718,8.55,1.0506,0.1278,0.2538,2.0773,154.57,163.010149,7.4809,95.12,174.53,370133.6670039901,0.002,0
2026-08-31T13:19:30Z,0.496,27.7193,8.55,1.062,0.1278,0.2538,2.032,154.561,163.003431,7.4798,95.129,177.63,370069.6638586512,0.002,0
2026-08-31T13:19:30Z,0.497,27.7209,8.55,1.0659,0.1278,0.2538,2.1226,154.553,162.99672,7.4791,95.141,172.01,369999.9881296106,0.002,0
2026-08-31T13:19:30Z,0.497,27.7224,8.46,1.0735,0.1278,0.3807,2.0471,154.54,162.984218,7.4788,95.155,180.51,369898.4579197203,0.002,0
2026-08-31T13:19:30Z,0.497,27.7236,8.46,1.0544,0.1278,0.3807,2.1075,154.533,162.978625,7.4791,95.168,173.77,369842.9576148932,0.002,0
2026-08-31T13:19:30Z,0.498,27.7244,8.46,1.0506,0.1278,0.3807,2.0773,154.532,162.978451,7.4797,95.181,183.03,369826.689246186,0.002,0
2026-08-31T13:19:30Z,0.498,27.7251,8.46,1.001,0.1278,0.3807,2.2132,154.525,162.971623,7.4806,95.197,170.41,369773.5307392525,0.001,0
2026-08-31T13:19:30Z,0.498,27.7256,8.46,0.9934,0.1278,0.3807,2.0169,154.522,162.968346,7.4816,95.214,182,369744.89285986824,0.001,0
2026-08-31T13:19:30Z,0.499,27.726,8.64,0.9934,0.0852,0.3384,2.0471,154.528,162.975765,7.4825,95.228,168.75,369780.52302251995,0.001,0
2026-08-31T13:19:30Z,0.499,27.7263,8.64,1.0086,0.0852,0.3384,2.0622,154.528,162.975813,7.4835,95.237,172.87,369775.0838060286,0.001,0
2026-08-31T13:19:30Z,0.499,27.7265,8.64,1.0659,0.0852,0.3384,1.8205,154.513,162.960486,7.4848,95.238,177.4,369681.9160564417,0,0
2026-08-31T13:19:30Z,0.499,27.7266,8.64,1.0544,0.0852,0.3384,1.8507,154.505,162.953758,7.4861,95.23,181.1,369640.7909163635,0,0
2026-08-31T13:19:30Z,0.499,27.7267,8.55,1.0392,0.0852,0.3807,1.9111,154.506,162.957845,7.4872,95.208,178.01,369662.7090648475,-0.001,0
2026-08-31T13:19:30Z,0.499,27.7268,8.55,1.043,0.0852,0.3807,1.8507,154.498,162.95379,7.4878,95.172,179.68,369637.1661966242,-0.002,0
2026-08-31T13:19:30Z,0.498,27.727,8.55,1.0735,0.0852,0.3807,2.0169,154.487,162.948533,7.4879,95.126,178.56,369602.71329126984,-0.002,0
2026-08-31T13:19:30Z,0.497,27.7274,8.55,1.0659,0.0852,0.3807,2.0622,154.485,162.952697,7.4872,95.073,177.7,369619.3622125061,-0.003,0
2026-08-31T13:19:30Z,0.497,27.7283,8.55,1.043,0.0426,0.2538,2.032,154.485,162.959375,7.4853,95.016,182.68,369641.13754356565,-0.004,0
2026-08-31T13:19:30Z,0.496,27.7298,8.55,1.0582,0.0426,0.2538,2.0622,154.477,162.958323,7.4823,94.96,174.87,369606.42400085856,-0.004,0
2026-08-31T13:19:30Z,0.494,27.7316,8.55,1.1956,0.0426,0.2538,2.0169,154.467,162.953269,7.4785,94.91,184.99,369542.6767003032,-0.005,0
2026-08-31T13:19:30Z,0.493,27.7337,8.55,1.1879,0.0426,0.2538,2.1075,154.464,162.954893,7.474,94.869,181.84,369512.13847441383,-0.005,0
2026-08-31T13:19:30Z,0.492,27.736,8.55,1.1574,0.0426,0.2538,2.0773,154.466,162.959618,7.4692,94.839,177.94,369495.8624533035,-0.005,0
2026-08-31T13:19:30Z,0.49,27.7384,8.55,1.1879,0.0426,0.3384,2.1075,154.465,162.960687,7.4646,94.811,189.96,369456.38352086046,-0.004,0
2026-08-31T13:19:30Z,0.489,27.7404,8.55,1.0926,0.0426,0.3384,1.8507,154.466,162.962394,7.4603,94.785,182.99,369428.2434102637,-0.004,0
2026-08-31T13:19:30Z,0.488,27.7419,8.55,1.1307,0.0426,0.3384,1.8809,154.466,162.961185,7.457,94.767,184.35,369392.64076262154,-0.003,0
2026-08-31T13:19:30Z,0.488,27.7428,8.55,1.1002,0.0426,0.3384,1.9262,154.457,162.948721,7.4544,94.758,191.58,369302.9128858773,-0.003,0
2026-08-31T13:19:30Z,0.487,27.7433,8.55,1.0926,0.0852,0.3807,1.6996,154.437,162.925685,7.4522,94.757,189.18,369159.2547914239,-0.003,0
2026-08-31T13:19:30Z,0.486,27.7434,8.55,1.1154,0.0852,0.3807,1.8658,154.413,162.897962,7.4501,94.76,192.41,368995.9587217912,-0.002,0
2026-08-31T13:19:30Z,0.486,27.7431,8.55,1.1269,0.0852,0.3807,1.8356,154.4,162.882213,7.4487,94.766,175.4,368909.99674810556,-0.002,0
2026-08-31T13:19:30Z,0.485,27.7425,8.55,1.1231,0.0852,0.3807,1.8054,154.407,162.886264,7.4481,94.774,184.19,368944.98395995266,-0.002,0
2026-08-31T13:19:30Z,0.485,27.7417,8.64,1.1307,0.0852,0.3384,1.7449,154.422,162.899168,7.4481,94.786,186.45,369035.3127648159,-0.002,0
2026-08-31T13:19:30Z,0.485,27.7409,8.64,1.1154,0.0852,0.3384,2.0773,154.434,162.908332,7.4485,94.803,186.77,369103.88212987175,-0.001,0
2026-08-31T13:19:30Z,0.484,27.7401,8.64,1.1154,0.0852,0.3384,2.1377,154.442,162.912189,7.4491,94.825,179.33,369141.55973491125,-0.001,0
2026-08-31T13:19:30Z,0.484,27.7391,8.64,1.1307,0.0852,0.3384,2.0169,154.454,162.919787,7.4498,94.849,178.71,369204.8315808837,-0.001,0
2026-08-31T13:19:30Z,0.484,27.7381,8.64,1.1269,0.0852,0.2961,2.1075,154.461,162.921123,7.4509,94.872,194.6,369231.64328519005,-0.001,0
2026-08-31T13:19:30Z,0.484,27.737,8.64,1.1078,0.0852,0.2961,1.8205,154.463,162.916553,7.4524,94.889,180.74,369225.963546249,-0,0
2026-08-31T13:19:30Z,0.484,27.7356,8.64,1.1154,0.0852,0.2961,1.8356,154.477,162.924904,7.4543,94.899,193.71,369301.24991706264,-0,0
2026-08-31T13:19:30Z,0.484,27.7339,8.64,1.1193,0.0852,0.2961,1.8658,154.494,162.936376,7.4564,94.905,179.84,369400.4443085219,-0,0
2026-08-31T13:19:30Z,0.484,27.7319,8.64,1.1154,0.0852,0.2961,1.8356,154.498,162.933983,7.4585,94.91,189.63,369424.5878559337,0,0
2026-08-31T13:19:30Z,0.483,27.7297,8.64,1.1154,0.0852,0.2538,1.7903,154.5,162.929112,7.4601,94.916,182.36,369438.1041724965,0,0
2026-08-31T13:19:30Z,0.483,27.7276,8.64,1.1421,0.0852,0.2538,2.1679,154.509,162.932491,7.4612,94.921,184.63,369497.7925179478,0,0
2026-08-31T13:19:30Z,0.483,27.7255,8.64,1.1383,0.0852,0.2538,2.0773,154.502,162.920968,7.462,94.919,183.03,369470.6427603209,0,0
2026-08-31T13:19:30Z,0.483,27.7234,8.64,1.1269,0.0852,0.2538,2.0924,154.476,162.89147,7.4626,94.913,183.91,369338.7502449408,0,0
2026-08-31T13:19:30Z,0.483,27.7212,8.55,1.1345,0.0426,0.2538,2.0773,154.459,162.872209,7.4633,94.903,182.04,369268.41747953347,0,0
2026-08-31T13:19:30Z,0.483,27.7193,8.55,1.062,0.0426,0.2538,2.1528,154.448,162.86206,7.464,94.89,186.32,369245.4608780636,0,0
2026-08-31T13:19:30Z,0.483,27.7179,8.55,1.0697,0.0426,0.2538,2.0773,154.437,162.854306,7.4641,94.873,185.72,369226.9378965363,0,0
2026-08-31T13:19:30Z,0.483,27.7171,8.55,1.0735,0.0426,0.2538,1.9866,154.441,162.862917,7.4636,94.847,176.59,369292.3411151985,0,0
2026-08-31T13:19:30Z,0.484,27.7169,8.55,1.0697,0.1278,0.3384,2.0471,154.458,162.886179,7.4629,94.806,180.78,369431.70997926313,0,0
2026-08-31T13:19:30Z,0.484,27.7174,8.55,1.062,0.1278,0.3384,1.8205,154.471,162.906243,7.4618,94.748,185.23,369539.13145708217,0,0
2026-08-31T13:19:30Z,0.484,27.7185,8.55,1.0582,0.1278,0.3384,1.8054,154.47,162.912424,7.4603,94.673,186.93,369554.2023274244,0,0
2026-08-31T13:19:30Z,0.484,27.7199,8.55,1.0735,0.1278,0.3384,1.7449,154.463,162.914387,7.4581,94.589,181.61,369538.96968407533,0,0
2026-08-31T13:19:30Z,0.484,27.7217,8.55,1.0849,0.1278,0.3384,1.7903,154.464,162.924685,7.4547,94.51,180.43,369564.699588669,0.001,0
2026-08-31T13:19:30Z,0.484,27.7238,8.55,1.0735,0.0426,0.3807,2.0471,154.465,162.934035,7.4498,94.447,182.76,369579.1859584592,0.001,0
2026-08-31T13:19:30Z,0.484,27.7263,8.55,1.0659,0.0426,0.3807,2.0773,154.46,162.932907,7.4436,94.411,177.51,369524.9809693891,0.001,0
2026-08-31T13:19:30Z,0.485,27.729,8.55,1.062,0.0426,0.3807,2.1981,154.461,162.933027,7.4366,94.409,179.84,369474.2486382823,0.001,0
2026-08-31T13:19:30Z,0.485,27.732,8.55,1.0544,0.0426,0.3807,2.1528,154.469,162.938434,7.43,94.436,174.3,369448.6163860645,0.001,0
2026-08-31T13:19:30Z,0.485,27.7346,8.46,1.0926,0.0852,0.3384,1.8809,154.463,162.926518,7.4247,94.48,181.1,369329.68776023976,0.001,0
2026-08-31T13:19:30Z,0.485,27.7359,8.46,1.0582,0.0852,0.3384,1.9715,154.441,162.8941,7.4217,94.535,175.1,369116.1425043244,0.001,0
2026-08-31T13:19:30Z,0.486,27.7359,8.46,1.0697,0.0852,0.3384,1.8809,154.43,162.872625,7.4216,94.593,184.43,368991.108180913,0.001,0
2026-08-31T13:19:30Z,0.486,27.7348,8.46,1.0887,0.0852,0.3384,1.8658,154.444,162.876408,7.4238,94.643,170.89,369034.0558852501,0.001,0
2026-08-31T13:19:30Z,0.487,27.7329,8.64,1.0582,0.0852,0.2538,2.0471,154.46,162.882406,7.4275,94.676,187.14,369105.12748819275,0.001,0
2026-08-31T13:19:30Z,0.487,27.7302,8.64,1.043,0.0852,0.2538,2.0773,154.464,162.876181,7.4322,94.691,175.52,369120.25132630504,0.001,0
2026-08-31T13:19:30Z,0.487,27.7268,8.64,1.0506,0.0852,0.2538,2.0773,154.468,162.872108,7.4372,94.69,178.75,369161.2314445677,0.001,0
2026-08-31T13:19:30Z,0.488,27.7231,8.64,1.0506,0.0852,0.2538,2.0924,154.474,162.873111,7.4416,94.667,180.27,369237.49966842594,0.001,0
2026-08-31T13:19:30Z,0.488,27.7197,8.64,1.0659,0.0852,0.2538,2.1528,154.463,162.85941,7.4446,94.611,181.41,369222.40567296476,0.001,0
2026-08-31T13:19:30Z,0.488,27.7165,8.55,1.062,0.0852,0.3384,2.1377,154.437,162.831362,7.4463,94.52,179.92,369119.92043929914,0.001,0
2026-08-31T13:19:30Z,0.488,27.7139,8.55,1.0582,0.0852,0.3384,2.0169,154.403,162.797522,7.4465,94.406,175.48,368972.2877305834,0.001,0
2026-08-31T13:19:30Z,0.488,27.7122,8.55,1.0582,0.0852,0.3384,2.0471,154.325,162.720805,7.4449,94.294,185.56,368557.94824509294,0.001,0
2026-08-31T13:19:30Z,0.489,27.7112,8.55,1.1307,0.0852,0.3384,2.1679,154.172,162.564716,7.4407,94.195,176.17,367669.0983975434,0.001,0
2026-08-31T13:19:30Z,0.489,27.7111,8.46,1.1193,0.1278,0.3384,2.0018,153.93,162.315696,7.4335,94.117,179.84,366225.45001725655,0.001,0
2026-08-31T13:19:30Z,0.49,27.7118,8.46,1.1116,0.1278,0.3384,2.1075,153.542,161.911348,7.4245,94.072,183.15,363872.50799212564,0.001,0
2026-08-31T13:19:30Z,0.49,27.7133,8.46,1.146,0.1278,0.3384,2.0471,152.884,161.223802,7.4154,94.075,172.27,359887.25640232966,0.001,0
2026-08-31T13:19:30Z,0.49,27.7153,8.46,1.062,0.1278,0.3384,1.8205,151.787,160.073721,7.4074,94.125,178.98,353290.6163889122,0.002,0
2026-08-31T13:19:30Z,0.491,27.7171,8.55,1.0811,0.1278,0.423,1.8356,149.976,158.170453,7.401,94.211,182.04,342564.9238201684,0.002,0
2026-08-31T13:19:30Z,0.491,27.719,8.55,1.0697,0.1278,0.423,1.8809,146.97,155.006461,7.3973,94.314,187.75,325199.3529700995,0.001,0
2026-08-31T13:19:30Z,0.492,27.721,8.55,1.0506,0.1278,0.423,1.8356,141.982,149.750041,7.3972,94.415,177.97,297580.1628450462,0.001,0
2026-08-31T13:19:30Z,0.492,27.7233,8.55,1.0582,0.1278,0.423,1.9111,133.683,140.99948,7.4009,94.503,179.18,254895.37834207603,0.001,0
2026-08-31T13:19:30Z,0.492,27.7258,8.55,1.0582,0.0852,0.3384,1.8356,119.822,126.381206,7.4073,94.569,182.36,192396.79827898863,0.002,0
2026-08-31T13:19:30Z,0.493,27.728,8.55,1.0697,0.0852,0.3384,1.8205,96.7,101.993005,7.4151,94.604,176.05,110974.7931380783,0.002,0
2026-08-31T13:19:30Z,0.493,27.7297,8.55,1.0506,0.0852,0.3384,1.8205,58.186,61.367436,7.4228,94.606,177.28,30398.434507028727,0.002,0
2026-08-31T13:19:30Z,0.494,27.7309,8.55,1.043,0.0852,0.3384,1.8507,-5.983,-6.320968,7.4296,94.574,181.37,NA,0.002,0
2026-08-31T13:19:30Z,0.494,27.7318,8.55,1.0582,0.0852,0.3384,1.8658,-112.935,-119.138483,7.4346,94.504,183.95,NA,0.002,0
2026-08-31T13:19:30Z,0.495,27.7323,8.46,1.043,0.0426,0.2961,1.8205,-291.196,-307.177798,7.4374,94.394,179.49,NA,0.002,0
2026-08-31T13:19:30Z,0.495,27.7328,8.46,1.0849,0.0426,0.2961,1.8205,-402.626,-424.719845,7.4375,94.253,183.15,NA,0.002,0
2026-08-31T13:19:30Z,0.495,27.7332,8.46,1.0353,0.0426,0.2961,2.1377,-291.247,-307.230252,7.435,94.095,188.98,NA,0.001,0
2026-08-31T13:19:30Z,0.496,27.7335,8.46,1.0506,0.0426,0.2961,2.1226,-113.009,-119.21328,7.4296,93.913,178.94,NA,0.001,0
2026-08-31T13:19:30Z,0.496,27.7338,8.55,1.0735,0.0852,0.3807,2.0924,-6.055,-6.389948,7.4211,93.679,181.69,NA,0.001,0
2026-08-31T13:19:30Z,0.496,27.734,8.55,1.0659,0.0852,0.3807,2.0471,58.129,61.31795,7.4102,93.384,179.72,30330.016237971664,0.001,0
2026-08-31T13:19:30Z,0.497,27.7343,8.55,1.0506,0.0852,0.3807,1.8658,96.647,101.953826,7.3976,93.072,180.35,110829.89250293908,0.001,0
2026-08-31T13:19:30Z,0.497,27.7347,8.55,1.0468,0.0852,0.3807,1.9262,119.747,126.325851,7.383,92.784,181.57,192092.64772387518,0.001,0
2026-08-31T13:19:30Z,0.497,27.7353,8.55,1.0697,0.0852,0.2961,1.8658,133.584,140.929223,7.3645,92.484,177.86,254412.0597548229,0.001,0
2026-08-31T13:19:30Z,0.497,27.7363,8.55,1.0697,0.0852,0.2961,1.7903,141.883,149.690248,7.3411,92.105,186.24,297040.80862425826,0.001,0
2026-08-31T13:19:30Z,0.498,27.7377,8.55,1.1116,0.0852,0.2961,1.8054,146.874,154.961233,7.3163,91.665,181.06,324642.6535108756,0.001,0
2026-08-31T13:19:30Z,0.498,27.7396,8.55,1.1231,0.0852,0.2961,1.8205,149.873,158.13174,7.2934,91.261,182.28,341952.7787423575,0.001,0
2026-08-31T13:19:30Z,0.498,27.7416,8.55,1.1498,0.0852,0.2961,1.9111,151.671,160.035211,7.2695,90.902,180,352593.96810698154,0.001,0
2026-08-31T13:19:30Z,0.498,27.7438,8.46,1.1231,0.0426,0.3384,1.8205,152.745,161.17523,7.2395,90.439,180.58,359043.7902735268,0.001,0
2026-08-31T13:19:30Z,0.499,27.746,8.46,1.1383,0.0426,0.3384,1.9111,153.377,161.847784,7.2046,89.703,178.32,362865.2581730337,0.001,0
2026-08-31T13:19:30Z,0.499,27.7483,8.46,1.1231,0.0426,0.3384,1.8507,153.745,162.240239,7.1725,88.687,180.7,365087.34384461876,0.001,0
2026-08-31T13:19:30Z,0.499,27.7506,8.46,1.1116,0.0426,0.3384,1.8054,153.965,162.477295,7.144,87.546,187.54,366416.27548037795,0.001,0
2026-08-31T13:19:30Z,0.499,27.7528,8.55,1.1193,0.0852,0.5076,1.8507,154.102,162.626176,7.1074,86.422,189.51,367238.04564748914,0.001,0
2026-08-31T13:19:30Z,0.5,27.7546,8.55,1.062,0.0852,0.5076,2.0924,154.186,162.718565,7.0493,85.436,178.59,367740.2893899289,0.001,0
2026-08-31T13:19:30Z,0.5,27.7561,8.55,1.0697,0.0852,0.5076,2.0773,154.232,162.771082,6.9693,84.813,183.67,368016.90943650296,0.001,0
2026-08-31T13:19:30Z,0.5,27.7575,8.55,1.0849,0.0852,0.5076,2.2283,154.254,162.797733,6.8794,84.84,181.88,368145.2107648791,0,0
2026-08-31T13:19:30Z,0.5,27.7589,8.55,1.0659,0.0852,0.3807,2.0773,154.271,162.817649,6.7909,85.656,182.48,368234.3887828513,0,0
2026-08-31T13:19:30Z,0.5,27.7603,8.55,1.062,0.0852,0.3807,2.0169,154.287,162.836144,6.7132,87.136,176.82,368315.3153590251,0,0
2026-08-31T13:19:30Z,0.5,27.7615,8.55,1.0506,0.0852,0.3807,2.1075,154.291,162.842112,6.6641,88.96,189.67,368327.2293531102,0,0
2026-08-31T13:19:30Z,0.5,27.7625,8.55,1.0659,0.0852,0.3807,2.0773,154.293,162.845164,6.6661,90.766,177.55,368325.9900930728,0,0
2026-08-31T13:19:30Z,0.5,27.7634,8.55,1.0582,0.0852,0.2961,2.1377,154.312,162.866158,6.7301,92.254,193.17,368430.9377029443,0,0
2026-08-31T13:19:30Z,0.5,27.764,8.55,1.0735,0.0852,0.2961,2.1075,154.339,162.894656,6.8464,93.203,176.59,368585.2265738631,0,0
2026-08-31T13:19:30Z,0.5,27.7645,8.55,1.0735,0.0852,0.2961,2.1377,154.354,162.910196,6.9896,93.529,174.34,368666.09281115455,0,0
2026-08-31T13:19:30Z,0.5,27.7648,8.55,1.0659,0.0852,0.2961,2.1377,154.36,162.916922,7.1315,93.327,188.85,368699.50810791895,0,0
2026-08-31T13:19:30Z,0.5,27.7649,8.55,1.0659,0.0852,0.2961,2.0169,154.36,162.916626,7.2484,92.814,176.93,368695.88706940407,0,0
2026-08-31T13:19:30Z,0.499,27.765,8.55,1.1307,0.0852,0.423,1.7449,154.342,162.897204,7.323,92.171,200.74,368581.0509316572,0,0
2026-08-31T13:19:30Z,0.499,27.765,8.55,1.1116,0.0852,0.423,1.8205,154.319,162.873521,7.3486,91.51,171.48,368443.3658456801,0,0
2026-08-31T13:19:30Z,0.499,27.765,8.55,1.1231,0.0852,0.423,1.8507,154.316,162.871332,7.3327,90.973,198.49,368430.6413137194,0,0
2026-08-31T13:19:30Z,0.499,27.765,8.55,1.1307,0.0852,0.423,1.7903,154.322,162.878028,7.2924,90.658,176.32,368469.56562439236,0.001,0
2026-08-31T13:19:30Z,0.5,27.765,8.55,1.0773,0.0426,0.2538,1.7903,154.319,162.875349,7.2419,90.492,192.16,368453.9921109038,0.001,0
2026-08-31T13:19:30Z,0.5,27.7652,8.55,1.0506,0.0426,0.2538,1.8809,154.319,162.874608,7.1899,90.355,180.9,368445.8878980298,0.001,0
2026-08-31T13:19:30Z,0.5,27.7653,8.55,1.0544,0.0426,0.2538,1.7903,154.328,162.883624,7.1477,90.247,193.08,368496.40127171046,0.001,0
2026-08-31T13:19:30Z,0.5,27.7654,8.55,1.0659,0.0426,0.2538,1.8356,154.336,162.892776,7.1229,90.193,182.56,368547.7097113647,0.001,0
2026-08-31T13:19:30Z,0.5,27.7654,8.55,1.1498,0.1278,0.3384,1.8809,154.339,162.896486,7.1099,90.066,185.4,368569.27989703603,0.001,0
2026-08-31T13:19:30Z,0.501,27.7652,8.55,1.1154,0.1278,0.3384,1.9413,154.339,162.895743,7.0991,89.646,180.43,368568.7579215347,0.001,0
2026-08-31T13:19:30Z,0.501,27.7651,8.55,1.1078,0.1278,0.3384,1.8054,154.334,162.89035,7.0907,88.815,196.09,368539.30164194695,0.001,0
2026-08-31T13:19:30Z,0.501,27.7652,8.55,1.1421,0.1278,0.3384,1.896,154.32,162.87486,7.0864,87.7,183.39,368447.35208810255,0.001,0
2026-08-31T13:19:30Z,0.501,27.7654,8.55,1.1154,0.1278,0.3384,2.1377,154.301,162.855163,7.0764,86.536,192.71,368329.0684221274,0.001,0
2026-08-31T13:19:30Z,0.502,27.7654,8.55,1.146,0.0852,0.3807,2.0471,154.292,162.848057,7.0434,85.401,186.61,368287.7707898421,0.001,0
2026-08-31T13:19:30Z,0.502,27.7652,8.55,1.1154,0.0852,0.3807,2.0471,154.285,162.845632,6.9781,84.221,189.39,368277.473091845,0.001,0
2026-08-31T13:19:30Z,0.502,27.7651,8.55,1.1307,0.0852,0.3807,2.0924,154.272,162.837222,6.8905,83.018,189.59,368230.4982322921,0.001,0
2026-08-31T13:19:30Z,0.503,27.7653,8.55,1.0353,0.0852,0.3807,1.8205,154.269,162.838622,6.7991,82.017,187.62,368234.83907885366,0.001,0
2026-08-31T13:19:30Z,0.503,27.7662,8.55,1.0506,0.0852,0.3807,1.8507,154.29,162.860231,6.7098,81.533,192.25,368343.3405865655,0.001,0
2026-08-31T13:19:30Z,0.503,27.7678,8.55,1.0697,0.0852,0.3807,1.8205,154.322,162.889769,6.617,81.744,191.37,368484.6593691962,0.001,0
2026-08-31T13:19:30Z,0.504,27.7695,8.55,1.062,0.0852,0.3807,1.8507,154.348,162.909056,6.5222,82.454,193.88,368564.50444730936,0.001,0
2026-08-31T13:19:30Z,0.504,27.7707,8.55,1.062,0.0852,0.3807,2.0622,154.349,162.903189,6.4434,83.209,183.39,368507.6137761085,0.001,0
2026-08-31T13:19:30Z,0.505,27.7707,8.55,1.0659,0.0852,0.423,2.0018,154.333,162.882629,6.4054,83.68,192.71,368388.1109978837,0.001,0
2026-08-31T13:19:30Z,0.505,27.7692,8.55,1.0468,0.0852,0.423,1.9413,154.322,162.869957,6.4222,83.805,193.29,368342.93241895945,0.001,0
2026-08-31T13:19:30Z,0.505,27.7666,8.55,1.0506,0.0852,0.423,2.0924,154.32,162.869811,6.4783,83.585,184.07,368391.42826264125,0.001,0
2026-08-31T13:19:30Z,0.506,27.7644,8.55,1.1345,0.0852,0.423,1.8658,154.338,162.890169,6.5378,82.952,189.06,368551.53969658574,0.001,0
2026-08-31T13:19:30Z,0.506,27.7632,8.55,1.1116,0.0852,0.423,1.8054,154.374,162.928444,6.5749,81.941,193.63,368796.9177840917,0.002,0
2026-08-31T13:19:30Z,0.506,27.7631,8.55,1.1078,0.0852,0.423,1.7903,154.407,162.96277,6.5848,80.805,190.34,368998.51309283724,0.002,0
2026-08-31T13:19:30Z,0.507,27.7634,8.55,1.1002,0.0852,0.423,1.8658,154.423,162.978247,6.5674,79.837,183.71,369082.86876475706,0.001,0
2026-08-31T13:19:30Z,0.507,27.7639,8.55,1.1269,0.0852,0.423,1.9413,154.418,162.970985,6.5177,79.138,191.29,369031.10288550763,0.001,0
2026-08-31T13:19:30Z,0.508,27.764,8.55,1.1116,0.0852,0.423,2.0924,154.405,162.955083,6.4382,78.698,177.05,368936.6782160245,0.001,0
2026-08-31T13:19:30Z,0.508,27.7638,8.55,1.1269,0.0852,0.423,2.0622,154.399,162.946346,6.349,78.583,204.8,368889.65092698194,0.001,0
2026-08-31T13:19:30Z,0.508,27.7633,8.55,1.1231,0.0852,0.423,2.1075,154.389,162.934424,6.2729,78.878,182.36,368829.8011061662,0.001,0
2026-08-31T13:19:30Z,0.508,27.7627,8.55,1.1002,0.0852,0.423,2.0169,154.367,162.908121,6.2181,79.422,195.02,368688.21564144467,0.002,0
2026-08-31T13:19:30Z,0.509,27.7621,8.55,1.0582,0.0852,0.423,2.1075,154.349,162.884477,6.1836,79.854,189.43,368562.120079689,0.002,0
2026-08-31T13:19:30Z,0.509,27.7616,8.55,1.0506,0.0852,0.3807,2.0471,154.35,162.88124,6.1747,79.962,196.09,368552.7937171788,0.002,0
2026-08-31T13:19:30Z,0.51,27.7608,8.55,1.0506,0.0852,0.3807,2.0924,154.368,162.893536,6.198,79.759,188.03,368639.48758339137,0.002,0
2026-08-31T13:19:30Z,0.51,27.7598,8.55,1.062,0.0852,0.3807,2.0773,154.397,162.916628,6.2408,79.258,191.04,368792.7938100414,0.002,0
2026-08-31T13:19:30Z,0.511,27.7584,8.55,1.1231,0.0852,0.3807,2.1377,154.434,162.948655,6.2749,78.374,195.58,369005.74163904774,0.002,0
2026-08-31T13:19:30Z,0.511,27.7569,8.55,1.1231,0.0852,0.4653,2.0622,154.46,162.970094,6.2835,77.056,184.23,369159.04504251195,0.002,0
2026-08-31T13:19:30Z,0.512,27.755,8.55,1.1421,0.0852,0.4653,2.1679,154.463,162.970626,6.2678,75.395,195.32,369198.28720859566,0.002,0
2026-08-31T13:19:30Z,0.512,27.7526,8.55,1.1498,0.0852,0.4653,2.1075,154.455,162.962419,6.2287,73.584,180.43,369196.1708911846,0.001,0
2026-08-31T13:19:30Z,0.512,27.7501,8.55,1.1307,0.0852,0.4653,1.8658,154.44,162.947294,6.1595,71.808,195.62,369155.6811102406,0.001,0
2026-08-31T13:19:30Z,0.512,27.7482,8.55,1.1231,0.0852,0.4653,1.8205,154.422,162.929237,6.0561,70.161,184.99,369086.7077008209,0.001,0
2026-08-31T13:19:30Z,0.513,27.7473,8.55,1.1231,0.0426,0.3807,1.9111,154.411,162.919466,5.9256,68.677,192.08,369046.9484357074,0.002,0
2026-08-31T13:19:30Z,0.513,27.7472,8.55,1.0926,0.0426,0.3807,1.7449,154.398,162.90736,5.7834,67.384,183.91,368978.386235313,0.002,0
2026-08-31T13:19:30Z,0.514,27.7475,8.55,1.0582,0.0426,0.3807,2.1075,154.379,162.889689,5.6438,66.3,194.69,368869.8416353322,0.001,0
2026-08-31T13:19:30Z,0.514,27.7479,8.55,1.0392,0.0426,0.3807,2.0773,154.369,162.881786,5.5142,65.424,189.67,368816.2512854181,0.001,0
2026-08-31T13:19:30Z,0.515,27.7484,8.55,1.0582,0.0426,0.2961,2.0924,154.363,162.877536,5.3976,64.735,187.79,368782.01934488246,0,0
2026-08-31T13:19:30Z,0.515,27.749,8.55,1.0659,0.0426,0.2961,1.9715,154.359,162.875804,5.2959,64.211,188.73,368760.5394082563,0,0
2026-08-31T13:19:30Z,0.514,27.7497,8.55,1.1917,0.0426,0.2961,2.0471,154.364,162.884148,5.2106,63.837,187.5,368795.78215774486,-0.001,0
2026-08-31T13:19:30Z,0.514,27.7506,8.55,1.1803,0.0426,0.2961,2.0471,154.361,162.884746,5.1417,63.623,189.18,368782.15640898555,-0.001,0
2026-08-31T13:19:30Z,0.513,27.7514,8.55,1.1765,0.0852,0.2961,2.0773,154.347,162.873751,5.0875,63.605,194.52,368702.9906122415,-0.001,0
2026-08-31T13:19:30Z,0.513,27.7522,8.55,1.207,0.0852,0.2961,2.1075,154.341,162.872284,5.0463,63.814,190.54,368679.2571647137,-0.001,0
2026-08-31T13:19:30Z,0.512,27.7531,8.55,1.1727,0.0852,0.2961,2.0471,154.35,162.887971,5.0168,64.214,194.56,368753.4092894629,-0.001,0
2026-08-31T13:19:30Z,0.512,27.7543,8.55,1.1841,0.0852,0.2961,2.0773,154.368,162.912971,4.9998,64.699,194.14,368876.0501796833,-0.001,0
2026-08-31T13:19:30Z,0.512,27.7557,8.55,1.1765,0.0852,0.2961,2.0773,154.382,162.933904,4.9983,65.169,190.83,368971.2398166255,-0.001,0
2026-08-31T13:19:30Z,0.512,27.7574,8.64,1.1574,0.0426,0.423,2.1679,154.389,162.948335,5.0146,65.566,191.04,369022.89406890713,-0.001,0
2026-08-31T13:19:30Z,0.511,27.7593,8.64,1.1231,0.0426,0.423,2.0622,154.405,162.97214,5.0458,65.854,194.9,369125.30222707434,-0,0
2026-08-31T13:19:30Z,0.511,27.7612,8.64,1.1116,0.0426,0.423,2.0471,154.418,162.991622,5.0837,66.022,186.32,369202.55544418277,-0,0
2026-08-31T13:19:30Z,0.511,27.7631,8.64,1.0887,0.0426,0.423,2.0773,154.406,162.983914,5.1206,66.096,180.47,369121.5522081304,-0,0
2026-08-31T13:19:30Z,0.511,27.7652,8.64,1.1116,0.0426,0.3807,2.1377,154.391,162.971015,5.1516,66.138,201.09,369006.55878111295,-0,0
2026-08-31T13:19:30Z,0.511,27.7675,8.64,1.1231,0.0426,0.3807,1.8809,154.396,162.977549,5.1739,66.227,184.75,369000.84758297075,-0,0
2026-08-31T13:19:30Z,0.511,27.7695,8.64,1.1154,0.0426,0.3807,1.7601,154.408,162.989221,5.1869,66.401,203.42,369030.73248712573,-0,0
2026-08-31T13:19:30Z,0.511,27.771,8.64,1.1307,0.0426,0.3807,1.9111,154.394,162.973063,5.1926,66.624,189.14,368908.22043060814,-0,0
2026-08-31T13:19:30Z,0.511,27.772,8.64,1.1421,0.0426,0.3384,1.8809,154.359,162.932785,5.1958,66.85,196.09,368654.9848780138,-0,0
2026-08-31T13:19:30Z,0.511,27.7724,8.64,1.1231,0.0426,0.3384,1.9413,154.337,162.905753,5.2028,67.072,195.79,368490.24184375885,0,0
2026-08-31T13:19:30Z,0.511,27.7722,8.64,1.1269,0.0426,0.3384,1.8205,154.341,162.904802,5.2165,67.284,193.55,368488.5108094417,0,0
2026-08-31T13:19:30Z,0.511,27.7715,8.64,1.1307,0.0426,0.3384,1.8507,154.346,162.905625,5.2341,67.442,193.08,368506.58363641176,0,0
2026-08-31T13:19:30Z,0.511,27.7705,8.64,1.1002,0.0852,0.423,1.8205,154.337,162.892406,5.2519,67.503,197.2,368448.7299637742,0,0
2026-08-31T13:19:30Z,0.512,27.7691,8.64,1.1231,0.0852,0.423,1.7903,154.328,162.881665,5.2695,67.482,195.53,368412.87342624477,0,0
2026-08-31T13:19:30Z,0.512,27.7676,8.64,1.1498,0.0852,0.423,1.7601,154.334,162.886571,5.2862,67.431,191.66,368469.8634729502,0,0
2026-08-31T13:19:30Z,0.512,27.7662,8.64,1.1421,0.0852,0.423,1.8205,154.346,162.900416,5.2987,67.407,191,368576.93386095326,0,0
2026-08-31T13:19:30Z,0.511,27.7651,8.64,1.1193,0.0852,0.423,1.7903,154.355,162.910856,5.3037,67.442,196.9,368658.5301487901,0,0
2026-08-31T13:19:30Z,0.511,27.7645,8.55,1.0697,0.0852,0.3384,2.1075,154.356,162.912657,5.3021,67.546,190.75,368680.40041935665,0,0
2026-08-31T13:19:30Z,0.511,27.7643,8.55,1.0506,0.0852,0.3384,2.0169,154.353,162.910309,5.2981,67.714,200.7,368670.5451820684,0,0
2026-08-31T13:19:30Z,0.511,27.7644,8.55,1.0582,0.0852,0.3384,2.0018,154.349,162.907195,5.2962,67.933,188.52,368650.5372520273,0,0
2026-08-31T13:19:30Z,0.511,27.7647,8.55,1.0468,0.0852,0.3384,2.1679,154.348,162.906493,5.299,68.155,208.8,368640.75692389766,0,0
2026-08-31T13:19:30Z,0.511,27.7651,8.55,1.1231,0.1278,0.2538,1.8507,154.361,162.920043,5.307,68.3,186.93,368711.9555177326,0,0
2026-08-31T13:19:30Z,0.511,27.7655,8.55,1.1383,0.1278,0.2538,1.8507,154.383,162.94344,5.3202,68.291,203.69,368840.4363573998,0,0
2026-08-31T13:19:30Z,0.511,27.7657,8.55,1.1269,0.1278,0.2538,1.8205,154.391,162.950852,5.3374,68.097,189.92,368879.75061838084,0,0
2026-08-31T13:19:30Z,0.511,27.7658,8.55,1.1345,0.1278,0.2538,1.8205,154.389,162.948264,5.3549,67.728,198.66,368862.7955933675,0,0
2026-08-31T13:19:30Z,0.511,27.7658,8.55,1.1078,0.0426,0.3807,2.0169,154.407,162.967058,5.3662,67.212,189.55,368972.12924880517,0,0
2026-08-31T13:19:30Z,0.511,27.7658,8.55,1.1345,0.0426,0.3807,2.1679,154.438,163.000219,5.3655,66.593,201.7,369165.0908540757,0,0
2026-08-31T13:19:30Z,0.511,27.7657,8.55,1.1307,0.0426,0.3807,2.1075,154.453,163.0165,5.3503,65.922,198.19,369261.7539854791,0,0
2026-08-31T13:19:30Z,0.51,27.7656,8.55,1.1193,0.0426,0.3807,2.032,154.445,163.008215,5.3213,65.252,197.41,369215.4328627341,0,0
2026-08-31T13:19:30Z,0.51,27.7655,8.55,1.0735,0.0426,0.3807,2.2132,154.43,162.993201,5.2808,64.624,199.48,369129.95436915866,0,0
2026-08-31T13:19:30Z,0.51,27.7654,8.55,1.0468,0.0852,0.423,2.1528,154.423,162.987498,5.2322,64.066,195.62,369098.6680520893,0,0
2026-08-31T13:19:30Z,0.51,27.7654,8.55,1.0582,0.0852,0.423,1.9715,154.419,162.985577,5.1795,63.594,189.51,369087.4893402036,0,0
2026-08-31T13:19:30Z,0.51,27.7656,8.55,1.0506,0.0852,0.423,2.0471,154.415,162.982917,5.1268,63.202,199.05,369068.2074344688,0,0
2026-08-31T13:19:30Z,0.51,27.7659,8.55,1.1193,0.0852,0.423,2.0622,154.416,162.986825,5.0774,62.869,184.71,369085.24336521036,0,0
2026-08-31T13:19:30Z,0.51,27.7665,8.55,1.1116,0.0852,0.3384,2.0773,154.416,162.990327,5.0336,62.572,206.18,369094.21191688004,0,0
2026-08-31T13:19:30Z,0.51,27.7672,8.55,1.1307,0.0852,0.3384,2.1679,154.405,162.98233,4.9964,62.298,191.75,369034.3684035786,0,0
2026-08-31T13:19:30Z,0.51,27.7679,8.55,1.1307,0.0852,0.3384,2.1679,154.389,162.968719,4.9655,62.035,203.16,368941.8726872838,0,0
2026-08-31T13:19:30Z,0.51,27.7688,8.55,1.0506,0.0852,0.3384,2.0622,154.376,162.957892,4.9393,61.773,196.26,368861.78622006666,0,0
2026-08-31T13:19:30Z,0.51,27.7697,8.64,1.062,0.0852,0.3384,2.0773,154.365,162.950971,4.9159,61.511,204.31,368804.4301455049,0,0
2026-08-31T13:19:30Z,0.51,27.7707,8.64,1.0735,0.0852,0.3384,2.0773,154.357,162.946109,4.8943,61.251,196.09,368757.15513962216,0,0
2026-08-31T13:19:30Z,0.51,27.7718,8.64,1.0506,0.0852,0.3384,2.0471,154.352,162.94602,4.8735,60.998,202.32,368735.7405787997,0,0
2026-08-31T13:19:30Z,0.51,27.773,8.64,1.0735,0.0852,0.3384,1.7903,154.348,162.946671,4.8529,60.759,194.94,368716.7309625308,0,0
2026-08-31T13:19:30Z,0.51,27.7743,8.55,1.0392,0.0852,0.423,1.8205,154.341,162.944227,4.8322,60.539,200.09,368677.8282305667,0,0
2026-08-31T13:19:30Z,0.51,27.7757,8.55,1.0544,0.0852,0.423,1.8809,154.339,162.946055,4.8116,60.337,199.48,368661.86709108576,0,0
2026-08-31T13:19:30Z,0.51,27.7772,8.55,1.0697,0.0852,0.423,1.8507,154.337,162.948633,4.7916,60.146,199.22,368648.36819019116,0,0
2026-08-31T13:19:30Z,0.51,27.7788,8.55,1.1116,0.0852,0.423,1.8809,154.333,162.94864,4.7727,59.955,193.97,368618.0256976318,0,0
2026-08-31T13:19:30Z,0.51,27.7803,8.55,1.1078,0.0852,0.423,1.8205,154.327,162.946079,4.7553,59.76,205.33,368574.6585033085,0,0
2026-08-31T13:19:30Z,0.51,27.7817,8.64,1.1269,0.0852,0.3384,1.9413,154.313,162.936256,4.7392,59.567,190.13,368490.990273144,0,0
2026-08-31T13:19:30Z,0.51,27.783,8.64,1.1154,0.0852,0.3384,1.7903,154.305,162.932589,4.7241,59.386,199.05,368445.00700930343,0.001,0
2026-08-31T13:19:30Z,0.511,27.7844,8.64,1.1231,0.0852,0.3384,2.0471,154.314,162.946128,4.7091,59.225,199.44,368497.11176751216,0.001,0
2026-08-31T13:19:30Z,0.511,27.7858,8.64,1.1231,0.0852,0.3384,2.0773,154.324,162.960437,4.6936,59.094,199.4,368553.69279692316,0.001,0
2026-08-31T13:19:30Z,0.511,27.7873,8.55,1.1193,0.1278,0.3807,2.1075,154.325,162.963298,4.6783,59.004,206.23,368541.8454666961,0.001,0
2026-08-31T13:19:30Z,0.511,27.7888,8.55,1.1154,0.1278,0.3807,2.1528,154.328,162.9675,4.664,58.971,197.45,368537.7915108359,0.001,0
2026-08-31T13:19:30Z,0.512,27.7902,8.55,1.1231,0.1278,0.3807,1.8658,154.342,162.982182,4.6512,59.011,203.29,368596.53688041103,0.001,0
2026-08-31T13:19:30Z,0.512,27.7913,8.55,1.1231,0.1278,0.3807,1.8658,154.345,162.983196,4.6408,59.136,196.13,368581.5476904378,0,0
2026-08-31T13:19:30Z,0.512,27.7921,8.55,1.1231,0.0852,0.3807,1.7601,154.327,162.962794,4.6337,59.349,202.32,368447.8174379352,0,0
2026-08-31T13:19:30Z,0.512,27.7924,8.55,1.1421,0.0852,0.3807,1.9111,154.313,162.947607,4.6311,59.65,189.26,368353.89833379554,0,0
2026-08-31T13:19:30Z,0.511,27.7922,8.55,1.1078,0.0852,0.3807,2.1226,154.303,162.937594,4.6343,60.039,205.55,368299.53045470023,0,0
2026-08-31T13:19:30Z,0.511,27.7917,8.55,1.1231,0.0852,0.3807,2.1679,154.288,162.922067,4.6441,60.53,185.76,368218.8318957077,0,0
2026-08-31T13:19:30Z,0.511,27.7911,8.55,1.1307,0.0852,0.3807,2.032,154.276,162.908913,4.6609,61.145,200.39,368153.8186729419,0,0
2026-08-31T13:19:30Z,0.511,27.791,8.55,1.1154,0.0426,0.3807,2.1075,154.274,162.902641,4.6846,61.892,190.92,368119.2933157461,0,0
2026-08-31T13:19:30Z,0.511,27.7912,8.55,1.1154,0.0426,0.3807,1.7449,154.274,162.897572,4.7151,62.752,209.61,368086.06776987197,0,0
2026-08-31T13:19:30Z,0.511,27.7914,8.55,1.0964,0.0426,0.3807,1.8658,154.276,162.892352,4.7536,63.696,198.01,368051.96759608947,0,0
2026-08-31T13:19:30Z,0.51,27.791,8.55,1.1231,0.0426,0.3807,1.7752,154.281,162.889599,4.802,64.706,195.96,368043.56556245586,0,0
2026-08-31T13:19:30Z,0.51,27.79,8.55,1.1002,0.0852,0.423,1.8507,154.289,162.892585,4.8608,65.764,200.7,368079.85959043226,0,0
2026-08-31T13:19:30Z,0.511,27.7883,8.55,1.1078,0.0852,0.423,2.0471,154.306,162.906115,4.9284,66.845,190.46,368190.6637797152,0,0
2026-08-31T13:19:30Z,0.511,27.786,8.55,1.1116,0.0852,0.423,2.0471,154.33,162.92979,5.0027,67.909,188.03,368371.81578076805,0,0
2026-08-31T13:19:30Z,0.511,27.7835,8.55,1.1116,0.0852,0.423,2.0471,154.354,162.953886,5.0823,68.913,197.88,368559.2821787121,0,0
2026-08-31T13:19:30Z,0.511,27.7814,8.55,1.0926,0.0426,0.4653,2.0622,154.361,162.960775,5.1656,69.823,190.38,368639.1957014572,0,0
2026-08-31T13:19:30Z,0.511,27.7801,8.55,1.1307,0.0426,0.4653,2.0471,154.356,162.956303,5.2506,70.615,200.66,368637.88552267686,0,0
2026-08-31T13:19:30Z,0.511,27.7794,8.55,1.1307,0.0426,0.4653,2.1679,154.357,162.959323,5.3342,71.26,206.4,368668.73467100464,0,0
2026-08-31T13:19:30Z,0.511,27.7792,8.55,1.146,0.0426,0.4653,2.1075,154.358,162.962623,5.4131,71.725,191.83,368691.7178585649,0,0
2026-08-31T13:19:30Z,0.511,27.7791,8.55,1.1307,0.1278,0.3807,2.1377,154.357,162.963072,5.4846,71.984,202.89,368696.2274626659,0,0
2026-08-31T13:19:30Z,0.511,27.7793,8.55,1.1727,0.1278,0.3807,1.8809,154.369,162.976828,5.5468,72.032,190.46,368772.4077827466,0,0
2026-08-31T13:19:30Z,0.511,27.7798,8.55,1.1803,0.1278,0.3807,1.8809,154.383,162.991522,5.5974,71.884,199.83,368848.3513369012,0,0
2026-08-31T13:19:30Z,0.511,27.7805,8.55,1.1765,0.1278,0.3807,1.9111,154.371,162.979001,5.6339,71.567,199.74,368762.2469911013,0,0
2026-08-31T13:19:30Z,0.511,27.7811,8.55,1.1956,0.1278,0.3807,1.8809,154.348,162.955971,5.6542,71.123,201.09,368616.96683350275,0,0
2026-08-31T13:19:30Z,0.511,27.7814,8.55,1.165,0.0426,0.3807,1.7903,154.343,162.952371,5.6579,70.604,197.28,368590.34559370694,0,0
2026-08-31T13:19:30Z,0.511,27.7815,8.55,1.1307,0.0426,0.3807,2.1075,154.344,162.955214,5.6462,70.066,196.51,368604.97200777754,0,0
2026-08-31T13:19:30Z,0.511,27.7815,8.55,1.1421,0.0426,0.3807,2.1377,154.328,162.941205,5.6214,69.566,191.75,368523.5482339266,0,0
2026-08-31T13:19:30Z,0.511,27.7816,8.55,1.1421,0.0426,0.3807,2.0773,154.313,162.926653,5.5865,69.17,201.7,368437.082561943,0,0
2026-08-31T13:19:30Z,0.511,27.7822,8.55,1.1002,0.0852,0.423,1.9715,154.319,162.93574,5.5457,68.939,197.37,368478.5009038777,0,0
2026-08-31T13:19:30Z,0.511,27.783,8.55,1.146,0.0852,0.423,1.8356,154.336,162.954855,5.5034,68.898,201.27,368574.4059811201,0,0
2026-08-31T13:19:30Z,0.512,27.7837,8.55,1.1421,0.0852,0.423,1.8054,154.344,162.96504,5.4639,69.043,195.96,368620.3142198544,0,0
2026-08-31T13:19:30Z,0.512,27.7844,8.55,1.1231,0.0852,0.423,1.8356,154.348,162.969012,5.4328,69.348,204.22,368630.11036167515,0,0
2026-08-31T13:19:30Z,0.512,27.7851,8.55,1.1078,0.0852,0.2961,1.6845,154.351,162.971838,5.4146,69.768,203.73,368633.24521654396,0,0
2026-08-31T13:19:30Z,0.512,27.7856,8.55,1.1536,0.0852,0.2961,1.7298,154.352,162.974273,5.4113,70.239,194.9,368637.9047890199,0,0
2026-08-31T13:19:30Z,0.512,27.7859,8.55,1.1994,0.0852,0.2961,1.7903,154.358,162.980974,5.4227,70.684,202.32,368671.1584471453,0,0
2026-08-31T13:19:30Z,0.512,27.786,8.55,1.165,0.0852,0.2961,2.0169,154.37,162.993729,5.4467,71.02,202.01,368743.4051176449,0,0
2026-08-31T13:19:30Z,0.512,27.7861,8.55,1.1879,0.0852,0.2961,1.8205,154.375,162.999904,5.4796,71.193,205.78,368777.40456609265,0,0
2026-08-31T13:19:30Z,0.512,27.7862,8.55,1.1002,0.1278,0.3384,1.7752,154.372,162.997135,5.5166,71.171,197.07,368759.40718039573,0,0
2026-08-31T13:19:30Z,0.512,27.7864,8.55,1.1421,0.1278,0.3384,1.8658,154.37,162.996712,5.5515,70.947,207.89,368753.14936986705,0.001,0
2026-08-31T13:19:30Z,0.512,27.7865,8.55,1.1269,0.1278,0.3384,1.7903,154.371,162.998522,5.5779,70.544,200.79,368761.7724533476,0.001,0
2026-08-31T13:19:30Z,0.512,27.7867,8.55,1.1116,0.1278,0.3384,1.896,154.367,162.99503,5.5915,69.998,208.75,368737.6734224251,0.001,0
2026-08-31T13:19:30Z,0.513,27.787,8.55,1.1879,0.0852,0.3384,2.1075,154.357,162.985304,5.5897,69.349,194.69,368675.4389800168,0.001,0
2026-08-31T13:19:30Z,0.513,27.7873,8.55,1.1689,0.0852,0.3384,2.1075,154.346,162.974769,5.5721,68.637,217.74,368608.5101475251,0.001,0
2026-08-31T13:19:30Z,0.512,27.7876,8.55,1.1917,0.0852,0.3384,2.0169,154.339,162.968633,5.5404,67.906,193.97,368567.15392684954,0,0
2026-08-31T13:19:30Z,0.512,27.788,8.55,1.1803,0.0852,0.3384,2.0471,154.335,162.96526,5.4976,67.19,218.69,368539.9591241519,0,0
2026-08-31T13:19:30Z,0.513,27.7883,8.46,1.1154,0.0852,0.3807,1.9715,154.324,162.955733,5.4465,66.502,199.61,368478.90452072246,0,0
2026-08-31T13:19:30Z,0.513,27.7887,8.46,1.1383,0.0852,0.3807,2.0018,154.31,162.941521,5.3905,65.841,205.02,368388.7403211018,0,0
2026-08-31T13:19:30Z,0.513,27.7891,8.46,1.1269,0.0852,0.3807,2.1528,154.298,162.93086,5.3331,65.216,218.83,368319.21833223413,0,0
2026-08-31T13:19:30Z,0.513,27.7895,8.46,1.1154,0.0852,0.3807,2.0773,154.298,162.932934,5.2768,64.632,199.22,368323.6780721182,0,0
2026-08-31T13:19:30Z,0.513,27.7899,8.46,1.1765,0.0852,0.3807,1.8356,154.311,162.948297,5.2227,64.089,225.49,368405.33794731536,0,0
2026-08-31T13:19:30Z,0.513,27.7904,8.55,1.1994,0.0852,0.2961,1.8356,154.326,162.965009,5.1708,63.579,202.98,368492.9479977382,0,0
2026-08-31T13:19:30Z,0.513,27.7909,8.55,1.1879,0.0852,0.2961,1.8205,154.342,162.983519,5.1216,63.097,219.45,368591.017725285,0,0
2026-08-31T13:19:30Z,0.513,27.7914,8.55,1.1803,0.0852,0.2961,1.7449,154.36,163.004752,5.0757,62.645,206.4,368704.92836117226,0,0
2026-08-31T13:19:30Z,0.514,27.7919,8.55,1.1803,0.0852,0.2961,2.0773,154.375,163.022345,5.0331,62.214,220.31,368797.6972331495,0,0
2026-08-31T13:19:30Z,0.514,27.7924,8.64,1.1994,0.0426,0.3807,2.1226,154.383,163.032972,4.993,61.8,219.88,368849.97928421205,0,0
2026-08-31T13:19:30Z,0.513,27.7929,8.64,1.1879,0.0426,0.3807,2.1377,154.376,163.027439,4.9551,61.41,215.81,368808.31604140974,0,0
2026-08-31T13:19:30Z,0.513,27.7935,8.64,1.1956,0.0426,0.3807,2.1226,154.352,163.004271,4.9195,61.056,216.23,368662.25801357656,0,0
2026-08-31T13:19:30Z,0.513,27.7941,8.64,1.1917,0.0426,0.3807,2.0471,154.326,162.977336,4.8856,60.741,222.33,368494.351924901,0,0
2026-08-31T13:19:30Z,0.513,27.7948,8.55,1.1727,0.0852,0.423,2.0471,154.309,162.959494,4.853,60.454,228.2,368377.41733032773,0,0
2026-08-31T13:19:30Z,0.513,27.7955,8.55,1.1917,0.0852,0.423,2.0169,154.308,162.958015,4.8224,60.18,221.36,368355.546694236,0,0
2026-08-31T13:19:30Z,0.514,27.796,8.55,1.1803,0.0852,0.423,2.1226,154.321,162.968497,4.7946,59.914,235.87,368406.9482970806,0,0
2026-08-31T13:19:30Z,0.514,27.7964,8.55,1.1574,0.0852,0.423,1.9111,154.33,162.973688,4.7698,59.647,234.74,368429.5139833516,0,0
2026-08-31T13:19:30Z,0.514,27.7965,8.46,1.1803,0,0.3384,1.896,154.325,162.962947,4.7473,59.37,236.64,368365.22388559475,0,0
2026-08-31T13:19:30Z,0.513,27.7961,8.46,1.1727,0,0.3384,1.8507,154.318,162.949444,4.7258,59.077,258.8,368294.3832546497,0,0
2026-08-31T13:19:30Z,0.513,27.7952,8.46,1.2108,0,0.3384,1.8507,154.325,162.953632,4.7049,58.765,244,368335.779001222,-0.001,0
2026-08-31T13:19:30Z,0.513,27.7937,8.46,1.2566,0,0.3384,1.8658,154.338,162.9646,4.6841,58.436,296.83,368427.9491363107,-0.001,0
2026-08-31T13:19:30Z,0.513,27.7918,8.46,1.2413,0,0.3384,1.8809,154.337,162.96122,4.6625,58.103,271.71,368444.3651325425,-0.001,0
2026-08-31T13:19:30Z,0.513,27.79,8.64,1.2146,0.0426,0.3384,1.8809,154.332,162.954616,4.6397,57.773,246.82,368440.15295807447,0,0
2026-08-31T13:19:30Z,0.512,27.7887,8.64,1.2642,0.0426,0.3384,1.8205,154.334,162.955056,4.6152,57.453,294.9,368467.3798590921,0,0
2026-08-31T13:19:30Z,0.512,27.7878,8.64,1.165,0.0426,0.3384,2.0924,154.33,162.950628,4.5895,57.147,275.93,368458.7311592344,0,0
2026-08-31T13:19:30Z,0.512,27.7872,8.64,1.165,0.0426,0.3384,2.0773,154.317,162.936144,4.5634,56.861,299.88,368385.96248523204,0,0
2026-08-31T13:19:30Z,0.513,27.7867,8.55,1.1803,0.0426,0.3384,2.1679,154.305,162.923777,4.5375,56.596,273.13,368323.6015418188,0,0
2026-08-31T13:19:30Z,0.513,27.7863,8.55,1.1841,0.0426,0.3384,2.0773,154.3,162.918247,4.5124,56.352,307.4,368299.0648440398,0,0
2026-08-31T13:19:30Z,0.512,27.7861,8.55,1.0849,0.0426,0.3384,1.7601,154.292,162.910062,4.4884,56.128,287.44,368255.31305633445,0,0
2026-08-31T13:19:30Z,0.512,27.786,8.55,1.1269,0.0426,0.3384,1.8507,154.287,162.905056,4.4659,55.929,326.9,368228.1319993014,0,0
2026-08-31T13:19:30Z,0.513,27.786,8.55,1.1231,0.1278,0.423,1.7903,154.298,162.91793,4.4451,55.757,306.67,368302.9143390482,0,0
2026-08-31T13:19:30Z,0.513,27.7859,8.55,1.1078,0.1278,0.423,1.9111,154.321,162.944099,4.4259,55.613,293.56,368456.85160952667,0,0
2026-08-31T13:19:30Z,0.513,27.786,8.55,1.1307,0.1278,0.423,1.8356,154.34,162.966489,4.4084,55.494,320.57,368585.0680529404,0,0
2026-08-31T13:19:30Z,0.513,27.7863,8.55,1.1307,0.1278,0.423,1.7147,154.354,162.983052,4.3927,55.391,421.16,368675.64125578315,0,0
2026-08-31T13:19:30Z,0.513,27.7867,8.55,1.1078,0.1278,0.423,1.7903,154.366,162.998204,4.3792,55.3,332.85,368756.1247089519,0,0
2026-08-31T13:19:30Z,0.513,27.7872,8.55,1.1193,0.0852,0.423,1.8809,154.366,162.999952,4.3679,55.219,379.86,368756.78993043915,0,0
2026-08-31T13:19:30Z,0.513,27.7878,8.55,1.1307,0.0852,0.423,1.9413,154.345,162.980744,4.3584,55.155,359.46,368633.74411985156,0,0
2026-08-31T13:19:30Z,0.513,27.7885,8.55,1.1307,0.0852,0.423,1.8205,154.327,162.963519,4.3503,55.11,410.77,368520.35138598894,0,0
2026-08-31T13:19:30Z,0.513,27.7893,8.55,1.1154,0.0852,0.423,1.8809,154.33,162.967739,4.3431,55.088,308.54,368529.68906623975,0,0
2026-08-31T13:19:30Z,0.513,27.79,8.55,1.1345,0.0426,0.3384,1.8809,154.342,162.982502,4.3367000000000004,55.098,396.9,368602.19308767037,0,0
2026-08-31T13:19:30Z,0.513,27.7908,8.55,1.1231,0.0426,0.3384,1.8658,154.354,162.995709,4.3316,55.145,319.18,368663.76124589005,0,0
2026-08-31T13:19:30Z,0.513,27.7915,8.55,1.1078,0.0426,0.3384,1.8507,154.352,162.994846,4.328,55.231,400.28,368645.45473950024,0,0
2026-08-31T13:19:30Z,0.513,27.792,8.55,1.1231,0.0426,0.3384,1.9111,154.329,162.971666,4.3262,55.344,348.08,368501.26216186263,0,0
2026-08-31T13:19:30Z,0.513,27.7923,8.64,1.1154,0.0426,0.3384,1.8205,154.301,162.94404,4.3269,55.451,373.47,368335.07494781184,0,0
2026-08-31T13:19:30Z,0.513,27.7926,8.64,1.1612,0.0426,0.3384,2.1075,154.28,162.924646,4.3306,55.522,399.15,368216.74152581085,0,0
2026-08-31T13:19:30Z,0.513,27.7929,8.64,1.1803,0.0426,0.3384,2.1377,154.258,162.904304,4.3374,55.543,374.04,368092.92831952736,0,0
2026-08-31T13:19:30Z,0.513,27.7934,8.64,1.1727,0.0426,0.3384,2.0169,154.238,162.885607,4.3462,55.515,343.95,367974.9012914563,0,0
2026-08-31T13:19:30Z,0.513,27.7941,8.55,1.1727,0.0426,0.3807,2.1679,154.227,162.875598,4.3545,55.455,423.36,367903.5371016521,0.001,0
2026-08-31T13:19:30Z,0.514,27.7951,8.55,1.1917,0.0426,0.3807,2.0773,154.223,162.871606,4.36,55.384,354.8,367861.4208331902,0.001,0
2026-08-31T13:19:30Z,0.514,27.796,8.55,1.1536,0.0426,0.3807,2.0773,154.227,162.876576,4.3616,55.32,399.59,367873.2156173212,0,0
2026-08-31T13:19:30Z,0.514,27.7967,8.55,1.1689,0.0426,0.3807,2.0622,154.242,162.891833,4.3594,55.282,417.52,367948.5071638817,0,0
2026-08-31T13:19:30Z,0.514,27.7972,8.55,1.1727,0.0426,0.3807,2.1075,154.255,162.90541,4.3546,55.286,347.93,368017.8437801946,0,0
2026-08-31T13:19:30Z,0.514,27.7973,8.55,1.1956,0.0852,0.2961,1.8658,154.254,162.904892,4.349,55.342,369.2,368012.9415455059,0,0
2026-08-31T13:19:30Z,0.514,27.7973,8.55,1.1917,0.0852,0.2961,1.8205,154.243,162.894149,4.344,55.46,381.6,367950.5811115352,0,0
2026-08-31T13:19:30Z,0.514,27.7972,8.55,1.165,0.0852,0.2961,1.8356,154.239,162.890362,4.341,55.653,371.94,367930.49481912283,0,0
2026-08-31T13:19:30Z,0.514,27.7972,8.55,1.1765,0.0852,0.2961,1.896,154.248,162.900538,4.3413,55.946,409.43,367989.5619488429,0,0
2026-08-31T13:19:30Z,0.514,27.7973,8.64,1.1078,0.0426,0.1692,2.0169,154.262,162.915364,4.3457,56.372,370.73,368073.7351040463,0,0
2026-08-31T13:19:30Z,0.514,27.7976,8.64,1.1307,0.0426,0.1692,2.1075,154.281,162.934786,4.355,56.963,416.7,368180.8145195439,0,0
2026-08-31T13:19:30Z,0.514,27.7978,8.64,1.0887,0.0426,0.1692,2.2586,154.307,162.959974,4.3701,57.744,358.76,368323.2961354188,0,0
2026-08-31T13:19:30Z,0.514,27.7979,8.64,1.1002,0.0426,0.1692,2.1377,154.323,162.97359,4.3931,58.732,395.61,368400.48560902406,0,0
2026-08-31T13:19:30Z,0.514,27.798,8.55,1.1727,0.0852,0.3384,2.032,154.317,162.963229,4.4265,59.913,367.84,368338.4076797156,0,0
2026-08-31T13:19:30Z,0.514,27.7977,8.55,1.165,0.0852,0.3384,2.0773,154.3,162.942165,4.473,61.218,361.18,368221.76691939036,0,0
2026-08-31T13:19:30Z,0.515,27.7971,8.55,1.1727,0.0852,0.3384,2.0773,154.289,162.928833,4.5344,62.549,416.07,368155.7277914072,0,0
2026-08-31T13:19:30Z,0.515,27.7962,8.55,1.1574,0.0852,0.3384,2.1981,154.289,162.927696,4.6121,63.796,366.48,368166.18949969904,0,0
2026-08-31T13:19:30Z,0.514,27.795,8.55,1.1421,0.0852,0.3384,1.8809,154.298,162.93845,4.7049,64.863,406.33,368251.3948089145,0,0
2026-08-31T13:19:30Z,0.514,27.794,8.64,1.0926,0.0852,0.0846,1.8809,154.31,162.951938,4.8075,65.674,400.54,368348.70262417773,0,0
2026-08-31T13:19:30Z,0.514,27.7933,8.64,1.1193,0.0852,0.0846,1.8205,154.309,162.95171,4.912,66.194,427.43,368360.65765148844,0,0
2026-08-31T13:19:30Z,0.514,27.793,8.64,1.104,0.0852,0.0846,1.7903,154.298,162.941715,5.0099,66.434,347.4,368308.29124056315,0,0
2026-08-31T13:19:30Z,0.515,27.7931,8.64,1.1727,0.0852,0.0846,2.0169,154.287,162.931316,5.0937,66.45,393.64,368245.99582622707,0,0
2026-08-31T13:19:30Z,0.515,27.7935,8.55,1.1765,0.0852,0.3807,2.1075,154.27,162.913729,5.1574,66.317,499.39,368136.27902480704,0,0
2026-08-31T13:19:30Z,0.515,27.7939,8.55,1.1841,0.0852,0.3807,2.0773,154.254,162.896291,5.1982,66.118,407.12,368027.4489858948,0,0
2026-08-31T13:19:30Z,0.515,27.7944,8.55,1.1841,0.0852,0.3807,2.0471,154.254,162.894399,5.217,65.917,512.58,368006.98854539334,0,0
2026-08-31T13:19:30Z,0.514,27.7947,8.55,1.1116,0.0852,0.3807,2.1075,154.264,162.903537,5.2182,65.747,355.89,368054.3538862204,0,0
2026-08-31T13:19:30Z,0.514,27.7948,8.55,1.1154,0.1278,0.2115,2.2132,154.276,162.914115,5.2078,65.603,410.68,368113.8745126179,-0.001,0
2026-08-31T13:19:30Z,0.514,27.7947,8.55,1.1231,0.1278,0.2115,2.0622,154.284,162.920937,5.1921,65.467,413.63,368155.382505864,-0.001,0
2026-08-31T13:19:30Z,0.514,27.7943,8.55,1.1231,0.1278,0.2115,2.1075,154.288,162.925822,5.1764,65.325,411.66,368191.3337333899,-0.001,0
2026-08-31T13:19:30Z,0.514,27.7936,8.55,1.1307,0.1278,0.2115,2.0773,154.294,162.934081,5.1631,65.175,424.38,368252.57209526,-0.001,0
2026-08-31T13:19:30Z,0.513,27.7929,8.64,1.1154,0.0426,0.423,1.9866,154.301,162.943907,5.1518,65.019,407.12,368322.92064858676,-0.001,0
2026-08-31T13:19:30Z,0.513,27.7926,8.64,1.1231,0.0426,0.423,2.1226,154.309,162.953913,5.1412,64.859,453.85,368386.73556236364,-0.001,0
2026-08-31T13:19:30Z,0.513,27.7927,8.64,1.1231,0.0426,0.423,2.0924,154.312,162.95874800000001,5.13,64.713,425.67,368412.92632548214,-0.001,0
2026-08-31T13:19:30Z,0.513,27.7933,8.64,1.1078,0.0426,0.423,2.0471,154.312,162.959702,5.1182,64.609,421.25,368407.0842806031,-0.001,0
2026-08-31T13:19:30Z,0.513,27.7941,8.64,1.1841,0.0426,0.423,2.0471,154.328,162.977074,5.1059,64.572,502.43,368492.8296899677,-0.001,0
2026-08-31T13:19:30Z,0.513,27.7947,8.73,1.165,0.0852,0.3384,2.0773,154.353,163.00347,5.0933,64.602,442.84,368634.8201409934,-0,0
2026-08-31T13:19:30Z,0.512,27.7951,8.73,1.1841,0.0852,0.3384,2.1075,154.36,163.009848,5.0818,64.678,479.71,368664.2918015759,-0,0
2026-08-31T13:19:30Z,0.512,27.7954,8.73,1.1956,0.0852,0.3384,2.0773,154.35,162.997909,5.0736,64.781,404.74,368589.21657321235,-0,0
2026-08-31T13:19:30Z,0.512,27.7956,8.73,1.1307,0.0852,0.3384,1.8205,154.339,162.984515,5.0707,64.883,516.04,368507.5957895725,0,0
2026-08-31T13:19:30Z,0.512,27.7955,8.55,1.1345,0.0426,0.1692,1.8205,154.326,162.970102,5.0731,64.952,434.55,368425.7592223487,0,0
2026-08-31T13:19:30Z,0.512,27.7953,8.55,1.1193,0.0426,0.1692,1.7601,154.309,162.950826,5.079,64.968,436.92,368317.58434533677,0.001,0
2026-08-31T13:19:30Z,0.513,27.7948,8.55,1.104,0.0426,0.1692,1.8809,154.298,162.937583,5.0871,64.919,452.87,368250.1529184817,0.001,0
2026-08-31T13:19:30Z,0.513,27.7943,8.55,1.1727,0.0426,0.1692,2.1528,154.299,162.938869,5.0952,64.795,433.89,368267.10436595744,0,0
2026-08-31T13:19:30Z,0.513,27.7938,8.55,1.1727,0.0852,0.2961,2.1377,154.31,162.951017,5.1007,64.603,499.06,368347.1472141421,0,0
2026-08-31T13:19:30Z,0.513,27.7934,8.55,1.2184,0.0852,0.2961,2.0622,154.323,162.965239,5.102,64.361,543.91,368437.35383107694,0,0
2026-08-31T13:19:30Z,0.513,27.7931,8.55,1.1841,0.0852,0.2961,2.0471,154.33,162.973303,5.0981,64.088,415.98,368489.8975199389,9.7633e-8,0
2026-08-31T13:19:30Z,0.513,27.793,8.55,1.2261,0.0852,0.2961,1.9111,154.325,162.96934,5.0884,63.805,472.67,368468.77004083147,1.2553e-7,0
2026-08-31T13:19:30Z,0.513,27.7931,8.55,1.2719,0.0852,0.2961,1.9413,154.308,162.952294,5.0734,63.526,681.68,368367.8446504733,1.6139e-7,0
2026-08-31T13:19:30Z,0.513,27.7934,8.55,1.2413,0.0852,0.423,1.8658,154.285,162.929645,5.0543,63.256,522.93,368230.6024392725,2.0751e-7,0
2026-08-31T13:19:30Z,0.513,27.7937,8.55,1.2299,0.0852,0.423,1.8054,154.27,162.9154,5.0329,62.999,438.63,368142.1908183447,2.6679e-7,0
2026-08-31T13:19:30Z,0.513,27.7941,8.55,1.207,0.0852,0.423,1.8205,154.271,162.917785,5.0106,62.764,833.25,368148.4559776718,3.4302e-7,0
2026-08-31T13:19:30Z,0.513,27.7944,8.55,1.207,0.0852,0.423,1.8205,154.28,162.929419,4.9886,62.559,450.51,368210.32635999273,4.4103e-7,0
2026-08-31T13:19:30Z,0.513,27.7948,8.55,1.1994,0.0852,0.3384,1.7752,154.29,162.941377,4.9674,62.396,533.14,368272.18746987986,5.6703e-7,0
2026-08-31T13:19:30Z,0.513,27.7953,8.55,1.1803,0.0852,0.3384,1.8809,154.296,162.948832,4.9472,62.282,640.18,368306.00252021896,7.2904e-7,0
2026-08-31T13:19:30Z,0.513,27.7958,8.55,1.1994,0.0852,0.3384,2.0622,154.295,162.949762,4.9287,62.216,906.95,368301.9202938671,9.3734e-7,0
2026-08-31T13:19:30Z,0.513,27.7963,8.55,1.1727,0.0852,0.3384,2.1075,154.281,162.936397,4.9126,62.19,621.68,368214.81975568377,0,0
2026-08-31T13:19:30Z,0.513,27.7968,8.55,1.1765,0.0852,0.2538,2.0471,154.262,162.917201,4.8997,62.203,449.04,368093.8784481792,0,0
2026-08-31T13:19:30Z,0.513,27.7974,8.55,1.1574,0.0852,0.2538,2.0471,154.259,162.915116,4.8907,62.256,988.02,368070.40016234625,0,0
2026-08-31T13:19:30Z,0.513,27.798,8.55,1.1765,0.0852,0.2538,1.896,154.261,162.91756,4.8854,62.344,508.14,368073.2160847529,0,0
2026-08-31T13:19:30Z,0.513,27.7985,8.55,1.1803,0.0852,0.2538,1.8658,154.257,162.913159,4.8833,62.446,849.89,368038.1898199997,0,0
2026-08-31T13:19:30Z,0.513,27.7988,8.55,1.1841,0.0852,0.2538,1.9111,154.256,162.912764,4.8843,62.529,448.26,368030.211025447,0,0
2026-08-31T13:19:30Z,0.513,27.799,8.55,1.165,0.0852,0.2538,1.9111,154.259,162.916272,4.8885,62.571,611.36,368046.78479539003,0,0
2026-08-31T13:19:30Z,0.513,27.7991,8.55,1.1879,0.0852,0.2538,1.8507,154.267,162.924618,4.8954,62.567,585.23,368093.34118762834,0,0
2026-08-31T13:19:30Z,0.514,27.7992,8.55,1.207,0.0852,0.2538,1.8054,154.289,162.948045,4.9034,62.532,505.83,368227.46804237546,0,0
2026-08-31T13:19:30Z,0.514,27.7992,8.55,1.1498,0.0852,0.2538,1.8507,154.321,162.980772,4.9099,62.493,656.52,368417.5401939299,0,0
2026-08-31T13:19:30Z,0.514,27.7993,8.73,1.1803,0.0426,0.2961,1.8507,154.343,163.003466,4.9132,62.473,606.2,368547.47987108567,0,0
2026-08-31T13:19:30Z,0.514,27.7993,8.73,1.1879,0.0426,0.2961,1.8507,154.353,163.014159,4.9129,62.492,729.49,368609.60900415626,0,0
2026-08-31T13:19:30Z,0.514,27.7993,8.73,1.1612,0.0426,0.2961,1.8507,154.348,163.007685,4.9102,62.569,770.89,368571.99260314147,0,0
2026-08-31T13:19:30Z,0.514,27.7992,8.73,1.1879,0.0426,0.2961,1.8205,154.32,162.978309,4.9071,62.721,650.14,368403.23347690515,0,0
2026-08-31T13:19:30Z,0.514,27.7991,8.55,1.1727,0.0852,0.1269,1.8205,154.294,162.950268,4.9056,62.966,587.27,368242.27322231495,0,0
2026-08-31T13:19:30Z,0.514,27.799,8.55,1.1612,0.0852,0.1269,1.8507,154.28,162.93613,4.9071,63.309,956.75,368162.074675608,0,0
2026-08-31T13:19:30Z,0.514,27.7988,8.55,1.1994,0.0852,0.1269,1.8507,154.276,162.932125,4.9131,63.75,540.49,368142.6125527298,0,0
2026-08-31T13:19:30Z,0.514,27.7986,8.55,1.1727,0.0852,0.1269,1.8507,154.287,162.945202,4.9251,64.289,954.46,368222.3364533063,0,0
2026-08-31T13:19:30Z,0.514,27.7985,8.55,1.1727,0,0.2961,1.8205,154.302,162.962814,4.9443,64.917,532.68,368326.51327880786,0,0
2026-08-31T13:19:30Z,0.514,27.7986,8.55,1.165,0,0.2961,1.8809,154.31,162.97362,4.9712,65.608,842.91,368387.37993749836,0,0
2026-08-31T13:19:30Z,0.514,27.7988,8.55,1.1765,0,0.2961,1.8809,154.318,162.984511,5.0059,66.32,674.9,368446.84886523016,0,0
2026-08-31T13:19:30Z,0.514,27.7991,8.55,1.1727,0,0.2961,1.8809,154.322,162.990375,5.0482,67.007,735.86,368475.221470101,0,0
2026-08-31T13:19:30Z,0.514,27.7997,8.55,1.1765,0,0.2961,1.7903,154.319,162.988766,5.0974,67.629,718.33,368454.48973707616,0,0
2026-08-31T13:19:30Z,0.514,27.8003,8.64,1.1231,0.1278,0.3807,1.9715,154.321,162.991282,5.1516,68.156,570.05,368457.7207562533,0,0
2026-08-31T13:19:30Z,0.515,27.801,8.64,1.1231,0.1278,0.3807,1.8507,154.328,162.998594,5.2074,68.558,565.48,368486.91411892587,0,0
2026-08-31T13:19:30Z,0.515,27.8017,8.64,1.1307,0.1278,0.3807,1.8356,154.326,162.996616,5.2613,68.81,833.07,368462.1416501843,0,0
2026-08-31T13:19:30Z,0.515,27.8021,8.64,1.1193,0.1278,0.3807,1.8205,154.318,162.98883,5.3102,68.899,744.55,368409.32705994055,0,0
2026-08-31T13:19:30Z,0.515,27.8023,8.64,1.1154,0.0852,0.3384,2.0924,154.313,162.985185,5.3515,68.816,663.41,368384.3622059815,0,0
2026-08-31T13:19:30Z,0.515,27.8024,8.64,1.1269,0.0852,0.3384,2.1377,154.312,162.98471,5.383,68.568,716.3,368379.70644658234,0,0
2026-08-31T13:19:30Z,0.515,27.8026,8.64,1.1231,0.0852,0.3384,2.1075,154.317,162.991287,5.4028,68.169,806.88,368414.11250576563,0,0
2026-08-31T13:19:30Z,0.515,27.8028,8.64,1.1193,0.0852,0.3384,2.1075,154.323,162.998652,5.4098,67.643,1440.1,368453.0974368188,0,0
2026-08-31T13:19:30Z,0.515,27.8032,8.64,1.1574,0.0852,0.3384,2.0471,154.309,162.984717,5.4032,67.016,655.81,368364.5719798236,0,0
2026-08-31T13:19:30Z,0.515,27.8036,8.64,1.207,0.0852,0.3384,2.0773,154.275,162.949773,5.3837,66.322,1360.4,368154.0773047254,0,0
2026-08-31T13:19:30Z,0.515,27.804,8.64,1.1612,0.0852,0.3384,2.1075,154.243,162.916574,5.3524,65.599,670.07,367953.78685928474,0,0
2026-08-31T13:19:30Z,0.515,27.8044,8.64,1.1498,0.0852,0.3384,2.0169,154.227,162.900321,5.311,64.882,860.3,367851.8901177321,0,0
2026-08-31T13:19:30Z,0.515,27.8047,8.64,1.1765,0.0852,0.3384,2.1226,154.227,162.900688,5.2617,64.196,1076.6,367848.337262502,0,0
2026-08-31T13:19:30Z,0.515,27.8049,8.64,1.1956,0.0852,0.423,2.2283,154.232,162.905746,5.2072,63.562,677.25,367873.8989669269,0,0
2026-08-31T13:19:30Z,0.515,27.8051,8.64,1.1727,0.0852,0.423,2.0773,154.242,162.916844,5.1504,62.994,824.97,367934.512922989,0,0
2026-08-31T13:19:30Z,0.515,27.8052,8.64,1.1727,0.0852,0.423,2.0471,154.269,162.94496,5.0941,62.5,868.57,368095.8073720466,0,0
2026-08-31T13:19:30Z,0.515,27.8053,8.64,1.1727,0.0852,0.423,2.1377,154.3,162.977547,5.0403,62.07,1081.5,368283.1055856132,0,0
2026-08-31T13:19:30Z,0.516,27.8053,8.64,1.165,0.0852,0.3384,2.0924,154.31,162.987214,4.9905,61.696,853.23,368339.2413275576,0,0
2026-08-31T13:19:30Z,0.516,27.8053,8.64,1.1994,0.0852,0.3384,2.1981,154.297,162.972529,4.9459,61.373,952.19,368253.967870418,0,0
2026-08-31T13:19:30Z,0.516,27.8052,8.64,1.1917,0.0852,0.3384,2.0773,154.276,162.949622,4.9071,61.089,857.5,368122.8701674988,0,0
2026-08-31T13:19:30Z,0.516,27.8051,8.64,1.1078,0.0852,0.3384,2.1377,154.249,162.920401,4.8733,60.832,821.92,367955.15554508223,0,0
2026-08-31T13:19:30Z,0.516,27.805,8.55,1.1345,0.0426,0.3807,2.0924,154.219,162.889101,4.844,60.596,895.59,367775.4247341876,0,0
2026-08-31T13:19:30Z,0.516,27.8048,8.55,1.1307,0.0426,0.3807,2.0471,154.203,162.871429,4.8186,60.384,574.65,367676.6895036113,0,0
2026-08-31T13:19:30Z,0.516,27.8045,8.55,1.104,0.0426,0.3807,2.1377,154.202,162.870691,4.7963,60.2,708.56,367678.08813144796,0,0
2026-08-31T13:19:30Z,0.516,27.8043,8.55,1.1154,0.0426,0.3807,1.8205,154.209,162.878671,4.7762,60.039,1045.9,367728.1687176541,0,0
2026-08-31T13:19:30Z,0.516,27.8042,8.64,1.1193,0.1278,0.1692,1.9262,154.223,162.893489,4.7577,59.896,785.26,367816.0352028153,0,0
2026-08-31T13:19:30Z,0.516,27.8041,8.64,1.1078,0.1278,0.1692,1.6694,154.239,162.911079,4.7411,59.774,1147.3,367920.001549667,0,0
2026-08-31T13:19:30Z,0.516,27.8041,8.64,1.104,0.1278,0.1692,1.8507,154.243,162.916086,4.7267,59.674,608.58,367949.0596491214,-0.001,0
2026-08-31T13:19:30Z,0.516,27.8042,8.64,1.1002,0.1278,0.1692,2.0773,154.233,162.905837,4.714,59.587,951.57,367887.6867799512,-0.002,0
2026-08-31T13:19:30Z,0.516,27.8043,8.64,1.1078,0.1278,0.1692,2.0924,154.225,162.897644,4.7027,59.499,660.1,367838.2503230703,-0.004,0
2026-08-31T13:19:30Z,0.515,27.8045,8.64,1.1078,0.0852,0.3807,1.9715,154.229,162.901348,4.6932,59.398,972.26,367855.9553047571,-0.006,0
2026-08-31T13:19:30Z,0.513,27.8046,8.64,1.1269,0.0852,0.3807,2.032,154.24,162.913928,4.6853,59.277,767.21,367927.0637258893,-0.01,0
2026-08-31T13:19:30Z,0.51,27.8048,8.64,1.1841,0.0852,0.3807,1.9715,154.253,162.926712,4.6785,59.147,778.46,367997.46937492257,-0.015,0
2026-08-31T13:19:30Z,0.507,27.8049,8.64,1.1727,0.0852,0.3807,1.9866,154.265,162.939101,4.6716,59.034,837.25,368067.48577063566,-0.02,0
2026-08-31T13:19:30Z,0.501,27.805,8.55,1.1879,0.0852,0.1692,2.1528,154.273,162.946379,4.6637,58.976,616.83,368107.83997698844,-0.028,0
2026-08-31T13:19:30Z,0.494,27.805,8.55,1.1879,0.0852,0.1692,2.0773,154.261,162.930444,4.6542,59.026,921.65,368015.345878564,-0.037,0
2026-08-31T13:19:30Z,0.484,27.805,8.55,1.165,0.0852,0.1692,2.1377,154.239,162.903082,4.6439,59.255,377.47,367856.55661352584,-0.049,0
2026-08-31T13:19:30Z,0.472,27.8047,8.55,1.1803,0.0852,0.1692,2.0169,154.236,162.893077,4.635,59.757,316.34,367804.18978336616,-0.063,0
2026-08-31T13:19:30Z,0.455,27.8042,8.55,1.165,0.0426,0.423,2.032,154.242,162.889742,4.6305,60.645,294.39,367794.31451276486,-0.079,0
2026-08-31T13:19:30Z,0.434,27.8034,8.55,1.1574,0.0426,0.423,2.0471,154.232,162.868134,4.6346,62.048,353.96,367684.1084130687,-0.097,0
2026-08-31T13:19:30Z,0.407,27.802,8.55,1.0201,0.0426,0.423,2.1377,154.22,162.842537,4.6527,64.185,384.26,367562.1404760069,-0.113,0
2026-08-31T13:19:30Z,0.373,27.7997,8.55,0.9857,0.0426,0.423,2.0018,154.225,162.834186,4.6923,67.354,674.46,367557.2468925405,-0.125,0
2026-08-31T13:19:30Z,0.336,27.7967,8.55,1.0086,0.0426,0.423,2.0169,154.239,162.836844,4.7622,71.621,390.83,367629.46819254855,-0.132,0
2026-08-31T13:19:30Z,0.296,27.793,8.46,1.0201,0.1278,0.3384,2.0773,154.253,162.843201,4.8728,76.596,475.04,367736.4269977006,-0.131,0
2026-08-31T13:19:30Z,0.259,27.7889,8.46,0.8866,0.1278,0.3384,2.0773,154.267,162.850945,5.041,81.711,642.27,367859.0482902199,-0.123,0
2026-08-31T13:19:30Z,0.226,27.7845,8.46,0.837,0.1278,0.3384,1.9715,154.272,162.850112,5.2903,86.485,1980.8,367937.59909172315,-0.11,0
2026-08-31T13:19:30Z,0.2,27.7806,8.46,0.8904,0.1278,0.3384,2.1075,154.267,162.840481,5.6258,90.502,1251.3,367955.6040620468,-0.094,0
2026-08-31T13:19:30Z,0.181,27.7776,8.64,0.856,0.0852,0.2538,2.1528,154.264,162.835518,6.0169,93.422,449.92,367983.65642595454,-0.078,0
2026-08-31T13:19:30Z,0.166,27.7753,8.64,0.8141,0.0852,0.2538,1.8356,154.275,162.845926,6.4189,95.105,1143.1,368087.71412747866,-0.064,0
2026-08-31T13:19:30Z,0.153,27.7734,8.64,0.8026,0.0852,0.2538,1.8054,154.295,162.866464,6.7942,95.656,277.01,368243.06409927184,-0.054,0
2026-08-31T13:19:30Z,0.142,27.7722,8.64,0.8217,0.0852,0.2538,1.7601,154.307,162.878554,7.1099,95.333,246.72,368336.085903587,-0.047,0
2026-08-31T13:19:30Z,0.131,27.7715,9.18,0.8179,0.1278,1.0152,1.8507,154.306,162.877404,7.3394,94.413,228.55,368342.6897033356,-0.043,0
2026-08-31T13:19:30Z,0.12,27.7712,9.18,0.8293,0.1278,1.0152,1.9413,154.297,162.866715,7.4716,93.145,247.9,368286.27203703905,-0.039,0
2026-08-31T13:19:30Z,0.11,27.7711,9.18,0.8103,0.1278,1.0152,1.8205,154.279,162.847646,7.5149,91.795,264.31,368177.3770698895,-0.035,0
2026-08-31T13:19:30Z,0.1,27.7709,9.18,0.7874,0.1278,1.0152,1.8054,154.253,162.819121,7.4896,90.595,306.47,368015.4728583501,-0.03,0
2026-08-31T13:19:30Z,0.093,27.7708,7.29,0.8103,0.0852,1.3959,1.8205,154.227,162.791572,7.4173,89.639,302.96,367857.38195442024,-0.024,0
2026-08-31T13:19:30Z,0.087,27.7706,7.29,0.7492,0.0852,1.3959,1.9262,154.222,162.787722,7.3177,88.889,296.32,367838.81881642475,-0.017,0
2026-08-31T13:19:30Z,0.084,27.7703,7.29,0.7492,0.0852,1.3959,1.8507,154.235,162.804537,7.2117000000000004,88.26,293.62,367942.15107572405,-0.01,0
2026-08-31T13:19:30Z,0.083,27.7701,7.29,0.734,0.0852,1.3959,1.8809,154.239,162.812427,7.1174,87.662,271.35,367991.7664087927,-0.004,0
2026-08-31T13:19:30Z,0.083,27.7701,7.29,0.7569,0.0852,1.3959,1.7903,154.225,162.80147,7.0423,86.954,245.59,367928.13095666975,0.001,0
2026-08-31T13:19:30Z,0.085,27.7706,8.1,0.753,0,-0.3807,1.7752,154.216,162.798809,6.9834,85.964,227.31,367903.1998049179,0.004,0
2026-08-31T13:19:30Z,0.087,27.7714,8.1,0.8217,0,-0.3807,2.0471,154.231,162.821777,6.9338,84.584,196.13,368021.4240540754,0.006,0
2026-08-31T13:19:30Z,0.089,27.7725,8.1,0.8065,0,-0.3807,2.0471,154.25,162.85044,6.8867,82.817,182.64,368167.06192624196,0.007,0
2026-08-31T13:19:30Z,0.091,27.7741,8.1,0.8026,0,-0.3807,1.9866,154.253,162.862374,6.8308,80.76,187.67,368206.044068507,0.007,0
2026-08-31T13:19:30Z,0.092,27.776,8.46,0.8026,0,0.6768,2.0622,154.244,162.860765,6.7529,78.56,197.93,368160.65879244846,0.006,0
2026-08-31T13:19:30Z,0.094,27.7784,8.46,0.795,0,0.6768,1.8809,154.232,162.8532,6.6442,76.386,204.62,368071.2067385904,0.006,0
2026-08-31T13:19:30Z,0.095,27.7812,8.46,0.8217,0,0.6768,1.7752,154.214,162.837662,6.5051,74.392,207.98,367927.899827506,0.005,0
2026-08-31T13:19:30Z,0.097,27.784,8.46,0.8026,0,0.6768,1.8507,154.196,162.822035,6.3432,72.664,208.52,367784.1262437336,0.005,0
2026-08-31T13:19:30Z,0.098,27.7864,8.28,0.8103,0.1278,0.4653,1.8507,154.194,162.822196,6.1701,71.224,205.15,367739.5987174146,0.004,0
2026-08-31T13:19:30Z,0.098,27.7881,8.28,1.001,0.1278,0.4653,1.7601,154.207,162.838188,5.9992,70.045,201.84,367800.21251326526,0.004,0
2026-08-31T13:19:30Z,0.099,27.7893,8.28,1.0086,0.1278,0.4653,1.8507,154.224,162.858241,5.8424,69.086,201.4,367893.87419618096,0.004,0
2026-08-31T13:19:30Z,0.1,27.7902,8.28,1.001,0.1278,0.4653,1.7903,154.237,162.875674,5.7067,68.298,202.94,367978.0211613331,0.003,0
2026-08-31T13:19:30Z,0.101,27.791,8.28,0.9781,0.1278,0.4653,1.8205,154.245,162.88712,5.5935,67.624,203.55,368029.3107811682,0.003,0
2026-08-31T13:19:30Z,0.102,27.7918,8.55,0.9857,0.0426,0.423,1.8507,154.243,162.887612,5.5008,67.032,196.17,368017.00363256113,0.003,0
2026-08-31T13:19:30Z,0.102,27.7926,8.55,0.9934,0.0426,0.423,1.7903,154.231,162.877282,5.4254,66.523,191.54,367941.87295651925,0.004,0
2026-08-31T13:19:30Z,0.103,27.7935,8.55,0.9857,0.0426,0.423,1.7449,154.213,162.861393,5.3634,66.1,192.79,367832.5958595222,0.004,0
2026-08-31T13:19:30Z,0.104,27.7946,8.55,1.0124,0.0426,0.423,1.8507,154.198,162.847736,5.3105,65.735,190.5,367732.50604101794,0.003,0
2026-08-31T13:19:30Z,0.105,27.7956,8.46,1.0773,0.1278,0.2115,1.7903,154.193,162.844696,5.2639,65.399,191.33,367695.92924334714,0.003,0
2026-08-31T13:19:30Z,0.106,27.7966,8.46,1.0582,0.1278,0.2115,1.7449,154.19,162.843443,5.2238,65.08,195.07,367669.7238263319,0.003,0
2026-08-31T13:19:30Z,0.106,27.7974,8.46,1.0201,0.1278,0.2115,1.9111,154.178,162.831617,5.1905,64.779,195.24,367585.9711165014,0.003,0
2026-08-31T13:19:30Z,0.107,27.7982,8.46,1.0468,0.1278,0.2115,1.8205,154.168,162.8221,5.1618,64.497,198.01,367515.6247731041,0.003,0
2026-08-31T13:19:30Z,0.108,27.7988,8.46,0.8789,0.0852,0.3807,1.7601,154.166,162.820372,5.1353,64.221,200.92,367494.2468442462,0.003,0
2026-08-31T13:19:30Z,0.109,27.7994,8.46,0.8446,0.0852,0.3807,1.8205,154.155,162.809937,5.1102,63.943,203.6,367422.3751644701,0.003,0
2026-08-31T13:19:30Z,0.109,27.7998,8.46,0.9018,0.0852,0.3807,1.8205,154.137,162.792022,5.0865,63.689,208.25,367310.92698158993,0.003,0
2026-08-31T13:19:30Z,0.11,27.8002,8.46,0.8713,0.0852,0.3807,1.8507,154.123,162.777883,5.0644,63.484,210.66,367221.3902753525,0.003,0
2026-08-31T13:19:30Z,0.111,27.8005,8.55,0.8141,0.0852,0.2115,1.7449,154.101,162.755733,5.0427,63.331,207.85,367087.3273052218,0.003,0
2026-08-31T13:19:30Z,0.112,27.8007,8.55,0.8141,0.0852,0.2115,1.8507,154.054,162.707639,5.0208,63.234,206.27,366804.87291143934,0.003,0
2026-08-31T13:19:30Z,0.113,27.8009,8.55,0.8255,0.0852,0.2115,1.8809,153.974,162.624784,5.0008,63.215,204.62,366321.31212602137,0.003,0
2026-08-31T13:19:30Z,0.114,27.8011,8.55,0.7912,0.0852,0.2115,1.9111,153.844,162.489084,4.9847,63.314,206.27,365532.58716144454,0.004,0
2026-08-31T13:19:30Z,0.115,27.8014,8.55,0.8293,0.0852,0.2115,1.8809,153.622,162.256333,4.9727,63.568,202.32,364183.01397596986,0.004,0
2026-08-31T13:19:30Z,0.116,27.8019,8.55,0.8141,0.0852,0.3807,1.7903,153.235,161.848429,4.965,63.95,200.87,361825.70991760184,0.005,0
2026-08-31T13:19:30Z,0.117,27.8026,8.55,0.7874,0.0852,0.3807,1.7601,152.584,161.160607,4.9635,64.351,202.58,357874.63844665175,0.006,0
2026-08-31T13:19:30Z,0.119,27.8033,8.55,0.8217,0.0852,0.3807,1.8658,151.507,160.021474,4.9712,64.666,204.31,351397.8230262605,0.007,0
2026-08-31T13:19:30Z,0.121,27.8039,8.55,0.7645,0.0852,0.3807,1.8658,149.715,158.127262,4.9911,64.857,204,340797.62425664696,0.009,0
2026-08-31T13:19:30Z,0.123,27.8043,8.55,0.7378,0.1278,0.5076,1.7903,146.727,154.968838,5.0211,64.936,212.13,323572.27370681596,0.011,0
2026-08-31T13:19:30Z,0.125,27.8046,8.55,0.7721,0.1278,0.5076,1.8507,141.741,149.699947,5.0526,64.942,222.04,296047.95915582555,0.014,0
2026-08-31T13:19:30Z,0.129,27.8049,8.55,0.7378,0.1278,0.5076,1.9111,133.433,140.919559,5.0773,64.935,233.62,253458.68558769958,0.018,0
2026-08-31T13:19:30Z,0.133,27.8054,8.55,0.7378,0.1278,0.5076,1.8356,119.596,126.294257,5.0922,64.99,239.48,191274.16440420825,0.023,0
2026-08-31T13:19:30Z,0.139,27.8063,8.37,0.7569,0.1278,0.3384,1.8809,96.554,101.939996,5.0983,65.201,233.77,110384.9743202719,0.031,0
2026-08-31T13:19:30Z,0.147,27.8081,8.37,0.753,0.1278,0.3384,1.8658,58.169,61.366315,5.0986,65.673,237.82,30278.525188395808,0.04,0
2026-08-31T13:19:30Z,0.157,27.811,8.37,0.753,0.1278,0.3384,1.8356,-5.825,-6.286522,5.0978,66.516,246.18,NA,0.05,0
2026-08-31T13:19:30Z,0.171,27.8154,8.37,0.8332,0.1278,0.3384,1.8205,-112.504,-119.091339,5.1017,67.824,242.94,NA,0.06,0
2026-08-31T13:19:30Z,0.188,27.8225,8.37,0.8293,0.1278,0.3384,1.7601,-290.266,-307.105364,5.1176,69.641,259.64,NA,0.069,0
2026-08-31T13:19:30Z,0.209,27.8337,8.55,0.8141,0.0426,0.2961,1.8054,-401.345,-424.582744,5.1536,71.907,550.57,NA,0.074,0
2026-08-31T13:19:30Z,0.232,27.8495,8.55,0.7874,0.0426,0.2961,1.9111,-290.253,-307.019972,5.2183,74.43,669.93,NA,0.076,0
2026-08-31T13:19:30Z,0.255,27.8667,8.55,0.9362,0.0426,0.2961,2.1377,-112.524,-118.961926,5.3193,76.933,612.96,NA,0.074,0
2026-08-31T13:19:30Z,0.274,27.881,8.55,0.94,0.0426,0.2961,2.0773,-5.879,-6.11465,5.4606,79.149,366.64,NA,0.069,0
2026-08-31T13:19:30Z,0.29,27.8925,8.64,0.9285,0.0852,0.2115,2.1226,58.125,61.610455,5.6372,80.894,316.34,30455.65610793261,0.063,0
2026-08-31T13:19:30Z,0.304,27.9041,8.64,0.9514,0.0852,0.2115,2.1075,96.534,102.249363,5.8336,82.089,295.99,110692.28811510238,0.057,0
2026-08-31T13:19:30Z,0.316,27.9152,8.64,0.8637,0.0852,0.2115,1.8356,119.59,126.643125,6.0285,82.749,282.18,191553.05783304686,0.053,0
2026-08-31T13:19:30Z,0.327,27.9234,8.64,0.8637,0.0852,0.2115,1.8809,133.433,141.29073,6.2013,82.972,298.06,253629.5180773682,0.051,0
2026-08-31T13:19:30Z,0.339,27.9279,8.55,0.8866,0.0852,0.2115,1.896,141.747,150.088183,6.3374,82.938,299.29,296142.361516302,0.053,0
2026-08-31T13:19:30Z,0.352,27.9298,8.55,0.8637,0.0852,0.2115,1.8205,146.771,155.403521,6.4309,82.865,403.6,323813.4717201307,0.055,0
2026-08-31T13:19:30Z,0.367,27.9306,8.55,0.9323,0.0852,0.2115,2.1075,149.81,158.618087,6.4826,82.909,1121,341291.4308907803,0.058,0
2026-08-31T13:19:30Z,0.383,27.9312,8.55,0.9362,0.0852,0.2115,2.0471,151.619,160.532971,6.5,83.087,1242.9,351968.2634069881,0.059,0
2026-08-31T13:19:30Z,0.4,27.932,8.55,0.9285,0.0852,0.2115,2.0471,152.708,161.686872,6.4972,83.331,873.68,358491.1189518572,0.059,0
2026-08-31T13:19:30Z,0.416,27.9322,8.55,0.9476,0.0852,0.3384,2.032,153.394,162.413557,6.4915,83.551,886.49,362642.1286392678,0.058,0
2026-08-31T13:19:30Z,0.431,27.932,8.55,0.9362,0.0852,0.3384,2.0471,153.823,162.868721,6.4949,83.679,955.5,365263.10859147325,0.056,0
2026-08-31T13:19:30Z,0.444,27.9322,8.55,0.9362,0.0852,0.3384,2.0773,154.07,163.135657,6.5089,83.67,921.85,366799.60413648526,0.055,0
2026-08-31T13:19:30Z,0.456,27.9327,8.55,0.9438,0.0852,0.3384,2.1075,154.207,163.289557,6.5279,83.499,1157.6,367679.973330306,0.054,0
2026-08-31T13:19:30Z,0.469,27.9329,8.46,0.9362,0.0426,0.423,2.0622,154.298,163.395514,6.5451,83.169,1200.1,368289.55746982695,0.055,0
2026-08-31T13:19:30Z,0.483,27.9335,8.46,1.001,0.0426,0.423,2.0773,154.366,163.477776,6.5551,82.709,1576.7,368754.8135816537,0.057,0
2026-08-31T13:19:30Z,0.497,27.9352,8.46,1.001,0.0426,0.423,2.0773,154.409,163.534225,6.5541,82.146,1065.4,369049.84117428353,0.06,0
2026-08-31T13:19:30Z,0.514,27.9379,8.46,1.0124,0.0426,0.423,2.1981,154.44,163.579915,6.5404,81.474,1506.7,369263.6003773918,0.064,0
2026-08-31T13:19:30Z,0.531,27.9412,8.64,0.9857,0.0852,0.4653,2.0773,154.466,163.623021,6.5142,80.671,964.89,369451.02651268593,0.067,0
2026-08-31T13:19:30Z,0.549,27.9447,8.64,1.0506,0.0852,0.4653,2.0471,154.477,163.650985,6.4778,79.739,1009.1,369546.81861075445,0.07,0
2026-08-31T13:19:30Z,0.567,27.9483,8.64,1.062,0.0852,0.4653,2.1075,154.474,163.663247,6.4333,78.703,1227.8,369549.6005634116,0.073,0
2026-08-31T13:19:30Z,0.585,27.9524,8.64,1.0697,0.0852,0.4653,2.0773,154.48,163.683121,6.3802,77.613,1031.5,369587.0501051668,0.076,0
2026-08-31T13:19:30Z,0.605,27.9573,8.64,1.0659,0.0852,0.2961,2.0471,154.497,163.711901,6.3168,76.545,1547.2,369660.9734311669,0.078,0
2026-08-31T13:19:30Z,0.626,27.9626,8.64,1.1193,0.0852,0.2961,2.1226,154.507,163.729196,6.2432,75.591,982.45,369660.6573045285,0.081,0
2026-08-31T13:19:30Z,0.647,27.9677,8.64,1.1002,0.0852,0.2961,2.0773,154.537,163.763675,6.1616,74.805,1354.3,369763.82678852894,0.082,0
2026-08-31T13:19:30Z,0.669,27.972,8.64,1.1154,0.0852,0.2961,2.0622,154.613,163.840568,6.0757,74.213,958.83,370128.3444577283,0.083,0
2026-08-31T13:19:30Z,0.69,27.9755,8.64,1.1307,0.0852,0.2961,2.0924,154.682,163.902203,5.9918,73.851,1406.1,370419.62690075184,0.083,0
2026-08-31T13:19:30Z,0.711,27.9778,8.82,1.1574,0.0426,0.3807,2.0622,154.707,163.91089,5.9168,73.761,805.13,370426.3080094767,0.083,0
2026-08-31T13:19:30Z,0.732,27.9785,8.82,1.1078,0.0426,0.3807,2.0622,154.735,163.919059,5.8553,73.94,1150.3,370460.4214200196,0.082,0
2026-08-31T13:19:30Z,0.753,27.9773,8.82,1.1307,0.0426,0.3807,2.0471,154.774,163.940916,5.8091,74.333,897.73,370610.19743742474,0.081,0
2026-08-31T13:19:30Z,0.774,27.9736,8.82,1.1307,0.0426,0.3807,2.1377,154.789,163.936181,5.7811,74.884,752.52,370653.11777672014,0.081,0
2026-08-31T13:19:30Z,0.794,27.9677,8.64,1.1231,0.0852,0.423,1.8205,154.802,163.925644,5.7746,75.54,835.07,370704.2248440434,0.081,0
2026-08-31T13:19:30Z,0.815,27.9611,8.64,1.1421,0.0852,0.423,1.7752,154.867,163.960615,5.7893,76.213,977.34,371033.2389533018,0.082,0
2026-08-31T13:19:30Z,0.835,27.9547,8.64,1.1078,0.0852,0.423,1.8507,154.969,164.020353,5.8208,76.806,1249.9,371502.8263240691,0.083,0
2026-08-31T13:19:30Z,0.856,27.9481,8.64,1.1269,0.0852,0.423,1.8809,155.066,164.058643,5.8646,77.284,1404.9,371851.7879840723,0.083,0
2026-08-31T13:19:30Z,0.877,27.9401,8.64,1.1421,0.0426,0.3807,2.032,155.154,164.085691,5.9169,77.648,1092.6,372162.2950282646,0.084,0
2026-08-31T13:19:30Z,0.899,27.9292,8.64,1.0964,0.0426,0.3807,2.1226,155.225,164.102691,5.9707,77.917,841.08,372469.9710748681,0.085,0
2026-08-31T13:19:30Z,0.922,27.9135,8.64,1.1307,0.0426,0.3807,2.0773,155.264,164.096133,6.0188,78.122,846.39,372732.41087519436,0.085,0
2026-08-31T13:19:30Z,0.944,27.893,8.64,1.146,0.0426,0.3807,2.0622,155.297,164.094333,6.0585,78.253,768.05,373114.98668055516,0.084,0
2026-08-31T13:19:30Z,0.965,27.8716,8.64,1.001,0.0426,0.3807,1.7903,155.346,164.11886,6.0893,78.276,835.07,373669.37983747286,0.083,0
2026-08-31T13:19:30Z,0.986,27.8528,8.82,0.9934,0.0852,0.4653,1.8205,155.393,164.142178,6.1125,78.198,792.46,374167.5635809916,0.081,0
2026-08-31T13:19:30Z,1.007,27.8376,8.82,0.9857,0.0852,0.4653,1.7752,155.428,164.144444,6.1302,78.054,770.39,374473.6528357508,0.08,0
2026-08-31T13:19:30Z,1.027,27.8258,8.82,0.9934,0.0852,0.4653,1.9262,155.47,164.1423,6.1417,77.874,766.38,374688.59750806354,0.078,0
2026-08-31T13:19:30Z,1.046,27.8168,8.82,1.0659,0.0852,0.4653,1.8507,155.51,164.127152,6.1445,77.717,775.76,374773.3546141535,0.077,0
2026-08-31T13:19:30Z,1.066,27.8082,8.73,1.0392,0.0852,0.2538,1.8507,155.534,164.082931,6.1393,77.66,909.51,374679.808278629,0.076,0
2026-08-31T13:19:30Z,1.084,27.797,8.73,1.0506,0.0852,0.2538,1.7449,155.549,164.027909,6.1292,77.727,780.33,374573.01391988376,0.076,0
2026-08-31T13:19:30Z,1.103,27.7822,8.73,1.0582,0.0852,0.2538,1.7601,155.563,163.983489,6.1167,77.865,701.05,374597.8568593914,0.077,0
2026-08-31T13:19:30Z,1.122,27.7636,8.73,1.1154,0.0852,0.2538,2.0622,155.589,163.963884,6.1063,78.005,674.02,374841.81399206957,0.078,0
2026-08-31T13:19:30Z,1.142,27.7415,8.64,1.1345,0,0.2538,2.1528,155.622,163.961857,6.1043,78.088,848.79,375257.0616044639,0.08,0
2026-08-31T13:19:30Z,1.163,27.7189,8.64,1.1231,0,0.2538,2.0924,155.653,163.962837,6.112,78.084,664.42,375700.3042048882,0.081,0
2026-08-31T13:19:30Z,1.185,27.6996,8.64,1.1154,0,0.2538,2.0622,155.693,163.971093,6.1249,77.997,658.67,376123.08924724004,0.081,0
2026-08-31T13:19:30Z,1.206,27.6847,8.64,1.1727,0,0.2538,2.2132,155.737,163.980808,6.1376,77.828,748.77,376469.59753097256,0.081,0
2026-08-31T13:19:30Z,1.227,27.6729,8.64,1.1689,0.0852,0.3384,2.2737,155.784,163.988556,6.1454,77.59,687.78,376744.60371128446,0.079,0
2026-08-31T13:19:30Z,1.247,27.6627,8.64,1.1879,0.0852,0.3384,2.2435,155.839,164.000411,6.1462,77.357,618.85,377012.9810988212,0.077,0
2026-08-31T13:19:30Z,1.267,27.652,8.64,1.1879,0.0852,0.3384,2.3039,155.89,164.007505,6.1405,77.229,643.39,377263.1697383191,0.075,0
2026-08-31T13:19:30Z,1.285,27.6399,8.64,1.1956,0.0852,0.3384,2.4096,155.928,164.003706,6.1285,77.269,713.04,377476.41147035774,0.074,0
2026-08-31T13:19:30Z,1.303,27.6265,8.64,1.1078,0.0852,0.3384,2.2132,155.956,163.996019,6.1112,77.481,677.54,377692.1606095816,0.074,0
2026-08-31T13:19:30Z,1.321,27.6119,8.73,1.146,0.0852,0.3807,2.2737,155.978,163.988406,6.0944,77.813,736.66,377931.9445138378,0.074,0
2026-08-31T13:19:30Z,1.34,27.596800000000002,8.73,1.1002,0.0852,0.3807,2.2586,155.998,163.978835,6.086,78.189,644.51,378170.10608282377,0.077,0
2026-08-31T13:19:30Z,1.359,27.5829,8.73,1.0964,0.0852,0.3807,2.2737,156.019,163.968763,6.0907,78.533,713.19,378382.04811805295,0.08,0
2026-08-31T13:19:30Z,1.38,27.5711,8.73,1.2719,0.0852,0.3807,2.7269,156.048,163.959513,6.1087,78.756,679.9,378557.9528504552,0.084,0
2026-08-31T13:19:30Z,1.402,27.5611,8.73,1.2413,0.0852,0.3384,2.7722,156.076,163.938592,6.136,78.765,638.24,378629.4680703343,0.089,0
2026-08-31T13:19:30Z,1.426,27.5515,8.73,1.2528,0.0852,0.3384,2.7269,156.095,163.894407,6.1666,78.518,589.19,378555.0776563603,0.093,0
2026-08-31T13:19:30Z,1.451,27.5411,8.73,1.2223,0.0852,0.3384,2.6966,156.121,163.845241,6.1949,78.029,624.93,378466.7440723223,0.095,0
2026-08-31T13:19:30Z,1.476,27.5284,8.73,1.3596,0.0852,0.3384,2.9686,156.167,163.808046,6.2138,77.348,607.39,378494.4586363282,0.097,0
2026-08-31T13:19:30Z,1.502,27.5121,8.91,1.3443,0.0426,0.2961,3.0139,156.222,163.776908,6.2163,76.541,551.88,378628.6470653976,0.097,0
2026-08-31T13:19:30Z,1.526,27.4916,8.91,1.3558,0.0426,0.2961,2.9686,156.273,163.747528,6.199,75.687,578.03,378855.69730783056,0.096,0
2026-08-31T13:19:30Z,1.551,27.4671,8.91,1.3901,0.0426,0.2961,2.9081,156.318,163.724092,6.1631,74.866,580.55,379196.8480725836,0.094,0
2026-08-31T13:19:30Z,1.574,27.4397,8.91,1.4092,0.0426,0.2961,2.4852,156.364,163.712375,6.1123,74.143,532.56,379665.30333536625,0.091,0
2026-08-31T13:19:30Z,1.597,27.4114,8.91,1.4016,0.0426,0.2961,2.4398,156.398,163.697223,6.0515,73.555,518.86,380131.78255166695,0.088,0
2026-08-31T13:19:30Z,1.62,27.3851,8.82,1.4206,0.0852,0.3384,2.5154,156.405,163.658557,5.9868,73.117,530.25,380419.13839219615,0.084,0
2026-08-31T13:19:30Z,1.641,27.3624,8.82,1.4206,0.0852,0.3384,2.4701,156.396,163.60611,5.9243,72.839,525.44,380553.4282344207,0.08,0
2026-08-31T13:19:30Z,1.661,27.3432,8.82,1.5465,0.0852,0.3384,2.5154,156.395,163.565986,5.8691,72.73,521.57,380692.42888281384,0.077,0
2026-08-31T13:19:30Z,1.679,27.3269,8.82,1.558,0.0852,0.3384,2.5305,156.4,163.539508,5.8243,72.769,503.53,380855.91175399686,0.074,0
2026-08-31T13:19:30Z,1.697,27.3123,9.27,1.5503,0.1278,0.4653,2.4852,156.378,163.499569,5.7912,72.892,512.69,380905.31371137244,0.073,0
2026-08-31T13:19:30Z,1.714,27.2985,9.27,1.5694,0.1278,0.4653,2.4852,156.332,163.449549,5.7706,73.049,520.32,380878.5366673268,0.072,0
2026-08-31T13:19:30Z,1.732,27.2859,9.27,1.5656,0.1278,0.4653,2.6966,156.302,163.422213,5.7633,73.25,532.56,380963.88976942876,0.073,0
2026-08-31T13:19:30Z,1.751,27.2759,9.27,1.5541,0.1278,0.4653,2.7873,156.279,163.40426,5.7675,73.525,473.08,381054.0839608042,0.075,0
2026-08-31T13:19:30Z,1.77,27.2705,9.09,1.5313,0.0426,0.3384,2.7269,156.235,163.366848,5.7778,73.876,529.1,380936.679401206,0.077,0
2026-08-31T13:19:30Z,1.79,27.2698,9.09,1.5808,0.0426,0.3384,2.7269,156.191,163.322052,5.7903,74.284,491.1,380682.1179828491,0.079,0
2026-08-31T13:19:30Z,1.811,27.2713,9.09,1.5503,0.0426,0.3384,2.7269,156.164,163.281983,5.806,74.734,458.21,380412.50685474044,0.081,0
2026-08-31T13:19:30Z,1.832,27.2733,9.09,1.5351,0.0426,0.3384,2.7722,156.163,163.258003,5.8276,75.205,468.07,380229.454724422,0.082,0
2026-08-31T13:19:30Z,1.853,27.2758,9.27,1.5618,0.0426,0.423,2.7873,156.191,163.261756,5.8552,75.655,480.86,380202.5644468921,0.083,0
2026-08-31T13:19:30Z,1.874,27.2763,9.27,1.5236,0.0426,0.423,2.7118,156.233,163.2762,5.8875,76,441.98,380279.13888721523,0.084,0
2026-08-31T13:19:30Z,1.896,27.2724,9.27,1.6037,0.0426,0.423,3.1801,156.263,163.273115,5.9236,76.148,473.39,380337.6620842924,0.083,0
2026-08-31T13:19:30Z,1.918,27.2653,9.27,1.619,0.0426,0.423,3.2858,156.279,163.247666,5.9617000000000004,76.076,433.61,380325.4861375958,0.081,0
2026-08-31T13:19:30Z,1.94,27.257,9.27,1.6075,0.0426,0.423,3.2556,156.296,163.211108,5.9982,75.851,429.48,380270.4775521692,0.078,0
2026-08-31T13:19:30Z,1.96,27.2476,9.27,1.6228,0.0426,0.4653,3.1196,156.317,163.169725,6.0265,75.585,409.97,380208.2745516799,0.074,0
2026-08-31T13:19:30Z,1.978,27.2366,9.27,1.6724,0.0426,0.4653,3.2405,156.36,163.146553,6.0394,75.423,416.25,380286.7238688504,0.069,0
2026-08-31T13:19:30Z,1.995,27.2228,9.27,1.6648,0.0426,0.4653,3.2405,156.429,163.153451,6.0352,75.509,421.25,380600.7925768346,0.064,0
2026-08-31T13:19:30Z,2.01,27.2055,9.27,1.661,0.0426,0.4653,3.1196,156.489,163.16018,6.0192,75.895,410.95,380983.4511213798,0.06,0
2026-08-31T13:19:30Z,2.024,27.1854,9.36,1.6762,0.1278,0.54990000000000006,3.2556,156.511,163.144479,6.0003,76.494,408.63,381287.35784916405,0.056,0
2026-08-31T13:19:30Z,2.038,27.1638,9.36,1.7373,0.1278,0.54990000000000006,3.1649,156.508,163.118194,5.9897,77.157,404.22,381557.7539080352,0.053,0
2026-08-31T13:19:30Z,2.051,27.1428,9.36,1.7334,0.1278,0.54990000000000006,3.2556,156.491,163.09035,5.9989,77.738,402.29,381807.1602141072,0.05,0
2026-08-31T13:19:30Z,2.064,27.1251,9.36,1.7373,0.1278,0.54990000000000006,3.2103,156.467,163.061543,6.0314,78.112,387.95,381985.43927906384,0.047,0
2026-08-31T13:19:30Z,2.075,27.1125,9.63,1.7373,0.0426,0.5076,3.1801,156.454,163.044135,6.0804,78.208,391.76,382131.10343568376,0.044,0
2026-08-31T13:19:30Z,2.086,27.1052,9.63,1.7716,0.0426,0.5076,2.893,156.451,163.037494,6.1339,78.005,391.68,382236.29164156807,0.042,0
2026-08-31T13:19:30Z,2.095,27.102,9.63,1.8174,0.0426,0.5076,3.029,156.451,163.03183,6.1804,77.51,390.49,382265.82428768073,0.039,0
2026-08-31T13:19:30Z,2.105,27.1007,9.63,1.7868,0.0426,0.5076,2.8628,156.445,163.017614,6.2103,76.778,376.41,382206.02044342266,0.037,0
2026-08-31T13:19:30Z,2.114,27.0997,9.63,1.7868,0.0426,0.5076,2.9384,156.434,162.995066,6.2181,75.906,387.61,382090.05139764503,0.036,0
2026-08-31T13:19:30Z,2.123,27.0984,9.63,1.7945,0.1278,0.3807,3.0139,156.433,162.978216,6.202,74.992,369.04,382014.3886463425,0.035,0
2026-08-31T13:19:30Z,2.132,27.0967,9.63,1.7792,0.1278,0.3807,2.9686,156.439,162.966579,6.1629,74.1,386.52,381978.08596110664,0.036,0
2026-08-31T13:19:30Z,2.14,27.0942,9.63,1.7983,0.1278,0.3807,2.893,156.446,162.957051,6.1049,73.264,364.18,381970.39403436414,0.037,0
2026-08-31T13:19:30Z,2.149,27.0905,9.63,1.7754,0.1278,0.3807,2.9686,156.446,162.94308,6.036,72.507,377.72,381959.7943466542,0.038,0
2026-08-31T13:19:30Z,2.159,27.0856,9.63,1.9165,0.1278,0.5076,2.9535,156.444,162.932966,5.9639,71.851,373.72,381996.2948731552,0.041,0
2026-08-31T13:19:30Z,2.17,27.0799,9.63,1.9089,0.1278,0.5076,2.9232,156.447,162.932031,5.8935,71.319,367.28,382104.03728612413,0.044,0
2026-08-31T13:19:30Z,2.181,27.0744,9.63,1.9051,0.1278,0.5076,3.0139,156.425,162.911961,5.8276,70.908,360.32,382092.48514840705,0.047,0
2026-08-31T13:19:30Z,2.194,27.07,9.63,1.9127,0.1278,0.5076,2.9837,156.385,162.879431,5.7678,70.593,355.5,381983.9347762073,0.05,0
2026-08-31T13:19:30Z,2.207,27.0672,9.72,2.0005,0.0852,0.5076,2.893,156.361,162.865859,5.7159,70.368,348.08,381957.82204112236,0.052,0
2026-08-31T13:19:30Z,2.221,27.0662,9.72,1.9852,0.0852,0.5076,2.9535,156.349,162.859606,5.6737,70.237,354.5,381940.0186569907,0.055,0
2026-08-31T13:19:30Z,2.235,27.0672,9.72,1.9814,0.0852,0.5076,3.0139,156.329,162.838963,5.641,70.162,341.49,381795.718209028,0.057,0
2026-08-31T13:19:30Z,2.25,27.0701,9.72,1.9661,0.0852,0.5076,2.9988,156.312,162.818469,5.6156,70.089,346.27,381614.5940918898,0.058,0
2026-08-31T13:19:30Z,2.266,27.0734,9.72,2.0386,0.0852,0.5076,3.2556,156.306,162.808693,5.5974,69.997,335.24,381490.14109039085,0.059,0
2026-08-31T13:19:30Z,2.281,27.0756,9.72,2.0653,0.0852,0.6345,3.2858,156.304,162.799011,5.5867000000000004,69.911,324.21,381388.1385144184,0.06,0
2026-08-31T13:19:30Z,2.297,27.0757,9.72,2.0386,0.0852,0.6345,3.2103,156.31,162.79085,5.5808,69.891,330.83,381337.01210733317,0.059,0
2026-08-31T13:19:30Z,2.312,27.0748,9.72,2.0539,0.0852,0.6345,3.2556,156.329,162.790051,5.5751,69.983,320.36,381350.06739354256,0.059,0
2026-08-31T13:19:30Z,2.327,27.0736,9.72,2.1531,0.0852,0.6345,2.9686,156.342,162.780364,5.5678,70.183,318.14,381315.5686695922,0.058,0
2026-08-31T13:19:30Z,2.341,27.0712,9.72,2.1569,0.1278,0.54990000000000006,2.8628,156.334,162.743168,5.5612,70.472,325.27,381139.2947143011,0.058,0
2026-08-31T13:19:30Z,2.355,27.0666,9.72,2.1569,0.1278,0.54990000000000006,2.9988,156.329,162.706628,5.5601,70.864,306,381010.6491431262,0.058,0
2026-08-31T13:19:30Z,2.37,27.0601,9.72,2.1607,0.1278,0.54990000000000006,3.029,156.353,162.703092,5.5681,71.387,313.88,381118.3567897477,0.059,0
2026-08-31T13:19:30Z,2.385,27.0524,9.72,2.4735,0.1278,0.54990000000000006,2.6513,156.359,162.693527,5.5848,72.024,309.54,381213.6278230837,0.06,0
2026-08-31T13:19:30Z,2.4,27.0435,9.72,2.4926,0.1278,0.4653,2.7269,156.318,162.647321,5.6087,72.722,305.8,381112.0744539338,0.061,0
2026-08-31T13:19:30Z,2.416,27.0335,9.72,2.4811,0.1278,0.4653,2.8175,156.285,162.60427,5.6409,73.461,306.67,381051.33153827337,0.063,0
2026-08-31T13:19:30Z,2.432,27.0244,9.72,2.4582,0.1278,0.4653,2.7571,156.283,162.580958,5.6834,74.23,295.61,381091.59543011314,0.066,0
2026-08-31T13:19:30Z,2.449,27.0193,9.72,2.5307,0.1278,0.4653,2.7571,156.291,162.557136,5.7346,74.968,297.8,381049.35124219424,0.068,0
2026-08-31T13:19:30Z,2.467,27.0179,9.72,2.5574,0.1278,0.6345,2.7571,156.313,162.540479,5.7904,75.606,292.6,380976.7961437961,0.07,0
2026-08-31T13:19:30Z,2.485,27.0154,9.72,2.5269,0.1278,0.6345,2.7873,156.344,162.530553,5.8495,76.106,281.5,380966.6305224296,0.072,0
2026-08-31T13:19:30Z,2.504,27.0086,9.72,2.5307,0.1278,0.6345,2.7269,156.375,162.510678,5.9115,76.452,278.95,380981.9040357002,0.073,0
2026-08-31T13:19:30Z,2.524,26.9981,9.72,2.5574,0.1278,0.6345,2.742,156.424,162.493592,5.9714,76.659,273.84,381087.4817775181,0.074,0
2026-08-31T13:19:30Z,2.543,26.9857,9.72,2.5231,0.1278,0.6345,2.8175,156.502,162.488769,6.0235,76.75,270.35,381304.8335158232,0.074,0
2026-08-31T13:19:30Z,2.562,26.9719,9.9,2.5498,0.0852,0.54990000000000006,2.6513,156.598,162.490908,6.0648,76.733,267.2,381592.231872471,0.074,0
2026-08-31T13:19:30Z,2.58,26.9553,9.9,2.5574,0.0852,0.54990000000000006,2.7571,156.691,162.482533,6.0942,76.621,262.31,381872.17301080324,0.073,0
2026-08-31T13:19:30Z,2.599,26.9336,9.9,2.6719,0.0852,0.54990000000000006,2.4398,156.755,162.443367,6.1131,76.437,257.28,382067.9515788921,0.072,0
2026-08-31T13:19:30Z,2.618,26.9065,9.9,2.6452,0.0852,0.54990000000000006,2.4852,156.817,162.405052,6.1233,76.214,252.36,382376.8374218582,0.07,0
2026-08-31T13:19:30Z,2.636,26.8753,9.99,2.6871,0.0852,0.6768,2.5003,156.9,162.395449,6.1254,75.99,244.37,382942.08924677037,0.067,0
2026-08-31T13:19:30Z,2.653,26.8418,9.99,2.6948,0.0852,0.6768,2.5003,156.985,162.399967,6.1201,75.787,245.86,383640.30148468976,0.064,0
2026-08-31T13:19:30Z,2.669,26.8081,9.99,2.7863,0.0852,0.6768,2.5456,157.059,162.407778,6.1091,75.627,243.26,384364.18387246475,0.062,0
2026-08-31T13:19:30Z,2.684,26.7754,9.99,2.7939,0.0852,0.6768,2.5305,157.105,162.404928,6.0948,75.57,241.73,385004.67581523786,0.059,0
2026-08-31T13:19:30Z,2.698,26.745,10.17,2.7939,0.0852,0.5922,2.5607,157.121,162.382637,6.0802,75.684,238.18,385481.5157963055,0.058,0
2026-08-31T13:19:30Z,2.712,26.7182,10.17,2.7672,0.0852,0.5922,2.4549,157.123,162.346987,6.0669,76.002,237.05,385804.8682545021,0.057,0
2026-08-31T13:19:30Z,2.726,26.6964,10.17,2.9313,0.0852,0.5922,2.4701,157.144,162.320544,6.0565,76.498,231,386083.84601462615,0.058,0
2026-08-31T13:19:30Z,2.741,26.6801,10.17,2.8931,0.0852,0.5922,2.4398,157.192,162.308279,6.0537,77.078,234.84,386338.5731470173,0.06,0
2026-08-31T13:19:30Z,2.755,26.6678,10.17,2.9084,0.0852,0.5922,2.4852,157.225,162.278857,6.0642,77.613,230.7,386407.5116069657,0.062,0
2026-08-31T13:19:30Z,2.771,26.6559,10.17,2.8931,0.0852,0.6345,2.5305,157.235,162.238455,6.091,78.01,228.15,386401.15314127476,0.066,0
2026-08-31T13:19:30Z,2.788,26.6406,10.17,2.9656,0.0852,0.6345,2.7722,157.23,162.202355,6.1324,78.246,222.33,386489.9908255848,0.069,0
2026-08-31T13:19:30Z,2.807,26.6211,10.17,2.9542,0.0852,0.6345,2.6664,157.191,162.150906,6.1812,78.342,218.31,386569.94739911123,0.071,0
2026-08-31T13:19:30Z,2.827,26.601,10.17,2.9732,0.0852,0.6345,2.8024,157.145,162.10246,6.2264,78.353,213.57,386680.51639448386,0.073,0
2026-08-31T13:19:30Z,2.846,26.5848,10.44,2.9618,0.0852,0.7614,2.7118,157.141,162.092206,6.26,78.361,205.64,386946.32345588907,0.073,0
2026-08-31T13:19:30Z,2.866,26.5748,10.44,3.0648,0.0852,0.7614,2.3945,157.167,162.101376,6.2801,78.396,204.84,387205.68722836766,0.072,0
2026-08-31T13:19:30Z,2.884,26.5712,10.44,3.0953,0.0852,0.7614,2.5305,157.172,162.088314,6.2881,78.42,201.27,387198.6221032919,0.07,0
2026-08-31T13:19:30Z,2.901,26.571,10.44,3.1029,0.0852,0.7614,2.4701,157.145,162.049536,6.289,78.401,198.75,386964.6163758656,0.068,0
2026-08-31T13:19:30Z,2.918,26.569,10.44,3.0877,0.0852,0.7191,2.4096,157.118,162.01078,6.2899,78.34,196.17,386767.3599916034,0.067,0
2026-08-31T13:19:30Z,2.935,26.5635,10.44,3.0343,0.0852,0.7191,2.1981,157.108,161.975744,6.2933,78.241,193.08,386663.9831663812,0.066,0
2026-08-31T13:19:30Z,2.951,26.5577,10.44,3.0381,0.0852,0.7191,2.2435,157.128,161.947113,6.2959,78.091,195.07,386605.983943417,0.067,0
2026-08-31T13:19:30Z,2.967,26.5542,10.44,3.0152,0.0852,0.7191,2.2435,157.18,161.933282,6.2948,77.863,194.18,386592.124199145,0.069,0
2026-08-31T13:19:30Z,2.984,26.5507,10.35,3.0419,0.0852,0.8037,2.2132,157.233,161.918532,6.2902,77.544,192,386572.6216949992,0.071,0
2026-08-31T13:19:30Z,3.003,26.5427,10.35,3.0572,0.0852,0.8037,2.7118,157.276,161.902933,6.2832,77.164,187.54,386639.22678350104,0.073,0
2026-08-31T13:19:30Z,3.023,26.5272,10.35,3.1106,0.0852,0.8037,2.6362,157.323,161.898358,6.2729,76.786,179.57,386925.8832113111,0.074,0
2026-08-31T13:19:30Z,3.043,26.5058,10.35,3.0839,0.0852,0.8037,2.7571,157.362,161.885546,6.257,76.443,176.24,387282.1838306826,0.074,0
2026-08-31T13:19:30Z,3.063,26.4837,10.35,3.0991,0.0852,0.8037,2.742,157.388,161.851059,6.2338,76.144,173.39,387519.79589287925,0.072,0
2026-08-31T13:19:30Z,3.081,26.4647,10.62,3.0953,0.0852,0.7614,2.7269,157.441,161.831796,6.2054,75.921,170.33,387788.25048506394,0.069,0
2026-08-31T13:19:30Z,3.098,26.4479,10.62,3.1602,0.0852,0.7614,2.7118,157.53,161.844666,6.1768,75.828,169.08,388210.2014752306,0.065,0
2026-08-31T13:19:30Z,3.114,26.4308,10.62,3.1373,0.0852,0.7614,2.742,157.585,161.838975,6.1512,75.87,169.26,388524.2772990574,0.062,0
2026-08-31T13:19:30Z,3.128,26.4114,10.62,3.1602,0.0852,0.7614,2.7269,157.592,161.811196,6.1293,76.009,168.16,388749.3225226671,0.059,0
2026-08-31T13:19:30Z,3.142,26.3882,10.71,3.1411,0.0852,0.7614,2.6966,157.609,161.80804,6.1139,76.234,166.42,389204.5965862677,0.056,0
2026-08-31T13:19:30Z,3.156,26.3632,10.71,3.0991,0.0852,0.7614,2.6664,157.613,161.804613,6.1092,76.564,163.66,389695.8193203093,0.055,0
2026-08-31T13:19:30Z,3.17,26.3435,10.71,3.0572,0.0852,0.7614,2.7722,157.551,161.757906,6.1147,76.983,161.29,389810.8170380842,0.053,0
2026-08-31T13:19:30Z,3.184,26.3324,10.71,3.1182,0.0852,0.7614,2.742,157.462,161.69756,6.1271,77.428,159.24,389664.81121063826,0.053,0
2026-08-31T13:19:30Z,3.197,26.3259,10.98,3.0953,0.0426,0.7191,2.6966,157.42,161.669622,6.1461,77.808,158.06,389625.12899868295,0.053,0
2026-08-31T13:19:30Z,3.21,26.3233,10.98,3.0228,0.0426,0.7191,2.7873,157.425,161.658629,6.173,78.031,157.96,389610.3782719734,0.054,0
2026-08-31T13:19:30Z,3.223,26.3287,10.98,3.0305,0.0426,0.7191,2.8175,157.438,161.629578,6.2061,78.078,159.03,389319.6737460285,0.056,0
2026-08-31T13:19:30Z,3.236,26.3387,10.98,3.0419,0.0426,0.7191,2.6966,157.479,161.602781,6.2409,78.009,157.31,388948.87795691576,0.059,0
2026-08-31T13:19:30Z,3.252,26.3436,10.98,3.0419,0.0426,0.7191,2.6664,157.55,161.579107,6.2709,77.912,154.6,388702.11349859735,0.063,0
2026-08-31T13:19:30Z,3.269,26.3386,10.8,3.0991,0.0852,0.7614,2.893,157.609,161.528183,6.2895,77.828,152.4,388489.55315045087,0.066,0
2026-08-31T13:19:30Z,3.287,26.325,10.8,3.1067,0.0852,0.7614,2.6966,157.68,161.486531,6.2948,77.755,147.67,388510.2619419586,0.069,0
2026-08-31T13:19:30Z,3.306,26.3031,10.8,3.0953,0.0852,0.7614,2.6815,157.784,161.477113,6.2917,77.687,144.97,388900.42766767216,0.07,0
2026-08-31T13:19:30Z,3.325,26.2726,10.8,3.0953,0.0852,0.7614,2.7269,157.884,161.465341,6.2874,77.594,142.87,389453.0472199272,0.07,0
2026-08-31T13:19:30Z,3.343,26.2373,10.98,3.286,0.1278,0.7191,2.6815,157.973,161.450075,6.2846,77.413,140.9,390083.7856998827,0.069,0
2026-08-31T13:19:30Z,3.36,26.2009,10.98,3.2708,0.1278,0.7191,2.6664,158.065,161.449288,6.2829,77.079,139.92,390828.7079094477,0.067,0
2026-08-31T13:19:30Z,3.377,26.164,10.98,3.2822,0.1278,0.7191,2.8175,158.152,161.452742,6.2815,76.58,137.33,391612.25834722887,0.064,0
2026-08-31T13:19:30Z,3.393,26.128,10.98,3.2479,0.1278,0.7191,2.7571,158.217,161.433297,6.2781,75.977,134.64,392236.1156841241,0.061,0
2026-08-31T13:19:30Z,3.409,26.0945,10.98,3.2746,0.1278,0.8037,2.6966,158.268,161.393781,6.2672,75.372,133.45,392683.9032600237,0.058,0
2026-08-31T13:19:30Z,3.423,26.0644,10.98,3.2632,0.1278,0.8037,2.742,158.329,161.355723,6.2436,74.857,132.5,393070.9472397596,0.055,0
2026-08-31T13:19:30Z,3.436,26.0373,10.98,3.267,0.1278,0.8037,2.8175,158.401,161.314982,6.2062,74.485,132.84,393379.34065939556,0.053,0
2026-08-31T13:19:30Z,3.449,26.0104,10.98,3.2784,0.1278,0.8037,2.7722,158.492,161.280733,6.1603,74.271,132.18,393724.7195221355,0.051,0
2026-08-31T13:19:30Z,3.461,25.9815,11.07,3.4081,0.0852,0.846,2.7873,158.589,161.257864,6.1145,74.207,131.75,394183.83039092383,0.051,0
2026-08-31T13:19:30Z,3.473,25.9497,11.07,3.4081,0.0852,0.846,2.7571,158.638,161.214212,6.0763,74.254,131.06,394573.5788473957,0.052,0
2026-08-31T13:19:30Z,3.486,25.9136,11.07,3.4196,0.0852,0.846,2.742,158.66,161.170201,6.05,74.382,129.96,395051.7308275254,0.054,0
2026-08-31T13:19:30Z,3.501,25.8736,11.07,3.4005,0.0852,0.846,2.8175,158.687,161.148167,6.0371,74.589,127.19,395751.3652566021,0.057,0
2026-08-31T13:19:30Z,3.516,25.8355,11.07,3.4005,0.0852,0.846,2.9535,158.679,161.110161,6.0361,74.851,125.9,396311.7499665947,0.059,0
2026-08-31T13:19:30Z,3.531,25.806,11.07,3.4196,0.1278,0.8037,2.893,158.648,161.076111,6.0431,75.104,124.78,396717.19938604697,0.061,0
2026-08-31T13:19:30Z,3.548,25.785,11.07,3.3852,0.1278,0.8037,3.0139,158.635,161.077024,6.0559,75.293,122.07,397165.6378041523,0.062,0
2026-08-31T13:19:30Z,3.564,25.7692,11.07,3.4043,0.1278,0.8037,2.9535,158.608,161.067049,6.0746,75.374,120.47,397435.8226427304,0.062,0
2026-08-31T13:19:30Z,3.58,25.7599,11.07,3.4386,0.1278,0.8037,3.452,158.556,161.031501,6.0969,75.3,118.75,397406.6597981736,0.061,0
2026-08-31T13:19:30Z,3.596,25.7591,11.16,3.473,0.1278,0.846,3.4369,158.535,161.025038,6.1176,75.026,116.6,397382.54064074985,0.06,0
2026-08-31T13:19:30Z,3.611,25.7635,11.16,3.4844,0.1278,0.846,3.3915,158.551,161.049947,6.1324,74.521,115.24,397447.6640469322,0.057,0
2026-08-31T13:19:30Z,3.626,25.7691,11.16,3.473,0.1278,0.846,3.3764,158.554,161.052742,6.1384,73.787,115.24,397347.15786141116,0.055,0
2026-08-31T13:19:30Z,3.639,25.7746,11.16,3.3623,0.1278,0.846,3.7239,158.543,161.036173,6.1318,72.902,114.27,397126.0187422067,0.053,0
2026-08-31T13:19:30Z,3.652,25.7792,11.07,3.37,0.0852,0.8883,3.6937,158.541,161.027888,6.109,71.986,113.4,396976.47797428805,0.051,0
2026-08-31T13:19:30Z,3.664,25.7819,11.07,3.3394,0.0852,0.8883,3.7692,158.539,161.02167,6.0675,71.129,113.06,396880.1438807081,0.05,0
2026-08-31T13:19:30Z,3.676,25.782,11.07,3.328,0.0852,0.8883,3.7541,158.539,161.01586,6.0078,70.391,112.13,396841.2169688504,0.05,0
2026-08-31T13:19:30Z,3.689,25.7802,11.07,3.286,0.0852,0.8883,4.0562,158.534,160.996885,5.936,69.814,111.69,396758.92487398547,0.052,0
2026-08-31T13:19:30Z,3.701,25.7782,11.07,3.2784,0.0852,0.8883,3.8901,158.511,160.947658,5.8616,69.411,111.77,396489.2281896591,0.054,0
2026-08-31T13:19:30Z,3.715,25.7768,11.16,3.2746,0.1704,0.8883,3.8598,158.504,160.895138,5.7919,69.169,111.4,396186.1455459318,0.057,0
2026-08-31T13:19:30Z,3.729,25.7749,11.16,3.2937,0.1704,0.8883,3.9505,158.534,160.857387,5.732,69.052,109.77,395987.1645179779,0.061,0
2026-08-31T13:19:30Z,3.746,25.7707,11.16,3.0877,0.1704,0.8883,5.8086,158.583,160.816318,5.6855,69.006,108.25,395815.5927267811,0.065,0
2026-08-31T13:19:30Z,3.764,25.7625,11.16,3.0915,0.1704,0.8883,5.9294,158.65,160.770995,5.6535,68.997,105.35,395701.20322143735,0.068,0
2026-08-31T13:19:30Z,3.783,25.7481,11.34,3.0877,0.1278,0.8037,5.7784,158.742,160.737386,5.6353,69.032,102.33,395791.28972277284,0.07,0
2026-08-31T13:19:30Z,3.802,25.7267,11.34,3.0877,0.1278,0.8037,5.7481,158.832,160.704517,5.628,69.104,100.87,396033.43897113716,0.07,0
2026-08-31T13:19:30Z,3.82,25.6982,11.34,2.7405,0.1278,0.8037,7.5458,158.89,160.649586,5.6271,69.183,98.96,396285.56357233075,0.069,0
2026-08-31T13:19:30Z,3.838,25.6626,11.34,2.7215,0.1278,0.8037,7.4099,158.938,160.592011,5.6301,69.256,97.997,396671.0345027219,0.067,0
2026-08-31T13:19:30Z,3.854,25.6227,11.61,2.7291,0.0852,0.8037,7.4703,159.017,160.578566,5.637,69.347,97.636,397428.8182523796,0.064,0
2026-08-31T13:19:30Z,3.87,25.5836,11.61,2.7291,0.0852,0.8037,7.5307,159.08,160.5776,5.647,69.473,96.601,398251.1610528772,0.062,0
2026-08-31T13:19:30Z,3.885,25.5477,11.61,2.4697,0.0852,0.8037,10.3556,159.058,160.530725,5.6571,69.617,96.057,398714.41191953584,0.059,0
2026-08-31T13:19:30Z,3.9,25.5144,11.61,2.4659,0.0852,0.8037,10.3254,158.987,160.467532,5.6665,69.776,94.32,399018.85304487945,0.057,0
2026-08-31T13:19:30Z,3.914,25.485,11.61,2.4849,0.0852,0.8037,10.3858,158.928,160.425289,5.677,70.004,92.654,399374.7158725697,0.055,0
2026-08-31T13:19:30Z,3.928,25.4646,11.88,2.4735,0.1278,0.846,10.3405,158.905,160.404761,5.6895,70.36,92.353,399678.2181906893,0.055,0
2026-08-31T13:19:30Z,3.941,25.457,11.88,2.1759,0.1278,0.846,11.0807,158.913,160.400474,5.702,70.849,92.393,399812.91145011695,0.055,0
2026-08-31T13:19:30Z,3.954,25.4598,11.88,2.1645,0.1278,0.846,11.0807,158.943,160.407275,5.7148,71.424,92.916,399796.73320719297,0.057,0
2026-08-31T13:19:30Z,3.968,25.4649,11.88,2.1721,0.1278,0.846,11.0505,158.965,160.402924,5.7329,72.033,92.473,399660.0357560341,0.06,0
2026-08-31T13:19:30Z,3.983,25.4659,11.88,2.1492,0.1278,0.9306,11.0354,158.923,160.338157,5.7619,72.66,90.544,399223.949360995,0.064,0
2026-08-31T13:19:30Z,4,25.4618,11.88,2.3705,0.1278,0.9306,15.3256,158.852,160.245806,5.8024,73.348,88.406,398720.25364832726,0.068,0
2026-08-31T13:19:30Z,4.019,25.4544,11.88,2.3514,0.1278,0.9306,15.2803,158.822,160.191435,5.8503,74.186,85.719,398529.9037148144,0.071,0
2026-08-31T13:19:30Z,4.039,25.4462,11.88,2.3247,0.1278,0.9306,15.5069,158.783,160.138496,5.9011,75.224,84.059,398365.71639818355,0.073,0
2026-08-31T13:19:30Z,4.059,25.4391,11.61,2.3591,0.1278,0.8037,15.2954,158.732,160.092911,5.9532,76.423,82.808,398225.1487797712,0.073,0
2026-08-31T13:19:30Z,4.078,25.4325,11.61,2.4735,0.1278,0.8037,14.9026,158.73,160.104656,6.0104,77.675,80.87,398440.65788551833,0.072,0
2026-08-31T13:19:30Z,4.097,25.425,11.61,2.4621,0.1278,0.8037,14.8573,158.733,160.118746,6.0798,78.836,79.476,398690.467866261,0.069,0
2026-08-31T13:19:30Z,4.114,25.4206,11.61,2.4659,0.1278,0.8037,14.812,158.697,160.094843,6.1653,79.751,78.141,398631.11980158475,0.066,0
2026-08-31T13:19:30Z,4.13,25.4225,12.24,2.4888,0.0852,0.9306,14.8422,158.669,160.082692,6.2633,80.303,77.145,398512.8854463319,0.063,0
2026-08-31T13:19:30Z,4.145,25.4269,12.24,2.4697,0.0852,0.9306,13.0143,158.658,160.083063,6.3654,80.471,76.694,398421.6180314044,0.06,0
2026-08-31T13:19:30Z,4.16,25.4304,12.24,2.4659,0.0852,0.9306,12.9539,158.627,160.04996,6.4602,80.314,76.08,398135.3948733292,0.058,0
2026-08-31T13:19:30Z,4.173,25.4343,12.24,2.4582,0.0852,0.9306,13.0143,158.62,160.016646,6.5347,79.937,75.783,397839.4912734969,0.057,0
2026-08-31T13:19:30Z,4.187,25.4394,12.24,2.5002,0.0852,0.9306,12.9841,158.683,160.02835,6.5793,79.447,75.356,397805.96003349515,0.057,0
2026-08-31T13:19:30Z,4.201,25.4431,12.51,2.3438,0.1278,1.0575,12.546,158.767,160.042093,6.5926,78.912,74.752,397815.1988905926,0.058,0
2026-08-31T13:19:30Z,4.216,25.4424,12.51,2.3514,0.1278,1.0575,12.3799,158.834,160.039485,6.5799,78.348,74.234,397813.3940833774,0.061,0
2026-08-31T13:19:30Z,4.232,25.4344,12.51,2.3552,0.1278,1.0575,12.5914,158.906,160.057908,6.5499,77.76,72.654,398101.15957970644,0.063,0
2026-08-31T13:19:30Z,4.249,25.4179,12.51,2.3514,0.1278,1.0575,12.6065,158.971,160.082229,6.5118,77.157,70.877,398607.8013094852,0.065,0
2026-08-31T13:19:30Z,4.267,25.3955,13.14,2.4277,0.0852,0.9729,16.3831,159.019,160.088871,6.4705,76.538,68.918,399127.6524143847,0.066,0
2026-08-31T13:19:30Z,4.285,25.3736,13.14,2.4315,0.0852,0.9729,16.3075,159.065,160.083613,6.4268,75.906,67.29,399561.29470546404,0.066,0
2026-08-31T13:19:30Z,4.302,25.3565,13.14,2.4086,0.0852,0.9729,16.3075,159.102,160.051024,6.3806,75.286,66.159,399717.40310390684,0.065,0
2026-08-31T13:19:30Z,4.319,25.3434,13.14,2.4163,0.0852,0.9729,16.2018,159.149,160.00646,6.3326,74.713,65.118,399711.18027383793,0.063,0
2026-08-31T13:19:30Z,4.335,25.3303,14.31,2.4048,0.1704,0.8883,18.1052,159.256,160.002167,6.2833,74.228,64.135,399963.713163256,0.06,0
2026-08-31T13:19:30Z,4.349,25.314,14.31,2.4201,0.1704,0.8883,18.0901,159.377,160.012942,6.2333,73.854,63.718,400381.91626182053,0.057,0
2026-08-31T13:19:30Z,4.363,25.2923,14.31,2.4239,0.1704,0.8883,18.1203,159.435,159.991544,6.1848,73.577,63.359,400709.26490989985,0.054,0
2026-08-31T13:19:30Z,4.376,25.2634,14.31,2.401,0.1704,0.8883,18.1505,159.48,159.982369,6.141,73.387,62.159,401270.46202136145,0.051,0
2026-08-31T13:19:30Z,4.389,25.2283,14.31,2.7024,0.1704,0.8883,27.4561,159.55,159.994998,6.105,73.294,61.088,402107.08588164067,0.048,0
2026-08-31T13:19:30Z,4.401,25.1937,16.29,2.7215,0.213,1.0575,27.3655,159.596,159.966659,6.0782,73.287,60.506,402669.85227573145,0.046,0
2026-08-31T13:19:30Z,4.412,25.1687,16.29,2.7215,0.213,1.0575,27.4108,159.637,159.919855,6.0582,73.341,59.736,402906.6174482264,0.043,0
2026-08-31T13:19:30Z,4.423,25.1516,16.29,2.7253,0.213,1.0575,27.3503,159.725,159.916254,6.0445,73.458,59.373,403252.9113685548,0.042,0
2026-08-31T13:19:30Z,4.433,25.1335,16.29,5.3575,0.213,1.0575,85.7971,159.822,159.938855,6.0389,73.647,59.013,403791.3253770231,0.04,0
2026-08-31T13:19:30Z,4.443,25.1101,16.74,5.3422,0.2556,0.8883,85.8576,159.885,159.969627,6.0408,73.917,58.388,404498.6959732666,0.039,0
2026-08-31T13:19:30Z,4.452,25.0826,16.74,5.3155,0.2556,0.8883,85.8273,159.929,160.018781,6.0484,74.297,56.972,405416.40424671996,0.038,0
2026-08-31T13:19:30Z,4.462,25.0538,16.74,5.3498,0.2556,0.8883,85.8576,159.953,160.059345,6.0613,74.79,55.626,406308.6616197789,0.037,0
2026-08-31T13:19:30Z,4.472,25.0307,16.74,5.3536,0.2556,0.8883,85.7971,159.947,160.060051,6.0794,75.335,54.077,406817.84985928313,0.037,0
2026-08-31T13:19:30Z,4.481,25.0205,16.56,16.4241,0.213,1.0152,456.5845,159.932,160.035118,6.1028,75.839,51.912,406877.88898229605,0.036,0
2026-08-31T13:19:30Z,4.49,25.0221,16.56,16.405,0.213,1.0152,456.66,159.95,160.025998,6.134,76.214,49.05,406783.2856875038,0.034,0
2026-08-31T13:19:30Z,4.499,25.0271,16.56,16.4012,0.213,1.0152,456.5845,160.006,160.034267,6.1742,76.374,45.428,406728.02758741606,0.033,0
2026-08-31T13:19:30Z,4.507,25.0292,16.56,16.4164,0.213,1.0152,456.5543,160.064,160.014028,6.2189,76.264,42.33,406549.8926338343,0.032,0
2026-08-31T13:19:30Z,4.515,25.0264,17.46,16.4164,0.2556,0.9306,628.5108,160.131,159.963892,6.2608,75.881,41.223,406283.558666326,0.03,0
2026-08-31T13:19:30Z,4.522,25.018,17.46,16.4241,0.2556,0.9306,628.6165,160.275,159.942634,6.2927,75.275,41.116,406328.1312627317,0.029,0
2026-08-31T13:19:30Z,4.529,25.0031,17.46,16.4126,0.2556,0.9306,628.5259,160.503,159.960613,6.3076,74.525,39.988,406771.2455283037,0.028,0
2026-08-31T13:19:30Z,4.536,24.9788,17.46,16.3935,0.2556,0.9306,628.6165,160.752,159.964491,6.3013,73.689,36.223,407328.468034751,0.028,0
2026-08-31T13:19:30Z,4.543,24.9422,17.46,11.2627,0.2556,0.9306,370.8404,160.989,159.933243,6.2737,72.804,30.127,407926.27055399946,0.027,0
2026-08-31T13:19:30Z,4.55,24.8912,17.55,11.2894,0.2982,1.0575,370.78,161.205,159.862533,6.2294,71.918,25.574,408582.8610493107,0.026,0
2026-08-31T13:19:30Z,4.557,24.8259,17.55,11.2856,0.2982,1.0575,370.78,161.38,159.723473,6.1746,71.119,25.205,409106.4221420419,0.024,0
2026-08-31T13:19:30Z,4.563,24.7501,17.55,11.2474,0.2982,1.0575,370.8404,161.581,159.547115,6.1139,70.527,26.204,409617.1986822388,0.023,0
2026-08-31T13:19:30Z,4.568,24.6674,17.55,9.0311,0.2982,1.0575,238.8857,161.907,159.420693,6.0496,70.296,26.393,410612.8909169083,0.021,0
2026-08-31T13:19:30Z,4.573,24.579,18.45,8.9929,0.2982,1.0152,238.9763,162.275,159.322492,5.9859,70.566,24.122,411927.2805096833,0.018,0
2026-08-31T13:19:30Z,4.578,24.4824,18.45,9.0082,0.2982,1.0152,238.9461,162.58,159.226291,5.9301,71.394,19.085,413445.2263073015,0.014,0
2026-08-31T13:19:30Z,4.582,24.3666,18.45,9.0082,0.2982,1.0152,238.9008,162.873,159.244694,5.8937,72.732,16.777,416174.21781731537,0.008,0
2026-08-31T13:19:30Z,4.584,24.2283,18.45,8.1804,0.2982,1.0152,280.7909,163.089,159.382588,5.8898,74.445,16.399,420248.9346044857,0.002,0
