DateTime,Depth_m,Temp_C,CDOM_ugL,Chla_ugL,Phycoerythrin_ugL,Phycocyanin_ugL,Turbidity_NTU,Cond_uScm,SpCond_uScm,DO_mgL,DOsat_percent,PAR,Salinity,DescRate_ms ,Flag
2026-09-14T12:53:39Z,-0.113,26.6204,6.75,0.8293,0.0426,-0.846,1.6543,152.737,158.518238,7.1228,89.445,372.42,364713.74486617884,0.128,0
2026-09-14T12:53:39Z,-0.082,26.7201,6.75,0.7569,0.0426,-0.846,1.896,153.2,159.049577,7.1175,89.748,343.72,365948.14324639965,0.128,0
2026-09-14T12:53:39Z,-0.05,26.7924,6.75,0.795,0.0426,-0.846,1.8205,153.455,159.344217,7.1184,90.115,201.75,366305.06260756834,0.129,0
2026-09-14T12:53:39Z,-0.016,26.8424,8.19,0.7759,0.1278,0.3384,1.8507,153.608,159.516806,7.1257,90.526,114.07,366367.0273491053,0.129,0
2026-09-14T12:53:39Z,0.019,26.8754,8.19,0.7797,0.1278,0.3384,1.8205,153.725,159.641424,7.1402,90.944,108.96,366470.895673359,0.127,0
2026-09-14T12:53:39Z,0.053,26.8962,8.19,0.9552,0.1278,0.3384,1.6845,153.823,159.743284,7.1617,91.339,56.7,366673.7622205113,0.123,0
2026-09-14T12:53:39Z,0.085,26.9084,8.19,0.9514,0.1278,0.3384,1.6996,153.885,159.809467,7.1894,91.689,90.25,366830.660405925,0.117,0
2026-09-14T12:53:39Z,0.114,26.9143,8.19,0.9438,0.1278,0.3384,1.5486,153.899,159.825553,7.2214,91.982,76.844,366812.59299544955,0.109,0
2026-09-14T12:53:39Z,0.14,26.9163,8.01,0.9552,0.0852,0.3384,1.6694,153.879,159.799842,7.2545,92.218,48.583,366622.66935608926,0.1,0
2026-09-14T12:53:39Z,0.163,26.917,8.01,0.959,0.0852,0.3384,1.6694,153.854,159.757544,7.2859,92.406,88.003,366359.9084245124,0.09,0
2026-09-14T12:53:39Z,0.185,26.918,8.01,0.9667,0.0852,0.3384,1.6392,153.845,159.71544,7.3137,92.555,72.591,366092.6822530516,0.081,0
2026-09-14T12:53:39Z,0.205,26.9186,8.01,0.9781,0.0852,0.3384,1.609,153.851,159.674324,7.337,92.665,84.812,365839.040681747,0.073,0
2026-09-14T12:53:39Z,0.223,26.9173,8.01,0.9514,0.0852,0.2961,1.5939,153.861,159.631246,7.3559,92.733,79.545,365610.2137430091,0.064,0
2026-09-14T12:53:39Z,0.238,26.912,8.01,0.9438,0.0852,0.2961,1.6543,153.866,159.586737,7.3717,92.752,92.735,365449.3217081626,0.056,0
2026-09-14T12:53:39Z,0.251,26.9016,8.01,0.9857,0.0852,0.2961,1.6543,153.865,159.544961,7.385,92.711,97.424,365401.7750445588,0.048,0
2026-09-14T12:53:39Z,0.261,26.8862,8.01,0.959,0.0852,0.2961,1.6845,153.857,159.506798,7.3958,92.604,102.44,365470.8627191459,0.04,0
2026-09-14T12:53:39Z,0.27,26.8687,8.1,0.9438,0.0852,0.2961,1.6543,153.846,159.472091,7.4036,92.437,116.76,365600.43271482154,0.034,0
2026-09-14T12:53:39Z,0.277,26.8524,8.1,1.0277,0.0852,0.2961,1.5939,153.836,159.443611,7.4072,92.225,94.792,365743.88033190346,0.029,0
2026-09-14T12:53:39Z,0.283,26.8393,8.1,1.0239,0.0852,0.2961,1.6845,153.826,159.41777,7.4057,91.988,109.84,365841.8273943413,0.025,0
2026-09-14T12:53:39Z,0.289,26.8294,8.1,1.0239,0.0852,0.2961,1.6845,153.811,159.389681,7.3985,91.751,88.156,365865.3757777997,0.022,0
2026-09-14T12:53:39Z,0.294,26.822,8.1,1.0201,0.0852,0.3807,1.6694,153.796,159.361874,7.3861,91.539,96.476,365842.7864834608,0.019,0
2026-09-14T12:53:39Z,0.298,26.8162,8.1,0.9094,0.0852,0.3807,1.6996,153.775,159.328936,7.3699,91.371,82.88,365759.3189970665,0.017,0
2026-09-14T12:53:39Z,0.302,26.8113,8.1,0.8866,0.0852,0.3807,1.6845,153.741,159.282085,7.3517,91.258,82.772,365576.5571861972,0.016,0
2026-09-14T12:53:39Z,0.306,26.807,8.1,0.9056,0.0852,0.3807,1.6694,153.697,159.224859,7.3333,91.203,99.564,365321.16488902527,0.015,0
2026-09-14T12:53:39Z,0.309,26.803,8.1,0.8942,0.0852,0.3807,1.6996,153.648,159.162038,7.3168,91.207,81.665,365027.1273816055,0.015,0
2026-09-14T12:53:39Z,0.313,26.7993,8.1,0.8866,0.0852,0.3384,1.609,153.585,159.084886,7.3039,91.269,105.83,364643.0274042439,0.015,0
2026-09-14T12:53:39Z,0.317,26.7957,8.1,0.8866,0.0852,0.3384,1.5032,153.487,158.97283,7.2953,91.378,74.687,364051.72785180504,0.016,0
2026-09-14T12:53:39Z,0.321,26.7919,8.1,0.9133,0.0852,0.3384,1.6694,153.326,158.795985,7.2914,91.525,97.699,363083.84223369416,0.017,0
2026-09-14T12:53:39Z,0.325,26.788,8.1,0.8866,0.0852,0.3384,1.6392,153.068,158.519219,7.2923,91.695,94.875,361533.23594428314,0.017,0
2026-09-14T12:53:39Z,0.33,26.7841,8.28,0.9514,0.0852,0.2961,1.6845,152.657,158.084759,7.2977,91.875,77.431,359065.08118726814,0.017,0
2026-09-14T12:53:39Z,0.335,26.7804,8.28,0.9705,0.0852,0.2961,1.6694,151.987,157.380757,7.3069,92.05,104.92,355038.0983276801,0.017,0
2026-09-14T12:53:39Z,0.34,26.7771,8.28,0.9705,0.0852,0.2961,1.6392,150.883,156.227495,7.3191,92.205,87.109,348449.5163562863,0.015,0
2026-09-14T12:53:39Z,0.343,26.774,8.28,0.9438,0.0852,0.2961,1.5939,149.052,154.321444,7.3331,92.336,103.36,337681.5616726242,0.013,0
2026-09-14T12:53:39Z,0.346,26.7708,8.19,1.0201,0.0852,0.3384,1.6845,145.997,151.150315,7.348,92.441,97.022,320186.3653708552,0.011,0
2026-09-14T12:53:39Z,0.349,26.7673,8.19,1.0201,0.0852,0.3384,1.6996,140.905,145.872483,7.3624,92.519,97.508,292286.18147682166,0.009,0
2026-09-14T12:53:39Z,0.351,26.7635,8.19,1.0163,0.0852,0.3384,1.6845,132.424,137.08854,7.3753,92.573,107.45,249214.51184264434,0.007,0
2026-09-14T12:53:39Z,0.352,26.7597,8.19,1.0163,0.0852,0.3384,1.6845,118.296,122.464117,7.3863,92.61,89.956,186543.1338557938,0.006,0
2026-09-14T12:53:39Z,0.353,26.7559,8.19,1.0086,0.0852,0.3384,1.6241,94.75,98.099368,7.3952,92.636,113.63,105587.83363638585,0.005,0
2026-09-14T12:53:39Z,0.354,26.752,8.1,1.0277,0.0852,0.2538,1.7449,55.506,57.497025,7.402,92.654,83.549,27083.431310384298,0.005,0
2026-09-14T12:53:39Z,0.356,26.748,8.1,1.0048,0.0852,0.2538,1.6845,-9.898,-10.162186,7.4069,92.659,110.75,NA,0.005,0
2026-09-14T12:53:39Z,0.357,26.7439,8.1,1.0086,0.0852,0.2538,1.7147,-118.904,-122.916715,7.4103,92.652,92.977,NA,0.005,0
2026-09-14T12:53:39Z,0.358,26.7396,8.1,1.0277,0.0852,0.2538,1.6543,-300.583,-310.830429,7.413,92.641,109.32,NA,0.005,0
2026-09-14T12:53:39Z,0.359,26.7348,8.19,1.0849,0.0852,0.2115,1.5486,-414.134,-428.281964,7.4152,92.635,125.14,NA,0.006,0
2026-09-14T12:53:39Z,0.361,26.7293,8.19,1.0811,0.0852,0.2115,1.5637,-300.587,-310.860041,7.4164,92.641,111.14,NA,0.007,0
2026-09-14T12:53:39Z,0.362,26.7235,8.19,1.0887,0.0852,0.2115,1.5486,-118.905,-122.96981,7.4167,92.665,105.72,NA,0.009,0
2026-09-14T12:53:39Z,0.365,26.7182,8.19,1.0735,0.0852,0.2115,1.6241,-9.889,-10.232883,7.4167,92.71,116.91,NA,0.011,0
2026-09-14T12:53:39Z,0.368,26.7138,8.19,1.0735,0.0852,0.3384,1.609,55.524,57.409909,7.4169,92.778,115.59,27032.077190541368,0.013,0
2026-09-14T12:53:39Z,0.372,26.71,8.19,1.0659,0.0852,0.3384,1.5183,94.777,97.996646,7.4178,92.866,114.54,105555.45663003072,0.015,0
2026-09-14T12:53:39Z,0.376,26.7066,8.19,1.1002,0.0852,0.3384,1.5939,118.334,122.350457,7.4199,92.962,118.75,186614.44443983358,0.016,0
2026-09-14T12:53:39Z,0.382,26.7034,8.19,1.0735,0.0852,0.3384,1.6392,132.474,136.96569,7.4239,93.052,109.93,249422.57714078104,0.016,0
2026-09-14T12:53:39Z,0.387,26.7003,8.19,1.104,0.0852,0.3807,1.6543,140.96,145.733729,7.4297,93.125,126.81,292595.0573308995,0.015,0
2026-09-14T12:53:39Z,0.391,26.697,8.19,1.0926,0.0852,0.3807,1.6241,146.052,150.990712,7.4371,93.173,117.14,320552.8649505493,0.014,0
2026-09-14T12:53:39Z,0.394,26.6938,8.19,1.1002,0.0852,0.3807,1.5637,149.11,154.14251,7.4452,93.198,127.55,338091.51488314907,0.012,0
2026-09-14T12:53:39Z,0.396,26.6909,8.19,1.0773,0.0852,0.3807,1.5637,150.941,156.025594,7.4528,93.203,128.83,348862.9868937626,0.009,0
2026-09-14T12:53:39Z,0.398,26.6882,8.19,1.0697,0.0852,0.3807,1.6392,152.033,157.142119,7.459,93.189,131.55,355366.2175761738,0.007,0
2026-09-14T12:53:39Z,0.399,26.6852,8.28,1.0811,0.0852,0.3384,1.609,152.687,157.803853,7.4633,93.162,111.98,359281.86543206824,0.006,0
2026-09-14T12:53:39Z,0.401,26.6819,8.28,1.0735,0.0852,0.3384,1.6241,153.082,158.199282,7.4657,93.135,118.96,361663.01979190455,0.005,0
2026-09-14T12:53:39Z,0.402,26.6781,8.28,1.0697,0.0852,0.3384,1.5939,153.318,158.431848,7.4666,93.107,124.57,363103.4561620898,0.004,0
2026-09-14T12:53:39Z,0.402,26.6739,8.28,1.0926,0.0852,0.3384,1.6392,153.454,158.563569,7.4661,93.078,127.36,363959.9776073139,0.003,0
2026-09-14T12:53:39Z,0.403,26.6693,8.19,1.0811,0.0852,0.2538,1.5486,153.532,158.637585,7.4645,93.054,114.02,364484.6378517468,0.002,0
2026-09-14T12:53:39Z,0.403,26.665,8.19,1.0887,0.0852,0.2538,1.5183,153.573,158.673636,7.4629,93.047,129.62,364779.738140336,0.002,0
2026-09-14T12:53:39Z,0.404,26.6613,8.19,1.0811,0.0852,0.2538,1.5637,153.589,158.685341,7.4612,93.05,125.54,364919.63406710257,0.002,0
2026-09-14T12:53:39Z,0.404,26.6585,8.19,1.0735,0.0852,0.2538,1.609,153.595,158.687848,7.4592,93.055,134.29,364987.9890218442,0.001,0
2026-09-14T12:53:39Z,0.404,26.6562,8.28,1.0811,0.0852,0.3384,1.6543,153.597,158.685832,7.4576,93.075,115.57,365020.0523568703,0.001,0
2026-09-14T12:53:39Z,0.404,26.6543,8.28,1.0926,0.0852,0.3384,1.5939,153.593,158.678755,7.4573,93.107,120.89,365014.54449939844,0.001,0
2026-09-14T12:53:39Z,0.405,26.6527,8.28,1.0849,0.0852,0.3384,1.5939,153.583,158.664731,7.4578,93.138,133.65,364962.22339192743,0.001,0
2026-09-14T12:53:39Z,0.405,26.6513,8.28,1.0849,0.0852,0.3384,1.5939,153.574,158.652043,7.4584,93.156,121.78,364913.9774162209,0.001,0
2026-09-14T12:53:39Z,0.405,26.6501,8.28,1.0659,0.0852,0.3384,1.7147,153.574,158.649333,7.4601,93.154,129.76,364920.89966442756,0.001,0
2026-09-14T12:53:39Z,0.406,26.649,8.28,1.0849,0.0852,0.3384,1.5788,153.575,158.647861,7.4629,93.143,130.72,364933.2298119373,0.002,0
2026-09-14T12:53:39Z,0.406,26.648,8.28,1.0697,0.0852,0.3384,1.5939,153.57,158.639219,7.4655,93.143,135.79,364901.2548902263,0.002,0
2026-09-14T12:53:39Z,0.407,26.647,8.28,1.0659,0.0852,0.3384,1.6241,153.563,158.629119,7.4671,93.148,123.65,364860.6599580827,0.002,0
2026-09-14T12:53:39Z,0.407,26.6461,8.28,1.0926,0.0852,0.3384,1.6543,153.565,158.62689,7.467,93.148,135.52,364864.68845866976,0.002,0
2026-09-14T12:53:39Z,0.408,26.6452,8.28,1.0697,0.0852,0.2961,1.5486,153.57,158.62793,7.4663,93.154,134.61,364888.0447568237,0.002,0
2026-09-14T12:53:39Z,0.408,26.6442,8.28,1.0887,0.0852,0.2961,1.6241,153.567,158.620493,7.4664,93.171,134.15,364863.1929375118,0.002,0
2026-09-14T12:53:39Z,0.409,26.6431,8.28,1.0659,0.0852,0.2961,1.6241,153.559,158.606602,7.4668,93.202,130.84,364802.0950681449,0.003,0
2026-09-14T12:53:39Z,0.409,26.6419,8.28,1.0735,0.0852,0.2961,1.5939,153.552,158.594577,7.4671,93.249,129.96,364753.9433888349,0.004,0
2026-09-14T12:53:39Z,0.41,26.6405,8.28,1.0659,0.0852,0.3384,1.6241,153.547,158.585221,7.4677,93.303,152.63,364725.3929759722,0.004,0
2026-09-14T12:53:39Z,0.411,26.6389,8.28,1.0659,0.0852,0.3384,1.6543,153.542,158.576036,7.4693,93.341,132.73,364701.6753966705,0.005,0
2026-09-14T12:53:39Z,0.413,26.6374,8.28,1.0697,0.0852,0.3384,1.6543,153.535,158.564575,7.472,93.365,147.03,364662.59105453384,0.006,0
2026-09-14T12:53:39Z,0.415,26.6358,8.28,1.0849,0.0852,0.3384,1.609,153.526,158.551788,7.476,93.383,143.68,364617.57938182366,0.007,0
2026-09-14T12:53:39Z,0.417,26.6343,8.28,1.104,0.0852,0.2961,1.6392,153.519,158.542283,7.4805,93.388,147.73,364590.05676739453,0.007,0
2026-09-14T12:53:39Z,0.419,26.6328,8.28,1.0849,0.0852,0.2961,1.6543,153.513,158.533523,7.4838,93.382,143.96,364566.937130547,0.007,0
2026-09-14T12:53:39Z,0.42,26.6316,8.28,1.1307,0.0852,0.2961,1.5939,153.502,158.519166,7.4859,93.378,152.83,364505.0033037795,0.007,0
2026-09-14T12:53:39Z,0.422,26.6306,8.28,1.146,0.0852,0.2961,1.6845,153.489,158.503398,7.4874,93.385,157.69,364430.9132140041,0.007,0
2026-09-14T12:53:39Z,0.424,26.6297,8.28,1.1498,0.0852,0.2961,1.5486,153.483,158.494039,7.4879,93.4,158.61,364392.7929608434,0.008,0
2026-09-14T12:53:39Z,0.426,26.6288,8.28,1.1269,0.0852,0.3807,1.5788,153.48,158.488592,7.4875,93.423,170.04,364377.7914384612,0.008,0
2026-09-14T12:53:39Z,0.428,26.6279,8.28,1.1193,0.0852,0.3807,1.609,153.476,158.481597,7.4874,93.449,164.08,364353.6417654408,0.009,0
2026-09-14T12:53:39Z,0.431,26.6269,8.28,1.1574,0.0852,0.3807,1.6543,153.472,158.475197,7.488,93.477,175.36,364334.9177933848,0.009,0
2026-09-14T12:53:39Z,0.433,26.626,8.28,1.1574,0.0852,0.3807,1.6845,153.47,158.471692,7.4894,93.505,162.45,364331.3912236273,0.01,0
2026-09-14T12:53:39Z,0.435,26.6252,8.19,1.1612,0.0426,0.3807,1.609,153.473,158.474158,7.4914,93.53,172.57,364361.2417881232,0.011,0
2026-09-14T12:53:39Z,0.438,26.6244,8.19,1.1307,0.0426,0.3807,1.7147,153.483,158.48325,7.4936,93.553,190.5,364430.2573009001,0.012,0
2026-09-14T12:53:39Z,0.441,26.6237,8.19,1.146,0.0426,0.3807,1.6996,153.494,158.493377,7.4959,93.576,194.26,364503.49035692716,0.013,0
2026-09-14T12:53:39Z,0.444,26.6233,8.19,1.1421,0.0426,0.3807,1.5939,153.504,158.503232,7.4982,93.603,191.75,364569.3929342805,0.014,0
2026-09-14T12:53:39Z,0.448,26.6229,8.28,1.146,0.0426,0.2961,1.6241,153.511,158.511433,7.5003,93.634,204.31,364625.52444687835,0.016,0
2026-09-14T12:53:39Z,0.452,26.6225,8.28,1.1345,0.0426,0.2961,1.5939,153.517,158.520169,7.5021,93.669,193.63,364684.8254517804,0.018,0
2026-09-14T12:53:39Z,0.456,26.6221,8.28,1.146,0.0426,0.2961,1.609,153.532,158.543793,7.504,93.713,202.67,364832.1873449503,0.021,0
2026-09-14T12:53:39Z,0.462,26.6219,8.28,1.1383,0.0426,0.2961,1.5939,153.566,158.59662,7.5062,93.777,188.16,365148.56135568407,0.025,0
2026-09-14T12:53:39Z,0.468,26.6222,8.28,1.1231,0.0426,0.2961,1.5486,153.601,158.668688,7.5087,93.871,204.89,365569.46421311237,0.03,0
2026-09-14T12:53:39Z,0.476,26.6233,8.28,1.1498,0.0852,0.2961,1.7147,153.607,158.729115,7.5114,94.012,203.82,365906.32847017184,0.035,0
2026-09-14T12:53:39Z,0.485,26.6259,8.28,1.1307,0.0852,0.2961,1.6392,153.589,158.767968,7.5146,94.212,206.05,366086.6919519837,0.04,0
2026-09-14T12:53:39Z,0.497,26.6316,8.28,1.1307,0.0852,0.2961,1.5335,153.577,158.795612,7.5189,94.462,204.8,366141.1459841586,0.044,0
2026-09-14T12:53:39Z,0.51,26.6431,8.28,1.1536,0.0852,0.2961,1.6996,153.574,158.809401,7.5249,94.727,178.32,366002.2177782212,0.044,0
2026-09-14T12:53:39Z,0.525,26.6609,8.28,1.2032,0.0426,0.3384,1.5486,153.571,158.809004,7.5337,94.961,180.94,365658.6709105803,0.042,0
2026-09-14T12:53:39Z,0.537,26.6798,8.28,1.1879,0.0426,0.3384,1.6694,153.572,158.810347,7.5472,95.126,179.1,365304.78313225886,0.036,0
2026-09-14T12:53:39Z,0.547,26.6928,8.28,1.1994,0.0426,0.3384,1.6241,153.579,158.823805,7.5655,95.194,171.86,365135.6915354439,0.027,0
2026-09-14T12:53:39Z,0.552,26.6982,8.28,1.1994,0.0426,0.3384,1.6392,153.581,158.842948,7.5859,95.159,198.88,365145.5624906825,0.018,0
2026-09-14T12:53:39Z,0.554,26.6991,8.28,1.1269,0.0852,0.2961,1.6241,153.572,158.856848,7.6046,95.038,194.52,365210.48841338,0.009,0
2026-09-14T12:53:39Z,0.553,26.6992,8.28,1.1574,0.0852,0.2961,1.6241,153.562,158.867212,7.6177,94.867,203.82,365269.8224291431,0.002,0
2026-09-14T12:53:39Z,0.551,26.7013,8.28,1.1727,0.0852,0.2961,1.5939,153.565,158.876804,7.6229,94.682,218.5,365286.3475948615,-0.003,0
2026-09-14T12:53:39Z,0.549,26.7067,8.28,1.1269,0.0852,0.2961,1.6241,153.575,158.876161,7.6194,94.514,214.36,365179.2929559509,-0.004,0
2026-09-14T12:53:39Z,0.547,26.7143,8.28,1.1803,0.0852,0.3384,1.5939,153.582,158.8611,7.6087,94.389,230.8,364945.09659372806,-0.004,0
2026-09-14T12:53:39Z,0.546,26.7208,8.28,1.2223,0.0852,0.3384,1.6694,153.591,158.84564,7.5941,94.321,202.85,364729.70299033547,-0.003,0
2026-09-14T12:53:39Z,0.546,26.7229,8.28,1.1994,0.0852,0.3384,1.5486,153.606,158.839685,7.579,94.306,207.17,364654.47631397704,-0.001,0
2026-09-14T12:53:39Z,0.546,26.7195,8.28,1.2146,0.0852,0.3384,1.6996,153.62,158.837636,7.566,94.327,216.14,364707.28151893866,0.001,0
2026-09-14T12:53:39Z,0.547,26.7122,8.28,1.2223,0.0852,0.3384,1.6845,153.63,158.836943,7.557,94.367,195.02,364842.57630825444,0.002,0
2026-09-14T12:53:39Z,0.548,26.7041,8.37,1.1994,0.0426,0.423,1.6543,153.638,158.839424,7.5527,94.407,200.92,365011.97109028173,0.002,0
2026-09-14T12:53:39Z,0.549,26.6973,8.37,1.1879,0.0426,0.423,1.6694,153.642,158.843737,7.5524,94.436,205.51,365167.4329735773,0.002,0
2026-09-14T12:53:39Z,0.549,26.6921,8.37,1.1994,0.0426,0.423,1.7147,153.644,158.849028,7.5548,94.454,200,365298.1480949234,0.002,0
2026-09-14T12:53:39Z,0.549,26.6885,8.37,1.2146,0.0426,0.423,1.5486,153.649,158.85671,7.5584,94.467,202.94,365412.4369162495,0.001,0
2026-09-14T12:53:39Z,0.549,26.6866,8.28,1.207,0.0852,0.2961,1.5939,153.655,158.862818,7.5619,94.48,223.2,365484.91497621784,0.001,0
2026-09-14T12:53:39Z,0.55,26.6865,8.28,1.1917,0.0852,0.2961,1.6241,153.654,158.85896,7.5643,94.489,213.48,365464.0150858585,0.001,0
2026-09-14T12:53:39Z,0.55,26.6876,8.28,1.1841,0.0852,0.2961,1.6543,153.645,158.844109,7.5656,94.493,206.63,365355.1566654156,0.001,0
2026-09-14T12:53:39Z,0.55,26.6884,8.28,1.1994,0.0852,0.2961,1.5637,153.636,158.828332,7.5665,94.497,229.3,365246.58704168594,0.001,0
2026-09-14T12:53:39Z,0.55,26.6883,8.28,1.207,0.0852,0.3807,1.6543,153.633,158.819446,7.5676,94.507,291.46,365195.9774841706,0.001,0
2026-09-14T12:53:39Z,0.55,26.6873,8.28,1.207,0.0852,0.3807,1.6543,153.633,158.813076,7.5684,94.52,284.21,365177.4520973067,0.001,0
2026-09-14T12:53:39Z,0.55,26.6855,8.28,1.1879,0.0852,0.3807,1.5335,153.628,158.803515,7.5689,94.533,273.48,365155.3647762286,0.001,0
2026-09-14T12:53:39Z,0.55,26.6834,8.28,1.146,0.0852,0.3807,1.6392,153.621,158.792222,7.5696,94.54,323.43,365128.77618482633,0,0
2026-09-14T12:53:39Z,0.551,26.6814,8.28,1.1269,0.0852,0.3807,1.6845,153.616,158.784202,7.5706,94.543,348.77,365119.61865288636,0,0
2026-09-14T12:53:39Z,0.551,26.6796,8.37,1.1383,0.0426,0.3384,1.6845,153.611,158.777315,7.5719,94.548,372.34,365113.332416808,0.001,0
2026-09-14T12:53:39Z,0.551,26.678,8.37,1.1269,0.0426,0.3384,1.7147,153.606,158.769725,7.5732,94.554,460.21,365099.0657330498,0.001,0
2026-09-14T12:53:39Z,0.551,26.6767,8.37,1.2032,0.0426,0.3384,1.6845,153.605,158.767425,7.5739,94.557,454.54,365110.3299987295,0.001,0
2026-09-14T12:53:39Z,0.551,26.6758,8.37,1.1879,0.0426,0.3384,1.6845,153.609,158.7698,7.5743,94.555,535.35,365141.5802434691,0,0
2026-09-14T12:53:39Z,0.552,26.6751,8.37,1.2108,0.0852,0.3384,1.6543,153.609,158.769467,7.5748,94.549,715.52,365152.9993980221,0,0
2026-09-14T12:53:39Z,0.552,26.6744,8.37,1.207,0.0852,0.3384,1.609,153.607,158.766339,7.5754,94.543,614.16,365147.89580938494,0,0
2026-09-14T12:53:39Z,0.552,26.6739,8.37,1.1727,0.0852,0.3384,1.6543,153.605,158.76359,7.5757,94.535,931.52,365141.20748759946,0,0
2026-09-14T12:53:39Z,0.551,26.6735,8.37,1.2223,0.0852,0.3384,1.5637,153.603,158.760485,7.5755,94.53,739.55,365130.5020420424,0,0
2026-09-14T12:53:39Z,0.551,26.6732,8.28,1.2146,0.0426,0.3384,1.5939,153.6,158.756198,7.5751,94.528,559.73,365110.896821086,0.001,0
2026-09-14T12:53:39Z,0.552,26.6731,8.28,1.1917,0.0426,0.3384,1.5939,153.595,158.749584,7.5746,94.532,604.23,365073.7122177622,0.001,0
2026-09-14T12:53:39Z,0.552,26.6729,8.28,1.2604,0.0426,0.3384,1.7449,153.594,158.746896,7.5741,94.537,595.62,365061.6477809858,0.001,0
2026-09-14T12:53:39Z,0.552,26.6726,8.28,1.2795,0.0426,0.3384,1.7147,153.6,158.751425,7.5736,94.544,548.06,365094.1560578653,0.001,0
2026-09-14T12:53:39Z,0.552,26.6722,8.28,1.2528,0.0426,0.3384,1.6845,153.602,158.752354,7.5736,94.554,519.53,365107.2968895803,0.001,0
2026-09-14T12:53:39Z,0.553,26.6716,8.28,1.2528,0.0852,0.423,1.5939,153.598,158.745924,7.5739,94.569,551.52,365080.7606546233,0.001,0
2026-09-14T12:53:39Z,0.553,26.6711,8.28,1.1994,0.0852,0.423,1.5637,153.597,158.742443,7.5744,94.586,446.13,365069.74480060017,0.002,0
2026-09-14T12:53:39Z,0.553,26.6705,8.28,1.2223,0.0852,0.423,1.6241,153.597,158.740984,7.575,94.599,454.74,365072.5934134869,0.002,0
2026-09-14T12:53:39Z,0.554,26.67,8.28,1.2146,0.0852,0.423,1.6543,153.591,158.733141,7.5759,94.607,342.98,365035.79271874024,0.001,0
2026-09-14T12:53:39Z,0.554,26.6694,8.37,1.2032,0.0852,0.2961,1.6694,153.589,158.728847,7.5773,94.611,303.81,365021.8831851657,0.001,0
2026-09-14T12:53:39Z,0.554,26.6688,8.37,1.1956,0.0852,0.2961,1.609,153.596,158.734972,7.5787,94.616,279.25,365069.56241176935,0.001,0
2026-09-14T12:53:39Z,0.555,26.6681,8.37,1.1994,0.0852,0.2961,1.609,153.599,158.737119,7.5798,94.621,266.16,365095.6415815715,0.001,0
2026-09-14T12:53:39Z,0.555,26.6675,8.37,1.1879,0.0852,0.2961,1.6392,153.588,158.723835,7.5805,94.623,242.2,365028.58584047033,0.001,0
2026-09-14T12:53:39Z,0.555,26.6669,8.28,1.1879,0.0852,0.3384,1.5939,153.574,158.707609,7.5809,94.621,251.21,364944.1468884132,0.001,0
2026-09-14T12:53:39Z,0.555,26.6664,8.28,1.1803,0.0852,0.3384,1.5788,153.573,158.704155,7.5814,94.618,254.95,364933.29006754904,0.001,0
2026-09-14T12:53:39Z,0.556,26.6659,8.28,1.207,0.0852,0.3384,1.6543,153.575,158.704537,7.5819,94.616,252.14,364945.1064136228,0.001,0
2026-09-14T12:53:39Z,0.556,26.6654,8.28,1.1994,0.0852,0.3384,1.6543,153.569,158.696831,7.5821,94.616,244.69,364909.11824350304,0.001,0
2026-09-14T12:53:39Z,0.556,26.6649,8.28,1.1994,0.0852,0.423,1.5939,153.561,158.686998,7.582,94.618,225.88,364860.5608801216,0,0
2026-09-14T12:53:39Z,0.556,26.6643,8.28,1.1994,0.0852,0.423,1.6543,153.556,158.680434,7.5818,94.62,230.85,364833.23618962534,0,0
2026-09-14T12:53:39Z,0.556,26.6638,8.28,1.1307,0.0852,0.423,1.5183,153.552,158.675387,7.5817,94.623,243.42,364812.96578424773,0,0
2026-09-14T12:53:39Z,0.556,26.6632,8.28,1.1345,0.0852,0.423,1.5637,153.549,158.670512,7.5819,94.628,225,364795.6230776869,0,0
2026-09-14T12:53:39Z,0.556,26.6627,8.28,1.1536,0.0852,0.423,1.6996,153.544,158.664508,7.5821,94.632,236.69,364769.69779993733,0,0
2026-09-14T12:53:39Z,0.556,26.6623,8.37,1.1269,0.0852,0.423,1.6543,153.537,158.655774,7.5823,94.632,216.14,364725.7307051088,0,0
2026-09-14T12:53:39Z,0.556,26.6619,8.37,1.207,0.0852,0.423,1.7449,153.529,158.645989,7.5826,94.629,225.39,364675.55625650217,0,0
2026-09-14T12:53:39Z,0.556,26.6615,8.37,1.1803,0.0852,0.423,1.5939,153.525,158.640561,7.583,94.628,235.51,364651.1270466303,0,0
2026-09-14T12:53:39Z,0.556,26.661,8.37,1.207,0.0852,0.423,1.5637,153.524,158.638041,7.5834,94.63,227.56,364645.7893652511,0,0
2026-09-14T12:53:39Z,0.557,26.6606,8.28,1.1956,0.1278,0.3807,1.5788,153.521,158.633749,7.5835,94.633,225.49,364628.0722826217,0,0
2026-09-14T12:53:39Z,0.557,26.6601,8.28,1.2108,0.1278,0.3807,1.6241,153.518,158.63055,7.5833,94.636,209.66,364618.723129508,0,0
2026-09-14T12:53:39Z,0.557,26.6597,8.28,1.1917,0.1278,0.3807,1.6543,153.52,158.631597,7.5832,94.636,227.36,364632.54998052656,0,0
2026-09-14T12:53:39Z,0.557,26.659300000000002,8.28,1.1917,0.1278,0.3807,1.5335,153.526,158.63717,7.5835,94.633,216.94,364673.11988661584,0,0
2026-09-14T12:53:39Z,0.557,26.659,8.37,1.2223,0.0852,0.3384,1.609,153.534,158.644747,7.5838,94.63,222.96,364723.6246293985,0,0
2026-09-14T12:53:39Z,0.557,26.6587,8.37,1.1879,0.0852,0.3384,1.6996,153.538,158.648333,7.584,94.629,220.88,364750.5485174798,0,0
2026-09-14T12:53:39Z,0.557,26.6584,8.37,1.1994,0.0852,0.3384,1.609,153.54,158.648883,7.5841,94.633,238.29,364759.53135251347,0,0
2026-09-14T12:53:39Z,0.557,26.6582,8.37,1.1917,0.0852,0.3384,1.6392,153.542,158.650552,7.5839,94.639,219.97,364773.21688365715,0.001,0
2026-09-14T12:53:39Z,0.558,26.6579,8.37,1.1879,0.0852,0.3384,1.609,153.546,158.653785,7.5836,94.645,226.03,364798.0574356526,0.001,0
2026-09-14T12:53:39Z,0.558,26.6577,8.28,1.1994,0.1278,0.423,1.473,153.548,158.655437,7.5836,94.651,203.24,364811.6436635633,0.001,0
2026-09-14T12:53:39Z,0.558,26.6574,8.28,1.2032,0.1278,0.423,1.6845,153.541,158.647932,7.584,94.653,201.53,364773.02137598884,0.001,0
2026-09-14T12:53:39Z,0.558,26.6571,8.28,1.2184,0.1278,0.423,1.7147,153.528,158.633275,7.5845,94.653,195.79,364692.13642281236,0.001,0
2026-09-14T12:53:39Z,0.559,26.6569,8.28,1.1727,0.1278,0.423,1.6694,153.519,158.623592,7.585,94.653,200.57,364638.74081439525,0.001,0
2026-09-14T12:53:39Z,0.559,26.6568,8.28,1.2566,0.0852,0.2961,1.7752,153.52,158.624316,7.5855,94.654,199.4,364644.92916703556,0.001,0
2026-09-14T12:53:39Z,0.559,26.6566,8.28,1.2451,0.0852,0.2961,1.7449,153.524,158.627624,7.5857,94.655,200.44,364668.2968846813,0.001,0
2026-09-14T12:53:39Z,0.56,26.6563,8.28,1.2719,0.0852,0.2961,1.609,153.524,158.626382,7.5857,94.658,204.04,364666.68913447834,0.002,0
2026-09-14T12:53:39Z,0.56,26.6561,8.28,1.2451,0.0852,0.2961,1.6845,153.527,158.628275,7.5858,94.664,189.84,364681.69637496053,0.002,0
2026-09-14T12:53:39Z,0.561,26.6558,8.37,1.2719,0.0852,0.3807,1.6543,153.533,158.633807,7.5859,94.672,199.87,364720.1193903765,0.002,0
2026-09-14T12:53:39Z,0.561,26.6556,8.37,1.2528,0.0852,0.3807,1.5939,153.533,158.63243,7.586,94.681,193.67,364715.8034707512,0.002,0
2026-09-14T12:53:39Z,0.562,26.6553,8.37,1.2642,0.0852,0.3807,1.5788,153.529,158.627785,7.5863,94.692,205.64,364694.08555193024,0.002,0
2026-09-14T12:53:39Z,0.562,26.655,8.37,1.2375,0.0852,0.3807,1.5788,153.532,158.630656,7.5868,94.709,187.79,364716.78439132875,0.002,0
2026-09-14T12:53:39Z,0.562,26.6547,8.37,1.2451,0.0852,0.3807,1.6241,153.539,158.637802,7.5874,94.733,175.9,364764.7501241869,0.002,0
2026-09-14T12:53:39Z,0.563,26.6545,8.37,1.2413,0.0852,0.3807,1.5788,153.541,158.639103,7.5882,94.758,175.67,364776.26139276923,0.002,0
2026-09-14T12:53:39Z,0.563,26.6543,8.37,1.2451,0.0852,0.3807,1.6845,153.542,158.638915,7.5892,94.778,186.2,364778.9726204584,0.002,0
2026-09-14T12:53:39Z,0.564,26.6541,8.37,1.2375,0.0852,0.3807,1.6392,153.549,158.645204,7.5905,94.793,198.62,364819.96696886455,0.002,0
2026-09-14T12:53:39Z,0.564,26.6538,8.37,1.2566,0.0852,0.3807,1.6694,153.555,158.651631,7.5925,94.803,176.63,364863.6922273399,0.002,0
2026-09-14T12:53:39Z,0.565,26.6536,8.37,1.2566,0.0852,0.3384,1.6543,153.556,158.651893,7.5945,94.805,192.62,364869.06401922164,0.002,0
2026-09-14T12:53:39Z,0.565,26.6534,8.37,1.2604,0.0852,0.3384,1.6241,153.555,158.650069,7.5961,94.801,195.79,364862.1050096969,0.002,0
2026-09-14T12:53:39Z,0.566,26.6532,8.37,1.3024,0.0852,0.3384,1.7147,153.555,158.649679,7.5974,94.792,191.33,364863.62256799673,0.002,0
2026-09-14T12:53:39Z,0.566,26.653,8.37,1.2719,0.0852,0.3384,1.7449,153.553,158.646611,7.5982,94.784,198.31,364849.30984588433,0.001,0
2026-09-14T12:53:39Z,0.566,26.6528,8.37,1.2528,0.0852,0.2961,1.5939,153.547,158.640049,7.5985,94.781,173.39,364814.3437233149,0.001,0
2026-09-14T12:53:39Z,0.566,26.6526,8.37,1.2642,0.0852,0.2961,1.6996,153.544,158.636257,7.5981,94.783,175.17,364795.7524125852,0.001,0
2026-09-14T12:53:39Z,0.567,26.6524,8.37,1.2642,0.0852,0.2961,1.6845,153.543,158.634225,7.5974,94.789,179.29,364787.5643529192,0.001,0
2026-09-14T12:53:39Z,0.567,26.6522,8.37,1.2337,0.0852,0.2961,1.6845,153.538,158.629403,7.5968,94.799,183.63,364762.88572607236,0.001,0
2026-09-14T12:53:39Z,0.567,26.652,8.37,1.249,0.0852,0.3384,1.6241,153.534,158.624512,7.5966,94.806,180.58,364737.8000998625,0,0
2026-09-14T12:53:39Z,0.567,26.6518,8.37,1.2451,0.0852,0.3384,1.6392,153.532,158.622257,7.5968,94.811,190.09,364728.29449746234,0,0
2026-09-14T12:53:39Z,0.567,26.6516,8.37,1.2223,0.0852,0.3384,1.6845,153.532,158.622037,7.5973,94.817,193.17,364730.8162751646,-0.001,0
2026-09-14T12:53:39Z,0.566,26.6515,8.37,1.2604,0.0852,0.3384,1.6543,153.534,158.623792,7.5981,94.819,185.44,364743.1000058628,-0.002,0
2026-09-14T12:53:39Z,0.566,26.6513,8.37,1.268,0.0852,0.3384,1.609,153.534,158.623983,7.5987,94.816,194.01,364748.05147124873,-0.002,0
2026-09-14T12:53:39Z,0.565,26.6512,8.37,1.2528,0.0852,0.423,1.6845,153.533,158.622661,7.5991,94.81,193.42,364742.1489420142,-0.003,0
2026-09-14T12:53:39Z,0.564,26.6512,8.37,1.2451,0.0852,0.423,1.5939,153.534,158.623481,7.5996,94.805,192.58,364746.9958752194,-0.005,0
2026-09-14T12:53:39Z,0.563,26.6511,8.37,1.2642,0.0852,0.423,1.5335,153.533,158.622654,7.5998,94.799,207.39,364744.0197140913,-0.006,0
2026-09-14T12:53:39Z,0.562,26.651,8.37,1.2795,0.0852,0.423,1.6694,153.53,158.619958,7.5995,94.791,181.33,364729.99665887025,-0.008,0
2026-09-14T12:53:39Z,0.559,26.6509,8.37,1.2833,0.1278,0.3384,1.6241,153.535,158.6267,7.5991,94.776,222.47,364771.7575270927,-0.011,0
2026-09-14T12:53:39Z,0.557,26.6509,8.37,1.2604,0.1278,0.3384,1.6694,153.553,158.648685,7.5986,94.751,204.8,364901.72113411024,-0.014,0
2026-09-14T12:53:39Z,0.553,26.6509,8.37,1.2528,0.1278,0.3384,1.6543,153.579,158.679752,7.5982,94.713,199.53,365085.42081653967,-0.019,0
2026-09-14T12:53:39Z,0.548,26.6512,8.37,1.249,0.1278,0.3384,1.5183,153.61,158.720169,7.5974,94.647,189.84,365318.74885121366,-0.024,0
2026-09-14T12:53:39Z,0.542,26.6517,8.37,1.2566,0.0426,0.3807,1.7147,153.639,158.762677,7.5962,94.532,192.79,365560.71082621376,-0.031,0
2026-09-14T12:53:39Z,0.534,26.6526,8.37,1.2604,0.0426,0.3807,1.6543,153.651,158.796567,7.5941,94.346,217.03,365744.07678578905,-0.039,0
2026-09-14T12:53:39Z,0.524,26.6542,8.37,1.2642,0.0426,0.3807,1.6241,153.659,158.840897,7.5908,94.081,204.09,365975.8979283803,-0.047,0
2026-09-14T12:53:39Z,0.51,26.6569,8.37,1.2299,0.0426,0.3807,1.6392,153.665,158.903481,7.5852,93.752,212.27,366294.8370350849,-0.052,0
2026-09-14T12:53:39Z,0.494,26.6611,8.37,1.2642,0.0852,0.2115,1.5486,153.657,158.960932,7.5754,93.404,212.87,366554.67623294453,-0.055,0
2026-09-14T12:53:39Z,0.476,26.668,8.37,1.2299,0.0852,0.2115,1.609,153.645,159.00653,7.5596,93.081,225.88,366692.4382751774,-0.055,0
2026-09-14T12:53:39Z,0.46,26.6799,8.37,1.1879,0.0852,0.2115,1.6543,153.654,159.05244,7.5367,92.819,231.7,366735.9829404557,-0.052,0
2026-09-14T12:53:39Z,0.447,26.698,8.37,1.2032,0.0852,0.2115,1.6392,153.684,159.098881,7.508,92.642,297.15,366663.58457739494,-0.046,0
2026-09-14T12:53:39Z,0.437,26.7195,8.37,1.207,0.0852,0.2115,1.609,153.714,159.130179,7.4772,92.556,229.54,366436.341421394,-0.04,0
2026-09-14T12:53:39Z,0.429,26.7383,8.37,1.1917,0.0426,0.3807,1.7601,153.727,159.138646,7.4488,92.551,199.96,366126.0522582521,-0.036,0
2026-09-14T12:53:39Z,0.422,26.7503,8.37,1.2032,0.0426,0.3807,1.6996,153.729,159.134557,7.4262,92.599,211.81,365872.08192906575,-0.034,0
2026-09-14T12:53:39Z,0.415,26.7551,8.37,1.2184,0.0426,0.3807,1.5939,153.731,159.132851,7.4114,92.665,200.39,365770.1404317831,-0.035,0
2026-09-14T12:53:39Z,0.407,26.7552,8.37,1.207,0.0426,0.3807,1.5486,153.745,159.145099,7.4045,92.709,231.25,365840.59425284876,-0.039,0
2026-09-14T12:53:39Z,0.397,26.7536,8.37,1.1994,0.0852,0.423,1.6694,153.768,159.17056,7.4043,92.707,208.84,366021.6918849712,-0.045,0
2026-09-14T12:53:39Z,0.386,26.7518,8.37,1.1345,0.0852,0.423,1.5637,153.788,159.19598,7.4084,92.634,222.23,366206.44629048085,-0.052,0
2026-09-14T12:53:39Z,0.371,26.7504,8.37,1.1345,0.0852,0.423,1.5183,153.798,159.216115,7.4138,92.451,250.61,366352.34652743523,-0.06,0
2026-09-14T12:53:39Z,0.355,26.7499,8.37,1.1307,0.0852,0.423,1.6694,153.812,159.248359,7.4174,92.145,246.66,366552.67043896636,-0.068,0
2026-09-14T12:53:39Z,0.336,26.7502,8.37,1.1574,0.0852,0.423,1.5637,153.848,159.317342,7.4173,91.73,222.43,366955.1797748432,-0.073,0
2026-09-14T12:53:39Z,0.315,26.7516,8.37,1.1154,0.0852,0.423,1.6543,153.913,159.433445,7.4112,91.22,239.95,367616.0091647285,-0.075,0
2026-09-14T12:53:39Z,0.293,26.7549,8.37,1.1307,0.0852,0.423,1.8054,153.996,159.585545,7.3962,90.632,257.28,368454.50470156776,-0.074,0
2026-09-14T12:53:39Z,0.272,26.7608,8.37,1.1307,0.0852,0.423,1.5939,154.075,159.742056,7.3709,89.962,273.6,369270.0344702299,-0.07,0
2026-09-14T12:53:39Z,0.253,26.7709,8.37,1.1498,0.0852,0.423,1.6241,154.132,159.874576,7.3364,89.184,276.95,369862.49475700216,-0.062,0
2026-09-14T12:53:39Z,0.238,26.7869,8.37,1.0659,0.0852,0.3384,1.6543,154.167,159.976359,7.2936,88.307,320.15,370158.1678456401,-0.052,0
2026-09-14T12:53:39Z,0.227,26.8084,8.37,1.0849,0.0852,0.3384,1.5637,154.182,160.046492,7.2438,87.391,323.93,370159.0877624342,-0.042,0
2026-09-14T12:53:39Z,0.219,26.8326,8.37,1.0544,0.0852,0.3384,1.5939,154.178,160.085641,7.1871,86.487,330.54,369923.68181093305,-0.031,0
2026-09-14T12:53:39Z,0.212,26.8563,8.37,1.0811,0.0852,0.3384,1.4881,154.165,160.104249,7.122,85.628,341.34,369576.31232732825,-0.022,0
2026-09-14T12:53:39Z,0.208,26.8775,8.28,1.0048,0.0852,0.2115,1.6845,154.15,160.111287,7.0492,84.84,346.95,369209.04815450456,-0.015,0
2026-09-14T12:53:39Z,0.205,26.8952,8.28,1.0124,0.0852,0.2115,1.6694,154.129,160.104625,6.9738,84.105,324.35,368828.5543224865,-0.008,0
2026-09-14T12:53:39Z,0.204,26.909300000000002,8.28,1.0163,0.0852,0.2115,1.6694,154.095,160.078478,6.8999,83.346,308.47,368402.5121815705,-0.001,0
2026-09-14T12:53:39Z,0.205,26.9198,8.28,1.0163,0.0852,0.2115,1.6694,154.05,160.035894,6.8301,82.467,309.14,367948.99124764634,0.005,0
2026-09-14T12:53:39Z,0.207,26.9272,8.37,1.0048,0.0852,0.1692,1.7449,154.013,159.997584,6.7663,81.396,321.61,367580.67893082026,0.011,0
2026-09-14T12:53:39Z,0.211,26.9321,8.37,1.0124,0.0852,0.1692,1.7298,154.003,159.983396,6.7071,80.13,334.73,367402.9610227648,0.018,0
2026-09-14T12:53:39Z,0.216,26.9351,8.37,1.0048,0.0852,0.1692,1.6392,154.016,159.989547,6.6462,78.718,339.27,367381.75936708786,0.025,0
2026-09-14T12:53:39Z,0.223,26.9363,8.37,1.0163,0.0852,0.1692,1.6392,154.039,160.001641,6.5759,77.225,335.17,367430.1350207035,0.033,0
2026-09-14T12:53:39Z,0.232,26.9363,8.37,1.0697,0.0852,0.1692,1.5637,154.061,160.006872,6.4905,75.72,330.32,367461.007782029,0.041,0
2026-09-14T12:53:39Z,0.243,26.9352,8.28,1.0773,0.0852,0.3384,1.5637,154.075,159.998615,6.3897,74.286,108.3,367433.35448110243,0.048,0
2026-09-14T12:53:39Z,0.257,26.9329,8.28,1.0735,0.0852,0.3384,1.5788,154.08,159.982683,6.2773,73.009,270.23,367383.4021924276,0.054,0
2026-09-14T12:53:39Z,0.273,26.9291,8.28,1.0735,0.0852,0.3384,1.4579,154.081,159.966853,6.1586,71.938,229.5,367362.80051770783,0.06,0
2026-09-14T12:53:39Z,0.29,26.9233,8.28,1.1994,0.0852,0.3384,1.6543,154.081,159.954917,6.0392,71.085,219.26,367403.52142054244,0.065,0
2026-09-14T12:53:39Z,0.307,26.916,8.37,1.1841,0.0852,0.3807,1.609,154.081,159.947702,5.9256,70.454,225.49,367500.8946125765,0.069,0
2026-09-14T12:53:39Z,0.325,26.909,8.37,1.207,0.0852,0.3807,1.6241,154.076,159.939274,5.8245,70.064,202.54,367585.38612341107,0.073,0
2026-09-14T12:53:39Z,0.344,26.9036,8.37,1.165,0.0852,0.3807,1.5788,154.062,159.923377,5.7397,69.93,163.69,367595.0753128981,0.075,0
2026-09-14T12:53:39Z,0.364,26.8999,8.37,1.1994,0.0852,0.3807,1.5939,154.039,159.899781,5.672,70.034,158.75,367526.6584614782,0.077,0
2026-09-14T12:53:39Z,0.384,26.8975,8.37,1.1841,0.1278,0.423,1.6543,154.016,159.878226,5.6219,70.344,182.28,367445.35774410644,0.078,0
2026-09-14T12:53:39Z,0.405,26.8962,8.37,1.1994,0.1278,0.423,1.6694,154.006,159.868999,5.5909,70.843,179.41,367415.78148902085,0.078,0
2026-09-14T12:53:39Z,0.426,26.8958,8.37,1.2184,0.1278,0.423,1.6543,154.001,159.86563,5.5803,71.474,177.51,367403.54601149465,0.076,0
2026-09-14T12:53:39Z,0.445,26.896,8.37,1.1765,0.1278,0.423,1.6543,153.994,159.859205,5.5885,72.117,181.49,367361.7531351121,0.073,0
2026-09-14T12:53:39Z,0.464,26.8966,8.37,1.2146,0.0852,0.2961,1.5486,153.99,159.856027,5.6133,72.637,164.3,367331.47070329916,0.07,0
2026-09-14T12:53:39Z,0.481,26.8973,8.37,1.1994,0.0852,0.2961,1.5939,153.993,159.859257,5.653,72.927,143.4,367337.1184586377,0.067,0
2026-09-14T12:53:39Z,0.497,26.8977,8.37,1.1803,0.0852,0.2961,1.7449,153.996,159.861739,5.7033,72.936,159.41,367344.1014498884,0.064,0
2026-09-14T12:53:39Z,0.512,26.898,8.37,1.1994,0.0852,0.2961,1.5939,153.995,159.860126,5.7546,72.665,167.76,367328.81715805567,0.062,0
2026-09-14T12:53:39Z,0.527,26.8981,8.37,1.2566,0.0852,0.2961,1.6241,153.99,159.853989,5.796,72.148,202.94,367290.65110392455,0.06,0
2026-09-14T12:53:39Z,0.542,26.8982,8.37,1.268,0.1278,0.2961,1.6694,153.983,159.841692,5.8192,71.433,160.17,367216.1130434144,0.059,0
2026-09-14T12:53:39Z,0.557,26.8982,8.37,1.249,0.1278,0.2961,1.609,153.977,159.827971,5.8199,70.581,172.49,367135.09371977777,0.057,0
2026-09-14T12:53:39Z,0.572,26.898,8.37,1.2757,0.1278,0.2961,1.5939,153.981,159.821191,5.7983,69.659,161.15,367098.89373304596,0.054,0
2026-09-14T12:53:39Z,0.587,26.8974,8.37,1.3176,0.1278,0.2961,1.6845,153.987,159.815537,5.7571,68.727,153.89,367077.0072167297,0.05,0
2026-09-14T12:53:39Z,0.6,26.8959,8.46,1.31,0.0852,0.2538,1.7449,153.99,159.809498,5.7002,67.83,155,367070.09464021336,0.046,0
2026-09-14T12:53:39Z,0.611,26.8933,8.46,1.3291,0.0852,0.2538,1.609,153.994,159.809481,5.6324,67.015,161.96,367119.8165959708,0.04,0
2026-09-14T12:53:39Z,0.62,26.8897,8.46,1.3253,0.0852,0.2538,1.5486,153.993,159.807465,5.5593,66.313,145.5,367176.9124944372,0.035,0
2026-09-14T12:53:39Z,0.627,26.886,8.46,1.371,0.0852,0.2538,1.6241,153.984,159.798903,5.4852,65.726,146.23,367197.27653687174,0.03,0
2026-09-14T12:53:39Z,0.634,26.8831,8.46,1.3138,0.0852,0.423,1.6543,153.972,159.78953,5.4139,65.223,146.26,367197.5140976158,0.026,0
2026-09-14T12:53:39Z,0.64,26.8816,8.46,1.3138,0.0852,0.423,1.6543,153.962,159.780854,5.349,64.769,153.83,367175.0266577145,0.024,0
2026-09-14T12:53:39Z,0.645,26.8814,8.46,1.3138,0.0852,0.423,1.5939,153.955,159.774571,5.293,64.336,152.56,367141.750178711,0.022,0
2026-09-14T12:53:39Z,0.65,26.8819,8.46,1.3481,0.0852,0.423,1.9715,153.955,159.773014,5.2461,63.907,135.79,367122.96802900074,0.021,0
2026-09-14T12:53:39Z,0.655,26.8826,8.46,1.3214,0.0852,0.423,1.8658,153.956,159.771758,5.2059,63.478,145.57,367102.1308372845,0.021,0
2026-09-14T12:53:39Z,0.66,26.8832,8.37,1.3367,0.0852,0.3384,1.9413,153.956,159.766461,5.1696,63.056,135.61,367059.34837181214,0.021,0
2026-09-14T12:53:39Z,0.666,26.8834,8.37,1.3138,0.0852,0.3384,1.896,153.952,159.755709,5.135,62.66,141.27,366992.02632694057,0.021,0
2026-09-14T12:53:39Z,0.671,26.8831,8.37,1.3329,0.0852,0.3384,1.5788,153.947,159.744652,5.1008,62.314,136.68,366932.4909478007,0.021,0
2026-09-14T12:53:39Z,0.677,26.8822,8.37,1.3024,0.0852,0.3384,1.5486,153.951,159.742366,5.0667,62.044,128.19,366936.23559129453,0.021,0
2026-09-14T12:53:39Z,0.682,26.8806,8.37,1.3214,0.0852,0.3807,1.6241,153.957,159.744231,5.0332,61.87,144.37,366977.90214734897,0.02,0
2026-09-14T12:53:39Z,0.687,26.8785,8.37,1.3253,0.0852,0.3807,1.5939,153.954,159.738721,5.0017,61.794,128.55,366985.60615744477,0.02,0
2026-09-14T12:53:39Z,0.692,26.8765,8.37,1.3253,0.0852,0.3807,1.6694,153.95,159.732383,4.9743,61.793,134.06,366986.50494659797,0.019,0
2026-09-14T12:53:39Z,0.697,26.8747,8.37,1.3291,0.0852,0.3807,1.6241,153.954,159.735551,4.9528,61.821,131.26,367039.70918164385,0.019,0
2026-09-14T12:53:39Z,0.702,26.8732,8.37,1.3024,0.0852,0.3384,1.5183,153.96,159.741054,4.9391,61.832,129.48,367100.96272394125,0.019,0
2026-09-14T12:53:39Z,0.707,26.8722,8.37,1.3367,0.0852,0.3384,1.5939,153.961,159.742342,4.9332,61.792,135.79,367127.7403365026,0.019,0
2026-09-14T12:53:39Z,0.711,26.8715,8.37,1.3748,0.0852,0.3384,1.6543,153.959,159.739758,4.9332,61.68,123.68,367125.89550738886,0.019,0
2026-09-14T12:53:39Z,0.716,26.8711,8.37,1.4054,0.0852,0.3384,1.5486,153.951,159.732614,4.9354,61.494,131.58,367091.36274121975,0.019,0
2026-09-14T12:53:39Z,0.721,26.8709,8.37,1.3748,0.0852,0.2961,1.5939,153.942,159.723013,4.9363,61.25,133.86,367038.4858857759,0.02,0
2026-09-14T12:53:39Z,0.726,26.8709,8.37,1.3863,0.0852,0.2961,1.6996,153.935,159.716412,4.9331,60.963,126.48,366999.4972100486,0.021,0
2026-09-14T12:53:39Z,0.731,26.871,8.37,1.3901,0.0852,0.2961,1.5486,153.929,159.711049,4.9241,60.654,127.55,366965.9061701938,0.021,0
2026-09-14T12:53:39Z,0.737,26.8711,8.37,1.4016,0.0852,0.2961,1.6241,153.923,159.705495,4.9093,60.343,118.54,366931.1888890686,0.021,0
2026-09-14T12:53:39Z,0.743,26.8714,8.37,1.3863,0.0852,0.2961,1.6392,153.924,159.706286,4.8898,60.054,121.41,366930.1095881655,0.021,0
2026-09-14T12:53:39Z,0.748,26.8716,8.46,1.3977,0.0852,0.3384,1.6845,153.93,159.713633,4.8669,59.808,119.53,366969.66196907166,0.021,0
2026-09-14T12:53:39Z,0.754,26.8717,8.46,1.3787,0.0852,0.3384,1.5486,153.934,159.717468,4.8422,59.627,124.08,366990.39210160065,0.021,0
2026-09-14T12:53:39Z,0.759,26.8717,8.46,1.3634,0.0852,0.3384,1.6241,153.931,159.714808,4.8173,59.522,116.65,366974.6811792324,0.021,0
2026-09-14T12:53:39Z,0.764,26.8718,8.46,1.3787,0.0852,0.3384,1.5939,153.929,159.712959,4.7942,59.496,119.97,366961.8436679695,0.021,0
2026-09-14T12:53:39Z,0.769,26.872,8.46,1.3863,0.0852,0.2538,1.6543,153.927,159.711429,4.7746,59.537,120.65,366948.97365913127,0.021,0
2026-09-14T12:53:39Z,0.775,26.8721,8.46,1.3367,0.0852,0.2538,1.7752,153.922,159.7058,4.7601,59.619,119.37,366913.8155679399,0.021,0
2026-09-14T12:53:39Z,0.78,26.8723,8.46,1.3253,0.0852,0.2538,1.5486,153.915,159.69858,4.7518,59.701,120.81,366867.3496383321,0.021,0
2026-09-14T12:53:39Z,0.785,26.8725,8.46,1.3062,0.0852,0.2538,1.6241,153.913,159.695861,4.7497,59.748,123.62,366847.46227640484,0.021,0
2026-09-14T12:53:39Z,0.791,26.8725,8.37,1.3291,0.0852,0.3384,1.6543,153.915,159.696916,4.7529,59.742,113.9,366853.6892456051,0.02,0
2026-09-14T12:53:39Z,0.796,26.8725,8.37,1.4435,0.0852,0.3384,1.6392,153.916,159.69802,4.7594,59.686,121.2,366860.2059425253,0.02,0
2026-09-14T12:53:39Z,0.801,26.8723,8.37,1.4435,0.0852,0.3384,1.4881,153.918,159.699467,4.766,59.594,114.27,366872.5796655273,0.02,0
2026-09-14T12:53:39Z,0.806,26.8721,8.37,1.4244,0.0852,0.3384,1.5183,153.919,159.701642,4.7698,59.482,124.05,366889.2523790397,0.02,0
2026-09-14T12:53:39Z,0.811,26.8719,8.37,1.4473,0.0852,0.3384,1.6241,153.921,159.705125,4.7693,59.376,120.7,366913.64938874607,0.019,0
2026-09-14T12:53:39Z,0.816,26.8718,8.46,1.4359,0.0852,0.3807,1.6392,153.917,159.702829,4.7649,59.296,114.47,366902.0062894247,0.019,0
2026-09-14T12:53:39Z,0.821,26.8718,8.46,1.4473,0.0852,0.3807,1.6241,153.899,159.686124,4.7576,59.237,121.89,366803.3712073815,0.019,0
2026-09-14T12:53:39Z,0.826,26.872,8.46,1.4283,0.0852,0.3807,1.6694,153.875,159.662582,4.7486,59.178,114.27,366660.56553530024,0.019,0
2026-09-14T12:53:39Z,0.831,26.8725,8.46,1.4244,0.0852,0.3807,1.5486,153.859,159.645966,4.7401,59.089,116.65,366552.92463810317,0.018,0
2026-09-14T12:53:39Z,0.835,26.8731,8.37,1.455,0.0852,0.4653,1.7147,153.852,159.639861,4.7336,58.953,118.24,366505.4125872759,0.017,0
2026-09-14T12:53:39Z,0.84,26.8737,8.37,1.4588,0.0852,0.4653,1.6241,153.85,159.638632,4.7289,58.775,112.91,366486.676027363,0.016,0
2026-09-14T12:53:39Z,0.844,26.874,8.37,1.4359,0.0852,0.4653,1.6543,153.849,159.637941,4.7241,58.572,114.94,366476.85604709765,0.015,0
2026-09-14T12:53:39Z,0.848,26.8742,8.37,1.455,0.0852,0.4653,1.609,153.847,159.637606,4.717,58.352,112.69,366471.05056271027,0.015,0
2026-09-14T12:53:39Z,0.851,26.8744,8.46,1.4588,0.0426,0.3384,1.6543,153.847,159.637537,4.7061,58.127,114.07,366466.814658846,0.014,0
2026-09-14T12:53:39Z,0.854,26.8747,8.46,1.4511,0.0426,0.3384,1.5939,153.847,159.637716,4.6919,57.909,111.81,366462.1287697637,0.013,0
2026-09-14T12:53:39Z,0.857,26.875,8.46,1.4588,0.0426,0.3384,1.6543,153.844,159.634181,4.6756,57.698,115.07,366435.53022261057,0.012,0
2026-09-14T12:53:39Z,0.86,26.8754,8.46,1.4511,0.0426,0.3384,1.7449,153.84,159.629999,4.658,57.486,116.05,366403.2027971724,0.011,0
2026-09-14T12:53:39Z,0.863,26.8756,8.46,1.4283,0.0852,0.423,1.6694,153.846,159.636079,4.6401,57.274,119.04,366435.245190799,0.011,0
2026-09-14T12:53:39Z,0.866,26.8756,8.46,1.4359,0.0852,0.423,1.6694,153.856,159.646025,4.6227,57.06,112.08,366493.92732648615,0.01,0
2026-09-14T12:53:39Z,0.868,26.8755,8.46,1.4473,0.0852,0.423,1.5637,153.857,159.646457,4.6058,56.852,116.81,366498.3890872486,0.01,0
2026-09-14T12:53:39Z,0.871,26.8753,8.46,1.4435,0.0852,0.423,1.5939,153.854,159.641499,4.589,56.667,114.17,366472.9618365123,0.01,0
2026-09-14T12:53:39Z,0.873,26.8752,8.46,1.4321,0.0852,0.423,1.6241,153.855,159.641853,4.572,56.52,116.22,366476.9635449647,0.01,0
2026-09-14T12:53:39Z,0.876,26.875,8.46,1.4511,0.0852,0.423,1.6543,153.859,159.643604,4.555,56.432,112.15,366491.12194851396,0.01,0
2026-09-14T12:53:39Z,0.878,26.8748,8.46,1.4588,0.0852,0.423,1.5486,153.855,159.635196,4.5384,56.439,115.24,366445.33883409225,0.01,0
2026-09-14T12:53:39Z,0.881,26.8745,8.46,1.4511,0.0852,0.423,1.5939,153.841,159.614387,4.5237,56.594,116.22,366328.3153294363,0.01,0
2026-09-14T12:53:39Z,0.883,26.8741,8.46,1.4397,0.0852,0.423,1.6845,153.824,159.583642,4.512,56.98,108.91,366154.62699683744,0.011,0
2026-09-14T12:53:39Z,0.886,26.8735,8.46,1.4206,0.0852,0.2961,1.5486,153.808,159.54679,4.5051,57.746,119.92,365948.80459915206,0.011,0
2026-09-14T12:53:39Z,0.889,26.8722,8.46,1.4359,0.0852,0.2961,1.6392,153.806,159.510035,4.5058,59.146,107.88,365756.9892634731,0.012,0
2026-09-14T12:53:39Z,0.892,26.8699,8.46,1.4511,0.0852,0.2961,1.5939,153.82,159.471594,4.5183,61.611,123.62,365574.38198378735,0.012,0
2026-09-14T12:53:39Z,0.895,26.8659,8.46,1.4244,0.0852,0.2961,1.3069,153.855,159.439247,4.5496,65.655,109.46,365460.1558635473,0.012,0
2026-09-14T12:53:39Z,0.898,26.8592,8.37,1.4435,0.0852,0.4653,1.3522,153.909,159.428415,4.6115,71.358,120.99,365524.22811172996,0.012,0
2026-09-14T12:53:39Z,0.901,26.848,8.37,1.4511,0.0852,0.4653,1.3673,153.957,159.424177,4.7244,78.005,117.06,365713.14780051913,0.013,0
2026-09-14T12:53:39Z,0.904,26.8307,8.37,1.4321,0.0852,0.4653,1.5183,153.987,159.41538,4.923,84.488,107.55,365991.9427664354,0.013,0
2026-09-14T12:53:39Z,0.908,26.8085,8.37,1.4359,0.0852,0.4653,1.6996,154.01,159.413708,5.2483,89.864,119.92,366406.94871787383,0.013,0
2026-09-14T12:53:39Z,0.911,26.7867,8.37,1.4359,0.0852,0.4653,1.7449,154.029,159.416707,5.7064,93.513,110.75,366842.5247697293,0.013,0
2026-09-14T12:53:39Z,0.914,26.7691,8.37,1.4435,0.0426,0.3384,1.6694,154.035,159.413154,6.2397,95.124,112.96,367159.29484267574,0.013,0
2026-09-14T12:53:39Z,0.918,26.7564,8.37,1.4702,0.0426,0.3384,1.5486,154.033,159.40611,6.7596,94.724,118.62,367361.5605728825,0.012,0
2026-09-14T12:53:39Z,0.921,26.7479,8.37,1.5122,0.0426,0.3384,1.4881,154.035,159.405719,7.1907,92.675,115.32,367522.64357230416,0.012,0
2026-09-14T12:53:39Z,0.924,26.7425,8.37,1.5236,0.0426,0.3384,1.5788,154.042,159.411879,7.4832,89.601,124.03,367663.0147763159,0.011,0
2026-09-14T12:53:39Z,0.927,26.7393,8.46,1.5122,0.0852,0.4653,1.4881,154.048,159.418215,7.6123,86.194,116.32,367762.1502937155,0.011,0
2026-09-14T12:53:39Z,0.93,26.7376,8.46,1.5236,0.0852,0.4653,1.3975,154.052,159.42241,7.5804,82.966,138.08,367819.7432546552,0.01,0
2026-09-14T12:53:39Z,0.932,26.7367,8.46,1.4321,0.0852,0.4653,1.3824,154.052,159.423576,7.4165,80.149,119.37,367843.98109369987,0.01,0
2026-09-14T12:53:39Z,0.935,26.7364,8.46,1.4397,0.0852,0.4653,1.3069,154.044,159.416013,7.1705,77.766,146.07,367804.90248217963,0.01,0
2026-09-14T12:53:39Z,0.937,26.7364,8.37,1.4664,0.0852,0.3384,1.4277,154.038,159.411733,6.8979,75.725,130.01,367779.5207112319,0.01,0
2026-09-14T12:53:39Z,0.94,26.7366,8.37,1.4435,0.0852,0.3384,1.322,154.052,159.427633,6.6395,73.902,143.68,367869.9644132759,0.01,0
2026-09-14T12:53:39Z,0.942,26.737,8.37,1.5084,0.0852,0.3384,1.3371,154.069,159.445906,6.414,72.209,169.63,367970.6463512713,0.011,0
2026-09-14T12:53:39Z,0.945,26.7374,8.37,1.5084,0.0852,0.3384,1.473,154.068,159.447377,6.2233,70.619,165.23,367971.6687046174,0.011,0
2026-09-14T12:53:39Z,0.948,26.7378,8.37,1.5274,0.0852,0.3384,1.3824,154.05,159.430432,6.0599,69.147,201.49,367863.46157181915,0.012,0
2026-09-14T12:53:39Z,0.951,26.7383,8.37,1.4931,0.0852,0.2961,1.3522,154.024,159.404584,5.914,67.817,213.01,367700.5628296913,0.012,0
2026-09-14T12:53:39Z,0.954,26.7387,8.37,1.5084,0.0852,0.2961,1.6845,154.009,159.390995,5.7785,66.649,285.76,367612.30298953474,0.013,0
2026-09-14T12:53:39Z,0.958,26.7392,8.37,1.516,0.0852,0.2961,1.7298,154.009,159.392056,5.6511,65.65,282.48,367608.9734563978,0.013,0
2026-09-14T12:53:39Z,0.961,26.7397,8.37,1.4931,0.0852,0.2961,1.4881,154.016,159.400033,5.5333,64.811,322.45,367646.6425065425,0.013,0
2026-09-14T12:53:39Z,0.965,26.7402,8.37,1.5007,0.0426,0.3807,1.6241,154.026,159.411041,5.4268,64.109,320.91,367702.28340782074,0.013,0
2026-09-14T12:53:39Z,0.968,26.7406,8.37,1.5198,0.0426,0.3807,1.4126,154.026,159.411982,5.3333,63.516,381.68,367700.1647285267,0.013,0
2026-09-14T12:53:39Z,0.971,26.7411,8.37,1.5007,0.0426,0.3807,1.4881,154.02,159.407116,5.2533,63.002,366.72,367661.69578732323,0.012,0
2026-09-14T12:53:39Z,0.974,26.7414,8.37,1.4855,0.0426,0.3807,1.4126,154.021,159.409173,5.1861,62.537,346.27,367668.1180783004,0.012,0
2026-09-14T12:53:39Z,0.977,26.7417,8.46,1.5351,0.0852,0.4653,1.473,154.026,159.414694,5.1299,62.107,385.26,367695.0761597714,0.012,0
2026-09-14T12:53:39Z,0.98,26.742,8.46,1.4969,0.0852,0.4653,1.3824,154.032,159.421142,5.0825,61.701,358.84,367727.531111991,0.012,0
2026-09-14T12:53:39Z,0.983,26.7423,8.46,1.5656,0.0852,0.4653,1.3673,154.03,159.420218,5.0413,61.315,351.2,367716.2795215705,0.012,0
2026-09-14T12:53:39Z,0.986,26.7426,8.46,1.5732,0.0852,0.4653,1.473,154.017,159.407665,5.0042,60.952,327.25,367636.0892090034,0.012,0
2026-09-14T12:53:39Z,0.989,26.7428,8.37,1.5808,0.0852,0.423,1.3975,153.998,159.388154,4.9697,60.61,346.42,367516.59467184456,0.012,0
2026-09-14T12:53:39Z,0.992,26.743,8.37,1.5808,0.0852,0.423,1.3673,153.98,159.37051,4.9372,60.299,271.06,367408.18777549744,0.012,0
2026-09-14T12:53:39Z,0.995,26.7433,8.37,1.5122,0.0852,0.423,1.4277,153.98,159.370069,4.9063,60.026,223.83,367399.80631321773,0.012,0
2026-09-14T12:53:39Z,0.998,26.7436,8.37,1.5046,0.0852,0.423,1.3673,153.992,159.382706,4.8771,59.791,254.23,367468.92152982973,0.013,0
2026-09-14T12:53:39Z,1.001,26.7438,8.37,1.5084,0.0852,0.423,1.4277,154,159.391749,4.8498,59.576,267.2,367518.66650237166,0.013,0
2026-09-14T12:53:39Z,1.004,26.744,8.46,1.5236,0.1278,0.423,1.322,154.003,159.395601,4.8249,59.364,293.75,367537.64877190767,0.014,0
2026-09-14T12:53:39Z,1.008,26.7441,8.46,1.558,0.1278,0.423,1.6241,154.01,159.403306,4.8031,59.142,217.98,367581.39152073825,0.014,0
2026-09-14T12:53:39Z,1.011,26.7442,8.46,1.5656,0.1278,0.423,1.6845,154.014,159.406897,4.7842,58.9,250.72,367600.7514342525,0.015,0
2026-09-14T12:53:39Z,1.015,26.7443,8.46,1.577,0.1278,0.423,1.7147,154.005,159.397313,4.767,58.636,225.1,367542.0221738414,0.015,0
2026-09-14T12:53:39Z,1.019,26.7444,8.37,1.5694,0.1278,0.4653,1.5939,153.994,159.386026,4.7501,58.352,228.55,367473.20675676665,0.015,0
2026-09-14T12:53:39Z,1.023,26.7445,8.37,1.5046,0.1278,0.4653,1.2918,153.979,159.370027,4.7323,58.06,270.59,367376.47989655845,0.016,0
2026-09-14T12:53:39Z,1.028,26.7445,8.37,1.5046,0.1278,0.4653,1.3975,153.953,159.343044,4.7129,57.774,230.75,367216.62348638836,0.016,0
2026-09-14T12:53:39Z,1.032,26.7445,8.37,1.4931,0.1278,0.4653,1.473,153.928,159.315919,4.6918,57.506,236.58,367055.9690014244,0.016,0
2026-09-14T12:53:39Z,1.035,26.7444,8.46,1.5084,0.0852,0.3807,1.3522,153.909,159.295448,4.6691,57.267,286.38,366936.6722161999,0.015,0
2026-09-14T12:53:39Z,1.039,26.7443,8.46,1.5046,0.0852,0.3807,1.5788,153.898,159.284189,4.6457,57.055,232.1,366871.93235513894,0.014,0
2026-09-14T12:53:39Z,1.043,26.7441,8.46,1.4931,0.0852,0.3807,1.6845,153.893,159.279139,4.6228,56.873,274.91,366845.8739647907,0.013,0
2026-09-14T12:53:39Z,1.046,26.7438,8.46,1.5236,0.0852,0.3807,1.6543,153.893,159.278951,4.6014,56.719,252.47,366850.51840823283,0.012,0
2026-09-14T12:53:39Z,1.049,26.7436,8.46,1.5236,0.0852,0.3807,1.7601,153.898,159.283575,4.5823,56.589,267.26,366881.7312648424,0.011,0
2026-09-14T12:53:39Z,1.052,26.7435,8.46,1.5732,0.0852,0.423,1.4428,153.898,159.282219,4.5654,56.488,235.61,366875.62231319846,0.01,0
2026-09-14T12:53:39Z,1.054,26.7434,8.46,1.5808,0.0852,0.423,1.4126,153.891,159.274523,4.5508,56.426,237.05,366831.9804208984,0.01,0
2026-09-14T12:53:39Z,1.056,26.7432,8.46,1.5847,0.0852,0.423,1.4126,153.891,159.274465,4.5385,56.41,239.32,366835.47486731247,0.009,0
2026-09-14T12:53:39Z,1.058,26.743,8.46,1.558,0.0852,0.423,1.4277,153.898,159.282032,4.5281,56.437,228.25,366884.1111019257,0.009,0
2026-09-14T12:53:39Z,1.06,26.7428,8.46,1.5656,0.0852,0.423,1.3371,153.894,159.279199,4.52,56.51,214.92,366871.1773708296,0.008,0
2026-09-14T12:53:39Z,1.062,26.7427,8.46,1.577,0.0852,0.423,1.3673,153.878,159.26521,4.5151,56.632,217.69,366790.2824780759,0.008,0
2026-09-14T12:53:39Z,1.065,26.7426,8.46,1.5694,0.0852,0.423,1.3824,153.872,159.260387,4.5138,56.808,235.2,366763.65169619664,0.008,0
2026-09-14T12:53:39Z,1.067,26.7427,8.46,1.5694,0.0852,0.423,1.3824,153.877,159.26745,4.516,57.037,226.82,366803.54095246934,0.008,0
2026-09-14T12:53:39Z,1.069,26.7432,8.46,1.5274,0.0426,0.423,1.473,153.881,159.27225,4.5217,57.316,249.9,366822.3582559806,0.008,0
2026-09-14T12:53:39Z,1.071,26.7439,8.46,1.5122,0.0426,0.423,1.473,153.876,159.268051,4.5315,57.655,215.48,366784.0666343158,0.008,0
2026-09-14T12:53:39Z,1.073,26.7446,8.46,1.4931,0.0426,0.423,1.4579,153.865,159.25774,4.5455,58.081,207.75,366709.6036050675,0.008,0
2026-09-14T12:53:39Z,1.075,26.7451,8.46,1.5198,0.0426,0.423,1.4126,153.857,159.250595,4.5638,58.643,235.35,366657.72440585867,0.009,0
2026-09-14T12:53:39Z,1.077,26.7453,8.37,1.5198,0.0852,0.2961,1.4126,153.857,159.252724,4.5861,59.424,307.2,366666.48609670834,0.009,0
2026-09-14T12:53:39Z,1.08,26.7456,8.37,1.4931,0.0852,0.2961,1.3824,153.859,159.256681,4.6131,60.536,199.96,366684.147195191,0.009,0
2026-09-14T12:53:39Z,1.082,26.7459,8.37,1.4969,0.0852,0.2961,1.3824,153.853,159.251494,4.6472,62.067,225.54,366647.6948487506,0.009,0
2026-09-14T12:53:39Z,1.084,26.7465,8.37,1.5046,0.0852,0.2961,1.3824,153.842,159.239791,4.6921,64.011,206.4,366566.93526625115,0.009,0
2026-09-14T12:53:39Z,1.087,26.7471,8.37,1.558,0.0852,0.2961,1.3824,153.832,159.230474,4.7545,66.242,255.39,366500.3038620533,0.009,0
2026-09-14T12:53:39Z,1.089,26.7476,8.37,1.5885,0.0426,0.3807,1.3673,153.823,159.221059,4.8435,68.519,225.69,366435.0192983322,0.009,0
2026-09-14T12:53:39Z,1.091,26.7479,8.37,1.558,0.0426,0.3807,1.3975,153.808,159.205028,4.966,70.557,253.18,366334.4459911447,0.01,0
2026-09-14T12:53:39Z,1.094,26.7481,8.37,1.5618,0.0426,0.3807,1.3673,153.794,159.190129,5.1216,72.126,224.22,366242.50056092424,0.01,0
2026-09-14T12:53:39Z,1.096,26.7481,8.37,1.6075,0.0426,0.3807,1.4428,153.79,159.184414,5.3001,73.096,273.42,366208.7054042725,0.01,0
2026-09-14T12:53:39Z,1.099,26.7481,8.37,1.5847,0.0852,0.2961,1.4428,153.781,159.174335,5.4822,73.436,220.45,366149.10893697134,0.01,0
2026-09-14T12:53:39Z,1.101,26.748,8.37,1.558,0.0852,0.2961,1.3069,153.764,159.157204,5.6452,73.21,275.27,366049.744279457,0.01,0
2026-09-14T12:53:39Z,1.104,26.7477,8.37,1.5923,0.0852,0.2961,1.2766,153.76,159.152501,5.7708,72.558,226.77,366027.68722978135,0.01,0
2026-09-14T12:53:39Z,1.106,26.7474,8.37,1.5808,0.0852,0.2961,1.473,153.77,159.162982,5.8484,71.673,278.52,366095.3928575768,0.01,0
2026-09-14T12:53:39Z,1.109,26.7472,8.46,1.5732,0.0852,0.2961,1.3975,153.779,159.171399,5.8757,70.747,280.04,366148.9877047048,0.01,0
2026-09-14T12:53:39Z,1.111,26.7472,8.46,1.5656,0.0852,0.2961,1.3371,153.776,159.167972,5.8576,69.9,234.64,366128.72436841455,0.011,0
2026-09-14T12:53:39Z,1.114,26.7471,8.46,1.5808,0.0852,0.2961,1.4277,153.772,159.163813,5.8054,69.169,267.66,366106.0494478407,0.011,0
2026-09-14T12:53:39Z,1.117,26.7471,8.46,1.5198,0.0852,0.2961,1.322,153.781,159.173845,5.7347,68.561,261.91,366165.3628762307,0.012,0
2026-09-14T12:53:39Z,1.12,26.747,8.46,1.558,0.0852,0.2961,1.4579,153.795,159.188718,5.6606,68.079,290.96,366255.2259138295,0.012,0
2026-09-14T12:53:39Z,1.123,26.7469,8.37,1.5046,0.0852,0.4653,1.4126,153.802,159.196366,5.5928,67.706,223.2,366302.37120839243,0.012,0
2026-09-14T12:53:39Z,1.127,26.7469,8.37,1.4855,0.0852,0.4653,1.3673,153.803,159.198829,5.5344,67.384,316.55,366316.93700536055,0.013,0
2026-09-14T12:53:39Z,1.13,26.747,8.37,1.516,0.0852,0.4653,1.4428,153.797,159.192755,5.4857,67.047,255.45,366279.0969419492,0.013,0
2026-09-14T12:53:39Z,1.133,26.7472,8.37,1.5236,0.0852,0.4653,1.4881,153.781,159.176524,5.4472,66.663,286.88,366179.2824452997,0.013,0
2026-09-14T12:53:39Z,1.136,26.7475,8.37,1.5236,0.0852,0.3384,1.4277,153.767,159.16184,5.4173,66.226,243.57,366086.71583713696,0.013,0
2026-09-14T12:53:39Z,1.14,26.7477,8.37,1.5046,0.0852,0.3384,1.3975,153.767,159.160822,5.3914,65.734,271.06,366076.86541174236,0.013,0
2026-09-14T12:53:39Z,1.143,26.7477,8.37,1.5732,0.0852,0.3384,1.3673,153.775,159.169189,5.3645,65.184,244.42,366126.3310566397,0.013,0
2026-09-14T12:53:39Z,1.147,26.7477,8.37,1.5732,0.0852,0.3384,1.4126,153.779,159.17314,5.3338,64.587,258.07,366149.689862556,0.013,0
2026-09-14T12:53:39Z,1.15,26.7476,8.28,1.5923,0.0852,0.3807,1.3522,153.776,159.16972,5.2988,63.968,255.11,366131.3836959167,0.013,0
2026-09-14T12:53:39Z,1.153,26.7475,8.28,1.5694,0.0852,0.3807,1.4579,153.773,159.166032,5.2595,63.361,242.52,366111.4935295641,0.012,0
2026-09-14T12:53:39Z,1.156,26.7474,8.28,1.5808,0.0852,0.3807,1.5183,153.772,159.165103,5.2155,62.793,244.42,366107.9155229888,0.012,0
2026-09-14T12:53:39Z,1.159,26.7474,8.28,1.5351,0.0852,0.3807,1.473,153.774,159.166684,5.1677,62.279,257.45,366117.2617681001,0.012,0
2026-09-14T12:53:39Z,1.162,26.7473,8.55,1.5885,0.0852,0.3384,1.4277,153.779,159.171197,5.1182,61.825,251.1,366145.8592510016,0.011,0
2026-09-14T12:53:39Z,1.165,26.7472,8.55,1.5885,0.0852,0.3384,1.4881,153.791,159.183853,5.0696,61.442,240.26,366222.60886820755,0.011,0
2026-09-14T12:53:39Z,1.168,26.7471,8.55,1.5656,0.0852,0.3384,1.4579,153.806,159.200012,5.0242000000000004,61.141,233.62,366320.08621932566,0.011,0
2026-09-14T12:53:39Z,1.171,26.747,8.55,1.577,0.0852,0.3384,1.4881,153.81,159.203941,4.9831,60.915,226.47,366345.2401765952,0.01,0
2026-09-14T12:53:39Z,1.173,26.747,8.55,1.5885,0.0852,0.3384,1.4277,153.795,159.188671,4.9467,60.74,228.5,366254.9299082981,0.01,0
2026-09-14T12:53:39Z,1.176,26.747,8.46,1.5923,0.0852,0.423,1.3824,153.774,159.166163,4.9161,60.601,212.97,366121.8380903306,0.01,0
2026-09-14T12:53:39Z,1.178,26.747,8.46,1.5465,0.0852,0.423,1.4579,153.763,159.154465,4.892,60.496,218.64,366052.6777561256,0.01,0
2026-09-14T12:53:39Z,1.181,26.747,8.46,1.5656,0.0852,0.423,1.4579,153.756,159.146448,4.8739,60.415,215.39,366005.28467500454,0.01,0
2026-09-14T12:53:39Z,1.183,26.7469,8.46,1.5694,0.0852,0.423,1.3673,153.743,159.131959,4.8599,60.342,185.11,365921.5561292397,0.01,0
2026-09-14T12:53:39Z,1.186,26.7468,8.37,1.5618,0.1278,0.423,1.4579,153.732,159.119159,4.8488,60.275,196.26,365847.8207242428,0.01,0
2026-09-14T12:53:39Z,1.188,26.7467,8.37,1.5656,0.1278,0.423,1.3673,153.73,159.116657,4.8404,60.23,182.84,365834.94780298835,0.01,0
2026-09-14T12:53:39Z,1.191,26.7464,8.37,1.5427,0.1278,0.423,1.4579,153.741,159.127796,4.8339,60.208,197.28,365906.5211725479,0.01,0
2026-09-14T12:53:39Z,1.193,26.7461,8.37,1.577,0.1278,0.423,1.4277,153.753,159.139512,4.8282,60.189,185.03,365981.5146805526,0.01,0
2026-09-14T12:53:39Z,1.195,26.7458,8.46,1.577,0.0852,0.423,1.3975,153.758,159.142906,4.8229,60.149,200.57,366007.3216455243,0.009,0
2026-09-14T12:53:39Z,1.198,26.7455,8.46,1.5999,0.0852,0.423,1.3673,153.763,159.146898,4.8193,60.077,187.05,366036.6648974566,0.009,0
2026-09-14T12:53:39Z,1.2,26.7453,8.46,1.5656,0.0852,0.423,1.473,153.762,159.144538,4.8175,59.957,206.18,366026.542861955,0.01,0
2026-09-14T12:53:39Z,1.203,26.7451,8.46,1.5732,0.0852,0.423,1.4881,153.755,159.135194,4.8159,59.78,198.01,365975.13541266846,0.01,0
2026-09-14T12:53:39Z,1.205,26.7447,8.46,1.5465,0.0852,0.423,1.3824,153.758,159.136418,4.8128,59.551,207.98,365990.0297337924,0.01,0
2026-09-14T12:53:39Z,1.208,26.7442,8.37,1.5808,0.0852,0.423,1.3522,153.768,159.144526,4.8071,59.282,218.78,366047.5365947996,0.009,0
2026-09-14T12:53:39Z,1.21,26.7437,8.37,1.5694,0.0852,0.423,1.2918,153.774,159.149656,4.7975,58.987,194.9,366087.4422064984,0.009,0
2026-09-14T12:53:39Z,1.212,26.7431,8.37,1.5923,0.0852,0.423,1.4277,153.782,159.157185,4.7834,58.673,236.28,366143.45267301303,0.009,0
2026-09-14T12:53:39Z,1.214,26.7425,8.37,1.5808,0.0852,0.423,1.4428,153.794,159.16912,4.7651,58.353,212.09,366225.5261207808,0.009,0
2026-09-14T12:53:39Z,1.217,26.742,8.46,1.6075,0.0852,0.3807,1.3522,153.805,159.180627,4.7437,58.04,235.61,366303.16456656595,0.009,0
2026-09-14T12:53:39Z,1.219,26.7416,8.46,1.5808,0.0852,0.3807,1.3975,153.807,159.18275,4.7201,57.74,246.56,366323.38817201473,0.008,0
2026-09-14T12:53:39Z,1.221,26.7414,8.46,1.5885,0.0852,0.3807,1.4277,153.801,159.176055,4.695,57.453,236.07,366287.62072358426,0.008,0
2026-09-14T12:53:39Z,1.223,26.7412,8.46,1.5923,0.0852,0.3807,1.4126,153.804,159.178797,4.6694,57.178,249.14,366307.6718179137,0.008,0
2026-09-14T12:53:39Z,1.225,26.7411,8.37,1.5541,0.0426,0.3384,1.4428,153.817,159.191709,4.6443,56.928,234.08,366385.9668400633,0.009,0
2026-09-14T12:53:39Z,1.227,26.741,8.37,1.5694,0.0426,0.3384,1.3371,153.821,159.194184,4.6204,56.719,252.36,366402.5249611744,0.009,0
2026-09-14T12:53:39Z,1.229,26.7409,8.37,1.5999,0.0426,0.3384,1.3824,153.807,159.178866,4.5974,56.55,273.25,366313.8277336642,0.009,0
2026-09-14T12:53:39Z,1.232,26.7407,8.37,1.5618,0.0426,0.3384,1.4277,153.787,159.157703,4.5754,56.404,246.29,366192.49235589465,0.009,0
2026-09-14T12:53:39Z,1.234,26.7405,8.37,1.5847,0.0426,0.3384,1.3975,153.772,159.141083,4.5555,56.266,271.71,366098.04249705526,0.009,0
2026-09-14T12:53:39Z,1.236,26.7402,8.37,1.5885,0.0852,0.423,1.4277,153.757,159.124574,4.5388,56.132,278.16,366006.1781290988,0.009,0
2026-09-14T12:53:39Z,1.238,26.7398,8.37,1.577,0.0852,0.423,1.5183,153.733,159.099766,4.5252,55.997,247.47,365867.18557828007,0.009,0
2026-09-14T12:53:39Z,1.241,26.7395,8.37,1.5732,0.0852,0.423,1.4881,153.707,159.072069,4.5135,55.856,275.45,365709.2375406778,0.008,0
2026-09-14T12:53:39Z,1.243,26.7392,8.37,1.5923,0.0852,0.423,1.2918,153.689,159.054137,4.5025,55.705,231.7,365609.02123801445,0.008,0
2026-09-14T12:53:39Z,1.245,26.739,8.37,1.5885,0.0852,0.5076,1.4277,153.685,159.049204,4.4918,55.544,275.15,365583.70157211646,0.008,0
2026-09-14T12:53:39Z,1.247,26.7389,8.37,1.5694,0.0852,0.5076,1.3975,153.687,159.051948,4.4811,55.378,281.14,365601.82555371715,0.008,0
2026-09-14T12:53:39Z,1.249,26.7389,8.37,1.5885,0.0852,0.5076,1.4126,153.69,159.055083,4.4698,55.217,232.96,365620.347535123,0.008,0
2026-09-14T12:53:39Z,1.251,26.7389,8.37,1.6075,0.0852,0.5076,1.4881,153.691,159.055438,4.4577,55.064,253.68,365622.4446883023,0.009,0
2026-09-14T12:53:39Z,1.253,26.7389,8.46,1.5808,0.0852,0.423,1.4579,153.689,159.053107,4.4448,54.92,250.01,365608.6715290335,0.009,0
2026-09-14T12:53:39Z,1.255,26.7389,8.46,1.5885,0.0852,0.423,1.4277,153.685,159.047468,4.4316,54.785,234.49,365575.35436751996,0.009,0
2026-09-14T12:53:39Z,1.258,26.7389,8.46,1.5694,0.0852,0.423,1.4428,153.677,159.037019,4.4187,54.667,239.32,365513.6241994884,0.01,0
2026-09-14T12:53:39Z,1.261,26.7388,8.46,1.558,0.0852,0.423,1.473,153.666,159.022979,4.4065,54.582,223.54,365432.6013679668,0.01,0
2026-09-14T12:53:39Z,1.263,26.7386,8.37,1.5694,0.0852,0.423,1.3673,153.664,159.017638,4.3949,54.556,239.48,365404.87807852274,0.01,0
2026-09-14T12:53:39Z,1.266,26.7382,8.37,1.5694,0.0852,0.423,1.4277,153.678,159.027588,4.3842,54.597,220.45,365471.2979858696,0.011,0
2026-09-14T12:53:39Z,1.268,26.7377,8.37,1.558,0.0852,0.423,1.3824,153.689,159.035442,4.3747,54.689,227.51,365527.25617317343,0.011,0
2026-09-14T12:53:39Z,1.271,26.7369,8.37,1.5618,0.0852,0.423,1.4277,153.689,159.031267,4.368,54.826,234.74,365517.89258438366,0.01,0
2026-09-14T12:53:39Z,1.274,26.7357,8.37,1.577,0.0852,0.423,1.4126,153.694,159.033993,4.366,55.006,218.59,365556.9503138271,0.01,0
2026-09-14T12:53:39Z,1.277,26.7343,8.37,1.5618,0.0426,0.4653,1.4881,153.716,159.05637,4.3693,55.202,221.94,365715.96380284807,0.011,0
2026-09-14T12:53:39Z,1.279,26.733,8.37,1.5618,0.0426,0.4653,1.3673,153.74,159.080316,4.3768,55.374,215.01,365882.3896324443,0.011,0
2026-09-14T12:53:39Z,1.282,26.7319,8.37,1.5808,0.0426,0.4653,1.3975,153.748,159.088168,4.3879,55.497,205.82,365949.87480510963,0.01,0
2026-09-14T12:53:39Z,1.284,26.7311,8.37,1.5618,0.0426,0.4653,1.4579,153.743,159.08202,4.4024,55.563,211.08,365928.84427782765,0.01,0
2026-09-14T12:53:39Z,1.287,26.7307,8.37,1.6075,0.0852,0.2961,1.4579,153.731,159.068248,4.4181,55.57,202.89,365855.0815259675,0.01,0
2026-09-14T12:53:39Z,1.29,26.7304,8.37,1.5541,0.0852,0.2961,1.4579,153.715,159.051197,4.4319,55.514,187.22,365760.03000986436,0.011,0
2026-09-14T12:53:39Z,1.292,26.7301,8.37,1.5465,0.0852,0.2961,1.5486,153.699,159.034335,4.4417,55.387,203.33,365666.1097229356,0.011,0
2026-09-14T12:53:39Z,1.295,26.7298,8.37,1.5808,0.0852,0.2961,1.4579,153.69,159.025191,4.447,55.197,198.83,365617.8106173426,0.011,0
2026-09-14T12:53:39Z,1.298,26.7296,8.46,1.577,0.0426,0.3807,1.4277,153.702,159.037359,4.4477,54.967,210.48,365693.54860741476,0.011,0
2026-09-14T12:53:39Z,1.301,26.7294,8.46,1.6152,0.0426,0.3807,1.3673,153.73,159.066067,4.4432,54.724,224.95,365867.07384318276,0.011,0
2026-09-14T12:53:39Z,1.304,26.7293,8.46,1.5808,0.0426,0.3807,1.3975,153.75,159.086906,4.433,54.481,224.95,365992.2020709545,0.011,0
2026-09-14T12:53:39Z,1.306,26.7293,8.46,1.5198,0.0426,0.3807,1.4579,153.753,159.089399,4.4178,54.247,218.64,366006.9430174982,0.012,0
2026-09-14T12:53:39Z,1.309,26.7293,8.46,1.516,0.0426,0.3807,1.4579,153.746,159.082227,4.3994,54.027,238.49,365964.53238941205,0.012,0
2026-09-14T12:53:39Z,1.312,26.7292,8.46,1.5313,0,0.3384,1.3975,153.736,159.071496,4.38,53.827,287.31,365902.9971627044,0.012,0
2026-09-14T12:53:39Z,1.315,26.7291,8.46,1.5274,0,0.3384,1.5486,153.724,159.058351,4.3605,53.656,277.74,365827.1970455879,0.012,0
2026-09-14T12:53:39Z,1.318,26.7291,8.46,1.5808,0,0.3384,1.4579,153.718,159.051312,4.3418,53.526,291.46,365785.5851629083,0.011,0
2026-09-14T12:53:39Z,1.321,26.7291,8.46,1.5732,0,0.3384,1.3975,153.717,159.048501,4.3242,53.439,310.89,365768.9677856002,0.011,0
2026-09-14T12:53:39Z,1.324,26.7289,8.46,1.5961,0.1278,0.2961,1.4881,153.72,159.049169,4.3082,53.394,302.23,365776.74391469784,0.011,0
2026-09-14T12:53:39Z,1.327,26.7287,8.46,1.5618,0.1278,0.2961,1.4579,153.73,159.057502,4.2945,53.383,393.3,365829.8324066344,0.01,0
2026-09-14T12:53:39Z,1.33,26.7283,8.46,1.6228,0.1278,0.2961,1.4277,153.734,159.059689,4.2841,53.392,364.49,365850.4191542386,0.009,0
2026-09-14T12:53:39Z,1.332,26.7277,8.46,1.6533,0.1278,0.2961,1.3975,153.719,159.044288,4.2772,53.408,395.44,365770.8601215925,0.009,0
2026-09-14T12:53:39Z,1.334,26.727,8.37,1.6381,0.0426,0.54990000000000006,1.4579,153.689,159.015209,4.2737,53.411,483.48,365612.38368918485,0.008,0
2026-09-14T12:53:39Z,1.336,26.7262,8.37,1.6495,0.0426,0.54990000000000006,1.4126,153.658,158.984739,4.2729,53.38,423.82,365447.63877088396,0.008,0
2026-09-14T12:53:39Z,1.338,26.7257,8.37,1.6228,0.0426,0.54990000000000006,1.3371,153.637,158.964793,4.2736,53.301,454.74,365339.36331206694,0.008,0
2026-09-14T12:53:39Z,1.34,26.7258,8.37,1.6304,0.0426,0.54990000000000006,1.4579,153.633,158.962078,4.2749,53.182,493.78,365321.4125985872,0.008,0
2026-09-14T12:53:39Z,1.342,26.7263,8.37,1.619,0.0852,0.3807,1.4277,153.641,158.97186,4.2751,53.038,463.52,365369.63653723226,0.008,0
2026-09-14T12:53:39Z,1.343,26.727,8.37,1.6419,0.0852,0.3807,1.3975,153.652,158.984725,4.2725,52.897,474.94,365432.2529880887,0.008,0
2026-09-14T12:53:39Z,1.345,26.7276,8.37,1.7182,0.0852,0.3807,1.473,153.663,158.996086,4.2662,52.795,469.81,365487.90016751975,0.009,0
2026-09-14T12:53:39Z,1.348,26.728,8.37,1.7029,0.0852,0.3807,1.5032,153.672,159.004965,4.2566,52.759,494.74,365532.7108671672,0.009,0
2026-09-14T12:53:39Z,1.35,26.7284,8.37,1.7144,0.0852,0.3807,1.4579,153.68,159.013729,4.2451,52.79,449.73,365576.84494497976,0.01,0
2026-09-14T12:53:39Z,1.353,26.7286,8.37,1.7067,0.0852,0.423,1.4277,153.692,159.024717,4.2338,52.869,503.2,365637.95155154524,0.01,0
2026-09-14T12:53:39Z,1.355,26.7288,8.37,1.661,0.0852,0.423,1.4579,153.701,159.032841,4.2256,52.96,477.21,365682.13695216173,0.011,0
2026-09-14T12:53:39Z,1.358,26.7288,8.37,1.6495,0.0852,0.423,1.322,153.702,159.032252,4.2227,53.037,478.36,365678.65476582944,0.012,0
2026-09-14T12:53:39Z,1.361,26.7287,8.37,1.6457,0.0852,0.423,1.2918,153.703,159.030808,4.2253,53.097,443.61,365672.0331226306,0.013,0
2026-09-14T12:53:39Z,1.365,26.7284,8.37,1.619,0.0852,0.3807,1.2615,153.706,159.032133,4.2315,53.147,434.64,365685.6045379548,0.013,0
2026-09-14T12:53:39Z,1.368,26.7281,8.37,1.5656,0.0852,0.3807,1.5637,153.709,159.032571,4.2389,53.172,437.2,365693.93345152785,0.014,0
2026-09-14T12:53:39Z,1.372,26.7275,8.37,1.5923,0.0852,0.3807,1.6392,153.711,159.032239,4.245,53.161,387.02,365703.4531884788,0.015,0
2026-09-14T12:53:39Z,1.376,26.7269,8.37,1.5808,0.0852,0.3807,1.6543,153.708,159.02704,4.2499,53.122,439.11,365684.2060221509,0.016,0
2026-09-14T12:53:39Z,1.38,26.7262,8.46,1.5961,0.0852,0.3807,1.609,153.7,159.015588,4.254,53.083,403.34,365629.9158572159,0.016,0
2026-09-14T12:53:39Z,1.384,26.7254,8.46,1.5923,0.0852,0.3807,1.4881,153.688,158.998838,4.2561,53.062,402.72,365546.2337587446,0.017,0
2026-09-14T12:53:39Z,1.389,26.7246,8.46,1.5732,0.0852,0.3807,1.4579,153.67,158.97633,4.2552,53.065,401.15,365428.53964218823,0.017,0
2026-09-14T12:53:39Z,1.393,26.7238,8.46,1.5618,0.0852,0.3807,1.4277,153.657,158.958095,4.2522,53.085,358.91,365336.10647862375,0.017,0
2026-09-14T12:53:39Z,1.397,26.7227,8.46,1.5885,0.0852,0.3807,1.4579,153.651,158.947286,4.2491,53.123,361.03,365293.28498490306,0.016,0
2026-09-14T12:53:39Z,1.402,26.7214,8.37,1.6457,0.0852,0.3807,1.6996,153.654,158.947032,4.2476,53.201,343.87,365316.6391551081,0.016,0
2026-09-14T12:53:39Z,1.406,26.72,8.37,1.6228,0.0852,0.3807,1.5788,153.669,158.95927,4.2479,53.323,335.17,365415.7147636619,0.015,0
2026-09-14T12:53:39Z,1.41,26.7185,8.37,1.6304,0.0852,0.3807,1.6392,153.68,158.969226,4.2496,53.471,334.22,365503.23961247597,0.015,0
2026-09-14T12:53:39Z,1.413,26.717,8.37,1.6457,0.0852,0.3807,1.6392,153.687,158.973543,4.2527,53.63,284.95,365557.45193275245,0.014,0
2026-09-14T12:53:39Z,1.417,26.7159,8.37,1.5656,0.0852,0.3384,1.3673,153.685,158.969365,4.2591,53.802,305.8,365553.8049863375,0.014,0
2026-09-14T12:53:39Z,1.42,26.715,8.37,1.5618,0.0852,0.3384,1.4579,153.674,158.955576,4.2689,53.996,268.13,365489.5261642311,0.013,0
2026-09-14T12:53:39Z,1.423,26.7144,8.37,1.558,0.0852,0.3384,1.4428,153.665,158.944533,4.2808,54.21,258.35,365435.74113140616,0.013,0
2026-09-14T12:53:39Z,1.427,26.7136,8.37,1.5656,0.0852,0.3384,1.3673,153.663,158.941306,4.2936,54.427,243.63,365431.97302019194,0.013,0
2026-09-14T12:53:39Z,1.43,26.7129,8.37,1.558,0.0852,0.4653,1.609,153.669,158.945035,4.3074,54.63,232.86,365467.4007061276,0.013,0
2026-09-14T12:53:39Z,1.434,26.7123,8.37,1.5732,0.0852,0.4653,1.7449,153.678,158.952707,4.323,54.818,208.66,365524.2240464285,0.013,0
2026-09-14T12:53:39Z,1.437,26.7117,8.37,1.5656,0.0852,0.4653,1.7147,153.685,158.95835,4.3402,54.993,207.98,365569.0601097524,0.013,0
2026-09-14T12:53:39Z,1.44,26.7111,8.37,1.5656,0.0852,0.4653,1.6996,153.691,158.963469,4.3576,55.158,199.83,365610.8025007087,0.013,0
2026-09-14T12:53:39Z,1.444,26.7104,8.37,1.5618,0.0852,0.423,1.7298,153.697,158.96943,4.3739,55.312,202.23,365659.44145182864,0.013,0
2026-09-14T12:53:39Z,1.447,26.7098,8.37,1.5503,0.0852,0.423,1.6543,153.698,158.969806,4.389,55.455,202.36,365673.1489714723,0.013,0
2026-09-14T12:53:39Z,1.451,26.7093,8.37,1.5656,0.0852,0.423,1.6845,153.689,158.960688,4.4031,55.594,199.87,365628.81033560773,0.012,0
2026-09-14T12:53:39Z,1.454,26.7089,8.37,1.5923,0.0852,0.423,1.7449,153.669,158.939645,4.4163,55.737,226.97,365512.0670598869,0.012,0
2026-09-14T12:53:39Z,1.457,26.7087,8.37,1.5503,0.0852,0.423,1.6392,153.645,158.915094,4.4287,55.877,221.8,365370.7874684689,0.012,0
2026-09-14T12:53:39Z,1.46,26.7086,8.37,1.577,0.0852,0.2115,1.7147,153.635,158.904538,4.4401,56.007,241.94,365310.3197818698,0.012,0
2026-09-14T12:53:39Z,1.463,26.7085,8.37,1.577,0.0852,0.2115,1.6543,153.643,158.913178,4.4513,56.116,234.69,365363.2879752113,0.011,0
2026-09-14T12:53:39Z,1.466,26.7085,8.37,1.5808,0.0852,0.2115,1.6543,153.657,158.927284,4.4627,56.201,241.52,365446.65362787776,0.011,0
2026-09-14T12:53:39Z,1.469,26.7085,8.37,1.6304,0.0852,0.2115,1.4277,153.658,158.928574,4.474,56.268,255.56,365454.2770879889,0.011,0
2026-09-14T12:53:39Z,1.472,26.7085,8.37,1.661,0.0426,0.423,1.4428,153.648,158.917391,4.4843,56.325,241.73,365388.18253567844,0.011,0
2026-09-14T12:53:39Z,1.474,26.7086,8.37,1.619,0.0426,0.423,1.473,153.638,158.906788,4.493,56.381,259.14,365323.6104787072,0.01,0
2026-09-14T12:53:39Z,1.477,26.7086,8.37,1.6304,0.0426,0.423,1.4579,153.638,158.905959,4.4998,56.45,249.57,365318.71073067555,0.01,0
2026-09-14T12:53:39Z,1.479,26.7085,8.37,1.6304,0.0426,0.423,1.6543,153.648,158.914684,4.5052,56.551,246.24,365372.1823549916,0.01,0
2026-09-14T12:53:39Z,1.482,26.7085,8.37,1.6533,0.0852,0.3807,1.6241,153.658,158.923266,4.5098,56.704,254.06,365422.90044641006,0.01,0
2026-09-14T12:53:39Z,1.484,26.7084,8.37,1.6495,0.0852,0.3807,1.5637,153.667,158.929985,4.5143,56.916,242.99,365464.52489307144,0.011,0
2026-09-14T12:53:39Z,1.487,26.7081,8.37,1.6228,0.0852,0.3807,1.7298,153.689,158.950661,4.5199,57.166,240.73,365592.4859499926,0.011,0
2026-09-14T12:53:39Z,1.49,26.7076,8.37,1.6228,0.0852,0.3807,1.6996,153.723,158.984793,4.528,57.437,252.03,365803.8795563485,0.012,0
2026-09-14T12:53:39Z,1.493,26.7068,8.37,1.6495,0.0852,0.3807,1.5486,153.749,159.011424,4.5403,57.745,240.63,365976.7241258725,0.012,0
2026-09-14T12:53:39Z,1.496,26.706,8.37,1.6571,0.0426,0.5076,1.7601,153.756,159.019618,4.5573,58.09,253.4,366040.52996501443,0.013,0
2026-09-14T12:53:39Z,1.499,26.7053,8.37,1.6228,0.0426,0.5076,1.6543,153.744,159.007552,4.5774,58.438,246.88,365982.5555557797,0.013,0
2026-09-14T12:53:39Z,1.503,26.705,8.37,1.6152,0.0426,0.5076,1.8809,153.725,158.988041,4.5991,58.772,244.16,365872.8824424325,0.013,0
2026-09-14T12:53:39Z,1.506,26.705,8.37,1.6381,0.0426,0.5076,1.9111,153.713,158.975924,4.6238,59.108,263.11,365801.212852514,0.013,0
2026-09-14T12:53:39Z,1.509,26.7052,8.37,1.6495,0.0852,0.2961,1.8809,153.708,158.971976,4.6514,59.48,254.67,365774.032442362,0.013,0
2026-09-14T12:53:39Z,1.512,26.7053,8.37,1.6228,0.0852,0.2961,1.9262,153.705,158.971137,4.6792,59.915,279.67,365767.1545955855,0.013,0
2026-09-14T12:53:39Z,1.516,26.7054,8.37,1.68,0.0852,0.2961,1.6241,153.699,158.969176,4.7059,60.431,279.49,365753.6414919077,0.013,0
2026-09-14T12:53:39Z,1.519,26.7056,8.37,1.6838,0.0852,0.2961,1.6543,153.694,158.969578,4.7328,61.047,285.94,365752.1881277284,0.013,0
2026-09-14T12:53:39Z,1.522,26.706,8.37,1.6724,0.0852,0.2961,1.6543,153.687,158.968441,4.7625,61.794,303.62,365737.8040506062,0.013,0
2026-09-14T12:53:39Z,1.525,26.7068,8.37,1.7182,0.0852,0.2961,1.6996,153.67,158.957447,4.7974,62.671,309.28,365657.4771693816,0.013,0
2026-09-14T12:53:39Z,1.529,26.708,8.37,1.6953,0.0852,0.2961,1.9111,153.646,158.937673,4.8386,63.61,328.61,365517.60618387966,0.012,0
2026-09-14T12:53:39Z,1.532,26.7098,8.37,1.68,0.0852,0.2961,1.9111,153.627,158.921883,4.8877,64.51,329.82,365389.8421481461,0.012,0
2026-09-14T12:53:39Z,1.535,26.7119,8.37,1.7067,0.0852,0.2961,1.896,153.622,158.919894,4.9473,65.286,345.3,365337.92207346257,0.012,0
2026-09-14T12:53:39Z,1.538,26.714,8.37,1.6915,0.0852,0.3384,1.9866,153.619,158.917148,5.0173,65.887,379.36,365281.53807249095,0.012,0
2026-09-14T12:53:39Z,1.541,26.7158,8.37,1.7678,0.0852,0.3384,2.1679,153.605,158.902892,5.0924,66.274,354.88,365162.9087363965,0.012,0
2026-09-14T12:53:39Z,1.544,26.7171,8.37,1.7563,0.0852,0.3384,2.1679,153.596,158.891362,5.1644,66.408,385.18,365069.9639765171,0.011,0
2026-09-14T12:53:39Z,1.546,26.7179,8.37,1.7525,0.0852,0.3384,2.1226,153.601,158.89351,5.2264,66.281,385.18,365067.361371058,0.011,0
2026-09-14T12:53:39Z,1.549,26.7181,8.46,1.7525,0.0852,0.4653,2.0471,153.606,158.895881,5.2744,65.94,396.99,365077.54065324273,0.011,0
2026-09-14T12:53:39Z,1.552,26.7179,8.46,1.7525,0.0852,0.4653,2.0924,153.601,158.889087,5.3054,65.453,417.24,365041.23967365874,0.011,0
2026-09-14T12:53:39Z,1.555,26.7173,8.46,1.764,0.0852,0.4653,2.0773,153.598,158.883341,5.3162,64.88,416.7,365018.7714473284,0.011,0
2026-09-14T12:53:39Z,1.557,26.7165,8.46,1.7716,0.0852,0.4653,2.0773,153.602,158.885126,5.3062,64.277,440.54,365044.59744487284,0.011,0
2026-09-14T12:53:39Z,1.56,26.7156,8.37,1.7601,0.0852,0.423,2.2132,153.606,158.886901,5.279,63.701,434.74,365072.27689850103,0.011,0
2026-09-14T12:53:39Z,1.563,26.7148,8.37,1.783,0.0852,0.423,2.5305,153.601,158.881125,5.2401,63.196,468.68,365053.45126439055,0.011,0
2026-09-14T12:53:39Z,1.566,26.7141,8.37,1.7487,0.0852,0.423,2.4096,153.59,158.870264,5.1943,62.77,457.91,365002.68556456006,0.011,0
2026-09-14T12:53:39Z,1.569,26.7134,8.37,1.7373,0.0852,0.423,2.5607,153.575,158.857434,5.1461,62.416,468.89,364940.2955937085,0.011,0
2026-09-14T12:53:39Z,1.571,26.7127,8.37,1.7563,0.0852,0.423,2.5909,153.562,158.84723,5.1,62.133,485.48,364893.41517162905,0.011,0
2026-09-14T12:53:39Z,1.574,26.7124,8.37,1.7373,0.0852,0.423,2.606,153.553,158.840941,5.0596,61.913,516.72,364862.01199811517,0.011,0
2026-09-14T12:53:39Z,1.577,26.7126,8.37,1.7182,0.0852,0.423,1.9413,153.543,158.832881,5.0255,61.734,490.89,364810.6061558179,0.011,0
2026-09-14T12:53:39Z,1.58,26.7134,8.37,1.7029,0.0852,0.423,1.9111,153.529,158.820901,4.997,61.58,493.56,364724.6096163438,0.011,0
2026-09-14T12:53:39Z,1.582,26.7144,8.37,1.7067,0.0852,0.423,1.8809,153.507,158.799803,4.9743,61.461,455.04,364581.00163962477,0.011,0
2026-09-14T12:53:39Z,1.585,26.7154,8.37,1.7067,0.1278,0.2961,1.8658,153.47,158.763959,4.9566,61.405,543.91,364350.4449903812,0.011,0
2026-09-14T12:53:39Z,1.588,26.7162,8.37,1.6991,0.1278,0.2961,1.9262,153.421,158.713832,4.9421,61.444,493.02,364039.5858033098,0.011,0
2026-09-14T12:53:39Z,1.59,26.717,8.37,1.6953,0.1278,0.2961,1.8809,153.348,158.638059,4.9297,61.609,531.75,363577.80121398426,0.011,0
2026-09-14T12:53:39Z,1.593,26.7176,8.37,1.7144,0.1278,0.2961,1.9564,153.217,158.502405,4.9202,61.921,504.73,362767.8174318598,0.011,0
2026-09-14T12:53:39Z,1.596,26.7181,8.46,1.6953,0.0426,0.4653,1.8658,152.984,158.260676,4.9156,62.373,501.89,361338.01252230065,0.011,0
2026-09-14T12:53:39Z,1.599,26.7184,8.46,1.7067,0.0426,0.4653,1.9111,152.594,157.856427,4.9188,62.934,493.67,358964.75758199184,0.012,0
2026-09-14T12:53:39Z,1.602,26.7185,8.46,1.6991,0.0426,0.4653,1.9413,151.946,157.183862,4.932,63.552,475.97,355044.9061560714,0.012,0
2026-09-14T12:53:39Z,1.605,26.7184,8.46,1.6877,0.0426,0.4653,1.9564,150.848,156.045593,4.9569,64.17,547.58,348475.574152122,0.013,0
2026-09-14T12:53:39Z,1.608,26.7182,8.46,1.7182,0.0426,0.3384,1.9111,149.001,154.132071,4.9932,64.74,482.22,337600.90214737935,0.013,0
2026-09-14T12:53:39Z,1.612,26.7177,8.46,1.6266,0.0426,0.3384,1.8809,145.936,150.95707,5.0381,65.231,486.85,320022.1665327428,0.013,0
2026-09-14T12:53:39Z,1.615,26.7171,8.46,1.6495,0.0426,0.3384,2.0773,140.849,145.689957,5.0876,65.606,531.64,292112.1300669768,0.014,0
2026-09-14T12:53:39Z,1.619,26.7161,8.46,1.6381,0.0426,0.3384,1.9715,132.373,136.91815,5.1372,65.823,500.04,249034.5352061161,0.014,0
2026-09-14T12:53:39Z,1.622,26.7147,8.46,1.6381,0.0426,0.3384,1.8507,118.241,122.298494,5.183,65.867,516.38,186331.94329054563,0.014,0
2026-09-14T12:53:39Z,1.626,26.7129,8.46,1.6953,0.0426,0.1692,1.9413,94.69,97.940429,5.2225,65.761,485.58,105384.2708458256,0.014,0
2026-09-14T12:53:39Z,1.629,26.7108,8.46,1.7144,0.0426,0.1692,1.9715,55.452,57.362499,5.2527,65.531,502.65,26979.79782336487,0.013,0
2026-09-14T12:53:39Z,1.633,26.7087,8.46,1.661,0.0426,0.1692,1.896,-9.933,-10.254073,5.2703,65.196,494.2,NA,0.013,0
2026-09-14T12:53:39Z,1.636,26.7069,8.46,1.6915,0.0426,0.1692,1.9111,-118.924,-122.964422,5.274,64.782,484.21,NA,0.012,0
2026-09-14T12:53:39Z,1.639,26.7057,8.46,1.6648,0.0852,0.3384,2.0924,-300.607,-310.846685,5.2656,64.323,484,NA,0.012,0
2026-09-14T12:53:39Z,1.642,26.7052,8.46,1.6877,0.0852,0.3384,2.1377,-414.16,-428.275118,5.2473,63.853,475.25,NA,0.012,0
2026-09-14T12:53:39Z,1.645,26.7049,8.46,1.6953,0.0852,0.3384,2.1075,-300.595,-310.840295,5.2206,63.386,504.62,NA,0.012,0
2026-09-14T12:53:39Z,1.648,26.7046,8.46,1.6838,0.0852,0.3384,2.1679,-118.907,-122.957954,5.1875,62.925,511.8,NA,0.011,0
2026-09-14T12:53:39Z,1.651,26.7041,8.28,1.6838,0.0852,0.423,2.2283,-9.9,-10.237787,5.1509,62.481,465.03,NA,0.011,0
2026-09-14T12:53:39Z,1.653,26.7034,8.28,1.6762,0.0852,0.423,2.3643,55.508,57.396954,5.1134,62.061,504.29,27030.79455309215,0.012,0
2026-09-14T12:53:39Z,1.656,26.7023,8.28,1.6724,0.0852,0.423,2.3643,94.765,97.988211,5.0761,61.676,460.91,105574.10906412521,0.012,0
2026-09-14T12:53:39Z,1.659,26.7009,8.28,1.6877,0.0852,0.423,2.2132,118.328,122.3503,5.0392,61.339,510.47,186669.0129180795,0.012,0
2026-09-14T12:53:39Z,1.663,26.6993,8.37,1.68,0.0852,0.3384,2.3039,132.464,136.965747,5.0037,61.049,479.5,249475.9381426601,0.012,0
2026-09-14T12:53:39Z,1.666,26.6977,8.37,1.6953,0.0852,0.3384,2.2435,140.942,145.732007,4.9701,60.791,484.42,292625.58104157867,0.012,0
2026-09-14T12:53:39Z,1.669,26.6961,8.37,1.6838,0.0852,0.3384,2.3341,146.031,150.994763,4.9393,60.566,490.46,320589.6682628448,0.012,0
2026-09-14T12:53:39Z,1.672,26.6946,8.37,1.6762,0.0852,0.3384,2.2737,149.094,154.163431,4.9124,60.386,489.61,338194.8991096048,0.012,0
2026-09-14T12:53:39Z,1.675,26.6937,8.37,1.7029,0.0852,0.3384,2.5607,150.935,156.068959,4.8893,60.255,499.39,349060.67397514713,0.013,0
2026-09-14T12:53:39Z,1.678,26.6934,8.37,1.7067,0.0426,0.3807,2.5758,152.026,157.197445,4.8687,60.187,484.21,355590.6460284145,0.013,0
2026-09-14T12:53:39Z,1.682,26.6935,8.37,1.722,0.0426,0.3807,2.5154,152.667,157.859838,4.8507,60.208,500.58,359452.90238183417,0.014,0
2026-09-14T12:53:39Z,1.685,26.6939,8.37,1.7258,0.0426,0.3807,2.5003,153.049,158.254821,4.8362,60.351,471.95,361761.6388749168,0.015,0
2026-09-14T12:53:39Z,1.689,26.6943,8.37,1.6419,0.0426,0.3807,2.7873,153.281,158.493736,4.8257,60.651,468.17,363159.49382565875,0.016,0
2026-09-14T12:53:39Z,1.693,26.6944,8.37,1.6343,0.0852,0.2961,2.7873,153.422,158.638288,4.8202,61.142,484.21,364009.5396314783,0.017,0
2026-09-14T12:53:39Z,1.698,26.6944,8.37,1.6495,0.0852,0.2961,2.7722,153.509,158.72502,4.8219,61.837,480.02,364521.29756205424,0.018,0
2026-09-14T12:53:39Z,1.703,26.6942,8.37,1.6304,0.0852,0.2961,2.6966,153.564,158.77706,4.8334,62.718,451.49,364832.38757523184,0.018,0
2026-09-14T12:53:39Z,1.707,26.6939,8.37,1.6953,0.0852,0.2961,3.0139,153.598,158.808287,4.8575,63.741,456.22,365022.5780314039,0.018,0
2026-09-14T12:53:39Z,1.712,26.6933,8.55,1.7067,0.0852,0.5076,3.0441,153.617,158.823019,4.8969,64.816,458.81,365121.09086829494,0.018,0
2026-09-14T12:53:39Z,1.717,26.6923,8.55,1.6953,0.0852,0.5076,2.9988,153.622,158.82318,4.9526,65.827,439.3,365141.1598945379,0.017,0
2026-09-14T12:53:39Z,1.721,26.691,8.55,1.6877,0.0852,0.5076,2.9535,153.623,158.820836,5.0233,66.687,461.81,365152.16328365094,0.017,0
2026-09-14T12:53:39Z,1.725,26.6895,8.55,1.7296,0.0852,0.5076,3.2103,153.629,158.82338,5.1053,67.341,436.16,365195.88038860774,0.016,0
2026-09-14T12:53:39Z,1.729,26.6881,8.55,1.6915,0.0852,0.5076,3.2405,153.631,158.823473,5.1915,67.746,448.95,365223.2032032667,0.016,0
2026-09-14T12:53:39Z,1.733,26.6866,8.46,1.7067,0.0852,0.5076,3.1347,153.63,158.82114,5.2727,67.873,452.67,365238.1013903843,0.015,0
2026-09-14T12:53:39Z,1.737,26.6852,8.46,1.6991,0.0852,0.5076,3.3009,153.632,158.82177,5.3417,67.74,435.49,365268.6030373856,0.015,0
2026-09-14T12:53:39Z,1.741,26.6842,8.46,1.6381,0.0852,0.5076,3.2858,153.628,158.815512,5.3942,67.41,457.61,365250.7360899218,0.015,0
2026-09-14T12:53:39Z,1.744,26.6835,8.46,1.6152,0.0852,0.5076,3.2103,153.621,158.804705,5.4267,66.98,423.36,365200.24105978716,0.014,0
2026-09-14T12:53:39Z,1.748,26.6829,8.46,1.6266,0.0852,0.4653,3.2103,153.626,158.806506,5.437,66.547,454.94,365222.36154693563,0.014,0
2026-09-14T12:53:39Z,1.751,26.6824,8.46,1.6343,0.0852,0.4653,3.2405,153.634,158.809373,5.4263,66.162,428.36,365248.87266804,0.014,0
2026-09-14T12:53:39Z,1.755,26.6818,8.46,1.6495,0.0852,0.4653,2.9232,153.626,158.794029,5.3999,65.828,445.16,365169.64425050915,0.013,0
2026-09-14T12:53:39Z,1.758,26.6809,8.46,1.6381,0.0852,0.4653,3.0592,153.608,158.768405,5.3656,65.545,440.35,365035.4058343906,0.013,0
2026-09-14T12:53:39Z,1.761,26.6795,8.46,1.6304,0.0426,0.3384,3.0441,153.6,158.753726,5.3311,65.326,434.93,364975.42199710547,0.013,0
2026-09-14T12:53:39Z,1.765,26.6777,8.46,1.6304,0.0426,0.3384,2.9081,153.61,158.760105,5.3004,65.163,464.73,365047.5303540079,0.013,0
2026-09-14T12:53:39Z,1.768,26.6755,8.46,1.6381,0.0426,0.3384,2.7722,153.63,158.777219,5.2738,65.022,421.99,365190.7627708358,0.013,0
2026-09-14T12:53:39Z,1.771,26.6732,8.46,1.6343,0.0426,0.3384,2.7571,153.645,158.789589,5.2513,64.888,463.92,365307.9022934283,0.013,0
2026-09-14T12:53:39Z,1.774,26.6713,8.46,1.6419,0.0426,0.423,2.7269,153.653,158.796508,5.234,64.773,441.21,365385.1789278339,0.014,0
2026-09-14T12:53:39Z,1.778,26.6698,8.46,1.6381,0.0426,0.423,2.7269,153.662,158.803829,5.221,64.685,440.92,365457.1918153283,0.014,0
2026-09-14T12:53:39Z,1.781,26.6688,8.46,1.6304,0.0426,0.423,2.6513,153.669,158.809494,5.2098,64.636,436.54,365509.84688867343,0.014,0
2026-09-14T12:53:39Z,1.785,26.6679,8.46,1.6343,0.0426,0.423,2.5003,153.671,158.811007,5.1992,64.639,429.29,365536.0292586521,0.014,0
2026-09-14T12:53:39Z,1.788,26.6672,8.46,1.6457,0.0426,0.423,2.6362,153.668,158.808772,5.19,64.688,453.46,365536.20854107605,0.014,0
2026-09-14T12:53:39Z,1.792,26.6666,8.46,1.6304,0.0852,0.423,2.5003,153.662,158.802191,5.1831,64.746,451,365508.760803824,0.015,0
2026-09-14T12:53:39Z,1.796,26.6662,8.46,1.6304,0.0852,0.423,2.3039,153.653,158.793519,5.1792,64.775,433.42,365465.1148638144,0.015,0
2026-09-14T12:53:39Z,1.8,26.6661,8.46,1.6457,0.0852,0.423,2.2737,153.653,158.792467,5.1795,64.745,449.63,365460.80456029496,0.015,0
2026-09-14T12:53:39Z,1.804,26.6661,8.46,1.661,0.0852,0.423,2.319,153.663,158.802762,5.1833,64.655,423,365521.70879671036,0.016,0
2026-09-14T12:53:39Z,1.808,26.6662,8.46,1.6228,0.0852,0.423,2.2737,153.67,158.809114,5.188,64.537,462.01,365557.374222285,0.016,0
2026-09-14T12:53:39Z,1.812,26.6662,8.46,1.6228,0.0852,0.423,2.3492,153.662,158.799187,5.1903,64.454,426.32,365498.6408251951,0.016,0
2026-09-14T12:53:39Z,1.816,26.6661,8.46,1.6304,0.0852,0.423,2.3341,153.642,158.776347,5.1879,64.464,445.35,365365.44490373955,0.016,0
2026-09-14T12:53:39Z,1.82,26.666,8.46,1.6304,0.0852,0.423,2.2888,153.622,158.752539,5.1807,64.611,448.46,365226.55385082925,0.016,0
2026-09-14T12:53:39Z,1.824,26.6656,8.46,1.6533,0.0426,0.3807,2.3341,153.609,158.737448,5.1713,64.933,434.83,365144.9705832657,0.015,0
2026-09-14T12:53:39Z,1.828,26.6651,8.46,1.7067,0.0426,0.3807,2.6211,153.607,158.735063,5.1646,65.444,432.1,365140.4314224545,0.015,0
2026-09-14T12:53:39Z,1.832,26.6644,8.46,1.7029,0.0426,0.3807,2.5607,153.616,158.744751,5.1655,66.107,459.71,365211.10725518095,0.014,0
2026-09-14T12:53:39Z,1.835,26.6637,8.46,1.6838,0.0426,0.3807,2.5003,153.623,158.753061,5.1774,66.861,432.01,365273.6432897077,0.014,0
2026-09-14T12:53:39Z,1.839,26.6631,8.46,1.7144,0.0426,0.3807,2.5456,153.623,158.754194,5.2033,67.662,449.92,365291.82469489943,0.013,0
2026-09-14T12:53:39Z,1.842,26.663,8.64,1.6381,0.1278,0.3384,2.5305,153.624,158.756468,5.2443,68.49,415.07,365307.1869499391,0.012,0
2026-09-14T12:53:39Z,1.845,26.6632,8.64,1.6381,0.1278,0.3384,2.6513,153.625,158.758484,5.2974,69.332,450.9,365315.28229732276,0.012,0
2026-09-14T12:53:39Z,1.848,26.6634,8.64,1.6304,0.1278,0.3384,2.5456,153.624,158.758778,5.3577,70.181,427.71,365313.19264121697,0.011,0
2026-09-14T12:53:39Z,1.851,26.6637,8.64,1.6457,0.1278,0.3384,2.5154,153.63,158.767447,5.4219,71.027,426.6,365358.7255360626,0.01,0
2026-09-14T12:53:39Z,1.853,26.6642,8.64,1.68,0.0852,0.3807,2.183,153.641,158.780792,5.4882,71.84,461.41,365428.0941988468,0.01,0
2026-09-14T12:53:39Z,1.855,26.6645,8.64,1.7182,0.0852,0.3807,2.319,153.645,158.786339,5.5556,72.574,424.56,365455.165043867,0.009,0
2026-09-14T12:53:39Z,1.857,26.665,8.64,1.68,0.0852,0.3807,2.3945,153.643,158.785566,5.6236,73.183,415.07,365441.0193517568,0.009,0
2026-09-14T12:53:39Z,1.859,26.6656,8.64,1.7105,0.0852,0.3807,2.2737,153.64,158.782277,5.6913,73.617,447.78,365410.0769051024,0.008,0
2026-09-14T12:53:39Z,1.861,26.6663,8.55,1.6877,0.1278,0.423,2.2435,153.634,158.775594,5.7564,73.81,413.81,365357.1479868205,0.008,0
2026-09-14T12:53:39Z,1.863,26.6668,8.55,1.6762,0.1278,0.423,2.1981,153.625,158.767742,5.8151,73.726,440.63,365301.13885768875,0.008,0
2026-09-14T12:53:39Z,1.865,26.667,8.55,1.6953,0.1278,0.423,2.3039,153.615,158.760635,5.8639,73.384,425.39,365255.28160834033,0.008,0
2026-09-14T12:53:39Z,1.867,26.667,8.55,1.7029,0.1278,0.423,2.2586,153.608,158.756388,5.8987,72.827,417.61,365230.1663978522,0.008,0
2026-09-14T12:53:39Z,1.869,26.667,8.55,1.6953,0.0426,0.3807,2.3341,153.609,158.761884,5.9142,72.105,419.43,365262.6663476087,0.008,0
2026-09-14T12:53:39Z,1.872,26.6674,8.55,1.6915,0.0426,0.3807,2.3039,153.618,158.774582,5.9074,71.283,429.11,365330.107148249,0.009,0
2026-09-14T12:53:39Z,1.874,26.6683,8.55,1.7067,0.0426,0.3807,2.3492,153.622,158.781833,5.8799,70.431,424.47,365355.76713511936,0.009,0
2026-09-14T12:53:39Z,1.876,26.6695,8.55,1.6762,0.0426,0.3807,2.2737,153.619,158.781565,5.8351,69.596,404.48,365331.21643413126,0.009,0
2026-09-14T12:53:39Z,1.878,26.6708,8.55,1.68,0.0426,0.3807,2.1528,153.617,158.781722,5.7771,68.813,432.57,365307.2676041677,0.009,0
2026-09-14T12:53:39Z,1.88,26.672,8.55,1.7067,0.0426,0.423,2.1226,153.613,158.780343,5.7112,68.116,412.56,365276.1514544942,0.01,0
2026-09-14T12:53:39Z,1.883,26.6729,8.55,1.6724,0.0426,0.423,2.1377,153.605,158.775054,5.6428,67.519,435.02,365227.6586171769,0.01,0
2026-09-14T12:53:39Z,1.885,26.6739,8.55,1.6877,0.0426,0.423,2.0773,153.598,158.770459,5.5758,67.02,388.63,365181.36196966557,0.011,0
2026-09-14T12:53:39Z,1.888,26.6748,8.55,1.6724,0.0426,0.423,2.2435,153.591,158.763328,5.513,66.618,427.06,365121.9915366011,0.011,0
2026-09-14T12:53:39Z,1.891,26.6757,8.64,1.68,0.0852,0.4653,2.3643,153.58,158.751759,5.4571,66.31,407.57,365036.39866385993,0.012,0
2026-09-14T12:53:39Z,1.894,26.6766,8.64,1.6762,0.0852,0.4653,2.2737,153.571,158.740684,5.4092,66.071,401.59,364953.74005135015,0.012,0
2026-09-14T12:53:39Z,1.897,26.6772,8.64,1.68,0.0852,0.4653,2.3039,153.565,158.731157,5.3691,65.89,413.01,364885.97555377916,0.012,0
2026-09-14T12:53:39Z,1.901,26.6775,8.64,1.6877,0.0852,0.4653,2.319,153.554,158.716629,5.337,65.768,394.15,364794.40684395604,0.013,0
2026-09-14T12:53:39Z,1.904,26.6774,8.64,1.6953,0.1278,0.3807,2.3039,153.538,158.697235,5.3123,65.693,410.32,364681.75174421637,0.013,0
2026-09-14T12:53:39Z,1.907,26.6768,8.64,1.7144,0.1278,0.3807,2.2737,153.524,158.679826,5.2932,65.636,403.6,364590.38769416965,0.013,0
2026-09-14T12:53:39Z,1.91,26.6758,8.64,1.6838,0.1278,0.3807,2.3492,153.519,158.671785,5.2787,65.587,398.03,364561.9935236139,0.013,0
2026-09-14T12:53:39Z,1.914,26.6748,8.64,1.68,0.1278,0.3807,2.2737,153.531,158.68299,5.269,65.551,389.98,364647.2672919522,0.013,0
2026-09-14T12:53:39Z,1.917,26.6738,8.64,1.6991,0.1278,0.3807,2.3039,153.552,158.704406,5.2631,65.525,401.59,364792.8825253726,0.013,0
2026-09-14T12:53:39Z,1.92,26.6727,8.73,1.7029,0.0426,0.3384,2.319,153.568,158.721703,5.2587,65.51,390.91,364916.1087660978,0.013,0
2026-09-14T12:53:39Z,1.924,26.6718,8.73,1.6724,0.0426,0.3384,2.3643,153.582,158.735486,5.2548,65.519,391.59,365014.7714563146,0.012,0
2026-09-14T12:53:39Z,1.927,26.6714,8.73,1.7144,0.0426,0.3384,2.2435,153.588,158.741414,5.252,65.565,384.18,365057.4582547358,0.012,0
2026-09-14T12:53:39Z,1.929,26.6714,8.73,1.764,0.0426,0.3384,2.1377,153.584,158.73706,5.2499,65.652,380.19,365031.72082371823,0.012,0
2026-09-14T12:53:39Z,1.932,26.6714,8.82,1.7601,0.0852,0.4653,1.9715,153.581,158.733287,5.2487,65.782,380.85,365009.4185662094,0.012,0
2026-09-14T12:53:39Z,1.935,26.6713,8.82,1.7449,0.0852,0.4653,2.032,153.59,158.741112,5.2494,65.97,373.15,365057.58215058636,0.011,0
2026-09-14T12:53:39Z,1.938,26.6712,8.82,1.7373,0.0852,0.4653,2.0471,153.606,158.756611,5.2532,66.23,387.78,365151.1171954749,0.011,0
2026-09-14T12:53:39Z,1.941,26.6711,8.82,1.7449,0.0852,0.4653,2.0773,153.613,158.761872,5.2601,66.555,377.55,365184.1334673278,0.011,0
2026-09-14T12:53:39Z,1.944,26.6709,8.91,1.7411,0.0852,0.2961,2.0169,153.609,158.756294,5.2705,66.917,390.83,365154.9793817379,0.011,0
2026-09-14T12:53:39Z,1.946,26.6705,8.91,1.7563,0.0852,0.2961,2.1226,153.607,158.752417,5.2856,67.27,376.41,365139.70787493436,0.01,0
2026-09-14T12:53:39Z,1.949,26.6701,8.91,1.7716,0.0852,0.2961,2.0622,153.609,158.753215,5.3065,67.566,380.02,365152.0757218248,0.01,0
2026-09-14T12:53:39Z,1.951,26.6696,8.91,1.764,0.0852,0.2961,2.3341,153.616,158.758902,5.3326,67.765,378.46,365195.2628772065,0.009,0
2026-09-14T12:53:39Z,1.954,26.6691,8.91,1.7449,0.0852,0.2961,2.3794,153.622,158.762977,5.3616,67.839,369.92,365228.9224038955,0.009,0
2026-09-14T12:53:39Z,1.956,26.6685,9,1.7296,0.1278,0.423,2.3341,153.619,158.75851,5.39,67.768,380.44,365213.986810106,0.009,0
2026-09-14T12:53:39Z,1.958,26.668,9,1.7373,0.1278,0.423,2.4096,153.611,158.74832,5.4138,67.557,364.34,365163.2996045994,0.009,0
2026-09-14T12:53:39Z,1.961,26.6675,9,1.7449,0.1278,0.423,2.1075,153.598,158.733695,5.4298,67.23,375.67,365086.39558037807,0.009,0
2026-09-14T12:53:39Z,1.963,26.6669,9,1.7411,0.1278,0.423,2.1226,153.589,158.722762,5.4358,66.818,366.56,365033.23677422095,0.009,0
2026-09-14T12:53:39Z,1.965,26.6664,9,1.7525,0.0426,0.423,2.0773,153.597,158.728635,5.4302,66.366,377.97,365077.5167645041,0.008,0
2026-09-14T12:53:39Z,1.967,26.6658,9,1.7449,0.0426,0.423,2.1377,153.61,158.740859,5.4133,65.915,364.34,365161.2646951777,0.008,0
2026-09-14T12:53:39Z,1.969,26.6652,9,1.825,0.0426,0.423,2.1226,153.616,158.746658,5.3872,65.478,372.42,365207.0319859784,0.008,0
2026-09-14T12:53:39Z,1.972,26.6646,9,1.7868,0.0426,0.423,2.0924,153.624,158.755597,5.3542,65.041,369.12,365271.3736990226,0.008,0
2026-09-14T12:53:39Z,1.974,26.6641,9,1.8059,0.0852,0.4653,2.1528,153.633,158.764047,5.318,64.595,368,365330.9177518735,0.008,0
2026-09-14T12:53:39Z,1.975,26.6637,9,1.825,0.0852,0.4653,2.0169,153.625,158.756223,5.2819,64.137,383.17,365292.29667046247,0.007,0
2026-09-14T12:53:39Z,1.977,26.6636,9,1.8364,0.0852,0.4653,2.032,153.606,158.736054,5.2468,63.677,357.28,365174.93405446556,0.007,0
2026-09-14T12:53:39Z,1.979,26.6635,9,1.8326,0.0852,0.4653,2.032,153.585,158.712187,5.2118,63.219,378.05,365035.73155827087,0.007,0
2026-09-14T12:53:39Z,1.981,26.6635,8.91,1.8212,0.0852,0.3384,2.1226,153.566,158.690283,5.176,62.766,356.5,364906.2516887524,0.007,0
2026-09-14T12:53:39Z,1.983,26.6634,8.91,1.825,0.0852,0.3384,2.0622,153.555,158.676526,5.1394,62.331,376.33,364826.85598639405,0.007,0
2026-09-14T12:53:39Z,1.985,26.6632,8.91,1.7487,0.0852,0.3384,2.0169,153.554,158.671255,5.1025,61.938,367.28,364799.52798687393,0.007,0
2026-09-14T12:53:39Z,1.987,26.6628,8.91,1.7373,0.0852,0.3384,2.1075,153.563,158.677071,5.0659,61.605,366.96,364841.54327179695,0.007,0
2026-09-14T12:53:39Z,1.988,26.6621,8.91,1.7601,0.0852,0.3384,2.0169,153.578,158.687511,5.0297,61.344,373.64,364916.6279202373,0.007,0
2026-09-14T12:53:39Z,1.99,26.6612,9.09,1.7411,0.0852,0.54990000000000006,2.1528,153.581,158.685317,4.9949,61.17,367.6,364920.86419070535,0.008,0
2026-09-14T12:53:39Z,1.992,26.66,9.09,1.7601,0.0852,0.54990000000000006,2.1075,153.567,158.665894,4.9635,61.084,369.2,364828.9999228444,0.008,0
2026-09-14T12:53:39Z,1.994,26.6586,9.09,1.7449,0.0852,0.54990000000000006,2.0622,153.55,158.644104,4.937,61.072,369.92,364726.9791124237,0.008,0
2026-09-14T12:53:39Z,1.996,26.657,9.09,1.7449,0.0852,0.54990000000000006,2.0169,153.546,158.638184,4.9162,61.133,365.53,364722.5674062927,0.008,0
2026-09-14T12:53:39Z,1.999,26.6552,9.27,1.7563,0.0852,0.4653,2.1226,153.547,158.638541,4.9024,61.28,376.33,364759.0736162297,0.008,0
2026-09-14T12:53:39Z,2.001,26.6535,9.27,1.7525,0.0852,0.4653,2.0773,153.543,158.633244,4.8957,61.512,364.34,364760.25509311346,0.008,0
2026-09-14T12:53:39Z,2.003,26.6524,9.27,1.7449,0.0852,0.4653,2.0622,153.54,158.628897,4.8949,61.807,372.34,364755.58437631157,0.008,0
2026-09-14T12:53:39Z,2.005,26.6519,9.27,1.7525,0.0852,0.4653,2.0471,153.533,158.620333,4.8998,62.138,363.94,364714.5233769294,0.008,0
2026-09-14T12:53:39Z,2.007,26.6516,9.36,1.7449,0.0852,0.4653,2.0169,153.524,158.609277,4.9116,62.495,365.61,364654.91614813666,0.008,0
2026-09-14T12:53:39Z,2.009,26.6513,9.36,1.7449,0.0852,0.4653,1.9564,153.525,158.608811,4.9302,62.884,375.67,364657.8935166943,0.008,0
2026-09-14T12:53:39Z,2.011,26.6509,9.36,1.7716,0.0852,0.4653,2.183,153.528,158.610797,4.9539,63.309,357.51,364677.27236647584,0.008,0
2026-09-14T12:53:39Z,2.013,26.6504,9.36,1.7449,0.0852,0.4653,2.1377,153.527,158.607747,4.9805,63.76,378.46,364668.8004461971,0.008,0
2026-09-14T12:53:39Z,2.015,26.6499,9.36,1.7601,0.0852,0.4653,2.0018,153.519,158.598847,5.0091,64.226,361.18,364625.7571411676,0.008,0
2026-09-14T12:53:39Z,2.017,26.6493,9.36,1.7525,0.0852,0.4653,1.9262,153.508,158.585733,5.0403,64.704,378.62,364559.72583333874,0.008,0
2026-09-14T12:53:39Z,2.019,26.6488,9.36,1.7563,0.0852,0.4653,1.9866,153.504,158.58094,5.0744,65.182,370.08,364540.9549688017,0.008,0
2026-09-14T12:53:39Z,2.021,26.6483,9.36,1.7487,0.0852,0.4653,1.8658,153.508,158.58319,5.1106,65.642,374.45,364563.80016607954,0.009,0
2026-09-14T12:53:39Z,2.023,26.648,9.36,1.7754,0.0852,0.4653,1.9111,153.52,158.593082,5.148,66.075,361.5,364627.9862259573,0.009,0
2026-09-14T12:53:39Z,2.025,26.6476,9.36,1.764,0.0852,0.54990000000000006,2.1075,153.544,158.613254,5.1863,66.46,379.86,364754.85302741505,0.009,0
2026-09-14T12:53:39Z,2.028,26.6473,9.36,1.7716,0.0852,0.54990000000000006,2.032,153.565,158.629045,5.2247,66.76,359.85,364853.9354126792,0.01,0
2026-09-14T12:53:39Z,2.03,26.6467,9.36,1.7563,0.0852,0.54990000000000006,2.1075,153.579,158.63665,5.2617,66.951,376.24,364910.3698485714,0.01,0
2026-09-14T12:53:39Z,2.033,26.6458,9.36,1.7601,0.0852,0.54990000000000006,1.9866,153.594,158.646111,5.2964,67.028,367.52,364983.5233208021,0.011,0
2026-09-14T12:53:39Z,2.036,26.6445,9.54,1.8059,0.1278,0.5076,2.1075,153.61,158.655944,5.3274,66.991,370.24,365066.5404169593,0.011,0
2026-09-14T12:53:39Z,2.039,26.6426,9.54,1.8059,0.1278,0.5076,2.0773,153.615,158.656746,5.3516,66.845,372.34,365107.6329856443,0.011,0
2026-09-14T12:53:39Z,2.042,26.6403,9.54,1.8059,0.1278,0.5076,2.1679,153.607,158.644723,5.3672,66.614,371.29,365080.51885878836,0.011,0
2026-09-14T12:53:39Z,2.044,26.6382,9.54,1.8021,0.1278,0.5076,2.0471,153.585,158.620675,5.3736,66.335,366.48,364978.452067811,0.011,0
2026-09-14T12:53:39Z,2.047,26.6362,9.45,1.764,0.1278,0.3807,2.1075,153.565,158.598232,5.3707,66.057,367.28,364883.97289514064,0.01,0
2026-09-14T12:53:39Z,2.05,26.6347,9.45,1.764,0.1278,0.3807,2.1679,153.555,158.58744,5.3592,65.82,371.86,364848.83545587375,0.01,0
2026-09-14T12:53:39Z,2.052,26.6336,9.45,1.764,0.1278,0.3807,2.0773,153.558,158.589429,5.3408,65.634,365.92,364881.6318635722,0.01,0
2026-09-14T12:53:39Z,2.055,26.6329,9.45,1.7525,0.1278,0.3807,2.2132,153.574,158.604731,5.3185,65.497,366.88,364985.5233848501,0.009,0
2026-09-14T12:53:39Z,2.057,26.6325,9.45,1.764,0.1278,0.3807,2.0471,153.592,158.621394,5.2962,65.415,363.62,365091.74777017004,0.009,0
2026-09-14T12:53:39Z,2.059,26.6322,9.36,1.7449,0.0852,0.3807,2.183,153.603,158.631835,5.2773,65.384,365.29,365159.2626790416,0.008,0
2026-09-14T12:53:39Z,2.061,26.6319,9.36,1.7563,0.0852,0.3807,2.0622,153.611,158.63884,5.2624,65.359,371.61,365206.453516246,0.008,0
2026-09-14T12:53:39Z,2.063,26.6315,9.36,1.764,0.0852,0.3807,2.0924,153.614,158.640269,5.2515,65.29,362.05,365222.5655403378,0.008,0
2026-09-14T12:53:39Z,2.065,26.631,9.36,1.8021,0.0852,0.3807,2.0773,153.605,158.628486,5.245,65.156,373.72,365162.4110905395,0.007,0
2026-09-14T12:53:39Z,2.067,26.6306,9.45,1.8212,0.0852,0.5076,2.032,153.588,158.608364,5.2425,64.956,370.65,365051.01212681603,0.007,0
2026-09-14T12:53:39Z,2.069,26.6301,9.45,1.8097,0.0852,0.5076,2.0622,153.573,158.590572,5.2405,64.686,366.64,364955.32726659474,0.007,0
2026-09-14T12:53:39Z,2.07,26.6295,9.45,1.8174,0.0852,0.5076,2.1075,153.559,158.574371,5.235,64.353,363.07,364870.9774186687,0.007,0
2026-09-14T12:53:39Z,2.072,26.6287,9.45,1.8059,0.0852,0.5076,1.8809,153.55,158.563458,5.2244,63.971,370.08,364821.733647923,0.007,0
2026-09-14T12:53:39Z,2.074,26.6279,9.45,1.8288,0.1278,0.3807,1.9715,153.542,158.554922,5.2084,63.556,371.05,364786.5490131124,0.008,0
2026-09-14T12:53:39Z,2.076,26.6272,9.45,1.8021,0.1278,0.3807,1.8809,153.527,158.538472,5.1868,63.126,363.86,364702.6561924054,0.008,0
2026-09-14T12:53:39Z,2.078,26.6265,9.45,1.7983,0.1278,0.3807,1.896,153.515,158.525751,5.1602,62.701,375.67,364640.8198274256,0.008,0
2026-09-14T12:53:39Z,2.08,26.6261,9.45,1.9471,0.1278,0.3807,2.3492,153.515,158.525394,5.1296,62.295,364.02,364646.3535801702,0.009,0
2026-09-14T12:53:39Z,2.083,26.6259,9.45,1.9432,0.1278,0.3807,2.3794,153.515,158.52528,5.0963,61.92,375.1,364649.5015205757,0.009,0
2026-09-14T12:53:39Z,2.085,26.6257,9.36,1.9432,0.1278,0.3384,2.3039,153.52,158.529387,5.0619,61.591,362.6,364677.6070621588,0.009,0
2026-09-14T12:53:39Z,2.087,26.6257,9.36,1.9394,0.1278,0.3384,2.3039,153.538,158.546827,5.0278,61.308,363.23,364780.7365815819,0.009,0
2026-09-14T12:53:39Z,2.09,26.6256,9.36,1.9547,0.1278,0.3384,2.1679,153.56,158.566217,4.9953,61.058,389.13,364897.3308515303,0.009,0
2026-09-14T12:53:39Z,2.092,26.6254,9.36,1.97,0.1278,0.3384,2.0169,153.577,158.580704,4.9652,60.83,350.28,364986.8547048693,0.009,0
2026-09-14T12:53:39Z,2.094,26.6251,9.09,1.9471,0.0852,0.3807,2.0773,153.589,158.590142,4.9388,60.623,364.73,365048.43234467815,0.009,0
2026-09-14T12:53:39Z,2.096,26.6246,9.09,1.9432,0.0852,0.3807,2.1075,153.586,158.585025,4.9162,60.442,364.34,365027.72321428923,0.01,0
2026-09-14T12:53:39Z,2.099,26.6238,9.09,1.9318,0.0852,0.3807,2.0471,153.57,158.567995,4.8962,60.285,353.88,364942.27585059864,0.01,0
2026-09-14T12:53:39Z,2.101,26.6228,9.09,1.9547,0.0852,0.3807,2.1075,153.558,158.554552,4.878,60.146,372.83,364881.8803285527,0.01,0
2026-09-14T12:53:39Z,2.104,26.6218,9.09,1.928,0.0852,0.4653,2.1226,153.55,158.545118,4.8615,60.02,360.32,364845.2016453059,0.011,0
2026-09-14T12:53:39Z,2.107,26.6211,9.09,1.8937,0.0852,0.4653,2.1075,153.543,158.537178,4.847,59.916,361.26,364811.6229706019,0.011,0
2026-09-14T12:53:39Z,2.11,26.6207,9.09,2.0043,0.0852,0.4653,2.2888,153.54,158.532624,4.8345,59.839,362.6,364792.3353949619,0.011,0
2026-09-14T12:53:39Z,2.113,26.6204,9.09,2.031,0.0852,0.4653,2.3341,153.54,158.53024,4.8233,59.786,367.44,364783.9705404959,0.011,0
2026-09-14T12:53:39Z,2.116,26.6201,9,1.9928,0.0852,0.4653,2.3039,153.546,158.533398,4.8132,59.752,357.13,364808.3851539867,0.011,0
2026-09-14T12:53:39Z,2.119,26.6198,9,1.9814,0.0852,0.4653,2.4549,153.558,158.542941,4.8049,59.734,366.56,364870.5706523376,0.011,0
2026-09-14T12:53:39Z,2.122,26.6193,9,1.9432,0.0852,0.4653,2.3643,153.564,158.545381,4.7988,59.732,352.19,364894.56805307046,0.011,0
2026-09-14T12:53:39Z,2.124,26.6187,9,1.9242,0.0852,0.4653,2.2888,153.56,158.537361,4.7946,59.754,369.6,364858.59949095716,0.011,0
2026-09-14T12:53:39Z,2.127,26.6179,9,1.9394,0.0852,0.4653,2.3341,153.56,158.532774,4.792,59.801,357.51,364846.7648859486,0.011,0
2026-09-14T12:53:39Z,2.13,26.6169,9.09,1.9394,0.0852,0.54990000000000006,2.2737,153.566,158.534403,4.7906,59.874,359.15,364875.52767425217,0.012,0
2026-09-14T12:53:39Z,2.133,26.6156,9.09,1.9967,0.0852,0.54990000000000006,2.5154,153.582,158.546693,4.7906,59.981,350.51,364973.1105678949,0.012,0
2026-09-14T12:53:39Z,2.136,26.6142,9.09,2.0119,0.0852,0.54990000000000006,2.4852,153.603,158.564903,4.7925,60.137,366.24,365107.66534779855,0.012,0
2026-09-14T12:53:39Z,2.139,26.6128,9.09,2.0081,0.0852,0.54990000000000006,2.5758,153.607,158.565832,4.7964,60.349,343.13,365139.9617524782,0.012,0
2026-09-14T12:53:39Z,2.143,26.6115,9,1.9967,0.0852,0.423,2.6211,153.596,158.553736,4.8024,60.613,365.92,365093.25011329254,0.012,0
2026-09-14T12:53:39Z,2.146,26.61,9,2.0653,0.0852,0.423,3.029,153.585,158.541422,4.8111,60.927,354.96,365049.07701513835,0.012,0
2026-09-14T12:53:39Z,2.149,26.6088,9,2.0653,0.0852,0.423,3.0441,153.574,158.529615,4.8236,61.297,353.5,365002.1636184428,0.012,0
2026-09-14T12:53:39Z,2.152,26.608,9,2.0691,0.0852,0.423,2.9232,153.575,158.531198,4.8407,61.726,351.35,365026.84156661335,0.011,0
2026-09-14T12:53:39Z,2.155,26.6075,9,2.0844,0.0426,0.4653,3.0139,153.59,158.546594,4.8619,62.214,342.23,365127.54112803756,0.011,0
2026-09-14T12:53:39Z,2.158,26.6072,9,2.0997,0.0426,0.4653,2.9384,153.599,158.555858,4.8871,62.751,354.19,365188.1258712958,0.011,0
2026-09-14T12:53:39Z,2.16,26.6071,9,2.0653,0.0426,0.4653,3.0441,153.601,158.557455,4.9168,63.303,344.55,365199.4946474469,0.011,0
2026-09-14T12:53:39Z,2.163,26.6072,9,2.0653,0.0426,0.4653,2.9232,153.604,158.559826,4.9512,63.814,343.87,365211.6160847476,0.01,0
2026-09-14T12:53:39Z,2.165,26.6073,9,2.0691,0.0426,0.4653,2.9988,153.606,158.559595,4.9904,64.241,349.22,365208.33258071676,0.01,0
2026-09-14T12:53:39Z,2.168,26.6073,9,2.0806,0.0852,0.423,3.7088,153.602,158.552692,5.0335,64.56,337.58,365167.4646112135,0.01,0
2026-09-14T12:53:39Z,2.171,26.6071,9,2.0653,0.0852,0.423,3.7692,153.594,158.541284,5.0778,64.768,351.05,365103.7603715131,0.009,0
2026-09-14T12:53:39Z,2.173,26.6066,9,2.0653,0.0852,0.423,3.8296,153.583,158.526337,5.1188,64.881,342.98,365024.85804727563,0.009,0
2026-09-14T12:53:39Z,2.175,26.6059,9,2.0691,0.0852,0.423,3.6786,153.568,158.507874,5.1531,64.926,340.16,364928.9840344027,0.008,0
2026-09-14T12:53:39Z,2.177,26.605,9,2.0997,0.0426,0.423,3.6635,153.559,158.497003,5.1788,64.937,347.63,364881.87217811175,0.008,0
2026-09-14T12:53:39Z,2.179,26.604,9,2.0729,0.0426,0.423,3.2858,153.559,158.494832,5.1956,64.95,342.46,364888.15653704456,0.007,0
2026-09-14T12:53:39Z,2.181,26.6031,9,2.0729,0.0426,0.423,3.2254,153.555,158.488759,5.2047,64.992,344.32,364869.43733082444,0.007,0
2026-09-14T12:53:39Z,2.182,26.6021,9,2.0653,0.0426,0.423,3.2405,153.542,158.473157,5.2084,65.069,336.92,364796.2451596019,0.008,0
2026-09-14T12:53:39Z,2.184,26.6013,9,2.0806,0.0852,0.4653,3.2254,153.524,158.45188,5.2094,65.178,345.67,364685.65982932836,0.008,0
2026-09-14T12:53:39Z,2.186,26.6007,9,2.0501,0.0852,0.4653,3.7692,153.518,158.443302,5.2105,65.323,330.18,364646.3861679267,0.009,0
2026-09-14T12:53:39Z,2.189,26.6,9,2.0615,0.0852,0.4653,3.6484,153.53,158.453153,5.2139,65.494,345.15,364718.05005733855,0.009,0
2026-09-14T12:53:39Z,2.192,26.5993,9,2.0844,0.0852,0.4653,3.7994,153.545,158.46402,5.2201,65.661,331.62,364795.73687614326,0.01,0
2026-09-14T12:53:39Z,2.194,26.5986,9,2.0539,0.0852,0.4653,3.6937,153.553,158.466775,5.229,65.79,339.35,364825.4293968285,0.01,0
2026-09-14T12:53:39Z,2.197,26.5977,9.09,2.0157,0.0426,0.5076,4.4641,153.561,158.466162,5.2407,65.853,345.07,364839.01911361923,0.01,0
2026-09-14T12:53:39Z,2.199,26.5967,9.09,1.9852,0.0426,0.5076,4.5396,153.567,158.462017,5.2545,65.834,326.47,364833.6197178874,0.01,0
2026-09-14T12:53:39Z,2.202,26.5954,9.09,2.0119,0.0426,0.5076,4.4339,153.567,158.453232,5.2681,65.719,340.82,364806.4999268537,0.011,0
2026-09-14T12:53:39Z,2.205,26.5934,9.09,2.0234,0.0426,0.5076,4.4792,153.566,158.445481,5.2785,65.504,324.7,364798.89032631984,0.011,0
2026-09-14T12:53:39Z,2.208,26.5907,9,1.9967,0.0852,0.423,4.8115,153.567,158.440706,5.2839,65.202,333.14,364822.2849889866,0.01,0
2026-09-14T12:53:39Z,2.211,26.5876,9,2.0157,0.0852,0.423,4.6454,153.575,158.445648,5.2826,64.839,330.61,364910.85718369955,0.01,0
2026-09-14T12:53:39Z,2.213,26.5846,9,1.989,0.0852,0.423,4.6756,153.593,158.461626,5.2737,64.45,322.73,365062.8874018523,0.01,0
2026-09-14T12:53:39Z,2.216,26.5822,9,1.9928,0.0852,0.423,4.7209,153.611,158.476867,5.2567,64.062,331.12,365199.11555159366,0.01,0
2026-09-14T12:53:39Z,2.218,26.5805,9.09,1.9509,0.0852,0.4653,4.313,153.625,158.48742,5.2326,63.696,321.33,365294.19894168875,0.01,0
2026-09-14T12:53:39Z,2.22,26.5794,9.09,1.9509,0.0852,0.4653,4.1922,153.634,158.492091,5.2036,63.379,333.28,365342.95153469156,0.009,0
2026-09-14T12:53:39Z,2.223,26.5784,9.09,1.9738,0.0852,0.4653,4.2677,153.633,158.484109,5.1724,63.139,322.52,365314.8193450568,0.009,0
2026-09-14T12:53:39Z,2.225,26.5774,9.09,1.9585,0.0852,0.4653,4.2526,153.623,158.465353,5.1414,62.992,324.98,365222.8565797024,0.009,0
2026-09-14T12:53:39Z,2.228,26.5762,9,2.0081,0.0852,0.3807,3.9656,153.62,158.454869,5.1121,62.939,322.87,365183.7355423318,0.009,0
2026-09-14T12:53:39Z,2.23,26.5745,9,2.0157,0.0852,0.3807,4.0109,153.625,158.45387,5.0868,62.98,318.97,365210.3834593739,0.009,0
2026-09-14T12:53:39Z,2.232,26.5723,9,2.0005,0.0852,0.3807,4.0411,153.618,158.442047,5.0678,63.113,325.06,365182.48457369645,0.009,0
2026-09-14T12:53:39Z,2.235,26.5697,9,2.0157,0.0852,0.3807,3.9958,153.604,158.424266,5.0563,63.317,317.58,365126.9490579836,0.01,0
2026-09-14T12:53:39Z,2.237,26.5673,9,1.9585,0.0852,0.3807,4.026,153.596,158.411816,5.0522,63.571,323.29,365099.1624022071,0.01,0
2026-09-14T12:53:39Z,2.24,26.5653,9,1.9509,0.0852,0.423,3.8901,153.591,158.401377,5.0557,63.859,314.77,365075.62629976607,0.01,0
2026-09-14T12:53:39Z,2.242,26.5639,9,1.9432,0.0852,0.423,3.9354,153.592,158.398182,5.0665,64.17,322.66,365083.51241739484,0.01,0
2026-09-14T12:53:39Z,2.245,26.5627,9,1.9509,0.0852,0.423,3.9807,153.606,158.409393,5.083,64.492,314.84,365172.92492846143,0.011,0
2026-09-14T12:53:39Z,2.248,26.5612,9,1.9432,0.0852,0.423,4.026,153.63,158.429984,5.1035,64.807,317.1,365323.69944401766,0.011,0
2026-09-14T12:53:39Z,2.251,26.5597,9,1.9051,0.0426,0.423,3.9958,153.657,158.453421,5.1268,65.106,314.63,365491.3945807591,0.011,0
2026-09-14T12:53:39Z,2.254,26.5582,9,1.9509,0.0426,0.423,3.9505,153.677,158.469924,5.1519,65.385,309.61,365618.0234683515,0.011,0
2026-09-14T12:53:39Z,2.257,26.557,9,1.9509,0.0426,0.423,3.9656,153.683,158.471866,5.1779,65.644,317.58,365652.56223643076,0.011,0
2026-09-14T12:53:39Z,2.259,26.5558,9,1.9471,0.0426,0.423,3.739,153.686,158.471791,5.2033,65.886,310.76,365675.14125771465,0.011,0
2026-09-14T12:53:39Z,2.262,26.5544,9,1.9547,0.0426,0.3807,3.6635,153.695,158.477695,5.2273,66.106,315.38,365737.0268394658,0.01,0
2026-09-14T12:53:39Z,2.264,26.553,9,1.9547,0.0426,0.3807,3.7692,153.703,158.483136,5.2499,66.297,311.84,365796.17560653185,0.01,0
2026-09-14T12:53:39Z,2.267,26.5517,9,1.9471,0.0426,0.3807,3.6786,153.699,158.477539,5.2708,66.456,311.77,365787.9215444165,0.01,0
2026-09-14T12:53:39Z,2.27,26.5505,9,1.9165,0.0426,0.3807,4.026,153.691,158.467429,5.2904,66.572,309.68,365750.97238698817,0.01,0
2026-09-14T12:53:39Z,2.272,26.5495,9,1.9394,0.0426,0.3807,3.9958,153.694,158.470149,5.3082,66.623,310.15,365786.30393205106,0.01,0
2026-09-14T12:53:39Z,2.275,26.5487,9.09,1.9432,0.0852,0.5076,3.9505,153.696,158.470394,5.3235,66.584,311.57,365803.1134855882,0.01,0
2026-09-14T12:53:39Z,2.277,26.5481,9.09,1.9165,0.0852,0.5076,3.9958,153.681,158.452196,5.3363,66.447,306.8,365706.6597823304,0.01,0
2026-09-14T12:53:39Z,2.279,26.5476,9.09,1.8822,0.0852,0.5076,3.7692,153.663,158.430742,5.3457,66.214,310.08,365588.98722658225,0.01,0
2026-09-14T12:53:39Z,2.282,26.5473,9.09,1.8784,0.0852,0.5076,3.7994,153.661,158.42436,5.3498,65.9,306.53,365556.88773273194,0.01,0
2026-09-14T12:53:39Z,2.284,26.5468,9,1.867,0.0852,0.5076,3.739,153.669,158.42734,5.3468,65.525,310.83,365584.15503073664,0.01,0
2026-09-14T12:53:39Z,2.287,26.5461,9,1.886,0.0852,0.5076,3.7994,153.676,158.428451,5.3358,65.113,307.8,365604.1745479546,0.011,0
2026-09-14T12:53:39Z,2.289,26.5451,9,1.928,0.0852,0.5076,3.739,153.686,158.431998,5.3172,64.688,308.07,365644.4031868989,0.011,0
2026-09-14T12:53:39Z,2.292,26.5437,9,1.9356,0.0852,0.5076,3.7239,153.692,158.430911,5.2921,64.269,305.93,365664.8196695606,0.012,0
2026-09-14T12:53:39Z,2.296,26.542,9,1.9509,0.0852,0.423,3.8296,153.685,158.416883,5.2622,63.867,306.93,365614.2190110963,0.012,0
2026-09-14T12:53:39Z,2.299,26.5399,9,1.9394,0.0852,0.423,3.7843,153.673,158.398196,5.2292,63.489,307.4,365543.6556916978,0.012,0
2026-09-14T12:53:39Z,2.302,26.5377,9,1.9356,0.0852,0.423,3.9354,153.667,158.3859,5.1953,63.143,304.34,365512.92196663754,0.013,0
2026-09-14T12:53:39Z,2.305,26.5354,9,1.9356,0.0852,0.423,3.9656,153.668,158.380724,5.1619,62.839,309.28,365526.34225443745,0.013,0
2026-09-14T12:53:39Z,2.309,26.5333,9,1.9471,0.0852,0.5076,3.9656,153.668,158.373271,5.1298,62.58,300.6,365522.41744670237,0.013,0
2026-09-14T12:53:39Z,2.312,26.5312,9,1.928,0.0852,0.5076,3.9203,153.669,158.365562,5.0997,62.36,305.54,365516.97306396865,0.014,0
2026-09-14T12:53:39Z,2.316,26.5292,9,2.0119,0.0852,0.5076,3.6937,153.675,158.363556,5.072,62.173,298.32,365543.44542772067,0.014,0
2026-09-14T12:53:39Z,2.319,26.527,9,2.0195,0.0852,0.5076,3.6937,153.677,158.358701,5.0478,62.018,303.35,365556.85387463623,0.014,0
2026-09-14T12:53:39Z,2.323,26.5245,9,2.0081,0.0852,0.5076,3.7088,153.668,158.341686,5.0272,61.902,301.91,365503.86489872955,0.014,0
2026-09-14T12:53:39Z,2.327,26.5217,9,2.0005,0.1278,0.5076,3.8598,153.654,158.319998,5.0098,61.835,302.1,365428.9043562699,0.014,0
2026-09-14T12:53:39Z,2.33,26.5191,9,1.9661,0.1278,0.5076,3.8598,153.651,158.307894,4.995,61.812,300.4,365406.9687254801,0.014,0
2026-09-14T12:53:39Z,2.334,26.5167,9,1.9432,0.1278,0.5076,3.739,153.66,158.306154,4.9827,61.817,301.84,365442.68884145096,0.015,0
2026-09-14T12:53:39Z,2.338,26.5144,9,1.928,0.1278,0.5076,3.6937,153.666,158.302289,4.9736,61.854,295.8,365463.8844876834,0.015,0
2026-09-14T12:53:39Z,2.341,26.5119,9,1.9661,0.0426,0.423,3.7994,153.664,158.291259,4.9685,61.927,298.77,365446.3988970082,0.015,0
2026-09-14T12:53:39Z,2.345,26.5089,9,1.9852,0.0426,0.423,3.739,153.661,158.282147,4.9669,62.041,297.87,365449.88836413505,0.015,0
2026-09-14T12:53:39Z,2.349,26.5055,9,2.0081,0.0426,0.423,3.7088,153.664,158.280538,4.9677,62.204,293.24,365505.58867971215,0.015,0
2026-09-14T12:53:39Z,2.353,26.5021,9,2.0234,0.0426,0.423,3.7692,153.674,158.288008,4.9709,62.419,299.94,365615.20384650654,0.015,0
2026-09-14T12:53:39Z,2.357,26.4994,8.91,2.0119,0.0852,0.5076,3.6635,153.696,158.308552,4.9771,62.678,290.39,365789.054880482,0.015,0
2026-09-14T12:53:39Z,2.36,26.4973,8.91,2.0806,0.0852,0.5076,3.2405,153.723,158.33362,4.9864,62.976,298.32,365978.3219743304,0.014,0
2026-09-14T12:53:39Z,2.364,26.4959,8.91,2.0806,0.0852,0.5076,3.2556,153.74,158.347854,4.9996,63.306,294.13,366089.81555887696,0.014,0
2026-09-14T12:53:39Z,2.368,26.495,8.91,2.0806,0.0852,0.5076,3.2103,153.747,158.351041,5.017,63.664,291.59,366126.06016713846,0.014,0
2026-09-14T12:53:39Z,2.371,26.4941,8.91,2.0615,0.0852,0.5076,3.2254,153.755,158.356054,5.0379,64.052,295.42,366173.16196490236,0.014,0
2026-09-14T12:53:39Z,2.375,26.4932,9,2.1225,0.1278,0.4653,3.0894,153.777,158.376254,5.0619,64.475,287.69,366310.55371524737,0.014,0
2026-09-14T12:53:39Z,2.378,26.4922,9,2.1187,0.1278,0.4653,2.9837,153.804,158.405003,5.0885,64.921,294.97,366500.74869556975,0.014,0
2026-09-14T12:53:39Z,2.381,26.491,9,2.1378,0.1278,0.4653,3.0592,153.818,158.421912,5.1173,65.379,290.14,366624.4269648258,0.014,0
2026-09-14T12:53:39Z,2.385,26.4898,9,2.1645,0.1278,0.4653,3.0592,153.816,158.423473,5.1487,65.849,289.82,366656.821399098,0.014,0
2026-09-14T12:53:39Z,2.388,26.4892,9.18,2.1302,0.1278,0.54990000000000006,3.2103,153.802,158.410103,5.1827,66.333,291.97,366588.8381797538,0.014,0
2026-09-14T12:53:39Z,2.392,26.4894,9.18,2.1149,0.1278,0.54990000000000006,3.2707,153.775,158.382245,5.2186,66.832,288.25,366419.2947723809,0.014,0
2026-09-14T12:53:39Z,2.396,26.4903,9.18,2.1645,0.1278,0.54990000000000006,3.2707,153.747,158.352511,5.2553,67.369,290.51,366225.1824228359,0.014,0
2026-09-14T12:53:39Z,2.399,26.4914,9.18,2.1149,0.1278,0.54990000000000006,3.2103,153.729,158.333012,5.293,67.977,291.59,366088.1216605225,0.015,0
2026-09-14T12:53:39Z,2.403,26.4919,9.27,2.2141,0.0852,0.54990000000000006,3.9052,153.723,158.326562,5.3318,68.687,287.31,366040.1741877307,0.015,0
2026-09-14T12:53:39Z,2.407,26.4917,9.27,2.1836,0.0852,0.54990000000000006,3.9505,153.724,158.327436,5.372,69.514,292.8,366049.21207668196,0.014,0
2026-09-14T12:53:39Z,2.411,26.4913,9.27,2.2027,0.0852,0.54990000000000006,4.0109,153.732,158.335865,5.4152,70.42,286.13,366106.99738097633,0.014,0
2026-09-14T12:53:39Z,2.414,26.4911,9.27,2.1721,0.0852,0.54990000000000006,3.9052,153.75,158.354098,5.4641,71.309,293.24,366219.2218719355,0.013,0
2026-09-14T12:53:39Z,2.418,26.4911,9.63,2.1378,0.1278,0.5922,3.7994,153.768,158.370964,5.5212,72.073,286.44,366319.491882411,0.013,0
2026-09-14T12:53:39Z,2.421,26.4911,9.63,2.1416,0.1278,0.5922,3.7994,153.771,158.370921,5.5877,72.63,287.25,366319.2351731314,0.012,0
2026-09-14T12:53:39Z,2.424,26.4911,9.63,2.1264,0.1278,0.5922,3.7239,153.753,158.349948,5.6605,72.929,288.75,366194.54846222675,0.012,0
2026-09-14T12:53:39Z,2.427,26.4909,9.63,2.1264,0.1278,0.5922,3.6937,153.73,158.322495,5.7319,72.944,285.26,366035.22245474195,0.012,0
2026-09-14T12:53:39Z,2.429,26.4903,9.63,2.1225,0.1278,0.5922,3.9958,153.715,158.301279,5.7934,72.685,289,365920.6822190572,0.011,0
2026-09-14T12:53:39Z,2.432,26.4894,10.17,2.1187,0.1278,0.5922,3.9656,153.704,158.284651,5.8383,72.204,287.31,365839.18254265306,0.011,0
2026-09-14T12:53:39Z,2.435,26.4884,10.17,2.1264,0.1278,0.5922,3.9958,153.698,158.272184,5.8624,71.579,287.87,365784.33078288165,0.011,0
2026-09-14T12:53:39Z,2.438,26.4872,10.17,2.1454,0.1278,0.5922,4.0109,153.696,158.264562,5.8638,70.894,289.25,365762.1055018784,0.011,0
2026-09-14T12:53:39Z,2.44,26.4856,10.17,2.1492,0.1278,0.5922,4.1922,153.695,158.259752,5.8432,70.211,285.76,365764.2703509959,0.011,0
2026-09-14T12:53:39Z,2.443,26.4837,10.26,2.1378,0.1278,0.3384,4.2375,153.694,158.25647,5.8047,69.574,289.19,365781.2770575001,0.011,0
2026-09-14T12:53:39Z,2.445,26.4817,10.26,2.1302,0.1278,0.3384,4.2224,153.702,158.263862,5.7546,69,288.06,365863.63203995186,0.011,0
2026-09-14T12:53:39Z,2.448,26.48,10.26,2.1302,0.1278,0.3384,4.2073,153.724,158.285903,5.6997,68.484,287.12,366027.30657526205,0.011,0
2026-09-14T12:53:39Z,2.451,26.4788,10.26,2.2065,0.1278,0.3384,4.3433,153.741,158.302418,5.6449,68.01,286.75,366148.562966832,0.011,0
2026-09-14T12:53:39Z,2.454,26.478,10.26,2.1874,0.1278,0.3384,4.4339,153.749,158.309795,5.5938,67.562,287.87,366207.81400601973,0.012,0
2026-09-14T12:53:39Z,2.457,26.4776,10.26,2.1721,0.1278,0.3384,4.4188,153.761,158.320021,5.5477,67.141,286.56,366276.31856870634,0.012,0
2026-09-14T12:53:39Z,2.46,26.4774,10.26,2.2141,0.1278,0.3384,4.5094,153.766,158.321795,5.5062,66.759,281.69,366290.71606319235,0.012,0
2026-09-14T12:53:39Z,2.463,26.4771,10.26,2.1302,0.1278,0.3384,4.2979,153.758,158.309578,5.4681,66.419,287,366223.83587546315,0.012,0
2026-09-14T12:53:39Z,2.466,26.4766,10.26,2.1378,0.1278,0.3384,4.2073,153.756,158.302156,5.4321,66.114,283.65,366189.320818006,0.012,0
2026-09-14T12:53:39Z,2.469,26.476,10.35,2.1149,0.0852,0.423,4.2375,153.769,158.307571,5.3983,65.841,286.63,366233.0632987041,0.013,0
2026-09-14T12:53:39Z,2.472,26.4751,10.35,2.1225,0.0852,0.423,4.2526,153.779,158.309228,5.3677,65.602,284.58,366260.2335590871,0.013,0
2026-09-14T12:53:39Z,2.475,26.4738,10.35,2.1569,0.0852,0.423,4.313,153.778,158.297551,5.3404,65.406,282.61,366215.8041351211,0.013,0
2026-09-14T12:53:39Z,2.479,26.472,10.35,2.1073,0.0852,0.423,4.2526,153.779,158.28746,5.3161,65.256,284.58,366190.4262729531,0.013,0
2026-09-14T12:53:39Z,2.482,26.4696,10.26,2.0958,0.0426,0.4653,4.2828,153.791,158.290292,5.2944,65.144,280.47,366253.447166669,0.013,0
2026-09-14T12:53:39Z,2.485,26.4666,10.26,2.1225,0.0426,0.4653,4.2979,153.811,158.300789,5.2755,65.063,284.08,366373.628597033,0.013,0
2026-09-14T12:53:39Z,2.489,26.4632,10.26,2.1378,0.0426,0.4653,4.2375,153.831,158.311731,5.2601,65.014,280.89,366504.1992237836,0.013,0
2026-09-14T12:53:39Z,2.492,26.4598,10.26,2.1378,0.0426,0.4653,4.2073,153.847,158.31802,5.2484,64.996,282.18,366607.11870917975,0.013,0
2026-09-14T12:53:39Z,2.495,26.4565,10.35,2.1035,0.1278,0.3807,4.2526,153.862,158.321331,5.2397,65.007,281.14,366690.4118388131,0.012,0
2026-09-14T12:53:39Z,2.498,26.4533,10.35,2.1264,0.1278,0.3807,4.162,153.876,158.322546,5.2335,65.051,278.04,366759.31801338657,0.012,0
2026-09-14T12:53:39Z,2.501,26.4501,10.35,2.1302,0.1278,0.3807,4.2677,153.886,158.317982,5.2298,65.118,282.18,366793.82274172717,0.011,0
2026-09-14T12:53:39Z,2.504,26.4467,10.35,2.1264,0.1278,0.3807,4.5245,153.895,158.314437,5.2287,65.194,273.54,366838.25851440016,0.011,0
2026-09-14T12:53:39Z,2.507,26.4429,10.35,2.134,0.1278,0.3807,4.5396,153.895,158.306955,5.23,65.278,280.28,366866.9635472701,0.01,0
2026-09-14T12:53:39Z,2.509,26.4384,10.35,2.1454,0.1278,0.3384,4.5698,153.876,158.285524,5.2339,65.37,276.41,366826.07083834906,0.01,0
2026-09-14T12:53:39Z,2.512,26.4337,10.35,2.1225,0.1278,0.3384,4.4339,153.858,158.270483,5.2398,65.469,278.76,366827.0969624706,0.01,0
2026-09-14T12:53:39Z,2.514,26.4296,10.35,2.2141,0.1278,0.3384,4.4339,153.857,158.275856,5.2462,65.578,273.31,366938.19229831034,0.009,0
2026-09-14T12:53:39Z,2.516,26.4271,10.35,2.1912,0.1278,0.3384,4.5245,153.86,158.285042,5.2532,65.71,275.57,367041.1770517251,0.009,0
2026-09-14T12:53:39Z,2.519,26.4266,10.26,2.1874,0.1278,0.54990000000000006,4.3584,153.856,158.286463,5.2606,65.876,280.4,367059.2954568233,0.009,0
2026-09-14T12:53:39Z,2.521,26.4277,10.26,2.1798,0.1278,0.54990000000000006,4.4792,153.852,158.284505,5.2685,66.08,273.13,367026.39615637343,0.01,0
2026-09-14T12:53:39Z,2.523,26.4296,10.26,2.2141,0.1278,0.54990000000000006,4.6303,153.85,158.282654,5.2771,66.319,277.92,366978.7020878247,0.01,0
2026-09-14T12:53:39Z,2.526,26.4317,10.26,2.1988,0.1278,0.54990000000000006,4.7511,153.845,158.276409,5.2875,66.578,270.7,366900.9740839634,0.01,0
2026-09-14T12:53:39Z,2.528,26.4334,10.35,2.2141,0.1278,0.423,4.736,153.836,158.264106,5.3008,66.838,276.11,366794.88425213523,0.01,0
2026-09-14T12:53:39Z,2.531,26.4342,10.35,2.1645,0.1278,0.423,4.6152,153.83,158.25448600000001,5.3171,67.077,269.06,366722.1517737936,0.01,0
2026-09-14T12:53:39Z,2.534,26.4343,10.35,2.2599,0.1278,0.423,4.9022,153.834,158.253,5.3363,67.263,274.38,366711.37170107465,0.011,0
2026-09-14T12:53:39Z,2.536,26.4339,10.35,2.2408,0.1278,0.423,4.9173,153.843,158.255244,5.3572,67.378,272.36,366732.4489535101,0.011,0
2026-09-14T12:53:39Z,2.539,26.433,10.35,2.2446,0.1278,0.4653,4.9626,153.852,158.257808,5.3782,67.434,273.72,366765.074049792,0.012,0
2026-09-14T12:53:39Z,2.542,26.4317,10.35,2.2751,0.1278,0.4653,4.8871,153.861,158.261374,5.3976,67.472,270.53,366811.38524022675,0.013,0
2026-09-14T12:53:39Z,2.546,26.4299,10.35,2.1683,0.1278,0.4653,5.159,153.863,158.258877,5.4127,67.54,271.18,366831.2194350407,0.013,0
2026-09-14T12:53:39Z,2.549,26.4278,10.35,2.1912,0.1278,0.4653,5.159,153.856,158.247648,5.4221,67.67,268.3,366804.8120161527,0.014,0
2026-09-14T12:53:39Z,2.553,26.4257,10.35,2.1912,0.1278,0.4653,5.159,153.854,158.240724,5.4269,67.852,269.3,366804.05360383913,0.015,0
2026-09-14T12:53:39Z,2.557,26.4238,10.35,2.195,0.1278,0.6345,5.2345,153.862,158.244275,5.4301,68.058,266.68,366861.8583641272,0.016,0
2026-09-14T12:53:39Z,2.561,26.4222,10.35,2.2446,0.1278,0.6345,5.2496,153.88,158.257243,5.4357,68.261,265.64,366970.0135837939,0.016,0
2026-09-14T12:53:39Z,2.565,26.4208,10.35,2.2675,0.1278,0.6345,5.1892,153.895,158.267053,5.4463,68.429,270.53,367055.5077515964,0.016,0
2026-09-14T12:53:39Z,2.569,26.4194,10.35,2.2637,0.1278,0.6345,5.1439,153.887,158.254278,5.4611,68.517,260.66,367006.36728844757,0.016,0
2026-09-14T12:53:39Z,2.574,26.4178,10.17,2.2866,0.0852,0.423,5.159,153.864,158.225531,5.4779,68.497,266.21,366865.8843187769,0.016,0
2026-09-14T12:53:39Z,2.578,26.416,10.17,2.3781,0.0852,0.423,5.446,153.843,158.199196,5.4944,68.372,259.7,366743.6547445003,0.015,0
2026-09-14T12:53:39Z,2.582,26.4142,10.17,2.3667,0.0852,0.423,5.4611,153.832,158.184285,5.5081,68.158,259.64,366689.51029238227,0.014,0
2026-09-14T12:53:39Z,2.585,26.4125,10.17,2.3934,0.0852,0.423,5.3856,153.828,158.176819,5.5153,67.885,262.59,366677.8011170585,0.014,0
2026-09-14T12:53:39Z,2.588,26.4108,10.26,2.3743,0.1278,0.3807,5.3856,153.826,158.172805,5.5139,67.582,261.28,366686.66188419494,0.013,0
2026-09-14T12:53:39Z,2.591,26.409300000000002,10.26,2.3095,0.1278,0.3807,5.4158,153.833,158.177183,5.504,67.287,261.06,366741.67994288425,0.013,0
2026-09-14T12:53:39Z,2.595,26.4082,10.26,2.3209,0.1278,0.3807,5.3403,153.843,158.18511,5.4869,67.041,259.19,366810.14452183584,0.013,0
2026-09-14T12:53:39Z,2.598,26.4073,10.26,2.3285,0.1278,0.3807,5.4309,153.846,158.184671,5.465,66.868,258.46,366824.88866564154,0.012,0
2026-09-14T12:53:39Z,2.601,26.4065,10.26,2.3285,0.1278,0.3807,5.4007,153.84,158.173746,5.4407,66.762,257.34,366775.198362677,0.012,0
2026-09-14T12:53:39Z,2.604,26.4058,10.44,2.3858,0.0852,0.5076,5.6877,153.841,158.167455,5.4169,66.71,259.42,366751.2022633478,0.013,0
2026-09-14T12:53:39Z,2.606,26.405,10.44,2.3705,0.0852,0.5076,5.7179,153.859,158.178151,5.3973,66.704,256.45,366830.3917615604,0.013,0
2026-09-14T12:53:39Z,2.609,26.4038,10.44,2.401,0.0852,0.5076,5.7028,153.882,158.194656,5.3835,66.728,259.64,366951.9497088925,0.014,0
2026-09-14T12:53:39Z,2.613,26.4021,10.44,2.3743,0.0852,0.5076,5.6122,153.896,158.20133,5.3751,66.756,253.18,367024.5598497606,0.015,0
2026-09-14T12:53:39Z,2.617,26.3998,10.35,2.4354,0.1278,0.54990000000000006,5.9596,153.896,158.193942,5.3711,66.767,255.11,367024.89830176486,0.015,0
2026-09-14T12:53:39Z,2.622,26.3973,10.35,2.4468,0.1278,0.54990000000000006,5.9747,153.881,158.172525,5.3709,66.756,250.23,366945.43034168135,0.015,0
2026-09-14T12:53:39Z,2.626,26.3948,10.35,2.4354,0.1278,0.54990000000000006,5.8086,153.861,158.1474,5.373,66.727,252.14,366843.8537296734,0.015,0
2026-09-14T12:53:39Z,2.63,26.3923,10.35,2.4621,0.1278,0.54990000000000006,6.005,153.857,158.137917,5.3755,66.689,251.48,366835.5486953636,0.015,0
2026-09-14T12:53:39Z,2.633,26.3901,10.26,2.4354,0.1278,0.5922,5.6424,153.867,158.143552,5.3766,66.651,251.75,366911.6104540486,0.014,0
2026-09-14T12:53:39Z,2.637,26.3881,10.26,2.4582,0.1278,0.5922,5.7179,153.872,158.143765,5.3759,66.616,250.01,366951.4855097204,0.014,0
2026-09-14T12:53:39Z,2.64,26.3864,10.26,2.4239,0.1278,0.5922,5.5971,153.871,158.136607,5.3738,66.582,251.75,366941.60656377836,0.013,0
2026-09-14T12:53:39Z,2.644,26.3848,10.26,2.443,0.1278,0.5922,5.6726,153.876,158.134197,5.3709,66.535,246.66,366958.1177082353,0.013,0
2026-09-14T12:53:39Z,2.647,26.3833,10.26,2.5307,0.0852,0.5922,5.9445,153.885,158.135893,5.368,66.458,250.39,366997.194405011,0.013,0
2026-09-14T12:53:39Z,2.65,26.3816,10.26,2.5574,0.0852,0.5922,5.8992000000000004,153.896,158.138139,5.3653,66.333,246.29,367043.4194897182,0.013,0
2026-09-14T12:53:39Z,2.654,26.3796,10.26,2.5574,0.0852,0.5922,5.9445,153.904,158.137523,5.3627,66.156,247.47,367078.36770331283,0.013,0
2026-09-14T12:53:39Z,2.657,26.3773,10.26,2.5574,0.0852,0.5922,5.8086,153.908,158.133883,5.3592,65.938,246.77,367101.0694067186,0.013,0
2026-09-14T12:53:39Z,2.66,26.3748,10.26,2.6375,0.0852,0.5922,6.1258,153.912,158.130255,5.3532,65.693,242.31,367127.7083300664,0.013,0
2026-09-14T12:53:39Z,2.663,26.372,10.35,2.6452,0.1278,0.4653,6.1409,153.915,158.12567,5.3434,65.439,246.4,367154.4348390702,0.013,0
2026-09-14T12:53:39Z,2.667,26.3692,10.35,2.6375,0.1278,0.4653,6.156,153.922,158.126924,5.3294,65.192,240.58,367216.0203238713,0.013,0
2026-09-14T12:53:39Z,2.67,26.3664,10.35,2.6337,0.1278,0.4653,6.156,153.944,158.142364,5.3121,64.976,244.69,367362.3228155044,0.013,0
2026-09-14T12:53:39Z,2.673,26.3639,10.35,2.6986,0.1278,0.4653,6.2467,153.975,158.166089,5.2926,64.816,241.2,367552.36369987734,0.013,0
2026-09-14T12:53:39Z,2.677,26.3617,10.26,2.6681,0.1278,0.5922,6.3675,154.005,158.186388,5.2724,64.724,241.89,367716.2054409076,0.013,0
2026-09-14T12:53:39Z,2.68,26.3596,10.26,2.6757,0.1278,0.5922,6.2769,154.031,158.200659,5.2527,64.687,240.68,367842.1395420011,0.013,0
2026-09-14T12:53:39Z,2.684,26.3573,10.26,2.7024,0.1278,0.5922,6.4279,154.046,158.202686,5.2355,64.689,238.03,367898.78625849367,0.012,0
2026-09-14T12:53:39Z,2.687,26.3547,10.26,2.8092,0.1278,0.5922,6.579,154.035,158.178981,5.2228,64.733,239.12,367807.42690971843,0.012,0
2026-09-14T12:53:39Z,2.689,26.3514,10.53,2.8092,0.1278,0.5076,6.5639,154.013,158.145265,5.2157,64.825,236.74,367669.7880951074,0.011,0
2026-09-14T12:53:39Z,2.692,26.3474,10.53,2.8168,0.1278,0.5076,6.6545,154.01,158.132627,5.2131,64.964,236.94,367671.6706316101,0.01,0
2026-09-14T12:53:39Z,2.695,26.343,10.53,2.7939,0.1278,0.5076,6.6847,154.025,158.139701,5.2137,65.146,237.36,367799.13322351576,0.01,0
2026-09-14T12:53:39Z,2.697,26.3387,10.53,2.813,0.1278,0.5076,6.4279,154.035,158.146329,5.2177,65.369,234.74,367922.0400452526,0.009,0
2026-09-14T12:53:39Z,2.699,26.3351,10.53,2.8397,0.1278,0.5076,6.4884,154.031,158.14025,5.2254,65.63,236.53,367955.4200996136,0.009,0
2026-09-14T12:53:39Z,2.701,26.332,10.62,2.8206,0.1278,0.5922,6.3826,154.02,158.129864,5.2369,65.918,232.96,367953.35481017496,0.008,0
2026-09-14T12:53:39Z,2.703,26.3297,10.62,2.813,0.1278,0.5922,6.3222,154.013,158.124423,5.2518,66.206,235.4,367965.3688840432,0.008,0
2026-09-14T12:53:39Z,2.705,26.3283,10.62,2.8512,0.1278,0.5922,6.4884,154.003,158.116467,5.2699,66.465,233.32,367944.90078153316,0.008,0
2026-09-14T12:53:39Z,2.707,26.3278,10.62,2.8855,0.1278,0.5922,6.3977,153.991,158.105877,5.291,66.672,236.02,367891.24109183624,0.007,0
2026-09-14T12:53:39Z,2.709,26.3279,10.44,2.855,0.1278,0.5922,6.3524,153.987,158.103857,5.3142,66.815,232,367877.2208967285,0.007,0
2026-09-14T12:53:39Z,2.71,26.3283,10.44,2.8855,0.1278,0.5922,6.3524,153.999,158.117886,5.3374,66.887,232.61,367953.38741967786,0.007,0
2026-09-14T12:53:39Z,2.712,26.329,10.44,3.0495,0.1278,0.5922,6.5035,154.011,158.129659,5.3582,66.904,235.25,368010.2520856712,0.008,0
2026-09-14T12:53:39Z,2.714,26.3298,10.44,3.0533,0.1278,0.5922,6.3524,154.012,158.128289,5.3748,66.886,232.3,367986.5540174684,0.008,0
2026-09-14T12:53:39Z,2.716,26.3305,10.53,3.0762,0.0852,0.5922,6.4279,154.018,158.131447,5.3863,66.838,235.61,367991.88143503387,0.008,0
2026-09-14T12:53:39Z,2.718,26.3308,10.53,3.0686,0.0852,0.5922,6.3373,154.035,158.141978,5.3921,66.758,230.8,368049.0677055713,0.008,0
2026-09-14T12:53:39Z,2.721,26.3306,10.53,3.1106,0.0852,0.5922,7.2739,154.047,158.144654,5.3934,66.668,230.7,368068.9527960198,0.009,0
2026-09-14T12:53:39Z,2.723,26.33,10.53,3.1182,0.0852,0.5922,7.2739,154.043,158.130168,5.3921,66.604,232,367993.91640940186,0.009,0
2026-09-14T12:53:39Z,2.725,26.3288,10.53,3.0839,0.0852,0.6345,7.3192,154.036,158.112694,5.3884,66.594,228.25,367912.63831839495,0.01,0
2026-09-14T12:53:39Z,2.728,26.3267,10.53,3.1106,0.0852,0.6345,7.3343,154.043,158.109614,5.3821,66.646,231.15,367934.8978893513,0.01,0
2026-09-14T12:53:39Z,2.73,26.3238,10.53,3.0686,0.0852,0.6345,6.866,154.059,158.116098,5.3751,66.763,227.51,368029.8831928238,0.01,0
2026-09-14T12:53:39Z,2.733,26.3204,10.53,3.0419,0.0852,0.6345,6.9264,154.072,158.121851,5.3703,66.952,228.35,368130.2120715185,0.011,0
2026-09-14T12:53:39Z,2.736,26.317,10.53,3.0381,0.0852,0.6345,6.8811,154.079,158.124399,5.3698,67.219,227.06,368211.38527439843,0.011,0
2026-09-14T12:53:39Z,2.739,26.3136,10.71,3.0495,0.1278,0.54990000000000006,6.9416,154.081,158.124421,5.3743,67.567,224.85,368277.45618417114,0.012,0
2026-09-14T12:53:39Z,2.742,26.3104,10.71,3.0648,0.1278,0.54990000000000006,6.715,154.078,158.121923,5.3841,67.988,225.64,368324.5725601307,0.012,0
2026-09-14T12:53:39Z,2.745,26.3079,10.71,3.0686,0.1278,0.54990000000000006,6.5941,154.076,158.120246,5.3996,68.467,223.49,368363.03239264403,0.012,0
2026-09-14T12:53:39Z,2.748,26.3065,10.71,3.0648,0.1278,0.54990000000000006,6.6545,154.075,158.118945,5.4213,68.985,222.67,368382.4046700801,0.012,0
2026-09-14T12:53:39Z,2.751,26.3059,10.71,3.0343,0.1278,0.54990000000000006,6.6092,154.072,158.113664,5.4493,69.509,221.75,368362.4184473944,0.012,0
2026-09-14T12:53:39Z,2.754,26.3059,10.71,3.122,0.1278,0.54990000000000006,6.5941,154.069,158.107002,5.4833,69.997,221.85,368322.5210975895,0.012,0
2026-09-14T12:53:39Z,2.757,26.3061,10.71,3.122,0.1278,0.54990000000000006,6.6092,154.067,158.101191,5.5219,70.405,222.67,368283.8424068313,0.012,0
2026-09-14T12:53:39Z,2.76,26.306,10.71,3.1144,0.1278,0.54990000000000006,6.6545,154.058,158.090673,5.5637,70.699,219.4,368222.80212059023,0.012,0
2026-09-14T12:53:39Z,2.763,26.3053,10.71,3.122,0.1278,0.54990000000000006,6.715,154.038,158.072643,5.606,70.868,222.47,368128.43064683315,0.012,0
2026-09-14T12:53:39Z,2.766,26.3041,10.71,3.08,0.1278,0.54990000000000006,6.5639,154.019,158.054316,5.6455,70.932,217.93,368041.98662479146,0.011,0
2026-09-14T12:53:39Z,2.769,26.3028,10.71,3.0839,0.1278,0.54990000000000006,6.6092,154.009,158.042831,5.6786,70.924,219.26,367998.44092644675,0.011,0
2026-09-14T12:53:39Z,2.772,26.3025,10.71,3.122,0.1278,0.54990000000000006,6.5639,154.013,158.043141,5.7023,70.885,219.35,368006.1113169018,0.01,0
2026-09-14T12:53:39Z,2.774,26.3031,10.71,3.1029,0.1278,0.54990000000000006,6.6394,154.021,158.047311,5.7158,70.871,216.98,368019.4394541684,0.01,0
2026-09-14T12:53:39Z,2.777,26.3036,10.62,3.0533,0.1278,0.5922,7.0473,154.019,158.040422,5.721,70.944,219.26,367968.5124611091,0.009,0
2026-09-14T12:53:39Z,2.779,26.3032,10.62,3.0572,0.1278,0.5922,7.0171,154.006,158.020637,5.7203,71.164,216.7,367857.85687329224,0.009,0
2026-09-14T12:53:39Z,2.781,26.3021,10.62,3.0648,0.1278,0.5922,7.0473,153.99,157.998711,5.7173,71.563,214.4,367747.9700134107,0.009,0
2026-09-14T12:53:39Z,2.783,26.3007,10.62,3.0572,0.1278,0.5922,7.0926,153.993,157.996852,5.7163,72.109,215.39,367763.96731623285,0.009,0
2026-09-14T12:53:39Z,2.786,26.299,10.71,3.0572,0.1278,0.6768,7.1228,154.011,158.010558,5.7224,72.723,213.29,367878.9260747306,0.009,0
2026-09-14T12:53:39Z,2.788,26.2971,10.71,3.1945,0.1278,0.6768,6.9869,154.018,158.011418,5.7404,73.326,215.29,367920.8966760798,0.009,0
2026-09-14T12:53:39Z,2.79,26.2953,10.71,3.1907,0.1278,0.6768,7.1682,154.014,157.999661,5.7728,73.84,212.78,367885.41191807465,0.01,0
2026-09-14T12:53:39Z,2.793,26.2937,10.71,3.1716,0.1278,0.6768,7.1228,154.011,157.988186,5.8169,74.199,211.21,367847.7378138292,0.01,0
2026-09-14T12:53:39Z,2.796,26.2921,10.89,3.1716,0.1278,0.4653,7.0473,154.014,157.981946,5.8667,74.375,212.5,367841.39590460656,0.011,0
2026-09-14T12:53:39Z,2.798,26.2902,10.89,3.1792,0.1278,0.4653,7.1379,154.02,157.979278,5.9155,74.394,207.66,367862.2483407639,0.012,0
2026-09-14T12:53:39Z,2.801,26.2877,10.89,3.183,0.1278,0.4653,7.0775,154.027,157.975461,5.9573,74.301,210.71,367887.8547854717,0.012,0
2026-09-14T12:53:39Z,2.805,26.2848,10.89,3.1869,0.1278,0.4653,7.1379,154.032,157.96547,5.9865,74.173,208.16,367884.25523960957,0.013,0
2026-09-14T12:53:39Z,2.808,26.2819,10.89,3.1907,0.1278,0.4653,7.0322,154.032,157.946641,6.0011,74.111,208.25,367827.7429878722,0.013,0
2026-09-14T12:53:39Z,2.811,26.279,10.8,3.1602,0.1704,0.6345,7.1379,154.043,157.93399,6.0029,74.2,208.39,367808.2132028169,0.014,0
2026-09-14T12:53:39Z,2.815,26.2753,10.8,3.1678,0.1704,0.6345,7.1833,154.08,157.940176,5.9958,74.482,204.97,367916.9759204599,0.014,0
2026-09-14T12:53:39Z,2.818,26.2706,10.8,3.1754,0.1704,0.6345,7.0775,154.13,157.954822,5.986,74.951,205.51,368095.8474901688,0.014,0
2026-09-14T12:53:39Z,2.822,26.2645,10.8,3.164,0.1704,0.6345,7.002,154.182,157.965801,5.9816,75.542,201.75,368280.0032554426,0.015,0
2026-09-14T12:53:39Z,2.826,26.2566,10.89,3.1869,0.1704,0.6345,7.0624,154.233,157.972031,5.9897,76.165,202.5,368470.7450160861,0.015,0
2026-09-14T12:53:39Z,2.83,26.2464,10.89,3.1907,0.1704,0.6345,7.0322,154.274,157.967153,6.0136,76.754,202.41,368639.6691732397,0.015,0
2026-09-14T12:53:39Z,2.834,26.2343,10.89,3.183,0.1704,0.6345,7.0473,154.302,157.949865,6.0528,77.253,200.61,368771.16632116796,0.014,0
2026-09-14T12:53:39Z,2.837,26.2207,10.89,3.1945,0.1704,0.6345,7.0473,154.344,157.947619,6.102,77.604,203.55,369022.2647049004,0.014,0
2026-09-14T12:53:39Z,2.841,26.2058,11.16,3.164,0.1278,0.5922,7.3041,154.416,157.975845,6.154,77.778,198.66,369482.0982022155,0.015,0
2026-09-14T12:53:39Z,2.844,26.1906,11.16,3.1602,0.1278,0.5922,7.4099,154.492,158.010004,6.2033,77.775,202.1,369984.1108754192,0.015,0
2026-09-14T12:53:39Z,2.848,26.1757,11.16,3.1792,0.1278,0.5922,7.4703,154.56,158.035156,6.2453,77.619,201.18,370426.69110957306,0.015,0
2026-09-14T12:53:39Z,2.852,26.161,11.16,3.1716,0.1278,0.5922,7.3947,154.628,158.062015,6.2753,77.357,197.07,370876.22552541486,0.015,0
2026-09-14T12:53:39Z,2.856,26.1464,11.16,3.3089,0.1704,0.5076,7.3343,154.699,158.093731,6.291,77.053,200.61,371353.7119717866,0.015,0
2026-09-14T12:53:39Z,2.86,26.1321,11.16,3.3089,0.1704,0.5076,7.2437,154.764,158.122728,6.2924,76.756,195.62,371809.51326142944,0.015,0
2026-09-14T12:53:39Z,2.864,26.118,11.16,3.3013,0.1704,0.5076,7.4099,154.819,158.144714,6.2814,76.499,197.15,372219.5496926269,0.015,0
2026-09-14T12:53:39Z,2.868,26.104,11.16,3.3051,0.1704,0.5076,7.4099,154.877,158.173567,6.2618,76.299,196.43,372669.7033925016,0.015,0
2026-09-14T12:53:39Z,2.872,26.0909,11.16,3.3623,0.1704,0.5076,7.6516,154.941,158.210965,6.2386,76.144,194.52,373154.49255850463,0.015,0
2026-09-14T12:53:39Z,2.876,26.079,11.16,3.3738,0.213,0.7191,7.6667,154.99,158.232814,6.2159,76.005,195.79,373521.8460678129,0.015,0
2026-09-14T12:53:39Z,2.879,26.068,11.16,3.3433,0.213,0.7191,7.5911,155.036,158.25095,6.1964,75.863,193,373849.2469178802,0.015,0
2026-09-14T12:53:39Z,2.883,26.058,11.16,3.3776,0.213,0.7191,7.7271,155.094,158.282232,6.1813,75.71,193.29,374237.07364146644,0.015,0
2026-09-14T12:53:39Z,2.887,26.0489,11.16,3.3242,0.213,0.7191,7.8026,155.144,158.306945,6.1698,75.541,189.59,374567.5082032684,0.016,0
2026-09-14T12:53:39Z,2.891,26.0398,11.34,3.3013,0.1704,0.5922,7.7724,155.175,158.313642,6.1595,75.377,186.16,374788.5817356805,0.016,0
2026-09-14T12:53:39Z,2.895,26.0305,11.34,3.3051,0.1704,0.5922,7.8933,155.187,158.304107,6.149,75.26,180,374914.9420463934,0.016,0
2026-09-14T12:53:39Z,2.9,26.0216,11.34,3.3204,0.1704,0.5922,7.8933,155.187,158.285817,6.1376,75.219,170.66,374980.1088698206,0.016,0
2026-09-14T12:53:39Z,2.904,26.0131,11.34,3.3852,0.1704,0.5922,8.3465,155.195,158.275938,6.1248,75.268,162.95,375088.60029687313,0.016,0
2026-09-14T12:53:39Z,2.908,26.0052,11.43,3.3623,0.1704,0.7191,8.2709,155.204,158.269831,6.1124,75.411,154.06,375208.2165965543,0.015,0
2026-09-14T12:53:39Z,2.912,25.9983,11.43,3.389,0.1704,0.7191,8.2709,155.207,158.25785,6.1037,75.63,145.85,375272.2150172018,0.015,0
2026-09-14T12:53:39Z,2.915,25.9921,11.43,3.3509,0.1704,0.7191,8.2105,155.219,158.254836,6.1011,75.88,134.56,375377.0040961108,0.014,0
2026-09-14T12:53:39Z,2.918,25.9865,11.43,3.2708,0.1704,0.7191,8.3162,155.241,158.261989,6.1056,76.111,121.65,375531.9249928371,0.013,0
2026-09-14T12:53:39Z,2.922,25.9814,11.43,3.3013,0.1704,0.7191,8.286,155.253,158.25917,6.1178,76.284,107.6,375616.1249215965,0.012,0
2026-09-14T12:53:39Z,2.925,25.9766,11.43,3.2899,0.1278,0.7191,8.2558,155.255,158.247633,6.1362,76.382,91.176,375641.18041983474,0.012,0
2026-09-14T12:53:39Z,2.927,25.9716,11.43,3.286,0.1278,0.7191,8.2558,155.269,158.250351,6.157,76.411,79.2,375757.2276877592,0.011,0
2026-09-14T12:53:39Z,2.93,25.9667,11.43,3.2212,0.1278,0.7191,8.3162,155.295,158.266045,6.1763,76.393,67.553,375950.56507767807,0.011,0
2026-09-14T12:53:39Z,2.933,25.962,11.43,3.1869,0.1278,0.7191,8.3162,155.319,158.280864,6.1909,76.349,59.71,376134.67028735287,0.01,0
2026-09-14T12:53:39Z,2.935,25.9576,11.43,3.1945,0.1704,0.6345,8.2558,155.337,158.290743,6.1993,76.302,54.561,376282.6952840909,0.01,0
2026-09-14T12:53:39Z,2.938,25.9537,11.43,3.164,0.1704,0.6345,8.3767,155.348,158.294307,6.2021,76.262,51.262,376382.2089485631,0.011,0
2026-09-14T12:53:39Z,2.941,25.9503,11.43,3.1258,0.1704,0.6345,7.863,155.353,158.292507,6.201,76.222,49.899,376438.9879487376,0.011,0
2026-09-14T12:53:39Z,2.943,25.9473,11.43,3.08,0.1704,0.6345,7.7724,155.353,158.284863,6.1978,76.19,49.435,376452.0696938471,0.011,0
2026-09-14T12:53:39Z,2.946,25.9445,11.43,3.1144,0.1704,0.6345,7.8177,155.353,158.277351,6.1943,76.192,49.737,376461.97082694626,0.011,0
2026-09-14T12:53:39Z,2.949,25.9422,11.43,3.0877,0.1704,0.6345,7.8328,155.351,158.267969,6.1913,76.26,50.291,376450.4662160146,0.011,0
2026-09-14T12:53:39Z,2.952,25.9398,11.43,3.0953,0.1704,0.6345,8.6939,155.338,158.246198,6.1883,76.432,49.964,376365.19903381355,0.011,0
2026-09-14T12:53:39Z,2.955,25.9373,11.43,3.1296,0.1704,0.6345,8.8299,155.326,158.224269,6.186,76.729,49.575,376280.9618881004,0.011,0
2026-09-14T12:53:39Z,2.958,25.935,11.43,3.0953,0.1278,0.6768,8.7694,155.337,158.22439,6.1864,77.124,48.699,376327.5525472032,0.011,0
2026-09-14T12:53:39Z,2.961,25.9326,11.43,3.1029,0.1278,0.6768,8.7694,155.365,158.238575,6.1922,77.561,48.152,376462.1572374862,0.011,0
2026-09-14T12:53:39Z,2.963,25.9299,11.43,3.1335,0.1278,0.6768,8.3767,155.38,158.238544,6.2065,77.985,47.199,376515.8236375977,0.011,0
2026-09-14T12:53:39Z,2.966,25.9269,11.43,3.1144,0.1278,0.6768,8.286,155.386,158.228295,6.2309,78.358,46.974,376512.97405254806,0.011,0
2026-09-14T12:53:39Z,2.969,25.9232,11.43,3.1067,0.1278,0.6768,8.3011,155.393,158.219123,6.2634,78.666,46.74,376530.67783309164,0.011,0
2026-09-14T12:53:39Z,2.972,25.9188,11.43,3.1296,0.1704,0.54990000000000006,8.2558,155.393,158.204571,6.2994,78.911,46.872,376529.43201208126,0.011,0
2026-09-14T12:53:39Z,2.975,25.9138,11.43,3.2441,0.1704,0.54990000000000006,8.3313,155.391,158.19078,6.3344,79.1,47.374,376544.8137910161,0.011,0
2026-09-14T12:53:39Z,2.978,25.9084,11.43,3.2593,0.1704,0.54990000000000006,8.2709,155.393,158.180083,6.3654,79.247,47.632,376587.11586584017,0.011,0
2026-09-14T12:53:39Z,2.981,25.9032,11.43,3.2555,0.1704,0.54990000000000006,8.2558,155.398,158.169628,6.391,79.375,47.673,376626.91598134546,0.011,0
2026-09-14T12:53:39Z,2.983,25.8986,11.34,3.2517,0.1704,0.6768,8.2709,155.414,158.164643,6.4114,79.514,47.735,376688.23547153536,0.011,0
2026-09-14T12:53:39Z,2.986,25.8947,11.34,3.3013,0.1704,0.6768,9.0262,155.445,158.167805,6.4272,79.672,47.943,376785.48272417457,0.011,0
2026-09-14T12:53:39Z,2.989,25.8907,11.34,3.3127,0.1704,0.6768,9.0262,155.485,158.169938,6.4397,79.823,48.604,376878.4544518731,0.011,0
2026-09-14T12:53:39Z,2.992,25.8856,11.34,3.2784,0.1704,0.6768,9.0565,155.519,158.155576,6.4507,79.936,49.521,376892.37439648114,0.011,0
2026-09-14T12:53:39Z,2.994,25.8788,11.61,3.3013,0.1704,0.8037,8.9205,155.549,158.128902,6.4628,80.008,50.763,376864.8295635181,0.011,0
2026-09-14T12:53:39Z,2.997,25.8696,11.61,3.2593,0.1704,0.8037,10.688,155.586,158.106849,6.4767,80.057,51.653,376913.5574553053,0.011,0
2026-09-14T12:53:39Z,3,25.8572,11.61,3.2288,0.1704,0.8037,10.7031,155.624,158.09355,6.4904,80.102,53.122,377079.9627107756,0.011,0
2026-09-14T12:53:39Z,3.003,25.8414,11.61,3.2212,0.1704,0.8037,10.5973,155.652,158.08145,6.5015,80.142,54.584,377321.89387200936,0.011,0
2026-09-14T12:53:39Z,3.006,25.8231,11.61,3.225,0.1704,0.8037,10.7031,155.655,158.059303,6.5095,80.178,56.602,377552.44528467674,0.011,0
2026-09-14T12:53:39Z,3.008,25.8041,11.79,3.2403,0.1704,0.7191,12.1533,155.642,158.033225,6.5158,80.233,58.299,377773.10061404493,0.011,0
2026-09-14T12:53:39Z,3.011,25.7872,11.79,3.2212,0.1704,0.7191,12.0626,155.635,158.020313,6.5215,80.323,60.074,378032.79311335424,0.011,0
2026-09-14T12:53:39Z,3.014,25.7742,11.79,3.2517,0.1704,0.7191,12.0777,155.633,158.013115,6.5263,80.435,61.407,378249.5610321994,0.011,0
2026-09-14T12:53:39Z,3.017,25.766,11.79,3.2364,0.1704,0.7191,12.1835,155.627,157.997688,6.5301,80.548,61.822,378319.3585904961,0.011,0
2026-09-14T12:53:39Z,3.02,25.762,11.7,3.0953,0.1278,0.6345,12.5309,155.622,157.977934,6.5351,80.651,62.159,378278.1288923422,0.011,0
2026-09-14T12:53:39Z,3.023,25.7601,11.7,3.1296,0.1278,0.6345,12.5914,155.626,157.960608,6.5426,80.71,61.567,378209.64651937125,0.011,0
2026-09-14T12:53:39Z,3.026,25.7583,11.7,3.1106,0.1278,0.6345,12.5158,155.638,157.949106,6.552,80.641,60.862,378175.006098275,0.011,0
2026-09-14T12:53:39Z,3.029,25.7555,11.7,3.1373,0.1278,0.6345,12.5611,155.648,157.936351,6.5615,80.351,59.787,378152.7409821471,0.011,0
2026-09-14T12:53:39Z,3.032,25.7507,11.79,3.1563,0.1704,0.6345,11.3375,155.649,157.918938,6.5704,79.81,58.962,378141.97740156844,0.01,0
2026-09-14T12:53:39Z,3.034,25.7441,11.79,3.183,0.1704,0.6345,11.398,155.66,157.916272,6.5761,79.079,58.072,378258.1844154146,0.01,0
2026-09-14T12:53:39Z,3.037,25.7365,11.79,3.1869,0.1704,0.6345,11.3375,155.688,157.935658,6.5714,78.276,57.782,378530.41589809745,0.01,0
2026-09-14T12:53:39Z,3.039,25.7291,11.79,3.1945,0.1704,0.6345,11.5037,155.709,157.954208,6.5486,77.508,57.757,378793.6663179448,0.009,0
2026-09-14T12:53:39Z,3.041,25.7229,11.88,3.1144,0.1278,0.6345,11.4282,155.708,157.952821,6.5052,76.865,58.135,378909.9547305467,0.009,0
2026-09-14T12:53:39Z,3.044,25.7185,11.88,3.0915,0.1278,0.6345,11.398,155.7,157.943153,6.4461,76.409,59.347,378938.94450673746,0.009,0
2026-09-14T12:53:39Z,3.046,25.7158,11.88,3.1258,0.1278,0.6345,11.3073,155.693,157.930641,6.3809,76.149,60.139,378916.15025997267,0.009,0
2026-09-14T12:53:39Z,3.048,25.7149,11.88,3.1144,0.1278,0.6345,11.4584,155.682,157.90794,6.3185,76.025,61.22,378794.25803939794,0.009,0
2026-09-14T12:53:39Z,3.05,25.7147,11.88,3.1144,0.1278,0.6345,12.3799,155.672,157.881022,6.2661,75.93,61.607,378632.29300820606,0.009,0
2026-09-14T12:53:39Z,3.053,25.7141,11.61,3.1067,0.1704,0.6345,12.3043,155.664,157.850722,6.229,75.76,61.287,378457.56935955235,0.009,0
2026-09-14T12:53:39Z,3.055,25.7123,11.61,3.1029,0.1704,0.6345,12.3799,155.663,157.824992,6.208,75.442,60.598,378335.18700978364,0.009,0
2026-09-14T12:53:39Z,3.057,25.7089,11.61,3.1296,0.1704,0.6345,12.4101,155.672,157.808992,6.1982,74.957,59.515,378304.95706300327,0.009,0
2026-09-14T12:53:39Z,3.059,25.7035,11.61,3.061,0.1704,0.6345,15.7184,155.668,157.782423,6.1911,74.338,58.198,378249.80420247075,0.009,0
2026-09-14T12:53:39Z,3.061,25.6963,11.52,3.0305,0.1704,0.7614,15.6278,155.652,157.746214,6.178,73.634,57.382,378171.420247081,0.009,0
2026-09-14T12:53:39Z,3.063,25.6882,11.52,3.0724,0.1704,0.7614,15.6126,155.648,157.722773,6.153,72.881,57.083,378189.81989081553,0.009,0
2026-09-14T12:53:39Z,3.066,25.6802,11.52,3.08,0.1704,0.7614,15.5371,155.658,157.713864,6.1144,72.103,57.494,378295.81745335134,0.01,0
2026-09-14T12:53:39Z,3.068,25.673,11.52,3.0457,0.1704,0.7614,16.6852,155.683,157.71711,6.0647,71.32,58.77,378460.7435474242,0.01,0
2026-09-14T12:53:39Z,3.071,25.6665,11.61,3.1296,0.1704,0.7191,16.6701,155.714,157.725361,6.0079,70.569,60.929,378642.5489424019,0.01,0
2026-09-14T12:53:39Z,3.073,25.6604,11.61,3.1335,0.1704,0.7191,16.6248,155.728,157.716767,5.9472,69.895,63.345,378712.38810495543,0.011,0
2026-09-14T12:53:39Z,3.076,25.6543,11.61,3.1182,0.1704,0.7191,16.655,155.717,157.689034,5.8843,69.335,66.317,378664.07604978525,0.011,0
2026-09-14T12:53:39Z,3.079,25.6472,11.61,3.0839,0.1704,0.7191,16.6701,155.704,157.664827,5.8212,68.914,69.58,378657.670745778,0.012,0
2026-09-14T12:53:39Z,3.082,25.6396,11.61,3.2021,0.1704,0.7191,18.9814,155.69,157.643701,5.7607,68.633,72.923,378680.36158438557,0.012,0
2026-09-14T12:53:39Z,3.085,25.6325,11.7,3.1602,0.1704,0.7614,19.0116,155.659,157.607999,5.7064,68.461,75.997,378602.9467490898,0.013,0
2026-09-14T12:53:39Z,3.089,25.6271,11.7,3.1792,0.1704,0.7614,18.9512,155.63,157.574253,5.6613,68.357,79.39,378503.34051458474,0.013,0
2026-09-14T12:53:39Z,3.092,25.6234,11.7,3.1678,0.1704,0.7614,19.0267,155.62,157.557511,5.6273,68.307,82.127,378474.48843376734,0.013,0
2026-09-14T12:53:39Z,3.096,25.6212,11.7,3.1106,0.1704,0.7614,19.1022,155.621,157.547297,5.6046,68.317,85.088,378455.7292596581,0.013,0
2026-09-14T12:53:39Z,3.099,25.6198,11.79,3.1144,0.1704,0.6768,19.1476,155.628,157.536878,5.5907,68.392,88.733,378419.5854295293,0.012,0
2026-09-14T12:53:39Z,3.102,25.6185,11.79,3.0953,0.1704,0.6768,19.2382,155.634,157.517465,5.5823,68.527,91.732,378325.88545526733,0.012,0
2026-09-14T12:53:39Z,3.105,25.6164,11.79,3.1144,0.1704,0.6768,19.2231,155.634,157.483879,5.5785,68.692,94.875,378160.7971324258,0.011,0
2026-09-14T12:53:39Z,3.107,25.6128,11.79,3.0495,0.1704,0.6768,17.8937,155.628,157.439186,5.5797,68.848,96.58,377957.368248372,0.01,0
2026-09-14T12:53:39Z,3.11,25.6071,11.88,3.0724,0.1704,0.6768,18.0901,155.611,157.381486,5.5864,68.967,97.72,377715.94933292683,0.01,0
2026-09-14T12:53:39Z,3.112,25.5988,11.88,3.0572,0.1704,0.6768,18.0297,155.588,157.319436,5.5982,69.041,98.039,377499.99232757185,0.009,0
2026-09-14T12:53:39Z,3.115,25.5881,11.88,3.0686,0.1704,0.6768,17.9239,155.578,157.272558,5.6128,69.063,98.445,377425.86182872555,0.009,0
2026-09-14T12:53:39Z,3.117,25.5758,11.88,2.958,0.1704,0.6768,17.1233,155.577,157.236368,5.6268,69.024,98.231,377449.8202424883,0.009,0
2026-09-14T12:53:39Z,3.119,25.5628,12.24,2.9313,0.1704,0.7191,17.0931,155.576,157.197205,5.6379,68.919,97.17,377469.49914169783,0.009,0
2026-09-14T12:53:39Z,3.121,25.5502,12.24,2.9313,0.1704,0.7191,17.0629,155.587,157.164663,5.6452,68.76,96.036,377522.0126107375,0.008,0
2026-09-14T12:53:39Z,3.123,25.5385,12.24,2.9427,0.1704,0.7191,17.1837,155.606,157.138078,5.6483,68.581,93.28,377593.22966428916,0.008,0
2026-09-14T12:53:39Z,3.125,25.5272,12.24,2.8435,0.1704,0.7191,16.368,155.613,157.098334,5.6463,68.423,91.374,377575.10051003506,0.009,0
2026-09-14T12:53:39Z,3.128,25.5149,12.24,2.8588,0.1704,0.7191,16.4586,155.611,157.050864,5.6389,68.312,90.387,377529.32777476875,0.009,0
2026-09-14T12:53:39Z,3.13,25.5009,12.42,2.8626,0.1704,0.7614,16.3378,155.611,157.011058,5.6274,68.238,89.585,377565.1261924605,0.008,0
2026-09-14T12:53:39Z,3.132,25.4862,12.42,2.8512,0.1704,0.7614,16.3831,155.608,156.982328,5.6142,68.147,90.702,377683.53646334726,0.008,0
2026-09-14T12:53:39Z,3.134,25.4713,12.42,2.8054,0.1704,0.7614,15.2048,155.598,156.967028,5.6027,67.998,92.815,377889.1737624914,0.008,0
2026-09-14T12:53:39Z,3.136,25.4565,12.42,2.8245,0.1704,0.7614,15.235,155.579,156.959077,5.5952,67.784,96.162,378138.4850883192,0.008,0
2026-09-14T12:53:39Z,3.138,25.4436,12.42,2.813,0.213,0.846,15.099,155.552,156.950343,5.5904,67.498,100.19,378344.7985126026,0.008,0
2026-09-14T12:53:39Z,3.14,25.4354,12.42,2.8245,0.213,0.846,15.1746,155.525,156.940504,5.5838,67.116,104.71,378449.4457362743,0.008,0
2026-09-14T12:53:39Z,3.142,25.4339,12.42,2.8092,0.213,0.846,15.2652,155.501,156.928941,5.5718,66.601,109.32,378408.0587130887,0.009,0
2026-09-14T12:53:39Z,3.145,25.4376,12.42,2.8435,0.213,0.846,15.099,155.49,156.920588,5.5538,65.949,114.87,378281.54321169824,0.009,0
2026-09-14T12:53:39Z,3.147,25.4434,12.42,2.8206,0.1704,0.8037,15.2048,155.499,156.921233,5.5299,65.197,120.65,378168.4345793851,0.009,0
2026-09-14T12:53:39Z,3.149,25.449,12.42,2.8016,0.1704,0.8037,15.2501,155.516,156.91702,5.498,64.409,127.19,378029.3141532539,0.009,0
2026-09-14T12:53:39Z,3.151,25.453,12.42,2.7291,0.1704,0.8037,14.6307,155.525,156.898809,5.4554,63.656,132.9,377835.84722265863,0.01,0
2026-09-14T12:53:39Z,3.154,25.4541,12.42,2.7367,0.1704,0.8037,14.7063,155.54,156.885788,5.4019,62.986,138.02,377733.05283943575,0.01,0
2026-09-14T12:53:39Z,3.157,25.4511,12.42,2.7596,0.1704,0.8037,14.7818,155.572,156.888511,5.3405,62.416,142.07,377810.3976245263,0.01,0
2026-09-14T12:53:39Z,3.159,25.4443,12.78,2.7367,0.1704,0.7614,14.7063,155.604,156.889667,5.2766,61.938,144.28,377954.71149619366,0.01,0
2026-09-14T12:53:39Z,3.162,25.4355,12.78,2.6795,0.1704,0.7614,14.0416,155.62,156.873533,5.2158,61.536,147.41,378032.32971783774,0.01,0
2026-09-14T12:53:39Z,3.165,25.4265,12.78,2.7176,0.1704,0.7614,14.0416,155.63,156.847828,5.1618,61.21,148.15,378054.69770940824,0.01,0
2026-09-14T12:53:39Z,3.168,25.4173,12.78,2.6948,0.1704,0.7614,13.9963,155.65,156.825736,5.116,60.959,149.12,378103.500725629,0.01,0
2026-09-14T12:53:39Z,3.17,25.4072,13.05,2.6833,0.213,0.9306,14.0567,155.671,156.799359,5.0777,60.775,148.38,378143.9232263407,0.009,0
2026-09-14T12:53:39Z,3.172,25.3967,13.05,2.607,0.213,0.9306,13.9509,155.692,156.769676,5.0458,60.654,148.54,378171.92958475585,0.008,0
2026-09-14T12:53:39Z,3.174,25.3852,13.05,2.6223,0.213,0.9306,14.102,155.721,156.748808,5.02,60.599,147.77,378274.83772296377,0.007,0
2026-09-14T12:53:39Z,3.176,25.3719,13.05,2.6375,0.213,0.9306,13.966,155.744,156.727181,5.0007,60.602,146.49,378409.4833485664,0.007,0
2026-09-14T12:53:39Z,3.178,25.3565,12.96,2.6185,0.213,0.8037,14.0718,155.757,156.703031,4.987,60.643,145.76,378571.033337035,0.007,0
2026-09-14T12:53:39Z,3.179,25.3402,12.96,2.7405,0.213,0.8037,14.7516,155.767,156.685948,4.9785,60.697,145.57,378794.8547161891,0.007,0
2026-09-14T12:53:39Z,3.181,25.3242,12.96,2.7291,0.213,0.8037,14.6458,155.772,156.675382,4.9755,60.735,144.65,379053.3379083507,0.007,0
2026-09-14T12:53:39Z,3.182,25.3097,12.96,2.7596,0.213,0.8037,14.7063,155.766,156.660501,4.9771,60.729,144.03,379254.7806503176,0.008,0
2026-09-14T12:53:39Z,3.184,25.2976,12.96,2.7405,0.213,0.8037,14.7516,155.742,156.629321,4.9816,60.659,142.35,379306.1691968809,0.01,0
2026-09-14T12:53:39Z,3.187,25.289,13.05,2.6719,0.2556,0.8037,15.2652,155.72,156.593568,4.9868,60.511,139.86,379258.052700867,0.011,0
2026-09-14T12:53:39Z,3.19,25.2838,13.05,2.7024,0.2556,0.8037,15.2652,155.711,156.563746,4.9904,60.278,136.53,379177.8579100653,0.012,0
2026-09-14T12:53:39Z,3.194,25.2812,13.05,2.6871,0.2556,0.8037,15.2954,155.711,156.539915,4.9901,59.976,131.95,379082.2117048703,0.013,0
2026-09-14T12:53:39Z,3.198,25.2788,13.05,2.7024,0.2556,0.8037,15.2048,155.72,156.527743,4.9846,59.64,128.97,379055.1051990765,0.013,0
2026-09-14T12:53:39Z,3.202,25.2744,13.95,2.752,0.213,0.9306,15.0084,155.738,156.527989,4.9728,59.309,126.72,379145.90546535316,0.013,0
2026-09-14T12:53:39Z,3.205,25.2677,13.95,2.7367,0.213,0.9306,14.9782,155.759,156.528696,4.9543,59.011,123.97,379286.29432857706,0.013,0
2026-09-14T12:53:39Z,3.208,25.2602,13.95,2.7405,0.213,0.9306,14.9178,155.759,156.497992,4.9301,58.769,121.86,379247.24517729325,0.013,0
2026-09-14T12:53:39Z,3.211,25.2532,13.95,2.7482,0.213,0.9306,14.9782,155.741,156.431697,4.9032,58.59,117.75,378976.28400804545,0.013,0
2026-09-14T12:53:39Z,3.214,25.2475,13.86,2.6146,0.2556,0.9306,17.3348,155.731,156.356213,4.8765,58.459,113.38,378621.77928430686,0.013,0
2026-09-14T12:53:39Z,3.217,25.241,13.86,2.6223,0.2556,0.9306,17.2895,155.747,156.289484,4.8526,58.337,109.48,378338.08526326594,0.012,0
2026-09-14T12:53:39Z,3.221,25.2309,13.86,2.6528,0.2556,0.9306,17.3046,155.797,156.245771,4.8335,58.198,106.48,378270.590844628,0.012,0
2026-09-14T12:53:39Z,3.224,25.2157,13.86,2.6299,0.2556,0.9306,17.229,155.869,156.219423,4.8201,58.041,103.92,378414.54430200934,0.012,0
2026-09-14T12:53:39Z,3.227,25.1947,14.85,2.6642,0.2556,0.8883,18.9814,155.94,156.199401,4.8112,57.877,101.97,378715.69939288753,0.012,0
2026-09-14T12:53:39Z,3.229,25.1683,14.85,2.7062,0.2556,0.8883,18.9663,156,156.188374,4.8035,57.714,100.17,379183.09313279326,0.012,0
2026-09-14T12:53:39Z,3.232,25.1381,14.85,2.6948,0.2556,0.8883,18.9663,156.041,156.183399,4.7948,57.55,97.933,379766.4966818135,0.012,0
2026-09-14T12:53:39Z,3.235,25.1066,14.85,2.6719,0.2556,0.8883,18.8756,156.058,156.179139,4.7846,57.372,96.35,380382.0973406237,0.012,0
2026-09-14T12:53:39Z,3.238,25.0773,14.85,2.6833,0.2556,0.8883,18.4829,156.056,156.17045,4.7736,57.162,95.371,380926.23764631816,0.012,0
2026-09-14T12:53:39Z,3.241,25.0543,13.77,2.6719,0.2556,0.8883,18.4224,156.043,156.147005,4.7621,56.9,94.217,381249.73148272815,0.012,0
2026-09-14T12:53:39Z,3.244,25.0398,13.77,2.7024,0.2556,0.8883,18.498,156.032,156.110566,4.7499,56.57,93.118,381317.8384218009,0.012,0
2026-09-14T12:53:39Z,3.247,25.033,13.77,2.6642,0.2556,0.8883,18.4527,156.039,156.079469,4.7358,56.159,91.732,381261.78929222585,0.013,0
2026-09-14T12:53:39Z,3.251,25.0306,13.77,2.7024,0.2556,0.8883,18.9361,156.065,156.065457,4.7186,55.672,89.197,381222.9284719976,0.013,0
2026-09-14T12:53:39Z,3.254,25.0273,13.5,2.6948,0.2556,0.8883,18.9965,156.099,156.068796,4.6973,55.13,86.825,381311.4961037617,0.013,0
2026-09-14T12:53:39Z,3.258,25.0193,13.5,2.7024,0.2556,0.8883,18.921,156.134,156.08236,4.6707,54.553,84.978,381560.6855627459,0.014,0
2026-09-14T12:53:39Z,3.261,25.0071,13.5,2.6909,0.2556,0.8883,18.9361,156.161,156.093736,4.6378,53.967,83.822,381882.4739809996,0.014,0
2026-09-14T12:53:39Z,3.265,24.9943,13.5,2.7443,0.2556,0.8883,19.7216,156.177,156.093935,4.5987,53.407,83.061,382146.5366381062,0.014,0
2026-09-14T12:53:39Z,3.268,24.9842,14.31,2.7596,0.213,0.8883,19.7216,156.183,156.079002,4.5548,52.902,82.378,382260.022500956,0.014,0
2026-09-14T12:53:39Z,3.272,24.9774,14.31,2.7291,0.213,0.8883,19.7216,156.181,156.048963,4.5077,52.446,81.931,382210.5773614149,0.014,0
2026-09-14T12:53:39Z,3.275,24.9723,14.31,2.7672,0.213,0.8883,19.7518,156.176,156.007828,4.4597,52.021,80.642,382056.3044075754,0.014,0
2026-09-14T12:53:39Z,3.279,24.9673,14.31,2.752,0.213,0.8883,22.0178,156.17,155.964664,4.4139,51.602,79.476,381887.2044481001,0.014,0
2026-09-14T12:53:39Z,3.282,24.9608,14.31,2.7672,0.213,0.8883,21.9422,156.165,155.923988,4.3726,51.156,77.599,381764.5692855968,0.014,0
2026-09-14T12:53:39Z,3.286,24.9515,14.49,2.7482,0.2556,0.846,21.761,156.169,155.886976,4.3357,50.674,75.733,381722.4711182666,0.013,0
2026-09-14T12:53:39Z,3.289,24.94,14.49,2.7405,0.2556,0.846,21.8818,156.185,155.85578,4.3014,50.184,73.177,381762.1563805829,0.013,0
2026-09-14T12:53:39Z,3.292,24.9282,14.49,2.8283,0.2556,0.846,22.3199,156.207,155.830093,4.2677,49.719,70.416,381842.7223615621,0.013,0
2026-09-14T12:53:39Z,3.296,24.9168,14.49,2.813,0.2556,0.846,22.4105,156.237,155.815085,4.2317,49.306,67.73,381982.4184671342,0.013,0
2026-09-14T12:53:39Z,3.299,24.9037,14.85,2.8473,0.2556,0.9306,22.4105,156.273,155.81076,4.1928,48.968,64.372,382224.55281948054,0.013,0
2026-09-14T12:53:39Z,3.302,24.8886,14.85,2.8283,0.2556,0.9306,22.5163,156.299,155.803938,4.1535,48.702,61.541,382492.31730243174,0.013,0
2026-09-14T12:53:39Z,3.305,24.8734,14.85,2.8245,0.2556,0.9306,21.912,156.313,155.7928,4.1162,48.49,58.439,382735.1354942345,0.013,0
2026-09-14T12:53:39Z,3.308,24.859,14.85,2.8283,0.2556,0.9306,21.8214,156.332,155.794412,4.083,48.32,55.193,383042.27972807136,0.013,0
2026-09-14T12:53:39Z,3.311,24.846,14.67,2.8245,0.2556,0.846,21.912,156.357,155.805196,4.056,48.166,52.286,383378.8572751659,0.013,0
2026-09-14T12:53:39Z,3.315,24.8356,14.67,2.7939,0.2556,0.846,21.9876,156.368,155.803982,4.0348,47.986,49.478,383586.06000512175,0.013,0
2026-09-14T12:53:39Z,3.318,24.8278,14.67,2.7024,0.2556,0.846,21.1718,156.374,155.794453,4.0178,47.733,46.608,383686.9734347151,0.013,0
2026-09-14T12:53:39Z,3.322,24.8221,14.67,2.6948,0.2556,0.846,21.1718,156.381,155.782085,4.0041,47.379,44.432,383726.5100250652,0.014,0
2026-09-14T12:53:39Z,3.325,24.8177,13.41,2.6871,0.213,0.8883,21.1416,156.381,155.751556,3.9916,46.933,42.386,383624.1250843546,0.014,0
2026-09-14T12:53:39Z,3.329,24.8137,13.41,2.6833,0.213,0.8883,21.2473,156.378,155.70274,3.977,46.429,40.654,383397.6608184267,0.015,0
2026-09-14T12:53:39Z,3.332,24.809,13.41,2.9427,0.213,0.8883,23.8154,156.384,155.646663,3.9564,45.913,39.256,383139.7318520576,0.015,0
2026-09-14T12:53:39Z,3.336,24.8025,13.41,2.9236,0.213,0.8883,23.8003,156.399,155.578387,3.9276,45.443,37.824,382841.8116904608,0.016,0
2026-09-14T12:53:39Z,3.341,24.7928,13.41,2.9008,0.213,0.8883,23.7852,156.42,155.491725,3.8913,45.058,36.826,382493.6389486328,0.016,0
2026-09-14T12:53:39Z,3.345,24.7781,12.87,2.9046,0.213,0.8883,23.8608,156.452,155.40564,3.8505,44.775,35.894,382252.21415301587,0.017,0
2026-09-14T12:53:39Z,3.35,24.7583,12.87,2.9427,0.213,0.8883,23.7248,156.498,155.353271,3.8091,44.585,35.468,382329.16518823657,0.017,0
2026-09-14T12:53:39Z,3.354,24.7319,12.87,2.8245,0.213,0.8883,22.8939,156.532,155.332666,3.7719,44.452,35.199,382743.6169429692,0.017,0
2026-09-14T12:53:39Z,3.358,24.6975,12.87,2.8283,0.213,0.8883,22.8033,156.534,155.318294,3.7424,44.328,35.008,383363.83670706785,0.017,0
2026-09-14T12:53:39Z,3.362,24.6597,13.23,2.8054,0.2982,0.9306,22.8486,156.508,155.290294,3.7215,44.172,34.955,383969.32099784527,0.016,0
2026-09-14T12:53:39Z,3.366,24.6283,13.23,2.8092,0.2982,0.9306,22.8184,156.456,155.221167,3.7078,43.954,34.986,384181.32641174213,0.016,0
2026-09-14T12:53:39Z,3.371,24.6109,13.23,2.71,0.2982,0.9306,19.918,156.398,155.110515,3.698,43.649,35.039,383838.33619120234,0.016,0
2026-09-14T12:53:39Z,3.375,24.6058,13.23,2.7024,0.2982,0.9306,19.918,156.383,155.012983,3.688,43.251,34.894,383323.65429931786,0.016,0
2026-09-14T12:53:39Z,3.379,24.605,13.86,2.6757,0.2982,0.8883,19.9331,156.421,154.968679,3.6751,42.785,34.849,383058.54099350725,0.015,0
2026-09-14T12:53:39Z,3.383,24.5994,13.86,2.6871,0.2982,0.8883,19.918,156.473,154.96578,3.6573,42.3,34.963,383156.1305313367,0.014,0
2026-09-14T12:53:39Z,3.386,24.5825,13.86,2.6948,0.2982,0.8883,17.4556,156.505,154.973454,3.633,41.849,35.306,383555.3754953159,0.013,0
2026-09-14T12:53:39Z,3.39,24.556,13.86,2.6948,0.2982,0.8883,17.5765,156.51,154.971708,3.6016,41.478,35.622,384094.5989632206,0.012,0
2026-09-14T12:53:39Z,3.392,24.53,13.86,2.6795,0.2982,0.8883,17.4405,156.504,154.962082,3.5646,41.201,35.832,384574.10318865953,0.012,0
2026-09-14T12:53:39Z,3.395,24.5127,15.03,2.6795,0.2982,0.9729,17.5161,156.493,154.946018,3.5253,40.993,35.879,384831.91088076483,0.012,0
2026-09-14T12:53:39Z,3.398,24.5049,15.03,2.7215,0.2982,0.9729,16.8363,156.479,154.925242,3.4883,40.822,36.09,384861.76647361426,0.012,0
2026-09-14T12:53:39Z,3.4,24.5027,15.03,2.7405,0.2982,0.9729,16.8212,156.476,154.912247,3.4575,40.655,36.349,384824.6026129674,0.013,0
2026-09-14T12:53:39Z,3.404,24.5016,15.03,2.7443,0.2982,0.9729,16.7607,156.485,154.90958,3.4345,40.476,36.215,384830.4907262707,0.014,0
2026-09-14T12:53:39Z,3.407,24.4999,14.31,2.7291,0.2982,0.8037,16.9873,156.493,154.902502,3.4173,40.289,35.793,384820.7043376681,0.015,0
2026-09-14T12:53:39Z,3.412,24.4974,14.31,2.8779,0.2982,0.8037,16.4284,156.482,154.875098,3.4032,40.101,35.191,384697.7359655764,0.016,0
2026-09-14T12:53:39Z,3.416,24.4944,14.31,2.8664,0.2982,0.8037,16.368,156.453,154.83008,3.3894,39.928,34.51,384472.6978937098,0.017,0
2026-09-14T12:53:39Z,3.421,24.4906,14.31,2.8702,0.2982,0.8037,16.3982,156.426,154.785496,3.3748,39.804,34.301,384267.1343718791,0.018,0
2026-09-14T12:53:39Z,3.426,24.4859,15.66,2.8473,0.2982,0.8883,16.3982,156.413,154.749495,3.3595,39.756,34.457,384135.12088498654,0.019,0
2026-09-14T12:53:39Z,3.43,24.4809,15.66,2.8168,0.2982,0.8883,16.6701,156.406,154.716483,3.3441,39.774,35.345,384028.4273485875,0.019,0
2026-09-14T12:53:39Z,3.435,24.4756,15.66,2.8359,0.2982,0.8883,16.7003,156.394,154.677655,3.33,39.826,36.995,383890.84355702717,0.02,0
2026-09-14T12:53:39Z,3.44,24.4697,15.66,2.8168,0.2982,0.8883,16.5946,156.38,154.634677,3.3201,39.881,39.418,383739.24685064144,0.02,0
2026-09-14T12:53:39Z,3.445,24.4625,15.3,2.8283,0.3408,0.9306,16.5946,156.362,154.584103,3.3165,39.916,42.709,383566.1967265803,0.02,0
2026-09-14T12:53:39Z,3.451,24.4541,15.3,2.8664,0.3408,0.9306,16.8816,156.329,154.512446,3.3185,39.925,46.628,383283.5580500641,0.02,0
2026-09-14T12:53:39Z,3.456,24.4454,15.3,2.8664,0.3408,0.9306,16.8212,156.299,154.438663,3.3234,39.906,51.306,382993.60627358424,0.02,0
2026-09-14T12:53:39Z,3.46,24.4361,15.3,2.8359,0.3408,0.9306,16.7305,156.298,154.391167,3.3285,39.873,55.844,382883.7568592413,0.019,0
2026-09-14T12:53:39Z,3.465,24.4256,15.3,2.8664,0.3408,0.9306,16.8816,156.311,154.361295,3.3321,39.853,60.743,382911.2060210719,0.019,0
2026-09-14T12:53:39Z,3.47,24.4131,15.75,3.1144,0.3408,0.7614,16.7758,156.31,154.323046,3.3336,39.873,65.273,382926.7360802475,0.018,0
2026-09-14T12:53:39Z,3.475,24.3989,15.75,3.1144,0.3408,0.7614,16.7003,156.292,154.268225,3.3329,39.955,69.534,382871.7872907682,0.018,0
2026-09-14T12:53:39Z,3.479,24.3841,15.75,3.122,0.3408,0.7614,16.7003,156.268,154.208258,3.3311,40.111,73.64,382796.3957239812,0.018,0
2026-09-14T12:53:39Z,3.483,24.3705,15.75,3.122,0.3408,0.7614,16.7305,156.243,154.151194,3.3303,40.345,77.347,382714.54943583556,0.017,0
2026-09-14T12:53:39Z,3.488,24.3585,15.66,3.0915,0.3408,0.8883,17.1082,156.218,154.097846,3.3328,40.655,80.048,382623.1412240907,0.017,0
2026-09-14T12:53:39Z,3.492,24.346800000000002,15.66,3.122,0.3408,0.8883,17.1535,156.198,154.054021,3.3403,41.029,81.594,382586.27266755654,0.017,0
2026-09-14T12:53:39Z,3.496,24.3352,15.66,3.0915,0.3408,0.8883,16.9873,156.193,154.024062,3.354,41.444,82.575,382635.87962993706,0.017,0
2026-09-14T12:53:39Z,3.5,24.3247,15.66,3.1296,0.3408,0.8883,17.1535,156.2,153.99998,3.3743,41.874,82.718,382700.19712609093,0.017,0
2026-09-14T12:53:39Z,3.505,24.3157,15.75,3.0572,0.2556,0.846,17.7729,156.208,153.967338,3.4008,42.302,82.449,382678.6297626586,0.017,0
2026-09-14T12:53:39Z,3.509,24.3079,15.75,3.0495,0.2556,0.846,17.8937,156.21,153.921435,3.4326,42.714,81.541,382547.3290165769,0.017,0
2026-09-14T12:53:39Z,3.514,24.3,15.75,3.0572,0.2556,0.846,17.6822,156.204,153.866057,3.4678,43.09,80.362,382357.52357760805,0.017,0
2026-09-14T12:53:39Z,3.518,24.2901,15.75,3.0572,0.2556,0.846,17.788,156.196,153.812482,3.5045,43.409,78.737,382220.7628653108,0.017,0
2026-09-14T12:53:39Z,3.523,24.277,15.75,2.9351,0.2556,0.846,19.7669,156.196,153.774469,3.5411,43.65,77.128,382249.90401774744,0.017,0
2026-09-14T12:53:39Z,3.527,24.2617,16.02,2.9465,0.2982,0.8883,19.6763,156.201,153.751898,3.5766,43.799,75.635,382423.5411655226,0.017,0
2026-09-14T12:53:39Z,3.531,24.2459,16.02,2.9313,0.2982,0.8883,19.6461,156.205,153.738749,3.6092,43.865,74.785,382668.0283950182,0.016,0
2026-09-14T12:53:39Z,3.535,24.2313,16.02,2.916,0.2982,0.8883,19.6763,156.2,153.721498,3.6369,43.85,73.48,382861.47743291245,0.016,0
2026-09-14T12:53:39Z,3.539,24.219,16.02,2.6948,0.2982,0.8883,22.4105,156.191,153.693542,3.6579,43.745,72.702,382938.5508243022,0.016,0
2026-09-14T12:53:39Z,3.543,24.2103,16.2,2.6909,0.3408,0.8883,22.4105,156.195,153.669465,3.671,43.552,72.151,382965.5018408637,0.017,0
2026-09-14T12:53:39Z,3.548,24.2049,16.2,2.6909,0.3408,0.8883,22.3652,156.211,153.652862,3.6769,43.299,71.573,382971.5976315355,0.017,0
2026-09-14T12:53:39Z,3.552,24.2007,16.2,2.6757,0.3408,0.8883,22.4105,156.221,153.627284,3.6759,43.025,71.046,382895.1484149926,0.018,0
2026-09-14T12:53:39Z,3.557,24.1947,16.2,2.6185,0.3408,0.8883,26.6857,156.217,153.585908,3.6674,42.755,70.707,382754.92717352964,0.018,0
2026-09-14T12:53:39Z,3.562,24.1859,16.2,2.6337,0.2982,0.846,26.7763,156.203,153.537732,3.6519,42.496,70.141,382629.4240664061,0.019,0
2026-09-14T12:53:39Z,3.567,24.1753,16.2,2.6337,0.2982,0.846,26.8065,156.185,153.493952,3.6314,42.25,69.429,382569.55098564184,0.019,0
2026-09-14T12:53:39Z,3.572,24.164,16.2,2.6528,0.2982,0.846,26.731,156.177,153.462928,3.6091,42.015,68.41,382606.011878171,0.02,0
2026-09-14T12:53:39Z,3.577,24.152,16.2,2.5689,0.2982,0.846,28.1963,156.197,153.44841,3.5873,41.789,67.319,382762.95029785717,0.02,0
2026-09-14T12:53:39Z,3.582,24.1411,16.74,2.5803,0.3408,0.9306,28.1963,156.249,153.454538,3.5663,41.559,66.03,383029.57893991773,0.02,0
2026-09-14T12:53:39Z,3.587,24.1329,16.74,2.5689,0.3408,0.9306,28.1359,156.325,153.482943,3.5462,41.301,64.568,383383.1623534264,0.021,0
2026-09-14T12:53:39Z,3.593,24.1253,16.74,2.5841,0.3408,0.9306,28.3021,156.397,153.513148,3.527,40.993,62.606,383736.08964394603,0.021,0
2026-09-14T12:53:39Z,3.598,24.1145,16.74,2.6757,0.3408,0.9306,26.6857,156.442,153.525154,3.5087,40.617,60.995,384039.2011826724,0.021,0
2026-09-14T12:53:39Z,3.603,24.1001,16.74,2.7062,0.3408,0.9306,26.731,156.461,153.530174,3.4903,40.163,59.064,384373.0159935703,0.02,0
2026-09-14T12:53:39Z,3.608,24.0853,17.28,2.7024,0.3408,0.9306,26.8216,156.467,153.533555,3.4696,39.616,57.457,384705.01484257303,0.02,0
2026-09-14T12:53:39Z,3.614,24.0722,17.28,2.6719,0.3408,0.9306,26.6403,156.478,153.532195,3.4446,38.971,55.542,384971.1062595128,0.02,0
2026-09-14T12:53:39Z,3.619,24.0621,17.28,2.6299,0.3408,0.9306,29.8731,156.503,153.529737,3.4137,38.24,53.353,385167.3299631473,0.02,0
2026-09-14T12:53:39Z,3.624,24.0576,17.28,2.649,0.3408,0.9306,29.9033,156.533,153.521519,3.3757,37.453,50.918,385208.82826285425,0.019,0
2026-09-14T12:53:39Z,3.629,24.0567,17.28,2.6223,0.3408,1.0152,29.858,156.557,153.501339,3.3298,36.661,48.699,385097.5074624495,0.019,0
2026-09-14T12:53:39Z,3.634,24.053,17.28,2.6413,0.3408,1.0152,29.8429,156.577,153.463815,3.2758,35.916,46.872,384933.0961756753,0.019,0
2026-09-14T12:53:39Z,3.639,24.0442,17.28,2.5727,0.3408,1.0152,28.9365,156.616,153.418975,3.2149,35.262,45.448,384828.5543478122,0.019,0
2026-09-14T12:53:39Z,3.643,24.0323,17.28,2.5956,0.3408,1.0152,28.9063,156.691,153.374896,3.1494,34.72,43.847,384793.96601857076,0.019,0
2026-09-14T12:53:39Z,3.648,24.0183,18.18,2.5727,0.3408,0.9729,28.9365,156.794,153.329835,3.0835,34.281,41.493,384797.1018023105,0.019,0
2026-09-14T12:53:39Z,3.652,24.0003,18.18,2.5841,0.3408,0.9729,29.0121,156.909,153.297812,3.0219,33.909,39.427,384968.4509944701,0.019,0
2026-09-14T12:53:39Z,3.657,23.9738,18.18,2.6146,0.3408,0.9729,25.7189,157.009,153.2843,2.9683,33.554,37.513,385438.45703844016,0.019,0
2026-09-14T12:53:39Z,3.662,23.9363,18.18,2.5956,0.3408,0.9729,25.7642,157.075,153.275673,2.9247,33.157,35.879,386172.92509979696,0.019,0
2026-09-14T12:53:39Z,3.667,23.89,18.18,2.6223,0.3408,0.9729,25.8095,157.114,153.253603,2.8902,32.659,34.532,387008.14981735294,0.019,0
2026-09-14T12:53:39Z,3.672,23.8438,18.18,2.6299,0.3408,0.846,25.7189,157.145,153.212206,2.8614,32,33.812,387717.9383288668,0.019,0
2026-09-14T12:53:39Z,3.677,23.8083,18.18,2.4315,0.3408,0.846,23.5737,157.179,153.156469,2.8333,31.15,33.461,388108.67338299373,0.019,0
2026-09-14T12:53:39Z,3.682,23.785,18.18,2.4468,0.3408,0.846,23.6493,157.204,153.093562,2.801,30.133,33.702,388193.7759386839,0.02,0
2026-09-14T12:53:39Z,3.687,23.766,18.18,2.443,0.3408,0.846,23.604,157.225,153.038759,2.7598,29.021,34.668,388240.3182432027,0.02,0
2026-09-14T12:53:39Z,3.692,23.743,17.91,2.4392,0.3408,0.8037,23.604,157.261,153.003492,2.7053,27.89,35.964,388499.57204703544,0.02,0
2026-09-14T12:53:39Z,3.697,23.7149,17.91,2.3095,0.3408,0.8037,23.8305,157.312,152.974347,2.6348,26.799,37.237,388907.8817768497,0.019,0
2026-09-14T12:53:39Z,3.702,23.687,17.91,2.3133,0.3408,0.8037,23.8608,157.355,152.939541,2.5501,25.782,38.221,389275.51231851097,0.019,0
2026-09-14T12:53:39Z,3.707,23.6633,17.91,2.3171,0.3408,0.8037,23.8003,157.386,152.909821,2.4571,24.845,38.866,389587.230586086,0.019,0
2026-09-14T12:53:39Z,3.712,23.6407,17.91,2.34,0.3408,0.846,23.8305,157.415,152.893287,2.3623,23.98,39.247,389962.30884016777,0.019,0
2026-09-14T12:53:39Z,3.716,23.6157,17.91,2.134,0.3408,0.846,16.1565,157.449,152.893545,2.271,23.17,38.764,390499.6713347572,0.018,0
2026-09-14T12:53:39Z,3.721,23.5913,17.91,2.1302,0.3408,0.846,16.1414,157.478,152.89864,2.1858,22.392,37.816,391056.9193031556,0.018,0
2026-09-14T12:53:39Z,3.726,23.5722,17.91,2.1645,0.3408,0.846,16.2169,157.481,152.893901,2.1071,21.63,37.48,391436.34300414793,0.018,0
2026-09-14T12:53:39Z,3.73,23.5582,17.91,2.1378,0.3408,0.846,16.1716,157.472,152.894092,2.0344,20.901,37.116,391738.91871210915,0.018,0
2026-09-14T12:53:39Z,3.735,23.5477,18,2.2141,0.3834,1.0152,15.1595,157.466,152.911285,1.9661,20.255,37.043,392078.4935232398,0.018,0
2026-09-14T12:53:39Z,3.739,23.5405,18,2.2027,0.3834,1.0152,15.1746,157.454,152.926027,1.9004,19.744,37.318,392331.0139292159,0.017,0
2026-09-14T12:53:39Z,3.743,23.5379,18,2.1988,0.3834,1.0152,15.2501,157.426,152.914201,1.8358,19.402,37.66,392309.05421847035,0.017,0
2026-09-14T12:53:39Z,3.748,23.5408,18,2.1988,0.3834,1.0152,15.1595,157.396,152.88067,1.7739,19.239,37.415,392025.28497872216,0.018,0
2026-09-14T12:53:39Z,3.752,23.548,17.73,2.3476,0.3408,0.9306,14.0869,157.382,152.840537,1.7188,19.256,36.389,391605.5601208883,0.018,0
2026-09-14T12:53:39Z,3.757,23.5564,17.73,2.3171,0.3408,0.9306,14.102,157.37,152.783096,1.6753,19.442,35.514,391046.4649441835,0.019,0
2026-09-14T12:53:39Z,3.762,23.5615,17.73,2.3056,0.3408,0.9306,13.966,157.345,152.697036,1.646,19.77,34.152,390370.6518952845,0.02,0
2026-09-14T12:53:39Z,3.767,23.5601,17.73,2.3247,0.3408,0.9306,14.0718,157.331,152.609489,1.6322,20.191,32.178,389825.1750980543,0.021,0
2026-09-14T12:53:39Z,3.773,23.5516,17.55,2.3934,0.3408,0.846,15.5824,157.361,152.565226,1.634,20.632,29.925,389716.4439091427,0.022,0
2026-09-14T12:53:39Z,3.779,23.5369,17.55,2.3972,0.3408,0.846,15.6731,157.425,152.564457,1.6502,21.015,28.012,390026.48202409927,0.023,0
2026-09-14T12:53:39Z,3.785,23.5173,17.55,2.3934,0.3408,0.846,15.7184,157.484,152.566906,1.6787,21.273,26.011,390463.2377416786,0.023,0
2026-09-14T12:53:39Z,3.791,23.4941,17.55,2.3781,0.3408,0.846,15.658,157.531,152.551187,1.7152,21.355,24.786,390858.2961321109,0.023,0
2026-09-14T12:53:39Z,3.797,23.4706,17.64,2.3781,0.3408,0.8883,15.6278,157.586,152.527134,1.7535,21.231,24.269,391205.39891378355,0.024,0
2026-09-14T12:53:39Z,3.803,23.4506,17.64,2.2522,0.3408,0.8883,15.4012,157.657,152.506358,1.7867,20.902,23.573,391499.158649012,0.024,0
2026-09-14T12:53:39Z,3.809,23.4333,17.64,2.2141,0.3408,0.8883,15.522,157.723,152.483313,1.8091,20.408,22.753,391720.00215389987,0.024,0
2026-09-14T12:53:39Z,3.815,23.4139,17.64,2.2294,0.3408,0.8883,15.4314,157.773,152.451851,1.8167,19.821,22.487,391930.72882989846,0.025,0
2026-09-14T12:53:39Z,3.821,23.3894,17.64,2.2522,0.3408,0.8883,15.4314,157.803,152.397568,1.8069,19.224,22.288,392100.82637946587,0.026,0
2026-09-14T12:53:39Z,3.827,23.3611,17.64,2.2027,0.3408,0.9306,15.9903,157.805,152.295971,1.7798,18.673,22.162,392039.8749722067,0.027,0
2026-09-14T12:53:39Z,3.834,23.3334,17.64,2.2065,0.3408,0.9306,15.8544,157.801,152.150018,1.7386,18.19,21.461,391671.9707997187,0.029,0
2026-09-14T12:53:39Z,3.842,23.308,17.64,2.2141,0.3408,0.9306,15.9601,157.838,151.994912,1.6894,17.783,20.566,391193.4666666143,0.031,0
2026-09-14T12:53:39Z,3.85,23.2817,17.64,2.2141,0.3408,0.9306,15.945,157.937,151.859403,1.6393,17.445,19.348,390863.8661985491,0.033,0
2026-09-14T12:53:39Z,3.858,23.249,18,2.2522,0.3408,0.9306,17.4405,158.078,151.7414,1.5932,17.15,17.76,390788.011288719,0.036,0
2026-09-14T12:53:39Z,3.868,23.204,18,2.2637,0.3408,0.9306,17.4405,158.233,151.633464,1.5533,16.849,16.324,391044.39895991224,0.038,0
2026-09-14T12:53:39Z,3.878,23.1439,18,2.2484,0.3408,0.9306,17.4707,158.394,151.550871,1.5203,16.469,15.284,391796.656934212,0.039,0
2026-09-14T12:53:39Z,3.889,23.0709,18,2.2408,0.3408,0.9306,17.5765,158.559,151.507647,1.4935,15.934,14.366,393094.5893519182,0.041,0
2026-09-14T12:53:39Z,3.899,22.9906,19.98,2.5155,0.3834,0.8037,26.021,158.702,151.480235,1.4705,15.191,14.298,394664.2609028162,0.042,0
2026-09-14T12:53:39Z,3.91,22.9095,19.98,2.5078,0.3834,0.8037,26.1116,158.804,151.445292,1.4468,14.226,14.024,396209.32780798484,0.042,0
2026-09-14T12:53:39Z,3.922,22.835,19.98,2.504,0.3834,0.8037,26.0059,158.882,151.41353,1.4162,13.055,13.875,397638.2473553566,0.041,0
2026-09-14T12:53:39Z,3.933,22.7715,19.98,2.5307,0.3834,0.8037,25.9454,158.957,151.388497,1.3718,11.724,13.788,398875.5842735793,0.04,0
2026-09-14T12:53:39Z,3.943,22.7195,19.98,2.6948,0.3834,0.8037,35.8402,159.036,151.363517,1.3091,10.308,13.187,399862.28921275877,0.038,0
2026-09-14T12:53:39Z,3.953,22.678,20.79,2.7062,0.426,0.8037,35.674,159.125,151.343942,1.2268,8.905,12.347,400654.6329885387,0.036,0
2026-09-14T12:53:39Z,3.962,22.6444,20.79,2.7138,0.426,0.8037,35.7646,159.221,151.336569,1.1264,7.609,11.601,401355.5625990974,0.033,0
2026-09-14T12:53:39Z,3.97,22.614,20.79,2.6719,0.426,0.8037,35.9006,159.313,151.339426,1.0121,6.497,10.963,402056.2627074773,0.03,0
2026-09-14T12:53:39Z,3.977,22.5827,20.79,2.7863,0.426,0.8037,42.8042,159.399,151.345257,0.8903,5.608,10.238,402799.1184242543,0.027,0
2026-09-14T12:53:39Z,3.983,22.5498,19.44,2.8321,0.3834,0.7614,42.774,159.479,151.347604,0.7695,4.934,9.8282,403555.8587534499,0.024,0
2026-09-14T12:53:39Z,3.989,22.5189,19.44,2.8092,0.3834,0.7614,42.774,159.556,151.347088,0.6579,4.44,9.5752,404249.55097874807,0.021,0
2026-09-14T12:53:39Z,3.994,22.4923,19.44,2.8283,0.3834,0.7614,42.7438,159.64,151.351582,0.5621,4.078,9.4368,404881.9308533317,0.02,0
2026-09-14T12:53:39Z,3.998,22.4685,19.44,3.1945,0.3834,0.7614,52.4421,159.741,151.366291,0.4855,3.794,9.4553,405522.4726867457,0.018,0
2026-09-14T12:53:39Z,4.003,22.4454,19.08,3.1792,0.3408,0.7191,52.3666,159.858,151.387118,0.4273,3.547,9.4184,406190.55478867143,0.017,0
2026-09-14T12:53:39Z,4.007,22.4224,19.08,3.1602,0.3408,0.7191,52.3666,159.975,151.403588,0.3847,3.316,9.3836,406827.51213993784,0.016,0
2026-09-14T12:53:39Z,4.011,22.3989,19.08,3.1754,0.3408,0.7191,52.276,160.082,151.408068,0.3536,3.089,9.3714,407394.04040761763,0.016,0
2026-09-14T12:53:39Z,4.015,22.3733,19.08,4.049,0.3408,0.7191,75.4643,160.165,151.385721,0.3291,2.861,9.4409,407823.5613854575,0.015,0
2026-09-14T12:53:39Z,4.019,22.3453,18.72,4.0643,0.3408,0.6345,75.4492,160.225,151.3406,0.3078,2.635,9.5503,408150.599396925,0.015,0
2026-09-14T12:53:39Z,4.022,22.3159,18.72,4.0452,0.3408,0.6345,75.3284,160.288,151.302739,0.2879,2.411,9.7558,408560.5918434466,0.014,0
2026-09-14T12:53:39Z,4.026,22.2855,18.72,4.0299,0.3408,0.6345,75.3586,160.365,151.282072,0.2684,2.187,9.901,409113.8186855391,0.014,0
2026-09-14T12:53:39Z,4.03,22.2539,18.72,5.1858,0.3408,0.6345,101.251,160.453,151.279093,0.2487,1.957,9.8839,409818.9881411037,0.013,0
2026-09-14T12:53:39Z,4.033,22.2223,18.72,5.1896,0.3408,0.6345,101.3114,160.537,151.288996,0.2292,1.721,9.8881,410615.7020942522,0.012,0
2026-09-14T12:53:39Z,4.036,22.1918,18.72,5.1667,0.3408,0.7191,101.2208,160.579,151.29839,0.2099,1.486,9.7941,411385.348953775,0.011,0
2026-09-14T12:53:39Z,4.039,22.163,18.72,5.1667,0.3408,0.7191,101.3114,160.549,151.303763,0.1905,1.269,9.6211,412089.223928533,0.01,0
2026-09-14T12:53:39Z,4.041,22.1362,18.72,5.3994,0.3408,0.7191,107.2936,160.463,151.312561,0.1705,1.087,9.3694,412772.23797065485,0.009,0
2026-09-14T12:53:39Z,4.044,22.1144,18.72,5.4299,0.3408,0.7191,107.2785,160.367,151.333149,0.15,0.957,9.0139,413423.26738909207,0.009,0
2026-09-14T12:53:39Z,4.046,22.1052,18.81,5.4299,0.2982,0.7191,107.2634,160.287,151.357004,0.1296,0.895,8.5726,413805.05952706543,0.008,0
2026-09-14T12:53:39Z,4.047,22.1155,18.81,5.4452,0.2982,0.7191,107.2936,160.227,151.368457,0.1106,0.91,8.2169,413645.9272365762,0.008,0
2026-09-14T12:53:39Z,4.049,22.1435,18.81,5.7542,0.2982,0.7191,112.324,160.188,151.366559,0.0948,1,7.8317,412981.86296053167,0.007,0
2026-09-14T12:53:39Z,4.051,22.1783,18.81,5.7237,0.2982,0.7191,112.3089,160.179,151.36683,0.0834,1.153,7.6185,412176.8453396964,0.007,0
2026-09-14T12:53:39Z,4.053,22.2091,18.63,5.7656,0.2982,0.7614,112.2485,160.199,151.377355,0.0779,1.349,7.4176,411537.98851157865,0.007,0
2026-09-14T12:53:39Z,4.055,22.2303,18.63,5.7313,0.2982,0.7614,112.324,160.234,151.388919,0.0792,1.571,7.331,411129.21538610174,0.008,0
2026-09-14T12:53:39Z,4.057,22.2413,18.63,5.819,0.2982,0.7614,111.7198,160.29,151.396594,0.087,1.803,7.2298,410929.0356725544,0.008,0
2026-09-14T12:53:39Z,4.059,22.2441,18.63,5.8076,0.2982,0.7614,111.7349,160.389,151.402428,0.1003,2.027,7.1284,410905.2006806818,0.009,0
2026-09-14T12:53:39Z,4.061,22.2413,18.63,5.7885,0.2982,0.7614,111.7651,160.53,151.411977,0.1174,2.225,7.0391,411036.48121749517,0.01,0
2026-09-14T12:53:39Z,4.064,22.2346,18.72,5.7847,0.2982,0.7191,111.8406,160.672,151.427778,0.1367,2.385,6.9404,411301.51877715625,0.011,0
2026-09-14T12:53:39Z,4.066,22.2205,18.72,4.7433,0.2982,0.7191,88.8335,160.763,151.442012,0.1569,2.505,6.7134,411726.7979035402,0.012,0
2026-09-14T12:53:39Z,4.07,22.1933,18.72,4.7738,0.2982,0.7191,89.0148,160.775,151.458468,0.1766,2.588,6.4671,412471.5159260566,0.013,0
2026-09-14T12:53:39Z,4.073,22.1551,18.72,4.7624,0.2982,0.7191,88.8788,160.696,151.481531,0.194,2.635,6.1238,413519.79105764005,0.015,0
2026-09-14T12:53:39Z,4.077,22.1182,18.9,4.7662,0.2982,0.6768,88.8637,160.512,151.493316,0.208,2.653,5.6385,414461.5424679333,0.016,0
2026-09-14T12:53:39Z,4.081,22.0961,18.9,2.3362,0.2982,0.6768,37.1242,160.272,151.488967,0.2186,2.648,5.0022,414946.43211928656,0.017,0
2026-09-14T12:53:39Z,4.086,22.0976,18.9,2.3209,0.2982,0.6768,37.094,160.069,151.491385,0.2258,2.634,4.1631,414928.45677214453,0.018,0
2026-09-14T12:53:39Z,4.091,22.1281,18.9,2.3438,0.2982,0.6768,37.0638,159.95,151.513247,0.2298,2.644,3.1688,414371.1077109869,0.019,0
2026-09-14T12:53:39Z,4.096,22.186,21.96,2.3247,0.3834,0.7614,37.094,159.909,151.532343,0.2311,2.724,2.3765,413158.7889363513,0.019,0
2026-09-14T12:53:39Z,4.101,22.2554,21.96,2.1302,0.3834,0.7614,21.6401,159.938,151.537741,0.2304,2.924,2.0675,411589.7123024777,0.018,0
2026-09-14T12:53:39Z,4.106,22.316,21.96,2.134,0.3834,0.7614,21.6703,160.03,151.542898,0.2289,3.267,2.0594,410229.01004406705,0.017,0
2026-09-14T12:53:39Z,4.11,22.3578,21.96,2.1378,0.3834,0.7614,21.7005,160.145,151.545173,0.2295,3.736,2.0169,409284.93721268134,0.015,0
2026-09-14T12:53:39Z,4.114,22.376,21.15,2.1264,0.3834,0.7191,21.6552,160.255,151.537152,0.2364,4.276,1.9379,408812.20291370933,0.014,0
2026-09-14T12:53:39Z,4.117,22.3688,21.15,2.3324,0.3834,0.7191,26.3231,160.352,151.520696,0.2538,4.812,1.9286,408862.83415439,0.012,0
2026-09-14T12:53:39Z,4.12,22.3431,21.15,2.3209,0.3834,0.7191,26.1872,160.439,151.499427,0.2838,5.257,1.9224,409304.09356177825,0.011,0
2026-09-14T12:53:39Z,4.122,22.3098,21.15,2.3095,0.3834,0.7191,26.2023,160.522,151.471676,0.3247,5.528,1.8839,409875.53935977974,0.01,0
2026-09-14T12:53:39Z,4.125,22.275,21.15,2.3209,0.3834,0.7191,26.2174,160.628,151.446068,0.3718,5.574,1.8749,410497.6392083352,0.009,0
2026-09-14T12:53:39Z,4.127,22.2412,21.87,2.4621,0.426,0.8037,39.8736,160.78,151.443818,0.4187,5.395,1.7762,411261.2212584074,0.008,0
2026-09-14T12:53:39Z,4.129,22.209,21.87,2.4468,0.426,0.8037,39.8585,160.967,151.472329,0.4577,5.028,1.7505,412204.9945987282,0.007,0
2026-09-14T12:53:39Z,4.13,22.1758,21.87,2.443,0.426,0.8037,39.9944,161.162,151.523169,0.4815,4.537,1.7025,413331.214921568,0.006,0
2026-09-14T12:53:39Z,4.131,22.1369,21.87,2.4582,0.426,0.8037,39.9491,161.339,151.589853,0.4858,3.995,1.7039,414705.1727040168,0.005,0
2026-09-14T12:53:39Z,4.133,22.0917,21.69,2.4201,0.426,0.7191,41.777,161.479,151.662112,0.4705,3.462,1.6888,416270.9464594557,0.005,0
2026-09-14T12:53:39Z,4.134,22.0457,21.69,2.4506,0.426,0.7191,41.7317,161.568,151.72315,0.4389,2.975,1.6529,417782.47669649805,0.004,0
2026-09-14T12:53:39Z,4.135,22.0048,21.69,2.4582,0.426,0.7191,41.8676,161.607,151.765205,0.3963,2.546,1.6601,419044.7655699933,0.004,0
2026-09-14T12:53:39Z,4.135,21.9737,21.69,2.443,0.426,0.7191,41.8072,161.595,151.783463,0.3492,2.175,1.6446,419909.84203231556,0.003,0
2026-09-14T12:53:39Z,4.136,21.9553,21.78,2.3018,0.5112,0.846,35.6438,161.528,151.774782,0.3027,1.856,1.6432,420283.8146422266,0.003,0
2026-09-14T12:53:39Z,4.137,21.9483,21.78,2.3209,0.5112,0.846,35.5682,161.411,151.744863,0.2602,1.579,1.6156,420236.49947971094,0.003,0
2026-09-14T12:53:39Z,4.138,21.95,21.78,2.3018,0.5112,0.846,35.5229,161.256,151.705764,0.2227,1.346,1.5909,419917.65889111644,0.003,0
2026-09-14T12:53:39Z,4.138,21.9591,21.78,2.3247,0.5112,0.846,35.6589,161.074,151.667097,0.1903,1.173,1.5923,419427.0156054439,0.003,0
2026-09-14T12:53:39Z,4.139,21.9758,21.78,2.3171,0.5112,0.846,34.8885,160.888,151.634587,0.1623,1.077,1.5744,418801.2187073928,0.003,0
2026-09-14T12:53:39Z,4.14,22.0007,24.12,2.2942,0.5538,0.8883,34.828,160.73,151.607588,0.1381,1.062,1.5682,418022.33184759994,0.003,0
2026-09-14T12:53:39Z,4.14,22.0338,24.12,2.3095,0.5538,0.8883,34.9791,160.625,151.586922,0.1176,1.132,1.5445,417097.28578377847,0.003,0
2026-09-14T12:53:39Z,4.141,22.0748,24.12,2.3209,0.5538,0.8883,34.9489,160.575,151.575096,0.1024,1.291,1.5378,416052.1124521659,0.003,0
2026-09-14T12:53:39Z,4.142,22.1191,24.12,2.3209,0.5538,0.8883,33.0002,160.569,151.56895599999999,0.0939,1.538,1.5298,414973.2240680498,0.003,0
2026-09-14T12:53:39Z,4.142,22.1569,24.12,2.3171,0.5964,0.8037,32.9397,160.597,151.570869,0.0925,1.86,1.4449,414105.70830162824,0.003,0
2026-09-14T12:53:39Z,4.143,22.1814,24.12,2.3324,0.5964,0.8037,32.8642,160.644,151.581343,0.0985,2.226,1.468,413609.5145748897,0.002,0
2026-09-14T12:53:39Z,4.144,22.1924,24.12,2.3171,0.5964,0.8037,32.9397,160.7,151.603167,0.1124,2.59,1.4689,413507.1541731049,0.002,0
2026-09-14T12:53:39Z,4.144,22.1923,24.12,2.4392,0.5964,0.8037,32.5319,160.756,151.638152,0.1339,2.904,1.3991,413755.06644634635,0.002,0
2026-09-14T12:53:39Z,4.145,22.1846,25.47,2.4392,0.5112,1.1421,32.5167,160.791,151.667578,0.162,3.131,1.4286,414140.8047170737,0.002,0
2026-09-14T12:53:39Z,4.145,22.1738,25.47,2.4392,0.5112,1.1421,32.5621,160.792,151.679258,0.194,3.244,1.4031,414474.3051664852,0.002,0
2026-09-14T12:53:39Z,4.146,22.1643,25.47,2.4315,0.5112,1.1421,32.5621,160.775,151.688328,0.2257,3.236,1.4022,414759.44299119513,0.002,0
2026-09-14T12:53:39Z,4.146,22.1587,25.47,2.4506,0.5112,1.1421,34.4957,160.754,151.70522,0.2531,3.12,1.3943,415008.8980572614,0.002,0
2026-09-14T12:53:39Z,4.147,22.1577,25.47,2.4506,0.5112,1.1421,34.4353,160.722,151.714409,0.2728,2.929,1.3599,415096.91483662825,0.002,0
2026-09-14T12:53:39Z,4.147,22.1609,27.99,2.4392,0.5964,1.2267,34.4202,160.687,151.706328,0.2827,2.702,1.3466,414965.3849790165,0.002,0
2026-09-14T12:53:39Z,4.148,22.1687,27.99,2.4392,0.5964,1.2267,34.3748,160.675,151.694853,0.2819,2.476,1.3257,414702.7979293082,0.002,0
2026-09-14T12:53:39Z,4.148,22.1803,27.99,2.5879,0.5964,1.2267,33.2267,160.682,151.684937,0.2718,2.287,1.3243,414362.87610857416,0.002,0
2026-09-14T12:53:39Z,4.149,22.1925,27.99,2.5651,0.5964,1.2267,33.1663,160.678,151.665916,0.2551,2.161,1.316,413945.37636146694,0.002,0
2026-09-14T12:53:39Z,4.149,22.2,27,2.5651,0.5964,1.1421,33.2267,160.653,151.640732,0.2352,2.1,1.3043,413594.25696553895,0.001,0
2026-09-14T12:53:39Z,4.15,22.2,27,2.5651,0.5964,1.1421,33.257,160.618,151.6227,0.21560000000000001,2.092,1.2986,413467.71508672327,0.001,0
2026-09-14T12:53:39Z,4.15,22.195,27,2.546,0.5964,1.1421,33.2872,160.576,151.615028,0.1991,2.122,1.297,413530.00425753964,0.001,0
2026-09-14T12:53:39Z,4.15,22.1903,27,2.5651,0.5964,1.1421,31.5348,160.536,151.615672,0.1881,2.174,1.3252,413643.7173445468,0.001,0
2026-09-14T12:53:39Z,4.15,22.1896,25.74,2.5803,0.5964,0.9306,31.6406,160.499,151.616793,0.1828,2.234,1.2472,413667.853427471,0.001,0
2026-09-14T12:53:39Z,4.151,22.1945,25.74,2.5727,0.5964,0.9306,31.5801,160.462,151.614685,0.1821,2.296,1.306,413539.2113059793,0.001,0
2026-09-14T12:53:39Z,4.151,22.2043,25.74,2.5727,0.5964,0.9306,31.5953,160.424,151.612793,0.1847,2.362,1.3108,413298.3749140059,0.001,0
2026-09-14T12:53:39Z,4.151,22.2163,25.74,2.5841,0.5964,0.9306,29.858,160.386,151.610615,0.1892,2.438,1.2652,413004.6847783071,0,0
2026-09-14T12:53:39Z,4.151,22.2276,26.1,2.5879,0.8946,0.9729,29.8731,160.365,151.615585,0.1944,2.527,1.2545,412777.5501465617,0,0
2026-09-14T12:53:39Z,4.151,22.2378,26.1,2.5727,0.8946,0.9729,29.8882,160.382,151.637046,0.1997,2.631,1.2545,412691.5378514225,0,0
2026-09-14T12:53:39Z,4.152,22.2484,26.1,2.5651,0.8946,0.9729,29.8429,160.435,151.672708,0.2054,2.745,1.2713,412695.7179013796,0.001,0
2026-09-14T12:53:39Z,4.152,22.259,26.1,2.5574,0.8946,0.9729,28.8459,160.499,151.70403,0.212,2.861,1.248,412669.5009490545,0.001,0
2026-09-14T12:53:39Z,4.152,22.2666,26.1,2.5879,0.8946,0.9729,28.7855,160.551,151.715322,0.2197,2.973,1.2685,412572.5694527508,0.001,0
2026-09-14T12:53:39Z,4.152,22.2684,27.99,2.5879,0.7668,1.0152,28.9365,160.6,151.717607,0.2288,3.073,1.2595,412546.8929385184,0.001,0
2026-09-14T12:53:39Z,4.152,22.2641,27.99,2.5841,0.7668,1.0152,28.9063,160.651,151.719506,0.2386,3.15,1.2666,412659.72696788335,0.001,0
2026-09-14T12:53:39Z,4.153,22.255,27.99,2.6757,0.7668,1.0152,29.7976,160.69,151.713508,0.2487,3.198,1.2619,412828.4996761413,0.002,0
2026-09-14T12:53:39Z,4.153,22.243,27.99,2.7138,0.7668,1.0152,29.8882,160.723,151.706027,0.2585,3.212,1.2319,413054.20815356856,0.002,0
2026-09-14T12:53:39Z,4.154,22.2293,30.42,2.6948,0.8094,1.3536,29.8429,160.768,151.711093,0.2673,3.189,1.2101,413407.506564259,0.002,0
2026-09-14T12:53:39Z,4.154,22.2151,30.42,2.6986,0.8094,1.3536,29.8127,160.816,151.718035,0.2741,3.135,1.1818,413785.9582598284,0.002,0
2026-09-14T12:53:39Z,4.155,22.2017,30.42,2.7138,0.8094,1.3536,33.5138,160.843,151.712676,0.2784,3.057,1.2004,414059.82730695285,0.003,0
2026-09-14T12:53:39Z,4.156,22.1897,30.42,2.6871,0.8094,1.3536,33.4533,160.852,151.701596,0.2797,2.958,1.1795,414261.1570443474,0.003,0
2026-09-14T12:53:39Z,4.156,22.1779,32.85,2.7062,0.6816,1.3536,33.4987,160.852,151.689855,0.2778,2.839,1.1898,414453.32722114987,0.003,0
2026-09-14T12:53:39Z,4.157,22.1659,32.85,2.6871,0.6816,1.3536,33.4685,160.856,151.682337,0.2731,2.702,1.1784,414679.9998614995,0.003,0
2026-09-14T12:53:39Z,4.158,22.1563,32.85,2.7939,0.6816,1.3536,35.5531,160.87,151.681043,0.2663,2.554,1.1609,414894.68731551693,0.003,0
2026-09-14T12:53:39Z,4.158,22.1503,32.85,2.8168,0.6816,1.3536,35.5531,160.889,151.677614,0.2578,2.404,1.1675,415010.49217767204,0.003,0
2026-09-14T12:53:39Z,4.159,22.1466,32.85,2.8321,0.6816,1.3536,35.4927,160.919,151.675143,0.2474,2.26,1.1511,415079.4178355156,0.003,0
2026-09-14T12:53:39Z,4.159,22.1431,30.87,2.8016,0.5112,1.2267,35.5531,160.965,151.676977,0.2355,2.125,1.1833,415174.0130740268,0.003,0
2026-09-14T12:53:39Z,4.16,22.1386,30.87,2.8664,0.5112,1.2267,38.2572,161.022,151.683602,0.2227,1.997,1.1564,415325.73737563816,0.003,0
2026-09-14T12:53:39Z,4.161,22.1322,30.87,2.8931,0.5112,1.2267,38.227,161.083,151.696782,0.2096,1.878,1.1991,415568.11783833423,0.003,0
2026-09-14T12:53:39Z,4.161,22.1227,30.87,2.8893,0.5112,1.2267,38.2421,161.13,151.704001,0.1971,1.768,1.1703,415841.0934522921,0.003,0
2026-09-14T12:53:39Z,4.162,22.1098,28.8,2.8855,0.5112,1.2267,38.1666,161.157,151.69917,0.1853,1.663,1.2051,416108.8063622118,0.003,0
2026-09-14T12:53:39Z,4.163,22.0951,28.8,2.7749,0.5112,1.2267,38.227,161.174,151.69302,0.1742,1.561,1.1991,416409.6038860658,0.003,0
2026-09-14T12:53:39Z,4.164,22.0813,28.8,2.7405,0.5112,1.2267,38.1817,161.189,151.691922,0.1639,1.456,1.1843,416725.30654049525,0.003,0
2026-09-14T12:53:39Z,4.164,22.0697,28.8,2.7596,0.5112,1.2267,38.227,161.185,151.677553,0.1543,1.349,1.1609,416895.812529629,0.003,0
2026-09-14T12:53:39Z,4.165,22.0603,29.7,2.7558,0.5964,1.3113,38.227,161.155,151.640071,0.1451,1.244,1.17,416851.26409606764,0.003,0
2026-09-14T12:53:39Z,4.166,22.0533,29.7,2.8092,0.5964,1.3113,37.23,161.125,151.603539,0.1362,1.149,1.1614,416757.0921157702,0.003,0
2026-09-14T12:53:39Z,4.167,22.0486,29.7,2.8283,0.5964,1.3113,37.23,161.107,151.580252,0.1271,1.065,1.1589,416702.6327701947,0.003,0
2026-09-14T12:53:39Z,4.167,22.0453,29.7,2.8321,0.5964,1.3113,37.2753,161.094,151.564,0.1177,0.997,1.1332,416665.0852538139,0.003,0
2026-09-14T12:53:39Z,4.168,22.0424,30.96,2.813,0.7242,1.6497,37.3357,161.09,151.554457,0.1087,0.948,1.0557,416665.61116293183,0.003,0
2026-09-14T12:53:39Z,4.169,22.0399,30.96,2.916,0.7242,1.6497,36.3085,161.111,151.565103,0.1004,0.919,0.99493,416799.60218224704,0.003,0
2026-09-14T12:53:39Z,4.17,22.0381,30.96,2.9313,0.7242,1.6497,36.2782,161.157,151.594772,0.0931,0.909,1.0082,417051.85604303563,0.002,0
2026-09-14T12:53:39Z,4.17,22.0367,30.96,2.9236,0.7242,1.6497,36.384,161.196,151.615312,0.0871,0.915,0.98119,417230.1732062653,0.002,0
2026-09-14T12:53:39Z,4.171,22.0349,30.96,2.9542,0.7242,1.6497,36.4444,161.219,151.620181,0.0827,0.935,0.88998,417306.9521895135,0.001,0
2026-09-14T12:53:39Z,4.171,22.032,35.91,2.958,1.278,1.8612,36.384,161.248,151.63071,0.0803,0.962,0.88689,417449.6995299467,0.001,0
2026-09-14T12:53:39Z,4.171,22.0279,35.91,2.9427,1.278,1.8612,36.248,161.283,151.649705,0.0794,0.987,0.85714,417680.7173277683,0.001,0
2026-09-14T12:53:39Z,4.171,22.023,35.91,2.958,1.278,1.8612,36.2934,161.311,151.666204,0.0799,1.002,0.86162,417912.986497701,0,0
2026-09-14T12:53:39Z,4.171,22.0176,35.91,2.958,1.278,1.8612,36.2782,161.32,151.670581,0.0817,1.01,0.77107,418071.17069373967,0,0
2026-09-14T12:53:39Z,4.171,22.0125,36.36,2.8588,1.5336,2.4957,35.8553,161.306,151.657995,0.0841,1.011,0.69289,418102.00686464406,0,0
2026-09-14T12:53:39Z,4.171,22.0082,36.36,2.9008,1.5336,2.4957,35.8251,161.291,151.647125,0.0862,1.004,0.61966,418126.1766310714,0,0
2026-09-14T12:53:39Z,4.171,22.0052,36.36,2.8855,1.5336,2.4957,35.8251,161.291,151.649099,0.0876,0.988,0.58613,418210.8640041588,0,0
2026-09-14T12:53:39Z,4.171,22.0039,36.36,2.8855,1.5336,2.4957,35.8099,161.302,151.656429,0.0882,0.967,0.53792,418293.5206168664,0,0
2026-09-14T12:53:39Z,4.171,22.0041,4.14,3.0572,0.8946,0.1269,37.94,161.311,151.65905,0.0883,0.948,0.51326,418307.40980187355,0,0
2026-09-14T12:53:39Z,4.171,22.0051,4.14,3.061,0.8946,0.1269,38.0457,161.305,151.649645,0.0877,0.941,0.49421,418217.09504398913,8.1567e-7,0
2026-09-14T12:53:39Z,4.171,22.0058,4.14,3.0953,0.8946,0.1269,38.0004,161.288,151.633721,0.0863,0.946,0.4767,418087.6087018702,0,0
2026-09-14T12:53:39Z,4.171,22.0049,4.14,3.0572,0.8946,0.1269,38.0155,161.276,151.627065,0.0845,0.96,0.47608,418061.5835852352,0,0
2026-09-14T12:53:39Z,4.171,22.003,4.14,3.1945,0.8946,0.1269,38.9672,161.276,151.631908,0.0828,0.978,0.50353,418140.7062759853,0,0
2026-09-14T12:53:39Z,4.171,22.0018,-0.09,3.1869,0,0.0846,38.9068,161.284,151.64153,0.0822,0.998,0.45573,418237.26638049365,0,0
2026-09-14T12:53:39Z,4.171,22.002,-0.09,3.1792,0,0.0846,38.9672,161.306,151.658497,0.0827,1.018,0.4733,418352.9827529445,0,0
2026-09-14T12:53:39Z,4.171,22.0033,-0.09,3.1792,0,0.0846,38.9521,161.327,151.667299,0.0839,1.04,0.47083,418384.81943335035,0,0
2026-09-14T12:53:39Z,4.171,22.0047,-0.09,3.1335,0,0.0846,38.9974,161.338,151.658264,0.0854,1.063,0.47073,418287.69020595483,0,0
2026-09-14T12:53:39Z,4.171,22.0054,-0.09,3.1449,0,0.0423,38.9521,161.349,151.645007,0.0872,1.086,0.47951,418177.1134427729,0,0
2026-09-14T12:53:39Z,4.171,22.0044,-0.09,3.1296,0,0.0423,39.0427,161.354,151.627999,0.089,1.112,0.47972,418079.9881040094,0,0
2026-09-14T12:53:39Z,4.17,22.001,-0.09,3.1258,0,0.0423,38.8917,161.352,151.610717,0.0909,1.138,0.469,418037.4547613179,0,0
2026-09-14T12:53:39Z,4.17,21.9951,-0.09,3.2593,0,0.0423,39.8585,161.357,151.608584,0.0929,1.157,0.47268,418161.3182916673,0,0
2026-09-14T12:53:39Z,4.17,21.9878,-0.09,3.2364,0,0,39.9491,161.373,151.625038,0.095,1.162,0.46951,418450.22277354007,0,0
2026-09-14T12:53:39Z,4.17,21.981,-0.09,3.2517,0,0,39.9038,161.399,151.656454,0.0972,1.152,0.4693,418833.85722429876,0,0
2026-09-14T12:53:39Z,4.17,21.9761,-0.09,3.2403,0,0,39.8283,161.423,151.691177,0.0995,1.132,0.47002,419196.4350010036,0,0
2026-09-14T12:53:39Z,4.17,21.974,-0.09,3.3356,0,0,40.8555,161.428,151.710418,0.1011,1.105,0.46393,419382.9195767035,0,0
2026-09-14T12:53:39Z,4.17,21.9743,-0.09,3.3013,0,0.0423,40.8253,161.415,151.715302,0.1016,1.072,0.48517,419410.5707177197,0,0
2026-09-14T12:53:39Z,4.17,21.9767,-0.09,3.3242,0,0.0423,40.8404,161.412,151.731174,0.1007,1.038,0.44449,419466.73809271463,0,0
2026-09-14T12:53:39Z,4.17,21.9805,-0.09,3.3242,0,0.0423,40.931,161.435,151.774287,0.099,1.01,0.47972,419683.60937114095,0,0
2026-09-14T12:53:39Z,4.17,21.985,-0.09,3.2021,0,0.0423,38.4989,161.468,151.82809,0.0966,0.992,0.4338,419960.02945342986,0,0
2026-09-14T12:53:39Z,4.17,21.9901,-0.09,3.1754,0,0.0423,38.3931,161.493,151.872875,0.0937,0.983,0.43182,420158.09006225347,0,0
2026-09-14T12:53:39Z,4.17,21.996,-0.09,3.1945,0,0.0846,38.4385,161.511,151.910569,0.0907,0.979,0.44681,420286.7231714593,0,0
2026-09-14T12:53:39Z,4.17,22.0027,-0.09,3.1792,0,0.0846,38.4989,161.536,151.953227,0.0883,0.972,0.45327,420431.73308926646,0,0
2026-09-14T12:53:39Z,4.17,22.0096,-0.09,2.9923,0,0.0846,37.7285,161.567,151.996198,0.0867,0.966,0.45613,420574.21336924186,0,0
2026-09-14T12:53:39Z,4.17,22.0163,-0.09,2.9885,0,0.0846,37.804,161.583,152.018887,0.0859,0.962,0.42521,420577.00438728754,0,0
2026-09-14T12:53:39Z,4.17,22.0227,0,2.9656,0,0.0423,37.7587,161.583,152.021335,0.0855,0.959,0.44739,420442.8281418534,0,0
2026-09-14T12:53:39Z,4.171,22.0284,0,3.0228,0,0.0423,37.7285,161.576,152.012208,0.0849,0.954,0.41934,420242.9330681334,0.001,0
2026-09-14T12:53:39Z,4.171,22.0327,0,3.3547,0,0.0423,39.934,161.556,151.989071,0.0844,0.947,0.43873,419976.6367201966,0.001,0
2026-09-14T12:53:39Z,4.171,22.0351,0,3.3738,0,0.0423,39.934,161.529,151.957774,0.084,0.937,0.44458,419697.4051722237,0.001,0
2026-09-14T12:53:39Z,4.171,22.0358,0,3.3662,0,-0.0423,39.934,161.506,151.930008,0.0838,0.926,0.4355,419483.55822921655,0.001,0
2026-09-14T12:53:39Z,4.171,22.0352,0,3.3623,0,-0.0423,39.8585,161.497,151.91239,0.0833,0.913,0.41382,419372.5661747121,0.001,0
2026-09-14T12:53:39Z,4.172,22.0338,0,3.6713,0,-0.0423,40.4023,161.503,151.906233,0.0827,0.897,0.46161,419361.8920714468,0.002,0
2026-09-14T12:53:39Z,4.172,22.0322,0,3.6904,0,-0.0423,40.3721,161.52,151.909895,0.0818,0.884,0.43559,419425.6991751089,0.002,0
2026-09-14T12:53:39Z,4.173,22.0301,0,3.679,0,-0.0423,40.4476,161.545,151.920344,0.0809,0.871,0.4794,419549.55968448386,0.002,0
2026-09-14T12:53:39Z,4.173,22.0274,-0.09,3.6675,0,-0.0423,40.4023,161.564,151.926342,0.0797,0.855,0.48517,419655.99728390476,0.002,0
2026-09-14T12:53:39Z,4.174,22.0238,-0.09,3.5569,0,-0.0423,41.6108,161.574,151.923479,0.0784,0.84,0.44266,419720.745599091,0.002,0
2026-09-14T12:53:39Z,4.175,22.0198,-0.09,3.5454,0,-0.0423,41.5051,161.584,151.921006,0.0772,0.825,0.4515,419797.73987179104,0.003,0
2026-09-14T12:53:39Z,4.175,22.0158,-0.09,3.5454,0,-0.0423,41.5353,161.606,151.930284,0.0761,0.809,0.45267,419958.33301713766,0.003,0
2026-09-14T12:53:39Z,4.176,22.0121,0,3.534,0,0,41.6712,161.627,151.945773,0.0747,0.793,0.49907,420156.08301670797,0.003,0
2026-09-14T12:53:39Z,4.177,22.0084,0,3.3662,0,0,39.4959,161.629,151.951568,0.0733,0.78,0.50332,420284.9195745684,0.003,0
2026-09-14T12:53:39Z,4.178,22.0045,0,3.3662,0,0,39.5261,161.618,151.951218,0.0721,0.768,0.50015,420374.7891570588,0.003,0
2026-09-14T12:53:39Z,4.178,22.0012,0,3.3509,0,0,39.4204,161.61,151.954648,0.0707,0.757,0.4735,420477.3844582209,0.003,0
2026-09-14T12:53:39Z,4.179,21.9998,-0.09,3.3814,0,0.0423,39.4959,161.621,151.974796,0.0693,0.752,0.50617,420654.04774182336,0.002,0
2026-09-14T12:53:39Z,4.179,22.001,-0.09,3.3585,0,0.0423,37.804,161.654,152.013026,0.0682,0.75,0.52396,420897.93891394796,0.002,0
2026-09-14T12:53:39Z,4.18,22.0042,-0.09,3.3623,0,0.0423,37.5623,161.68,152.043471,0.0671,0.75,0.49788,421038.96955926967,0.002,0
2026-09-14T12:53:39Z,4.18,22.0077,-0.09,3.37,0,0.0423,37.5774,161.696,152.064235,0.0662,0.754,0.55659,421103.89738620375,0.001,0
2026-09-14T12:53:39Z,4.181,22.0105,-0.09,3.3738,0,0.0423,37.5774,161.727,152.096881,0.0657,0.758,0.53535,421270.11158016074,0.001,0
