DateTime,Depth_m,Temp_C,CDOM_ugL,Chla_ugL,Phycoerythrin_ugL,Phycocyanin_ugL,Turbidity_NTU,Cond_uScm,SpCond_uScm,DO_mgL,DOsat_percent,PAR,Salinity,DescRate_ms ,Flag
2026-09-14T13:18:54Z,-0.113,25.7889,0,0.9934,0.0426,0.423,0.6271,151.413,157.075835,7.2285,89.605,407.39,372218.55185932625,0.156,0
2026-09-14T13:18:54Z,-0.074,26.2006,7.29,0.9629,0.1278,-0.8037,0.5213,151.804,157.625056,7.1876,89.919,409.16,367478.47914520075,0.152,0
2026-09-14T13:18:54Z,-0.036,26.4962,7.29,0.9972,0.1278,-0.8037,0.5364,152.024,157.880386,7.1642,90.275,393.81,363313.26824226,0.147,0
2026-09-14T13:18:54Z,0.001,26.6957,7.29,0.9934,0.1278,-0.8037,0.6422,152.14,157.964018,7.1559,90.651,289.25,360022.0611040398,0.14,0
2026-09-14T13:18:54Z,0.038,26.8197,7.29,1.0582,0.1278,-0.8037,0.5969,152.176,157.944334,7.1608,91.019,231.35,357579.91119248304,0.133,0
2026-09-14T13:18:54Z,0.072,26.8842,7.65,1.062,0.0852,0.0846,0.6724,152.147,157.856162,7.1773,91.365,166.09,355866.15077927685,0.125,0
2026-09-14T13:18:54Z,0.103,26.9039,7.65,1.0582,0.0852,0.0846,0.7026,152.098,157.732099,7.2031,91.683,152.33,354782.72456532234,0.116,0
2026-09-14T13:18:54Z,0.131,26.8978,7.65,1.0239,0.0852,0.0846,0.612,152.085,157.605195,7.2338,91.968,156.39,354162.2582875863,0.105,0
2026-09-14T13:18:54Z,0.156,26.8832,7.65,1.1002,0.0852,0.0846,0.6573,152.111,157.469661,7.265,92.214,136.14,353649.3835065529,0.094,0
2026-09-14T13:18:54Z,0.179,26.8664,7.65,1.1231,0.0852,0.0846,0.5817,152.14,157.315393,7.2948,92.412,149.12,353069.12598874944,0.083,0
2026-09-14T13:18:54Z,0.199,26.8438,7.65,1.1231,0.0852,0.2961,0.6271,152.143,157.155345,7.3232,92.559,145.98,352562.495039362,0.073,0
2026-09-14T13:18:54Z,0.216,26.8074,7.65,1.1002,0.0852,0.2961,0.5817,152.112,156.998928,7.3508,92.66,167.58,352330.7110933147,0.064,0
2026-09-14T13:18:54Z,0.23,26.7542,7.65,1.1231,0.0852,0.2961,0.6724,152.061,156.850518,7.3774,92.727,188.89,352454.2837551216,0.056,0
2026-09-14T13:18:54Z,0.242,26.694,7.65,1.1231,0.0852,0.2961,0.5515,151.999,156.702599,7.4013,92.767,163.02,352709.93959729775,0.048,0
2026-09-14T13:18:54Z,0.253,26.6407,7.65,1.1345,0.0852,0.1692,0.6573,151.931,156.549789,7.4202,92.785,174.6,352810.0549581065,0.042,0
2026-09-14T13:18:54Z,0.263,26.5999,7.65,1.1307,0.0852,0.1692,0.6573,151.869,156.407445,7.4337,92.785,186.77,352739.56239776564,0.037,0
2026-09-14T13:18:54Z,0.272,26.5683,7.65,1.0926,0.0852,0.1692,0.5213,151.816,156.28369,7.4432,92.776,161.01,352606.4281239461,0.033,0
2026-09-14T13:18:54Z,0.279,26.5406,7.65,1.104,0.0852,0.1692,0.5515,151.761,156.169567,7.4501,92.77,196.56,352456.7955334676,0.03,0
2026-09-14T13:18:54Z,0.286,26.5137,7.65,1.1536,0.0852,0.1692,0.5817,151.695,156.056682,7.4552,92.775,176.09,352299.3413688863,0.028,0
2026-09-14T13:18:54Z,0.292,26.4877,7.65,1.1154,0.0852,0.1692,0.5817,151.623,155.946991,7.4587,92.792,168.27,352143.5766833436,0.026,0
2026-09-14T13:18:54Z,0.298,26.4648,7.65,1.104,0.0852,0.1692,0.5666,151.561,155.851319,7.4611,92.825,165.62,352011.68362072494,0.026,0
2026-09-14T13:18:54Z,0.305,26.446,7.65,1.1078,0.0852,0.1692,0.612,151.515,155.772205,7.4632,92.875,192,351899.9776015954,0.025,0
2026-09-14T13:18:54Z,0.311,26.4311,7.65,1.1345,0.0426,0.2538,0.5213,151.473,155.69256,7.4655,92.942,143.06,351712.97726908134,0.025,0
2026-09-14T13:18:54Z,0.318,26.4193,7.65,1.1231,0.0426,0.2538,0.5666,151.416,155.591143,7.4685,93.024,166.24,351342.22253597446,0.024,0
2026-09-14T13:18:54Z,0.325,26.4089,7.65,1.1727,0.0426,0.2538,0.6422,151.351,155.474973,7.4726,93.112,148.06,350860.0882512501,0.022,0
2026-09-14T13:18:54Z,0.33,26.3983,7.65,1.1917,0.0426,0.2538,0.5817,151.299,155.365165,7.478,93.194,166.2,350418.70953984815,0.019,0
2026-09-14T13:18:54Z,0.335,26.3863,7.65,1.207,0.0426,0.2538,0.6422,151.269,155.270506,7.485,93.258,149.74,350091.0330300718,0.015,0
2026-09-14T13:18:54Z,0.338,26.3723,7.65,1.1727,0.0426,0.3807,0.612,151.264,155.193804,7.4935,93.297,167.4,349904.2336937115,0.011,0
2026-09-14T13:18:54Z,0.34,26.356,7.65,1.1994,0.0426,0.3807,0.5817,151.27,155.126623,7.5028,93.312,158.51,349814.8837089103,0.008,0
2026-09-14T13:18:54Z,0.341,26.3373,7.65,1.207,0.0426,0.3807,0.5666,151.273,155.063065,7.512,93.308,164.12,349790.6512442319,0.005,0
2026-09-14T13:18:54Z,0.342,26.3162,7.65,1.1994,0.0426,0.3807,0.5969,151.274,155.012226,7.52,93.283,173.24,349884.36109699856,0.003,0
2026-09-14T13:18:54Z,0.342,26.2929,7.74,1.1727,0.0852,0.2961,0.6422,151.288,154.984591,7.5263,93.24,163.69,350153.42841442535,0.001,0
2026-09-14T13:18:54Z,0.342,26.2685,7.74,1.1803,0.0852,0.2961,0.5213,151.305,154.968782,7.5309,93.192,161.64,350511.89563101524,0,0
2026-09-14T13:18:54Z,0.342,26.2465,7.74,1.2146,0.0852,0.2961,0.6422,151.31,154.946557,7.5335,93.152,150.49,350789.16359928076,0,0
2026-09-14T13:18:54Z,0.342,26.2291,7.74,1.1841,0.0852,0.2961,0.6422,151.318,154.934028,7.5339,93.119,194.35,351038.1031140683,0,0
2026-09-14T13:18:54Z,0.342,26.2156,7.65,1.1727,0.0852,0.3807,0.5817,151.343,154.94188,7.5323,93.092,171.3,351333.8472668913,0,0
2026-09-14T13:18:54Z,0.342,26.2044,7.65,1.1231,0.0852,0.3807,0.5062,151.376,154.956177,7.5299,93.074,162.42,351624.83106161846,-0.001,0
2026-09-14T13:18:54Z,0.341,26.1955,7.65,1.1231,0.0852,0.3807,0.6271,151.415,154.966707,7.5279,93.057,186.28,351851.40096137725,-0.001,0
2026-09-14T13:18:54Z,0.341,26.1887,7.65,1.1421,0.0852,0.3807,0.6422,151.461,154.970265,7.5262,93.039,156.49,351998.4188062737,-0.001,0
2026-09-14T13:18:54Z,0.341,26.1829,7.65,1.1231,0.0852,0.3807,0.5666,151.517,154.981823,7.5248,93.032,157.04,352173.6619746278,-0.001,0
2026-09-14T13:18:54Z,0.341,26.1763,7.74,1.1154,0.0852,0.3384,0.612,151.575,155.012471,7.5242000000000004,93.033,186.41,352475.44984465564,-0.001,0
2026-09-14T13:18:54Z,0.341,26.1666,7.74,1.1154,0.0852,0.3384,0.5515,151.628,155.056356,7.5241,93.029,167.72,352912.63869104546,0,0
2026-09-14T13:18:54Z,0.34,26.1524,7.74,1.1154,0.0852,0.3384,0.5817,151.683,155.097132,7.5246,93.03,209.52,353416.0561737169,0.001,0
2026-09-14T13:18:54Z,0.341,26.1373,7.74,1.1078,0.0852,0.3384,0.5969,151.737,155.107604,7.5261,93.05,183.03,353759.3028392345,0.002,0
2026-09-14T13:18:54Z,0.342,26.1278,7.74,1.1002,0.0852,0.3384,0.5817,151.786,155.094569,7.5274,93.092,200.22,353860.3459603285,0.004,0
2026-09-14T13:18:54Z,0.343,26.1244,7.74,1.1269,0.0852,0.3384,0.6724,151.826,155.088606,7.5276,93.142,176.43,353888.9069986273,0.005,0
2026-09-14T13:18:54Z,0.345,26.1192,7.74,1.0849,0.0852,0.3384,0.6422,151.845,155.09413,7.5284,93.193,210.71,354018.5205976575,0.007,0
2026-09-14T13:18:54Z,0.346,26.1047,7.74,1.1002,0.0852,0.3384,0.6724,151.861,155.102601,7.532,93.242,203.82,354339.51537244866,0.007,0
2026-09-14T13:18:54Z,0.348,26.0836,7.74,1.1193,0.0852,0.3384,0.5666,151.886,155.096245,7.5383,93.285,198.36,354697.39197651984,0.007,0
2026-09-14T13:18:54Z,0.351,26.0683,7.74,1.1078,0.0852,0.3384,0.612,151.924,155.065352,7.5444,93.321,202.41,354802.57264810964,0.006,0
2026-09-14T13:18:54Z,0.354,26.0636,7.74,1.1002,0.0852,0.3384,0.5515,151.968,155.031732,7.5492,93.344,203.42,354692.9536368597,0.004,0
2026-09-14T13:18:54Z,0.355,26.0612,7.74,1.1154,0.0852,0.3384,0.612,151.991,155.008451,7.5535,93.356,208.57,354601.0233682536,0.001,0
2026-09-14T13:18:54Z,0.355,26.0505,7.74,1.1307,0.0852,0.3384,0.5515,151.967,154.989295,7.5585,93.366,210.71,354688.9580060454,-0.002,0
2026-09-14T13:18:54Z,0.353,26.0277,7.74,1.1193,0.0852,0.3384,0.5364,151.908,154.969159,7.5645,93.371,212.41,354998.2572302619,-0.005,0
2026-09-14T13:18:54Z,0.35,26.0018,7.74,1.104,0.0852,0.3384,0.5666,151.851,154.950696,7.5699,93.358,211.9,355376.1074226504,-0.008,0
2026-09-14T13:18:54Z,0.347,25.9864,7.74,1.1307,0.0852,0.3384,0.612,151.835,154.943014,7.5731,93.317,233.52,355620.49994025193,-0.009,0
2026-09-14T13:18:54Z,0.345,25.988,7.74,1.0964,0.0852,0.3384,0.5817,151.857,154.932047,7.5736,93.258,218.64,355525.68772963434,-0.01,0
2026-09-14T13:18:54Z,0.343,26.0015,7.74,1.0506,0.0426,0.3807,0.5969,151.89,154.896832,7.5721,93.199,218.59,355064.24336575373,-0.011,0
2026-09-14T13:18:54Z,0.341,26.0143,7.74,1.0659,0.0426,0.3807,0.612,151.916,154.846005,7.5693,93.126,249.3,354524.6374414603,-0.012,0
2026-09-14T13:18:54Z,0.337,26.0173,7.74,1.043,0.0426,0.3807,0.612,151.934,154.796063,7.5656,93.023,244.53,354174.5459591421,-0.013,0
2026-09-14T13:18:54Z,0.333,26.0062,7.74,1.0506,0.0426,0.3807,0.5817,151.95,154.75372,7.5624,92.925,237.98,354133.4260676063,-0.014,0
2026-09-14T13:18:54Z,0.329,25.9836,7.74,1.0735,0.0852,0.3384,0.5515,151.957,154.71169,7.5606,92.854,257,354309.6784780218,-0.014,0
2026-09-14T13:18:54Z,0.325,25.9583,7.74,1.0735,0.0852,0.3384,0.5515,151.947,154.66277,7.5582,92.794,244.26,354496.1729403305,-0.012,0
2026-09-14T13:18:54Z,0.321,25.9358,7.74,1.0659,0.0852,0.3384,0.5817,151.93,154.61395,7.5529,92.748,262.42,354630.8508935649,-0.01,0
2026-09-14T13:18:54Z,0.319,25.9165,7.74,1.0697,0.0852,0.3384,0.5515,151.905,154.564232,7.5476,92.724,268.6,354700.194371918,-0.007,0
2026-09-14T13:18:54Z,0.318,25.9004,7.74,1.1231,0.0852,0.2538,0.5515,151.876,154.514383,7.544,92.725,255.67,354708.6331327661,-0.004,0
2026-09-14T13:18:54Z,0.318,25.8875,7.74,1.1154,0.0852,0.2538,0.5817,151.859,154.477157,7.541,92.755,269.88,354731.40818206227,-0.001,0
2026-09-14T13:18:54Z,0.318,25.8773,7.74,1.1078,0.0852,0.2538,0.5666,151.857,154.454649,7.5387,92.811,273.9,354790.3157990362,0.002,0
2026-09-14T13:18:54Z,0.319,25.8691,7.74,1.1154,0.0852,0.2538,0.612,151.862,154.436848,7.5379,92.881,236.38,354839.42213570053,0.003,0
2026-09-14T13:18:54Z,0.321,25.8624,7.74,1.1803,0.0852,0.2538,0.5666,151.867,154.415,7.5389,92.959,265.92,354836.4078795603,0.004,0
2026-09-14T13:18:54Z,0.322,25.856,7.74,1.1917,0.0852,0.2961,0.612,151.873,154.393295,7.5422,93.044,258.63,354828.5878329715,0.004,0
2026-09-14T13:18:54Z,0.323,25.8492,7.74,1.1917,0.0852,0.2961,0.6573,151.888,154.37997,7.5477,93.114,236.69,354877.8113899468,0.003,0
2026-09-14T13:18:54Z,0.324,25.8414,7.74,1.165,0.0852,0.2961,0.5817,151.903,154.369464,7.5544,93.148,264.6,354962.5387677228,0.002,0
2026-09-14T13:18:54Z,0.325,25.8327,7.74,1.1917,0.0852,0.2961,0.6724,151.907,154.352966,7.562,93.155,240.58,355028.816843457,0.001,0
2026-09-14T13:18:54Z,0.324,25.8234,7.74,1.1803,0.0852,0.2538,0.5817,151.902,154.332084,7.5702,93.153,243.26,355080.4900397236,0.001,0
2026-09-14T13:18:54Z,0.324,25.814,7.74,1.1727,0.0852,0.2538,0.6271,151.893,154.311268,7.5771,93.137,256.17,355134.453740364,0,0
2026-09-14T13:18:54Z,0.324,25.8057,7.74,1.1727,0.0852,0.2538,0.5817,151.883,154.292982,7.5811,93.1,226.62,355182.67341808334,0,0
2026-09-14T13:18:54Z,0.324,25.799,7.74,1.1421,0.0852,0.2538,0.612,151.881,154.280365,7.5826,93.057,268.42,355234.29916421376,0,0
2026-09-14T13:18:54Z,0.324,25.7936,7.74,1.1078,0.0426,0.4653,0.6724,151.891,154.274058,7.5832,93.026,226.97,355298.7844542041,0,0
2026-09-14T13:18:54Z,0.324,25.7897,7.74,1.1345,0.0426,0.4653,0.5213,151.915,154.27238,7.5824,93.014,255.39,355362.4068409588,0,0
2026-09-14T13:18:54Z,0.325,25.787,7.74,1.1421,0.0426,0.4653,0.612,151.951,154.274883,7.5797,93.015,253.68,355428.1684332818,0,0
2026-09-14T13:18:54Z,0.325,25.7838,7.74,1.0926,0.0426,0.4653,0.5364,151.99,154.274218,7.5767,93.027,227.51,355484.61239583365,0,0
2026-09-14T13:18:54Z,0.324,25.7783,7.83,1.1345,0.0852,0.3807,0.5666,152.026,154.266196,7.5749,93.048,274.56,355540.89111538505,-0.001,0
2026-09-14T13:18:54Z,0.324,25.7698,7.83,1.1231,0.0852,0.3807,0.612,152.062,154.260699,7.5751,93.064,243.89,355668.8008634209,-0.001,0
2026-09-14T13:18:54Z,0.323,25.7586,7.83,1.1116,0.0852,0.3807,0.6422,152.088,154.256257,7.5768,93.061,269.41,355854.05495337193,-0.001,0
2026-09-14T13:18:54Z,0.323,25.7452,7.83,1.2108,0.0852,0.3807,0.5969,152.094,154.243671,7.5796,93.05,261.68,356032.71826572716,-0.001,0
2026-09-14T13:18:54Z,0.322,25.7306,7.83,1.1803,0.0852,0.3807,0.6271,152.086,154.223589,7.5833,93.043,257,356189.71661411185,0,0
2026-09-14T13:18:54Z,0.322,25.717,7.74,1.1727,0.0852,0.2538,0.5969,152.069,154.198672,7.5864,93.033,254.67,356299.17024533387,0,0
2026-09-14T13:18:54Z,0.322,25.7068,7.74,1.1917,0.0852,0.2538,0.4458,152.054,154.174298,7.5876,93.017,259.47,356347.5100469934,0.001,0
2026-09-14T13:18:54Z,0.323,25.7005,7.74,1.1154,0.0852,0.2538,0.612,152.048,154.155988,7.5876,93.005,262.08,356358.0249092783,0.001,0
2026-09-14T13:18:54Z,0.324,25.6968,7.74,1.1307,0.0852,0.2538,0.5213,152.048,154.142867,7.5875,93.015,256.67,356350.12791764556,0.001,0
2026-09-14T13:18:54Z,0.324,25.6941,7.74,1.1078,0.0852,0.3384,0.5817,152.042,154.12342,7.587,93.052,255.17,356285.68602408434,0,0
2026-09-14T13:18:54Z,0.324,25.6911,7.74,1.1345,0.0852,0.3384,0.612,152.022,154.092461,7.5861,93.097,260.04,356158.51063339476,-0.001,0
2026-09-14T13:18:54Z,0.323,25.6872,7.74,1.1231,0.0852,0.3384,0.5817,152.001,154.061768,7.5858,93.114,244,356049.96284486225,-0.001,0
2026-09-14T13:18:54Z,0.323,25.6826,7.74,1.104,0.0852,0.3384,0.5364,151.988,154.039188,7.5872,93.103,261.51,356002.8693475602,-0.002,0
2026-09-14T13:18:54Z,0.322,25.6781,7.74,1.1307,0.0852,0.2961,0.763,151.983,154.022705,7.5908,93.092,259.93,355990.1048721157,-0.002,0
2026-09-14T13:18:54Z,0.321,25.6746,7.74,1.1231,0.0852,0.2961,0.6271,151.981,154.007923,7.595,93.076,259.36,355968.51548715454,-0.001,0
2026-09-14T13:18:54Z,0.321,25.6718,7.74,1.1307,0.0852,0.2961,0.6271,151.976,153.9909,7.5968,93.052,243.1,355920.35489072546,-0.001,0
2026-09-14T13:18:54Z,0.321,25.6688,7.74,1.1421,0.0852,0.2961,0.7328,151.968,153.975108,7.5963,93.044,263.22,355883.29206518433,0,0
2026-09-14T13:18:54Z,0.321,25.6649,7.74,1.1307,0.0852,0.2961,0.5969,151.966,153.96836,7.5959,93.067,263.39,355917.0077682129,0,0
2026-09-14T13:18:54Z,0.322,25.6605,7.74,1.1078,0.0852,0.3807,0.6573,151.966,153.964847,7.5952,93.107,249.9,355979.42559454194,0.001,0
2026-09-14T13:18:54Z,0.322,25.6567,7.74,1.1154,0.0852,0.3807,0.5666,151.961,153.95562,7.5938,93.147,259.81,355996.5249823152,0.002,0
2026-09-14T13:18:54Z,0.322,25.6542,7.74,1.1307,0.0852,0.3807,0.6573,151.951,153.942224,7.5935,93.174,253.79,355964.22264028306,0.002,0
2026-09-14T13:18:54Z,0.323,25.6527,7.74,1.1116,0.0852,0.3807,0.7177,151.936,153.925094,7.5956,93.189,263.62,355890.7871813815,0.003,0
2026-09-14T13:18:54Z,0.324,25.6514,7.65,1.1154,0.0426,0.2961,0.6724,151.92,153.907677,7.599,93.198,249.41,355811.8646786759,0.003,0
2026-09-14T13:18:54Z,0.325,25.6502,7.65,1.0582,0.0426,0.2961,0.612,151.913,153.901356,7.6024,93.2,271,355797.0057253802,0.004,0
2026-09-14T13:18:54Z,0.326,25.6492,7.65,1.0582,0.0426,0.2961,0.6422,151.918,153.908453,7.6048,93.199,256,355858.1206783046,0.004,0
2026-09-14T13:18:54Z,0.327,25.6484,7.65,1.0506,0.0426,0.2961,0.5666,151.93,153.922847,7.6062,93.195,251.86,355958.8426876103,0.004,0
2026-09-14T13:18:54Z,0.328,25.6481,7.83,1.043,0.0852,0.2538,0.6271,151.946,153.940362,7.6069,93.193,274.14,356068.674370703,0.005,0
2026-09-14T13:18:54Z,0.329,25.6483,7.83,1.0926,0.0852,0.2538,0.6271,151.96,153.957653,7.6071,93.194,253.29,356167.72153321316,0.005,0
2026-09-14T13:18:54Z,0.331,25.6489,7.83,1.1154,0.0852,0.2538,0.612,151.968,153.971317,7.6069,93.19,265.17,356237.6282863267,0.005,0
2026-09-14T13:18:54Z,0.332,25.6496,7.83,1.0926,0.0852,0.2538,0.6422,151.974,153.989006,7.6064,93.184,267.66,356329.5916761675,0.005,0
2026-09-14T13:18:54Z,0.333,25.6502,7.74,1.1002,0.0426,0.423,0.5213,151.986,154.019443,7.6062,93.179,248.71,356499.3223523069,0.005,0
2026-09-14T13:18:54Z,0.334,25.6511,7.74,1.1116,0.0426,0.423,0.612,152.005,154.062731,7.6061,93.177,271.88,356739.90821177536,0.006,0
2026-09-14T13:18:54Z,0.335,25.6531,7.74,1.1231,0.0426,0.423,0.5515,152.032,154.114387,7.6056,93.177,275.57,357009.53289836884,0.006,0
2026-09-14T13:18:54Z,0.337,25.6569,7.74,1.1345,0.0426,0.423,0.5817,152.06,154.15613,7.6046,93.182,250.23,357185.99513314536,0.006,0
2026-09-14T13:18:54Z,0.339,25.6628,7.74,1.1231,0.0426,0.423,0.6422,152.087,154.179059,7.6033,93.196,276.65,357210.48704965354,0.005,0
2026-09-14T13:18:54Z,0.341,25.6707,7.74,1.1345,0.0852,0.2538,0.5213,152.106,154.185277,7.602,93.219,250.55,357097.460045117,0.005,0
2026-09-14T13:18:54Z,0.342,25.6788,7.74,1.1116,0.0852,0.2538,0.6724,152.106,154.176442,7.601,93.244,263.34,356891.0949546708,0.004,0
2026-09-14T13:18:54Z,0.343,25.683,7.74,1.0964,0.0852,0.2538,0.5515,152.091,154.162216,7.6008,93.269,255.11,356726.7614518217,0.002,0
2026-09-14T13:18:54Z,0.343,25.6815,7.74,1.1421,0.0852,0.2538,0.6271,152.067,154.146822,7.6022,93.297,259.98,356663.6302464214,0.001,0
2026-09-14T13:18:54Z,0.343,25.6774,7.74,1.1345,0.0852,0.3384,0.612,152.04,154.130162,7.6046,93.326,258.24,356642.27391948976,0,0
2026-09-14T13:18:54Z,0.343,25.6745,7.74,1.1269,0.0852,0.3384,0.6271,152.015,154.111804,7.607,93.349,264.54,356588.0552227994,-0.001,0
2026-09-14T13:18:54Z,0.343,25.6746,7.74,1.1383,0.0852,0.3384,0.5969,151.994,154.094865,7.609,93.364,250.77,356485.3992546705,-0.001,0
2026-09-14T13:18:54Z,0.343,25.6776,7.74,1.1421,0.0852,0.3384,0.5817,151.979,154.082844,7.6109,93.373,262.99,356357.0512654531,-0.002,0
2026-09-14T13:18:54Z,0.342,25.6813,7.74,1.1956,0.0852,0.2961,0.6724,151.96,154.068528,7.6127,93.38,289.51,356201.84608594526,-0.002,0
2026-09-14T13:18:54Z,0.341,25.6836,7.74,1.1994,0.0852,0.2961,0.5062,151.944,154.056113,7.6143,93.379,251.43,356084.5057426029,-0.002,0
2026-09-14T13:18:54Z,0.34,25.6848,7.74,1.1803,0.0852,0.2961,0.6724,151.933,154.050304,7.6154,93.369,282.18,356027.27002024336,-0.002,0
2026-09-14T13:18:54Z,0.339,25.6861,7.74,1.165,0.0852,0.2961,0.4911,151.92,154.041537,7.616,93.357,267.72,355950.57633682026,-0.001,0
2026-09-14T13:18:54Z,0.339,25.6874,7.74,1.1536,0.0852,0.2961,0.5213,151.912,154.027476,7.6163,93.335,265.29,355842.45097555657,0,0
2026-09-14T13:18:54Z,0.339,25.6887,7.74,1.1727,0.0852,0.3807,0.6573,151.918,154.016393,7.616,93.313,270.23,355752.0357060905,0.001,0
2026-09-14T13:18:54Z,0.34,25.6905,7.74,1.1727,0.0852,0.3807,0.5969,151.942,154.013347,7.615,93.312,272.42,355699.9064264852,0.001,0
2026-09-14T13:18:54Z,0.341,25.6919,7.74,1.1689,0.0852,0.3807,0.5515,151.97,154.009509,7.6138,93.322,268.48,355650.6456199022,0.001,0
2026-09-14T13:18:54Z,0.342,25.6902,7.74,1.1994,0.0852,0.3807,0.5515,151.993,153.999846,7.6122,93.334,273.48,355625.4156557409,0.001,0
2026-09-14T13:18:54Z,0.342,25.6844,7.83,1.1574,0.0426,0.3807,0.7026,152.018,153.993801,7.6113,93.346,266.79,355699.19387832854,0.001,0
2026-09-14T13:18:54Z,0.342,25.6756,7.83,1.2032,0.0426,0.3807,0.4911,152.046,153.997774,7.6124,93.352,274.56,355889.2749203613,0,0
2026-09-14T13:18:54Z,0.341,25.6651,7.83,1.1803,0.0426,0.3807,0.7328,152.069,154.004808,7.6147,93.354,272.95,356129.87425272714,-0,0
2026-09-14T13:18:54Z,0.341,25.654,7.83,1.1536,0.0426,0.3807,0.612,152.081,154.008766,7.6172,93.358,262.59,356363.74080684077,-0.001,0
2026-09-14T13:18:54Z,0.341,25.6438,7.83,1.165,0.0426,0.3384,0.5213,152.083,154.010701,7.6196,93.357,282.79,356568.6804410016,-0.001,0
2026-09-14T13:18:54Z,0.341,25.6357,7.83,1.1803,0.0426,0.3384,0.5666,152.074,154.007122,7.6213,93.346,264.54,356701.0685171538,-0.001,0
2026-09-14T13:18:54Z,0.341,25.6304,7.83,1.1803,0.0426,0.3384,0.5364,152.054,154.001082,7.6222,93.33,272.36,356765.7018952976,-0.001,0
2026-09-14T13:18:54Z,0.341,25.6279,7.83,1.1765,0.0426,0.3384,0.5515,152.039,154.007,7.6228,93.32,272.53,356848.42227848776,-0.001,0
2026-09-14T13:18:54Z,0.341,25.6276,7.74,1.1803,0.0852,0.2538,0.7177,152.039,154.030464,7.6228,93.322,274.79,356993.9226266757,-0.002,0
2026-09-14T13:18:54Z,0.34,25.6296,7.74,1.1803,0.0852,0.2538,0.5817,152.042,154.053689,7.6215,93.327,266.73,357094.3278700871,-0.002,0
2026-09-14T13:18:54Z,0.339,25.6342,7.74,1.1994,0.0852,0.2538,0.5666,152.029,154.058825,7.6196,93.328,274.79,357037.53294950636,-0.003,0
2026-09-14T13:18:54Z,0.339,25.6413,7.74,1.1879,0.0852,0.2538,0.6573,152.007,154.055257,7.6178,93.322,278.58,356881.42868147173,-0.004,0
2026-09-14T13:18:54Z,0.338,25.649,7.74,1.1803,0.0852,0.2538,0.7026,151.982,154.054056,7.6169,93.308,271.88,356728.1129171336,-0.005,0
2026-09-14T13:18:54Z,0.336,25.6556,7.74,1.1498,0.0426,0.2961,0.5364,151.953,154.054902,7.6164,93.28,266.33,356607.9272844407,-0.005,0
2026-09-14T13:18:54Z,0.334,25.6613,7.74,1.1765,0.0426,0.2961,0.5515,151.923,154.058022,7.6157,93.232,295.74,356518.390121399,-0.005,0
2026-09-14T13:18:54Z,0.333,25.6676,7.74,1.1879,0.0426,0.2961,0.6422,151.893,154.060244,7.6144,93.175,274.02,356412.1695908065,-0.005,0
2026-09-14T13:18:54Z,0.331,25.6756,7.74,1.207,0.0426,0.2961,0.5817,151.866,154.058155,7.6121,93.128,280.04,356248.15297582134,-0.004,0
2026-09-14T13:18:54Z,0.331,25.6854,7.74,1.1879,0.0852,0.2115,0.5969,151.847,154.059214,7.6084,93.098,267.66,356068.85911738384,-0.004,0
2026-09-14T13:18:54Z,0.33,25.6965,7.74,1.1956,0.0852,0.2115,0.5515,151.831,154.071716,7.6029,93.098,291.27,355933.05245665327,-0.003,0
2026-09-14T13:18:54Z,0.329,25.7073,7.74,1.1765,0.0852,0.2115,0.4911,151.809,154.09098,7.5968,93.128,261.23,355843.1469997566,-0.003,0
2026-09-14T13:18:54Z,0.328,25.7155,7.74,1.1879,0.0852,0.2115,0.5213,151.767,154.102111,7.5918,93.168,292.73,355754.1671031565,-0.002,0
2026-09-14T13:18:54Z,0.328,25.7223,7.74,1.1803,0.0852,0.2538,0.7177,151.713,154.100065,7.5884,93.197,283.65,355613.49819519615,-0.001,0
2026-09-14T13:18:54Z,0.328,25.7316,7.74,1.1803,0.0852,0.2538,0.5213,151.67,154.096324,7.5871,93.206,268.07,355415.6339466126,-0,0
2026-09-14T13:18:54Z,0.328,25.7456,7.74,1.165,0.0852,0.2538,0.612,151.646,154.0939,7.5876,93.209,297.61,355137.0342297718,0.001,0
2026-09-14T13:18:54Z,0.328,25.7631,7.74,1.1956,0.0852,0.2538,0.6573,151.636,154.092146,7.5885,93.22,279.37,354796.7257656252,0.002,0
2026-09-14T13:18:54Z,0.329,25.7807,7.74,1.1841,0.0852,0.2538,0.612,151.637,154.094601,7.5884,93.231,280.47,354479.8435521869,0.003,0
2026-09-14T13:18:54Z,0.33,25.7937,7.74,1.1879,0.0852,0.3384,0.5817,151.639,154.093906,7.5874,93.228,294.65,354231.1975682644,0.004,0
2026-09-14T13:18:54Z,0.332,25.8008,7.74,1.1689,0.0852,0.3384,0.6422,151.638,154.085866,7.5867000000000004,93.217,280.34,354050.2379668117,0.004,0
2026-09-14T13:18:54Z,0.333,25.8035,7.74,1.1612,0.0852,0.3384,0.5213,151.649,154.084368,7.5872,93.218,279.98,353990.66016118164,0.004,0
2026-09-14T13:18:54Z,0.334,25.8041,7.74,1.2108,0.0852,0.3384,0.5515,151.678,154.097026,7.5881,93.245,280.95,354054.1546979948,0.004,0
2026-09-14T13:18:54Z,0.335,25.8032,7.74,1.1994,0.0426,0.3807,0.5817,151.708,154.107177,7.588,93.292,281.81,354131.03382467804,0.004,0
2026-09-14T13:18:54Z,0.336,25.8008,7.74,1.1879,0.0426,0.3807,0.5515,151.726,154.105506,7.5873,93.337,273.19,354166.2693110115,0.004,0
2026-09-14T13:18:54Z,0.337,25.7968,7.74,1.1231,0.0426,0.3807,0.5666,151.738,154.09958,7.588,93.372,267.66,354206.4446092925,0.003,0
2026-09-14T13:18:54Z,0.338,25.7912,7.74,1.0964,0.0426,0.3807,0.6573,151.744,154.091825,7.591,93.399,278.4,354265.9037386906,0.003,0
2026-09-14T13:18:54Z,0.339,25.7846,7.74,1.1078,0.0852,0.2961,0.5515,151.75,154.088187,7.5957,93.421,294.71,354368.53113020345,0.002,0
2026-09-14T13:18:54Z,0.34,25.7778,7.74,1.1154,0.0852,0.2961,0.612,151.761,154.091703,7.6003,93.435,268.6,354517.2787404668,0.001,0
2026-09-14T13:18:54Z,0.34,25.7718,7.74,1.1841,0.0852,0.2961,0.5817,151.773,154.09129,7.604,93.439,281.26,354627.78907044645,-0.001,0
2026-09-14T13:18:54Z,0.34,25.7674,7.74,1.1803,0.0852,0.2961,0.5062,151.775,154.078822,7.6068,93.423,289.57,354636.86736141745,-0.002,0
2026-09-14T13:18:54Z,0.339,25.7644,7.74,1.1803,0.0426,0.423,0.476,151.774,154.062995,7.6089,93.386,268.54,354599.70327977405,-0.004,0
2026-09-14T13:18:54Z,0.337,25.7616,7.74,1.1879,0.0426,0.423,0.6724,151.777,154.055616,7.6105,93.332,268.3,354608.7628368298,-0.005,0
2026-09-14T13:18:54Z,0.335,25.7577,7.74,1.1879,0.0426,0.423,0.7026,151.781,154.054717,7.6114,93.271,278.16,354676.8944960304,-0.006,0
2026-09-14T13:18:54Z,0.333,25.7527,7.74,1.1727,0.0426,0.423,0.5666,151.783,154.056051,7.6108,93.22,283.16,354778.99041041726,-0.006,0
2026-09-14T13:18:54Z,0.331,25.7479,7.74,1.1879,0.0426,0.423,0.5515,151.773,154.051957,7.6084,93.176,271.82,354845.207250505,-0.006,0
2026-09-14T13:18:54Z,0.33,25.7445,7.65,1.1803,0.0426,0.3807,0.5213,151.736,154.029324,7.6044,93.133,279.13,354775.25551981194,-0.005,0
2026-09-14T13:18:54Z,0.329,25.7427,7.65,1.1879,0.0426,0.3807,0.6422,151.667,153.97811,7.5997,93.102,285.94,354505.95242894144,-0.004,0
2026-09-14T13:18:54Z,0.328,25.7425,7.65,1.1994,0.0426,0.3807,0.6724,151.556,153.888665,7.5956,93.081,306.13,353980.508886818,-0.003,0
2026-09-14T13:18:54Z,0.327,25.7447,7.65,1.1879,0.0426,0.3807,0.5969,151.384,153.741147,7.5917,93.072,265.35,353067.49730411376,-0.002,0
2026-09-14T13:18:54Z,0.327,25.7494,7.83,1.1917,0.0426,0.3807,0.4609,151.111,153.492211,7.5875,93.084,302.3,351511.81017503317,-0.001,0
2026-09-14T13:18:54Z,0.326,25.7559,7.83,1.1383,0.0426,0.3807,0.5817,150.673,153.075476,7.5842,93.119,293.37,348942.90260159265,-0.001,0
2026-09-14T13:18:54Z,0.326,25.7638,7.83,1.1154,0.0426,0.3807,0.5969,149.962,152.38382,7.5814,93.174,317.03,344759.0373376901,-0,0
2026-09-14T13:18:54Z,0.326,25.7729,7.83,1.1193,0.0426,0.3807,0.612,148.801,151.236811,7.5793,93.243,295.42,337963.3051943244,-0,0
2026-09-14T13:18:54Z,0.326,25.7826,7.74,1.1421,0,0.2961,0.5213,146.901,149.336596,7.579,93.292,320.98,326985.1474667302,-0,0
2026-09-14T13:18:54Z,0.326,25.7926,7.74,1.1154,0,0.2961,0.6724,143.775,146.184467,7.5805,93.298,275.57,309369.5675844766,-0,0
2026-09-14T13:18:54Z,0.326,25.8035,7.74,1.0926,0,0.2961,0.6271,138.596,140.939859,7.5835,93.282,329.39,281470.6418431448,-0.001,0
2026-09-14T13:18:54Z,0.326,25.8158,7.74,1.1307,0,0.2961,0.612,129.973,132.192188,7.5874,93.264,250.34,238568.57485215412,-0.001,0
2026-09-14T13:18:54Z,0.326,25.8284,7.74,1.1307,0,0.2961,0.5515,115.611,117.600728,7.5896,93.242,326.33,176516.63906177704,-0.001,0
2026-09-14T13:18:54Z,0.325,25.8406,7.83,1.1421,0.0426,0.2961,0.6724,91.704,93.274428,7.5885,93.203,262.59,97319.81086592839,-0.002,0
2026-09-14T13:18:54Z,0.324,25.8536,7.83,1.146,0.0426,0.2961,0.5969,51.898,52.726279,7.5853,93.155,333.5,22788.246204068106,-0.002,0
2026-09-14T13:18:54Z,0.324,25.8699,7.83,1.1078,0.0426,0.2961,0.5666,-14.403,-14.860564,7.5817,93.118,283.16,NA,-0.002,0
2026-09-14T13:18:54Z,0.324,25.8899,7.83,1.1078,0.0426,0.2961,0.5969,-124.865,-127.513262,7.5771,93.1,341.94,NA,-0.002,0
2026-09-14T13:18:54Z,0.324,25.9115,7.74,1.1498,0.0852,0.2538,0.6724,-308.945,-315.284554,7.571,93.095,294.84,NA,-0.002,0
2026-09-14T13:18:54Z,0.323,25.9324,7.74,1.1231,0.0852,0.2538,0.6875,-424.007,-432.651719,7.5643,93.095,320.57,NA,-0.002,0
2026-09-14T13:18:54Z,0.322,25.9508,7.74,1.1307,0.0852,0.2538,0.5213,-308.98,-315.28554,7.5588,93.095,286.69,NA,-0.002,0
2026-09-14T13:18:54Z,0.322,25.9653,7.74,1.1269,0.0852,0.2538,0.4609,-124.91,-127.483437,7.5555,93.1,301.12,NA,-0.001,0
2026-09-14T13:18:54Z,0.321,25.9765,7.74,1.0659,0.0852,0.3384,0.612,-14.465,-14.795982,7.5537,93.111,313.13,NA,-0.001,0
2026-09-14T13:18:54Z,0.321,25.9841,7.74,1.0659,0.0852,0.3384,0.5213,51.798,52.814794,7.5528,93.122,312.59,22733.302700951495,-0,0
2026-09-14T13:18:54Z,0.322,25.9879,7.74,1.0544,0.0852,0.3384,0.5817,91.56,93.382437,7.5522,93.133,341.42,96858.03867571366,0,0
2026-09-14T13:18:54Z,0.322,25.9904,7.74,1.0659,0.0852,0.3384,0.6422,115.424,117.720981,7.552,93.144,287.81,175474.7377063923,0,0
2026-09-14T13:18:54Z,0.322,25.9931,7.74,1.0468,0.0852,0.3384,0.5515,129.758,132.320703,7.5524,93.154,289.57,236933.70011803758,0,0
2026-09-14T13:18:54Z,0.322,25.9952,7.83,1.0506,0.0852,0.2538,0.5817,138.388,141.086884,7.5529,93.161,321.4,279376.9830405286,0,0
2026-09-14T13:18:54Z,0.322,25.9957,7.83,1.062,0.0852,0.2538,0.612,143.598,146.357168,7.5537,93.164,287.81,306990.17540925933,-0,0
2026-09-14T13:18:54Z,0.322,25.9928,7.83,1.0353,0.0852,0.2538,0.6724,146.741,149.516926,7.555,93.163,280.28,324368.70021730015,-0,0
2026-09-14T13:18:54Z,0.322,25.9847,7.83,1.0582,0.0852,0.2538,0.6422,148.633,151.40475,7.5569,93.159,294.9,335145.8957495082,-0,0
2026-09-14T13:18:54Z,0.322,25.9721,7.74,1.0506,0.0852,0.423,0.6422,149.778,152.540085,7.5592,93.151,300.47,341872.80150396656,0,0
2026-09-14T13:18:54Z,0.321,25.9573,7.74,1.0697,0.0852,0.423,0.5666,150.476,153.2337,7.5614,93.139,327.04,346154.63089534926,-0.001,0
2026-09-14T13:18:54Z,0.321,25.9418,7.74,1.0468,0.0852,0.423,0.6422,150.894,153.658537,7.5635,93.123,289.25,348913.50999039103,-0.001,0
2026-09-14T13:18:54Z,0.321,25.9277,7.74,1.001,0.0852,0.423,0.7026,151.136,153.911856,7.5652,93.111,305.27,350655.97910305846,0,0
2026-09-14T13:18:54Z,0.321,25.9169,7.74,0.9781,0.0852,0.2961,0.612,151.27,154.057205,7.566,93.114,275.63,351709.1045520896,0,0
2026-09-14T13:18:54Z,0.321,25.9109,7.74,0.9819,0.0852,0.2961,0.5666,151.341,154.137351,7.5659,93.124,299.55,352291.66251650406,0,0
2026-09-14T13:18:54Z,0.321,25.9101,7.74,1.0124,0.0852,0.2961,0.6573,151.38,154.185688,7.5646,93.132,274.32,352590.7023224883,0,0
2026-09-14T13:18:54Z,0.321,25.9124,7.74,1.0582,0.0852,0.2961,0.5817,151.401,154.219112,7.5633,93.139,257.34,352744.250760385,0.001,0
2026-09-14T13:18:54Z,0.321,25.9153,7.83,1.062,0.0852,0.2538,0.5515,151.41,154.242531,7.5631,93.148,269.82,352827.76621331123,0.001,0
2026-09-14T13:18:54Z,0.322,25.9178,7.83,1.0887,0.0852,0.2538,0.5969,151.413,154.262189,7.5636,93.159,251.64,352896.6410918267,0.001,0
2026-09-14T13:18:54Z,0.322,25.9206,7.83,1.0582,0.0852,0.2538,0.5515,151.41,154.279324,7.5639,93.168,244.69,352945.068292673,0,0
2026-09-14T13:18:54Z,0.322,25.9244,7.83,1.0887,0.0852,0.2538,0.5969,151.4,154.294497,7.564,93.17,234.74,352963.2559669721,0,0
2026-09-14T13:18:54Z,0.322,25.9292,7.83,1.0811,0.0852,0.2538,0.6573,151.38,154.303741,7.564,93.167,237.46,352927.8790013202,0,0
2026-09-14T13:18:54Z,0.322,25.9347,7.74,1.0697,0.0852,0.3807,0.5817,151.347,154.301508,7.5641,93.162,216.23,352811.9564497937,-0.001,0
2026-09-14T13:18:54Z,0.321,25.9412,7.74,1.0582,0.0852,0.3807,0.6422,151.314,154.29522,7.564,93.157,228.9,352653.5760212109,0,0
2026-09-14T13:18:54Z,0.321,25.9496,7.74,1.0811,0.0852,0.3807,0.6271,151.289,154.295222,7.563,93.145,213.99,352496.7570051219,0,0
2026-09-14T13:18:54Z,0.321,25.9597,7.74,1.0735,0.0852,0.3807,0.5817,151.27,154.301517,7.5613,93.125,206.14,352345.2597544304,0.001,0
2026-09-14T13:18:54Z,0.321,25.9698,7.74,1.0735,0.0852,0.2538,0.4911,151.243,154.303761,7.5596,93.108,224.03,352170.08577818825,0.002,0
2026-09-14T13:18:54Z,0.322,25.9788,7.74,1.0735,0.0852,0.2538,0.612,151.211,154.302554,7.5579,93.114,212.09,351995.28206522076,0.003,0
2026-09-14T13:18:54Z,0.324,25.9872,7.74,1.1154,0.0852,0.2538,0.6422,151.182,154.30559,7.5558,93.14,203.73,351856.6319323754,0.004,0
2026-09-14T13:18:54Z,0.325,25.996,7.74,1.1269,0.0852,0.2538,0.6422,151.157,154.313681,7.553,93.176,202.67,351740.23374371737,0.004,0
2026-09-14T13:18:54Z,0.326,26.0058,7.74,1.1231,0.0852,0.2961,0.6422,151.134,154.324979,7.5503,93.214,210.98,351624.07635674113,0.004,0
2026-09-14T13:18:54Z,0.327,26.0161,7.74,1.1307,0.0852,0.2961,0.5515,151.107,154.330475,7.5493,93.243,194.6,351464.71353955654,0.004,0
2026-09-14T13:18:54Z,0.328,26.0267,7.74,1.1498,0.0852,0.2961,0.5817,151.078,154.331638,7.55,93.267,197.54,351274.5235766648,0.004,0
2026-09-14T13:18:54Z,0.329,26.0379,7.74,1.1002,0.0852,0.2961,0.6271,151.05,154.332786,7.5513,93.287,195.62,351073.2423814723,0.003,0
2026-09-14T13:18:54Z,0.33,26.0495,7.74,1.1345,0.0852,0.2961,0.5062,151.015,154.330219,7.5528,93.289,182.28,350842.98070226796,0.003,0
2026-09-14T13:18:54Z,0.331,26.0606,7.74,1.1307,0.0426,0.3384,0.6422,150.983,154.331269,7.5537,93.264,200.48,350643.3013948701,0.002,0
2026-09-14T13:18:54Z,0.332,26.0706,7.74,1.1421,0.0426,0.3384,0.5515,150.963,154.340225,7.5543,93.23,197.71,350510.3012802264,0.001,0
2026-09-14T13:18:54Z,0.332,26.0805,7.74,1.1345,0.0426,0.3384,0.6422,150.95,154.355468,7.5545,93.202,179.96,350415.91925203544,0,0
2026-09-14T13:18:54Z,0.332,26.0914,7.74,1.1383,0.0426,0.3384,0.5817,150.941,154.377057,7.5531,93.187,189.14,350340.09450819506,-0.001,0
2026-09-14T13:18:54Z,0.331,26.1025,7.74,1.1154,0.0426,0.2961,0.5817,150.924,154.396725,7.5496,93.189,181.92,350249.398455455,-0.002,0
2026-09-14T13:18:54Z,0.331,26.1124,7.74,1.1498,0.0426,0.2961,0.6271,150.896,154.407696,7.5455,93.19,178.48,350130.2400139545,-0.002,0
2026-09-14T13:18:54Z,0.33,26.1216,7.74,1.1421,0.0426,0.2961,0.6724,150.869,154.4129,7.542,93.186,179.8,349990.480077233,-0.003,0
2026-09-14T13:18:54Z,0.329,26.132,7.74,1.1345,0.0426,0.2961,0.5969,150.846,154.417732,7.5394,93.189,192.04,349826.4658356232,-0.003,0
2026-09-14T13:18:54Z,0.328,26.1443,7.74,1.1154,0.0426,0.2961,0.6724,150.824,154.423482,7.5378,93.193,146.26,349632.8299654228,-0.003,0
2026-09-14T13:18:54Z,0.327,26.1572,7.74,1.1231,0.0426,0.2961,0.6724,150.797,154.427675,7.5362,93.181,196.47,349419.220637396,-0.003,0
2026-09-14T13:18:54Z,0.327,26.1683,7.74,1.1116,0.0426,0.2961,0.6875,150.762,154.431432,7.5344,93.16,170.92,349236.425812713,-0.003,0
2026-09-14T13:18:54Z,0.326,26.1776,7.74,1.1193,0.0426,0.2961,0.5817,150.718,154.433752,7.5333,93.141,172.08,349078.5633932377,-0.002,0
2026-09-14T13:18:54Z,0.325,26.1868,7.74,1.1231,0.0426,0.2961,0.7026,150.665,154.429245,7.5324,93.125,188.24,348882.98745047464,-0.002,0
2026-09-14T13:18:54Z,0.325,26.1974,7.74,1.1193,0.0426,0.2961,0.5213,150.613,154.420722,7.53,93.117,164.62,348638.4866159873,-0.001,0
2026-09-14T13:18:54Z,0.324,26.2106,7.74,1.1345,0.0426,0.2961,0.5969,150.571,154.421938,7.5265,93.117,168.64,348402.90073936625,-0,0
2026-09-14T13:18:54Z,0.324,26.2264,7.74,1.0964,0.0426,0.2961,0.6724,150.543,154.437229,7.5228,93.122,184.55,348201.37052335753,0.001,0
2026-09-14T13:18:54Z,0.325,26.2428,7.74,1.1154,0.0426,0.2961,0.5666,150.523,154.450637,7.5193,93.137,179.33,347978.1061736445,0.002,0
2026-09-14T13:18:54Z,0.326,26.2579,7.74,1.1307,0.0852,0.3807,0.6422,150.521,154.455726,7.5166,93.163,158.96,347730.73123763624,0.003,0
2026-09-14T13:18:54Z,0.327,26.2725,7.74,1.1154,0.0852,0.3807,0.6724,150.551,154.457862,7.5146,93.191,184.59,347475.6723529101,0.003,0
2026-09-14T13:18:54Z,0.328,26.287,7.74,1.1154,0.0852,0.3807,0.5969,150.602,154.459613,7.513,93.223,166.09,347220.4645467038,0.003,0
2026-09-14T13:18:54Z,0.329,26.2983,7.74,1.1269,0.0852,0.3807,0.6573,150.662,154.467452,7.5127,93.26,169.3,347059.14284221904,0.003,0
2026-09-14T13:18:54Z,0.33,26.3007,7.74,1.1421,0.0852,0.3384,0.8688,150.729,154.48547,7.5144,93.29,172.49,347119.34202874225,0.002,0
2026-09-14T13:18:54Z,0.331,26.2913,7.74,1.1154,0.0852,0.3384,0.8386,150.8,154.508451,7.518,93.311,165.66,347424.05614749785,0.002,0
2026-09-14T13:18:54Z,0.331,26.2746,7.74,1.1078,0.0852,0.3384,0.8083,150.871,154.526494,7.5228,93.333,158.92,347834.22572938696,0.001,0
2026-09-14T13:18:54Z,0.331,26.2568,7.74,1.1154,0.0852,0.3384,0.8537,150.94,154.536393,7.5283,93.352,167.18,348217.9596536203,0,0
2026-09-14T13:18:54Z,0.33,26.24,7.83,1.1154,0.0852,0.2961,0.7479,151.004,154.540785,7.533,93.351,166.53,348551.89819507074,0,0
2026-09-14T13:18:54Z,0.33,26.2233,7.83,1.1078,0.0852,0.2961,0.6422,151.059,154.544843,7.537,93.324,166.24,348882.4590326951,0,0
2026-09-14T13:18:54Z,0.33,26.205,7.83,1.1269,0.0852,0.2961,0.612,151.103,154.549646,7.5412,93.281,163.69,349247.21057800093,0,0
2026-09-14T13:18:54Z,0.33,26.1849,7.83,1.1307,0.0852,0.2961,0.7026,151.125,154.544452,7.5455,93.24,184.07,349587.50465726317,0.001,0
2026-09-14T13:18:54Z,0.331,26.1649,7.83,1.1269,0.0852,0.2961,0.5817,151.13,154.531882,7.5482,93.209,150.42,349883.4642521038,0.001,0
2026-09-14T13:18:54Z,0.332,26.1475,7.74,1.0163,0.0852,0.2961,0.5515,151.135,154.52862,7.5483,93.194,175.59,350185.9443194277,0.001,0
2026-09-14T13:18:54Z,0.332,26.1341,7.74,0.9896,0.0852,0.2961,0.7328,151.137,154.533796,7.5467,93.207,176.97,350463.94666446745,0,0
2026-09-14T13:18:54Z,0.332,26.125,7.74,0.9857,0.0852,0.2961,0.5515,151.127,154.536768,7.5447,93.247,167.91,350649.7266320898,0,0
2026-09-14T13:18:54Z,0.332,26.1193,7.74,1.0048,0.0852,0.2961,0.5364,151.106,154.534322,7.5429,93.294,169.11,350741.0226116489,-0.001,0
2026-09-14T13:18:54Z,0.332,26.1165,7.74,1.0277,0.0426,0.3807,0.6422,151.082,154.533822,7.5421,93.334,167,350789.97552005266,-0.001,0
2026-09-14T13:18:54Z,0.331,26.1173,7.74,1.0086,0.0426,0.3807,0.5515,151.065,154.547158,7.543,93.357,156.36,350852.9796817217,-0.001,0
2026-09-14T13:18:54Z,0.331,26.1217,7.74,1.0163,0.0426,0.3807,0.6422,151.046,154.569871,7.5457,93.356,176.17,350904.0005314657,-0.001,0
2026-09-14T13:18:54Z,0.331,26.1283,7.74,0.9743,0.0426,0.3807,0.6573,151.002,154.583975,7.5486,93.324,162.1,350864.0100644219,-0.001,0
2026-09-14T13:18:54Z,0.33,26.1361,7.74,1.001,0.0426,0.3807,0.6875,150.93,154.581214,7.5507,93.266,176.4,350703.4311010113,-0.001,0
2026-09-14T13:18:54Z,0.33,26.1462,7.74,1.001,0.0426,0.3807,0.612,150.846,154.572875,7.5512,93.201,197.24,350467.8692721131,0,0
2026-09-14T13:18:54Z,0.33,26.1603,7.74,1.0124,0.0426,0.3807,0.6271,150.765,154.57277,7.5491,93.151,170.81,350206.51369345863,0.001,0
2026-09-14T13:18:54Z,0.33,26.1797,7.74,0.9857,0.0426,0.3807,0.5817,150.689,154.580873,7.5439,93.136,171.22,349895.31793489674,0.002,0
2026-09-14T13:18:54Z,0.331,26.2032,7.83,0.9476,0.0852,0.2538,0.6573,150.626,154.591338,7.5361,93.159,174.49,349522.64004229,0.002,0
2026-09-14T13:18:54Z,0.332,26.229,7.83,0.9362,0.0852,0.2538,0.6422,150.586,154.598946,7.5273,93.204,170.92,349091.5901238049,0.003,0
2026-09-14T13:18:54Z,0.333,26.2567,7.83,0.9133,0.0852,0.2538,0.6724,150.57,154.605727,7.5195,93.255,170.04,348621.5544499744,0.003,0
2026-09-14T13:18:54Z,0.334,26.2851,7.83,0.9362,0.0852,0.2538,0.5213,150.576,154.621505,7.5144,93.301,187.46,348191.6096031821,0.003,0
2026-09-14T13:18:54Z,0.334,26.3099,7.83,0.9209,0.0852,0.2538,0.6724,150.595,154.646477,7.5129,93.335,169.67,347881.5050617774,0.002,0
2026-09-14T13:18:54Z,0.335,26.3261,7.83,0.9094,0.0426,0.2538,0.612,150.619,154.671274,7.5143,93.353,149.25,347728.19878320687,0.002,0
2026-09-14T13:18:54Z,0.335,26.3337,7.83,0.959,0.0426,0.2538,0.612,150.646,154.690488,7.5173,93.36,185.15,347700.1185266012,0.001,0
2026-09-14T13:18:54Z,0.335,26.337,7.83,0.9362,0.0426,0.2538,0.612,150.67,154.705233,7.5206,93.362,149.32,347724.9162880464,0,0
2026-09-14T13:18:54Z,0.335,26.3389,7.83,0.94,0.0426,0.2538,0.5515,150.686,154.715432,7.5231,93.356,178.09,347749.0691783741,0,0
2026-09-14T13:18:54Z,0.335,26.3387,7.74,0.9285,0.0852,0.2538,0.6724,150.694,154.71579,7.5246,93.345,157.55,347754.79837559385,-0.001,0
2026-09-14T13:18:54Z,0.335,26.3361,7.74,0.9362,0.0852,0.2538,0.6573,150.697,154.706405,7.5255,93.336,180.08,347748.16147087264,-0.001,0
2026-09-14T13:18:54Z,0.334,26.3329,7.74,0.9514,0.0852,0.2538,0.612,150.7,154.696793,7.5261,93.336,162.1,347751.19404781313,-0.002,0
2026-09-14T13:18:54Z,0.334,26.3306,7.74,0.856,0.0852,0.2538,0.7177,150.704,154.692405,7.526,93.335,183.83,347767.94034317974,-0.002,0
2026-09-14T13:18:54Z,0.333,26.3281,7.74,0.8827,0.0426,0.3384,0.6724,150.704,154.688064,7.5254,93.322,176.97,347788.62115680386,-0.002,0
2026-09-14T13:18:54Z,0.333,26.3241,7.74,0.8599,0.0426,0.3384,0.5817,150.701,154.68261,7.5252,93.298,180,347830.3376062409,-0.003,0
2026-09-14T13:18:54Z,0.332,26.3198,7.74,0.8751,0.0426,0.3384,0.5515,150.703,154.6786,7.5258,93.268,182.88,347885.9051717093,-0.003,0
2026-09-14T13:18:54Z,0.331,26.3168,7.74,0.8866,0.0426,0.3384,0.6875,150.716,154.682976,7.5261,93.238,162.03,347966.1634819203,-0.004,0
2026-09-14T13:18:54Z,0.33,26.3155,7.74,0.9018,0.0426,0.3384,0.612,150.742,154.70492,7.5252,93.214,181.96,348116.901278731,-0.004,0
2026-09-14T13:18:54Z,0.329,26.3146,7.74,0.8522,0.0852,0.2961,0.5515,150.765,154.734253,7.5234,93.185,172.45,348303.10618447553,-0.005,0
2026-09-14T13:18:54Z,0.328,26.3126,7.74,0.8637,0.0852,0.2961,0.6422,150.767,154.758758,7.5213,93.144,177.36,348481.6169602298,-0.005,0
2026-09-14T13:18:54Z,0.326,26.3098,7.74,0.8637,0.0852,0.2961,0.6422,150.743,154.768944,7.5193,93.106,182.16,348591.973691415,-0.004,0
2026-09-14T13:18:54Z,0.325,26.3082,7.74,0.8751,0.0852,0.2961,0.5969,150.696,154.759514,7.5176,93.085,189.67,348566.7446459652,-0.003,0
2026-09-14T13:18:54Z,0.324,26.3101,7.74,0.8713,0.0426,0.2538,0.612,150.644,154.747992,7.515,93.076,182.4,348465.1722896305,-0.002,0
2026-09-14T13:18:54Z,0.323,26.3173,7.74,0.8637,0.0426,0.2538,0.5969,150.599,154.747338,7.5107,93.078,203.78,348329.30581090803,-0.001,0
2026-09-14T13:18:54Z,0.324,26.3289,7.74,0.8255,0.0426,0.2538,0.5364,150.565,154.761386,7.506,93.091,174.6,348197.887986586,0.001,0
2026-09-14T13:18:54Z,0.324,26.3419,7.74,0.8065,0.0426,0.2538,0.612,150.539,154.781864,7.5026,93.115,191.83,348078.07313635864,0.002,0
2026-09-14T13:18:54Z,0.325,26.3557,7.74,0.8484,0.0852,0.2538,0.5969,150.51,154.786184,7.5,93.155,196.9,347850.3327327767,0.003,0
2026-09-14T13:18:54Z,0.326,26.3708,7.74,0.8065,0.0852,0.2538,0.5666,150.487,154.775502,7.4981,93.203,171.3,347512.4278499641,0.004,0
2026-09-14T13:18:54Z,0.327,26.3871,7.74,0.7492,0.0852,0.2538,0.612,150.491,154.771014,7.4969,93.236,194.64,347188.7170528022,0.004,0
2026-09-14T13:18:54Z,0.328,26.4028,7.74,0.753,0.0852,0.2538,0.5515,150.523,154.783543,7.4967,93.264,184.95,346974.3756415023,0.005,0
2026-09-14T13:18:54Z,0.329,26.4144,7.74,0.7569,0.0852,0.2961,0.5515,150.565,154.804406,7.4984,93.294,176.24,346882.9810929979,0.005,0
2026-09-14T13:18:54Z,0.331,26.4186,7.74,0.753,0.0852,0.2961,0.6573,150.604,154.823134,7.5017,93.319,180.51,346914.25907376054,0.005,0
2026-09-14T13:18:54Z,0.333,26.4156,7.74,0.795,0.0852,0.2961,0.6271,150.636,154.840714,7.5048,93.343,186.61,347070.25891718385,0.004,0
2026-09-14T13:18:54Z,0.334,26.4089,7.74,0.7874,0.0852,0.2961,0.612,150.646,154.849808,7.5079,93.359,186.08,347244.95434706466,0.003,0
2026-09-14T13:18:54Z,0.335,26.4016,7.74,0.8179,0.0852,0.2961,0.612,150.63,154.84082,7.5113,93.359,195.53,347326.4366325979,0.003,0
2026-09-14T13:18:54Z,0.335,26.3946,7.83,0.8103,0.0852,0.3384,0.6422,150.607,154.823378,7.5142,93.351,183.23,347353.71128997195,0.002,0
2026-09-14T13:18:54Z,0.335,26.3896,7.83,0.8141,0.0852,0.3384,0.5817,150.598,154.816876,7.5168,93.337,208.66,347407.5543738188,0.001,0
2026-09-14T13:18:54Z,0.335,26.389,7.83,0.8141,0.0852,0.3384,0.5515,150.608,154.831602,7.5182,93.316,193,347503.4710409464,0,0
2026-09-14T13:18:54Z,0.335,26.3916,7.83,0.8065,0.0852,0.3384,0.5515,150.617,154.85545,7.5179,93.291,189.76,347593.5428806802,0,0
2026-09-14T13:18:54Z,0.335,26.3936,7.74,0.8065,0.0426,0.3807,0.612,150.61,154.870738,7.517,93.266,212.27,347645.1937474527,0,0
2026-09-14T13:18:54Z,0.335,26.3943,7.74,0.8141,0.0426,0.3807,0.5213,150.591,154.877536,7.5157,93.251,178.52,347671.622509751,0,0
2026-09-14T13:18:54Z,0.335,26.3959,7.74,0.8217,0.0426,0.3807,0.6724,150.575,154.885675,7.5138,93.245,206.99,347689.3338145376,0,0
2026-09-14T13:18:54Z,0.334,26.4006,7.74,0.8217,0.0426,0.3807,0.5666,150.565,154.901333,7.5111,93.246,186.28,347693.74990991736,0.001,0
2026-09-14T13:18:54Z,0.335,26.4082,7.74,0.795,0.0852,0.2961,0.6573,150.559,154.918668,7.5081,93.261,201.05,347654.8239144378,0.001,0
2026-09-14T13:18:54Z,0.335,26.4167,7.74,0.8065,0.0852,0.2961,0.6875,150.561,154.932287,7.5058,93.282,173.47,347578.02984088485,0.002,0
2026-09-14T13:18:54Z,0.336,26.4249,7.74,0.8065,0.0852,0.2961,0.6271,150.583,154.947828,7.5042,93.298,210.12,347517.8265417421,0.002,0
2026-09-14T13:18:54Z,0.337,26.4336,7.74,0.8217,0.0852,0.2961,0.6724,150.618,154.961418,7.5031,93.31,189.35,347437.2681242403,0.002,0
2026-09-14T13:18:54Z,0.338,26.4416,7.74,0.8065,0.0852,0.2961,0.6271,150.656,154.964659,7.5032,93.326,193.59,347309.8955686427,0.002,0
2026-09-14T13:18:54Z,0.338,26.4455,7.83,0.7645,0.0852,0.2538,0.5515,150.696,154.958413,7.5043,93.343,183.83,347202.7480649611,0.001,0
2026-09-14T13:18:54Z,0.338,26.443,7.83,0.7378,0.0852,0.2538,0.7479,150.738,154.949025,7.506,93.353,192.5,347194.28822628333,0,0
2026-09-14T13:18:54Z,0.338,26.4354,7.83,0.7645,0.0852,0.2538,0.612,150.78,154.948015,7.508,93.357,176.09,347327.16669311037,-0.001,0
2026-09-14T13:18:54Z,0.338,26.4237,7.83,0.7645,0.0852,0.2538,0.5666,150.818,154.959115,7.5108,93.359,177.7,347604.8276010875,-0.001,0
2026-09-14T13:18:54Z,0.338,26.4079,7.83,0.7149,0.0426,0.2115,0.5969,150.856,154.977273,7.5144,93.362,160.63,347998.48329897755,-0.002,0
2026-09-14T13:18:54Z,0.337,26.3903,7.83,0.7569,0.0426,0.2115,0.5817,150.893,154.997311,7.5176,93.364,184.59,348436.4901504815,-0.003,0
2026-09-14T13:18:54Z,0.336,26.3758,7.83,0.7492,0.0426,0.2115,0.7026,150.922,155.01255,7.5199,93.352,172.87,348790.4748256998,-0.004,0
2026-09-14T13:18:54Z,0.335,26.3664,7.83,0.7797,0.0426,0.2115,0.5817,150.938,155.017034,7.5213,93.322,196.43,348988.9514013388,-0.005,0
2026-09-14T13:18:54Z,0.334,26.3596,7.74,0.7874,0.0852,0.2961,0.7177,150.942,155.009955,7.5225,93.285,169.78,349072.85663827544,-0.005,0
2026-09-14T13:18:54Z,0.332,26.3537,7.74,0.7454,0.0852,0.2961,0.5515,150.948,155.005455,7.5234,93.251,199.79,349155.19001714577,-0.006,0
2026-09-14T13:18:54Z,0.331,26.3488,7.74,0.7302,0.0852,0.2961,0.5817,150.962,155.014355,7.5231,93.221,166.85,349296.78568130644,-0.006,0
2026-09-14T13:18:54Z,0.329,26.3452,7.74,0.7797,0.0852,0.2961,0.6422,150.967,155.027004,7.5212,93.188,196.73,349436.25768221414,-0.006,0
2026-09-14T13:18:54Z,0.328,26.3414,7.74,0.7607,0.0426,0.2961,0.6422,150.958,155.032751,7.5188,93.145,178.4,349539.4591771182,-0.006,0
2026-09-14T13:18:54Z,0.326,26.3375,7.74,0.7378,0.0426,0.2961,0.5515,150.943,155.03313,7.5165,93.112,176.74,349613.4159374606,-0.006,0
2026-09-14T13:18:54Z,0.324,26.3359,7.74,0.7569,0.0426,0.2961,0.8083,150.943,155.042269,7.5143,93.107,181.77,349695.8472040378,-0.005,0
2026-09-14T13:18:54Z,0.323,26.3382,7.74,0.7874,0.0426,0.2961,0.6422,150.968,155.072626,7.5113,93.115,172.15,349829.52938470757,-0.005,0
2026-09-14T13:18:54Z,0.322,26.3434,7.74,0.7492,0.0426,0.2961,0.6422,151.016,155.128286,7.5072,93.113,188.16,350056.57393432985,-0.005,0
2026-09-14T13:18:54Z,0.321,26.3484,7.74,0.7721,0.0852,0.3384,0.5666,151.085,155.212069,7.5038,93.102,166.78,350450.54967239965,-0.004,0
2026-09-14T13:18:54Z,0.32,26.3515,7.74,0.7416,0.0852,0.3384,0.5515,151.178,155.328285,7.503,93.088,171.26,351068.19830934174,-0.004,0
2026-09-14T13:18:54Z,0.319,26.353,7.74,0.7378,0.0852,0.3384,0.612,151.317,155.497907,7.5035,93.069,157.93,352026.7561785394,-0.004,0
2026-09-14T13:18:54Z,0.318,26.355,7.74,0.8065,0.0852,0.3384,0.612,151.54,155.770175,7.5031,93.038,156.9,353576.1813834942,-0.003,0
2026-09-14T13:18:54Z,0.317,26.3594,7.74,0.8293,0.0852,0.2961,0.6573,151.896,156.217691,7.5016,92.983,182.32,356110.8132285905,-0.003,0
2026-09-14T13:18:54Z,0.316,26.3661,7.74,0.8293,0.0852,0.2961,0.6271,152.428,156.917713,7.4996,92.888,146.04,360100.30893124524,-0.002,0
2026-09-14T13:18:54Z,0.316,26.3748,7.74,0.8141,0.0852,0.2961,0.6271,152.982,157.742302,7.4969,92.739,171.48,364817.64789819054,-0.001,0
2026-09-14T13:18:54Z,0.316,26.3886,7.74,0.8026,0.0852,0.2961,0.612,153.245,158.346251,7.4926,92.499,158.44,368151.5689358903,0,0
2026-09-14T13:18:54Z,0.317,26.4152,7.83,0.8065,0.0426,0.2538,0.7026,153.169,158.594052,7.4846,92.131,185.84,369117.5724552215,0.001,0
2026-09-14T13:18:54Z,0.317,26.4654,7.83,0.8141,0.0426,0.2538,0.7026,152.951,158.619952,7.4702,91.679,163.48,368299.3742307347,0.001,0
2026-09-14T13:18:54Z,0.317,26.5488,7.83,0.837,0.0426,0.2538,0.612,152.766,158.585188,7.4471,91.297,167.91,366483.3749692746,0.001,0
2026-09-14T13:18:54Z,0.318,26.6578,7.83,0.8217,0.0426,0.2538,0.612,152.694,158.586711,7.4134,91.126,152.33,364403.7599062629,0.001,0
2026-09-14T13:18:54Z,0.318,26.7647,7.83,0.8065,0.0426,0.2538,0.5515,152.694,158.610897,7.3697,91.205,180.58,362512.3470243175,0.001,0
2026-09-14T13:18:54Z,0.318,26.8471,7.74,0.837,0.0426,0.2961,0.5969,152.677,158.598057,7.3226,91.5,188.85,360879.2183108183,0,0
2026-09-14T13:18:54Z,0.318,26.8986,7.74,0.8141,0.0426,0.2961,0.7026,152.627,158.54677,7.2853,91.949,156.39,359610.9881073141,-0,0
2026-09-14T13:18:54Z,0.318,26.9233,7.74,0.8217,0.0426,0.2961,0.612,152.574,158.493459,7.2683,92.479,190.38,358837.44330211653,0,0
2026-09-14T13:18:54Z,0.317,26.9313,7.74,0.837,0.0426,0.2961,0.6422,152.519,158.43994,7.2734,93.012,154.23,358376.481655391,0,0
2026-09-14T13:18:54Z,0.317,26.9329,7.74,0.7988,0.0426,0.2538,0.5969,152.438,158.359918,7.2968,93.469,186.08,357881.57651529164,0,0
2026-09-14T13:18:54Z,0.317,26.9331,7.74,0.8141,0.0426,0.2538,0.6724,152.349,158.270131,7.3325,93.788,164.01,357356.5517437256,0.001,0
2026-09-14T13:18:54Z,0.318,26.9336,7.74,0.7988,0.0426,0.2538,0.6422,152.3,158.218781,7.3747,93.956,166.34,357049.3158639441,0.001,0
2026-09-14T13:18:54Z,0.318,26.9347,7.74,0.8065,0.0426,0.2538,0.612,152.287,158.204197,7.417,94.014,160.97,356944.2492743428,0.001,0
2026-09-14T13:18:54Z,0.319,26.936,7.83,0.8141,0.0852,0.423,0.5817,152.272,158.186419,7.4533,94.017,177.24,356816.9652385854,0.001,0
2026-09-14T13:18:54Z,0.32,26.9368,7.83,0.8026,0.0852,0.423,0.5969,152.239,158.148682,7.4787,93.995,158.2,356583.34204467665,0.001,0
2026-09-14T13:18:54Z,0.32,26.9368,7.83,0.8179,0.0852,0.423,0.5817,152.198,158.100963,7.492,93.961,162.95,356306.8681802961,0,0
2026-09-14T13:18:54Z,0.319,26.9363,7.83,0.8179,0.0852,0.423,0.612,152.166,158.060596,7.4968,93.924,171.33,356082.3796903989,0,0
2026-09-14T13:18:54Z,0.319,26.9355,7.83,0.8217,0.0852,0.423,0.6724,152.159,158.044873,7.4971,93.884,140.72,356006.20303939463,-0.001,0
2026-09-14T13:18:54Z,0.319,26.9343,7.83,0.8332,0.0426,0.2115,0.6724,152.178,158.057616,7.4954,93.842,163.48,356102.27500156866,-0.001,0
2026-09-14T13:18:54Z,0.319,26.9326,7.83,0.8141,0.0426,0.2115,0.4911,152.201,158.07617,7.493,93.801,172.42,356241.3162508528,-0.001,0
2026-09-14T13:18:54Z,0.319,26.9304,7.83,0.8179,0.0426,0.2115,0.5969,152.199,158.071415,7.4904,93.755,140.38,356254.65937655076,-0.002,0
2026-09-14T13:18:54Z,0.318,26.9279,7.83,0.8217,0.0426,0.2115,0.6724,152.179,158.048096,7.4875,93.704,157.31,356166.045872576,-0.002,0
2026-09-14T13:18:54Z,0.318,26.9254,7.74,0.837,0.0852,0.3384,0.5817,152.16,158.026045,7.4845,93.653,165.16,356084.77976810164,-0.003,0
2026-09-14T13:18:54Z,0.317,26.9236,7.74,0.8141,0.0852,0.3384,0.5817,152.145,158.007399,7.4814,93.605,165.3,356010.2321485242,-0.003,0
2026-09-14T13:18:54Z,0.316,26.9227,7.74,0.898,0.0852,0.3384,0.5817,152.136,157.995201,7.4779,93.564,164.23,355956.3118148938,-0.002,0
2026-09-14T13:18:54Z,0.315,26.9219,7.74,0.8789,0.0852,0.3384,0.5817,152.137,157.994214,7.4739,93.534,168.82,355965.45450395864,-0.002,0
2026-09-14T13:18:54Z,0.315,26.921,7.74,0.8751,0.1278,0.3384,0.6724,152.15,158.004175,7.47,93.514,149.74,356039.85805250506,-0.002,0
2026-09-14T13:18:54Z,0.315,26.9201,7.74,0.8713,0.1278,0.3384,0.6875,152.163,158.015716,7.4663,93.503,170.66,356123.42598050064,-0.002,0
2026-09-14T13:18:54Z,0.314,26.9193,7.74,0.8866,0.1278,0.3384,0.5666,152.157,158.007866,7.4632,93.499,160.38,356092.8195599678,-0.003,0
2026-09-14T13:18:54Z,0.314,26.9184,7.74,0.8599,0.1278,0.3384,0.5817,152.132,157.978533,7.4608,93.503,154.2,355939.6514269925,-0.004,0
2026-09-14T13:18:54Z,0.313,26.9175,7.74,0.856,0.0852,0.2115,0.5817,152.111,157.951958,7.4594,93.513,166.71,355802.48558188434,-0.005,0
2026-09-14T13:18:54Z,0.312,26.9167,7.74,0.8522,0.0852,0.2115,0.6422,152.108,157.941093,7.4586,93.526,153.79,355754.43417345296,-0.007,0
2026-09-14T13:18:54Z,0.31,26.9161,7.74,0.8713,0.0852,0.2115,0.6422,152.088,157.908975,7.4584,93.534,172.94,355579.6553011985,-0.01,0
2026-09-14T13:18:54Z,0.308,26.9151,7.74,0.8827,0.0852,0.2115,0.6422,152.025,157.820985,7.4588,93.534,156.36,355089.150930909,-0.014,0
2026-09-14T13:18:54Z,0.304,26.9135,7.74,0.8751,0.0852,0.2115,0.6422,151.984,157.733821,7.4598,93.522,160.77,354614.9152156936,-0.02,0
2026-09-14T13:18:54Z,0.3,26.9109,7.74,0.8637,0.0852,0.1692,0.6724,152.033,157.712412,7.4612,93.485,160.1,354539.3191692971,-0.029,0
2026-09-14T13:18:54Z,0.293,26.9071,7.74,0.8141,0.0852,0.1692,0.5969,152.133,157.733008,7.4624,93.404,151.77,354728.6719992059,-0.039,0
2026-09-14T13:18:54Z,0.282,26.9,7.74,0.8026,0.0852,0.1692,0.5515,152.226,157.759011,7.4633,93.261,171.26,355010.52087552473,-0.049,0
2026-09-14T13:18:54Z,0.268,26.8854,7.74,0.8141,0.0852,0.1692,0.6875,152.297,157.789334,7.4643,93.048,172.01,355456.72428890294,-0.058,0
2026-09-14T13:18:54Z,0.249,26.8616,7.74,0.8103,0.0852,0.2115,0.6422,152.334,157.80801399999999,7.4646,92.774,189.3,356007.02678691735,-0.064,0
2026-09-14T13:18:54Z,0.229,26.8341,7.74,0.692,0.0852,0.2115,0.6422,152.311,157.771938,7.4618,92.463,226.13,356309.33487315616,-0.066,0
2026-09-14T13:18:54Z,0.208,26.8111,7.74,0.6958,0.0852,0.2115,0.5515,152.243,157.679505,7.4534,92.145,1361.3,356200.8823907771,-0.064,0
2026-09-14T13:18:54Z,0.19,26.7968,7.74,0.7073,0.0852,0.2115,0.6422,152.216,157.60426,7.4384,91.855,1591.5,356030.1650750696,-0.058,0
2026-09-14T13:18:54Z,0.176,26.7902,7.74,0.7035,0.0852,0.2115,0.6422,152.278,157.594273,7.4173,91.635,1491.4,356095.0261242006,-0.049,0
2026-09-14T13:18:54Z,0.166,26.7862,7.74,0.6806,0.0852,0.2115,0.6573,152.371,157.618816,7.393,91.515,277.07,356312.09383451205,-0.039,0
2026-09-14T13:18:54Z,0.158,26.7791,7.74,0.692,0.0852,0.2115,0.5515,152.43,157.648353,7.3685,91.499,212.27,356616.10678060085,-0.029,0
2026-09-14T13:18:54Z,0.153,26.7637,7.74,0.6806,0.0852,0.2115,0.6422,152.448,157.686751,7.3473,91.564,165.66,357126.903962863,-0.021,0
2026-09-14T13:18:54Z,0.149,26.7394,7.74,0.6958,0.0852,0.2115,0.6724,152.453,157.752266,7.3329,91.676,192.75,357963.1507934379,-0.013,0
2026-09-14T13:18:54Z,0.147,26.7158,7.74,0.6882,0.0852,0.3807,0.5515,152.473,157.862374,7.3264,91.792,196.34,359048.8644798455,-0.008,0
2026-09-14T13:18:54Z,0.146,26.7054,7.74,0.6996,0.0852,0.3807,0.6422,152.5,158.002356,7.3265,91.877,208.57,360063.7504736475,-0.003,0
2026-09-14T13:18:54Z,0.146,26.712,7.74,0.6844,0.0852,0.3807,0.612,152.497,158.12137,7.3308,91.904,216.14,360636.6652139309,0.002,0
2026-09-14T13:18:54Z,0.147,26.7317,7.74,0.7035,0.0852,0.3807,0.6573,152.443,158.183027,7.3372,91.852,222.14,360626.2195831797,0.005,0
2026-09-14T13:18:54Z,0.149,26.7611,7.74,0.692,0.0426,0.2115,0.612,152.329,158.173712,7.3426,91.712,217.45,360017.4580819592,0.008,0
2026-09-14T13:18:54Z,0.152,26.7978,7.74,0.6615,0.0426,0.2115,0.6875,152.15,158.078926,7.3446,91.486,232,358774.0252049844,0.011,0
2026-09-14T13:18:54Z,0.155,26.8375,7.74,0.7035,0.0426,0.2115,0.612,151.945,157.927505,7.3415,91.189,212.64,357149.62984980526,0.012,0
2026-09-14T13:18:54Z,0.159,26.8764,7.74,0.6844,0.0426,0.2115,0.612,151.786,157.787291,7.3323,90.89,224.76,355611.98212285136,0.012,0
2026-09-14T13:18:54Z,0.163,26.9122,7.74,0.7111,0.0852,0.2961,0.5213,151.698,157.687026,7.3164,90.692,218.02,354368.66475008515,0.012,0
2026-09-14T13:18:54Z,0.166,26.942,7.74,0.6958,0.0852,0.2961,0.6422,151.667,157.62602,7.2945,90.651,226.42,353466.4508157342,0.01,0
2026-09-14T13:18:54Z,0.169,26.9623,7.74,0.6767,0.0852,0.2961,0.5364,151.679,157.604034,7.2682,90.759,217.41,352965.8874394726,0.007,0
2026-09-14T13:18:54Z,0.171,26.9706,7.74,0.6844,0.0852,0.2961,0.5515,151.705,157.595162,7.2433,90.977,224.42,352762.1319303034,0.003,0
2026-09-14T13:18:54Z,0.171,26.9678,7.74,0.734,0.0426,0.2538,0.5969,151.73,157.583009,7.2278,91.256,221.6,352743.70738813037,-0.001,0
2026-09-14T13:18:54Z,0.171,26.9582,7.74,0.7797,0.0426,0.2538,0.6875,151.786,157.602409,7.2258,91.544,156.59,353031.99851936154,-0.006,0
2026-09-14T13:18:54Z,0.169,26.9467,7.74,0.7454,0.0426,0.2538,0.5364,151.903,157.684584,7.2359,91.783,167.51,353717.36648500507,-0.01,0
2026-09-14T13:18:54Z,0.165,26.9349,7.74,0.7607,0.0426,0.2538,0.5515,152.034,157.78932,7.2548,91.917,213.99,354539.6819609341,-0.015,0
2026-09-14T13:18:54Z,0.16,26.9225,7.74,0.8217,0.0426,0.2538,0.612,152.098,157.844346,7.2787,91.901,228.55,355087.18042614753,-0.018,0
2026-09-14T13:18:54Z,0.154,26.9095,7.74,0.8065,0.0852,0.2538,0.612,152.099,157.854316,7.3033,91.715,220.69,355385.82003660704,-0.02,0
2026-09-14T13:18:54Z,0.148,26.8966,7.74,0.7874,0.0852,0.2538,0.7328,152.123,157.896038,7.3241,91.402,207.66,355866.8039208741,-0.02,0
2026-09-14T13:18:54Z,0.142,26.8864,7.74,0.8217,0.0852,0.2538,0.476,152.227,158.022722,7.3361,91.055,180.19,356791.04549883836,-0.019,0
2026-09-14T13:18:54Z,0.137,26.8827,7.74,0.8103,0.0852,0.2538,0.5817,152.426,158.254123,7.3353,90.757,195.07,358204.64989506523,-0.017,0
2026-09-14T13:18:54Z,0.133,26.8855,7.83,0.8141,0.0852,0.2961,0.7177,152.714,158.599845,7.3201,90.548,198.83,360166.7576119678,-0.015,0
2026-09-14T13:18:54Z,0.13,26.8911,7.83,0.8141,0.0852,0.2961,0.6724,153.037,159.021816,7.2944,90.413,187.34,362528.8699035682,-0.011,0
2026-09-14T13:18:54Z,0.127,26.8971,7.83,0.8065,0.0852,0.2961,0.612,153.304,159.424144,7.266,90.266,173.32,364776.71969966695,-0.008,0
2026-09-14T13:18:54Z,0.125,26.9052,7.83,0.8141,0.0852,0.2961,0.6573,153.455,159.721729,7.2411,89.992,195.87,366374.42326763005,-0.004,0
2026-09-14T13:18:54Z,0.124,26.9205,7.83,0.8179,0.0852,0.2961,0.612,153.494,159.891727,7.2224,89.508,198.7,367084.27727554203,0.001,0
2026-09-14T13:18:54Z,0.125,26.9485,7.83,0.8065,0.0852,0.2961,0.5213,153.446,159.945406,7.2081,88.771,204.13,366864.7882850322,0.006,0
2026-09-14T13:18:54Z,0.127,26.9892,7.83,0.8065,0.0852,0.2961,0.5969,153.319,159.885061,7.1911,87.792,207.53,365732.1287296117,0.012,0
2026-09-14T13:18:54Z,0.131,27.0353,7.83,0.8293,0.0852,0.2961,0.6573,153.151,159.750721,7.1634,86.637,211.21,364067.2050625311,0.018,0
2026-09-14T13:18:54Z,0.136,27.0775,7.83,0.8293,0.0852,0.2961,0.6422,153.032,159.634831,7.1195,85.389,212.18,362591.1134438774,0.024,0
2026-09-14T13:18:54Z,0.143,27.1112,7.74,0.8065,0.0426,0.2961,0.5515,152.995,159.572624,7.0566,84.1,210.39,361593.3373111105,0.029,0
2026-09-14T13:18:54Z,0.151,27.1348,7.74,0.8141,0.0426,0.2961,0.612,153.004,159.535485,6.9758,82.805,172.27,360933.6999082108,0.034,0
2026-09-14T13:18:54Z,0.161,27.1481,7.74,0.8866,0.0426,0.2961,0.5969,153.03,159.509498,6.8824,81.549,190.38,360533.15679198934,0.039,0
2026-09-14T13:18:54Z,0.172,27.1507,7.74,0.8789,0.0426,0.2961,0.612,153.072,159.499752,6.7829,80.375,152.56,360427.80868075334,0.042,0
2026-09-14T13:18:54Z,0.184,27.143,7.74,0.8827,0.0426,0.423,0.6422,153.132,159.509659,6.6813,79.308,131.49,360629.71434367803,0.045,0
2026-09-14T13:18:54Z,0.196,27.1281,7.74,0.8827,0.0426,0.423,0.5213,153.192,159.523822,6.5801,78.377,144.31,360991.6531904357,0.047,0
2026-09-14T13:18:54Z,0.208,27.1106,7.74,0.9476,0.0426,0.423,0.5817,153.226,159.521963,6.4823,77.625,131.81,361309.6241946795,0.048,0
2026-09-14T13:18:54Z,0.221,27.0932,7.74,0.9438,0.0426,0.423,0.612,153.235,159.505589,6.391,77.086,106.97,361541.5180939915,0.049,0
2026-09-14T13:18:54Z,0.233,27.0761,7.83,0.9476,0.0852,0.423,0.6422,153.233,159.48837,6.3081,76.76,112.47,361763.06185476185,0.05,0
2026-09-14T13:18:54Z,0.245,27.0603,7.83,0.9362,0.0852,0.423,0.5666,153.231,159.479743,6.2358,76.587,103.04,362010.4357940648,0.05,0
2026-09-14T13:18:54Z,0.259,27.0479,7.83,0.9438,0.0852,0.423,0.6422,153.215,159.467386,6.1773,76.477,95.019,362172.13362694025,0.051,0
2026-09-14T13:18:54Z,0.272,27.0397,7.83,0.9667,0.0852,0.423,0.612,153.172,159.437982,6.1354,76.36,89.371,362155.1551162347,0.052,0
2026-09-14T13:18:54Z,0.285,27.0347,7.74,0.9209,0.0426,0.2961,0.5817,153.116,159.397722,6.11,76.217,93.564,362014.4320188051,0.054,0
2026-09-14T13:18:54Z,0.299,27.0323,7.74,0.9476,0.0426,0.2961,0.6573,153.071,159.363931,6.0965,76.061,95.807,361862.45308139775,0.055,0
2026-09-14T13:18:54Z,0.313,27.0337,7.74,0.9171,0.0426,0.2961,0.6422,153.05,159.349642,6.0876,75.903,95.62,361752.68122056185,0.057,0
2026-09-14T13:18:54Z,0.328,27.0387,7.74,0.9362,0.0426,0.2961,0.5817,153.052,159.359061,6.0777,75.76,96.224,361713.4177276677,0.058,0
2026-09-14T13:18:54Z,0.343,27.0447,7.74,0.9362,0.0426,0.2961,0.6875,153.08,159.398708,6.0658,75.688,92.574,361831.65452928515,0.059,0
2026-09-14T13:18:54Z,0.359,27.0491,7.74,0.9362,0.0852,0.2538,0.7026,153.113,159.453101,6.0529,75.785,91.992,362066.0940785712,0.059,0
2026-09-14T13:18:54Z,0.374,27.0516,7.74,0.9934,0.0852,0.2538,0.6422,153.12,159.488647,6.04,76.18,80.275,362226.40706906165,0.061,0
2026-09-14T13:18:54Z,0.388,27.0538,7.74,0.9857,0.0852,0.2538,0.5364,153.103,159.498795,6.0284,76.986,86.449,362244.1377030167,0.064,0
2026-09-14T13:18:54Z,0.403,27.0574,7.74,1.0239,0.0852,0.2538,0.6573,153.103,159.514312,6.0223,78.232,93.037,362266.7957634778,0.068,0
2026-09-14T13:18:54Z,0.42,27.0638,7.74,1.0086,0.0426,0.2538,0.6422,153.127,159.547352,6.0293,79.814,86.355,362338.9052605183,0.074,0
2026-09-14T13:18:54Z,0.439,27.0732,7.74,1.0697,0.0426,0.2538,0.7781,153.128,159.562633,6.0597,81.504,92.032,362250.7702214604,0.082,0
2026-09-14T13:18:54Z,0.461,27.0821,7.74,1.0659,0.0426,0.2538,0.9292,153.1,159.548197,6.1229,83.032,92.292,361998.7826423971,0.09,0
2026-09-14T13:18:54Z,0.485,27.0871,7.74,1.0582,0.0426,0.2538,0.8235,153.088,159.54028,6.2214,84.193,86.562,361858.4221002823,0.098,0
2026-09-14T13:18:54Z,0.512,27.09,7.83,1.0506,0.0852,0.3807,0.8839,153.096,159.544787,6.3468,84.902,97.72,361830.068651859,0.103,0
2026-09-14T13:18:54Z,0.541,27.0944,7.83,1.0735,0.0852,0.3807,0.6724,153.088,159.534861,6.4807,85.161,91.156,361689.37029981276,0.105,0
2026-09-14T13:18:54Z,0.571,27.0992,7.83,1.062,0.0852,0.3807,0.7328,153.065,159.513865,6.6017,84.979,84.078,361476.72591491306,0.103,0
2026-09-14T13:18:54Z,0.599,27.1009,7.83,1.0735,0.0852,0.3807,0.5666,153.036,159.488227,6.6938,84.385,93.078,361295.4517020002,0.097,0
2026-09-14T13:18:54Z,0.624,27.0998,7.83,1.0849,0.0852,0.3807,0.7177,152.992,159.447103,6.7503,83.47,83.097,361076.72852909676,0.088,0
2026-09-14T13:18:54Z,0.646,27.0992,7.83,1.1803,0.0426,0.423,0.6422,152.96,159.417604,6.771,82.361,83.133,360916.32608061,0.078,0
2026-09-14T13:18:54Z,0.663,27.1002,7.83,1.1574,0.0426,0.423,0.612,152.97,159.431945,6.7564,81.176,86.093,360980.98612433235,0.067,0
2026-09-14T13:18:54Z,0.678,27.1018,7.83,1.1612,0.0426,0.423,0.612,152.995,159.461887,6.709,79.996,79.063,361125.17614651035,0.058,0
2026-09-14T13:18:54Z,0.69,27.1032,7.83,1.1994,0.0426,0.423,0.6422,153.009,159.479339,6.6361,78.876,86.43,361200.44368958334,0.051,0
2026-09-14T13:18:54Z,0.701,27.1045,7.83,1.2451,0.0852,0.3807,0.5666,153.02,159.492965,6.5478,77.857,80.642,361255.32359607494,0.046,0
2026-09-14T13:18:54Z,0.711,27.1058,7.83,1.2566,0.0852,0.3807,0.6573,153.024,159.500384,6.4534,76.969,77.162,361274.07139028225,0.044,0
2026-09-14T13:18:54Z,0.721,27.1069,7.83,1.2375,0.0852,0.3807,0.5213,153.007,159.485538,6.3595,76.217,86.374,361166.97744650475,0.044,0
2026-09-14T13:18:54Z,0.732,27.1079,7.83,1.2299,0.0852,0.3807,0.612,152.98,159.464509,6.2703,75.578,83.932,361025.8078493001,0.045,0
2026-09-14T13:18:54Z,0.743,27.1087,7.83,1.2566,0.0852,0.2961,0.5817,152.958,159.453734,6.1892,75.026,77.447,360948.0861457439,0.047,0
2026-09-14T13:18:54Z,0.756,27.1095,7.83,1.2375,0.0852,0.2961,0.5213,152.934,159.446333,6.1186,74.538,79.944,360890.0035928398,0.049,0
2026-09-14T13:18:54Z,0.769,27.1107,7.83,1.2642,0.0852,0.2961,0.5666,152.917,159.450353,6.0586,74.088,88.156,360890.8513097692,0.05,0
2026-09-14T13:18:54Z,0.783,27.113,7.83,1.2375,0.0852,0.2961,0.7177,152.905,159.458853,6.0076,73.666,72.041,360897.10401760275,0.05,0
2026-09-14T13:18:54Z,0.796,27.1169,7.83,1.3176,0.0852,0.2538,0.7781,152.883,159.456061,5.9633,73.303,78.294,360807.64284846396,0.048,0
2026-09-14T13:18:54Z,0.809,27.1228,7.83,1.3405,0.0852,0.2538,0.8235,152.853,159.441235,5.9239,73.034,81.807,360610.72526182537,0.045,0
2026-09-14T13:18:54Z,0.82,27.1297,7.83,1.3291,0.0852,0.2538,0.9443,152.819,159.418439,5.8874,72.881,74.283,360348.8684500226,0.04,0
2026-09-14T13:18:54Z,0.83,27.1368,7.83,1.3138,0.0852,0.2538,0.9443,152.794,159.399632,5.8532,72.862,78.498,360106.61232140585,0.035,0
2026-09-14T13:18:54Z,0.838,27.1432,7.83,1.2871,0.0852,0.2538,0.8386,152.782,159.389819,5.8236,72.982,79.183,359929.81795695546,0.029,0
2026-09-14T13:18:54Z,0.845,27.1486,7.83,1.3024,0.0852,0.3807,0.612,152.779,159.386384,5.8016,73.233,71.402,359808.82979111414,0.023,0
2026-09-14T13:18:54Z,0.849,27.1526,7.83,1.3024,0.0852,0.3807,0.6724,152.785,159.388411,5.7891,73.583,77.633,359745.7574168517,0.019,0
2026-09-14T13:18:54Z,0.852,27.1551,7.83,1.3291,0.0852,0.3807,0.6422,152.798,159.396439,5.7873,73.962,78.84,359745.56148719107,0.015,0
2026-09-14T13:18:54Z,0.855,27.156,7.83,1.2986,0.0852,0.3807,0.6724,152.806,159.39858,5.7968,74.289,73.848,359741.145570281,0.013,0
2026-09-14T13:18:54Z,0.858,27.1558,7.83,1.268,0.0426,0.3807,0.6724,152.796,159.381375,5.8168,74.511,78.447,359645.09829230874,0.011,0
2026-09-14T13:18:54Z,0.86,27.1546,7.83,1.2451,0.0426,0.3807,0.5666,152.788,159.366291,5.8447,74.591,80.188,359580.0600033286,0.011,0
2026-09-14T13:18:54Z,0.863,27.1528,7.83,1.2528,0.0426,0.3807,0.5817,152.804,159.375358,5.8749,74.493,78.771,359666.300163578,0.011,0
2026-09-14T13:18:54Z,0.866,27.1507,7.83,1.2375,0.0426,0.3807,0.5515,152.823,159.388947,5.9011,74.215,80.519,359784.403765329,0.011,0
2026-09-14T13:18:54Z,0.869,27.1485,7.83,1.2375,0.0426,0.423,0.6422,152.832,159.392646,5.919,73.784,80.135,359847.02515450533,0.011,0
2026-09-14T13:18:54Z,0.872,27.1461,7.83,1.249,0.0426,0.423,0.5817,152.841,159.397461,5.9256,73.239,80.554,359919.8779066422,0.011,0
2026-09-14T13:18:54Z,0.875,27.1438,7.83,1.2795,0.0426,0.423,0.6271,152.844,159.39666,5.918,72.633,76.794,359958.27854246047,0.011,0
2026-09-14T13:18:54Z,0.877,27.1418,7.83,1.2566,0.0426,0.423,0.6271,152.835,159.384015,5.8961,72.02,81.011,359922.32425340783,0.011,0
2026-09-14T13:18:54Z,0.88,27.14,7.83,1.2566,0.0426,0.423,0.5515,152.84,159.386218,5.8621,71.455,73.848,359968.8042998408,0.012,0
2026-09-14T13:18:54Z,0.883,27.1384,7.83,1.2375,0.0852,0.2961,0.612,152.864,159.407863,5.819,71.009,77.498,360124.4191758507,0.013,0
2026-09-14T13:18:54Z,0.886,27.1371,7.83,1.2642,0.0852,0.2961,0.4911,152.876,159.414641,5.7709,70.78,75.651,360188.1253275353,0.015,0
2026-09-14T13:18:54Z,0.889,27.1361,7.83,1.2223,0.0852,0.2961,0.5969,152.87,159.400341,5.7223,70.855,75.421,360123.8195688441,0.017,0
2026-09-14T13:18:54Z,0.894,27.135,7.83,1.2566,0.0852,0.2961,0.612,152.877,159.393218,5.6775,71.27,75.078,360103.0609897815,0.02,0
2026-09-14T13:18:54Z,0.9,27.1338,7.83,1.2451,0.0426,0.3384,0.612,152.901,159.401389,5.6422,72.042,72.026,360172.9833668683,0.023,0
2026-09-14T13:18:54Z,0.907,27.1322,7.83,1.2642,0.0426,0.3384,0.5817,152.919,159.406993,5.6243,73.173,78.226,360235.5028254258,0.025,0
2026-09-14T13:18:54Z,0.914,27.1292,7.83,1.2375,0.0426,0.3384,0.7932,152.929,159.407514,5.6305,74.563,74.041,360294.7421350629,0.027,0
2026-09-14T13:18:54Z,0.921,27.1245,7.83,1.3214,0.0426,0.3384,0.7026,152.939,159.409104,5.664,76.001,74.509,360392.07300615695,0.028,0
2026-09-14T13:18:54Z,0.928,27.1192,7.83,1.2986,0.0426,0.2961,0.612,152.94,159.402165,5.7259,77.302,76.014,360451.1187789965,0.03,0
2026-09-14T13:18:54Z,0.935,27.115,7.83,1.3138,0.0426,0.2961,0.612,152.938,159.394867,5.8162,78.384,75.635,360487.4630654024,0.032,0
2026-09-14T13:18:54Z,0.943,27.1118,7.83,1.2909,0.0426,0.2961,0.5515,152.959,159.411317,5.927,79.255,78.806,360643.12190406764,0.036,0
2026-09-14T13:18:54Z,0.952,27.1088,7.83,1.2871,0.0426,0.2961,0.5817,152.986,159.433857,6.0417,79.982,77.229,360830.5087248196,0.04,0
2026-09-14T13:18:54Z,0.963,27.1062,7.83,1.2719,0.0852,0.423,0.6875,152.991,159.434427,6.1454,80.657,74.85,360882.6389035593,0.046,0
2026-09-14T13:18:54Z,0.975,27.1045,7.83,1.2986,0.0852,0.423,0.6724,152.991,159.427207,6.2316,81.35,78.806,360872.5541115467,0.051,0
2026-09-14T13:18:54Z,0.989,27.1027,7.83,1.2909,0.0852,0.423,0.4911,152.998,159.424301,6.301,82.122,75.915,360889.4444706418,0.055,0
2026-09-14T13:18:54Z,1.005,27.1008,7.83,1.3062,0.0852,0.423,0.9292,153.005,159.424933,6.359,83.027,74.17,360928.79906241986,0.058,0
2026-09-14T13:18:54Z,1.022,27.0992,7.83,1.2795,0.0852,0.423,0.763,153.007,159.427265,6.4129,84.027,72.481,360972.41628472426,0.059,0
2026-09-14T13:18:54Z,1.038,27.096800000000002,7.83,1.2833,0.0852,0.2538,0.899,153.005,159.425908,6.4683,84.982,75.503,361009.5996966594,0.057,0
2026-09-14T13:18:54Z,1.053,27.0936,7.83,1.3024,0.0852,0.2538,0.8083,152.998,159.420501,6.5301,85.717,74.785,361038.247513685,0.054,0
2026-09-14T13:18:54Z,1.067,27.0916,7.83,1.3825,0.0852,0.2538,0.5666,152.99,159.417618,6.6022,86.076,69.338,361059.0426206487,0.049,0
2026-09-14T13:18:54Z,1.079,27.0916,7.83,1.3367,0.0852,0.2538,0.6422,153.003,159.434528,6.6818,85.945,72.026,361157.4792070668,0.044,0
2026-09-14T13:18:54Z,1.089,27.0919,7.83,1.3748,0.0426,0.4653,0.612,153.035,159.467725,6.7576,85.299,73.576,361345.1362093784,0.04,0
2026-09-14T13:18:54Z,1.097,27.0925,7.83,1.3558,0.0426,0.4653,0.5817,153.055,159.485977,6.816,84.196,71.729,361440.15125510277,0.036,0
2026-09-14T13:18:54Z,1.106,27.0941,7.83,1.4016,0.0426,0.4653,0.8688,153.05,159.478119,6.8443,82.76,71.573,361364.2885483414,0.033,0
2026-09-14T13:18:54Z,1.113,27.0954,7.83,1.4321,0.0426,0.4653,0.8839,153.039,159.464101,6.8338,81.161,75.733,361258.2134387923,0.03,0
2026-09-14T13:18:54Z,1.121,27.0953,7.83,1.455,0.0426,0.423,0.8537,153.031,159.452209,6.7824,79.592,69.248,361190.8539555613,0.029,0
2026-09-14T13:18:54Z,1.128,27.0944,7.83,1.4206,0.0426,0.423,0.8235,153.031,159.445285,6.6948,78.225,72.749,361167.4586044783,0.028,0
2026-09-14T13:18:54Z,1.135,27.0936,7.83,1.4855,0.0426,0.423,0.8839,153.044,159.451501,6.5807,77.2,75.127,361218.6837691318,0.027,0
2026-09-14T13:18:54Z,1.142,27.0927,7.83,1.5084,0.0426,0.423,0.8235,153.055,159.458487,6.4537,76.633,67.348,361276.2788538716,0.025,0
2026-09-14T13:18:54Z,1.149,27.0914,7.83,1.4588,0.0426,0.423,0.899,153.057,159.458084,6.3291,76.607,72.355,361298.3739869864,0.024,0
2026-09-14T13:18:54Z,1.155,27.0894,7.92,1.4855,0.0426,0.3807,0.899,153.06,159.460205,6.2206,77.158,73.64,361348.33476057183,0.022,0
2026-09-14T13:18:54Z,1.16,27.0869,7.92,1.455,0.0426,0.3807,0.5515,153.067,159.465416,6.1394,78.206,69.248,361425.7084152869,0.02,0
2026-09-14T13:18:54Z,1.165,27.0852,7.92,1.4855,0.0426,0.3807,0.5817,153.066,159.46308199999999,6.0945,79.492,69.218,361444.0915383129,0.019,0
2026-09-14T13:18:54Z,1.169,27.0846,7.92,1.4931,0.0426,0.3807,0.5817,153.05,159.448572,6.0924,80.665,71.979,361370.8533946543,0.018,0
2026-09-14T13:18:54Z,1.173,27.0844,7.83,1.4969,0.0852,0.2961,0.4609,153.028,159.43004,6.1363,81.411,71.356,361266.67617947864,0.018,0
2026-09-14T13:18:54Z,1.177,27.0838,7.83,1.4931,0.0852,0.2961,0.612,153.01,159.416576,6.2197,81.539,69.203,361199.5476836368,0.019,0
2026-09-14T13:18:54Z,1.181,27.0834,7.83,1.4893,0.0852,0.2961,0.5213,153.008,159.420621,6.3221,81.008,67.7,361230.622847859,0.022,0
2026-09-14T13:18:54Z,1.187,27.0839,7.83,1.474,0.0852,0.2961,0.6724,153.033,159.451271,6.4153,79.898,72.418,361399.73629305506,0.027,0
2026-09-14T13:18:54Z,1.194,27.0853,7.83,1.4702,0.0852,0.423,0.5817,153.061,159.486638,6.4745,78.383,70.646,361579.44174441946,0.033,0
2026-09-14T13:18:54Z,1.202,27.0871,7.83,1.5046,0.0852,0.423,0.8537,153.072,159.504086,6.4845,76.715,68.485,361647.23052738747,0.04,0
2026-09-14T13:18:54Z,1.212,27.089,7.83,1.5084,0.0852,0.423,0.8235,153.074,159.512278,6.442,75.164,72.86,361659.1992320317,0.048,0
2026-09-14T13:18:54Z,1.226,27.0907,7.83,1.4778,0.0852,0.423,0.9443,153.079,159.523418,6.3535,73.944,71.635,361692.1095453512,0.056,0
2026-09-14T13:18:54Z,1.243,27.0925,7.83,1.4855,0.0852,0.423,0.7932,153.074,159.526449,6.2328,73.218,72.276,361675.8827048579,0.061,0
2026-09-14T13:18:54Z,1.261,27.0945,7.83,1.5656,0.0852,0.3384,0.8688,153.049,159.512157,6.1,73.106,68.025,361554.9687526005,0.064,0
2026-09-14T13:18:54Z,1.28,27.0965,7.83,1.5465,0.0852,0.3384,0.8083,153.024,159.494769,5.9764,73.641,70.769,361416.05760539573,0.065,0
2026-09-14T13:18:54Z,1.298,27.0985,7.83,1.5656,0.0852,0.3384,0.8839,153.012,159.485684,5.8792,74.719,70.707,361325.5351652601,0.062,0
2026-09-14T13:18:54Z,1.313,27.1013,7.83,1.558,0.0852,0.3384,0.8235,153.008,159.482479,5.8212,76.126,67.26,361254.2271506945,0.058,0
2026-09-14T13:18:54Z,1.327,27.1049,7.92,1.5656,0.0852,0.3384,0.899,153.011,159.486301,5.8118,77.616,69.67,361208.80227838596,0.052,0
2026-09-14T13:18:54Z,1.339,27.1079,7.92,1.5656,0.0852,0.3384,0.8839,153.024,159.498171,5.8541,78.948,69.534,361221.5048075861,0.046,0
2026-09-14T13:18:54Z,1.35,27.109,7.92,1.5351,0.0852,0.3384,0.899,153.036,159.507226,5.9397,79.928,68.529,361253.53259519156,0.041,0
2026-09-14T13:18:54Z,1.36,27.1093,7.92,1.5808,0.0852,0.3384,0.8839,153.044,159.509866,6.0515,80.446,67.48,361263.2575166909,0.036,0
2026-09-14T13:18:54Z,1.368,27.1095,7.92,1.474,0.0426,0.3384,0.5364,153.05,159.510805,6.17,80.471,70.738,361264.9608443934,0.032,0
2026-09-14T13:18:54Z,1.375,27.109,7.92,1.5007,0.0426,0.3384,0.7479,153.04,159.494258,6.2759,80.051,67.627,361178.04466634546,0.028,0
2026-09-14T13:18:54Z,1.382,27.1078,7.92,1.4931,0.0426,0.3384,0.5364,153.009,159.457817,6.3539,79.319,67.202,360988.5304192571,0.025,0
2026-09-14T13:18:54Z,1.388,27.1061,7.92,1.4855,0.0426,0.3384,0.6422,152.999,159.443871,6.3953,78.408,71.371,360939.3169742156,0.022,0
2026-09-14T13:18:54Z,1.393,27.1043,7.92,1.4855,0.0852,0.2961,0.6422,153.014,159.456718,6.3975,77.412,69.323,361047.8791301905,0.02,0
2026-09-14T13:18:54Z,1.397,27.1023,7.92,1.4893,0.0852,0.2961,0.6724,153.021,159.461706,6.3644,76.399,65.987,361114.48493644234,0.018,0
2026-09-14T13:18:54Z,1.401,27.1008,7.92,1.4664,0.0852,0.2961,0.5817,153.023,159.462168,6.3063,75.415,71.387,361145.3607548443,0.016,0
2026-09-14T13:18:54Z,1.405,27.0997,7.92,1.5007,0.0852,0.2961,0.5817,153.035,159.472257,6.234,74.502,70.248,361224.76407046686,0.015,0
2026-09-14T13:18:54Z,1.409,27.0988,7.92,1.5236,0.0852,0.2961,0.8235,153.046,159.480635,6.1549,73.702,67.892,361290.4589434481,0.014,0
2026-09-14T13:18:54Z,1.413,27.098,7.92,1.5351,0.0852,0.3807,0.8235,153.039,159.471496,6.0744,73.065,68.559,361252.28839226026,0.014,0
2026-09-14T13:18:54Z,1.416,27.0974,7.92,1.5503,0.0852,0.3807,0.8688,153.025,159.456434,5.9963,72.629,71.046,361175.8785201014,0.013,0
2026-09-14T13:18:54Z,1.419,27.0966,7.92,1.5503,0.0852,0.3807,0.8083,153.019,159.44947,5.9237,72.41,69.037,361150.3737401318,0.013,0
2026-09-14T13:18:54Z,1.423,27.0958,7.92,1.4817,0.0852,0.3807,0.7932,153.019,159.448746,5.8603,72.396,68.962,361161.19400968775,0.013,0
2026-09-14T13:18:54Z,1.426,27.0951,7.92,1.4626,0.0852,0.3807,0.8386,153.025,159.452066,5.8097,72.538,72.151,361193.6779987131,0.013,0
2026-09-14T13:18:54Z,1.429,27.0948,7.92,1.5007,0.0852,0.3807,0.8386,153.035,159.458309,5.775,72.769,71.635,361235.6638388975,0.012,0
2026-09-14T13:18:54Z,1.432,27.0948,7.92,1.4626,0.0852,0.3807,0.8688,153.049,159.469141,5.7576,73.023,67.656,361298.7335579119,0.012,0
2026-09-14T13:18:54Z,1.435,27.0944,7.92,1.5427,0.0852,0.3807,0.8386,153.059,159.477429,5.7566,73.237,69.852,361354.5172868501,0.011,0
2026-09-14T13:18:54Z,1.438,27.0935,7.92,1.5541,0.0426,0.3807,0.7479,153.052,159.467347,5.768,73.351,72.828,361312.72962060163,0.01,0
2026-09-14T13:18:54Z,1.441,27.0922,7.92,1.5618,0.0426,0.3807,0.9292,153.028,159.442216,5.7864,73.342,68.888,361190.8392101266,0.01,0
2026-09-14T13:18:54Z,1.443,27.091,7.92,1.5694,0.0426,0.3807,0.7932,153.014,159.427403,5.8068,73.232,70.126,361127.1537271625,0.009,0
2026-09-14T13:18:54Z,1.445,27.09,7.92,1.558,0.0426,0.3807,0.6271,153.009,159.422965,5.8239,73.067,70.738,361120.1110983423,0.009,0
2026-09-14T13:18:54Z,1.448,27.0894,7.92,1.5656,0.0426,0.3807,0.612,152.995,159.409682,5.833,72.924,71.046,361054.0594536298,0.01,0
2026-09-14T13:18:54Z,1.45,27.0892,7.92,1.5541,0.0426,0.3807,0.6422,152.981,159.394033,5.8323,72.9,70.738,360966.7275662539,0.01,0
2026-09-14T13:18:54Z,1.452,27.0893,7.92,1.5656,0.0426,0.3807,0.7026,152.979,159.389882,5.8235,73.06,70.754,360940.68856319104,0.011,0
2026-09-14T13:18:54Z,1.455,27.0896,7.92,1.4969,0.0426,0.3807,0.5515,152.983,159.390109,5.8104,73.436,72.073,360936.37302617385,0.013,0
2026-09-14T13:18:54Z,1.458,27.0897,7.92,1.4931,0.0426,0.3807,0.6573,152.989,159.392771,5.799,74.037,71.729,360949.9864158327,0.014,0
2026-09-14T13:18:54Z,1.462,27.0896,7.92,1.5007,0.0852,0.5076,0.612,153.009,159.412605,5.7971,74.812,70.846,361067.3117333815,0.016,0
2026-09-14T13:18:54Z,1.467,27.089,7.92,1.4626,0.0852,0.5076,0.5062,153.034,159.438867,5.8099,75.633,71.869,361231.4890505462,0.018,0
2026-09-14T13:18:54Z,1.472,27.0878,7.92,1.5007,0.0852,0.5076,0.5515,153.042,159.450503,5.8399,76.356,72.041,361321.81364998623,0.02,0
2026-09-14T13:18:54Z,1.477,27.0865,7.92,1.4778,0.0852,0.5076,0.5817,153.036,159.450615,5.8879,76.853,70.08,361346.91318116337,0.022,0
2026-09-14T13:18:54Z,1.483,27.0859,7.92,1.4931,0.0852,0.5076,0.7177,153.025,159.445247,5.9496,77.02,71.232,361326.9304070177,0.023,0
2026-09-14T13:18:54Z,1.489,27.0861,7.92,1.4817,0.0852,0.5076,0.5515,153.007,159.432967,6.0148,76.816,72.182,361251.6498927406,0.025,0
2026-09-14T13:18:54Z,1.495,27.0872,7.92,1.4855,0.0852,0.5076,0.899,152.986,159.416514,6.0722,76.265,70.279,361135.1644146979,0.026,0
2026-09-14T13:18:54Z,1.502,27.0891,7.92,1.5084,0.0852,0.5076,0.7932,152.965,159.397514,6.1115,75.447,69.474,360988.84985949355,0.026,0
2026-09-14T13:18:54Z,1.51,27.0914,7.92,1.4931,0.0426,0.423,0.9141,152.945,159.378915,6.1246,74.476,71.48,360837.4036147435,0.026,0
2026-09-14T13:18:54Z,1.517,27.0935,7.92,1.4855,0.0426,0.423,0.8839,152.944,159.379807,6.1081,73.476,70.508,360803.15650749434,0.024,0
2026-09-14T13:18:54Z,1.523,27.095,7.92,1.4855,0.0426,0.423,0.612,152.961,159.398424,6.0641,72.552,68.663,360883.3094717223,0.023,0
2026-09-14T13:18:54Z,1.528,27.0961,7.92,1.4778,0.0426,0.423,0.6422,152.967,159.405661,5.9989,71.784,70.141,360904.7589569158,0.021,0
2026-09-14T13:18:54Z,1.533,27.096800000000002,7.92,1.4969,0.0426,0.423,0.6875,152.955,159.393426,5.9217,71.213,71.387,360820.42314400396,0.019,0
2026-09-14T13:18:54Z,1.537,27.0973,7.92,1.474,0.0852,0.3384,0.6724,152.934,159.372487,5.8421,70.835,70.508,360689.2257272444,0.018,0
2026-09-14T13:18:54Z,1.542,27.0977,7.92,1.4893,0.0852,0.3384,0.5364,152.919,159.3573,5.7686,70.608,70.233,360593.3874637598,0.017,0
2026-09-14T13:18:54Z,1.546,27.0979,7.92,1.4931,0.0852,0.3384,0.7932,152.916,159.355841,5.7075,70.475,71.979,360581.1482081643,0.016,0
2026-09-14T13:18:54Z,1.55,27.0981,7.92,1.4969,0.0852,0.3384,0.8537,152.923,159.363712,5.6621,70.409,71.573,360623.16912126215,0.015,0
2026-09-14T13:18:54Z,1.553,27.0983,7.92,1.4893,0.0852,0.423,0.8386,152.93,159.370988,5.6321,70.411,72.718,360661.7323390104,0.015,0
2026-09-14T13:18:54Z,1.557,27.0987,7.92,1.5007,0.0852,0.423,0.8083,152.94,159.379609,5.614,70.475,71.093,360704.3666473064,0.015,0
2026-09-14T13:18:54Z,1.561,27.0991,7.92,1.5503,0.0852,0.423,0.7479,152.967,159.403898,5.6034,70.595,72.151,360838.1510563809,0.014,0
2026-09-14T13:18:54Z,1.565,27.0995,7.92,1.5465,0.0852,0.423,0.6422,152.991,159.42428,5.5981,70.805,73.72,360949.22886301344,0.014,0
2026-09-14T13:18:54Z,1.568,27.0995,7.92,1.558,0.0852,0.423,0.6422,152.993,159.420134,5.5983,71.157,71.356,360925.1026571038,0.014,0
2026-09-14T13:18:54Z,1.572,27.0989,7.92,1.558,0.0852,0.423,0.5817,152.989,159.408392,5.6034,71.676,71.744,360868.04963074543,0.013,0
2026-09-14T13:18:54Z,1.575,27.0975,7.92,1.4664,0.0852,0.423,0.5515,152.988,159.399951,5.6131,72.358,73.688,360845.2275671353,0.013,0
2026-09-14T13:18:54Z,1.578,27.0958,7.92,1.474,0.0852,0.423,0.6422,152.996,159.400578,5.6299,73.175,72.229,360880.7998910239,0.012,0
2026-09-14T13:18:54Z,1.581,27.094,7.92,1.5007,0.0852,0.423,0.5969,153.015,159.414446,5.6581,74.071,72.276,360995.31277522683,0.012,0
2026-09-14T13:18:54Z,1.584,27.0916,7.83,1.4817,0.0426,0.423,0.6724,153.038,159.431224,5.6997,74.97,72.402,361138.07379371044,0.011,0
2026-09-14T13:18:54Z,1.587,27.089,7.83,1.5389,0.0426,0.423,0.5515,153.051,159.439355,5.7542,75.824,72.939,361234.29020309733,0.01,0
2026-09-14T13:18:54Z,1.59,27.0866,7.83,1.5732,0.0426,0.423,0.6422,153.059,159.445012,5.8194,76.612,73.003,361312.361262103,0.009,0
2026-09-14T13:18:54Z,1.592,27.0844,7.83,1.5503,0.0426,0.423,0.5515,153.073,159.459726,5.8909,77.283,71.682,361439.4477941469,0.008,0
2026-09-14T13:18:54Z,1.594,27.0822,7.92,1.5656,0.0852,0.3384,0.5666,153.074,159.461367,5.9626,77.754,72.86,361490.40038955957,0.008,0
2026-09-14T13:18:54Z,1.595,27.0804,7.92,1.5503,0.0852,0.3384,0.9443,153.047,159.434339,6.0307,77.979,74.736,361366.8033450335,0.008,0
2026-09-14T13:18:54Z,1.597,27.0796,7.92,1.5503,0.0852,0.3384,0.7479,153.024,159.411517,6.0935,77.951,72.276,361248.9151183694,0.008,0
2026-09-14T13:18:54Z,1.599,27.0795,7.92,1.5465,0.0852,0.3384,0.899,153.018,159.406857,6.1468,77.679,73.034,361223.6542946111,0.009,0
2026-09-14T13:18:54Z,1.601,27.0798,7.92,1.5656,0.0426,0.2961,0.8839,153.005,159.397072,6.1842,77.191,75.029,361161.02819953806,0.011,0
2026-09-14T13:18:54Z,1.604,27.0801,7.92,1.5732,0.0426,0.2961,0.612,152.982,159.377547,6.2021,76.537,74.655,361041.69888340286,0.013,0
2026-09-14T13:18:54Z,1.607,27.0805,7.92,1.5503,0.0426,0.2961,0.6724,152.974,159.373137,6.1998,75.783,74.98,361008.5055269537,0.015,0
2026-09-14T13:18:54Z,1.611,27.0812,7.92,1.558,0.0426,0.2961,0.7479,152.99,159.392689,6.1781,75.025,73.13,361109.18470974214,0.017,0
2026-09-14T13:18:54Z,1.616,27.0823,7.92,1.5274,0.0852,0.3384,0.5817,153.005,159.411354,6.1392,74.379,75.16,361197.191706801,0.019,0
2026-09-14T13:18:54Z,1.622,27.0836,7.92,1.5503,0.0852,0.3384,0.8386,153.012,159.420081,6.087,73.949,74.639,361223.56949955755,0.02,0
2026-09-14T13:18:54Z,1.627,27.085,7.92,1.5656,0.0852,0.3384,0.8688,153.012,159.421197,6.0269,73.795,72.623,361203.7443871462,0.02,0
2026-09-14T13:18:54Z,1.632,27.0862,7.92,1.558,0.0852,0.3384,0.7932,153.005,159.412995,5.9665,73.891,74.899,361133.4260288715,0.02,0
2026-09-14T13:18:54Z,1.637,27.0871,7.92,1.5503,0.0852,0.3384,0.7781,153,159.407317,5.915,74.154,74.347,361083.4514247887,0.019,0
2026-09-14T13:18:54Z,1.642,27.0876,7.92,1.5618,0.0852,0.3807,0.9141,153.002,159.408661,5.8808,74.504,73.608,361081.87725283636,0.018,0
2026-09-14T13:18:54Z,1.646,27.0878,7.92,1.5427,0.0852,0.3807,0.8083,153,159.407366,5.8685,74.897,72.971,361070.57826716837,0.018,0
2026-09-14T13:18:54Z,1.65,27.0877,7.92,1.5503,0.0852,0.3807,0.8235,152.996,159.405089,5.8762,75.296,72.449,361059.2006445283,0.018,0
2026-09-14T13:18:54Z,1.655,27.0875,7.92,1.577,0.0852,0.3807,0.8839,152.998,159.40924,5.8971,75.656,73.05,361087.12292866874,0.018,0
2026-09-14T13:18:54Z,1.659,27.0874,7.92,1.6419,0.0852,0.4653,0.6573,152.994,159.4089,5.9249,75.923,72.073,361087.0215530562,0.018,0
2026-09-14T13:18:54Z,1.664,27.0876,7.92,1.6304,0.0852,0.4653,0.5515,152.985,159.401976,5.9562,76.072,72.623,361042.9534952462,0.018,0
2026-09-14T13:18:54Z,1.668,27.0881,7.92,1.6114,0.0852,0.4653,0.6422,152.971,159.39063,5.9878,76.125,73.273,360967.51332497277,0.017,0
2026-09-14T13:18:54Z,1.673,27.0888,7.92,1.6495,0.0852,0.4653,0.5817,152.946,159.365824,6.0164,76.118,73.05,360810.00115295115,0.017,0
2026-09-14T13:18:54Z,1.677,27.0899,7.92,1.6075,0.0852,0.2961,0.612,152.92,159.338981,6.0376,76.064,73.13,360633.1776832049,0.017,0
2026-09-14T13:18:54Z,1.681,27.091,7.92,1.5923,0.0852,0.2961,0.6875,152.912,159.328996,6.0493,75.968,72.828,360554.45443529787,0.017,0
2026-09-14T13:18:54Z,1.686,27.0919,7.92,1.6266,0.0852,0.2961,0.6422,152.912,159.327194,6.0533,75.841,74.234,360527.0851137291,0.016,0
2026-09-14T13:18:54Z,1.69,27.0924,7.92,1.6114,0.0852,0.2961,0.5817,152.907,159.319064,6.0527,75.688,73.928,360470.42382599995,0.016,0
2026-09-14T13:18:54Z,1.694,27.0924,7.92,1.5351,0.0852,0.2961,0.4911,152.902,159.312459,6.0485,75.514,73.273,360432.0151634115,0.016,0
2026-09-14T13:18:54Z,1.698,27.0918,7.92,1.5808,0.0426,0.2538,0.6422,152.91,159.319647,6.0409,75.334,73.961,360485.0677416473,0.015,0
2026-09-14T13:18:54Z,1.702,27.0911,7.92,1.5465,0.0426,0.2538,0.612,152.933,159.342545,6.0309,75.144,74.541,360631.37781171565,0.015,0
2026-09-14T13:18:54Z,1.706,27.0904,7.92,1.5656,0.0426,0.2538,0.5213,152.952,159.363208,6.0187,74.943,72.987,360764.72480049654,0.015,0
2026-09-14T13:18:54Z,1.709,27.0898,7.92,1.5198,0.0426,0.2538,0.8083,152.958,159.371114,6.005,74.758,73.432,360821.9913484274,0.015,0
2026-09-14T13:18:54Z,1.713,27.0894,7.92,1.5427,0.0426,0.3807,0.8386,152.954,159.370376,5.9907,74.6,72.987,360825.2074294517,0.015,0
2026-09-14T13:18:54Z,1.717,27.0892,7.92,1.5923,0.0426,0.3807,0.8083,152.943,159.3628,5.9756,74.446,72.876,360784.87936698535,0.014,0
2026-09-14T13:18:54Z,1.721,27.0892,7.92,1.5732,0.0426,0.3807,0.9141,152.936,159.360397,5.9597,74.277,72.56,360770.89618550544,0.014,0
2026-09-14T13:18:54Z,1.724,27.0897,7.92,1.5999,0.0426,0.3807,0.6271,152.933,159.360521,5.9449,74.087,70.815,360762.22836642794,0.015,0
2026-09-14T13:18:54Z,1.728,27.0908,7.92,1.5885,0.1278,0.3807,0.5515,152.922,159.35118,5.9322,73.878,71.635,360687.23109443707,0.015,0
2026-09-14T13:18:54Z,1.732,27.0923,7.92,1.6075,0.1278,0.3807,0.5969,152.913,159.34191,5.9198,73.647,73.034,360605.1525651225,0.015,0
2026-09-14T13:18:54Z,1.736,27.0938,7.92,1.6114,0.1278,0.3807,0.5515,152.919,159.346271,5.9062,73.409,71.558,360602.3656164317,0.015,0
2026-09-14T13:18:54Z,1.74,27.0949,7.92,1.5656,0.1278,0.3807,0.6422,152.931,159.357409,5.891,73.196,71.139,360646.5023381456,0.016,0
2026-09-14T13:18:54Z,1.743,27.0955,7.92,1.5694,0.0426,0.423,0.6271,152.933,159.358253,5.8743,73.054,72.797,360640.14931414876,0.016,0
2026-09-14T13:18:54Z,1.747,27.0955,7.92,1.558,0.0426,0.423,0.612,152.925,159.349027,5.856,73.028,72.481,360586.4885213058,0.017,0
2026-09-14T13:18:54Z,1.752,27.0951,7.92,1.5694,0.0426,0.423,0.5515,152.92,159.343305,5.837,73.137,72.229,360560.71504675964,0.018,0
2026-09-14T13:18:54Z,1.756,27.0946,7.92,1.6075,0.0426,0.423,0.8386,152.924,159.347577,5.8201,73.374,71.932,360594.9414966289,0.019,0
2026-09-14T13:18:54Z,1.761,27.0942,7.92,1.6152,0.0426,0.423,0.8386,152.926,159.350957,5.8089,73.746,72.686,360622.1052609016,0.02,0
2026-09-14T13:18:54Z,1.767,27.0939,7.92,1.6152,0.0852,0.3807,0.8688,152.924,159.350339,5.8068,74.282,72.892,360624.13900096365,0.02,0
2026-09-14T13:18:54Z,1.773,27.0937,7.92,1.5923,0.0852,0.3807,0.899,152.929,159.357582,5.8155,74.978,71.511,360670.0210528533,0.02,0
2026-09-14T13:18:54Z,1.778,27.0937,7.92,1.6152,0.0852,0.3807,0.9141,152.932,159.360589,5.8344,75.769,71.309,360687.51096405985,0.019,0
2026-09-14T13:18:54Z,1.783,27.094,7.92,1.6152,0.0852,0.3807,0.8386,152.914,159.342126,5.864,76.552,71.418,360574.4891238293,0.018,0
2026-09-14T13:18:54Z,1.788,27.0947,7.92,1.6152,0.0852,0.423,0.8839,152.901,159.32733,5.9065,77.249,72.088,360475.30936912383,0.017,0
2026-09-14T13:18:54Z,1.792,27.0952,7.92,1.6266,0.0852,0.423,0.8839,152.913,159.338308,5.9618,77.82,70.861,360529.7654015933,0.017,0
2026-09-14T13:18:54Z,1.795,27.0954,7.92,1.5503,0.0852,0.423,0.8386,152.926,159.349932,6.0246,78.242,70.279,360593.61201736744,0.016,0
2026-09-14T13:18:54Z,1.799,27.0953,7.92,1.5808,0.0852,0.423,0.8386,152.926,159.349266,6.087,78.481,71.542,360591.6138185719,0.016,0
2026-09-14T13:18:54Z,1.803,27.0949,7.92,1.5351,0.0426,0.3384,0.8235,152.928,159.352168,6.1425,78.477,70.218,360615.9972299468,0.017,0
2026-09-14T13:18:54Z,1.807,27.0943,7.92,1.558,0.0426,0.3384,0.8235,152.942,159.367427,6.1879,78.176,70.324,360716.015311271,0.017,0
2026-09-14T13:18:54Z,1.812,27.0938,7.92,1.6266,0.0426,0.3384,0.7026,152.965,159.391095,6.2214,77.6,70.508,360863.1030029959,0.018,0
2026-09-14T13:18:54Z,1.817,27.0937,7.92,1.6228,0.0426,0.3384,0.9443,152.992,159.417461,6.2405,76.828,70.233,361018.41814142105,0.018,0
2026-09-14T13:18:54Z,1.821,27.0938,7.92,1.6037,0.0426,0.3384,0.8386,153.02,159.443534,6.2401,75.949,69.867,361168.30930942664,0.019,0
2026-09-14T13:18:54Z,1.826,27.094,7.92,1.6304,0.0852,0.423,0.9443,153.037,159.456226,6.2162,75.051,70.096,361238.4422052738,0.019,0
2026-09-14T13:18:54Z,1.831,27.0938,7.92,1.5999,0.0852,0.423,0.7781,153.023,159.436874,6.1704,74.238,70.126,361129.5341136759,0.019,0
2026-09-14T13:18:54Z,1.836,27.0933,7.92,1.6228,0.0852,0.423,0.8235,152.981,159.390338,6.1091,73.617,69.867,360868.080198718,0.018,0
2026-09-14T13:18:54Z,1.841,27.0923,7.92,1.5999,0.0852,0.423,0.899,152.937,159.344292,6.0393,73.251,70.05,360618.9707651473,0.018,0
2026-09-14T13:18:54Z,1.845,27.0908,7.92,1.6228,0.0852,0.423,0.8235,152.909,159.316519,5.968,73.162,69.852,360485.58897434076,0.017,0
2026-09-14T13:18:54Z,1.849,27.0894,7.92,1.6228,0.0852,0.423,0.5817,152.894,159.303619,5.9036,73.359,70.233,360436.8353587915,0.015,0
2026-09-14T13:18:54Z,1.853,27.0885,7.92,1.6228,0.0852,0.423,0.5364,152.883,159.294139,5.8543,73.837,69.959,360398.5910756994,0.014,0
2026-09-14T13:18:54Z,1.856,27.0884,7.92,1.6228,0.0852,0.423,0.476,152.884,159.297573,5.8252,74.533,70.279,360420.43402927363,0.012,0
2026-09-14T13:18:54Z,1.859,27.0887,7.92,1.6152,0.0852,0.3384,0.5515,152.902,159.318845,5.8181,75.327,70.05,360538.514313431,0.011,0
2026-09-14T13:18:54Z,1.862,27.0893,7.92,1.6686,0.0852,0.3384,0.7177,152.92,159.339581,5.8337,76.1,69.504,360647.86786666163,0.009,0
2026-09-14T13:18:54Z,1.864,27.0901,7.92,1.6648,0.0852,0.3384,0.7781,152.93,159.351279,5.8717,76.779,69.293,360700.90183991287,0.008,0
2026-09-14T13:18:54Z,1.866,27.091,7.92,1.6724,0.0852,0.3384,0.9594,152.935,159.355057,5.9269,77.325,69.143,360705.9843723925,0.007,0
2026-09-14T13:18:54Z,1.867,27.0918,7.92,1.6724,0.0852,0.3384,0.763,152.934,159.351921,5.99,77.725,69.807,360672.7232778128,0.007,0
2026-09-14T13:18:54Z,1.868,27.0925,7.92,1.6304,0.0852,0.3384,0.899,152.929,159.345043,6.0514,77.983,68.843,360619.5761378669,0.007,0
2026-09-14T13:18:54Z,1.87,27.0927,7.92,1.6075,0.0852,0.3384,0.8537,152.932,159.346616,6.1053,78.093,69.898,360624.9715991703,0.008,0
2026-09-14T13:18:54Z,1.872,27.0924,7.92,1.6343,0.0852,0.3384,0.8839,152.944,159.359066,6.1487,78.038,69.731,360703.0228100315,0.009,0
2026-09-14T13:18:54Z,1.875,27.0918,7.92,1.6419,0.0852,0.3384,0.8688,152.953,159.367675,6.1806,77.819,68.589,360764.3707996646,0.011,0
2026-09-14T13:18:54Z,1.878,27.0912,7.92,1.6724,0.0852,0.4653,0.8235,152.942,159.3567,6.2012,77.424,69.203,360711.78392788535,0.011,0
2026-09-14T13:18:54Z,1.882,27.0908,7.92,1.68,0.0852,0.4653,0.8386,152.917,159.333238,6.21,76.821,68.604,360582.8128502556,0.012,0
2026-09-14T13:18:54Z,1.885,27.0905,7.92,1.68,0.0852,0.4653,0.8688,152.903,159.321092,6.2056,76.002,69.127,360517.79934435966,0.012,0
2026-09-14T13:18:54Z,1.887,27.0904,7.92,1.6877,0.0852,0.4653,0.899,152.893,159.313016,6.1882,74.996,69.308,360472.7081584506,0.012,0
2026-09-14T13:18:54Z,1.89,27.0907,7.92,1.6838,0.0852,0.3384,0.8688,152.87,159.290823,6.1568,73.869,69.368,360338.03574081813,0.012,0
2026-09-14T13:18:54Z,1.893,27.0913,7.92,1.6686,0.0852,0.3384,0.9594,152.851,159.272645,6.1088,72.72,68.277,360221.1091356914,0.012,0
2026-09-14T13:18:54Z,1.896,27.0922,7.92,1.6877,0.0852,0.3384,0.8386,152.85,159.273675,6.0436,71.656,68.858,360210.22241672914,0.012,0
2026-09-14T13:18:54Z,1.9,27.093,7.92,1.6648,0.0852,0.3384,0.899,152.85,159.274146,5.9635,70.767,68.485,360197.9620586405,0.013,0
2026-09-14T13:18:54Z,1.903,27.0936,7.92,1.6228,0.0426,0.3807,0.8839,152.837,159.262161,5.8737,70.112,67.877,360117.059495956,0.013,0
2026-09-14T13:18:54Z,1.906,27.0941,7.92,1.6266,0.0426,0.3807,0.8839,152.824,159.250556,5.7823,69.704,68.217,360040.25138468563,0.014,0
2026-09-14T13:18:54Z,1.91,27.0946,7.92,1.6152,0.0426,0.3807,0.8083,152.824,159.252269,5.6977,69.505,68.291,360040.8353288774,0.014,0
2026-09-14T13:18:54Z,1.913,27.095,7.92,1.6266,0.0426,0.3807,0.899,152.834,159.263748,5.627,69.452,68.04,360100.04152188444,0.014,0
2026-09-14T13:18:54Z,1.917,27.0955,7.92,1.6304,0.0426,0.3807,0.8688,152.84,159.272023,5.5749,69.474,67.319,360138.7579042374,0.014,0
2026-09-14T13:18:54Z,1.921,27.096,7.92,1.6075,0.0852,0.423,0.8235,152.838,159.271284,5.5424,69.499,67.465,360125.0911776601,0.014,0
2026-09-14T13:18:54Z,1.925,27.0966,7.92,1.619,0.0852,0.423,0.9443,152.835,159.26935,5.5265,69.473,67.042,360102.60688057943,0.014,0
2026-09-14T13:18:54Z,1.929,27.0972,7.92,1.6343,0.0852,0.423,0.9292,152.831,159.265705,5.5222,69.383,67.451,360070.18201500596,0.014,0
2026-09-14T13:18:54Z,1.933,27.0977,7.92,1.5999,0.0852,0.423,0.8537,152.816,159.25136,5.5239,69.255,66.852,359977.4678514463,0.014,0
2026-09-14T13:18:54Z,1.936,27.0981,8.01,1.6075,0.0852,0.2961,0.8386,152.806,159.242532,5.5259,69.146,67.042,359918.6900745813,0.014,0
2026-09-14T13:18:54Z,1.94,27.0984,8.01,1.619,0.0852,0.2961,0.8839,152.819,159.256908,5.5238,69.096,67.26,359996.58397094096,0.013,0
2026-09-14T13:18:54Z,1.943,27.0988,8.01,1.5999,0.0852,0.2961,0.7781,152.839,159.27828,5.5165,69.113,66.288,360113.26430629194,0.013,0
2026-09-14T13:18:54Z,1.947,27.0992,8.01,1.6304,0.0852,0.2961,0.7781,152.845,159.284289,5.5064,69.205,66.998,360140.6848254504,0.012,0
2026-09-14T13:18:54Z,1.95,27.0996,7.92,1.5961,0.0852,0.3384,0.6573,152.846,159.284555,5.4976,69.398,66.736,360134.73318241775,0.011,0
2026-09-14T13:18:54Z,1.953,27.0999,7.92,1.6152,0.0852,0.3384,0.5364,152.855,159.291173,5.4936,69.715,66.245,360167.5672480159,0.01,0
2026-09-14T13:18:54Z,1.955,27.1001,7.92,1.6228,0.0852,0.3384,0.612,152.857,159.289874,5.495,70.175,66.346,360156.26952712424,0.008,0
2026-09-14T13:18:54Z,1.956,27.1,7.92,1.6037,0.0852,0.3384,0.5969,152.844,159.272297,5.5023,70.78,67.027,360056.01036058366,0.008,0
2026-09-14T13:18:54Z,1.958,27.0995,7.92,1.6114,0.0852,0.3384,0.7781,152.831,159.253795,5.5177,71.478,65.987,359957.8872340199,0.007,0
2026-09-14T13:18:54Z,1.959,27.0987,7.92,1.6228,0.0852,0.4653,0.7781,152.838,159.253483,5.543,72.193,66.519,359971.059879886,0.007,0
2026-09-14T13:18:54Z,1.961,27.0977,7.92,1.6419,0.0852,0.4653,0.8688,152.861,159.271277,5.5796,72.896,66.418,360093.1790567273,0.008,0
2026-09-14T13:18:54Z,1.963,27.0964,7.92,1.6114,0.0852,0.4653,0.8083,152.886,159.291881,5.6278,73.589,65.529,360237.2845217325,0.009,0
2026-09-14T13:18:54Z,1.966,27.0946,7.92,1.5923,0.0852,0.4653,0.5817,152.905,159.308764,5.6835,74.252,66.173,360369.17634122935,0.01,0
2026-09-14T13:18:54Z,1.968,27.0923,7.92,1.6075,0.0852,0.3807,0.6271,152.913,159.316407,5.7406,74.856,66.015,360456.75584540254,0.011,0
2026-09-14T13:18:54Z,1.971,27.0901,7.92,1.6152,0.0852,0.3807,0.5364,152.899,159.30282,5.7968,75.396,65.615,360419.01733219385,0.013,0
2026-09-14T13:18:54Z,1.974,27.0885,7.92,1.6228,0.0852,0.3807,0.6724,152.883,159.286425,5.8521,75.879,66.015,360353.6964544058,0.014,0
2026-09-14T13:18:54Z,1.978,27.0877,7.92,1.6838,0.0852,0.3807,0.9896,152.885,159.288905,5.9049,76.321,65.472,360383.12045783864,0.016,0
2026-09-14T13:18:54Z,1.982,27.0875,8.01,1.6533,0.0852,0.3807,0.7932,152.895,159.298894,5.9529,76.758,65.061,360444.95737737825,0.017,0
2026-09-14T13:18:54Z,1.987,27.0876,8.01,1.6648,0.0852,0.3807,0.7932,152.903,159.307033,5.9958,77.223,65.033,360490.4128673469,0.018,0
2026-09-14T13:18:54Z,1.992,27.0878,8.01,1.68,0.0852,0.3807,0.7781,152.911,159.315492,6.0342,77.726,64.554,360535.85638223286,0.018,0
2026-09-14T13:18:54Z,1.997,27.0879,8.01,1.6648,0.0852,0.3807,0.7026,152.919,159.322518,6.0693,78.242,65.005,360574.8447954415,0.018,0
2026-09-14T13:18:54Z,2.001,27.0879,7.92,1.6877,0.0852,0.2538,0.6422,152.919,159.321968,6.104,78.69,65.019,360571.6442841684,0.018,0
2026-09-14T13:18:54Z,2.005,27.0878,7.92,1.6724,0.0852,0.2538,0.7479,152.915,159.317703,6.1411,78.945,64.246,360548.7118290658,0.018,0
2026-09-14T13:18:54Z,2.01,27.0877,7.92,1.6648,0.0852,0.2538,0.5364,152.914,159.316604,6.1812,78.889,64.037,360544.1948143125,0.018,0
2026-09-14T13:18:54Z,2.014,27.0874,7.92,1.6877,0.0852,0.2538,1.0198,152.911,159.314367,6.2222,78.457,64.638,360536.81152582855,0.018,0
2026-09-14T13:18:54Z,2.019,27.0871,7.92,1.6648,0.0852,0.2538,1.0652,152.902,159.30639,6.2579,77.648,64.065,360496.04404652043,0.018,0
2026-09-14T13:18:54Z,2.023,27.087,8.01,1.68,0.1278,0.3384,1.05,152.889,159.294552,6.2782,76.51,63.511,360429.0733689125,0.018,0
2026-09-14T13:18:54Z,2.028,27.0871,8.01,1.6724,0.1278,0.3384,1.0954,152.881,159.287722,6.2737,75.137,64.33,360387.47870285995,0.019,0
2026-09-14T13:18:54Z,2.033,27.0874,8.01,1.6953,0.1278,0.3384,0.9443,152.883,159.292096,6.2393,73.656,63.843,360407.28463351645,0.019,0
2026-09-14T13:18:54Z,2.038,27.0879,8.01,1.6991,0.1278,0.3384,0.7479,152.901,159.312847,6.1749,72.201,63.373,360518.58108826616,0.019,0
2026-09-14T13:18:54Z,2.043,27.0884,7.92,1.6762,0.0852,0.4653,0.8688,152.932,159.347494,6.0843,70.878,63.373,360710.73644328903,0.019,0
2026-09-14T13:18:54Z,2.048,27.089,7.92,1.6648,0.0852,0.4653,1.0198,152.956,159.375212,5.9751,69.741,63.263,360860.7485458003,0.019,0
2026-09-14T13:18:54Z,2.052,27.0896,7.92,1.7029,0.0852,0.4653,0.8386,152.96,159.381349,5.8572,68.806,62.443,360885.1912445295,0.018,0
2026-09-14T13:18:54Z,2.057,27.0902,7.92,1.6838,0.0852,0.4653,0.8386,152.95,159.373554,5.7414,68.069,62.906,360828.5607217526,0.018,0
2026-09-14T13:18:54Z,2.061,27.0909,7.92,1.68,0.0852,0.3384,0.899,152.939,159.363776,5.6362,67.502,62.62,360758.5216233725,0.017,0
2026-09-14T13:18:54Z,2.065,27.0917,7.92,1.6724,0.0852,0.3384,0.8386,152.923,159.349409,5.5457,67.077,62.633,360659.9210407542,0.017,0
2026-09-14T13:18:54Z,2.07,27.0924,7.92,1.7868,0.0852,0.3384,0.8386,152.902,159.33063,5.4713,66.758,63.084,360537.5570199091,0.018,0
2026-09-14T13:18:54Z,2.074,27.0932,7.92,1.7754,0.0852,0.3384,0.8235,152.885,159.314456,5.4126,66.507,62.43,360428.4928546792,0.018,0
2026-09-14T13:18:54Z,2.079,27.0939,7.92,1.8097,0.0852,0.3384,0.8688,152.861,159.292565,5.3675,66.293,62.213,360288.0928026172,0.018,0
2026-09-14T13:18:54Z,2.084,27.0947,7.92,1.8059,0.0426,0.3807,0.8386,152.839,159.271145,5.3336,66.096,62.484,360148.5931425104,0.018,0
2026-09-14T13:18:54Z,2.089,27.0955,7.92,1.7144,0.0426,0.3807,0.899,152.834,159.268533,5.3082,65.903,61.648,360118.4185165309,0.018,0
2026-09-14T13:18:54Z,2.094,27.0963,7.92,1.7411,0.0426,0.3807,0.8386,152.832,159.267999,5.2881,65.702,61.648,360100.32140865724,0.017,0
2026-09-14T13:18:54Z,2.098,27.0971,7.92,1.7373,0.0426,0.3807,0.9292,152.82,159.257378,5.2711,65.48,62.091,360023.61625977117,0.016,0
2026-09-14T13:18:54Z,2.102,27.0978,7.92,1.7449,0.0852,0.3384,0.899,152.811,159.249868,5.2554,65.235,61.167,359966.8696440562,0.015,0
2026-09-14T13:18:54Z,2.106,27.0985,7.92,1.6877,0.0852,0.3384,0.9443,152.811,159.251486,5.2399,64.974,61.755,359963.155726446,0.014,0
2026-09-14T13:18:54Z,2.109,27.0992,7.92,1.6915,0.0852,0.3384,0.8083,152.813,159.254644,5.2239,64.702,61.768,359968.3881637877,0.013,0
2026-09-14T13:18:54Z,2.112,27.0998,7.92,1.68,0.0852,0.3384,0.8688,152.81,159.25217,5.2062,64.429,61.035,359942.7765303491,0.012,0
2026-09-14T13:18:54Z,2.115,27.1003,7.92,1.6877,0.0426,0.4653,0.9443,152.82,159.263444,5.1866,64.179,61.607,359998.9028705221,0.012,0
2026-09-14T13:18:54Z,2.118,27.1008,7.92,1.722,0.0426,0.4653,0.9292,152.855,159.29949,5.1658,63.974,61.903,360198.9756906727,0.012,0
2026-09-14T13:18:54Z,2.121,27.1011,7.92,1.7525,0.0426,0.4653,0.8083,152.878,159.323825,5.1442,63.83,61.46,360334.7866708741,0.012,0
2026-09-14T13:18:54Z,2.124,27.1014,7.92,1.722,0.0426,0.4653,0.9443,152.877,159.320893,5.1224,63.768,61.3,360312.1181899706,0.012,0
2026-09-14T13:18:54Z,2.127,27.1015,7.92,1.7601,0.0426,0.3807,0.8386,152.88,159.319974,5.1025,63.799,61.648,360304.9006525308,0.011,0
2026-09-14T13:18:54Z,2.13,27.1016,7.92,1.7449,0.0426,0.3807,0.7932,152.882,159.316815,5.0863,63.926,61.514,360284.66388517903,0.011,0
2026-09-14T13:18:54Z,2.133,27.1014,7.92,1.7296,0.0426,0.3807,0.8537,152.863,159.292535,5.0749,64.168,61.38,360147.3090037301,0.011,0
2026-09-14T13:18:54Z,2.136,27.1008,7.92,1.7449,0.0426,0.3807,0.8235,152.853,159.278737,5.07,64.558,61.327,360078.3783218553,0.011,0
2026-09-14T13:18:54Z,2.138,27.0996,7.92,1.7411,0.0426,0.3807,0.8386,152.873,159.297797,5.0725,65.114,61.434,360211.6228893038,0.011,0
2026-09-14T13:18:54Z,2.141,27.098,7.92,1.7525,0.0852,0.3384,0.8688,152.892,159.316717,5.0827,65.839,61.354,360351.59134794254,0.011,0
2026-09-14T13:18:54Z,2.143,27.0965,7.92,1.7678,0.0852,0.3384,0.899,152.879,159.302465,5.1022,66.721,61.26,360296.8694842371,0.011,0
2026-09-14T13:18:54Z,2.146,27.0954,7.92,1.7449,0.0852,0.3384,0.8386,152.857,159.277294,5.1333,67.712,61.5,360171.1881214727,0.011,0
2026-09-14T13:18:54Z,2.149,27.0948,7.92,1.7182,0.0852,0.3384,0.8235,152.859,159.276579,5.1775,68.742,61.061,360178.2780230069,0.012,0
2026-09-14T13:18:54Z,2.152,27.0945,7.92,1.7792,0.0426,0.423,0.899,152.866,159.280086,5.2352,69.771,61.287,360204.28335510154,0.012,0
2026-09-14T13:18:54Z,2.155,27.0943,7.92,1.7525,0.0426,0.423,0.8839,152.862,159.272719,5.3053,70.81,61.167,360165.2141385034,0.012,0
2026-09-14T13:18:54Z,2.158,27.0938,7.92,1.7487,0.0426,0.423,0.8386,152.873,159.280571,5.3842,71.847,61.5,360220.2229686565,0.012,0
2026-09-14T13:18:54Z,2.161,27.0928,7.92,1.7411,0.0426,0.423,0.8688,152.904,159.309743,5.4662,72.855,61.447,360408.56299895566,0.012,0
2026-09-14T13:18:54Z,2.164,27.0916,8.01,1.7525,0.0852,0.423,0.8235,152.931,159.333944,5.5481,73.844,61.728,360571.8113475678,0.011,0
2026-09-14T13:18:54Z,2.167,27.0904,8.01,1.7373,0.0852,0.423,0.7932,152.941,159.341592,5.6308,74.847,61.688,360638.81661432213,0.011,0
2026-09-14T13:18:54Z,2.17,27.0892,8.01,1.7373,0.0852,0.423,0.8839,152.942,159.338732,5.7135,75.855,61.916,360644.70265811915,0.011,0
2026-09-14T13:18:54Z,2.172,27.088,8.01,1.7525,0.0852,0.423,0.8235,152.924,159.316587,5.7937,76.839,61.38,360538.4115741231,0.011,0
2026-09-14T13:18:54Z,2.175,27.0869,8.01,1.7525,0.0852,0.423,0.8688,152.899,159.287287,5.8725,77.77,61.688,360388.6513997649,0.01,0
2026-09-14T13:18:54Z,2.178,27.0858,8.01,1.7449,0.0426,0.4653,0.8537,152.895,159.281096,5.9524,78.596,61.809,360373.28323825245,0.009,0
2026-09-14T13:18:54Z,2.18,27.0847,8.01,1.7449,0.0426,0.4653,0.8083,152.916,159.300374,6.0326,79.288,61.474,360506.03276740096,0.009,0
2026-09-14T13:18:54Z,2.182,27.0836,8.01,1.764,0.0426,0.4653,0.8386,152.942,159.326209,6.111,79.85,61.809,360676.9664376105,0.008,0
2026-09-14T13:18:54Z,2.184,27.0827,8.01,1.7449,0.0426,0.4653,0.9292,152.954,159.337435,6.1851,80.253,61.916,360759.18371828366,0.007,0
2026-09-14T13:18:54Z,2.186,27.0819,8.01,1.7525,0.0426,0.3807,0.8083,152.958,159.341053,6.251,80.433,62.091,360795.2608925113,0.007,0
2026-09-14T13:18:54Z,2.187,27.0812,8.01,1.7601,0.0426,0.3807,0.8839,152.971,159.354061,6.3061,80.359,62.01,360884.11462320737,0.006,0
2026-09-14T13:18:54Z,2.189,27.0806,8.01,1.7334,0.0426,0.3807,0.899,152.98,159.363895,6.3508,80.036,62.118,360952.6287128467,0.006,0
2026-09-14T13:18:54Z,2.191,27.0803,8.01,1.7334,0.0426,0.3807,0.8083,152.977,159.361152,6.3829,79.483,62.159,360942.29705257074,0.006,0
2026-09-14T13:18:54Z,2.192,27.0801,8.01,1.7182,0.0426,0.423,0.8688,152.972,159.357126,6.3973,78.741,62.064,360922.6182755294,0.006,0
2026-09-14T13:18:54Z,2.194,27.08,8.01,1.7373,0.0426,0.423,1.0047,152.969,159.354752,6.3914,77.868,62.416,360910.67772679066,0.006,0
2026-09-14T13:18:54Z,2.195,27.08,8.01,1.7334,0.0426,0.423,0.8386,152.966,159.353396,6.3657,76.926,61.715,360902.78397122916,0.006,0
2026-09-14T13:18:54Z,2.197,27.0802,8.01,1.7296,0.0426,0.423,0.7479,152.968,159.356705,6.3217,75.977,62.267,360918.2872130191,0.006,0
2026-09-14T13:18:54Z,2.199,27.0805,8.01,1.7334,0.0852,0.3384,0.7932,152.963,159.353537,6.2626,75.077,62.091,360894.21064378973,0.007,0
2026-09-14T13:18:54Z,2.201,27.0809,8.01,1.7258,0.0852,0.3384,0.8537,152.956,159.347055,6.1931,74.257,62.186,360848.9682017007,0.007,0
2026-09-14T13:18:54Z,2.202,27.0813,8.01,1.7449,0.0852,0.3384,0.8688,152.959,159.351564,6.1182,73.526,61.997,360867.6974971456,0.007,0
2026-09-14T13:18:54Z,2.204,27.0818,8.01,1.7296,0.0852,0.3384,0.8688,152.949,159.342212,6.0427,72.882,61.957,360803.87764970184,0.007,0
2026-09-14T13:18:54Z,2.206,27.0823,8.01,1.7182,0.0852,0.3384,0.9443,152.914,159.306485,5.971,72.318,62.078,360586.61125107406,0.007,0
2026-09-14T13:18:54Z,2.208,27.0828,8.01,1.7373,0.0852,0.2961,0.8386,152.881,159.272934,5.9058,71.818,62.389,360382.0832625281,0.007,0
2026-09-14T13:18:54Z,2.21,27.0831,8.01,1.764,0.0852,0.2961,0.9594,152.864,159.254657,5.8476,71.373,62.375,360270.1793285145,0.007,0
2026-09-14T13:18:54Z,2.212,27.0835,8.01,1.7373,0.0852,0.2961,0.8688,152.861,159.250789,5.7963,70.973,62.389,360240.18934425816,0.007,0
2026-09-14T13:18:54Z,2.214,27.0837,8.01,1.7373,0.0852,0.2961,0.899,152.871,159.260299,5.7514,70.597,62.213,360291.7303902667,0.007,0
2026-09-14T13:18:54Z,2.216,27.0839,8.01,1.7563,0.0852,0.4653,0.8386,152.886,159.273698,5.7117000000000004,70.241,62.267,360365.88982414413,0.007,0
2026-09-14T13:18:54Z,2.218,27.0839,8.01,1.7258,0.0852,0.4653,0.8688,152.892,159.278526,5.6763,69.923,62.824,360393.9648868697,0.007,0
2026-09-14T13:18:54Z,2.219,27.0836,8.01,1.7449,0.0852,0.4653,0.763,152.894,159.280077,5.6445,69.666,62.172,360408.61197714106,0.007,0
2026-09-14T13:18:54Z,2.221,27.0832,8.01,1.764,0.0852,0.4653,0.8386,152.91,159.2948,5.6147,69.5,62.647,360501.7449499461,0.007,0
2026-09-14T13:18:54Z,2.223,27.0827,8.01,1.7373,0.0852,0.4653,0.8839,152.93,159.314595,5.5864,69.48,62.893,360626.27803954,0.007,0
2026-09-14T13:18:54Z,2.224,27.0822,8.01,1.7182,0.0852,0.4653,0.8386,152.942,159.3247,5.5611,69.657,62.811,360694.45637091156,0.007,0
2026-09-14T13:18:54Z,2.226,27.0818,8.01,1.7373,0.0852,0.4653,0.8537,152.946,159.327808,5.5408,70.026,62.511,360720.05025131913,0.007,0
2026-09-14T13:18:54Z,2.228,27.0813,8.01,1.764,0.0852,0.4653,0.8386,152.948,159.328758,5.5276,70.531,62.647,360734.9658862834,0.007,0
2026-09-14T13:18:54Z,2.23,27.0807,8.01,1.7296,0.0852,0.4653,0.8688,152.937,159.315778,5.5261,71.118,62.852,360670.7035759942,0.007,0
2026-09-14T13:18:54Z,2.232,27.0801,8.01,1.7373,0.0852,0.3807,0.8537,152.912,159.289414,5.5402,71.743,62.511,360528.5853027433,0.007,0
2026-09-14T13:18:54Z,2.234,27.0796,8.01,1.7373,0.0852,0.3807,1.1256,152.906,159.282718,5.5696,72.361,62.443,360499.01704459003,0.008,0
2026-09-14T13:18:54Z,2.236,27.0792,8.01,1.7258,0.0852,0.3807,1.0349,152.916,159.291901,5.6098,72.94,62.674,360559.94252700044,0.008,0
2026-09-14T13:18:54Z,2.238,27.0788,8.01,1.7716,0.0852,0.3807,1.1105,152.91,159.285341,5.6566,73.475,62.389,360529.28685984394,0.008,0
2026-09-14T13:18:54Z,2.24,27.0786,8.01,1.7411,0.0852,0.3807,1.1407,152.89,159.263293,5.7063,73.964,62.348,360404.79300530197,0.008,0
2026-09-14T13:18:54Z,2.242,27.0785,8.01,1.7373,0.0852,0.3807,1.1407,152.855,159.22589,5.7555,74.405,62.824,360189.1689265095,0.009,0
2026-09-14T13:18:54Z,2.244,27.0784,8.01,1.722,0.0852,0.3807,1.1407,152.819,159.187207,5.8015,74.803,62.701,359966.183666013,0.009,0
2026-09-14T13:18:54Z,2.247,27.0782,8.01,1.7487,0.0852,0.3807,1.1256,152.81,159.17701,5.844,75.155,62.078,359910.67032585165,0.009,0
2026-09-14T13:18:54Z,2.249,27.078,8.01,1.7563,0.0852,0.4653,1.0652,152.826,159.192582,5.883,75.442,62.879,360004.9169203317,0.009,0
2026-09-14T13:18:54Z,2.252,27.0776,8.01,1.7373,0.0852,0.4653,1.0349,152.85,159.218032,5.9181,75.641,62.47,360160.3544205162,0.009,0
2026-09-14T13:18:54Z,2.254,27.0772,8.01,1.722,0.0852,0.4653,1.1407,152.871,159.240108,5.9498,75.722,62.294,360296.21474479337,0.009,0
2026-09-14T13:18:54Z,2.256,27.0768,8.01,1.7373,0.0852,0.4653,1.0803,152.87,159.240645,5.9778,75.662,62.62,360306.83880300506,0.01,0
2026-09-14T13:18:54Z,2.259,27.0766,8.01,1.7563,0.0852,0.4653,1.0803,152.853,159.223796,6.0007,75.469,62.838,360212.61417882657,0.01,0
2026-09-14T13:18:54Z,2.261,27.0766,8.1,1.7411,0.0852,0.4653,1.2011,152.849,159.221142,6.0166,75.157,62.593,360197.18190159765,0.011,0
2026-09-14T13:18:54Z,2.264,27.0768,8.1,1.7373,0.0852,0.4653,1.0954,152.855,159.227967,6.023,74.742,62.308,360233.11406855244,0.011,0
2026-09-14T13:18:54Z,2.268,27.0771,8.1,1.7525,0.0852,0.4653,1.1558,152.842,159.214024,6.0181,74.267,62.159,360146.42142740206,0.012,0
2026-09-14T13:18:54Z,2.271,27.0775,8.1,1.764,0.0852,0.4653,1.2162,152.821,159.191629,6.0027,73.765,62.375,360008.7407258799,0.012,0
2026-09-14T13:18:54Z,2.274,27.0778,8.1,1.7373,0.0852,0.4653,1.0349,152.813,159.182868,5.9779,73.244,62.443,359952.19914447877,0.013,0
2026-09-14T13:18:54Z,2.277,27.078,8.1,1.6838,0.0852,0.4653,1.0954,152.821,159.189411,5.9449,72.716,62.145,359986.47748831153,0.013,0
2026-09-14T13:18:54Z,2.28,27.0781,8.1,1.6571,0.0852,0.4653,1.05,152.844,159.213005,5.907,72.217,62.064,360121.74651898025,0.012,0
2026-09-14T13:18:54Z,2.284,27.078,8.1,1.6724,0.0852,0.4653,1.1105,152.871,159.2399,5.8672,71.792,62.267,360279.99138437916,0.012,0
2026-09-14T13:18:54Z,2.287,27.0778,8.1,1.68,0.0852,0.3807,1.0349,152.88,159.249209,5.8257,71.472,61.943,360337.8749588423,0.012,0
2026-09-14T13:18:54Z,2.29,27.0774,8.1,1.7258,0.0852,0.3807,0.8839,152.871,159.239407,5.7838,71.255,61.849,360288.3749862487,0.012,0
2026-09-14T13:18:54Z,2.293,27.077,8.1,1.7487,0.0852,0.3807,0.9141,152.856,159.223913,5.7441,71.113,62.199,360205.78242676234,0.011,0
2026-09-14T13:18:54Z,2.296,27.0767,8.1,1.7067,0.0852,0.3807,0.8235,152.855,159.222645,5.7103,71.011,61.957,360204.0344228789,0.011,0
2026-09-14T13:18:54Z,2.299,27.0765,8.1,1.7411,0.0852,0.3807,0.8839,152.867,159.235264,5.6849,70.922,62.051,360281.1597600816,0.01,0
2026-09-14T13:18:54Z,2.301,27.0764,8.1,1.7563,0.0852,0.3807,1.1105,152.877,159.245094,5.6677,70.824,62.294,360340.1997305971,0.01,0
2026-09-14T13:18:54Z,2.304,27.0763,8.1,1.7334,0.0852,0.3807,1.0803,152.882,159.250749,5.6564,70.696,62.078,360374.9636883871,0.009,0
2026-09-14T13:18:54Z,2.306,27.0763,8.1,1.7754,0.0852,0.3807,1.2313,152.896,159.265762,5.6483,70.53,62.172,360462.2858121566,0.008,0
2026-09-14T13:18:54Z,2.308,27.0763,8.1,1.7296,0.0852,0.3807,1.186,152.916,159.286119,5.6412,70.335,62.172,360580.7118443114,0.007,0
2026-09-14T13:18:54Z,2.31,27.0764,8.19,1.7449,0.0426,0.3807,1.0349,152.914,159.285183,5.6333,70.132,62.267,360573.38844376936,0.007,0
2026-09-14T13:18:54Z,2.311,27.0764,8.19,1.7449,0.0426,0.3807,1.05,152.889,159.258695,5.6232,69.937,61.916,360419.3012140583,0.006,0
2026-09-14T13:18:54Z,2.313,27.0765,8.19,1.7411,0.0426,0.3807,1.0954,152.863,159.23166,5.61,69.741,62.024,360260.1977161913,0.006,0
2026-09-14T13:18:54Z,2.314,27.0765,8.19,1.7373,0.0426,0.3807,1.0803,152.853,159.220915,5.5945,69.52,62.389,360197.7196467171,0.006,0
2026-09-14T13:18:54Z,2.315,27.0765,8.19,1.7601,0.0426,0.2961,1.1105,152.852,159.219589,5.5783,69.28,62.064,360190.00927972986,0.006,0
2026-09-14T13:18:54Z,2.317,27.0766,8.19,1.722,0.0426,0.2961,1.1558,152.856,159.223319,5.5628,69.059,62.037,360209.82119655027,0.006,0
2026-09-14T13:18:54Z,2.318,27.0765,8.19,1.7449,0.0426,0.2961,1.0349,152.87,159.237108,5.5472,68.876,62.674,360291.8760553157,0.006,0
2026-09-14T13:18:54Z,2.32,27.0764,8.19,1.7334,0.0426,0.2961,1.2313,152.879,159.244592,5.5296,68.73,62.186,360337.27409548336,0.006,0
2026-09-14T13:18:54Z,2.322,27.0763,8.19,1.7373,0.0852,0.423,1.1105,152.864,159.227726,5.5105,68.651,62.511,360241.06981778593,0.007,0
2026-09-14T13:18:54Z,2.323,27.0762,8.19,1.7449,0.0852,0.423,1.0954,152.849,159.210068,5.493,68.693,62.756,360140.27667099575,0.007,0
2026-09-14T13:18:54Z,2.325,27.076,8.19,1.7525,0.0852,0.423,1.0954,152.855,159.214968,5.4785,68.888,62.552,360172.51386942243,0.008,0
2026-09-14T13:18:54Z,2.327,27.0756,8.19,1.7449,0.0852,0.423,1.1105,152.865,159.223692,5.467,69.257,62.565,360230.7383575109,0.009,0
2026-09-14T13:18:54Z,2.33,27.075,8.19,1.7525,0.0852,0.423,1.1709,152.862,159.218524,5.4607,69.84,62.797,360211.9384230059,0.01,0
2026-09-14T13:18:54Z,2.332,27.0744,8.19,1.7334,0.0852,0.3384,1.0349,152.851,159.206103,5.4641,70.671,62.742,360150.9679925557,0.011,0
2026-09-14T13:18:54Z,2.335,27.0739,8.19,1.7411,0.0852,0.3384,1.1407,152.849,159.203158,5.4797,71.728,63.125,360143.21880385786,0.012,0
2026-09-14T13:18:54Z,2.339,27.0733,8.19,1.7373,0.0852,0.3384,1.0954,152.864,159.21692,5.5091,72.916,62.783,360234.4875777605,0.013,0
2026-09-14T13:18:54Z,2.342,27.0728,8.19,1.7373,0.0852,0.3384,1.3673,152.875,159.227009,5.5555,74.085,62.484,360302.5355662835,0.014,0
2026-09-14T13:18:54Z,2.346,27.0723,8.28,1.7601,0.0426,0.3384,1.322,152.869,159.220082,5.6217,75.071,63.098,360271.6274573346,0.015,0
2026-09-14T13:18:54Z,2.35,27.0718,8.28,1.7105,0.0426,0.3384,1.322,152.861,159.210325,5.7058,75.749,63.139,360224.2636886993,0.016,0
2026-09-14T13:18:54Z,2.354,27.0714,8.28,1.7563,0.0426,0.3384,1.3975,152.852,159.199145,5.8003,76.065,62.934,360166.7530998401,0.018,0
2026-09-14T13:18:54Z,2.358,27.0711,8.28,1.7296,0.0426,0.3384,1.3975,152.834,159.179552,5.8933,76.022,63.125,360058.4606715863,0.019,0
2026-09-14T13:18:54Z,2.363,27.0707,8.37,1.7373,0.0426,0.54990000000000006,1.4277,152.831,159.174378,5.9718,75.654,63.331,360035.8777851469,0.02,0
2026-09-14T13:18:54Z,2.369,27.0703,8.37,1.7449,0.0426,0.54990000000000006,1.3824,152.853,159.194268,6.0258,75.032,63.331,360159.0153923723,0.021,0
2026-09-14T13:18:54Z,2.375,27.0699,8.37,1.7525,0.0426,0.54990000000000006,1.4579,152.873,159.21246,6.051,74.278,63.18,360272.305070105,0.022,0
2026-09-14T13:18:54Z,2.381,27.0694,8.37,1.7258,0.0426,0.54990000000000006,1.1105,152.882,159.217773,6.0476,73.514,62.92,360312.5822577155,0.022,0
2026-09-14T13:18:54Z,2.387,27.0687,8.37,1.7449,0.0426,0.3807,1.186,152.884,159.215632,6.0183,72.805,63.235,360313.2585237332,0.021,0
2026-09-14T13:18:54Z,2.392,27.0678,8.37,1.7754,0.0426,0.3807,1.186,152.87,159.197448,5.969,72.163,63.552,360224.3802193345,0.021,0
2026-09-14T13:18:54Z,2.397,27.0667,8.37,1.7296,0.0426,0.3807,1.1709,152.84,159.162382,5.9091,71.589,63.483,360041.1034964233,0.02,0
2026-09-14T13:18:54Z,2.402,27.0656,8.37,1.7373,0.0426,0.3807,1.1105,152.813,159.129139,5.8485,71.092,63.566,359868.4711377989,0.019,0
2026-09-14T13:18:54Z,2.407,27.0644,8.37,1.722,0.0426,0.3807,1.1105,152.806,159.116911,5.7922,70.687,63.566,359819.880938087,0.019,0
2026-09-14T13:18:54Z,2.412,27.0631,8.46,1.722,0.0852,0.4653,1.0954,152.823,159.130453,5.7412,70.394,63.829,359922.9513013699,0.018,0
2026-09-14T13:18:54Z,2.417,27.0617,8.46,1.7601,0.0852,0.4653,0.9896,152.849,159.153336,5.6957,70.217,63.801,360082.2341075405,0.017,0
2026-09-14T13:18:54Z,2.421,27.0602,8.46,1.7334,0.0852,0.4653,1.0954,152.869,159.171621,5.6563,70.141,63.593,360216.7005442451,0.017,0
2026-09-14T13:18:54Z,2.425,27.0585,8.46,1.7601,0.0852,0.4653,1.1709,152.885,159.186176,5.6243,70.147,64.009,360333.25778285525,0.016,0
2026-09-14T13:18:54Z,2.428,27.057,8.46,1.7296,0.0426,0.4653,1.0954,152.89,159.188856,5.6012,70.206,64.428,360376.9952063485,0.015,0
2026-09-14T13:18:54Z,2.432,27.0558,8.46,1.7296,0.0426,0.4653,1.1709,152.872,159.168352,5.5872,70.267,63.912,360280.2178898404,0.014,0
2026-09-14T13:18:54Z,2.436,27.0549,8.46,1.7716,0.0426,0.4653,1.1709,152.85,159.143245,5.5813,70.278,64.358,360151.0513512902,0.014,0
2026-09-14T13:18:54Z,2.439,27.0541,8.46,1.7373,0.0426,0.4653,1.0803,152.845,159.134898,5.5818,70.214,64.4,360117.5045850837,0.013,0
2026-09-14T13:18:54Z,2.443,27.0535,8.46,1.7449,0.0852,0.3807,1.1709,152.855,159.141084,5.5865,70.077,64.009,360164.73600015725,0.012,0
2026-09-14T13:18:54Z,2.446,27.0529,8.46,1.7258,0.0852,0.3807,1.1558,152.868,159.151429,5.5914,69.887,64.344,360236.1670354502,0.011,0
2026-09-14T13:18:54Z,2.449,27.0521,8.46,1.7373,0.0852,0.3807,1.1709,152.87,159.14865,5.5924,69.679,64.61,360235.00654609076,0.01,0
2026-09-14T13:18:54Z,2.451,27.051,8.46,1.7296,0.0852,0.3807,1.0803,152.862,159.136013,5.5874,69.495,64.863,360182.1258062385,0.009,0
2026-09-14T13:18:54Z,2.453,27.0498,8.46,1.7525,0.0852,0.3807,1.1256,152.865,159.134198,5.5766,69.356,65.033,360194.07557661016,0.008,0
2026-09-14T13:18:54Z,2.455,27.0485,8.46,1.7525,0.0852,0.4653,1.1709,152.87,159.134704,5.5615,69.268,65.288,360221.40499831253,0.007,0
2026-09-14T13:18:54Z,2.456,27.0471,8.46,1.661,0.0852,0.4653,1.0652,152.862,159.121634,5.5451,69.235,65.33,360171.6294331033,0.007,0
2026-09-14T13:18:54Z,2.458,27.0456,8.46,1.6838,0.0852,0.4653,1.0803,152.844,159.099517,5.5307,69.23,65.815,360071.1040404424,0.006,0
2026-09-14T13:18:54Z,2.46,27.0441,8.46,1.6495,0.0852,0.4653,1.0954,152.828,159.07849,5.5197,69.203,66.144,359976.92908498645,0.006,0
2026-09-14T13:18:54Z,2.461,27.0425,8.46,1.6953,0.0852,0.423,1.0198,152.815,159.06096,5.5129,69.117,66.188,359904.97343918163,0.007,0
2026-09-14T13:18:54Z,2.463,27.0411,8.46,1.6762,0.0852,0.423,1.0349,152.809,159.050269,5.5104,68.96,66.867,359869.04252576915,0.007,0
2026-09-14T13:18:54Z,2.465,27.0399,8.46,1.6762,0.0852,0.423,1.0349,152.823,159.059599,5.5102,68.72,66.983,359945.7973289701,0.007,0
2026-09-14T13:18:54Z,2.467,27.0386,8.46,1.6381,0.0852,0.423,1.0652,152.858,159.091437,5.5081,68.4,67.158,360155.3862097144,0.008,0
2026-09-14T13:18:54Z,2.469,27.0372,8.46,1.661,0.0852,0.54990000000000006,1.0652,152.883,159.112188,5.5015,68.031,67.553,360302.4078147568,0.009,0
2026-09-14T13:18:54Z,2.471,27.0356,8.46,1.722,0.0852,0.54990000000000006,1.1407,152.87,159.093315,5.4892,67.645,67.892,360222.596309361,0.009,0
2026-09-14T13:18:54Z,2.474,27.034,8.46,1.7411,0.0852,0.54990000000000006,1.1105,152.854,159.07187,5.4702,67.272,67.907,360127.82398619654,0.01,0
2026-09-14T13:18:54Z,2.476,27.0323,8.46,1.7449,0.0852,0.54990000000000006,1.0954,152.873,159.08823,5.4449,66.949,67.612,360254.92427909386,0.01,0
2026-09-14T13:18:54Z,2.479,27.0306,8.46,1.7449,0.0852,0.423,1.0652,152.907,159.118699,5.4157,66.718,68.425,360464.2031744221,0.01,0
2026-09-14T13:18:54Z,2.482,27.029,8.46,1.7449,0.0852,0.423,1.1709,152.922,159.13132,5.3851,66.603,68.173,360567.7427101042,0.01,0
2026-09-14T13:18:54Z,2.485,27.0275,8.46,1.7411,0.0852,0.423,1.0954,152.936,159.141483,5.3555,66.594,68.217,360655.11090594693,0.01,0
2026-09-14T13:18:54Z,2.487,27.0262,8.46,1.7449,0.0852,0.423,1.1407,152.962,159.163924,5.33,66.654,68.634,360810.2701462036,0.01,0
2026-09-14T13:18:54Z,2.489,27.0249,8.46,1.7487,0.0852,0.423,1.0652,152.981,159.180577,5.3117,66.752,68.753,360931.7467080213,0.01,0
2026-09-14T13:18:54Z,2.492,27.0236,8.37,1.7373,0.0426,0.4653,1.0652,152.982,159.179849,5.3027,66.859,68.783,360951.9485285889,0.009,0
2026-09-14T13:18:54Z,2.494,27.0223,8.37,1.7563,0.0426,0.4653,1.0652,152.971,159.169562,5.3021,66.927,68.947,360916.44137798314,0.009,0
2026-09-14T13:18:54Z,2.497,27.0208,8.37,1.722,0.0426,0.4653,1.1407,152.955,159.154991,5.307,66.914,68.873,360859.72936963063,0.009,0
2026-09-14T13:18:54Z,2.499,27.0196,8.37,1.7449,0.0426,0.4653,1.1256,152.942,159.144273,5.3149,66.813,69.444,360819.83142389066,0.008,0
2026-09-14T13:18:54Z,2.501,27.0191,8.37,1.764,0.0852,0.4653,1.0652,152.941,159.146576,5.3235,66.629,69.883,360842.65105049434,0.008,0
2026-09-14T13:18:54Z,2.502,27.0194,8.37,1.7144,0.0852,0.4653,1.1105,152.935,159.142474,5.3289,66.38,69.308,360813.10675490747,0.008,0
2026-09-14T13:18:54Z,2.504,27.0202,8.37,1.7601,0.0852,0.4653,1.2011,152.915,159.122855,5.3278,66.1,70.157,360683.7600844987,0.007,0
2026-09-14T13:18:54Z,2.506,27.0212,8.37,1.7525,0.0852,0.4653,1.0198,152.899,159.106539,5.3196,65.819,70.831,360569.92713882704,0.007,0
2026-09-14T13:18:54Z,2.508,27.0222,8.46,1.722,0.0852,0.3807,1.0954,152.895,159.101198,5.3049,65.555,70.815,360520.03530572157,0.007,0
2026-09-14T13:18:54Z,2.51,27.023,8.46,1.7411,0.0852,0.3807,1.0349,152.901,159.105408,5.285,65.325,71.139,360529.5270796408,0.007,0
2026-09-14T13:18:54Z,2.512,27.0234,8.46,1.7563,0.0852,0.3807,1.186,152.913,159.116284,5.2626,65.145,71.48,360585.35648176156,0.008,0
2026-09-14T13:18:54Z,2.514,27.0233,8.46,1.7373,0.0852,0.3807,1.0652,152.93,159.132716,5.2402,65.012,71.464,360682.9498221846,0.008,0
2026-09-14T13:18:54Z,2.516,27.023,8.46,1.7296,0.0852,0.3807,1.1709,152.952,159.15508,5.2192,64.916,71.729,360818.8824494826,0.009,0
2026-09-14T13:18:54Z,2.518,27.0224,8.37,1.7182,0.0852,0.3807,1.0803,152.975,159.177313,5.2011,64.844,71.62,360959.7261955773,0.01,0
2026-09-14T13:18:54Z,2.52,27.022,8.37,1.7525,0.0852,0.3807,1.1558,152.989,159.189312,5.1868,64.788,71.635,361037.1863404917,0.011,0
2026-09-14T13:18:54Z,2.523,27.0215,8.37,1.722,0.0852,0.3807,0.9896,152.984,159.182252,5.1762,64.747,71.713,361005.4375833276,0.011,0
2026-09-14T13:18:54Z,2.526,27.0211,8.37,1.7296,0.0852,0.3807,1.1558,152.97,159.166274,5.1686,64.723,71.76,360919.8326703048,0.012,0
2026-09-14T13:18:54Z,2.53,27.0205,8.37,1.7296,0.0426,0.423,0.9443,152.959,159.153151,5.1629,64.712,71.62,360854.6357995878,0.012,0
2026-09-14T13:18:54Z,2.533,27.0199,8.37,1.7182,0.0426,0.423,1.2011,152.948,159.139383,5.1585,64.715,71.854,360785.68616193964,0.012,0
2026-09-14T13:18:54Z,2.536,27.0194,8.37,1.7334,0.0426,0.423,1.1105,152.937,159.125306,5.1553,64.744,72.245,360713.0631650699,0.012,0
2026-09-14T13:18:54Z,2.539,27.0188,8.37,1.7334,0.0426,0.423,1.0803,152.927,159.111176,5.1534,64.808,72.073,360642.0178347884,0.011,0
2026-09-14T13:18:54Z,2.541,27.0181,8.37,1.8021,0.0852,0.3384,1.1105,152.921,159.101239,5.1526,64.892,72.418,360597.28278768336,0.011,0
2026-09-14T13:18:54Z,2.544,27.0174,8.37,1.7945,0.0852,0.3384,1.1407,152.917,159.092847,5.1529,64.973,73.003,360561.54888706474,0.011,0
2026-09-14T13:18:54Z,2.547,27.0165,8.37,1.7945,0.0852,0.3384,1.1558,152.905,159.075745,5.1553,65.036,73.066,360478.84195444337,0.01,0
2026-09-14T13:18:54Z,2.549,27.0155,8.37,1.7868,0.0852,0.3384,1.0954,152.892,159.057396,5.1605,65.065,72.892,360390.75973633945,0.01,0
2026-09-14T13:18:54Z,2.552,27.0143,8.28,1.7868,0.0426,0.3384,1.0954,152.89,159.04894,5.1672,65.051,73.896,360364.0488598978,0.01,0
2026-09-14T13:18:54Z,2.554,27.013,8.28,1.7907,0.0426,0.3384,1.0652,152.891,159.044113,5.1738,65.001,74.267,360360.34862118814,0.011,0
2026-09-14T13:18:54Z,2.557,27.0114,8.28,1.783,0.0426,0.3384,1.1709,152.886,159.033612,5.179,64.933,73.928,360329.23832360556,0.011,0
2026-09-14T13:18:54Z,2.56,27.0097,8.28,1.783,0.0426,0.3384,1.1407,152.888,159.030669,5.1815,64.85,74.38,360344.01867811434,0.011,0
2026-09-14T13:18:54Z,2.563,27.0077,8.28,1.7716,0.0426,0.3384,1.1407,152.9,159.038507,5.1805,64.747,74.899,360427.2270458967,0.011,0
2026-09-14T13:18:54Z,2.566,27.0058,8.28,1.8135,0.0426,0.54990000000000006,1.2011,152.898,159.031158,5.1768,64.624,74.996,360420.1056683413,0.012,0
2026-09-14T13:18:54Z,2.569,27.0041,8.28,1.8059,0.0426,0.54990000000000006,1.0652,152.879,159.006663,5.1715,64.495,74.964,360309.3595435996,0.012,0
2026-09-14T13:18:54Z,2.572,27.0025,8.28,1.7754,0.0426,0.54990000000000006,1.05,152.869,158.990556,5.165,64.37,75.274,360245.5948880868,0.012,0
2026-09-14T13:18:54Z,2.575,27.0009,8.28,1.7945,0.0426,0.54990000000000006,1.2011,152.883,158.998581,5.1569,64.263,75.733,360322.37389516295,0.012,0
2026-09-14T13:18:54Z,2.578,26.9992,8.37,1.8097,0.0852,0.4653,1.1256,152.905,159.012837,5.1473,64.201,75.569,360437.34586719837,0.012,0
2026-09-14T13:18:54Z,2.581,26.9976,8.37,1.7907,0.0852,0.4653,1.0349,152.907,159.00506,5.1372,64.196,75.651,360422.0925653477,0.012,0
2026-09-14T13:18:54Z,2.584,26.9957,8.37,1.8021,0.0852,0.4653,1.0349,152.902,158.989208,5.1274,64.246,75.816,360365.43065496295,0.011,0
2026-09-14T13:18:54Z,2.587,26.9936,8.37,1.7983,0.0852,0.4653,1.0349,152.91,158.985103,5.1192,64.365,75.7,360380.9589020731,0.011,0
2026-09-14T13:18:54Z,2.59,26.9909,8.37,1.8021,0.0852,0.423,1.1407,152.931,158.993653,5.1144,64.587,75.487,360481.4995612583,0.011,0
2026-09-14T13:18:54Z,2.593,26.9877,8.37,1.8212,0.0852,0.423,1.2162,152.968,159.019142,5.1143,64.932,74.817,360690.2075195057,0.012,0
2026-09-14T13:18:54Z,2.596,26.984,8.37,1.7945,0.0852,0.423,1.0652,153.007,159.046321,5.1187,65.396,72.923,360918.2792302081,0.012,0
2026-09-14T13:18:54Z,2.599,26.98,8.37,1.8135,0.0852,0.423,1.05,153.039,159.068409,5.1286,65.941,71.869,361122.41421435395,0.012,0
2026-09-14T13:18:54Z,2.602,26.9758,8.37,1.8097,0.0852,0.423,1.0652,153.079,159.099312,5.1466,66.523,70.126,361381.87897267356,0.012,0
2026-09-14T13:18:54Z,2.605,26.9716,8.37,1.8021,0.0852,0.423,1.1407,153.112,159.127228,5.1746,67.127,67.892,361624.05357091763,0.013,0
2026-09-14T13:18:54Z,2.608,26.9673,8.37,1.825,0.0852,0.423,1.0954,153.12,159.131545,5.2119,67.769,66.765,361730.36209413595,0.014,0
2026-09-14T13:18:54Z,2.611,26.9634,8.37,1.7868,0.0852,0.423,1.2615,153.105,159.113413,5.2557,68.452,65.987,361697.984207322,0.015,0
2026-09-14T13:18:54Z,2.615,26.9602,8.37,1.8135,0.0852,0.423,1.3824,153.082,159.088038,5.3023,69.146,65.259,361610.0829251227,0.017,0
2026-09-14T13:18:54Z,2.619,26.958,8.37,1.8288,0.0852,0.423,1.3522,153.07,159.072704,5.3507,69.793,64.948,361561.98459129705,0.019,0
2026-09-14T13:18:54Z,2.624,26.9567,8.37,1.8021,0.0852,0.423,1.2615,153.068,159.067329,5.402,70.33,65.387,361555.09470581694,0.021,0
2026-09-14T13:18:54Z,2.63,26.9559,8.37,1.7907,0.0852,0.423,1.3824,153.059,159.054446,5.4565,70.722,65.615,361494.9171169467,0.023,0
2026-09-14T13:18:54Z,2.636,26.9552,8.37,1.7907,0.0852,0.423,1.4579,153.044,159.034628,5.5119,70.946,65.316,361392.35221795423,0.026,0
2026-09-14T13:18:54Z,2.644,26.9543,8.37,1.7868,0.0852,0.4653,1.3673,153.025,159.010608,5.5635,71.01,65.231,361269.0326803538,0.028,0
2026-09-14T13:18:54Z,2.651,26.9533,8.37,1.7907,0.0852,0.4653,1.322,153.01,158.990007,5.6064,70.986,65.958,361167.5794858864,0.03,0
2026-09-14T13:18:54Z,2.66,26.9522,8.37,1.8174,0.0852,0.4653,1.609,153.014,158.989376,5.6378,70.98,66.116,361184.6130969765,0.032,0
2026-09-14T13:18:54Z,2.668,26.9509,8.37,1.7983,0.0852,0.4653,1.6241,153.02,158.990511,5.6558,71.124,66.087,361215.7274556093,0.032,0
2026-09-14T13:18:54Z,2.677,26.9494,8.37,1.7945,0.0852,0.4653,1.6241,153.02,158.989705,5.661,71.538,66.635,361239.2785442779,0.033,0
2026-09-14T13:18:54Z,2.685,26.9478,8.46,1.8135,0.0852,0.4653,1.6996,153.029,159.004778,5.6593,72.271,67.451,361357.45982262393,0.033,0
2026-09-14T13:18:54Z,2.693,26.946,8.46,1.8021,0.0852,0.4653,1.609,153.026,159.009691,5.659,73.331,68.232,361420.0859982446,0.032,0
2026-09-14T13:18:54Z,2.702,26.9444,8.46,1.7907,0.0852,0.4653,1.609,152.997,158.98371,5.6706,74.674,69.852,361298.47461528884,0.03,0
2026-09-14T13:18:54Z,2.71,26.9441,8.46,1.7754,0.0852,0.4653,1.6241,152.966,158.951971,5.7037,76.161,70.877,361118.7662706809,0.028,0
2026-09-14T13:18:54Z,2.717,26.946,8.55,1.7945,0.0852,0.4653,1.5637,152.954,158.940081,5.7619,77.608,71.729,361013.5599807344,0.025,0
2026-09-14T13:18:54Z,2.723,26.9487,8.55,1.8059,0.0852,0.4653,1.3069,152.952,158.938857,5.8461,78.891,72.654,360955.57613302075,0.023,0
2026-09-14T13:18:54Z,2.728,26.95,8.55,1.7792,0.0852,0.4653,1.3673,152.942,158.931938,5.9531,79.958,74.541,360890.7187196059,0.02,0
2026-09-14T13:18:54Z,2.732,26.9501,8.55,1.7792,0.0852,0.4653,1.322,152.912,158.905455,6.0716,80.77,75.915,360734.2950025815,0.018,0
2026-09-14T13:18:54Z,2.736,26.9502,8.46,1.783,0.0852,0.4653,1.2615,152.843,158.838318,6.1869,81.293,76.561,360340.82080117473,0.017,0
2026-09-14T13:18:54Z,2.741,26.9507,8.46,1.8021,0.0852,0.4653,1.6241,152.743,158.738678,6.2892,81.513,77.886,359750.7448750122,0.015,0
2026-09-14T13:18:54Z,2.745,26.9517,8.46,1.8212,0.0852,0.4653,1.609,152.603,158.595996,6.3741,81.442,78.669,358901.50455078733,0.014,0
2026-09-14T13:18:54Z,2.748,26.9532,8.46,1.7754,0.0852,0.4653,1.609,152.367,158.352185,6.4387,81.127,78.532,357457.1561552474,0.014,0
2026-09-14T13:18:54Z,2.751,26.955,8.46,1.7868,0.0852,0.3384,1.6996,151.976,157.948238,6.4801,80.641,78.362,355084.861890857,0.013,0
2026-09-14T13:18:54Z,2.754,26.9563,8.46,1.8555,0.0852,0.3384,1.5939,151.344,157.294475,6.4976,80.027,79.442,351295.79342717904,0.012,0
2026-09-14T13:18:54Z,2.757,26.9571,8.46,1.8822,0.0852,0.3384,1.4881,150.279,156.190505,6.4918,79.3,78.891,344979.2437834929,0.011,0
2026-09-14T13:18:54Z,2.76,26.9578,8.46,1.8708,0.0852,0.3384,1.5788,148.453,154.295841,6.4666,78.495,79.063,334313.5229145561,0.011,0
2026-09-14T13:18:54Z,2.763,26.9585,8.46,1.8441,0.0852,0.3384,1.6543,145.393,151.117266,6.4278,77.679,80.414,316886.0811332399,0.01,0
2026-09-14T13:18:54Z,2.765,26.9593,8.55,1.9165,0.0852,0.4653,1.6241,140.315,145.843233,6.3788,76.928,80.94,289223.3765995851,0.01,0
2026-09-14T13:18:54Z,2.768,26.9602,8.55,1.9585,0.0852,0.4653,1.5939,131.867,137.067333,6.3208,76.297,80.345,246573.940455312,0.009,0
2026-09-14T13:18:54Z,2.77,26.961,8.55,1.9432,0.0852,0.4653,1.6845,117.798,122.449326,6.2565,75.789,79.996,184542.3498393952,0.009,0
2026-09-14T13:18:54Z,2.772,26.9615,8.55,1.9089,0.0852,0.4653,1.6241,94.364,98.099093,6.1914,75.366,79.875,104469.78977792196,0.008,0
2026-09-14T13:18:54Z,2.774,26.9621,8.55,1.8517,0.0426,0.423,1.6543,55.312,57.519232,6.1314,74.996,80.1,26824.350610201684,0.008,0
2026-09-14T13:18:54Z,2.776,26.9629,8.55,1.8593,0.0426,0.423,1.5486,-9.783,-10.123579,6.0811,74.666,80.275,NA,0.008,0
2026-09-14T13:18:54Z,2.778,26.9632,8.55,1.8555,0.0426,0.423,1.6241,-118.287,-122.87143,6.0405,74.358,79.287,NA,0.008,0
2026-09-14T13:18:54Z,2.78,26.9629,8.55,1.886,0.0426,0.423,1.6241,-299.122,-310.778392,6.0069,74.038,78.379,NA,0.008,0
2026-09-14T13:18:54Z,2.781,26.962,8.55,1.8708,0.0852,0.423,1.6694,-412.139,-428.217298,5.9775,73.659,77.162,NA,0.008,0
2026-09-14T13:18:54Z,2.783,26.9608,8.55,1.8746,0.0852,0.423,1.5183,-299.106,-310.773507,5.9514,73.185,75.799,NA,0.008,0
2026-09-14T13:18:54Z,2.786,26.9593,8.55,1.8479,0.0852,0.423,1.6845,-118.251,-122.856349,5.9271,72.608,75.882,NA,0.008,0
2026-09-14T13:18:54Z,2.788,26.9575,8.55,1.8746,0.0852,0.423,1.5183,-9.726,-10.094282,5.902,71.947,75.176,NA,0.008,0
2026-09-14T13:18:54Z,2.79,26.9555,8.55,1.8746,0.0852,0.423,1.5183,55.388,57.562538,5.8721,71.242,73.928,26884.23799078815,0.008,0
2026-09-14T13:18:54Z,2.792,26.9536,8.55,1.8746,0.0426,0.5076,1.609,94.449,98.147914,5.8344,70.554,72.449,104645.77609783395,0.009,0
2026-09-14T13:18:54Z,2.794,26.9522,8.55,1.8631,0.0426,0.5076,1.6543,117.887,122.500645,5.7884,69.953,71.062,184825.51667316287,0.009,0
2026-09-14T13:18:54Z,2.796,26.9512,8.55,1.8441,0.0426,0.5076,1.5788,131.961,137.12281,5.7357,69.5,69.61,246946.11511420467,0.01,0
2026-09-14T13:18:54Z,2.799,26.9505,8.55,1.7945,0.0426,0.5076,1.6543,140.408,145.897618,5.6795,69.233,68.099,289633.3819401913,0.011,0
2026-09-14T13:18:54Z,2.802,26.95,8.55,1.7792,0.0852,0.4653,1.5939,145.477,151.161012,5.6246,69.179,66.101,317262.41695639497,0.013,0
2026-09-14T13:18:54Z,2.806,26.9496,8.55,1.7868,0.0852,0.4653,1.4881,148.518,154.316562,5.5768,69.38,64.652,334571.9134834287,0.014,0
2026-09-14T13:18:54Z,2.81,26.9491,8.55,1.7868,0.0852,0.4653,1.5939,150.33,156.193723,5.5407,69.89,63.386,345141.4385090239,0.014,0
2026-09-14T13:18:54Z,2.814,26.9483,8.55,1.8631,0.0852,0.4653,1.5032,151.406,157.309104,5.5195,70.748,62.362,351526.3744162145,0.015,0
2026-09-14T13:18:54Z,2.817,26.9473,8.55,1.867,0.0852,0.5076,1.5788,152.044,157.972164,5.5153,71.931,62.186,355365.77813791134,0.015,0
2026-09-14T13:18:54Z,2.821,26.9457,8.55,1.8517,0.0852,0.5076,1.609,152.416,158.359719,5.5315,73.352,61.916,357640.7116045471,0.015,0
2026-09-14T13:18:54Z,2.825,26.9438,8.55,1.8593,0.0852,0.5076,1.609,152.652,158.601172,5.5723,74.897,61.983,359079.5084736223,0.014,0
2026-09-14T13:18:54Z,2.829,26.9429,8.55,1.867,0.0852,0.5076,1.5637,152.816,158.766921,5.6408,76.457,61.997,360061.7063861008,0.014,0
2026-09-14T13:18:54Z,2.832,26.9432,8.55,1.8555,0.0852,0.423,1.5788,152.921,158.871104,5.7351,77.9,61.021,360663.64617679105,0.014,0
2026-09-14T13:18:54Z,2.836,26.9434,8.55,1.8631,0.0852,0.423,1.5939,152.971,158.919459,5.8483,79.062,61.554,360942.0889698848,0.014,0
2026-09-14T13:18:54Z,2.839,26.9424,8.55,1.8441,0.0852,0.423,1.6996,152.992,158.936904,5.9717,79.777,61.634,361062.7658352328,0.013,0
2026-09-14T13:18:54Z,2.842,26.9408,8.55,1.8517,0.0852,0.423,1.5183,153.009,158.95214000000001,6.0962,79.939,61.22,361181.8755663985,0.013,0
2026-09-14T13:18:54Z,2.846,26.9392,8.55,1.8593,0.0852,0.423,1.5939,153.032,158.973239,6.2115,79.531,61.101,361335.2667340603,0.013,0
2026-09-14T13:18:54Z,2.849,26.9378,8.55,1.8555,0.0852,0.3384,1.6241,153.051,158.989794,6.3043,78.611,61.194,361458.383771471,0.013,0
2026-09-14T13:18:54Z,2.852,26.9366,8.55,1.8593,0.0852,0.3384,1.609,153.05,158.986178,6.3614,77.283,60.995,361459.8804649087,0.013,0
2026-09-14T13:18:54Z,2.855,26.9356,8.55,1.8708,0.0852,0.3384,1.6543,153.045,158.979464,6.3745,75.679,60.836,361439.5026671922,0.013,0
2026-09-14T13:18:54Z,2.859,26.9346,8.55,1.8593,0.0852,0.3384,1.6543,153.053,158.985898,6.3421,73.946,60.836,361495.95704461506,0.014,0
2026-09-14T13:18:54Z,2.862,26.9338,8.55,1.8784,0.0426,0.423,1.5486,153.053,158.985151,6.2688,72.217,60.889,361506.6778199125,0.014,0
2026-09-14T13:18:54Z,2.866,26.933,8.55,1.8708,0.0426,0.423,1.5637,153.048,158.979028,6.163,70.598,60.809,361485.9797119897,0.014,0
2026-09-14T13:18:54Z,2.87,26.9324,8.55,1.8708,0.0426,0.423,1.8054,153.052,158.981928,6.0351,69.156,60.441,361514.2430119923,0.015,0
2026-09-14T13:18:54Z,2.874,26.9319,8.55,1.886,0.0426,0.423,1.7147,153.054,158.9826,5.8969,67.924,60.691,361527.5996408854,0.015,0
2026-09-14T13:18:54Z,2.878,26.9314,8.64,1.886,0.0426,0.423,1.9262,153.046,158.973207,5.7591,66.896,60.717,361482.13090719614,0.014,0
2026-09-14T13:18:54Z,2.881,26.931,8.64,1.8746,0.0426,0.423,1.8507,153.033,158.95926,5.63,66.041,60.519,361408.16655045474,0.014,0
2026-09-14T13:18:54Z,2.885,26.9307,8.64,1.928,0.0426,0.423,1.6845,153.023,158.947062,5.5151,65.325,60.546,361342.5447523006,0.013,0
2026-09-14T13:18:54Z,2.889,26.9304,8.64,1.9204,0.0426,0.423,1.4881,153.031,158.953399,5.4169,64.721,60.598,361385.2279489306,0.013,0
2026-09-14T13:18:54Z,2.892,26.9301,8.64,1.8937,0.0426,0.423,1.609,153.058,158.979961,5.3349,64.208,60.48,361546.12040737463,0.012,0
2026-09-14T13:18:54Z,2.895,26.9297,8.64,1.9242,0.0852,0.3807,1.609,153.073,158.99375,5.2668,63.768,60.323,361634.2698311234,0.011,0
2026-09-14T13:18:54Z,2.898,26.9292,8.64,2.0005,0.0852,0.3807,1.5183,153.062,158.980407,5.2097,63.392,60.493,361565.7023938933,0.011,0
2026-09-14T13:18:54Z,2.9,26.9286,8.64,1.9814,0.0852,0.3807,1.5637,153.045,158.960421,5.1615,63.08,60.823,361460.20204785885,0.011,0
2026-09-14T13:18:54Z,2.903,26.9281,8.64,1.9776,0.0852,0.3807,1.609,153.032,158.944496,5.1207,62.836,60.375,361376.5628445226,0.011,0
2026-09-14T13:18:54Z,2.906,26.9276,8.55,1.9776,0.0852,0.3807,1.6241,153.018,158.928385,5.0857,62.672,60.375,361291.84728508414,0.011,0
2026-09-14T13:18:54Z,2.909,26.9269,8.55,1.9776,0.0852,0.3807,1.6241,153.009,158.917812,5.0558,62.601,60.743,361243.26578001876,0.012,0
2026-09-14T13:18:54Z,2.912,26.9262,8.55,1.9852,0.0852,0.3807,1.6241,153.012,158.919978,5.031,62.632,60.467,361269.1136202805,0.012,0
2026-09-14T13:18:54Z,2.915,26.9254,8.55,1.9814,0.0852,0.3807,1.5939,153.017,158.925439,5.0116,62.769,60.401,361316.10238763504,0.012,0
2026-09-14T13:18:54Z,2.918,26.9247,8.55,1.989,0.0852,0.4653,1.6241,153.025,158.935653,4.9986,63.027,60.493,361388.9877091403,0.012,0
2026-09-14T13:18:54Z,2.922,26.9243,8.55,2.0081,0.0852,0.4653,1.609,153.043,158.955347,4.9929,63.431,60.691,361511.63840570993,0.012,0
2026-09-14T13:18:54Z,2.925,26.9241,8.55,1.9585,0.0852,0.4653,1.5939,153.052,158.96372,4.9954,63.998,60.559,361564.35645514063,0.011,0
2026-09-14T13:18:54Z,2.927,26.9243,8.55,1.9852,0.0852,0.4653,1.6845,153.04,158.948976,5.0064,64.732,60.612,361474.3961211277,0.01,0
2026-09-14T13:18:54Z,2.93,26.9247,8.64,1.9776,0.0852,0.4653,1.7298,153.015,158.919209,5.0269,65.635,60.876,361292.8897817723,0.009,0
2026-09-14T13:18:54Z,2.932,26.925,8.64,1.989,0.0852,0.4653,1.5939,152.99,158.888524,5.0591,66.689,60.743,361107.96381986595,0.009,0
2026-09-14T13:18:54Z,2.934,26.9248,8.64,1.9318,0.0852,0.4653,1.609,152.981,158.872789,5.1043,67.847,61.088,361019.82342402404,0.008,0
2026-09-14T13:18:54Z,2.936,26.924,8.64,1.928,0.0852,0.4653,1.5788,152.985,158.871814,5.1629,69.04,61.607,361029.1977662042,0.008,0
2026-09-14T13:18:54Z,2.938,26.9228,8.64,1.9471,0.0852,0.4653,1.5183,152.988,158.869307,5.2351,70.183,62.037,361037.15945630125,0.007,0
2026-09-14T13:18:54Z,2.94,26.9212,8.64,1.928,0.0426,0.423,1.5637,152.983,158.860591,5.3193,71.19,62.893,361016.38970037916,0.007,0
2026-09-14T13:18:54Z,2.942,26.9194,8.64,1.8402,0.0426,0.423,1.5939,152.983,158.857369,5.4118,72.008,64.162,361031.4776859715,0.007,0
2026-09-14T13:18:54Z,2.943,26.9175,8.64,1.8708,0.0426,0.423,1.6392,152.991,158.862791,5.5072,72.602,66.001,361098.9489824313,0.007,0
2026-09-14T13:18:54Z,2.945,26.9159,8.64,1.9013,0.0426,0.423,1.6241,153.002,158.870286,5.5984,72.944,67.377,361172.89115284226,0.006,0
2026-09-14T13:18:54Z,2.946,26.9146,8.55,1.8822,0.0426,0.5076,1.5183,153.017,158.881853,5.6789,73.043,69.338,361264.98878950154,0.006,0
2026-09-14T13:18:54Z,2.948,26.9136,8.55,1.9242,0.0426,0.5076,1.5183,153.032,158.892559,5.7442,72.952,71.154,361346.4159624197,0.005,0
2026-09-14T13:18:54Z,2.949,26.9127,8.55,1.9356,0.0426,0.5076,1.6543,153.032,158.887223,5.7918,72.724,73.305,361332.19730189076,0.004,0
2026-09-14T13:18:54Z,2.95,26.9115,8.55,1.9318,0.0426,0.5076,1.609,153.026,158.876446,5.8192,72.412,75.274,361291.832717079,0.004,0
2026-09-14T13:18:54Z,2.951,26.91,8.55,1.9356,0.1278,0.423,1.5939,153.031,158.877395,5.8273,72.08,77.667,361325.66313557106,0.004,0
2026-09-14T13:18:54Z,2.952,26.9084,8.55,1.9204,0.1278,0.423,1.6392,153.044,158.886314,5.8201,71.794,80.607,361407.97677304543,0.004,0
2026-09-14T13:18:54Z,2.953,26.9068,8.55,1.9051,0.1278,0.423,1.6241,153.059,158.897566,5.8021,71.603,83.006,361503.9490351124,0.005,0
2026-09-14T13:18:54Z,2.954,26.9052,8.55,1.9127,0.1278,0.423,1.5939,153.074,158.908137,5.7774,71.559,86.111,361595.960016869,0.005,0
2026-09-14T13:18:54Z,2.955,26.9036,8.55,1.9394,0.1278,0.423,1.6241,153.078,158.908824,5.7511,71.694,89.197,361630.17529082275,0.006,0
2026-09-14T13:18:54Z,2.957,26.9021,8.46,2.0081,0.0852,0.4653,1.5788,153.071,158.899808,5.7283,71.987,93.301,361605.7511060776,0.007,0
2026-09-14T13:18:54Z,2.959,26.9007,8.46,1.9623,0.0852,0.4653,1.4881,153.073,158.900729,5.7133,72.368,95.247,361637.56252775603,0.007,0
2026-09-14T13:18:54Z,2.961,26.8993,8.46,2.0195,0.0852,0.4653,1.5939,153.09,158.917847,5.7099,72.761,97.297,361764.13760816155,0.007,0
2026-09-14T13:18:54Z,2.963,26.8982,8.46,1.9814,0.0852,0.4653,1.5335,153.097,158.925664,5.7208,73.087,99.521,361830.6503115467,0.008,0
2026-09-14T13:18:54Z,2.965,26.8974,8.55,2.0997,0.0426,0.3384,1.4126,153.08,158.908228,5.7442,73.268,100.61,361743.7329929606,0.008,0
2026-09-14T13:18:54Z,2.967,26.897,8.55,2.1378,0.0426,0.3384,1.3371,153.053,158.880931,5.7747,73.239,101.05,361591.58936233254,0.008,0
2026-09-14T13:18:54Z,2.969,26.8969,8.55,2.1149,0.0426,0.3384,1.4428,153.032,158.858539,5.8061,72.978,101.53,361462.5073661408,0.007,0
2026-09-14T13:18:54Z,2.972,26.897,8.55,2.1264,0.0426,0.3384,1.3371,153.016,158.841091,5.8321,72.516,102.06,361358.5887504423,0.007,0
2026-09-14T13:18:54Z,2.974,26.8972,8.64,2.1073,0.0852,0.5076,1.4579,152.996,158.817924,5.8465,71.922,101.86,361219.36991789704,0.007,0
2026-09-14T13:18:54Z,2.975,26.8972,8.64,2.092,0.0852,0.5076,1.5788,152.972,158.790875,5.8442,71.263,100.74,361061.2670443332,0.007,0
2026-09-14T13:18:54Z,2.977,26.8971,8.64,2.1073,0.0852,0.5076,1.5788,152.968,158.784796,5.8234,70.589,100.11,361027.62466274376,0.006,0
2026-09-14T13:18:54Z,2.978,26.8967,8.64,2.1149,0.0852,0.5076,1.5335,152.983,158.798066,5.7865,69.953,99.932,361112.7182189174,0.006,0
2026-09-14T13:18:54Z,2.98,26.8962,8.64,2.0691,0.0852,0.3807,1.6543,152.991,158.804164,5.7392,69.4,98.702,361157.78626239643,0.006,0
2026-09-14T13:18:54Z,2.981,26.8956,8.64,2.031,0.0852,0.3807,1.6241,152.994,158.806718,5.6867,68.942,96.015,361184.0267061136,0.006,0
2026-09-14T13:18:54Z,2.983,26.8947,8.64,2.0539,0.0852,0.3807,1.6241,153.005,158.818434,5.633,68.567,94.731,361269.49018151755,0.006,0
2026-09-14T13:18:54Z,2.985,26.894,8.64,2.0653,0.0852,0.3807,1.6241,153.014,158.826404,5.5824,68.264,91.533,361329.2917752919,0.007,0
2026-09-14T13:18:54Z,2.986,26.8935,8.64,2.0005,0.0852,0.3807,1.2011,153.007,158.818724,5.5383,68.016,87.812,361293.81575916876,0.007,0
2026-09-14T13:18:54Z,2.988,26.8932,8.55,1.989,0.0852,0.423,1.3522,152.99,158.79936,5.5017,67.792,84.096,361186.26080630126,0.007,0
2026-09-14T13:18:54Z,2.99,26.8931,8.55,1.9776,0.0852,0.423,1.2918,152.969,158.775172,5.4718,67.56,79.996,361046.7592557516,0.008,0
2026-09-14T13:18:54Z,2.992,26.8929,8.55,1.9661,0.0852,0.423,1.3069,152.952,158.753737,5.4477,67.302,75.635,360925.26078847464,0.008,0
2026-09-14T13:18:54Z,2.994,26.8926,8.55,1.8593,0.0852,0.423,1.5486,152.943,158.741364,5.4279,67.006,72.355,360858.61491597374,0.009,0
2026-09-14T13:18:54Z,2.997,26.8921,8.55,1.8479,0.0852,0.3807,1.6241,152.947,158.74277,5.41,66.681,69.338,360876.2480256871,0.009,0
2026-09-14T13:18:54Z,2.999,26.8913,8.55,1.886,0.0852,0.3807,1.6845,152.961,158.754322,5.3916,66.347,66.476,360958.82407496107,0.01,0
2026-09-14T13:18:54Z,3.002,26.8903,8.55,1.886,0.0852,0.3807,1.5939,152.963,158.753047,5.3711,66.01,64.372,360970.2153585836,0.011,0
2026-09-14T13:18:54Z,3.005,26.8893,8.55,1.8631,0.0852,0.3807,1.6392,152.95,158.7366,5.3476,65.668,62.797,360892.94265913416,0.011,0
2026-09-14T13:18:54Z,3.007,26.8883,8.55,1.8708,0.0852,0.3807,1.5486,152.956,158.738672,5.3218,65.326,61.541,360923.8910305564,0.012,0
2026-09-14T13:18:54Z,3.011,26.8873,8.55,1.8364,0.0852,0.3807,1.6241,152.981,158.759817,5.2952,64.987,60.889,361066.32289577293,0.012,0
2026-09-14T13:18:54Z,3.014,26.8863,8.55,1.8937,0.0852,0.3807,1.6543,152.989,158.765591,5.2684,64.661,60.375,361118.92699688516,0.012,0
2026-09-14T13:18:54Z,3.017,26.8851,8.55,1.8402,0.0852,0.3807,2.0018,152.98,158.753526,5.2413,64.37,59.736,361071.0164412061,0.012,0
2026-09-14T13:18:54Z,3.02,26.8837,8.55,1.8441,0.0852,0.3807,1.8809,152.981,158.752468,5.2141,64.137,59.787,361091.2220355372,0.012,0
2026-09-14T13:18:54Z,3.023,26.8824,8.55,1.8593,0.0852,0.3807,1.8054,153,158.770153,5.1871,64.001,59.671,361219.13567615394,0.013,0
2026-09-14T13:18:54Z,3.026,26.8813,8.55,1.8402,0.0852,0.3807,1.9413,153.015,158.785243,5.1612,64.022,58.962,361328.1325586819,0.013,0
2026-09-14T13:18:54Z,3.029,26.8804,8.55,1.8784,0.0852,0.3807,1.6845,153.016,158.787734,5.138,64.244,58.923,361359.68105983105,0.013,0
2026-09-14T13:18:54Z,3.032,26.8798,8.55,1.8631,0.0852,0.3807,1.6392,153.004,158.778289,5.1195,64.669,59,361315.75544623466,0.013,0
2026-09-14T13:18:54Z,3.036,26.8793,8.55,1.8631,0.0852,0.4653,1.5939,152.986,158.764411,5.1087,65.292,58.642,361244.0199650567,0.013,0
2026-09-14T13:18:54Z,3.039,26.8791,8.55,1.867,0.0852,0.4653,1.6241,152.984,158.764445,5.1104,66.084,58.173,361247.98974775034,0.013,0
2026-09-14T13:18:54Z,3.043,26.8794,8.55,1.8593,0.0852,0.4653,1.6392,152.994,158.774392,5.1281,66.963,58.223,361300.505063055,0.013,0
2026-09-14T13:18:54Z,3.046,26.8807,8.55,1.8708,0.0852,0.4653,1.5939,152.995,158.772855,5.1619,67.819,58.477,361266.9925351305,0.012,0
2026-09-14T13:18:54Z,3.049,26.8821,8.55,1.8746,0.0852,0.423,1.5486,152.99,158.763432,5.2114,68.552,58.084,361185.48388901213,0.012,0
2026-09-14T13:18:54Z,3.052,26.8828,8.55,1.8593,0.0852,0.423,1.5939,152.991,158.759643,5.2746,69.094,57.82,361150.12865992484,0.012,0
2026-09-14T13:18:54Z,3.055,26.8826,8.55,1.8708,0.0852,0.423,1.6241,152.996,158.758473,5.3448,69.421,57.996,361147.05789068295,0.011,0
2026-09-14T13:18:54Z,3.058,26.8818,8.55,1.8479,0.0852,0.423,1.6241,152.999,158.755601,5.4132,69.543,57.807,361145.3492938305,0.011,0
2026-09-14T13:18:54Z,3.06,26.8805,8.55,1.8593,0.0852,0.423,1.6543,153.001,158.750262,5.4719,69.47,57.557,361138.64344289206,0.011,0
2026-09-14T13:18:54Z,3.063,26.8789,8.64,1.8441,0.0852,0.4653,1.6241,153.006,158.749047,5.5153,69.222,57.083,361161.70827884827,0.011,0
2026-09-14T13:18:54Z,3.066,26.8769,8.64,1.8479,0.0852,0.4653,1.5788,153.018,158.75564,5.5416,68.847,57.046,361237.98185550526,0.01,0
2026-09-14T13:18:54Z,3.069,26.8748,8.64,1.8631,0.0852,0.4653,1.5939,153.025,158.757771,5.5515,68.401,57.319,361290.0583547027,0.01,0
2026-09-14T13:18:54Z,3.071,26.8725,8.64,1.8784,0.0852,0.4653,1.5939,153.015,158.741979,5.5459,67.934,56.688,361241.0758203511,0.009,0
2026-09-14T13:18:54Z,3.073,26.8703,8.55,1.8517,0.0852,0.5076,1.6241,152.994,158.714074,5.5263,67.497,56.503,361119.36449572246,0.009,0
2026-09-14T13:18:54Z,3.075,26.8683,8.55,1.7945,0.0852,0.5076,1.6392,152.986,158.700682,5.4966,67.12,56.898,361078.7609785474,0.009,0
2026-09-14T13:18:54Z,3.077,26.8666,8.55,1.7983,0.0852,0.5076,1.6241,153,158.710258,5.4611,66.819,56.565,361166.82441876916,0.009,0
2026-09-14T13:18:54Z,3.079,26.8648,8.55,1.8097,0.0852,0.5076,1.5637,153.011,158.717296,5.4241,66.608,56.332,361241.94612252084,0.009,0
2026-09-14T13:18:54Z,3.082,26.8631,8.64,1.8135,0.0852,0.423,1.5032,153.008,158.711648,5.3893,66.496,56.368,361240.97611870203,0.01,0
2026-09-14T13:18:54Z,3.084,26.8614,8.64,1.8212,0.0852,0.423,1.6543,153.008,158.711851,5.3594,66.489,56.552,361274.236693389,0.01,0
2026-09-14T13:18:54Z,3.087,26.8597,8.64,1.7945,0.0852,0.423,1.609,153.021,158.725973,5.3355,66.596,56.014,361388.95003209036,0.01,0
2026-09-14T13:18:54Z,3.09,26.8582,8.64,1.8059,0.0852,0.423,1.5788,153.028,158.735736,5.3188,66.836,56.039,361474.4028609282,0.011,0
2026-09-14T13:18:54Z,3.093,26.8574,8.55,1.7868,0.0852,0.3384,1.6241,153.013,158.721699,5.31,67.217,55.711,361407.34909425734,0.011,0
2026-09-14T13:18:54Z,3.095,26.8573,8.55,1.7945,0.0852,0.3384,1.6392,152.988,158.698156,5.3094,67.699,55.868,361271.4663472712,0.011,0
2026-09-14T13:18:54Z,3.098,26.8577,8.55,1.8021,0.0852,0.3384,1.5183,152.98,158.692896,5.318,68.203,55.771,361233.1425549238,0.011,0
2026-09-14T13:18:54Z,3.101,26.8584,8.55,1.8212,0.0852,0.3384,1.609,152.991,158.708527,5.3371,68.662,55.614,361311.39104185806,0.011,0
2026-09-14T13:18:54Z,3.104,26.8591,8.55,1.7945,0.0852,0.3384,1.5939,153.002,158.725168,5.3674,69.052,55.771,361395.55821649986,0.011,0
2026-09-14T13:18:54Z,3.107,26.8599,8.64,1.783,0.0852,0.4653,1.6241,152.999,158.727216,5.4058,69.377,55.433,361392.44260675565,0.011,0
2026-09-14T13:18:54Z,3.11,26.8609,8.64,1.8097,0.0852,0.4653,1.5788,152.984,158.715218,5.4459,69.658,55.121,361303.36273260135,0.011,0
2026-09-14T13:18:54Z,3.113,26.8624,8.64,1.8021,0.0852,0.4653,1.7147,152.971,158.706014,5.4824,69.933,54.977,361221.21230239875,0.011,0
2026-09-14T13:18:54Z,3.115,26.864,8.64,1.8135,0.0852,0.4653,1.609,152.975,158.713182,5.5134,70.23,54.774,361232.95970914274,0.011,0
2026-09-14T13:18:54Z,3.118,26.8654,8.55,1.8021,0.0852,0.4653,1.5939,152.977,158.718595,5.5392,70.543,54.846,361238.21322024363,0.011,0
2026-09-14T13:18:54Z,3.12,26.8668,8.55,1.783,0.0852,0.4653,1.6543,152.961,158.703655,5.5615,70.836,54.953,361124.4186352094,0.01,0
2026-09-14T13:18:54Z,3.123,26.868,8.55,1.8059,0.0852,0.4653,1.5032,152.934,158.676403,5.5833,71.072,54.442,360942.43549181975,0.01,0
2026-09-14T13:18:54Z,3.126,26.8692,8.55,1.8212,0.0852,0.4653,1.5183,152.905,158.645604,5.6069,71.23,54.324,360739.78625203954,0.01,0
2026-09-14T13:18:54Z,3.128,26.8701,8.55,1.8288,0.0852,0.2961,1.7601,152.865,158.603045,5.6318,71.306,54.277,360474.16202264157,0.01,0
2026-09-14T13:18:54Z,3.131,26.8707,8.55,1.7907,0.0852,0.2961,1.6241,152.79,158.523347,5.6552,71.274,54.253,359997.492844055,0.009,0
2026-09-14T13:18:54Z,3.133,26.871,8.55,1.7945,0.0852,0.2961,1.6241,152.643,158.367223,5.674,71.098,54.1,359081.2886330109,0.009,0
2026-09-14T13:18:54Z,3.135,26.8709,8.55,1.8135,0.0852,0.2961,1.6543,152.391,158.103058,5.6866,70.785,53.959,357545.6687102958,0.008,0
2026-09-14T13:18:54Z,3.137,26.8705,8.55,1.8059,0.0852,0.2961,1.2464,151.999,157.694478,5.6927,70.373,54.23,355182.9985745797,0.008,0
2026-09-14T13:18:54Z,3.139,26.8698,8.55,1.8021,0.0852,0.4653,1.4277,151.358,157.030523,5.6902,69.904,54.088,351364.8098612111,0.007,0
2026-09-14T13:18:54Z,3.141,26.8686,8.55,1.8135,0.0852,0.4653,1.3673,150.267,155.90007,5.6763,69.408,53.702,344921.74009287165,0.007,0
2026-09-14T13:18:54Z,3.142,26.8676,8.55,1.7907,0.0852,0.4653,1.3522,148.43,153.995653,5.6513,68.915,53.597,334213.148911143,0.006,0
2026-09-14T13:18:54Z,3.144,26.8671,8.55,1.8021,0.0852,0.4653,1.5486,145.378,150.831471,5.6185,68.465,53.948,316854.6951234544,0.006,0
2026-09-14T13:18:54Z,3.145,26.8672,8.55,1.7868,0.0852,0.3807,1.609,140.306,145.571761,5.581,68.103,53.679,289226.8520389275,0.006,0
2026-09-14T13:18:54Z,3.147,26.8676,8.55,1.8135,0.0852,0.3807,1.6241,131.855,136.805915,5.5414,67.854,53.539,246553.2453691996,0.006,0
2026-09-14T13:18:54Z,3.148,26.8681,8.55,1.7983,0.0852,0.3807,1.5032,117.766,122.192366,5.502,67.717,53.725,184437.5064989771,0.007,0
2026-09-14T13:18:54Z,3.15,26.8685,8.55,1.7945,0.0852,0.3807,1.2918,94.287,97.838178,5.4661,67.683,53.62,104258.9164590553,0.007,0
2026-09-14T13:18:54Z,3.152,26.8688,8.55,1.8212,0.0426,0.4653,1.322,55.168,57.260924,5.4371,67.733,53.365,26646.305951090926,0.007,0
2026-09-14T13:18:54Z,3.154,26.8689,8.55,1.783,0.0426,0.4653,1.3824,-10.026,-10.364006,5.4172,67.822,53.353,NA,0.007,0
2026-09-14T13:18:54Z,3.156,26.8689,8.55,1.7945,0.0426,0.4653,1.3673,-118.702,-123.089966,5.4063,67.915,53.504,NA,0.006,0
2026-09-14T13:18:54Z,3.157,26.8685,8.55,1.7907,0.0426,0.4653,1.3371,-299.847,-310.98523,5.4037,67.981,53.574,NA,0.006,0
2026-09-14T13:18:54Z,3.159,26.8679,8.55,1.8135,0.0852,0.4653,1.3673,-413.077,-428.437543,5.4078,67.99,53.492,NA,0.006,0
2026-09-14T13:18:54Z,3.16,26.8669,8.55,1.8021,0.0852,0.4653,1.322,-299.886,-311.037841,5.4151,67.927,53.411,NA,0.006,0
2026-09-14T13:18:54Z,3.162,26.8657,8.55,1.7945,0.0852,0.4653,1.2313,-118.756,-123.169138,5.4227,67.795,53.423,NA,0.006,0
2026-09-14T13:18:54Z,3.164,26.8641,8.55,1.8135,0.0852,0.4653,1.3371,-10.067,-10.438746,5.4283,67.603,53.446,NA,0.007,0
2026-09-14T13:18:54Z,3.166,26.8623,8.55,1.8135,0.0852,0.4653,1.2918,55.147,57.198739,5.4292,67.37,53.156,26582.08142742305,0.007,0
2026-09-14T13:18:54Z,3.167,26.8603,8.55,1.7792,0.0852,0.4653,1.3673,94.276,97.779981,5.4243,67.125,53.191,104144.19417402799,0.007,0
2026-09-14T13:18:54Z,3.169,26.8583,8.55,1.8288,0.0852,0.4653,1.2615,117.771,122.146683,5.4138,66.885,53.702,184354.3802621854,0.008,0
2026-09-14T13:18:54Z,3.171,26.8565,8.55,1.7983,0.0852,0.4653,1.4579,131.895,136.792625,5.3985,66.645,53.784,246634.3312489039,0.008,0
2026-09-14T13:18:54Z,3.173,26.8548,8.55,1.7945,0.0852,0.4653,1.3975,140.375,145.585314,5.38,66.412,54.159,289483.2591241524,0.009,0
2026-09-14T13:18:54Z,3.176,26.8534,8.64,1.8021,0.0426,0.4653,1.3673,145.446,150.843414,5.3607,66.202,55.097,317145.87199866696,0.009,0
2026-09-14T13:18:54Z,3.178,26.8521,8.64,1.8135,0.0426,0.4653,1.322,148.486,153.995138,5.3416,66.008,56.258,334480.8284870847,0.008,0
2026-09-14T13:18:54Z,3.181,26.851,8.64,1.7868,0.0426,0.4653,1.3371,150.322,155.896979,5.3225,65.793,57.407,345221.26743559516,0.008,0
2026-09-14T13:18:54Z,3.182,26.85,8.64,1.8097,0.0426,0.4653,1.3673,151.411,157.024028,5.3039,65.516,58.451,351690.89678198425,0.008,0
2026-09-14T13:18:54Z,3.184,26.8493,8.64,1.8212,0.0852,0.4653,1.3673,152.043,157.676831,5.2872,65.167,59.412,355474.1747906379,0.008,0
2026-09-14T13:18:54Z,3.186,26.8488,8.64,1.7678,0.0852,0.4653,1.3673,152.419,158.065543,5.2718,64.758,60.336,357740.292434534,0.008,0
2026-09-14T13:18:54Z,3.188,26.8481,8.64,1.783,0.0852,0.4653,1.3371,152.638,158.291817,5.2547,64.316,60.375,359071.17117058265,0.007,0
2026-09-14T13:18:54Z,3.19,26.8473,8.64,1.825,0.0852,0.4653,1.2615,152.755,158.411984,5.2327,63.877,60.165,359787.2503591375,0.007,0
2026-09-14T13:18:54Z,3.192,26.8466,8.64,1.8021,0.0852,0.4653,1.4126,152.822,158.478128,5.2048,63.488,59.839,360186.6720471453,0.007,0
2026-09-14T13:18:54Z,3.194,26.8462,8.64,1.8097,0.1278,0.423,1.3069,152.855,158.507889,5.1722,63.194,59.425,360368.0812459001,0.007,0
2026-09-14T13:18:54Z,3.195,26.8458,8.64,1.8402,0.1278,0.423,1.3069,152.866,158.513211,5.1369,63.039,59.996,360406.71172381716,0.006,0
2026-09-14T13:18:54Z,3.197,26.8452,8.64,1.7907,0.1278,0.423,1.5939,152.878,158.51956,5.1019,63.04,60.257,360455.1131635117,0.006,0
2026-09-14T13:18:54Z,3.199,26.8442,8.64,1.7907,0.1278,0.423,1.609,152.896,158.532638,5.0709,63.189,60.493,360550.38640935597,0.006,0
2026-09-14T13:18:54Z,3.2,26.8427,8.64,1.8059,0.0852,0.4653,1.5637,152.906,158.539899,5.0476,63.484,60.889,360621.08973259083,0.006,0
2026-09-14T13:18:54Z,3.202,26.8408,8.64,1.8174,0.0852,0.4653,1.5486,152.91,158.54328,5.0354,63.913,62.01,360676.65505983005,0.006,0
2026-09-14T13:18:54Z,3.204,26.8387,8.64,1.7945,0.0852,0.4653,1.3069,152.924,158.559714,5.0356,64.429,63.469,360812.3390518619,0.005,0
2026-09-14T13:18:54Z,3.205,26.837,8.64,1.8402,0.0852,0.4653,1.4428,152.942,158.581559,5.0477,64.978,65.615,360972.1791901339,0.005,0
2026-09-14T13:18:54Z,3.206,26.8359,8.64,1.8021,0.0426,0.54990000000000006,1.2918,152.942,158.582577,5.0714,65.533,66.954,360998.8811403376,0.006,0
2026-09-14T13:18:54Z,3.207,26.8357,8.64,1.8135,0.0426,0.54990000000000006,1.2918,152.936,158.575063,5.1057,66.059,68.589,360958.6893269024,0.007,0
2026-09-14T13:18:54Z,3.209,26.8364,8.64,1.7945,0.0426,0.54990000000000006,1.3824,152.944,158.581062,5.1468,66.506,69.761,360980.58543319587,0.008,0
2026-09-14T13:18:54Z,3.211,26.8373,8.64,1.8135,0.0426,0.54990000000000006,1.3824,152.958,158.59015,5.1906,66.863,70.157,361016.78306086065,0.009,0
2026-09-14T13:18:54Z,3.214,26.8377,8.64,1.7945,0.0852,0.4653,1.3673,152.969,158.596733,5.2349,67.173,70.723,361047.7552483756,0.009,0
2026-09-14T13:18:54Z,3.217,26.8373,8.64,1.8021,0.0852,0.4653,1.322,152.98,158.602566,5.2769,67.505,72.481,361089.4317717208,0.009,0
2026-09-14T13:18:54Z,3.219,26.8362,8.64,1.8288,0.0852,0.4653,1.3975,152.991,158.609205,5.3128,67.907,74.574,361149.03699010616,0.009,0
2026-09-14T13:18:54Z,3.221,26.8347,8.64,1.8021,0.0852,0.4653,1.3371,153.014,158.626436,5.3414,68.381,76.711,361278.20130893076,0.008,0
2026-09-14T13:18:54Z,3.223,26.833,8.64,1.8135,0.0852,0.4653,1.3673,153.047,158.654846,5.3664,68.912,77.988,361476.6398965574,0.008,0
2026-09-14T13:18:54Z,3.225,26.8313,8.64,1.8135,0.0852,0.3807,1.3975,153.078,158.681969,5.3931,69.481,78.943,361667.61910386017,0.008,0
2026-09-14T13:18:54Z,3.227,26.8295,8.64,1.8021,0.0852,0.3807,1.322,153.09,158.69099,5.4253,70.048,80.066,361754.49025580357,0.008,0
2026-09-14T13:18:54Z,3.229,26.8276,8.64,1.7945,0.0852,0.3807,1.3522,153.086,158.684314,5.4634,70.558,79.511,361751.2875738365,0.009,0
2026-09-14T13:18:54Z,3.231,26.8257,8.64,1.8212,0.0852,0.3807,1.3824,153.08,158.676193,5.506,70.951,77.33,361739.6171436598,0.01,0
2026-09-14T13:18:54Z,3.233,26.8241,8.64,1.8021,0.0852,0.423,1.3522,153.068,158.664462,5.5516,71.162,74.671,361701.1217882291,0.011,0
2026-09-14T13:18:54Z,3.236,26.8228,8.64,1.8631,0.0852,0.423,1.3673,153.047,158.645991,5.597,71.152,72.481,361617.4672290097,0.013,0
2026-09-14T13:18:54Z,3.239,26.8219,8.64,1.8822,0.0852,0.423,1.3673,153.02,158.623872,5.6379,70.941,71.589,361504.8933458587,0.014,0
2026-09-14T13:18:54Z,3.243,26.8216,8.64,1.8441,0.0852,0.423,1.4428,152.996,158.60423,5.6694,70.592,73.608,361395.5117274743,0.015,0
2026-09-14T13:18:54Z,3.248,26.8218,8.64,1.8441,0.0852,0.3807,1.3673,152.974,158.585838,5.6862,70.194,77.92,361284.0283687293,0.016,0
2026-09-14T13:18:54Z,3.252,26.8229,8.64,1.9013,0.0852,0.3807,1.6241,152.95,158.563791,5.6852,69.855,82.7,361134.1839480964,0.016,0
2026-09-14T13:18:54Z,3.257,26.8247,8.64,1.8593,0.0852,0.3807,1.609,152.926,158.540225,5.6682,69.667,88.233,360962.29099645605,0.016,0
2026-09-14T13:18:54Z,3.261,26.8265,8.64,1.8441,0.0852,0.3807,1.5637,152.916,158.528897,5.6402,69.65,94.361,360862.0580785418,0.015,0
2026-09-14T13:18:54Z,3.265,26.8278,8.64,1.886,0.0852,0.3807,1.6845,152.924,158.534802,5.6082,69.789,97.869,360872.0918929442,0.015,0
2026-09-14T13:18:54Z,3.268,26.8286,8.64,1.8708,0.0852,0.4653,1.3975,152.929,158.539475,5.5811,70.069,97.53,360884.3459033039,0.014,0
2026-09-14T13:18:54Z,3.271,26.829,8.64,1.8593,0.0852,0.4653,1.3975,152.942,158.552176,5.566,70.469,95.371,360951.11575352086,0.012,0
2026-09-14T13:18:54Z,3.275,26.8288,8.64,1.867,0.0852,0.4653,1.3371,152.969,158.580301,5.5647,70.952,91.196,361119.4810009445,0.011,0
2026-09-14T13:18:54Z,3.278,26.8282,8.64,1.886,0.0852,0.4653,1.473,152.988,158.599285,5.5758,71.504,85.403,361241.9306685967,0.011,0
2026-09-14T13:18:54Z,3.28,26.8277,8.55,1.7945,0.0426,0.4653,1.4277,152.994,158.606175,5.5983,72.132,79.545,361291.7066738345,0.01,0
2026-09-14T13:18:54Z,3.282,26.8277,8.55,1.8021,0.0426,0.4653,1.3522,152.989,158.602808,5.6302,72.84,76.212,361271.9928621341,0.009,0
2026-09-14T13:18:54Z,3.284,26.8276,8.55,1.8097,0.0426,0.4653,1.3673,152.965,158.58027,5.6688,73.657,75.602,361141.94061082357,0.008,0
2026-09-14T13:18:54Z,3.286,26.8275,8.55,1.7754,0.0426,0.4653,1.3371,152.937,158.552592,5.7129,74.639,75.882,360981.83710963157,0.008,0
2026-09-14T13:18:54Z,3.288,26.8277,8.46,1.8021,0.0426,0.4653,1.6392,152.928,158.544457,5.7631,75.802,75.882,360930.46184403304,0.008,0
2026-09-14T13:18:54Z,3.29,26.8283,8.46,1.7792,0.0426,0.4653,1.5939,152.928,158.549687,5.8196,77.108,75.356,360949.74778676045,0.008,0
2026-09-14T13:18:54Z,3.292,26.829,8.46,1.7868,0.0426,0.4653,1.6543,152.924,158.549638,5.8848,78.484,73.464,360936.25793680566,0.008,0
2026-09-14T13:18:54Z,3.294,26.8294,8.46,1.7983,0.0426,0.4653,1.4881,152.917,158.544298,5.9632,79.801,71.542,360897.46941124,0.007,0
2026-09-14T13:18:54Z,3.296,26.8301,8.64,1.8097,0.0426,0.423,1.3673,152.913,158.540257,6.056,80.905,70.355,360860.6270420972,0.007,0
2026-09-14T13:18:54Z,3.298,26.8316,8.64,1.7983,0.0426,0.423,1.2918,152.926,158.552472,6.1602,81.674,70.324,360903.80567162775,0.006,0
2026-09-14T13:18:54Z,3.299,26.833,8.64,1.7983,0.0426,0.423,1.3673,152.955,158.58019,6.27,82.053,72.686,361039.58311526966,0.005,0
2026-09-14T13:18:54Z,3.3,26.8337,8.64,1.8059,0.0426,0.423,1.5032,152.976,158.59874,6.3751,82.05,75.143,361134.9345605073,0.005,0
2026-09-14T13:18:54Z,3.301,26.8337,8.64,1.7716,0.0426,0.423,1.2918,152.981,158.601042,6.4633,81.709,77.112,361148.4071166775,0.004,0
2026-09-14T13:18:54Z,3.302,26.8333,8.55,1.8097,0.0852,0.423,1.322,152.973,158.591718,6.5248,81.078,77.011,361101.38490687,0.003,0
2026-09-14T13:18:54Z,3.303,26.8324,8.55,1.7945,0.0852,0.423,1.322,152.959,158.576299,6.5551,80.203,74.964,361028.1308491625,0.003,0
2026-09-14T13:18:54Z,3.304,26.8314,8.55,1.7907,0.0852,0.423,1.2918,152.949,158.566704,6.555,79.139,70.477,360990.84743996564,0.003,0
2026-09-14T13:18:54Z,3.304,26.8306,8.55,1.7983,0.0852,0.423,1.3371,152.947,158.564384,6.5279,77.952,65.259,360992.36116104375,0.002,0
2026-09-14T13:18:54Z,3.305,26.8301,8.64,1.8021,0.0852,0.423,1.3673,152.947,158.564711,6.4775,76.709,61.3,361003.70593358466,0.002,0
2026-09-14T13:18:54Z,3.305,26.83,8.64,1.7792,0.0852,0.423,1.3371,152.947,158.563765,6.4076,75.461,59.167,361000.0564628152,0.002,0
2026-09-14T13:18:54Z,3.306,26.8301,8.64,1.7907,0.0852,0.423,1.322,152.943,158.557286,6.3226,74.241,56.675,360960.2578612704,0.002,0
2026-09-14T13:18:54Z,3.306,26.8302,8.64,1.867,0.0852,0.423,1.4277,152.932,158.543546,6.2277,73.08,54.501,360877.9804087918,0.002,0
2026-09-14T13:18:54Z,3.307,26.8301,8.64,1.8708,0.0852,0.423,1.4428,152.919,158.526897,6.1284,72.013,53.26,360782.4681754582,0.002,0
2026-09-14T13:18:54Z,3.307,26.8298,8.64,1.8593,0.0852,0.423,1.2918,152.911,158.514922,6.0288,71.055,51.991,360718.0780705735,0.002,0
2026-09-14T13:18:54Z,3.308,26.8292,8.64,1.8708,0.0852,0.423,1.3371,152.896,158.496413,5.9314,70.214,51.766,360621.1347143551,0.001,0
2026-09-14T13:18:54Z,3.308,26.8283,8.64,1.886,0.0852,0.423,1.3673,152.877,158.476454,5.8388,69.495,51.867,360521.3781955174,0.001,0
2026-09-14T13:18:54Z,3.308,26.8272,8.64,1.8784,0.0852,0.423,1.3975,152.883,158.48379,5.7536,68.906,52.708,360584.99999471643,0.001,0
2026-09-14T13:18:54Z,3.308,26.8261,8.64,1.8784,0.0852,0.423,1.3673,152.899,158.502341,5.6772,68.458,53.936,360714.22851635964,0,0
2026-09-14T13:18:54Z,3.308,26.8252,8.64,1.8326,0.0852,0.423,1.2918,152.9,158.506994,5.61,68.178,54.739,360758.4120731079,0,0
2026-09-14T13:18:54Z,3.308,26.8248,8.64,1.8631,0.0852,0.423,1.3069,152.902,158.511014,5.5527,68.106,55.169,360789.47040095413,0.001,0
2026-09-14T13:18:54Z,3.308,26.8252,8.64,1.8593,0.0852,0.423,1.473,152.909,158.519483,5.5055,68.275,55.121,360831.47626647283,0.001,0
2026-09-14T13:18:54Z,3.308,26.8261,8.46,1.8708,0.0852,0.3807,1.4126,152.92,158.530651,5.4697,68.701,54.667,360879.8475669826,0.001,0
2026-09-14T13:18:54Z,3.309,26.8272,8.46,1.8517,0.0852,0.3807,1.322,152.933,158.543486,5.4472,69.373,53.585,360934.202906483,0.002,0
2026-09-14T13:18:54Z,3.309,26.8279,8.46,1.8784,0.0852,0.3807,1.322,152.937,158.54538,5.4414,70.241,52.468,360932.0834388466,0.002,0
2026-09-14T13:18:54Z,3.31,26.8282,8.46,1.8746,0.0852,0.3807,1.3673,152.935,158.540846,5.4548,71.203,51.608,360899.89635900676,0.003,0
2026-09-14T13:18:54Z,3.311,26.8281,8.46,1.8593,0.0426,0.3807,1.3824,152.943,158.544706,5.4889,72.128,50.862,360924.3670861239,0.003,0
2026-09-14T13:18:54Z,3.311,26.8278,8.46,1.8593,0.0426,0.3807,1.322,152.952,158.549974,5.5426,72.903,50.675,360960.8504382263,0.003,0
2026-09-14T13:18:54Z,3.312,26.8272,8.46,1.8021,0.0426,0.3807,1.5788,152.949,158.542022,5.612,73.473,50.576,360925.63545540633,0.004,0
2026-09-14T13:18:54Z,3.313,26.8262,8.46,1.7868,0.0426,0.3807,1.6241,152.934,158.522737,5.6891,73.838,50.215,360831.6572138052,0.004,0
2026-09-14T13:18:54Z,3.314,26.8249,8.46,1.8059,0.0426,0.3807,1.609,152.914,158.499001,5.7631,74.039,50.204,360717.30819055747,0.005,0
2026-09-14T13:18:54Z,3.316,26.8235,8.55,1.8174,0.0852,0.423,1.6694,152.902,158.484523,5.8251,74.123,51.073,360659.00792504987,0.005,0
2026-09-14T13:18:54Z,3.317,26.8221,8.55,1.8212,0.0852,0.423,1.2162,152.907,158.487469,5.8708,74.122,51.98,360702.6273182756,0.006,0
2026-09-14T13:18:54Z,3.318,26.8208,8.55,1.8097,0.0852,0.423,1.2464,152.912,158.492589,5.9001,74.076,53.388,360757.08576101746,0.006,0
2026-09-14T13:18:54Z,3.32,26.8198,8.55,1.7868,0.0852,0.423,1.322,152.909,158.489227,5.9162,74.012,55.085,360756.268465321,0.007,0
2026-09-14T13:18:54Z,3.322,26.8191,8.55,1.8097,0.0852,0.3807,1.3824,152.901,158.480493,5.923,73.923,56.332,360718.3667257762,0.007,0
2026-09-14T13:18:54Z,3.324,26.8185,8.55,1.8021,0.0852,0.3807,1.4881,152.898,158.476082,5.923,73.788,58.021,360703.87117569713,0.008,0
2026-09-14T13:18:54Z,3.326,26.8182,8.55,1.8021,0.0852,0.3807,1.3522,152.905,158.482836,5.9194,73.604,59.918,360749.0398106643,0.008,0
2026-09-14T13:18:54Z,3.328,26.8182,8.55,1.7868,0.0852,0.3807,1.3371,152.916,158.494537,5.9143,73.375,62.811,360817.5018020564,0.007,0
2026-09-14T13:18:54Z,3.331,26.8181,8.55,1.8135,0.0852,0.423,1.3673,152.924,158.502283,5.9072,73.117,67.085,360864.71330971457,0.007,0
2026-09-14T13:18:54Z,3.333,26.8179,8.55,1.8212,0.0852,0.423,1.3975,152.926,158.504131,5.8964,72.889,70.523,360879.2988526663,0.007,0
2026-09-14T13:18:54Z,3.334,26.8178,8.55,1.7868,0.0852,0.423,1.3975,152.922,158.500573,5.8818,72.766,73.209,360860.36300724605,0.007,0
2026-09-14T13:18:54Z,3.336,26.8176,8.55,1.7792,0.0852,0.423,1.3371,152.924,158.502685,5.8634,72.803,75.536,360876.49378033285,0.006,0
2026-09-14T13:18:54Z,3.338,26.8175,8.55,1.825,0.0852,0.3384,1.3371,152.928,158.507021,5.8429,73.005,77.565,360903.7540595346,0.006,0
2026-09-14T13:18:54Z,3.339,26.8175,8.55,1.7945,0.0852,0.3384,1.2918,152.92,158.498707,5.8246,73.337,79.269,360855.09979136277,0.006,0
2026-09-14T13:18:54Z,3.34,26.8176,8.55,1.7907,0.0852,0.3384,1.322,152.903,158.479533,5.8148,73.723,80.066,360741.02228311263,0.006,0
2026-09-14T13:18:54Z,3.341,26.8177,8.55,1.825,0.0852,0.3384,1.3069,152.878,158.452401,5.8177,74.069,81.629,360580.4182633491,0.006,0
2026-09-14T13:18:54Z,3.343,26.8177,8.55,1.7754,0.0852,0.3384,1.3824,152.858,158.430118,5.8339,74.294,82.772,360450.09766939114,0.006,0
2026-09-14T13:18:54Z,3.344,26.8175,8.55,1.7792,0.0852,0.4653,1.3069,152.845,158.414756,5.8604,74.343,84.812,360364.036936727,0.006,0
2026-09-14T13:18:54Z,3.346,26.8172,8.55,1.7868,0.0852,0.4653,1.3975,152.839,158.406228,5.8913,74.176,86.524,360319.82513823465,0.007,0
2026-09-14T13:18:54Z,3.347,26.8168,8.55,1.7983,0.0852,0.4653,1.3824,152.853,158.418292,5.919,73.804,86.769,360397.895184334,0.007,0
2026-09-14T13:18:54Z,3.349,26.8163,8.55,1.7907,0.0852,0.4653,1.3371,152.879,158.44214,5.937,73.288,86.205,360546.7804695442,0.007,0
2026-09-14T13:18:54Z,3.351,26.8157,8.55,1.8059,0.0426,0.423,1.4126,152.895,158.456076,5.941,72.703,85.571,360639.6041598289,0.007,0
2026-09-14T13:18:54Z,3.353,26.8149,8.55,1.8021,0.0426,0.423,1.2918,152.892,158.45179,5.9277,72.112,84.536,360629.6090760357,0.007,0
2026-09-14T13:18:54Z,3.355,26.814,8.55,1.7983,0.0426,0.423,1.3673,152.886,158.444173,5.8981,71.543,82.7,360602.0127646886,0.006,0
2026-09-14T13:18:54Z,3.356,26.813,8.55,1.7983,0.0426,0.423,1.322,152.897,158.45524,5.8569,71.013,80.835,360685.60530528374,0.006,0
2026-09-14T13:18:54Z,3.357,26.8121,8.55,1.8021,0.0426,0.4653,1.2918,152.916,158.475921,5.8103,70.539,78.549,360823.58729086316,0.005,0
2026-09-14T13:18:54Z,3.358,26.8115,8.55,1.7868,0.0426,0.4653,1.2766,152.924,158.483672,5.7631,70.127,76.063,360880.26549117157,0.005,0
2026-09-14T13:18:54Z,3.359,26.8112,8.55,1.8021,0.0426,0.4653,1.473,152.918,158.476553,5.7177,69.78,73.752,360844.2586144112,0.004,0
2026-09-14T13:18:54Z,3.36,26.8113,8.55,1.8135,0.0426,0.4653,1.3371,152.909,158.46469,5.6753,69.522,71.17,360772.94901433075,0.004,0
2026-09-14T13:18:54Z,3.362,26.8115,8.55,1.8021,0.0426,0.4653,1.3069,152.901,158.452936,5.6374,69.372,68.217,360700.40049472055,0.003,0
2026-09-14T13:18:54Z,3.363,26.8115,8.55,1.8021,0.0852,0.3807,1.3975,152.887,158.434147,5.6045,69.337,65.7,360590.4760048031,0.003,0
2026-09-14T13:18:54Z,3.363,26.8111,8.55,1.8021,0.0852,0.3807,1.4428,152.87,158.41133,5.5768,69.426,62.947,360464.5496690423,0.002,0
2026-09-14T13:18:54Z,3.364,26.8103,8.55,1.7868,0.0852,0.3807,1.322,152.858,158.394432,5.5563,69.624,60.139,360380.79443060025,0.002,0
2026-09-14T13:18:54Z,3.364,26.8091,8.55,1.8288,0.0852,0.3807,1.2918,152.852,158.382954,5.5444,69.88,57.807,360336.2749454571,0.001,0
2026-09-14T13:18:54Z,3.364,26.8077,8.55,1.7945,0.0852,0.3807,1.4126,152.84,158.365819,5.5418,70.15,55.385,360262.44482667826,0.001,0
2026-09-14T13:18:54Z,3.364,26.8061,8.55,1.7907,0.0852,0.3807,1.3673,152.818,158.338457,5.5491,70.434,53.006,360132.59463788546,0.001,0
2026-09-14T13:18:54Z,3.365,26.8045,8.55,1.7983,0.0852,0.3807,1.322,152.807,158.323633,5.5651,70.737,51.262,360076.05244365503,0.002,0
2026-09-14T13:18:54Z,3.365,26.8029,8.55,1.7907,0.0852,0.3807,1.3975,152.826,158.339437,5.5856,71.043,50.116,360198.5678537832,0.003,0
2026-09-14T13:18:54Z,3.366,26.8013,8.55,1.8021,0.0852,0.4653,0.9896,152.858,158.368039,5.6074,71.345,49.082,360395.9699500111,0.004,0
2026-09-14T13:18:54Z,3.367,26.7998,8.55,1.8021,0.0852,0.4653,1.0652,152.866,158.374982,5.6303,71.661,48.131,360464.8455608113,0.005,0
2026-09-14T13:18:54Z,3.368,26.7986,8.55,1.8135,0.0852,0.4653,1.1105,152.853,158.362116,5.6546,72.013,47.302,360412.1911260779,0.006,0
2026-09-14T13:18:54Z,3.37,26.7974,8.55,1.8021,0.0852,0.4653,1.0047,152.843,158.354068,5.6792,72.437,46.618,360387.7209775572,0.007,0
2026-09-14T13:18:54Z,3.371,26.7962,8.55,1.7907,0.0852,0.423,1.3673,152.83,158.344683,5.7034,72.988,45.884,360355.4301049255,0.008,0
2026-09-14T13:18:54Z,3.373,26.7955,8.55,1.8097,0.0852,0.423,1.3371,152.813,158.333462,5.7287,73.702,45.606,360302.9816280424,0.009,0
2026-09-14T13:18:54Z,3.376,26.7956,8.55,1.8212,0.0852,0.423,1.3522,152.809,158.335451,5.7568,74.574,45.329,360312.7306853053,0.011,0
2026-09-14T13:18:54Z,3.379,26.7965,8.55,1.8021,0.0852,0.423,1.3975,152.801,158.333143,5.7906,75.571,44.957,360282.2784571091,0.012,0
2026-09-14T13:18:54Z,3.382,26.7979,8.55,1.783,0.0852,0.423,1.4126,152.78,158.3139,5.8346,76.608,44.996,360143.3834374767,0.013,0
2026-09-14T13:18:54Z,3.386,26.7997,8.55,1.7868,0.0426,0.423,1.3673,152.76,158.294635,5.8915,77.532,45.566,359996.8723866611,0.013,0
2026-09-14T13:18:54Z,3.389,26.8018,8.55,1.8021,0.0426,0.423,1.2918,152.748,158.282234,5.9609,78.19,46.335,359884.8779075565,0.013,0
2026-09-14T13:18:54Z,3.393,26.8037,8.55,1.7945,0.0426,0.423,1.4277,152.749,158.281407,6.0404,78.466,47.446,359844.3033202703,0.013,0
2026-09-14T13:18:54Z,3.396,26.8048,8.55,1.8479,0.0426,0.423,1.4126,152.763,158.293937,6.1232,78.287,48.509,359896.8312430813,0.013,0
2026-09-14T13:18:54Z,3.399,26.8051,8.55,1.8517,0.0852,0.3807,1.322,152.785,158.313144,6.197,77.643,49.317,360003.4381682645,0.013,0
2026-09-14T13:18:54Z,3.403,26.805,8.55,1.867,0.0852,0.3807,1.4579,152.801,158.328118,6.2496,76.61,50.008,360092.8464271564,0.013,0
2026-09-14T13:18:54Z,3.406,26.8045,8.55,1.8288,0.0852,0.3807,1.322,152.797,158.322811,6.2717,75.311,50.313,360071.2332606146,0.012,0
2026-09-14T13:18:54Z,3.409,26.8037,8.55,1.8555,0.0852,0.3807,1.5486,152.78,158.30583,6.2574,73.883,50.499,359987.0296636731,0.012,0
2026-09-14T13:18:54Z,3.412,26.8028,8.55,1.8631,0.0852,0.3384,1.6241,152.773,158.298697,6.2061,72.452,50.455,359962.27261493716,0.011,0
2026-09-14T13:18:54Z,3.415,26.802,8.55,1.8708,0.0852,0.3384,1.6996,152.775,158.301515,6.1236,71.126,49.867,359993.79619096563,0.011,0
2026-09-14T13:18:54Z,3.417,26.8018,8.55,1.8517,0.0852,0.3384,1.5637,152.783,158.309024,6.0198,69.981,49.435,360041.4523369137,0.011,0
2026-09-14T13:18:54Z,3.42,26.8019,8.55,1.8631,0.0852,0.3384,1.6845,152.798,158.323225,5.9057,69.057,48.678,360122.58850378194,0.011,0
2026-09-14T13:18:54Z,3.423,26.8022,8.55,1.8746,0.0852,0.3384,1.6241,152.816,158.339889,5.7913,68.366,47.881,360214.3714597014,0.013,0
2026-09-14T13:18:54Z,3.426,26.8023,8.55,1.8555,0.1278,0.2961,1.6543,152.823,158.343421,5.6853,67.906,47.045,360233.1404043127,0.014,0
2026-09-14T13:18:54Z,3.43,26.8022,8.55,1.8784,0.1278,0.2961,1.6845,152.82,158.336766,5.5938,67.66,46.225,360196.1085663079,0.016,0
2026-09-14T13:18:54Z,3.434,26.8017,8.55,1.8822,0.1278,0.2961,1.609,152.815,158.328167,5.52,67.596,45.418,360155.24271046004,0.017,0
2026-09-14T13:18:54Z,3.439,26.8009,8.55,1.8746,0.1278,0.2961,1.5788,152.799,158.309321,5.4648,67.685,44.316,360060.12031873123,0.018,0
2026-09-14T13:18:54Z,3.444,26.7998,8.55,1.8593,0.0426,0.3807,1.6543,152.779,158.285222,5.4282,67.905,43.477,359939.9506503148,0.019,0
2026-09-14T13:18:54Z,3.45,26.7986,8.55,1.8784,0.0426,0.3807,1.6543,152.766,158.26748,5.4086,68.213,43.157,359858.8316900827,0.02,0
2026-09-14T13:18:54Z,3.455,26.7976,8.55,1.9356,0.0426,0.3807,1.8356,152.769,158.267394,5.4036,68.557,42.858,359877.1397935213,0.019,0
2026-09-14T13:18:54Z,3.46,26.7966,8.55,1.9509,0.0426,0.3807,1.8356,152.788,158.284942,5.4108,68.908,42.607,359998.52551747626,0.019,0
2026-09-14T13:18:54Z,3.465,26.7956,8.55,1.9127,0.0426,0.4653,1.896,152.82,158.314784,5.4285,69.256,42.469,360191.8304784913,0.018,0
2026-09-14T13:18:54Z,3.469,26.7944,8.55,1.9204,0.0426,0.4653,1.9111,152.861,158.352853,5.4532,69.603,42.404,360437.1048388993,0.017,0
2026-09-14T13:18:54Z,3.473,26.7933,8.55,1.9204,0.0426,0.4653,1.8809,152.883,158.371224,5.4809,69.987,42.589,360565.3265105465,0.017,0
2026-09-14T13:18:54Z,3.478,26.7923,8.55,1.9089,0.0426,0.4653,1.8809,152.877,158.360767,5.509,70.488,42.386,360522.98336194427,0.016,0
2026-09-14T13:18:54Z,3.482,26.7912,8.46,1.9089,0.0852,0.54990000000000006,1.7903,152.878,158.35677,5.5369,71.169,42.469,360520.32656286267,0.016,0
2026-09-14T13:18:54Z,3.486,26.79,8.46,1.9165,0.0852,0.54990000000000006,1.7903,152.895,158.368187,5.5648,72.026,42.598,360609.7608711241,0.016,0
2026-09-14T13:18:54Z,3.49,26.7886,8.46,1.9432,0.0852,0.54990000000000006,1.5486,152.9,158.368001,5.5956,73.013,42.765,360635.0672590087,0.017,0
2026-09-14T13:18:54Z,3.494,26.7871,8.46,1.9013,0.0852,0.54990000000000006,1.6241,152.89,158.35416,5.6358,74.073,42.7,360582.33678262884,0.017,0
2026-09-14T13:18:54Z,3.498,26.7853,8.46,1.9509,0.0852,0.54990000000000006,1.5183,152.877,158.339003,5.6904,75.13,43.045,360527.56095250195,0.018,0
2026-09-14T13:18:54Z,3.503,26.7834,8.46,1.9318,0.1278,0.5076,1.6241,152.868,158.330514,5.7592,76.092,43.063,360513.6937038519,0.019,0
2026-09-14T13:18:54Z,3.508,26.7817,8.46,1.9738,0.1278,0.5076,2.1528,152.865,158.330436,5.8383,76.89,43.007,360545.2832266464,0.019,0
2026-09-14T13:18:54Z,3.513,26.7805,8.46,1.9928,0.1278,0.5076,2.0169,152.874,158.340754,5.9231,77.523,42.737,360628.3043235414,0.019,0
2026-09-14T13:18:54Z,3.519,26.78,8.46,2.0005,0.1278,0.5076,2.183,152.905,158.370231,6.0077,78.02,42.303,360810.32008420303,0.019,0
2026-09-14T13:18:54Z,3.524,26.7804,8.55,2.0157,0.0852,0.2115,2.0773,152.936,158.396667,6.0846,78.4,42.358,360957.5947574611,0.018,0
2026-09-14T13:18:54Z,3.528,26.7813,8.55,1.9547,0.0852,0.2115,2.1226,152.946,158.401058,6.1483,78.654,42.092,360966.3250212402,0.016,0
2026-09-14T13:18:54Z,3.532,26.7816,8.55,1.9928,0.0852,0.2115,2.0773,152.955,158.404617,6.1989,78.749,41.882,360981.5076376325,0.015,0
2026-09-14T13:18:54Z,3.535,26.7806,8.55,1.9814,0.0852,0.2115,2.0924,152.968,158.412298,6.2388,78.642,41.746,361045.3775424346,0.013,0
2026-09-14T13:18:54Z,3.538,26.7789,8.46,1.989,0.0852,0.3807,2.032,152.967,158.406111,6.2693,78.301,41.746,361041.22670007136,0.012,0
2026-09-14T13:18:54Z,3.541,26.7769,8.46,1.9928,0.0852,0.3807,2.6664,152.954,158.388413,6.2898,77.718,41.619,360975.3052681726,0.011,0
2026-09-14T13:18:54Z,3.544,26.775,8.46,1.9967,0.0852,0.3807,2.7722,152.937,158.366509,6.2977,76.912,41.565,360882.86206452386,0.011,0
2026-09-14T13:18:54Z,3.547,26.7731,8.46,1.9814,0.0852,0.3807,2.7118,152.917,158.342574,6.2893,75.942,42.019,360778.53125406115,0.01,0
2026-09-14T13:18:54Z,3.549,26.7713,8.46,1.9738,0.0852,0.3807,2.8326,152.906,158.326256,6.2622,74.904,42.284,360716.9279482197,0.01,0
2026-09-14T13:18:54Z,3.552,26.7699,8.46,1.9165,0.0852,0.2961,2.742,152.907,158.323225,6.2157,73.905,42.784,360725.5881430945,0.009,0
2026-09-14T13:18:54Z,3.554,26.7687,8.46,1.9165,0.0852,0.2961,2.6966,152.922,158.334675,6.1515,73.019,43.648,360815.2892434027,0.009,0
2026-09-14T13:18:54Z,3.556,26.7674,8.46,1.9318,0.0852,0.2961,2.7873,152.932,158.341616,6.074,72.295,44.5,360880.4810746089,0.008,0
2026-09-14T13:18:54Z,3.558,26.766,8.46,1.9165,0.0852,0.2961,2.7269,152.927,158.333874,5.9912,71.76,45.458,360861.550812335,0.008,0
2026-09-14T13:18:54Z,3.56,26.7647,8.55,1.9738,0.0852,0.4653,2.3945,152.924,158.327421,5.9113,71.41,46.205,360848.28359750356,0.008,0
2026-09-14T13:18:54Z,3.562,26.7634,8.55,1.9852,0.0852,0.4653,2.5003,152.922,158.32254,5.8406,71.212,46.578,360844.2248484911,0.008,0
2026-09-14T13:18:54Z,3.564,26.7622,8.55,2.0043,0.0852,0.4653,2.5456,152.919,158.315925,5.7828,71.125,46.73,360828.1201473039,0.008,0
2026-09-14T13:18:54Z,3.566,26.7613,8.55,1.9852,0.0852,0.4653,2.6362,152.917,158.309821,5.7401,71.104,46.852,360809.34670443856,0.008,0
2026-09-14T13:18:54Z,3.568,26.7604,8.55,1.9852,0.0852,0.4653,2.2737,152.915,158.302599,5.7123,71.096,47.261,360784.02381496946,0.008,0
2026-09-14T13:18:54Z,3.57,26.7594,8.55,2.0043,0.0852,0.4653,2.2283,152.91,158.292333,5.6966,71.053,48.1,360742.75692302035,0.008,0
2026-09-14T13:18:54Z,3.572,26.7582,8.55,1.9928,0.0852,0.4653,2.2737,152.906,158.284301,5.6898,70.936,49.964,360718.3503852266,0.008,0
2026-09-14T13:18:54Z,3.574,26.7568,8.55,2.0081,0.0852,0.4653,2.2132,152.915,158.288386,5.6882,70.718,53.318,360768.6974127662,0.008,0
2026-09-14T13:18:54Z,3.576,26.7553,8.55,2.1149,0.0852,0.3807,2.5003,152.928,158.297661,5.6877,70.405,58.072,360851.34772657626,0.008,0
2026-09-14T13:18:54Z,3.578,26.7537,8.55,2.0958,0.0852,0.3807,2.4701,152.932,158.298565,5.6844,70.024,62.037,360886.84806072287,0.009,0
2026-09-14T13:18:54Z,3.58,26.7522,8.55,2.0958,0.0852,0.3807,2.4549,152.934,158.299357,5.6752,69.605,64.512,360919.808158072,0.009,0
2026-09-14T13:18:54Z,3.583,26.7506,8.55,2.1225,0.0852,0.3807,2.606,152.939,158.304256,5.658,69.191,65.217,360978.7309077697,0.009,0
2026-09-14T13:18:54Z,3.585,26.7492,8.55,2.0501,0.0852,0.3807,2.0773,152.938,158.302544,5.633,68.843,63.898,360995.1347457006,0.008,0
2026-09-14T13:18:54Z,3.587,26.7483,8.55,2.0424,0.0852,0.423,2.1226,152.935,158.297773,5.6027,68.609,61.061,360984.166101999,0.008,0
2026-09-14T13:18:54Z,3.589,26.7477,8.55,2.0577,0.0852,0.423,2.1075,152.941,158.300694,5.5692,68.523,56.54,361012.6188661147,0.007,0
2026-09-14T13:18:54Z,3.591,26.7474,8.55,2.0386,0.0852,0.423,2.1075,152.958,158.316093,5.5361,68.595,51.698,361108.5586341754,0.006,0
2026-09-14T13:18:54Z,3.592,26.7472,8.55,1.9967,0.0852,0.423,2.2737,152.98,158.336054,5.5082,68.815,48.121,361229.37603188434,0.005,0
2026-09-14T13:18:54Z,3.593,26.7467,8.55,1.9661,0.0426,0.4653,2.2435,152.991,158.345859,5.4896,69.164,46.406,361296.3258950985,0.004,0
2026-09-14T13:18:54Z,3.594,26.7459,8.55,1.9738,0.0426,0.4653,2.183,152.991,158.344113,5.4827,69.636,46.024,361301.2075676389,0.004,0
2026-09-14T13:18:54Z,3.595,26.745,8.55,1.9432,0.0426,0.4653,2.2435,152.987,158.338368,5.4886,70.206,46.588,361284.52620861924,0.003,0
2026-09-14T13:18:54Z,3.596,26.7442,8.55,2.0501,0.0426,0.4653,2.1075,152.973,158.323084,5.5063,70.825,47.715,361210.0132092473,0.003,0
2026-09-14T13:18:54Z,3.596,26.7435,8.55,2.031,0.0426,0.4653,2.1075,152.952,158.300197,5.5343,71.44,50.763,361089.03949981625,0.002,0
2026-09-14T13:18:54Z,3.597,26.743,8.55,2.031,0.0426,0.4653,2.1377,152.944,158.289656,5.5721,72.01,56.393,361036.68460530305,0.002,0
2026-09-14T13:18:54Z,3.597,26.7427,8.55,2.0615,0.0426,0.4653,2.1075,152.953,158.296666,5.6178,72.489,63.221,361083.45004801993,0.002,0
2026-09-14T13:18:54Z,3.598,26.7424,8.55,2.1225,0.0426,0.4653,2.2586,152.971,158.311073,5.6674,72.819,70.096,361173.59468789963,0.003,0
2026-09-14T13:18:54Z,3.599,26.742,8.55,2.092,0.0426,0.4653,2.2737,152.983,158.318681,5.7166,72.961,77.279,361225.7693392038,0.003,0
2026-09-14T13:18:54Z,3.599,26.7414,8.55,2.1149,0.0426,0.3384,2.2435,152.985,158.315507,5.7623,72.911,83.695,361218.49462466274,0.003,0
2026-09-14T13:18:54Z,3.6,26.7405,8.55,2.1073,0.0426,0.3384,2.2737,152.979,158.304712,5.8007,72.688,88.195,361172.19695800316,0.003,0
2026-09-14T13:18:54Z,3.601,26.7391,8.55,2.0997,0.0426,0.3384,2.2435,152.956,158.275403,5.8272,72.324,90.603,361026.79165899224,0.004,0
2026-09-14T13:18:54Z,3.602,26.7375,8.55,2.1073,0.0426,0.3384,2.5607,152.922,158.233789,5.8387,71.864,91.573,360813.06567361276,0.004,0
2026-09-14T13:18:54Z,3.603,26.7359,8.55,2.1035,0.1278,0.3807,2.4549,152.906,158.212864,5.8349,71.36,90.21,360720.6342377882,0.004,0
2026-09-14T13:18:54Z,3.604,26.7341,8.55,2.0997,0.1278,0.3807,2.4852,152.918,158.221073,5.8173,70.861,88.521,360802.7248421861,0.005,0
2026-09-14T13:18:54Z,3.605,26.7322,8.55,2.1073,0.1278,0.3807,2.3945,152.942,158.242571,5.7883,70.421,86.355,360964.631439724,0.005,0
2026-09-14T13:18:54Z,3.606,26.7304,8.55,2.0539,0.1278,0.3807,2.6966,152.964,158.26305,5.7517,70.077,84.719,361118.7288820862,0.006,0
2026-09-14T13:18:54Z,3.608,26.7288,8.64,2.031,0.0852,0.423,2.6966,152.973,158.269934,5.7115,69.84,82.862,361189.34516664816,0.006,0
2026-09-14T13:18:54Z,3.609,26.7276,8.64,2.0424,0.0852,0.423,2.7873,152.959,158.253034,5.6717,69.72,80.345,361112.89709775505,0.006,0
2026-09-14T13:18:54Z,3.611,26.7265,8.64,1.9967,0.0852,0.423,2.7118,152.93,158.221873,5.6366,69.716,78.175,360950.9372565164,0.007,0
2026-09-14T13:18:54Z,3.613,26.7256,8.64,2.0119,0.0852,0.423,2.9384,152.914,158.204213,5.6092,69.792,76.378,360864.3885412791,0.007,0
2026-09-14T13:18:54Z,3.615,26.7248,8.55,1.9928,0.0852,0.4653,2.9837,152.92,158.209372,5.5902,69.901,73.48,360909.74587666016,0.008,0
2026-09-14T13:18:54Z,3.617,26.7241,8.55,2.0005,0.0852,0.4653,2.9535,152.932,158.220692,5.5807,70.01,72.01,360989.3485575208,0.008,0
2026-09-14T13:18:54Z,3.619,26.7236,8.55,1.9967,0.0852,0.4653,3.0139,152.94,158.227161,5.5805,70.082,69.822,361036.73335598235,0.009,0
2026-09-14T13:18:54Z,3.621,26.7233,8.55,1.9013,0.0852,0.4653,2.893,152.95,158.234513,5.5866,70.073,67.98,361085.5225452795,0.009,0
2026-09-14T13:18:54Z,3.624,26.723,8.55,1.9165,0.0852,0.4653,2.9837,152.964,158.246713,5.5953,69.96,66.794,361162.7552994402,0.009,0
2026-09-14T13:18:54Z,3.626,26.7226,8.64,1.9127,0.0852,0.3807,3.0139,152.979,158.261001,5.6041,69.746,65.132,361254.13997994584,0.009,0
2026-09-14T13:18:54Z,3.629,26.722,8.64,1.9089,0.0852,0.3807,3.0441,152.997,158.279183,5.6099,69.453,64.037,361372.1743398477,0.009,0
2026-09-14T13:18:54Z,3.631,26.7213,8.64,1.8479,0.0852,0.3807,2.9686,153.02,158.304104,5.6093,69.104,63.002,361531.6845570379,0.008,0
2026-09-14T13:18:54Z,3.633,26.7205,8.64,1.8288,0.0852,0.3807,3.0139,153.042,158.328381,5.6003,68.723,62.024,361689.3539351758,0.008,0
2026-09-14T13:18:54Z,3.635,26.72,8.64,1.8555,0.0852,0.3807,3.1498,153.053,158.340452,5.5833,68.341,61.154,361769.7030185084,0.007,0
2026-09-14T13:18:54Z,3.636,26.7199,8.64,1.8784,0.0852,0.3807,2.9686,153.043,158.331511,5.5597,68,59.749,361719.0905643604,0.007,0
2026-09-14T13:18:54Z,3.638,26.7201,8.64,1.8631,0.0852,0.3807,2.9232,153.015,158.303184,5.5318,67.718,58.757,361548.9881165417,0.006,0
2026-09-14T13:18:54Z,3.64,26.7205,8.64,1.8631,0.0852,0.3807,3.0441,152.982,158.269959,5.5013,67.491,57.657,361346.4094394545,0.005,0
2026-09-14T13:18:54Z,3.641,26.7209,8.64,1.8441,0.0852,0.423,2.9988,152.959,158.245023,5.4707,67.314,56.466,361192.5310664426,0.005,0
2026-09-14T13:18:54Z,3.642,26.7213,8.64,1.867,0.0852,0.423,2.9535,152.943,158.227737,5.4434,67.186,55.361,361083.5663356611,0.004,0
2026-09-14T13:18:54Z,3.643,26.7216,8.64,1.9051,0.0852,0.423,2.9384,152.94,158.221507,5.4207,67.112,54.324,361041.35508288204,0.004,0
2026-09-14T13:18:54Z,3.644,26.7217,8.64,1.928,0.0852,0.423,3.0139,152.949,158.226677,5.4025,67.093,53.388,361069.78932005854,0.003,0
2026-09-14T13:18:54Z,3.645,26.7216,8.64,1.9165,0.0852,0.423,2.9535,152.95,158.222579,5.3884,67.105,52.195,361047.6422927923,0.003,0
2026-09-14T13:18:54Z,3.646,26.7211,8.64,1.9013,0.1278,0.4653,2.893,152.933,158.198102,5.3782,67.128,51.284,360913.5392980153,0.002,0
2026-09-14T13:18:54Z,3.646,26.7202,8.64,1.9242,0.1278,0.4653,3.029,152.91,158.168761,5.3724,67.148,50.4,360758.50108073646,0.002,0
2026-09-14T13:18:54Z,3.647,26.7189,8.64,1.928,0.1278,0.4653,3.0592,152.901,158.154789,5.371,67.148,49.424,360701.13580885786,0.002,0
2026-09-14T13:18:54Z,3.647,26.7171,8.64,1.9165,0.1278,0.4653,2.9384,152.912,158.16248,5.3721,67.11,48.362,360780.21182258293,0.002,0
2026-09-14T13:18:54Z,3.647,26.7151,8.64,1.9509,0.0852,0.5076,3.0894,152.94,158.187872,5.3741,67.042,47.405,360966.89333710686,0.002,0
2026-09-14T13:18:54Z,3.648,26.7133,8.64,1.9318,0.0852,0.5076,3.0441,152.973,158.217696,5.376,66.968,46.557,361175.8728017011,0.002,0
2026-09-14T13:18:54Z,3.648,26.7118,8.64,1.9356,0.0852,0.5076,3.0139,153.007,158.247881,5.3761,66.899,45.507,361381.3849482635,0.002,0
2026-09-14T13:18:54Z,3.649,26.7104,8.64,1.9356,0.0852,0.5076,3.0139,153.045,158.280463,5.3732,66.828,44.326,361599.16383683117,0.002,0
2026-09-14T13:18:54Z,3.649,26.7091,8.55,1.9204,0.0852,0.3807,3.0743,153.068,158.29808,5.3678,66.751,43.468,361727.2368021873,0.002,0
2026-09-14T13:18:54Z,3.65,26.7077,8.55,1.9089,0.0852,0.3807,2.9837,153.063,158.287392,5.362,66.651,42.524,361690.9702593665,0.003,0
2026-09-14T13:18:54Z,3.65,26.7061,8.55,1.9204,0.0852,0.3807,2.9081,153.045,158.261581,5.3567,66.484,41.837,361569.6757707286,0.003,0
2026-09-14T13:18:54Z,3.651,26.7041,8.55,1.9394,0.0852,0.3807,3.0592,153.035,158.243825,5.3512,66.218,41.116,361503.26335358334,0.003,0
2026-09-14T13:18:54Z,3.652,26.7021,8.55,1.9165,0.0852,0.3807,2.9988,153.043,158.243416,5.3452,65.86,40.469,361538.7143122979,0.003,0
2026-09-14T13:18:54Z,3.653,26.7002,8.55,1.9776,0.0852,0.2961,2.893,153.053,158.246215,5.3374,65.441,40.223,361591.11804072506,0.004,0
2026-09-14T13:18:54Z,3.654,26.698,8.55,1.9776,0.0852,0.2961,2.9384,153.054,158.238943,5.3242,65.019,39.728,361590.05528679135,0.004,0
2026-09-14T13:18:54Z,3.655,26.6953,8.55,1.989,0.0852,0.2961,2.9535,153.057,158.233686,5.3032,64.67,39.273,361610.29429585213,0.005,0
2026-09-14T13:18:54Z,3.657,26.6927,8.55,2.0157,0.0852,0.2961,2.9535,153.076,158.245074,5.2747,64.464,38.764,361726.4319205787,0.005,0
2026-09-14T13:18:54Z,3.658,26.6901,8.55,1.9928,0.0852,0.3807,3.0894,153.102,158.264121,5.2414,64.433,38.337,361887.6176384639,0.005,0
2026-09-14T13:18:54Z,3.659,26.6874,8.55,1.9852,0.0852,0.3807,3.0139,153.122,158.275864,5.2078,64.579,38.014,362007.81792476744,0.005,0
2026-09-14T13:18:54Z,3.661,26.6846,8.55,1.989,0.0852,0.3807,2.9384,153.127,158.273416,5.1802,64.881,37.693,362046.50759999827,0.005,0
2026-09-14T13:18:54Z,3.662,26.6819,8.55,2.0043,0.0852,0.3807,2.9837,153.113,158.252113,5.1639,65.299,37.464,361972.44325199584,0.005,0
2026-09-14T13:18:54Z,3.664,26.6794,8.64,1.9852,0.1278,0.4653,2.8779,153.087,158.220304,5.1617,65.796,37.188,361832.82874300185,0.005,0
2026-09-14T13:18:54Z,3.665,26.6767,8.64,2.0005,0.1278,0.4653,3.0139,153.058,158.187541,5.1737,66.361,37.164,361691.4142978889,0.005,0
2026-09-14T13:18:54Z,3.666,26.6741,8.64,1.9776,0.1278,0.4653,2.9535,153.027,158.153104,5.1981,66.982,36.915,361538.2867924382,0.005,0
2026-09-14T13:18:54Z,3.668,26.6719,8.64,1.9852,0.1278,0.4653,3.029,153.01,158.133863,5.2318,67.625,36.859,361466.88765207084,0.004,0
2026-09-14T13:18:54Z,3.669,26.6703,8.64,1.9585,0.0852,0.423,2.9535,153.018,158.140717,5.2717,68.253,36.875,361537.45637206367,0.004,0
2026-09-14T13:18:54Z,3.67,26.6692,8.64,2.0234,0.0852,0.423,2.9232,153.028,158.149443,5.3171,68.837,36.802,361609.5695959751,0.003,0
2026-09-14T13:18:54Z,3.67,26.6685,8.64,2.0081,0.0852,0.423,2.9081,153.028,158.148339,5.3669,69.355,36.619,361616.33992095856,0.003,0
2026-09-14T13:18:54Z,3.671,26.668,8.64,1.9661,0.0852,0.423,2.9232,153.033,158.151139,5.4185,69.775,36.579,361642.26774883276,0.003,0
2026-09-14T13:18:54Z,3.671,26.6675,8.64,2.0577,0.0852,0.423,2.9837,153.036,158.152578,5.4689,70.076,36.516,361660.19766818435,0.002,0
2026-09-14T13:18:54Z,3.672,26.6669,8.73,2.0386,0.1278,0.4653,2.9686,153.02,158.135003,5.5157,70.265,36.231,361568.2653775938,0.002,0
2026-09-14T13:18:54Z,3.673,26.6663,8.73,2.031,0.1278,0.4653,3.0139,152.998,158.111763,5.5572,70.346,36.2,361443.0571072356,0.003,0
2026-09-14T13:18:54Z,3.673,26.6658,8.73,2.0577,0.1278,0.4653,2.9535,152.999,158.11073,5.591,70.313,36.121,361446.45382937643,0.003,0
2026-09-14T13:18:54Z,3.674,26.6653,8.73,2.0653,0.1278,0.4653,2.9232,153.019,158.131627,5.6152,70.182,36.113,361578.72705325246,0.003,0
2026-09-14T13:18:54Z,3.675,26.6649,8.73,2.0501,0.0852,0.5076,2.9988,153.037,158.149967,5.6304,69.989,35.988,361694.1064515419,0.003,0
2026-09-14T13:18:54Z,3.676,26.6646,8.73,2.0501,0.0852,0.5076,3.0592,153.043,158.156614,5.6369,69.779,35.879,361738.86689716234,0.004,0
2026-09-14T13:18:54Z,3.676,26.6641,8.73,2.0195,0.0852,0.5076,3.0441,153.047,158.157346,5.6343,69.604,35.902,361752.64483417623,0.004,0
2026-09-14T13:18:54Z,3.677,26.664,8.73,2.0348,0.0852,0.5076,2.9988,153.044,158.148353,5.6238,69.515,35.801,361701.66950908414,0.005,0
2026-09-14T13:18:54Z,3.679,26.6643,8.73,2.0615,0.0852,0.3807,2.9837,153.045,158.141263,5.6083,69.547,35.785,361654.30646646203,0.006,0
2026-09-14T13:18:54Z,3.68,26.6642,8.73,2.0424,0.0852,0.3807,2.9081,153.065,158.152221,5.5915,69.717,35.715,361720.6182565796,0.008,0
2026-09-14T13:18:54Z,3.682,26.6632,8.73,2.031,0.0852,0.3807,2.9384,153.092,158.168117,5.5776,70.028,35.56,361833.0299641858,0.009,0
2026-09-14T13:18:54Z,3.685,26.6613,8.73,1.9852,0.0852,0.3807,2.9686,153.117,158.181165,5.5706,70.487,35.345,361945.7815205312,0.011,0
2026-09-14T13:18:54Z,3.688,26.6587,8.73,2.0043,0.0852,0.3807,2.9686,153.143,158.192841,5.5735,71.068,35.314,362063.7693133233,0.012,0
2026-09-14T13:18:54Z,3.691,26.6554,8.82,1.9585,0.0852,0.5076,3.0441,153.16,158.196236,5.5874,71.721,35.26,362146.3454145995,0.014,0
2026-09-14T13:18:54Z,3.695,26.6515,8.82,1.9852,0.0852,0.5076,2.9384,153.169,158.194259,5.6127,72.429,35.062,362208.7141037227,0.016,0
2026-09-14T13:18:54Z,3.699,26.6472,8.82,2.0577,0.0852,0.5076,2.8779,153.177,158.196402,5.65,73.193,35.016,362302.94331979554,0.017,0
2026-09-14T13:18:54Z,3.704,26.6425,8.82,2.0501,0.0852,0.5076,3.0441,153.187,158.201233,5.697,74.034,34.751,362420.62613828096,0.018,0
2026-09-14T13:18:54Z,3.709,26.6378,8.82,2.0424,0.0852,0.3807,2.9837,153.199,158.204029,5.7499,74.995,34.308,362526.3663417642,0.018,0
2026-09-14T13:18:54Z,3.714,26.6341,8.82,2.0272,0.0852,0.3807,2.9988,153.214,158.205534,5.807,76.053,34.286,362605.5333205202,0.018,0
2026-09-14T13:18:54Z,3.719,26.6321,8.82,1.989,0.0852,0.3807,3.0139,153.228,158.206148,5.8685,77.07,34.167,362647.1587926773,0.017,0
2026-09-14T13:18:54Z,3.723,26.6304,8.82,1.9661,0.0852,0.3807,3.0441,153.238,158.206034,5.9361,77.901,34.181,362678.7981294584,0.016,0
2026-09-14T13:18:54Z,3.727,26.6272,9.09,1.9852,0.0852,0.4653,2.9535,153.242,158.201155,6.0135,78.45,34.152,362710.8767517585,0.016,0
2026-09-14T13:18:54Z,3.73,26.6226,9.09,1.989,0.0852,0.4653,2.9232,153.236,158.186199,6.0988,78.629,33.915,362710.1855678409,0.015,0
2026-09-14T13:18:54Z,3.734,26.6181,9.09,2.0348,0.0852,0.4653,2.9081,153.225,158.165196,6.1808,78.376,33.79,362671.94921295554,0.015,0
2026-09-14T13:18:54Z,3.738,26.6145,9.09,2.0501,0.0852,0.4653,2.9384,153.225,158.154587,6.2479,77.689,33.68,362677.86032735725,0.014,0
2026-09-14T13:18:54Z,3.742,26.6117,9.18,2.0195,0.0852,0.423,2.8779,153.242,158.161563,6.2922,76.634,33.614,362772.2274465665,0.014,0
2026-09-14T13:18:54Z,3.745,26.6089,9.18,2.0501,0.0852,0.423,2.9535,153.265,158.17596,6.3069,75.341,33.454,362910.38334270695,0.013,0
2026-09-14T13:18:54Z,3.748,26.6056,9.18,2.0005,0.0852,0.423,3.0743,153.292,158.193601,6.287,73.961,33.447,363077.24148182734,0.013,0
2026-09-14T13:18:54Z,3.751,26.6023,9.18,1.9661,0.0852,0.423,2.9384,153.321,158.213177,6.2322,72.618,33.439,363255.588068993,0.013,0
2026-09-14T13:18:54Z,3.754,26.599,9.18,1.9738,0.0852,0.423,2.9837,153.333,158.215859,6.148,71.389,33.396,363334.2800839782,0.013,0
2026-09-14T13:18:54Z,3.757,26.5958,9.27,1.9661,0.0852,0.4653,2.8628,153.323,158.194348,6.0446,70.33,33.287,363268.2678071109,0.014,0
2026-09-14T13:18:54Z,3.761,26.5926,9.27,2.1149,0.0852,0.4653,3.2405,153.312,158.170962,5.9342,69.473,33.229,363191.18630672246,0.014,0
2026-09-14T13:18:54Z,3.765,26.5892,9.27,2.1111,0.0852,0.4653,3.1801,153.312,158.161507,5.8267,68.816,33.042,363200.13699911593,0.015,0
2026-09-14T13:18:54Z,3.769,26.5857,9.27,2.1073,0.0852,0.4653,3.2254,153.319,158.161459,5.7285,68.324,32.963,363266.5273391499,0.015,0
2026-09-14T13:18:54Z,3.773,26.582,9.36,2.0997,0.0852,0.4653,3.1498,153.317,158.154771,5.644,67.936,32.87,363297.5371871077,0.015,0
2026-09-14T13:18:54Z,3.777,26.5783,9.36,2.2866,0.0852,0.4653,3.1649,153.305,158.139661,5.5756,67.604,32.692,363278.8193932373,0.015,0
2026-09-14T13:18:54Z,3.781,26.5752,9.36,2.2904,0.0852,0.4653,3.0592,153.276,158.110095,5.5232,67.321,32.607,363163.3097770243,0.015,0
2026-09-14T13:18:54Z,3.785,26.5728,9.36,2.3018,0.0852,0.4653,3.1801,153.22,158.050172,5.484,67.099,32.536,362855.30349934276,0.014,0
2026-09-14T13:18:54Z,3.788,26.5712,9.54,2.2828,0.0852,0.5076,3.2405,153.155,157.977982,5.4529,66.974,32.543,362459.8609145592,0.014,0
2026-09-14T13:18:54Z,3.791,26.5705,9.54,2.5307,0.0852,0.5076,3.5275,153.084,157.896319,5.4264,66.999,32.522,361991.73494353483,0.014,0
2026-09-14T13:18:54Z,3.795,26.5703,9.54,2.5574,0.0852,0.5076,3.4822,152.962,157.759356,5.4036,67.214,32.515,361188.9506170208,0.013,0
2026-09-14T13:18:54Z,3.798,26.5697,9.54,2.5345,0.0852,0.5076,3.4822,152.745,157.522554,5.3859,67.618,32.374,359808.32822008245,0.013,0
2026-09-14T13:18:54Z,3.802,26.568,9.54,2.5498,0.0852,0.5076,3.4822,152.386,157.138797,5.376,68.186,32.157,357591.34771505883,0.013,0
2026-09-14T13:18:54Z,3.805,26.5652,9.54,2.546,0.0852,0.4653,3.5728,151.767,156.487713,5.3783,68.86,32.08,353847.2188949601,0.013,0
2026-09-14T13:18:54Z,3.809,26.5616,9.54,2.5307,0.0852,0.4653,3.4067,150.681,155.355597,5.3959,69.569,32.038,347369.95100813266,0.013,0
2026-09-14T13:18:54Z,3.812,26.5574,9.54,2.546,0.0852,0.4653,3.5124,148.846,153.452577,5.4288,70.245,31.913,336611.47636902507,0.012,0
2026-09-14T13:18:54Z,3.815,26.5529,9.54,2.5269,0.0852,0.4653,3.4671,145.79,150.293223,5.4748,70.827,31.782,319159.5143109411,0.011,0
2026-09-14T13:18:54Z,3.818,26.5485,9.54,2.546,0.1278,0.54990000000000006,3.4067,140.688,145.027024,5.5294,71.255,31.768,291266.7655626287,0.01,0
2026-09-14T13:18:54Z,3.821,26.5443,9.54,2.5994,0.1278,0.54990000000000006,3.3915,132.183,136.255673,5.5867000000000004,71.51,31.644,248169.00136189978,0.009,0
2026-09-14T13:18:54Z,3.823,26.5404,9.54,2.5956,0.1278,0.54990000000000006,3.4671,118.008,121.642146,5.6414,71.61,31.561,185453.12208961044,0.008,0
2026-09-14T13:18:54Z,3.825,26.5372,9.54,2.5956,0.1278,0.54990000000000006,3.4671,94.374,97.281487,5.6885,71.568,31.513,104524.99116956542,0.006,0
2026-09-14T13:18:54Z,3.826,26.5346,9.45,2.6032,0.1278,0.5076,3.3462,54.987,56.685536,5.7231,71.387,31.541,26417.868201802277,0.005,0
2026-09-14T13:18:54Z,3.827,26.5325,9.45,2.5841,0.1278,0.5076,3.2707,-10.655,-10.96929,5.7438,71.082,31.459,NA,0.004,0
2026-09-14T13:18:54Z,3.828,26.5307,9.45,2.6108,0.1278,0.5076,3.1347,-120.071,-123.734298,5.752,70.687,31.479,NA,0.004,0
2026-09-14T13:18:54Z,3.829,26.529,9.45,2.6185,0.1278,0.5076,3.2405,-302.42,-311.658114,5.7488,70.249,31.575,NA,0.003,0
2026-09-14T13:18:54Z,3.83,26.5272,9.63,2.5879,0.0852,0.423,3.2707,-416.365,-429.085453,5.7346,69.798,31.445,NA,0.003,0
2026-09-14T13:18:54Z,3.83,26.525,9.63,2.6146,0.0852,0.423,3.4822,-302.381,-311.618078,5.7103,69.353,31.459,NA,0.002,0
2026-09-14T13:18:54Z,3.831,26.523,9.63,2.6108,0.0852,0.423,3.452,-120.046,-123.709681,5.6789,68.932,31.39,NA,0.002,0
2026-09-14T13:18:54Z,3.831,26.5217,9.63,2.5879,0.0852,0.423,3.5879,-10.664,-10.985591,5.644,68.537,31.329,NA,0.002,0
2026-09-14T13:18:54Z,3.832,26.5214,9.63,2.6146,0.0852,0.423,3.4671,54.952,56.633989,5.6079,68.167,31.268,26374.929088713412,0.003,0
2026-09-14T13:18:54Z,3.832,26.5217,9.63,2.6719,0.0852,0.4653,3.4822,94.315,97.194977,5.572,67.81,31.281,104370.94827254822,0.003,0
2026-09-14T13:18:54Z,3.833,26.5224,9.63,2.6375,0.0852,0.4653,3.4822,117.936,121.529667,5.538,67.432,31.254,185187.0925904472,0.003,0
2026-09-14T13:18:54Z,3.833,26.5227,9.63,2.649,0.0852,0.4653,3.4218,132.12,136.135326,5.5061,67.012,31.173,247886.3504418505,0.003,0
2026-09-14T13:18:54Z,3.834,26.5222,9.63,2.6604,0.0852,0.4653,3.5275,140.644,144.906795,5.4764,66.551,31.18,291047.55288799875,0.003,0
2026-09-14T13:18:54Z,3.835,26.5208,9.63,2.7901,0.1278,0.4653,3.4067,145.784,150.191147,5.4478,66.06,31.207,319139.5126444223,0.004,0
2026-09-14T13:18:54Z,3.836,26.5182,9.63,2.7596,0.1278,0.4653,3.5275,148.892,153.383515,5.4177,65.577,31.119,336914.4104465208,0.004,0
2026-09-14T13:18:54Z,3.837,26.5144,9.63,2.7825,0.1278,0.4653,3.3009,150.754,155.293111,5.3843,65.162,31.105,347871.454830892,0.004,0
2026-09-14T13:18:54Z,3.838,26.51,9.63,2.7939,0.1278,0.4653,3.4822,151.865,156.427157,5.3476,64.885,31.071,354520.8548002743,0.004,0
2026-09-14T13:18:54Z,3.839,26.506,9.63,2.6452,0.0852,0.54990000000000006,3.5426,152.533,157.104098,5.3086,64.808,31.092,358553.2042127101,0.005,0
2026-09-14T13:18:54Z,3.84,26.5025,9.63,2.6757,0.0852,0.54990000000000006,3.4369,152.943,157.510462,5.2701,64.95,30.984,361008.34641968884,0.005,0
2026-09-14T13:18:54Z,3.842,26.4994,9.63,2.6528,0.0852,0.54990000000000006,3.4369,153.201,157.758621,5.237,65.288,30.93,362531.1931821528,0.005,0
2026-09-14T13:18:54Z,3.843,26.4961,9.63,2.6452,0.0852,0.54990000000000006,3.3915,153.353,157.898717,5.2151,65.791,30.97,363422.29962727893,0.005,0
2026-09-14T13:18:54Z,3.844,26.4921,9.63,2.7939,0.0852,0.54990000000000006,3.4369,153.434,157.970111,5.2093,66.406,30.91,363921.28261412727,0.005,0
2026-09-14T13:18:54Z,3.846,26.4871,9.63,2.8016,0.1278,0.423,3.452,153.49,158.021901,5.2212,67.037,30.856,364323.7156125516,0.005,0
2026-09-14T13:18:54Z,3.847,26.4812,9.63,2.7825,0.1278,0.423,3.452,153.543,158.07391,5.2489,67.579,30.789,364745.0439192329,0.005,0
2026-09-14T13:18:54Z,3.848,26.4757,9.63,2.7787,0.1278,0.423,3.4973,153.578,158.109947,5.2899,67.955,30.816,365064.29209637,0.005,0
2026-09-14T13:18:54Z,3.85,26.4719,9.63,2.5956,0.1278,0.423,3.4671,153.587,158.121587,5.3397,68.132,30.702,365206.2838270288,0.005,0
2026-09-14T13:18:54Z,3.851,26.4699,9.63,2.6223,0.1278,0.54990000000000006,3.4973,153.593,158.129969,5.3906,68.118,30.709,365294.4326004732,0.005,0
2026-09-14T13:18:54Z,3.852,26.4691,9.63,2.5918,0.1278,0.54990000000000006,3.4671,153.614,158.153361,5.4343,67.955,30.756,365448.7129758885,0.006,0
2026-09-14T13:18:54Z,3.853,26.4693,9.63,2.6299,0.1278,0.54990000000000006,3.4218,153.642,158.181969,5.4645,67.709,30.629,365614.8189029346,0.006,0
2026-09-14T13:18:54Z,3.855,26.47,9.63,2.6795,0.1278,0.54990000000000006,3.4671,153.667,158.20739,5.4787,67.442,30.609,365752.42050958454,0.006,0
2026-09-14T13:18:54Z,3.856,26.4707,9.63,2.649,0.1278,0.5076,3.4067,153.68,158.218366,5.4774,67.203,30.622,365804.1961875296,0.006,0
2026-09-14T13:18:54Z,3.858,26.4711,9.63,2.649,0.1278,0.5076,3.4369,153.664,158.197783,5.4643,67.038,30.629,365674.1965403697,0.007,0
2026-09-14T13:18:54Z,3.86,26.4712,9.63,2.6604,0.1278,0.5076,3.5577,153.627,158.154182,5.4445,66.983,30.483,365413.2667547126,0.007,0
2026-09-14T13:18:54Z,3.862,26.4709,9.63,2.6909,0.1278,0.5076,3.5275,153.589,158.105996,5.4231,67.033,30.49,365132.906600963,0.007,0
2026-09-14T13:18:54Z,3.864,26.4703,9.63,2.6604,0.0852,0.5076,3.4671,153.568,158.072438,5.404,67.147,30.43,364945.23021804047,0.007,0
2026-09-14T13:18:54Z,3.866,26.469,9.63,2.6719,0.0852,0.5076,3.5426,153.569,158.062595,5.3908,67.281,30.344,364911.7418947858,0.008,0
2026-09-14T13:18:54Z,3.868,26.4669,9.63,2.6833,0.0852,0.5076,3.5426,153.579,158.065826,5.3866,67.395,30.311,364971.1838453841,0.008,0
2026-09-14T13:18:54Z,3.869,26.464,9.63,2.7863,0.0852,0.5076,3.4671,153.591,158.074974,5.3909,67.442,30.278,365081.1080841701,0.007,0
2026-09-14T13:18:54Z,3.871,26.4604,9.63,2.813,0.0852,0.5076,3.5426,153.6,158.084463,5.4004,67.383,30.272,365206.5228272696,0.007,0
2026-09-14T13:18:54Z,3.873,26.4568,9.63,2.7596,0.0852,0.423,3.5124,153.598,158.084801,5.4115,67.212,30.245,365277.6258652017,0.007,0
2026-09-14T13:18:54Z,3.875,26.4545,9.63,2.7749,0.0852,0.423,3.4671,153.591,158.080086,5.4209,66.948,30.095,365293.77129299485,0.007,0
2026-09-14T13:18:54Z,3.876,26.4536,9.63,3.0991,0.0852,0.423,3.4671,153.588,158.077077,5.4247,66.632,30.121,365293.1747105599,0.006,0
2026-09-14T13:18:54Z,3.878,26.4536,9.63,3.0953,0.0852,0.423,3.603,153.582,158.070963,5.42,66.327,30.114,365256.8576715318,0.006,0
2026-09-14T13:18:54Z,3.879,26.4543,9.63,3.0762,0.1278,0.423,3.5426,153.566,158.056105,5.4062,66.106,30.088,365155.1773961021,0.006,0
2026-09-14T13:18:54Z,3.881,26.455,9.63,3.0915,0.1278,0.423,3.5124,153.537,158.032549,5.3849,66.023,30.016,365001.87506449537,0.006,0
2026-09-14T13:18:54Z,3.882,26.455,9.63,3.5149,0.1278,0.423,3.2103,153.497,158.002031,5.3595,66.133,30.049,364820.71565645194,0.005,0
2026-09-14T13:18:54Z,3.883,26.455,9.63,3.5226,0.1278,0.423,3.0894,153.466,157.980459,5.335,66.483,29.971,364692.69372790906,0.005,0
2026-09-14T13:18:54Z,3.885,26.4557,9.54,3.5454,0.1278,0.423,3.1498,153.466,157.990139,5.3171,67.083,29.964,364736.7192923159,0.006,0
2026-09-14T13:18:54Z,3.886,26.4577,9.54,3.5264,0.1278,0.423,3.2405,153.489,158.021628,5.3103,67.893,29.932,364885.26157641155,0.006,0
2026-09-14T13:18:54Z,3.887,26.461,9.54,3.4615,0.1278,0.423,3.5124,153.504,158.041241,5.3187,68.864,29.932,364938.3962532553,0.006,0
2026-09-14T13:18:54Z,3.889,26.4646,9.54,3.473,0.1278,0.423,3.5275,153.505,158.044187,5.3465,69.925,29.951,364886.8513001013,0.007,0
2026-09-14T13:18:54Z,3.891,26.4678,9.54,3.4768,0.1278,0.423,3.3915,153.52,158.057305,5.3945,70.952,29.893,364903.3474329123,0.008,0
2026-09-14T13:18:54Z,3.893,26.47,9.54,3.4692,0.0852,0.5076,3.4369,153.548,158.082087,5.4594,71.829,29.847,365008.23906769307,0.009,0
2026-09-14T13:18:54Z,3.895,26.4715,9.54,3.2212,0.0852,0.5076,3.5124,153.567,158.097087,5.5374,72.51,29.763,365068.5016618736,0.01,0
2026-09-14T13:18:54Z,3.898,26.4721,9.54,3.2174,0.0852,0.5076,3.4369,153.568,158.094279,5.6226,73.008,29.718,365040.3259408629,0.011,0
2026-09-14T13:18:54Z,3.901,26.4714,9.54,3.2212,0.0852,0.5076,3.5275,153.551,158.072915,5.7053,73.374,29.744,364926.95700576133,0.013,0
2026-09-14T13:18:54Z,3.904,26.47,9.54,3.2326,0.1278,0.4653,3.4369,153.526,158.043329,5.7759,73.705,29.692,364778.24075583834,0.014,0
2026-09-14T13:18:54Z,3.908,26.4687,9.54,3.5111,0.1278,0.4653,3.4218,153.505,158.021679,5.8308,74.108,29.711,364674.7122306635,0.016,0
2026-09-14T13:18:54Z,3.912,26.4676,9.54,3.5302,0.1278,0.4653,3.4369,153.499,158.018225,5.871,74.639,29.815,364675.29789024463,0.018,0
2026-09-14T13:18:54Z,3.917,26.4661,9.54,3.5493,0.1278,0.4653,3.5426,153.517,158.036053,5.9006,75.308,29.589,364809.81677714176,0.019,0
2026-09-14T13:18:54Z,3.922,26.4649,9.54,3.5187,0.1278,0.5076,3.4369,153.547,158.055872,5.9273,76.103,29.301,364950.43843956734,0.02,0
2026-09-14T13:18:54Z,3.928,26.4648,9.54,3.9994,0.1278,0.5076,3.603,153.576,158.062925,5.9597,76.95,29.218,364994.2174156797,0.02,0
2026-09-14T13:18:54Z,3.934,26.4657,9.54,4.0299,0.1278,0.5076,3.739,153.6,158.059092,6.0023,77.716,29.161,364954.20527308946,0.02,0
2026-09-14T13:18:54Z,3.939,26.4655,9.54,4.0147,0.1278,0.5076,3.5728,153.629,158.05938,6.0562,78.275,29.092,364959.7478185983,0.02,0
2026-09-14T13:18:54Z,3.943,26.4617,9.54,4.0147,0.1278,0.5076,3.6332,153.668,158.069877,6.1206,78.546,28.997,365094.94550649857,0.019,0
2026-09-14T13:18:54Z,3.948,26.4544,9.63,3.9613,0.1278,0.5922,3.1498,153.704,158.075345,6.1895,78.484,29.022,365267.50496560585,0.018,0
2026-09-14T13:18:54Z,3.952,26.4453,9.63,3.9613,0.1278,0.5922,3.1801,153.73,158.071229,6.2521,78.099,29.054,365417.7820027049,0.017,0
2026-09-14T13:18:54Z,3.956,26.4357,9.63,3.9574,0.1278,0.5922,3.2405,153.752,158.062441,6.2981,77.47,28.997,365549.97846966976,0.016,0
2026-09-14T13:18:54Z,3.96,26.4259,9.63,3.9384,0.1278,0.5922,3.2707,153.776,158.054653,6.321,76.718,28.997,365692.03970839496,0.016,0
2026-09-14T13:18:54Z,3.964,26.4158,9.63,3.5874,0.0852,0.423,3.2103,153.793,158.03777,6.3172,75.99,28.877,365785.8389092881,0.017,0
2026-09-14T13:18:54Z,3.969,26.4057,9.63,3.5989,0.0852,0.423,3.1952,153.803,158.011298,6.2873,75.431,28.771,365822.6119513439,0.017,0
2026-09-14T13:18:54Z,3.973,26.3957,9.63,3.5912,0.0852,0.423,3.1801,153.828,158.000239,6.2378,75.132,28.79,365949.22555162455,0.017,0
2026-09-14T13:18:54Z,3.977,26.3851,9.63,3.5836,0.0852,0.423,3.1196,153.869,158.005651,6.1785,75.108,28.659,366185.579754146,0.017,0
2026-09-14T13:18:54Z,3.982,26.3738,9.63,4.2588,0.0852,0.5076,3.1649,153.919,158.01695,6.1211,75.341,28.472,366470.7105316337,0.016,0
2026-09-14T13:18:54Z,3.986,26.3619,9.63,4.2702,0.0852,0.5076,3.1801,153.986,158.045163,6.0774,75.81,28.572,366868.59685437114,0.015,0
2026-09-14T13:18:54Z,3.99,26.35,9.63,4.2702,0.0852,0.5076,3.2405,154.068,158.089797,6.0546,76.477,28.497,367365.01057573187,0.014,0
2026-09-14T13:18:54Z,3.994,26.338,9.63,4.2588,0.0852,0.5076,3.1952,154.137,158.116661,6.054,77.296,28.33,367757.74774672365,0.013,0
2026-09-14T13:18:54Z,3.997,26.325,9.72,4.7852,0.1278,0.3807,3.029,154.187,158.118888,6.0743,78.177,28.318,368022.88516825653,0.012,0
2026-09-14T13:18:54Z,4,26.312,9.72,4.7967,0.1278,0.3807,2.8779,154.247,158.131138,6.1135,78.976,28.367,368348.2788047097,0.01,0
2026-09-14T13:18:54Z,4.002,26.2992,9.72,4.7814,0.1278,0.3807,3.0139,154.308,158.148658,6.1688,79.541,28.386,368701.70383834053,0.009,0
2026-09-14T13:18:54Z,4.004,26.2848,9.72,4.8081,0.1278,0.3807,2.9837,154.342,158.140047,6.2365,79.772,28.411,368929.8906832146,0.008,0
2026-09-14T13:18:54Z,4.005,26.2688,9.72,4.9531,0.1278,0.3807,2.8326,154.349,158.107014,6.3094,79.627,28.355,369042.85428559384,0.007,0
2026-09-14T13:18:54Z,4.007,26.253,9.63,4.9989,0.1278,0.4653,2.6966,154.361,158.080829,6.3757,79.126,28.374,369193.10651703173,0.006,0
2026-09-14T13:18:54Z,4.008,26.2383,9.63,4.9722,0.1278,0.4653,2.742,154.398,158.080559,6.423,78.355,28.349,369477.7310367476,0.005,0
2026-09-14T13:18:54Z,4.009,26.2243,9.63,4.9798,0.1278,0.4653,2.8326,154.442,158.090099,6.4432,77.425,28.441,369807.97776935995,0.005,0
2026-09-14T13:18:54Z,4.01,26.2111,9.63,4.8348,0.1278,0.4653,2.9232,154.485,158.099968,6.433,76.462,28.429,370124.93573512975,0.004,0
2026-09-14T13:18:54Z,4.011,26.1985,9.63,4.8386,0.0852,0.4653,2.9535,154.537,158.120812,6.3939,75.59,28.398,370496.59112873353,0.004,0
2026-09-14T13:18:54Z,4.012,26.1864,9.63,4.8348,0.0852,0.4653,2.9535,154.6,158.15418,6.3329,74.895,28.429,370934.37234357354,0.003,0
2026-09-14T13:18:54Z,4.013,26.1747,9.63,4.8272,0.0852,0.4653,2.9837,154.664,158.190933,6.2591,74.421,28.435,371385.2621839035,0.003,0
2026-09-14T13:18:54Z,4.013,26.1636,9.63,5.0218,0.0852,0.4653,2.7571,154.723,158.224837,6.1825,74.186,28.398,371807.70355439873,0.002,0
2026-09-14T13:18:54Z,4.014,26.1531,9.63,5.0256,0.0852,0.423,2.7571,154.773,158.250904,6.1132,74.182,28.386,372171.4454125718,0.002,0
2026-09-14T13:18:54Z,4.014,26.1432,9.63,5.0256,0.0852,0.423,2.7873,154.805,158.260052,6.0581,74.371,28.485,372421.38896939706,0.001,0
2026-09-14T13:18:54Z,4.014,26.1338,9.63,5.0408,0.0852,0.423,2.7873,154.815,158.246704,6.0208,74.69,28.572,372525.5323870897,0.001,0
2026-09-14T13:18:54Z,4.014,26.1252,9.63,5.1705,0.0852,0.423,2.7873,154.808,158.217319,6.0028,75.087,28.572,372516.90400668845,0.001,0
2026-09-14T13:18:54Z,4.015,26.1172,9.63,5.1515,0.0852,0.423,2.7571,154.806,158.192118,6.0033,75.556,28.528,372521.7855185222,0.001,0
2026-09-14T13:18:54Z,4.015,26.1095,9.63,5.1667,0.1278,0.423,2.8477,154.817,158.182413,6.0194,76.114,28.435,372614.58763819246,0.001,0
2026-09-14T13:18:54Z,4.015,26.1021,9.63,5.1591,0.1278,0.423,2.7722,154.835,158.181609,6.0461,76.73,28.665,372755.4383131404,0.001,0
2026-09-14T13:18:54Z,4.015,26.0947,9.63,5.14,0.1278,0.423,2.6966,154.859,158.18348,6.0791,77.353,28.684,372912.57037262764,0.001,0
2026-09-14T13:18:54Z,4.015,26.0874,9.63,5.2735,0.1278,0.423,2.9988,154.879,158.176498,6.1179,77.97,28.696,373014.1410214857,0.002,0
2026-09-14T13:18:54Z,4.015,26.0806,9.54,5.2964,0.1278,0.3384,2.9837,154.892,158.158802,6.1638,78.599,28.796,373040.92445031554,0.003,0
2026-09-14T13:18:54Z,4.016,26.0742,9.54,5.2888,0.1278,0.3384,2.9535,154.912,158.14571,6.2144,79.249,28.696,373087.74447301065,0.004,0
2026-09-14T13:18:54Z,4.017,26.0672,9.54,5.304,0.1278,0.3384,2.9384,154.939,158.139741,6.2656,79.89,28.746,373189.6239541643,0.005,0
2026-09-14T13:18:54Z,4.019,26.0583,9.54,5.037,0.1278,0.3384,2.6966,154.975,158.143311,6.3166,80.437,28.665,373386.9456747724,0.006,0
2026-09-14T13:18:54Z,4.021,26.0481,9.27,5.0332,0.1278,0.5076,2.606,155.015,158.151357,6.3688,80.811,28.559,373637.26451487903,0.006,0
2026-09-14T13:18:54Z,4.022,26.0375,9.27,5.0256,0.1278,0.5076,2.7118,155.036,158.139972,6.4228,81.002,28.808,373777.6123892963,0.007,0
2026-09-14T13:18:54Z,4.024,26.0267,9.27,5.037,0.1278,0.5076,2.7722,155.028,158.102109,6.4759,81.049,28.727,373761.05874091346,0.007,0
2026-09-14T13:18:54Z,4.025,26.0161,9.27,5.0942,0.1278,0.5076,2.6966,155.009,158.055727,6.5215,80.994,28.783,373688.74855236046,0.007,0
2026-09-14T13:18:54Z,4.027,26.0055,9.45,5.1057,0.0852,0.54990000000000006,2.7118,155.004,158.026532,6.5531,80.867,28.896,373720.88619325444,0.008,0
2026-09-14T13:18:54Z,4.029,25.9949,9.45,5.1171,0.0852,0.54990000000000006,2.7722,155.008,158.008742,6.5698,80.684,28.834,373822.3896895643,0.008,0
2026-09-14T13:18:54Z,4.031,25.985,9.45,5.1095,0.0852,0.54990000000000006,2.7269,155.001,157.98158,6.5748,80.437,28.934,373853.06814378395,0.009,0
2026-09-14T13:18:54Z,4.034,25.9763,9.45,4.9722,0.0852,0.54990000000000006,2.6664,155,157.96185,6.5714,80.112,28.978,373905.2210253721,0.01,0
2026-09-14T13:18:54Z,4.036,25.9686,9.45,4.9989,0.0852,0.54990000000000006,2.742,155.017,157.96433,6.562,79.71,28.934,374072.7860753984,0.01,0
2026-09-14T13:18:54Z,4.039,25.9616,9.63,4.9798,0.1278,0.3807,2.6966,155.044,157.977655,6.5479,79.231,28.852,374292.6246530716,0.011,0
2026-09-14T13:18:54Z,4.042,25.9551,9.63,4.9798,0.1278,0.3807,2.8326,155.078,157.993357,6.5287,78.66,28.852,374517.1691242684,0.011,0
2026-09-14T13:18:54Z,4.045,25.9492,9.63,4.9378,0.1278,0.3807,3.0139,155.116,158.003597,6.503,78.004,28.877,374696.6426872828,0.011,0
2026-09-14T13:18:54Z,4.048,25.9443,9.63,4.9111,0.1278,0.3807,2.9686,155.152,157.999082,6.4709,77.328,28.877,374766.37127939734,0.01,0
2026-09-14T13:18:54Z,4.05,25.9398,9.72,4.9188,0.1278,0.5076,2.893,155.182,157.974599,6.4326,76.729,28.852,374706.4028641731,0.009,0
2026-09-14T13:18:54Z,4.052,25.9336,9.72,4.9302,0.1278,0.5076,2.9535,155.207,157.931632,6.3868,76.288,28.965,374567.4573302642,0.009,0
2026-09-14T13:18:54Z,4.054,25.9243,9.72,5.037,0.1278,0.5076,3.0139,155.231,157.87876,6.3346,76.041,28.959,374429.61417083355,0.008,0
2026-09-14T13:18:54Z,4.056,25.9111,9.72,5.0599,0.1278,0.5076,2.9535,155.266,157.829935,6.2813,75.983,29.06,374393.7853424672,0.008,0
2026-09-14T13:18:54Z,4.058,25.8935,9.81,5.0294,0.1704,0.5922,2.9232,155.304,157.780149,6.2346,76.094,29.104,374439.38197373465,0.007,0
2026-09-14T13:18:54Z,4.06,25.8715,9.81,5.0599,0.1704,0.5922,3.0441,155.332,157.716122,6.2013,76.344,29.199,374485.42673961713,0.007,0
2026-09-14T13:18:54Z,4.061,25.8466,9.81,5.0408,0.1704,0.5922,2.6362,155.363,157.65284,6.1841,76.679,29.295,374593.6362421473,0.008,0
2026-09-14T13:18:54Z,4.063,25.8195,9.81,5.037,0.1704,0.5922,2.7571,155.413,157.60749,6.1824,77.041,29.531,374855.29796255263,0.008,0
2026-09-14T13:18:54Z,4.065,25.7909,9.81,5.037,0.1704,0.5922,2.6966,155.488,157.58,6.1948,77.384,29.795,375256.4973090934,0.009,0
2026-09-14T13:18:54Z,4.067,25.7613,9.9,5.0485,0.1278,0.5076,2.7722,155.571,157.555019,6.2185,77.711,30.101,375693.68403592263,0.009,0
2026-09-14T13:18:54Z,4.07,25.7309,9.9,5.2659,0.1278,0.5076,2.8175,155.637,157.513855,6.2493,78.055,30.642,376048.2792021665,0.01,0
2026-09-14T13:18:54Z,4.072,25.6998,9.9,5.2735,0.1278,0.5076,2.6815,155.681,157.453541,6.2823,78.429,31.119,376299.75867653545,0.011,0
2026-09-14T13:18:54Z,4.075,25.6666,9.9,5.2735,0.1278,0.5076,2.8175,155.701,157.368011,6.3141,78.814,31.775,376438.52706357586,0.013,0
2026-09-14T13:18:54Z,4.079,25.6314,9.99,5.2812,0.1278,0.5076,2.7873,155.695,157.258497,6.3448,79.182,32.501,376469.8463832625,0.014,0
2026-09-14T13:18:54Z,4.083,25.596800000000002,9.99,5.3308,0.1278,0.5076,2.7873,155.694,157.161921,6.3769,79.498,33.229,376568.7418232922,0.015,0
2026-09-14T13:18:54Z,4.087,25.5631,9.99,5.346,0.1278,0.5076,2.6966,155.707,157.090599,6.4114,79.728,34.07,376805.323524041,0.016,0
2026-09-14T13:18:54Z,4.091,25.5292,9.99,5.346,0.1278,0.5076,2.7571,155.705,157.013485,6.4469,79.862,34.955,377010.463500601,0.017,0
2026-09-14T13:18:54Z,4.096,25.496,10.44,5.3384,0.1704,0.7614,2.7571,155.688,156.92404,6.481,79.915,35.723,377125.5523851788,0.018,0
2026-09-14T13:18:54Z,4.101,25.4653,10.44,5.7542,0.1704,0.7614,2.5003,155.675,156.838487,6.5104,79.924,36.302,377214.44188568974,0.017,0
2026-09-14T13:18:54Z,4.105,25.4383,10.44,5.7733,0.1704,0.7614,2.5003,155.67,156.760061,6.5325,79.922,37.108,377272.93222108413,0.017,0
2026-09-14T13:18:54Z,4.11,25.4142,10.44,5.7809,0.1704,0.7614,2.5003,155.68,156.691892,6.5464,79.926,37.808,377336.48319225153,0.016,0
2026-09-14T13:18:54Z,4.114,25.391,10.8,5.7809,0.213,0.9306,2.5003,155.705,156.635836,6.5535,79.938,38.37,377456.9409243249,0.015,0
2026-09-14T13:18:54Z,4.117,25.3677,10.8,6.2005,0.213,0.9306,2.3039,155.74,156.588964,6.5569,79.958,38.781,377636.44167131046,0.013,0
2026-09-14T13:18:54Z,4.12,25.344,10.8,6.1967,0.213,0.9306,2.2435,155.779,156.546788,6.5597,79.975,39.077,377853.33135698776,0.012,0
2026-09-14T13:18:54Z,4.123,25.3189,10.8,6.2081,0.213,0.9306,2.3039,155.792,156.482028,6.563,79.983,39.496,377958.4862781853,0.011,0
2026-09-14T13:18:54Z,4.126,25.2928,10.8,6.2005,0.213,0.9306,2.2737,155.771,156.385425,6.5672,79.988,39.875,377886.0500385156,0.01,0
2026-09-14T13:18:54Z,4.128,25.2666,10.71,6.6392,0.213,0.8883,2.183,155.742,156.285319,6.572,80.019,40.083,377793.7131459983,0.009,0
2026-09-14T13:18:54Z,4.13,25.2405,10.71,6.6163,0.213,0.8883,2.3643,155.719,156.19509,6.5766,80.104,40.495,377760.6055185923,0.008,0
2026-09-14T13:18:54Z,4.132,25.2153,10.71,6.624,0.213,0.8883,2.3039,155.715,156.120732,6.5802,80.242,41.466,377807.9235970581,0.008,0
2026-09-14T13:18:54Z,4.134,25.1912,10.71,6.6163,0.213,0.8883,2.2737,155.732,156.056441,6.5836,80.405,42.543,377895.62898893055,0.007,0
2026-09-14T13:18:54Z,4.136,25.1684,10.53,6.7956,0.1704,0.7191,2.4701,155.737,155.979056,6.5888,80.563,43.392,377875.4566914077,0.007,0
2026-09-14T13:18:54Z,4.138,25.147,10.53,6.8338,0.1704,0.7191,2.4398,155.736,155.902001,6.5985,80.685,44.645,377828.89595789986,0.007,0
2026-09-14T13:18:54Z,4.139,25.1242,10.53,6.7994,0.1704,0.7191,2.3945,155.735,155.834781,6.6126,80.74,46.024,377871.9349622085,0.006,0
2026-09-14T13:18:54Z,4.141,25.0982,10.53,6.8223,0.1704,0.7191,2.4398,155.726,155.765482,6.6292,80.703,46.933,377966.8869106231,0.006,0
2026-09-14T13:18:54Z,4.142,25.0716,10.62,6.9368,0.213,0.846,2.2132,155.737,155.719702,6.6454,80.583,47.818,378220.9292992278,0.006,0
2026-09-14T13:18:54Z,4.143,25.0473,10.62,6.9368,0.213,0.846,2.2737,155.747,155.681224,6.6585,80.426,48.362,378474.1759823898,0.006,0
2026-09-14T13:18:54Z,4.145,25.026,10.62,6.9368,0.213,0.846,2.1377,155.699,155.597704,6.6656,80.272,48.562,378384.95872436813,0.005,0
2026-09-14T13:18:54Z,4.146,25.0066,10.62,6.9558,0.213,0.846,2.2435,155.634,155.50498,6.665,80.125,49.285,378199.4328374822,0.005,0
2026-09-14T13:18:54Z,4.148,24.9883,10.62,7.1466,0.213,0.846,2.4549,155.603,155.452462,6.6573,79.99,50.477,378242.9233737126,0.006,0
2026-09-14T13:18:54Z,4.149,24.973,10.71,7.1161,0.213,0.846,2.4398,155.586,155.422139,6.6462,79.877,51.957,378364.32251449826,0.006,0
2026-09-14T13:18:54Z,4.15,24.9615,10.71,7.1428,0.213,0.846,2.4852,155.557,155.38188,6.6348,79.785,53.725,378346.2412008127,0.005,0
2026-09-14T13:18:54Z,4.152,24.9524,10.71,7.1237,0.213,0.846,2.5003,155.503,155.31694,6.6238,79.717,55.481,378124.7713246117,0.005,0
2026-09-14T13:18:54Z,4.153,24.9458,10.71,7.0626,0.213,0.846,2.5758,155.437,155.238056,6.6134,79.683,57.895,377765.2080623506,0.005,0
2026-09-14T13:18:54Z,4.154,24.9415,10.8,7.0703,0.213,0.7614,2.4398,155.391,155.176288,6.6047,79.693,61.434,377466.1093370437,0.005,0
2026-09-14T13:18:54Z,4.155,24.9379,10.8,7.055,0.213,0.7614,2.5154,155.385,155.15123,6.5975,79.766,66.044,377382.4651456761,0.004,0
2026-09-14T13:18:54Z,4.156,24.9341,10.8,7.055,0.213,0.7614,2.5456,155.4,155.144179,6.5923,79.904,70.447,377415.51187734766,0.004,0
2026-09-14T13:18:54Z,4.158,24.93,10.8,7.1466,0.213,0.7614,2.3341,155.4,155.117185,6.59,80.1,75.635,377329.89462029317,0.004,0
2026-09-14T13:18:54Z,4.159,24.9249,10.8,7.1389,0.213,0.9306,2.2435,155.38,155.06305,6.5915,80.361,80.153,377094.820222674,0.004,0
2026-09-14T13:18:54Z,4.159,24.9188,10.8,7.1161,0.213,0.9306,2.2283,155.37,155.009415,6.5983,80.683,84.517,376883.1878310404,0.003,0
2026-09-14T13:18:54Z,4.16,24.9117,10.8,7.1389,0.213,0.9306,2.2888,155.386,154.974033,6.6106,81.032,88.29,376805.9547631906,0.003,0
2026-09-14T13:18:54Z,4.161,24.9031,10.8,7.2915,0.213,0.9306,2.2132,155.41,154.945464,6.6279,81.343,91.255,376801.7225807582,0.003,0
2026-09-14T13:18:54Z,4.161,24.892,10.71,7.3068,0.213,0.846,2.2737,155.418,154.912077,6.6508,81.544,94.648,376818.0564061122,0.003,0
2026-09-14T13:18:54Z,4.162,24.8778,10.71,7.3106,0.213,0.846,2.2586,155.402,154.876988,6.6792,81.591,96.539,376886.6385667727,0.004,0
2026-09-14T13:18:54Z,4.162,24.8614,10.71,7.2877,0.213,0.846,2.3341,155.364,154.846868,6.7101,81.475,98.36,377031.02584893623,0.005,0
2026-09-14T13:18:54Z,4.164,24.8448,10.71,7.3068,0.213,0.846,2.2888,155.325,154.841736,6.7379,81.216,99.326,377336.1503095476,0.006,0
2026-09-14T13:18:54Z,4.165,24.8314,10.71,7.3297,0.213,0.846,2.2737,155.306,154.876256,6.7562,80.868,98.681,377825.19654510886,0.008,0
2026-09-14T13:18:54Z,4.168,24.8251,10.62,7.3144,0.213,0.8037,2.2737,155.291,154.921567,6.7609,80.492,98.917,378237.901529008,0.01,0
2026-09-14T13:18:54Z,4.171,24.8276,10.62,7.2877,0.213,0.8037,2.2435,155.256,154.945676,6.751,80.147,97.572,378338.31031936256,0.013,0
2026-09-14T13:18:54Z,4.174,24.8385,10.62,7.1046,0.213,0.8037,2.2283,155.212,154.949004,6.7282,79.906,93.646,378137.0483974996,0.015,0
2026-09-14T13:18:54Z,4.177,24.8556,10.62,7.0588,0.213,0.8037,2.3039,155.174,154.93645,6.6973,79.839,88.579,377710.1570860964,0.018,0
2026-09-14T13:18:54Z,4.182,24.8752,10.62,7.0512,0.2556,0.8883,2.1226,155.15,154.906672,6.6637,79.985,82.003,377125.20741994143,0.021,0
2026-09-14T13:18:54Z,4.188,24.894,10.62,7.0588,0.2556,0.8883,2.2283,155.153,154.859746,6.6328,80.337,72.512,376450.264246259,0.024,0
2026-09-14T13:18:54Z,4.195,24.9092,10.62,6.5133,0.2556,0.8883,2.4701,155.172,154.77915,6.6111,80.832,62.348,375639.1988157794,0.027,0
2026-09-14T13:18:54Z,4.203,24.9176,10.62,6.5019,0.2556,0.8883,2.4852,155.188,154.653404,6.6045,81.381,53.504,374685.5171937841,0.029,0
2026-09-14T13:18:54Z,4.211,24.9157,10.8,6.5057,0.213,1.0575,2.5154,155.204,154.507073,6.6169,81.945,46.406,373812.75355287356,0.03,0
2026-09-14T13:18:54Z,4.219,24.8997,10.8,6.5477,0.213,1.0575,2.6211,155.214,154.361236,6.6481,82.524,41.277,373227.3482489323,0.03,0
2026-09-14T13:18:54Z,4.226,24.8675,10.8,6.1509,0.213,1.0575,2.4398,155.216,154.229087,6.693,83.108,39.599,373052.4055607706,0.03,0
2026-09-14T13:18:54Z,4.234,24.8216,10.8,6.1586,0.213,1.0575,2.606,155.21,154.113451,6.7443,83.671,40.014,373255.35732837114,0.029,0
2026-09-14T13:18:54Z,4.242,24.7694,10.8,6.1242,0.213,1.0575,2.606,155.189,154.003523,6.7976,84.176,43.468,373621.0482166692,0.027,0
2026-09-14T13:18:54Z,4.249,24.7193,10.98,6.1509,0.2556,0.9729,2.4852,155.164,153.908054,6.8519,84.605,49.78,374035.4202930753,0.026,0
2026-09-14T13:18:54Z,4.255,24.6762,10.98,6.2577,0.2556,0.9729,2.4398,155.141,153.835645,6.9059,84.986,56.984,374453.44025263307,0.024,0
2026-09-14T13:18:54Z,4.26,24.641,10.98,6.2463,0.2556,0.9729,2.5003,155.135,153.795035,6.9571,85.394,65.33,374911.59316410724,0.022,0
2026-09-14T13:18:54Z,4.266,24.6121,10.98,6.2577,0.2556,0.9729,2.5003,155.15,153.783408,7.0028,85.908,73.305,375424.72153198277,0.021,0
2026-09-14T13:18:54Z,4.271,24.5894,10.98,6.2577,0.2556,0.9729,2.5305,155.158,153.769614,7.0414,86.541,80.031,375799.1436335363,0.02,0
2026-09-14T13:18:54Z,4.276,24.5734,10.98,6.3378,0.2556,0.9729,2.3945,155.159,153.751975,7.0752,87.222,83.895,376013.58030246315,0.019,0
2026-09-14T13:18:54Z,4.28,24.5622,10.98,6.3531,0.2556,0.9729,2.5305,155.161,153.737811,7.1106,87.879,85.738,376152.36724747566,0.018,0
2026-09-14T13:18:54Z,4.285,24.5536,10.98,6.3264,0.2556,0.9729,2.5154,155.152,153.711322,7.1546,88.498,86.788,376160.72254022316,0.018,0
2026-09-14T13:18:54Z,4.289,24.5466,10.98,6.3226,0.2556,1.0575,2.4852,155.127,153.669451,7.2082,89.06,87.583,376039.68883179675,0.017,0
2026-09-14T13:18:54Z,4.293,24.5408,10.98,6.3226,0.2556,1.0575,2.5003,155.102,153.629081,7.2657,89.495,88.579,375903.6658663895,0.017,0
2026-09-14T13:18:54Z,4.298,24.5355,10.98,6.4599,0.2556,1.0575,2.5003,155.086,153.597479,7.3212,89.726,88.579,375812.634885103,0.017,0
2026-09-14T13:18:54Z,4.302,24.5298,10.98,6.4599,0.2556,1.0575,2.4398,155.076,153.570224,7.3734,89.747,87.927,375757.0828103437,0.017,0
2026-09-14T13:18:54Z,4.306,24.5242,11.07,6.4714,0.213,1.0998000000000001,2.5456,155.071,153.544055,7.421,89.663,88.31,375706.31833400496,0.018,0
2026-09-14T13:18:54Z,4.311,24.5192,11.07,6.4218,0.213,1.0998000000000001,2.5154,155.066,153.516001,7.4579,89.606,87.26,375631.47667496366,0.018,0
2026-09-14T13:18:54Z,4.316,24.5142,11.07,6.3264,0.213,1.0998000000000001,2.8326,155.072,153.494607,7.4779,89.613,86.186,375598.53527502116,0.018,0
2026-09-14T13:18:54Z,4.32,24.5085,11.07,6.3302,0.213,1.0998000000000001,2.6966,155.077,153.466153,7.4804,89.625,85.07,375535.3909570937,0.019,0
2026-09-14T13:18:54Z,4.325,24.5019,11.07,6.3302,0.213,1.0998000000000001,2.6966,155.056,153.403014,7.4743,89.6,84.132,375272.2804571847,0.019,0
2026-09-14T13:18:54Z,4.33,24.4945,11.07,6.3378,0.213,1.0998000000000001,2.6966,155.025,153.324416,7.4706,89.575,83.332,374928.2267444985,0.019,0
2026-09-14T13:18:54Z,4.335,24.4857,11.07,5.7809,0.213,1.0998000000000001,2.5305,155.014,153.265496,7.4725,89.619,81.7,374736.38383288163,0.019,0
2026-09-14T13:18:54Z,4.339,24.4747,11.07,5.758,0.213,1.0998000000000001,2.4701,155.027,153.236585,7.475,89.774,79.2,374777.89345290215,0.019,0
2026-09-14T13:18:54Z,4.344,24.4612,11.07,5.7504,0.213,1.0998000000000001,2.4398,155.052,153.227968,7.4747,90.031,77.179,374997.91178249364,0.019,0
2026-09-14T13:18:54Z,4.349,24.4456,11.16,5.7656,0.2556,1.0152,2.3341,155.075,153.219314,7.4748,90.334,76.129,375260.59464492905,0.019,0
2026-09-14T13:18:54Z,4.354,24.4301,11.16,5.2964,0.2556,1.0152,2.0018,155.072,153.18227,7.4806,90.617,75.454,375342.56765233167,0.019,0
2026-09-14T13:18:54Z,4.359,24.4168,11.16,5.2926,0.2556,1.0152,2.1075,155.028,153.094934,7.4954,90.848,75.766,375062.8335874965,0.02,0
2026-09-14T13:18:54Z,4.364,24.4058,11.16,5.2773,0.2556,1.0152,2.0773,154.975,152.984104,7.5184,91.044,77.852,374588.32923271495,0.02,0
2026-09-14T13:18:54Z,4.369,24.3957,11.16,5.2735,0.213,1.0575,2.0622,154.956,152.892352,7.5451,91.225,80.8,374215.7704249553,0.021,0
2026-09-14T13:18:54Z,4.374,24.3847,11.16,5.3575,0.213,1.0575,2.0924,154.969,152.825257,7.5703,91.371,83.786,374016.69753181766,0.021,0
2026-09-14T13:18:54Z,4.38,24.3707,11.16,5.3269,0.213,1.0575,2.0773,154.988,152.764923,7.5917,91.451,84.536,373921.00400318793,0.022,0
2026-09-14T13:18:54Z,4.386,24.3518,11.16,5.3155,0.213,1.0575,2.1377,155.002,152.699265,7.6107,91.469,84.978,373891.15961709054,0.022,0
2026-09-14T13:18:54Z,4.392,24.3283,11.16,5.3498,0.213,1.0575,2.0924,155.007,152.618785,7.6291,91.464,84.922,373861.2583187809,0.023,0
2026-09-14T13:18:54Z,4.397,24.3025,11.25,5.346,0.2556,1.0575,1.8205,154.994,152.50202,7.645,91.468,85.181,373649.28108573204,0.024,0
2026-09-14T13:18:54Z,4.403,24.2768,11.25,5.3384,0.2556,1.0575,1.8809,154.966,152.329854,7.6554,91.457,84.922,373085.953744313,0.025,0
2026-09-14T13:18:54Z,4.409,24.2513,11.25,5.3422,0.2556,1.0575,1.8809,154.918,152.068395,7.6605,91.357,85.107,371956.4001382371,0.025,0
2026-09-14T13:18:54Z,4.416,24.2237,11.25,5.3651,0.2556,1.0575,1.9413,154.852,151.728046,7.664,91.115,82.395,370374.48947733315,0.026,0
2026-09-14T13:18:54Z,4.424,24.1903,11.61,5.388,0.2556,1.0998000000000001,1.5939,154.817,151.420373,7.6691,90.751,81.011,369115.98788970633,0.025,0
2026-09-14T13:18:54Z,4.431,24.1436,11.61,5.4032,0.2556,1.0998000000000001,1.6241,154.836,151.219572,7.6749,90.347,79.649,368794.66919627733,0.024,0
2026-09-14T13:18:54Z,4.437,24.0743,11.61,5.3765,0.2556,1.0998000000000001,1.609,154.874,151.094126,7.6763,89.996,77.683,369400.45951528085,0.023,0
2026-09-14T13:18:54Z,4.442,23.9853,11.61,5.3842,0.2556,1.0998000000000001,1.5939,154.911,151.010577,7.6687,89.755,74.574,370670.62896932254,0.022,0
2026-09-14T13:18:54Z,4.447,23.8971,11.7,5.2812,0.213,1.1421,1.5939,154.945,150.958661,7.6506,89.641,70.294,372131.66834097524,0.021,0
2026-09-14T13:18:54Z,4.452,23.8265,11.7,5.2964,0.213,1.1421,1.6241,154.948,150.88647,7.6266,89.644,66.36,373112.13966609695,0.021,0
2026-09-14T13:18:54Z,4.457,23.7739,11.7,5.2773,0.213,1.1421,1.6543,154.899,150.7407,7.6045,89.735,62.416,373259.0400499123,0.021,0
2026-09-14T13:18:54Z,4.462,23.7355,11.7,5.2888,0.213,1.1421,1.5939,154.843,150.554595,7.5897,89.856,58.642,372858.4443892107,0.021,0
2026-09-14T13:18:54Z,4.468,23.7078,11.7,5.2087,0.213,1.1421,1.6845,154.814,150.380688,7.584,89.942,55.662,372316.48349096766,0.021,0
2026-09-14T13:18:54Z,4.474,23.6835,11.7,5.2316,0.213,1.1844,1.5486,154.8,150.222676,7.5878,89.966,54.679,371806.1256776534,0.021,0
2026-09-14T13:18:54Z,4.479,23.6518,11.7,5.2239,0.213,1.1844,1.7298,154.805,150.092504,7.6,89.943,54.584,371623.67595256295,0.021,0
2026-09-14T13:18:54Z,4.484,23.6093,11.7,5.2239,0.213,1.1844,1.6241,154.818,149.999523,7.6164,89.9,55.145,371898.3913808763,0.02,0
2026-09-14T13:18:54Z,4.489,23.5623,11.7,5.1515,0.213,1.1844,1.5183,154.812,149.920934,7.6305,89.859,54.858,372357.5024112711,0.018,0
2026-09-14T13:18:54Z,4.494,23.5157,11.88,5.1667,0.213,1.1844,1.6392,154.771,149.825764,7.6392,89.828,52.708,372703.3078769639,0.017,0
2026-09-14T13:18:54Z,4.499,23.4723,11.88,5.1629,0.213,1.1844,1.5788,154.711,149.710671,7.6434,89.813,49.823,372856.393500791,0.015,0
2026-09-14T13:18:54Z,4.502,23.4381,11.88,5.1743,0.213,1.1844,1.5335,154.677,149.621083,7.6447,89.822,46.791,372984.19534986455,0.013,0
2026-09-14T13:18:54Z,4.505,23.4148,11.88,5.201,0.213,1.1844,1.5788,154.689,149.591197,7.6446,89.843,43.885,373271.2231942818,0.011,0
2026-09-14T13:18:54Z,4.507,23.3967,11.97,5.2125,0.2556,1.1844,1.6845,154.735,149.621053,7.6445,89.844,40.188,373835.47119807714,0.009,0
2026-09-14T13:18:54Z,4.508,23.3783,11.97,5.2239,0.2556,1.1844,1.5335,154.778,149.678548,7.6459,89.79,37.245,374584.7481122857,0.008,0
2026-09-14T13:18:54Z,4.51,23.3601,11.97,5.243,0.2556,1.1844,1.6241,154.793,149.732941,7.6493,89.658,35.001,375311.35726813786,0.007,0
2026-09-14T13:18:54Z,4.511,23.3466,11.97,5.2163,0.2556,1.1844,1.6241,154.797,149.790729,7.6531,89.439,32.863,375963.83447978715,0.007,0
2026-09-14T13:18:54Z,4.513,23.342,11.97,5.2239,0.2556,1.1844,1.5486,154.772,149.817245,7.6538,89.146,31.445,376230.49198761315,0.007,0
2026-09-14T13:18:54Z,4.515,23.3471,11.97,5.2278,0.2556,1.1844,1.5939,154.685,149.743445,7.6485,88.81,31.561,375648.2423331089,0.008,0
2026-09-14T13:18:54Z,4.518,23.3598,11.97,5.2125,0.2556,1.1844,1.5939,154.57,149.577699,7.6354,88.451,33.982,374317.33016025496,0.008,0
2026-09-14T13:18:54Z,4.52,23.3774,11.97,5.2697,0.2556,1.1844,1.5637,154.518,149.426043,7.6142,88.088,39.65,372979.7644719981,0.009,0
2026-09-14T13:18:54Z,4.522,23.3936,11.97,5.2964,0.2556,1.1844,1.5939,154.554,149.358199,7.5869,87.756,47.933,372211.8482472706,0.01,0
2026-09-14T13:18:54Z,4.525,23.3971,11.97,5.2812,0.2556,1.2267,1.6241,154.606,149.33203,7.5578,87.5,57.544,371972.3647908959,0.011,0
2026-09-14T13:18:54Z,4.527,23.3795,11.97,5.2888,0.2556,1.2267,1.6241,154.611,149.28046,7.5297,87.352,66.288,372002.5916950222,0.012,0
2026-09-14T13:18:54Z,4.531,23.3466,11.97,5.2201,0.2556,1.2267,1.6845,154.57,149.181725,7.5035,87.306,73.448,372044.0829814053,0.012,0
2026-09-14T13:18:54Z,4.534,23.3135,11.97,5.2163,0.2556,1.2267,1.5939,154.522,149.065584,7.4798,87.329,78.515,371977.8566888117,0.013,0
2026-09-14T13:18:54Z,4.538,23.2889,11.97,5.2163,0.213,1.2267,1.5032,154.498,148.97718,7.4615,87.404,81.364,371915.08273257123,0.014,0
2026-09-14T13:18:54Z,4.542,23.2705,11.97,5.2316,0.213,1.2267,1.5637,154.495,148.926987,7.4515,87.528,83.586,371970.3931319465,0.014,0
2026-09-14T13:18:54Z,4.545,23.2513,11.97,5.1591,0.213,1.2267,1.7147,154.495,148.899615,7.4502,87.67,83.079,372188.8799295158,0.015,0
2026-09-14T13:18:54Z,4.549,23.2289,11.97,5.1286,0.213,1.2267,1.5637,154.511,148.907795,7.4554,87.783,83.35,372702.2957794437,0.015,0
2026-09-14T13:18:54Z,4.553,23.2076,12.06,5.1591,0.213,1.0998000000000001,1.6543,154.543,148.943694,7.4648,87.84,83.459,373372.63429128483,0.015,0
2026-09-14T13:18:54Z,4.557,23.1923,12.06,5.1438,0.213,1.0998000000000001,1.609,154.553,148.954789,7.4776,87.85,83.386,373760.1004853207,0.015,0
2026-09-14T13:18:54Z,4.56,23.1837,12.06,5.1743,0.213,1.0998000000000001,1.5183,154.514,148.909986,7.491,87.833,83.749,373648.52971266914,0.015,0
2026-09-14T13:18:54Z,4.564,23.1813,12.06,5.1515,0.213,1.0998000000000001,1.5939,154.432,148.805354,7.501,87.788,83.223,373022.94511141954,0.015,0
2026-09-14T13:18:54Z,4.568,23.1828,12.06,5.1705,0.213,1.0998000000000001,1.6241,154.357,148.66307,7.5056,87.673,83.061,372075.1673057709,0.015,0
2026-09-14T13:18:54Z,4.572,23.1832,12.15,5.1209,0.213,1.269,1.6543,154.331,148.513297,7.5064,87.456,82.521,371103.34557367297,0.015,0
2026-09-14T13:18:54Z,4.576,23.181,12.15,5.2278,0.213,1.269,1.5939,154.361,148.388199,7.5053,87.147,81.364,370344.7093391103,0.015,0
2026-09-14T13:18:54Z,4.58,23.1728,12.15,5.2087,0.213,1.269,1.609,154.432,148.312492,7.5025,86.783,80.467,370026.50383681053,0.015,0
2026-09-14T13:18:54Z,4.583,23.1502,12.15,5.2163,0.213,1.269,1.5183,154.516,148.271991,7.4958,86.39,79.77,370228.99134430045,0.016,0
2026-09-14T13:18:54Z,4.587,23.1097,12.24,5.2087,0.2556,1.3113,1.6543,154.585,148.22985,7.483,85.989,78.515,370788.2214036402,0.017,0
2026-09-14T13:18:54Z,4.591,23.0598,12.24,5.2163,0.2556,1.3113,1.7752,154.599,148.126756,7.4637,85.613,77.785,371149.069767227,0.018,0
2026-09-14T13:18:54Z,4.596,23.0132,12.24,5.1972,0.2556,1.3113,1.9413,154.543,147.925202,7.439,85.295,77.38,370807.32648203603,0.02,0
2026-09-14T13:18:54Z,4.602,22.9741,12.24,5.2239,0.2556,1.3113,1.8054,154.487,147.69362,7.4109,85.044,76.577,370117.0986662557,0.021,0
2026-09-14T13:18:54Z,4.608,22.9388,12.15,5.2163,0.2556,1.3536,1.8809,154.478,147.512455,7.3813,84.878,75.997,369673.3803931102,0.022,0
2026-09-14T13:18:54Z,4.614,22.9012,12.15,5.0866,0.2556,1.3536,1.6241,154.474,147.363434,7.3543,84.816,75.635,369483.62529004895,0.022,0
2026-09-14T13:18:54Z,4.619,22.8534,12.15,5.1019,0.2556,1.3536,1.6241,154.446,147.214824,7.3337,84.85,75.438,369505.4383330199,0.022,0
2026-09-14T13:18:54Z,4.625,22.7957,12.15,5.0866,0.2556,1.3536,1.6241,154.408,147.071056,7.3201,84.935,75.241,369761.8303614091,0.022,0
2026-09-14T13:18:54Z,4.63,22.7399,12.51,5.0942,0.2556,1.3959,1.609,154.376,146.939859,7.3137,85.007,74.412,370060.878038386,0.022,0
2026-09-14T13:18:54Z,4.636,22.6929,12.51,5.0218,0.2556,1.3959,1.5939,154.346,146.816285,7.3149,85.023,74.041,370228.345147054,0.022,0
2026-09-14T13:18:54Z,4.641,22.6535,12.51,5.0485,0.2556,1.3959,1.7298,154.287,146.673388,7.3234,84.958,74.428,370113.5618446149,0.023,0
2026-09-14T13:18:54Z,4.646,22.6187,12.51,5.0485,0.2556,1.3959,1.6694,154.179,146.481071,7.3355,84.791,75.339,369582.5665379341,0.024,0
2026-09-14T13:18:54Z,4.652,22.586,12.51,5.037,0.2556,1.3959,1.5939,154.04,146.224103,7.3463,84.507,75.225,368588.3533557625,0.026,0
2026-09-14T13:18:54Z,4.659,22.5551,12.6,4.9149,0.2556,1.2267,1.8205,153.944,145.964141,7.3521,84.131,75.783,367537.87797945226,0.029,0
2026-09-14T13:18:54Z,4.667,22.527,12.6,4.9302,0.2556,1.2267,1.8809,153.938,145.778061,7.3504,83.711,74.882,366908.6775464156,0.031,0
2026-09-14T13:18:54Z,4.675,22.4978,12.6,4.9226,0.2556,1.2267,1.8356,153.95,145.620235,7.3399,83.282,74.461,366484.7151745186,0.034,0
2026-09-14T13:18:54Z,4.685,22.4572,12.6,4.9111,0.2556,1.2267,1.8205,153.925,145.436554,7.321,82.849,74.428,366126.2634022469,0.038,0
2026-09-14T13:18:54Z,4.694,22.4026,12.69,4.7509,0.2556,1.269,1.8809,153.857,145.212079,7.296,82.399,74.541,365789.3191060006,0.041,0
2026-09-14T13:18:54Z,4.705,22.3439,12.69,4.7166,0.2556,1.269,1.7449,153.711,144.890953,7.2677,81.937,73.784,364908.59381568443,0.045,0
2026-09-14T13:18:54Z,4.717,22.2887,12.69,4.7433,0.2556,1.269,1.7903,153.463,144.417581,7.2381,81.48,72.892,362969.5397012909,0.05,0
2026-09-14T13:18:54Z,4.729,22.2367,12.69,4.7585,0.2556,1.269,1.7752,153.127,143.773877,7.2076,81.027,72.765,359868.72122385114,0.057,0
2026-09-14T13:18:54Z,4.744,22.1842,12.96,4.625,0.2556,1.0575,1.8658,152.754,142.996453,7.1757,80.564,72.182,355929.57389235974,0.064,0
2026-09-14T13:18:54Z,4.761,22.1238,12.96,4.5792,0.2556,1.0575,1.8507,152.356,142.13031,7.1436,80.096,71.185,351598.69695704454,0.071,0
2026-09-14T13:18:54Z,4.78,22.045,12.96,4.5945,0.2556,1.0575,1.8054,151.842,141.138697,7.1145,79.636,69.61,346853.81926167646,0.077,0
2026-09-14T13:18:54Z,4.802,21.9369,12.96,4.6098,0.2556,1.0575,1.8507,151.053,139.90935,7.0897,79.173,65.729,341202.2796128051,0.081,0
2026-09-14T13:18:54Z,4.826,21.7957,12.96,4.0795,0.2556,1.0575,1.8054,149.767,138.258594,7.0683,78.667,62.457,333583.7798201778,0.083,0
2026-09-14T13:18:54Z,4.849,21.6316,13.59,4.0719,0.2556,1.0998000000000001,1.9262,147.639,135.874364,7.0496,78.065,61.541,321951.3639842305,0.082,0
2026-09-14T13:18:54Z,4.87,21.46,13.59,4.091,0.2556,1.0998000000000001,1.9111,144.105,132.238985,7.0324,77.294,60.809,303178.22409362864,0.079,0
2026-09-14T13:18:54Z,4.889,21.2916,13.59,4.0795,0.2556,1.0998000000000001,1.8507,138.269,126.541188,7.0143,76.264,60.493,273285.42509240774,0.075,0
2026-09-14T13:18:54Z,4.907,21.1321,13.59,3.4653,0.2556,1.0998000000000001,1.6996,128.651,117.463766,6.9911,74.915,59.399,227690.09160548137,0.07,0
2026-09-14T13:18:54Z,4.925,20.9812,14.4,3.4615,0.2982,1.0998000000000001,1.8507,112.659,102.706184,6.9579,73.259,57.933,162565.28646472484,0.066,0
2026-09-14T13:18:54Z,4.941,20.8364,14.4,3.4615,0.2982,1.0998000000000001,1.8205,85.89,78.317055,6.9085,71.367,57.083,81671.45416698135,0.061,0
2026-09-14T13:18:54Z,4.956,20.6971,14.4,3.4348,0.2982,1.0998000000000001,1.9413,41.097,37.724531,6.8349,69.338,56.565,12930.781857175421,0.057,0
2026-09-14T13:18:54Z,4.97,20.5694,14.4,3.2021,0.2982,1.0998000000000001,2.0924,-33.664,-29.914077,6.7308,67.276,55.978,NA,0.053,0
2026-09-14T13:18:54Z,4.983,20.4668,14.85,2.7291,0.2982,0.9729,2.0169,-158.251,-142.573663,6.5954,65.288,55.205,NA,0.05,0
2026-09-14T13:18:54Z,4.995,20.3973,14.85,2.71,0.2982,0.9729,2.0622,-365.816,-330.206689,6.434,63.476,54.277,NA,0.047,0
2026-09-14T13:18:54Z,5.006,20.3527,14.85,2.752,0.2982,0.9729,2.032,-495.55,-447.562132,6.2567,61.917,53.772,NA,0.044,0
2026-09-14T13:18:54Z,5.017,20.3152,14.85,2.71,0.2982,0.9729,2.1377,-365.912,-330.656291,6.0751,60.664,53.168,NA,0.041,0
2026-09-14T13:18:54Z,5.027,20.2719,15.39,2.4964,0.2982,1.0575,2.1075,-158.452,-143.448628,5.9008,59.74,52.777,NA,0.039,0
2026-09-14T13:18:54Z,5.037,20.2191,15.39,2.5078,0.2982,1.0575,2.0622,-33.974,-31.173476,5.7432,59.13,52.456,NA,0.037,0
2026-09-14T13:18:54Z,5.046,20.16,15.39,2.4735,0.2982,1.0575,2.0169,40.7,36.131222,5.6089,58.778,52.059,11961.09231527599,0.034,0
2026-09-14T13:18:54Z,5.054,20.1005,15.39,2.4735,0.2982,1.0575,2.0773,85.486,76.445416,5.502,58.59,52.252,80044.21705646272,0.032,0
2026-09-14T13:18:54Z,5.062,20.045,15.39,2.4277,0.2982,1.0575,2.3643,112.352,100.577608,5.4241,58.491,51.799,162537.2286695209,0.031,0
2026-09-14T13:18:54Z,5.07,19.995,15.48,2.4125,0.2982,1.0152,2.2888,128.485,115.023106,5.3742,58.439,51.429,230277.777392336,0.029,0
2026-09-14T13:18:54Z,5.077,19.9489,15.48,2.3972,0.2982,1.0152,2.2586,138.172,123.664065,5.3471,58.39,51.385,278242.23006708303,0.028,0
2026-09-14T13:18:54Z,5.083,19.9044,15.48,2.4086,0.2982,1.0152,2.2737,143.968,128.804737,5.3348,58.305,51.273,309812.16576054215,0.027,0
2026-09-14T13:18:54Z,5.089,19.8607,15.48,2.3514,0.2982,1.0152,2.0773,147.424,131.831982,5.3305,58.187,51.151,329750.0363425627,0.026,0
2026-09-14T13:18:54Z,5.096,19.8198,15.57,2.3476,0.2556,0.8883,2.0471,149.51,133.607117,5.3302,58.069,50.719,342120.389131762,0.026,0
2026-09-14T13:18:54Z,5.102,19.7842,15.57,2.3514,0.2556,0.8883,2.0169,150.81,134.67157,5.3295,57.986,50.565,349909.4428127256,0.027,0
2026-09-14T13:18:54Z,5.109,19.7534,15.57,2.3362,0.2556,0.8883,2.0169,151.627,135.329206,5.325,57.968,49.758,354964.06002533605,0.027,0
2026-09-14T13:18:54Z,5.117,19.7224,15.57,2.2904,0.2556,0.8883,2.4701,152.11,135.719357,5.3175,58.021,48.911,358253.25287177606,0.027,0
2026-09-14T13:18:54Z,5.124,19.6867,15.75,2.2942,0.2556,0.9306,2.5154,152.363,135.912032,5.3105,58.134,48.837,360315.1561184686,0.027,0
2026-09-14T13:18:54Z,5.13,19.651,15.75,2.2789,0.2556,0.9306,2.4398,152.476,135.956612,5.3068,58.284,48.997,361372.925149483,0.026,0
2026-09-14T13:18:54Z,5.136,19.6249,15.75,2.2637,0.2556,0.9306,2.4398,152.545,135.925043,5.3079,58.436,48.457,361708.57246324385,0.026,0
2026-09-14T13:18:54Z,5.143,19.61,15.75,2.2065,0.2556,0.9306,2.4852,152.636,135.892979,5.3143,58.565,47.777,361804.1222561728,0.026,0
2026-09-14T13:18:54Z,5.15,19.5982,15.75,2.2332,0.2556,0.9306,2.4398,152.722,135.86988,5.3259,58.666,47.045,361895.56161034154,0.026,0
2026-09-14T13:18:54Z,5.157,19.5792,15.84,2.2294,0.2556,0.9729,2.4549,152.761,135.833563,5.3417,58.741,46.325,362048.9031081872,0.025,0
2026-09-14T13:18:54Z,5.163,19.5483,15.84,2.2522,0.2556,0.9729,2.5305,152.782,135.800367,5.359,58.799,45.825,362476.33108492946,0.024,0
2026-09-14T13:18:54Z,5.17,19.5111,15.84,2.092,0.2556,0.9729,3.0139,152.812,135.783461,5.3748,58.845,45.616,363150.7377487472,0.022,0
2026-09-14T13:18:54Z,5.175,19.4784,15.84,2.0997,0.2556,0.9729,2.9837,152.845,135.768327,5.3876,58.881,45.656,363743.10256369645,0.021,0
2026-09-14T13:18:54Z,5.18,19.4549,16.02,2.1111,0.2556,0.846,2.9837,152.865,135.738917,5.397,58.911,45.547,364041.6000033127,0.019,0
2026-09-14T13:18:54Z,5.184,19.4381,16.02,2.1149,0.2556,0.846,3.0743,152.865,135.691388,5.4041,58.949,45.084,364072.0616182,0.018,0
2026-09-14T13:18:54Z,5.188,19.4238,16.02,2.0462,0.2556,0.846,2.9081,152.854,135.641089,5.4099,59.013,44.645,364029.94142130384,0.018,0
2026-09-14T13:18:54Z,5.192,19.409300000000002,16.02,2.0348,0.2556,0.846,2.9081,152.846,135.608638,5.4148,59.112,44.009,364115.44938141975,0.018,0
2026-09-14T13:18:54Z,5.196,19.3937,16.11,2.0234,0.2556,0.7614,3.029,152.845,135.593387,5.4193,59.249,43.045,364343.538065466,0.02,0
2026-09-14T13:18:54Z,5.201,19.3781,16.11,2.0195,0.2556,0.7614,2.893,152.834,135.571252,5.4245,59.424,41.828,364524.1694000243,0.022,0
2026-09-14T13:18:54Z,5.207,19.365,16.11,2.0882,0.2556,0.7614,2.7269,152.803,135.518314,5.4318,59.62,40.39,364438.0104956581,0.026,0
2026-09-14T13:18:54Z,5.213,19.3565,16.11,2.1225,0.2556,0.7614,2.6966,152.749,135.414453,5.4418,59.809,39.307,363900.7742924183,0.029,0
2026-09-14T13:18:54Z,5.221,19.3518,16.11,2.1149,0.2982,0.8883,2.7571,152.702,135.280015,5.455,59.965,38.329,363071.28274884255,0.033,0
2026-09-14T13:18:54Z,5.231,19.3476,16.11,2.0958,0.2982,0.8883,2.7722,152.707,135.173231,5.4715,60.07,36.955,362423.0516284978,0.035,0
2026-09-14T13:18:54Z,5.241,19.3393,16.11,1.928,0.2982,0.8883,2.5758,152.747,135.111658,5.4904,60.112,35.622,362174.6223211751,0.036,0
2026-09-14T13:18:54Z,5.252,19.3211,16.11,1.9051,0.2982,0.8883,2.4549,152.77,135.062856,5.5099,60.08,35.84,362225.07592228404,0.036,0
2026-09-14T13:18:54Z,5.262,19.2907,16.11,1.9089,0.2982,0.8883,2.4549,152.74,134.987786,5.5277,59.963,36.405,362353.90956672287,0.034,0
2026-09-14T13:18:54Z,5.27,19.2545,16.38,1.9204,0.213,0.7614,2.5305,152.688,134.898458,5.5414,59.78,36.563,362507.86748442275,0.032,0
2026-09-14T13:18:54Z,5.278,19.2226,16.38,1.8631,0.213,0.7614,1.7147,152.682,134.84712,5.5488,59.572,36.397,362833.3365131368,0.029,0
2026-09-14T13:18:54Z,5.284,19.1999,16.38,1.8555,0.213,0.7614,1.7752,152.705,134.832087,5.5483,59.381,36.278,363214.3973173387,0.027,0
2026-09-14T13:18:54Z,5.291,19.1842,16.38,1.8593,0.213,0.7614,1.9564,152.711,134.819324,5.5393,59.232,36.255,363461.85585688334,0.025,0
2026-09-14T13:18:54Z,5.296,19.1699,16.47,1.8517,0.213,0.7614,1.8809,152.707,134.809429,5.524,59.133,36.058,363699.48304151045,0.024,0
2026-09-14T13:18:54Z,5.302,19.155,16.47,1.9089,0.213,0.7614,2.0169,152.712,134.807773,5.5064,59.077,35.918,364007.501976893,0.023,0
2026-09-14T13:18:54Z,5.308,19.1434,16.47,1.97,0.213,0.7614,2.183,152.696,134.777884,5.49,59.055,35.801,364048.5320243181,0.023,0
2026-09-14T13:18:54Z,5.313,19.1375,16.47,1.928,0.213,0.7614,2.0471,152.618,134.675758,5.4769,59.046,35.56,363464.86878878996,0.024,0
2026-09-14T13:18:54Z,5.319,19.1353,16.38,1.9127,0.213,0.6768,2.0169,152.503,134.516199,5.468,59.019,35.723,362403.7790266145,0.025,0
2026-09-14T13:18:54Z,5.326,19.1332,16.38,1.8479,0.213,0.6768,2.0622,152.419,134.364751,5.4631,58.958,35.237,361398.53272059595,0.027,0
2026-09-14T13:18:54Z,5.333,19.1282,16.38,1.8517,0.213,0.6768,2.0773,152.389,134.255088,5.4616,58.866,34.159,360745.64750159776,0.028,0
2026-09-14T13:18:54Z,5.34,19.1172,16.38,1.8708,0.213,0.6768,2.0169,152.37,134.161964,5.4619,58.754,32.714,360335.17736433586,0.028,0
2026-09-14T13:18:54Z,5.348,19.0983,16.38,1.8593,0.213,0.6768,2.0471,152.332,134.06855,5.4615,58.631,31.153,360090.54222377244,0.028,0
2026-09-14T13:18:54Z,5.356,19.0729,16.47,1.7945,0.2556,0.6768,1.8507,152.29,133.987964,5.4587,58.497,29.964,360072.6008861999,0.027,0
2026-09-14T13:18:54Z,5.363,19.0454,16.47,1.8135,0.2556,0.6768,1.7449,152.269,133.938752,5.4532,58.351,29.098,360316.54873380344,0.026,0
2026-09-14T13:18:54Z,5.369,19.0206,16.47,1.7754,0.2556,0.6768,1.8809,152.272,133.917796,5.4456,58.194,28.503,360699.29041288636,0.024,0
2026-09-14T13:18:54Z,5.375,19.0009,16.47,1.7716,0.2556,0.6768,1.8205,152.283,133.911502,5.4363,58.025,27.752,361075.6461295899,0.023,0
2026-09-14T13:18:54Z,5.381,18.9865,16.38,1.722,0.213,0.5922,1.9715,152.295,133.912186,5.4254,57.834,26.862,361387.81619799754,0.021,0
2026-09-14T13:18:54Z,5.386,18.9762,16.38,1.7716,0.213,0.5922,1.8809,152.288,133.902014,5.4131,57.616,25.613,361537.1645235532,0.02,0
2026-09-14T13:18:54Z,5.391,18.9686,16.38,1.7296,0.213,0.5922,1.8658,152.266,133.884279,5.3993,57.383,24.065,361576.25886285084,0.019,0
2026-09-14T13:18:54Z,5.396,18.9633,16.38,1.7449,0.213,0.5922,1.7903,152.259,133.888279,5.3841,57.16,22.143,361717.4170358244,0.018,0
2026-09-14T13:18:54Z,5.4,18.9602,16.29,1.7296,0.1704,0.6768,1.7903,152.264,133.909078,5.3668,56.969,20.472,361928.5075074025,0.017,0
2026-09-14T13:18:54Z,5.405,18.9587,16.29,1.7487,0.1704,0.6768,1.8507,152.258,133.918194,5.3467,56.82,19.23,362024.0834980052,0.016,0
2026-09-14T13:18:54Z,5.409,18.9593,16.29,1.7296,0.1704,0.6768,1.8658,152.25,133.92006,5.325,56.718,18.695,362024.23060885444,0.015,0
2026-09-14T13:18:54Z,5.413,18.9627,16.29,1.7067,0.1704,0.6768,1.7449,152.251,133.925185,5.304,56.667,18.674,361987.1324160416,0.014,0
2026-09-14T13:18:54Z,5.416,18.968,16.29,1.7373,0.1704,0.5922,1.8356,152.244,133.916918,5.2857,56.666,18.752,361816.1765747709,0.013,0
2026-09-14T13:18:54Z,5.419,18.9728,16.29,1.7296,0.1704,0.5922,1.7752,152.229,133.891056,5.2713,56.706,18.723,361533.60948222276,0.013,0
2026-09-14T13:18:54Z,5.422,18.9758,16.29,1.7144,0.1704,0.5922,1.8809,152.209,133.848706,5.2616,56.769,18.748,361175.06866625,0.013,0
2026-09-14T13:18:54Z,5.425,18.9772,16.29,1.7334,0.1704,0.5922,1.7601,152.173,133.786582,5.2567,56.841,18.17,360713.57978538406,0.013,0
2026-09-14T13:18:54Z,5.428,18.9765,16.29,1.7716,0.1704,0.5922,2.0924,152.143,133.726147,5.2566,56.915,17.213,360308.92745144805,0.014,0
2026-09-14T13:18:54Z,5.432,18.9723,16.29,1.7563,0.1704,0.5922,2.0471,152.122,133.669299,5.2608,56.986,16.127,360003.89828258276,0.015,0
2026-09-14T13:18:54Z,5.436,18.9644,16.29,1.7487,0.1704,0.5922,2.0924,152.097,133.600877,5.2675,57.041,14.791,359697.3915794376,0.016,0
2026-09-14T13:18:54Z,5.44,18.9543,16.29,1.7525,0.1704,0.5922,2.0622,152.081,133.534662,5.2753,57.066,13.89,359452.9837469295,0.017,0
2026-09-14T13:18:54Z,5.444,18.9431,16.29,1.661,0.1704,0.5922,2.1377,152.088,133.489022,5.2834,57.051,13.225,359374.5797097435,0.017,0
2026-09-14T13:18:54Z,5.449,18.9304,16.2,1.68,0.1704,0.6768,2.0622,152.103,133.455787,5.2913,56.995,12.837,359414.0587329483,0.018,0
2026-09-14T13:18:54Z,5.454,18.9152,16.2,1.6915,0.1704,0.6768,2.032,152.114,133.426094,5.298,56.907,12.787,359531.3028708296,0.018,0
2026-09-14T13:18:54Z,5.458,18.8979,16.2,1.6762,0.1704,0.6768,2.1226,152.129,133.404031,5.3022,56.796,12.477,359746.32261896454,0.018,0
2026-09-14T13:18:54Z,5.463,18.8809,16.2,1.6266,0.1704,0.6768,2.1377,152.145,133.383716,5.3027,56.671,11.848,359967.3078585306,0.018,0
2026-09-14T13:18:54Z,5.468,18.8659,16.29,1.5961,0.1704,0.54990000000000006,2.0622,152.176,133.377744,5.2991,56.535,11.148,360245.6276883154,0.018,0
2026-09-14T13:18:54Z,5.472,18.853,16.29,1.5885,0.1704,0.54990000000000006,2.1679,152.231,133.398531,5.2922,56.393,10.735,360665.72525692644,0.018,0
2026-09-14T13:18:54Z,5.477,18.8413,16.29,1.6114,0.1704,0.54990000000000006,2.0622,152.273,133.417593,5.2832,56.254,10.651,361048.6547611609,0.018,0
2026-09-14T13:18:54Z,5.482,18.8299,16.29,1.6075,0.1704,0.54990000000000006,2.0924,152.277,133.413989,5.2728,56.121,10.538,361267.4744872427,0.017,0
2026-09-14T13:18:54Z,5.486,18.819,16.29,1.6152,0.1704,0.54990000000000006,2.0773,152.257,133.394766,5.2613,56,10.557,361366.75861561496,0.017,0
2026-09-14T13:18:54Z,5.49,18.8101,16.29,1.5999,0.1704,0.4653,2.0773,152.227,133.366809,5.2491,55.899,10.543,361362.27836356394,0.017,0
2026-09-14T13:18:54Z,5.494,18.8044,16.29,1.6114,0.1704,0.4653,2.0018,152.203,133.336674,5.2367,55.819,10.445,361274.03700198437,0.017,0
2026-09-14T13:18:54Z,5.498,18.8019,16.29,1.6266,0.1704,0.4653,2.2132,152.197,133.310337,5.2246,55.764,10.352,361143.7674012415,0.018,0
2026-09-14T13:18:54Z,5.503,18.8014,16.29,1.6266,0.1704,0.4653,2.2737,152.209,133.288781,5.2134,55.739,10.262,361004.0613130182,0.018,0
2026-09-14T13:18:54Z,5.508,18.8008,16.38,1.5808,0.1704,0.54990000000000006,2.1679,152.232,133.270258,5.204,55.75,10.312,360887.6805323918,0.018,0
2026-09-14T13:18:54Z,5.512,18.7978,16.38,1.5999,0.1704,0.54990000000000006,2.2435,152.25,133.245825,5.1969,55.783,10.211,360781.4354155449,0.019,0
2026-09-14T13:18:54Z,5.517,18.791,16.38,1.6152,0.1704,0.54990000000000006,2.2283,152.267,133.218972,5.1924,55.811,10.209,360739.5864503314,0.02,0
2026-09-14T13:18:54Z,5.522,18.7805,16.38,1.6228,0.1704,0.54990000000000006,2.2435,152.279,133.188542,5.1913,55.806,10.147,360751.9161379337,0.02,0
2026-09-14T13:18:54Z,5.528,18.7678,16.38,1.6037,0.1704,0.5922,2.3039,152.284,133.150421,5.1936,55.77,10.048,360757.63682019745,0.02,0
2026-09-14T13:18:54Z,5.533,18.7544,16.38,1.6075,0.1704,0.5922,2.2737,152.295,133.114459,5.1981,55.724,10.051,360793.3936968792,0.021,0
2026-09-14T13:18:54Z,5.539,18.7408,16.38,1.5503,0.1704,0.5922,2.3341,152.298,133.071064,5.2021,55.692,9.9442,360781.5163394184,0.021,0
2026-09-14T13:18:54Z,5.544,18.7272,16.38,1.5503,0.1704,0.5922,2.2737,152.277,133.008663,5.2031,55.692,9.9399,360636.8425791271,0.021,0
2026-09-14T13:18:54Z,5.549,18.7133,16.56,1.5541,0.213,0.54990000000000006,2.319,152.257,132.952646,5.2012,55.73,9.8881,360543.1000423382,0.02,0
2026-09-14T13:18:54Z,5.554,18.6985,16.56,1.5541,0.213,0.54990000000000006,2.3039,152.271,132.930107,5.1984,55.808,9.8367,360702.5099934892,0.02,0
2026-09-14T13:18:54Z,5.559,18.6833,16.56,1.5007,0.213,0.54990000000000006,2.3643,152.291,132.917021,5.1971,55.927,9.8196,360936.73627130635,0.019,0
2026-09-14T13:18:54Z,5.564,18.6689,16.56,1.5084,0.213,0.54990000000000006,2.2737,152.29,132.891883,5.1986,56.07,9.7686,361069.66138647415,0.019,0
2026-09-14T13:18:54Z,5.569,18.656,16.56,1.5007,0.213,0.54990000000000006,2.2737,152.295,132.878012,5.2035,56.206,9.7579,361249.38034548797,0.018,0
2026-09-14T13:18:54Z,5.574,18.6446,16.65,1.4855,0.1704,0.5922,2.3039,152.306,132.87371,5.212,56.307,9.7601,361464.06786840665,0.018,0
2026-09-14T13:18:54Z,5.578,18.6347,16.65,1.4855,0.1704,0.5922,2.5607,152.287,132.843802,5.2242,56.356,9.6483,361467.16795577883,0.017,0
2026-09-14T13:18:54Z,5.582,18.6267,16.65,1.4664,0.1704,0.5922,2.6362,152.257,132.80033,5.2384,56.347,9.6504,361334.3433062744,0.017,0
2026-09-14T13:18:54Z,5.587,18.6207,16.65,1.4855,0.1704,0.5922,2.4549,152.241,132.761725,5.2517,56.287,9.6002,361192.64540475956,0.016,0
2026-09-14T13:18:54Z,5.591,18.6162,16.65,1.4855,0.1704,0.7191,2.5456,152.221,132.717689,5.2616,56.187,9.6988,360980.67846579384,0.016,0
2026-09-14T13:18:54Z,5.595,18.612,16.65,1.4206,0.1704,0.7191,2.2888,152.219,132.69451,5.2666,56.067,9.5627,360908.42049376725,0.015,0
2026-09-14T13:18:54Z,5.599,18.6062,16.65,1.4206,0.1704,0.7191,2.2283,152.241,132.702015,5.2664,55.957,9.5877,361085.5353611387,0.015,0
2026-09-14T13:18:54Z,5.602,18.5981,16.65,1.4283,0.1704,0.7191,2.2586,152.254,132.712184,5.2617,55.88,9.5027,361330.8571986778,0.015,0
2026-09-14T13:18:54Z,5.606,18.5894,16.65,1.4206,0.213,0.6345,2.1981,152.252,132.715718,5.2532,55.843,9.542,361542.70593237964,0.015,0
2026-09-14T13:18:54Z,5.609,18.5824,16.65,1.516,0.213,0.6345,2.1679,152.234,132.703553,5.2428,55.845,9.542,361607.9046892224,0.015,0
2026-09-14T13:18:54Z,5.613,18.5784,16.65,1.4931,0.213,0.6345,2.319,152.208,132.676449,5.2329,55.885,9.4676,361503.7000537219,0.016,0
2026-09-14T13:18:54Z,5.617,18.5779,16.65,1.4855,0.213,0.6345,2.3492,152.198,132.651198,5.2258,55.955,9.3938,361337.2359423895,0.016,0
2026-09-14T13:18:54Z,5.622,18.5797,16.65,1.4817,0.213,0.6345,2.1679,152.208,132.639079,5.2221,56.037,9.4184,361213.510195269,0.017,0
2026-09-14T13:18:54Z,5.626,18.5811,16.65,1.4206,0.213,0.54990000000000006,2.2586,152.226,132.636859,5.2222,56.109,9.3227,361167.8482085172,0.018,0
2026-09-14T13:18:54Z,5.631,18.5794,16.65,1.4206,0.213,0.54990000000000006,2.2435,152.213,132.609917,5.2262,56.162,9.3045,361015.4021195882,0.018,0
2026-09-14T13:18:54Z,5.635,18.5739,16.65,1.4206,0.213,0.54990000000000006,2.3341,152.167,132.549068,5.2333,56.199,9.238,360706.8400742532,0.019,0
2026-09-14T13:18:54Z,5.64,18.5671,16.65,1.4397,0.213,0.54990000000000006,2.2586,152.136,132.492128,5.2416,56.223,9.2581,360453.63447095244,0.019,0
2026-09-14T13:18:54Z,5.646,18.5613,16.65,1.4283,0.1704,0.5922,2.4852,152.126,132.445929,5.249,56.233,9.1362,360254.2698427702,0.02,0
2026-09-14T13:18:54Z,5.651,18.5562,16.65,1.4283,0.1704,0.5922,2.5607,152.118,132.402151,5.2545,56.232,9.1084,360056.8719052318,0.02,0
2026-09-14T13:18:54Z,5.656,18.5495,16.65,1.4206,0.1704,0.5922,2.4701,152.13,132.377142,5.2587,56.224,9.0946,360025.2515540594,0.021,0
2026-09-14T13:18:54Z,5.661,18.5394,16.65,1.4283,0.1704,0.5922,2.5003,152.16,132.368233,5.262,56.208,9.061,360179.34179544525,0.022,0
2026-09-14T13:18:54Z,5.667,18.5273,16.74,1.413,0.213,0.5922,2.5003,152.178,132.349029,5.2643,56.173,8.9885,360304.2427570276,0.023,0
2026-09-14T13:18:54Z,5.672,18.5151,16.74,1.4435,0.213,0.5922,2.4701,152.184,132.31441,5.2654,56.113,9.0433,360323.21200283425,0.024,0
2026-09-14T13:18:54Z,5.679,18.5034,16.74,1.4283,0.213,0.5922,2.5758,152.185,132.26715,5.266,56.035,8.8817,360242.7353981441,0.025,0
2026-09-14T13:18:54Z,5.686,18.492,16.74,1.4206,0.213,0.5922,2.4701,152.17,132.20265,5.2657,55.957,8.759,360034.8012039352,0.025,0
2026-09-14T13:18:54Z,5.693,18.4805,16.65,1.4435,0.213,0.54990000000000006,2.5607,152.163,132.149744,5.2636,55.896,8.6025,359910.2951170554,0.025,0
2026-09-14T13:18:54Z,5.699,18.4674,16.65,1.4321,0.213,0.54990000000000006,2.7118,152.187,132.134351,5.2594,55.855,8.515,360083.3427733508,0.024,0
2026-09-14T13:18:54Z,5.706,18.4516,16.65,1.4511,0.213,0.54990000000000006,2.8024,152.208,132.128347,5.2538,55.828,8.4029,360380.4909424011,0.023,0
2026-09-14T13:18:54Z,5.711,18.4346,16.65,1.4168,0.213,0.54990000000000006,2.6966,152.205,132.112115,5.2483,55.814,8.4855,360631.8541175939,0.022,0
2026-09-14T13:18:54Z,5.716,18.4193,16.65,1.4168,0.213,0.54990000000000006,2.7873,152.199,132.099341,5.2442,55.809,8.5003,360871.21946497355,0.021,0
2026-09-14T13:18:54Z,5.721,18.4075,16.74,1.3596,0.213,0.423,2.4549,152.211,132.108635,5.2416,55.804,8.3139,361190.8259395621,0.02,0
2026-09-14T13:18:54Z,5.726,18.3996,16.74,1.3367,0.213,0.423,2.3945,152.253,132.14848,5.24,55.789,8.323,361641.9832614445,0.019,0
2026-09-14T13:18:54Z,5.731,18.3949,16.74,1.3787,0.213,0.423,2.5003,152.283,132.177462,5.2391,55.758,8.3374,361947.85486513533,0.019,0
2026-09-14T13:18:54Z,5.736,18.3927,16.74,1.3558,0.213,0.423,2.5003,152.256,132.14927,5.2389,55.708,8.3719,361796.5032874712,0.019,0
2026-09-14T13:18:54Z,5.74,18.3923,16.65,1.3825,0.1704,0.4653,2.7269,152.21,132.094414,5.2385,55.642,8.1724,361418.3463203729,0.019,0
2026-09-14T13:18:54Z,5.746,18.3934,16.65,1.4016,0.1704,0.4653,2.6815,152.191,132.056311,5.2369,55.571,8.1087,361126.11760647,0.02,0
2026-09-14T13:18:54Z,5.751,18.3943,16.65,1.371,0.1704,0.4653,2.7571,152.181,132.024797,5.2339,55.502,8.0438,360884.75356660713,0.02,0
2026-09-14T13:18:54Z,5.756,18.3928,16.65,1.3672,0.1704,0.4653,2.7269,152.168,131.993469,5.2294,55.437,8.0037,360696.46819521755,0.021,0
2026-09-14T13:18:54Z,5.761,18.3879,16.74,1.3443,0.1704,0.54990000000000006,2.4549,152.146,131.953974,5.2237,55.38,8.0281,360523.90614052006,0.022,0
2026-09-14T13:18:54Z,5.767,18.3807,16.74,1.3596,0.1704,0.54990000000000006,2.5003,152.107,131.893777,5.2178,55.33,7.9985,360255.13450362714,0.024,0
2026-09-14T13:18:54Z,5.773,18.3732,16.74,1.3596,0.1704,0.54990000000000006,2.3945,152.087,131.838857,5.2121,55.288,7.9898,360029.9585507294,0.026,0
2026-09-14T13:18:54Z,5.78,18.3666,16.74,1.3596,0.1704,0.54990000000000006,2.4398,152.096,131.800587,5.2068,55.265,7.8011,359902.5657635347,0.029,0
2026-09-14T13:18:54Z,5.788,18.36,16.74,1.3939,0.1704,0.54990000000000006,2.8024,152.099,131.752747,5.2021,55.268,7.7656,359707.8378788981,0.031,0
2026-09-14T13:18:54Z,5.796,18.3511,16.74,1.3558,0.1704,0.6345,2.7873,152.08,131.682578,5.1983,55.29,7.5789,359405.4651557682,0.033,0
2026-09-14T13:18:54Z,5.805,18.3388,16.74,1.3787,0.1704,0.6345,2.7118,152.063,131.613397,5.1957,55.316,7.6069,359182.99355140544,0.034,0
2026-09-14T13:18:54Z,5.815,18.3237,16.74,1.3634,0.1704,0.6345,2.7118,152.066,131.56478,5.1951,55.327,7.445,359165.1239906906,0.035,0
2026-09-14T13:18:54Z,5.824,18.3071,16.74,1.2299,0.1704,0.6345,2.8175,152.081,131.53577,5.1972,55.305,7.3024,359317.37818038475,0.034,0
2026-09-14T13:18:54Z,5.833,18.2894,16.74,1.2719,0.1704,0.6345,2.7269,152.104,131.524634,5.2011,55.241,7.1114,359619.2851669286,0.033,0
2026-09-14T13:18:54Z,5.842,18.2715,16.74,1.2451,0.1704,0.6345,2.8628,152.131,131.526398,5.2054,55.128,7.1984,360016.82005748287,0.032,0
2026-09-14T13:18:54Z,5.85,18.2549,16.74,1.2375,0.1704,0.6345,2.7571,152.148,131.527523,5.2082,54.971,7.1253,360382.37264331296,0.03,0
2026-09-14T13:18:54Z,5.857,18.2411,16.74,1.1727,0.1704,0.6345,2.4549,152.148,131.5163,5.2077,54.788,7.1098,360600.73086618294,0.028,0
2026-09-14T13:18:54Z,5.863,18.2307,16.74,1.1917,0.1704,0.6345,2.4852,152.133,131.491738,5.2027,54.602,7.1439,360651.6094436332,0.027,0
2026-09-14T13:18:54Z,5.87,18.2237,16.74,1.207,0.1704,0.6345,2.5154,152.116,131.469302,5.1929,54.436,7.0821,360644.1340244667,0.025,0
2026-09-14T13:18:54Z,5.876,18.2191,16.74,1.1879,0.1704,0.6345,2.5003,152.121,131.471028,5.1786,54.305,7.033,360755.63699300284,0.025,0
2026-09-14T13:18:54Z,5.883,18.2154,16.74,1.2528,0.1704,0.6345,2.7873,152.123,131.473361,5.1617,54.213,6.9782,360852.0347046688,0.024,0
2026-09-14T13:18:54Z,5.889,18.2118,16.74,1.2604,0.1704,0.5076,2.7722,152.103,131.450903,5.1445,54.154,6.9994,360770.97973825486,0.024,0
2026-09-14T13:18:54Z,5.895,18.2091,16.74,1.2223,0.1704,0.5076,2.6815,152.103,131.435694,5.1292,54.12,6.9873,360721.7420755826,0.023,0
2026-09-14T13:18:54Z,5.9,18.2084,16.74,1.2337,0.1704,0.5076,2.7571,152.137,131.441692,5.1169,54.098,6.9449,360779.2703636938,0.023,0
2026-09-14T13:18:54Z,5.906,18.2085,16.74,1.2604,0.1704,0.5076,2.4398,152.173,131.446477,5.1082,54.08,6.9148,360810.94684550737,0.022,0
2026-09-14T13:18:54Z,5.912,18.2069,16.74,1.2375,0.1704,0.5076,2.5003,152.19,131.437312,5.1029,54.067,6.9208,360780.6884965038,0.022,0
2026-09-14T13:18:54Z,5.917,18.2019,16.74,1.2337,0.213,0.5076,2.5456,152.187,131.413754,5.1002,54.054,6.8803,360722.07104714605,0.022,0
2026-09-14T13:18:54Z,5.923,18.1941,16.74,1.2528,0.213,0.5076,2.5607,152.184,131.391536,5.0988,54.03,6.8639,360733.39198904735,0.022,0
2026-09-14T13:18:54Z,5.929,18.1855,16.74,1.1994,0.213,0.5076,2.6664,152.201,131.38675,5.0981,53.991,6.8684,360885.3392459058,0.022,0
2026-09-14T13:18:54Z,5.934,18.1776,16.74,1.1803,0.213,0.5076,2.7269,152.218,131.384107,5.0977,53.936,6.7956,361037.4115948537,0.021,0
2026-09-14T13:18:54Z,5.94,18.1707,16.74,1.1727,0.1704,0.4653,2.7571,152.209,131.360886,5.0972,53.864,6.7927,361022.2073444851,0.021,0
2026-09-14T13:18:54Z,5.945,18.1643,16.74,1.1879,0.1704,0.4653,2.7571,152.18,131.320901,5.0956,53.774,6.7617,360877.4745269898,0.021,0
2026-09-14T13:18:54Z,5.95,18.1579,16.74,1.1841,0.1704,0.4653,2.4701,152.138,131.267501,5.0926,53.66,6.8222,360637.76347899967,0.021,0
2026-09-14T13:18:54Z,5.955,18.1521,16.74,1.165,0.1704,0.4653,2.5909,152.081,131.198454,5.088,53.539,6.7809,360274.40231951245,0.02,0
2026-09-14T13:18:54Z,5.96,18.1471,16.65,1.1879,0.1704,0.2961,2.5003,152.033,131.135374,5.0818,53.433,6.6945,359936.1027747231,0.02,0
2026-09-14T13:18:54Z,5.966,18.1422,16.65,1.1727,0.1704,0.2961,2.5305,152.02,131.103468,5.0738,53.354,6.6988,359816.15247267426,0.02,0
2026-09-14T13:18:54Z,5.971,18.1365,16.65,1.1841,0.1704,0.2961,2.6966,152.039,131.104236,5.0636,53.3,6.6683,359944.51932552445,0.02,0
2026-09-14T13:18:54Z,5.976,18.13,16.65,1.1917,0.1704,0.2961,2.7722,152.07,131.119867,5.0528,53.267,6.6337,360195.3966928363,0.019,0
2026-09-14T13:18:54Z,5.98,18.1228,16.65,1.165,0.1704,0.2961,2.7118,152.094,131.132515,5.0436,53.246,6.6423,360440.45155815675,0.019,0
2026-09-14T13:18:54Z,5.985,18.1161,16.65,1.1574,0.1704,0.3807,2.7873,152.108,131.137547,5.0368,53.232,6.5963,360620.9089088855,0.019,0
2026-09-14T13:18:54Z,5.989,18.1109,16.65,1.1574,0.1704,0.3807,2.5305,152.116,131.136304,5.0322,53.216,6.6553,360724.5479019623,0.019,0
2026-09-14T13:18:54Z,5.994,18.1073,16.65,1.1689,0.1704,0.3807,2.5607,152.113,131.124453,5.0295,53.189,6.5934,360718.4178790559,0.019,0
2026-09-14T13:18:54Z,5.999,18.1047,16.65,1.1803,0.1704,0.3807,2.5003,152.108,131.106837,5.0278,53.149,6.5848,360649.79447647417,0.019,0
2026-09-14T13:18:54Z,6.004,18.1022,16.74,1.1803,0.1704,0.4653,2.5003,152.113,131.094771,5.0268,53.105,6.5506,360618.34113772464,0.02,0
2026-09-14T13:18:54Z,6.009,18.0997,16.74,1.1803,0.1704,0.4653,2.6966,152.12,131.085036,5.0256,53.066,6.4587,360603.40590297844,0.02,0
2026-09-14T13:18:54Z,6.014,18.0966,16.74,1.1803,0.1704,0.4653,2.7269,152.124,131.075035,5.0233,53.031,6.4714,360599.5584990273,0.021,0
2026-09-14T13:18:54Z,6.019,18.0923,16.74,1.1841,0.1704,0.4653,2.8024,152.125,131.062101,5.02,52.996,6.484,360600.87101539766,0.021,0
2026-09-14T13:18:54Z,6.025,18.0869,16.74,1.1727,0.1704,0.423,2.7269,152.128,131.046787,5.0164,52.956,6.4321,360609.10043233674,0.022,0
2026-09-14T13:18:54Z,6.03,18.0818,16.74,1.1803,0.1704,0.423,2.9232,152.142,131.037018,5.0132,52.905,6.4321,360650.1568516649,0.022,0
2026-09-14T13:18:54Z,6.036,18.0773,16.74,1.1803,0.1704,0.423,3.0592,152.163,131.030187,5.0104,52.838,6.3171,360699.0768153469,0.022,0
2026-09-14T13:18:54Z,6.042,18.0726,16.74,1.1994,0.1704,0.423,2.9535,152.191,131.028474,5.0075,52.753,6.3007,360788.6446137599,0.022,0
2026-09-14T13:18:54Z,6.048,18.0669,16.74,1.1803,0.1278,0.423,3.0441,152.22,131.031422,5.0043,52.651,6.3116,360932.97539951274,0.022,0
2026-09-14T13:18:54Z,6.054,18.0597,16.74,1.1345,0.1278,0.423,3.1801,152.235,131.027806,5.0002,52.53,6.3007,361063.27345092135,0.021,0
2026-09-14T13:18:54Z,6.059,18.0515,16.74,1.1193,0.1278,0.423,3.1498,152.237,131.020665,4.9947,52.403,6.1746,361190.2778460452,0.019,0
2026-09-14T13:18:54Z,6.064,18.0432,16.74,1.1269,0.1278,0.423,3.1196,152.238,131.020103,4.9875,52.287,6.176,361366.2675714375,0.018,0
2026-09-14T13:18:54Z,6.068,18.0359,16.74,1.104,0.1278,0.423,3.2103,152.227,131.01396,4.9786,52.186,6.1452,361480.9879616722,0.016,0
2026-09-14T13:18:54Z,6.072,18.0306,16.74,1.1154,0.1278,0.2538,3.1498,152.2,130.994596,4.9677,52.096,6.2015,361458.3415832805,0.016,0
2026-09-14T13:18:54Z,6.075,18.0276,16.74,1.1078,0.1278,0.2538,3.2405,152.179,130.974861,4.956,52.018,6.2774,361383.138220622,0.016,0
2026-09-14T13:18:54Z,6.079,18.027,16.74,1.1078,0.1278,0.2538,3.1347,152.166,130.953494,4.9451,51.949,6.324,361244.2700877381,0.017,0
2026-09-14T13:18:54Z,6.083,18.0281,16.74,1.1078,0.1278,0.2538,3.1801,152.167,130.938808,4.9354,51.883,6.3267,361116.04532835825,0.019,0
2026-09-14T13:18:54Z,6.088,18.0293,16.74,1.1841,0.1704,0.2961,3.1952,152.183,130.938893,4.9268,51.82,6.2448,361090.6301872812,0.02,0
2026-09-14T13:18:54Z,6.094,18.0288,16.74,1.1727,0.1704,0.2961,3.0894,152.194,130.941762,4.9195,51.762,6.1278,361121.85414319026,0.021,0
2026-09-14T13:18:54Z,6.1,18.0256,16.74,1.165,0.1704,0.2961,3.0441,152.202,130.952181,4.9133,51.715,5.9935,361265.29638879246,0.022,0
2026-09-14T13:18:54Z,6.107,18.0204,16.74,1.1994,0.1704,0.2961,3.1952,152.22,130.978935,4.9076,51.682,6.0275,361568.3724902783,0.022,0
2026-09-14T13:18:54Z,6.112,18.0157,16.83,1.1307,0.1278,0.3384,3.0139,152.226,130.999137,4.9021,51.663,6.0643,361814.1810135326,0.021,0
2026-09-14T13:18:54Z,6.117,18.0136,16.83,1.1345,0.1278,0.3384,2.9081,152.207,130.99616,4.8968,51.658,6.0695,361838.6250999493,0.02,0
2026-09-14T13:18:54Z,6.122,18.0149,16.83,1.1421,0.1278,0.3384,3.029,152.189,130.985223,4.8923,51.666,6.0867000000000004,361732.54798092606,0.019,0
2026-09-14T13:18:54Z,6.127,18.0187,16.83,1.1231,0.1278,0.3384,2.9232,152.158,130.951402,4.8887,51.697,6.0629,361409.46028423513,0.019,0
2026-09-14T13:18:54Z,6.132,18.0235,16.83,1.1879,0.1278,0.3384,3.2405,152.097,130.879672,4.8865,51.757,5.9909,360795.60507955233,0.019,0
2026-09-14T13:18:54Z,6.136,18.0277,16.74,1.1803,0.1278,0.4653,3.1801,152.055,130.818953,4.8856,51.841,6.0066,360273.6241107987,0.019,0
2026-09-14T13:18:54Z,6.141,18.0294,16.74,1.1803,0.1278,0.4653,3.0592,152.072,130.811091,4.8862,51.944,5.9339,360181.07300484716,0.019,0
2026-09-14T13:18:54Z,6.146,18.027,16.74,1.165,0.1278,0.4653,3.2103,152.124,130.837978,4.8893,52.055,5.9107,360423.78017804615,0.019,0
2026-09-14T13:18:54Z,6.151,18.0208,16.74,1.1307,0.1278,0.4653,2.9686,152.171,130.866755,4.8956,52.152,5.9636,360762.34359331534,0.019,0
2026-09-14T13:18:54Z,6.156,18.0127,16.83,1.0926,0.1704,0.423,2.9232,152.193,130.879077,4.9044,52.215,5.952,361025.43810471817,0.02,0
2026-09-14T13:18:54Z,6.161,18.0052,16.83,1.104,0.1704,0.423,3.0894,152.189,130.868222,4.915,52.238,5.9326,361110.91827663104,0.021,0
2026-09-14T13:18:54Z,6.166,17.9994,16.83,1.1269,0.1704,0.423,2.893,152.175,130.841305,4.926,52.221,5.9236,361045.34051121137,0.022,0
2026-09-14T13:18:54Z,6.172,17.9955,16.83,1.165,0.1704,0.423,3.2707,152.161,130.801155,4.9355,52.165,5.8583,360844.47851697094,0.024,0
2026-09-14T13:18:54Z,6.178,17.9932,16.83,1.1765,0.1278,0.3384,3.1649,152.128,130.735062,4.9417,52.078,5.9262,360424.6699981215,0.025,0
2026-09-14T13:18:54Z,6.185,17.9909,16.83,1.1727,0.1278,0.3384,3.2405,152.08,130.65542,4.9442,51.976,5.8596,359908.94121864176,0.027,0
2026-09-14T13:18:54Z,6.192,17.986,16.83,1.1917,0.1278,0.3384,3.2254,152.055,130.60303,4.943,51.876,5.7199,359643.07643586904,0.028,0
2026-09-14T13:18:54Z,6.2,17.9767,16.83,1.1765,0.1278,0.3384,3.1498,152.049,130.573928,4.9387,51.788,5.6483,359637.5386903134,0.029,0
2026-09-14T13:18:54Z,6.207,17.9644,16.83,1.1765,0.1704,0.3384,3.2556,152.029,130.536338,4.9317,51.722,5.6877,359636.57778502634,0.03,0
2026-09-14T13:18:54Z,6.215,17.9519,16.83,1.207,0.1704,0.3384,3.1196,151.991,130.484237,4.9233,51.683,5.7063,359536.8863587166,0.031,0
2026-09-14T13:18:54Z,6.222,17.9417,16.83,1.1803,0.1704,0.3384,3.1801,151.963,130.437755,4.9148,51.667,5.6692,359427.318222169,0.032,0
2026-09-14T13:18:54Z,6.231,17.9338,16.83,1.2299,0.1704,0.3384,3.2405,151.977,130.424523,4.9073,51.662,5.684,359504.1086833362,0.033,0
2026-09-14T13:18:54Z,6.239,17.9272,16.83,1.2528,0.1704,0.3384,3.2707,152.022,130.437008,4.9017,51.666,5.6201,359735.53537067823,0.034,0
2026-09-14T13:18:54Z,6.249,17.9207,16.83,1.2299,0.1278,0.4653,3.1498,152.054,130.442513,4.8987,51.681,5.4234,359915.32796242053,0.034,0
2026-09-14T13:18:54Z,6.258,17.9133,16.83,1.2299,0.1278,0.4653,3.2103,152.055,130.428497,4.8979,51.7,5.3555,359975.88265066245,0.033,0
2026-09-14T13:18:54Z,6.267,17.9049,16.83,1.2261,0.1278,0.4653,3.0139,152.043,130.411233,4.8983,51.717,5.3613,360035.0124583187,0.032,0
2026-09-14T13:18:54Z,6.275,17.8964,16.83,1.2299,0.1278,0.4653,3.0139,152.038,130.404132,4.8995,51.724,5.38,360168.6486882106,0.03,0
2026-09-14T13:18:54Z,6.282,17.8893,16.92,1.2261,0.1278,0.3384,2.8175,152.042,130.4073,4.9016,51.706,5.4719,360345.1129622347,0.028,0
2026-09-14T13:18:54Z,6.289,17.8844,16.92,1.2528,0.1278,0.3384,2.9988,152.051,130.415579,4.9039,51.656,5.5751,360510.3527928634,0.026,0
2026-09-14T13:18:54Z,6.295,17.8819,16.92,1.3062,0.1278,0.3384,2.8628,152.052,130.417168,4.9059,51.572,5.5958,360575.91725340707,0.025,0
2026-09-14T13:18:54Z,6.301,17.8811,16.92,1.3024,0.1278,0.3384,3.0139,152.043,130.410488,4.9066,51.459,5.5909,360545.68877429276,0.024,0
2026-09-14T13:18:54Z,6.307,17.8811,16.83,1.3214,0.1278,0.4653,2.9232,152.036,130.407767,4.9049,51.327,5.5437,360526.3032891496,0.023,0
2026-09-14T13:18:54Z,6.313,17.8813,16.83,1.2909,0.1278,0.4653,3.0139,152.04,130.416286,4.9001,51.193,5.5101,360582.6480493339,0.022,0
2026-09-14T13:18:54Z,6.319,17.8814,16.83,1.3405,0.1278,0.4653,3.0441,152.045,130.426308,4.8921,51.077,5.5703,360651.87682506716,0.021,0
2026-09-14T13:18:54Z,6.324,17.8818,16.83,1.3748,0.1278,0.4653,2.8326,152.036,130.422494,4.8814,50.996,5.6079,360616.0194277581,0.02,0
2026-09-14T13:18:54Z,6.329,17.8828,16.83,1.3787,0.1278,0.4653,2.9081,152.019,130.409832,4.8688,50.959,5.6532,360504.11799704045,0.018,0
2026-09-14T13:18:54Z,6.333,17.8846,16.83,1.3558,0.1278,0.2961,2.9837,152.009,130.400954,4.8559,50.966,5.5982,360401.83772894903,0.017,0
2026-09-14T13:18:54Z,6.337,17.8865,16.83,1.4359,0.1278,0.2961,2.6966,152.01,130.3995,4.8447,51.004,5.6667,360350.2748622641,0.017,0
2026-09-14T13:18:54Z,6.341,17.8877,16.83,1.4435,0.1278,0.2961,2.7269,152.015,130.399075,4.8368,51.063,5.7486,360321.2253958261,0.016,0
2026-09-14T13:18:54Z,6.345,17.8883,16.83,1.4359,0.1278,0.2961,2.6513,152.01,130.385558,4.8333,51.134,5.7274,360211.98620729434,0.017,0
2026-09-14T13:18:54Z,6.349,17.8883,16.83,1.4206,0.0852,0.2538,2.6815,151.995,130.363349,4.834,51.211,5.6483,360053.9129862601,0.017,0
2026-09-14T13:18:54Z,6.353,17.8876,16.83,1.5122,0.0852,0.2538,2.9384,151.989,130.350541,4.8377,51.285,5.5958,359977.93387185526,0.018,0
2026-09-14T13:18:54Z,6.358,17.8859,16.83,1.4778,0.0852,0.2538,2.9535,151.993,130.347721,4.8434,51.349,5.5281,359994.69450858387,0.018,0
2026-09-14T13:18:54Z,6.363,17.883,16.83,1.4931,0.0852,0.2538,3.029,152,130.348133,4.8505,51.398,5.4969,360060.46054597106,0.018,0
2026-09-14T13:18:54Z,6.368,17.8799,16.92,1.4778,0.1278,0.3384,2.9686,152.021,130.361892,4.8581,51.433,5.4541,360225.59959083353,0.018,0
2026-09-14T13:18:54Z,6.372,17.8772,16.92,1.6152,0.1278,0.3384,3.2405,152.059,130.392668,4.8653,51.45,5.4222,360503.3446078987,0.017,0
2026-09-14T13:18:54Z,6.376,17.8751,16.92,1.6114,0.1278,0.3384,3.1952,152.087,130.416646,4.8716,51.448,5.3531,360719.7753778198,0.017,0
2026-09-14T13:18:54Z,6.38,17.8733,16.92,1.5961,0.1278,0.3384,3.1801,152.101,130.428212,4.8764,51.435,5.3823,360841.30238611513,0.017,0
2026-09-14T13:18:54Z,6.384,17.8719,16.92,1.6152,0.1278,0.423,3.2103,152.125,130.444459,4.8798,51.428,5.3555,360987.55005234247,0.017,0
2026-09-14T13:18:54Z,6.389,17.8714,16.92,1.6228,0.1278,0.423,3.2254,152.144,130.455712,4.8815,51.438,5.3531,361078.66162104625,0.017,0
2026-09-14T13:18:54Z,6.393,17.8715,16.92,1.5503,0.1278,0.423,2.9535,152.142,130.45096,4.8813,51.461,5.3392,361042.5973144174,0.018,0
2026-09-14T13:18:54Z,6.398,17.8712,16.92,1.5236,0.1278,0.423,2.9988,152.127,130.436941,4.8801,51.485,5.3776,360949.1487872193,0.019,0
2026-09-14T13:18:54Z,6.403,17.8699,16.92,1.5465,0.1278,0.423,2.8628,152.112,130.423927,4.8796,51.502,5.3613,360884.60261012823,0.02,0
2026-09-14T13:18:54Z,6.408,17.8681,16.92,1.5351,0.1278,0.2115,2.893,152.121,130.428462,4.8807,51.503,5.401,360956.0448704928,0.02,0
2026-09-14T13:18:54Z,6.413,17.867,16.92,1.4931,0.1278,0.2115,3.2103,152.143,130.439747,4.883,51.483,5.4779,361060.4283681819,0.021,0
2026-09-14T13:18:54Z,6.419,17.8667,16.92,1.4931,0.1278,0.2115,3.1196,152.16,130.442778,4.8853,51.444,5.4636,361088.5656144553,0.021,0
2026-09-14T13:18:54Z,6.424,17.8667,16.92,1.4893,0.1278,0.2115,3.2405,152.181,130.450372,4.8869,51.397,5.5691,361142.73143095034,0.021,0
2026-09-14T13:18:54Z,6.43,17.8658,16.92,1.4778,0.1278,0.3384,3.2103,152.191,130.454544,4.8871,51.349,5.5946,361192.059418892,0.021,0
2026-09-14T13:18:54Z,6.435,17.8633,16.92,1.3481,0.1278,0.3384,3.029,152.179,130.442398,4.8855,51.307,5.652,361159.76738170366,0.021,0
2026-09-14T13:18:54Z,6.441,17.8594,16.92,1.3748,0.1278,0.3384,2.9535,152.163,130.422705,4.8822,51.27,5.8202,361104.0702227357,0.02,0
2026-09-14T13:18:54Z,6.446,17.856,16.92,1.3672,0.1278,0.3384,2.9837,152.151,130.404221,4.878,51.234,5.9714,361046.1209240579,0.02,0
2026-09-14T13:18:54Z,6.451,17.8547,16.92,1.371,0.0852,0.423,2.9535,152.144,130.392025,4.8736,51.203,6.0262,360987.3755570881,0.019,0
2026-09-14T13:18:54Z,6.456,17.854,16.92,1.4931,0.0852,0.423,2.8477,152.146,130.390868,4.8697,51.189,6.1372,360994.3356766632,0.019,0
2026-09-14T13:18:54Z,6.461,17.8522,16.92,1.4855,0.0852,0.423,3.0139,152.151,130.396439,4.8664,51.198,6.2123,361073.21003775037,0.018,0
2026-09-14T13:18:54Z,6.465,17.8495,16.92,1.4778,0.0852,0.423,2.8779,152.149,130.398216,4.8632,51.24,6.2679,361144.5997020233,0.017,0
2026-09-14T13:18:54Z,6.469,17.8473,16.92,1.5007,0.0852,0.423,2.9232,152.151,130.402678,4.8606,51.321,6.3986,361224.29378958995,0.017,0
2026-09-14T13:18:54Z,6.473,17.8463,16.92,1.3901,0.1278,0.3807,3.2707,152.156,130.407011,4.8593,51.442,6.4643,361276.97597180674,0.016,0
2026-09-14T13:18:54Z,6.477,17.8467,16.92,1.3825,0.1278,0.3807,3.2556,152.143,130.392357,4.8602,51.592,6.6308,361163.6780785918,0.016,0
2026-09-14T13:18:54Z,6.481,17.8479,16.92,1.371,0.1278,0.3807,3.2707,152.107,130.356811,4.864,51.746,6.6712,360883.9620943205,0.016,0
2026-09-14T13:18:54Z,6.485,17.8489,16.92,1.3672,0.1278,0.3807,3.1196,152.075,130.320912,4.8716,51.87,6.664,360606.22002450976,0.016,0
2026-09-14T13:18:54Z,6.489,17.8488,16.92,1.2528,0.1278,0.3807,3.2405,152.075,130.307111,4.8831,51.935,6.5606,360509.99856113637,0.017,0
2026-09-14T13:18:54Z,6.494,17.8478,16.92,1.249,0.1278,0.3807,3.2254,152.091,130.30372,4.8974,51.932,6.4643,360507.5329854006,0.017,0
2026-09-14T13:18:54Z,6.498,17.8462,16.92,1.2146,0.1278,0.3807,3.2254,152.087,130.285818,4.9122,51.877,6.3474,360414.65005502687,0.016,0
2026-09-14T13:18:54Z,6.502,17.8435,16.92,1.268,0.1278,0.3807,3.1196,152.058,130.24863,4.9243,51.784,6.2461,360208.19868788467,0.016,0
2026-09-14T13:18:54Z,6.506,17.8388,17.01,1.1803,0.1704,0.423,2.9535,152.025,130.210259,4.9309,51.667,6.0986,360036.7300559502,0.014,0
2026-09-14T13:18:54Z,6.51,17.8332,17.01,1.165,0.1704,0.423,2.9535,152.019,130.198496,4.9312,51.536,5.9018,360074.3581220817,0.013,0
2026-09-14T13:18:54Z,6.513,17.8283,17.01,1.165,0.1704,0.423,3.029,152.044,130.214207,4.9264,51.407,5.7187,360292.6526073252,0.011,0
2026-09-14T13:18:54Z,6.516,17.8243,17.01,1.1765,0.1704,0.423,2.9686,152.055,130.219553,4.918,51.297,5.5982,360417.6041799398,0.01,0
2026-09-14T13:18:54Z,6.518,17.8211,16.92,1.1231,0.1278,0.2961,2.7118,152.029,130.193947,4.9072,51.208,5.4791,360304.47110534576,0.009,0
2026-09-14T13:18:54Z,6.519,17.8188,16.92,1.1193,0.1278,0.2961,2.8175,152.008,130.172586,4.895,51.123,5.4257,360202.07670468476,0.008,0
2026-09-14T13:18:54Z,6.521,17.817,16.92,1.1154,0.1278,0.2961,2.6966,152.021,130.179796,4.8829,51.031,5.3184,360292.55710052076,0.008,0
2026-09-14T13:18:54Z,6.523,17.8156,16.92,1.1078,0.1278,0.2961,2.7269,152.042,130.193483,4.8726,50.94,5.1344,360420.57275799336,0.008,0
2026-09-14T13:18:54Z,6.526,17.8146,16.92,1.1078,0.1278,0.2961,2.9535,152.047,130.193279,4.8642,50.869,5.0492,360440.8334842269,0.008,0
2026-09-14T13:18:54Z,6.528,17.8135,16.92,1.1193,0.1278,0.3384,2.9988,152.041,130.183134,4.8563,50.822,4.8947,360392.35168649093,0.008,0
2026-09-14T13:18:54Z,6.53,17.8122,16.92,1.1269,0.1278,0.3384,2.893,152.032,130.172349,4.8477,50.791,4.8166,360343.64902833494,0.008,0
2026-09-14T13:18:54Z,6.532,17.8107,16.92,1.1421,0.1278,0.3384,2.9535,152.021,130.162052,4.8392,50.771,4.803,360302.76986455667,0.008,0
2026-09-14T13:18:54Z,6.534,17.8092,16.92,1.1078,0.1278,0.3384,2.893,152.011,130.153499,4.8326,50.758,4.8051,360274.3292509538,0.008,0
2026-09-14T13:18:54Z,6.536,17.8077,16.92,1.0964,0.0852,0.3384,2.9535,152.007,130.148411,4.8283,50.754,4.7874,360270.6020007258,0.008,0
2026-09-14T13:18:54Z,6.539,17.8067,16.92,1.0811,0.0852,0.3384,3.0894,151.999,130.137428,4.8255,50.753,4.7162,360213.9735163167,0.008,0
2026-09-14T13:18:54Z,6.541,17.8063,16.92,1.1612,0.0852,0.3384,2.9837,151.988,130.121623,4.8236,50.746,4.6957,360109.9390518031,0.008,0
2026-09-14T13:18:54Z,6.542,17.8061,16.92,1.1078,0.0852,0.3384,2.6664,152,130.124799,4.8224,50.725,4.7151,360136.92721150373,0.008,0
2026-09-14T13:18:54Z,6.544,17.8057,16.92,1.1193,0.1278,0.3807,2.7571,152.03,130.143801,4.822,50.694,4.6612,360281.13668393914,0.007,0
2026-09-14T13:18:54Z,6.546,17.8044,16.92,1.1231,0.1278,0.3807,2.7873,152.04,130.14767,4.8221,50.661,4.6399,360336.96278543375,0.007,0
2026-09-14T13:18:54Z,6.548,17.8023,16.92,1.1002,0.1278,0.3807,2.7571,152.029,130.137438,4.8216,50.627,4.5888,360309.56663540885,0.007,0
2026-09-14T13:18:54Z,6.55,17.7998,16.92,1.1727,0.1278,0.3807,2.6966,152.028,130.138396,4.8198,50.587,4.5156,360370.6915661186,0.006,0
2026-09-14T13:18:54Z,6.552,17.7977,17.01,1.1956,0.0852,0.3807,2.7269,152.041,130.154801,4.8171,50.54,4.4863,360533.38405512675,0.005,0
2026-09-14T13:18:54Z,6.553,17.7963,17.01,1.1879,0.0852,0.3807,2.6966,152.038,130.16101,4.8141,50.482,4.4378,360608.1288751787,0.004,0
2026-09-14T13:18:54Z,6.554,17.7958,17.01,1.1879,0.0852,0.3807,2.7571,151.998,130.136662,4.8109,50.415,4.4407,360445.20224864845,0.003,0
2026-09-14T13:18:54Z,6.554,17.7965,17.01,1.1231,0.0852,0.3807,2.4701,151.93,130.089275,4.8071,50.35,4.3955,360091.9126332697,0.002,0
2026-09-14T13:18:54Z,6.554,17.7984,17.01,1.1193,0.0852,0.3807,2.5154,151.836,130.020223,4.8024,50.29,4.3717,359558.43250039057,0.001,0
2026-09-14T13:18:54Z,6.555,17.8011,16.92,1.0926,0.0852,0.423,2.5607,151.693,129.90709,4.7966,50.243,4.2964,358694.4650334032,0.001,0
2026-09-14T13:18:54Z,6.555,17.8043,16.92,1.1269,0.0852,0.423,2.5607,151.427,129.685683,4.79,50.214,4.2583,357052.4632318831,0,0
2026-09-14T13:18:54Z,6.554,17.808,16.92,1.1078,0.0852,0.423,2.4701,150.924,129.258936,4.7834,50.211,4.3396,353953.91469348,0,0
2026-09-14T13:18:54Z,6.554,17.8118,16.92,1.1002,0.0852,0.423,2.4398,150.091,128.547073,4.7774,50.234,4.3689,348872.90374854504,0.001,0
2026-09-14T13:18:54Z,6.554,17.8149,16.92,1.1307,0.1278,0.2115,2.4701,148.762,127.410296,4.7725,50.279,4.3114,340914.7231590636,0.002,0
2026-09-14T13:18:54Z,6.554,17.817,16.92,1.1116,0.1278,0.2115,2.5003,146.571,125.533459,4.7697,50.334,4.3632,328082.5102919766,0.003,0
2026-09-14T13:18:54Z,6.555,17.8183,16.92,1.1193,0.1278,0.2115,2.7873,142.89,122.378045,4.7693,50.386,4.3414,307226.71691460686,0.005,0
2026-09-14T13:18:54Z,6.557,17.8189,16.92,1.1231,0.1278,0.2115,2.742,136.732,117.096607,4.7714,50.427,4.3746,274202.1633919855,0.007,0
2026-09-14T13:18:54Z,6.559,17.8192,17.01,1.1269,0.0852,0.423,2.7571,126.506,108.326791,4.7756,50.462,4.4619,224358.25238682714,0.008,0
2026-09-14T13:18:54Z,6.561,17.8193,17.01,1.104,0.0852,0.423,2.6664,109.532,93.77601,4.7808,50.498,4.4911,154723.76393221505,0.009,0
2026-09-14T13:18:54Z,6.564,17.8186,17.01,1.1307,0.0852,0.423,2.8024,81.26,69.552047,4.7858,50.53,4.4629,71752.00321711505,0.01,0
2026-09-14T13:18:54Z,6.568,17.8165,17.01,1.1154,0.0852,0.423,2.8175,34.094,29.151148,4.7899,50.544,4.4426,8019.735157476113,0.009,0
2026-09-14T13:18:54Z,6.571,17.8131,17.01,1.1269,0.0852,0.423,2.7571,-44.556,-38.212267,4.7936,50.529,4.5009,NA,0.008,0
2026-09-14T13:18:54Z,6.573,17.8094,17.01,1.1078,0.1278,0.2961,2.6664,-175.66,-150.503776,4.7974,50.488,4.7357,NA,0.006,0
2026-09-14T13:18:54Z,6.574,17.8072,17.01,1.1307,0.1278,0.2961,2.4096,-394.204,-337.695801,4.8007,50.428,5.0492,NA,0.004,0
2026-09-14T13:18:54Z,6.574,17.8076,17.01,1.1231,0.1278,0.2961,2.4398,-530.808,-454.698849,4.8019,50.361,5.352,NA,0.002,0
2026-09-14T13:18:54Z,6.574,17.8101,17.01,1.0926,0.1278,0.2961,2.3794,-394.214,-337.684352,4.8003,50.309,5.5958,NA,0.001,0
2026-09-14T13:18:54Z,6.574,17.8136,16.92,1.0887,0.1278,0.2961,2.5607,-175.668,-150.469819,4.7961,50.298,5.8278,NA,0.001,0
2026-09-14T13:18:54Z,6.574,17.8171,16.92,1.2375,0.1278,0.2961,2.7571,-44.556,-38.152749,4.7902,50.34,6.2448,NA,0.002,0
2026-09-14T13:18:54Z,6.574,17.8204,16.92,1.2261,0.1278,0.2961,2.6664,34.1,29.224084,4.7837,50.432,6.6959,8067.067321040907,0.004,0
2026-09-14T13:18:54Z,6.575,17.8236,16.92,1.2337,0.1278,0.2961,2.7571,81.285,69.635839,4.7783,50.558,7.116,71952.6690216017,0.007,0
2026-09-14T13:18:54Z,6.576,17.8268,16.92,1.2566,0.1278,0.2961,2.7571,109.595,93.872993,4.7768,50.694,7.445,155066.48275743594,0.009,0
2026-09-14T13:18:54Z,6.579,17.8294,16.92,1.2223,0.1278,0.2961,2.9232,126.588,108.414797,4.7805,50.813,7.5493,224690.46011878568,0.011,0
2026-09-14T13:18:54Z,6.583,17.8299,16.92,1.2184,0.1278,0.2961,3.0139,136.784,117.137063,4.7891,50.9,7.7067,274264.78581601375,0.013,0
2026-09-14T13:18:54Z,6.588,17.8276,16.92,1.2223,0.1278,0.2961,3.0139,142.884,122.35172,4.8013,50.941,7.9362,306884.57226276083,0.015,0
2026-09-14T13:18:54Z,6.591,17.8234,17.01,1.2604,0.0852,0.3384,2.9535,146.525,125.459349,4.8146,50.924,8.5187,327457.3946823246,0.016,0
2026-09-14T13:18:54Z,6.595,17.8189,17.01,1.1078,0.0852,0.3384,2.742,148.696,127.306663,4.8263,50.847,8.9301,340118.6777629477,0.017,0
2026-09-14T13:18:54Z,6.599,17.8152,17.01,1.1345,0.0852,0.3384,2.893,149.987,128.402289,4.835,50.717,9.3024,347790.0262592033,0.019,0
2026-09-14T13:18:54Z,6.604,17.8116,17.01,1.1002,0.0852,0.3384,2.6664,150.767,129.062408,4.8392,50.543,9.2822,352492.39258156146,0.02,0
2026-09-14T13:18:54Z,6.61,17.8078,17.01,1.0849,0.0852,0.3384,2.7571,151.237,129.45905,4.838,50.343,9.4697,355371.89825317933,0.022,0
2026-09-14T13:18:54Z,6.616,17.8039,16.92,1.1193,0.1278,0.2961,2.6664,151.495,129.673971,4.8311,50.134,9.5523,356977.9622236063,0.024,0
2026-09-14T13:18:54Z,6.622,17.8004,16.92,1.1154,0.1278,0.2961,2.6664,151.626,129.776491,4.819,49.929,9.8903,357781.08861391677,0.027,0
2026-09-14T13:18:54Z,6.629,17.7979,16.92,1.0926,0.1278,0.2961,2.8024,151.712,129.833974,4.8027,49.74,9.9399,358243.5464150961,0.029,0
2026-09-14T13:18:54Z,6.637,17.796,16.92,1.1078,0.1278,0.2961,2.8024,151.785,129.877759,4.7839,49.576,10.051,358595.9905713812,0.032,0
2026-09-14T13:18:54Z,6.645,17.794,17.01,1.2451,0.1278,0.3384,2.7722,151.841,129.907513,4.7642,49.434,9.9615,358850.96150910883,0.035,0
2026-09-14T13:18:54Z,6.655,17.7905,17.01,1.2451,0.1278,0.3384,2.742,151.874,129.919161,4.745,49.313,10.029,359009.60055423336,0.038,0
2026-09-14T13:18:54Z,6.665,17.7853,17.01,1.2528,0.1278,0.3384,2.7873,151.887,129.91581,4.7277,49.212,9.9723,359098.2772969892,0.041,0
2026-09-14T13:18:54Z,6.676,17.7792,17.01,1.249,0.1278,0.3384,2.7118,151.913,129.922582,4.7127,49.119,9.9247,359278.6011822421,0.044,0
2026-09-14T13:18:54Z,6.687,17.7731,17.01,1.2375,0.1278,0.3384,2.9232,151.954,129.943284,4.6997,49.026,10.027,359558.33852526767,0.047,0
2026-09-14T13:18:54Z,6.7,17.7678,17.01,1.2642,0.1278,0.3384,3.0139,151.975,129.949412,4.6888,48.939,9.7495,359716.96370275196,0.048,0
2026-09-14T13:18:54Z,6.713,17.763,17.01,1.2184,0.1278,0.3384,2.9988,151.977,129.944602,4.6797,48.866,9.3959,359786.7745008971,0.048,0
2026-09-14T13:18:54Z,6.727,17.7581,17.01,1.2337,0.1278,0.3384,3.029,151.966,129.935576,4.6713,48.818,9.0296,359828.69059802557,0.048,0
2026-09-14T13:18:54Z,6.74,17.7532,17.01,1.104,0.1278,0.3384,2.9837,151.94,129.915924,4.6629,48.794,9.0217,359794.782545842,0.046,0
2026-09-14T13:18:54Z,6.751,17.7492,17.1,1.146,0.1278,0.2961,2.9837,151.92,129.900421,4.655,48.788,9.0807,359770.9442671952,0.043,0
2026-09-14T13:18:54Z,6.761,17.7472,17.1,1.1193,0.1278,0.2961,2.9535,151.91,129.892936,4.6483,48.788,9.1322,359760.92363796796,0.04,0
2026-09-14T13:18:54Z,6.77,17.7472,17.1,1.104,0.1278,0.2961,2.9535,151.897,129.883469,4.6437,48.786,9.1104,359693.3597138,0.037,0
2026-09-14T13:18:54Z,6.779,17.7481,17.1,1.1727,0.1278,0.2961,2.9232,151.883,129.873497,4.6413,48.78,8.9709,359602.67888583266,0.035,0
2026-09-14T13:18:54Z,6.788,17.7488,17.1,1.1727,0.1278,0.3384,2.9988,151.874,129.868368,4.6407,48.774,9.1084,359550.90153716126,0.033,0
2026-09-14T13:18:54Z,6.796,17.749,17.1,1.1727,0.1278,0.3384,2.9535,151.881,129.874719,4.6407,48.768,9.236,359591.87002745026,0.033,0
2026-09-14T13:18:54Z,6.803,17.7494,17.1,1.1612,0.1278,0.3384,2.9232,151.896,129.882235,4.6404,48.758,9.0728,359636.8147115298,0.033,0
2026-09-14T13:18:54Z,6.811,17.7502,17.1,1.1345,0.1278,0.3384,2.9686,151.902,129.876912,4.6398,48.744,9.1501,359581.48235837143,0.033,0
2026-09-14T13:18:54Z,6.82,17.751,17.1,1.1231,0.1278,0.423,2.9535,151.906,129.865333,4.6391,48.731,9.1143,359481.5330231167,0.034,0
2026-09-14T13:18:54Z,6.829,17.7511,17.1,1.104,0.1278,0.423,2.9686,151.907,129.852416,4.6386,48.736,8.8682,359387.2357285217,0.035,0
2026-09-14T13:18:54Z,6.838,17.7494,17.1,1.1154,0.1278,0.423,2.9837,151.905,129.838717,4.6378,48.776,8.6908,359326.3866251188,0.036,0
2026-09-14T13:18:54Z,6.848,17.7459,17.1,1.2795,0.1278,0.423,2.9837,151.904,129.828589,4.6367,48.859,8.6362,359330.01511766936,0.037,0
2026-09-14T13:18:54Z,6.857,17.7411,17.1,1.3024,0.1278,0.2961,3.0139,151.9,129.815327,4.636,48.982,8.5447,359339.4686353277,0.039,0
2026-09-14T13:18:54Z,6.867,17.7364,17.1,1.3214,0.1278,0.2961,2.9232,151.881,129.783388,4.6369,49.137,8.4873,359213.5336294618,0.041,0
2026-09-14T13:18:54Z,6.877,17.7326,17.1,1.2795,0.1278,0.2961,3.0894,151.836,129.720251,4.641,49.31,8.3374,358845.6699474007,0.043,0
2026-09-14T13:18:54Z,6.888,17.7295,17.1,1.2986,0.1278,0.2961,2.7269,151.771,129.631094,4.6492000000000004,49.48,8.2509,358277.48975513014,0.045,0
2026-09-14T13:18:54Z,6.9,17.7261,17.1,1.3024,0.1278,0.2961,2.8024,151.734,129.564185,4.6613,49.626,7.95,357874.5775556581,0.046,0
2026-09-14T13:18:54Z,6.913,17.7211,17.19,1.2719,0.0852,0.2961,2.742,151.749,129.54771,4.6765,49.717,7.5821,357865.2782129643,0.046,0
2026-09-14T13:18:54Z,6.926,17.7131,17.19,1.3214,0.0852,0.2961,2.742,151.769,129.549255,4.6938,49.718,7.1859,358049.0891272012,0.045,0
2026-09-14T13:18:54Z,6.938,17.702,17.19,1.165,0.0852,0.2961,2.0773,151.764,129.541212,4.7111,49.601,7.0468,358231.7303641997,0.042,0
2026-09-14T13:18:54Z,6.949,17.6902,17.19,1.1803,0.0852,0.2961,2.1377,151.758,129.541452,4.7261,49.349,7.0238,358488.7170740984,0.039,0
2026-09-14T13:18:54Z,6.958,17.6807,17.28,1.1689,0.1278,0.3384,2.0018,151.789,129.578055,4.7356,48.964,7.0131,358955.62885014934,0.035,0
2026-09-14T13:18:54Z,6.965,17.6755,17.28,1.1727,0.1278,0.3384,2.0924,151.83,129.626763,4.7362,48.471,6.9918,359416.2644074785,0.031,0
2026-09-14T13:18:54Z,6.972,17.6744,17.28,1.1421,0.1278,0.3384,2.0773,151.847,129.654535,4.7252,47.928,6.9903,359638.6096013081,0.029,0
2026-09-14T13:18:54Z,6.979,17.6759,17.28,1.1002,0.1278,0.3384,2.1377,151.855,129.670779,4.7011,47.418,6.9751,359722.1371042752,0.027,0
2026-09-14T13:18:54Z,6.985,17.6793,17.1,1.1307,0.1278,0.3807,2.0471,151.878,129.693838,4.6641,47.016,6.9524,359813.1078389072,0.026,0
2026-09-14T13:18:54Z,6.992,17.6838,17.1,1.1269,0.1278,0.3807,2.0471,151.909,129.719852,4.6167,46.767,6.9389,359901.296825531,0.026,0
2026-09-14T13:18:54Z,6.999,17.6882,17.1,1.1154,0.1278,0.3807,2.1377,151.919,129.727742,4.5646,46.687,6.7823,359862.0861819479,0.026,0
2026-09-14T13:18:54Z,7.006,17.6912,17.1,1.1078,0.1278,0.3807,2.2283,151.904,129.715607,4.5157,46.757,6.6495,359710.1887574442,0.024,0
2026-09-14T13:18:54Z,7.013,17.6925,17.1,1.1231,0.1278,0.3807,2.3039,151.88,129.698224,4.4773,46.929,6.3903,359557.76468287327,0.022,0
2026-09-14T13:18:54Z,7.019,17.6925,17.1,1.0735,0.1704,0.3384,2.1679,151.853,129.682964,4.4536,47.144,6.4223,359448.7613513448,0.02,0
2026-09-14T13:18:54Z,7.024,17.6921,17.1,1.1078,0.1704,0.3384,2.1377,151.837,129.679768,4.446,47.346,6.5549,359434.6132329357,0.016,0
2026-09-14T13:18:54Z,7.027,17.6923,17.1,1.0544,0.1704,0.3384,2.0773,151.844,129.69779,4.4527,47.498,6.6006,359559.0004814106,0.013,0
2026-09-14T13:18:54Z,7.03,17.6935,17.1,1.0582,0.1704,0.3384,2.0773,151.868,129.731831,4.4689,47.595,6.5963,359776.15998917504,0.011,0
2026-09-14T13:18:54Z,7.031,17.6959,17.1,1.043,0.1278,0.3807,2.0773,151.892,129.766954,4.4892,47.65,6.6337,359975.04309322906,0.009,0
2026-09-14T13:18:54Z,7.033,17.6993,17.1,1.0735,0.1278,0.3807,2.1075,151.91,129.794513,4.5081,47.69,6.7735,360098.14974632586,0.009,0
2026-09-14T13:18:54Z,7.035,17.7034,17.1,1.2642,0.1278,0.3807,2.3341,151.933,129.821859,4.5223,47.748,6.8386,360204.51693974074,0.01,0
2026-09-14T13:18:54Z,7.037,17.7079,17.1,1.2223,0.1278,0.3807,2.2737,151.956,129.844275,4.5311,47.839,6.8624,360266.9324264322,0.011,0
2026-09-14T13:18:54Z,7.04,17.7126,17.1,1.2451,0.1278,0.3807,2.3039,151.956,129.843724,4.5358,47.953,6.6092,360160.8088253126,0.013,0
2026-09-14T13:18:54Z,7.045,17.7168,17.1,1.2299,0.1278,0.3807,2.1679,151.942,129.828063,4.5392,48.067,6.3848,359957.6283355967,0.014,0
2026-09-14T13:18:54Z,7.049,17.7193,17.1,1.1917,0.1278,0.3807,2.0169,151.925,129.809127,4.5445,48.163,6.3945,359768.0749942867,0.015,0
2026-09-14T13:18:54Z,7.053,17.7201,17.1,1.165,0.1278,0.3807,2.1075,151.904,129.78587,4.5531,48.225,6.4042,359584.6446735891,0.016,0
2026-09-14T13:18:54Z,7.057,17.7198,17.1,1.1994,0.1278,0.3384,2.0773,151.897,129.774102,4.5639,48.246,6.3875,359507.14302905067,0.016,0
2026-09-14T13:18:54Z,7.061,17.7187,17.1,1.1841,0.1278,0.3384,2.032,151.912,129.784694,4.5749,48.226,6.3695,359606.6261369908,0.016,0
2026-09-14T13:18:54Z,7.065,17.7172,17.1,1.1269,0.1278,0.3384,2.0773,151.936,129.812464,4.5842,48.175,6.2747,359837.5004117094,0.016,0
2026-09-14T13:18:54Z,7.07,17.7155,17.1,1.1231,0.1278,0.3384,2.0471,151.96,129.848808,4.5902,48.11,6.1438,360134.09950116806,0.017,0
2026-09-14T13:18:54Z,7.074,17.7136,17.1,1.1307,0.1278,0.3384,2.0622,151.961,129.869397,4.5924,48.044,6.2339,360322.57472948777,0.017,0
2026-09-14T13:18:54Z,7.078,17.713,17.1,1.1383,0.1278,0.2961,2.0924,151.936,129.865713,4.5906,47.985,6.1358,360309.2830818083,0.017,0
2026-09-14T13:18:54Z,7.082,17.7152,17.1,1.1154,0.1278,0.2961,2.0471,151.913,129.856787,4.5855,47.939,6.2029,360197.64238350245,0.018,0
2026-09-14T13:18:54Z,7.087,17.7204,17.1,1.1116,0.1278,0.2961,2.0169,151.906,129.852249,4.5788,47.913,6.1813,360052.1990329168,0.019,0
2026-09-14T13:18:54Z,7.092,17.727,17.1,1.1193,0.1278,0.2961,1.9866,151.897,129.834879,4.572,47.916,6.1332,359784.787421718,0.021,0
2026-09-14T13:18:54Z,7.097,17.7328,17.1,1.1116,0.1704,0.3807,2.2132,151.865,129.788034,4.5658,47.955,6.0458,359324.6162240046,0.022,0
2026-09-14T13:18:54Z,7.103,17.7363,17.1,1.1841,0.1704,0.3807,2.3341,151.823,129.725241,4.5611,48.02,5.93,358801.05178929,0.024,0
2026-09-14T13:18:54Z,7.11,17.7367,17.1,1.1727,0.1704,0.3807,2.1679,151.796,129.669778,4.5586,48.097,5.8202,358397.24999263516,0.025,0
2026-09-14T13:18:54Z,7.116,17.7336,17.1,1.1765,0.1704,0.3807,2.2737,151.777,129.618861,4.5592,48.174,5.7875,358101.69493747246,0.026,0
2026-09-14T13:18:54Z,7.123,17.7271,17.1,1.1994,0.1278,0.3384,2.2737,151.741,129.552908,4.5635,48.236,5.7574,357772.64665230626,0.026,0
2026-09-14T13:18:54Z,7.13,17.7181,17.1,1.1078,0.1278,0.3384,2.2586,151.692,129.47634300000001,4.5706,48.268,5.6741,357422.11277928157,0.026,0
2026-09-14T13:18:54Z,7.137,17.7075,17.1,1.1078,0.1278,0.3384,2.2132,151.666,129.414778,4.5789,48.264,5.6263,357212.7889853642,0.026,0
2026-09-14T13:18:54Z,7.143,17.6961,17.1,1.1231,0.1278,0.3384,2.2737,151.669,129.371808,4.5873,48.222,5.6116,357152.9243300397,0.027,0
2026-09-14T13:18:54Z,7.15,17.6847,17.1,1.1307,0.1278,0.3384,2.1981,151.681,129.331969,4.5943,48.14,5.4969,357115.2900625307,0.027,0
2026-09-14T13:18:54Z,7.157,17.6731,17.1,1.1154,0.0852,0.2538,2.0018,151.718,129.314652,4.5984,48.015,5.4934,357242.23610599764,0.027,0
2026-09-14T13:18:54Z,7.164,17.6602,17.1,1.1307,0.0852,0.2538,2.0924,151.777,129.325245,4.5992,47.852,5.3601,357596.1531068444,0.026,0
2026-09-14T13:18:54Z,7.171,17.6452,17.1,1.1154,0.0852,0.2538,2.0622,151.794,129.312535,4.5967,47.661,5.3184,357829.70665391657,0.026,0
2026-09-14T13:18:54Z,7.178,17.6286,17.1,1.1078,0.0852,0.2538,1.9715,151.756,129.263127,4.5904,47.447,5.2804,357836.2670650554,0.025,0
2026-09-14T13:18:54Z,7.184,17.6126,17.1,1.1307,0.1278,0.2961,2.032,151.726,129.225883,4.58,47.212,5.2575,357916.62088089617,0.025,0
2026-09-14T13:18:54Z,7.19,17.5996,17.1,1.1193,0.1278,0.2961,2.0773,151.726,129.216888,4.5657,46.963,5.186,358133.7923764331,0.024,0
2026-09-14T13:18:54Z,7.196,17.5906,17.1,1.1269,0.1278,0.2961,2.0622,151.724,129.207728,4.5483,46.713,5.1972,358263.2966282323,0.023,0
2026-09-14T13:18:54Z,7.202,17.5848,17.1,1.1231,0.1278,0.2961,2.1075,151.707,129.185953,4.5284,46.479,5.1601,358233.36471292895,0.022,0
2026-09-14T13:18:54Z,7.207,17.5809,17.1,1.1269,0.0852,0.3384,2.0622,151.675,129.153761,4.5063,46.279,5.0657,358087.8270688105,0.022,0
2026-09-14T13:18:54Z,7.213,17.578,17.1,1.1421,0.0852,0.3384,2.0169,151.65,129.128584,4.4829,46.117,5.0624,357970.7572616074,0.021,0
2026-09-14T13:18:54Z,7.218,17.5756,17.1,1.1078,0.0852,0.3384,2.0471,151.645,129.121719,4.4592,45.995,5.0767,357973.6790663618,0.021,0
2026-09-14T13:18:54Z,7.223,17.5734,17.1,1.1383,0.0852,0.3384,2.1075,151.652,129.123331,4.4371,45.916,5.08,358032.8369404548,0.02,0
2026-09-14T13:18:54Z,7.228,17.5716,17.1,1.0468,0.1278,0.3384,1.8205,151.665,129.125845,4.4181,45.87,5.0591,358089.7877085727,0.02,0
2026-09-14T13:18:54Z,7.233,17.5705,17.1,1.0582,0.1278,0.3384,1.7903,151.665,129.117922,4.4028,45.843,4.9827,358056.9942302981,0.02,0
2026-09-14T13:18:54Z,7.238,17.5696,17.1,1.0353,0.1278,0.3384,1.8356,151.665,129.111459,4.3913,45.822,4.8735,358030.30181634583,0.019,0
2026-09-14T13:18:54Z,7.243,17.568,17.1,1.0468,0.1278,0.3384,1.7903,151.692,129.130746,4.3839,45.805,4.8915,358202.8084126042,0.019,0
2026-09-14T13:18:54Z,7.248,17.5654,17.1,1.0926,0.1278,0.3384,1.5939,151.724,129.158914,4.3797,45.802,4.8809,358460.5724865836,0.018,0
2026-09-14T13:18:54Z,7.252,17.5626,17.1,1.0735,0.1278,0.3807,1.6241,151.727,129.16345,4.3774,45.82,4.7801,358553.7475074404,0.018,0
2026-09-14T13:18:54Z,7.256,17.5604,17.1,1.0506,0.1278,0.3807,1.5335,151.703,129.143562,4.3756,45.863,4.9192,358459.20626602747,0.019,0
2026-09-14T13:18:54Z,7.26,17.5594,17.1,1.0659,0.1278,0.3807,1.5939,151.671,129.11396,4.374,45.934,4.9968,358269.18644071394,0.02,0
2026-09-14T13:18:54Z,7.265,17.5595,17.1,1.1193,0.1278,0.3807,1.8507,151.647,129.088763,4.3737,46.024,4.9299,358086.874190347,0.022,0
2026-09-14T13:18:54Z,7.271,17.5602,17.01,1.1421,0.1278,0.423,1.7147,151.649,129.085267,4.3754,46.127,4.7916,358046.7172045952,0.024,0
2026-09-14T13:18:54Z,7.278,17.5604,17.01,1.1116,0.1278,0.423,1.8205,151.672,129.102538,4.3795,46.228,4.6108,358165.8405407431,0.025,0
2026-09-14T13:18:54Z,7.286,17.5596,17.01,1.1154,0.1278,0.423,1.9111,151.683,129.109159,4.3863,46.307,4.65,358230.5131257201,0.027,0
2026-09-14T13:18:54Z,7.292,17.5579,17.01,1.2719,0.1278,0.423,1.7903,151.662,129.086885,4.3951,46.344,4.6743,358108.10649091494,0.028,0
2026-09-14T13:18:54Z,7.299,17.5565,17.1,1.2223,0.1278,0.3807,1.8507,151.63,129.05379,4.405,46.333,4.652,357901.8787919613,0.029,0
2026-09-14T13:18:54Z,7.307,17.5555,17.1,1.2375,0.1278,0.3807,1.7903,151.61,129.031068,4.4148,46.277,4.5146,357761.16231412906,0.029,0
2026-09-14T13:18:54Z,7.315,17.5546,17.1,1.2146,0.1278,0.3807,1.8205,151.62,129.036672,4.4224,46.192,4.4013,357820.6868952577,0.028,0
2026-09-14T13:18:54Z,7.323,17.5533,17.1,1.165,0.1278,0.3807,1.7449,151.652,129.066093,4.4261,46.093,4.2398,358059.1249588589,0.027,0
2026-09-14T13:18:54Z,7.33,17.5513,17.1,1.1879,0.1278,0.3807,1.8809,151.677,129.091156,4.4252,45.989,4.2592,358281.68314586853,0.026,0
2026-09-14T13:18:54Z,7.336,17.5493,17.01,1.1612,0.1278,0.2961,1.7903,151.676,129.092528,4.42,45.885,4.3076,358334.85992516536,0.024,0
2026-09-14T13:18:54Z,7.341,17.5484,17.01,1.1994,0.1278,0.2961,1.8507,151.647,129.066572,4.412,45.788,4.2833,358168.7302979223,0.022,0
2026-09-14T13:18:54Z,7.346,17.549,17.01,1.1231,0.1278,0.2961,1.6543,151.612,129.032385,4.4025,45.7,4.3311,357911.30696647614,0.021,0
2026-09-14T13:18:54Z,7.351,17.5504,17.01,1.0887,0.1278,0.2961,1.5637,151.596,129.012867,4.3923,45.621,4.2824,357741.4992655328,0.021,0
2026-09-14T13:18:54Z,7.357,17.5513,17.1,1.104,0.1278,0.2961,1.6543,151.602,129.01282,4.3823,45.553,4.1469,357721.6781951584,0.021,0
2026-09-14T13:18:54Z,7.363,17.5508,17.1,1.1307,0.1278,0.2961,1.5335,151.609,129.014219,4.3731,45.497,4.1012,357742.49644656363,0.022,0
2026-09-14T13:18:54Z,7.368,17.5493,17.1,1.0659,0.1278,0.2961,1.8809,151.592,128.995426,4.3648,45.456,4.1065,357640.68547631433,0.022,0
2026-09-14T13:18:54Z,7.374,17.5473,17.1,1.043,0.1278,0.2961,1.8507,151.572,128.97344,4.3574,45.433,4.1235,357526.8936703893,0.023,0
2026-09-14T13:18:54Z,7.38,17.5456,17.1,1.0735,0.1278,0.2538,1.8507,151.572,128.968415,4.3511,45.437,4.1352,357527.7774683949,0.023,0
2026-09-14T13:18:54Z,7.385,17.5441,17.1,1.0735,0.1278,0.2538,1.9715,151.584,128.975009,4.3459,45.464,4.0701,357607.34521749534,0.023,0
2026-09-14T13:18:54Z,7.392,17.5427,17.1,1.1231,0.1278,0.2538,1.6694,151.595,128.982973,4.3421,45.501,3.9191,357694.5547323046,0.023,0
2026-09-14T13:18:54Z,7.398,17.5411,17.1,1.1154,0.1278,0.2538,1.5939,151.583,128.972415,4.3402,45.534,3.8978,357653.7383939663,0.023,0
2026-09-14T13:18:54Z,7.404,17.5395,17.01,1.1307,0.1278,0.3807,1.6543,151.533,128.930516,4.3407,45.555,3.8928,357389.0051150384,0.023,0
2026-09-14T13:18:54Z,7.41,17.5384,17.01,1.1154,0.1278,0.3807,1.5939,151.482,128.888127,4.3434,45.561,3.886,357110.06540731346,0.022,0
2026-09-14T13:18:54Z,7.415,17.5378,17.01,1.0506,0.1278,0.3807,1.6543,151.481,128.887977,4.3469,45.557,3.8315,357121.96096022445,0.022,0
2026-09-14T13:18:54Z,7.42,17.5376,17.01,1.0735,0.1278,0.3807,1.5939,151.517,128.91802,4.3501,45.543,3.8249,357340.836369092,0.021,0
2026-09-14T13:18:54Z,7.426,17.5378,17.01,1.0697,0.1278,0.3807,1.5486,151.532,128.928232,4.352,45.521,3.7959,357409.4555136415,0.021,0
2026-09-14T13:18:54Z,7.431,17.5382,17.01,1.0697,0.1278,0.3807,1.5335,151.506,128.903325,4.3526,45.501,3.7248,357222.90378224937,0.02,0
2026-09-14T13:18:54Z,7.436,17.5383,17.01,1.1154,0.1278,0.3807,1.5788,151.475,128.874679,4.3522,45.497,3.707,357016.20592800976,0.019,0
2026-09-14T13:18:54Z,7.442,17.538,17.01,1.104,0.1278,0.3807,1.609,151.464,128.864675,4.3509,45.506,3.6845,356951.2731978527,0.019,0
2026-09-14T13:18:54Z,7.446,17.5373,17.01,1.1116,0.1278,0.3807,1.6392,151.462,128.862639,4.3488,45.526,3.6265,356951.8619237466,0.018,0
2026-09-14T13:18:54Z,7.45,17.5364,17.1,1.104,0.1278,0.2538,1.6543,151.456,128.856021,4.347,45.55,3.6829,356924.06411486404,0.017,0
2026-09-14T13:18:54Z,7.454,17.5358,17.1,1.0811,0.1278,0.2538,1.6241,151.449,128.84706,4.3467,45.574,3.6226,356873.0631082931,0.016,0
2026-09-14T13:18:54Z,7.458,17.5356,17.1,1.0811,0.1278,0.2538,1.6694,151.437,128.833365,4.3476,45.595,3.6273,356779.6410668278,0.015,0
2026-09-14T13:18:54Z,7.462,17.5354,17.1,1.0582,0.1278,0.2538,1.6241,151.435,128.827294,4.3494,45.619,3.6045,356740.6348111696,0.014,0
2026-09-14T13:18:54Z,7.466,17.5349,17.1,1.043,0.1704,0.3384,1.5486,151.466,128.851242,4.3518,45.65,3.561,356922.3512172778,0.013,0
2026-09-14T13:18:54Z,7.47,17.5339,17.1,1.146,0.1704,0.3384,1.5939,151.516,128.891582,4.3542,45.686,3.5317,357231.9993178949,0.013,0
2026-09-14T13:18:54Z,7.473,17.5327,17.1,1.1154,0.1704,0.3384,1.7147,151.545,128.915046,4.3564,45.726,3.5936,357425.5678204449,0.012,0
2026-09-14T13:18:54Z,7.476,17.5315,17.1,1.1078,0.1704,0.3384,1.609,151.555,128.923888,4.3588,45.767,3.61,357514.7128427466,0.011,0
2026-09-14T13:18:54Z,7.478,17.5304,17.1,1.1421,0.1704,0.3384,1.6694,151.578,128.94448,4.3618,45.81,3.5463,357685.6979484267,0.01,0
2026-09-14T13:18:54Z,7.481,17.5297,17.01,1.1154,0.1278,0.3384,1.8356,151.619,128.982314,4.3653,45.857,3.544,357971.3776793732,0.01,0
2026-09-14T13:18:54Z,7.483,17.5294,17.01,1.1231,0.1278,0.3384,1.8507,151.66,129.021463,4.3691,45.905,3.544,358257.94079615775,0.009,0
2026-09-14T13:18:54Z,7.486,17.5295,17.01,1.1078,0.1278,0.3384,1.8658,151.684,129.04635,4.3731,45.945,3.5271,358433.8752457993,0.009,0
2026-09-14T13:18:54Z,7.488,17.5299,17.01,1.1154,0.1278,0.3384,1.8356,151.688,129.055608,4.3772,45.978,3.5003,358491.4626633904,0.009,0
2026-09-14T13:18:54Z,7.49,17.5308,17.01,1.0659,0.0852,0.3807,1.5939,151.677,129.051706,4.3816,46.001,3.5041,358444.0020570441,0.009,0
2026-09-14T13:18:54Z,7.492,17.5322,17.01,1.0582,0.0852,0.3807,1.6845,151.651,129.033604,4.386,46.01,3.4905,358284.0851871341,0.009,0
2026-09-14T13:18:54Z,7.495,17.5339,17.01,1.0582,0.0852,0.3807,1.4881,151.605,128.996474,4.3897,46.003,3.4965,357981.6279460695,0.009,0
2026-09-14T13:18:54Z,7.497,17.5357,17.01,1.0506,0.0852,0.3807,1.5788,151.558,128.956432,4.3926,45.975,3.4806,357656.3732081648,0.009,0
2026-09-14T13:18:54Z,7.5,17.5374,17.1,1.0582,0.1704,0.2961,1.6845,151.547,128.944824,4.3947,45.923,3.4244,357536.6233439262,0.009,0
2026-09-14T13:18:54Z,7.502,17.5387,17.1,1.0735,0.1704,0.2961,1.6241,151.576,128.966561,4.3955,45.849,3.4701,357663.8170731466,0.009,0
2026-09-14T13:18:54Z,7.504,17.5395,17.1,1.0926,0.1704,0.2961,1.5486,151.608,128.989416,4.3947,45.76,3.4468,357809.8498421283,0.008,0
2026-09-14T13:18:54Z,7.506,17.5395,17.1,1.0735,0.1704,0.2961,1.5788,151.607,128.985461,4.392,45.673,3.4043,357781.5782672777,0.008,0
2026-09-14T13:18:54Z,7.508,17.5388,17.1,1.0048,0.1278,0.3384,1.8205,151.6,128.975656,4.3872,45.608,3.3918,357726.65187466756,0.007,0
2026-09-14T13:18:54Z,7.51,17.5376,17.1,0.9896,0.1278,0.3384,1.7147,151.617,128.987405,4.3802,45.575,3.3734,357836.6211801294,0.007,0
2026-09-14T13:18:54Z,7.512,17.5363,17.1,1.001,0.1278,0.3384,1.7903,151.646,129.009832,4.3718,45.582,3.3896,358025.14251589053,0.006,0
2026-09-14T13:18:54Z,7.513,17.5351,17.1,0.9819,0.1278,0.3384,1.9111,151.644,129.008892,4.3636,45.636,3.3493,358044.4249939243,0.006,0
2026-09-14T13:18:54Z,7.515,17.534,17.1,1.0468,0.1278,0.3384,1.8356,151.603,128.976329,4.3575,45.731,3.3457,357835.4085515119,0.006,0
2026-09-14T13:18:54Z,7.516,17.533,17.1,1.0659,0.1278,0.2538,1.8205,151.56,128.943485,4.3544,45.853,3.3984,357622.2824689088,0.005,0
2026-09-14T13:18:54Z,7.517,17.5323,17.1,1.0582,0.1278,0.2538,1.7903,151.539,128.927619,4.3552,45.976,3.3311,357524.0455156837,0.005,0
2026-09-14T13:18:54Z,7.518,17.5324,17.1,1.0544,0.1278,0.2538,1.8809,151.533,128.924499,4.3603,46.074,3.3734,357499.58593600494,0.005,0
2026-09-14T13:18:54Z,7.52,17.5333,17.1,1.0506,0.1278,0.2538,1.7903,151.533,128.925289,4.3693,46.139,3.3073,357485.75489413255,0.005,0
2026-09-14T13:18:54Z,7.521,17.5344,17.1,1.0468,0.0852,0.3384,1.8658,151.52,128.914189,4.3808,46.17,3.3348,357382.64912747144,0.005,0
2026-09-14T13:18:54Z,7.523,17.5353,17.1,1.0392,0.0852,0.3384,1.9413,151.491,128.888239,4.3925,46.167,3.3181,357177.8346373521,0.005,0
2026-09-14T13:18:54Z,7.524,17.5358,17.1,1.0735,0.0852,0.3384,1.8809,151.46,128.860531,4.4019,46.131,3.298,356969.19352358655,0.005,0
2026-09-14T13:18:54Z,7.525,17.536,17.1,1.001,0.0852,0.3384,1.5939,151.442,128.843689,4.408,46.07,3.303,356844.6565562237,0.005,0
2026-09-14T13:18:54Z,7.526,17.536,17.01,1.0086,0.1278,0.2961,1.5637,151.434,128.833221,4.411,45.998,3.3088,356769.94948557165,0.005,0
2026-09-14T13:18:54Z,7.528,17.5358,17.01,0.9934,0.1278,0.2961,1.6241,151.426,128.822335,4.4107,45.926,3.303,356696.5878244608,0.006,0
2026-09-14T13:18:54Z,7.529,17.5354,17.01,1.001,0.1278,0.2961,1.609,151.433,128.824135,4.4073,45.86,3.2496,356718.06764814217,0.006,0
2026-09-14T13:18:54Z,7.531,17.5347,17.01,0.9819,0.1278,0.2961,1.8054,151.461,128.843104,4.4016,45.799,3.2348,356868.5589188089,0.006,0
2026-09-14T13:18:54Z,7.532,17.5336,17.01,0.9896,0.1278,0.2961,1.7752,151.505,128.876296,4.3948,45.745,3.2313,357129.29591138783,0.006,0
2026-09-14T13:18:54Z,7.534,17.5322,17.01,1.0163,0.1278,0.3384,1.8205,151.555,128.914551,4.388,45.701,3.1964,357432.8261418303,0.006,0
2026-09-14T13:18:54Z,7.535,17.5308,17.01,1.001,0.1278,0.3384,1.8507,151.571,128.926044,4.3818,45.669,3.104,357545.2470474326,0.006,0
2026-09-14T13:18:54Z,7.537,17.5293,17.01,0.9896,0.1278,0.3384,1.7752,151.547,128.903834,4.3761,45.647,3.0865,357418.9963084422,0.006,0
2026-09-14T13:18:54Z,7.538,17.5277,17.01,0.9934,0.1278,0.3384,1.8205,151.526,128.884022,4.3711,45.635,3.0751,357312.05757392367,0.006,0
2026-09-14T13:18:54Z,7.54,17.5265,17.1,0.9896,0.1278,0.3384,1.8356,151.526,128.881339,4.3671,45.63,2.994,357318.8459250552,0.005,0
2026-09-14T13:18:54Z,7.541,17.5257,17.1,0.9857,0.1278,0.3384,1.8809,151.536,128.887065,4.3641,45.637,2.9707,357377.0639488461,0.005,0
2026-09-14T13:18:54Z,7.543,17.5252,17.1,0.9819,0.1278,0.3384,1.8507,151.571,128.914733,4.362,45.661,2.9081,357585.6178978604,0.004,0
2026-09-14T13:18:54Z,7.544,17.5246,17.1,0.9934,0.1278,0.3384,1.6392,151.614,128.949708,4.3609,45.702,2.8599,357848.66982426174,0.004,0
2026-09-14T13:18:54Z,7.545,17.5238,17.1,0.9972,0.1278,0.3384,1.5788,151.626,128.95929,4.3604,45.759,2.8228,357934.5324057126,0.003,0
2026-09-14T13:18:54Z,7.545,17.5229,17.1,1.0201,0.1278,0.3384,1.6241,151.624,128.956042,4.3612,45.833,2.7893,357930.80374131224,0.003,0
2026-09-14T13:18:54Z,7.546,17.522,17.1,1.001,0.1278,0.3384,1.6392,151.631,128.961111,4.3636,45.915,2.7104,357986.5664359355,0.003,0
2026-09-14T13:18:54Z,7.546,17.5216,17.1,0.9438,0.1278,0.3384,1.8809,151.639,128.967842,4.3676,45.989,2.651,358043.38843689486,0.003,0
2026-09-14T13:18:54Z,7.547,17.5212,17.01,0.9323,0.1278,0.3807,1.8507,151.636,128.966025,4.3731,46.043,2.6292,358039.05969652213,0.003,0
2026-09-14T13:18:54Z,7.548,17.5208,17.01,0.9438,0.1278,0.3807,1.8507,151.627,128.959176,4.3802,46.065,2.5788,357998.73235459084,0.003,0
2026-09-14T13:18:54Z,7.549,17.5204,17.01,0.9247,0.1278,0.3807,1.8205,151.612,128.949472,4.3881,46.049,2.5716,357937.9841394696,0.003,0
2026-09-14T13:18:54Z,7.549,17.5203,17.01,1.1154,0.1278,0.3807,1.8658,151.604,128.946332,4.3951,46,2.507,357917.6908091534,0.003,0
2026-09-14T13:18:54Z,7.55,17.5205,17.01,1.146,0.1278,0.3807,1.9111,151.609,128.956925,4.4002,45.935,2.4056,357989.1308305437,0.003,0
2026-09-14T13:18:54Z,7.551,17.521,17.1,1.1307,0.0852,0.3384,1.8054,151.627,128.980072,4.4024,45.873,2.3947,358143.8988777512,0.003,0
2026-09-14T13:18:54Z,7.551,17.5217,17.1,1.1231,0.0852,0.3384,1.7903,151.639,128.999933,4.4007,45.834,2.3437,358270.8477753602,0.003,0
2026-09-14T13:18:54Z,7.552,17.523,17.1,1.0544,0.0852,0.3384,1.6996,151.618,128.991786,4.3959,45.825,2.331,358184.35048919613,0.003,0
2026-09-14T13:18:54Z,7.553,17.5251,17.1,1.0697,0.0852,0.3384,1.5939,151.588,128.975473,4.3895,45.842,2.2948,358022.1110146839,0.004,0
2026-09-14T13:18:54Z,7.554,17.5278,17.01,1.0582,0.1278,0.423,1.6845,151.586,128.980665,4.3833,45.876,2.2621000000000002,358000.73059762706,0.004,0
2026-09-14T13:18:54Z,7.555,17.531,17.01,1.0468,0.1278,0.423,1.5183,151.593,128.994738,4.3793,45.914,2.2275,358032.035202028,0.004,0
2026-09-14T13:18:54Z,7.556,17.534300000000002,17.01,1.062,0.1278,0.423,1.6392,151.6,129.007437,4.3782,45.935,2.1844,358051.3406307606,0.004,0
2026-09-14T13:18:54Z,7.557,17.5371,17.01,1.062,0.1278,0.423,1.6543,151.613,129.022148,4.3795,45.929,2.1476,358095.86870091216,0.005,0
2026-09-14T13:18:54Z,7.559,17.5396,17.01,1.0735,0.0852,0.2538,1.5486,151.615,129.022783,4.3825,45.903,2.1421,358046.2276625336,0.005,0
2026-09-14T13:18:54Z,7.56,17.5422,17.01,1.0582,0.0852,0.2538,1.5788,151.599,129.003507,4.3859,45.875,2.0997,357852.08108197764,0.005,0
2026-09-14T13:18:54Z,7.562,17.5445,17.01,1.1154,0.0852,0.2538,1.8205,151.592,128.989197,4.3878,45.863,2.0965,357700.00154082023,0.006,0
2026-09-14T13:18:54Z,7.563,17.5457,17.01,1.104,0.0852,0.2538,1.8205,151.603,128.990046,4.3871,45.873,1.9995,357680.0913507129,0.006,0
2026-09-14T13:18:54Z,7.565,17.5452,17.01,1.1002,0.0852,0.2538,1.896,151.62,128.996274,4.3846,45.9,1.9561,357735.4201253815,0.007,0
2026-09-14T13:18:54Z,7.566,17.5434,17.1,1.1078,0.1278,0.2961,1.8658,151.641,129.007539,4.3822,45.935,1.8571,357854.91058570915,0.007,0
2026-09-14T13:18:54Z,7.568,17.5407,17.1,1.1193,0.1278,0.2961,1.6392,151.661,129.020843,4.3812,45.97,1.7608,358008.51472456823,0.008,0
2026-09-14T13:18:54Z,7.571,17.5377,17.1,1.1383,0.1278,0.2961,1.5939,151.682,129.035729,4.3824,45.993,1.7047,358179.99748024315,0.008,0
2026-09-14T13:18:54Z,7.573,17.5349,17.1,1.104,0.1278,0.2961,1.5486,151.704,129.052166,4.3853,45.994,1.6515,358358.31380196864,0.009,0
2026-09-14T13:18:54Z,7.575,17.5329,17.1,1.1231,0.1278,0.2538,1.6694,151.71,129.052523,4.3889,45.966,1.5754,358404.2542747162,0.01,0
2026-09-14T13:18:54Z,7.577,17.5317,17.1,1.0659,0.1278,0.2538,1.7449,151.683,129.022885,4.3922,45.915,1.494,358218.20188513957,0.01,0
2026-09-14T13:18:54Z,7.58,17.5308,17.1,1.0544,0.1278,0.2538,1.8356,151.629,128.969359,4.3945,45.859,1.4638,357854.8644631003,0.011,0
2026-09-14T13:18:54Z,7.583,17.5299,17.1,1.043,0.1278,0.2538,1.8809,151.576,128.915694,4.3947,45.811,1.3608,357490.7429977332,0.012,0
2026-09-14T13:18:54Z,7.586,17.5284,17.1,1.0659,0.1278,0.1692,1.7752,151.561,128.895607,4.3921,45.784,1.2975,357379.6664678664,0.013,0
2026-09-14T13:18:54Z,7.59,17.5262,17.1,1.0086,0.1278,0.1692,1.8356,151.583,128.907744,4.3875,45.79,1.2551,357514.0007952885,0.013,0
2026-09-14T13:18:54Z,7.593,17.5236,17.1,0.9781,0.1278,0.1692,1.9413,151.588,128.905311,4.3824,45.821,1.2204,357552.8868051703,0.013,0
2026-09-14T13:18:54Z,7.597,17.5211,17.1,1.0353,0.1278,0.1692,1.7752,151.554,128.869649,4.378,45.854,1.1424,357352.11689052364,0.013,0
2026-09-14T13:18:54Z,7.6,17.5186,17.1,0.9934,0.1278,0.3807,1.9262,151.515,128.829271,4.3757,45.869,1.1389,357117.70223009435,0.013,0
2026-09-14T13:18:54Z,7.603,17.5164,17.1,1.0735,0.1278,0.3807,1.9111,151.498,128.807429,4.3765,45.862,1.1347,357009.2473881274,0.014,0
2026-09-14T13:18:54Z,7.606,17.5143,17.1,1.062,0.1278,0.3807,1.7298,151.5,128.8023,4.3796,45.836,1.1374,357018.00661389023,0.015,0
2026-09-14T13:18:54Z,7.61,17.512,17.1,1.043,0.1278,0.3807,1.7903,151.516,128.808516,4.3829,45.801,1.1612,357112.1375932,0.016,0
2026-09-14T13:18:54Z,7.614,17.5095,17.1,1.0544,0.1278,0.3807,1.9111,151.542,128.823729,4.3846,45.766,1.1554,357274.9160805701,0.018,0
2026-09-14T13:18:54Z,7.619,17.507,17.1,1.062,0.1278,0.2115,2.0924,151.563,128.835988,4.3842,45.734,1.1559,357416.63935329224,0.02,0
2026-09-14T13:18:54Z,7.625,17.5047,17.1,1.0659,0.1278,0.2115,2.0924,151.564,128.832551,4.3819,45.71,1.1807,357441.84947620885,0.022,0
2026-09-14T13:18:54Z,7.631,17.5025,17.1,1.0849,0.1278,0.2115,2.0924,151.552,128.820506,4.3788,45.701,1.1746,357403.35018820595,0.024,0
2026-09-14T13:18:54Z,7.637,17.5002,17.1,1.0697,0.1278,0.2115,2.0622,151.553,128.820655,4.3756,45.704,1.2343,357454.20129880524,0.026,0
2026-09-14T13:18:54Z,7.643,17.4981,17.1,1.0315,0.1278,0.3384,1.8658,151.589,128.849049,4.3727,45.708,1.2818,357702.7612797518,0.029,0
2026-09-14T13:18:54Z,7.651,17.4968,17.1,1.001,0.1278,0.3384,1.7752,151.647,128.893247,4.3706,45.7,1.3257,358047.22839236935,0.032,0
2026-09-14T13:18:54Z,7.659,17.4963,17.1,0.9934,0.1278,0.3384,1.8507,151.683,128.917006,4.3698,45.678,1.3131,358228.1763043321,0.036,0
2026-09-14T13:18:54Z,7.669,17.4959,17.1,0.9857,0.1278,0.3384,1.8054,151.692,128.914654,4.3701,45.649,1.3252,358220.00964173273,0.04,0
2026-09-14T13:18:54Z,7.679,17.4951,17.1,1.0048,0.1278,0.3807,2.1377,151.699,128.909577,4.3705,45.614,1.4474,358201.0079200998,0.044,0
2026-09-14T13:18:54Z,7.692,17.4935,17.1,1.0239,0.1278,0.3807,2.1377,151.705,128.904423,4.3699,45.568,1.4055,358198.811019585,0.047,0
2026-09-14T13:18:54Z,7.705,17.4911,17.1,0.9857,0.1278,0.3807,2.0622,151.693,128.885811,4.3681,45.505,1.3762,358117.60025370924,0.048,0
2026-09-14T13:18:54Z,7.718,17.4879,17.1,0.9934,0.1278,0.3807,2.1377,151.671,128.860784,4.3656,45.428,1.3937,358007.81191844295,0.048,0
2026-09-14T13:18:54Z,7.731,17.4844,17.1,1.0506,0.1278,0.3807,1.8205,151.648,128.834675,4.3626,45.336,1.3946,357896.7845358587,0.048,0
2026-09-14T13:18:54Z,7.743,17.4811,17.1,1.0659,0.1278,0.3807,1.8507,151.612,128.796521,4.3584,45.229,1.4374,357695.21296610753,0.046,0
2026-09-14T13:18:54Z,7.754,17.4784,17.1,1.0735,0.1278,0.3807,1.8507,151.577,128.756157,4.3526,45.112,1.4895,357464.87047546846,0.044,0
2026-09-14T13:18:54Z,7.765,17.4761,17.1,1.0773,0.1278,0.3807,1.9262,151.572,128.738842,4.3454,44.997,1.5292,357390.7990949958,0.043,0
2026-09-14T13:18:54Z,7.775,17.474,17.1,1.001,0.1278,0.3807,1.9715,151.596,128.747962,4.3369,44.906,1.5533,357501.52744744794,0.042,0
2026-09-14T13:18:54Z,7.786,17.4714,17.1,1.0124,0.0852,0.3384,2.0471,151.624,128.761933,4.3269,44.85,1.5833,357657.8442898182,0.04,0
2026-09-14T13:18:54Z,7.797,17.4678,17.1,0.9857,0.0852,0.3384,2.1075,151.648,128.776478,4.316,44.822,1.6301,357840.014874513,0.039,0
2026-09-14T13:18:54Z,7.807,17.4637,17.1,0.9896,0.0852,0.3384,2.032,151.673,128.795473,4.3054,44.817,1.6969,358065.0001739454,0.039,0
2026-09-14T13:18:54Z,7.816,17.4598,17.1,0.9857,0.0852,0.3384,1.896,151.682,128.803972,4.297,44.835,1.7789,358210.54355551244,0.039,0
2026-09-14T13:18:54Z,7.825,17.4568,17.1,0.9857,0.1278,0.2115,1.9715,151.69,128.812247,4.2919,44.872,1.8374,358334.9948573839,0.039,0
2026-09-14T13:18:54Z,7.835,17.4549,17.1,0.9705,0.1278,0.2115,1.8356,151.716,128.834511,4.2894,44.921,1.8896,358535.905228239,0.041,0
2026-09-14T13:18:54Z,7.844,17.4542,17.1,0.9934,0.1278,0.2115,1.7903,151.724,128.84068,4.289,44.973,2.0012,358595.3585203305,0.043,0
2026-09-14T13:18:54Z,7.856,17.4544,17.1,1.0353,0.1278,0.2115,2.1075,151.697,128.816389,4.2907,45.011,1.9731,358416.81016237906,0.045,0
2026-09-14T13:18:54Z,7.868,17.4548,17.1,1.001,0.1278,0.3807,2.1226,151.656,128.779175,4.2942,45.031,1.9624,358141.35053223465,0.047,0
2026-09-14T13:18:54Z,7.881,17.4549,17.1,0.9972,0.1278,0.3807,2.0169,151.619,128.743129,4.2989,45.039,2.0359,357880.89966418524,0.048,0
2026-09-14T13:18:54Z,7.894,17.4547,17.1,0.9743,0.1278,0.3807,1.9715,151.601,128.722653,4.3038,45.042,2.0152,357738.56851340365,0.049,0
2026-09-14T13:18:54Z,7.906,17.4542,17.1,0.9247,0.1278,0.3807,1.9262,151.595,128.712286,4.3075,45.049,2.0684,357675.1607191812,0.049,0
2026-09-14T13:18:54Z,7.919,17.4534,17.1,0.9438,0.1278,0.3807,1.7449,151.58,128.693253,4.3095,45.066,2.0689,357556.2102742981,0.049,0
2026-09-14T13:18:54Z,7.931,17.452,17.19,0.9285,0.1278,0.2961,1.7147,151.561,128.668485,4.3104,45.099,2.0851,357409.2243949036,0.05,0
2026-09-14T13:18:54Z,7.943,17.4503,17.19,0.9133,0.1278,0.2961,1.8205,151.549,128.647386,4.3109,45.146,2.1267,357295.02106063266,0.051,0
2026-09-14T13:18:54Z,7.956,17.4484,17.19,1.062,0.1278,0.2961,1.7752,151.556,128.638337,4.3117,45.212,2.1157,357271.3983088765,0.052,0
2026-09-14T13:18:54Z,7.97,17.4464,17.19,1.0582,0.1278,0.2961,1.8658,151.599,128.658935,4.3136,45.299,2.0653,357462.17002518417,0.052,0
2026-09-14T13:18:54Z,7.984,17.4437,17.19,1.0582,0.1278,0.2538,1.9111,151.654,128.694662,4.317,45.399,1.9986,357776.5759940521,0.051,0
2026-09-14T13:18:54Z,7.999,17.4399,17.19,1.0468,0.1278,0.2538,1.8054,151.689,128.71902,4.3218,45.498,1.9586,358033.5724423368,0.049,0
2026-09-14T13:18:54Z,8.012,17.435,17.19,1.0582,0.1278,0.2538,1.7752,151.709,128.736505,4.3285,45.587,1.9616,358265.3295559734,0.046,0
2026-09-14T13:18:54Z,8.023,17.43,17.19,1.0544,0.1278,0.2538,1.8205,151.704,128.735771,4.3373,45.662,1.9548,358368.68931239867,0.042,0
2026-09-14T13:18:54Z,8.033,17.4262,17.19,1.0392,0.0852,0.3807,1.8507,151.66,128.704614,4.3472,45.72,1.9817,358227.7481694716,0.038,0
2026-09-14T13:18:54Z,8.041,17.4244,17.19,1.0773,0.0852,0.3807,1.8356,151.61,128.666745,4.3568,45.758,1.9973,357995.2578392073,0.035,0
2026-09-14T13:18:54Z,8.048,17.4245,17.19,1.0544,0.0852,0.3807,1.8356,151.583,128.644086,4.3653,45.771,2.0231,357830.63815804117,0.033,0
2026-09-14T13:18:54Z,8.056,17.4259,17.19,1.062,0.0852,0.3807,1.9111,151.57,128.626593,4.3724,45.75,1.9804,357674.89009915025,0.033,0
2026-09-14T13:18:54Z,8.064,17.4278,17.19,1.062,0.0852,0.3807,1.7601,151.559,128.603597,4.3777,45.695,1.9843,357468.9336709316,0.034,0
2026-09-14T13:18:54Z,8.073,17.4293,17.1,1.0926,0.1278,0.3384,1.896,151.556,128.582973,4.3813,45.608,1.9697,357288.7175217124,0.035,0
2026-09-14T13:18:54Z,8.082,17.4294,17.1,1.0048,0.1278,0.3384,1.8205,151.557,128.565223,4.3826,45.493,1.937,357159.45985972584,0.036,0
2026-09-14T13:18:54Z,8.093,17.4273,17.1,0.9934,0.1278,0.3384,1.8054,151.564,128.557621,4.3808,45.364,1.9144,357150.5102229094,0.037,0
2026-09-14T13:18:54Z,8.103,17.4227,17.1,0.9934,0.1278,0.3384,1.7903,151.586,128.568144,4.3759,45.233,1.8207,357325.5081583555,0.036,0
2026-09-14T13:18:54Z,8.112,17.4166,17.19,1.001,0.1278,0.3384,1.9111,151.617,128.591594,4.368,45.111,1.853,357625.7576529545,0.034,0
2026-09-14T13:18:54Z,8.121,17.4107,17.19,1.0582,0.1278,0.3384,1.8205,151.644,128.614212,4.3576,45.002,1.8402,357915.9349100756,0.032,0
2026-09-14T13:18:54Z,8.129,17.4061,17.19,1.0544,0.1278,0.3384,1.8507,151.645,128.616014,4.3457,44.911,1.8219,358028.73872283875,0.03,0
2026-09-14T13:18:54Z,8.136,17.4034,17.19,1.0582,0.1278,0.3384,1.9564,151.626,128.599482,4.3334,44.839,1.8338,357968.7768317809,0.028,0
2026-09-14T13:18:54Z,8.142,17.4025,17.1,1.0697,0.0852,0.3807,1.7449,151.595,128.572214,4.3217,44.794,1.8334,357792.7345917845,0.027,0
2026-09-14T13:18:54Z,8.149,17.4026,17.1,1.0392,0.0852,0.3807,1.7601,151.564,128.544951,4.3113,44.782,1.7789,357595.08044355223,0.027,0
2026-09-14T13:18:54Z,8.156,17.4028,17.1,1.0506,0.0852,0.3807,1.8356,151.551,128.532434,4.3025,44.795,1.8223,357501.0127230033,0.027,0
2026-09-14T13:18:54Z,8.163,17.4027,17.1,1.0659,0.0852,0.3807,1.8205,151.547,128.527323,4.2956,44.824,1.7627,357466.54486158857,0.028,0
2026-09-14T13:18:54Z,8.17,17.4023,17.19,1.0506,0.0852,0.2115,1.8205,151.528,128.508244,4.2914,44.862,1.7905,357338.48163538077,0.029,0
2026-09-14T13:18:54Z,8.177,17.402,17.19,1.1231,0.0852,0.2115,2.1075,151.488,128.470109,4.2903,44.906,1.7184,357071.76873356773,0.03,0
2026-09-14T13:18:54Z,8.185,17.4016,17.19,1.1307,0.0852,0.2115,2.1377,151.462,128.444773,4.2916,44.956,1.7661,356898.97974309325,0.031,0
2026-09-14T13:18:54Z,8.193,17.4009,17.19,1.1154,0.0852,0.2115,2.0471,151.47,128.447492,4.2944,45.005,1.7151,356933.6037324868,0.031,0
2026-09-14T13:18:54Z,8.201,17.3999,17.19,1.1193,0.0852,0.2115,2.0622,151.482,128.454977,4.2981,45.039,1.7084,357008.8611719294,0.032,0
2026-09-14T13:18:54Z,8.21,17.3987,17.19,1.1727,0.1278,0.3384,2.1528,151.496,128.465222,4.3025,45.044,1.6677,357108.2362156132,0.032,0
2026-09-14T13:18:54Z,8.218,17.3975,17.19,1.1689,0.1278,0.3384,2.0169,151.523,128.486961,4.3074,45.017,1.6343,357289.99546725646,0.032,0
2026-09-14T13:18:54Z,8.226,17.3962,17.19,1.1994,0.1278,0.3384,2.0471,151.541,128.501979,4.3122,44.963,1.6318,357425.81185789534,0.032,0
2026-09-14T13:18:54Z,8.234,17.3953,17.19,1.1994,0.1278,0.3384,2.1377,151.546,128.506275,4.3155,44.901,1.6529,357476.12224473705,0.032,0
2026-09-14T13:18:54Z,8.241,17.3948,17.19,1.1002,0.1278,0.3384,1.9866,151.555,128.513002,4.316,44.854,1.6464,357535.1912750814,0.033,0
2026-09-14T13:18:54Z,8.249,17.3945,17.19,1.0659,0.1278,0.3384,2.0471,151.573,128.525955,4.3134,44.843,1.6414,357634.57276719064,0.035,0
2026-09-14T13:18:54Z,8.258,17.3944,17.19,1.043,0.1278,0.3384,2.1528,151.596,128.542585,4.3083,44.88,1.6202,357756.003650017,0.037,0
2026-09-14T13:18:54Z,8.268,17.3943,17.19,1.0544,0.1278,0.3384,2.0169,151.612,128.551316,4.3023,44.973,1.6146,357820.7964974892,0.038,0
2026-09-14T13:18:54Z,8.278,17.394,17.19,0.9857,0.0852,0.2538,2.6664,151.603,128.540468,4.2979,45.118,1.5909,357749.4943913672,0.039,0
2026-09-14T13:18:54Z,8.289,17.3933,17.19,0.9972,0.0852,0.2538,2.7269,151.572,128.513152,4.2969,45.298,1.5469,357568.78794964455,0.038,0
2026-09-14T13:18:54Z,8.3,17.3921,17.19,0.9705,0.0852,0.2538,2.6966,151.542,128.490098,4.3005,45.496,1.5192,357429.5256964628,0.036,0
2026-09-14T13:18:54Z,8.31,17.3906,17.19,0.9781,0.0852,0.2538,2.742,151.527,128.483171,4.3095,45.698,1.514,357412.3928833071,0.032,0
2026-09-14T13:18:54Z,8.317,17.3894,17.19,1.001,0.0852,0.2538,2.3039,151.541,128.502531,4.3236,45.894,1.5054,357577.22887569625,0.028,0
2026-09-14T13:18:54Z,8.323,17.3892,17.19,0.9819,0.0852,0.2961,2.3341,151.585,128.547337,4.3409,46.061,1.4989,357902.9639622193,0.024,0
2026-09-14T13:18:54Z,8.329,17.3901,17.19,0.9934,0.0852,0.2961,2.2586,151.626,128.589514,4.3597,46.177,1.513,358186.10290035716,0.021,0
2026-09-14T13:18:54Z,8.333,17.3919,17.19,1.0163,0.0852,0.2961,2.3492,151.648,128.614295,4.379,46.233,1.51,358324.87971612305,0.018,0
2026-09-14T13:18:54Z,8.337,17.3942,17.19,0.9857,0.0852,0.2961,2.2435,151.648,128.620282,4.3975,46.229,1.5199,358317.85952746926,0.015,0
2026-09-14T13:18:54Z,8.34,17.3968,17.19,1.001,0.0852,0.2538,2.2283,151.636,128.617078,4.4132,46.18,1.483,358238.34269370895,0.014,0
2026-09-14T13:18:54Z,8.344,17.3993,17.19,0.9819,0.0852,0.2538,2.2586,151.622,128.611834,4.4242,46.101,1.4889,358146.37835779466,0.013,0
2026-09-14T13:18:54Z,8.347,17.4014,17.19,1.0086,0.0852,0.2538,2.2435,151.605,128.60315,4.4293,46.006,1.5058,358038.4455871464,0.012,0
2026-09-14T13:18:54Z,8.349,17.4034,17.19,1.0048,0.0852,0.2538,2.1981,151.584,128.588711,4.4288,45.904,1.4782,357891.43487209507,0.012,0
2026-09-14T13:18:54Z,8.352,17.4055,17.19,0.9514,0.1278,0.2961,2.2435,151.554,128.56667,4.4238,45.808,1.4837,357687.79817088856,0.012,0
2026-09-14T13:18:54Z,8.355,17.4077,17.19,0.9247,0.1278,0.2961,2.183,151.542,128.559163,4.4161,45.723,1.5064,357586.2544661221,0.013,0
2026-09-14T13:18:54Z,8.358,17.4097,17.19,0.9438,0.1278,0.2961,2.2283,151.563,128.5822,4.4068,45.645,1.4963,357708.0093904788,0.015,0
2026-09-14T13:18:54Z,8.362,17.411,17.19,0.9323,0.1278,0.2961,2.183,151.597,128.619912,4.3969,45.574,1.4795,357950.20843755704,0.016,0
2026-09-14T13:18:54Z,8.367,17.4118,17.19,0.8751,0.1278,0.3384,2.4398,151.629,128.65834,4.3877,45.51,1.4747,358208.4925674246,0.019,0
2026-09-14T13:18:54Z,8.372,17.4128,17.19,0.8789,0.1278,0.3384,2.3945,151.652,128.689723,4.3794,45.453,1.4578,358411.9658038789,0.021,0
2026-09-14T13:18:54Z,8.377,17.4146,17.19,0.8675,0.1278,0.3384,2.3643,151.651,128.702417,4.3718,45.407,1.4769,358463.94235693937,0.023,0
2026-09-14T13:18:54Z,8.384,17.4174,17.19,0.8789,0.1278,0.3384,2.4398,151.633,128.699809,4.3647,45.371,1.4534,358384.3553046846,0.024,0
2026-09-14T13:18:54Z,8.391,17.421,17.19,0.8522,0.1278,0.3384,2.0773,151.611,128.689207,4.3583,45.348,1.4302,358230.0565429158,0.025,0
2026-09-14T13:18:54Z,8.398,17.4251,17.1,0.8675,0.1278,0.3807,2.0169,151.582,128.667787,4.3525,45.339,1.412,357987.3966116975,0.025,0
2026-09-14T13:18:54Z,8.405,17.4296,17.1,0.8713,0.1278,0.3807,2.0018,151.553,128.643843,4.3476,45.347,1.3976,357718.1178040967,0.025,0
2026-09-14T13:18:54Z,8.411,17.4337,17.1,0.8637,0.1278,0.3807,2.1528,151.54,128.633003,4.3439,45.371,1.3831,357551.5453679633,0.023,0
2026-09-14T13:18:54Z,8.417,17.4365,17.1,0.8751,0.1278,0.3807,2.2132,151.546,128.640381,4.3414,45.41,1.3891,357543.6923780893,0.02,0
2026-09-14T13:18:54Z,8.422,17.4376,17.1,0.8751,0.1278,0.3807,2.2586,151.569,128.663943,4.3404,45.465,1.3408,357688.6244193267,0.017,0
2026-09-14T13:18:54Z,8.426,17.4377,17.1,0.8789,0.1278,0.3807,2.2283,151.604,128.699966,4.3412,45.533,1.3165,357944.58469015436,0.015,0
2026-09-14T13:18:54Z,8.429,17.4378,17.1,0.856,0.1278,0.3807,2.2132,151.639,128.736043,4.3434,45.602,1.3882,358201.0432434119,0.012,0
2026-09-14T13:18:54Z,8.431,17.4385,17.1,0.8637,0.1278,0.3807,2.0169,151.644,128.745774,4.3471,45.659,1.3461,358255.61756622186,0.01,0
2026-09-14T13:18:54Z,8.433,17.4399,17.1,0.8789,0.0852,0.2115,2.0773,151.609,128.719746,4.3523,45.691,1.3634,358038.6105142156,0.009,0
2026-09-14T13:18:54Z,8.436,17.4419,17.1,0.8599,0.0852,0.2115,1.9866,151.557,128.679035,4.3586,45.693,1.3481,357703.48990531644,0.008,0
2026-09-14T13:18:54Z,8.438,17.4439,17.1,0.8789,0.0852,0.2115,2.0924,151.523,128.654811,4.365,45.67,1.3646,357486.63769447454,0.008,0
2026-09-14T13:18:54Z,8.439,17.4456,17.1,0.8522,0.0852,0.2115,2.0924,151.518,128.654621,4.3703,45.634,1.3931,357448.4380783806,0.008,0
2026-09-14T13:18:54Z,8.441,17.4469,17.1,0.856,0.0852,0.2115,2.1075,151.526,128.66641,4.3732,45.596,1.4007,357504.67719088146,0.008,0
2026-09-14T13:18:54Z,8.443,17.4482,17.19,0.8789,0.1278,0.2115,2.0773,151.547,128.689317,4.3733,45.567,1.3673,357640.5375570982,0.009,0
2026-09-14T13:18:54Z,8.445,17.4496,17.19,0.8522,0.1278,0.2115,2.0924,151.561,128.707439,4.3711,45.557,1.3729,357739.97655987664,0.009,0
2026-09-14T13:18:54Z,8.448,17.451,17.19,0.8217,0.1278,0.2115,2.4701,151.559,128.7116,4.3675,45.567,1.3437,357739.4215824341,0.01,0
2026-09-14T13:18:54Z,8.451,17.4525,17.19,0.8103,0.1278,0.2115,2.4096,151.576,128.730926,4.3637,45.594,1.3295,357845.3227376604,0.01,0
2026-09-14T13:18:54Z,8.454,17.4543,17.1,0.8217,0.1278,0.2115,2.5909,151.609,128.762567,4.3607,45.629,1.3332,358032.9633980487,0.01,0
2026-09-14T13:18:54Z,8.456,17.4562,17.1,0.8103,0.1278,0.2115,2.4096,151.61,128.766931,4.3595,45.663,1.3569,358023.00167230744,0.01,0
2026-09-14T13:18:54Z,8.459,17.4581,17.1,0.8599,0.1278,0.2115,2.1377,151.596,128.75719,4.3604,45.686,1.3208,357911.9922571502,0.009,0
2026-09-14T13:18:54Z,8.461,17.4597,17.1,0.8599,0.1278,0.2115,2.1377,151.599,128.758763,4.3628,45.69,1.3344,357888.55362845265,0.008,0
2026-09-14T13:18:54Z,8.463,17.4612,17.1,0.8713,0.0852,0.2961,2.2888,151.598,128.75606,4.366,45.678,1.2944,357836.6607909847,0.008,0
2026-09-14T13:18:54Z,8.464,17.4624,17.1,0.8789,0.0852,0.2961,2.183,151.596,128.752362,4.3692,45.661,1.3525,357784.1557770217,0.007,0
2026-09-14T13:18:54Z,8.466,17.4629,17.1,0.8103,0.0852,0.2961,2.4852,151.603,128.758689,4.3714,45.647,1.316,357818.62263460533,0.007,0
2026-09-14T13:18:54Z,8.467,17.4627,17.1,0.8141,0.0852,0.2961,2.5154,151.619,128.772728,4.3718,45.64,1.3332,357923.50857941486,0.006,0
2026-09-14T13:18:54Z,8.469,17.462,17.1,0.8217,0.0852,0.3384,2.5154,151.634,128.786214,4.3707,45.637,1.3399,358035.3009895536,0.006,0
2026-09-14T13:18:54Z,8.47,17.4614,17.1,0.8026,0.0852,0.3384,2.4701,151.642,128.786736,4.3691,45.63,1.3338,358052.059596667,0.006,0
2026-09-14T13:18:54Z,8.472,17.4613,17.1,0.856,0.0852,0.3384,2.2586,151.639,128.770428,4.3678,45.62,1.3414,357937.40008953784,0.007,0
2026-09-14T13:18:54Z,8.474,17.4617,17.1,0.8713,0.0852,0.3384,2.2132,151.616,128.728941,4.3671,45.606,1.3252,357631.62662921735,0.007,0
2026-09-14T13:18:54Z,8.476,17.4618,17.1,0.8637,0.0852,0.3384,2.3492,151.579,128.675224,4.3667,45.591,1.3496,357245.0076920053,0.007,0
2026-09-14T13:18:54Z,8.478,17.46,17.19,0.8408,0.1278,0.2115,2.319,151.564,128.652984,4.3663,45.58,1.3026,357124.86518270196,0.007,0
2026-09-14T13:18:54Z,8.48,17.4554,17.19,0.7874,0.1278,0.2115,2.4549,151.574,128.666295,4.3657,45.584,1.2813,357319.6953922964,0.006,0
2026-09-14T13:18:54Z,8.482,17.4482,17.19,0.8065,0.1278,0.2115,2.3945,151.571,128.676683,4.3651,45.624,1.2849,357550.0474988292,0.005,0
2026-09-14T13:18:54Z,8.482,17.441,17.19,0.8103,0.1278,0.2115,2.4701,151.557,128.676915,4.3643,45.711,1.3269,357707.80130445125,0.004,0
2026-09-14T13:18:54Z,8.482,17.4376,17.1,0.8217,0.0852,0.3807,2.4701,151.557,128.683062,4.3635,45.834,1.3269,357825.58893770364,0.003,0
2026-09-14T13:18:54Z,8.483,17.4394,17.1,0.9094,0.0852,0.3807,2.5305,151.573,128.696765,4.3638,45.963,1.3391,357884.73356858955,0.002,0
2026-09-14T13:18:54Z,8.483,17.4436,17.1,0.9285,0.0852,0.3807,2.5003,151.588,128.705667,4.3672,46.068,1.3069,357857.4024106388,0.002,0
2026-09-14T13:18:54Z,8.484,17.4475,17.1,0.9285,0.0852,0.3807,2.5305,151.599,128.708139,4.3752,46.137,1.3289,357790.5174847829,0.003,0
2026-09-14T13:18:54Z,8.485,17.4495,17.19,0.9323,0.1278,0.2961,2.5154,151.607,128.704841,4.3868,46.169,1.3037,357723.5211855355,0.003,0
2026-09-14T13:18:54Z,8.486,17.4496,17.19,0.856,0.1278,0.2961,2.5003,151.594,128.682886,4.3991,46.175,1.3223,357564.1203160996,0.003,0
2026-09-14T13:18:54Z,8.487,17.4483,17.19,0.8789,0.1278,0.2961,2.4549,151.575,128.656429,4.4093,46.168,1.3012,357402.8648992767,0.003,0
2026-09-14T13:18:54Z,8.487,17.4459,17.19,0.8789,0.1278,0.2961,2.5154,151.583,128.652436,4.4161,46.159,1.3237,357426.27559988626,0.003,0
2026-09-14T13:18:54Z,8.488,17.4426,17.19,0.8942,0.1278,0.2961,2.5003,151.614,128.667841,4.4195,46.164,1.3206,357608.1098834449,0.003,0
2026-09-14T13:18:54Z,8.489,17.4389,17.19,0.8103,0.1704,0.423,2.4852,151.659,128.694745,4.4204,46.194,1.316,357881.1038029061,0.003,0
2026-09-14T13:18:54Z,8.49,17.4356,17.19,0.7912,0.1704,0.423,2.3945,151.727,128.744322,4.4201,46.242,1.2721,358308.17568513704,0.004,0
2026-09-14T13:18:54Z,8.491,17.4322,17.19,0.8141,0.1704,0.423,2.3643,151.799,128.799774,4.4195,46.304,1.3203,358779.9714662523,0.004,0
2026-09-14T13:18:54Z,8.492,17.4285,17.19,0.8293,0.1704,0.423,2.3945,151.819,128.813853,4.4203,46.375,1.2556,358961.5695374147,0.003,0
2026-09-14T13:18:54Z,8.493,17.4249,17.19,0.8103,0.0852,0.2115,2.4852,151.799,128.796314,4.4235,46.453,1.3012,358913.97233812086,0.003,0
2026-09-14T13:18:54Z,8.494,17.422,17.19,0.8217,0.0852,0.2115,2.6211,151.789,128.78851,4.4284,46.541,1.2765,358921.04674468545,0.003,0
2026-09-14T13:18:54Z,8.494,17.4202,17.19,0.8065,0.0852,0.2115,2.5456,151.78,128.782355,4.4344,46.636,1.2813,358916.0209740399,0.003,0
2026-09-14T13:18:54Z,8.495,17.4193,17.19,0.8065,0.0852,0.2115,2.4398,151.754,128.7622,4.4413,46.722,1.2882,358790.864588964,0.003,0
2026-09-14T13:18:54Z,8.496,17.419,17.19,0.7492,0.1278,0.2115,2.4701,151.726,128.738682,4.4488,46.781,1.2866,358628.53544359404,0.004,0
2026-09-14T13:18:54Z,8.497,17.4193,17.19,0.7645,0.1278,0.2115,2.4852,151.714,128.725539,4.4572,46.803,1.2838,358527.6678426181,0.004,0
2026-09-14T13:18:54Z,8.499,17.4199,17.19,0.753,0.1278,0.2115,2.6211,151.723,128.727273,4.4662,46.784,1.2688,358527.06733266957,0.004,0
2026-09-14T13:18:54Z,8.5,17.4205,17.19,0.7378,0.1278,0.2115,2.4096,151.74,128.73634,4.4744,46.735,1.288,358579.100662222,0.004,0
2026-09-14T13:18:54Z,8.501,17.4205,17.19,0.7645,0.1278,0.2538,2.4398,151.748,128.739147,4.4801,46.662,1.2556,358599.24925111356,0.004,0
2026-09-14T13:18:54Z,8.502,17.4194,17.19,0.7492,0.1278,0.2538,2.5607,151.735,128.724438,4.4822,46.58,1.2743,358517.5895516268,0.004,0
2026-09-14T13:18:54Z,8.503,17.4177,17.19,0.7492,0.1278,0.2538,2.4247,151.7,128.688288,4.4807,46.51,1.2694,358295.12056929374,0.005,0
2026-09-14T13:18:54Z,8.504,17.416,17.19,0.7721,0.1278,0.2538,2.4096,151.668,128.651076,4.4761,46.47,1.2896,358065.10027590604,0.005,0
2026-09-14T13:18:54Z,8.505,17.4147,17.19,0.8065,0.1278,0.2538,2.5456,151.661,128.632896,4.4693,46.469,1.2788,357962.9407827265,0.005,0
2026-09-14T13:18:54Z,8.507,17.4134,17.19,0.795,0.1278,0.1269,2.5003,151.662,128.622897,4.4615,46.509,1.271,357919.4570215335,0.005,0
2026-09-14T13:18:54Z,8.509,17.4113,17.19,0.795,0.1278,0.1269,2.5305,151.646,128.604401,4.455,46.587,1.248,357832.40836105985,0.005,0
2026-09-14T13:18:54Z,8.511,17.408,17.19,0.8293,0.1278,0.1269,2.5305,151.626,128.586486,4.4514,46.7,1.2238,357775.5695593372,0.004,0
2026-09-14T13:18:54Z,8.512,17.4037,17.19,0.7569,0.1278,0.1269,2.8326,151.631,128.592391,4.4517,46.851,1.2788,357911.2548294504,0.003,0
2026-09-14T13:18:54Z,8.512,17.4002,17.19,0.7302,0.0852,0.2538,2.8024,151.666,128.62369,4.4559,47.025,1.2779,358211.8441748967,0.002,0
2026-09-14T13:18:54Z,8.511,17.3985,17.19,0.753,0.0852,0.2538,2.8024,151.714,128.664717,4.4635,47.196,1.2827,358543.3439031814,0.002,0
2026-09-14T13:18:54Z,8.511,17.3983,17.19,0.7607,0.0852,0.2538,2.7873,151.75,128.692392,4.4744,47.347,1.3134,358746.47354539635,0.002,0
2026-09-14T13:18:54Z,8.512,17.3988,17.19,0.7988,0.0852,0.2538,2.5003,151.763,128.698084,4.4888,47.468,1.2586,358776.48186885356,0.004,0
2026-09-14T13:18:54Z,8.513,17.3995,17.19,0.8141,0.1278,0.2538,2.4701,151.759,128.687315,4.5054,47.553,1.2666,358683.88791209576,0.005,0
2026-09-14T13:18:54Z,8.515,17.3996,17.19,0.8332,0.1278,0.2538,2.4701,151.737,128.661213,4.5218,47.6,1.2852,358494.2552510576,0.007,0
2026-09-14T13:18:54Z,8.517,17.3987,17.19,0.8065,0.1278,0.2538,2.4701,151.714,128.63283,4.5363,47.615,1.2669,358310.04781700304,0.009,0
2026-09-14T13:18:54Z,8.519,17.397,17.19,0.9552,0.1278,0.2538,2.7873,151.71,128.620613,4.5481,47.612,1.2818,358259.30178182444,0.012,0
2026-09-14T13:18:54Z,8.522,17.3945,17.19,0.9476,0.1278,0.2538,2.8628,151.737,128.63131,4.5564,47.61,1.306,358390.4443559417,0.015,0
2026-09-14T13:18:54Z,8.526,17.3918,17.19,0.9285,0.0852,0.2115,2.7118,151.777,128.649762,4.5612,47.634,1.2953,358581.6821993458,0.018,0
2026-09-14T13:18:54Z,8.531,17.3891,17.19,0.9285,0.0852,0.2115,2.742,151.813,128.662878,4.563,47.7,1.2782,358734.66360589967,0.021,0
2026-09-14T13:18:54Z,8.537,17.386,17.19,0.8141,0.0852,0.2115,2.5456,151.839,128.670152,4.5629,47.804,1.2682,358854.4244951157,0.025,0
2026-09-14T13:18:54Z,8.544,17.382,17.19,0.7874,0.0852,0.2115,2.5154,151.846,128.665518,4.5631,47.924,1.2705,358908.2232979232,0.028,0
2026-09-14T13:18:54Z,8.552,17.3769,17.19,0.7874,0.0852,0.2115,2.5305,151.834,128.64774,4.5659,48.045,1.2038,358891.4953335504,0.03,0
2026-09-14T13:18:54Z,8.56,17.3712,17.19,0.8217,0.0852,0.2115,2.5154,151.812,128.624084,4.5728,48.16,1.2012,358845.56592338136,0.033,0
2026-09-14T13:18:54Z,8.568,17.3664,17.19,0.734,0.0852,0.2115,2.8326,151.792,128.60025,4.5832,48.263,1.2244,358778.74158830434,0.035,0
2026-09-14T13:18:54Z,8.577,17.3628,17.19,0.7378,0.0852,0.2115,2.7873,151.77,128.573884,4.595,48.347,1.1877,358667.57390948845,0.037,0
2026-09-14T13:18:54Z,8.587,17.3605,17.28,0.7569,0.1278,0.2538,2.7118,151.749,128.54796,4.6069,48.403,1.1743,358531.28771467827,0.038,0
2026-09-14T13:18:54Z,8.597,17.3587,17.28,0.7721,0.1278,0.2538,2.8326,151.739,128.531574,4.618,48.43,1.1571,358452.68450676993,0.04,0
2026-09-14T13:18:54Z,8.608,17.3565,17.28,0.8103,0.1278,0.2538,2.6664,151.735,128.520357,4.6281,48.439,1.1614,358419.93539218244,0.041,0
2026-09-14T13:18:54Z,8.619,17.3538,17.28,0.8026,0.1278,0.2538,2.7571,151.741,128.517321,4.6365,48.442,1.1244,358456.8651019866,0.042,0
2026-09-14T13:18:54Z,8.63,17.3513,17.28,0.8141,0.0852,0.2115,2.7269,151.764,128.529661,4.642,48.441,1.1205,358599.9919529173,0.042,0
2026-09-14T13:18:54Z,8.641,17.3487,17.28,0.8179,0.0852,0.2115,2.6664,151.781,128.538652,4.6448,48.432,1.1186,358721.2613721077,0.042,0
2026-09-14T13:18:54Z,8.652,17.346,17.28,0.9438,0.0852,0.2115,2.6211,151.8,128.550696,4.646,48.412,1.0938,358866.7124955452,0.04,0
2026-09-14T13:18:54Z,8.663,17.3434,17.28,0.9323,0.0852,0.2115,2.6966,151.831,128.575007,4.6465,48.379,1.0969,359098.32363349455,0.038,0
2026-09-14T13:18:54Z,8.673,17.341,17.28,0.9209,0.0852,0.2115,2.6513,151.85,128.590051,4.6467,48.329,1.078,359258.9639569142,0.035,0
2026-09-14T13:18:54Z,8.681,17.3392,17.28,0.9362,0.1278,0.2538,2.7571,151.86,128.599841,4.646,48.259,1.0306,359368.7318144112,0.031,0
2026-09-14T13:18:54Z,8.689,17.3379,17.28,0.8103,0.1278,0.2538,2.5003,151.865,128.604986,4.6442,48.175,1.0387,359434.15746575024,0.027,0
2026-09-14T13:18:54Z,8.695,17.3372,17.28,0.8217,0.1278,0.2538,2.4701,151.85,128.59285,4.6411,48.093,1.0578,359362.02712439024,0.023,0
2026-09-14T13:18:54Z,8.7,17.3371,17.28,0.7988,0.1278,0.2538,2.4398,151.825,128.572203,4.6363,48.029,1.0839,359215.52844870824,0.019,0
2026-09-14T13:18:54Z,8.704,17.3373,17.28,0.8141,0.0852,0.1269,2.6362,151.803,128.55355,4.6296,47.995,1.0502,359076.8771955653,0.016,0
2026-09-14T13:18:54Z,8.708,17.3376,17.28,0.8141,0.0852,0.1269,2.7722,151.785,128.53792,4.6215,47.993,1.0703,358957.8366472704,0.014,0
2026-09-14T13:18:54Z,8.711,17.3379,17.28,0.7645,0.0852,0.1269,2.7722,151.775,128.529149,4.6136,48.022,1.0418,358888.17681961774,0.012,0
2026-09-14T13:18:54Z,8.714,17.3379,17.28,0.837,0.0852,0.1269,2.6966,151.776,128.530902,4.6075,48.072,1.0324,358900.7902734202,0.01,0
2026-09-14T13:18:54Z,8.716,17.3379,17.19,0.8293,0.0852,0.2538,2.7873,151.794,128.547648,4.6041,48.131,1.0452,359021.30772851943,0.009,0
2026-09-14T13:18:54Z,8.718,17.3379,17.19,0.7111,0.0852,0.2538,2.7571,151.828,128.57785,4.604,48.187,1.0498,359238.7283486127,0.008,0
2026-09-14T13:18:54Z,8.72,17.3379,17.19,0.7492,0.0852,0.2538,2.7118,151.866,128.611552,4.6068,48.229,1.0613,359481.4401224754,0.008,0
2026-09-14T13:18:54Z,8.722,17.3381,17.19,0.7416,0.0852,0.2538,2.8175,151.901,128.641731,4.6116,48.243,1.0518,359694.4964557151,0.008,0
2026-09-14T13:18:54Z,8.724,17.3386,17.19,0.7378,0.0852,0.2538,2.742,151.92,128.658423,4.6172,48.229,1.0412,359803.86160002794,0.009,0
2026-09-14T13:18:54Z,8.726,17.3391,17.19,0.8179,0.1278,0.2538,2.9837,151.928,128.66408,4.6226,48.195,1.019,359833.70627977775,0.01,0
2026-09-14T13:18:54Z,8.729,17.3396,17.19,0.8141,0.1278,0.2538,3.1196,151.921,128.656207,4.6265,48.152,1.0373000000000001,359766.040995214,0.011,0
2026-09-14T13:18:54Z,8.731,17.3398,17.19,0.8217,0.1278,0.2538,2.9232,151.882,128.620696,4.6278,48.111,1.048,359505.8224550016,0.013,0
2026-09-14T13:18:54Z,8.735,17.3399,17.19,0.7912,0.1278,0.2538,3.0894,151.83,128.574095,4.6265,48.077,1.0177,359168.05998201645,0.015,0
2026-09-14T13:18:54Z,8.739,17.3396,17.19,0.8179,0.0852,0.1269,2.7118,151.79,128.537996,4.6232,48.051,1.0183,358914.7767316918,0.017,0
2026-09-14T13:18:54Z,8.744,17.3391,17.19,0.8255,0.0852,0.1269,2.7118,151.76,128.510778,4.6192,48.027,1.053,358729.8397799423,0.019,0
2026-09-14T13:18:54Z,8.749,17.3383,17.19,0.8179,0.0852,0.1269,2.6211,151.742,128.495188,4.6153,48.01,1.0177,358635.119587559,0.02,0
2026-09-14T13:18:54Z,8.755,17.3374,17.19,0.8141,0.0852,0.1269,2.6211,151.753,128.50508,4.6122,48.003,0.99731,358725.87826353416,0.021,0
2026-09-14T13:18:54Z,8.761,17.3365,17.28,0.7187,0.0852,0.1692,2.8326,151.782,128.533085,4.6097,48.005,0.95739,358946.998225058,0.02,0
2026-09-14T13:18:54Z,8.766,17.3359,17.28,0.7263,0.0852,0.1692,2.6513,151.801,128.554652,4.6075,48.017,0.96072,359115.31730701,0.02,0
2026-09-14T13:18:54Z,8.771,17.3358,17.28,0.7225,0.0852,0.1692,2.8175,151.807,128.565527,4.6059,48.041,0.94889,359195.79227032844,0.019,0
2026-09-14T13:18:54Z,8.775,17.3362,17.28,0.7378,0.0852,0.1692,2.7722,151.806,128.568611,4.6051,48.075,0.98396,359209.27006719855,0.018,0
2026-09-14T13:18:54Z,8.779,17.3373,17.28,0.7378,0.1278,0.2538,2.7722,151.79,128.556721,4.6052,48.114,0.98846,359099.6751065282,0.019,0
2026-09-14T13:18:54Z,8.783,17.339,17.28,0.7492,0.1278,0.2538,2.9232,151.758,128.526688,4.6062,48.154,0.98846,358846.4681912934,0.02,0
2026-09-14T13:18:54Z,8.788,17.3409,17.28,0.753,0.1278,0.2538,2.9686,151.712,128.482508,4.6083,48.19,0.98524,358487.3019633189,0.022,0
2026-09-14T13:18:54Z,8.794,17.3423,17.28,0.734,0.1278,0.2538,2.8779,151.665,128.434414,4.6114,48.215,0.9456,358111.13525744603,0.024,0
2026-09-14T13:18:54Z,8.801,17.3427,17.28,0.7302,0.1278,0.2538,2.893,151.644,128.409603,4.6151,48.227,0.94437,357924.18236129096,0.026,0
2026-09-14T13:18:54Z,8.809,17.3419,17.19,0.8789,0.1278,0.2538,2.7269,151.653,128.413465,4.619,48.227,0.90009,357969.311418762,0.027,0
2026-09-14T13:18:54Z,8.817,17.34,17.19,0.856,0.1278,0.2538,2.742,151.653,128.413009,4.6227,48.214,0.91806,358007.3357479401,0.028,0
2026-09-14T13:18:54Z,8.825,17.3374,17.19,0.856,0.1278,0.2538,2.8175,151.649,128.410117,4.6254,48.195,0.90558,358043.08152905223,0.027,0
2026-09-14T13:18:54Z,8.831,17.3351,17.19,0.8637,0.1278,0.2538,2.6815,151.669,128.426029,4.6267,48.18,0.93844,358207.4588532829,0.027,0
2026-09-14T13:18:54Z,8.837,17.3337,17.28,0.795,0.1278,0.0846,2.6664,151.709,128.456984,4.6268,48.175,0.91111,358460.48226898303,0.027,0
2026-09-14T13:18:54Z,8.843,17.3335,17.28,0.8179,0.1278,0.0846,2.6966,151.77,128.503233,4.6256,48.175,0.89833,358797.5284777084,0.027,0
2026-09-14T13:18:54Z,8.85,17.3337,17.28,0.8141,0.1278,0.0846,2.7269,151.829,128.54709,4.6238,48.17,0.9115,359108.82556238153,0.027,0
2026-09-14T13:18:54Z,8.857,17.3334,17.28,0.8141,0.1278,0.0846,2.6664,151.856,128.564229,4.6224,48.153,0.81323,359238.7710134689,0.027,0
2026-09-14T13:18:54Z,8.865,17.3323,17.19,0.856,0.1278,0.1692,2.893,151.866,128.569225,4.622,48.131,0.8699,359298.7481511946,0.026,0
2026-09-14T13:18:54Z,8.872,17.3306,17.19,0.898,0.1278,0.1692,2.9988,151.871,128.571416,4.6221,48.106,0.85714,359351.62612862926,0.025,0
2026-09-14T13:18:54Z,8.879,17.3287,17.19,0.9018,0.1278,0.1692,3.0441,151.863,128.563381,4.6218,48.077,0.86914,359335.2164806895,0.024,0
2026-09-14T13:18:54Z,8.884,17.3269,17.19,0.8675,0.1278,0.1692,2.8779,151.847,128.550981,4.6204,48.054,0.83671,359285.1825035061,0.021,0
2026-09-14T13:18:54Z,8.889,17.3257,17.19,0.8141,0.1278,0.1692,2.7269,151.837,128.544919,4.6184,48.047,0.86763,359267.7048771828,0.019,0
2026-09-14T13:18:54Z,8.894,17.3249,17.28,0.8332,0.0852,0.2961,2.6815,151.825,128.537576,4.616,48.063,0.83671,359232.2716886629,0.017,0
2026-09-14T13:18:54Z,8.898,17.3247,17.28,0.8141,0.0852,0.2961,2.7118,151.788,128.508981,4.6134,48.101,0.80549,359030.7152980201,0.015,0
2026-09-14T13:18:54Z,8.902,17.325,17.28,0.8179,0.0852,0.2961,2.7269,151.745,128.475524,4.6111,48.161,0.79299,358783.3364909453,0.014,0
2026-09-14T13:18:54Z,8.905,17.3256,17.28,0.7683,0.0852,0.2961,2.7571,151.729,128.464305,4.6104,48.23,0.8892,358689.52660920296,0.013,0
2026-09-14T13:18:54Z,8.907,17.3266,17.28,0.7607,0.0852,0.2538,2.8175,151.737,128.470331,4.6118,48.294,0.88862,358711.09905311477,0.013,0
2026-09-14T13:18:54Z,8.911,17.3276,17.28,0.7645,0.0852,0.2538,2.742,151.761,128.487204,4.6154,48.345,0.87236,358810.72922071174,0.014,0
2026-09-14T13:18:54Z,8.914,17.3286,17.28,0.7416,0.0852,0.2538,2.7873,151.787,128.505416,4.621,48.382,0.78068,358920.008941795,0.014,0
2026-09-14T13:18:54Z,8.918,17.3292,17.28,0.8065,0.0852,0.2538,2.8477,151.793,128.505807,4.6275,48.406,0.79437,358909.7419873855,0.015,0
2026-09-14T13:18:54Z,8.922,17.3289,17.28,0.8217,0.1278,0.2115,2.7118,151.779,128.488483,4.6337,48.417,0.78664,358791.5981813919,0.017,0
2026-09-14T13:18:54Z,8.927,17.328,17.28,0.8141,0.1278,0.2115,2.8024,151.759,128.464834,4.6387,48.409,0.83853,358641.040001829,0.018,0
2026-09-14T13:18:54Z,8.931,17.3267,17.28,0.8026,0.1278,0.2115,2.6966,151.731,128.434555,4.6424,48.382,0.77207,358451.53500152304,0.018,0
2026-09-14T13:18:54Z,8.936,17.3252,17.28,0.7912,0.1278,0.2115,2.8628,151.689,128.393574,4.6448,48.342,0.78323,358189.484097005,0.018,0
2026-09-14T13:18:54Z,8.941,17.3234,17.28,0.8103,0.1278,0.3384,3.0139,151.642,128.350974,4.646,48.299,0.78715,357922.4176437712,0.018,0
2026-09-14T13:18:54Z,8.947,17.3212,17.28,0.8255,0.1278,0.3384,2.9081,151.616,128.327415,4.6455,48.264,0.74602,357800.9428358613,0.018,0
2026-09-14T13:18:54Z,8.951,17.319,17.28,0.8065,0.1278,0.3384,2.9081,151.608,128.320615,4.6431,48.247,0.73396,357799.8952393361,0.018,0
2026-09-14T13:18:54Z,8.955,17.3172,17.28,0.8446,0.1278,0.3384,2.7571,151.603,128.316755,4.6394,48.249,0.74294,357811.2798784262,0.017,0
2026-09-14T13:18:54Z,8.959,17.3162,17.28,0.8599,0.1278,0.3384,2.6362,151.6,128.314806,4.6354,48.269,0.76672,357819.0088519358,0.016,0
2026-09-14T13:18:54Z,8.963,17.3157,17.28,0.8713,0.1278,0.2961,2.7571,151.598,128.314248,4.6321,48.302,0.71834,357825.86594019143,0.015,0
2026-09-14T13:18:54Z,8.967,17.3156,17.28,0.8713,0.1278,0.2961,2.7118,151.618,128.330941,4.6305,48.341,0.68838,357948.01924879797,0.015,0
2026-09-14T13:18:54Z,8.971,17.3158,17.28,0.8827,0.1278,0.2961,2.7571,151.658,128.365334,4.6308,48.382,0.74149,358190.9434897571,0.014,0
2026-09-14T13:18:54Z,8.974,17.3161,17.28,0.8789,0.1278,0.2961,2.6815,151.697,128.398583,4.6326,48.422,0.71553,358423.5582783387,0.014,0
2026-09-14T13:18:54Z,8.978,17.3164,17.28,0.8751,0.1278,0.2961,2.6815,151.742,128.435551,4.6357,48.456,0.71351,358683.02790547424,0.014,0
2026-09-14T13:18:54Z,8.981,17.3165,17.28,0.8866,0.1278,0.2961,2.8175,151.778,128.464085,4.6395,48.48,0.76406,358886.2451735043,0.014,0
2026-09-14T13:18:54Z,8.984,17.3165,17.28,0.9056,0.1278,0.2961,2.7269,151.778,128.459773,4.6435,48.493,0.72429,358855.20015076513,0.015,0
2026-09-14T13:18:54Z,8.988,17.3165,17.28,0.8675,0.1278,0.2961,2.6966,151.757,128.437476,4.6473,48.494,0.73459,358694.69955692196,0.016,0
2026-09-14T13:18:54Z,8.992,17.3163,17.19,0.8675,0.0852,0.3384,2.7722,151.737,128.415262,4.6505,48.48,0.69409,358539.1962578951,0.016,0
2026-09-14T13:18:54Z,8.997,17.3155,17.19,0.8942,0.0852,0.3384,2.6362,151.705,128.385204,4.6529,48.458,0.66025,358340.3704565002,0.017,0
2026-09-14T13:18:54Z,9.001,17.3142,17.19,0.8065,0.0852,0.3384,2.7571,151.677,128.359299,4.6543,48.436,0.68584,358182.3486781192,0.017,0
2026-09-14T13:18:54Z,9.005,17.3125,17.19,0.8103,0.0852,0.3384,2.7571,151.672,128.354653,4.6545,48.422,0.67096,358185.92829121207,0.017,0
2026-09-14T13:18:54Z,9.009,17.311,17.19,0.8293,0.0852,0.3384,2.8779,151.677,128.35802,4.6534,48.417,0.71336,358242.78730831103,0.018,0
2026-09-14T13:18:54Z,9.014,17.3099,17.28,0.795,0.1278,0.2115,2.7269,151.693,128.370299,4.6513,48.415,0.66965,358355.0590594816,0.018,0
2026-09-14T13:18:54Z,9.018,17.3093,17.28,0.8065,0.1278,0.2115,2.6211,151.734,128.402769,4.6493,48.415,0.65782,358601.7725281654,0.02,0
2026-09-14T13:18:54Z,9.023,17.309,17.28,0.8026,0.1278,0.2115,2.7873,151.779,128.438072,4.648,48.422,0.67652,358862.45457378525,0.022,0
2026-09-14T13:18:54Z,9.028,17.3087,17.28,0.7797,0.1278,0.2115,2.6664,151.803,128.453605,4.6475,48.443,0.70841,358980.8533395016,0.024,0
2026-09-14T13:18:54Z,9.034,17.3084,17.28,0.837,0.1278,0.2115,2.6966,151.809,128.453508,4.6473,48.475,0.68495,358986.6957215636,0.028,0
2026-09-14T13:18:54Z,9.042,17.3078,17.28,0.7874,0.1278,0.2115,2.8024,151.816,128.453766,4.6474,48.512,0.66965,359001.6383486006,0.032,0
2026-09-14T13:18:54Z,9.05,17.3068,17.28,0.8408,0.1278,0.2115,2.6966,151.815,128.446442,4.6482,48.552,0.64916,358970.69651726965,0.036,0
2026-09-14T13:18:54Z,9.06,17.3053,17.28,0.8065,0.1278,0.2115,2.7269,151.806,128.431584,4.6504,48.595,0.67096,358896.39908712695,0.041,0
2026-09-14T13:18:54Z,9.071,17.3035,17.28,0.8293,0.1278,0.2115,2.8477,151.808,128.427241,4.6536,48.629,0.6441,358904.3707026767,0.045,0
2026-09-14T13:18:54Z,9.084,17.3014,17.28,0.7416,0.1278,0.2115,2.9837,151.818,128.430255,4.6573,48.646,0.63396,358971.8769488518,0.049,0
2026-09-14T13:18:54Z,9.098,17.2993,17.28,0.734,0.1278,0.2115,3.0139,151.845,128.449433,4.6614,48.64,0.63728,359155.86029275804,0.05,0
2026-09-14T13:18:54Z,9.112,17.2972,17.28,0.7416,0.1278,0.2115,3.029,151.879,128.475882,4.6657,48.61,0.58856,359392.3342378268,0.05,0
2026-09-14T13:18:54Z,9.126,17.295,17.37,0.734,0.0852,0.2115,2.9837,151.879,128.474629,4.6692,48.567,0.58741,359431.3474400432,0.049,0
2026-09-14T13:18:54Z,9.138,17.2932,17.37,0.7302,0.0852,0.2115,2.893,151.861,128.459348,4.6709,48.525,0.57503,359360.48598275706,0.047,0
2026-09-14T13:18:54Z,9.149,17.2919,17.37,0.7645,0.0852,0.2115,3.0894,151.857,128.455983,4.6705,48.494,0.5501,359364.61315574765,0.044,0
2026-09-14T13:18:54Z,9.16,17.2912,17.37,0.7645,0.0852,0.2115,3.0139,151.861,128.459633,4.6677,48.474,0.55755999999999994,359406.2150456286,0.04,0
2026-09-14T13:18:54Z,9.17,17.291,17.37,0.7492,0.0852,0.2115,2.893,151.859,128.459265,4.6636,48.463,0.51292,359407.92637607764,0.037,0
2026-09-14T13:18:54Z,9.179,17.2909,17.28,0.8675,0.0852,0.3384,2.8779,151.84,128.444775,4.6596,48.456,0.55598,359305.6373711822,0.034,0
2026-09-14T13:18:54Z,9.187,17.291,17.28,0.8904,0.0852,0.3384,3.0894,151.802,128.414301,4.6566,48.456,0.55213,359083.8013616168,0.031,0
2026-09-14T13:18:54Z,9.194,17.2911,17.28,0.8637,0.0852,0.3384,2.9081,151.765,128.38573,4.6547,48.469,0.56023,358875.75927623664,0.029,0
2026-09-14T13:18:54Z,9.201,17.2915,17.28,0.856,0.0852,0.3384,2.9837,151.744,128.369455,4.6536,48.491,0.52271,358749.8047923739,0.027,0
2026-09-14T13:18:54Z,9.207,17.292,17.28,0.8217,0.0852,0.2115,2.7118,151.738,128.365139,4.6529,48.516,0.49755,358707.8181165012,0.026,0
2026-09-14T13:18:54Z,9.213,17.2926,17.28,0.8141,0.0852,0.2115,2.7722,151.752,128.375634,4.6528,48.543,0.57565,358770.3190683871,0.027,0
2026-09-14T13:18:54Z,9.22,17.2933,17.28,0.7836,0.0852,0.2115,2.742,151.775,128.39173,4.654,48.567,0.5043,358870.9885722831,0.028,0
2026-09-14T13:18:54Z,9.227,17.294,17.28,0.8179,0.0852,0.2115,2.8024,151.782,128.391704,4.656,48.582,0.54545,358855.53214011167,0.031,0
2026-09-14T13:18:54Z,9.235,17.2942,17.28,0.8255,0.1278,0.2538,3.029,151.775,128.37755,4.6584,48.591,0.51628,358749.22524130065,0.034,0
2026-09-14T13:18:54Z,9.244,17.2938,17.28,0.8141,0.1278,0.2538,2.893,151.782,128.375511,4.6611,48.597,0.55816,358743.2581066758,0.038,0
2026-09-14T13:18:54Z,9.254,17.2926,17.28,0.7836,0.1278,0.2538,2.893,151.793,128.377038,4.6634,48.598,0.5218,358780.4155334992,0.041,0
2026-09-14T13:18:54Z,9.266,17.2906,17.28,0.8141,0.1278,0.2538,3.0592,151.781,128.360525,4.6651,48.593,0.48285,358705.08728398284,0.044,0
2026-09-14T13:18:54Z,9.278,17.288,17.28,0.8713,0.1278,0.2961,2.9535,151.736,128.317566,4.6662,48.586,0.45991,358452.4188219685,0.045,0
2026-09-14T13:18:54Z,9.29,17.2852,17.28,0.8789,0.1278,0.2961,2.9837,151.67,128.258717,4.6671,48.584,0.48285,358089.8380503979,0.046,0
2026-09-14T13:18:54Z,9.302,17.2827,17.28,0.856,0.1278,0.2961,2.9535,151.626,128.220315,4.6674,48.592,0.45911,357867.96373271855,0.046,0
2026-09-14T13:18:54Z,9.314,17.2806,17.28,0.8751,0.1278,0.2961,2.9232,151.625,128.218136,4.6671,48.61,0.43892,357897.967959705,0.045,0
2026-09-14T13:18:54Z,9.325,17.2792,17.28,0.7912,0.1278,0.2961,2.9686,151.661,128.247595,4.6666,48.635,0.45012,358140.3962403418,0.043,0
2026-09-14T13:18:54Z,9.337,17.2783,17.28,0.8217,0.0852,0.3807,3.0894,151.721,128.298539,4.6665,48.662,0.45267,358526.757626308,0.04,0
2026-09-14T13:18:54Z,9.347,17.2777,17.28,0.8217,0.0852,0.3807,2.9686,151.784,128.352533,4.6673,48.693,0.42911,358928.8255180302,0.037,0
2026-09-14T13:18:54Z,9.356,17.2773,17.28,0.8293,0.0852,0.3807,2.9686,151.821,128.385955,4.6691,48.726,0.44198,359178.4706168102,0.034,0
2026-09-14T13:18:54Z,9.364,17.277,17.28,0.8904,0.0852,0.3807,2.9535,151.823,128.389705,4.6715,48.759,0.45267,359212.0562164341,0.031,0
2026-09-14T13:18:54Z,9.371,17.277,17.28,0.8713,0.1278,0.2961,3.0592,151.808,128.378792,4.6742,48.796,0.40291,359133.3717086988,0.027,0
2026-09-14T13:18:54Z,9.377,17.2773,17.28,0.8751,0.1278,0.2961,2.9837,151.796,128.370318,4.6771,48.838,0.42181,359065.7315268373,0.025,0
2026-09-14T13:18:54Z,9.383,17.2778,17.28,0.8942,0.1278,0.2961,2.9988,151.79,128.366026,4.6802,48.877,0.40997,359023.8787377013,0.023,0
2026-09-14T13:18:54Z,9.388,17.2785,17.28,0.8599,0.1278,0.2961,3.0441,151.8,128.372777,4.6833,48.904,0.40326,359057.2603094411,0.023,0
2026-09-14T13:18:54Z,9.393,17.2792,17.28,0.8637,0.0852,0.2115,2.9384,151.831,128.396371,4.6868,48.91,0.41789,359212.0687222718,0.023,0
2026-09-14T13:18:54Z,9.399,17.2797,17.28,0.8675,0.0852,0.2115,2.9384,151.846,128.405079,4.6907,48.899,0.40757,359263.9349988206,0.023,0
2026-09-14T13:18:54Z,9.405,17.2799,17.28,0.8789,0.0852,0.2115,2.9837,151.82,128.37921,4.6945,48.873,0.40899,359073.0666985528,0.024,0
2026-09-14T13:18:54Z,9.412,17.2795,17.28,0.8065,0.0852,0.2115,2.9988,151.78,128.341882,4.697,48.837,0.40046,358812.7829976719,0.025,0
2026-09-14T13:18:54Z,9.418,17.2785,17.28,0.8217,0.0852,0.2115,3.0139,151.73,128.29715,4.6978,48.798,0.38251,358512.3645259949,0.025,0
2026-09-14T13:18:54Z,9.424,17.2773,17.37,0.8408,0.1278,0.2961,2.9384,151.671,128.245092,4.6968,48.762,0.39347,358163.70933434955,0.025,0
2026-09-14T13:18:54Z,9.431,17.276,17.37,0.8103,0.1278,0.2961,3.0139,151.639,128.215851,4.6945,48.732,0.44885,357981.57183589577,0.025,0
2026-09-14T13:18:54Z,9.437,17.2748,17.37,0.8789,0.1278,0.2961,2.9535,151.644,128.217639,4.6911,48.71,0.40961,358020.55133403616,0.025,0
2026-09-14T13:18:54Z,9.443,17.2739,17.37,0.8522,0.1278,0.2961,2.9232,151.67,128.238926,4.6874,48.697,0.38193,358193.35056179715,0.025,0
2026-09-14T13:18:54Z,9.45,17.2731,17.28,0.8675,0.0852,0.2115,2.9837,151.722,128.281385,4.684,48.694,0.38418,358516.5015817386,0.024,0
2026-09-14T13:18:54Z,9.456,17.2724,17.28,0.8751,0.0852,0.2115,3.0139,151.776,128.326322,4.6813,48.698,0.3856,358855.5196574776,0.024,0
2026-09-14T13:18:54Z,9.462,17.2718,17.28,0.8866,0.0852,0.2115,3.0139,151.816,128.359705,4.6792,48.704,0.39968,359109.2505562076,0.025,0
2026-09-14T13:18:54Z,9.468,17.2714,17.28,0.8866,0.0852,0.2115,3.0441,151.864,128.398439,4.678,48.711,0.37576,359397.3276502601,0.025,0
2026-09-14T13:18:54Z,9.475,17.2712,17.37,0.8713,0.1278,0.2115,2.9535,151.901,128.428841,4.6777,48.715,0.34991,359621.0477357795,0.025,0
2026-09-14T13:18:54Z,9.481,17.2709,17.37,0.8942,0.1278,0.2115,3.0139,151.905,128.431002,4.6781,48.714,0.36896,359643.19929344265,0.025,0
2026-09-14T13:18:54Z,9.488,17.2705,17.37,0.8675,0.1278,0.2115,2.9837,151.874,128.403495,4.6788,48.706,0.34254,359453.4609987087,0.025,0
2026-09-14T13:18:54Z,9.494,17.2701,17.37,0.8484,0.1278,0.2115,2.9686,151.818,128.354995,4.6794,48.692,0.37592,359112.39324687794,0.025,0
2026-09-14T13:18:54Z,9.501,17.2696,17.37,0.8789,0.0852,0.2115,2.9837,151.769,128.312593,4.6799,48.674,0.35419,358817.6440375881,0.025,0
2026-09-14T13:18:54Z,9.507,17.2692,17.37,0.8599,0.0852,0.2115,2.9837,151.74,128.286993,4.6798,48.657,0.37617,358641.89750315197,0.024,0
2026-09-14T13:18:54Z,9.513,17.2688,17.37,0.8637,0.0852,0.2115,3.029,151.716,128.267367,4.6791,48.639,0.36268,358509.230426981,0.023,0
2026-09-14T13:18:54Z,9.519,17.2683,17.37,0.8675,0.0852,0.2115,2.9232,151.697,128.252483,4.6778,48.62,0.33358,358412.92094194744,0.022,0
2026-09-14T13:18:54Z,9.525,17.268,17.37,0.8637,0.0852,0.2115,3.0743,151.702,128.258383,4.6761,48.603,0.33641,358461.95053724496,0.02,0
2026-09-14T13:18:54Z,9.529,17.2679,17.37,0.8866,0.1278,0.2115,2.9232,151.728,128.28264,4.6745,48.592,0.3555,358638.87228004547,0.018,0
2026-09-14T13:18:54Z,9.534,17.268,17.37,0.8904,0.1278,0.2115,2.893,151.747,128.299703,4.6728,48.585,0.36355,358759.64005458326,0.017,0
2026-09-14T13:18:54Z,9.537,17.2684,17.37,0.8751,0.1278,0.2115,2.9232,151.759,128.310121,4.6709,48.583,0.32485,358825.99295165675,0.016,0
2026-09-14T13:18:54Z,9.541,17.2691,17.37,0.8446,0.1278,0.2115,2.9081,151.773,128.320673,4.6692,48.589,0.32499,358886.7719917573,0.015,0
2026-09-14T13:18:54Z,9.544,17.2698,17.37,0.8484,0.1278,0.2115,2.9535,151.766,128.314163,4.6681,48.6,0.36371,358824.578934694,0.015,0
2026-09-14T13:18:54Z,9.548,17.2702,17.37,0.8675,0.1278,0.2115,2.893,151.742,128.292855,4.6674,48.612,0.33054,358662.3109648248,0.016,0
2026-09-14T13:18:54Z,9.552,17.2701,17.37,0.8789,0.1278,0.2115,2.9988,151.728,128.279085,4.6672,48.627,0.3252,358565.2873658592,0.018,0
2026-09-14T13:18:54Z,9.557,17.2698,17.37,0.8637,0.1278,0.2115,2.9837,151.723,128.273182,4.6678,48.647,0.3219,358529.3033684382,0.021,0
2026-09-14T13:18:54Z,9.562,17.2695,17.28,0.856,0.1278,0.2115,2.9535,151.726,128.273573,4.6689,48.665,0.32804,358538.65724043833,0.024,0
2026-09-14T13:18:54Z,9.568,17.2691,17.28,0.959,0.1278,0.2115,3.0139,151.746,128.288365,4.6701,48.672,0.32169,358653.9395525465,0.029,0
2026-09-14T13:18:54Z,9.576,17.2686,17.28,0.9209,0.1278,0.2115,2.893,151.77,128.305495,4.6716,48.661,0.30654,358788.27605249017,0.034,0
2026-09-14T13:18:54Z,9.584,17.268,17.28,0.9247,0.1278,0.2115,2.9081,151.78,128.309518,4.6735,48.635,0.30667,358830.3555113826,0.04,0
2026-09-14T13:18:54Z,9.595,17.2672,17.28,0.9438,0.1278,0.2115,2.9837,151.772,128.297504,4.6754,48.605,0.3187,358761.21940669935,0.047,0
2026-09-14T13:18:54Z,9.607,17.2664,17.37,0.9323,0.0852,0.2538,2.9686,151.756,128.278257,4.6761,48.579,0.28595,358639.97000314394,0.054,0
2026-09-14T13:18:54Z,9.622,17.2654,17.37,0.9362,0.0852,0.2538,3.1498,151.75,128.266656,4.6751,48.56,0.28775,358578.1840915594,0.061,0
2026-09-14T13:18:54Z,9.639,17.2641,17.37,0.9247,0.0852,0.2538,3.2858,151.753,128.263609,4.6728,48.55,0.25346,358584.5676533788,0.067,0
2026-09-14T13:18:54Z,9.657,17.2623,17.37,0.9094,0.0852,0.2538,3.2556,151.764,128.268302,4.6701,48.548,0.27071,358657.6258165116,0.073,0
2026-09-14T13:18:54Z,9.678,17.2604,17.37,0.9285,0.0852,0.2961,3.1801,151.786,128.281986,4.6677,48.543,0.24753,358797.68445632915,0.076,0
2026-09-14T13:18:54Z,9.699,17.2584,17.37,0.8637,0.0852,0.2961,3.1649,151.811,128.300307,4.6661,48.531,0.20475,358973.40586456447,0.076,0
2026-09-14T13:18:54Z,9.72,17.2566,17.37,0.8637,0.0852,0.2961,3.1196,151.836,128.320145,4.6653,48.514,0.21955,359155.770792368,0.075,0
2026-09-14T13:18:54Z,9.74,17.2548,17.37,0.8713,0.0852,0.2961,3.1952,151.859,128.338785,4.6653,48.485,0.21209,359329.5630874233,0.072,0
2026-09-14T13:18:54Z,9.757,17.2534,17.46,0.8866,0.0852,0.2961,3.1196,151.877,128.353194,4.6649,48.446,0.22257,359464.1390625425,0.067,0
2026-09-14T13:18:54Z,9.773,17.2525,17.46,0.8827,0.0852,0.2961,2.893,151.89,128.363211,4.6639,48.41,0.19575,359556.1145570253,0.062,0
2026-09-14T13:18:54Z,9.788,17.2519,17.46,0.8942,0.0852,0.2961,2.9535,151.896,128.367505,4.6623,48.383,0.21581,359600.22885816975,0.057,0
2026-09-14T13:18:54Z,9.801,17.2517,17.46,0.8789,0.0852,0.2961,3.0441,151.874,128.34721,4.6595,48.368,0.19309,359458.09463871666,0.054,0
2026-09-14T13:18:54Z,9.814,17.2515,17.37,0.898,0.1278,0.2538,2.9686,151.825,128.304917,4.6558,48.36,0.21122,359157.27577996766,0.05,0
2026-09-14T13:18:54Z,9.827,17.2512,17.37,0.9285,0.1278,0.2538,2.893,151.778,128.26537,4.6523,48.352,0.20347,358878.5911394316,0.048,0
2026-09-14T13:18:54Z,9.839,17.2508,17.37,0.9362,0.1278,0.2538,3.029,151.745,128.238034,4.6498,48.337,0.19351,358690.23200228915,0.045,0
2026-09-14T13:18:54Z,9.851,17.2504,17.37,0.959,0.1278,0.2538,2.9535,151.732,128.227627,4.6484,48.318,0.21399,358623.9375311466,0.042,0
2026-09-14T13:18:54Z,9.861,17.2502,17.37,0.9247,0.1278,0.2538,3.0139,151.721,128.219367,4.6477,48.298,0.18943,358568.7618962947,0.039,0
2026-09-14T13:18:54Z,9.87,17.2501,17.28,1.0506,0.1278,0.2115,3.2103,151.709,128.211051,4.6469,48.278,0.18702,358511.0073956865,0.036,0
2026-09-14T13:18:54Z,9.879,17.2502,17.28,1.0468,0.1278,0.2115,3.2405,151.736,128.236482,4.6455,48.261,0.19914,358692.11761216517,0.034,0
2026-09-14T13:18:54Z,9.887,17.2505,17.28,1.0582,0.1278,0.2115,3.2707,151.805,128.298439,4.6436,48.252,0.19389,359132.3571547567,0.033,0
2026-09-14T13:18:54Z,9.895,17.2508,17.28,1.0353,0.1278,0.2115,3.1801,151.87,128.357413,4.6416,48.247,0.19334,359551.3859250922,0.031,0
2026-09-14T13:18:54Z,9.903,17.2514,17.37,0.9247,0.1278,0.2961,3.2405,151.901,128.387105,4.6396,48.243,0.22855,359752.6430981012,0.031,0
2026-09-14T13:18:54Z,9.91,17.2523,17.37,0.9209,0.1278,0.2961,3.1347,151.889,128.379423,4.6379,48.238,0.19733,359677.4802993816,0.031,0
2026-09-14T13:18:54Z,9.918,17.2536,17.37,0.9209,0.1278,0.2961,3.2103,151.839,128.336322,4.637,48.232,0.1791,359337.9450129444,0.031,0
2026-09-14T13:18:54Z,9.926,17.2549,17.37,0.9476,0.1278,0.2961,3.1045,151.779,128.28233,4.6364,48.228,0.20435,358920.0903898911,0.032,0
2026-09-14T13:18:54Z,9.933,17.2561,17.37,0.8026,0.0852,0.2538,3.029,151.743,128.245073,4.6359,48.227,0.18145,358625.331536317,0.033,0
2026-09-14T13:18:54Z,9.942,17.2568,17.37,0.795,0.0852,0.2538,2.9837,151.722,128.218617,4.6353,48.225,0.167,358419.43925438664,0.034,0
2026-09-14T13:18:54Z,9.951,17.2566,17.37,0.8332,0.0852,0.2538,2.9837,151.696,128.187902,4.6348,48.223,0.20807,358202.55859507364,0.036,0
2026-09-14T13:18:54Z,9.96,17.2553,17.37,0.795,0.0852,0.2538,2.9081,151.678,128.164749,4.6346,48.222,0.19179,358064.1472091607,0.037,0
2026-09-14T13:18:54Z,9.97,17.2531,17.37,0.8141,0.0852,0.2538,2.9232,151.684,128.162995,4.6346,48.225,0.19326,358099.42027959484,0.038,0
2026-09-14T13:18:54Z,9.98,17.2503,17.37,0.8141,0.0852,0.1692,3.0139,151.704,128.174168,4.6347,48.223,0.18714,358240.87348635047,0.039,0
2026-09-14T13:18:54Z,9.991,17.2475,17.37,0.8065,0.0852,0.1692,3.0743,151.735,128.195242,4.6348,48.21,0.17234,358453.7224633756,0.038,0
2026-09-14T13:18:54Z,10.001,17.2449,17.37,0.7836,0.0852,0.1692,2.9686,151.785,128.233839,4.635,48.188,0.18685,358788.6530759364,0.037,0
2026-09-14T13:18:54Z,10.01,17.2427,17.37,0.7569,0.0852,0.1692,2.8628,151.814,128.256225,4.6354,48.156,0.17899,358998.1259030258,0.036,0
2026-09-14T13:18:54Z,10.019,17.2408,17.37,0.7569,0.1704,0.2538,2.9232,151.807,128.248359,4.6354,48.118,0.17602,358982.866864038,0.034,0
2026-09-14T13:18:54Z,10.027,17.2392,17.37,0.7492,0.1704,0.2538,2.9837,151.807,128.246164,4.6343,48.075,0.19562,359001.96718135336,0.032,0
2026-09-14T13:18:54Z,10.035,17.238,17.37,0.7645,0.1704,0.2538,2.9988,151.816,128.251056,4.6323,48.03,0.19013,359063.4666415888,0.03,0
2026-09-14T13:18:54Z,10.042,17.2371,17.37,0.7454,0.1704,0.2538,3.0139,151.819,128.252335,4.6294,47.993,0.19875,359092.3505216307,0.029,0
2026-09-14T13:18:54Z,10.05,17.2364,17.37,0.7416,0.1278,0.2538,2.9535,151.813,128.246337,4.6258,47.975,0.16714,359064.3580732653,0.028,0
2026-09-14T13:18:54Z,10.057,17.2357,17.37,0.7492,0.1278,0.2538,2.9686,151.781,128.219456,4.6217,47.973,0.17004,358885.7069016912,0.027,0
2026-09-14T13:18:54Z,10.063,17.235,17.37,0.7302,0.1278,0.2538,2.9988,151.74,128.184537,4.6174,47.978,0.1592,358649.14173978346,0.027,0
2026-09-14T13:18:54Z,10.07,17.2345,17.37,0.7874,0.1278,0.2538,2.9081,151.712,128.160282,4.6139,47.978,0.16412,358485.1724836956,0.027,0
2026-09-14T13:18:54Z,10.076,17.2342,17.28,0.7988,0.1278,0.3384,2.8628,151.689,128.140225,4.6122,47.973,0.16401,358347.14082527213,0.027,0
2026-09-14T13:18:54Z,10.083,17.2342,17.28,0.8103,0.1278,0.3384,3.029,151.681,128.133025,4.612,47.974,0.1469,358295.2489044144,0.027,0
2026-09-14T13:18:54Z,10.09,17.2341,17.28,0.795,0.1278,0.3384,2.8628,151.707,128.154771,4.6125,47.99,0.18145,358454.16049304674,0.027,0
2026-09-14T13:18:54Z,10.098,17.2339,17.28,0.8293,0.1278,0.3384,3.0592,151.758,128.197255,4.6125,48.017,0.17227,358764.8478171938,0.028,0
2026-09-14T13:18:54Z,10.105,17.2337,17.28,0.8026,0.1278,0.3384,2.9232,151.802,128.23378400000001,4.612,48.05,0.1439,359032.73180405964,0.028,0
2026-09-14T13:18:54Z,10.112,17.2336,17.37,0.8293,0.1278,0.2115,2.9837,151.822,128.250085,4.6122,48.091,0.16711,359152.5481714697,0.027,0
2026-09-14T13:18:54Z,10.119,17.2336,17.37,0.8065,0.1278,0.2115,3.0139,151.828,128.254506,4.6137,48.136,0.153,359184.4533149405,0.027,0
2026-09-14T13:18:54Z,10.125,17.2334,17.37,0.8522,0.1278,0.2115,2.9837,151.816,128.244225,4.6162,48.176,0.15831,359114.6209485893,0.026,0
2026-09-14T13:18:54Z,10.132,17.2331,17.37,0.8866,0.1278,0.2115,2.9988,151.778,128.212498,4.6195,48.207,0.14328,358892.2481701877,0.026,0
2026-09-14T13:18:54Z,10.138,17.2328,17.37,0.8599,0.1278,0.2538,2.9384,151.735,128.174879,4.6235,48.222,0.16175,358627.4685771704,0.027,0
2026-09-14T13:18:54Z,10.145,17.2326,17.37,0.9209,0.1278,0.2538,3.0441,151.717,128.157356,4.6278,48.217,0.15227,358505.485795957,0.027,0
2026-09-14T13:18:54Z,10.151,17.2327,17.37,0.8141,0.1278,0.2538,3.2405,151.714,128.151254,4.6317,48.195,0.14406,358459.31284743827,0.028,0
2026-09-14T13:18:54Z,10.159,17.2327,17.37,0.8141,0.1278,0.2538,3.1347,151.703,128.138936,4.6346,48.163,0.15147,358370.51859760884,0.028,0
2026-09-14T13:18:54Z,10.167,17.2323,17.37,0.795,0.1278,0.2961,3.0441,151.703,128.13713,4.6361,48.12,0.15571,358366.21917074476,0.029,0
2026-09-14T13:18:54Z,10.175,17.2315,17.37,0.8026,0.1278,0.2961,3.1952,151.724,128.153357,4.6357,48.066,0.14396,358500.6343119045,0.029,0
2026-09-14T13:18:54Z,10.182,17.2304,17.37,0.8599,0.1278,0.2961,3.0441,151.753,128.175935,4.6338,48.008,0.16573,358687.4327209558,0.028,0
2026-09-14T13:18:54Z,10.189,17.2295,17.37,0.8446,0.1278,0.2961,2.9686,151.778,128.194878,4.6307,47.949,0.14096,358843.7099484101,0.028,0
2026-09-14T13:18:54Z,10.195,17.2288,17.37,0.8751,0.1278,0.2961,2.8779,151.786,128.199225,4.6266,47.889,0.14719,358890.3511679557,0.027,0
2026-09-14T13:18:54Z,10.202,17.2282,17.37,0.8713,0.1278,0.2538,3.0139,151.791,128.202144,4.6215,47.829,0.14566,358924.5107257432,0.027,0
2026-09-14T13:18:54Z,10.209,17.2276,17.37,0.8179,0.1278,0.2538,3.2405,151.818,128.224424,4.616,47.771,0.13494,359098.3945919351,0.026,0
2026-09-14T13:18:54Z,10.215,17.2268,17.37,0.837,0.1278,0.2538,3.2103,151.856,128.255998,4.6104,47.721,0.12338,359343.8120520198,0.026,0
2026-09-14T13:18:54Z,10.222,17.2261,17.37,0.7988,0.1278,0.2538,3.1801,151.887,128.281271,4.6047,47.692,0.14318,359541.6378174149,0.026,0
2026-09-14T13:18:54Z,10.229,17.2257,17.37,0.795,0.0852,0.1692,3.1801,151.894,128.28697,4.599,47.687,0.14396,359591.55322157126,0.026,0
2026-09-14T13:18:54Z,10.235,17.2254,17.37,0.8446,0.0852,0.1692,3.2103,151.881,128.274617,4.5934,47.702,0.13999,359508.88266296923,0.027,0
2026-09-14T13:18:54Z,10.242,17.2253,17.37,0.856,0.0852,0.1692,3.2405,151.862,128.256925,4.5886,47.727,0.12867,359383.29208096536,0.027,0
2026-09-14T13:18:54Z,10.249,17.2251,17.37,0.8408,0.0852,0.1692,3.1649,151.837,128.23318,4.5858,47.747,0.13511,359216.21288116317,0.028,0
2026-09-14T13:18:54Z,10.256,17.2249,17.37,0.8904,0.0852,0.2961,3.1801,151.822,128.21706,4.5854,47.753,0.14726,359104.2146713093,0.029,0
2026-09-14T13:18:54Z,10.263,17.2246,17.37,0.8293,0.0852,0.2961,3.3613,151.826,128.216273,4.5869,47.743,0.14081,359105.0859509929,0.029,0
2026-09-14T13:18:54Z,10.271,17.2241,17.37,0.8217,0.0852,0.2961,3.3915,151.823,128.210599,4.5893,47.719,0.13135,359075.05245223426,0.03,0
2026-09-14T13:18:54Z,10.279,17.2232,17.37,0.7988,0.0852,0.2961,3.4067,151.827,128.21053,4.5914,47.684,0.13736,359094.2145027781,0.03,0
2026-09-14T13:18:54Z,10.287,17.2219,17.37,0.8217,0.1278,0.2115,3.4369,151.855,128.232057,4.5921,47.643,0.12626,359278.0359131315,0.03,0
2026-09-14T13:18:54Z,10.295,17.2206,17.37,0.8446,0.1278,0.2115,3.3009,151.881,128.252905,4.5912,47.596,0.16387,359457.02146210306,0.03,0
2026-09-14T13:18:54Z,10.302,17.2195,17.37,0.8065,0.1278,0.2115,3.1952,151.893,128.262624,4.589,47.546,0.12303,359551.28937731223,0.029,0
2026-09-14T13:18:54Z,10.31,17.2185,17.37,0.8065,0.1278,0.2115,3.1801,151.895,128.263805,4.5858,47.495,0.11607,359581.6982331573,0.027,0
2026-09-14T13:18:54Z,10.316,17.2178,17.37,0.8103,0.1278,0.2115,3.1801,151.882,128.252761,4.5818,47.444,0.12631,359517.2208872317,0.025,0
2026-09-14T13:18:54Z,10.323,17.2175,17.37,0.8293,0.1278,0.3384,2.8779,151.86,128.234552,4.5774,47.39,0.15565,359392.24556736695,0.023,0
2026-09-14T13:18:54Z,10.329,17.2173,17.37,0.795,0.1278,0.3384,2.9988,151.837,128.216329,4.5726,47.335,0.12,359265.0077513496,0.021,0
2026-09-14T13:18:54Z,10.334,17.2172,17.37,0.837,0.1278,0.3384,2.9837,151.818,128.201237,4.5677,47.285,0.11612,359158.2168260587,0.019,0
2026-09-14T13:18:54Z,10.338,17.2171,17.37,0.8026,0.1278,0.3384,2.9535,151.807,128.193256,4.5628,47.253,0.11597,359102.78000148956,0.018,0
2026-09-14T13:18:54Z,10.343,17.2172,17.37,0.8141,0.0852,0.0846,3.1801,151.801,128.190259,4.5576,47.243,0.11605,359078.95732002496,0.016,0
2026-09-14T13:18:54Z,10.346,17.2175,17.37,0.8141,0.0852,0.0846,3.2405,151.804,128.195447,4.5522,47.257,0.12322,359109.853902674,0.015,0
2026-09-14T13:18:54Z,10.35,17.2178,17.37,0.8217,0.0852,0.0846,3.1196,151.818,128.210205,4.5474,47.295,0.12157,359209.8485560812,0.014,0
2026-09-14T13:18:54Z,10.353,17.2183,17.37,0.8255,0.0852,0.0846,3.1801,151.826,128.218457,4.5442,47.345,0.12008,359258.5041307849,0.013,0
2026-09-14T13:18:54Z,10.357,17.2191,17.37,0.8446,0.1278,0.2961,3.2254,151.824,128.218401,4.5432,47.396,0.14011,359240.61066175264,0.014,0
2026-09-14T13:18:54Z,10.36,17.2199,17.37,0.9018,0.1278,0.2961,3.2103,151.824,128.218028,4.5445,47.442,0.11688,359220.4294647217,0.014,0
2026-09-14T13:18:54Z,10.363,17.2208,17.37,0.8942,0.1278,0.2961,3.2707,151.82,128.213234,4.548,47.477,0.14072,359166.1456289308,0.015,0
2026-09-14T13:18:54Z,10.367,17.2214,17.37,0.8713,0.1278,0.2961,3.1801,151.806,128.198741,4.5528,47.496,0.116,359048.41249441647,0.016,0
2026-09-14T13:18:54Z,10.372,17.221800000000002,17.37,0.8141,0.1278,0.2961,3.0894,151.79,128.182688,4.5577,47.496,0.14694,358923.81610225723,0.017,0
2026-09-14T13:18:54Z,10.376,17.2217,17.37,0.7912,0.1278,0.2538,3.1498,151.775,128.1688,4.5621,47.48,0.11605,358825.78533522284,0.018,0
2026-09-14T13:18:54Z,10.382,17.2212,17.37,0.8217,0.1278,0.2538,3.1498,151.76,128.157375,4.5656,47.454,0.13192,358754.2697835493,0.018,0
2026-09-14T13:18:54Z,10.387,17.2203,17.37,0.8179,0.1278,0.2538,3.1952,151.754,128.153372,4.5675,47.425,0.11605,358745.0342641137,0.019,0
2026-09-14T13:18:54Z,10.391,17.2196,17.37,0.7988,0.1278,0.2538,2.9232,151.758,128.157725,4.5675,47.399,0.11582,358791.7193006163,0.019,0
2026-09-14T13:18:54Z,10.396,17.2193,17.37,0.8332,0.1278,0.2115,2.893,151.783,128.177597,4.566,47.375,0.11623,358941.66615850717,0.019,0
2026-09-14T13:18:54Z,10.4,17.2195,17.37,0.7874,0.1278,0.2115,2.9384,151.816,128.204279,4.5635,47.355,0.11612,359129.8903946047,0.019,0
2026-09-14T13:18:54Z,10.405,17.2199,17.37,0.8141,0.1278,0.2115,2.9384,151.846,128.226878,4.5607,47.342,0.11623,359284.315401393,0.02,0
2026-09-14T13:18:54Z,10.41,17.2202,17.37,0.8293,0.1278,0.2115,2.9232,151.865,128.239411,4.5581,47.337,0.11612,359368.2628166016,0.02,0
2026-09-14T13:18:54Z,10.416,17.22,17.28,0.795,0.1278,0.1269,2.9081,151.865,128.237216,4.5559,47.34,0.11602,359356.78169691993,0.021,0
2026-09-14T13:18:54Z,10.421,17.2194,17.28,0.8103,0.1278,0.1269,3.0139,151.866,128.235718,4.5541,47.354,0.11605,359359.0803805961,0.022,0
2026-09-14T13:18:54Z,10.427,17.2185,17.28,0.8293,0.1278,0.1269,3.0441,151.867,128.234516,4.5528,47.38,0.11607,359370.07739523635,0.022,0
2026-09-14T13:18:54Z,10.432,17.2175,17.28,0.8751,0.1278,0.1269,3.1649,151.85,128.21728,4.5524,47.415,0.11615,359267.4634130172,0.023,0
2026-09-14T13:18:54Z,10.437,17.2167,17.37,0.8789,0.0852,0.2538,3.2707,151.823,128.191422,4.5528,47.456,0.11628,359098.24184132,0.025,0
2026-09-14T13:18:54Z,10.444,17.2159,17.37,0.8866,0.0852,0.2538,3.1498,151.794,128.162052,4.5542,47.501,0.11605,358903.7152444812,0.027,0
2026-09-14T13:18:54Z,10.451,17.2151,17.37,0.8942,0.0852,0.2538,3.2707,151.751,128.121338,4.5568,47.553,0.11612,358627.4050559927,0.028,0
2026-09-14T13:18:54Z,10.459,17.2142,17.37,0.8866,0.0852,0.2538,2.9686,151.714,128.086439,4.5603,47.611,0.116,358395.3264934909,0.029,0
2026-09-14T13:18:54Z,10.467,17.2131,17.37,0.8408,0.0852,0.2538,2.9535,151.703,128.076065,4.5643,47.676,0.11605,358344.5051026765,0.029,0
2026-09-14T13:18:54Z,10.475,17.2117,17.37,0.8942,0.0852,0.1692,2.9232,151.724,128.093451,4.5688,47.751,0.11612,358500.42363570817,0.028,0
2026-09-14T13:18:54Z,10.482,17.2103,17.37,0.8751,0.0852,0.1692,2.9535,151.784,128.145236,4.5739,47.837,0.11612,358904.6372120519,0.026,0
2026-09-14T13:18:54Z,10.489,17.2091,17.37,0.8103,0.0852,0.1692,2.742,151.865,128.215212,4.5796,47.932,0.11623,359436.1962511189,0.024,0
2026-09-14T13:18:54Z,10.494,17.2086,17.37,0.8103,0.0852,0.1692,2.7571,151.915,128.260004,4.586,48.031,0.11597,359770.84702153684,0.021,0
2026-09-14T13:18:54Z,10.498,17.2086,17.37,0.837,0.1278,0.2115,2.7873,151.935,128.279548,4.5932,48.12,0.116,359912.1468150607,0.019,0
2026-09-14T13:18:54Z,10.503,17.2089,17.37,0.8217,0.1278,0.2115,2.6966,151.948,128.293066,4.6014,48.188,0.11605,360003.3263450501,0.018,0
2026-09-14T13:18:54Z,10.507,17.2095,17.37,0.8713,0.1278,0.2115,2.7571,151.924,128.274144,4.6105,48.228,0.116,359853.3589218186,0.017,0
2026-09-14T13:18:54Z,10.511,17.2104,17.37,0.8637,0.1278,0.2115,2.7571,151.859,128.219739,4.6199,48.235,0.11607,359440.45711204427,0.017,0
2026-09-14T13:18:54Z,10.516,17.2113,17.37,0.8522,0.1278,0.3807,2.7722,151.8,128.169372,4.6284,48.209,0.11595,359057.0155552959,0.016,0
2026-09-14T13:18:54Z,10.52,17.2121,17.37,0.8713,0.1278,0.3807,2.6664,151.754,128.129626,4.6348,48.156,0.11595,358752.6587574869,0.016,0
2026-09-14T13:18:54Z,10.524,17.2126,17.37,0.8942,0.1278,0.3807,2.9837,151.717,128.095903,4.6386,48.09,0.11617,358498.4559174265,0.016,0
2026-09-14T13:18:54Z,10.528,17.2128,17.37,0.8637,0.1278,0.3807,3.0592,151.702,128.081224,4.6393,48.033,0.11592,358388.22624547035,0.015,0
2026-09-14T13:18:54Z,10.532,17.2126,17.37,0.8751,0.1278,0.3807,3.0894,151.704,128.081674,4.6368,48.003,0.11595,358395.8317496037,0.015,0
2026-09-14T13:18:54Z,10.535,17.212,17.37,0.8713,0.1278,0.2961,2.9837,151.714,128.089368,4.6318,48.005,0.11592,358464.40619273385,0.015,0
2026-09-14T13:18:54Z,10.539,17.2113,17.37,0.8789,0.1278,0.2961,2.9837,151.728,128.100355,4.6255,48.031,0.11612,358558.9270867476,0.014,0
2026-09-14T13:18:54Z,10.542,17.2106,17.37,0.8789,0.1278,0.2961,2.9988,151.741,128.111562,4.62,48.071,0.11615,358655.053208436,0.014,0
2026-09-14T13:18:54Z,10.546,17.2102,17.37,0.8522,0.1278,0.2961,2.9837,151.769,128.135982,4.6172,48.116,0.11605,358840.00398892176,0.013,0
2026-09-14T13:18:54Z,10.549,17.2099,17.28,0.8789,0.1278,0.2538,3.0139,151.822,128.182129,4.6174,48.159,0.11602,359179.71387370426,0.013,0
2026-09-14T13:18:54Z,10.552,17.2098,17.28,0.8637,0.1278,0.2538,2.9232,151.867,128.220284,4.62,48.195,0.11612,359457.5041104965,0.013,0
2026-09-14T13:18:54Z,10.556,17.2098,17.28,0.9018,0.1278,0.2538,2.8628,151.878,128.230604,4.6238,48.213,0.11615,359532.0693359544,0.012,0
2026-09-14T13:18:54Z,10.559,17.2101,17.28,0.9514,0.1278,0.2538,2.6664,151.869,128.223848,4.628,48.202,0.11612,359476.68870564876,0.012,0
2026-09-14T13:18:54Z,10.562,17.2104,17.37,0.9552,0.1278,0.2538,2.742,151.848,128.206216,4.6322,48.167,0.116,359342.74611173826,0.012,0
2026-09-14T13:18:54Z,10.565,17.2107,17.37,0.9056,0.1278,0.2538,2.6211,151.828,128.189017,4.6357,48.122,0.11592,359211.9629779334,0.012,0
2026-09-14T13:18:54Z,10.568,17.2109,17.37,0.9934,0.1278,0.2538,2.7873,151.818,128.179672,4.6373,48.08,0.1161,359140.1063940237,0.011,0
2026-09-14T13:18:54Z,10.571,17.211,17.37,0.9743,0.1278,0.2538,2.7118,151.809,128.171686,4.6363,48.046,0.11617,359080.2569560489,0.011,0
2026-09-14T13:18:54Z,10.573,17.2111,17.37,0.9972,0.0852,0.2538,2.6664,151.798,128.162929,4.6329,48.025,0.11607,359014.84736764536,0.011,0
2026-09-14T13:18:54Z,10.576,17.211,17.37,0.9934,0.0852,0.2538,2.6815,151.793,128.159072,4.6285,48.021,0.11605,358989.18651772285,0.01,0
2026-09-14T13:18:54Z,10.579,17.2108,17.37,1.0048,0.0852,0.2538,2.7269,151.782,128.15108,4.6245,48.037,0.11605,358935.86225685495,0.01,0
2026-09-14T13:18:54Z,10.581,17.2107,17.37,0.9743,0.0852,0.2538,2.7269,151.764,128.136823,4.6213,48.064,0.11607,358835.14116076694,0.01,0
2026-09-14T13:18:54Z,10.584,17.2108,17.37,1.0163,0.0852,0.2538,2.6966,151.763,128.136512,4.6192,48.093,0.11605,358830.7121065437,0.01,0
2026-09-14T13:18:54Z,10.586,17.211,17.37,0.9896,0.1278,0.2538,2.7873,151.763,128.138057,4.6189,48.116,0.11585,358837.49396975455,0.01,0
2026-09-14T13:18:54Z,10.588,17.2113,17.37,1.0086,0.1278,0.2538,2.7269,151.742,128.121861,4.6204,48.129,0.11617,358714.0663370134,0.01,0
2026-09-14T13:18:54Z,10.591,17.2116,17.37,1.0277,0.1278,0.2538,2.7571,151.722,128.103614,4.6229,48.129,0.1161,358575.8705980469,0.01,0
2026-09-14T13:18:54Z,10.593,17.212,17.37,0.9857,0.1278,0.2538,2.7571,151.709,128.090457,4.6256,48.111,0.11597,358472.23827629344,0.01,0
2026-09-14T13:18:54Z,10.596,17.2125,17.37,0.9934,0.1278,0.2538,2.742,151.699,128.078883,4.6278,48.079,0.11607,358377.8607222778,0.011,0
2026-09-14T13:18:54Z,10.599,17.2128,17.37,0.9476,0.1278,0.2538,2.9535,151.701,128.077812,4.6291,48.043,0.116,358363.59427559556,0.011,0
2026-09-14T13:18:54Z,10.602,17.2125,17.37,0.9514,0.1278,0.2538,3.0441,151.715,128.086958,4.6291,48.002,0.11612,358436.0926636162,0.011,0
2026-09-14T13:18:54Z,10.605,17.2118,17.37,0.9323,0.1278,0.2538,2.9988,151.721,128.088749,4.6275,47.955,0.11605,358464.277972834,0.011,0
2026-09-14T13:18:54Z,10.608,17.2108,17.37,0.9209,0.0852,0.2115,2.9837,151.708,128.075656,4.6245,47.898,0.11612,358391.66123576596,0.012,0
2026-09-14T13:18:54Z,10.611,17.2098,17.37,0.9362,0.0852,0.2115,2.9535,151.693,128.060198,4.6211,47.831,0.11605,358301.9964503431,0.012,0
2026-09-14T13:18:54Z,10.614,17.2088,17.37,0.9209,0.0852,0.2115,3.1196,151.694,128.058264,4.6173,47.761,0.116,358309.85496283026,0.013,0
2026-09-14T13:18:54Z,10.617,17.2079,17.37,0.9285,0.0852,0.2115,2.9535,151.705,128.065336,4.6128,47.688,0.116,358380.481263359,0.013,0
2026-09-14T13:18:54Z,10.621,17.207,17.37,0.9438,0.0852,0.2115,3.029,151.704,128.063288,4.6074,47.602,0.1163,358385.3394095835,0.014,0
2026-09-14T13:18:54Z,10.625,17.2061,17.37,0.9362,0.1278,0.2538,3.1347,151.703,128.061579,4.6011,47.487,0.11612,358392.64233615546,0.014,0
2026-09-14T13:18:54Z,10.628,17.2052,17.37,0.9133,0.1278,0.2538,2.9535,151.718,128.073762,4.5944,47.333,0.11597,358500.15433605417,0.014,0
2026-09-14T13:18:54Z,10.632,17.2045,17.37,0.9514,0.1278,0.2538,2.9232,151.733,128.085075,4.5875,47.134,0.11617,358597.048409214,0.014,0
2026-09-14T13:18:54Z,10.635,17.204,17.37,0.9247,0.1278,0.2538,3.0139,151.739,128.08853,4.5792,46.895,0.11612,358632.8899547502,0.014,0
2026-09-14T13:18:54Z,10.639,17.2038,17.37,0.9133,0.1278,0.1692,3.1498,151.746,128.093051,4.5682,46.628,0.11612,358669.8782013548,0.014,0
2026-09-14T13:18:54Z,10.643,17.2036,17.37,0.9705,0.1278,0.1692,3.1801,151.742,128.087839,4.5533,46.346,0.11605,358636.632099433,0.014,0
2026-09-14T13:18:54Z,10.646,17.2032,17.37,0.959,0.1278,0.1692,3.1952,151.71,128.059495,4.5342,46.07,0.11625,358440.8625028912,0.013,0
2026-09-14T13:18:54Z,10.65,17.2026,17.37,0.9285,0.1278,0.1692,3.1801,151.665,128.020473,4.5113,45.825,0.11592,358172.5174757504,0.013,0
2026-09-14T13:18:54Z,10.653,17.2022,17.37,0.9438,0.1704,0.2538,3.6635,151.631,127.990385,4.4857,45.617,0.11597,357964.3231663397,0.012,0
2026-09-14T13:18:54Z,10.656,17.2017,17.37,0.9285,0.1704,0.2538,3.6937,151.606,127.96721,4.4586,45.434,0.11605,357808.19012638304,0.011,0
2026-09-14T13:18:54Z,10.659,17.2013,17.37,0.9323,0.1704,0.2538,3.6332,151.576,127.940764,4.4321,45.266,0.11597,357626.3534794256,0.011,0
2026-09-14T13:18:54Z,10.661,17.2008,17.37,0.94,0.1704,0.2538,3.5426,151.57,127.934014,4.4086,45.107,0.11607,357588.61024764174,0.01,0
2026-09-14T13:18:54Z,10.664,17.2003,17.37,1.0735,0.1278,0.2538,3.2556,151.595,127.953164,4.3886,44.956,0.11605,357737.46067918994,0.009,0
2026-09-14T13:18:54Z,10.666,17.1999,17.37,1.0659,0.1278,0.2538,3.2707,151.627,127.977305,4.371,44.824,0.11612,357920.14764065994,0.009,0
2026-09-14T13:18:54Z,10.668,17.1994,17.37,1.0468,0.1278,0.2538,3.1649,151.648,127.992865,4.3549,44.715,0.11607,358043.20752847334,0.008,0
2026-09-14T13:18:54Z,10.67,17.1988,17.37,1.0506,0.1278,0.2538,3.2103,151.642,127.985981,4.3396,44.627,0.11605,358006.6536302841,0.008,0
2026-09-14T13:18:54Z,10.672,17.1981,17.37,1.001,0.1278,0.2538,3.1801,151.617,127.962824,4.3252,44.557,0.11595,357854.98334908724,0.007,0
2026-09-14T13:18:54Z,10.674,17.1973,17.28,0.9819,0.1278,0.2115,3.1045,151.602,127.949235,4.3126,44.501,0.116,357774.47232000175,0.007,0
2026-09-14T13:18:54Z,10.676,17.1966,17.28,1.0086,0.1278,0.2115,3.1801,151.616,127.9596,4.3022,44.451,0.116,357864.4191976577,0.007,0
2026-09-14T13:18:54Z,10.677,17.1959,17.28,0.9972,0.1278,0.2115,3.3764,151.646,127.984678,4.2938,44.396,0.11605,358060.457330967,0.007,0
2026-09-14T13:18:54Z,10.679,17.1953,17.28,1.0849,0.1278,0.2115,3.4369,151.68,128.013145,4.287,44.32,0.11617,358278.8312298604,0.007,0
2026-09-14T13:18:54Z,10.681,17.1948,17.28,1.0582,0.0852,0.2115,3.4973,151.699,128.028579,4.2817,44.205,0.11597,358401.075303894,0.007,0
2026-09-14T13:18:54Z,10.682,17.1945,17.28,1.0887,0.0852,0.2115,3.4822,151.691,128.021088,4.2769,44.04,0.11605,358353.5764606193,0.006,0
2026-09-14T13:18:54Z,10.684,17.1943,17.28,1.0353,0.0852,0.2115,3.3462,151.672,128.004683,4.2717,43.821,0.11585,358239.6024324947,0.006,0
2026-09-14T13:18:54Z,10.685,17.1942,17.28,0.9476,0.0852,0.2115,3.3764,151.651,127.986996,4.2644,43.553,0.11623,358114.2242588997,0.006,0
2026-09-14T13:18:54Z,10.687,17.1941,17.37,0.9476,0.1278,0.2961,3.4067,151.631,127.969315,4.2534,43.237,0.116,357988.91595511435,0.006,0
2026-09-14T13:18:54Z,10.688,17.194,17.37,0.9171,0.1278,0.2961,3.4973,151.625,127.962933,4.2375,42.873,0.11615,357945.0838373119,0.006,0
2026-09-14T13:18:54Z,10.69,17.1939,17.37,0.9133,0.1278,0.2961,3.3764,151.634,127.97015,4.2164,42.469,0.11607,357999.2933383797,0.006,0
2026-09-14T13:18:54Z,10.692,17.1937,17.37,0.8866,0.1278,0.2961,3.4822,151.639,127.97288,4.1906,42.047,0.11615,358023.3344682507,0.007,0
2026-09-14T13:18:54Z,10.693,17.1934,17.37,0.8866,0.1278,0.2961,3.3462,151.627,127.961846,4.1602,41.634,0.11597,357950.3190904806,0.007,0
2026-09-14T13:18:54Z,10.695,17.1931,17.28,0.9018,0.1278,0.2538,3.5124,151.616,127.952114,4.1252,41.264,0.11595,357886.6976302997,0.007,0
2026-09-14T13:18:54Z,10.697,17.1928,17.28,0.8637,0.1278,0.2538,3.603,151.61,127.947093,4.0864,40.966,0.11607,357857.03889282537,0.008,0
2026-09-14T13:18:54Z,10.699,17.1925,17.28,0.8637,0.1278,0.2538,3.739,151.598,127.93744,4.0458,40.757,0.11595,357793.9949590509,0.008,0
2026-09-14T13:18:54Z,10.701,17.1923,17.28,0.8866,0.1278,0.2538,3.6181,151.607,127.946594,4.0061,40.639,0.11597,357864.3322132703,0.008,0
2026-09-14T13:18:54Z,10.703,17.192,17.37,0.8599,0.1278,0.2538,3.6937,151.653,127.989005,3.9705,40.599,0.116,358176.66936511715,0.008,0
2026-09-14T13:18:54Z,10.705,17.192,17.37,0.8484,0.1278,0.2538,3.7994,151.688,128.023951,3.9418,40.613,0.11605,358428.7649617569,0.007,0
2026-09-14T13:18:54Z,10.707,17.1922,17.37,0.9285,0.1278,0.2538,3.5275,151.691,128.032736,3.9216,40.651,0.116,358487.7909669178,0.007,0
2026-09-14T13:18:54Z,10.709,17.1928,17.37,0.94,0.1278,0.2538,3.3462,151.684,128.035714,3.9102,40.706,0.116,358496.18595062784,0.007,0
2026-09-14T13:18:54Z,10.711,17.1939,17.28,0.9209,0.0852,0.2115,3.4671,151.672,128.035679,3.9063,40.788,0.11602,358471.92807861033,0.007,0
2026-09-14T13:18:54Z,10.712,17.1955,17.28,0.9209,0.0852,0.2115,3.4369,151.67,128.044631,3.9075,40.901,0.11617,358501.607305297,0.007,0
2026-09-14T13:18:54Z,10.714,17.1978,17.28,0.8713,0.0852,0.2115,3.2103,151.693,128.074962,3.911,41.055,0.11617,358670.2892892324,0.007,0
2026-09-14T13:18:54Z,10.716,17.2007,17.28,0.8789,0.0852,0.2115,3.1045,151.723,128.108745,3.9161,41.277,0.11607,358850.8156043232,0.008,0
2026-09-14T13:18:54Z,10.718,17.204,17.37,0.8713,0.1278,0.423,3.1952,151.734,128.124975,3.9237,41.592,0.11595,358895.8996844537,0.008,0
2026-09-14T13:18:54Z,10.72,17.2075,17.37,0.856,0.1278,0.423,3.2707,151.722,128.119973,3.9343,42.013,0.1161,358783.3554878922,0.008,0
2026-09-14T13:18:54Z,10.722,17.2109,17.37,0.959,0.1278,0.423,2.9837,151.706,128.108416,3.9488,42.527,0.11607,358625.73891738564,0.008,0
2026-09-14T13:18:54Z,10.724,17.2138,17.37,0.9285,0.1278,0.423,2.9232,151.694,128.099229,3.9699,43.098,0.11617,358496.18891940743,0.008,0
2026-09-14T13:18:54Z,10.726,17.2161,17.37,0.9514,0.1278,0.423,2.9232,151.693,128.097966,4.0001,43.683,0.11605,358436.90861484135,0.009,0
2026-09-14T13:18:54Z,10.729,17.2176,17.28,0.9285,0.0852,0.2115,3.0139,151.698,128.100287,4.0404,44.247,0.11612,358420.92887981667,0.009,0
2026-09-14T13:18:54Z,10.731,17.2184,17.28,0.9934,0.0852,0.2115,3.029,151.698,128.096807,4.0898,44.749,0.11585,358378.3886721985,0.009,0
2026-09-14T13:18:54Z,10.733,17.2186,17.28,0.9819,0.0852,0.2115,2.9837,151.699,128.092601,4.1447,45.147,0.11595,358343.70137610484,0.008,0
2026-09-14T13:18:54Z,10.735,17.2185,17.28,0.9934,0.0852,0.2115,2.9535,151.693,128.084545,4.201,45.418,0.11605,358287.80145293113,0.008,0
2026-09-14T13:18:54Z,10.738,17.2179,17.37,1.001,0.1278,0.2538,2.9535,151.691,128.082497,4.2553,45.555,0.1162,358286.1170486082,0.008,0
2026-09-14T13:18:54Z,10.74,17.2167,17.37,0.8522,0.1278,0.2538,3.0441,151.7,128.091915,4.3036,45.56,0.1161,358380.1843195582,0.008,0
2026-09-14T13:18:54Z,10.742,17.2152,17.37,0.8522,0.1278,0.2538,3.0139,151.703,128.097301,4.3421,45.449,0.1161,358451.737690937,0.008,0
2026-09-14T13:18:54Z,10.744,17.2141,17.37,0.8827,0.1278,0.2538,2.9686,151.714,128.110096,4.3682,45.257,0.11612,358568.01891712035,0.008,0
2026-09-14T13:18:54Z,10.746,17.214,17.28,0.8522,0.1278,0.2961,3.0441,151.738,128.133712,4.3814,45.033,0.1159,358740.5755708919,0.008,0
2026-09-14T13:18:54Z,10.749,17.2146,17.28,0.837,0.1278,0.2961,3.2103,151.734,128.134424,4.3818,44.824,0.11615,358732.61404151854,0.008,0
2026-09-14T13:18:54Z,10.751,17.2155,17.28,0.8789,0.1278,0.2961,3.2556,151.702,128.110422,4.371,44.677,0.11602,358539.82130233804,0.008,0
2026-09-14T13:18:54Z,10.753,17.2166,17.28,0.8637,0.1278,0.2961,3.1801,151.68,128.093327,4.3525,44.627,0.11612,358392.54147535504,0.008,0
2026-09-14T13:18:54Z,10.755,17.2179,17.28,0.8599,0.1278,0.2961,3.3009,151.667,128.080581,4.3307,44.685,0.11607,358272.2977181145,0.008,0
2026-09-14T13:18:54Z,10.756,17.2191,17.37,0.8866,0.1704,0.2538,3.5426,151.648,128.058781,4.3106,44.841,0.11597,358089.01310060284,0.007,0
2026-09-14T13:18:54Z,10.758,17.2201,17.37,0.8599,0.1704,0.2538,3.5124,151.636,128.040122,4.2964,45.061,0.11617,357932.7808056709,0.007,0
2026-09-14T13:18:54Z,10.76,17.2206,17.37,0.8637,0.1704,0.2538,3.2858,151.641,128.033636,4.2915,45.291,0.11607,357875.165774424,0.008,0
2026-09-14T13:18:54Z,10.762,17.22,17.37,0.8713,0.1704,0.2538,3.4973,151.649,128.031589,4.2972,45.467,0.11612,357873.4841247762,0.008,0
2026-09-14T13:18:54Z,10.764,17.2182,17.37,0.8522,0.1278,0.2961,3.6786,151.657,128.031435,4.3124,45.52,0.11612,357911.57219482685,0.008,0
2026-09-14T13:18:54Z,10.766,17.2153,17.37,0.8789,0.1278,0.2961,3.6635,151.67,128.037134,4.3338,45.375,0.11582,358015.8031095487,0.008,0
2026-09-14T13:18:54Z,10.768,17.2119,17.37,0.8789,0.1278,0.2961,3.7692,151.684,128.046203,4.3562,44.973,0.116,358155.25508799276,0.009,0
2026-09-14T13:18:54Z,10.77,17.2089,17.37,0.8866,0.1278,0.2961,3.6635,151.705,128.063062,4.3734,44.308,0.11607,358342.2136736061,0.009,0
2026-09-14T13:18:54Z,10.773,17.2067,17.37,0.8866,0.1278,0.2115,3.3613,151.723,128.078199,4.3787,43.445,0.116,358499.3792003614,0.01,0
2026-09-14T13:18:54Z,10.775,17.2051,17.37,0.8713,0.1278,0.2115,3.3613,151.709,128.065632,4.3649,42.496,0.11612,358443.6323950836,0.01,0
2026-09-14T13:18:54Z,10.778,17.2042,17.37,0.8599,0.1278,0.2115,3.4369,151.67,128.032018,4.3263,41.592,0.11605,358220.8333553592,0.011,0
2026-09-14T13:18:54Z,10.781,17.2038,17.37,0.8789,0.1278,0.2115,3.316,151.632,127.998408,4.2624,40.848,0.116,357987.2434106693,0.012,0
2026-09-14T13:18:54Z,10.784,17.2037,17.37,0.8599,0.1278,0.2961,3.3009,151.607,127.975851,4.1794,40.347,0.116,357826.8525571919,0.012,0
2026-09-14T13:18:54Z,10.787,17.2035,17.37,0.8789,0.1278,0.2961,3.5124,151.604,127.972341,4.0881,40.121,0.11605,357805.9138508179,0.013,0
2026-09-14T13:18:54Z,10.791,17.2033,17.37,0.856,0.1278,0.2961,3.316,151.623,127.986941,4.0011,40.152,0.11615,357915.4833548672,0.013,0
2026-09-14T13:18:54Z,10.794,17.2028,17.37,0.8866,0.1278,0.2961,3.4067,151.659,128.01554,3.9296,40.369,0.11615,358132.53436440346,0.013,0
2026-09-14T13:18:54Z,10.798,17.2024,17.37,0.8332,0.1278,0.2961,3.7088,151.7,128.047754,3.8814,40.68,0.11617,358373.5645452271,0.012,0
2026-09-14T13:18:54Z,10.801,17.2021,17.37,0.7988,0.0852,0.3384,3.6635,151.727,128.06816,3.8597,41.006,0.1161,358527.3159667177,0.012,0
2026-09-14T13:18:54Z,10.804,17.2016,17.37,0.7874,0.0852,0.3384,3.6786,151.728,128.068191,3.8627,41.284,0.1162,358538.44956315163,0.011,0
2026-09-14T13:18:54Z,10.806,17.2009,17.37,0.8103,0.0852,0.3384,3.6635,151.704,128.047855,3.8836,41.476,0.11615,358407.0103064674,0.01,0
2026-09-14T13:18:54Z,10.808,17.2,17.37,0.8026,0.0852,0.3384,3.6635,151.663,128.013736,3.9137,41.58,0.11602,358180.55983451824,0.009,0
2026-09-14T13:18:54Z,10.811,17.1994,17.37,0.8141,0.0852,0.3384,3.6937,151.617,127.974747,3.9451,41.611,0.11602,357912.54722548806,0.009,0
2026-09-14T13:18:54Z,10.813,17.1992,17.37,0.8217,0.0852,0.3384,3.6332,151.585,127.948506,3.9718,41.59,0.116,357727.7917309045,0.009,0
2026-09-14T13:18:54Z,10.815,17.1991,17.37,0.8141,0.0852,0.3384,3.6484,151.57,127.93602,3.9903,41.535,0.11617,357640.00602941465,0.008,0
2026-09-14T13:18:54Z,10.817,17.1991,17.37,0.8866,0.0852,0.3384,3.9656,151.556,127.923954,4.0004,41.451,0.11612,357553.08218653867,0.008,0
2026-09-14T13:18:54Z,10.819,17.1992,17.37,0.8751,0.0852,0.2538,3.8296,151.551,127.919096,4.0033,41.34,0.1162,357515.91207322094,0.008,0
2026-09-14T13:18:54Z,10.821,17.1994,17.37,0.8827,0.0852,0.2538,3.7994,151.56,127.926153,4.0012,41.212,0.11612,357562.39197765425,0.008,0
2026-09-14T13:18:54Z,10.823,17.1995,17.37,0.8751,0.0852,0.2538,3.8598,151.576,127.939002,3.9959,41.077,0.11605,357652.7792840421,0.008,0
2026-09-14T13:18:54Z,10.825,17.1995,17.37,0.8599,0.0852,0.2538,3.6332,151.59,127.951066,3.9879,40.936,0.11615,357739.7011323074,0.008,0
2026-09-14T13:18:54Z,10.827,17.1993,17.37,0.8866,0.0852,0.2538,3.6937,151.605,127.963559,3.9772,40.794,0.11605,357834.0836350611,0.007,0
2026-09-14T13:18:54Z,10.829,17.1991,17.37,0.8789,0.1278,0.2961,3.6635,151.628,127.983816,3.9649,40.662,0.11612,357984.44824964483,0.007,0
2026-09-14T13:18:54Z,10.831,17.199,17.37,0.8637,0.1278,0.2961,3.6484,151.649,128.00323,3.9519,40.552,0.11617,358126.5949233503,0.006,0
2026-09-14T13:18:54Z,10.832,17.1989,17.37,0.9362,0.1278,0.2961,3.7088,151.649,128.004966,3.9383,40.473,0.11612,358141.291642997,0.006,0
2026-09-14T13:18:54Z,10.834,17.1989,17.37,0.9247,0.1278,0.2961,3.7692,151.627,127.989487,3.9247,40.424,0.11612,358029.68735665624,0.005,0
2026-09-14T13:18:54Z,10.835,17.1991,17.37,0.9438,0.1278,0.2538,3.7239,151.597,127.968673,3.912,40.402,0.11612,357875.2944910813,0.005,0
2026-09-14T13:18:54Z,10.836,17.1995,17.37,0.9285,0.1278,0.2538,3.739,151.575,127.954986,3.9014,40.403,0.11595,357767.94409448694,0.004,0
2026-09-14T13:18:54Z,10.837,17.2002,17.37,0.9896,0.1278,0.2538,3.6937,151.563,127.950779,3.8937,40.439,0.11595,357722.3871164243,0.004,0
2026-09-14T13:18:54Z,10.838,17.2013,17.37,0.9934,0.1278,0.2538,3.739,151.549,127.942924,3.889,40.517,0.11597,357641.8458663265,0.004,0
2026-09-14T13:18:54Z,10.839,17.2027,17.37,0.9819,0.1278,0.2961,3.6484,151.528,127.927326,3.8867,40.63,0.11623,357499.02216661524,0.005,0
2026-09-14T13:18:54Z,10.84,17.2044,17.37,1.0124,0.1278,0.2961,3.6786,151.506,127.909829,3.8867,40.768,0.11595,357336.0451536912,0.005,0
2026-09-14T13:18:54Z,10.841,17.2062,17.37,0.9857,0.1278,0.2961,3.6332,151.492,127.897776,3.89,40.918,0.11597,357210.1367305874,0.006,0
2026-09-14T13:18:54Z,10.843,17.2077,17.37,1.0468,0.1278,0.2961,3.6332,151.483,127.889953,3.8973,41.067,0.11607,357121.2266080344,0.006,0
2026-09-14T13:18:54Z,10.844,17.2084,17.37,1.0544,0.1278,0.1269,3.6937,151.48,127.886275,3.9082,41.198,0.11602,357079.5450986139,0.007,0
2026-09-14T13:18:54Z,10.846,17.2086,17.37,1.0582,0.1278,0.1269,3.6786,151.503,127.903772,3.9214,41.295,0.11597,357201.1185501941,0.007,0
2026-09-14T13:18:54Z,10.848,17.2085,17.37,1.0697,0.1278,0.1269,3.6635,151.544,127.935103,3.9359,41.343,0.1161,357428.8401356915,0.008,0
2026-09-14T13:18:54Z,10.85,17.2084,17.37,0.9934,0.1278,0.1269,3.9354,151.569,127.952602,3.9502,41.341,0.11607,357557.02706113196,0.008,0
2026-09-14T13:18:54Z,10.852,17.2082,17.37,1.0277,0.1278,0.1269,3.9203,151.562,127.942924,3.9629,41.295,0.11605,357491.6818843042,0.008,0
2026-09-14T13:18:54Z,10.854,17.2075,17.37,1.0086,0.1278,0.2538,3.8447,151.526,127.909493,3.9722,41.211,0.116,357266.20954114123,0.008,0
2026-09-14T13:18:54Z,10.856,17.2064,17.37,0.9896,0.1278,0.2538,3.9656,151.489,127.875411,3.9769,41.091,0.11607,357044.8241598502,0.008,0
2026-09-14T13:18:54Z,10.859,17.2051,17.37,1.062,0.1278,0.2538,3.9656,151.471,127.857604,3.9768,40.934,0.11595,356944.9395169332,0.008,0
2026-09-14T13:18:54Z,10.861,17.2039,17.37,1.062,0.1278,0.2538,3.8901,151.462,127.847322,3.9725,40.748,0.11597,356897.02993172285,0.007,0
2026-09-14T13:18:54Z,10.863,17.2029,17.37,1.0659,0.0852,0.3807,3.9203,151.454,127.83782,3.9645,40.55,0.11605,356850.3893130321,0.007,0
2026-09-14T13:18:54Z,10.864,17.2019,17.37,1.0468,0.0852,0.3807,3.9354,151.457,127.838571,3.953,40.352,0.11602,356877.5114989375,0.007,0
2026-09-14T13:18:54Z,10.866,17.2011,17.37,0.9934,0.0852,0.3807,4.0713,151.472,127.849776,3.938,40.166,0.11605,356975.51337224647,0.007,0
2026-09-14T13:18:54Z,10.868,17.2002,17.37,1.001,0.0852,0.3807,4.1922,151.489,127.862415,3.9202,39.998,0.11602,357086.02981706825,0.006,0
2026-09-14T13:18:54Z,10.87,17.1994,17.37,0.9934,0.0852,0.2115,4.1771,151.506,127.875857,3.9012,39.856,0.11615,357200.1784635929,0.006,0
2026-09-14T13:18:54Z,10.871,17.1987,17.37,0.9857,0.0852,0.2115,4.2224,151.533,127.897688,3.8823,39.744,0.11605,357372.58758711134,0.005,0
2026-09-14T13:18:54Z,10.873,17.1982,17.37,1.043,0.0852,0.2115,3.8901,151.559,127.919723,3.8643,39.664,0.11617,357542.1697652083,0.004,0
2026-09-14T13:18:54Z,10.874,17.1978,17.37,1.0887,0.0852,0.2115,3.8145,151.554,127.917819,3.8482,39.612,0.11597,357537.1591487976,0.003,0
2026-09-14T13:18:54Z,10.874,17.1975,17.37,1.0659,0.0852,0.2115,3.8901,151.535,127.905477,3.8346,39.583,0.11612,357454.7880937476,0.003,0
2026-09-14T13:18:54Z,10.875,17.1973,17.37,1.0735,0.1278,0.2538,3.8447,151.519,127.895415,3.8239,39.58,0.116,357386.67139260255,0.002,0
2026-09-14T13:18:54Z,10.875,17.1974,17.37,1.001,0.1278,0.2538,3.8901,151.475,127.862938,3.8162,39.609,0.11617,357150.65485895495,0.001,0
2026-09-14T13:18:54Z,10.875,17.198,17.37,0.9705,0.1278,0.2538,3.875,151.421,127.821398,3.811,39.679,0.1162,356838.6622186419,0.001,0
2026-09-14T13:18:54Z,10.875,17.1992,17.37,0.9972,0.1278,0.2538,3.875,151.4,127.805744,3.8081,39.795,0.116,356699.99079861597,0.001,0
2026-09-14T13:18:54Z,10.875,17.2004,17.37,0.9857,0.1278,0.2115,3.9354,151.413,127.815804,3.8077,39.953,0.11605,356746.29847078334,0.002,0
2026-09-14T13:18:54Z,10.875,17.2019,17.37,1.0582,0.1278,0.2115,4.0864,151.447,127.842254,3.8105,40.141,0.11612,356904.0056233106,0.003,0
2026-09-14T13:18:54Z,10.876,17.2032,17.37,1.0735,0.1278,0.2115,4.0562,151.496,127.88014,3.8171,40.335,0.11595,357148.3972539917,0.004,0
2026-09-14T13:18:54Z,10.878,17.2039,17.37,1.0735,0.1278,0.2115,4.1771,151.555,127.927558,3.8282,40.5,0.11595,357474.5688786067,0.006,0
2026-09-14T13:18:54Z,10.879,17.2037,17.46,1.0506,0.1278,0.3384,4.1771,151.614,127.97514,3.8434,40.602,0.11605,357821.69237750955,0.007,0
2026-09-14T13:18:54Z,10.881,17.2028,17.46,1.0468,0.1278,0.3384,3.9958,151.643,127.999554,3.8616,40.624,0.11605,358017.2546012405,0.008,0
2026-09-14T13:18:54Z,10.884,17.2017,17.46,1.0582,0.1278,0.3384,3.9958,151.638,127.997305,3.8804,40.566,0.11623,358025.01142623596,0.008,0
2026-09-14T13:18:54Z,10.886,17.2008,17.46,1.0735,0.1278,0.3384,3.9505,151.619,127.983802,3.8963,40.45,0.11602,357947.2858347462,0.009,0
2026-09-14T13:18:54Z,10.888,17.2002,17.46,1.0506,0.0852,0.3384,3.8145,151.593,127.96545,3.9062,40.312,0.11617,357828.0864670112,0.009,0
2026-09-14T13:18:54Z,10.89,17.2001,17.46,1.1154,0.0852,0.3384,4.1167,151.565,127.94536,3.9083,40.187,0.11607,357685.4995362472,0.009,0
2026-09-14T13:18:54Z,10.892,17.2006,17.46,1.1421,0.0852,0.3384,4.1318,151.538,127.92418,3.9026,40.105,0.11607,357522.0384448516,0.009,0
2026-09-14T13:18:54Z,10.895,17.2017,17.46,1.0926,0.0852,0.3384,4.1469,151.516,127.904265,3.8915,40.084,0.116,357354.6849949282,0.01,0
2026-09-14T13:18:54Z,10.897,17.2029,17.46,1.1383,0.0852,0.3384,4.0562,151.514,127.900315,3.878,40.119,0.11617,357300.14578533574,0.01,0
2026-09-14T13:18:54Z,10.9,17.204,17.55,1.0582,0.1278,0.2961,3.9203,151.539,127.919282,3.8659,40.195,0.11597,357412.78726859443,0.011,0
2026-09-14T13:18:54Z,10.903,17.2044,17.55,1.0353,0.1278,0.2961,3.9203,151.568,127.94021,3.858,40.289,0.11612,357554.8003680163,0.012,0
2026-09-14T13:18:54Z,10.906,17.2041,17.55,1.0659,0.1278,0.2961,3.8598,151.574,127.940662,3.856,40.377,0.1161,357564.5833386176,0.013,0
2026-09-14T13:18:54Z,10.909,17.2035,17.55,1.0735,0.1278,0.2961,3.8901,151.567,127.928764,3.8594,40.442,0.11612,357491.9450696032,0.014,0
2026-09-14T13:18:54Z,10.913,17.2028,17.55,0.9171,0.1278,0.2538,4.2073,151.554,127.911347,3.8668,40.468,0.11605,357381.74713589234,0.015,0
2026-09-14T13:18:54Z,10.916,17.2016,17.55,0.9438,0.1278,0.2538,4.162,151.516,127.873763,3.8759,40.443,0.11595,357137.2608570183,0.016,0
2026-09-14T13:18:54Z,10.921,17.2,17.55,0.9438,0.1278,0.2538,4.2224,151.471,127.830001,3.8845,40.374,0.11615,356857.10112348397,0.016,0
2026-09-14T13:18:54Z,10.925,17.1981,17.55,0.9171,0.1278,0.2538,4.1771,151.461,127.816417,3.8909,40.272,0.1162,356800.6350273681,0.017,0
2026-09-14T13:18:54Z,10.93,17.196,17.64,0.9133,0.1278,0.2115,3.9807,151.479,127.827389,3.8936,40.152,0.11605,356925.19601103617,0.017,0
2026-09-14T13:18:54Z,10.934,17.1939,17.64,0.9514,0.1278,0.2115,3.9354,151.486,127.829822,3.8914,40.033,0.116,356988.3338054904,0.018,0
2026-09-14T13:18:54Z,10.938,17.192,17.64,0.9514,0.1278,0.2115,3.9807,151.482,127.824365,3.8849,39.921,0.11595,356990.34386182786,0.019,0
2026-09-14T13:18:54Z,10.943,17.1903,17.64,0.9285,0.1278,0.2115,3.8598,151.491,127.829574,3.8752,39.82,0.11602,357064.78627902106,0.021,0
2026-09-14T13:18:54Z,10.948,17.1889,17.64,0.9285,0.1278,0.2115,3.8901,151.503,127.834831,3.8638,39.738,0.11607,357133.0661378861,0.023,0
2026-09-14T13:18:54Z,10.955,17.188,17.73,0.9514,0.1704,0.2538,3.9656,151.516,127.837535,3.8524,39.686,0.11597,357172.1019010163,0.026,0
2026-09-14T13:18:54Z,10.962,17.1873,17.73,0.9056,0.1704,0.2538,3.9656,151.538,127.846412,3.8417,39.667,0.11612,357251.24681984744,0.029,0
2026-09-14T13:18:54Z,10.969,17.1865,17.73,0.9476,0.1704,0.2538,3.8296,151.544,127.841816,3.832,39.677,0.11602,357235.54400607443,0.032,0
2026-09-14T13:18:54Z,10.978,17.1848,17.73,0.9514,0.1704,0.2538,3.8598,151.525,127.816519,3.8243,39.703,0.11617,357090.3435388382,0.034,0
2026-09-14T13:18:54Z,10.987,17.1821,17.82,0.9285,0.1278,0.2961,3.9203,151.505,127.789787,3.8194,39.744,0.11615,356956.5689622196,0.037,0
2026-09-14T13:18:54Z,10.997,17.179,17.82,0.9209,0.1278,0.2961,3.9656,151.49,127.768501,3.8179,39.814,0.11612,356870.6986652663,0.039,0
2026-09-14T13:18:54Z,11.007,17.1758,17.82,0.9285,0.1278,0.2961,3.9203,151.485,127.758989,3.8191,39.929,0.11617,356871.7543048562,0.04,0
2026-09-14T13:18:54Z,11.018,17.1725,17.82,0.8866,0.1278,0.2961,3.4671,151.493,127.762717,3.8219,40.089,0.11607,356970.31251906144,0.041,0
2026-09-14T13:18:54Z,11.029,17.1693,17.91,0.8713,0.1704,0.3384,3.4671,151.492,127.760668,3.826,40.29,0.116,357025.11896084493,0.042,0
2026-09-14T13:18:54Z,11.04,17.1666,17.91,0.8751,0.1704,0.3384,3.4671,151.488,127.756298,3.833,40.522,0.11595,357052.3466753797,0.043,0
2026-09-14T13:18:54Z,11.05,17.1648,17.91,0.8713,0.1704,0.3384,3.4067,151.505,127.768453,3.8442,40.768,0.11597,357179.0521197481,0.044,0
2026-09-14T13:18:54Z,11.061,17.1638,17.91,0.9857,0.1704,0.3384,3.1196,151.537,127.79237,3.8597,41.005,0.1161,357373.15316468733,0.046,0
2026-09-14T13:18:54Z,11.073,17.1634,18,0.9934,0.1704,0.3384,3.1801,151.568,127.814415,3.8791,41.212,0.11602,357540.7655048948,0.047,0
2026-09-14T13:18:54Z,11.085,17.163,18,0.9896,0.1704,0.3384,3.316,151.585,127.824458,3.9015,41.374,0.11612,357621.8817745405,0.048,0
2026-09-14T13:18:54Z,11.098,17.1623,18,1.001,0.1704,0.3384,3.1498,151.591,127.825176,3.9252,41.485,0.1161,357642.300892463,0.049,0
2026-09-14T13:18:54Z,11.111,17.1613,18,0.8942,0.1704,0.3384,3.029,151.595,127.824765,3.9481,41.563,0.11605,357661.1152710818,0.049,0
2026-09-14T13:18:54Z,11.124,17.16,18,0.8827,0.1704,0.3384,3.029,151.597,127.823116,3.9682,41.631,0.11617,357677.538042995,0.048,0
2026-09-14T13:18:54Z,11.137,17.1586,18.09,0.856,0.1278,0.3384,2.9081,151.606,127.827793,3.9838,41.713,0.11617,357741.7667303852,0.047,0
2026-09-14T13:18:54Z,11.149,17.1572,18.09,0.8713,0.1278,0.3384,2.9535,151.614,127.832039,3.9946,41.829,0.11623,357802.8981126494,0.045,0
2026-09-14T13:18:54Z,11.16,17.1558,18.09,0.8217,0.1278,0.3384,2.6815,151.607,127.824979,4.0023,41.987,0.11607,357782.47555916867,0.042,0
2026-09-14T13:18:54Z,11.17,17.1546,18.09,0.8179,0.1278,0.3384,2.6966,151.608,127.824741,4.009,42.183,0.11605,357806.9074713631,0.04,0
2026-09-14T13:18:54Z,11.179,17.1537,17.91,0.8293,0.0852,0.3807,2.6815,151.62,127.833263,4.017,42.4,0.11597,357888.00641701376,0.038,0
2026-09-14T13:18:54Z,11.188,17.153,17.91,0.8293,0.0852,0.3807,2.7571,151.623,127.834808,4.0282,42.613,0.11595,357914.4118249486,0.035,0
2026-09-14T13:18:54Z,11.197,17.1525,17.91,0.8637,0.0852,0.3807,2.8628,151.625,127.835791,4.0434,42.799,0.116,357932.40298611595,0.033,0
2026-09-14T13:18:54Z,11.206,17.1521,17.91,0.8446,0.0852,0.3807,2.7722,151.638,127.84648,4.0623,42.94,0.116,358018.2613087778,0.031,0
2026-09-14T13:18:54Z,11.214,17.1517,17.82,0.8789,0.1278,0.2961,2.7873,151.66,127.865722,4.0832,43.03,0.11612,358165.87685817305,0.029,0
2026-09-14T13:18:54Z,11.221,17.1513,17.82,0.8522,0.1278,0.2961,2.7269,151.672,127.876636,4.1038,43.07,0.11595,358253.3985855724,0.027,0
2026-09-14T13:18:54Z,11.227,17.1511,17.82,0.8255,0.1278,0.2961,2.5003,151.651,127.860121,4.1217,43.083,0.11607,358138.5282232425,0.024,0
2026-09-14T13:18:54Z,11.233,17.1511,17.82,0.7912,0.1278,0.2961,2.4701,151.614,127.829783,4.1353,43.087,0.11605,357919.55894419656,0.022,0
2026-09-14T13:18:54Z,11.238,17.1513,17.82,0.8293,0.1278,0.2961,2.5456,151.592,127.811551,4.1439,43.088,0.11607,357783.6464759532,0.021,0
2026-09-14T13:18:54Z,11.243,17.1517,17.82,0.8179,0.1278,0.2115,2.4549,151.578,127.800562,4.1478,43.084,0.116,357695.65371285524,0.019,0
2026-09-14T13:18:54Z,11.247,17.152,17.82,0.837,0.1278,0.2115,2.5305,151.568,127.793887,4.149,43.072,0.11597,357640.969110436,0.019,0
2026-09-14T13:18:54Z,11.252,17.1522,17.82,0.8293,0.1278,0.2115,2.5607,151.569,127.795749,4.1494,43.048,0.11602,357650.0403669651,0.018,0
2026-09-14T13:18:54Z,11.256,17.1524,17.82,0.8141,0.1278,0.2115,2.3945,151.565,127.792637,4.1495,43.012,0.11605,357623.2359305318,0.019,0
2026-09-14T13:18:54Z,11.261,17.1527,17.82,0.8103,0.1278,0.2538,2.4096,151.557,127.785721,4.1491,42.967,0.11602,357566.82110765757,0.019,0
2026-09-14T13:18:54Z,11.266,17.1531,17.82,0.734,0.1278,0.2538,2.5607,151.544,127.77516,4.1479,42.914,0.11612,357481.95195993537,0.019,0
2026-09-14T13:18:54Z,11.272,17.1534,17.82,0.7302,0.1278,0.2538,2.5003,151.513,127.75013,4.1455,42.863,0.116,357294.9699558843,0.019,0
2026-09-14T13:18:54Z,11.277,17.1534,17.82,0.7378,0.1278,0.2538,2.4398,151.445,127.693954,4.142,42.826,0.11607,356890.1840626923,0.019,0
2026-09-14T13:18:54Z,11.282,17.1535,17.82,0.753,0.1278,0.2538,2.5607,151.311,127.581644,4.1376,42.806,0.11612,356079.58852505725,0.019,0
2026-09-14T13:18:54Z,11.286,17.1536,17.82,0.7302,0.1278,0.2538,2.4549,151.097,127.401261,4.1325,42.8,0.1161,354781.3536286915,0.019,0
2026-09-14T13:18:54Z,11.291,17.1539,17.82,0.7416,0.1278,0.2538,2.4247,150.772,127.126717,4.1276,42.8,0.11585,352807.82808770513,0.019,0
2026-09-14T13:18:54Z,11.296,17.1543,17.82,0.7454,0.1278,0.2538,2.5456,150.268,126.700807,4.1241,42.798,0.11595,349760.9821384912,0.02,0
2026-09-14T13:18:54Z,11.301,17.1546,17.73,0.7225,0.1278,0.2538,2.5154,149.473,126.029967,4.1221,42.793,0.11607,345001.7396123313,0.02,0
2026-09-14T13:18:54Z,11.306,17.1546,17.73,0.7988,0.1278,0.2538,2.4247,148.176,124.935306,4.1216,42.792,0.11605,337331.32172654365,0.021,0
2026-09-14T13:18:54Z,11.312,17.1544,17.73,0.8141,0.1278,0.2538,2.5003,145.997,123.0969,4.1216,42.801,0.11597,324689.71557923325,0.023,0
2026-09-14T13:18:54Z,11.318,17.1541,17.73,0.8141,0.1278,0.2538,2.5154,142.308,119.984484,4.1213,42.822,0.11617,303955.41051641037,0.025,0
2026-09-14T13:18:54Z,11.324,17.1538,17.73,0.837,0.1278,0.2538,2.4549,136.101,114.748068,4.1209,42.857,0.11582,270935.5843133192,0.027,0
2026-09-14T13:18:54Z,11.331,17.1535,17.64,0.8179,0.1278,0.2961,2.5003,125.722,105.995278,4.1208,42.904,0.11612,220829.4194386752,0.03,0
2026-09-14T13:18:54Z,11.339,17.1529,17.64,0.8217,0.1278,0.2961,2.5154,108.432,91.41605,4.1217,42.963,0.1161,150827.79892535612,0.031,0
2026-09-14T13:18:54Z,11.348,17.1519,17.64,0.8103,0.1278,0.2961,2.4247,79.645,67.146602,4.1239,43.033,0.11605,68216.47961147648,0.032,0
2026-09-14T13:18:54Z,11.357,17.1506,17.64,0.8179,0.1278,0.2961,2.5305,31.678,26.711079,4.1273,43.117,0.11607,6726.893958078611,0.032,0
2026-09-14T13:18:54Z,11.366,17.1492,17.55,0.9056,0.1278,0.2538,2.2435,-48.256,-40.669323,4.1321,43.221,0.11592,NA,0.031,0
2026-09-14T13:18:54Z,11.374,17.1478,17.55,0.856,0.1278,0.2538,2.2435,-181.449,-152.942701,4.1378,43.339,0.11612,NA,0.029,0
2026-09-14T13:18:54Z,11.382,17.1466,17.55,0.8637,0.1278,0.2538,2.1528,-403.423,-340.052622,4.1446,43.46,0.11607,NA,0.026,0
2026-09-14T13:18:54Z,11.388,17.1459,17.55,0.8751,0.1278,0.2538,2.3039,-542.16,-456.99712,4.1529,43.579,0.1161,NA,0.023,0
2026-09-14T13:18:54Z,11.393,17.1456,17.55,0.8713,0.1278,0.2961,2.319,-403.43,-340.051438,4.1629,43.691,0.116,NA,0.02,0
2026-09-14T13:18:54Z,11.397,17.1459,17.55,0.8713,0.1278,0.2961,2.183,-181.46,-152.94001600000001,4.1744,43.783,0.11595,NA,0.017,0
2026-09-14T13:18:54Z,11.401,17.1467,17.55,0.8904,0.1278,0.2961,2.2586,-48.277,-40.672426,4.1861,43.84,0.11602,NA,0.016,0
2026-09-14T13:18:54Z,11.404,17.1478,17.55,0.8446,0.1278,0.2961,2.319,31.643,26.69736,4.1975,43.851,0.11612,6719.56975952686,0.015,0
2026-09-14T13:18:54Z,11.408,17.149,17.55,0.8713,0.1278,0.2961,2.2888,79.602,67.124613,4.2081,43.817,0.11607,68171.02515910969,0.014,0
2026-09-14T13:18:54Z,11.411,17.15,17.46,0.8637,0.1278,0.2115,2.1679,108.361,91.367921,4.2168,43.741,0.11617,150649.78851405627,0.013,0
2026-09-14T13:18:54Z,11.415,17.1507,17.46,0.8942,0.1278,0.2115,2.2586,125.606,105.906173,4.2221,43.639,0.11615,220388.7410595776,0.012,0
2026-09-14T13:18:54Z,11.418,17.1511,17.46,0.8599,0.1278,0.2115,2.1981,135.957,114.634249,4.2231,43.53,0.11615,270287.79052388034,0.01,0
2026-09-14T13:18:54Z,11.421,17.1514,17.46,0.8217,0.1278,0.2115,2.1679,142.171,119.875631,4.2198,43.421,0.116,303294.96287983033,0.008,0
2026-09-14T13:18:54Z,11.423,17.1517,17.46,0.8065,0.0852,0.2538,2.2435,145.906,123.028023,4.2124,43.323,0.11623,324274.9333683211,0.006,0
2026-09-14T13:18:54Z,11.423,17.1522,17.46,0.7797,0.0852,0.2538,2.2435,148.155,124.928059,4.2026,43.245,0.11623,337330.14792177686,0.004,0
2026-09-14T13:18:54Z,11.424,17.153,17.46,0.8293,0.0852,0.2538,2.2888,149.52,126.082418,4.192,43.187,0.11595,345405.52953753975,0.002,0
2026-09-14T13:18:54Z,11.424,17.1541,17.46,0.8217,0.0852,0.2538,2.2435,150.342,126.776915,4.1814,43.146,0.11602,350306.9422622011,0.002,0
2026-09-14T13:18:54Z,11.424,17.1554,17.46,0.8217,0.1278,0.1269,2.319,150.806,127.166734,4.1718,43.116,0.11617,353061.8151875332,0.002,0
2026-09-14T13:18:54Z,11.424,17.1568,17.46,0.7874,0.1278,0.1269,2.2737,151.042,127.361829,4.1642,43.093,0.11592,354429.27555352886,0.003,0
2026-09-14T13:18:54Z,11.425,17.1581,17.46,0.7988,0.1278,0.1269,2.3341,151.112,127.416226,4.1585,43.074,0.1162,354791.45703207294,0.004,0
2026-09-14T13:18:54Z,11.426,17.1588,17.46,0.8141,0.1278,0.1269,2.2435,151.019,127.334425,4.1545,43.062,0.11607,354189.6146102419,0.004,0
2026-09-14T13:18:54Z,11.428,17.1583,17.46,0.8522,0.1278,0.1692,2.1528,150.768,127.120626,4.1517,43.063,0.11607,352669.6862060571,0.005,0
2026-09-14T13:18:54Z,11.429,17.1569,17.46,0.8026,0.1278,0.1692,2.2132,150.324,126.745833,4.1495,43.085,0.11605,350025.9349403699,0.005,0
2026-09-14T13:18:54Z,11.43,17.1554,17.46,0.7874,0.1278,0.1692,2.2586,149.538,126.082084,4.1478,43.129,0.1161,345352.6857189422,0.005,0
2026-09-14T13:18:54Z,11.431,17.1542,17.46,0.8065,0.1278,0.1692,2.2132,148.197,124.95038,4.1468,43.19,0.11617,337444.4052675902,0.004,0
2026-09-14T13:18:54Z,11.432,17.1535,17.46,0.8217,0.1278,0.1692,2.2586,145.979,123.078948,4.1469,43.254,0.11612,324585.42738131876,0.004,0
2026-09-14T13:18:54Z,11.433,17.1532,17.46,0.8141,0.1278,0.2961,2.3341,142.268,119.94873,4.1491,43.317,0.11607,303738.60664567264,0.005,0
2026-09-14T13:18:54Z,11.434,17.153,17.46,0.7874,0.1278,0.2961,2.2737,136.05,114.70499,4.1534,43.381,0.116,270686.6291557696,0.005,0
2026-09-14T13:18:54Z,11.435,17.1525,17.46,0.795,0.1278,0.2961,2.2132,125.693,105.97341,4.1592,43.452,0.11597,220725.3959124637,0.006,0
2026-09-14T13:18:54Z,11.437,17.1517,17.46,0.9438,0.1278,0.2961,2.2586,108.444,91.433574,4.1655,43.531,0.1159,150913.23385531365,0.007,0
2026-09-14T13:18:54Z,11.439,17.1508,17.46,0.9285,0.1278,0.2115,2.3039,79.69,67.196184,4.1716,43.616,0.11605,68350.30877808151,0.007,0
2026-09-14T13:18:54Z,11.441,17.15,17.46,0.9362,0.1278,0.2115,2.2435,31.754,26.791932,4.1779,43.701,0.11612,6776.521113023825,0.008,0
2026-09-14T13:18:54Z,11.443,17.1492,17.46,0.8942,0.1278,0.2115,2.2737,-48.158,-40.563653,4.1847,43.781,0.11617,NA,0.01,0
2026-09-14T13:18:54Z,11.445,17.1486,17.46,0.795,0.1278,0.2115,2.4549,-181.356,-152.832061,4.1924,43.854,0.11617,NA,0.011,0
2026-09-14T13:18:54Z,11.448,17.1482,17.37,0.8026,0.0852,0.1692,2.3945,-403.366,-339.955536,4.2007,43.909,0.11612,NA,0.012,0
2026-09-14T13:18:54Z,11.452,17.1478,17.37,0.8217,0.0852,0.1692,2.3945,-542.123,-456.90971,4.2089,43.94,0.11605,NA,0.013,0
2026-09-14T13:18:54Z,11.456,17.1471,17.37,0.7988,0.0852,0.1692,2.4398,-403.359,-339.954398,4.2167,43.953,0.11605,NA,0.014,0
2026-09-14T13:18:54Z,11.46,17.1461,17.37,0.8713,0.0852,0.1692,2.2737,-181.341,-152.827481,4.2239,43.961,0.11585,NA,0.014,0
2026-09-14T13:18:54Z,11.464,17.1451,17.37,0.8522,0.0852,0.1692,2.1679,-48.129,-40.550408,4.2294,43.968,0.11605,NA,0.014,0
2026-09-14T13:18:54Z,11.467,17.1442,17.46,0.8789,0.0852,0.2115,2.183,31.8,26.817375,4.2325,43.976,0.1162,6794.289617026727,0.014,0
2026-09-14T13:18:54Z,11.47,17.1437,17.46,0.8637,0.0852,0.2115,2.2435,79.761,67.240608,4.2338,43.982,0.11617,68495.49452111594,0.014,0
2026-09-14T13:18:54Z,11.473,17.1434,17.46,0.8293,0.0852,0.2115,2.2888,108.527,91.484812,4.2344,43.977,0.11625,151207.17540461544,0.013,0
2026-09-14T13:18:54Z,11.476,17.1433,17.46,0.8217,0.0852,0.2115,2.2888,125.75,106.0011,4.2351,43.958,0.11592,220997.56306277847,0.013,0
2026-09-14T13:18:54Z,11.48,17.1431,17.37,0.8065,0.1278,0.1269,2.3039,136.071,114.698505,4.2359,43.926,0.11597,270810.22224059317,0.013,0
2026-09-14T13:18:54Z,11.483,17.1429,17.37,0.8293,0.1278,0.1269,2.2132,142.293,119.942359,4.2364,43.888,0.11612,303887.4823693542,0.013,0
2026-09-14T13:18:54Z,11.487,17.1428,17.37,0.8675,0.1278,0.1269,2.2586,146.049,123.10701,4.2359,43.852,0.1159,324987.86135764536,0.013,0
2026-09-14T13:18:54Z,11.49,17.1425,17.37,0.8713,0.1278,0.1269,2.2283,148.286,124.99234,4.234,43.823,0.11612,337977.2689714369,0.013,0
2026-09-14T13:18:54Z,11.494,17.1422,17.46,0.8713,0.1278,0.3384,2.2283,149.601,126.101105,4.231,43.802,0.11617,345764.84068062896,0.012,0
2026-09-14T13:18:54Z,11.497,17.1418,17.46,0.8751,0.1278,0.3384,2.2586,150.379,126.75699,4.2274,43.791,0.11615,350427.49079999956,0.012,0
2026-09-14T13:18:54Z,11.5,17.1416,17.46,0.8217,0.1278,0.3384,2.2586,150.855,127.158913,4.224,43.793,0.11625,353302.6979096097,0.011,0
2026-09-14T13:18:54Z,11.503,17.1415,17.46,0.8179,0.1278,0.3384,2.3039,151.163,127.418053,4.2211,43.806,0.116,355163.49650210724,0.01,0
2026-09-14T13:18:54Z,11.505,17.1416,17.46,0.7988,0.1278,0.2538,2.2435,151.359,127.583505,4.2191,43.818,0.1162,356351.12609010714,0.009,0
2026-09-14T13:18:54Z,11.507,17.1418,17.46,0.8065,0.1278,0.2538,2.2435,151.468,127.675376,4.2181,43.826,0.1161,357008.4859350197,0.008,0
2026-09-14T13:18:54Z,11.509,17.1419,17.46,0.8065,0.1278,0.2538,2.2435,151.504,127.706157,4.2183,43.835,0.11605,357228.17731969344,0.008,0
2026-09-14T13:18:54Z,11.511,17.1418,17.46,0.8141,0.1278,0.2538,2.2586,151.492,127.696063,4.2194,43.842,0.11612,357157.58640495304,0.008,0
2026-09-14T13:18:54Z,11.512,17.1418,17.46,0.8065,0.1278,0.2538,2.3039,151.476,127.682426,4.2207,43.844,0.11592,357059.2923558608,0.008,0
2026-09-14T13:18:54Z,11.514,17.1418,17.46,0.7874,0.0852,0.2538,2.2132,151.475,127.68162,4.2214,43.843,0.11607,357053.48257592006,0.008,0
2026-09-14T13:18:54Z,11.517,17.1419,17.46,0.8026,0.0852,0.2538,2.2888,151.48,127.685425,4.2222,43.84,0.116,357078.73017211445,0.009,0
2026-09-14T13:18:54Z,11.519,17.1419,17.46,0.8408,0.0852,0.2538,2.3039,151.496,127.698858,4.223,43.836,0.11612,357175.55512740725,0.009,0
2026-09-14T13:18:54Z,11.522,17.1419,17.46,0.8293,0.0852,0.2538,2.2737,151.524,127.721499,4.2232,43.828,0.11617,357338.78773002967,0.01,0
2026-09-14T13:18:54Z,11.524,17.1419,17.55,0.8217,0.1278,0.2538,2.2435,151.542,127.735373,4.2231,43.816,0.11595,357438.8358220351,0.01,0
2026-09-14T13:18:54Z,11.527,17.1418,17.55,0.8065,0.1278,0.2538,2.3341,151.539,127.732172,4.2229,43.799,0.11605,357417.92778900935,0.01,0
2026-09-14T13:18:54Z,11.529,17.1417,17.55,0.8141,0.1278,0.2538,2.3039,151.533,127.727052,4.2225,43.781,0.11605,357383.1818632923,0.01,0
2026-09-14T13:18:54Z,11.532,17.1414,17.55,0.8255,0.1278,0.2538,2.1981,151.551,127.742661,4.2217,43.772,0.11602,357502.28605410986,0.01,0
2026-09-14T13:18:54Z,11.534,17.1411,17.46,0.8179,0.0852,0.3384,2.2435,151.599,127.78316,4.2206,43.772,0.1161,357801.00767276785,0.011,0
2026-09-14T13:18:54Z,11.537,17.1409,17.46,0.8866,0.0852,0.3384,2.2737,151.658,127.833336,4.2189,43.772,0.11597,358167.5778506265,0.013,0
2026-09-14T13:18:54Z,11.54,17.1409,17.46,0.8522,0.0852,0.3384,2.1679,151.679,127.850536,4.2172,43.772,0.116,358291.79190575925,0.015,0
2026-09-14T13:18:54Z,11.544,17.141,17.46,0.8942,0.0852,0.3384,2.3039,151.629,127.80733,4.2163,43.767,0.11605,357977.6339152661,0.017,0
2026-09-14T13:18:54Z,11.549,17.1411,17.46,0.8637,0.0852,0.3384,2.2435,151.566,127.75223,4.2163,43.76,0.11607,357577.83846469084,0.019,0
2026-09-14T13:18:54Z,11.554,17.1411,17.46,0.8217,0.1278,0.2115,2.2132,151.535,127.724572,4.2164,43.758,0.116,357378.35272352333,0.021,0
2026-09-14T13:18:54Z,11.56,17.141,17.46,0.837,0.1278,0.2115,2.2283,151.519,127.708976,4.2163,43.765,0.11605,357268.0706458392,0.022,0
2026-09-14T13:18:54Z,11.566,17.1406,17.46,0.795,0.1278,0.2115,2.1981,151.526,127.713291,4.2159,43.774,0.11595,357307.88768418867,0.022,0
2026-09-14T13:18:54Z,11.572,17.1401,17.46,0.795,0.1278,0.2115,2.3039,151.551,127.734663,4.2152,43.786,0.11602,357472.8981984622,0.022,0
2026-09-14T13:18:54Z,11.578,17.1395,17.55,0.856,0.1278,0.2538,2.2586,151.56,127.742773,4.2151,43.805,0.11612,357544.4634641848,0.02,0
2026-09-14T13:18:54Z,11.583,17.1389,17.55,0.8637,0.1278,0.2538,2.2586,151.561,127.743786,4.2158,43.831,0.11607,357564.8401157947,0.018,0
2026-09-14T13:18:54Z,11.587,17.1385,17.55,0.8751,0.1278,0.2538,2.2283,151.562,127.745976,4.2168,43.86,0.1161,357589.35219245637,0.016,0
2026-09-14T13:18:54Z,11.591,17.1384,17.55,0.8446,0.1278,0.2538,2.2586,151.538,127.725914,4.2179,43.888,0.11623,357446.81234937895,0.014,0
2026-09-14T13:18:54Z,11.594,17.1385,17.55,0.898,0.1278,0.3384,2.1226,151.492,127.686254,4.2197,43.906,0.11615,357158.65378660936,0.013,0
2026-09-14T13:18:54Z,11.596,17.1388,17.55,0.8789,0.1278,0.3384,2.1075,151.462,127.660446,4.2222,43.916,0.1161,356966.1068567756,0.012,0
2026-09-14T13:18:54Z,11.599,17.1391,17.55,0.8599,0.1278,0.3384,1.9413,151.465,127.661617,4.225,43.924,0.11617,356968.0198362204,0.012,0
2026-09-14T13:18:54Z,11.603,17.1391,17.55,0.8827,0.1278,0.3384,2.1377,151.486,127.678074,4.2276,43.933,0.11617,357086.62923372234,0.012,0
2026-09-14T13:18:54Z,11.606,17.139,17.64,0.9514,0.0852,0.2115,2.2888,151.506,127.694193,4.2294,43.936,0.116,357205.00227578444,0.012,0
2026-09-14T13:18:54Z,11.609,17.1386,17.64,0.9247,0.0852,0.2115,2.1679,151.516,127.702267,4.2304,43.929,0.116,357271.9206528911,0.012,0
2026-09-14T13:18:54Z,11.612,17.1382,17.64,0.9514,0.0852,0.2115,2.2283,151.514,127.700447,4.2312,43.912,0.11607,357267.5036952418,0.012,0
2026-09-14T13:18:54Z,11.615,17.1379,17.64,0.9171,0.0852,0.2115,2.1679,151.518,127.704255,4.2321,43.887,0.1161,357301.49138524325,0.012,0
2026-09-14T13:18:54Z,11.618,17.1376,17.64,0.8637,0.0852,0.2115,2.2435,151.55,127.730716,4.2325,43.856,0.11602,357498.86334507045,0.012,0
2026-09-14T13:18:54Z,11.621,17.1374,17.64,0.8789,0.1278,0.2538,2.1679,151.588,127.762874,4.2318,43.82,0.11612,357735.23528716445,0.012,0
2026-09-14T13:18:54Z,11.624,17.1373,17.64,0.8866,0.1278,0.2538,2.2737,151.599,127.773283,4.2301,43.782,0.116,357812.5338238847,0.013,0
2026-09-14T13:18:54Z,11.627,17.1373,17.64,0.8637,0.1278,0.2538,2.2283,151.574,127.752712,4.2278,43.754,0.11612,357664.0844582286,0.014,0
2026-09-14T13:18:54Z,11.63,17.1374,17.64,0.856,0.1278,0.2538,2.1679,151.536,127.71969,4.2248,43.743,0.11612,357423.6848665302,0.015,0
2026-09-14T13:18:54Z,11.634,17.1375,17.55,0.8827,0.0852,0.2961,2.2132,151.511,127.697429,4.2212,43.75,0.11602,357260.9714350312,0.016,0
2026-09-14T13:18:54Z,11.638,17.1377,17.55,0.8866,0.0852,0.2961,2.2283,151.498,127.683993,4.2176,43.77,0.11623,357159.74582741933,0.018,0
2026-09-14T13:18:54Z,11.643,17.1378,17.55,0.8866,0.0852,0.2961,2.2586,151.511,127.691808,4.2149,43.796,0.11607,357213.9098317143,0.019,0
2026-09-14T13:18:54Z,11.648,17.1377,17.55,0.9362,0.0852,0.2961,2.2283,151.548,127.718957,4.2138,43.821,0.11605,357411.8579666988,0.02,0
2026-09-14T13:18:54Z,11.654,17.1372,17.55,0.94,0.0852,0.3384,2.2435,151.573,127.736659,4.2145,43.837,0.1161,357550.43441214936,0.021,0
2026-09-14T13:18:54Z,11.66,17.1364,17.55,0.9323,0.0852,0.3384,2.2283,151.592,127.749635,4.2165,43.835,0.11605,357661.4830416834,0.022,0
2026-09-14T13:18:54Z,11.666,17.1354,17.55,0.9438,0.0852,0.3384,2.2283,151.614,127.765348,4.2192,43.812,0.11595,357796.67065020994,0.022,0
2026-09-14T13:18:54Z,11.671,17.1342,17.55,0.9285,0.0852,0.3384,2.2888,151.613,127.761972,4.2217,43.778,0.11612,357798.4640891725,0.022,0
2026-09-14T13:18:54Z,11.677,17.133,17.55,0.9362,0.0852,0.3384,2.2586,151.581,127.732603,4.2233,43.745,0.11595,357612.6724838172,0.022,0
2026-09-14T13:18:54Z,11.682,17.1319,17.55,0.9438,0.1278,0.2538,2.3341,151.535,127.691422,4.2232,43.723,0.11612,357339.55230632034,0.022,0
2026-09-14T13:18:54Z,11.687,17.131,17.55,0.9438,0.1278,0.2538,2.1679,151.487,127.64946,4.2211,43.71,0.11605,357056.5631598108,0.021,0
2026-09-14T13:18:54Z,11.693,17.1301,17.55,1.0163,0.1278,0.2538,2.183,151.462,127.627544,4.2178,43.696,0.11612,356918.1621647985,0.021,0
2026-09-14T13:18:54Z,11.699,17.1293,17.55,1.001,0.1278,0.2538,2.183,151.467,127.631837,4.2147,43.671,0.11615,356966.50405518006,0.02,0
2026-09-14T13:18:54Z,11.704,17.1285,17.55,0.9934,0.0852,0.3384,2.2435,151.494,127.655479,4.2127,43.636,0.11602,357154.35526964796,0.018,0
2026-09-14T13:18:54Z,11.709,17.128,17.55,1.001,0.0852,0.3384,2.2132,151.537,127.692769,4.2115,43.599,0.11602,357434.1932388171,0.016,0
2026-09-14T13:18:54Z,11.712,17.1277,17.55,1.0048,0.0852,0.3384,2.2586,151.589,127.73764,4.2101,43.567,0.11612,357764.53193555924,0.015,0
2026-09-14T13:18:54Z,11.715,17.1278,17.55,0.9972,0.0852,0.3384,2.3039,151.639,127.780047,4.2078,43.547,0.11602,358068.53833655606,0.013,0
2026-09-14T13:18:54Z,11.718,17.1281,17.46,1.0124,0.1278,0.2961,2.2435,151.655,127.793277,4.2044,43.536,0.11615,358157.54541499465,0.012,0
2026-09-14T13:18:54Z,11.721,17.1285,17.46,1.0086,0.1278,0.2961,2.3039,151.638,127.778858,4.2007,43.535,0.11612,358044.6753140617,0.012,0
2026-09-14T13:18:54Z,11.724,17.1288,17.46,0.9133,0.1278,0.2961,2.319,151.614,127.758957,4.1977,43.544,0.11605,357894.43013560254,0.012,0
2026-09-14T13:18:54Z,11.727,17.1289,17.46,0.9362,0.1278,0.2961,2.2737,151.596,127.744278,4.1957,43.552,0.11602,357786.2791455598,0.012,0
2026-09-14T13:18:54Z,11.73,17.1288,17.46,0.9438,0.1278,0.2538,2.2435,151.579,127.730905,4.1947,43.551,0.116,357691.9336369927,0.012,0
2026-09-14T13:18:54Z,11.733,17.1288,17.46,0.9514,0.1278,0.2538,2.3341,151.545,127.703267,4.1946,43.533,0.116,357492.495279648,0.012,0
2026-09-14T13:18:54Z,11.736,17.1288,17.46,0.959,0.1278,0.2538,2.3039,151.51,127.674004,4.1954,43.499,0.1161,357281.4049334384,0.013,0
2026-09-14T13:18:54Z,11.739,17.129,17.46,0.9323,0.1278,0.2538,2.2435,151.497,127.663328,4.1962,43.458,0.11628,357200.0577709819,0.013,0
2026-09-14T13:18:54Z,11.743,17.1293,17.46,0.9209,0.1278,0.2538,2.2283,151.494,127.660388,4.1961,43.419,0.11605,357172.32607995276,0.014,0
2026-09-14T13:18:54Z,11.746,17.1295,17.37,0.9438,0.1278,0.2961,2.1679,151.486,127.652393,4.1943,43.39,0.11612,357110.32522645674,0.016,0
2026-09-14T13:18:54Z,11.751,17.1297,17.37,0.9209,0.1278,0.2961,2.2132,151.484,127.649217,4.191,43.377,0.11607,357083.0728506571,0.017,0
2026-09-14T13:18:54Z,11.755,17.1298,17.37,0.9285,0.1278,0.2961,2.2888,151.506,127.666024,4.1871,43.38,0.1162,357202.0791249656,0.018,0
2026-09-14T13:18:54Z,11.76,17.1296,17.37,0.9552,0.1278,0.2961,2.2435,151.547,127.69929,4.1833,43.395,0.1161,357446.3660181825,0.02,0
2026-09-14T13:18:54Z,11.765,17.1293,17.46,0.959,0.1278,0.2115,2.2737,151.586,127.72987,4.1805,43.409,0.11597,357673.5519380399,0.021,0
2026-09-14T13:18:54Z,11.771,17.1288,17.46,0.9438,0.1278,0.2115,2.3643,151.602,127.741905,4.1793,43.412,0.11607,357771.31345240254,0.021,0
2026-09-14T13:18:54Z,11.776,17.1283,17.46,0.9362,0.1278,0.2115,2.319,151.6,127.738605,4.1796,43.4,0.11605,357758.3918639329,0.022,0
2026-09-14T13:18:54Z,11.782,17.1277,17.46,0.9094,0.1278,0.2115,2.2435,151.584,127.723091,4.1811,43.375,0.11612,357659.4947671309,0.023,0
2026-09-14T13:18:54Z,11.788,17.127,17.46,0.9247,0.1278,0.2538,2.183,151.53,127.675219,4.1826,43.34,0.11607,357329.3414043713,0.025,0
2026-09-14T13:18:54Z,11.794,17.1265,17.46,0.8789,0.1278,0.2538,2.3341,151.447,127.602232,4.1829,43.294,0.11605,356813.98415597074,0.026,0
2026-09-14T13:18:54Z,11.801,17.126,17.46,0.8713,0.1278,0.2538,2.3643,151.39,127.548703,4.1818,43.236,0.1161,356439.1942629744,0.028,0
2026-09-14T13:18:54Z,11.808,17.1254,17.46,0.8522,0.1278,0.2538,2.2737,151.374,127.528373,4.1795,43.162,0.11617,356305.81495661224,0.03,0
2026-09-14T13:18:54Z,11.816,17.1247,17.46,0.8866,0.1278,0.2538,2.2435,151.38,127.527815,4.1761,43.075,0.11605,356316.99360184325,0.032,0
2026-09-14T13:18:54Z,11.825,17.1235,17.46,0.8713,0.1278,0.2961,2.3945,151.399,127.538876,4.1718,42.982,0.11595,356422.71053055144,0.032,0
2026-09-14T13:18:54Z,11.834,17.1218,17.46,0.8866,0.1278,0.2961,2.5758,151.438,127.568507,4.1663,42.876,0.11623,356673.1154090303,0.032,0
2026-09-14T13:18:54Z,11.843,17.1197,17.46,0.8522,0.1278,0.2961,2.5758,151.492,127.612605,4.1594,42.748,0.11607,357036.65846455604,0.032,0
2026-09-14T13:18:54Z,11.851,17.1176,17.46,0.8942,0.1278,0.2961,2.5909,151.523,127.638902,4.1512,42.597,0.11612,357272.03266287403,0.03,0
2026-09-14T13:18:54Z,11.858,17.116,17.46,0.8789,0.1278,0.2538,2.4247,151.528,127.642407,4.1424,42.435,0.116,357332.161245873,0.028,0
2026-09-14T13:18:54Z,11.865,17.1151,17.46,0.8866,0.1278,0.2538,2.4398,151.525,127.640061,4.1322,42.274,0.11592,357334.8338474857,0.026,0
2026-09-14T13:18:54Z,11.872,17.1146,17.46,0.8713,0.1278,0.2538,2.4398,151.514,127.631241,4.1199,42.126,0.11605,357282.084950153,0.024,0
2026-09-14T13:18:54Z,11.878,17.1145,17.46,0.8942,0.1278,0.2538,2.4701,151.504,127.621598,4.1054,41.999,0.11617,357214.69290982006,0.022,0
2026-09-14T13:18:54Z,11.883,17.1145,17.37,0.8713,0.0852,0.2538,2.5154,151.508,127.624569,4.0898,41.903,0.11602,357236.1233478523,0.021,0
2026-09-14T13:18:54Z,11.888,17.1145,17.37,0.8904,0.0852,0.2538,2.5003,151.503,127.620935,4.0743,41.842,0.11612,357209.90583804116,0.019,0
2026-09-14T13:18:54Z,11.893,17.1145,17.37,0.8675,0.0852,0.2538,2.5003,151.476,127.597721,4.06,41.815,0.116,357042.4669953285,0.017,0
2026-09-14T13:18:54Z,11.897,17.1143,17.37,0.8522,0.0852,0.2538,2.5154,151.465,127.588758,4.0478,41.82,0.11615,356982.1819719276,0.016,0
2026-09-14T13:18:54Z,11.901,17.1141,17.46,0.8522,0.1278,0.2538,2.4398,151.488,127.607666,4.0386,41.85,0.11615,357122.89635029464,0.015,0
2026-09-14T13:18:54Z,11.904,17.1141,17.46,0.8637,0.1278,0.2538,2.4701,151.521,127.635472,4.0327,41.89,0.11607,357323.48832984595,0.015,0
2026-09-14T13:18:54Z,11.908,17.1142,17.46,0.8713,0.1278,0.2538,2.4852,151.555,127.663585,4.0301,41.928,0.1161,357524.18577813084,0.014,0
2026-09-14T13:18:54Z,11.912,17.1142,17.46,0.8751,0.1278,0.2538,2.5003,151.584,127.687492,4.0305,41.959,0.11623,357696.76445552893,0.014,0
2026-09-14T13:18:54Z,11.915,17.1141,17.46,0.8713,0.1278,0.2538,2.4549,151.587,127.689557,4.0334,41.98,0.11605,357713.85248205526,0.015,0
2026-09-14T13:18:54Z,11.918,17.114,17.46,0.8637,0.1278,0.2115,2.4852,151.561,127.666327,4.0373,41.987,0.11607,357548.3319583225,0.015,0
2026-09-14T13:18:54Z,11.922,17.1138,17.46,0.8713,0.1278,0.2115,2.5003,151.535,127.643626,4.041,41.975,0.11597,357388.8527696374,0.016,0
2026-09-14T13:18:54Z,11.927,17.1137,17.46,0.8713,0.1278,0.2115,2.5456,151.528,127.635411,4.044,41.943,0.11602,357331.7517214454,0.017,0
2026-09-14T13:18:54Z,11.931,17.1135,17.46,0.8675,0.1278,0.2115,2.4549,151.53,127.635489,4.046,41.9,0.11602,357336.6691333448,0.017,0
2026-09-14T13:18:54Z,11.936,17.1132,17.46,0.8942,0.1278,0.2961,2.5003,151.52,127.62387,4.0467,41.852,0.11595,357259.36864510947,0.018,0
2026-09-14T13:18:54Z,11.941,17.1127,17.46,0.8713,0.1278,0.2961,2.5003,151.478,127.585448,4.0456,41.791,0.1159,356993.11143485806,0.018,0
2026-09-14T13:18:54Z,11.945,17.1121,17.46,0.8713,0.1278,0.2961,2.5154,151.43,127.541996,4.0426,41.707,0.11612,356692.88739885524,0.018,0
2026-09-14T13:18:54Z,11.95,17.1113,17.46,0.8446,0.1278,0.2961,2.3945,151.415,127.52595,4.0385,41.595,0.11597,356594.6285369779,0.018,0
2026-09-14T13:18:54Z,11.954,17.1104,17.37,0.9476,0.1278,0.0846,2.5305,151.429,127.533031,4.0339,41.465,0.11605,356665.22652788565,0.018,0
2026-09-14T13:18:54Z,11.959,17.1094,17.37,0.9285,0.1278,0.0846,2.4701,151.458,127.553121,4.0282,41.329,0.11617,356831.79775717435,0.018,0
2026-09-14T13:18:54Z,11.964,17.1084,17.37,0.94,0.1278,0.0846,2.4549,151.498,127.583571,4.0201,41.189,0.1161,357073.14802768314,0.018,0
2026-09-14T13:18:54Z,11.969,17.1072,17.37,0.9362,0.1278,0.0846,2.3794,151.526,127.604488,4.0095,41.044,0.11595,357250.1758480141,0.018,0
2026-09-14T13:18:54Z,11.973,17.1058,17.37,0.8713,0.1278,0.0846,2.7269,151.544,127.617445,3.9971,40.901,0.11612,357374.17271322035,0.018,0
2026-09-14T13:18:54Z,11.978,17.1045,17.46,0.8827,0.1278,0.2115,2.7118,151.565,127.633904,3.9841,40.769,0.11597,357521.3061924059,0.018,0
2026-09-14T13:18:54Z,11.982,17.1033,17.46,0.9018,0.1278,0.2115,2.7269,151.578,127.642243,3.9707,40.65,0.11612,357607.67046501243,0.018,0
2026-09-14T13:18:54Z,11.986,17.1025,17.46,0.8827,0.1278,0.2115,2.6211,151.56,127.624676,3.9567,40.541,0.1161,357498.27284146537,0.018,0
2026-09-14T13:18:54Z,11.991,17.1018,17.46,0.9552,0.1278,0.2115,2.5003,151.515,127.584523,3.943,40.44,0.11605,357223.70497261244,0.018,0
2026-09-14T13:18:54Z,11.995,17.1011,17.37,0.9362,0.0852,0.2538,2.4701,151.473,127.547094,3.9303,40.352,0.116,356968.9054120665,0.019,0
2026-09-14T13:18:54Z,12,17.1004,17.37,0.9285,0.0852,0.2538,2.5305,151.452,127.526424,3.9189,40.277,0.11605,356835.0548771828,0.021,0
2026-09-14T13:18:54Z,12.005,17.0997,17.37,0.9133,0.0852,0.2538,2.5456,151.445,127.516999,3.9084,40.21,0.11595,356782.3134548541,0.022,0
2026-09-14T13:18:54Z,12.011,17.0989,17.37,0.9438,0.0852,0.2538,2.7571,151.442,127.512304,3.8988,40.141,0.11605,356765.8565973174,0.022,0
2026-09-14T13:18:54Z,12.017,17.0981,17.46,0.9209,0.1278,0.2115,2.7873,151.465,127.529097,3.8904,40.074,0.11605,356904.36900396313,0.023,0
2026-09-14T13:18:54Z,12.023,17.0971,17.46,0.9247,0.1278,0.2115,2.6815,151.521,127.573855,3.8832,40.011,0.11595,357249.07018302137,0.023,0
2026-09-14T13:18:54Z,12.03,17.0961,17.46,0.9209,0.1278,0.2115,2.7269,151.574,127.616493,3.8768,39.947,0.11597,357578.6812760342,0.022,0
2026-09-14T13:18:54Z,12.035,17.0952,17.46,0.9438,0.1278,0.2115,3.0139,151.603,127.638363,3.8703,39.872,0.11607,357756.2666430886,0.021,0
2026-09-14T13:18:54Z,12.04,17.0944,17.46,0.9323,0.0852,0.2961,2.9384,151.594,127.629288,3.8638,39.785,0.1161,357708.1599744283,0.02,0
2026-09-14T13:18:54Z,12.045,17.0937,17.46,0.9056,0.0852,0.2961,2.9686,151.535,127.578845,3.8578,39.685,0.1159,357359.15211724583,0.019,0
2026-09-14T13:18:54Z,12.049,17.093,17.46,0.9285,0.0852,0.2961,2.9837,151.462,127.515605,3.8517,39.581,0.11595,356918.01726273616,0.018,0
2026-09-14T13:18:54Z,12.054,17.0923,17.46,0.8713,0.0852,0.2961,2.9837,151.417,127.476733,3.8446,39.483,0.1161,356652.88556653756,0.018,0
2026-09-14T13:18:54Z,12.058,17.0918,17.46,0.837,0.0852,0.2961,3.0441,151.387,127.449861,3.8362,39.395,0.11597,356470.01622875064,0.017,0
2026-09-14T13:18:54Z,12.063,17.0913,17.46,0.8904,0.1278,0.2961,3.0139,151.35,127.41782,3.8266,39.316,0.11605,356249.9510122409,0.017,0
2026-09-14T13:18:54Z,12.067,17.0909,17.46,0.8789,0.1278,0.2961,2.9837,151.328,127.398079,3.8166,39.249,0.116,356116.3992954802,0.017,0
2026-09-14T13:18:54Z,12.072,17.0904,17.46,0.898,0.1278,0.2961,2.7571,151.348,127.413388,3.8072,39.195,0.11602,356237.5607576322,0.018,0
2026-09-14T13:18:54Z,12.076,17.09,17.46,0.8751,0.1278,0.2961,2.6513,151.405,127.459825,3.7987,39.159,0.116,356580.97550719115,0.018,0
2026-09-14T13:18:54Z,12.081,17.0895,17.46,0.8751,0.1278,0.2961,2.742,151.457,127.501747,3.7911,39.127,0.1161,356894.20199426956,0.018,0
2026-09-14T13:18:54Z,12.085,17.0891,17.46,0.856,0.1278,0.2961,2.6966,151.477,127.516317,3.7846,39.086,0.11602,357008.02896749653,0.018,0
2026-09-14T13:18:54Z,12.09,17.0886,17.46,1.001,0.1278,0.2961,2.8628,151.484,127.519424,3.7795,39.033,0.11602,357041.33240008075,0.018,0
2026-09-14T13:18:54Z,12.095,17.0881,17.46,1.001,0.1278,0.2961,3.0441,151.501,127.531908,3.7761,38.966,0.11602,357142.31340960553,0.018,0
2026-09-14T13:18:54Z,12.099,17.0875,17.46,0.9934,0.1278,0.2538,2.8628,151.514,127.541089,3.7731,38.883,0.11602,357221.6495334603,0.018,0
2026-09-14T13:18:54Z,12.104,17.0868,17.46,0.9857,0.1278,0.2538,2.9837,151.493,127.521401,3.7692,38.79,0.11605,357094.78736015316,0.018,0
2026-09-14T13:18:54Z,12.108,17.086,17.46,0.959,0.1278,0.2538,2.7873,151.452,127.485603,3.7641,38.698,0.1161,356853.8910969018,0.018,0
2026-09-14T13:18:54Z,12.113,17.0853,17.46,0.9323,0.1278,0.2538,2.7571,151.431,127.466172,3.7578,38.616,0.11623,356728.9519803235,0.018,0
2026-09-14T13:18:54Z,12.118,17.0847,17.46,0.9362,0.1704,0.2961,2.6513,151.427,127.459928,3.7498,38.551,0.11615,356696.96538711584,0.018,0
2026-09-14T13:18:54Z,12.123,17.0842,17.46,0.9438,0.1704,0.2961,2.7571,151.409,127.443192,3.7409,38.502,0.1159,356587.1381217983,0.018,0
2026-09-14T13:18:54Z,12.128,17.0837,17.46,0.9362,0.1704,0.2961,3.2405,151.38,127.417505,3.732,38.467,0.11605,356412.79499657085,0.018,0
2026-09-14T13:18:54Z,12.132,17.083,17.46,0.9209,0.1704,0.2961,3.1801,151.353,127.394028,3.7242,38.445,0.1161,356258.7730969176,0.017,0
2026-09-14T13:18:54Z,12.136,17.0822,17.46,0.9362,0.1704,0.2961,3.2405,151.33,127.374502,3.7179,38.435,0.116,356135.4293775234,0.015,0
2026-09-14T13:18:54Z,12.14,17.0816,17.46,0.9514,0.0852,0.2961,3.2707,151.336,127.379737,3.7133,38.432,0.11595,356186.18638168176,0.014,0
2026-09-14T13:18:54Z,12.143,17.0812,17.46,0.9171,0.0852,0.2961,2.9988,151.377,127.415129,3.7099,38.435,0.1161,356450.0008620678,0.014,0
2026-09-14T13:18:54Z,12.146,17.0811,17.46,0.9285,0.0852,0.2961,2.9686,151.414,127.446094,3.7078,38.446,0.11605,356675.4803109327,0.013,0
2026-09-14T13:18:54Z,12.15,17.0811,17.46,0.9362,0.0852,0.2961,2.9837,151.434,127.462879,3.7068,38.464,0.11605,356796.5615539109,0.013,0
2026-09-14T13:18:54Z,12.153,17.0811,17.46,0.9285,0.1278,0.2115,2.9535,151.443,127.469959,3.7066,38.483,0.1159,356847.64110404416,0.013,0
2026-09-14T13:18:54Z,12.156,17.0812,17.46,0.9323,0.1278,0.2115,3.2707,151.438,127.465222,3.7069,38.494,0.11612,356811.28690840874,0.014,0
2026-09-14T13:18:54Z,12.16,17.0811,17.46,0.9285,0.1278,0.2115,3.2858,151.436,127.463411,3.7079,38.498,0.11612,356800.39575979754,0.014,0
2026-09-14T13:18:54Z,12.164,17.081,17.46,0.9362,0.1278,0.2115,3.2103,151.44,127.468046,3.7097,38.501,0.1162,356836.01106336346,0.014,0
2026-09-14T13:18:54Z,12.168,17.0809,17.46,0.94,0.1278,0.2961,3.1649,151.444,127.472358,3.7115,38.495,0.11605,356869.2977362505,0.014,0
2026-09-14T13:18:54Z,12.171,17.0808,17.46,0.9323,0.1278,0.2961,3.1649,151.443,127.473497,3.7125,38.479,0.116,356879.69106035336,0.014,0
2026-09-14T13:18:54Z,12.175,17.0808,17.46,0.8904,0.1278,0.2961,3.1801,151.438,127.471765,3.713,38.462,0.116,356867.1926805243,0.013,0
2026-09-14T13:18:54Z,12.178,17.0811,17.46,0.94,0.1278,0.2961,3.2405,151.435,127.470703,3.7132,38.457,0.11605,356852.99978870613,0.013,0
2026-09-14T13:18:54Z,12.181,17.0815,17.46,0.9476,0.1278,0.2961,3.2103,151.433,127.470027,3.7125,38.468,0.1161,356839.4157930932,0.013,0
2026-09-14T13:18:54Z,12.184,17.0822,17.46,0.9247,0.1278,0.2538,3.2103,151.447,127.481564,3.7109,38.494,0.11617,356907.4226129959,0.013,0
2026-09-14T13:18:54Z,12.188,17.0829,17.46,0.9056,0.1278,0.2538,3.1952,151.485,127.512394,3.7093,38.53,0.11605,357114.6771021394,0.013,0
2026-09-14T13:18:54Z,12.191,17.0836,17.46,0.9285,0.1278,0.2538,3.2707,151.523,127.542721,3.7088,38.57,0.1161,357318.3661761269,0.013,0
2026-09-14T13:18:54Z,12.194,17.0839,17.46,0.94,0.1278,0.2538,3.2103,151.547,127.560623,3.7098,38.61,0.11607,357441.1009828162,0.013,0
2026-09-14T13:18:54Z,12.197,17.0837,17.55,0.94,0.1278,0.2538,2.9081,151.552,127.562867,3.7123,38.641,0.116,357461.6659568431,0.013,0
2026-09-14T13:18:54Z,12.201,17.0833,17.55,0.9362,0.1278,0.2538,2.9837,151.53,127.542049,3.7158,38.657,0.11612,357320.0473209933,0.013,0
2026-09-14T13:18:54Z,12.204,17.0827,17.55,0.9629,0.1278,0.2538,2.9988,151.494,127.508625,3.7198,38.653,0.11612,357091.8218817278,0.013,0
2026-09-14T13:18:54Z,12.208,17.0821,17.55,0.9247,0.1278,0.2538,2.893,151.467,127.483698,3.7236,38.629,0.11605,356924.9887438786,0.012,0
2026-09-14T13:18:54Z,12.211,17.0814,17.46,0.9247,0.1278,0.2115,2.8326,151.472,127.486636,3.7266,38.595,0.11605,356961.4265866557,0.012,0
2026-09-14T13:18:54Z,12.214,17.0806,17.46,0.9247,0.1278,0.2115,2.9535,151.498,127.508217,3.7282,38.554,0.11597,357134.6085280637,0.011,0
2026-09-14T13:18:54Z,12.216,17.0797,17.46,0.9171,0.1278,0.2115,2.9837,151.513,127.520176,3.7279,38.511,0.11602,357240.55097305164,0.01,0
2026-09-14T13:18:54Z,12.219,17.079,17.46,0.9171,0.1278,0.2115,3.0894,151.515,127.5217,3.7257,38.467,0.11617,357266.8059329305,0.01,0
2026-09-14T13:18:54Z,12.221,17.0784,17.46,1.0086,0.1278,0.2115,3.2254,151.505,127.513197,3.7225,38.42,0.11607,357218.4823928228,0.01,0
2026-09-14T13:18:54Z,12.224,17.0782,17.55,1.0086,0.1278,0.2115,3.1952,151.485,127.4964,3.7186,38.37,0.1161,357101.57307624765,0.01,0
2026-09-14T13:18:54Z,12.226,17.0782,17.55,1.0239,0.1278,0.2115,3.1196,151.466,127.478837,3.7143,38.317,0.11602,356974.80281447823,0.011,0
2026-09-14T13:18:54Z,12.229,17.0782,17.55,1.001,0.1278,0.2115,3.3009,151.442,127.457826,3.7101,38.264,0.11602,356823.18154659716,0.012,0
2026-09-14T13:18:54Z,12.232,17.0781,17.55,0.9972,0.1278,0.2115,3.5426,151.415,127.433766,3.7056,38.214,0.11615,356651.78109325096,0.013,0
2026-09-14T13:18:54Z,12.235,17.0779,17.55,0.9743,0.1278,0.2961,3.4067,151.381,127.404245,3.7008,38.17,0.11612,356443.2251567715,0.014,0
2026-09-14T13:18:54Z,12.239,17.0777,17.55,1.0048,0.1278,0.2961,3.5426,151.351,127.377398,3.6957,38.134,0.1161,356254.01698698726,0.015,0
2026-09-14T13:18:54Z,12.243,17.0773,17.55,0.9781,0.1278,0.2961,3.5426,151.349,127.374082,3.6906,38.112,0.11592,356238.80362214096,0.015,0
2026-09-14T13:18:54Z,12.247,17.077,17.55,0.9781,0.1278,0.2961,3.739,151.384,127.401416,3.6859,38.11,0.11612,356442.38708289934,0.016,0
2026-09-14T13:18:54Z,12.251,17.0766,17.55,1.0277,0.1278,0.2538,3.6635,151.432,127.440675,3.6816,38.125,0.11605,356734.2457556342,0.016,0
2026-09-14T13:18:54Z,12.256,17.0761,17.55,1.001,0.1278,0.2538,3.603,151.481,127.480316,3.6782,38.144,0.11607,357031.1913330742,0.016,0
2026-09-14T13:18:54Z,12.26,17.0755,17.55,1.001,0.1278,0.2538,3.6635,151.533,127.522906,3.6761,38.158,0.1162,357351.7726417907,0.016,0
2026-09-14T13:18:54Z,12.264,17.0749,17.55,1.0048,0.1278,0.2538,3.6332,151.559,127.543782,3.676,38.165,0.11605,357515.646625531,0.016,0
2026-09-14T13:18:54Z,12.268,17.0744,17.55,0.9857,0.1278,0.2115,3.739,151.546,127.532503,3.6775,38.165,0.11607,357445.06705496955,0.015,0
2026-09-14T13:18:54Z,12.272,17.0739,17.55,1.0239,0.1278,0.2115,3.6937,151.529,127.518077,3.6794,38.156,0.1161,357351.76475307636,0.015,0
2026-09-14T13:18:54Z,12.275,17.0735,17.55,0.9667,0.1278,0.2115,3.6635,151.523,127.512667,3.6807,38.135,0.116,357321.40801858425,0.014,0
2026-09-14T13:18:54Z,12.279,17.0732,17.55,1.0735,0.1278,0.2115,3.6937,151.512,127.502825,3.6814,38.1,0.11612,357256.8662746054,0.013,0
2026-09-14T13:18:54Z,12.282,17.0731,17.55,1.0277,0.1278,0.2115,3.6786,151.491,127.485924,3.6814,38.055,0.116,357137.0050856279,0.012,0
2026-09-14T13:18:54Z,12.285,17.073,17.55,1.043,0.1278,0.2538,3.6635,151.485,127.481471,3.6805,38.014,0.11607,357107.0319914846,0.01,0
2026-09-14T13:18:54Z,12.287,17.0729,17.55,1.0811,0.1278,0.2538,3.739,151.51,127.504289,3.6785,37.986,0.11602,357273.9730503997,0.008,0
2026-09-14T13:18:54Z,12.289,17.0729,17.55,1.0124,0.1278,0.2538,3.9958,151.546,127.536447,3.6751,37.969,0.11615,357506.25685646554,0.006,0
2026-09-14T13:18:54Z,12.291,17.073,17.55,0.9972,0.1278,0.2538,3.8447,151.563,127.554505,3.6708,37.961,0.116,357634.5525844872,0.004,0
2026-09-14T13:18:54Z,12.291,17.0732,17.55,0.9972,0.1278,0.2115,3.9354,151.579,127.571283,3.6668,37.964,0.11605,357751.4426034536,0.003,0
2026-09-14T13:18:54Z,12.291,17.0737,17.55,1.0048,0.1278,0.2115,3.9203,151.594,127.587253,3.6641,37.979,0.116,357855.96554985404,0.002,0
2026-09-14T13:18:54Z,12.291,17.0745,17.55,1.0544,0.1278,0.2115,3.6937,151.59,127.586662,3.6624,38.01,0.116,357834.2322764245,0.002,0
2026-09-14T13:18:54Z,12.291,17.0756,17.55,1.0811,0.1278,0.2115,3.7239,151.573,127.573356,3.6615,38.054,0.11617,357714.05792695977,0.003,0
2026-09-14T13:18:54Z,12.292,17.0768,17.55,1.0773,0.1278,0.3384,3.7239,151.548,127.55179,3.6617,38.107,0.116,357532.0571832306,0.004,0
2026-09-14T13:18:54Z,12.293,17.0779,17.55,1.0544,0.1278,0.3384,3.6484,151.521,127.52822,3.6631,38.162,0.11607,357337.8302630746,0.006,0
2026-09-14T13:18:54Z,12.295,17.0787,17.55,1.0163,0.1278,0.3384,3.6181,151.488,127.500362,3.666,38.214,0.116,357119.25632289145,0.008,0
2026-09-14T13:18:54Z,12.298,17.0789,17.55,0.9934,0.1278,0.3384,3.7088,151.467,127.4828,3.6703,38.253,0.116,356988.1368781662,0.009,0
2026-09-14T13:18:54Z,12.3,17.0788,17.55,0.9857,0.1278,0.3384,3.6937,151.489,127.500868,3.6754,38.27,0.11612,357120.729087359,0.01,0
2026-09-14T13:18:54Z,12.303,17.0786,17.55,0.9972,0.0852,0.2538,3.6332,151.526,127.529366,3.6808,38.263,0.11605,357330.84677064687,0.011,0
2026-09-14T13:18:54Z,12.305,17.0787,17.55,1.1002,0.0852,0.2538,3.6635,151.549,127.545878,3.6858,38.238,0.11617,357447.91927076253,0.012,0
2026-09-14T13:18:54Z,12.308,17.0787,17.55,1.1307,0.0852,0.2538,3.739,151.568,127.55881,3.6895,38.21,0.11615,357541.3329844601,0.013,0
2026-09-14T13:18:54Z,12.312,17.0784,17.55,1.1345,0.0852,0.2538,3.5879,151.568,127.555599,3.6911,38.187,0.11612,357524.6768180682,0.015,0
2026-09-14T13:18:54Z,12.316,17.0777,17.55,1.1231,0.1704,0.2961,3.603,151.552,127.539393,3.6905,38.173,0.1159,357422.8748963664,0.016,0
2026-09-14T13:18:54Z,12.32,17.0768,17.55,1.0887,0.1704,0.2961,3.6484,151.558,127.54189,3.6882,38.16,0.11602,357460.52996661235,0.018,0
2026-09-14T13:18:54Z,12.325,17.0758,17.55,1.0392,0.1704,0.2961,3.6786,151.577,127.55575,3.6855,38.14,0.11597,357582.462102527,0.019,0
2026-09-14T13:18:54Z,12.33,17.0747,17.55,1.062,0.1704,0.2961,3.739,151.575,127.552653,3.6834,38.103,0.11597,357584.0746543085,0.02,0
2026-09-14T13:18:54Z,12.336,17.0737,17.55,1.0582,0.1278,0.2538,3.6635,151.556,127.535774,3.6821,38.043,0.116,357483.93296221824,0.021,0
2026-09-14T13:18:54Z,12.341,17.0728,17.55,1.1307,0.1278,0.2538,3.7088,151.534,127.516621,3.6809,37.968,0.11597,357365.198398252,0.021,0
2026-09-14T13:18:54Z,12.346,17.0721,17.55,1.104,0.1278,0.2538,3.7541,151.53,127.512099,3.6791,37.886,0.11617,357347.7924975961,0.022,0
2026-09-14T13:18:54Z,12.352,17.0716,17.55,1.1116,0.1278,0.2538,3.7239,151.559,127.53501,3.6755,37.807,0.11595,357524.1997900222,0.023,0
2026-09-14T13:18:54Z,12.358,17.0712,17.64,1.1154,0.1278,0.2961,3.739,151.591,127.561446,3.6698,37.745,0.11612,357723.95953069965,0.024,0
2026-09-14T13:18:54Z,12.364,17.0709,17.64,1.1803,0.1278,0.2961,4.1469,151.605,127.572443,3.6626,37.702,0.116,357809.9925653325,0.025,0
2026-09-14T13:18:54Z,12.371,17.0707,17.64,1.1841,0.1278,0.2961,4.1167,151.623,127.586942,3.6547,37.675,0.11617,357919.17541904666,0.025,0
2026-09-14T13:18:54Z,12.378,17.0704,17.64,1.1765,0.1278,0.2961,4.1318,151.654,127.612812,3.6472,37.659,0.11602,358112.7999354932,0.025,0
2026-09-14T13:18:54Z,12.385,17.07,17.64,1.1803,0.1278,0.2961,4.1167,151.677,127.632937,3.6412,37.645,0.11617,358267.1124410302,0.024,0
2026-09-14T13:18:54Z,12.391,17.0697,17.64,1.1002,0.1278,0.2961,4.1771,151.69,127.644681,3.637,37.621,0.116,358358.63669161533,0.023,0
2026-09-14T13:18:54Z,12.396,17.0695,17.64,1.1002,0.1278,0.2961,4.162,151.692,127.647173,3.6344,37.594,0.11605,358381.03863079444,0.022,0
2026-09-14T13:18:54Z,12.401,17.0694,17.64,1.1231,0.1278,0.2961,4.0562,151.68,127.637076,3.6329,37.568,0.11623,358310.1640606077,0.022,0
2026-09-14T13:18:54Z,12.406,17.0696,17.64,1.1193,0.1278,0.2961,4.1318,151.665,127.623703,3.6315,37.54,0.11607,358209.0437094012,0.022,0
2026-09-14T13:18:54Z,12.412,17.07,17.64,1.1231,0.1704,0.2538,4.162,151.638,127.599486,3.6292,37.509,0.11612,358025.1485485164,0.022,0
2026-09-14T13:18:54Z,12.418,17.0703,17.64,1.1421,0.1704,0.2538,4.1922,151.599,127.56597,3.6265,37.473,0.11597,357776.27576823917,0.022,0
2026-09-14T13:18:54Z,12.423,17.0703,17.64,1.1154,0.1704,0.2538,4.1922,151.595,127.562246,3.624,37.437,0.11595,357749.3556869244,0.022,0
2026-09-14T13:18:54Z,12.429,17.0701,17.64,1.1154,0.1704,0.2538,4.1922,151.625,127.587319,3.6214,37.406,0.11612,357934.97859714,0.023,0
2026-09-14T13:18:54Z,12.435,17.0697,17.73,1.1269,0.1278,0.2538,4.1922,151.636,127.595848,3.6184,37.383,0.11612,358005.3829454953,0.023,0
2026-09-14T13:18:54Z,12.441,17.0695,17.73,1.2223,0.1278,0.2538,4.4037,151.625,127.586104,3.6149,37.366,0.1158,357939.2893854392,0.022,0
2026-09-14T13:18:54Z,12.447,17.0693,17.73,1.2451,0.1278,0.2538,4.4339,151.627,127.587507,3.6114,37.353,0.116,357953.7985885681,0.021,0
2026-09-14T13:18:54Z,12.452,17.0691,17.73,1.2451,0.1278,0.2538,4.4641,151.643,127.600431,3.6085,37.349,0.116,358051.62327160256,0.02,0
2026-09-14T13:18:54Z,12.457,17.069,17.73,1.2223,0.1278,0.2538,4.2979,151.666,127.620318,3.6063,37.352,0.11615,358197.6474602952,0.019,0
2026-09-14T13:18:54Z,12.462,17.0688,17.73,1.2604,0.1278,0.2538,4.162,151.709,127.656474,3.6046,37.356,0.11607,358463.62550073,0.018,0
2026-09-14T13:18:54Z,12.467,17.0686,17.73,1.2299,0.1278,0.2538,4.1922,151.744,127.686522,3.6035,37.354,0.11607,358685.5033858292,0.017,0
2026-09-14T13:18:54Z,12.471,17.0686,17.73,1.2375,0.1278,0.2538,4.0713,151.744,127.686457,3.6031,37.348,0.11597,358685.0312196923,0.016,0
2026-09-14T13:18:54Z,12.475,17.0686,17.73,1.2451,0.1278,0.2538,4.2375,151.722,127.668268,3.6034,37.344,0.11595,358553.3567964429,0.015,0
2026-09-14T13:18:54Z,12.478,17.0687,17.73,1.3176,0.1278,0.2961,4.162,151.701,127.651119,3.6037,37.343,0.11595,358427.0517352464,0.015,0
2026-09-14T13:18:54Z,12.482,17.0688,17.73,1.2986,0.1278,0.2961,4.162,151.706,127.65445,3.6035,37.344,0.1161,358448.96976465295,0.015,0
2026-09-14T13:18:54Z,12.486,17.069,17.73,1.2986,0.1278,0.2961,4.1922,151.726,127.671144,3.603,37.342,0.11612,358565.4212032147,0.015,0
2026-09-14T13:18:54Z,12.49,17.069,17.73,1.2871,0.1278,0.2961,4.0864,151.744,127.685643,3.6026,37.331,0.116,358670.37879709766,0.016,0
2026-09-14T13:18:54Z,12.493,17.069,17.73,1.3138,0.1278,0.2961,4.1015,151.748,127.687805,3.6025,37.309,0.11612,358686.02968946873,0.016,0
2026-09-14T13:18:54Z,12.498,17.0689,17.73,1.2947,0.1278,0.2961,4.2224,151.726,127.668201,3.6026,37.28,0.11612,358546.30135043856,0.017,0
2026-09-14T13:18:54Z,12.502,17.0688,17.73,1.31,0.1278,0.2961,4.1922,151.716,127.659623,3.6024,37.241,0.11595,358486.4001854531,0.018,0
2026-09-14T13:18:54Z,12.507,17.0685,17.73,1.3214,0.1278,0.2961,4.1922,151.744,127.681797,3.6013,37.194,0.11597,358653.4672589353,0.019,0
2026-09-14T13:18:54Z,12.513,17.0683,17.73,1.2413,0.1278,0.3384,4.1922,151.786,127.716623,3.5992,37.134,0.11592,358910.024069361,0.019,0
2026-09-14T13:18:54Z,12.518,17.068,17.73,1.2375,0.1278,0.3384,4.1922,151.826,127.749374,3.5964,37.06,0.11597,359153.8511139088,0.019,0
2026-09-14T13:18:54Z,12.522,17.0677,17.73,1.2337,0.1278,0.3384,4.1469,151.854,127.772775,3.5927,36.979,0.116,359330.00989633345,0.019,0
2026-09-14T13:18:54Z,12.527,17.0674,17.73,1.2566,0.1278,0.3384,4.1015,151.874,127.789063,3.5882,36.896,0.116,359454.6545201938,0.019,0
2026-09-14T13:18:54Z,12.532,17.0672,17.73,1.2451,0.1278,0.3384,4.6152,151.89,127.802582,3.5824,36.815,0.11592,359557.0555921094,0.019,0
2026-09-14T13:18:54Z,12.537,17.067,17.73,1.2261,0.1278,0.2538,4.736,151.918,127.824943,3.5753,36.737,0.11595,359723.6033814498,0.02,0
2026-09-14T13:18:54Z,12.542,17.0668,17.73,1.2451,0.1278,0.2538,4.6001,151.952,127.852101,3.5675,36.672,0.11612,359925.0037941493,0.02,0
2026-09-14T13:18:54Z,12.548,17.0667,17.73,1.2566,0.1278,0.2538,4.6605,151.965,127.861282,3.5595,36.62,0.11607,359993.81495670177,0.021,0
2026-09-14T13:18:54Z,12.553,17.0665,17.73,1.2947,0.1278,0.2538,4.7058,151.958,127.852934,3.5517,36.577,0.1161,359937.63091772405,0.021,0
2026-09-14T13:18:54Z,12.558,17.0662,17.73,1.3062,0.1278,0.2115,4.585,151.953,127.846842,3.5442,36.54,0.11615,359900.01456685213,0.021,0
2026-09-14T13:18:54Z,12.564,17.0658,17.73,1.3138,0.1278,0.2115,4.6756,151.958,127.849387,3.538,36.496,0.116,359927.2604417439,0.021,0
2026-09-14T13:18:54Z,12.569,17.0651,17.73,1.2871,0.1278,0.2115,4.736,151.955,127.845238,3.5329,36.434,0.11612,359912.5237374397,0.02,0
2026-09-14T13:18:54Z,12.575,17.0644,17.73,1.2871,0.1278,0.2115,4.6001,151.951,127.841292,3.5289,36.347,0.11612,359899.2601180588,0.02,0
2026-09-14T13:18:54Z,12.579,17.0637,17.82,1.3138,0.1278,0.2961,4.585,151.968,127.854508,3.5253,36.233,0.11605,360010.53075540776,0.019,0
2026-09-14T13:18:54Z,12.584,17.0631,17.82,1.3291,0.1278,0.2961,4.5396,151.983,127.866398,3.5211,36.105,0.11605,360110.00386663305,0.019,0
2026-09-14T13:18:54Z,12.588,17.0627,17.82,1.3024,0.1278,0.2961,4.6756,151.988,127.870125,3.5152,35.983,0.11612,360145.84375868534,0.019,0
2026-09-14T13:18:54Z,12.593,17.0624,17.82,1.2337,0.1278,0.2961,4.6454,152.002,127.880693,3.5068,35.886,0.11605,360229.15278166503,0.02,0
2026-09-14T13:18:54Z,12.598,17.0621,17.91,1.2451,0.1278,0.2115,4.6001,152.02,127.894917,3.4959,35.826,0.116,360339.02213101194,0.021,0
2026-09-14T13:18:54Z,12.603,17.0619,17.91,1.2451,0.1278,0.2115,4.6152,152.031,127.90258,3.4835,35.796,0.11612,360399.06492921006,0.022,0
2026-09-14T13:18:54Z,12.609,17.0616,17.91,1.2223,0.1278,0.2115,4.6605,152.031,127.901725,3.4717,35.784,0.1162,360399.449936506,0.024,0
2026-09-14T13:18:54Z,12.616,17.0613,17.91,1.352,0.1278,0.2115,5.0684,152.04,127.908132,3.4624,35.778,0.11595,360452.5758089537,0.024,0
2026-09-14T13:18:54Z,12.622,17.061,17.91,1.352,0.1278,0.2115,5.1137,152.085,127.945521,3.4567,35.77,0.11615,360730.7951809648,0.025,0
2026-09-14T13:18:54Z,12.629,17.0607,17.91,1.3558,0.1704,0.2115,5.023,152.149,127.99985,3.4538,35.752,0.11607,361132.31552529003,0.025,0
2026-09-14T13:18:54Z,12.636,17.0603,17.91,1.3863,0.1704,0.2115,5.1288,152.194,128.037579,3.4526,35.719,0.116,361415.5423767455,0.024,0
2026-09-14T13:18:54Z,12.642,17.06,17.91,1.3176,0.1704,0.2115,4.9173,152.205,128.046758,3.452,35.679,0.11602,361488.9377676199,0.023,0
2026-09-14T13:18:54Z,12.647,17.0598,17.91,1.3024,0.1704,0.2115,4.7662,152.19,128.033836,3.4513,35.639,0.11595,361399.33267222636,0.022,0
2026-09-14T13:18:54Z,12.653,17.0598,17.91,1.31,0.1278,0.2538,4.8267,152.168,128.015378,3.4496000000000002,35.605,0.11605,361265.0652824525,0.022,0
2026-09-14T13:18:54Z,12.658,17.0599,17.91,1.3024,0.1278,0.2538,4.9928,152.149,127.99847,3.4465,35.583,0.11595,361139.8961568179,0.021,0
2026-09-14T13:18:54Z,12.663,17.06,17.91,1.2947,0.1278,0.2538,5.1741,152.126,127.978601,3.4426,35.573,0.11597,360993.22757702856,0.021,0
2026-09-14T13:18:54Z,12.669,17.0598,17.91,1.2947,0.1278,0.2538,5.0684,152.101,127.956478,3.4387,35.57,0.11607,360836.81810342084,0.022,0
2026-09-14T13:18:54Z,12.674,17.0597,17.91,1.3062,0.1278,0.3384,5.159,152.085,127.942209,3.4354,35.559,0.11602,360735.31890514394,0.023,0
2026-09-14T13:18:54Z,12.68,17.0594,17.91,1.3024,0.1278,0.3384,5.159,152.091,127.945998,3.4334,35.529,0.11595,360769.45460246183,0.024,0
2026-09-14T13:18:54Z,12.685,17.0591,17.91,1.3138,0.1278,0.3384,5.4309,152.115,127.964853,3.4324,35.478,0.116,360913.09799517144,0.025,0
2026-09-14T13:18:54Z,12.692,17.0589,17.91,1.3024,0.1278,0.3384,5.4007,152.143,127.985791,3.4321,35.417,0.11605,361069.72088520345,0.027,0
2026-09-14T13:18:54Z,12.699,17.0587,17.91,1.3024,0.1278,0.3384,5.3856,152.152,127.990383,3.4311,35.356,0.11597,361107.51399976696,0.029,0
2026-09-14T13:18:54Z,12.706,17.0583,18,1.2947,0.1278,0.3384,5.3403,152.134,127.971849,3.4282,35.297,0.11617,360981.565257813,0.032,0
2026-09-14T13:18:54Z,12.714,17.0577,18,1.3481,0.1278,0.3384,5.159,152.117,127.95326,3.4233,35.242,0.11595,360859.644540503,0.035,0
2026-09-14T13:18:54Z,12.723,17.057,18,1.3367,0.1278,0.3384,5.1288,152.132,127.959678,3.4175,35.2,0.11612,360921.70785588096,0.039,0
2026-09-14T13:18:54Z,12.734,17.0561,18,1.3405,0.1278,0.3384,5.0986,152.169,127.982809,3.4117,35.17,0.11602,361109.70862984617,0.044,0
2026-09-14T13:18:54Z,12.745,17.055,18.09,1.3443,0.1704,0.3807,5.1892,152.198,127.996801,3.406,35.143,0.11605,361235.70686924225,0.049,0
2026-09-14T13:18:54Z,12.758,17.0535,18.09,1.2299,0.1704,0.3807,5.8841,152.208,127.995379,3.4009,35.107,0.11595,361258.4212453608,0.053,0
2026-09-14T13:18:54Z,12.773,17.0514,18.09,1.268,0.1704,0.3807,5.7784,152.22,127.996173,3.3969,35.047,0.11605,361310.48654328147,0.056,0
2026-09-14T13:18:54Z,12.789,17.0486,18.09,1.2375,0.1704,0.3807,5.8539,152.243,128.009402,3.3942,34.953,0.11605,361468.4880166107,0.058,0
2026-09-14T13:18:54Z,12.805,17.0454,18.27,1.2223,0.1704,0.3807,5.8237,152.262,128.020581,3.3919,34.828,0.1161,361620.45506383106,0.059,0
2026-09-14T13:18:54Z,12.821,17.042,18.27,1.1879,0.1704,0.3807,5.8388,152.263,128.018685,3.3886,34.685,0.11597,361681.6847865087,0.058,0
2026-09-14T13:18:54Z,12.835,17.0391,18.27,1.1841,0.1704,0.3807,5.7784,152.256,128.00921,3.3831,34.536,0.1162,361676.69831263757,0.056,0
2026-09-14T13:18:54Z,12.849,17.037,18.27,1.165,0.1704,0.3807,5.869,152.239,127.991632,3.3741,34.396,0.1161,361595.04709213326,0.054,0
2026-09-14T13:18:54Z,12.862,17.0355,18.45,1.1803,0.1704,0.2961,5.8086,152.203,127.95726,3.3622,34.277,0.11602,361377.9053423892,0.052,0
2026-09-14T13:18:54Z,12.875,17.0345,18.45,1.1879,0.1704,0.2961,5.8992000000000004,152.169,127.922942,3.3484,34.191,0.11605,361150.19793309824,0.05,0
2026-09-14T13:18:54Z,12.887,17.0335,18.45,1.1956,0.1704,0.2961,5.8539,152.171,127.91755,3.3341,34.15,0.11615,361133.0026676107,0.049,0
2026-09-14T13:18:54Z,12.899,17.0324,18.45,1.1727,0.1704,0.2961,5.8086,152.208,127.939645,3.3206,34.152,0.1161,361318.0472743496,0.047,0
2026-09-14T13:18:54Z,12.911,17.031,18.45,1.165,0.1704,0.2961,5.8388,152.243,127.961098,3.3092,34.188,0.11605,361505.104750357,0.046,0
2026-09-14T13:18:54Z,12.923,17.0292,18.45,1.1727,0.1704,0.2115,5.5971,152.258,127.965617,3.3011,34.247,0.11615,361577.7313709425,0.044,0
2026-09-14T13:18:54Z,12.934,17.0267,18.45,1.165,0.1704,0.2115,5.5216,152.265,127.964414,3.2974,34.316,0.1162,361624.14922379574,0.042,0
2026-09-14T13:18:54Z,12.945,17.0239,18.45,1.1803,0.1704,0.2115,5.6273,152.281,127.971176,3.2977,34.387,0.11592,361735.22392155934,0.039,0
2026-09-14T13:18:54Z,12.954,17.0211,18.45,1.165,0.1704,0.2115,5.6575,152.304,127.985703,3.3014,34.451,0.11612,361902.9216623996,0.035,0
2026-09-14T13:18:54Z,12.963,17.0186,18.54,1.1574,0.1704,0.3384,5.6273,152.312,127.987857,3.3073,34.496,0.11607,361973.8607957776,0.032,0
2026-09-14T13:18:54Z,12.97,17.0163,18.54,1.104,0.1704,0.3384,5.582,152.305,127.978211,3.314,34.517,0.11597,361954.3742476459,0.029,0
2026-09-14T13:18:54Z,12.977,17.0142,18.54,1.1307,0.1704,0.3384,5.6122,152.316,127.984209,3.321,34.523,0.116,362044.51323375845,0.025,0
2026-09-14T13:18:54Z,12.983,17.0125,18.54,1.1078,0.1704,0.3384,5.5064,152.326,127.989441,3.3273,34.52,0.116,362120.24389967765,0.023,0
2026-09-14T13:18:54Z,12.988,17.011,18.54,1.0964,0.1278,0.2115,5.5518,152.302,127.965285,3.3318,34.513,0.11605,361977.27309961437,0.021,0
2026-09-14T13:18:54Z,12.993,17.0097,18.54,1.1231,0.1278,0.2115,5.5216,152.266,127.931314,3.334,34.507,0.11615,361758.3702177189,0.02,0
2026-09-14T13:18:54Z,12.997,17.0085,18.54,1.0926,0.1278,0.2115,5.5971,152.256,127.918492,3.3346,34.507,0.1161,361691.4300787402,0.019,0
2026-09-14T13:18:54Z,13.002,17.0074,18.54,1.1002,0.1278,0.2115,5.6424,152.273,127.927402,3.3344,34.512,0.11602,361780.6633621797,0.019,0
2026-09-14T13:18:54Z,13.007,17.0063,18.54,1.062,0.1278,0.2115,5.8086,152.293,127.938406,3.3338,34.52,0.116,361885.18022209,0.02,0
2026-09-14T13:18:54Z,13.012,17.0051,18.54,1.0544,0.1704,0.2538,5.8388,152.292,127.930426,3.3333,34.532,0.116,361853.5203847926,0.021,0
2026-09-14T13:18:54Z,13.018,17.0036,18.54,1.043,0.1704,0.2538,5.8539,152.261,127.897331,3.3333,34.545,0.11605,361645.42811383394,0.022,0
2026-09-14T13:18:54Z,13.024,17.0019,18.54,1.0468,0.1704,0.2538,5.7481,152.225,127.860312,3.334,34.557,0.11612,361413.21998840565,0.022,0
2026-09-14T13:18:54Z,13.03,16.9999,18.54,1.0659,0.1704,0.2538,5.8388,152.204,127.835512,3.335,34.57,0.11597,361276.69611884165,0.023,0
2026-09-14T13:18:54Z,13.036,16.9978,18.63,1.0582,0.1704,0.2961,5.8237,152.199,127.824322,3.3362,34.578,0.1161,361241.5200973708,0.023,0
2026-09-14T13:18:54Z,13.042,16.9954,18.63,1.0582,0.1704,0.2961,5.8539,152.206,127.823758,3.3376,34.576,0.11617,361290.3639467716,0.022,0
2026-09-14T13:18:54Z,13.048,16.993,18.63,1.0582,0.1704,0.2961,5.8086,152.219,127.829666,3.339,34.563,0.11615,361386.3728970377,0.022,0
2026-09-14T13:18:54Z,13.053,16.9906,18.63,1.0697,0.1704,0.2961,5.8388,152.234,127.839619,3.3404,34.535,0.11597,361511.8880564469,0.02,0
2026-09-14T13:18:54Z,13.058,16.9883,18.63,1.043,0.1704,0.2115,5.869,152.255,127.856272,3.3413,34.485,0.11612,361684.0820032581,0.019,0
2026-09-14T13:18:54Z,13.063,16.9863,18.63,1.0735,0.1704,0.2115,5.869,152.294,127.888068,3.3413,34.416,0.116,361960.1664628969,0.017,0
2026-09-14T13:18:54Z,13.067,16.9848,18.63,1.0353,0.1704,0.2115,5.9747,152.339,127.925474,3.3401,34.333,0.11597,362266.2859458997,0.015,0
2026-09-14T13:18:54Z,13.07,16.9839,18.63,1.0506,0.1704,0.2115,5.8237,152.371,127.950452,3.3375,34.245,0.11607,362468.5476323973,0.014,0
2026-09-14T13:18:54Z,13.073,16.9835,18.63,1.0353,0.1704,0.2115,5.8388,152.385,127.959655,3.3327,34.16,0.11602,362544.6036470838,0.012,0
2026-09-14T13:18:54Z,13.076,16.9833,18.63,1.0582,0.1704,0.2115,5.9143,152.385,127.955539,3.326,34.086,0.116,362518.9758582189,0.011,0
2026-09-14T13:18:54Z,13.079,16.9831,18.63,1.0582,0.1704,0.2115,5.7784,152.375,127.943008,3.318,34.03,0.11597,362431.9077610353,0.01,0
2026-09-14T13:18:54Z,13.082,16.9825,18.63,1.043,0.1704,0.2115,5.8388,152.375,127.938732,3.3095,33.993,0.116,362413.9717867781,0.01,0
2026-09-14T13:18:54Z,13.084,16.9815,18.63,1.062,0.1704,0.2115,5.869,152.388,127.945572,3.3014,33.967,0.11612,362486.05546723225,0.01,0
2026-09-14T13:18:54Z,13.086,16.9802,18.63,1.0506,0.1278,0.3384,5.7784,152.399,127.951345,3.2943,33.944,0.1161,362557.0037043169,0.01,0
2026-09-14T13:18:54Z,13.089,16.9789,18.63,1.0811,0.1278,0.3384,5.8388,152.413,127.959591,3.2889,33.917,0.11617,362646.02776096563,0.01,0
2026-09-14T13:18:54Z,13.091,16.9775,18.63,1.1078,0.1278,0.3384,5.869,152.435,127.97451,3.2855,33.883,0.11605,362786.0405975671,0.01,0
2026-09-14T13:18:54Z,13.094,16.9762,18.63,1.1116,0.1278,0.3384,5.8992000000000004,152.453,127.986073,3.2831,33.844,0.11612,362899.3515796886,0.01,0
2026-09-14T13:18:54Z,13.096,16.9751,18.63,1.1307,0.1704,0.3384,5.8841,152.469,127.995362,3.281,33.793,0.1161,362991.633819774,0.01,0
2026-09-14T13:18:54Z,13.099,16.974,18.63,1.1231,0.1704,0.3384,5.8237,152.506,128.022863,3.2784,33.73,0.1162,363217.0916524744,0.01,0
2026-09-14T13:18:54Z,13.102,16.9728,18.63,1.1879,0.1704,0.3384,5.8086,152.563,128.067905,3.2752,33.656,0.1161,363573.1998608796,0.01,0
2026-09-14T13:18:54Z,13.104,16.9714,18.63,1.1879,0.1704,0.3384,5.7179,152.607,128.102478,3.2715,33.575,0.11605,363857.343929597,0.01,0
2026-09-14T13:18:54Z,13.107,16.9701,18.63,1.1689,0.1704,0.2538,5.8237,152.622,128.113786,3.2667,33.493,0.11612,363969.0413219997,0.01,0
2026-09-14T13:18:54Z,13.109,16.9689,18.63,1.1803,0.1704,0.2538,5.8237,152.632,128.120856,3.2606,33.417,0.11617,364047.5037615176,0.01,0
2026-09-14T13:18:54Z,13.112,16.968,18.63,1.1307,0.1704,0.2538,5.8086,152.644,128.129575,3.2536,33.346,0.11605,364131.38430769026,0.01,0
2026-09-14T13:18:54Z,13.115,16.9673,18.63,1.1421,0.1704,0.2538,5.8388,152.642,128.126258,3.2458,33.282,0.1161,364122.6627747211,0.01,0
2026-09-14T13:18:54Z,13.117,16.9669,18.63,1.1421,0.1704,0.2538,5.869,152.635,128.118026,3.238,33.23,0.11605,364071.26712663256,0.01,0
2026-09-14T13:18:54Z,13.12,16.9664,18.63,1.1307,0.1704,0.3384,5.8086,152.633,128.11469,3.2307,33.191,0.11605,364057.9569424021,0.011,0
2026-09-14T13:18:54Z,13.123,16.9659,18.63,1.104,0.1704,0.3384,6.0352,152.638,128.11536,3.2238,33.164,0.11612,364073.9866353361,0.011,0
2026-09-14T13:18:54Z,13.125,16.9654,18.63,1.1383,0.1704,0.3384,6.2164,152.643,128.116213,3.2176,33.153,0.1162,364091.35789674264,0.011,0
2026-09-14T13:18:54Z,13.128,16.9648,18.63,1.0964,0.1704,0.3384,6.005,152.655,128.12348,3.2126,33.151,0.11605,364157.9386353424,0.01,0
2026-09-14T13:18:54Z,13.131,16.964,18.63,1.0926,0.1704,0.3384,6.0956,152.679,128.141099,3.2089,33.145,0.1161,364304.8292283472,0.01,0
2026-09-14T13:18:54Z,13.134,16.963,18.63,1.1116,0.1704,0.3384,6.0654,152.69,128.147753,3.2064,33.13,0.11602,364375.85362744646,0.01,0
2026-09-14T13:18:54Z,13.136,16.962,18.63,1.1269,0.1704,0.3384,6.1107,152.687,128.143217,3.2054,33.105,0.11592,364364.8781208352,0.009,0
2026-09-14T13:18:54Z,13.138,16.961,18.63,1.1116,0.1704,0.3384,6.0352,152.679,128.134284,3.2052,33.068,0.1161,364321.6792198523,0.009,0
2026-09-14T13:18:54Z,13.14,16.9601,18.63,1.1154,0.1704,0.2538,6.0352,152.662,128.116571,3.2048,33.02,0.11612,364211.9204544989,0.008,0
2026-09-14T13:18:54Z,13.142,16.9593,18.63,1.1879,0.1704,0.2538,6.1711,152.659,128.111371,3.2033,32.959,0.11612,364191.6260855323,0.008,0
2026-09-14T13:18:54Z,13.144,16.9586,18.63,1.1612,0.1704,0.2538,6.1258,152.676,128.123298,3.201,32.887,0.11615,364294.604023434,0.007,0
2026-09-14T13:18:54Z,13.146,16.9578,18.63,1.2184,0.1704,0.2538,6.156,152.69,128.133522,3.1975,32.807,0.11607,364387.34786471975,0.007,0
2026-09-14T13:18:54Z,13.148,16.9568,18.72,1.1536,0.1278,0.3384,6.1409,152.7,128.140765,3.1929,32.726,0.11612,364462.7117801844,0.006,0
2026-09-14T13:18:54Z,13.15,16.9559,18.72,1.1841,0.1278,0.3384,6.0654,152.712,128.150963,3.1871,32.644,0.116,364557.5266776677,0.006,0
2026-09-14T13:18:54Z,13.151,16.9551,18.72,1.1727,0.1278,0.3384,6.0352,152.712,128.150825,3.1801,32.561,0.11592,364574.3396885656,0.006,0
2026-09-14T13:18:54Z,13.152,16.9546,18.72,1.1917,0.1278,0.3384,6.0352,152.68,128.124305,3.1724,32.482,0.116,364391.05317899626,0.006,0
2026-09-14T13:18:54Z,13.154,16.9542,18.72,1.1727,0.1278,0.3384,6.0654,152.644,128.094349,3.1646,32.411,0.11602,364180.41417579714,0.006,0
2026-09-14T13:18:54Z,13.155,16.9541,18.63,1.1803,0.1704,0.2538,6.0805,152.629,128.082986,3.1567,32.357,0.11612,364099.3805383931,0.006,0
2026-09-14T13:18:54Z,13.157,16.9541,18.63,1.1689,0.1704,0.2538,6.3977,152.633,128.087185,3.1486,32.322,0.11612,364130.14561307814,0.007,0
2026-09-14T13:18:54Z,13.159,16.9543,18.63,1.1841,0.1704,0.2538,6.2769,152.663,128.112069,3.141,32.307,0.11605,364308.0455581326,0.008,0
2026-09-14T13:18:54Z,13.161,16.9545,18.63,1.165,0.1704,0.2538,6.2618,152.694,128.138257,3.1341,32.313,0.11605,364495.5570509466,0.008,0
2026-09-14T13:18:54Z,13.163,16.9548,18.72,1.1803,0.1704,0.423,6.292,152.686,128.130711,3.1288,32.335,0.11617,364433.55323055096,0.009,0
2026-09-14T13:18:54Z,13.165,16.955,18.72,1.1383,0.1704,0.423,6.3071,152.652,128.101424,3.1254,32.369,0.11615,364214.44607954624,0.009,0
2026-09-14T13:18:54Z,13.167,16.9552,18.72,1.1231,0.1704,0.423,6.3675,152.645,128.094618,3.124,32.411,0.11597,364160.12164002855,0.01,0
2026-09-14T13:18:54Z,13.17,16.9551,18.72,1.1307,0.1704,0.423,6.4279,152.683,128.124486,3.1246,32.452,0.11602,364381.2375465372,0.011,0
2026-09-14T13:18:54Z,13.172,16.9549,18.63,1.1002,0.1704,0.2961,6.3373,152.731,128.162973,3.1268,32.488,0.1161,364667.8688296107,0.011,0
2026-09-14T13:18:54Z,13.175,16.9546,18.63,1.1154,0.1704,0.2961,6.3373,152.755,128.182319,3.1301,32.518,0.116,364816.4479481985,0.012,0
2026-09-14T13:18:54Z,13.179,16.9541,18.63,1.1154,0.1704,0.2961,6.3071,152.762,128.187684,3.1342,32.538,0.116,364866.9527519468,0.013,0
2026-09-14T13:18:54Z,13.182,16.9536,18.63,1.1307,0.1704,0.2961,6.3675,152.773,128.196508,3.1382,32.545,0.116,364942.8415724247,0.014,0
2026-09-14T13:18:54Z,13.186,16.9531,18.63,1.1383,0.1704,0.2961,6.2769,152.776,128.199136,3.1417,32.54,0.11615,364973.2760119238,0.015,0
2026-09-14T13:18:54Z,13.19,16.9528,18.63,1.1917,0.1704,0.3384,6.3071,152.743,128.172255,3.1446,32.527,0.11602,364782.75418225524,0.016,0
2026-09-14T13:18:54Z,13.195,16.9527,18.63,1.1841,0.1704,0.3384,6.3977,152.685,128.124707,3.1465,32.505,0.11605,364436.3028679592,0.016,0
2026-09-14T13:18:54Z,13.199,16.9526,18.63,1.1994,0.1704,0.3384,6.3675,152.656,128.101846,3.1471,32.474,0.11597,364270.9560360208,0.017,0
2026-09-14T13:18:54Z,13.203,16.9526,18.63,1.1956,0.1704,0.3384,6.292,152.671,128.115584,3.1467,32.436,0.11612,364371.6493251667,0.017,0
2026-09-14T13:18:54Z,13.208,16.9528,18.72,1.2451,0.1704,0.3384,6.2769,152.689,128.131565,3.1454,32.398,0.1159,364484.3487997771,0.017,0
2026-09-14T13:18:54Z,13.212,16.9531,18.72,1.2604,0.1704,0.3384,6.3826,152.68,128.124032,3.1433,32.368,0.11617,364422.4382838354,0.018,0
2026-09-14T13:18:54Z,13.216,16.9535,18.72,1.2566,0.1704,0.3384,6.3071,152.659,128.104986,3.1403,32.355,0.11612,364273.9242366321,0.018,0
2026-09-14T13:18:54Z,13.221,16.9539,18.72,1.2184,0.1704,0.3384,6.2467,152.673,128.115372,3.1366,32.358,0.11607,364341.1375929167,0.019,0
2026-09-14T13:18:54Z,13.226,16.9541,18.63,1.2604,0.1278,0.3384,6.8509,152.716,128.147956,3.1329,32.373,0.11607,364575.55692664965,0.02,0
2026-09-14T13:18:54Z,13.231,16.9542,18.63,1.2642,0.1278,0.3384,6.7452,152.745,128.169401,3.13,32.387,0.11602,364730.5919298689,0.021,0
2026-09-14T13:18:54Z,13.237,16.9539,18.63,1.2451,0.1278,0.3384,6.8811,152.762,128.181424,3.1287,32.391,0.116,364825.4671659089,0.021,0
2026-09-14T13:18:54Z,13.243,16.9533,18.63,1.2451,0.1278,0.3384,6.8509,152.767,128.18323,3.1291,32.377,0.11617,364852.0934200601,0.021,0
2026-09-14T13:18:54Z,13.249,16.9523,18.36,1.165,0.1278,0.3384,6.7905,152.764,128.179301,3.1305,32.338,0.11612,364845.567882606,0.021,0
2026-09-14T13:18:54Z,13.254,16.9513,18.36,1.165,0.1278,0.3384,6.8811,152.763,128.176594,3.132,32.28,0.11617,364848.007701577,0.02,0
2026-09-14T13:18:54Z,13.258,16.9505,18.36,1.1727,0.1278,0.3384,6.7905,152.755,128.166383,3.1325,32.21,0.11595,364790.936423617,0.019,0
2026-09-14T13:18:54Z,13.263,16.9499,18.36,1.1612,0.1278,0.3384,6.7452,152.748,128.157952,3.1311,32.139,0.11602,364742.46615004505,0.018,0
2026-09-14T13:18:54Z,13.268,16.9494,18.36,1.1841,0.1278,0.3384,7.6365,152.75,128.157057,3.1274,32.075,0.11597,364747.04699155915,0.017,0
2026-09-14T13:18:54Z,13.272,16.9487,18.18,1.1879,0.1278,0.2961,7.8177,152.738,128.14745,3.1218,32.014,0.11605,364692.1816233059,0.016,0
2026-09-14T13:18:54Z,13.277,16.9477,18.18,1.1727,0.1278,0.2961,7.7573,152.726,128.140576,3.1152,31.955,0.11617,364664.0521138481,0.014,0
2026-09-14T13:18:54Z,13.28,16.9466,18.18,1.207,0.1278,0.2961,7.7573,152.737,128.156616,3.1084,31.902,0.11612,364806.24077485915,0.012,0
2026-09-14T13:18:54Z,13.283,16.946,18.18,1.1994,0.1278,0.2961,6.6394,152.749,128.173832,3.1022,31.864,0.116,364945.94624464674,0.011,0
2026-09-14T13:18:54Z,13.285,16.9461,18.36,1.1612,0.1278,0.423,6.5488,152.742,128.174804,3.0963,31.85,0.11612,364950.84759118356,0.009,0
2026-09-14T13:18:54Z,13.286,16.9472,18.36,1.1765,0.1278,0.423,6.5941,152.734,128.171797,3.0905,31.869,0.116,364904.24265901773,0.009,0
2026-09-14T13:18:54Z,13.288,16.9491,18.36,1.1879,0.1278,0.423,6.6696,152.731,128.172016,3.0852,31.931,0.11607,364863.4705857223,0.009,0
2026-09-14T13:18:54Z,13.29,16.9517,18.36,1.1612,0.1278,0.423,6.292,152.727,128.171514,3.0814,32.038,0.116,364801.80613051134,0.009,0
2026-09-14T13:18:54Z,13.293,16.9539,18.45,1.1917,0.1704,0.3384,6.3977,152.712,128.166156,3.0799,32.174,0.11592,364713.4558600466,0.01,0
2026-09-14T13:18:54Z,13.295,16.9552,18.45,1.1765,0.1704,0.3384,6.2769,152.691,128.158516,3.0816,32.321,0.116,364628.4507395729,0.011,0
2026-09-14T13:18:54Z,13.298,16.9559,18.45,1.1574,0.1704,0.3384,6.3675,152.667,128.15056,3.0876,32.458,0.11602,364554.51395779604,0.012,0
2026-09-14T13:18:54Z,13.301,16.957,18.45,1.371,0.1704,0.3384,5.733,152.649,128.14817,3.0978,32.571,0.11605,364512.4825837739,0.013,0
2026-09-14T13:18:54Z,13.304,16.9592,18.45,1.3787,0.1704,0.3384,5.8992000000000004,152.644,128.154712,3.1109,32.664,0.11605,364511.4299200491,0.014,0
2026-09-14T13:18:54Z,13.308,16.9625,18.54,1.3443,0.1704,0.423,5.8992000000000004,152.663,128.175935,3.1249,32.749,0.11605,364593.4936839996,0.015,0
2026-09-14T13:18:54Z,13.312,16.9665,18.54,1.3901,0.1704,0.423,5.7784,152.7,128.205491,3.1379,32.839,0.11602,364721.0503575541,0.017,0
2026-09-14T13:18:54Z,13.317,16.9707,18.54,1.2337,0.1704,0.423,6.3524,152.707,128.203234,3.1486,32.94,0.11602,364610.9125121814,0.018,0
2026-09-14T13:18:54Z,13.322,16.9741,18.54,1.2451,0.1704,0.423,6.2618,152.689,128.178566,3.1573,33.044,0.116,364354.4192353243,0.019,0
2026-09-14T13:18:54Z,13.327,16.9759,18.63,1.2146,0.1704,0.3807,6.3524,152.7,128.178939,3.1654,33.131,0.11612,364317.0805495513,0.02,0
2026-09-14T13:18:54Z,13.333,16.9753,18.63,1.2375,0.1704,0.3807,6.2467,152.735,128.198451,3.1742,33.161,0.11617,364473.3917057064,0.021,0
2026-09-14T13:18:54Z,13.338,16.9727,18.63,1.104,0.1704,0.3807,7.0171,152.78,128.224294,3.184,33.094,0.11617,364720.7208083209,0.022,0
2026-09-14T13:18:54Z,13.344,16.9696,18.63,1.1269,0.1704,0.3807,7.002,152.863,128.279368,3.1944,32.912,0.11607,365193.7733606178,0.023,0
2026-09-14T13:18:54Z,13.35,16.9666,18.81,1.1154,0.1704,0.2961,7.1228,152.975,128.356345,3.2029,32.621,0.11597,365825.90617247636,0.023,0
2026-09-14T13:18:54Z,13.356,16.9634,18.81,1.1307,0.1704,0.2961,7.1077,153.049,128.399709,3.2061,32.249,0.116,366216.13468608924,0.024,0
2026-09-14T13:18:54Z,13.362,16.9596,18.81,0.9705,0.1704,0.2961,7.0775,153.046,128.378996,3.1999,31.84,0.11605,366148.91205115395,0.024,0
2026-09-14T13:18:54Z,13.368,16.955,18.81,0.9857,0.1704,0.2961,6.9264,152.992,128.318701,3.1825,31.435,0.11612,365808.68344273017,0.023,0
2026-09-14T13:18:54Z,13.375,16.9494,18.99,0.9857,0.1704,0.3807,7.0473,152.927,128.250771,3.1547,31.061,0.11605,365434.8363170564,0.022,0
2026-09-14T13:18:54Z,13.381,16.9431,18.99,1.0163,0.1704,0.3807,7.0775,152.866,128.187111,3.1191,30.733,0.11605,365108.0845196199,0.021,0
2026-09-14T13:18:54Z,13.386,16.9373,18.99,0.9514,0.1704,0.3807,6.5941,152.818,128.134757,3.0799,30.458,0.11597,364853.2232189825,0.02,0
2026-09-14T13:18:54Z,13.39,16.9323,18.99,0.9514,0.1704,0.3807,6.5639,152.769,128.079749,3.0411,30.236,0.11615,364561.09014433034,0.019,0
2026-09-14T13:18:54Z,13.394,16.9279,18.99,0.8904,0.1704,0.3807,6.6092,152.698,128.003414,3.0052,30.063,0.1162,364099.28636603465,0.018,0
2026-09-14T13:18:54Z,13.399,16.924,18.99,0.9438,0.1704,0.3384,6.6243,152.624,127.923417,2.9738,29.935,0.1161,363599.79389872623,0.017,0
2026-09-14T13:18:54Z,13.403,16.92,18.99,0.9514,0.1704,0.3384,6.4884,152.562,127.854446,2.9474,29.849,0.11595,363183.56515541824,0.016,0
2026-09-14T13:18:54Z,13.408,16.9155,18.99,0.9476,0.1704,0.3384,6.5186,152.489,127.780109,2.9262,29.805,0.11607,362739.3752892811,0.016,0
2026-09-14T13:18:54Z,13.412,16.91,18.99,0.9323,0.1704,0.3384,6.5186,152.409,127.700592,2.9097,29.812,0.11605,362279.70117248286,0.015,0
2026-09-14T13:18:54Z,13.416,16.904,19.26,0.9438,0.1704,0.2538,6.6092,152.345,127.634715,2.8977,29.873,0.11612,361931.0063773912,0.014,0
2026-09-14T13:18:54Z,13.419,16.8986,19.26,0.7836,0.1704,0.2538,6.3675,152.316,127.598927,2.8897,29.987,0.11605,361788.987434933,0.014,0
2026-09-14T13:18:54Z,13.422,16.8941,19.26,0.8103,0.1704,0.2538,6.2618,152.323,127.59369,2.8857,30.142,0.11597,361850.3191129197,0.013,0
2026-09-14T13:18:54Z,13.425,16.89,19.26,0.8179,0.1704,0.2538,6.292,152.326,127.587591,2.8866,30.321,0.116,361896.50793474284,0.013,0
2026-09-14T13:18:54Z,13.429,16.8859,18.9,0.8217,0.1704,0.2538,6.4128,152.298,127.55699,2.8928,30.503,0.11612,361763.57290520857,0.012,0
2026-09-14T13:18:54Z,13.432,16.8821,18.9,0.8904,0.1704,0.2538,6.3977,152.252,127.513739,2.9041,30.67,0.116,361531.5507052971,0.012,0
2026-09-14T13:18:54Z,13.435,16.8786,18.9,0.856,0.1704,0.2538,6.3071,152.229,127.490327,2.9193,30.806,0.11595,361437.8904207721,0.012,0
2026-09-14T13:18:54Z,13.438,16.8757,18.9,0.8789,0.1704,0.2538,6.443,152.253,127.506526,2.9369,30.9,0.11597,361620.44105772406,0.012,0
2026-09-14T13:18:54Z,13.441,16.8734,18.9,0.9018,0.1704,0.2538,6.3826,152.312,127.552647,2.9546,30.95,0.11592,362008.62887408206,0.013,0
2026-09-14T13:18:54Z,13.444,16.8717,18.63,0.8637,0.1704,0.2538,7.0775,152.376,127.602969,2.9709,30.964,0.11612,362414.55794461234,0.013,0
2026-09-14T13:18:54Z,13.447,16.8704,18.63,0.8942,0.1704,0.2538,6.9869,152.438,127.652901,2.9842,30.95,0.11607,362809.05841881677,0.013,0
2026-09-14T13:18:54Z,13.451,16.8692,18.63,0.8713,0.1704,0.2538,7.0926,152.498,127.703751,2.9934,30.915,0.11605,363208.3517296838,0.013,0
2026-09-14T13:18:54Z,13.454,16.8681,18.63,0.856,0.1704,0.2538,7.0171,152.536,127.737062,2.9983,30.855,0.11597,363477.06339774816,0.013,0
2026-09-14T13:18:54Z,13.458,16.867,18.36,0.8789,0.1704,0.2538,7.9537,152.556,127.753712,2.9997,30.759,0.1161,363623.6701771413,0.014,0
2026-09-14T13:18:54Z,13.461,16.8664,18.36,0.8522,0.1704,0.2538,8.0594,152.59,127.778154,2.9984,30.621,0.11605,363816.3672528055,0.014,0
2026-09-14T13:18:54Z,13.465,16.8665,18.36,0.8827,0.1704,0.2538,7.9235,152.658,127.82891,2.995,30.441,0.11602,364186.73372015194,0.015,0
2026-09-14T13:18:54Z,13.468,16.867,18.36,0.8866,0.1704,0.2538,7.999,152.754,127.899504,2.9891,30.222,0.1161,364694.18137740396,0.016,0
2026-09-14T13:18:54Z,13.473,16.867,18.81,0.959,0.213,0.3807,8.9507,152.848,127.966739,2.9798,29.956,0.11605,365188.5183358693,0.016,0
2026-09-14T13:18:54Z,13.477,16.8659,18.81,0.9629,0.213,0.3807,8.9205,152.921,128.016523,2.9665,29.635,0.1161,365579.4266173656,0.017,0
2026-09-14T13:18:54Z,13.482,16.8636,18.81,0.9476,0.213,0.3807,8.8752,152.98,128.056129,2.9493,29.253,0.11623,365922.5279382189,0.017,0
2026-09-14T13:18:54Z,13.486,16.8604,18.81,0.94,0.213,0.3807,8.996,153.026,128.088114,2.9282,28.799,0.11597,366229.87858484697,0.017,0
2026-09-14T13:18:54Z,13.49,16.8566,19.08,0.9667,0.1704,0.4653,9.4492,153.042,128.096993,2.9027,28.272,0.11595,366380.5363022436,0.016,0
2026-09-14T13:18:54Z,13.494,16.853,19.08,0.9323,0.1704,0.4653,9.419,153.039,128.091136,2.8718,27.688,0.116,366418.10975868185,0.016,0
2026-09-14T13:18:54Z,13.498,16.8499,19.08,0.9476,0.1704,0.4653,9.4794,153.059,128.105003,2.8349,27.08,0.11628,366589.93227381125,0.016,0
2026-09-14T13:18:54Z,13.502,16.8476,19.08,0.9362,0.1704,0.4653,9.5248,153.103,128.138289,2.7911,26.481,0.116,366887.15386432427,0.016,0
2026-09-14T13:18:54Z,13.506,16.8461,19.08,0.959,0.1704,0.4653,9.9024,153.153,128.175856,2.7401,25.932,0.11612,367198.1771938445,0.017,0
2026-09-14T13:18:54Z,13.51,16.8451,19.08,0.9476,0.1704,0.3384,9.7665,153.243,128.245733,2.6836,25.466,0.11615,367736.876321861,0.018,0
2026-09-14T13:18:54Z,13.514,16.8442,19.08,0.9438,0.1704,0.3384,9.9024,153.387,128.358548,2.6246,25.1,0.11612,368591.5431282126,0.019,0
2026-09-14T13:18:54Z,13.519,16.8431,19.08,0.9362,0.1704,0.3384,9.7665,153.541,128.474344,2.5667,24.827,0.11605,369474.0798792916,0.021,0
2026-09-14T13:18:54Z,13.525,16.8418,19.08,0.94,0.1704,0.3384,11.0807,153.687,128.577974,2.5135,24.618,0.11592,370272.1820838225,0.022,0
2026-09-14T13:18:54Z,13.531,16.84,18.9,0.9438,0.1704,0.2538,11.110900000000001,153.831,128.67706,2.4684,24.427,0.11612,371048.9769580704,0.023,0
2026-09-14T13:18:54Z,13.537,16.8373,18.9,0.9514,0.1704,0.2538,11.0958,153.955,128.759999,2.433,24.205,0.1159,371727.1675347722,0.023,0
2026-09-14T13:18:54Z,13.544,16.8331,18.9,0.9285,0.1704,0.2538,11.0807,154.046,128.81889,2.4068,23.899,0.11605,372261.2764808096,0.024,0
2026-09-14T13:18:54Z,13.55,16.8271,18.9,0.9476,0.1704,0.2538,10.9297,154.103,128.853426,2.3868,23.468,0.11612,372655.4930336775,0.023,0
2026-09-14T13:18:54Z,13.556,16.8201,18.54,0.9476,0.1704,0.3807,10.8843,154.139,128.872817,2.3687,22.901,0.116,372959.94845148973,0.022,0
2026-09-14T13:18:54Z,13.561,16.8135,18.54,0.9209,0.1704,0.3807,10.839,154.178,128.894241,2.3475,22.222,0.1159,373270.6770730937,0.021,0
2026-09-14T13:18:54Z,13.566,16.8079,18.54,0.9438,0.1704,0.3807,10.7786,154.219,128.915406,2.3181,21.483,0.11605,373556.8298239465,0.021,0
2026-09-14T13:18:54Z,13.571,16.8035,18.54,0.9362,0.1704,0.3807,10.8843,154.245,128.921943,2.2765,20.744,0.11605,373706.3990760908,0.02,0
2026-09-14T13:18:54Z,13.576,16.7999,18.54,0.9171,0.1704,0.3807,10.8843,154.265,128.919598,2.2217,20.06,0.11628,373771.32856737444,0.02,0
2026-09-14T13:18:54Z,13.581,16.7964,18.54,0.959,0.1278,0.2961,10.8692,154.278,128.911747,2.156,19.469,0.1161,373792.8320311898,0.02,0
2026-09-14T13:18:54Z,13.586,16.7923,18.54,0.9438,0.1278,0.2961,10.8843,154.265,128.884288,2.0844,18.993,0.11605,373681.53815381665,0.019,0
2026-09-14T13:18:54Z,13.591,16.7872,18.54,0.8789,0.1278,0.2961,10.1894,154.256,128.861916,2.013,18.62,0.11605,373631.1542359571,0.019,0
2026-09-14T13:18:54Z,13.596,16.7811,18.54,0.8751,0.1278,0.2961,10.129,154.302,128.886695,1.9468,18.319,0.116,373956.1683825,0.018,0
2026-09-14T13:18:54Z,13.601,16.775,18.45,0.9018,0.1278,0.3807,10.0686,154.365,128.927208,1.8897,18.059,0.11597,374399.1998853065,0.017,0
2026-09-14T13:18:54Z,13.605,16.7695,18.45,0.8713,0.1278,0.3807,10.1139,154.385,128.932221,1.8437,17.824,0.11605,374563.01060897607,0.016,0
2026-09-14T13:18:54Z,13.608,16.7646,18.45,0.9743,0.1278,0.3807,9.7514,154.392,128.925084,1.8077,17.603,0.11605,374622.11350474245,0.014,0
2026-09-14T13:18:54Z,13.612,16.7602,18.45,1.0086,0.1278,0.3807,9.6607,154.414,128.929909,1.7786,17.399,0.116,374759.35444179707,0.013,0
2026-09-14T13:18:54Z,13.615,16.7564,18.27,1.001,0.1278,0.2961,9.6456,154.436,128.939978,1.7536,17.217,0.11615,374922.1574201082,0.011,0
2026-09-14T13:18:54Z,13.618,16.7526,18.27,1.0048,0.1278,0.2961,9.6305,154.457,128.953973,1.7308,17.062,0.11615,375114.465887345,0.01,0
2026-09-14T13:18:54Z,13.62,16.7484,18.27,0.8789,0.1278,0.2961,8.7996,154.462,128.955612,1.7096,16.941,0.11605,375223.4028723165,0.008,0
2026-09-14T13:18:54Z,13.622,16.7442,18.27,0.8637,0.1278,0.2961,8.7392,154.454,128.945335,1.6899,16.855,0.11612,375242.9934273728,0.007,0
2026-09-14T13:18:54Z,13.623,16.7414,18.18,0.8751,0.1278,0.3384,8.6335,154.464,128.948418,1.6723,16.802,0.116,375330.5803695,0.006,0
2026-09-14T13:18:54Z,13.624,16.7402,18.18,0.8789,0.1278,0.3384,8.7241,154.502,128.973686,1.6574,16.786,0.11597,375547.821686255,0.005,0
2026-09-14T13:18:54Z,13.626,16.7394,18.18,1.0086,0.1278,0.3384,9.4794,154.545,129.005865,1.6456,16.805,0.11617,375807.8201158014,0.004,0
2026-09-14T13:18:54Z,13.627,16.7383,18.18,1.0124,0.1278,0.3384,9.3737,154.566,129.021516,1.6373,16.857,0.11612,375950.715368422,0.004,0
2026-09-14T13:18:54Z,13.628,16.7366,18.18,1.0201,0.1278,0.3384,9.4794,154.56,129.016805,1.6322,16.929,0.11615,375954.54241553636,0.004,0
2026-09-14T13:18:54Z,13.629,16.7347,18.18,0.9934,0.1704,0.2538,9.4492,154.542,129.006489,1.6307,17.012,0.116,375920.88364311063,0.004,0
2026-09-14T13:18:54Z,13.63,16.7333,18.18,0.9819,0.1704,0.2538,9.4492,154.516,128.993818,1.6326,17.103,0.11625,375858.005326642,0.003,0
2026-09-14T13:18:54Z,13.631,16.7327,18.18,0.9323,0.1704,0.2538,9.1924,154.458,128.961405,1.6377,17.201,0.1159,375628.45315368794,0.003,0
2026-09-14T13:18:54Z,13.631,16.7329,18.18,0.9514,0.1704,0.2538,9.1471,154.377,128.910615,1.6446,17.309,0.11612,375242.6616339062,0.002,0
2026-09-14T13:18:54Z,13.632,16.7343,18.09,0.9209,0.1278,0.2961,9.0867,154.316,128.873933,1.6526,17.435,0.11612,374935.3013376036,0.002,0
2026-09-14T13:18:54Z,13.632,16.7374,18.09,0.9285,0.1278,0.2961,9.132,154.307,128.871597,1.6614,17.599,0.11595,374846.486839002,0.002,0
2026-09-14T13:18:54Z,13.633,16.7424,18.09,0.9209,0.1278,0.2961,9.2831,154.35,128.902984,1.6707,17.82,0.116,374966.81013649696,0.002,0
2026-09-14T13:18:54Z,13.633,16.748,18.09,0.9438,0.1278,0.2961,9.0716,154.421,128.948448,1.681,18.101,0.116,375178.8775288899,0.002,0
2026-09-14T13:18:54Z,13.634,16.7524,18.18,0.9323,0.1278,0.1692,9.1169,154.479,128.976083,1.6931,18.425,0.1159,375284.8578204128,0.001,0
2026-09-14T13:18:54Z,13.634,16.7541,18.18,0.9285,0.1278,0.1692,9.1924,154.51,128.977247,1.709,18.753,0.11617,375254.4591263868,0.001,0
2026-09-14T13:18:54Z,13.634,16.7527,18.18,0.8942,0.1278,0.1692,9.2377,154.529,128.96826,1.7305,19.032,0.11605,375219.2857135064,0.001,0
2026-09-14T13:18:54Z,13.635,16.7483,18.18,0.8713,0.1278,0.1692,9.1924,154.558,128.970739,1.758,19.207,0.116,375339.15786649333,0.001,0
2026-09-14T13:18:54Z,13.635,16.7415,18.18,0.8751,0.1278,0.1692,9.2377,154.616,129.005356,1.7897,19.227,0.11602,375755.5837958524,0.001,0
2026-09-14T13:18:54Z,13.635,16.7334,18.18,0.8866,0.1704,0.3384,9.0716,154.694,129.067332,1.8218,19.069,0.116,376408.04508190276,0.001,0
2026-09-14T13:18:54Z,13.635,16.7255,18.18,0.9323,0.1704,0.3384,8.9507,154.746,129.117159,1.8492,18.746,0.1161,376965.38545783143,0.002,0
2026-09-14T13:18:54Z,13.635,16.7186,18.18,0.9438,0.1704,0.3384,9.0262,154.759,129.140108,1.8665,18.303,0.11615,377297.8279412222,0.003,0
2026-09-14T13:18:54Z,13.636,16.714,18.18,0.9438,0.1704,0.3384,8.8299,154.773,129.162313,1.8686,17.799,0.116,377571.64150167047,0.004,0
2026-09-14T13:18:54Z,13.637,16.7129,18.18,0.9552,0.1278,0.2961,8.8299,154.83,129.21171,1.8533,17.312,0.1159,377969.4564901508,0.006,0
2026-09-14T13:18:54Z,13.638,16.7151,18.18,0.9705,0.1278,0.2961,9.419,154.98,129.317484,1.8218,16.916,0.11605,378716.32776482945,0.008,0
2026-09-14T13:18:54Z,13.641,16.719,18.18,0.9362,0.1278,0.2961,9.3888,155.253,129.497834,1.7786,16.664,0.11617,379988.2023300284,0.011,0
2026-09-14T13:18:54Z,13.644,16.7225,18.18,0.9438,0.1278,0.2961,9.3888,155.585,129.698788,1.7296,16.568,0.11617,381427.9575463818,0.013,0
2026-09-14T13:18:54Z,13.648,16.723,18.18,0.9514,0.1704,0.2115,9.3888,155.848,129.831834,1.6822,16.579,0.11605,382425.520055146,0.015,0
2026-09-14T13:18:54Z,13.653,16.7169,18.18,1.0659,0.1704,0.2115,9.8722,156.009,129.894421,1.6439,16.597,0.11592,383044.23151907336,0.016,0
2026-09-14T13:18:54Z,13.658,16.7015,18.18,1.0582,0.1704,0.2115,9.9175,156.105,129.927251,1.62,16.496,0.11605,383656.3088970233,0.015,0
2026-09-14T13:18:54Z,13.662,16.6772,18.18,1.0735,0.1704,0.2115,9.842,156.158,129.947083,1.6114,16.158,0.11607,384380.38006102265,0.014,0
2026-09-14T13:18:54Z,13.665,16.6497,18.27,1.0544,0.1278,0.2538,9.9326,156.19,129.96721,1.6135,15.531,0.11597,385184.014170152,0.013,0
2026-09-14T13:18:54Z,13.668,16.6265,18.27,1.0506,0.1278,0.2538,9.4039,156.232,130.001007,1.616,14.661,0.11602,385992.20259766356,0.011,0
2026-09-14T13:18:54Z,13.67,16.6113,18.27,1.0735,0.1278,0.2538,9.3888,156.308,130.057486,1.6066,13.659,0.11602,386785.85249952524,0.01,0
2026-09-14T13:18:54Z,13.673,16.6037,18.27,1.0773,0.1278,0.2538,9.4794,156.395,130.115686,1.574,12.665,0.11585,387413.14135804604,0.009,0
2026-09-14T13:18:54Z,13.675,16.6014,18.27,1.0392,0.1278,0.2538,9.3888,156.452,130.143092,1.513,11.806,0.11602,387678.3294086337,0.008,0
2026-09-14T13:18:54Z,13.677,16.6011,18.27,1.0544,0.1278,0.3384,9.3888,156.446,130.124997,1.4282,11.17,0.11615,387546.55911576684,0.008,0
2026-09-14T13:18:54Z,13.679,16.5991,18.27,1.0697,0.1278,0.3384,9.3133,156.353,130.050569,1.3307,10.786,0.116,387023.0684017415,0.008,0
2026-09-14T13:18:54Z,13.681,16.5944,18.27,1.0506,0.1278,0.3384,9.4039,156.192,129.937985,1.2339,10.624,0.11597,386271.7140416595,0.007,0
2026-09-14T13:18:54Z,13.683,16.5882,18.27,1.0544,0.1278,0.3384,9.3888,156.043,129.845284,1.1504,10.61,0.11595,385708.8662685361,0.007,0
2026-09-14T13:18:54Z,13.684,16.5839,18.27,0.9857,0.1278,0.2961,8.9507,155.954,129.803786,1.0885,10.674,0.11595,385493.1600001135,0.006,0
2026-09-14T13:18:54Z,13.686,16.5848,18.27,1.0048,0.1278,0.2961,8.996,155.906,129.790418,1.0511,10.793,0.11612,385369.5031992843,0.006,0
2026-09-14T13:18:54Z,13.687,16.5915,18.27,0.9896,0.1278,0.2961,8.8903,155.881,129.787607,1.0351,10.986,0.11605,385189.21716428164,0.006,0
2026-09-14T13:18:54Z,13.688,16.6017,18.27,1.001,0.1278,0.2961,8.8903,155.904,129.812617,1.0336,11.281,0.11607,385138.8901536399,0.007,0
2026-09-14T13:18:54Z,13.69,16.6121,18.36,1.001,0.1278,0.3807,9.1169,156.001,129.886127,1.0396,11.693,0.1161,385454.71192339534,0.008,0
2026-09-14T13:18:54Z,13.692,16.6206,18.36,1.001,0.1278,0.3807,9.1924,156.166,130.001723,1.051,12.204,0.11605,386137.6960547971,0.009,0
2026-09-14T13:18:54Z,13.694,16.6264,18.36,1.0048,0.1278,0.3807,9.1924,156.349,130.122183,1.0696,12.767,0.11607,386922.6080750631,0.01,0
2026-09-14T13:18:54Z,13.697,16.6284,18.36,0.9934,0.1278,0.3807,9.1924,156.531,130.233598,1.0983,13.311,0.11602,387729.4252311732,0.012,0
2026-09-14T13:18:54Z,13.7,16.6258,18.36,1.001,0.1278,0.3807,9.9326,156.713,130.343662,1.1385,13.746,0.11617,388636.6871514538,0.013,0
2026-09-14T13:18:54Z,13.704,16.6191,18.45,0.959,0.1704,0.2961,9.8722,156.875,130.437692,1.1885,13.983,0.11605,389520.1325666617,0.015,0
2026-09-14T13:18:54Z,13.708,16.6088,18.45,0.9896,0.1704,0.2961,9.9024,157.008,130.510741,1.2436,13.97,0.11605,390329.75589327764,0.016,0
2026-09-14T13:18:54Z,13.713,16.5962,18.45,0.9972,0.1704,0.2961,9.8571,157.132,130.578285,1.297,13.702,0.11592,391153.6196674284,0.016,0
2026-09-14T13:18:54Z,13.717,16.5829,18.45,1.0353,0.1704,0.2961,9.419,157.273,130.662337,1.3397,13.217,0.11605,392123.57839127624,0.017,0
2026-09-14T13:18:54Z,13.721,16.57,18.72,1.0735,0.1278,0.3384,9.3586,157.441,130.769299,1.3631,12.579,0.11595,393263.4819312172,0.017,0
2026-09-14T13:18:54Z,13.725,16.558,18.72,1.0506,0.1278,0.3384,9.4794,157.632,130.89567,1.3621,11.861,0.1159,394535.0129946724,0.018,0
2026-09-14T13:18:54Z,13.73,16.5467,18.72,1.0659,0.1278,0.3384,9.3586,157.834,131.029116,1.3363,11.135,0.11607,395847.8005397679,0.019,0
2026-09-14T13:18:54Z,13.734,16.5361,18.72,1.062,0.1278,0.3384,9.3435,158.018,131.145178,1.2893,10.459,0.11607,397011.17539253976,0.02,0
2026-09-14T13:18:54Z,13.739,16.5259,18.9,1.0353,0.1704,0.2115,9.4794,158.201,131.260795,1.2273,9.868,0.11612,398163.9273437491,0.021,0
2026-09-14T13:18:54Z,13.745,16.5156,18.9,1.0506,0.1704,0.2115,9.4794,158.447,131.430814,1.1574,9.368,0.11595,399748.0760314835,0.022,0
2026-09-14T13:18:54Z,13.751,16.5046,18.9,1.0659,0.1704,0.2115,9.3737,158.794,131.682558,1.0868,8.952,0.11595,401996.88526781223,0.023,0
2026-09-14T13:18:54Z,13.757,16.493,18.9,1.0582,0.1704,0.2115,9.4492,159.197,131.975079,1.0211,8.595,0.11612,404591.66132866294,0.025,0
2026-09-14T13:18:54Z,13.763,16.4817,19.35,1.0544,0.1704,0.2961,9.3586,159.539,132.212249,0.9636,8.276,0.11595,406751.5006476228,0.026,0
2026-09-14T13:18:54Z,13.77,16.4709,19.35,1.0697,0.1704,0.2961,9.5096,159.714,132.3172,0.915,7.98,0.11612,407855.64937241847,0.027,0
2026-09-14T13:18:54Z,13.777,16.4596,19.35,1.0239,0.1704,0.2961,9.4492,159.729,132.303906,0.8746,7.685,0.11602,408034.1885422353,0.027,0
2026-09-14T13:18:54Z,13.785,16.4464,19.35,0.9857,0.1704,0.2961,9.2528,159.672,132.246882,0.84,7.37,0.1159,407912.92919993104,0.027,0
2026-09-14T13:18:54Z,13.793,16.432,19.35,1.0086,0.1704,0.2961,9.132,159.635,132.216989,0.8091,7.026,0.11617,408037.5448957852,0.025,0
2026-09-14T13:18:54Z,13.799,16.4194,19.98,0.9857,0.213,0.3384,9.2075,159.628,132.214265,0.7804,6.663,0.1159,408333.1471992266,0.024,0
2026-09-14T13:18:54Z,13.804,16.4112,19.98,0.9934,0.213,0.3384,9.2528,159.591,132.185942,0.7516,6.314,0.11607,408314.25382559595,0.022,0
2026-09-14T13:18:54Z,13.809,16.4081,19.98,1.0544,0.213,0.3384,9.1622,159.52,132.12847,0.7208,6.027,0.11617,407934.8562779151,0.02,0
2026-09-14T13:18:54Z,13.814,16.4084,19.98,1.0964,0.213,0.3384,9.1773,159.467,132.08657,0.6872,5.836,0.11612,407593.95856008865,0.018,0
2026-09-14T13:18:54Z,13.819,16.4095,20.07,1.0353,0.1704,0.2538,9.2528,159.491,132.107115,0.6517,5.758,0.11612,407729.7088681298,0.017,0
2026-09-14T13:18:54Z,13.823,16.41,20.07,1.0849,0.1704,0.2538,9.1018,159.598,132.19358,0.6176,5.792,0.11617,408405.30047906,0.016,0
2026-09-14T13:18:54Z,13.827,16.4104,20.07,0.9133,0.1704,0.2538,9.4945,159.758,132.318986,0.5895,5.923,0.1161,409394.5576853688,0.014,0
2026-09-14T13:18:54Z,13.83,16.4111,20.07,0.9438,0.1704,0.2538,9.4492,159.944,132.460729,0.5708,6.124,0.11605,410508.1468233407,0.013,0
2026-09-14T13:18:54Z,13.833,16.4115,19.98,0.9514,0.213,0.2961,9.3586,160.109,132.580549,0.5632,6.358,0.116,411455.77986492746,0.011,0
2026-09-14T13:18:54Z,13.836,16.4108,19.98,0.9438,0.213,0.2961,9.4039,160.223,132.658354,0.5665,6.58,0.11615,412096.23422370775,0.009,0
2026-09-14T13:18:54Z,13.838,16.4085,19.98,0.9438,0.213,0.2961,9.4643,160.292,132.702883,0.5794,6.751,0.11617,412511.4067390686,0.007,0
2026-09-14T13:18:54Z,13.84,16.4045,19.98,0.9362,0.213,0.2961,9.4039,160.317,132.716001,0.5991,6.844,0.1161,412718.3848770801,0.005,0
2026-09-14T13:18:54Z,13.841,16.3994,19.98,0.9438,0.213,0.2961,9.4492,160.304,132.705208,0.622,6.851,0.11612,412761.7792900925,0.002,0
2026-09-14T13:18:54Z,13.841,16.3943,19.98,0.9514,0.1704,0.3384,9.4643,160.271,132.683639,0.6438,6.772,0.11612,412718.781210663,-0.001,0
2026-09-14T13:18:54Z,13.841,16.3902,19.98,0.8789,0.1704,0.3384,9.2679,160.249,132.675567,0.6606,6.63,0.116,412758.51677547226,-0.003,0
2026-09-14T13:18:54Z,13.839,16.388,19.98,0.8713,0.1704,0.3384,9.2528,160.298,132.726879,0.6698,6.462,0.11605,413226.21241535636,-0.004,0
2026-09-14T13:18:54Z,13.837,16.3878,19.98,0.8789,0.1704,0.3384,9.3133,160.439,132.845254,0.6704,6.305,0.11605,414181.91144910076,-0.003,0
2026-09-14T13:18:54Z,13.835,16.3895,19.8,0.8599,0.1704,0.2961,9.132,160.602,132.968185,0.6627,6.193,0.11615,415126.93969835463,0,0
2026-09-14T13:18:54Z,13.834,16.3928,19.8,0.9857,0.1704,0.2961,9.6758,160.71,133.036377,0.6488,6.151,0.116,415591.22557148535,0.003,0
2026-09-14T13:18:54Z,13.836,16.396,19.8,1.001,0.1704,0.2961,9.6909,160.786,133.078021,0.6322,6.177,0.11612,415844.46580780094,0.007,0
2026-09-14T13:18:54Z,13.839,16.3966,19.8,0.9934,0.1704,0.2961,9.8118,160.872,133.132244,0.6169,6.242,0.11607,416265.9049240193,0.01,0
2026-09-14T13:18:54Z,13.844,16.393,20.16,0.9934,0.213,0.423,9.6154,160.944,133.179477,0.606,6.306,0.1161,416739.254892051,0.012,0
2026-09-14T13:18:54Z,13.848,16.3864,20.16,1.0468,0.213,0.423,10.6275,161.011,133.22631,0.6019,6.327,0.11607,417287.06074956857,0.013,0
2026-09-14T13:18:54Z,13.851,16.3797,20.16,1.0887,0.213,0.423,10.6577,161.095,133.289235,0.6045,6.285,0.11605,417968.10319820314,0.013,0
2026-09-14T13:18:54Z,13.854,16.3745,20.16,1.0544,0.213,0.423,10.688,161.174,133.349002,0.611,6.181,0.11607,418585.71074476367,0.012,0
2026-09-14T13:18:54Z,13.856,16.3707,19.71,1.0582,0.1704,0.2538,10.688,161.228,133.387521,0.6173,6.025,0.11617,418995.7341347531,0.012,0
2026-09-14T13:18:54Z,13.859,16.3679,19.71,0.9934,0.1704,0.2538,9.8269,161.266,133.413061,0.6194,5.84,0.11605,419275.035106666,0.011,0
2026-09-14T13:18:54Z,13.862,16.3659,19.71,0.9896,0.1704,0.2538,9.9628,161.319,133.450448,0.6153,5.658,0.11605,419629.76766852615,0.011,0
2026-09-14T13:18:54Z,13.865,16.3641,19.71,1.0086,0.1704,0.2538,9.8722,161.401,133.511654,0.6052,5.5,0.1161,420172.70955353865,0.011,0
2026-09-14T13:18:54Z,13.868,16.3621,19.71,0.9934,0.1704,0.2538,10.0384,161.514,133.594985,0.5899,5.372,0.11623,420900.9656532214,0.012,0
2026-09-14T13:18:54Z,13.871,16.3602,19.8,0.9362,0.1704,0.2538,9.7816,161.641,133.686632,0.5718,5.272,0.11612,421695.065232858,0.012,0
2026-09-14T13:18:54Z,13.874,16.3584,19.8,0.94,0.1704,0.2538,9.8722,161.788,133.791017,0.5539,5.192,0.11617,422591.2355531389,0.013,0
2026-09-14T13:18:54Z,13.877,16.3562,19.8,0.9362,0.1704,0.2538,9.9628,161.963,133.917959,0.5385,5.125,0.11595,423683.023096248,0.013,0
2026-09-14T13:18:54Z,13.881,16.3531,19.8,0.9476,0.1704,0.2538,9.9175,162.128,134.037255,0.5261,5.056,0.1161,424737.8133681042,0.014,0
2026-09-14T13:18:54Z,13.885,16.3489,19.71,0.9705,0.213,0.3807,10.3707,162.258,134.130672,0.5163,4.97,0.11607,425611.6175896109,0.014,0
2026-09-14T13:18:54Z,13.888,16.3437,19.71,1.0163,0.213,0.3807,10.5067,162.374,134.215115,0.5086,4.856,0.1162,426439.55070003524,0.014,0
2026-09-14T13:18:54Z,13.892,16.3382,19.71,0.9781,0.213,0.3807,10.3556,162.492,134.30109,0.502,4.712,0.11612,427289.1543236356,0.013,0
2026-09-14T13:18:54Z,13.895,16.333,19.71,0.9896,0.213,0.3807,10.3405,162.604,134.383499,0.4953,4.541,0.11602,428102.79407679226,0.013,0
2026-09-14T13:18:54Z,13.899,16.3287,19.53,1.0163,0.1704,0.2961,10.6275,162.735,134.480316,0.487,4.348,0.11607,429012.18098080857,0.012,0
2026-09-14T13:18:54Z,13.902,16.325,19.53,1.0124,0.1704,0.2961,10.5218,162.88,134.587329,0.4759,4.14,0.11605,429990.94450690603,0.012,0
2026-09-14T13:18:54Z,13.905,16.3216,19.53,0.9705,0.1704,0.2961,10.5822,162.995,134.667016,0.4618,3.93,0.11607,430737.9427460884,0.011,0
2026-09-14T13:18:54Z,13.907,16.3184,19.53,0.9819,0.1704,0.2961,10.5218,163.097,134.736623,0.4451,3.73,0.11612,431397.3324015829,0.011,0
2026-09-14T13:18:54Z,13.91,16.3149,19.53,0.9934,0.1704,0.2961,10.839,163.219,134.824721,0.4261,3.549,0.1162,432218.2176803662,0.011,0
2026-09-14T13:18:54Z,13.913,16.3108,19.44,1.001,0.1704,0.3807,10.8088,163.364,134.932782,0.4057,3.382,0.11612,433221.43331251893,0.011,0
2026-09-14T13:18:54Z,13.916,16.3063,19.44,1.0124,0.1704,0.3807,10.9297,163.526,135.05359,0.3852,3.217,0.1161,434342.65855512157,0.011,0
2026-09-14T13:18:54Z,13.919,16.3018,19.44,0.9934,0.1704,0.3807,10.8843,163.683,135.169315,0.3657,3.049,0.11607,435423.6929045753,0.012,0
2026-09-14T13:18:54Z,13.922,16.2979,19.44,1.0659,0.1704,0.3807,10.552,163.802,135.254763,0.3479,2.881,0.1161,436238.67316812964,0.012,0
2026-09-14T13:18:54Z,13.925,16.2943,19.44,1.0659,0.1704,0.423,10.5671,163.876,135.306697,0.3316,2.715,0.11617,436767.7454862227,0.012,0
2026-09-14T13:18:54Z,13.928,16.2904,19.44,1.0582,0.1704,0.423,10.688,163.952,135.364988,0.3154,2.548,0.11605,437358.34786081716,0.013,0
2026-09-14T13:18:54Z,13.931,16.286,19.44,1.0735,0.1704,0.423,10.552,164.062,135.451188,0.299,2.384,0.11605,438195.7589749918,0.013,0
2026-09-14T13:18:54Z,13.935,16.2821,19.44,1.0544,0.1704,0.423,10.8994,164.201,135.558255,0.2825,2.229,0.1161,439194.972762942,0.014,0
2026-09-14T13:18:54Z,13.938,16.2794,19.53,1.0468,0.1704,0.423,10.839,164.383,135.696724,0.2662,2.092,0.1162,440425.72593188396,0.014,0
2026-09-14T13:18:54Z,13.942,16.278,19.53,1.0735,0.1704,0.423,10.8541,164.566,135.83145,0.2499,1.983,0.1159,441591.8626511269,0.015,0
2026-09-14T13:18:54Z,13.945,16.2765,19.53,1.0353,0.1704,0.423,10.839,164.667,135.896261,0.2338,1.902,0.11612,442176.1479893433,0.016,0
2026-09-14T13:18:54Z,13.95,16.2742,19.53,1.0086,0.1704,0.423,10.4009,164.695,135.904437,0.2186,1.84,0.11612,442307.6444168855,0.017,0
2026-09-14T13:18:54Z,13.955,16.2707,19.53,1.0086,0.213,0.3384,10.3858,164.696,135.896194,0.2052,1.782,0.11597,442334.27226204285,0.017,0
2026-09-14T13:18:54Z,13.959,16.2657,19.53,0.9934,0.213,0.3384,10.2801,164.703,135.899362,0.1945,1.718,0.11605,442497.7156774747,0.017,0
2026-09-14T13:18:54Z,13.964,16.2601,19.53,1.0277,0.213,0.3384,10.3556,164.758,135.944814,0.1866,1.638,0.11605,443032.7389670169,0.016,0
2026-09-14T13:18:54Z,13.968,16.2555,19.53,1.062,0.213,0.3384,9.8873,164.872,136.034662,0.1805,1.538,0.1161,443914.1446049193,0.015,0
2026-09-14T13:18:54Z,13.971,16.2529,19.53,1.1421,0.213,0.3384,9.9175,165.025,136.150826,0.1748,1.424,0.11612,444963.39172944456,0.015,0
2026-09-14T13:18:54Z,13.975,16.2522,19.44,1.1269,0.1704,0.3807,9.9779,165.184,136.266226,0.1685,1.314,0.11612,445955.3939403606,0.015,0
2026-09-14T13:18:54Z,13.978,16.252,19.44,1.0659,0.1704,0.3807,9.9326,165.328,136.365591,0.1607,1.225,0.11617,446799.5274124191,0.016,0
2026-09-14T13:18:54Z,13.982,16.2508,19.44,1.1193,0.1704,0.3807,9.9024,165.471,136.463405,0.1509,1.162,0.11602,447659.236320831,0.017,0
2026-09-14T13:18:54Z,13.986,16.2477,19.44,1.0773,0.1704,0.3807,10.0837,165.642,136.58374800000001,0.1397,1.122,0.11592,448763.50670350564,0.018,0
2026-09-14T13:18:54Z,13.991,16.2429,19.44,1.0849,0.213,0.2538,10.1894,165.855,136.736691,0.1289,1.097,0.11615,450193.5232070607,0.02,0
2026-09-14T13:18:54Z,13.997,16.2372,19.44,1.0773,0.213,0.2538,10.129,166.103,136.91497,0.1202,1.072,0.11617,451867.2889254434,0.022,0
2026-09-14T13:18:54Z,14.002,16.2311,19.44,1.043,0.213,0.2538,10.129,166.403,137.130088,0.1141,1.04,0.11605,453870.71968453337,0.024,0
2026-09-14T13:18:54Z,14.009,16.2249,19.44,1.0964,0.213,0.2538,9.842,166.77,137.393365,0.1102,0.993,0.11597,456295.0723418879,0.026,0
2026-09-14T13:18:54Z,14.016,16.2181,19.44,1.0506,0.1704,0.3807,9.8722,167.14,137.652879,0.1076,0.928,0.11615,458712.76811016304,0.028,0
2026-09-14T13:18:54Z,14.023,16.2101,19.44,1.0506,0.1704,0.3807,9.9477,167.439,137.855707,0.1052,0.845,0.11617,460684.96598116506,0.029,0
2026-09-14T13:18:54Z,14.031,16.2005,19.44,1.0544,0.1704,0.3807,9.842,167.686,138.021897,0.1021,0.754,0.11605,462392.5472074551,0.03,0
2026-09-14T13:18:54Z,14.039,16.1888,19.44,1.1307,0.1704,0.3807,9.4945,167.902,138.169738,0.0975,0.666,0.11607,464006.335195401,0.031,0
2026-09-14T13:18:54Z,14.047,16.1753,19.44,1.1231,0.1704,0.3807,9.4341,168.068,138.27859,0.0911,0.591,0.1161,465338.1716387163,0.031,0
2026-09-14T13:18:54Z,14.055,16.1622,19.53,1.104,0.1704,0.3384,9.419,168.156,138.327425,0.0831,0.527,0.11628,466140.1880908173,0.03,0
2026-09-14T13:18:54Z,14.063,16.1513,19.53,1.1154,0.1704,0.3384,9.3888,168.19,138.339274,0.0742,0.476,0.11602,466558.2828383706,0.029,0
2026-09-14T13:18:54Z,14.07,16.1422,19.53,1.2413,0.1704,0.3384,7.9386,168.232,138.363346,0.0655,0.441,0.11587,467031.0025175986,0.028,0
2026-09-14T13:18:54Z,14.077,16.1339,19.53,1.249,0.1704,0.3384,8.0141,168.276,138.388042,0.0581,0.422,0.11617,467486.4425420281,0.026,0
2026-09-14T13:18:54Z,14.084,16.1269,19.62,1.2375,0.213,0.3384,8.0141,168.307,138.401928,0.0518,0.42,0.11597,467810.4146490864,0.025,0
2026-09-14T13:18:54Z,14.089,16.1222,19.62,1.2413,0.213,0.3384,7.9386,168.364,138.436736,0.0468,0.433,0.11582,468250.19597596227,0.024,0
2026-09-14T13:18:54Z,14.095,16.1189,19.62,1.2413,0.213,0.3384,7.7271,168.438,138.485731,0.0434,0.457,0.11595,468773.3764215807,0.023,0
2026-09-14T13:18:54Z,14.101,16.1156,19.62,1.2528,0.213,0.3384,7.7875,168.488,138.513926,0.0415,0.491,0.11592,469115.4201062123,0.022,0
2026-09-14T13:18:54Z,14.107,16.112,19.71,1.2223,0.1704,0.4653,7.6969,168.517,138.524836,0.0413,0.531,0.11612,469315.4660393427,0.021,0
2026-09-14T13:18:54Z,14.112,16.1084,19.71,1.2375,0.1704,0.4653,7.712,168.585,138.567417,0.0426,0.57,0.1159,469792.28163838,0.02,0
2026-09-14T13:18:54Z,14.117,16.1049,19.71,1.1956,0.1704,0.4653,7.5458,168.712,138.659032,0.045,0.604,0.11592,470695.42435769207,0.018,0
2026-09-14T13:18:54Z,14.122,16.1011,19.71,1.1498,0.1704,0.4653,7.4854,168.863,138.770051,0.0484,0.629,0.11605,471778.55532070954,0.017,0
2026-09-14T13:18:54Z,14.126,16.0972,19.89,1.1879,0.213,0.3807,7.5005,169.078,138.928078,0.0523,0.644,0.1161,473278.94628021365,0.017,0
2026-09-14T13:18:54Z,14.13,16.0934,19.89,1.207,0.213,0.3807,7.5458,169.42,139.181261,0.0561,0.652,0.11605,475617.1695197306,0.016,0
2026-09-14T13:18:54Z,14.133,16.0897,19.89,1.1879,0.213,0.3807,7.9688,169.828,139.474977,0.0595,0.657,0.1161,478318.05614114105,0.017,0
2026-09-14T13:18:54Z,14.137,16.0857,19.89,1.1956,0.213,0.3807,7.9235,170.219,139.745392,0.062,0.662,0.11612,480831.0818589876,0.017,0
2026-09-14T13:18:54Z,14.142,16.0802,19.89,1.1765,0.213,0.3807,7.999,170.615,140.014557,0.0634,0.67,0.11595,483386.53256231645,0.018,0
2026-09-14T13:18:54Z,14.147,16.0719,19.98,1.1803,0.1704,0.423,8.0292,171.008,140.280162,0.0642,0.682,0.116,486003.64675877907,0.019,0
2026-09-14T13:18:54Z,14.152,16.06,19.98,1.2833,0.1704,0.423,7.8177,171.334,140.494892,0.0647,0.695,0.11597,488283.8998405699,0.02,0
2026-09-14T13:18:54Z,14.157,16.0451,19.98,1.2528,0.1704,0.423,7.7271,171.551,140.629907,0.0652,0.705,0.11605,489947.35700824927,0.02,0
2026-09-14T13:18:54Z,14.163,16.0288,19.98,1.2451,0.1704,0.423,7.7573,171.663,140.691171,0.0661,0.706,0.11605,490994.62080705375,0.021,0
2026-09-14T13:18:54Z,14.168,16.0122,20.16,1.2413,0.1704,0.423,7.7573,171.729,140.727059,0.0673,0.698,0.11617,491824.6098422041,0.02,0
2026-09-14T13:18:54Z,14.174,15.9968,20.16,1.3787,0.1704,0.423,7.0171,171.798,140.77117,0.0686,0.685,0.1161,492693.475594175,0.02,0
2026-09-14T13:18:54Z,14.179,15.9841,20.16,1.3634,0.1704,0.423,7.0926,171.9,140.841274,0.0696,0.667,0.1162,493715.79720174643,0.019,0
2026-09-14T13:18:54Z,14.183,15.9751,20.16,1.3558,0.1704,0.423,7.0473,172.043,140.94205,0.0697,0.648,0.11607,494903.6758857629,0.018,0
2026-09-14T13:18:54Z,14.188,15.9697,20.52,1.3634,0.1704,0.3384,7.0473,172.167,141.024278,0.0689,0.634,0.116,495814.6403867099,0.017,0
2026-09-14T13:18:54Z,14.192,15.9661,20.52,1.3825,0.1704,0.3384,7.0473,172.213,141.043805,0.0676,0.626,0.11612,496102.6742552691,0.016,0
2026-09-14T13:18:54Z,14.196,15.9623,20.52,1.3596,0.1704,0.3384,7.0322,172.177,141.001833,0.0659,0.626,0.1161,495839.5000157769,0.015,0
2026-09-14T13:18:54Z,14.2,15.9575,20.52,1.3787,0.1704,0.3384,7.0473,172.095,140.931221,0.064,0.633,0.1161,495347.72436931275,0.014,0
2026-09-14T13:18:54Z,14.204,15.9519,20.52,1.3863,0.1704,0.3384,7.0624,172.036,140.885226,0.0626,0.644,0.11605,495103.6792207702,0.013,0
2026-09-14T13:18:54Z,14.207,15.9465,20.97,1.3634,0.1278,0.423,7.0473,172.022,140.877615,0.0619,0.653,0.11612,495201.12129033345,0.012,0
2026-09-14T13:18:54Z,14.209,15.943,20.97,1.3596,0.1278,0.423,7.0322,172,140.864308,0.0619,0.661,0.11615,495188.42541845684,0.011,0
2026-09-14T13:18:54Z,14.212,15.9419,20.97,1.352,0.1278,0.423,7.0322,171.931,140.815725,0.0626,0.67,0.11607,494782.2687893116,0.01,0
2026-09-14T13:18:54Z,14.214,15.9426,20.97,1.371,0.1278,0.423,7.002,171.839,140.748948,0.0637,0.677,0.11628,494156.27535838826,0.01,0
2026-09-14T13:18:54Z,14.217,15.9437,20.88,1.4206,0.1704,0.3807,7.0775,171.739,140.672201,0.0646,0.68,0.11605,493428.369966665,0.01,0
2026-09-14T13:18:54Z,14.219,15.9452,20.88,1.4244,0.1704,0.3807,7.0775,171.585,140.546997,0.0653,0.68,0.11623,492251.3858245182,0.01,0
2026-09-14T13:18:54Z,14.222,15.9474,20.88,1.413,0.1704,0.3807,7.0171,171.317,140.325931,0.0662,0.681,0.11597,490191.3247027021,0.01,0
2026-09-14T13:18:54Z,14.225,15.9498,20.88,1.4359,0.1704,0.3807,7.0775,170.872,139.958062,0.0669,0.678,0.11612,486813.6014634123,0.01,0
2026-09-14T13:18:54Z,14.227,15.9513,21.06,1.4511,0.1704,0.3807,6.6545,170.135,139.349297,0.0671,0.673,0.1161,481330.1572392994,0.011,0
2026-09-14T13:18:54Z,14.23,15.9515,21.06,1.4206,0.1704,0.3807,6.6243,168.895,138.325283,0.0672,0.667,0.11617,472260.8819860893,0.011,0
2026-09-14T13:18:54Z,14.233,15.9509,21.06,1.4168,0.1704,0.3807,6.4733,166.786,136.580912,0.0672,0.662,0.11595,457080.3916881997,0.012,0
2026-09-14T13:18:54Z,14.236,15.9497,21.06,1.4435,0.1704,0.3807,6.5488,163.162,133.588943,0.0669,0.66,0.11615,431747.57530052826,0.013,0
2026-09-14T13:18:54Z,14.239,15.9478,21.6,1.4359,0.213,0.423,6.5941,156.929,128.463405,0.0664,0.663,0.11602,390373.73603584035,0.013,0
2026-09-14T13:18:54Z,14.243,15.9446,21.6,1.4511,0.213,0.423,6.4733,146.367,119.80745,0.0659,0.67,0.116,326180.1483500816,0.014,0
2026-09-14T13:18:54Z,14.247,15.9387,21.6,1.4244,0.213,0.423,6.5186,128.682,105.332849,0.0654,0.675,0.1159,234111.5075446271,0.016,0
2026-09-14T13:18:54Z,14.251,15.93,21.6,1.4168,0.213,0.423,6.4884,99.153,81.175702,0.0652,0.68,0.11607,119688.71879401799,0.017,0
2026-09-14T13:18:54Z,14.255,15.921,21.6,1.5046,0.213,0.423,6.8962,49.851,40.85205,0.0656,0.68,0.11617,20694.529161321203,0.018,0
2026-09-14T13:18:54Z,14.26,15.9142,21.6,1.4855,0.1704,0.3807,7.0926,-32.492,-26.483196,0.0662,0.675,0.11612,NA,0.018,0
2026-09-14T13:18:54Z,14.265,15.9086,21.6,1.4931,0.1704,0.3807,7.0473,-169.924,-138.844177,0.0668,0.666,0.11628,NA,0.019,0
2026-09-14T13:18:54Z,14.27,15.9024,21.6,1.5007,0.1704,0.3807,7.002,-399.116,-326.203836,0.0672,0.659,0.1161,NA,0.019,0
2026-09-14T13:18:54Z,14.275,15.8947,21.6,1.5389,0.1704,0.3807,6.7905,-542.283,-443.247878,0.0672,0.655,0.11612,NA,0.019,0
2026-09-14T13:18:54Z,14.28,15.8858,22.5,1.5808,0.213,0.423,6.8207,-398.687,-325.905172,0.0667,0.654,0.11617,NA,0.019,0
2026-09-14T13:18:54Z,14.284,15.877,22.5,1.5313,0.213,0.423,6.7905,-169.02,-138.21727,0.0659,0.655,0.11605,NA,0.019,0
2026-09-14T13:18:54Z,14.289,15.8693,22.5,1.558,0.213,0.423,6.8358,-31.089,-25.517076,0.0652,0.658,0.11597,NA,0.02,0
2026-09-14T13:18:54Z,14.294,15.862,22.5,1.6724,0.213,0.423,7.0473,51.753,42.15267,0.0649,0.66,0.11595,22478.74033808952,0.02,0
2026-09-14T13:18:54Z,14.299,15.8542,21.87,1.68,0.213,0.4653,7.0171,101.516,82.787165,0.0647,0.659,0.11612,126495.26898967993,0.019,0
2026-09-14T13:18:54Z,14.305,15.8451,21.87,1.6953,0.213,0.4653,7.0171,131.433,107.20625,0.0649,0.653,0.11605,246427.47840136854,0.019,0
2026-09-14T13:18:54Z,14.31,15.8341,21.87,1.6838,0.213,0.4653,7.0926,149.471,121.92168,0.0652,0.644,0.11602,343582.4027829059,0.018,0
2026-09-14T13:18:54Z,14.314,15.822,21.87,1.6838,0.213,0.4653,6.9416,160.415,130.843551,0.0654,0.634,0.11612,412510.91115277953,0.018,0
2026-09-14T13:18:54Z,14.319,15.8108,21.87,1.6762,0.213,0.4653,6.8207,167.08,136.266915,0.0653,0.621,0.1161,458358.8649477203,0.017,0
2026-09-14T13:18:54Z,14.323,15.8013,21.69,1.6877,0.213,0.2961,6.7603,171.135,139.55589,0.0647,0.611,0.11605,487707.7302544652,0.016,0
2026-09-14T13:18:54Z,14.327,15.7934,21.69,1.6571,0.213,0.2961,6.7452,173.627,141.567508,0.0638,0.603,0.11612,506281.93474177946,0.016,0
2026-09-14T13:18:54Z,14.33,15.7867,21.69,1.8135,0.213,0.2961,7.289,175.182,142.812163,0.0628,0.596,0.11617,518049.49910170183,0.015,0
2026-09-14T13:18:54Z,14.334,15.78,21.69,1.7983,0.213,0.2961,7.3947,176.158,143.581709,0.0616,0.591,0.11595,525493.6861546293,0.015,0
2026-09-14T13:18:54Z,14.338,15.773,21.51,1.8135,0.1704,0.54990000000000006,7.3343,176.797,144.075349,0.0606,0.587,0.11607,530393.8127447246,0.014,0
2026-09-14T13:18:54Z,14.342,15.766,21.51,1.7983,0.1704,0.54990000000000006,7.1833,177.231,144.402687,0.0598,0.588,0.1162,533737.9552645412,0.014,0
2026-09-14T13:18:54Z,14.345,15.7586,21.51,1.7945,0.1704,0.54990000000000006,8.0594,177.507,144.604948,0.0591,0.594,0.11605,535914.1490902673,0.013,0
2026-09-14T13:18:54Z,14.348,15.7508,21.51,1.8059,0.1704,0.54990000000000006,7.9688,177.694,144.73807,0.0586,0.605,0.11617,537448.1415807906,0.013,0
2026-09-14T13:18:54Z,14.351,15.7428,21.87,1.8021,0.1704,0.4653,8.0594,177.854,144.851573,0.0582,0.612,0.11612,538804.0392840445,0.012,0
2026-09-14T13:18:54Z,14.354,15.7352,21.87,1.8135,0.1704,0.4653,8.0896,178.037,144.979729,0.0583,0.613,0.11612,540289.748483389,0.012,0
2026-09-14T13:18:54Z,14.357,15.7286,21.87,1.7525,0.1704,0.4653,8.4673,178.264,145.138688,0.0589,0.609,0.11605,542041.042929163,0.012,0
2026-09-14T13:18:54Z,14.36,15.7233,21.87,1.7449,0.1704,0.4653,8.4673,178.467,145.272698,0.06,0.606,0.11605,543511.6182186267,0.012,0
2026-09-14T13:18:54Z,14.363,15.7183,21.87,1.7373,0.1704,0.4653,8.4371,178.58,145.333375,0.0607,0.607,0.116,544266.8112831678,0.013,0
2026-09-14T13:18:54Z,14.366,15.7126,21.69,1.7373,0.213,0.2961,8.4824,178.629,145.350919,0.0608,0.607,0.11617,544630.0898569715,0.013,0
2026-09-14T13:18:54Z,14.37,15.7052,21.69,1.9814,0.213,0.2961,11.262,178.624,145.338018,0.0604,0.602,0.11585,544757.4067820353,0.013,0
2026-09-14T13:18:54Z,14.374,15.6964,21.69,1.989,0.213,0.2961,11.3375,178.519,145.261187,0.0602,0.594,0.11615,544314.930766746,0.013,0
2026-09-14T13:18:54Z,14.377,15.6877,21.69,2.0424,0.213,0.2961,11.3073,178.361,145.160023,0.0603,0.587,0.11633,543634.1990673994,0.013,0
2026-09-14T13:18:54Z,14.38,15.6814,21.96,1.989,0.1704,0.423,11.3677,178.254,145.1137,0.0603,0.578,0.11605,543401.2516962448,0.013,0
2026-09-14T13:18:54Z,14.383,15.679,21.96,2.1187,0.1704,0.423,12.1533,178.184,145.105862,0.0598,0.57,0.11612,543407.1576334371,0.012,0
2026-09-14T13:18:54Z,14.386,15.6815,21.96,2.1187,0.1704,0.423,12.0777,178.105,145.094365,0.059,0.565,0.11612,543211.2933177456,0.012,0
2026-09-14T13:18:54Z,14.389,15.689,21.96,2.0997,0.1704,0.423,12.0324,178.003,145.066133,0.0582,0.559,0.11602,542684.4322818626,0.012,0
2026-09-14T13:18:54Z,14.392,15.7005,21.96,2.1302,0.213,0.4653,11.9116,177.88,145.01564,0.0573,0.553,0.1163,541808.1709335168,0.013,0
2026-09-14T13:18:54Z,14.396,15.7143,21.96,3.2174,0.213,0.4653,20.915,177.768,144.959469,0.0565,0.549,0.11617,540800.9018219924,0.013,0
2026-09-14T13:18:54Z,14.399,15.7291,21.96,3.2288,0.213,0.4653,20.8244,177.656,144.884645,0.056,0.549,0.116,539582.6518735562,0.013,0
2026-09-14T13:18:54Z,14.403,15.7444,21.96,3.2136,0.213,0.4653,20.8999,177.519,144.77522,0.0555,0.553,0.11607,538018.6723421243,0.013,0
2026-09-14T13:18:54Z,14.406,15.7584,22.14,3.2403,0.213,0.3807,20.7639,177.398,144.674114,0.0549,0.562,0.11617,536581.6259295921,0.012,0
2026-09-14T13:18:54Z,14.409,15.7683,22.14,4.7852,0.213,0.3807,36.0214,177.313,144.604433,0.0545,0.568,0.11623,535584.7340512788,0.012,0
2026-09-14T13:18:54Z,14.412,15.773,22.14,4.7738,0.213,0.3807,35.961,177.259,144.561614,0.0544,0.57,0.11633,535019.1380799658,0.011,0
2026-09-14T13:18:54Z,14.415,15.7737,22.14,4.8043,0.213,0.3807,36.0214,177.268,144.564282,0.0548,0.575,0.11612,535021.2024329796,0.011,0
2026-09-14T13:18:54Z,14.418,15.773,22.14,4.7814,0.213,0.3807,35.961,177.33,144.59913,0.0557,0.58,0.11612,535377.0064659012,0.011,0
2026-09-14T13:18:54Z,14.42,15.773,22.32,6.3798,0.1704,0.4653,53.4996,177.429,144.655423,0.0563,0.582,0.116,535914.2678135082,0.011,0
2026-09-14T13:18:54Z,14.423,15.7733,22.32,6.3951,0.1704,0.4653,53.5147,177.616,144.776208,0.0565,0.583,0.11612,537058.0942697717,0.011,0
2026-09-14T13:18:54Z,14.425,15.7719,22.32,6.3951,0.1704,0.4653,53.4392,177.933,144.997699,0.057,0.581,0.11617,539225.0675546105,0.011,0
2026-09-14T13:18:54Z,14.428,15.7676,22.32,6.4065,0.1704,0.4653,53.4392,178.405,145.334901,0.0575,0.577,0.11612,542608.082390002,0.011,0
2026-09-14T13:18:54Z,14.431,15.7606,22.41,9.2447,0.213,0.3384,97.5499,179.055,145.801625,0.0578,0.572,0.11612,547348.86375674,0.012,0
2026-09-14T13:18:54Z,14.434,15.7519,22.41,9.2256,0.213,0.3384,97.565,179.852,146.374121,0.0579,0.57,0.11612,553204.579307572,0.013,0
2026-09-14T13:18:54Z,14.437,15.7416,22.41,9.2599,0.213,0.3384,97.6557,180.714,146.994746,0.0577,0.567,0.116,559628.766096944,0.015,0
2026-09-14T13:18:54Z,14.441,15.7283,22.41,9.2599,0.213,0.3384,97.5801,181.596,147.632708,0.0573,0.563,0.11597,566378.9963377181,0.017,0
2026-09-14T13:18:54Z,14.446,15.711,22.41,9.2447,0.213,0.3807,97.6104,182.474,148.26784,0.0568,0.56,0.11612,573298.1874438069,0.019,0
2026-09-14T13:18:54Z,14.45,15.6898,22.41,16.0388,0.213,0.3807,257.1343,183.304,148.871201,0.0566,0.558,0.11612,580097.0314332194,0.021,0
2026-09-14T13:18:54Z,14.456,15.6674,22.41,16.0121,0.213,0.3807,257.1796,184.119,149.477486,0.0564,0.554,0.11612,587025.5052999991,0.024,0
2026-09-14T13:18:54Z,14.462,15.6455,22.41,15.9968,0.213,0.3807,257.24,184.98,150.130177,0.056,0.553,0.11605,594466.5254708785,0.027,0
2026-09-14T13:18:54Z,14.469,15.6241,22.41,16.0235,0.213,0.3807,257.24,185.731,150.688805,0.0557,0.557,0.116,600986.8739209503,0.03,0
2026-09-14T13:18:54Z,14.477,15.6045,22.41,6.7117000000000004,0.213,0.4653,435.7678,186.258,151.06594,0.0555,0.564,0.116,605612.5858178588,0.033,0
2026-09-14T13:18:54Z,14.486,15.5894,22.41,6.6888,0.213,0.4653,435.8736,186.831,151.494374,0.0552,0.574,0.11612,610624.9007329161,0.037,0
2026-09-14T13:18:54Z,14.496,15.5769,22.41,6.7155,0.213,0.4653,435.798,187.743,152.210562,0.0551,0.582,0.11602,618574.1908330916,0.041,0
2026-09-14T13:18:54Z,14.507,15.5632,22.41,6.6812,0.213,0.4653,435.7527,189.159,153.339376,0.0555,0.583,0.11612,631003.5199419248,0.045,0
2026-09-14T13:18:54Z,14.519,15.5496,22.68,7.2534,0.1704,0.6345,256.6207,191.026,154.825201,0.0562,0.581,0.11607,647427.339659394,0.048,0
2026-09-14T13:18:54Z,14.532,15.5397,22.68,7.2572,0.1704,0.6345,256.6207,192.729,156.168587,0.0572,0.578,0.1162,662408.8205488287,0.05,0
2026-09-14T13:18:54Z,14.546,15.5336,22.68,7.2534,0.1704,0.6345,256.7113,193.606,156.844059,0.058,0.573,0.11602,670070.7091265182,0.05,0
2026-09-14T13:18:54Z,14.56,15.5285,22.68,7.2648,0.1704,0.6345,256.5149,193.619,156.83134,0.0581,0.564,0.11623,670145.0526218563,0.048,0
2026-09-14T13:18:54Z,14.573,15.5214,23.04,4.0643,0.1704,0.846,24.4952,193.198,156.477753,0.0579,0.549,0.11617,666556.7239929516,0.044,0
2026-09-14T13:18:54Z,14.584,15.5118,23.04,4.1024,0.1704,0.846,24.5859,192.779,156.129896,0.0576,0.532,0.11602,663145.5479494418,0.039,0
2026-09-14T13:18:54Z,14.593,15.5026,23.04,4.0986,0.1704,0.846,24.4046,192.553,155.937481,0.0571,0.52,0.116,661423.9591911803,0.033,0
2026-09-14T13:18:54Z,14.6,15.4965,23.04,4.0871,0.1704,0.846,24.5557,192.423,155.823146,0.0562,0.515,0.1159,660428.1257153761,0.027,0
2026-09-14T13:18:54Z,14.606,15.4931,22.68,3.0228,0.1704,0.7614,19.8878,192.243,155.668232,0.0548,0.516,0.116,658878.6291421392,0.021,0
2026-09-14T13:18:54Z,14.61,15.4908,22.68,3.0305,0.1704,0.7614,19.8727,192.076,155.525609,0.0531,0.522,0.116,657419.5452815958,0.016,0
2026-09-14T13:18:54Z,14.613,15.4885,22.68,3.0457,0.1704,0.7614,19.9331,191.994,155.453429,0.0518,0.527,0.11615,656728.62416069,0.013,0
2026-09-14T13:18:54Z,14.616,15.4861,22.68,3.0495,0.1704,0.7614,19.8424,191.902,155.374332,0.0514,0.529,0.11602,655966.95189196,0.01,0
2026-09-14T13:18:54Z,14.618,15.4836,22.68,3.286,0.1704,0.7614,27.3503,191.724,155.229154,0.0515,0.525,0.11607,654491.8485008279,0.008,0
2026-09-14T13:18:54Z,14.619,15.4816,23.4,3.3127,0.2556,1.3113,27.3503,191.478,155.03128,0.052,0.519,0.11595,652426.6467300061,0.006,0
2026-09-14T13:18:54Z,14.621,15.4801,23.4,3.286,0.2556,1.3113,27.3352,191.218,154.824126,0.0526,0.516,0.11602,650244.3969234517,0.005,0
2026-09-14T13:18:54Z,14.622,15.479,23.4,3.267,0.2556,1.3113,27.3503,191.011,154.662658,0.0528,0.514,0.11617,648543.5852523226,0.004,0
2026-09-14T13:18:54Z,14.622,15.4786,23.4,3.4196,0.2556,1.3113,33.1663,190.879,154.563931,0.0524,0.51,0.11605,647493.8657766657,0.003,0
2026-09-14T13:18:54Z,14.623,15.479,24.75,3.4196,0.3408,2.7918,33.0908,190.798,154.509632,0.0518,0.506,0.1161,646891.7869152494,0.002,0
2026-09-14T13:18:54Z,14.623,15.4801,24.75,3.3852,0.3408,2.7918,33.1965,190.726,154.465244,0.0515,0.505,0.1161,646368.5044303441,0.002,0
2026-09-14T13:18:54Z,14.624,15.4815,24.75,3.4005,0.3408,2.7918,33.1059,190.579,154.360824,0.0512,0.508,0.11605,645186.7347271832,0.002,0
2026-09-14T13:18:54Z,14.624,15.4837,24.75,3.1144,0.3408,2.7918,22.9997,190.341,154.184556,0.0508,0.511,0.1161,643201.5943213125,0.001,0
2026-09-14T13:18:54Z,14.624,15.4867,24.66,3.0953,0.4686,1.692,22.9846,190.1,154.00565,0.0504,0.511,0.116,641159.9088283413,0.001,0
2026-09-14T13:18:54Z,14.624,15.4904,24.66,3.0953,0.4686,1.692,23.1357,189.88,153.842523,0.0503,0.508,0.11595,639263.3055498651,0.001,0
2026-09-14T13:18:54Z,14.624,15.4943,24.66,3.0953,0.4686,1.692,22.9544,189.665,153.681729,0.0506,0.507,0.11623,637387.3962319486,0,0
2026-09-14T13:18:54Z,14.624,15.4986,24.66,3.0915,0.4686,1.692,21.3833,189.451,153.520463,0.0509,0.508,0.11595,635494.2180248409,0,0
2026-09-14T13:18:54Z,14.624,15.5028,24.66,3.1106,0.4686,1.692,21.3833,189.238,153.359802,0.0509,0.509,0.11623,633615.2819418875,0,0
2026-09-14T13:18:54Z,14.624,15.5069,24.21,3.0991,0.426,3.0033,21.3984,189.045,153.219016,0.0506,0.511,0.11602,631955.2532441948,0,0
2026-09-14T13:18:54Z,14.624,15.5104,24.21,3.0877,0.426,3.0033,21.2625,188.855,153.0826,0.0505,0.512,0.11605,630368.2906630102,0,0
2026-09-14T13:18:54Z,14.624,15.5135,24.21,2.855,0.426,3.0033,20.0993,188.626,152.91418,0.0506,0.514,0.11605,628460.8788309367,-0.001,0
2026-09-14T13:18:54Z,14.624,15.5167,24.21,2.8283,0.426,3.0033,20.1295,188.378,152.72895,0.0507,0.515,0.116,626375.7156023574,-0.001,0
2026-09-14T13:18:54Z,14.624,15.5207,24.3,2.8359,0.3408,2.538,20.069,188.148,152.555656,0.0509,0.512,0.11612,624389.6314183146,-0.001,0
2026-09-14T13:18:54Z,14.624,15.5254,24.3,2.874,0.3408,2.538,20.1597,187.919,152.382148,0.051,0.505,0.11605,622378.2029439934,-0.001,0
2026-09-14T13:18:54Z,14.624,15.5301,24.3,2.9732,0.3408,2.538,21.9876,187.674,152.194213,0.0512,0.502,0.11615,620219.7041434518,-0.001,0
2026-09-14T13:18:54Z,14.623,15.5342,24.3,2.9503,0.3408,2.538,22.0178,187.424,151.999838,0.0513,0.502,0.116,618022.0557803918,-0.001,0
2026-09-14T13:18:54Z,14.623,15.5378,24.66,2.9809,0.213,2.0727,22.0178,187.196,151.821319,0.051,0.503,0.116,616014.6469238014,0,0
2026-09-14T13:18:54Z,14.623,15.5409,24.66,2.9809,0.213,2.0727,22.0178,187.032,151.695197,0.0503,0.502,0.11605,614577.5958887226,0,0
2026-09-14T13:18:54Z,14.623,15.5437,24.66,2.9084,0.213,2.0727,20.5978,186.949,151.633917,0.05,0.498,0.11617,613830.3909074984,-0,0
2026-09-14T13:18:54Z,14.623,15.546,24.66,2.9236,0.213,2.0727,20.6733,186.921,151.617133,0.05,0.494,0.1161,613566.880377025,0,0
2026-09-14T13:18:54Z,14.623,15.5478,24.48,2.9122,0.213,1.7766,20.6582,186.939,151.636363,0.0501,0.492,0.11612,613698.1472083448,0,0
2026-09-14T13:18:54Z,14.623,15.5495,24.48,2.916,0.213,1.7766,20.5373,186.987,151.676699,0.05,0.492,0.11617,614053.3880383453,0,0
2026-09-14T13:18:54Z,14.623,15.5512,24.48,2.977,0.213,1.7766,18.9059,187.026,151.704823,0.0496,0.493,0.11595,614281.3150127704,0,0
2026-09-14T13:18:54Z,14.623,15.5528,24.48,2.9885,0.213,1.7766,18.785,187.054,151.72022,0.0492,0.491,0.11607,614380.3356307357,0,0
2026-09-14T13:18:54Z,14.623,15.554,24.48,2.9656,0.213,1.7766,18.9965,187.077,151.731003,0.049,0.487,0.11623,614446.6228872368,0,0
2026-09-14T13:18:54Z,14.623,15.5543,25.02,2.958,0.213,1.6074,18.8303,187.046,151.70198,0.049,0.486,0.11612,614132.311640587,0,0
2026-09-14T13:18:54Z,14.623,15.5535,25.02,3.0037,0.213,1.6074,19.2231,186.906,151.593355,0.0491,0.489,0.11607,613030.7215006513,0,0
2026-09-14T13:18:54Z,14.623,15.5516,25.02,2.9809,0.213,1.6074,19.1627,186.69,151.432258,0.0489,0.492,0.1162,611426.4874978235,0,0
2026-09-14T13:18:54Z,14.624,15.5493,25.02,2.9694,0.213,1.6074,19.1324,186.479,151.27991,0.0485,0.495,0.11605,609930.8344214353,0,0
2026-09-14T13:18:54Z,14.624,15.5483,25.47,2.9809,0.213,1.1844,19.0418,186.301,151.155791,0.0484,0.501,0.11625,608680.4981944676,0.001,0
2026-09-14T13:18:54Z,14.624,15.5496,25.47,2.8283,0.213,1.1844,18.6188,186.167,151.062863,0.0487,0.51,0.11612,607667.3115683269,0.001,0
2026-09-14T13:18:54Z,14.624,15.5533,25.47,2.8512,0.213,1.1844,18.5433,186.062,150.990371,0.049,0.521,0.11612,606775.5365071022,0.001,0
2026-09-14T13:18:54Z,14.624,15.5586,25.47,2.8397,0.213,1.1844,18.5433,185.978,150.933006,0.0493,0.533,0.11605,605980.4307411255,0.001,0
2026-09-14T13:18:54Z,14.625,15.5639,25.83,2.8512,0.213,1.269,18.5735,185.959,150.925557,0.0499,0.543,0.11602,605702.160435809,0.002,0
2026-09-14T13:18:54Z,14.625,15.5683,25.83,2.6795,0.213,1.269,18.3771,185.995,150.960027,0.0508,0.549,0.116,605891.5642677911,0.002,0
2026-09-14T13:18:54Z,14.626,15.5717,25.83,2.6757,0.213,1.269,18.4527,185.997,150.965472,0.0519,0.549,0.11597,605818.7903901142,0.002,0
2026-09-14T13:18:54Z,14.626,15.5744,25.83,2.649,0.213,1.269,18.4678,185.917,150.90528,0.0531,0.537,0.11615,605094.2661573371,0.002,0
2026-09-14T13:18:54Z,14.627,15.5765,25.83,2.6604,0.213,1.269,18.3469,185.798,150.81348499999999,0.0541,0.518,0.11612,604066.8920048797,0.002,0
2026-09-14T13:18:54Z,14.627,15.578,26.37,2.5612,0.1704,2.8341,19.6461,185.683,150.723707,0.0547,0.501,0.116,603084.1502288586,0.002,0
2026-09-14T13:18:54Z,14.628,15.5791,26.37,2.5498,0.1704,2.8341,19.5554,185.579,150.640052,0.0546,0.492,0.11595,602180.6061245662,0.002,0
2026-09-14T13:18:54Z,14.628,15.5803,26.37,2.5422,0.1704,2.8341,19.6612,185.489,150.566256,0.0535,0.488,0.1161,601375.6221697239,0.001,0
2026-09-14T13:18:54Z,14.629,15.5816,26.37,2.5383,0.1704,2.8341,19.5554,185.405,150.498667,0.0516,0.484,0.11605,600631.4022695023,0.001,0
2026-09-14T13:18:54Z,14.629,15.5825,27.18,2.7291,0.213,2.3688,19.9633,185.336,150.445304,0.0499,0.483,0.11595,600049.0046112059,0.001,0
2026-09-14T13:18:54Z,14.629,15.5828,27.18,2.7215,0.213,2.3688,20.0086,185.289,150.413974,0.049,0.487,0.116,599715.8261278234,0.001,0
2026-09-14T13:18:54Z,14.63,15.5826,27.18,2.7329,0.213,2.3688,20.0086,185.221,150.370278,0.0486,0.491,0.1162,599274.5539512523,0.001,0
