DateTime,Depth_m,Temp_C,CDOM_ugL,Chla_ugL,Phycoerythrin_ugL,Phycocyanin_ugL,Turbidity_NTU,Cond_uScm,SpCond_uScm,DO_mgL,DOsat_percent,PAR,Salinity,DescRate_ms ,Flag
2026-09-28T14:42:02Z,-0.119,21.7196,8.37,1.3863,0.0852,0.3384,1.1709,155.724,145.525729,8.0962,93.335,537.1,382238.6662978877,0.091,0
2026-09-28T14:42:02Z,-0.096,21.717,8.37,1.558,0.0852,0.3384,1.0652,155.831,145.634573,8.1182,93.668,537.56,383031.21716564964,0.087,0
2026-09-28T14:42:02Z,-0.075,21.7168,8.37,1.5541,0.0852,0.3384,1.0803,155.898,145.703307,8.1439,93.974,533.84,383500.97765849525,0.082,0
2026-09-28T14:42:02Z,-0.054,21.7183,8.55,1.5618,0.0852,0.3384,1.2162,155.939,145.746254,8.1722,94.231,533.95,383759.39108880935,0.077,0
2026-09-28T14:42:02Z,-0.035,21.7207,8.55,1.577,0.0852,0.3384,1.2011,155.983,145.790891,8.2013,94.443,532.22,384009.79621240683,0.072,0
2026-09-28T14:42:02Z,-0.017,21.7233,8.55,1.5541,0.0852,0.3384,1.2011,156.04,145.849119,8.2301,94.624,529.22,384348.09648630396,0.067,0
2026-09-28T14:42:02Z,-0.001,21.7252,8.55,1.5656,0.0852,0.3384,1.0803,156.089,145.900417,8.2567,94.772,527.15,384654.7497898671,0.061,0
2026-09-28T14:42:02Z,0.015,21.7265,8.55,1.5656,0.0852,0.2961,1.2011,156.118,145.930423,8.279,94.879,529.68,384830.0705873217,0.056,0
2026-09-28T14:42:02Z,0.029,21.7278,8.55,1.5427,0.0852,0.2961,1.1558,156.132,145.943135,8.2974,94.946,304.81,384888.03945134097,0.05,0
2026-09-28T14:42:02Z,0.04,21.7295,8.55,1.6304,0.0852,0.2961,1.4579,156.14,145.949953,8.3131,94.98,417.15,384897.2950227369,0.045,0
2026-09-28T14:42:02Z,0.051,21.7311,8.55,1.619,0.0852,0.2961,1.3522,156.161,145.968718,8.3258,94.987,250.23,384989.8179869096,0.04,0
2026-09-28T14:42:02Z,0.06,21.7319,8.55,1.6152,0.0852,0.2961,1.4579,156.19,145.996421,8.335,94.98,438.06,385160.4579392662,0.037,0
2026-09-28T14:42:02Z,0.068,21.7319,8.64,1.6152,0.1278,0.4653,1.4277,156.21,146.016417,8.341,94.97,443.23,385296.2353311038,0.034,0
2026-09-28T14:42:02Z,0.076,21.7317,8.64,1.6228,0.1278,0.4653,1.1709,156.225,146.034037,8.344,94.964,379.2,385420.26350521256,0.032,0
2026-09-28T14:42:02Z,0.084,21.7314,8.64,1.6304,0.1278,0.4653,1.1407,156.25,146.061992,8.3447,94.967,217.6,385616.71681282413,0.031,0
2026-09-28T14:42:02Z,0.092,21.7314,8.64,1.6419,0.1278,0.4653,1.0803,156.274,146.089711,8.3441,94.982,400.63,385805.0823817651,0.029,0
2026-09-28T14:42:02Z,0.1,21.7319,8.64,1.6228,0.0852,0.4653,1.1558,156.279,146.098548,8.3431,95.011,381.02,385854.23085720977,0.028,0
2026-09-28T14:42:02Z,0.107,21.733,8.64,1.619,0.0852,0.4653,1.1105,156.271,146.096868,8.3424,95.047,375.67,385818.8008330896,0.028,0
2026-09-28T14:42:02Z,0.114,21.7346,8.64,1.6419,0.0852,0.4653,1.1709,156.274,146.106257,8.3424,95.082,360.01,385847.69084439316,0.027,0
2026-09-28T14:42:02Z,0.12,21.7362,8.64,1.6266,0.0852,0.4653,1.1709,156.287,146.125211,8.3434,95.113,394.32,385941.5939947539,0.027,0
2026-09-28T14:42:02Z,0.127,21.7378,8.64,1.6304,0.0852,0.4653,1.0954,156.288,146.132749,8.3457,95.145,317.45,385957.9008600564,0.027,0
2026-09-28T14:42:02Z,0.134,21.7396,8.64,1.6037,0.0852,0.4653,1.186,156.272,146.124872,8.3486,95.183,347.25,385865.0698947285,0.027,0
2026-09-28T14:42:02Z,0.14,21.7416,8.64,1.6228,0.0852,0.4653,1.1407,156.259,146.12151,8.3514,95.231,358.6,385798.5746368537,0.028,0
2026-09-28T14:42:02Z,0.147,21.7438,8.64,1.6075,0.0852,0.4653,1.1709,156.259,146.131784,8.3538,95.291,330.97,385820.37770832446,0.029,0
2026-09-28T14:42:02Z,0.155,21.746,8.64,1.6495,0.0852,0.4653,1.0954,156.25,146.136399,8.3562,95.361,370.89,385803.72780927335,0.029,0
2026-09-28T14:42:02Z,0.163,21.7483,8.64,1.6037,0.0852,0.4653,1.1407,156.221,146.122569,8.3591,95.444,307.87,385659.5966410239,0.03,0
2026-09-28T14:42:02Z,0.17,21.751,8.64,1.619,0.0852,0.4653,0.8839,156.199,146.116648,8.363,95.543,376,385560.49979247205,0.03,0
2026-09-28T14:42:02Z,0.178,21.7544,8.64,1.6381,0.0852,0.4653,0.9141,156.195,146.129074,8.3677,95.652,308.14,385570.7480451011,0.03,0
2026-09-28T14:42:02Z,0.186,21.7585,8.64,1.6495,0.0852,0.4653,0.9443,156.177,146.129115,8.3731,95.761,379.12,385481.6429282711,0.029,0
2026-09-28T14:42:02Z,0.194,21.7628,8.73,1.6228,0.0852,0.4653,0.9443,156.151,146.118784,8.3797,95.864,351.73,385317.8109219469,0.028,0
2026-09-28T14:42:02Z,0.201,21.7674,8.73,1.5923,0.0852,0.4653,0.8537,156.15,146.129377,8.3877,95.956,286.69,385289.4856110458,0.026,0
2026-09-28T14:42:02Z,0.207,21.7726,8.73,1.6266,0.0852,0.4653,0.9443,156.17,146.157709,8.3964,96.033,342.09,385368.4580838995,0.024,0
2026-09-28T14:42:02Z,0.214,21.7779,8.73,1.6495,0.0852,0.4653,0.8688,156.185,146.179289,8.4051,96.087,309.41,385399.4233809338,0.021,0
2026-09-28T14:42:02Z,0.219,21.7825,8.73,1.6304,0.1278,0.4653,0.9443,156.187,146.187857,8.4134,96.114,330.9,385357.3486857512,0.018,0
2026-09-28T14:42:02Z,0.223,21.7861,8.73,1.6457,0.1278,0.4653,0.899,156.184,146.189703,8.4209,96.115,306.07,385291.46502708853,0.015,0
2026-09-28T14:42:02Z,0.226,21.7891,8.73,1.619,0.1278,0.4653,0.9745,156.188,146.195334,8.4271,96.098,318.83,385264.33044386486,0.012,0
2026-09-28T14:42:02Z,0.229,21.7917,8.73,1.6228,0.1278,0.4653,0.8386,156.204,146.212259,8.4314,96.073,330.32,385322.50385587866,0.01,0
2026-09-28T14:42:02Z,0.231,21.7937,8.73,1.6343,0.1278,0.4653,0.9443,156.22,146.22897,8.4335,96.04,306.07,385392.29098497564,0.008,0
2026-09-28T14:42:02Z,0.233,21.7951,8.64,1.5656,0.0852,0.5076,0.9745,156.22,146.231896,8.4333,95.999,313.68,385381.6455470625,0.006,0
2026-09-28T14:42:02Z,0.234,21.7959,8.64,1.5999,0.0852,0.5076,0.8235,156.211,146.227827,8.4318,95.959,334.22,385336.6267471864,0.005,0
2026-09-28T14:42:02Z,0.235,21.7965,8.64,1.5732,0.0852,0.5076,0.8839,156.214,146.235706,8.4295,95.922,287.44,385376.9961411712,0.004,0
2026-09-28T14:42:02Z,0.236,21.7971,8.64,1.558,0.0852,0.5076,0.8839,156.237,146.261641,8.4265,95.89,342.16,385539.84499486955,0.004,0
2026-09-28T14:42:02Z,0.237,21.7981,8.73,1.5999,0.1278,0.3807,1.1709,156.263,146.288513,8.4227,95.859,313.47,385700.37120610045,0.004,0
2026-09-28T14:42:02Z,0.238,21.7995,8.73,1.6419,0.1278,0.3807,1.1558,156.274,146.301456,8.4189,95.831,315.38,385757.6819241902,0.003,0
2026-09-28T14:42:02Z,0.238,21.801,8.73,1.6381,0.1278,0.3807,1.1709,156.275,146.303922,8.4155,95.81,373.23,385741.7185349919,0.003,0
2026-09-28T14:42:02Z,0.239,21.8023,8.73,1.6266,0.1278,0.3807,1.186,156.274,146.30458,8.4125,95.801,282.48,385717.8483875762,0.003,0
2026-09-28T14:42:02Z,0.24,21.8033,8.73,1.5656,0.0852,0.4653,1.186,156.276,146.307611,8.4096,95.804,360.87,385716.618223478,0.004,0
2026-09-28T14:42:02Z,0.241,21.804,8.73,1.5808,0.0852,0.4653,1.1709,156.273,146.305813,8.407,95.817,321.54,385689.1633678674,0.004,0
2026-09-28T14:42:02Z,0.242,21.8047,8.73,1.5351,0.0852,0.4653,1.2011,156.266,146.298705,8.405,95.838,337.21,385625.688205249,0.004,0
2026-09-28T14:42:02Z,0.243,21.8052,8.73,1.5618,0.0852,0.4653,1.186,156.271,146.302419,8.4041,95.864,333.57,385639.98780523206,0.005,0
2026-09-28T14:42:02Z,0.244,21.8056,8.73,1.6381,0.1278,0.423,1.2766,156.287,146.315941,8.4044,95.894,295.42,385723.006020138,0.005,0
2026-09-28T14:42:02Z,0.246,21.8057,8.73,1.6304,0.1278,0.423,1.2766,156.294,146.320845,8.4055,95.922,352.88,385754.0980762793,0.005,0
2026-09-28T14:42:02Z,0.247,21.8056,8.73,1.6228,0.1278,0.423,1.1256,156.292,146.316438,8.4073,95.944,311.7,385726.3768150721,0.004,0
2026-09-28T14:42:02Z,0.248,21.8054,8.73,1.6266,0.1278,0.423,1.1709,156.291,146.313561,8.4096,95.961,351.05,385711.2161131566,0.004,0
2026-09-28T14:42:02Z,0.249,21.8049,8.73,1.558,0.1278,0.423,0.8688,156.295,146.315451,8.4123,95.972,333.72,385734.93592513254,0.004,0
2026-09-28T14:42:02Z,0.25,21.8042,8.73,1.5503,0.0852,0.2961,0.8083,156.304,146.322613,8.4149,95.981,331.76,385798.78916480206,0.004,0
2026-09-28T14:42:02Z,0.25,21.8035,8.73,1.5618,0.0852,0.2961,0.8839,156.317,146.332952,8.417,95.988,337.58,385884.21189582034,0.004,0
2026-09-28T14:42:02Z,0.251,21.8029,8.73,1.5694,0.0852,0.2961,0.8839,156.323,146.337206,8.4185,95.989,358.91,385926.16622616287,0.004,0
2026-09-28T14:42:02Z,0.252,21.8023,8.73,1.6037,0.0852,0.2961,0.9443,156.326,146.338512,8.4197,95.99,309.41,385948.1145727988,0.004,0
2026-09-28T14:42:02Z,0.253,21.8017,8.64,1.6381,0.0852,0.5076,0.8235,156.336,146.347234,8.4205,95.993,356.12,386020.40467213397,0.005,0
2026-09-28T14:42:02Z,0.254,21.8012,8.64,1.6228,0.0852,0.5076,0.8839,156.345,146.355683,8.4212,96,354.8,386088.6698014428,0.005,0
2026-09-28T14:42:02Z,0.256,21.8007,8.64,1.6228,0.0852,0.5076,0.899,156.35,146.360103,8.4214,96.011,306.8,386129.5871867852,0.005,0
2026-09-28T14:42:02Z,0.257,21.8004,8.64,1.7029,0.0852,0.5076,0.8386,156.356,146.365679,8.4215,96.027,377.39,386173.9936286948,0.005,0
2026-09-28T14:42:02Z,0.259,21.8003,8.73,1.7144,0.0852,0.423,0.899,156.36,146.369892,8.4218,96.043,305.87,386204.78297391237,0.005,0
2026-09-28T14:42:02Z,0.26,21.8002,8.73,1.661,0.0852,0.423,0.8688,156.356,146.365854,8.4225,96.059,382.01,386179.54514554754,0.005,0
2026-09-28T14:42:02Z,0.261,21.8001,8.73,1.6686,0.0852,0.423,0.8839,156.346,146.356494,8.4234000000000009,96.075,316.96,386118.1726655505,0.005,0
2026-09-28T14:42:02Z,0.263,21.8001,8.73,1.6304,0.0852,0.423,0.8688,156.344,146.355338,8.4248,96.093,339.86,386110.32311427296,0.006,0
2026-09-28T14:42:02Z,0.264,21.8001,8.73,1.6152,0.0852,0.423,0.8537,156.356,146.366085,8.4262,96.113,350.44,386183.29439582676,0.006,0
2026-09-28T14:42:02Z,0.266,21.8002,8.73,1.5923,0.1278,0.3807,0.899,156.374,146.383589,8.4276,96.133,329.75,386299.9801661451,0.006,0
2026-09-28T14:42:02Z,0.267,21.8002,8.73,1.6304,0.1278,0.3807,0.8537,156.388,146.396494,8.429,96.15,365.61,386387.6312799406,0.005,0
2026-09-28T14:42:02Z,0.268,21.8002,8.73,1.6571,0.1278,0.3807,0.8688,156.388,146.396224,8.4306,96.164,323.58,386385.7969171518,0.005,0
2026-09-28T14:42:02Z,0.27,21.8002,8.73,1.6571,0.1278,0.3807,0.9141,156.387,146.394725,8.4324,96.183,333.79,386375.6142636886,0.005,0
2026-09-28T14:42:02Z,0.271,21.8001,8.73,1.6877,0.1278,0.423,0.9443,156.396,146.403614,8.4341,96.202,348.24,386438.17806200514,0.005,0
2026-09-28T14:42:02Z,0.272,21.8,8.73,1.6571,0.1278,0.423,0.8688,156.41,146.41725,8.4356,96.216,361.65,386532.99918365246,0.005,0
2026-09-28T14:42:02Z,0.273,21.8,8.73,1.6877,0.1278,0.423,1.0954,156.417,146.423246,8.4369,96.224,326.05,386573.73764701723,0.005,0
2026-09-28T14:42:02Z,0.274,21.8,8.73,1.68,0.1278,0.423,1.0954,156.412,146.419195,8.4385,96.229,386.52,386546.213116199,0.005,0
2026-09-28T14:42:02Z,0.276,21.8001,8.64,1.6953,0.0852,0.3807,1.1709,156.409,146.416034,8.4402,96.239,314.49,386522.55227718345,0.005,0
2026-09-28T14:42:02Z,0.277,21.8003,8.64,1.7067,0.0852,0.3807,1.186,156.419,146.424939,8.4414,96.254,370.48,386578.68593114556,0.006,0
2026-09-28T14:42:02Z,0.279,21.8003,8.64,1.7296,0.0852,0.3807,1.186,156.435,146.440272,8.4421,96.271,338.17,386682.87516878184,0.006,0
2026-09-28T14:42:02Z,0.28,21.8004,8.64,1.6762,0.0852,0.3807,1.186,156.434,146.43808,8.4425,96.29,324.7,386665.7934769478,0.007,0
2026-09-28T14:42:02Z,0.282,21.8004,8.73,1.6877,0.0852,0.423,1.2313,156.409,146.413774,8.4434,96.314,354.34,386500.64322930406,0.007,0
2026-09-28T14:42:02Z,0.284,21.8004,8.73,1.68,0.0852,0.423,1.1407,156.392,146.396924,8.4447,96.341,337.14,386386.1791726615,0.007,0
2026-09-28T14:42:02Z,0.286,21.8002,8.73,1.6724,0.0852,0.423,1.0954,156.405,146.407072,8.4462,96.372,309.41,386459.47982385854,0.007,0
2026-09-28T14:42:02Z,0.288,21.7999,8.73,1.6724,0.0852,0.423,1.0954,156.428,146.426894,8.448,96.404,361.73,386600.7039065839,0.007,0
2026-09-28T14:42:02Z,0.29,21.7995,8.73,1.6877,0.0852,0.423,1.1407,156.431,146.42963,8.4501,96.433,281.87,386628.03312249604,0.007,0
2026-09-28T14:42:02Z,0.292,21.7991,8.73,1.6724,0.0852,0.2961,1.186,156.413,146.41601,8.4525,96.459,350.82,386544.22542626376,0.006,0
2026-09-28T14:42:02Z,0.293,21.7986,8.73,1.6075,0.0852,0.2961,0.9141,156.396,146.406435,8.4553,96.48,327.32,386490.092161358,0.006,0
2026-09-28T14:42:02Z,0.295,21.7981,8.73,1.6228,0.0852,0.2961,0.8386,156.387,146.406366,8.4582,96.493,316.41,386500.5429174787,0.005,0
2026-09-28T14:42:02Z,0.296,21.7981,8.73,1.6228,0.0852,0.2961,0.8386,156.383,146.411778,8.4607,96.495,348.39,386537.31303995755,0.004,0
2026-09-28T14:42:02Z,0.296,21.7991,8.73,1.6304,0.1278,0.423,0.9292,156.383,146.420109,8.4629,96.489,276.89,386572.07465015474,0.004,0
2026-09-28T14:42:02Z,0.297,21.8011,8.73,1.6648,0.1278,0.423,0.899,156.381,146.42557,8.4644,96.479,374.12,386565.4906167682,0.003,0
2026-09-28T14:42:02Z,0.298,21.8038,8.73,1.6991,0.1278,0.423,0.8386,156.379,146.429617,8.4651,96.469,295.42,386534.011107672,0.003,0
2026-09-28T14:42:02Z,0.299,21.8067,8.73,1.6648,0.1278,0.423,0.8083,156.378,146.433329,8.4649,96.46,365.53,386495.89276027156,0.003,0
2026-09-28T14:42:02Z,0.299,21.8093,8.73,1.68,0.0852,0.4653,0.9745,156.37,146.429685,8.4639,96.454,285.76,386414.3714721995,0.003,0
2026-09-28T14:42:02Z,0.3,21.8116,8.73,1.6152,0.0852,0.4653,1.1407,156.357,146.42172,8.4627,96.455,326.33,386310.0767086228,0.003,0
2026-09-28T14:42:02Z,0.301,21.8136,8.73,1.6228,0.0852,0.4653,1.186,156.361,146.427338,8.4615,96.461,355.81,386304.57136862114,0.003,0
2026-09-28T14:42:02Z,0.302,21.8152,8.73,1.6152,0.0852,0.4653,1.1407,156.382,146.448037,8.4604,96.466,292.48,386410.1948623919,0.003,0
2026-09-28T14:42:02Z,0.302,21.8164,8.73,1.5923,0.0852,0.4653,1.1256,156.397,146.461298,8.4597,96.469,361.34,386474.0488579135,0.003,0
2026-09-28T14:42:02Z,0.303,21.8175,8.73,1.7029,0.1278,0.5076,0.9443,156.4,146.462644,8.4596,96.472,295.8,386459.173544799,0.003,0
2026-09-28T14:42:02Z,0.304,21.8182,8.73,1.6877,0.1278,0.5076,0.8386,156.403,146.464452,8.46,96.48,334.22,386456.16838977084,0.003,0
2026-09-28T14:42:02Z,0.305,21.8184,8.73,1.6762,0.1278,0.5076,0.8386,156.406,146.467202,8.4604,96.494,329.39,386470.4758012987,0.003,0
2026-09-28T14:42:02Z,0.305,21.8182,8.73,1.7067,0.1278,0.5076,0.9443,156.403,146.463619,8.4607,96.509,311.64,386450.51112431,0.003,0
2026-09-28T14:42:02Z,0.306,21.8178,8.73,1.7296,0.0852,0.4653,1.2011,156.393,146.452745,8.461,96.523,316.41,386385.4062402608,0.003,0
2026-09-28T14:42:02Z,0.307,21.8176,8.73,1.7449,0.0852,0.4653,1.1256,156.384,146.443699,8.4617,96.535,328.32,386328.35312833247,0.003,0
2026-09-28T14:42:02Z,0.308,21.8175,8.73,1.7258,0.0852,0.4653,1.2615,156.378,146.438073,8.4629,96.548,306.87,386292.33973325725,0.003,0
2026-09-28T14:42:02Z,0.309,21.8172,8.73,1.7601,0.0852,0.4653,1.1709,156.374,146.434368,8.4643,96.561,357.28,386273.7333827025,0.003,0
2026-09-28T14:42:02Z,0.31,21.8169,8.82,1.6381,0.0852,0.3807,0.8537,156.376,146.435601,8.4656,96.569,296.12,386288.6502372469,0.003,0
2026-09-28T14:42:02Z,0.311,21.8167,8.82,1.6304,0.0852,0.3807,0.9745,156.375,146.434091,8.4666,96.575,318.21,386282.7630391852,0.003,0
2026-09-28T14:42:02Z,0.311,21.8167,8.82,1.6152,0.0852,0.3807,0.9141,156.37,146.429433,8.4678,96.582,330.76,386251.14108117996,0.003,0
2026-09-28T14:42:02Z,0.312,21.8167,8.82,1.6304,0.0852,0.3807,0.899,156.373,146.432404,8.4689,96.591,309.01,386271.30986679875,0.003,0
2026-09-28T14:42:02Z,0.313,21.8164,8.73,1.7296,0.1278,0.423,0.9594,156.379,146.439789,8.4697,96.598,308.67,386327.9944441138,0.003,0
2026-09-28T14:42:02Z,0.313,21.8162,8.73,1.7449,0.1278,0.423,0.8688,156.38,146.44154,8.4703,96.605,361.34,386344.2476257246,0.002,0
2026-09-28T14:42:02Z,0.314,21.8161,8.73,1.7182,0.1278,0.423,0.9443,156.376,146.438125,8.4709,96.613,321.33,386323.24348652794,0.002,0
2026-09-28T14:42:02Z,0.314,21.8164,8.73,1.7411,0.1278,0.423,0.8839,156.37,146.43264,8.4716,96.623,274.26,386279.4578196561,0.002,0
2026-09-28T14:42:02Z,0.315,21.8167,8.73,1.6838,0.1278,0.423,0.8235,156.364,146.427627,8.4722,96.631,335.46,386238.87950818683,0.002,0
2026-09-28T14:42:02Z,0.315,21.817,8.82,1.6648,0.1278,0.5076,0.899,156.365,146.429761,8.4727,96.636,256.95,386246.8201182254,0.002,0
2026-09-28T14:42:02Z,0.316,21.8172,8.82,1.722,0.1278,0.5076,0.9292,156.37,146.435604,8.4734,96.638,339.64,386282.12163989816,0.001,0
2026-09-28T14:42:02Z,0.316,21.8173,8.82,1.68,0.1278,0.5076,0.8839,156.369,146.434699,8.4743,96.637,326.19,386273.7956236896,0.001,0
2026-09-28T14:42:02Z,0.316,21.8175,8.82,1.6877,0.1278,0.5076,1.2162,156.364,146.430808,8.475,96.632,330.83,386243.0172839257,0.001,0
2026-09-28T14:42:02Z,0.317,21.8178,8.64,1.6953,0.0852,0.5076,1.2162,156.372,146.438918,8.4753,96.625,298.84,386291.52654654696,0.001,0
2026-09-28T14:42:02Z,0.317,21.8181,8.64,1.6991,0.0852,0.5076,1.05,156.386,146.453181,8.4755,96.618,353.04,386381.81452125707,0,0
2026-09-28T14:42:02Z,0.317,21.8183,8.64,1.6838,0.0852,0.5076,1.2011,156.39,146.457371,8.4754,96.612,258.57,386405.89851155283,0,0
2026-09-28T14:42:02Z,0.317,21.8185,8.64,1.6381,0.0852,0.5076,0.9292,156.394,146.460616,8.4749,96.609,357.51,386423.5664738829,0,0
2026-09-28T14:42:02Z,0.317,21.8188,8.73,1.6228,0.0852,0.54990000000000006,0.8688,156.401,146.467787,8.4742,96.609,314.97,386465.71089454,0,0
2026-09-28T14:42:02Z,0.317,21.819,8.73,1.5923,0.0852,0.54990000000000006,0.9141,156.401,146.468781,8.4736,96.608,294.58,386468.0943308185,0,0
2026-09-28T14:42:02Z,0.318,21.8191,8.73,1.6075,0.0852,0.54990000000000006,0.899,156.4,146.467866,8.473,96.607,352.42,386459.69785683695,0,0
2026-09-28T14:42:02Z,0.318,21.8192,8.73,1.6724,0.0852,0.54990000000000006,1.1709,156.401,146.468805,8.4727,96.609,295.42,386463.8909513143,0,0
2026-09-28T14:42:02Z,0.318,21.8193,8.73,1.6953,0.0852,0.54990000000000006,1.0954,156.396,146.463838,8.4727,96.608,355.19,386427.9805843522,0,0
2026-09-28T14:42:02Z,0.318,21.8194,8.73,1.6648,0.0852,0.3384,1.0803,156.387,146.455645,8.4726,96.603,302.23,386370.1692945259,0,0
2026-09-28T14:42:02Z,0.318,21.8195,8.73,1.7067,0.0852,0.3384,1.0954,156.386,146.454059,8.4726,96.596,358.99,386357.21877813473,0,0
2026-09-28T14:42:02Z,0.318,21.8194,8.73,1.6877,0.0852,0.3384,1.0652,156.395,146.462663,8.4727,96.589,268.65,386417.81901039695,0,0
2026-09-28T14:42:02Z,0.318,21.8194,8.73,1.6877,0.0852,0.3384,0.899,156.409,146.475739,8.4727,96.582,365.68,386506.6106716405,0,0
2026-09-28T14:42:02Z,0.318,21.8194,8.82,1.6877,0.0426,0.423,0.9594,156.418,146.484757,8.4723,96.579,278.64,386567.85402836354,0,0
2026-09-28T14:42:02Z,0.318,21.8194,8.82,1.6571,0.0426,0.423,0.7932,156.422,146.488117,8.4716,96.58,345.45,386590.6740932689,0,0
2026-09-28T14:42:02Z,0.318,21.8194,8.82,1.6915,0.0426,0.423,0.8386,156.424,146.490719,8.471,96.585,307.47,386608.3466254897,0,0
2026-09-28T14:42:02Z,0.318,21.8195,8.82,1.6877,0.0426,0.423,1.2313,156.431,146.497264,8.4704,96.593,286.56,386650.6175963905,0,0
2026-09-28T14:42:02Z,0.318,21.8195,8.73,1.6915,0.0852,0.3807,1.1407,156.435,146.501486,8.4701,96.604,350.59,386679.29591296864,0,0
2026-09-28T14:42:02Z,0.318,21.8195,8.73,1.6648,0.0852,0.3807,1.1407,156.429,146.496498,8.4702,96.618,290.45,386645.4146113938,0,0
2026-09-28T14:42:02Z,0.318,21.8196,8.73,1.68,0.0852,0.3807,1.2162,156.417,146.484976,8.4706,96.629,328.18,386564.9739105868,0,0
2026-09-28T14:42:02Z,0.319,21.8197,8.73,1.7296,0.0852,0.3807,1.2162,156.407,146.475865,8.4713,96.633,356.66,386500.9161952765,0,0
2026-09-28T14:42:02Z,0.319,21.8198,8.82,1.7487,0.0852,0.423,1.1407,156.406,146.474747,8.4723,96.633,293.37,386491.1408241857,0,0
2026-09-28T14:42:02Z,0.319,21.8198,8.82,1.7487,0.0852,0.423,1.1407,156.404,146.473313,8.4734,96.632,336.48,386481.4030640463,0,0
2026-09-28T14:42:02Z,0.319,21.8199,8.82,1.7296,0.0852,0.423,1.2011,156.392,146.463169,8.4744,96.629,319.04,386410.3399925324,0,0
2026-09-28T14:42:02Z,0.319,21.8199,8.82,1.6877,0.0852,0.423,0.9443,156.378,146.449621,8.4747,96.625,326.19,386318.35850039514,0,0
2026-09-28T14:42:02Z,0.319,21.8201,8.82,1.68,0.0852,0.423,0.7781,156.364,146.437067,8.4746,96.625,304.21,386228.7738921898,0,0
2026-09-28T14:42:02Z,0.319,21.8203,8.82,1.6953,0.0852,0.5076,0.9594,156.348,146.422161,8.4745,96.626,332.63,386123.24034843815,0,0
2026-09-28T14:42:02Z,0.319,21.8204,8.82,1.6648,0.0852,0.5076,0.8083,156.338,146.412943,8.4743,96.63,320.29,386058.50322419347,0,0
2026-09-28T14:42:02Z,0.319,21.8205,8.82,1.6877,0.0852,0.5076,1.2162,156.345,146.418975,8.474,96.639,310.35,386097.2563299653,0,0
2026-09-28T14:42:02Z,0.319,21.8204,8.82,1.6953,0.0852,0.5076,1.1407,156.353,146.425841,8.4739,96.649,357.98,386146.0344109465,0,0
2026-09-28T14:42:02Z,0.319,21.8204,8.82,1.6953,0.0852,0.423,1.0954,156.346,146.419348,8.4741,96.654,273.54,386101.96870033577,0,0
2026-09-28T14:42:02Z,0.319,21.8205,8.82,1.6915,0.0852,0.423,1.2313,156.336,146.409784,8.4744,96.653,363.07,386034.8860956113,0,0
2026-09-28T14:42:02Z,0.319,21.8205,8.82,1.6915,0.0852,0.423,0.9443,156.337,146.41062,8.4751,96.651,275.03,386040.55894703325,0,0
2026-09-28T14:42:02Z,0.319,21.8203,8.82,1.6571,0.0852,0.423,0.899,156.35,146.42208,8.476,96.649,368.16,386122.690629565,0,0
2026-09-28T14:42:02Z,0.319,21.8201,8.82,1.6648,0.0852,0.5076,1.0047,156.365,146.435203,8.4765,96.645,298.19,386216.1215246088,0,0
2026-09-28T14:42:02Z,0.319,21.82,8.82,1.6686,0.0852,0.5076,0.899,156.369,146.437464,8.4765,96.641,326.61,386233.65048082697,0,0
2026-09-28T14:42:02Z,0.319,21.82,8.82,1.7373,0.0852,0.5076,0.899,156.362,146.429465,8.4764,96.64,332.99,386179.35651021247,0,0
2026-09-28T14:42:02Z,0.319,21.8199,8.82,1.7258,0.0852,0.5076,0.899,156.364,146.429104,8.4761,96.638,298.64,386179.0878112382,0,0
2026-09-28T14:42:02Z,0.319,21.8196,8.82,1.722,0.0852,0.5076,0.9443,156.382,146.444294,8.4758,96.638,322.8,386288.74192878214,0,0
2026-09-28T14:42:02Z,0.319,21.8191,8.73,1.7411,0.0852,0.4653,0.8688,156.401,146.459059,8.4756,96.641,312.18,386399.89644024277,0,0
2026-09-28T14:42:02Z,0.319,21.8186,8.73,1.6877,0.0852,0.4653,0.8537,156.398,146.453301,8.4755,96.643,316.41,386371.71503737126,0,0
2026-09-28T14:42:02Z,0.319,21.8181,8.73,1.6991,0.0852,0.4653,0.8688,156.383,146.4375,8.4755,96.645,336.63,386275.35243859875,0,0
2026-09-28T14:42:02Z,0.319,21.8175,8.73,1.68,0.0852,0.4653,0.9141,156.383,146.435484,8.4756,96.645,281.69,386274.7597045207,0,0
2026-09-28T14:42:02Z,0.319,21.8166,8.82,1.6877,0.0852,0.423,0.9745,156.388,146.438703,8.476,96.644,345.82,386316.25399816467,0,0
2026-09-28T14:42:02Z,0.319,21.8157,8.82,1.7411,0.0852,0.423,1.0954,156.379,146.427988,8.4764,96.644,271.47,386263.14924610767,0,0
2026-09-28T14:42:02Z,0.319,21.8148,8.82,1.7373,0.0852,0.423,1.2615,156.364,146.412498,8.4767,96.644,318.55,386177.6332372587,0,0
2026-09-28T14:42:02Z,0.32,21.8142,8.82,1.7182,0.0852,0.423,1.1709,156.36,146.40813,8.4768,96.644,334.81,386161.0730552797,0.001,0
2026-09-28T14:42:02Z,0.32,21.8137,8.82,1.7411,0.0852,0.3384,1.2011,156.366,146.413721,8.4768,96.645,311.7,386209.9351553964,0.001,0
2026-09-28T14:42:02Z,0.32,21.8131,8.82,1.6915,0.0852,0.3384,1.1407,156.376,146.42275,8.4768,96.647,306.53,386284.32606717286,0,0
2026-09-28T14:42:02Z,0.32,21.8127,8.82,1.6953,0.0852,0.3384,1.2918,156.375,146.421601,8.4769,96.652,344.4,386285.2543749228,0,0
2026-09-28T14:42:02Z,0.32,21.8125,8.82,1.6648,0.0852,0.3384,1.1709,156.359,146.405963,8.477,96.658,274.56,386183.4520073848,0,0
2026-09-28T14:42:02Z,0.32,21.8124,8.82,1.6762,0.0426,0.3807,1.1407,156.348,146.395699,8.477,96.663,325.76,386115.9603142706,0,0
2026-09-28T14:42:02Z,0.32,21.8123,8.82,1.6724,0.0426,0.3807,0.9443,156.348,146.396084,8.4772,96.667,311.98,386120.75467296026,0,0
2026-09-28T14:42:02Z,0.32,21.8122,8.82,1.7067,0.0426,0.3807,0.8839,156.339,146.387193,8.4777,96.67,283.65,386062.5880238013,0,0
2026-09-28T14:42:02Z,0.32,21.8121,8.82,1.6762,0.0426,0.3807,0.899,156.317,146.366653,8.4782,96.67,305.27,385925.37411200034,0,0
2026-09-28T14:42:02Z,0.32,21.8122,8.82,1.6495,0.0426,0.3807,0.8688,156.302,146.353023,8.4786,96.668,339.94,385830.71104600496,0,0
2026-09-28T14:42:02Z,0.32,21.8122,8.82,1.6114,0.0852,0.3384,1.1407,156.303,146.354685,8.479,96.668,265.29,385841.9873781203,0,0
2026-09-28T14:42:02Z,0.32,21.8121,8.82,1.6075,0.0852,0.3384,1.1105,156.317,146.368077,8.4793,96.671,335.53,385935.0371193847,0,0
2026-09-28T14:42:02Z,0.32,21.8121,8.82,1.6114,0.0852,0.3384,1.0954,156.33,146.380746,8.4793,96.674,293.43,386021.0131762205,0,0
2026-09-28T14:42:02Z,0.32,21.8122,8.82,1.6381,0.0852,0.3384,1.1407,156.324,146.376042,8.4791,96.676,330.18,385986.90819420654,0,0
2026-09-28T14:42:02Z,0.32,21.8124,8.82,1.6152,0.0426,0.4653,0.9745,156.307,146.360723,8.479,96.68,302.83,385878.59549200995,0,0
2026-09-28T14:42:02Z,0.32,21.8126,8.82,1.6075,0.0426,0.4653,0.9443,156.304,146.358744,8.4793,96.686,284.89,385860.80771686457,0,0
2026-09-28T14:42:02Z,0.32,21.8127,8.82,1.6114,0.0426,0.4653,0.8839,156.315,146.369577,8.4795,96.693,340.38,385932.13351095095,0,0
2026-09-28T14:42:02Z,0.32,21.8128,8.82,1.6075,0.0426,0.4653,0.899,156.325,146.380087,8.4797,96.697,281.93,386001.27500280045,0,0
2026-09-28T14:42:02Z,0.32,21.813,8.82,1.619,0.1278,0.3807,1.0954,156.33,146.385066,8.48,96.695,336.12,386030.7039101745,0,0
2026-09-28T14:42:02Z,0.32,21.8133,8.82,1.6228,0.1278,0.3807,1.0954,156.322,146.377831,8.4805,96.69,311.03,385975.06173917884,0,0
2026-09-28T14:42:02Z,0.32,21.8136,8.82,1.6152,0.1278,0.3807,1.186,156.307,146.364463,8.481,96.689,266.44,385877.8112317009,0,0
2026-09-28T14:42:02Z,0.32,21.8139,8.82,1.6228,0.1278,0.3807,1.1407,156.299,146.35742,8.4813,96.692,337.87,385823.4868624363,0,0
2026-09-28T14:42:02Z,0.32,21.814,8.82,1.5999,0.1278,0.3807,0.9745,156.291,146.35082,8.4811,96.694,269.06,385776.531945896,0,0
2026-09-28T14:42:02Z,0.32,21.8142,8.82,1.6571,0.0852,0.5076,0.9292,156.279,146.338896,8.4807,96.693,303.75,385691.28817433614,0,0
2026-09-28T14:42:02Z,0.321,21.8143,8.82,1.619,0.0852,0.5076,0.8235,156.271,146.330485,8.4806,96.689,278.46,385632.0608490294,0,0
2026-09-28T14:42:02Z,0.321,21.8146,8.82,1.6075,0.0852,0.5076,0.9745,156.265,146.323346,8.4808,96.682,328.54,385577.1090294092,0,0
2026-09-28T14:42:02Z,0.321,21.8147,8.82,1.5999,0.0852,0.5076,0.9443,156.249,146.303557,8.481,96.67,258.57,385440.74369786144,0,0
2026-09-28T14:42:02Z,0.321,21.8146,8.82,1.5999,0.0852,0.423,0.8688,156.212,146.261835,8.4809,96.65,335.75,385160.10037368425,0.001,0
2026-09-28T14:42:02Z,0.321,21.8143,8.82,1.619,0.0852,0.423,0.9141,156.145,146.187055,8.4806,96.613,291.46,384660.0264918428,0.001,0
2026-09-28T14:42:02Z,0.321,21.8135,8.82,1.6381,0.0852,0.423,1.0652,156.021,146.051262,8.4801,96.548,295.61,383758.47299867414,0.001,0
2026-09-28T14:42:02Z,0.322,21.8122,8.82,1.6304,0.0852,0.423,0.9594,155.862,145.87032,8.4793,96.441,302.96,382564.182557769,0.001,0
2026-09-28T14:42:02Z,0.322,21.81,8.82,1.6075,0.1278,0.3807,0.8688,155.759,145.736175,8.4779,96.291,283.34,381706.851306209,0.001,0
2026-09-28T14:42:02Z,0.322,21.8061,8.82,1.6304,0.1278,0.3807,0.9443,155.74,145.683151,8.4753,96.12,310.69,381433.57164194784,0.001,0
2026-09-28T14:42:02Z,0.322,21.7996,8.82,1.6152,0.1278,0.3807,0.9292,155.742,145.661056,8.4706,95.952,272.83,381424.76417098416,0.001,0
2026-09-28T14:42:02Z,0.322,21.7895,8.82,1.6114,0.1278,0.3807,1.2162,155.744,145.65198,8.4628,95.801,300.86,381581.32675394835,0.001,0
2026-09-28T14:42:02Z,0.322,21.7771,8.82,1.6075,0.0852,0.6345,1.1709,155.757,145.663515,8.4517,95.678,312.04,381926.683741749,0.001,0
2026-09-28T14:42:02Z,0.323,21.7658,8.82,1.6343,0.0852,0.6345,1.1709,155.767,145.676709,8.4385,95.598,256.39,382259.83187612804,0.001,0
2026-09-28T14:42:02Z,0.323,21.7582,8.82,1.6037,0.0852,0.6345,1.1407,155.771,145.685066,8.425,95.575,339.79,382480.58808454266,0.001,0
2026-09-28T14:42:02Z,0.323,21.7547,8.82,1.6533,0.0852,0.6345,0.8688,155.788,145.702833,8.4124,95.607,260.66,382676.37375681853,0,0
2026-09-28T14:42:02Z,0.323,21.7546,8.82,1.661,0.0852,0.6345,0.8688,155.816,145.73074,8.4016,95.679,247.47,382867.2027966501,0,0
2026-09-28T14:42:02Z,0.323,21.7559,8.82,1.6648,0.0852,0.4653,0.9292,155.846,145.760209,8.3944,95.771,351.66,383038.3314308571,0,0
2026-09-28T14:42:02Z,0.323,21.7572,8.82,1.6648,0.0852,0.4653,0.9443,155.874,145.787079,8.3921,95.865,247.9,383191.91513792326,0,0
2026-09-28T14:42:02Z,0.323,21.7581,8.82,1.6648,0.0852,0.4653,0.9141,155.895,145.806499,8.3948,95.952,319.31,383303.79124068475,0,0
2026-09-28T14:42:02Z,0.323,21.7585,8.82,1.6724,0.0852,0.4653,0.9594,155.901,145.811631,8.4011,96.03,295.29,383329.8437461121,0.001,0
2026-09-28T14:42:02Z,0.323,21.7588,8.73,1.6762,0.1278,0.3807,0.8839,155.896,145.807849,8.4091,96.095,264.71,383297.75367724017,0.001,0
2026-09-28T14:42:02Z,0.324,21.7589,8.73,1.6877,0.1278,0.3807,0.9594,155.895,145.810167,8.4173,96.144,307.47,383311.26900113415,0.001,0
2026-09-28T14:42:02Z,0.324,21.7589,8.73,1.6304,0.1278,0.3807,0.8537,155.899,145.819203,8.425,96.177,254.84,383372.406436266,0.001,0
2026-09-28T14:42:02Z,0.324,21.7589,8.73,1.6075,0.1278,0.3807,0.9443,155.901,145.829355,8.4318,96.202,325.41,383441.10181456653,0.001,0
2026-09-28T14:42:02Z,0.324,21.7592,8.82,1.6152,0.0426,0.54990000000000006,0.9443,155.903,145.839327,8.4375,96.227,282.05,383502.0807894248,0.001,0
2026-09-28T14:42:02Z,0.324,21.7602,8.82,1.5808,0.0426,0.54990000000000006,0.9594,155.899,145.843765,8.4416,96.254,252.36,383510.43127044,0.001,0
2026-09-28T14:42:02Z,0.324,21.762,8.82,1.6037,0.0426,0.54990000000000006,0.9292,155.895,145.84786,8.4442,96.278,305.73,383499.11311122164,0.001,0
2026-09-28T14:42:02Z,0.325,21.7645,8.82,1.6495,0.0426,0.54990000000000006,0.8386,155.898,145.856711,8.446,96.295,284.45,383504.8012623065,0.001,0
2026-09-28T14:42:02Z,0.325,21.7673,8.82,1.6228,0.0426,0.54990000000000006,0.9292,155.897,145.860659,8.4477,96.31,270.88,383470.8079375937,0.001,0
2026-09-28T14:42:02Z,0.325,21.77,8.82,1.6457,0.0852,0.3807,0.9594,155.889,145.856753,8.4497,96.325,300.01,383385.85477230774,0.001,0
2026-09-28T14:42:02Z,0.325,21.7724,8.82,1.7411,0.0852,0.3807,1.0954,155.884,145.855968,8.4513,96.34,282.91,383328.5323109943,0.001,0
2026-09-28T14:42:02Z,0.326,21.7743,8.82,1.7258,0.0852,0.3807,1.2313,155.888,145.862101,8.4525,96.354,274.67,383328.8418171948,0.001,0
2026-09-28T14:42:02Z,0.326,21.7759,8.82,1.7601,0.0852,0.3807,1.05,155.892,145.868776,8.4536,96.369,276.83,383339.3168079165,0.001,0
2026-09-28T14:42:02Z,0.326,21.7771,8.82,1.7449,0.1278,0.423,1.186,155.895,145.873768,8.4547,96.385,290.14,383347.0763534537,0.001,0
2026-09-28T14:42:02Z,0.327,21.7782,8.82,1.6571,0.1278,0.423,1.2313,155.895,145.8744,8.4558,96.405,275.81,383327.51526789495,0.001,0
2026-09-28T14:42:02Z,0.327,21.7791,8.82,1.6724,0.1278,0.423,1.1709,155.89,145.870844,8.457,96.423,270.59,383283.9676289933,0.001,0
2026-09-28T14:42:02Z,0.327,21.7799,8.82,1.6953,0.1278,0.423,1.2162,155.884,145.866155,8.4582,96.437,285.2,383234.929469225,0.001,0
2026-09-28T14:42:02Z,0.327,21.7805,8.82,1.6915,0.0852,0.4653,1.1709,155.876,145.859083,8.4595,96.447,256.95,383174.117489854,0.001,0
2026-09-28T14:42:02Z,0.328,21.7809,8.82,1.7258,0.0852,0.4653,1.2313,155.867,145.851749,8.4611,96.453,301.45,383115.87274836143,0.001,0
2026-09-28T14:42:02Z,0.328,21.7812,8.82,1.764,0.0852,0.4653,1.1709,155.866,145.850208,8.4627,96.456,276.17,383098.958722286,0.001,0
2026-09-28T14:42:02Z,0.328,21.7815,8.82,1.7563,0.0852,0.4653,1.1105,155.874,145.858054,8.4639,96.46,260.21,383145.5030551845,0.001,0
2026-09-28T14:42:02Z,0.328,21.7817,8.82,1.7258,0.0852,0.4653,1.1407,155.89,145.873375,8.4647,96.466,298.06,383244.75633921335,0.001,0
2026-09-28T14:42:02Z,0.328,21.7819,8.82,1.6571,0.0852,0.4653,1.1407,155.911,145.892244,8.4652,96.472,244.95,383368.01841587893,0.001,0
2026-09-28T14:42:02Z,0.329,21.7819,8.82,1.6724,0.0852,0.4653,1.186,155.928,145.907676,8.4654,96.48,304.94,383472.39071966155,0.001,0
2026-09-28T14:42:02Z,0.329,21.7819,8.82,1.6953,0.0852,0.4653,1.1407,155.937,145.915774,8.4658,96.492,265.69,383527.16703979124,0.001,0
2026-09-28T14:42:02Z,0.329,21.7819,8.82,1.7067,0.0852,0.4653,1.0954,155.94,145.918699,8.4663,96.508,300.4,383546.95357538864,0.001,0
2026-09-28T14:42:02Z,0.329,21.7818,8.82,1.68,0.0852,0.423,1.186,155.944,145.921236,8.4669,96.524,271.18,383566.2839417803,0.001,0
2026-09-28T14:42:02Z,0.33,21.7816,8.82,1.6915,0.0852,0.423,1.2162,155.951,145.928067,8.4677,96.539,300.01,383616.83364083694,0.001,0
2026-09-28T14:42:02Z,0.33,21.7815,8.82,1.6838,0.0852,0.423,1.1709,155.957,145.933003,8.4687,96.551,284.58,383652.3976953552,0.001,0
2026-09-28T14:42:02Z,0.33,21.7814,8.82,1.6571,0.0852,0.423,1.2313,155.954,145.929348,8.4701,96.563,258.24,383629.8367018001,0.001,0
2026-09-28T14:42:02Z,0.33,21.7813,8.91,1.7296,0.0852,0.3384,0.9141,155.949,145.924139,8.4716,96.575,300.53,383596.76333929505,0.001,0
2026-09-28T14:42:02Z,0.331,21.7812,8.91,1.7334,0.0852,0.3384,0.8839,155.945,145.919992,8.4728,96.586,256.28,383570.8760620497,0.001,0
2026-09-28T14:42:02Z,0.331,21.781,8.91,1.7525,0.0852,0.3384,0.763,155.938,145.911797,8.4739,96.593,317.93,383519.77405210934,0.001,0
2026-09-28T14:42:02Z,0.331,21.7808,8.91,1.7411,0.0852,0.3384,0.9141,155.936,145.909384,8.475,96.594,286.81,383507.78635109303,0.001,0
2026-09-28T14:42:02Z,0.332,21.7806,8.91,1.7258,0.0852,0.5076,1.0652,155.944,145.916116,8.4762,96.589,242.04,383557.6624376926,0.001,0
2026-09-28T14:42:02Z,0.332,21.7804,8.91,1.7334,0.0852,0.5076,1.2313,155.95,145.921772,8.4772,96.583,314.97,383600.2631673736,0.001,0
2026-09-28T14:42:02Z,0.332,21.7801,8.91,1.7373,0.0852,0.5076,1.2615,155.952,145.923853,8.4778,96.579,258.52,383620.8474630667,0.001,0
2026-09-28T14:42:02Z,0.332,21.7798,8.91,1.7182,0.0852,0.5076,1.1709,155.956,145.926919,8.4779,96.579,274.73,383648.0973078514,0.001,0
2026-09-28T14:42:02Z,0.332,21.7796,8.91,1.7373,0.0852,0.5076,1.1558,155.962,145.93179,8.4775,96.582,294.13,383685.39314792614,0.001,0
2026-09-28T14:42:02Z,0.332,21.7795,8.91,1.7144,0.0852,0.4653,1.1709,155.963,145.931752,8.477,96.584,267.43,383687.3047857044,0.001,0
2026-09-28T14:42:02Z,0.332,21.7795,8.91,1.6838,0.0852,0.4653,1.1709,155.964,145.930801,8.4766,96.585,305.93,383680.86977527564,0.001,0
2026-09-28T14:42:02Z,0.333,21.7794,8.91,1.6724,0.0852,0.4653,1.1407,155.968,145.932689,8.4766,96.589,281.5,383695.8139477772,0.001,0
2026-09-28T14:42:02Z,0.333,21.7792,8.91,1.6877,0.0852,0.4653,1.1407,155.967,145.929907,8.4769,96.597,297.48,383681.3267038376,0.001,0
2026-09-28T14:42:02Z,0.333,21.7789,8.82,1.7296,0.1278,0.4653,1.2011,155.964,145.92572,8.4772,96.602,280.95,383659.50110143854,0.001,0
2026-09-28T14:42:02Z,0.333,21.7783,8.82,1.722,0.1278,0.4653,1.186,155.968,145.927023,8.4774,96.602,293.43,383681.33019249357,0.001,0
2026-09-28T14:42:02Z,0.333,21.7778,8.82,1.7334,0.1278,0.4653,1.1105,155.973,145.930156,8.4778,96.6,294.97,383713.37540667475,0.001,0
2026-09-28T14:42:02Z,0.334,21.7772,8.82,1.7449,0.1278,0.4653,1.1558,155.976,145.931949,8.4786,96.598,293.37,383738.5236004222,0.001,0
2026-09-28T14:42:02Z,0.334,21.7766,8.82,1.7334,0.0852,0.423,0.899,155.978,145.932882,8.4791,96.596,285.26,383757.85270284355,0.001,0
2026-09-28T14:42:02Z,0.334,21.776,8.82,1.7258,0.0852,0.423,0.899,155.983,145.937207,8.4792,96.599,313.47,383800.1410690436,0.001,0
2026-09-28T14:42:02Z,0.334,21.7755,8.82,1.7525,0.0852,0.423,0.9443,155.989,145.942074,8.4792,96.607,290.07,383843.9323022719,0.001,0
2026-09-28T14:42:02Z,0.334,21.7751,8.82,1.7373,0.0852,0.423,0.8688,155.988,145.940767,8.479,96.616,286.13,383843.76455077104,0.001,0
2026-09-28T14:42:02Z,0.335,21.7748,8.82,1.7525,0.0852,0.423,1.2615,155.988,145.940951,8.4789,96.625,290.2,383851.5191950801,0.001,0
2026-09-28T14:42:02Z,0.335,21.7746,8.82,1.7487,0.0852,0.3384,1.1407,155.994,145.946679,8.4792,96.633,305.73,383894.63391111285,0.001,0
2026-09-28T14:42:02Z,0.335,21.7744,8.82,1.7373,0.0852,0.3384,1.1558,155.998,145.951468,8.4799,96.641,271.71,383931.39489715954,0.001,0
2026-09-28T14:42:02Z,0.335,21.7743,8.82,1.7754,0.0852,0.3384,1.186,155.999,145.95259,8.4807,96.647,303.22,383941.16127496486,0.001,0
2026-09-28T14:42:02Z,0.336,21.7743,8.82,1.6724,0.0852,0.3384,1.1407,155.996,145.950343,8.4815,96.651,328.96,383925.9489900302,0.001,0
2026-09-28T14:42:02Z,0.336,21.7744,8.82,1.6953,0.0852,0.423,1.0954,155.994,145.948134,8.4822,96.656,273.84,383908.82410931634,0.001,0
2026-09-28T14:42:02Z,0.336,21.7745,8.82,1.6877,0.0852,0.423,1.2011,155.991,145.945374,8.4829,96.658,301.91,383887.9693711717,0.001,0
2026-09-28T14:42:02Z,0.336,21.7747,8.82,1.6877,0.0852,0.423,1.186,155.979,145.933316,8.4834,96.66,304.94,383802.00857088884,0.001,0
2026-09-28T14:42:02Z,0.337,21.7748,8.82,1.6724,0.0852,0.423,0.8839,155.962,145.916755,8.4838,96.662,276.23,383687.7554144721,0.001,0
2026-09-28T14:42:02Z,0.337,21.7748,8.82,1.68,0.1278,0.4653,0.9443,155.953,145.907298,8.4841,96.661,318.48,383623.76013602683,0.001,0
2026-09-28T14:42:02Z,0.337,21.7747,8.82,1.68,0.1278,0.4653,0.9594,155.953,145.90643,8.4844,96.658,271.06,383620.05527968257,0.001,0
2026-09-28T14:42:02Z,0.337,21.7745,8.82,1.6838,0.1278,0.4653,0.8688,155.957,145.909913,8.4846,96.658,313.06,383647.960842234,0.001,0
2026-09-28T14:42:02Z,0.338,21.7743,8.82,1.6228,0.1278,0.4653,1.1256,155.963,145.914669,8.4848,96.661,271.71,383684.48305809643,0.001,0
2026-09-28T14:42:02Z,0.338,21.774,8.82,1.5923,0.0852,0.3384,1.0954,155.971,145.921966,8.4848,96.666,298.71,383740.37376510975,0.002,0
2026-09-28T14:42:02Z,0.339,21.7738,8.82,1.6266,0.0852,0.3384,1.1558,155.984,145.933752,8.4846,96.672,323.86,383824.4860232767,0.002,0
2026-09-28T14:42:02Z,0.339,21.7735,8.82,1.6152,0.0852,0.3384,1.0652,156.004,145.953168,8.4846,96.679,279.49,383962.4367377728,0.002,0
2026-09-28T14:42:02Z,0.34,21.7733,8.82,1.5808,0.0852,0.3384,0.9141,156.026,145.973376,8.4849,96.69,341.34,384103.6120336448,0.002,0
2026-09-28T14:42:02Z,0.34,21.7732,8.82,1.5351,0.0852,0.3384,1.0047,156.037,145.98374,8.4854,96.705,298.77,384175.9725866773,0.003,0
2026-09-28T14:42:02Z,0.341,21.7732,8.64,1.5732,0.1704,0.3807,0.9292,156.037,145.98302,8.4858,96.72,258.69,384171.0961762178,0.003,0
2026-09-28T14:42:02Z,0.342,21.7732,8.64,1.5427,0.1704,0.3807,0.8839,156.033,145.979035,8.4864,96.733,347.93,384144.1069008516,0.003,0
2026-09-28T14:42:02Z,0.342,21.7732,8.64,1.6304,0.1704,0.3807,0.899,156.024,145.970722,8.4874,96.747,270.35,384087.8094508503,0.003,0
2026-09-28T14:42:02Z,0.343,21.7732,8.64,1.5999,0.1704,0.3807,0.8537,156.012,145.959869,8.4887,96.761,330.04,384014.3182679366,0.003,0
2026-09-28T14:42:02Z,0.344,21.7731,8.64,1.6304,0.1278,0.4653,0.899,156.012,145.959605,8.49,96.773,273.6,384014.7015522781,0.003,0
2026-09-28T14:42:02Z,0.345,21.7731,8.64,1.6304,0.1278,0.4653,0.9745,156.007,145.953838,8.4911,96.783,313.95,383975.6534674788,0.002,0
2026-09-28T14:42:02Z,0.346,21.7731,8.64,1.6877,0.1278,0.4653,0.8537,155.989,145.937023,8.4924,96.797,282.79,383861.81447202445,0.002,0
2026-09-28T14:42:02Z,0.346,21.7731,8.64,1.661,0.1278,0.4653,0.899,155.982,145.928711,8.4937,96.814,304.28,383805.54932083614,0.001,0
2026-09-28T14:42:02Z,0.346,21.773,8.82,1.6495,0.213,0.5076,0.9443,155.977,145.92268,8.4947,96.828,300.07,383766.89680951525,0,0
2026-09-28T14:42:02Z,0.346,21.7729,8.82,1.6648,0.213,0.5076,0.9745,155.956,145.901299,8.4956,96.835,311.91,383624.3660371526,-0.001,0
2026-09-28T14:42:02Z,0.346,21.7726,8.82,1.661,0.213,0.5076,0.8235,155.925,145.870882,8.4969,96.837,277.86,383425.07317013695,-0.002,0
2026-09-28T14:42:02Z,0.345,21.7723,8.82,1.6686,0.213,0.5076,0.9292,155.921,145.865379,8.4985,96.837,303.42,383394.34947882476,-0.003,0
2026-09-28T14:42:02Z,0.345,21.7718,8.82,1.6991,0.213,0.5076,0.8386,155.953,145.893335,8.4998,96.832,301.38,383594.3300276931,-0.004,0
2026-09-28T14:42:02Z,0.344,21.7712,8.82,1.6724,0.1704,0.54990000000000006,0.8839,155.975,145.912135,8.5005,96.817,283.9,383734.5741542191,-0.006,0
2026-09-28T14:42:02Z,0.342,21.7707,8.82,1.6228,0.1704,0.54990000000000006,0.8537,155.964,145.900754,8.5007,96.791,306.2,383668.39352859854,-0.008,0
2026-09-28T14:42:02Z,0.34,21.7701,8.82,1.6343,0.1704,0.54990000000000006,0.8083,155.943,145.880193,8.5009,96.756,282.12,383542.2678222935,-0.011,0
2026-09-28T14:42:02Z,0.337,21.7696,8.82,1.6075,0.1704,0.54990000000000006,0.8688,155.928,145.864997,8.5005,96.712,316.55,383450.2929281716,-0.014,0
2026-09-28T14:42:02Z,0.333,21.769,8.91,1.6381,0.0852,0.3384,0.9292,155.917,145.855119,8.4992,96.653,283.1,383396.4722239256,-0.018,0
2026-09-28T14:42:02Z,0.328,21.7685,8.91,1.7525,0.0852,0.3384,0.8688,155.908,145.847925,8.497,96.575,295.42,383358.64446609747,-0.022,0
2026-09-28T14:42:02Z,0.322,21.7683,8.91,1.7373,0.0852,0.3384,0.9292,155.893,145.837491,8.494,96.474,304.41,383292.4014301858,-0.026,0
2026-09-28T14:42:02Z,0.314,21.7681,8.91,1.7678,0.0852,0.3384,0.899,155.867,145.821035,8.4902,96.346,292.92,383185.4379633675,-0.03,0
2026-09-28T14:42:02Z,0.306,21.7682,8.82,1.7334,0.0852,0.5076,0.9443,155.844,145.814195,8.485,96.193,324.7,383137.0183375386,-0.033,0
2026-09-28T14:42:02Z,0.296,21.7686,8.82,1.7449,0.0852,0.5076,0.899,155.843,145.835177,8.4781,96.018,294.58,383270.25875480124,-0.036,0
2026-09-28T14:42:02Z,0.286,21.7698,8.82,1.7563,0.0852,0.5076,1.0047,155.854,145.869551,8.469,95.825,327.96,383476.7867936051,-0.038,0
2026-09-28T14:42:02Z,0.276,21.7722,8.82,1.7487,0.0852,0.5076,0.9443,155.852,145.886427,8.4573,95.625,319.52,383538.9396481841,-0.038,0
2026-09-28T14:42:02Z,0.266,21.7769,8.82,1.7334,0.0852,0.5076,0.899,155.84,145.886302,8.4431,95.434,310.15,383436.2106545652,-0.037,0
2026-09-28T14:42:02Z,0.256,21.784,8.82,1.5503,0.0852,0.5076,0.9443,155.827,145.885164,8.4267,95.266,350.36,383274.67132150073,-0.034,0
2026-09-28T14:42:02Z,0.246,21.7916,8.82,1.5465,0.0852,0.5076,0.899,155.812,145.882709,8.4085,95.128,329.75,383093.4909550235,-0.031,0
2026-09-28T14:42:02Z,0.239,21.7975,8.82,1.5465,0.0852,0.5076,0.8688,155.798,145.88229,8.39,95.023,308.87,382962.9558248997,-0.027,0
2026-09-28T14:42:02Z,0.233,21.8013,8.82,1.5694,0.0852,0.5076,0.8386,155.795,145.887802,8.3726,94.958,318.69,382917.9684096025,-0.022,0
2026-09-28T14:42:02Z,0.229,21.8046,8.82,1.6152,0.1278,0.5922,0.9443,155.791,145.888698,8.3573,94.94,348.54,382852.6295089252,-0.017,0
2026-09-28T14:42:02Z,0.225,21.8085,8.82,1.6075,0.1278,0.5922,1.0047,155.787,145.885217,8.3446,94.962,315.52,382744.7742591343,-0.014,0
2026-09-28T14:42:02Z,0.222,21.8124,8.82,1.6114,0.1278,0.5922,0.9443,155.788,145.884441,8.3348,95.008,322.73,382655.2141273952,-0.011,0
2026-09-28T14:42:02Z,0.22,21.8152,8.82,1.6228,0.1278,0.5922,0.9292,155.792,145.886164,8.3286,95.065,350.44,382606.32042321423,-0.008,0
2026-09-28T14:42:02Z,0.219,21.8165,8.73,1.68,0.0852,0.3807,0.9443,155.798,145.890845,8.3268,95.126,282.73,382609.8174517359,-0.006,0
2026-09-28T14:42:02Z,0.217,21.8167,8.73,1.6571,0.0852,0.3807,0.9745,155.803,145.895725,8.3287,95.191,397.51,382638.4328433841,-0.005,0
2026-09-28T14:42:02Z,0.216,21.8162,8.73,1.6838,0.0852,0.3807,0.899,155.803,145.898101,8.3329,95.258,298.71,382665.27913795743,-0.004,0
2026-09-28T14:42:02Z,0.216,21.8156,8.73,1.6648,0.0852,0.3807,0.8688,155.801,145.898608,8.3379,95.316,344.85,382681.67212707776,-0.003,0
2026-09-28T14:42:02Z,0.215,21.8152,8.91,1.6075,0.0852,0.5922,0.9594,155.801,145.901385,8.3433,95.358,320.15,382709.06637250143,-0.002,0
2026-09-28T14:42:02Z,0.215,21.8154,8.91,1.6304,0.0852,0.5922,1.0954,155.805,145.907173,8.349,95.388,348.92,382743.8162609323,-0.001,0
2026-09-28T14:42:02Z,0.215,21.8161,8.91,1.6228,0.0852,0.5922,0.899,155.805,145.909504,8.3547,95.413,306.27,382744.41759827826,-0.001,0
2026-09-28T14:42:02Z,0.214,21.8169,8.91,1.5999,0.0852,0.5922,0.8688,155.803,145.909002,8.3597,95.438,347.78,382723.7323294591,-0,0
2026-09-28T14:42:02Z,0.214,21.8177,8.91,1.6877,0.0852,0.5922,0.9443,155.803,145.909536,8.3633,95.46,346.88,382710.04132343904,0,0
2026-09-28T14:42:02Z,0.214,21.8184,8.82,1.68,0.1278,0.423,1.0047,155.799,145.907244,8.3659,95.481,304.94,382679.4373132185,0,0
2026-09-28T14:42:02Z,0.215,21.819,8.82,1.6838,0.1278,0.423,0.7781,155.788,145.897508,8.368,95.502,320.08,382600.755504081,0.001,0
2026-09-28T14:42:02Z,0.215,21.8196,8.82,1.7067,0.1278,0.423,0.9443,155.771,145.881739,8.37,95.522,321.54,382481.376465838,0.001,0
2026-09-28T14:42:02Z,0.215,21.82,8.82,1.6381,0.1278,0.423,1.2011,155.764,145.875761,8.3719,95.541,323.86,382432.3994862335,0.001,0
2026-09-28T14:42:02Z,0.215,21.8203,8.82,1.6152,0.0852,0.423,1.0954,155.775,145.885989,8.3737,95.557,369.2,382494.92974505137,0.001,0
2026-09-28T14:42:02Z,0.216,21.8205,8.82,1.5999,0.0852,0.423,1.1256,155.785,145.895123,8.3755,95.566,288.06,382552.243386004,0.001,0
2026-09-28T14:42:02Z,0.216,21.8206,8.82,1.619,0.0852,0.423,1.1407,155.788,145.897587,8.3772,95.572,336.63,382566.7102074633,0.001,0
2026-09-28T14:42:02Z,0.216,21.8206,8.82,1.6762,0.0852,0.423,1.0047,155.784,145.894038,8.3789,95.577,319.25,382542.7607336263,0.001,0
2026-09-28T14:42:02Z,0.216,21.8206,8.82,1.6915,0.0852,0.3807,0.9443,155.777,145.887537,8.3803,95.579,306.4,382498.8928554141,0,0
2026-09-28T14:42:02Z,0.217,21.8206,8.82,1.6915,0.0852,0.3807,0.9594,155.778,145.888365,8.3811,95.577,357.51,382504.4795374128,0,0
2026-09-28T14:42:02Z,0.217,21.8206,8.82,1.6953,0.0852,0.3807,0.899,155.784,145.89274,8.3816,95.577,291.46,382534.0013772966,0,0
2026-09-28T14:42:02Z,0.216,21.8206,8.82,1.6724,0.0852,0.3807,1.0047,155.786,145.893814,8.3821,95.58,337.36,382541.2491604802,-0.001,0
2026-09-28T14:42:02Z,0.216,21.8205,8.91,1.6953,0.0852,0.3807,0.899,155.789,145.895882,8.3822,95.585,348.99,382557.36530571146,-0.001,0
2026-09-28T14:42:02Z,0.216,21.8204,8.91,1.6991,0.0852,0.3807,0.8386,155.798,145.903498,8.382,95.591,318.62,382610.923530716,-0.002,0
2026-09-28T14:42:02Z,0.216,21.8202,8.91,1.6762,0.0852,0.3807,0.9443,155.812,145.91469,8.3821,95.598,344.85,382690.78481703147,-0.003,0
2026-09-28T14:42:02Z,0.215,21.8199,8.91,1.6877,0.0852,0.3807,0.8688,155.819,145.920425,8.3824,95.604,366.8,382735.9821482834,-0.004,0
2026-09-28T14:42:02Z,0.214,21.8195,8.91,1.6877,0.0852,0.3807,0.8386,155.814,145.91422,8.3828,95.609,321.47,382702.74551516224,-0.005,0
2026-09-28T14:42:02Z,0.213,21.8192,8.82,1.68,0.0852,0.4653,0.8386,155.802,145.902431,8.3835,95.608,322.87,382629.65946162125,-0.006,0
2026-09-28T14:42:02Z,0.211,21.8187,8.82,1.6724,0.0852,0.4653,0.9443,155.797,145.897938,8.3842,95.6,344.32,382610.1429672326,-0.008,0
2026-09-28T14:42:02Z,0.21,21.8183,8.82,1.6877,0.0852,0.4653,1.2313,155.799,145.899542,8.3848,95.585,319.73,382629.6146558428,-0.01,0
2026-09-28T14:42:02Z,0.207,21.818,8.82,1.68,0.0852,0.4653,1.1105,155.794,145.895655,8.3853,95.563,369.68,382609.86543945246,-0.013,0
2026-09-28T14:42:02Z,0.204,21.8178,8.82,1.68,0.0852,0.423,1.2615,155.789,145.893251,8.3852,95.529,330.54,382597.9642018184,-0.017,0
2026-09-28T14:42:02Z,0.199,21.8178,8.82,1.6991,0.0852,0.423,1.1256,155.789,145.895695,8.3845,95.473,323.15,382614.4607838403,-0.022,0
2026-09-28T14:42:02Z,0.194,21.8178,8.82,1.68,0.0852,0.423,0.9141,155.783,145.895627,8.3832,95.385,344.85,382614.0041151899,-0.028,0
2026-09-28T14:42:02Z,0.186,21.8181,8.82,1.6877,0.0852,0.423,0.899,155.774,145.893029,8.3812,95.252,316.28,382589.9886303358,-0.034,0
2026-09-28T14:42:02Z,0.177,21.8186,8.91,1.7067,0.0852,0.4653,0.9292,155.753,145.879199,8.3782,95.071,321.89,382485.8572579382,-0.04,0
2026-09-28T14:42:02Z,0.165,21.8196,8.91,1.68,0.0852,0.4653,0.9443,155.722,145.854453,8.3731,94.85,336.63,382297.3073982191,-0.045,0
2026-09-28T14:42:02Z,0.152,21.8212,8.91,1.6152,0.0852,0.4653,0.9896,155.697,145.836228,8.365,94.597,355.65,382139.8467093524,-0.048,0
2026-09-28T14:42:02Z,0.138,21.8232,8.91,1.6114,0.0852,0.4653,0.9141,155.683,145.827675,8.3531,94.324,331.4,382039.0144974508,-0.05,0
2026-09-28T14:42:02Z,0.124,21.8249,8.91,1.6266,0.0852,0.4653,0.8688,155.664,145.814497,8.3369,94.052,384.34,381913.5024625579,-0.05,0
2026-09-28T14:42:02Z,0.11,21.8264,8.82,1.6381,0.0852,0.5076,0.9745,155.643,145.797185,8.3173,93.809,437.68,381764.4781119037,-0.047,0
2026-09-28T14:42:02Z,0.098,21.8279,8.82,1.6266,0.0852,0.5076,0.8688,155.63,145.787146,8.2949,93.617,436.82,381664.49875069264,-0.042,0
2026-09-28T14:42:02Z,0.088,21.8295,8.82,1.6075,0.0852,0.5076,0.899,155.623,145.781702,8.2707,93.484,438.91,381593.3395812674,-0.036,0
2026-09-28T14:42:02Z,0.079,21.8309,8.82,1.619,0.0852,0.5076,0.9141,155.613,145.775396,8.2467,93.407,451,381520.69587280316,-0.03,0
2026-09-28T14:42:02Z,0.073,21.8317,8.82,1.6152,0.0852,0.4653,0.7781,155.609,145.774559,8.2253,93.379,437.96,381497.823531635,-0.025,0
2026-09-28T14:42:02Z,0.068,21.8323,8.82,1.6228,0.0852,0.4653,0.899,155.615,145.782972,8.2083,93.391,438.06,381541.56201866845,-0.02,0
2026-09-28T14:42:02Z,0.064,21.8329,8.82,1.5999,0.0852,0.4653,0.8537,155.616,145.786856,8.1966,93.43,399.15,381554.79564673343,-0.016,0
2026-09-28T14:42:02Z,0.061,21.8337,8.82,1.6152,0.0852,0.4653,0.8839,155.61,145.783242,8.1897,93.479,445.25,381513.2176148586,-0.012,0
2026-09-28T14:42:02Z,0.058,21.8347,8.91,1.6304,0.1278,0.4653,0.8386,155.613,145.787189,8.187,93.529,430.51,381518.2559985346,-0.009,0
2026-09-28T14:42:02Z,0.056,21.8356,8.91,1.6075,0.1278,0.4653,0.8386,155.625,145.799749,8.1879,93.577,440.35,381583.4585640216,-0.006,0
2026-09-28T14:42:02Z,0.055,21.8364,8.91,1.6343,0.1278,0.4653,0.8688,155.638,145.812256,8.1912,93.624,448.46,381650.4630836191,-0.002,0
2026-09-28T14:42:02Z,0.054,21.8371,8.91,1.6152,0.1278,0.4653,0.9141,155.655,145.828043,8.1955,93.674,444.19,381741.7249083164,0.003,0
2026-09-28T14:42:02Z,0.055,21.8377,8.91,1.6152,0.0852,0.4653,0.9292,155.672,145.843309,8.1998,93.733,438.25,381831.6422135894,0.008,0
2026-09-28T14:42:02Z,0.058,21.838,8.91,1.6304,0.0852,0.4653,0.899,155.676,145.846103,8.2039,93.809,446.81,381843.99798539287,0.014,0
2026-09-28T14:42:02Z,0.062,21.8382,8.91,1.5923,0.0852,0.4653,1.2313,155.682,145.849187,8.208,93.911,447.49,381860.4638715492,0.02,0
2026-09-28T14:42:02Z,0.068,21.8382,8.91,1.5999,0.0852,0.4653,1.2011,155.703,145.865399,8.2124,94.048,440.54,381969.70941962494,0.027,0
2026-09-28T14:42:02Z,0.076,21.838,8.91,1.6304,0.0852,0.4653,1.0652,155.723,145.879035,8.2176,94.218,444.29,382065.9251975098,0.033,0
2026-09-28T14:42:02Z,0.086,21.8374,8.91,1.619,0.0852,0.3807,1.1709,155.733,145.881713,8.2243,94.412,448.07,382096.9190195473,0.038,0
2026-09-28T14:42:02Z,0.097,21.8366,8.91,1.6152,0.0852,0.3807,1.186,155.745,145.886165,8.2334,94.624,407.74,382144.1894944854,0.042,0
2026-09-28T14:42:02Z,0.108,21.8355,8.91,1.5923,0.0852,0.3807,1.2011,155.767,145.897583,8.2456,94.843,389.13,382244.9074982977,0.046,0
2026-09-28T14:42:02Z,0.121,21.834,8.91,1.6228,0.0852,0.3807,1.1709,155.789,145.906995,8.2608,95.056,383.26,382340.7552660396,0.048,0
2026-09-28T14:42:02Z,0.134,21.832,9,1.6152,0.1278,0.3807,1.1407,155.804,145.908897,8.2781,95.26,343.72,382396.7676340111,0.05,0
2026-09-28T14:42:02Z,0.146,21.8296,9,1.6037,0.1278,0.3807,1.1558,155.813,145.903798,8.297,95.455,308.87,382414.20323148853,0.051,0
2026-09-28T14:42:02Z,0.16,21.8267,9,1.6381,0.1278,0.3807,1.1407,155.821,145.894342,8.3167,95.641,371.21,382413.0485431428,0.052,0
2026-09-28T14:42:02Z,0.173,21.8233,9,1.6228,0.1278,0.3807,1.1709,155.843,145.894031,8.336,95.814,352.5,382484.3917377607,0.053,0
2026-09-28T14:42:02Z,0.187,21.8194,9,1.6228,0.0852,0.3807,1.2313,155.885,145.906786,8.3544,95.969,331.4,382654.7399023581,0.053,0
2026-09-28T14:42:02Z,0.201,21.8149,9,1.6304,0.0852,0.3807,1.1407,155.926,145.915978,8.3723,96.108,353.34,382814.0802160333,0.053,0
2026-09-28T14:42:02Z,0.215,21.8095,9,1.6075,0.0852,0.3807,1.2162,155.958,145.92005,8.3895,96.236,302.43,382958.3814377935,0.052,0
2026-09-28T14:42:02Z,0.228,21.8027,9,1.6228,0.0852,0.3807,1.1709,155.988,145.9281,8.4057,96.35,323.86,383159.9331426606,0.051,0
2026-09-28T14:42:02Z,0.241,21.7942,9,1.6381,0.0852,0.3807,1.1709,156.012,145.93426,8.4207,96.452,314.84,383385.6559665591,0.05,0
2026-09-28T14:42:02Z,0.253,21.785,9,1.6266,0.1278,0.423,1.1709,156.026,145.936168,8.4344,96.545,313.68,383597.9484286263,0.048,0
2026-09-28T14:42:02Z,0.265,21.7766,9,1.6228,0.1278,0.423,1.1256,156.038,145.938338,8.447,96.634,319.73,383794.8048652294,0.046,0
2026-09-28T14:42:02Z,0.277,21.7701,9,1.6075,0.1278,0.423,1.1709,156.044,145.937343,8.4581,96.724,345.22,383929.11331872386,0.045,0
2026-09-28T14:42:02Z,0.288,21.7652,9,1.6343,0.1278,0.423,1.05,156.041,145.928911,8.4678,96.814,272.83,383978.37794530584,0.043,0
2026-09-28T14:42:02Z,0.299,21.7614,8.91,1.6304,0.1278,0.423,1.0652,156.041,145.922811,8.4766,96.9,336.78,384019.5643634504,0.041,0
2026-09-28T14:42:02Z,0.309,21.7586,8.91,1.6533,0.1278,0.423,1.0954,156.053,145.929432,8.4849,96.976,265.23,384125.2148852042,0.039,0
2026-09-28T14:42:02Z,0.319,21.7564,8.91,1.6304,0.1278,0.423,1.1407,156.064,145.934519,8.4931,97.038,292.29,384207.4654619789,0.037,0
2026-09-28T14:42:02Z,0.328,21.7545,8.91,1.6075,0.1278,0.423,1.1709,156.057,145.923403,8.5013,97.09,338.46,384173.4206576847,0.035,0
2026-09-28T14:42:02Z,0.336,21.7528,8.91,1.7067,0.0852,0.3807,0.8537,156.043,145.905137,8.5092,97.133,274.85,384086.58758223354,0.034,0
2026-09-28T14:42:02Z,0.345,21.7512,8.91,1.7144,0.0852,0.3807,0.9745,156.026,145.882863,8.5161,97.168,311.98,383970.43755456887,0.032,0
2026-09-28T14:42:02Z,0.352,21.7495,8.91,1.6724,0.0852,0.3807,0.9292,156.005,145.854645,8.5218,97.194,307.53,383816.21401417133,0.031,0
2026-09-28T14:42:02Z,0.36,21.7479,8.91,1.661,0.0852,0.3807,0.8839,155.998,145.836994,8.5266,97.213,291.59,383731.40088128165,0.03,0
2026-09-28T14:42:02Z,0.368,21.7463,8.91,1.6953,0.0852,0.3807,0.899,156,145.829206,8.5307,97.223,300.27,383713.37999595725,0.03,0
2026-09-28T14:42:02Z,0.375,21.7442,8.91,1.6724,0.0852,0.54990000000000006,0.8235,155.997,145.817187,8.5341,97.217,312.25,383677.55645288195,0.029,0
2026-09-28T14:42:02Z,0.383,21.7414,8.91,1.7029,0.0852,0.54990000000000006,0.8839,155.994,145.805744,8.5368,97.179,291.84,383660.8207050979,0.029,0
2026-09-28T14:42:02Z,0.39,21.7381,8.91,1.6915,0.0852,0.54990000000000006,0.8688,155.997,145.799835,8.5391,97.091,309.61,383692.4118320342,0.028,0
2026-09-28T14:42:02Z,0.397,21.7349,8.91,1.722,0.0852,0.54990000000000006,1.186,155.999,145.79388,8.5405,96.939,273.25,383721.5263390925,0.027,0
2026-09-28T14:42:02Z,0.404,21.732,8.91,1.7525,0.0852,0.423,1.1407,155.994,145.782283,8.5405,96.715,315.45,383705.91241563094,0.026,0
2026-09-28T14:42:02Z,0.41,21.7291,8.91,1.7373,0.0852,0.423,1.0954,155.987,145.769963,8.5376,96.421,287.5,383685.3983326564,0.026,0
2026-09-28T14:42:02Z,0.416,21.7264,8.91,1.7373,0.0852,0.423,1.1407,155.984,145.761647,8.5303,96.069,291.91,383687.6651215582,0.026,0
2026-09-28T14:42:02Z,0.423,21.7239,8.91,1.6724,0.0852,0.423,1.2011,155.978,145.751111,8.5173,95.672,301.32,383670.5491676808,0.027,0
2026-09-28T14:42:02Z,0.43,21.721800000000002,8.82,1.6724,0.1278,0.423,1.2011,155.965,145.735544,8.498,95.233,283.41,383610.66578661604,0.028,0
2026-09-28T14:42:02Z,0.437,21.7199,8.82,1.6838,0.1278,0.423,1.2011,155.951,145.718808,8.4725,94.742,294.33,383538.5226046562,0.029,0
2026-09-28T14:42:02Z,0.444,21.7181,8.82,1.7029,0.1278,0.423,1.1709,155.929,145.696439,8.4418,94.179,291.34,383426.05741100264,0.029,0
2026-09-28T14:42:02Z,0.452,21.7165,8.82,1.6304,0.1278,0.423,0.9443,155.895,145.662472,8.4072,93.514,274.44,383230.7286907803,0.03,0
2026-09-28T14:42:02Z,0.46,21.7152,8.91,1.6152,0.1278,0.5076,0.8688,155.858,145.625874,8.3689,92.695,297.93,383011.13481395727,0.03,0
2026-09-28T14:42:02Z,0.468,21.7143,8.91,1.6266,0.1278,0.5076,0.9594,155.829,145.594911,8.3259,91.627,277.98,382821.07294489443,0.031,0
2026-09-28T14:42:02Z,0.475,21.7137,8.91,1.6228,0.1278,0.5076,0.9292,155.805,145.569338,8.2765,90.209,291.46,382661.03019012645,0.031,0
2026-09-28T14:42:02Z,0.483,21.713,8.91,1.6266,0.1278,0.5076,1.2615,155.795,145.556354,8.2182,88.403,262.37,382588.3445238988,0.032,0
2026-09-28T14:42:02Z,0.491,21.7121,8.91,1.6114,0.1278,0.5076,1.1558,155.8,145.558505,8.1464,86.255,312.04,382622.3774256761,0.032,0
2026-09-28T14:42:02Z,0.499,21.711,8.91,1.6152,0.1278,0.423,1.2011,155.803,145.55834,8.0527,83.894,268.48,382645.0744937746,0.033,0
2026-09-28T14:42:02Z,0.507,21.7099,8.91,1.6075,0.1278,0.423,1.1407,155.785,145.539791,7.9282,81.485,285.07,382543.3975180713,0.034,0
2026-09-28T14:42:02Z,0.516,21.7088,8.91,1.6533,0.1278,0.423,1.1105,155.752,145.505924,7.7696,79.167,279.13,382338.1327671084,0.035,0
2026-09-28T14:42:02Z,0.525,21.7078,8.91,1.7067,0.1278,0.423,1.2162,155.714,145.467735,7.581,77.018,288.31,382101.5436551976,0.035,0
2026-09-28T14:42:02Z,0.535,21.7071,8.91,1.6762,0.1278,0.3384,1.1709,155.68,145.433066,7.3736,75.094,261.85,381882.3384125225,0.036,0
2026-09-28T14:42:02Z,0.544,21.7064,8.91,1.6762,0.1278,0.3384,1.0803,155.656,145.408694,7.162,73.428,288.44,381732.7710398485,0.036,0
2026-09-28T14:42:02Z,0.553,21.7056,8.91,1.7105,0.1278,0.3384,1.1709,155.641,145.392125,6.9583,72.018,273.13,381638.10588981654,0.037,0
2026-09-28T14:42:02Z,0.562,21.7047,8.91,1.7144,0.1278,0.3384,1.1709,155.619,145.370929,6.7696,70.831,270.41,381514.35737340874,0.037,0
2026-09-28T14:42:02Z,0.572,21.7038,9,1.6648,0.0852,0.4653,1.1105,155.591,145.343459,6.6006,69.82,266.44,381348.2597578744,0.038,0
2026-09-28T14:42:02Z,0.582,21.703,9,1.6724,0.0852,0.4653,1.2011,155.57,145.32242,6.4542,68.954,268.48,381223.46025313,0.038,0
2026-09-28T14:42:02Z,0.592,21.7024,9,1.8212,0.0852,0.4653,1.2615,155.563,145.314216,6.3303,68.221,285.76,381181.0123166735,0.038,0
2026-09-28T14:42:02Z,0.602,21.702,9,1.8135,0.0852,0.4653,1.186,155.558,145.308648,6.226,67.616,265.92,381152.04728284234,0.039,0
2026-09-28T14:42:02Z,0.611,21.7017,9,1.8021,0.0852,0.4653,1.1407,155.542,145.292215,6.1373,67.125,262.25,381047.585198943,0.039,0
2026-09-28T14:42:02Z,0.621,21.7013,8.91,1.7983,0.1278,0.5076,1.2011,155.518,145.268547,6.0612,66.729,271,380896.47007608385,0.039,0
2026-09-28T14:42:02Z,0.631,21.7008,8.91,1.6877,0.1278,0.5076,1.0652,155.506,145.255363,5.9968,66.409,268.07,380818.2796236641,0.039,0
2026-09-28T14:42:02Z,0.641,21.7004,8.91,1.6877,0.1278,0.5076,1.1407,155.498,145.245144,5.9437,66.151,259.81,380757.94660200755,0.04,0
2026-09-28T14:42:02Z,0.652,21.7001,8.91,1.6724,0.1278,0.5076,1.1407,155.476,145.223148,5.9006,65.956,268.65,380616.0184269074,0.041,0
2026-09-28T14:42:02Z,0.662,21.6995,8.91,1.68,0.0852,0.54990000000000006,1.1709,155.461,145.207542,5.8658,65.829,270,380523.67617456656,0.042,0
2026-09-28T14:42:02Z,0.673,21.6988,8.91,1.6724,0.0852,0.54990000000000006,1.1256,155.453,145.198169,5.8377,65.774,248.93,380475.5320266467,0.043,0
2026-09-28T14:42:02Z,0.684,21.6982,8.91,1.68,0.0852,0.54990000000000006,1.2615,155.423,145.168498,5.8152,65.793,268.36,380288.3704800993,0.044,0
2026-09-28T14:42:02Z,0.696,21.6976,8.91,1.6877,0.0852,0.54990000000000006,1.1709,155.382,145.128639,5.7981,65.885,253.68,380032.5949755154,0.045,0
2026-09-28T14:42:02Z,0.707,21.697,8.91,1.6724,0.0852,0.4653,1.1105,155.35,145.098007,5.787,66.036,258.97,379839.08047260664,0.046,0
2026-09-28T14:42:02Z,0.719,21.6964,8.91,1.6724,0.0852,0.4653,1.1709,155.323,145.072438,5.7822,66.231,246.99,379679.7237154266,0.046,0
2026-09-28T14:42:02Z,0.731,21.6959,8.91,1.6648,0.0852,0.4653,1.2011,155.302,145.053124,5.784,66.458,264.43,379560.3784832058,0.047,0
2026-09-28T14:42:02Z,0.743,21.6955,8.91,1.7067,0.0852,0.4653,1.1407,155.295,145.046932,5.7921,66.711,248.22,379527.26720115374,0.047,0
2026-09-28T14:42:02Z,0.755,21.6952,8.91,1.7067,0.0852,0.5076,1.2011,155.301,145.05221,5.8054,66.989,248.22,379569.2519200862,0.048,0
2026-09-28T14:42:02Z,0.767,21.695,8.91,1.6419,0.0852,0.5076,1.5335,155.294,145.04433,5.8226,67.293,254.39,379520.4755816427,0.049,0
2026-09-28T14:42:02Z,0.78,21.6951,8.91,1.619,0.0852,0.5076,1.4277,155.262,145.01318,5.8425,67.608,244.32,379308.58654908027,0.05,0
2026-09-28T14:42:02Z,0.793,21.6952,8.91,1.6228,0.0852,0.5076,1.3975,155.235,144.986502,5.8647,67.898,237.77,379126.8668527545,0.05,0
2026-09-28T14:42:02Z,0.806,21.6951,8.91,1.6304,0.0852,0.5076,1.3522,155.22,144.971202,5.8892,68.134,247.09,379026.0469642852,0.05,0
2026-09-28T14:42:02Z,0.818,21.6948,8.91,1.7373,0.0426,0.423,1.4579,155.204,144.955188,5.916,68.301,231.1,378924.7285732612,0.05,0
2026-09-28T14:42:02Z,0.831,21.6943,8.91,1.7525,0.0426,0.423,1.3975,155.195,144.946207,5.9437,68.392,242.78,378875.0257688725,0.05,0
2026-09-28T14:42:02Z,0.844,21.6938,8.91,1.7525,0.0426,0.423,1.4126,155.199,144.949874,5.9692,68.402,226.87,378910.4133342434,0.05,0
2026-09-28T14:42:02Z,0.857,21.6934,8.91,1.7525,0.0426,0.423,1.473,155.198,144.949142,5.9901,68.337,226.72,378914.0623447528,0.05,0
2026-09-28T14:42:02Z,0.87,21.6931,8.91,1.7525,0.0852,0.3384,1.1709,155.185,144.937809,6.0048,68.219,230.34,378844.24694880476,0.05,0
2026-09-28T14:42:02Z,0.882,21.693,8.91,1.7449,0.0852,0.3384,1.1709,155.182,144.934883,6.0128,68.083,216.09,378826.7029630575,0.051,0
2026-09-28T14:42:02Z,0.895,21.6929,8.91,1.7411,0.0852,0.3384,1.0652,155.193,144.94559,6.0136,67.968,229.4,378900.87332910375,0.052,0
2026-09-28T14:42:02Z,0.908,21.693,8.91,1.7449,0.0852,0.3384,1.2162,155.2,144.95276,6.0079,67.905,229.3,378946.9646895743,0.054,0
2026-09-28T14:42:02Z,0.921,21.6931,8.91,1.7105,0.0852,0.3384,1.4277,155.197,144.950292,5.9975,67.897,219.97,378928.2093105183,0.056,0
2026-09-28T14:42:02Z,0.936,21.6932,8.91,1.6571,0.0852,0.3384,1.4277,155.196,144.949545,5.9855,67.936,225.59,378921.03344127146,0.059,0
2026-09-28T14:42:02Z,0.951,21.6933,8.91,1.6838,0.0852,0.3384,1.3975,155.201,144.954325,5.9755,68.017,218.59,378951.0438234327,0.061,0
2026-09-28T14:42:02Z,0.968,21.6935,8.91,1.6877,0.0852,0.3384,1.3975,155.194,144.947882,5.9699,68.146,208.16,378903.39934501896,0.064,0
2026-09-28T14:42:02Z,0.985,21.6936,8.91,1.7411,0.0852,0.3384,1.1558,155.167,144.92249,5.9692,68.346,212.78,378730.44029267976,0.066,0
2026-09-28T14:42:02Z,1.002,21.6937,8.91,1.7334,0.0852,0.4653,1.1407,155.148,144.905424,5.9726,68.656,203.42,378613.51703609165,0.068,0
2026-09-28T14:42:02Z,1.02,21.6937,8.91,1.7334,0.0852,0.4653,1.2918,155.146,144.90415,5.9797,69.121,197.37,378604.943471245,0.069,0
2026-09-28T14:42:02Z,1.037,21.6937,8.91,1.722,0.0852,0.4653,1.2313,155.134,144.896297,5.9911,69.777,208.34,378552.13144653064,0.069,0
2026-09-28T14:42:02Z,1.056,21.6937,8.91,1.6686,0.0852,0.4653,1.1709,155.119,144.88578,6.0086,70.627,192.46,378481.4126722675,0.069,0
2026-09-28T14:42:02Z,1.074,21.6938,8.91,1.6838,0.0852,0.5076,1.322,155.115,144.883814,6.0359,71.607,187.14,378466.04612350627,0.067,0
2026-09-28T14:42:02Z,1.091,21.6942,8.91,1.6762,0.0852,0.5076,1.2162,155.13,144.897885,6.0767,72.603,192,378552.0763101782,0.065,0
2026-09-28T14:42:02Z,1.107,21.6951,8.91,1.6953,0.0852,0.5076,1.2162,155.161,144.925738,6.1343,73.503,185.4,378720.08750438434,0.062,0
2026-09-28T14:42:02Z,1.122,21.6962,8.91,1.7449,0.0852,0.5076,1.1407,155.184,144.944759,6.2089,74.211,186.53,378824.4373194809,0.059,0
2026-09-28T14:42:02Z,1.137,21.6969,8.91,1.7449,0.1278,0.423,1.2011,155.193,144.950006,6.2949,74.641,185.03,378844.7181635738,0.056,0
2026-09-28T14:42:02Z,1.15,21.6969,8.91,1.7258,0.1278,0.423,1.1407,155.198,144.952891,6.3825,74.751,176.36,378864.11997073004,0.053,0
2026-09-28T14:42:02Z,1.163,21.6964,8.91,1.7525,0.1278,0.423,1.0954,155.202,144.954184,6.4617000000000004,74.561,184.43,378883.5344367975,0.051,0
2026-09-28T14:42:02Z,1.176,21.6956,8.91,1.68,0.1278,0.423,1.1709,155.2,144.950224,6.524,74.135,180.74,378874.04487376544,0.049,0
2026-09-28T14:42:02Z,1.188,21.6948,8.91,1.6877,0.0852,0.4653,1.0954,155.192,144.939955,6.5619,73.549,176.24,378822.1146116635,0.048,0
2026-09-28T14:42:02Z,1.2,21.694,8.91,1.7144,0.0852,0.4653,1.2464,155.177,144.924644,6.5717,72.87,177.47,378736.2737292441,0.047,0
2026-09-28T14:42:02Z,1.212,21.6932,8.91,1.6762,0.0852,0.4653,1.0954,155.171,144.916229,6.5551,72.158,174.87,378696.8196889693,0.046,0
2026-09-28T14:42:02Z,1.224,21.6925,8.91,1.661,0.0852,0.4653,1.1709,155.178,144.920478,6.5177,71.483,175.52,378740.3985161241,0.044,0
2026-09-28T14:42:02Z,1.235,21.6919,8.91,1.6381,0.0852,0.4653,1.0954,155.182,144.922501,6.4662,70.912,175.36,378766.86425600655,0.043,0
2026-09-28T14:42:02Z,1.246,21.6912,8.91,1.6266,0.0852,0.3807,1.1105,155.171,144.910823,6.4066,70.473,170.7,378703.316220993,0.042,0
2026-09-28T14:42:02Z,1.256,21.6905,8.91,1.6495,0.0852,0.3807,1.1709,155.155,144.894344,6.3441,70.169,174.26,378607.4852244973,0.041,0
2026-09-28T14:42:02Z,1.266,21.6899,8.91,1.6075,0.0852,0.3807,1.1105,155.146,144.884692,6.2849,69.995,169.34,378555.4305228616,0.039,0
2026-09-28T14:42:02Z,1.276,21.6893,8.91,1.6304,0.0852,0.3807,1.1558,155.133,144.871283,6.2347,69.929,168.27,378478.11682469357,0.038,0
2026-09-28T14:42:02Z,1.286,21.6889,9,1.6075,0.0852,0.3807,1.1256,155.12,144.858551,6.1962,69.924,170.52,378401.0788487818,0.037,0
2026-09-28T14:42:02Z,1.295,21.6884,9,1.5999,0.0852,0.3807,1.1407,155.126,144.863129,6.1695,69.925,166.78,378442.5646366812,0.037,0
2026-09-28T14:42:02Z,1.304,21.688,9,1.6381,0.0852,0.3807,1.1709,155.134,144.870215,6.1543,69.899,168.05,378498.7759227153,0.037,0
2026-09-28T14:42:02Z,1.313,21.6877,9,1.7258,0.0852,0.3807,1.1709,155.135,144.869682,6.1485,69.836,169.37,378501.6158137988,0.037,0
2026-09-28T14:42:02Z,1.323,21.6873,8.91,1.7334,0.0852,0.3807,1.1407,155.131,144.865394,6.1481,69.747,166.09,378481.34850146354,0.037,0
2026-09-28T14:42:02Z,1.332,21.687,8.91,1.7296,0.0852,0.3807,1.1558,155.121,144.856208,6.1482,69.661,163.87,378426.0057503074,0.037,0
2026-09-28T14:42:02Z,1.342,21.6867,8.91,1.7373,0.0852,0.3807,1.1256,155.113,144.847684,6.146,69.614,166.74,378375.1182439275,0.038,0
2026-09-28T14:42:02Z,1.352,21.6864,8.91,1.7334,0.0852,0.3807,1.0349,155.107,144.841556,6.1405,69.63,162.95,378340.3413818335,0.038,0
2026-09-28T14:42:02Z,1.361,21.6863,8.91,1.7449,0.0852,0.3807,1.0954,155.102,144.836188,6.1327,69.715,161.82,378306.39261587744,0.038,0
2026-09-28T14:42:02Z,1.371,21.6861,8.91,1.7334,0.0852,0.5076,1.1709,155.1,144.834154,6.1251,69.855,163.94,378296.9982693323,0.038,0
2026-09-28T14:42:02Z,1.381,21.6859,8.91,1.7334,0.0852,0.5076,1.1407,155.092,144.826902,6.121,70.015,161.99,378252.52855817426,0.038,0
2026-09-28T14:42:02Z,1.391,21.6857,8.91,1.6571,0.0852,0.5076,1.3824,155.077,144.812497,6.1225,70.154,161.01,378159.98471249914,0.038,0
2026-09-28T14:42:02Z,1.401,21.6856,8.91,1.6877,0.0852,0.5076,1.4579,155.058,144.795109,6.13,70.237,155.64,378045.2690547526,0.038,0
2026-09-28T14:42:02Z,1.41,21.6855,8.91,1.68,0.1278,0.5076,1.3673,155.053,144.790128,6.1423,70.243,160.35,378013.935199576,0.037,0
2026-09-28T14:42:02Z,1.42,21.6854,8.91,1.6877,0.1278,0.5076,1.4881,155.068,144.804238,6.1564,70.165,155.27,378110.8894784559,0.037,0
2026-09-28T14:42:02Z,1.429,21.6854,8.91,1.6953,0.1278,0.5076,1.1709,155.074,144.809157,6.1686,70.004,153.06,378143.94471885014,0.035,0
2026-09-28T14:42:02Z,1.438,21.6853,8.91,1.6724,0.1278,0.5076,1.1105,155.058,144.79418,6.1759,69.766,155.58,378045.43227922963,0.034,0
2026-09-28T14:42:02Z,1.447,21.6853,8.91,1.7029,0.0852,0.5076,1.1105,155.039,144.77534,6.1764,69.463,152.96,377918.84215059207,0.033,0
2026-09-28T14:42:02Z,1.455,21.6852,8.91,1.6877,0.0852,0.5076,1.2162,155.023,144.759631,6.1696,69.112,153.99,377815.4481520579,0.032,0
2026-09-28T14:42:02Z,1.462,21.6851,8.91,1.7258,0.0852,0.5076,1.0803,154.996,144.734852,6.1555,68.721,152.46,377651.1589838636,0.031,0
2026-09-28T14:42:02Z,1.47,21.685,8.91,1.7334,0.0852,0.5076,1.0954,154.97,144.710416,6.1345,68.298,151.57,377489.2151567189,0.031,0
2026-09-28T14:42:02Z,1.478,21.6848,8.91,1.7601,0.0852,0.4653,1.2011,154.967,144.707847,6.1079,67.846,151.84,377476.23822558566,0.03,0
2026-09-28T14:42:02Z,1.486,21.6847,8.91,1.7487,0.0852,0.4653,1.1105,154.974,144.714443,6.077,67.371,151.31,377522.65719684254,0.03,0
2026-09-28T14:42:02Z,1.493,21.6847,8.91,1.6228,0.0852,0.4653,1.186,154.98,144.719946,6.0427,66.899,148.57,377559.6031882635,0.03,0
2026-09-28T14:42:02Z,1.501,21.6847,8.91,1.5999,0.0852,0.4653,1.0954,154.986,144.725825,6.0054,66.46,150.29,377599.0765898948,0.029,0
2026-09-28T14:42:02Z,1.508,21.6847,8.91,1.6304,0.0852,0.4653,1.1558,154.994,144.733645,5.9657,66.068,146.93,377651.58723885217,0.029,0
2026-09-28T14:42:02Z,1.516,21.6848,9,1.6075,0.0426,0.5076,1.0803,155.003,144.741488,5.9239,65.719,145.88,377702.1187969279,0.028,0
2026-09-28T14:42:02Z,1.523,21.6847,9,1.7449,0.0426,0.5076,1.1407,154.996,144.735423,5.8824,65.394,148.12,377663.522291199,0.028,0
2026-09-28T14:42:02Z,1.529,21.6847,9,1.7411,0.0426,0.5076,1.1407,154.981,144.721843,5.8438,65.074,143.03,377572.3275716548,0.027,0
2026-09-28T14:42:02Z,1.536,21.6847,9,1.7258,0.0426,0.5076,1.1407,154.972,144.713149,5.8094,64.738,145.19,377513.9502592165,0.027,0
2026-09-28T14:42:02Z,1.543,21.6848,8.91,1.7449,0.1278,0.4653,1.1407,154.97,144.711028,5.7786,64.369,146.46,377497.57080614707,0.026,0
2026-09-28T14:42:02Z,1.55,21.6848,8.91,1.6991,0.1278,0.4653,1.2011,154.974,144.714914,5.7501,63.957,141.88,377523.6587407782,0.026,0
2026-09-28T14:42:02Z,1.556,21.6849,8.91,1.6724,0.1278,0.4653,1.2011,154.985,144.725843,5.722,63.506,143.87,377594.90220914467,0.025,0
2026-09-28T14:42:02Z,1.562,21.6849,8.91,1.68,0.1278,0.4653,1.1709,155.011,144.750736,5.6924,63.032,142.16,377762.0760375489,0.025,0
2026-09-28T14:42:02Z,1.569,21.6849,8.91,1.7067,0.0852,0.423,1.1709,155.034,144.772197,5.6599,62.558,140.56,377906.237893821,0.025,0
2026-09-28T14:42:02Z,1.575,21.685,8.91,1.7449,0.0852,0.423,1.0954,155.025,144.763907,5.6237,62.108,143.71,377848.4051529792,0.025,0
2026-09-28T14:42:02Z,1.581,21.685,8.91,1.722,0.0852,0.423,1.1558,154.99,144.731664,5.5841,61.7,139.04,377631.8441570931,0.025,0
2026-09-28T14:42:02Z,1.587,21.6851,8.91,1.7563,0.0852,0.423,1.2011,154.959,144.702921,5.5424,61.341,137.63,377436.71781523473,0.025,0
2026-09-28T14:42:02Z,1.593,21.6851,8.91,1.7449,0.0852,0.423,1.0954,154.945,144.690039,5.5007,61.028,139.04,377350.24284806824,0.025,0
2026-09-28T14:42:02Z,1.6,21.6852,8.91,1.6838,0.0852,0.5076,1.186,154.944,144.689584,5.4611,60.765,136.74,377345.05055553804,0.025,0
2026-09-28T14:42:02Z,1.606,21.6853,8.91,1.6724,0.0852,0.5076,1.2615,154.952,144.697429,5.4253,60.551,135.76,377395.57097215287,0.026,0
2026-09-28T14:42:02Z,1.613,21.6854,8.91,1.6724,0.0852,0.5076,1.1407,154.954,144.699644,5.3937,60.376,134.73,377408.3007367948,0.026,0
2026-09-28T14:42:02Z,1.62,21.6855,8.91,1.6762,0.0852,0.5076,1.1709,154.946,144.692814,5.3661,60.228,134.97,377360.31574081443,0.026,0
2026-09-28T14:42:02Z,1.627,21.6857,8.91,1.7945,0.0426,0.4653,1.1558,154.948,144.695146,5.343,60.099,131.06,377371.69403411157,0.027,0
2026-09-28T14:42:02Z,1.633,21.6859,8.91,1.8212,0.0426,0.4653,1.2011,154.961,144.70726,5.3241,59.987,133.59,377448.7374236728,0.027,0
2026-09-28T14:42:02Z,1.64,21.6861,8.91,1.8288,0.0426,0.4653,1.186,154.966,144.71236,5.3087,59.892,130.55,377478.699397642,0.027,0
2026-09-28T14:42:02Z,1.647,21.6862,8.91,1.8021,0.0426,0.4653,1.0954,154.971,144.715812,5.2957,59.822,128.13,377499.73520176794,0.026,0
2026-09-28T14:42:02Z,1.654,21.6863,8.91,1.7525,0.0852,0.4653,1.2011,154.987,144.730552,5.2843,59.777,129.9,377596.56293025834,0.026,0
2026-09-28T14:42:02Z,1.66,21.6864,8.91,1.722,0.0852,0.4653,1.1407,154.993,144.736478,5.2745,59.751,128.58,377634.2153151983,0.025,0
2026-09-28T14:42:02Z,1.666,21.6863,8.91,1.7296,0.0852,0.4653,1.2313,154.97,144.715143,5.2662,59.733,128.16,377493.09981021273,0.025,0
2026-09-28T14:42:02Z,1.673,21.6862,8.91,1.7067,0.0852,0.4653,1.1558,154.951,144.696907,5.26,59.717,124.78,377372.81692109193,0.026,0
2026-09-28T14:42:02Z,1.679,21.686,8.91,1.6648,0.0852,0.4653,1.0803,154.946,144.692928,5.2561,59.693,126.42,377350.37895508483,0.027,0
2026-09-28T14:42:02Z,1.686,21.686,8.91,1.6724,0.0852,0.5076,1.0954,154.922,144.67010200000001,5.2538,59.654,126.45,377197.1855142244,0.028,0
2026-09-28T14:42:02Z,1.693,21.686,8.91,1.68,0.0852,0.5076,1.2162,154.88,144.630354,5.2522,59.593,124.27,376930.5151340117,0.029,0
2026-09-28T14:42:02Z,1.701,21.686,8.91,1.6915,0.0852,0.5076,1.2615,154.856,144.607142,5.2508,59.506,123.86,376774.8373945012,0.03,0
2026-09-28T14:42:02Z,1.709,21.686,8.91,1.7487,0.0852,0.5076,1.3673,154.864,144.614306,5.2487,59.398,122.05,376822.87672703894,0.031,0
2026-09-28T14:42:02Z,1.717,21.686,9,1.7563,0.1278,0.423,1.5032,154.881,144.629721,5.2453,59.278,121.94,376926.26060826285,0.032,0
2026-09-28T14:42:02Z,1.725,21.6859,9,1.7373,0.1278,0.423,1.4579,154.881,144.629462,5.2399,59.161,122.39,376926.6535392601,0.032,0
2026-09-28T14:42:02Z,1.733,21.6858,9,1.7411,0.1278,0.423,1.4579,154.876,144.625476,5.2323,59.05,119.94,376902.0484917494,0.032,0
2026-09-28T14:42:02Z,1.742,21.6856,9,1.7373,0.1278,0.423,1.2011,154.884,144.63272,5.2228,58.946,119.11,376954.90201319044,0.032,0
2026-09-28T14:42:02Z,1.75,21.6855,9,1.7296,0.0852,0.2961,1.1105,154.898,144.645116,5.2122,58.856,119.5,377040.1891425594,0.031,0
2026-09-28T14:42:02Z,1.758,21.6854,9,1.764,0.0852,0.2961,1.1558,154.899,144.645941,5.202,58.778,120.31,377047.85515364964,0.031,0
2026-09-28T14:42:02Z,1.766,21.6854,9,1.7678,0.0852,0.2961,1.2011,154.883,144.631412,5.1922,58.71,120.18,376950.3869499837,0.03,0
2026-09-28T14:42:02Z,1.773,21.6854,9,1.7449,0.0852,0.2961,1.4277,154.878,144.625691,5.1831,58.658,118.91,376912.0097047899,0.03,0
2026-09-28T14:42:02Z,1.78,21.6853,8.91,1.7334,0.0852,0.4653,1.3371,154.888,144.635264,5.1751,58.637,118.8,376978.35420911235,0.03,0
2026-09-28T14:42:02Z,1.787,21.6853,8.91,1.7449,0.0852,0.4653,1.3522,154.888,144.634645,5.1683,58.655,118.47,376974.19924353313,0.03,0
2026-09-28T14:42:02Z,1.795,21.6852,8.91,1.7296,0.0852,0.4653,1.3975,154.877,144.623669,5.1624,58.704,119.94,376902.7064434777,0.031,0
2026-09-28T14:42:02Z,1.803,21.6851,8.91,1.783,0.0852,0.4653,1.473,154.877,144.623441,5.1578,58.767,118.42,376903.3076086253,0.032,0
2026-09-28T14:42:02Z,1.811,21.685,8.91,1.8021,0.0852,0.4653,1.4277,154.88,144.625891,5.156,58.827,115.97,376921.87137625425,0.033,0
2026-09-28T14:42:02Z,1.82,21.6849,9,1.8059,0.0852,0.5076,1.3673,154.873,144.619655,5.1575,58.867,116.96,376882.1743548754,0.034,0
2026-09-28T14:42:02Z,1.829,21.6848,9,1.7983,0.0852,0.5076,1.322,154.869,144.615087,5.1618,58.877,116.35,376853.66701889323,0.034,0
2026-09-28T14:42:02Z,1.838,21.6847,9,1.8135,0.0852,0.5076,1.3824,154.873,144.618979,5.1674,58.853,114.47,376881.9005973137,0.034,0
2026-09-28T14:42:02Z,1.847,21.6846,9,1.8212,0.0852,0.5076,1.4277,154.883,144.628364,5.1727,58.797,113.7,376946.98098030675,0.034,0
2026-09-28T14:42:02Z,1.855,21.6845,9,1.7945,0.0852,0.4653,1.322,154.889,144.633727,5.1762,58.722,113.48,376985.08740908874,0.033,0
2026-09-28T14:42:02Z,1.864,21.6844,9,1.7907,0.0852,0.4653,1.4579,154.893,144.6365,5.1771,58.651,113.28,377005.82054519345,0.033,0
2026-09-28T14:42:02Z,1.872,21.6843,9,1.8097,0.0852,0.4653,1.3522,154.907,144.649437,5.175,58.607,112.11,377094.74694377807,0.032,0
2026-09-28T14:42:02Z,1.88,21.6842,9,1.7907,0.0852,0.4653,1.3371,154.923,144.663972,5.1701,58.599,111.47,377194.4100711978,0.032,0
2026-09-28T14:42:02Z,1.888,21.6841,9,1.8212,0.0852,0.423,1.5032,154.927,144.667959,5.1635,58.628,111.77,377223.29866721353,0.032,0
2026-09-28T14:42:02Z,1.896,21.6841,9,1.7945,0.0852,0.423,1.4277,154.913,144.654451,5.1573,58.692,110.77,377132.65042411763,0.032,0
2026-09-28T14:42:02Z,1.904,21.684,9,1.7449,0.0852,0.423,1.186,154.876,144.619844,5.1534,58.789,109.53,376902.61187956214,0.031,0
2026-09-28T14:42:02Z,1.912,21.6839,9,1.764,0.0852,0.423,1.2464,154.844,144.590961,5.1527,58.909,109.46,376711.0387769118,0.031,0
2026-09-28T14:42:02Z,1.92,21.6839,9,1.7373,0.0852,0.423,1.1407,154.845,144.592142,5.1552,59.041,108.79,376718.9549300617,0.031,0
2026-09-28T14:42:02Z,1.928,21.6839,9,1.7373,0.0852,0.54990000000000006,1.1709,154.866,144.611686,5.1609,59.174,108.65,376850.0186013245,0.031,0
2026-09-28T14:42:02Z,1.936,21.6839,9,1.7525,0.0852,0.54990000000000006,1.1256,154.881,144.626766,5.1694,59.293,107.27,376951.1646660664,0.03,0
2026-09-28T14:42:02Z,1.944,21.6839,9,1.7296,0.0852,0.54990000000000006,1.2011,154.892,144.637399,5.1799,59.38,106.99,377022.4928277162,0.029,0
2026-09-28T14:42:02Z,1.951,21.684,9,1.7296,0.0852,0.54990000000000006,1.1407,154.901,144.64642,5.1915,59.425,107.04,377080.87893623207,0.029,0
2026-09-28T14:42:02Z,1.958,21.6841,9,1.7411,0.1278,0.423,1.2011,154.899,144.644219,5.2032,59.429,106.57,377063.97456469707,0.028,0
2026-09-28T14:42:02Z,1.965,21.6843,9,1.764,0.1278,0.423,1.1105,154.888,144.634213,5.2137,59.408,106.97,376992.5748377582,0.028,0
2026-09-28T14:42:02Z,1.972,21.6845,9,1.7487,0.1278,0.423,1.1407,154.887,144.633761,5.2213,59.376,106.04,376985.27205726376,0.029,0
2026-09-28T14:42:02Z,1.98,21.6846,9,1.7296,0.1278,0.423,1.1709,154.91,144.65476,5.2252,59.343,105.74,377124.0189690492,0.03,0
2026-09-28T14:42:02Z,1.987,21.6847,9,1.7334,0.1278,0.423,1.1709,154.931,144.67477,5.2256,59.322,106.43,377256.15861593094,0.031,0
2026-09-28T14:42:02Z,1.995,21.6848,9,1.7525,0.1278,0.423,1.0954,154.923,144.667085,5.2238,59.323,105.26,377202.44703167834,0.033,0
2026-09-28T14:42:02Z,2.004,21.6848,9,1.7525,0.1278,0.423,1.1709,154.905,144.649681,5.2209,59.352,104.17,377085.6626013314,0.034,0
2026-09-28T14:42:02Z,2.013,21.6848,9,1.7373,0.1278,0.423,1.2313,154.897,144.641952,5.218,59.411,104.28,377033.8046103008,0.036,0
2026-09-28T14:42:02Z,2.022,21.6848,9,1.7411,0.1278,0.3384,1.1407,154.889,144.633824,5.2162,59.492,103.36,376979.2743903702,0.037,0
2026-09-28T14:42:02Z,2.032,21.6847,9,1.722,0.1278,0.3384,1.4126,154.877,144.62313,5.2163,59.579,102.91,376909.67058418615,0.039,0
2026-09-28T14:42:02Z,2.042,21.6846,9,1.7258,0.1278,0.3384,1.4277,154.869,144.615029,5.2188,59.656,101.95,376857.46513073565,0.039,0
2026-09-28T14:42:02Z,2.052,21.6845,9,1.7487,0.1278,0.3384,1.5032,154.861,144.607361,5.224,59.704,101.62,376808.16772713227,0.04,0
2026-09-28T14:42:02Z,2.063,21.6844,9,1.7563,0.1278,0.3384,1.4277,154.86,144.606092,5.2312,59.71,100.94,376801.78648437216,0.04,0
2026-09-28T14:42:02Z,2.073,21.6843,9,1.7373,0.0852,0.3807,1.1709,154.866,144.610884,5.2388,59.681,99.283,376836.05347581516,0.04,0
2026-09-28T14:42:02Z,2.083,21.6843,9,1.7296,0.0852,0.3807,1.05,154.871,144.615003,5.2456,59.633,98.938,376863.675370784,0.04,0
2026-09-28T14:42:02Z,2.093,21.6843,9,1.7563,0.0852,0.3807,1.0954,154.89,144.631565,5.2498,59.587,99.305,376974.7639353771,0.039,0
2026-09-28T14:42:02Z,2.103,21.6841,9,1.7334,0.0852,0.3807,1.2011,154.931,144.66899,5.2503,59.568,99.003,377230.13799681136,0.039,0
2026-09-28T14:42:02Z,2.113,21.6839,9,1.7983,0.1278,0.5076,1.1407,154.971,144.705216,5.2478,59.59,97.784,377477.570115565,0.039,0
2026-09-28T14:42:02Z,2.123,21.6836,9,1.8212,0.1278,0.5076,1.1407,154.977,144.709847,5.2436,59.658,96.664,377515.06948930066,0.038,0
2026-09-28T14:42:02Z,2.133,21.6832,9,1.8135,0.1278,0.5076,1.1105,154.941,144.676109,5.2396,59.772,96.392,377297.12612604554,0.038,0
2026-09-28T14:42:02Z,2.142,21.6829,9,1.7945,0.1278,0.5076,1.1709,154.904,144.641066,5.238,59.913,96.58,377068.3649008787,0.038,0
2026-09-28T14:42:02Z,2.152,21.6826,9,1.7945,0.0852,0.5076,1.0954,154.9,144.63743,5.24,60.056,95.661,377050.36942384474,0.038,0
2026-09-28T14:42:02Z,2.161,21.6824,9,1.7945,0.0852,0.5076,1.186,154.906,144.642204,5.246,60.186,94.197,377086.66631831444,0.037,0
2026-09-28T14:42:02Z,2.171,21.6822,9,1.8097,0.0852,0.5076,1.1558,154.898,144.634629,5.256,60.301,93.585,377040.1069555403,0.037,0
2026-09-28T14:42:02Z,2.18,21.6821,9,1.825,0.0852,0.5076,1.186,154.892,144.628708,5.2684,60.414,93.078,377002.5133698434,0.037,0
2026-09-28T14:42:02Z,2.19,21.6821,9,1.8021,0.0852,0.5076,1.0954,154.898,144.634878,5.281,60.56,92.795,377043.9051228952,0.037,0
2026-09-28T14:42:02Z,2.199,21.682,9,1.7411,0.0852,0.3807,1.0803,154.901,144.638762,5.2924,60.781,91.673,377072.095814758,0.036,0
2026-09-28T14:42:02Z,2.208,21.6819,9,1.7373,0.0852,0.3807,1.2464,154.893,144.633385,5.3026,61.089,90.84,377038.1500265205,0.035,0
2026-09-28T14:42:02Z,2.217,21.6818,9,1.7334,0.0852,0.3807,1.1407,154.889,144.633335,5.3125,61.483,90.289,377039.9455062208,0.034,0
2026-09-28T14:42:02Z,2.225,21.6818,9,1.7373,0.0852,0.3807,1.1558,154.883,144.630588,5.3253,61.99,90.191,377021.512236508,0.033,0
2026-09-28T14:42:02Z,2.233,21.6821,9,1.8288,0.1278,0.423,1.1558,154.862,144.612395,5.3447,62.642,90.073,376893.06154250674,0.032,0
2026-09-28T14:42:02Z,2.241,21.6829,9,1.8059,0.1278,0.423,1.0652,154.845,144.597938,5.3717,63.466,89.41,376779.029979637,0.032,0
2026-09-28T14:42:02Z,2.249,21.684,9,1.8097,0.1278,0.423,1.2162,154.85,144.603388,5.4063,64.484,89.081,376792.1154118733,0.032,0
2026-09-28T14:42:02Z,2.257,21.6849,9,1.7945,0.1278,0.423,1.186,154.865,144.618183,5.4508,65.713,88.694,376872.1398884426,0.032,0
2026-09-28T14:42:02Z,2.265,21.6856,9,1.8021,0.0852,0.3807,1.186,154.874,144.626241,5.5081,67.132,88.752,376911.2497469654,0.033,0
2026-09-28T14:42:02Z,2.273,21.686,9,1.8021,0.0852,0.3807,1.1407,154.874,144.625704,5.5804,68.67,87.888,376899.11112470075,0.034,0
2026-09-28T14:42:02Z,2.282,21.6863,9,1.7945,0.0852,0.3807,1.1558,154.874,144.624442,5.6699,70.234,87.223,376884.2433247289,0.035,0
2026-09-28T14:42:02Z,2.292,21.6863,9,1.8021,0.0852,0.3807,1.2313,154.868,144.61811,5.778,71.731,86.299,376841.7728993403,0.036,0
2026-09-28T14:42:02Z,2.301,21.6862,9,1.7487,0.0852,0.423,1.1558,154.854,144.605022,5.9027,73.075,85.757,376756.1332626422,0.036,0
2026-09-28T14:42:02Z,2.311,21.686,9,1.7258,0.0852,0.423,1.2011,154.847,144.597709,6.038,74.188,85.218,376711.35852292704,0.036,0
2026-09-28T14:42:02Z,2.32,21.6859,9,1.7525,0.0852,0.423,1.2011,154.844,144.59422,6.1756,75.01,84.922,376690.0935934484,0.036,0
2026-09-28T14:42:02Z,2.329,21.6857,9,1.7373,0.0852,0.423,1.2162,154.844,144.593625,6.3073,75.515,84.627,376690.36521979445,0.036,0
2026-09-28T14:42:02Z,2.338,21.6855,9,1.7525,0.0852,0.423,1.1105,154.86,144.607782,6.4254,75.725,84.315,376789.5566033376,0.036,0
2026-09-28T14:42:02Z,2.347,21.6852,9,1.7411,0.0852,0.4653,1.1105,154.891,144.636459,6.5233,75.706,84.114,376988.29442294483,0.036,0
2026-09-28T14:42:02Z,2.356,21.685,9,1.7373,0.0852,0.4653,1.1407,154.921,144.663273,6.5956,75.528,83.932,377172.4624347041,0.036,0
2026-09-28T14:42:02Z,2.365,21.6849,9,1.7487,0.0852,0.4653,1.1407,154.936,144.675345,6.64,75.268,83.296,377255.60643085034,0.036,0
2026-09-28T14:42:02Z,2.374,21.6847,9,1.7373,0.0852,0.4653,1.1558,154.933,144.67189,6.6585,75.012,82.539,377236.6869536304,0.036,0
2026-09-28T14:42:02Z,2.384,21.6845,9,1.7296,0.0852,0.4653,1.1407,154.925,144.664001,6.6569,74.819,81.789,377188.012659691,0.037,0
2026-09-28T14:42:02Z,2.393,21.6841,9,1.7296,0.0852,0.4653,1.2011,154.925,144.665598,6.6412,74.72,82.199,377207.26684975444,0.037,0
2026-09-28T14:42:02Z,2.402,21.6836,9,1.7449,0.0852,0.4653,1.1105,154.927,144.669095,6.6185,74.739,81.611,377241.40855723864,0.036,0
2026-09-28T14:42:02Z,2.412,21.6832,9,1.6724,0.0852,0.4653,1.1558,154.928,144.671419,6.596,74.907,81.134,377265.5445172132,0.036,0
2026-09-28T14:42:02Z,2.421,21.6832,9,1.7105,0.0852,0.4653,1.1407,154.927,144.673191,6.579,75.253,80.362,377277.43413350504,0.036,0
2026-09-28T14:42:02Z,2.43,21.6836,9,1.6762,0.0852,0.4653,1.1407,154.913,144.662865,6.5703,75.771,79.736,377199.58869466576,0.035,0
2026-09-28T14:42:02Z,2.439,21.6842,9,1.6648,0.0852,0.4653,1.1256,154.893,144.645701,6.5719,76.407,79.597,377071.60499158036,0.034,0
2026-09-28T14:42:02Z,2.448,21.6849,9,1.764,0.0852,0.4653,1.1407,154.885,144.641153,6.5866,77.087,79.304,377026.1488324717,0.033,0
2026-09-28T14:42:02Z,2.456,21.6856,9,1.7601,0.0852,0.4653,1.2313,154.903,144.660026,6.6169,77.772,78.669,377137.82852981845,0.033,0
2026-09-28T14:42:02Z,2.464,21.6863,9,1.6953,0.0852,0.4653,1.2011,154.93,144.687325,6.6624,78.426,78.328,377306.0737922801,0.032,0
2026-09-28T14:42:02Z,2.472,21.687,9,1.7792,0.0852,0.4653,1.1709,154.948,144.706297,6.7181,78.972,78.396,377418.46107795404,0.031,0
2026-09-28T14:42:02Z,2.48,21.6877,9,1.825,0.0852,0.4653,1.2162,154.959,144.717995,6.7778,79.322,78.107,377482.03075191396,0.031,0
2026-09-28T14:42:02Z,2.488,21.6885,9,1.7945,0.0852,0.4653,1.0954,154.961,144.721533,6.838,79.432,78.022,377488.6861394895,0.031,0
2026-09-28T14:42:02Z,2.495,21.6892,9,1.8555,0.0852,0.5076,1.1407,154.952,144.713851,6.8954,79.31,77.582,377422.16015039466,0.03,0
2026-09-28T14:42:02Z,2.503,21.6898,9,1.8021,0.0852,0.5076,1.1407,154.938,144.700909,6.9434,78.986,76.777,377322.4772757377,0.03,0
2026-09-28T14:42:02Z,2.511,21.6904,9,1.7296,0.0852,0.5076,1.0954,154.935,144.699285,6.974,78.5,76.527,377298.76226605964,0.03,0
2026-09-28T14:42:02Z,2.519,21.6908,9,1.7449,0.0852,0.5076,1.1105,154.948,144.712551,6.9837,77.893,77.061,377379.2478382582,0.03,0
2026-09-28T14:42:02Z,2.526,21.6911,9,1.7296,0.0852,0.3807,1.2918,154.951,144.716205,6.9729,77.23,76.444,377397.361469119,0.03,0
2026-09-28T14:42:02Z,2.534,21.6912,9,1.7411,0.0852,0.3807,1.2313,154.933,144.699205,6.9444,76.593,75.487,377281.1329779876,0.03,0
2026-09-28T14:42:02Z,2.542,21.6915,9,1.7449,0.0852,0.3807,1.1256,154.926,144.693069,6.9016,76.05,75.143,377233.54998935305,0.03,0
2026-09-28T14:42:02Z,2.549,21.6918,9,1.7258,0.0852,0.3807,1.1709,154.943,144.708175,6.8482,75.618,75.029,377328.50962616596,0.029,0
2026-09-28T14:42:02Z,2.557,21.6921,9,1.7449,0.0852,0.4653,1.2313,154.953,144.716509,6.7898,75.268,74.704,377378.0308871516,0.029,0
2026-09-28T14:42:02Z,2.564,21.6922,9,1.7411,0.0852,0.4653,1.0652,154.941,144.704271,6.7338,74.955,74.025,377293.76299852505,0.029,0
2026-09-28T14:42:02Z,2.571,21.6922,9,1.7296,0.0852,0.4653,1.1558,154.92,144.68422,6.6861,74.651,73.704,377159.2221348397,0.028,0
2026-09-28T14:42:02Z,2.579,21.692,9,1.7373,0.0852,0.4653,1.1256,154.92,144.683052,6.6482,74.354,73.592,377155.653020609,0.028,0
2026-09-28T14:42:02Z,2.586,21.6918,9,1.7449,0.0852,0.4653,1.2011,154.936,144.696449,6.6174,74.07,73.241,377249.8085908569,0.028,0
2026-09-28T14:42:02Z,2.593,21.6915,9,1.7601,0.0852,0.423,1.2011,154.942,144.699947,6.5899,73.801,72.749,377279.6840805558,0.028,0
2026-09-28T14:42:02Z,2.6,21.6912,9,1.6648,0.0852,0.423,1.1709,154.943,144.698483,6.5632,73.544,72.245,377276.2634253643,0.027,0
2026-09-28T14:42:02Z,2.607,21.6907,9,1.68,0.0852,0.423,1.0652,154.942,144.695672,6.5372,73.287,71.838,377268.07441790664,0.027,0
2026-09-28T14:42:02Z,2.614,21.6901,9,1.7144,0.0852,0.423,1.2011,154.93,144.682754,6.5123,73.022,71.433,377194.20131992985,0.026,0
2026-09-28T14:42:02Z,2.621,21.6895,9,1.6648,0.0852,0.4653,1.2011,154.916,144.6683,6.4888,72.737,71.495,377110.0303975763,0.025,0
2026-09-28T14:42:02Z,2.627,21.6889,9,1.6724,0.0852,0.4653,1.0652,154.904,144.656467,6.4662,72.412,71.278,377043.45086870354,0.024,0
2026-09-28T14:42:02Z,2.633,21.6883,9,1.7144,0.0852,0.4653,1.2011,154.894,144.648104,6.4437,72.036,70.908,377000.1527500869,0.024,0
2026-09-28T14:42:02Z,2.638,21.6877,9,1.6915,0.0852,0.4653,1.1407,154.899,144.652997,6.4205,71.624,70.846,377045.77843652444,0.024,0
2026-09-28T14:42:02Z,2.644,21.6874,8.91,1.68,0.0852,0.423,1.1709,154.915,144.668447,6.3955,71.211,70.004,377155.8357362101,0.023,0
2026-09-28T14:42:02Z,2.651,21.6873,8.91,1.7334,0.0852,0.423,1.1407,154.929,144.682551,6.367,70.827,69.383,377252.6104081011,0.023,0
2026-09-28T14:42:02Z,2.657,21.6874,8.91,1.7525,0.0852,0.423,1.2011,154.937,144.691059,6.3338,70.493,69.112,377307.57072006975,0.023,0
2026-09-28T14:42:02Z,2.663,21.6876,8.91,1.7411,0.0852,0.423,1.0652,154.942,144.696241,6.2976,70.229,68.485,377338.07617185474,0.022,0
2026-09-28T14:42:02Z,2.668,21.6878,8.91,1.7678,0.0852,0.423,1.2011,154.931,144.687462,6.2612,70.052,68.158,377274.88369476405,0.021,0
2026-09-28T14:42:02Z,2.673,21.688,9,1.7373,0.0852,0.423,1.1709,154.906,144.666385,6.2274,69.974,67.774,377129.181258177,0.019,0
2026-09-28T14:42:02Z,2.678,21.6883,9,1.7525,0.0852,0.423,1.0803,154.893,144.65543,6.1981,70.007,67.833,377049.28033889463,0.018,0
2026-09-28T14:42:02Z,2.682,21.6887,9,1.7296,0.0852,0.423,1.1407,154.892,144.65568,6.1748,70.144,67.539,377042.4189152549,0.017,0
2026-09-28T14:42:02Z,2.687,21.6891,9,1.7411,0.0852,0.423,1.3069,154.89,144.655186,6.1591,70.35,67.231,377030.56717335235,0.016,0
2026-09-28T14:42:02Z,2.691,21.6896,9,1.68,0.1278,0.4653,0.899,154.874,144.641799,6.1523,70.579,66.882,376930.1028830779,0.016,0
2026-09-28T14:42:02Z,2.695,21.69,9,1.6648,0.1278,0.4653,0.9443,154.848,144.61996,6.1551,70.807,66.635,376775.11525370245,0.016,0
2026-09-28T14:42:02Z,2.699,21.6904,9,1.6877,0.1278,0.4653,0.9745,154.841,144.61589,6.1671,71.027,66.389,376739.29455689376,0.016,0
2026-09-28T14:42:02Z,2.703,21.6909,9,1.6762,0.1278,0.4653,0.8688,154.857,144.632508,6.1851,71.258,66.216,376840.05795202055,0.017,0
2026-09-28T14:42:02Z,2.707,21.6914,9,1.722,0.0852,0.4653,0.9443,154.873,144.650213,6.2052,71.556,65.987,376948.1262597339,0.018,0
2026-09-28T14:42:02Z,2.712,21.6921,9,1.7182,0.0852,0.4653,0.9292,154.888,144.665717,6.2251,72.008,65.061,377037.1785513937,0.019,0
2026-09-28T14:42:02Z,2.718,21.6928,9,1.7525,0.0852,0.4653,0.9141,154.906,144.683153,6.2444,72.695,64.793,377139.20204339933,0.02,0
2026-09-28T14:42:02Z,2.723,21.6936,9,1.7411,0.0852,0.4653,0.8537,154.919,144.695154,6.2646,73.671,64.456,377202.6377581364,0.021,0
2026-09-28T14:42:02Z,2.728,21.6942,9,1.722,0.0852,0.423,1.0803,154.925,144.700916,6.2908,74.93,64.135,377228.4855779539,0.022,0
2026-09-28T14:42:02Z,2.734,21.6947,9,1.7487,0.0852,0.423,1.1407,154.922,144.697969,6.3305,76.369,63.981,377198.0367794021,0.023,0
2026-09-28T14:42:02Z,2.74,21.695,9,1.7563,0.0852,0.423,1.0652,154.904,144.681522,6.3908,77.821,63.263,377081.29701553436,0.023,0
2026-09-28T14:42:02Z,2.746,21.6951,9,1.7563,0.0852,0.423,1.2162,154.879,144.659206,6.4766,79.127,63.057,376929.48824112106,0.024,0
2026-09-28T14:42:02Z,2.752,21.695,9,1.7983,0.0852,0.423,1.1407,154.862,144.645097,6.5873,80.151,63.029,376837.0090387628,0.024,0
2026-09-28T14:42:02Z,2.758,21.695,9,1.825,0.0852,0.5076,1.1407,154.876,144.659465,6.7138,80.81,62.742,376933.35389363323,0.024,0
2026-09-28T14:42:02Z,2.764,21.6953,9,1.8135,0.0852,0.5076,1.0954,154.912,144.694125,6.8415,81.101,62.226,377159.42841567943,0.025,0
2026-09-28T14:42:02Z,2.771,21.6956,9,1.8021,0.0852,0.5076,1.2011,154.937,144.718266,6.9562,81.075,62.091,377314.99313394574,0.025,0
2026-09-28T14:42:02Z,2.777,21.696,9,1.6762,0.0852,0.5076,1.1256,154.94,144.722303,7.0462,80.802,61.742,377333.53847724525,0.024,0
2026-09-28T14:42:02Z,2.784,21.6964,9,1.6877,0.1278,0.3384,1.1709,154.923,144.707313,7.104,80.361,61.407,377224.41581576754,0.024,0
2026-09-28T14:42:02Z,2.79,21.6968,9,1.6991,0.1278,0.3384,1.2162,154.89,144.677309,7.1296,79.835,61.167,377014.6100719365,0.023,0
2026-09-28T14:42:02Z,2.795,21.6971,9,1.6724,0.1278,0.3384,1.1407,154.867,144.656334,7.1273,79.288,61.234,376867.5502136919,0.023,0
2026-09-28T14:42:02Z,2.801,21.6975,9,1.7945,0.1278,0.3384,1.186,154.883,144.670839,7.1031,78.76,61.22,376956.2805840594,0.023,0
2026-09-28T14:42:02Z,2.806,21.6979,9,1.825,0.0852,0.5076,1.0954,154.925,144.70867,7.0644,78.264,60.915,377201.4892796239,0.023,0
2026-09-28T14:42:02Z,2.812,21.6981,9,1.8021,0.0852,0.5076,1.1709,154.955,144.735854,7.0181,77.781,60.572,377379.61114936677,0.023,0
2026-09-28T14:42:02Z,2.818,21.698,9,1.7868,0.0852,0.5076,1.1709,154.965,144.74362,6.97,77.277,60.205,377433.86187851714,0.023,0
2026-09-28T14:42:02Z,2.824,21.6978,9,1.8708,0.0852,0.5076,1.1558,154.973,144.750058,6.9236,76.716,59.813,377481.33997163945,0.023,0
2026-09-28T14:42:02Z,2.83,21.6975,9,1.8746,0.0852,0.5076,1.1407,154.994,144.768903,6.88,76.08,59.515,377614.24443129846,0.023,0
2026-09-28T14:42:02Z,2.836,21.6971,9,1.8593,0.1278,0.3807,1.0652,155.006,144.779144,6.8376,75.381,59.283,377691.5464817145,0.022,0
2026-09-28T14:42:02Z,2.842,21.6968,9,1.8593,0.1278,0.3807,1.2011,154.997,144.769493,6.7934,74.658,59.18,377633.1612109185,0.021,0
2026-09-28T14:42:02Z,2.847,21.6965,9,1.8212,0.1278,0.3807,1.2918,154.987,144.759407,6.7441,73.957,59.141,377571.8609166942,0.021,0
2026-09-28T14:42:02Z,2.852,21.6963,9,1.8212,0.1278,0.3807,1.0652,154.975,144.748198,6.6882,73.308,58.962,377500.89152735553,0.02,0
2026-09-28T14:42:02Z,2.857,21.696,9,1.8174,0.1278,0.4653,1.1105,154.963,144.736883,6.6268,72.727,58.706,377431.354326119,0.02,0
2026-09-28T14:42:02Z,2.862,21.6957,9,1.7945,0.1278,0.4653,1.2011,154.965,144.738466,6.5633,72.227,58.63,377448.38568161434,0.021,0
2026-09-28T14:42:02Z,2.867,21.6954,9,1.8212,0.1278,0.4653,1.1256,154.981,144.75337,6.5017,71.808,58.49,377554.8332771134,0.021,0
2026-09-28T14:42:02Z,2.872,21.6953,9,1.8021,0.1278,0.4653,1.1709,154.998,144.769547,6.4446,71.442,58.451,377665.57240567496,0.022,0
2026-09-28T14:42:02Z,2.878,21.6952,9,1.8364,0.1278,0.5076,1.2011,154.995,144.767278,6.3936,71.09,58.299,377652.4737654304,0.024,0
2026-09-28T14:42:02Z,2.884,21.6952,9,1.825,0.1278,0.5076,1.0803,154.959,144.733942,6.3497,70.735,57.657,377428.69477709744,0.025,0
2026-09-28T14:42:02Z,2.891,21.6952,9,1.7373,0.1278,0.5076,1.1709,154.914,144.692693,6.3128,70.385,57.145,377151.9094509705,0.026,0
2026-09-28T14:42:02Z,2.898,21.6952,9,1.764,0.1278,0.5076,1.1407,154.896,144.67659,6.2806,70.058,56.86,377043.8885994202,0.027,0
2026-09-28T14:42:02Z,2.905,21.6953,9,1.7296,0.0852,0.4653,1.2011,154.909,144.689352,6.2496,69.787,56.922,377127.356930873,0.027,0
2026-09-28T14:42:02Z,2.912,21.6955,9,1.7334,0.0852,0.4653,1.0954,154.931,144.710349,6.2185,69.62,56.577,377263.9537295712,0.027,0
2026-09-28T14:42:02Z,2.919,21.6958,9,1.8288,0.0852,0.4653,1.1407,154.951,144.729158,6.1877,69.599,56.148,377383.7594430132,0.027,0
2026-09-28T14:42:02Z,2.926,21.6961,9,1.7868,0.0852,0.4653,1.1709,154.978,144.754799,6.1589,69.767,55.941,377549.44642614975,0.027,0
2026-09-28T14:42:02Z,2.933,21.6963,9,1.8288,0.0852,0.4653,1.0954,154.995,144.770077,6.135,70.163,55.735,377647.73466212803,0.027,0
2026-09-28T14:42:02Z,2.939,21.6965,9,1.8288,0.0852,0.423,1.2011,154.979,144.755034,6.1203,70.79,55.445,377542.4720417748,0.026,0
2026-09-28T14:42:02Z,2.946,21.6966,9,1.8212,0.0852,0.423,1.186,154.952,144.729692,6.1185,71.595,55.433,377370.2465926309,0.026,0
2026-09-28T14:42:02Z,2.953,21.6966,9,1.8288,0.0852,0.423,1.1709,154.949,144.727347,6.1332,72.47,55.145,377354.50792215514,0.026,0
2026-09-28T14:42:02Z,2.959,21.6965,9,1.8174,0.0852,0.423,1.1407,154.971,144.747373,6.168,73.285,55.121,377491.0414639036,0.026,0
2026-09-28T14:42:02Z,2.965,21.6965,9,1.7983,0.1278,0.5076,1.2313,154.985,144.759063,6.2231,73.933,55.037,377569.5078348315,0.026,0
2026-09-28T14:42:02Z,2.972,21.6965,9,1.7945,0.1278,0.5076,1.1407,154.976,144.749511,6.2939,74.357,54.786,377505.38704242255,0.027,0
2026-09-28T14:42:02Z,2.979,21.6963,9,1.6648,0.1278,0.5076,1.1558,154.964,144.736197,6.3709,74.557,54.324,377420.2967995385,0.027,0
2026-09-28T14:42:02Z,2.986,21.6961,9,1.6724,0.1278,0.5076,1.2313,154.961,144.731592,6.4426,74.57,54.124,377393.66114377236,0.028,0
2026-09-28T14:42:02Z,2.994,21.6957,9,1.6838,0.0852,0.5076,1.0954,154.961,144.730464,6.4996,74.474,54.041,377394.6319608615,0.028,0
2026-09-28T14:42:02Z,3.001,21.6953,9,1.6762,0.0852,0.5076,1.0954,154.965,144.732512,6.5369,74.368,53.866,377416.9178343319,0.029,0
2026-09-28T14:42:02Z,3.008,21.6948,9,1.7296,0.0852,0.5076,1.1256,154.967,144.734275,6.5546,74.33,53.457,377439.4282270221,0.029,0
2026-09-28T14:42:02Z,3.016,21.6943,9,1.7182,0.0852,0.5076,1.2011,154.966,144.732218,6.5558,74.39,53.214,377436.3000491839,0.029,0
2026-09-28T14:42:02Z,3.023,21.6938,9,1.764,0.0852,0.5076,1.2011,154.972,144.73781,6.5474,74.534,53.087,377484.5129077101,0.029,0
2026-09-28T14:42:02Z,3.031,21.6934,9,1.722,0.1278,0.423,1.1105,154.981,144.74453,6.5381,74.705,53.11,377538.16603839525,0.03,0
2026-09-28T14:42:02Z,3.038,21.6932,9,1.7296,0.1278,0.423,1.0652,154.98,144.742155,6.5348,74.812,52.685,377526.49325855356,0.03,0
2026-09-28T14:42:02Z,3.046,21.693,9,1.7563,0.1278,0.423,1.1256,154.973,144.734055,6.54,74.776,52.57,377476.39130421827,0.03,0
2026-09-28T14:42:02Z,3.054,21.6927,9,1.7487,0.1278,0.423,1.0652,154.966,144.726083,6.5527,74.556,52.059,377429.28789132345,0.031,0
2026-09-28T14:42:02Z,3.062,21.6924,9,1.7258,0.0852,0.5076,1.1407,154.971,144.728128,6.5678,74.142,51.777,377449.41980646603,0.031,0
2026-09-28T14:42:02Z,3.07,21.6919,9,1.825,0.0852,0.5076,1.1256,154.978,144.732725,6.5773,73.554,51.608,377490.9561758866,0.031,0
2026-09-28T14:42:02Z,3.078,21.6914,9,1.8174,0.0852,0.5076,1.0803,154.981,144.733088,6.5742,72.842,51.273,377504.07300314173,0.031,0
2026-09-28T14:42:02Z,3.086,21.6908,9,1.8021,0.0852,0.5076,1.1558,154.97,144.721303,6.5549,72.07,51.195,377437.78103889903,0.031,0
2026-09-28T14:42:02Z,3.093,21.6901,9,1.8326,0.0426,0.3807,1.186,154.952,144.702238,6.5186,71.299,51.095,377324.7706064475,0.031,0
2026-09-28T14:42:02Z,3.101,21.6893,9,1.7373,0.0426,0.3807,1.2011,154.96,144.706857,6.4671,70.571,50.995,377372.8551146256,0.032,0
2026-09-28T14:42:02Z,3.109,21.6886,9,1.7296,0.0426,0.3807,1.2162,154.982,144.724377,6.4045,69.913,50.576,377505.41143881914,0.033,0
2026-09-28T14:42:02Z,3.118,21.6879,9,1.7487,0.0426,0.3807,1.2011,154.988,144.727426,6.3368,69.337,50.127,377540.8360049811,0.033,0
2026-09-28T14:42:02Z,3.127,21.6871,9,1.7411,0.0426,0.3807,1.0652,154.989,144.724828,6.2691,68.846,49.553,377540.48626579833,0.034,0
2026-09-28T14:42:02Z,3.136,21.6863,9,1.7373,0.0852,0.4653,1.2011,154.991,144.723901,6.2051,68.427,49.543,377551.35539579345,0.034,0
2026-09-28T14:42:02Z,3.145,21.6855,9,1.7373,0.0852,0.4653,1.1407,154.986,144.716386,6.1473,68.061,49.135,377517.9918038639,0.034,0
2026-09-28T14:42:02Z,3.153,21.6846,9,1.7373,0.0852,0.4653,1.1105,154.981,144.708289,6.0968,67.727,48.72,377482.85850551556,0.034,0
2026-09-28T14:42:02Z,3.162,21.6836,9,1.7601,0.0852,0.4653,1.2011,154.976,144.701457,6.0537,67.426,48.604,377458.35457387916,0.034,0
2026-09-28T14:42:02Z,3.17,21.6826,9,1.7373,0.0852,0.54990000000000006,1.1558,154.962,144.686058,6.0171,67.172,48.393,377376.33898211847,0.033,0
2026-09-28T14:42:02Z,3.179,21.6816,9,1.764,0.0852,0.54990000000000006,1.1558,154.946,144.67,5.985,66.991,48.079,377289.9072154676,0.033,0
2026-09-28T14:42:02Z,3.187,21.6807,9,1.7487,0.0852,0.54990000000000006,1.1709,154.951,144.673035,5.9557,66.909,47.508,377329.4989847577,0.032,0
2026-09-28T14:42:02Z,3.195,21.68,9,1.7334,0.0852,0.54990000000000006,1.1709,154.973,144.691966,5.9293,66.939,47.425,377471.5436871844,0.032,0
2026-09-28T14:42:02Z,3.203,21.6793,9,1.8135,0.1278,0.5076,1.1256,154.986,144.703804,5.9071,67.072,47.415,377565.99149500777,0.031,0
2026-09-28T14:42:02Z,3.211,21.6788,9,1.7907,0.1278,0.5076,1.1407,154.995,144.711704,5.8912,67.298,47.394,377629.731388868,0.03,0
2026-09-28T14:42:02Z,3.218,21.6783,9,1.764,0.1278,0.5076,1.0954,155.015,144.729791,5.8841,67.592,47.209,377761.9090019714,0.03,0
2026-09-28T14:42:02Z,3.226,21.678,9,1.7868,0.1278,0.5076,1.0954,155.03,144.742859,5.8867,67.909,46.974,377856.1167295149,0.03,0
2026-09-28T14:42:02Z,3.233,21.6778,9,1.7983,0.1278,0.4653,1.1709,155.022,144.734367,5.8984,68.205,46.628,377803.3382141474,0.03,0
2026-09-28T14:42:02Z,3.241,21.6776,9,1.7907,0.1278,0.4653,1.0047,155.009,144.722076,5.9183,68.443,46.305,377725.0441746403,0.03,0
2026-09-28T14:42:02Z,3.249,21.6774,9,1.8021,0.1278,0.4653,1.0652,155.015,144.726742,5.9442,68.595,46.265,377760.662499497,0.03,0
2026-09-28T14:42:02Z,3.257,21.6771,9,1.8135,0.1278,0.4653,1.2011,155.028,144.737594,5.9721,68.652,45.805,377839.98300984286,0.029,0
2026-09-28T14:42:02Z,3.264,21.6769,9,1.7907,0.1278,0.4653,1.2011,155.021,144.729486,5.9982,68.617,45.785,377789.7845033849,0.029,0
2026-09-28T14:42:02Z,3.271,21.6766,9,1.7983,0.0852,0.423,1.2162,154.999,144.708267,6.0191,68.493,45.755,377653.6586064645,0.028,0
2026-09-28T14:42:02Z,3.278,21.6763,9,1.8135,0.0852,0.423,1.186,154.987,144.696317,6.0325,68.284,45.755,377579.80847031827,0.028,0
2026-09-28T14:42:02Z,3.285,21.676,9,1.7792,0.0852,0.423,1.0954,154.99,144.698461,6.0376,68.007,45.626,377600.61864874663,0.028,0
2026-09-28T14:42:02Z,3.292,21.6756,9,1.7792,0.0852,0.423,1.2162,155,144.707259,6.0346,67.683,45.418,377668.26114025735,0.028,0
2026-09-28T14:42:02Z,3.299,21.6752,8.91,1.8212,0.1278,0.423,1.1709,155.007,144.71304,6.0237,67.327,45.113,377715.6447127671,0.029,0
2026-09-28T14:42:02Z,3.307,21.6749,8.91,1.8135,0.1278,0.423,1.0803,155.015,144.721352,6.0054,66.951,44.723,377777.8976501663,0.029,0
2026-09-28T14:42:02Z,3.314,21.6746,8.91,1.7907,0.1278,0.423,1.1256,155.027,144.734411,5.981,66.576,44.733,377872.0544410175,0.029,0
2026-09-28T14:42:02Z,3.322,21.6744,8.91,1.8135,0.1278,0.423,1.0954,155.035,144.743684,5.9526,66.222,44.481,377938.6433706677,0.029,0
2026-09-28T14:42:02Z,3.329,21.6743,9,1.8135,0.0852,0.54990000000000006,1.2918,155.038,144.747637,5.9213,65.901,44.355,377967.34611209156,0.029,0
2026-09-28T14:42:02Z,3.337,21.6746,9,1.8364,0.0852,0.54990000000000006,1.0652,155.032,144.743319,5.8881,65.618,44.278,377931.90584023687,0.029,0
2026-09-28T14:42:02Z,3.344,21.675,9,1.8097,0.0852,0.54990000000000006,1.2162,155.026,144.737591,5.8551,65.369,44.191,377884.8540083799,0.029,0
2026-09-28T14:42:02Z,3.351,21.6756,9,1.7373,0.0852,0.54990000000000006,1.1105,155.025,144.736935,5.824,65.158,43.876,377867.6071014725,0.03,0
2026-09-28T14:42:02Z,3.359,21.6761,9,1.7449,0.0852,0.54990000000000006,1.2011,155.008,144.721148,5.7957,65.003,43.695,377750.8436485611,0.03,0
2026-09-28T14:42:02Z,3.367,21.6765,9.09,1.7487,0.0852,0.5922,1.1256,154.976,144.690028,5.7708,64.925,43.553,377533.26528872387,0.031,0
2026-09-28T14:42:02Z,3.375,21.6767,9.09,1.7449,0.0852,0.5922,1.1407,154.957,144.671323,5.7489,64.951,43.449,377403.3887397,0.031,0
2026-09-28T14:42:02Z,3.383,21.6767,9.09,1.8021,0.0852,0.5922,1.2011,154.951,144.664052,5.7303,65.117,43.317,377354.57023779495,0.032,0
2026-09-28T14:42:02Z,3.391,21.6766,9.09,1.7945,0.0852,0.5922,1.2011,154.954,144.666276,5.7167,65.454,42.951,377371.6346461359,0.032,0
2026-09-28T14:42:02Z,3.399,21.6763,9.09,1.8212,0.0852,0.4653,1.1709,154.972,144.682592,5.7098,65.972,42.728,377487.5930272224,0.032,0
2026-09-28T14:42:02Z,3.408,21.6759,9.09,1.7945,0.0852,0.4653,1.1709,154.984,144.693318,5.7121,66.648,42.275,377568.1695463051,0.031,0
2026-09-28T14:42:02Z,3.416,21.6756,9.09,1.7983,0.0852,0.4653,1.1709,154.975,144.685294,5.7268,67.428,42.184,377520.6919031441,0.03,0
2026-09-28T14:42:02Z,3.423,21.6753,9.09,1.8135,0.0852,0.4653,1.1709,154.957,144.668397,5.7565,68.244,42.165,377413.63824283605,0.029,0
2026-09-28T14:42:02Z,3.43,21.6751,9.09,1.8059,0.1278,0.4653,1.0047,154.946,144.658147,5.802,69.015,42.211,377349.08987502207,0.028,0
2026-09-28T14:42:02Z,3.437,21.675,9.09,1.8021,0.1278,0.4653,1.1558,154.948,144.659821,5.8615,69.671,42.037,377362.4624558371,0.028,0
2026-09-28T14:42:02Z,3.444,21.675,9.09,1.8021,0.1278,0.4653,1.0954,154.959,144.669862,5.9301,70.157,41.855,377429.8772507863,0.027,0
2026-09-28T14:42:02Z,3.451,21.675,9.09,1.7907,0.1278,0.4653,1.186,154.968,144.678929,6.0018,70.436,41.601,377490.7590980441,0.026,0
2026-09-28T14:42:02Z,3.458,21.6751,9.09,1.7907,0.1278,0.5076,1.1709,154.967,144.677425,6.0697,70.504,41.331,377478.5197273762,0.026,0
2026-09-28T14:42:02Z,3.464,21.6751,9.09,1.8135,0.1278,0.5076,1.186,154.958,144.668954,6.1274,70.39,41.232,377421.63650149084,0.025,0
2026-09-28T14:42:02Z,3.471,21.675,9.09,1.8288,0.1278,0.5076,1.2313,154.951,144.663273,6.1701,70.135,41.009,377385.626626237,0.024,0
2026-09-28T14:42:02Z,3.477,21.675,9.09,1.7983,0.1278,0.5076,1.1709,154.938,144.650856,6.1947,69.797,40.946,377302.26098902593,0.024,0
2026-09-28T14:42:02Z,3.483,21.6749,9.09,1.7716,0.1278,0.5076,1.2011,154.917,144.632398,6.2007,69.445,40.724,377180.4947495366,0.023,0
2026-09-28T14:42:02Z,3.488,21.6749,9,1.825,0.0852,0.4653,1.1709,154.906,144.623003,6.1906,69.149,40.574,377117.43752797,0.023,0
2026-09-28T14:42:02Z,3.494,21.675,9,1.7373,0.0852,0.4653,1.1407,154.916,144.634186,6.1682,68.958,40.539,377190.35611765576,0.022,0
2026-09-28T14:42:02Z,3.499,21.6752,9,1.7601,0.0852,0.4653,1.2162,154.94,144.658914,6.1384,68.905,40.486,377352.0772378876,0.022,0
2026-09-28T14:42:02Z,3.505,21.6754,9,1.7373,0.0852,0.4653,1.1558,154.94,144.661725,6.1075,69.001,40.319,377366.6749815027,0.022,0
2026-09-28T14:42:02Z,3.511,21.6758,9,1.7296,0.0852,0.423,1.1256,154.915,144.641367,6.0813,69.223,40.101,377221.4650981277,0.023,0
2026-09-28T14:42:02Z,3.517,21.6763,9,1.7411,0.0852,0.423,1.3673,154.89,144.620448,6.0645,69.557,39.84,377070.3925851407,0.023,0
2026-09-28T14:42:02Z,3.523,21.677,9,1.7716,0.0852,0.423,1.3975,154.876,144.609412,6.0597,70.023,39.642,376981.39824535325,0.023,0
2026-09-28T14:42:02Z,3.529,21.6779,9,1.722,0.0852,0.423,1.3673,154.871,144.605316,6.068,70.629,39.538,376934.70963026426,0.022,0
2026-09-28T14:42:02Z,3.534,21.6789,9,1.7373,0.1278,0.423,1.3371,154.869,144.603063,6.0875,71.339,39.41,376898.2554752744,0.022,0
2026-09-28T14:42:02Z,3.54,21.6798,9,1.7525,0.1278,0.423,1.2011,154.869,144.602052,6.1168,72.102,39.069,376872.2697860714,0.022,0
2026-09-28T14:42:02Z,3.545,21.6803,9,1.7601,0.1278,0.423,1.186,154.861,144.594002,6.1577,72.849,39.094,376807.6068390115,0.022,0
2026-09-28T14:42:02Z,3.551,21.6804,9,1.7296,0.1278,0.423,1.1558,154.848,144.580772,6.211,73.511,38.908,376716.74443537556,0.023,0
2026-09-28T14:42:02Z,3.556,21.6803,9,1.722,0.1278,0.423,1.1105,154.845,144.576859,6.2734,74.038,38.815,376692.6348594099,0.024,0
2026-09-28T14:42:02Z,3.562,21.6802,9.09,1.7373,0.0852,0.5076,1.4126,154.857,144.587226,6.3405,74.395,38.613,376764.2877421896,0.025,0
2026-09-28T14:42:02Z,3.569,21.68,9.09,1.7334,0.0852,0.5076,1.4126,154.864,144.592609,6.4062,74.565,38.096,376804.6541176376,0.026,0
2026-09-28T14:42:02Z,3.576,21.6796,9.09,1.7373,0.0852,0.5076,1.4277,154.855,144.584429,6.4645,74.569,37.791,376758.321517946,0.027,0
2026-09-28T14:42:02Z,3.584,21.6792,9.09,1.7373,0.0852,0.5076,1.3673,154.847,144.576527,6.5109,74.463,37.562,376713.85586396174,0.027,0
2026-09-28T14:42:02Z,3.591,21.6789,9.09,1.7296,0.0852,0.423,1.6543,154.85,144.578811,6.5424,74.282,37.245,376735.5683950536,0.027,0
2026-09-28T14:42:02Z,3.598,21.6787,9.09,1.7716,0.0852,0.423,1.6996,154.86,144.587886,6.5573,74.048,37.059,376800.69596584595,0.027,0
2026-09-28T14:42:02Z,3.605,21.6785,9.09,1.7525,0.0852,0.423,1.5939,154.858,144.586145,6.5577,73.77,36.875,376793.28230834357,0.028,0
2026-09-28T14:42:02Z,3.612,21.6784,9.09,1.7525,0.0852,0.423,1.6543,154.84,144.569116,6.5483,73.442,36.875,376681.20716945926,0.028,0
2026-09-28T14:42:02Z,3.619,21.6783,9.09,1.7373,0.0852,0.54990000000000006,1.6694,154.832,144.560298,6.5324,73.046,36.587,376624.20652613905,0.029,0
2026-09-28T14:42:02Z,3.626,21.6782,9.09,1.7525,0.0852,0.54990000000000006,1.7147,154.834,144.561343,6.5118,72.568,36.239,376633.3427708469,0.031,0
2026-09-28T14:42:02Z,3.634,21.6781,9.09,1.7525,0.0852,0.54990000000000006,1.6241,154.831,144.558513,6.4874,72.008,35.957,376616.4956977362,0.032,0
2026-09-28T14:42:02Z,3.643,21.678,9.09,1.7601,0.0852,0.54990000000000006,1.6392,154.831,144.557059,6.4586,71.376,35.676,376608.87530600856,0.033,0
2026-09-28T14:42:02Z,3.652,21.6778,9.09,1.7449,0.1278,0.4653,1.5788,154.83,144.554593,6.4238,70.699,35.26,376596.60099044075,0.035,0
2026-09-28T14:42:02Z,3.661,21.6776,9.09,1.7296,0.1278,0.4653,1.6543,154.83,144.552458,6.3818,70.014,34.986,376586.54616376804,0.035,0
2026-09-28T14:42:02Z,3.67,21.6773,9.09,1.7487,0.1278,0.4653,1.6392,154.834,144.554091,6.3326,69.35,34.69,376603.88817641063,0.036,0
2026-09-28T14:42:02Z,3.679,21.6769,9.09,1.7563,0.1278,0.4653,1.7449,154.838,144.555921,6.2771,68.729,34.63,376624.6840291834,0.037,0
2026-09-28T14:42:02Z,3.688,21.6765,9.09,1.8135,0.1278,0.4653,1.7752,154.847,144.562442,6.2176,68.178,34.338,376676.9387847433,0.037,0
2026-09-28T14:42:02Z,3.698,21.6759,9.09,1.8212,0.0852,0.423,1.8507,154.858,144.571387,6.1573,67.713,33.974,376749.72215004696,0.038,0
2026-09-28T14:42:02Z,3.708,21.6752,9.09,1.7868,0.0852,0.423,1.9413,154.865,144.577131,6.099,67.334,33.702,376803.1771208202,0.038,0
2026-09-28T14:42:02Z,3.718,21.6744,9.09,1.8135,0.0852,0.423,1.9111,154.882,144.593222,6.0446,67.037,33.454,376928.1882671182,0.039,0
2026-09-28T14:42:02Z,3.728,21.6738,9.09,1.6228,0.0852,0.423,2.183,154.915,144.62395,5.9962,66.816,33.121,377147.19091083127,0.039,0
2026-09-28T14:42:02Z,3.738,21.6735,9.09,1.6152,0.0852,0.4653,2.1075,154.934,144.641461,5.9553,66.649,32.877,377271.134478626,0.039,0
2026-09-28T14:42:02Z,3.748,21.6733,9.09,1.6381,0.0852,0.4653,2.1226,154.915,144.622385,5.922,66.511,32.657,377147.35571159044,0.039,0
2026-09-28T14:42:02Z,3.758,21.6732,9.09,1.619,0.0852,0.4653,2.1679,154.877,144.58567,5.8959,66.397,32.311,376903.1124951024,0.038,0
2026-09-28T14:42:02Z,3.768,21.6732,9.09,1.5618,0.0852,0.4653,2.5305,154.863,144.571591,5.8765,66.328,32.094,376808.6585557114,0.038,0
2026-09-28T14:42:02Z,3.777,21.6731,9.09,1.5465,0.0852,0.4653,2.5003,154.88,144.586408,5.8618,66.336,31.858,376910.1909528095,0.037,0
2026-09-28T14:42:02Z,3.787,21.6728,9.09,1.5618,0.0852,0.4653,2.5003,154.899,144.604032,5.8497,66.45,31.747,377034.84593723994,0.037,0
2026-09-28T14:42:02Z,3.796,21.6724,9.09,1.5656,0.0852,0.4653,2.4549,154.916,144.619149,5.8397,66.685,31.609,377144.8362173027,0.037,0
2026-09-28T14:42:02Z,3.805,21.6721,9.09,1.5618,0.0852,0.4653,3.0441,154.935,144.635789,5.8337,67.044,31.384,377262.9362567495,0.037,0
2026-09-28T14:42:02Z,3.814,21.6719,9.09,1.5618,0.0852,0.4653,2.9837,154.944,144.642369,5.8344,67.51,31.132,377311.37973131414,0.037,0
2026-09-28T14:42:02Z,3.824,21.6717,9.09,1.5694,0.0852,0.5922,3.1801,154.936,144.632631,5.8445,68.037,30.829,377250.27258861664,0.037,0
2026-09-28T14:42:02Z,3.833,21.6714,9.09,1.5618,0.0852,0.5922,3.0894,154.917,144.611991,5.8652,68.572,30.616,377118.13124001154,0.037,0
2026-09-28T14:42:02Z,3.843,21.671,9.09,1.5808,0.0852,0.5922,3.1045,154.898,144.590965,5.8968,69.066,30.516,376985.5606068005,0.037,0
2026-09-28T14:42:02Z,3.852,21.6705,9.09,1.5656,0.0852,0.5922,2.9837,154.885,144.575962,5.9378,69.476,30.371,376895.55903323746,0.037,0
2026-09-28T14:42:02Z,3.862,21.6698,9.18,1.558,0.0426,0.4653,2.9535,154.887,144.574999,5.9843,69.784,30.062,376904.0319940775,0.037,0
2026-09-28T14:42:02Z,3.871,21.6689,9.18,1.5465,0.0426,0.4653,3.0441,154.903,144.587819,6.0314,69.992,29.756,377009.26312209875,0.037,0
2026-09-28T14:42:02Z,3.881,21.6678,9.18,1.5465,0.0426,0.4653,3.0139,154.912,144.593806,6.075,70.102,29.647,377072.92316005955,0.036,0
2026-09-28T14:42:02Z,3.89,21.6669,9.18,1.4969,0.0426,0.4653,3.0592,154.898,144.578535,6.1111,70.106,29.416,376989.6432116466,0.035,0
2026-09-28T14:42:02Z,3.899,21.6661,9.36,1.5084,0.1278,0.3807,2.9686,154.878,144.557962,6.1383,70.011,29.123,376868.66048380686,0.034,0
2026-09-28T14:42:02Z,3.908,21.6654,9.36,1.5007,0.1278,0.3807,2.9988,154.876,144.554638,6.1568,69.838,28.915,376861.29131805815,0.033,0
2026-09-28T14:42:02Z,3.916,21.6646,9.36,1.4855,0.1278,0.3807,3.0139,154.878,144.55566,6.1665,69.621,28.852,376885.21773422486,0.032,0
2026-09-28T14:42:02Z,3.924,21.6638,9.36,1.5503,0.1278,0.3807,3.0139,154.867,144.545279,6.167,69.387,28.79,376832.6296669723,0.031,0
2026-09-28T14:42:02Z,3.932,21.663,9.27,1.5389,0.0852,0.3807,3.029,154.858,144.536749,6.1587,69.181,28.634,376792.46318053146,0.03,0
2026-09-28T14:42:02Z,3.939,21.6626,9.27,1.5389,0.0852,0.3807,3.029,154.856,144.535806,6.1435,69.054,28.355,376794.6678711252,0.03,0
2026-09-28T14:42:02Z,3.947,21.6624,9.27,1.5618,0.0852,0.3807,2.9837,154.855,144.534187,6.1244,69.022,28.214,376788.0697186561,0.029,0
2026-09-28T14:42:02Z,3.955,21.6624,9.27,1.4855,0.0852,0.3807,3.2103,154.848,144.527456,6.1039,69.062,27.976,376742.9067873862,0.029,0
2026-09-28T14:42:02Z,3.962,21.6625,9.27,1.5046,0.0852,0.3807,3.2405,154.844,144.521829,6.0857,69.153,27.727,376703.02067681553,0.028,0
2026-09-28T14:42:02Z,3.969,21.6626,9.27,1.5007,0.0852,0.5076,3.2707,154.848,144.523814,6.0745,69.282,27.523,376714.20148640533,0.026,0
2026-09-28T14:42:02Z,3.976,21.6625,9.27,1.4778,0.0852,0.5076,3.2707,154.849,144.521927,6.0717,69.429,27.547,376703.67282861925,0.025,0
2026-09-28T14:42:02Z,3.982,21.6623,9.27,1.4778,0.0852,0.5076,3.2707,154.838,144.507651,6.0753,69.561,27.517,376612.1721773071,0.024,0
2026-09-28T14:42:02Z,3.987,21.6618,9.27,1.4435,0.0852,0.5076,3.316,154.826,144.493202,6.0834,69.636,27.392,376525.9199125504,0.023,0
2026-09-28T14:42:02Z,3.993,21.661,9.45,1.4397,0.1278,0.423,3.1952,154.825,144.488746,6.0948,69.63,27.238,376513.08919657965,0.023,0
2026-09-28T14:42:02Z,3.998,21.6601,9.45,1.4283,0.1278,0.423,3.2707,154.835,144.495096,6.1079,69.556,27.291,376574.86772067874,0.024,0
2026-09-28T14:42:02Z,4.004,21.6591,9.45,1.558,0.1278,0.423,3.3311,154.853,144.507939,6.1195,69.426,27.137,376682.3461609893,0.024,0
2026-09-28T14:42:02Z,4.01,21.658,9.45,1.5503,0.1278,0.423,3.2405,154.879,144.528695,6.1262,69.233,27.131,376845.0817382648,0.026,0
2026-09-28T14:42:02Z,4.017,21.6568,9.54,1.558,0.1278,0.5076,3.2858,154.912,144.55489,6.1259,68.971,27.143,377046.5147604102,0.027,0
2026-09-28T14:42:02Z,4.024,21.6557,9.54,1.5503,0.1278,0.5076,3.2556,154.934,144.569474,6.1195,68.655,26.996,377167.91893673316,0.029,0
2026-09-28T14:42:02Z,4.032,21.6546,9.54,1.5427,0.1278,0.5076,3.5275,154.941,144.568328,6.1082,68.32,26.699,377183.71708067507,0.031,0
2026-09-28T14:42:02Z,4.04,21.6534,9.54,1.5618,0.1278,0.5076,3.4369,154.947,144.56316,6.0914,67.995,26.491,377174.6439899706,0.033,0
2026-09-28T14:42:02Z,4.049,21.652,9.54,1.5541,0.1278,0.5076,3.5275,154.96,144.560603,6.0685,67.688,26.301,377187.375770067,0.034,0
2026-09-28T14:42:02Z,4.058,21.65,9.72,1.5541,0.1278,0.3807,3.4822,154.979,144.559975,6.0409,67.395,26.119,377225.88177680515,0.035,0
2026-09-28T14:42:02Z,4.067,21.6474,9.72,1.577,0.1278,0.3807,3.4218,154.998,144.557102,6.0117,67.12,26.062,377262.1344048421,0.035,0
2026-09-28T14:42:02Z,4.076,21.6439,9.72,1.558,0.1278,0.3807,3.5728,155.01,144.547212,5.9835,66.868,25.803,377270.4886276496,0.035,0
2026-09-28T14:42:02Z,4.085,21.6393,9.72,1.558,0.1278,0.3807,3.4973,155.025,144.539681,5.9571,66.645,25.736,377318.2006604379,0.036,0
2026-09-28T14:42:02Z,4.094,21.6334,9.99,1.5503,0.1278,0.423,3.4822,155.043,144.536507,5.9319,66.465,25.63,377422.99758758396,0.036,0
2026-09-28T14:42:02Z,4.103,21.6268,9.99,1.7449,0.1278,0.423,3.2103,155.052,144.524825,5.9085,66.34,25.397,377485.6114195163,0.037,0
2026-09-28T14:42:02Z,4.112,21.6198,9.99,1.7373,0.1278,0.423,3.2556,155.063,144.51554,5.8871,66.301,25.309,377572.919709556,0.037,0
2026-09-28T14:42:02Z,4.122,21.613,9.99,1.7373,0.1278,0.423,3.316,155.084,144.520191,5.8682,66.394,25.112,377749.72564942215,0.038,0
2026-09-28T14:42:02Z,4.132,21.6065,10.17,1.7334,0.1278,0.3384,3.2858,155.097,144.526001,5.8531,66.654,25.03,377928.0035780101,0.039,0
2026-09-28T14:42:02Z,4.142,21.6,10.17,1.722,0.1278,0.3384,3.316,155.096,144.528508,5.8429,67.094,24.84,378084.1395219551,0.039,0
2026-09-28T14:42:02Z,4.152,21.5937,10.17,1.7373,0.1278,0.3384,3.2707,155.092,144.532389,5.8402,67.722,24.487,378245.3207071918,0.04,0
2026-09-28T14:42:02Z,4.163,21.5888,10.17,1.7525,0.1278,0.3384,3.1952,155.087,144.534673,5.8489,68.515,24.333,378365.79036065884,0.04,0
2026-09-28T14:42:02Z,4.173,21.5869,10.44,1.7296,0.0852,0.5076,3.3462,155.087,144.539976,5.872,69.424,24.233,378442.2802983765,0.04,0
2026-09-28T14:42:02Z,4.183,21.588,10.44,1.6152,0.0852,0.5076,2.9686,155.091,144.545706,5.9107,70.387,24.148,378457.28841589246,0.04,0
2026-09-28T14:42:02Z,4.193,21.5904,10.44,1.6304,0.0852,0.5076,2.9837,155.076,144.52936,5.9657,71.335,24.054,378295.6670697905,0.04,0
2026-09-28T14:42:02Z,4.203,21.5927,10.44,1.6152,0.0852,0.5076,3.0139,155.052,144.498594,6.0352,72.193,23.919,378039.1427253988,0.041,0
2026-09-28T14:42:02Z,4.214,21.5944,10.44,1.6228,0.0852,0.5076,3.0139,155.059,144.491267,6.1151,72.897,23.763,377953.37917591253,0.041,0
2026-09-28T14:42:02Z,4.224,21.5951,10.44,1.5618,0.1278,0.4653,3.1801,155.097,144.51143,6.1999,73.406,23.445,378074.1320478373,0.041,0
2026-09-28T14:42:02Z,4.235,21.5943,10.44,1.5656,0.1278,0.4653,3.2103,155.135,144.53442,6.2835,73.706,23.217,378246.10482553975,0.041,0
2026-09-28T14:42:02Z,4.246,21.5916,10.44,1.5656,0.1278,0.4653,3.316,155.159,144.544336,6.3594,73.812,23.066,378370.8034265383,0.041,0
2026-09-28T14:42:02Z,4.256,21.5872,10.44,1.5541,0.1278,0.4653,3.2707,155.155,144.527802,6.422,73.769,23.031,378353.7816988957,0.04,0
2026-09-28T14:42:02Z,4.266,21.5824,10.53,1.4969,0.1278,0.423,2.9988,155.13,144.488418,6.4674,73.632,22.921,378191.38119152136,0.04,0
2026-09-28T14:42:02Z,4.276,21.5782,10.53,1.4855,0.1278,0.423,3.0139,155.121,144.457738,6.4943,73.447,22.797,378074.7527891303,0.039,0
2026-09-28T14:42:02Z,4.286,21.5744,10.53,1.5007,0.1278,0.423,3.0441,155.157,144.461627,6.5042,73.249,22.531,378182.4265442114,0.039,0
2026-09-28T14:42:02Z,4.295,21.5701,10.53,1.4931,0.1278,0.423,3.0894,155.217,144.479092,6.5009,73.061,22.361,378392.3674430469,0.038,0
2026-09-28T14:42:02Z,4.305,21.5649,10.62,1.5656,0.1278,0.3807,2.9081,155.261,144.476735,6.4895,72.889,22.331,378488.0762969831,0.038,0
2026-09-28T14:42:02Z,4.315,21.5579,10.62,1.5351,0.1278,0.3807,2.8779,155.29,144.461936,6.4741,72.732,22.09,378538.5554967369,0.037,0
2026-09-28T14:42:02Z,4.324,21.5483,10.62,1.5541,0.1278,0.3807,2.9837,155.308,144.442764,6.4578,72.597,21.927,378615.38821358926,0.035,0
2026-09-28T14:42:02Z,4.333,21.536,10.62,1.5351,0.1278,0.3807,2.9837,155.301,144.410098,6.4428,72.493,21.847,378659.19409742334,0.034,0
2026-09-28T14:42:02Z,4.342,21.5221,10.62,1.5465,0.1278,0.3807,2.9837,155.273,144.369244,6.4294,72.419,21.837,378682.11452281533,0.033,0
2026-09-28T14:42:02Z,4.35,21.5086,10.71,1.5351,0.1278,0.4653,3.1498,155.262,144.349363,6.4172,72.389,21.742,378838.07916194526,0.033,0
2026-09-28T14:42:02Z,4.358,21.4969,10.71,1.5465,0.1278,0.4653,3.1045,155.294,144.365181,6.4067,72.437,21.611,379196.72038585984,0.032,0
2026-09-28T14:42:02Z,4.366,21.4884,10.71,1.5656,0.1278,0.4653,2.9686,155.328,144.38086,6.3986,72.566,21.512,379485.8327749661,0.032,0
2026-09-28T14:42:02Z,4.374,21.4838,10.71,1.6228,0.1278,0.4653,3.0139,155.337,144.37655,6.3927,72.744,21.47,379555.80639470014,0.031,0
2026-09-28T14:42:02Z,4.382,21.4807,10.71,1.6343,0.1278,0.5076,3.0743,155.349,144.379136,6.3904,72.923,21.257,379640.130627162,0.031,0
2026-09-28T14:42:02Z,4.39,21.4763,10.71,1.6114,0.1278,0.5076,3.0441,155.372,144.393315,6.3952,73.062,21.187,379831.00032455137,0.031,0
2026-09-28T14:42:02Z,4.398,21.4712,10.71,1.619,0.1278,0.5076,2.9535,155.385,144.398835,6.4072,73.132,21.114,379978.4234808729,0.03,0
2026-09-28T14:42:02Z,4.405,21.467,10.71,1.6915,0.1278,0.5076,3.1801,155.387,144.395164,6.4235,73.131,20.977,380044.2131350836,0.03,0
2026-09-28T14:42:02Z,4.413,21.4643,10.71,1.7029,0.1278,0.54990000000000006,3.3009,155.387,144.395342,6.4397,73.079,20.868,380103.7096147074,0.029,0
2026-09-28T14:42:02Z,4.42,21.462,10.71,1.6991,0.1278,0.54990000000000006,3.1801,155.382,144.393409,6.4522,73.016,20.813,380140.2748963714,0.028,0
2026-09-28T14:42:02Z,4.427,21.4597,10.71,1.6953,0.1278,0.54990000000000006,3.316,155.371,144.384843,6.4587,72.985,20.759,380131.89601263497,0.028,0
2026-09-28T14:42:02Z,4.434,21.4581,10.71,1.5999,0.1278,0.54990000000000006,2.9686,155.361,144.371368,6.4588,73.005,20.678,380075.1347259585,0.028,0
2026-09-28T14:42:02Z,4.441,21.4579,10.89,1.6037,0.1278,0.4653,3.1045,155.354,144.353394,6.4542,73.06,20.665,379957.66930669005,0.028,0
2026-09-28T14:42:02Z,4.448,21.4587,10.89,1.6266,0.1278,0.4653,2.9988,155.37,144.35016100000001,6.4486,73.116,20.544,379918.4968652121,0.029,0
2026-09-28T14:42:02Z,4.455,21.4593,10.89,1.6228,0.1278,0.4653,3.0139,155.4,144.354798,6.4457,73.134,20.53,379936.9560318366,0.03,0
2026-09-28T14:42:02Z,4.463,21.4582,10.89,1.5923,0.1278,0.4653,2.9686,155.42,144.346511,6.4476,73.078,20.566,379904.5574694995,0.031,0
2026-09-28T14:42:02Z,4.471,21.4544,10.89,1.6304,0.1278,0.4653,3.0139,155.442,144.341111,6.4529,72.94,20.322,379949.9939573029,0.033,0
2026-09-28T14:42:02Z,4.479,21.4483,10.8,1.6152,0.1278,0.4653,2.9232,155.473,144.347172,6.4586,72.747,20.155,380122.77992177155,0.035,0
2026-09-28T14:42:02Z,4.489,21.4409,10.8,1.6343,0.1278,0.4653,2.9686,155.479,144.340272,6.4611,72.548,20.141,380235.86478061054,0.037,0
2026-09-28T14:42:02Z,4.498,21.4325,10.8,1.7296,0.1278,0.4653,3.2103,155.455,144.314566,6.4573,72.405,19.976,380243.06770514254,0.039,0
2026-09-28T14:42:02Z,4.508,21.424,10.8,1.7144,0.1278,0.4653,3.1347,155.445,144.303253,6.4461,72.383,19.721,380350.06151173403,0.04,0
2026-09-28T14:42:02Z,4.519,21.4168,10.8,1.7487,0.1278,0.423,3.2254,155.465,144.315333,6.43,72.519,19.585,380587.7556051614,0.042,0
2026-09-28T14:42:02Z,4.53,21.4127,10.8,1.7258,0.1278,0.423,3.2405,155.488,144.323989,6.4129,72.795,19.373,380735.24529786897,0.043,0
2026-09-28T14:42:02Z,4.541,21.4117,10.8,1.6991,0.1278,0.423,3.4671,155.507,144.325518,6.4004,73.144,19.243,380767.27064538054,0.044,0
2026-09-28T14:42:02Z,4.552,21.4111,10.8,1.722,0.1278,0.423,3.4218,155.52,144.320327,6.3985,73.483,19.114,380745.0055637934,0.044,0
2026-09-28T14:42:02Z,4.563,21.4088,10.8,1.6991,0.1278,0.4653,3.4671,155.522,144.301024,6.4109,73.742,18.911,380663.7149687372,0.045,0
2026-09-28T14:42:02Z,4.575,21.4047,10.8,1.6724,0.1278,0.4653,3.3764,155.528,144.280485,6.4358,73.879,18.662,380612.9866302433,0.045,0
2026-09-28T14:42:02Z,4.587,21.3997,10.8,1.722,0.1278,0.4653,3.4369,155.565,144.283272,6.4672,73.885,18.473,380740.14061566204,0.045,0
2026-09-28T14:42:02Z,4.598,21.3941,10.8,1.7601,0.1278,0.4653,3.4067,155.632,144.308124,6.4979,73.775,18.241,381030.2799945966,0.044,0
2026-09-28T14:42:02Z,4.61,21.3875,10.8,1.7296,0.1278,0.4653,3.4973,155.695,144.32762,6.5216,73.567,18.154,381305.8888554269,0.043,0
2026-09-28T14:42:02Z,4.62,21.3791,10.8,1.7296,0.1278,0.423,3.3764,155.745,144.336945,6.5347,73.286,18.052,381551.55893062276,0.043,0
2026-09-28T14:42:02Z,4.631,21.3688,10.8,1.722,0.1278,0.423,3.316,155.782,144.338581,6.5365,72.962,17.915,381786.33128933783,0.042,0
2026-09-28T14:42:02Z,4.641,21.357,10.8,1.7487,0.1278,0.423,3.1347,155.797,144.326958,6.5283,72.621,17.826,381963.5684917571,0.042,0
2026-09-28T14:42:02Z,4.652,21.3444,10.8,1.7487,0.1278,0.423,3.2103,155.799,144.308986,6.5116,72.275,17.687,382115.0572014236,0.042,0
2026-09-28T14:42:02Z,4.662,21.3324,10.62,1.7601,0.1278,0.423,3.2254,155.797,144.293893,6.4882,71.944,17.481,382273.2206045428,0.042,0
2026-09-28T14:42:02Z,4.673,21.3222,10.62,1.6953,0.1278,0.423,3.2405,155.792,144.281658,6.4609,71.653,17.367,382411.7943148194,0.043,0
2026-09-28T14:42:02Z,4.684,21.314,10.62,1.6648,0.1278,0.423,3.1649,155.777,144.263009,6.4317,71.416,17.206,382463.1107099046,0.043,0
2026-09-28T14:42:02Z,4.695,21.3077,10.62,1.68,0.1278,0.423,3.2405,155.759,144.238984,6.4018,71.24,17.016,382436.3624493101,0.044,0
2026-09-28T14:42:02Z,4.707,21.3033,10.53,1.6762,0.1278,0.5076,3.2858,155.765,144.233215,6.3731,71.126,16.785,382492.82390941697,0.044,0
2026-09-28T14:42:02Z,4.718,21.3009,10.53,1.5999,0.1278,0.5076,3.2405,155.79,144.240158,6.3475,71.067,16.596,382592.50683567196,0.044,0
2026-09-28T14:42:02Z,4.73,21.2993,10.53,1.6152,0.1278,0.5076,3.3764,155.803,144.231623,6.3268,71.043,16.395,382569.0959374556,0.043,0
2026-09-28T14:42:02Z,4.741,21.2969,10.53,1.6228,0.1278,0.5076,3.2707,155.809,144.211342,6.3114,71.031,16.215,382482.923407237,0.042,0
2026-09-28T14:42:02Z,4.752,21.2932,10.53,1.6495,0.1278,0.5076,3.2556,155.83,144.199941,6.3018,71.015,15.998,382485.6945713514,0.039,0
2026-09-28T14:42:02Z,4.762,21.288,10.53,1.6953,0.1704,0.423,2.9686,155.867,144.198384,6.2972,70.992,15.736,382588.37364165497,0.037,0
2026-09-28T14:42:02Z,4.771,21.2814,10.53,1.6915,0.1704,0.423,2.9535,155.905,144.194236,6.2958,70.968,15.593,382703.9147246012,0.033,0
2026-09-28T14:42:02Z,4.779,21.2731,10.53,1.6571,0.1704,0.423,3.0894,155.937,144.18639,6.2958,70.942,15.468,382831.31639187137,0.03,0
2026-09-28T14:42:02Z,4.786,21.2632,10.53,1.6762,0.1704,0.423,2.9535,155.976,144.184769,6.2956,70.895,15.421,383036.26799305336,0.026,0
2026-09-28T14:42:02Z,4.792,21.2517,10.53,1.6991,0.1278,0.5076,3.0139,156.032,144.200955,6.295,70.809,15.407,383398.1710382232,0.023,0
2026-09-28T14:42:02Z,4.798,21.2393,10.53,1.6953,0.1278,0.5076,3.0894,156.093,144.227245,6.2944,70.669,15.438,383849.35662471113,0.021,0
2026-09-28T14:42:02Z,4.802,21.2271,10.53,1.6495,0.1278,0.5076,2.9837,156.144,144.250622,6.2936,70.455,15.344,384276.73852857546,0.019,0
2026-09-28T14:42:02Z,4.806,21.2151,10.53,1.7067,0.1278,0.5076,3.029,156.176,144.265302,6.2909,70.155,15.337,384640.54671553435,0.017,0
2026-09-28T14:42:02Z,4.81,21.2037,10.44,1.5541,0.1278,0.423,2.7571,156.181,144.263184,6.2847,69.774,15.271,384876.197990422,0.017,0
2026-09-28T14:42:02Z,4.814,21.1941,10.44,1.5618,0.1278,0.423,2.8477,156.156,144.237695,6.2734,69.323,15.277,384911.93400725164,0.017,0
2026-09-28T14:42:02Z,4.818,21.1867,10.44,1.577,0.1278,0.423,2.7873,156.114,144.200062,6.2553,68.825,15.148,384815.92803285096,0.017,0
2026-09-28T14:42:02Z,4.822,21.1818,10.44,1.5808,0.1278,0.423,2.8175,156.092,144.182306,6.2293,68.303,15.135,384801.5491922518,0.018,0
2026-09-28T14:42:02Z,4.827,21.1795,10.53,1.5732,0.1278,0.3384,2.7571,156.091,144.1857,6.1957,67.781,14.962,384875.37634335493,0.018,0
2026-09-28T14:42:02Z,4.832,21.1789,10.53,1.6228,0.1278,0.3384,2.9686,156.084,144.183114,6.1558,67.271,14.9,384870.7849575997,0.019,0
2026-09-28T14:42:02Z,4.837,21.1791,10.53,1.6114,0.1278,0.3384,3.0743,156.065,144.16985,6.1115,66.785,14.813,384775.2618381255,0.02,0
2026-09-28T14:42:02Z,4.842,21.1799,10.53,1.6266,0.1278,0.3384,3.1498,156.049,144.1624,6.065,66.334,14.631,384706.51732687315,0.021,0
2026-09-28T14:42:02Z,4.848,21.1813,10.53,1.619,0.1278,0.3384,3.0592,156.035,144.162781,6.0185,65.919,14.567,384678.3981063184,0.021,0
2026-09-28T14:42:02Z,4.853,21.1827,10.53,1.6343,0.1278,0.5076,2.9837,156.006,144.15908,5.9732,65.537,14.457,384622.24730314844,0.021,0
2026-09-28T14:42:02Z,4.859,21.184,10.53,1.6114,0.1278,0.5076,2.9081,155.97,144.154317,5.9298,65.191,14.385,384561.0066707366,0.021,0
2026-09-28T14:42:02Z,4.864,21.1862,10.53,1.6381,0.1278,0.5076,2.9837,155.926,144.143216,5.8895,64.892,14.251,384436.5169196565,0.021,0
2026-09-28T14:42:02Z,4.869,21.1907,10.53,1.6228,0.1278,0.5076,3.0441,155.867,144.110805,5.8522,64.643,14.137,384115.4101094545,0.022,0
2026-09-28T14:42:02Z,4.875,21.1979,10.53,1.5503,0.1278,0.4653,2.9384,155.811,144.072474,5.8174,64.438,14.112,383694.8304333248,0.022,0
2026-09-28T14:42:02Z,4.88,21.2072,10.53,1.5503,0.1278,0.4653,3.0441,155.781,144.050044,5.7857,64.265,13.969,383337.66091325355,0.023,0
2026-09-28T14:42:02Z,4.886,21.2164,10.53,1.5847,0.1278,0.4653,3.0441,155.765,144.033529,5.7581,64.114,13.905,383023.5027714114,0.023,0
2026-09-28T14:42:02Z,4.892,21.2236,10.53,1.558,0.1278,0.4653,2.9837,155.757,144.018524,5.7352,63.982,13.746,382763.5997806532,0.024,0
2026-09-28T14:42:02Z,4.899,21.2279,10.53,1.5389,0.1278,0.3384,3.1347,155.769,144.017049,5.7165,63.875,13.621,382659.6654306546,0.025,0
2026-09-28T14:42:02Z,4.905,21.2298,10.53,1.5885,0.1278,0.3384,2.9837,155.78,144.012688,5.7009,63.806,13.548,382588.38572449144,0.025,0
2026-09-28T14:42:02Z,4.912,21.2293,10.53,1.5351,0.1278,0.3384,2.9535,155.778,143.996267,5.6876,63.795,13.46,382487.00764280674,0.026,0
2026-09-28T14:42:02Z,4.918,21.2266,10.53,1.5503,0.1278,0.3384,2.893,155.79,143.991443,5.6762,63.864,13.3,382512.91065438406,0.026,0
2026-09-28T14:42:02Z,4.925,21.2226,10.53,1.6075,0.1278,0.3384,3.316,155.827,144.008947,5.6671,64.03,13.216,382719.89823785634,0.027,0
2026-09-28T14:42:02Z,4.932,21.218,10.62,1.5999,0.1278,0.4653,3.2405,155.868,144.029412,5.6616,64.284,13.062,382960.3575776065,0.027,0
2026-09-28T14:42:02Z,4.939,21.2132,10.62,1.5885,0.1278,0.4653,3.2405,155.894,144.034264,5.6611,64.603,12.974,383098.42642589094,0.027,0
2026-09-28T14:42:02Z,4.946,21.2083,10.62,1.6152,0.1278,0.4653,3.2405,155.909,144.0288,5.6678,64.971,12.798,383168.091952758,0.028,0
2026-09-28T14:42:02Z,4.953,21.203,10.62,1.5656,0.1278,0.4653,3.316,155.911,144.011564,5.6832,65.36,12.726,383165.8947991108,0.028,0
2026-09-28T14:42:02Z,4.961,21.1973,10.53,1.5389,0.1278,0.3384,3.2858,155.904,143.985967,5.7063,65.73,12.596,383115.1704310175,0.028,0
2026-09-28T14:42:02Z,4.968,21.1912,10.53,1.5732,0.1278,0.3384,3.316,155.897,143.961205,5.7353,66.056,12.544,383078.89437443804,0.028,0
2026-09-28T14:42:02Z,4.975,21.1849,10.53,1.5541,0.1278,0.3384,3.4067,155.878,143.926668,5.7687,66.336,12.468,382980.0204141989,0.029,0
2026-09-28T14:42:02Z,4.982,21.1786,10.53,1.558,0.1278,0.3384,3.4671,155.862,143.895176,5.8039,66.576,12.36,382901.9848065598,0.029,0
2026-09-28T14:42:02Z,4.989,21.1725,10.53,1.5885,0.1278,0.4653,3.4067,155.869,143.884364,5.8375,66.777,12.261,382961.2257168387,0.03,0
2026-09-28T14:42:02Z,4.997,21.1668,10.53,1.5313,0.1278,0.4653,3.4369,155.888,143.885341,5.8671,66.933,12.254,383092.5278116675,0.031,0
2026-09-28T14:42:02Z,5.005,21.1614,10.53,1.558,0.1278,0.4653,3.5124,155.9,143.880343,5.8925,67.034,12.142,383176.36261723895,0.033,0
2026-09-28T14:42:02Z,5.013,21.156,10.53,1.5351,0.1278,0.4653,3.2405,155.895,143.862027,5.9145,67.068,11.988,383168.91150108894,0.035,0
2026-09-28T14:42:02Z,5.022,21.1505,10.62,1.5503,0.0852,0.3807,3.2707,155.898,143.851544,5.933,67.022,11.889,383217.3523560725,0.037,0
2026-09-28T14:42:02Z,5.032,21.1451,10.62,1.5656,0.0852,0.3807,3.2103,155.917,143.856111,5.9475,66.888,11.75,383366.84627621114,0.039,0
2026-09-28T14:42:02Z,5.042,21.14,10.62,1.5732,0.0852,0.3807,3.2405,155.939,143.862927,5.957,66.67,11.618,383525.27103064326,0.04,0
2026-09-28T14:42:02Z,5.053,21.1354,10.62,1.5656,0.0852,0.3807,3.3764,155.958,143.865799,5.9605,66.394,11.381,383645.73970074207,0.041,0
2026-09-28T14:42:02Z,5.064,21.1313,10.62,1.5465,0.0852,0.3807,3.2103,155.965,143.85748,5.9569,66.094,11.219,383678.4606650787,0.041,0
2026-09-28T14:42:02Z,5.075,21.1273,10.62,1.558,0.1704,0.54990000000000006,3.1801,155.966,143.843762,5.9455,65.8,11.066,383671.9258466231,0.041,0
2026-09-28T14:42:02Z,5.085,21.1228,10.62,1.5541,0.1704,0.54990000000000006,3.2103,155.977,143.841013,5.9267,65.543,10.913,383751.6690330515,0.041,0
2026-09-28T14:42:02Z,5.096,21.118,10.62,1.5007,0.1704,0.54990000000000006,3.2254,155.99,143.840488,5.9026,65.354,10.826,383853.2902799624,0.04,0
2026-09-28T14:42:02Z,5.106,21.1133,10.62,1.474,0.1704,0.54990000000000006,3.3009,155.988,143.82803,5.8765,65.239,10.765,383870.7664471458,0.04,0
2026-09-28T14:42:02Z,5.116,21.1088,10.71,1.4893,0.1278,0.2961,3.2103,155.984,143.814332,5.8509,65.176,10.621,383875.33728583594,0.039,0
2026-09-28T14:42:02Z,5.126,21.1045,10.71,1.4778,0.1278,0.2961,3.2254,155.979,143.80175,5.8285,65.125,10.536,383883.18828457897,0.038,0
2026-09-28T14:42:02Z,5.136,21.1006,10.71,1.6228,0.1278,0.2961,2.9837,155.968,143.784927,5.8121,65.058,10.363,383853.1202277267,0.037,0
2026-09-28T14:42:02Z,5.145,21.0971,10.71,1.6114,0.1278,0.2961,3.0139,155.958,143.769389,5.8024,64.96,10.22,383823.10387155646,0.036,0
2026-09-28T14:42:02Z,5.154,21.094,10.71,1.6495,0.1704,0.4653,3.0441,155.951,143.757001,5.7971,64.827,10.189,383805.95754748717,0.035,0
2026-09-28T14:42:02Z,5.162,21.0914,10.71,1.6075,0.1704,0.4653,3.0139,155.956,143.756474,5.7929,64.673,10.127,383859.36188452825,0.035,0
2026-09-28T14:42:02Z,5.171,21.0892,10.71,1.6266,0.1704,0.4653,2.7571,155.969,143.763661,5.7872,64.525,10.083,383957.0303653109,0.034,0
2026-09-28T14:42:02Z,5.179,21.0872,10.71,1.6152,0.1704,0.4653,2.7873,155.966,143.756449,5.7787,64.418,10.009,383951.3314894069,0.035,0
2026-09-28T14:42:02Z,5.188,21.0855,10.71,1.6495,0.1704,0.4653,2.742,155.958,143.742926,5.7671,64.374,9.9183,383895.6603995231,0.035,0
2026-09-28T14:42:02Z,5.197,21.0838,10.71,1.6343,0.1278,0.54990000000000006,2.7571,155.968,143.745521,5.7535,64.416,9.8239,383950.8002829947,0.036,0
2026-09-28T14:42:02Z,5.206,21.0822,10.71,1.4283,0.1278,0.54990000000000006,2.5607,155.978,143.746902,5.7406,64.559,9.7601,383995.4061008827,0.036,0
2026-09-28T14:42:02Z,5.216,21.0806,10.71,1.4244,0.1278,0.54990000000000006,2.5154,155.949,143.71339,5.7312,64.796,9.6756,383800.10304974316,0.037,0
2026-09-28T14:42:02Z,5.225,21.0788,10.71,1.3977,0.1278,0.54990000000000006,2.4701,155.9,143.662084,5.7275,65.097,9.6504,383486.9522752438,0.038,0
2026-09-28T14:42:02Z,5.235,21.0765,10.71,1.4397,0.1278,0.4653,2.5154,155.853,143.613346,5.7314,65.428,9.5773,383202.5208546687,0.039,0
2026-09-28T14:42:02Z,5.245,21.0742,10.71,1.4397,0.1278,0.4653,2.5607,155.808,143.566197,5.7444,65.756,9.5027,382929.0979556547,0.04,0
2026-09-28T14:42:02Z,5.256,21.072,10.71,1.4397,0.1278,0.4653,2.5607,155.772,143.528088,5.7658,66.049,9.3348,382715.62417087797,0.041,0
2026-09-28T14:42:02Z,5.267,21.07,10.71,1.4054,0.1278,0.4653,2.5909,155.72,143.476841,5.7928,66.289,9.2319,382407.6839095398,0.042,0
2026-09-28T14:42:02Z,5.278,21.0681,10.71,1.4321,0.1278,0.4653,2.5003,155.617,143.378764,5.8225,66.479,9.0946,381776.6185966695,0.042,0
2026-09-28T14:42:02Z,5.289,21.0664,10.71,1.1994,0.1278,0.4653,2.2586,155.46,143.231734,5.8518,66.618,8.969,380806.6632731617,0.041,0
2026-09-28T14:42:02Z,5.3,21.065,10.71,1.207,0.1278,0.4653,2.1981,155.224,143.012564,5.878,66.714,8.8913,379338.8660698328,0.041,0
2026-09-28T14:42:02Z,5.31,21.0638,10.71,1.1879,0.1278,0.4653,2.319,154.808,142.628765,5.8996,66.805,8.7609,376749.69527744397,0.039,0
2026-09-28T14:42:02Z,5.32,21.063,10.89,1.1574,0.1278,0.4653,2.3039,154.074,141.951956,5.9166,66.936,8.7286,372181.857509777,0.038,0
2026-09-28T14:42:02Z,5.329,21.0622,10.89,0.9667,0.1278,0.4653,2.3643,152.837,140.811666,5.929,67.158,8.6794,364551.0079986638,0.036,0
2026-09-28T14:42:02Z,5.338,21.0616,10.89,0.9438,0.1278,0.4653,2.319,150.772,138.909828,5.9377,67.504,8.6268,352022.6616100093,0.035,0
2026-09-28T14:42:02Z,5.347,21.0614,10.89,0.9362,0.1278,0.4653,2.3341,147.334,135.743289,5.9457,67.968,8.5559,331737.8969826569,0.034,0
2026-09-28T14:42:02Z,5.355,21.0613,10.89,0.9743,0.1278,0.4653,2.3945,141.629,130.487665,5.9575,68.517,8.4966,299674.9319294898,0.033,0
2026-09-28T14:42:02Z,5.364,21.0614,10.8,0.8522,0.1278,0.3384,2.2283,132.144,121.749467,5.9772,69.102,8.4175,250700.46473105875,0.032,0
2026-09-28T14:42:02Z,5.372,21.0617,10.8,0.8293,0.1278,0.3384,2.2737,116.327,107.176479,6.0079,69.672,8.3483,180569.1593906976,0.031,0
2026-09-28T14:42:02Z,5.379,21.0624,10.8,0.8065,0.1278,0.3384,2.3643,89.938,82.860545,6.0492,70.173,8.2869,93188.16548897981,0.03,0
2026-09-28T14:42:02Z,5.387,21.0633,10.8,0.7912,0.1278,0.3384,2.3492,45.968,42.339442,6.0979,70.573,8.2635,16903.1912400475,0.029,0
2026-09-28T14:42:02Z,5.394,21.0647,10.8,0.7302,0.1278,0.423,2.2737,-27.278,-25.162416,6.1498,70.87,8.2563,NA,0.029,0
2026-09-28T14:42:02Z,5.401,21.0665,10.8,0.7721,0.1278,0.423,2.3341,-149.34,-137.653535,6.2003,71.079,8.2402,NA,0.029,0
2026-09-28T14:42:02Z,5.408,21.0685,10.8,0.7759,0.1278,0.423,2.3039,-352.776,-325.143563,6.2447,71.239,8.2116,NA,0.029,0
2026-09-28T14:42:02Z,5.415,21.0706,10.8,0.734,0.1278,0.423,2.3341,-479.928,-442.321679,6.2801,71.427,8.0964,NA,0.029,0
2026-09-28T14:42:02Z,5.423,21.0735,10.89,0.837,0.1278,0.3384,2.2435,-352.814,-325.141237,6.3062,71.739,8.0263,NA,0.03,0
2026-09-28T14:42:02Z,5.431,21.0779,10.89,0.8293,0.1278,0.3384,2.2737,-149.428,-137.660277,6.3244,72.249,7.9379,NA,0.03,0
2026-09-28T14:42:02Z,5.439,21.0835,10.89,0.8065,0.1278,0.3384,2.2737,-27.403,-25.170008,6.3381,72.989,7.8521,NA,0.03,0
2026-09-28T14:42:02Z,5.446,21.0895,10.89,0.795,0.1278,0.3384,2.2737,45.8,42.32097,6.3542,73.932,7.83,16860.75340514464,0.029,0
2026-09-28T14:42:02Z,5.454,21.0957,10.89,0.8179,0.1278,0.3384,2.2737,89.706,82.810251,6.3811,75.013,7.7656,92868.07911415737,0.028,0
2026-09-28T14:42:02Z,5.461,21.1021,11.16,0.8103,0.1278,0.3384,2.2132,116.037,107.098983,6.4255,76.165,7.69,179819.5241693197,0.027,0
2026-09-28T14:42:02Z,5.468,21.1082,11.16,0.8255,0.1278,0.3384,2.2132,131.823,121.668167,6.4903,77.319,7.6467,249602.6534397213,0.027,0
2026-09-28T14:42:02Z,5.474,21.1145,11.16,0.8217,0.1278,0.3384,2.4549,141.299,130.422945,6.5733,78.393,7.6583,298384.88421607175,0.026,0
2026-09-28T14:42:02Z,5.48,21.1212,11.16,0.8141,0.1278,0.3384,2.1377,146.986,135.681906,6.6685,79.314,7.6069,330222.13107373164,0.025,0
2026-09-28T14:42:02Z,5.487,21.1274,11.34,0.8141,0.1278,0.423,2.1075,150.38,138.819403,6.7701,80.057,7.597,350114.5846034074,0.025,0
2026-09-28T14:42:02Z,5.493,21.1336,11.34,0.8255,0.1278,0.423,2.1679,152.396,140.680113,6.8718,80.621,7.5871,362194.4881015369,0.024,0
2026-09-28T14:42:02Z,5.499,21.1402,11.34,0.837,0.1278,0.423,2.1377,153.605,141.792268,6.9663,81.003,7.5182,369471.86758421967,0.024,0
2026-09-28T14:42:02Z,5.505,21.1457,11.34,0.7683,0.1278,0.423,2.2888,154.352,142.476473,7.0475,81.193,7.4774,373961.1467283196,0.024,0
2026-09-28T14:42:02Z,5.511,21.1488,11.52,0.7645,0.1278,0.4653,2.2132,154.829,142.911177,7.1131,81.186,7.4482,376838.4978365499,0.025,0
2026-09-28T14:42:02Z,5.517,21.1496,11.52,0.753,0.1278,0.4653,2.2737,155.136,143.188269,7.1631,80.988,7.3966,378704.8472638386,0.025,0
2026-09-28T14:42:02Z,5.524,21.149,11.52,0.7492,0.1278,0.4653,2.2586,155.327,143.35761,7.1971,80.604,7.4482,379871.79656919785,0.026,0
2026-09-28T14:42:02Z,5.53,21.1477,11.52,0.6844,0.1278,0.4653,2.319,155.44,143.456344,7.2142,80.035,7.4063,380573.85547579115,0.027,0
2026-09-28T14:42:02Z,5.537,21.146,11.97,0.692,0.1278,0.423,2.2435,155.505,143.510802,7.2138,79.282,7.347,380982.8212000381,0.027,0
2026-09-28T14:42:02Z,5.545,21.1441,11.97,0.6958,0.1278,0.423,2.2888,155.538,143.535505,7.1964,78.358,7.2755,381193.00031474483,0.027,0
2026-09-28T14:42:02Z,5.552,21.1421,11.97,0.7149,0.1278,0.423,2.2132,155.545,143.537041,7.1626,77.296,7.1594,381247.03275219665,0.027,0
2026-09-28T14:42:02Z,5.559,21.1402,11.97,0.7149,0.1278,0.423,2.2435,155.535,143.523828,7.1123,76.137,7.1719,381198.05353323347,0.027,0
2026-09-28T14:42:02Z,5.566,21.1383,11.97,0.7035,0.1278,0.423,2.3341,155.531,143.516376,7.0457,74.914,7.1253,381188.4598092281,0.026,0
2026-09-28T14:42:02Z,5.572,21.1365,12.96,0.6691,0.1278,0.3807,2.3039,155.547,143.528717,6.9638,73.668,7.0882,381312.02964415465,0.026,0
2026-09-28T14:42:02Z,5.579,21.1349,12.96,0.6882,0.1278,0.3807,2.319,155.575,143.552127,6.8696,72.449,7.1144,381506.9945098813,0.025,0
2026-09-28T14:42:02Z,5.585,21.1336,12.96,0.6806,0.1278,0.3807,2.2888,155.605,143.576828,6.7668,71.298,7.0851,381704.3295764088,0.025,0
2026-09-28T14:42:02Z,5.591,21.1326,12.96,0.7073,0.1278,0.3807,2.2435,155.628,143.593386,6.6583,70.243,7.0101,381839.4545155003,0.026,0
2026-09-28T14:42:02Z,5.598,21.1317,12.87,0.7035,0.1278,0.3807,2.2435,155.637,143.5942,6.5476,69.311,7.0177,381864.65059729735,0.027,0
2026-09-28T14:42:02Z,5.605,21.1309,12.87,0.6806,0.1278,0.3807,2.2283,155.626,143.573479,6.4394,68.515,6.9615,381740.26180658885,0.028,0
2026-09-28T14:42:02Z,5.612,21.13,12.87,0.6233,0.1278,0.3807,2.5305,155.598,143.531704,6.3372,67.855,6.9767,381474.0181018251,0.03,0
2026-09-28T14:42:02Z,5.619,21.1285,12.87,0.6424,0.1278,0.3807,2.5003,155.576,143.49178,6.2436,67.316,6.9479,381233.59915123036,0.032,0
2026-09-28T14:42:02Z,5.628,21.1261,13.59,0.6005,0.1278,0.2961,2.6664,155.572,143.465089,6.161,66.886,6.846,381103.31930169667,0.034,0
2026-09-28T14:42:02Z,5.637,21.1225,13.59,0.631,0.1278,0.2961,2.5154,155.586,143.452522,6.0907,66.559,6.8564,381095.74149221525,0.037,0
2026-09-28T14:42:02Z,5.646,21.1176,13.59,0.6844,0.1278,0.2961,2.5154,155.621,143.458738,6.0326,66.317,6.843,381244.9366860964,0.04,0
2026-09-28T14:42:02Z,5.657,21.1113,13.59,0.7149,0.1278,0.2961,2.5305,155.666,143.477382,5.9854,66.133,6.7353,381509.75950812356,0.043,0
2026-09-28T14:42:02Z,5.668,21.104,13.59,0.6996,0.1278,0.2961,2.5909,155.708,143.497402,5.948,65.997,6.651,381806.00117133197,0.045,0
2026-09-28T14:42:02Z,5.68,21.0958,14.58,0.7035,0.0852,0.2961,2.606,155.731,143.504111,5.9199,65.911,6.5321,382030.9008019672,0.048,0
2026-09-28T14:42:02Z,5.693,21.0874,14.58,0.7073,0.0852,0.2961,2.5154,155.719,143.479272,5.8993,65.887,6.4447,382044.0521372878,0.05,0
2026-09-28T14:42:02Z,5.706,21.0799,14.58,0.7035,0.0852,0.2961,2.5154,155.675,143.424271,5.8839,65.947,6.3667,381830.8121306888,0.051,0
2026-09-28T14:42:02Z,5.72,21.074,14.58,0.7073,0.0852,0.2961,2.5305,155.652,143.382517,5.8725,66.111,6.211,381673.4275368528,0.051,0
2026-09-28T14:42:02Z,5.734,21.0693,14.67,0.692,0.0852,0.3384,2.606,155.682,143.380925,5.8653,66.393,6.1934,381765.06901890895,0.052,0
2026-09-28T14:42:02Z,5.747,21.065,14.67,0.7225,0.0852,0.3384,2.5154,155.728,143.385025,5.8637,66.787,6.1026,381887.03071394097,0.051,0
2026-09-28T14:42:02Z,5.76,21.0603,14.67,0.7683,0.0852,0.3384,2.4398,155.769,143.377884,5.8696,67.251,6.0366,381940.68735643907,0.051,0
2026-09-28T14:42:02Z,5.773,21.0537,14.67,0.7492,0.0852,0.3384,2.5758,155.816,143.373618,5.8849,67.734,5.9597,382055.58052860264,0.05,0
2026-09-28T14:42:02Z,5.785,21.0444,15.12,0.7645,0.1278,0.3384,2.5154,155.854,143.363075,5.9112,68.195,5.8723,382186.4605664094,0.049,0
2026-09-28T14:42:02Z,5.798,21.0321,15.12,0.7492,0.1278,0.3384,2.6362,155.875,143.339436,5.9477,68.606,5.8051,382293.10541708313,0.048,0
2026-09-28T14:42:02Z,5.81,21.0176,15.12,0.7569,0.1278,0.3384,2.5607,155.898,143.316423,5.9907,68.956,5.7586,382452.2411820027,0.047,0
2026-09-28T14:42:02Z,5.823,21.0024,15.12,0.7416,0.1278,0.3384,2.5305,155.946,143.311929,6.0356,69.272,5.6692,382754.12495206075,0.046,0
2026-09-28T14:42:02Z,5.834,20.9877,15.12,0.7645,0.1278,0.3384,2.5607,156.004,143.316742,6.0784,69.61,5.58,383109.40543513827,0.045,0
2026-09-28T14:42:02Z,5.846,20.9738,15.21,0.7645,0.1278,0.3384,2.4701,156.019,143.300099,6.1166,70.025,5.5679,383299.7755284383,0.043,0
2026-09-28T14:42:02Z,5.856,20.9598,15.21,0.7111,0.1278,0.3384,2.3341,156.008,143.27959,6.1495,70.552,5.5305,383465.8566531359,0.042,0
2026-09-28T14:42:02Z,5.866,20.9442,15.21,0.6806,0.1278,0.3384,2.3643,156.031,143.295807,6.1796,71.204,5.466,383920.46347662323,0.04,0
2026-09-28T14:42:02Z,5.876,20.9287,15.21,0.6996,0.1278,0.3384,2.3341,156.074,143.327042,6.2116,71.961,5.4423,384477.17874375626,0.039,0
2026-09-28T14:42:02Z,5.886,20.9188,15.21,0.6729,0.1278,0.2538,2.2283,156.09,143.331557,6.2498,72.751,5.4034,384726.54024701606,0.038,0
2026-09-28T14:42:02Z,5.895,20.9156,15.21,0.7645,0.1278,0.2538,2.319,156.099,143.322575,6.2972,73.482,5.3578,384735.0245707064,0.037,0
2026-09-28T14:42:02Z,5.905,20.9139,15.21,0.7492,0.1278,0.2538,2.2283,156.126,143.31372,6.3556,74.065,5.3022,384711.31275931565,0.037,0
2026-09-28T14:42:02Z,5.914,20.9113,15.21,0.7683,0.1278,0.2538,2.319,156.163,143.298626,6.4235,74.433,5.338,384664.3287292206,0.038,0
2026-09-28T14:42:02Z,5.923,20.9082,15.21,0.7569,0.1278,0.2538,2.3341,156.213,143.289283,6.4945,74.554,5.2723,384668.10578546626,0.039,0
2026-09-28T14:42:02Z,5.933,20.9026,15.21,0.6996,0.1278,0.2538,2.2888,156.265,143.287203,6.5604,74.436,5.2312,384777.2146259822,0.041,0
2026-09-28T14:42:02Z,5.944,20.8919,15.21,0.6996,0.1278,0.2538,2.2435,156.292,143.271801,6.6139,74.115,5.1545,384906.77224065125,0.044,0
2026-09-28T14:42:02Z,5.955,20.8761,15.21,0.6729,0.1278,0.2538,2.4398,156.292,143.238969,6.6488,73.66,5.0001,385028.4013252159,0.046,0
2026-09-28T14:42:02Z,5.967,20.8585,15.3,0.6691,0.1278,0.2115,2.2435,156.291,143.213995,6.6619,73.166,4.9676,385244.2849567882,0.048,0
2026-09-28T14:42:02Z,5.98,20.8426,15.3,0.6882,0.1278,0.2115,2.5456,156.306,143.212246,6.6534,72.721,4.9075,385583.7243195323,0.05,0
2026-09-28T14:42:02Z,5.993,20.8297,15.3,0.6806,0.1278,0.2115,2.4852,156.332,143.219238,6.6264,72.379,4.7604,385917.7448237281,0.052,0
2026-09-28T14:42:02Z,6.007,20.8191,15.3,0.7111,0.1278,0.2115,2.4096,156.357,143.218814,6.5871,72.156,4.6764,386149.64837663644,0.053,0
2026-09-28T14:42:02Z,6.021,20.8114,15.3,0.6844,0.1278,0.2115,2.5607,156.382,143.210859,6.5438,72.047,4.5848,386265.11963471654,0.054,0
2026-09-28T14:42:02Z,6.035,20.8065,15.39,0.6996,0.1278,0.2115,2.5154,156.403,143.193249,6.5047,72.022,4.5254,386251.4902240789,0.053,0
2026-09-28T14:42:02Z,6.049,20.8013,15.39,0.7073,0.1278,0.2115,2.5758,156.425,143.171302,6.4747,72.035,4.4902,386214.3885095595,0.053,0
2026-09-28T14:42:02Z,6.063,20.7938,15.39,0.6882,0.1278,0.2115,2.5758,156.466,143.16119,6.4558,72.038,4.3405,386310.4890076233,0.052,0
2026-09-28T14:42:02Z,6.076,20.7839,15.39,0.6729,0.1278,0.2115,2.5607,156.529,143.162218,6.4472,71.993,4.2675,386537.31645582267,0.051,0
2026-09-28T14:42:02Z,6.088,20.7722,15.48,0.6996,0.0852,0.2538,2.2586,156.601,143.156637,6.4464,71.873,4.204,386758.3371857316,0.05,0
2026-09-28T14:42:02Z,6.101,20.7586,15.48,0.7073,0.0852,0.2538,2.3794,156.69,143.144957,6.4493,71.673,4.1631,386979.3303776065,0.049,0
2026-09-28T14:42:02Z,6.113,20.7434,15.48,0.7149,0.0852,0.2538,2.3341,156.814,143.14609,6.4515,71.399,4.1217,387325.3581438372,0.049,0
2026-09-28T14:42:02Z,6.125,20.7255,15.48,0.7035,0.0852,0.2538,2.3643,156.943,143.142307,6.4497,71.06,4.0524,387697.67528123566,0.049,0
2026-09-28T14:42:02Z,6.138,20.7027,15.48,0.6996,0.1278,0.2538,2.6513,157.038,143.110565,6.4419,70.669,3.9533,387984.662987028,0.048,0
2026-09-28T14:42:02Z,6.15,20.673,15.48,0.6996,0.1278,0.2538,2.5305,157.111,143.068427,6.4277,70.245,3.8465,388353.5083667529,0.047,0
2026-09-28T14:42:02Z,6.163,20.6371,15.48,0.6729,0.1278,0.2538,2.5456,157.2,143.044705,6.4076,69.817,3.7119,388990.60713626666,0.046,0
2026-09-28T14:42:02Z,6.174,20.5984,15.48,0.6844,0.1278,0.2538,2.5305,157.316,143.037076,6.382,69.404,3.7207,389804.9353649766,0.045,0
2026-09-28T14:42:02Z,6.185,20.5608,15.48,0.7492,0.1278,0.2538,2.3794,157.445,143.029483,6.3516,69,3.7111,390597.0003669911,0.044,0
2026-09-28T14:42:02Z,6.196,20.5261,15.48,0.7797,0.1278,0.2538,2.3341,157.582,143.033911,6.3178,68.597,3.6265,391410.41827703314,0.043,0
2026-09-28T14:42:02Z,6.206,20.4929,15.48,0.7569,0.1278,0.2538,2.3643,157.701,143.04352600000001,6.2834,68.195,3.6093,392228.6414071695,0.043,0
2026-09-28T14:42:02Z,6.217,20.457,15.48,0.7492,0.1278,0.2538,2.2737,157.782,143.038857,6.2506,67.801,3.5548,393009.20577777934,0.044,0
2026-09-28T14:42:02Z,6.228,20.4175,15.48,0.7035,0.1278,0.2538,2.4701,157.84,143.022664,6.219,67.434,3.5156,393792.0143594168,0.045,0
2026-09-28T14:42:02Z,6.24,20.3794,15.48,0.7225,0.1278,0.2115,2.4701,157.9,143.006648,6.1874,67.119,3.4415,394546.2707384695,0.046,0
2026-09-28T14:42:02Z,6.252,20.348,15.48,0.692,0.1278,0.2115,2.6513,157.986,143.00456,6.1549,66.883,3.3355,395248.4325321553,0.047,0
2026-09-28T14:42:02Z,6.264,20.3232,15.48,0.692,0.1278,0.2115,2.5154,158.095,143.005829,6.1224,66.748,3.2489,395824.94322457677,0.048,0
2026-09-28T14:42:02Z,6.277,20.3016,15.48,0.7721,0.1278,0.2115,2.5154,158.225,142.998774,6.0919,66.734,3.1826,396269.71412148146,0.048,0
2026-09-28T14:42:02Z,6.29,20.2794,15.48,0.7569,0.1278,0.2538,2.5909,158.385,142.985516,6.0661,66.855,3.0953,396684.6318437768,0.047,0
2026-09-28T14:42:02Z,6.302,20.254,15.48,0.7569,0.1278,0.2538,2.5003,158.55,142.958505,6.0479,67.116,3.0479,397075.4161893939,0.046,0
2026-09-28T14:42:02Z,6.314,20.2234,15.48,0.7492,0.1278,0.2538,2.5607,158.7,142.934557,6.0394,67.508,2.9714,397608.52607844234,0.044,0
2026-09-28T14:42:02Z,6.324,20.184,15.48,0.6996,0.1278,0.2538,2.2737,158.782,142.909277,6.0429,68.028,2.9746,398336.34354564885,0.042,0
2026-09-28T14:42:02Z,6.334,20.1342,15.39,0.6806,0.0852,0.1269,2.3643,158.692,142.829852,6.0599,68.679,2.994,398917.5068651129,0.04,0
2026-09-28T14:42:02Z,6.344,20.0787,15.39,0.7187,0.0852,0.1269,2.2888,158.493,142.743191,6.0903,69.47,2.9553,399580.2737093371,0.038,0
2026-09-28T14:42:02Z,6.354,20.0285,15.39,0.7149,0.0852,0.1269,2.3039,158.33,142.710305,6.1319,70.424,2.8949,400510.0621756158,0.036,0
2026-09-28T14:42:02Z,6.363,19.9972,15.39,0.7645,0.0852,0.1269,2.319,158.202,142.68439,6.1828,71.544,2.8804,401052.1831664714,0.034,0
2026-09-28T14:42:02Z,6.372,19.9977,15.39,0.7645,0.0852,0.1269,2.2737,158.097,142.656534,6.2419,72.762,2.8124,400838.95259822963,0.032,0
2026-09-28T14:42:02Z,6.38,20.0269,15.39,0.7797,0.0852,0.0846,2.4549,158.015,142.635332,6.3099,73.945,2.7899,400005.72666342574,0.029,0
2026-09-28T14:42:02Z,6.387,20.0629,15.39,0.7797,0.0852,0.0846,2.3643,157.957,142.621138,6.3919,74.945,2.7639,399067.31907658913,0.027,0
2026-09-28T14:42:02Z,6.393,20.0912,15.39,0.7454,0.0852,0.0846,2.3039,157.92,142.616177,6.49,75.651,2.7923,398376.0793249341,0.024,0
2026-09-28T14:42:02Z,6.398,20.1123,15.39,0.7569,0.0852,0.0846,2.2737,157.843,142.57707,6.5978,76.021,2.7736,397607.38872979034,0.022,0
2026-09-28T14:42:02Z,6.404,20.1287,15.48,0.7797,0.1278,0.1692,2.3794,157.755,142.537446,6.7029,76.084,2.7478,396944.84137629415,0.021,0
2026-09-28T14:42:02Z,6.409,20.1408,15.48,0.7645,0.1278,0.1692,2.2888,157.723,142.54882,6.792,75.941,2.6846,396747.67509999446,0.02,0
2026-09-28T14:42:02Z,6.414,20.1498,15.48,0.6806,0.1278,0.1692,2.3945,157.664,142.540132,6.8549,75.741,2.6765,396478.2969948745,0.019,0
2026-09-28T14:42:02Z,6.418,20.1595,15.48,0.6958,0.1278,0.1692,2.2435,157.542,142.48103,6.8871,75.639,2.694,395832.3299735008,0.018,0
2026-09-28T14:42:02Z,6.423,20.172,15.48,0.7073,0.1704,0.1692,2.2737,157.454,142.439866,6.8912,75.758,2.6643,395251.243534158,0.017,0
2026-09-28T14:42:02Z,6.427,20.1849,15.48,0.6882,0.1704,0.1692,2.3039,157.412,142.409672,6.8765,76.147,2.6343,394740.11618680466,0.015,0
2026-09-28T14:42:02Z,6.431,20.1989,15.48,0.631,0.1704,0.1692,2.3643,157.366,142.352358,6.8564,76.787,2.6326,394011.2289031111,0.014,0
2026-09-28T14:42:02Z,6.434,20.2152,15.48,0.65,0.1704,0.1692,2.3039,157.349,142.306706,6.8451,77.596,2.6303,393314.15357909346,0.013,0
2026-09-28T14:42:02Z,6.437,20.2274,15.48,0.6348,0.1704,0.1692,2.2586,157.371,142.280567,6.8542,78.445,2.6155,392850.30372030666,0.012,0
2026-09-28T14:42:02Z,6.44,20.2299,15.66,0.65,0.1278,0.2115,2.3039,157.385,142.240933,6.889,79.214,2.6246,392511.7396062457,0.011,0
2026-09-28T14:42:02Z,6.443,20.2249,15.66,0.692,0.1278,0.2115,2.0773,157.381,142.195255,6.9476,79.825,2.5749,392300.93897408503,0.011,0
2026-09-28T14:42:02Z,6.446,20.2151,15.66,0.6996,0.1278,0.2115,2.0471,157.359,142.141363,7.0222,80.238,2.6087,392140.9041458602,0.01,0
2026-09-28T14:42:02Z,6.448,20.2004,15.66,0.7073,0.1278,0.2115,2.0622,157.281,142.036851,7.1012,80.426,2.5699,391732.6356955231,0.009,0
2026-09-28T14:42:02Z,6.45,20.184,15.66,0.6882,0.1278,0.1692,2.1377,157.132,141.865862,7.1731,80.359,2.5889,390891.11777203064,0.008,0
2026-09-28T14:42:02Z,6.452,20.1704,15.66,0.6272,0.1278,0.1692,2.2888,156.893,141.614838,7.2303,80.016,2.5421,389419.7791336442,0.008,0
2026-09-28T14:42:02Z,6.454,20.1595,15.66,0.65,0.1278,0.1692,2.2737,156.467,141.196813,7.2693,79.407,2.5482,386711.3737199134,0.007,0
2026-09-28T14:42:02Z,6.455,20.1485,15.66,0.6462,0.1278,0.1692,2.3643,155.73,140.496306,7.2879,78.555,2.5119,382034.49333269015,0.007,0
2026-09-28T14:42:02Z,6.457,20.1365,15.66,0.6386,0.1278,0.2961,2.3794,154.49,139.342536,7.2834,77.484,2.5454,374269.11353588896,0.008,0
2026-09-28T14:42:02Z,6.459,20.1248,15.66,0.6272,0.1278,0.2961,2.3039,152.398,137.427826,7.254,76.235,2.481,361415.0641222515,0.009,0
2026-09-28T14:42:02Z,6.461,20.1131,15.66,0.6348,0.1278,0.2961,2.3643,148.898,134.257606,7.2004,74.866,2.4611,340566.41009084345,0.01,0
2026-09-28T14:42:02Z,6.464,20.1001,15.66,0.6081,0.1278,0.2961,2.2737,143.075,129.008511,7.125,73.45,2.4918,307558.671439195,0.012,0
2026-09-28T14:42:02Z,6.467,20.0862,15.66,0.631,0.0852,0.2961,2.3643,133.373,120.282782,7.0297,72.066,2.5388,257014.09324893096,0.014,0
2026-09-28T14:42:02Z,6.47,20.0733,15.66,0.6767,0.0852,0.2961,2.1679,117.155,105.711507,6.9182,70.778,2.4298,184454.86541415076,0.016,0
2026-09-28T14:42:02Z,6.475,20.0618,15.66,0.692,0.0852,0.2961,2.2435,90.036,81.356947,6.7955,69.634,2.3967,94125.87398556808,0.018,0
2026-09-28T14:42:02Z,6.48,20.0509,15.66,0.6996,0.0852,0.2961,2.2888,44.813,40.752586,6.6685,68.685,2.3724,16236.660718334897,0.019,0
2026-09-28T14:42:02Z,6.486,20.0391,15.66,0.692,0.0852,0.2961,2.2737,-30.503,-26.849307,6.5443,67.996,2.3544,NA,0.02,0
2026-09-28T14:42:02Z,6.491,20.0241,15.66,0.6157,0.0852,0.1692,2.1377,-156.029,-139.449881,6.4293,67.63,2.2523,NA,0.02,0
2026-09-28T14:42:02Z,6.497,20.0025,15.66,0.6348,0.0852,0.1692,2.2435,-365.278,-327.041922,6.3281,67.616,2.2754,NA,0.019,0
2026-09-28T14:42:02Z,6.501,19.9694,15.66,0.6272,0.0852,0.1692,2.183,-495.956,-444.28855,6.246,67.94,2.2809,NA,0.018,0
2026-09-28T14:42:02Z,6.505,19.921,15.66,0.6424,0.0852,0.1692,2.0924,-364.897,-327.16019,6.1895,68.553,2.2988,NA,0.017,0
2026-09-28T14:42:02Z,6.509,19.8621,15.75,0.6386,0.1278,0.1692,2.1075,-155.328,-139.727987,6.1637,69.364,2.2715,NA,0.017,0
2026-09-28T14:42:02Z,6.513,19.7991,15.75,0.6157,0.1278,0.1692,2.183,-29.491,-27.267338,6.1705,70.237,2.2695,NA,0.017,0
2026-09-28T14:42:02Z,6.517,19.7302,15.75,0.6157,0.1278,0.1692,2.183,46.076,40.193232,6.2089,71.014,2.2705,15965.15469691567,0.018,0
2026-09-28T14:42:02Z,6.522,19.6541,15.75,0.6157,0.1278,0.1692,2.1226,91.441,80.619172,6.2744,71.561,2.2391,94136.08182073492,0.02,0
2026-09-28T14:42:02Z,6.527,19.5766,15.75,0.6272,0.1278,0.2115,2.3039,118.704,104.846792,6.3584,71.813,2.2101,185880.9777111881,0.023,0
2026-09-28T14:42:02Z,6.533,19.5037,15.75,0.6157,0.1278,0.2115,2.3039,135.096,119.352805,6.4476,71.792,2.2333,260620.46604777945,0.026,0
2026-09-28T14:42:02Z,6.54,19.4369,15.75,0.6081,0.1278,0.2115,2.3039,144.963,128.023496,6.5275,71.581,2.1991,313438.81981009233,0.029,0
2026-09-28T14:42:02Z,6.548,19.3743,15.75,0.6233,0.1278,0.2115,2.3794,150.951,133.223105,6.5859,71.29,2.149,348561.6236885299,0.033,0
2026-09-28T14:42:02Z,6.556,19.3158,15.75,0.6653,0.1278,0.2115,2.183,154.523,136.266102,6.6167,71.026,2.1673,370709.6079215608,0.037,0
2026-09-28T14:42:02Z,6.566,19.2615,15.75,0.6348,0.1704,0.3384,2.1679,156.493,137.879844,6.6218,70.867,2.1267,383344.61699070845,0.041,0
2026-09-28T14:42:02Z,6.577,19.2097,15.75,0.6348,0.1704,0.3384,2.1377,157.51,138.63883,6.609,70.861,2.107,389990.6562124776,0.045,0
2026-09-28T14:42:02Z,6.589,19.1591,15.75,0.65,0.1704,0.3384,2.2737,158.053,138.973719,6.5889,71.042,2.091,393593.48608158354,0.05,0
2026-09-28T14:42:02Z,6.602,19.1104,15.75,0.7149,0.1704,0.3384,2.1377,158.252,139.011853,6.571,71.407,2.0774,395004.75545785745,0.056,0
2026-09-28T14:42:02Z,6.617,19.0625,15.93,0.692,0.1704,0.1269,2.0773,158.147,138.789424,6.5626,71.901,2.0671,394492.88376876555,0.061,0
2026-09-28T14:42:02Z,6.633,19.0136,15.93,0.7073,0.1704,0.1269,2.2132,157.881,138.429317,6.5686,72.44,2.0372,392995.7034141634,0.067,0
2026-09-28T14:42:02Z,6.652,18.965,15.93,0.692,0.1704,0.1269,2.2132,157.526,137.995679,6.5919,72.965,1.9303,390954.4894586737,0.072,0
2026-09-28T14:42:02Z,6.671,18.9194,15.93,0.6272,0.1704,0.1269,2.3039,157.092,137.496999,6.6319,73.448,1.8466,388372.36020702426,0.076,0
2026-09-28T14:42:02Z,6.692,18.8768,16.11,0.6539,0.1278,0.2538,2.2737,156.576,136.934432,6.6836,73.879,1.8057,385263.19742945436,0.079,0
2026-09-28T14:42:02Z,6.713,18.8357,16.11,0.6386,0.1278,0.2538,2.183,155.91,136.252053,6.7394,74.252,1.6999,381264.7359576485,0.08,0
2026-09-28T14:42:02Z,6.733,18.7961,16.11,0.6233,0.1278,0.2538,2.2888,154.926,135.301925,6.7936,74.575,1.6896,375334.1183497743,0.081,0
2026-09-28T14:42:02Z,6.754,18.7579,16.11,0.6462,0.1278,0.2538,2.0471,153.349,133.84469000000001,6.8439,74.879,1.6283,365837.3796783741,0.081,0
2026-09-28T14:42:02Z,6.775,18.7219,16.2,0.6424,0.1278,0.2538,2.183,150.868,131.607865,6.889,75.216,1.6034,351043.9060195497,0.08,0
2026-09-28T14:42:02Z,6.796,18.689,16.2,0.6424,0.1278,0.2538,2.1377,146.959,128.137098,6.9283,75.645,1.5652,328328.7642514034,0.078,0
2026-09-28T14:42:02Z,6.816,18.6591,16.2,0.6233,0.1278,0.2538,2.1981,140.63,122.566907,6.9627,76.18,1.5146,293328.71346350724,0.077,0
2026-09-28T14:42:02Z,6.835,18.6316,16.2,0.7683,0.1278,0.2538,2.1981,130.304,113.526012,6.995,76.794,1.467,241174.49145100487,0.075,0
2026-09-28T14:42:02Z,6.854,18.606,16.2,0.7607,0.1278,0.2538,2.1075,113.338,98.723617,7.0302,77.457,1.461,168542.63782680823,0.073,0
2026-09-28T14:42:02Z,6.872,18.5821,16.29,0.7645,0.1278,0.2961,2.2132,85.234,74.254452,7.0737,78.122,1.4049,81129.27013942794,0.071,0
2026-09-28T14:42:02Z,6.889,18.5593,16.29,0.753,0.1278,0.2961,2.1981,38.525,33.629437,7.1271,78.704,1.3819,10934.130827239629,0.07,0
2026-09-28T14:42:02Z,6.907,18.5369,16.29,0.7492,0.1278,0.2961,2.1377,-39.211,-33.94273,7.1878,79.125,1.3852,NA,0.069,0
2026-09-28T14:42:02Z,6.924,18.5164,16.29,0.7073,0.1278,0.2961,2.0924,-168.66,-146.433253,7.2529,79.347,1.3572,NA,0.068,0
2026-09-28T14:42:02Z,6.941,18.4988,16.29,0.692,0.1278,0.2538,2.1377,-384.333,-333.823592,7.3178,79.383,1.308,NA,0.067,0
2026-09-28T14:42:02Z,6.958,18.4833,16.29,0.6806,0.1278,0.2538,2.1377,-519.183,-451.000944,7.3747,79.289,1.286,NA,0.067,0
2026-09-28T14:42:02Z,6.975,18.4699,16.29,0.6996,0.1278,0.2538,2.0924,-384.557,-334.079,7.4161,79.149,1.2394,NA,0.067,0
2026-09-28T14:42:02Z,6.992,18.4582,16.29,0.6233,0.1278,0.2538,2.2132,-169.061,-146.904088,7.4388,79.019,1.2649,NA,0.067,0
2026-09-28T14:42:02Z,7.009,18.4476,16.29,0.6157,0.1278,0.2538,2.0773,-39.777,-34.620436,7.444,78.914,1.2343,NA,0.066,0
2026-09-28T14:42:02Z,7.026,18.4376,16.29,0.6005,0.1278,0.2538,2.0773,37.779,32.728275,7.4368,78.81,1.1629,10294.128062561025,0.065,0
2026-09-28T14:42:02Z,7.043,18.4279,16.29,0.6195,0.1278,0.2538,2.2283,84.3,73.119714,7.425,78.667,1.1479,78694.79139052087,0.063,0
2026-09-28T14:42:02Z,7.059,18.4186,16.29,0.6272,0.1278,0.2538,2.2283,112.213,97.348951,7.414,78.398,1.1389,164381.45427769702,0.061,0
2026-09-28T14:42:02Z,7.074,18.4098,16.29,0.6081,0.1278,0.2538,2.0773,128.956,111.877115,7.4053,77.884,1.1152,235334.64388862683,0.059,0
2026-09-28T14:42:02Z,7.089,18.4017,16.29,0.631,0.1278,0.1692,2.1075,138.98,120.570377,7.3967,77.007,1.0976,285514.3094430406,0.057,0
2026-09-28T14:42:02Z,7.103,18.3945,16.29,0.6195,0.1278,0.1692,2.1075,144.988,125.774963,7.3843,75.689,1.0603,318494.23046842514,0.055,0
2026-09-28T14:42:02Z,7.116,18.3884,16.29,0.6348,0.1278,0.1692,2.1226,148.604,128.902781,7.36,73.917,1.09,339425.73540084413,0.053,0
2026-09-28T14:42:02Z,7.13,18.3831,16.29,0.6539,0.1278,0.1692,2.2586,150.774,130.775906,7.3124,71.723,1.0752,352390.31114739453,0.052,0
2026-09-28T14:42:02Z,7.143,18.3782,16.29,0.65,0.1278,0.2538,2.2132,152.069,131.889834,7.2308,69.16,1.0108,360280.63292126084,0.051,0
2026-09-28T14:42:02Z,7.155,18.3736,16.29,0.6272,0.1278,0.2538,2.0622,152.839,132.549618,7.1077,66.28,1.0378,365042.4070692289,0.05,0
2026-09-28T14:42:02Z,7.168,18.3692,16.29,0.5928,0.1278,0.2538,2.183,153.277,132.923195,6.9419,63.081,0.9932,367795.4187983826,0.049,0
2026-09-28T14:42:02Z,7.181,18.3652,16.29,0.5699,0.1278,0.2538,2.1226,153.515,133.124196,6.7364,59.484,0.97778,369318.13040442724,0.049,0
2026-09-28T14:42:02Z,7.193,18.3617,16.38,0.5738,0.1278,0.1692,2.0773,153.658,133.244252,6.4961,55.413,1.0148,370254.16101373534,0.048,0
2026-09-28T14:42:02Z,7.205,18.3588,16.38,0.5852,0.1278,0.1692,2.2132,153.738,133.309373,6.226,50.918,1.0135,370784.72898022964,0.047,0
2026-09-28T14:42:02Z,7.217,18.3564,16.38,0.5585,0.1278,0.1692,2.1528,153.75,133.314906,5.9257,46.194,0.95989,370877.52904103696,0.047,0
2026-09-28T14:42:02Z,7.229,18.3545,16.38,0.5432,0.1278,0.1692,2.1377,153.718,133.282344,5.588,41.516,0.98674,370686.2617124128,0.046,0
2026-09-28T14:42:02Z,7.241,18.353,16.38,0.589,0.1278,0.2961,2.1075,153.682,133.245038,5.2058,37.18,0.90578,370452.2060039428,0.045,0
2026-09-28T14:42:02Z,7.252,18.3515,16.38,0.5776,0.1278,0.2961,2.1679,153.667,133.225065,4.7836,33.448,0.90598,370342.34025420644,0.045,0
2026-09-28T14:42:02Z,7.263,18.35,16.38,0.5585,0.1278,0.2961,2.0622,153.664,133.215099,4.3399,30.505,0.8923,370304.1452100671,0.044,0
2026-09-28T14:42:02Z,7.274,18.3483,16.38,0.5623,0.1278,0.2961,2.1528,153.652,133.196466,3.9005,28.428,0.90992,370208.31047424744,0.044,0
2026-09-28T14:42:02Z,7.285,18.3464,16.38,0.5852,0.1278,0.2961,2.2737,153.635,133.172206,3.4933,27.197,0.89327,370076.6188805528,0.044,0
2026-09-28T14:42:02Z,7.296,18.3442,16.38,0.5432,0.1278,0.1269,2.1075,153.619,133.147858,3.1428,26.703,0.89853,369950.9431219911,0.044,0
2026-09-28T14:42:02Z,7.308,18.3418,16.38,0.5928,0.1278,0.1269,2.1075,153.594,133.116929,2.8664,26.804,0.88766,369782.5997275933,0.044,0
2026-09-28T14:42:02Z,7.319,18.3391,16.38,0.5814,0.1278,0.1269,2.2132,153.566,133.083179,2.6715,27.362,0.88438,369600.7237403008,0.044,0
2026-09-28T14:42:02Z,7.33,18.336,16.38,0.5776,0.1278,0.1269,2.2435,153.546,133.057626,2.5559,28.257,0.88746,369486.34461009566,0.044,0
2026-09-28T14:42:02Z,7.341,18.3327,16.38,0.5776,0.1278,0.2961,2.2435,153.54,133.045465,2.5098,29.37,0.82033,369472.1860017569,0.045,0
2026-09-28T14:42:02Z,7.353,18.3296,16.38,0.5432,0.1278,0.2961,1.896,153.542,133.039448,2.5194,30.578,0.88189,369497.5684383416,0.046,0
2026-09-28T14:42:02Z,7.364,18.3267,16.38,0.5318,0.1278,0.2961,1.896,153.54,133.029964,2.572,31.759,0.87293,369493.7287466982,0.047,0
2026-09-28T14:42:02Z,7.377,18.3241,16.38,0.5356,0.1278,0.2961,1.9111,153.536,133.018488,2.6563,32.811,0.8577,369469.00910689,0.048,0
2026-09-28T14:42:02Z,7.389,18.3216,16.38,0.5432,0.1278,0.2961,1.8809,153.525,133.001959,2.7611,33.662,0.80217,369405.9212774831,0.05,0
2026-09-28T14:42:02Z,7.402,18.3191,16.38,0.5776,0.1278,0.2961,1.8205,153.504,132.975969,2.8747,34.289,0.79939,369275.1407631827,0.051,0
2026-09-28T14:42:02Z,7.415,18.3165,16.38,0.5852,0.1278,0.2961,1.8809,153.487,132.953603,2.986,34.716,0.78715,369172.5020921295,0.051,0
2026-09-28T14:42:02Z,7.429,18.314,16.38,0.5509,0.1278,0.2961,1.8658,153.485,132.944909,3.0849,34.999,0.78187,369165.46093753376,0.051,0
2026-09-28T14:42:02Z,7.442,18.3116,16.38,0.5585,0.1278,0.2961,1.8658,153.479,132.931555,3.1651,35.195,0.79024,369122.8743111379,0.051,0
2026-09-28T14:42:02Z,7.455,18.3092,16.38,0.6233,0.0852,0.1269,1.8809,153.461,132.905978,3.2243,35.344,0.71057,368992.8523353215,0.05,0
2026-09-28T14:42:02Z,7.468,18.3068,16.38,0.6424,0.0852,0.1269,1.8809,153.446,132.881372,3.2646,35.464,0.72681,368869.7872940662,0.049,0
2026-09-28T14:42:02Z,7.48,18.3045,16.38,0.6157,0.0852,0.1269,1.9413,153.438,132.861183,3.2914,35.547,0.68883,368776.1127739458,0.048,0
2026-09-28T14:42:02Z,7.492,18.3018,16.38,0.65,0.0852,0.1269,1.8809,153.44,132.850035,3.3099,35.581,0.72587,368755.90658574214,0.047,0
2026-09-28T14:42:02Z,7.504,18.2986,16.38,0.6958,0.1278,0.2115,1.8205,153.446,132.842953,3.3242,35.57,0.67917,368775.7976883508,0.047,0
2026-09-28T14:42:02Z,7.516,18.2947,16.38,0.6996,0.1278,0.2115,2.0018,153.444,132.828041,3.3357,35.525,0.70305,368755.1206804723,0.047,0
2026-09-28T14:42:02Z,7.527,18.2904,16.38,0.6767,0.1278,0.2115,1.9413,153.429,132.80132,3.3439,35.453,0.67373,368658.7947099975,0.047,0
2026-09-28T14:42:02Z,7.539,18.2861,16.38,0.6767,0.1278,0.2115,1.8205,153.414,132.773679,3.3473,35.368,0.66906,368555.8829012476,0.047,0
2026-09-28T14:42:02Z,7.551,18.282,16.38,0.6653,0.1278,0.2115,1.9413,153.416,132.759765,3.3466,35.287,0.66097,368546.72418106545,0.046,0
2026-09-28T14:42:02Z,7.563,18.2779,16.38,0.6424,0.1278,0.2115,1.9564,153.426,132.751862,3.3426,35.225,0.67593,368580.5562599538,0.046,0
2026-09-28T14:42:02Z,7.575,18.2735,16.38,0.6577,0.1278,0.2115,1.9413,153.424,132.735853,3.3361,35.186,0.65142,368563.018882211,0.046,0
2026-09-28T14:42:02Z,7.586,18.2686,16.38,0.6233,0.1278,0.2115,1.9413,153.405,132.707468,3.3284,35.16,0.64424,368467.96174826566,0.047,0
2026-09-28T14:42:02Z,7.598,18.2634,16.38,0.6348,0.1278,0.2115,1.8809,153.386,132.681155,3.3212,35.13,0.63645,368394.325897498,0.047,0
2026-09-28T14:42:02Z,7.61,18.2583,16.38,0.6195,0.1278,0.2115,1.8507,153.381,132.667911,3.3157,35.093,0.64382,368411.96518165886,0.048,0
2026-09-28T14:42:02Z,7.622,18.2535,16.38,0.6729,0.1278,0.2115,1.896,153.383,132.660201,3.3123,35.058,0.61416,368462.59113055584,0.049,0
2026-09-28T14:42:02Z,7.635,18.2495,16.38,0.6348,0.1278,0.2115,1.8205,153.391,132.655969,3.3101,35.034,0.61617,368520.4830730116,0.05,0
2026-09-28T14:42:02Z,7.648,18.2462,16.38,0.5852,0.1278,0.2115,1.8507,153.408,132.65809,3.3076,35.024,0.62616,368608.4290824391,0.05,0
2026-09-28T14:42:02Z,7.661,18.2433,16.47,0.5547,0.1278,0.2961,1.8356,153.425,132.659121,3.3043,35.01,0.60792,368679.7711601833,0.051,0
2026-09-28T14:42:02Z,7.674,18.2402,16.47,0.5699,0.1278,0.2961,1.9262,153.414,132.637319,3.3011,34.969,0.62834,368592.04892791784,0.052,0
2026-09-28T14:42:02Z,7.687,18.2366,16.47,0.5394,0.1278,0.2961,1.9413,153.375,132.592874,3.2992,34.88,0.5841,368353.26802746736,0.052,0
2026-09-28T14:42:02Z,7.701,18.2325,16.47,0.5661,0.1278,0.2961,1.8054,153.353,132.563974,3.2985,34.733,0.59615,368236.79247336066,0.052,0
2026-09-28T14:42:02Z,7.714,18.2283,16.47,0.5738,0.1278,0.1692,1.9111,153.359,132.560925,3.2975,34.53,0.58384,368307.5329554276,0.052,0
2026-09-28T14:42:02Z,7.727,18.2243,16.47,0.547,0.1278,0.1692,1.8054,153.365,132.558896,3.2939,34.287,0.57179,368381.18604549125,0.052,0
2026-09-28T14:42:02Z,7.74,18.2207,16.47,0.547,0.1278,0.1692,1.8356,153.351,132.541332,3.2858,34.022,0.58422,368334.80159603123,0.051,0
2026-09-28T14:42:02Z,7.753,18.2175,16.47,0.5699,0.1278,0.1692,1.8809,153.336,132.523566,3.2721,33.756,0.54273,368278.14677783224,0.051,0
2026-09-28T14:42:02Z,7.766,18.2147,16.47,0.5928,0.1278,0.1692,1.8507,153.342,132.524877,3.2532,33.508,0.5192,368349.26238747186,0.051,0
2026-09-28T14:42:02Z,7.779,18.2124,16.47,0.5661,0.1278,0.1692,1.9262,153.356,132.533607,3.2305,33.298,0.55562,368462.50399779645,0.051,0
2026-09-28T14:42:02Z,7.792,18.2106,16.47,0.5738,0.1278,0.1692,1.8507,153.363,132.536071,3.2056,33.132,0.52203,368519.8573118555,0.05,0
2026-09-28T14:42:02Z,7.805,18.2091,16.47,0.6424,0.1278,0.1692,1.8809,153.358,132.528922,3.1806,33.002,0.54391,368501.7322910502,0.05,0
2026-09-28T14:42:02Z,7.818,18.2078,16.47,0.6348,0.1278,0.1692,1.9111,153.338,132.510254,3.1574,32.895,0.53722,368396.6822967456,0.049,0
2026-09-28T14:42:02Z,7.83,18.2066,16.47,0.6348,0.1278,0.2538,1.896,153.294,132.471086,3.1377,32.812,0.52957,368142.6457356318,0.048,0
2026-09-28T14:42:02Z,7.843,18.2056,16.47,0.6119,0.1278,0.2538,1.8507,153.232,132.416985,3.1221,32.759,0.47453,367777.4321708487,0.047,0
2026-09-28T14:42:02Z,7.854,18.2047,16.47,0.5242,0.1278,0.2538,1.8658,153.182,132.373555,3.1098,32.749,0.51348,367486.54044740903,0.045,0
2026-09-28T14:42:02Z,7.866,18.2041,16.47,0.5318,0.1278,0.2538,1.9111,153.168,132.36124,3.0998,32.787,0.48024,367411.66029271967,0.043,0
2026-09-28T14:42:02Z,7.876,18.2037,16.56,0.5318,0.1278,0.2961,1.8809,153.185,132.376755,3.0919,32.873,0.47012,367531.4244066513,0.042,0
2026-09-28T14:42:02Z,7.886,18.2035,16.56,0.5165,0.1278,0.2961,1.9413,153.213,132.400221,3.087,33.007,0.47815,367703.6996024571,0.04,0
2026-09-28T14:42:02Z,7.896,18.2035,16.56,0.528,0.1278,0.2961,1.9413,153.234,132.417879,3.0861,33.199,0.48464,367830.05362089514,0.039,0
2026-09-28T14:42:02Z,7.906,18.2035,16.56,0.5165,0.1278,0.2961,1.8205,153.24,132.422428,3.0897,33.448,0.47053,367862.6063398294,0.039,0
2026-09-28T14:42:02Z,7.916,18.2036,16.47,0.528,0.1278,0.2538,1.9413,153.242,132.423087,3.0977,33.74,0.45673,367865.11635953304,0.039,0
2026-09-28T14:42:02Z,7.925,18.2036,16.47,0.5089,0.1278,0.2538,1.896,153.259,132.436045,3.1104,34.043,0.45991,367957.86035143817,0.039,0
2026-09-28T14:42:02Z,7.935,18.2035,16.47,0.5699,0.1278,0.2538,1.9413,153.28,132.452747,3.1285,34.322,0.43352,368079.62670249096,0.04,0
2026-09-28T14:42:02Z,7.946,18.2032,16.47,0.5814,0.1278,0.2538,1.9111,153.288,132.457632,3.152,34.565,0.44749,368121.2104462118,0.04,0
2026-09-28T14:42:02Z,7.956,18.2028,16.56,0.5547,0.1278,0.1269,1.8658,153.288,132.456005,3.1796,34.775,0.43061,368118.3733330817,0.04,0
2026-09-28T14:42:02Z,7.966,18.2022,16.56,0.5776,0.1278,0.1269,1.9262,153.28,132.447433,3.2082,34.944,0.46666,368070.2183742273,0.041,0
2026-09-28T14:42:02Z,7.977,18.2017,16.56,0.5776,0.1278,0.1269,1.8205,153.261,132.429628,3.2345,35.064,0.44866,367953.7654411694,0.041,0
2026-09-28T14:42:02Z,7.987,18.2011,16.56,0.5699,0.1278,0.1269,1.896,153.249,132.41786,3.2575,35.136,0.42089,367882.74336113845,0.041,0
2026-09-28T14:42:02Z,7.998,18.2006,16.56,0.5776,0.1278,0.1269,1.8507,153.239,132.408989,3.2773,35.156,0.41916,367830.2594039388,0.04,0
2026-09-28T14:42:02Z,8.008,18.2001,16.56,0.5776,0.0852,0.2115,1.8507,153.212,132.384638,3.2932,35.116,0.41861,367667.0055697069,0.04,0
2026-09-28T14:42:02Z,8.018,18.1996,16.56,0.5165,0.0852,0.2115,1.896,153.179,132.354325,3.3045,35.01,0.42977,367461.14523060963,0.039,0
2026-09-28T14:42:02Z,8.028,18.1993,16.56,0.5242,0.0852,0.2115,1.8205,153.172,132.345996,3.3114,34.84,0.38144,367408.16777291975,0.039,0
2026-09-28T14:42:02Z,8.038,18.199,16.56,0.5165,0.0852,0.2115,1.9111,153.183,132.353424,3.3133,34.619,0.41508,367467.89463626413,0.038,0
2026-09-28T14:42:02Z,8.048,18.1986,16.56,0.5585,0.1278,0.3384,1.9111,153.191,132.358576,3.3095,34.372,0.4177,367513.54660771706,0.037,0
2026-09-28T14:42:02Z,8.057,18.198,16.56,0.5738,0.1278,0.3384,1.8658,153.202,132.366829,3.2996,34.135,0.41202,367585.7911393514,0.036,0
2026-09-28T14:42:02Z,8.065,18.1975,16.56,0.5776,0.1278,0.3384,1.8507,153.211,132.372377,3.2836,33.941,0.39117,367636.4894185002,0.035,0
2026-09-28T14:42:02Z,8.074,18.1969,16.56,0.589,0.1278,0.3384,1.8658,153.214,132.372697,3.2627,33.807,0.39347,367651.9846249562,0.034,0
2026-09-28T14:42:02Z,8.082,18.1963,16.56,0.5547,0.1278,0.2538,1.8658,153.219,132.375879,3.2395,33.736,0.40519,367687.9610813346,0.034,0
2026-09-28T14:42:02Z,8.091,18.1956,16.56,0.5356,0.1278,0.2538,1.9413,153.224,132.378769,3.2173,33.716,0.38443,367724.05248122895,0.034,0
2026-09-28T14:42:02Z,8.099,18.195,16.56,0.528,0.1278,0.2538,1.9715,153.22,132.374131,3.1989,33.735,0.37568,367704.0685655958,0.034,0
2026-09-28T14:42:02Z,8.108,18.1944,16.56,0.4975,0.1278,0.2538,1.8658,153.202,132.356726,3.1864,33.773,0.36292,367592.72554393957,0.035,0
2026-09-28T14:42:02Z,8.117,18.1939,16.56,0.5509,0.1278,0.2538,1.8507,153.177,132.333922,3.1797,33.808,0.36371,367440.57631616475,0.036,0
2026-09-28T14:42:02Z,8.126,18.1935,16.56,0.547,0.1278,0.1692,1.9413,153.149,132.307642,3.1779,33.828,0.35783,367261.4029522432,0.038,0
2026-09-28T14:42:02Z,8.136,18.193,16.56,0.5318,0.1278,0.1692,1.896,153.122,132.280888,3.1797,33.834,0.3335,367081.08855472924,0.039,0
2026-09-28T14:42:02Z,8.146,18.1925,16.56,0.528,0.1278,0.1692,1.9413,153.112,132.268541,3.1833,33.831,0.3509,367003.80533368984,0.041,0
2026-09-28T14:42:02Z,8.157,18.192,16.56,0.5432,0.1278,0.1692,1.9111,153.11,132.261305,3.1866,33.828,0.35335,366963.0636395285,0.043,0
2026-09-28T14:42:02Z,8.168,18.1913,16.56,0.5585,0.1278,0.1692,1.8507,153.1,132.247242,3.1886,33.823,0.34923,366877.9207894441,0.045,0
2026-09-28T14:42:02Z,8.18,18.1903,16.56,0.5738,0.1278,0.1692,1.896,153.095,132.236612,3.1892,33.82,0.30989,366823.91188029567,0.046,0
2026-09-28T14:42:02Z,8.192,18.189,16.56,0.5547,0.1278,0.1692,1.9262,153.111,132.244594,3.1891,33.827,0.3392,366909.5196646138,0.047,0
2026-09-28T14:42:02Z,8.204,18.1873,16.56,0.5661,0.1278,0.1692,1.8507,153.148,132.271314,3.1889,33.848,0.33019,367137.9184907089,0.047,0
2026-09-28T14:42:02Z,8.217,18.1854,16.56,0.5699,0.0852,0.2115,1.9413,153.185,132.297878,3.1885,33.873,0.32541,367369.7063650392,0.047,0
2026-09-28T14:42:02Z,8.229,18.1834,16.56,0.5928,0.0852,0.2115,1.9111,153.211,132.315357,3.1883,33.886,0.33408,367538.7850082325,0.048,0
2026-09-28T14:42:02Z,8.241,18.1815,16.56,0.5661,0.0852,0.2115,1.7601,153.231,132.328411,3.1891,33.879,0.30694,367674.0475410801,0.048,0
2026-09-28T14:42:02Z,8.253,18.1796,16.56,0.5699,0.0852,0.2115,1.9413,153.25,132.340521,3.1912,33.85,0.33928,367802.59227999137,0.049,0
2026-09-28T14:42:02Z,8.266,18.178,16.56,0.6157,0.0852,0.1269,1.9262,153.271,132.354918,3.1937,33.796,0.31117,367940.94327520364,0.05,0
2026-09-28T14:42:02Z,8.279,18.1765,16.56,0.6272,0.0852,0.1269,1.9564,153.294,132.371435,3.195,33.714,0.27065,368092.31975162314,0.051,0
2026-09-28T14:42:02Z,8.292,18.175,16.56,0.6348,0.0852,0.1269,1.8809,153.315,132.386473,3.1944,33.617,0.32471,368233.14533572306,0.052,0
2026-09-28T14:42:02Z,8.305,18.1737,16.56,0.631,0.0852,0.1269,1.8658,153.316,132.384025,3.1918,33.523,0.28832,368244.2728209936,0.053,0
2026-09-28T14:42:02Z,8.319,18.1724,16.56,0.5699,0.0852,0.1269,1.9111,153.3,132.36744,3.1868,33.451,0.30125,368154.09058781393,0.054,0
2026-09-28T14:42:02Z,8.333,18.1713,16.56,0.5509,0.1278,0.1269,1.8809,153.3,132.364322,3.1792,33.417,0.30099,368156.0021808458,0.056,0
2026-09-28T14:42:02Z,8.347,18.1703,16.56,0.5432,0.1278,0.1269,1.8205,153.307,132.365832,3.1701,33.431,0.27678,368188.8728934688,0.057,0
2026-09-28T14:42:02Z,8.362,18.1693,16.56,0.5738,0.1278,0.1269,1.8809,153.292,132.348355,3.1613,33.493,0.23808000000000001,368085.6822804711,0.058,0
2026-09-28T14:42:02Z,8.377,18.1683,16.56,0.528,0.1278,0.1269,1.8809,153.255,132.311233,3.1545,33.596,0.28901,367841.7768017395,0.059,0
2026-09-28T14:42:02Z,8.393,18.1672,16.65,0.6539,0.1278,0.1692,1.9111,153.218,132.272587,3.1513,33.729,0.27349,367589.24899795325,0.06,0
2026-09-28T14:42:02Z,8.408,18.1659,16.65,0.6386,0.1278,0.1692,1.896,153.196,132.24613,3.1527,33.874,0.25634,367428.4593979982,0.059,0
2026-09-28T14:42:02Z,8.424,18.1645,16.65,0.6615,0.1278,0.1692,1.8658,153.192,132.234815,3.1587,34.008,0.23561000000000001,367378.2769973202,0.059,0
2026-09-28T14:42:02Z,8.439,18.1627,16.65,0.6272,0.1278,0.1692,1.8356,153.221,132.251637,3.1685,34.112,0.25307,367538.32567968935,0.057,0
2026-09-28T14:42:02Z,8.453,18.1606,16.56,0.6348,0.1278,0.2961,1.8054,153.265,132.281064,3.1812,34.187,0.25965,367795.32783134346,0.056,0
2026-09-28T14:42:02Z,8.467,18.1582,16.56,0.6272,0.1278,0.2961,1.8205,153.281,132.286911,3.1951,34.242,0.27708,367890.10720743076,0.054,0
2026-09-28T14:42:02Z,8.481,18.1556,16.56,0.6424,0.1278,0.2961,1.8658,153.268,132.268735,3.2079,34.269,0.2498,367817.18378420116,0.053,0
2026-09-28T14:42:02Z,8.494,18.1529,16.56,0.6233,0.1278,0.2961,1.9564,153.25,132.245706,3.2178,34.27,0.21651,367711.69629375753,0.051,0
2026-09-28T14:42:02Z,8.507,18.1502,16.56,0.6233,0.1278,0.2961,1.8356,153.24,132.231699,3.2251,34.252,0.23829,367670.8400845978,0.05,0
2026-09-28T14:42:02Z,8.519,18.1476,16.56,0.6386,0.1704,0.1692,1.6996,153.245,132.232987,3.2304,34.223,0.23793,367737.3550745681,0.048,0
2026-09-28T14:42:02Z,8.531,18.1451,16.56,0.6539,0.1704,0.1692,1.8507,153.269,132.251913,3.2331,34.196,0.19347,367928.08936272166,0.047,0
2026-09-28T14:42:02Z,8.543,18.1428,16.56,0.6348,0.1704,0.1692,1.8205,153.291,132.271509,3.2334,34.183,0.22613,368119.29755577486,0.047,0
2026-09-28T14:42:02Z,8.554,18.141,16.56,0.5432,0.1704,0.1692,1.9111,153.29,132.270979,3.2319,34.179,0.2626,368155.20803095575,0.048,0
2026-09-28T14:42:02Z,8.565,18.1399,16.56,0.5585,0.1278,0.1692,1.9413,153.273,132.254186,3.2292,34.179,0.25903,368059.0579729685,0.05,0
2026-09-28T14:42:02Z,8.578,18.1395,16.56,0.5699,0.1278,0.1692,1.9111,153.266,132.242671,3.2267,34.188,0.23479,367985.3179304586,0.053,0
2026-09-28T14:42:02Z,8.591,18.1396,16.56,0.5661,0.1278,0.1692,1.8507,153.287,132.251377,3.2254,34.202,0.22282,368045.52555588516,0.057,0
2026-09-28T14:42:02Z,8.607,18.1397,16.56,0.5203,0.1278,0.1692,1.7903,153.302,132.252603,3.225,34.215,0.24736,368052.1041134478,0.062,0
2026-09-28T14:42:02Z,8.624,18.139,16.56,0.5051,0.1278,0.3384,1.9111,153.284,132.224657,3.2251,34.223,0.17906,367867.1916043065,0.066,0
2026-09-28T14:42:02Z,8.642,18.1371,16.56,0.5089,0.1278,0.3384,1.8205,153.241,132.176099,3.2261,34.218,0.2048,367561.0812635629,0.071,0
2026-09-28T14:42:02Z,8.66,18.134,16.56,0.5242,0.1278,0.3384,1.8356,153.189,132.12,3.2276,34.196,0.20776,367227.511265818,0.075,0
2026-09-28T14:42:02Z,8.68,18.1303,16.56,0.589,0.1278,0.3384,2.0169,153.161,132.085433,3.2291,34.16,0.17582,367061.41674454854,0.079,0
2026-09-28T14:42:02Z,8.7,18.1263,16.56,0.5623,0.1278,0.1692,2.0773,153.177,132.089199,3.23,34.117,0.18799,367176.40711332014,0.083,0
2026-09-28T14:42:02Z,8.722,18.1225,16.56,0.5738,0.1278,0.1692,2.1377,153.198,132.098277,3.2298,34.069,0.20762,367325.0895675625,0.087,0
2026-09-28T14:42:02Z,8.745,18.1189,16.56,0.5661,0.1278,0.1692,2.0622,153.188,132.08106,3.228,34.023,0.1826,367281.01028917165,0.09,0
2026-09-28T14:42:02Z,8.769,18.1154,16.56,0.5051,0.1278,0.1692,1.9866,153.165,132.054974,3.2249,33.988,0.17798,367171.1853326705,0.092,0
2026-09-28T14:42:02Z,8.793,18.1121,16.56,0.528,0.1278,0.1692,1.8205,153.153,132.039083,3.221,33.973,0.18228,367129.98730830336,0.094,0
2026-09-28T14:42:02Z,8.817,18.1092,16.56,0.5127,0.1278,0.2115,1.8658,153.161,132.041157,3.2167,33.973,0.16711,367208.68636655697,0.096,0
2026-09-28T14:42:02Z,8.842,18.1066,16.56,0.5432,0.1278,0.2115,1.9262,153.185,132.057746,3.2125,33.985,0.14066,367384.82694266416,0.096,0
2026-09-28T14:42:02Z,8.867,18.1044,16.56,0.5203,0.1278,0.2115,2.1377,153.206,132.073259,3.2094,34.002,0.16143,367544.50770449,0.095,0
2026-09-28T14:42:02Z,8.892,18.1026,16.56,0.5585,0.1278,0.2115,2.0773,153.216,132.079823,3.208,34.017,0.16059,367631.2464401645,0.093,0
2026-09-28T14:42:02Z,8.916,18.101,16.56,0.528,0.0852,0.2961,2.2283,153.21,132.073184,3.2082,34.026,0.17026,367618.9029724494,0.089,0
2026-09-28T14:42:02Z,8.939,18.0997,16.56,0.528,0.0852,0.2961,2.0924,153.19,132.053573,3.2093,34.019,0.159,367506.9250982201,0.085,0
2026-09-28T14:42:02Z,8.96,18.0988,16.56,0.5928,0.0852,0.2961,2.0471,153.16,132.025767,3.211,33.992,0.13618,367327.4004856962,0.079,0
2026-09-28T14:42:02Z,8.98,18.0981,16.56,0.6081,0.0852,0.2961,2.183,153.142,132.008372,3.2125,33.947,0.13453,367218.1304832708,0.073,0
2026-09-28T14:42:02Z,8.997,18.0975,16.56,0.5928,0.1278,0.0846,2.0773,153.147,132.01076,3.2134,33.873,0.13121,367248.45475226763,0.068,0
2026-09-28T14:42:02Z,9.013,18.097,16.56,0.6081,0.1278,0.0846,2.1679,153.154,132.015552,3.2128,33.769,0.13766,367293.81096090487,0.062,0
2026-09-28T14:42:02Z,9.028,18.0963,16.56,0.7073,0.1278,0.0846,1.8658,153.168,132.026029,3.2103,33.658,0.13908,367384.3350981704,0.058,0
2026-09-28T14:42:02Z,9.042,18.0956,16.56,0.692,0.1278,0.0846,1.8054,153.19,132.044984,3.2061,33.548,0.13511,367535.67143671855,0.054,0
2026-09-28T14:42:02Z,9.055,18.095,16.56,0.7073,0.1278,0.0846,1.7752,153.205,132.059459,3.1991,33.422,0.14087,367652.7111632318,0.05,0
2026-09-28T14:42:02Z,9.067,18.0945,16.65,0.6729,0.0852,0.2115,1.8658,153.222,132.075315,3.1894,33.278,0.14403,367777.4787455785,0.047,0
2026-09-28T14:42:02Z,9.079,18.0942,16.65,0.5432,0.0852,0.2115,2.1377,153.241,132.092777,3.1789,33.123,0.1376,367909.3866213301,0.045,0
2026-09-28T14:42:02Z,9.09,18.0942,16.65,0.5509,0.0852,0.2115,2.0773,153.245,132.096487,3.1684,32.969,0.12314,367936.00585119764,0.043,0
2026-09-28T14:42:02Z,9.1,18.0945,16.65,0.5661,0.0852,0.2115,2.1981,153.229,132.083431,3.1566,32.824,0.12642,367835.6962481983,0.042,0
2026-09-28T14:42:02Z,9.11,18.0949,16.56,0.5585,0.0852,0.1692,2.0924,153.222,132.078147,3.1429,32.696,0.116,367788.95628099295,0.041,0
2026-09-28T14:42:02Z,9.12,18.0952,16.56,0.528,0.0852,0.1692,2.0773,153.231,132.087234,3.1283,32.591,0.1176,367847.53093818226,0.041,0
2026-09-28T14:42:02Z,9.131,18.0954,16.56,0.528,0.0852,0.1692,2.1075,153.218,132.077088,3.1137,32.523,0.13745,367770.32075197366,0.042,0
2026-09-28T14:42:02Z,9.142,18.0956,16.56,0.528,0.0852,0.1692,2.1226,153.18,132.045001,3.0999,32.506,0.11615,367535.7553412043,0.042,0
2026-09-28T14:42:02Z,9.153,18.0959,16.56,0.547,0.0852,0.2115,2.1528,153.158,132.026453,3.0878,32.541,0.1188,367396.1414277209,0.042,0
2026-09-28T14:42:02Z,9.164,18.0963,16.56,0.5928,0.0852,0.2115,2.0471,153.157,132.024502,3.0779,32.616,0.11605,367373.3354501433,0.042,0
2026-09-28T14:42:02Z,9.175,18.0966,16.56,0.5738,0.0852,0.2115,2.1075,153.149,132.016612,3.0715,32.721,0.1159,367310.159131858,0.042,0
2026-09-28T14:42:02Z,9.186,18.0969,16.56,0.5699,0.0852,0.2115,2.2132,153.148,132.014688,3.0699,32.839,0.12525,367289.75441179867,0.042,0
2026-09-28T14:42:02Z,9.196,18.0971,16.65,0.5814,0.0852,0.2538,2.2132,153.17,132.032229,3.0732,32.955,0.11688,367411.0925087679,0.041,0
2026-09-28T14:42:02Z,9.207,18.0969,16.65,0.5509,0.0852,0.2538,2.1226,153.18,132.039886,3.0803,33.06,0.13215,367470.39647868025,0.041,0
2026-09-28T14:42:02Z,9.217,18.0965,16.65,0.5318,0.0852,0.2538,2.1075,153.162,132.021688,3.0902,33.149,0.11956,367348.7345094537,0.04,0
2026-09-28T14:42:02Z,9.227,18.0961,16.65,0.5165,0.0852,0.2538,2.1075,153.146,132.006807,3.1014,33.217,0.11997,367250.8704370689,0.04,0
2026-09-28T14:42:02Z,9.237,18.0957,16.65,0.5356,0.0852,0.2538,2.0924,153.159,132.017295,3.1123,33.266,0.11592,367334.8602264835,0.039,0
2026-09-28T14:42:02Z,9.247,18.0952,16.56,0.5089,0.0852,0.1692,1.9413,153.179,132.033932,3.1223,33.296,0.12631,367465.15708068537,0.039,0
2026-09-28T14:42:02Z,9.257,18.0946,16.56,0.5165,0.0852,0.1692,1.7903,153.176,132.031131,3.1308,33.307,0.12325,367458.2927030243,0.039,0
2026-09-28T14:42:02Z,9.267,18.094,16.56,0.5356,0.0852,0.1692,1.8356,153.157,132.01415,3.1373,33.301,0.11617,367349.7580282306,0.039,0
2026-09-28T14:42:02Z,9.277,18.0937,16.56,0.5089,0.0852,0.1692,1.8809,153.134,131.992471,3.1419,33.279,0.11686,367200.9574919181,0.039,0
2026-09-28T14:42:02Z,9.287,18.0936,16.56,0.5394,0.1278,0.0846,2.0471,153.113,131.972323,3.1447,33.246,0.11605,367058.75904385926,0.04,0
2026-09-28T14:42:02Z,9.297,18.0935,16.56,0.5242,0.1278,0.0846,2.183,153.121,131.976353,3.1458,33.208,0.11605,367089.83646977117,0.04,0
2026-09-28T14:42:02Z,9.307,18.0932,16.56,0.5127,0.1278,0.0846,2.2435,153.151,131.99763,3.1452,33.167,0.11595,367248.9385973163,0.04,0
2026-09-28T14:42:02Z,9.317,18.0928,16.56,0.5127,0.1278,0.0846,2.1377,153.172,132.009804,3.1432,33.126,0.116,367345.02132809226,0.04,0
2026-09-28T14:42:02Z,9.328,18.0921,16.56,0.5966,0.1278,0.2115,2.1377,153.187,132.016121,3.1401,33.088,0.11595,367405.735096642,0.04,0
2026-09-28T14:42:02Z,9.338,18.0911,16.56,0.5585,0.1278,0.2115,2.2283,153.213,132.030275,3.1366,33.049,0.12055,367529.27385375847,0.04,0
2026-09-28T14:42:02Z,9.348,18.0895,16.56,0.547,0.1278,0.2115,2.1377,153.251,132.050034,3.1328,33.004,0.1162,367706.2871674733,0.04,0
2026-09-28T14:42:02Z,9.357,18.0877,16.56,0.5738,0.1278,0.2115,2.1679,153.272,132.052647,3.1291,32.95,0.11605,367764.73808013997,0.04,0
2026-09-28T14:42:02Z,9.367,18.0856,16.56,0.5661,0.1278,0.2115,2.1377,153.264,132.030802,3.1256,32.883,0.11612,367654.32105119136,0.041,0
2026-09-28T14:42:02Z,9.378,18.0827,16.56,0.5699,0.0852,0.2961,2.0169,153.247,132.002692,3.1221,32.803,0.11607,367516.6102158272,0.042,0
2026-09-28T14:42:02Z,9.389,18.0785,16.56,0.5661,0.0852,0.2961,2.0773,153.223,131.970829,3.1181,32.695,0.11605,367380.6472669593,0.043,0
2026-09-28T14:42:02Z,9.4,18.0735,16.56,0.5699,0.0852,0.2961,2.2586,153.186,131.930717,3.1133,32.546,0.11607,367203.15618095285,0.044,0
2026-09-28T14:42:02Z,9.412,18.0686,16.56,0.5318,0.0852,0.2961,2.1075,153.153,131.895678,3.1073,32.346,0.11585,367059.84226850903,0.044,0
2026-09-28T14:42:02Z,9.423,18.0643,16.65,0.5432,0.1278,0.2115,2.1377,153.141,131.880387,3.1,32.101,0.1159,367044.9062301587,0.044,0
2026-09-28T14:42:02Z,9.434,18.0607,16.65,0.5776,0.1278,0.2115,2.1377,153.14,131.876762,3.0901,31.819,0.11597,367098.2087522158,0.044,0
2026-09-28T14:42:02Z,9.446,18.0578,16.65,0.5585,0.1278,0.2115,2.1679,153.123,131.859818,3.0761,31.511,0.11597,367040.56992993015,0.044,0
2026-09-28T14:42:02Z,9.457,18.0557,16.65,0.5127,0.1278,0.2115,2.1226,153.085,131.825038,3.0573,31.194,0.1162,366837.4143230063,0.044,0
2026-09-28T14:42:02Z,9.468,18.0542,16.65,0.5089,0.1278,0.2961,2.183,153.051,131.795169,3.0343,30.895,0.11605,366656.3037348426,0.044,0
2026-09-28T14:42:02Z,9.479,18.0531,16.65,0.5394,0.1278,0.2961,2.1075,153.052,131.794272,3.0077,30.636,0.1162,366674.0777908996,0.044,0
2026-09-28T14:42:02Z,9.49,18.0524,16.65,0.5089,0.1278,0.2961,2.032,153.086,131.822108,2.9786,30.434,0.1161,366889.05551422347,0.044,0
2026-09-28T14:42:02Z,9.501,18.0519,16.65,0.5509,0.1278,0.2961,2.0773,153.125,131.854074,2.9487,30.298,0.1162,367129.33807761036,0.045,0
2026-09-28T14:42:02Z,9.512,18.0515,16.65,0.5356,0.0852,0.2538,2.0773,153.152,131.874677,2.9205,30.229,0.11595,367285.97292313114,0.046,0
2026-09-28T14:42:02Z,9.524,18.0511,16.65,0.5356,0.0852,0.2538,2.183,153.168,131.885408,2.896,30.219,0.11617,367371.796772232,0.047,0
2026-09-28T14:42:02Z,9.536,18.0506,16.65,0.5509,0.0852,0.2538,2.1377,153.168,131.881122,2.877,30.251,0.11612,367352.05744499224,0.048,0
2026-09-28T14:42:02Z,9.548,18.05,16.65,0.5089,0.0852,0.2538,2.1075,153.145,131.856674,2.8642,30.298,0.11602,367189.84545929823,0.049,0
2026-09-28T14:42:02Z,9.561,18.0491,16.65,0.5318,0.0852,0.2538,2.1075,153.101,131.813549,2.8577,30.34,0.11612,366900.32273750636,0.05,0
2026-09-28T14:42:02Z,9.575,18.0481,16.65,0.5661,0.1278,0.2538,2.1679,153.038,131.752257,2.8568,30.367,0.116,366482.9148249529,0.05,0
2026-09-28T14:42:02Z,9.588,18.0469,16.65,0.5356,0.1278,0.2538,2.1528,152.939,131.660456,2.8599,30.373,0.11617,365851.7051788781,0.05,0
2026-09-28T14:42:02Z,9.601,18.0454,16.65,0.5738,0.1278,0.2538,2.1679,152.78,131.517667,2.8644,30.35,0.11595,364863.1356463276,0.049,0
2026-09-28T14:42:02Z,9.613,18.0435,16.65,0.5814,0.1278,0.2538,2.0471,152.522,131.289817,2.8685,30.29,0.11605,363278.1422494554,0.047,0
2026-09-28T14:42:02Z,9.625,18.0414,16.74,0.5928,0.0852,0.0846,2.0773,152.075,130.900133,2.8712,30.192,0.116,360551.9431752258,0.045,0
2026-09-28T14:42:02Z,9.636,18.0392,16.74,0.5509,0.0852,0.0846,2.0471,151.309,130.236693,2.8719,30.056,0.11587,355909.4084619717,0.043,0
2026-09-28T14:42:02Z,9.646,18.0371,16.74,0.5509,0.0852,0.0846,2.0471,150.009,129.114574,2.8697,29.887,0.11602,348105.7572618758,0.041,0
2026-09-28T14:42:02Z,9.656,18.0353,16.74,0.5699,0.0852,0.0846,2.1075,147.814,127.222535,2.8642,29.699,0.11605,335149.6802063652,0.04,0
2026-09-28T14:42:02Z,9.666,18.0337,16.65,0.5661,0.0852,0.2115,2.1528,144.151,124.068041,2.855,29.507,0.11595,314183.87991489307,0.039,0
2026-09-28T14:42:02Z,9.675,18.0323,16.65,0.5928,0.0852,0.2115,2.1226,138.063,118.825905,2.8423,29.327,0.11615,281131.1860327163,0.039,0
2026-09-28T14:42:02Z,9.685,18.0311,16.65,0.5394,0.0852,0.2115,2.1377,127.91,110.086216,2.8264,29.176,0.11607,230913.08616754937,0.039,0
2026-09-28T14:42:02Z,9.695,18.03,16.65,0.547,0.0852,0.2115,2.2132,110.956,95.494372,2.8087,29.057,0.11623,160099.27661724653,0.04,0
2026-09-28T14:42:02Z,9.705,18.029,16.65,0.4975,0.0852,0.2115,2.0773,82.712,71.187234,2.7905,28.968,0.11605,75216.60182232804,0.041,0
2026-09-28T14:42:02Z,9.715,18.028,16.65,0.5356,0.1278,0.0846,2.1528,35.705,30.734939,2.7736,28.906,0.1161,9022.051033360462,0.042,0
2026-09-28T14:42:02Z,9.726,18.0271,16.65,0.5394,0.1278,0.0846,2.3643,-42.619,-36.665804,2.7593,28.863,0.11602,NA,0.044,0
2026-09-28T14:42:02Z,9.737,18.0261,16.65,0.5165,0.1278,0.0846,2.2132,-173.19,-149.024554,2.7482,28.831,0.11617,NA,0.045,0
2026-09-28T14:42:02Z,9.749,18.0251,16.65,0.528,0.1278,0.0846,2.2737,-390.813,-336.291635,2.7399,28.813,0.11607,NA,0.047,0
2026-09-28T14:42:02Z,9.761,18.0241,16.74,0.528,0.0852,0.1692,2.2737,-526.823,-453.330145,2.7341,28.81,0.116,NA,0.049,0
2026-09-28T14:42:02Z,9.774,18.0231,16.74,0.5203,0.0852,0.1692,2.3341,-390.822,-336.303583,2.7301,28.823,0.1159,NA,0.05,0
2026-09-28T14:42:02Z,9.787,18.0221,16.74,0.4936,0.0852,0.1692,2.3039,-173.225,-149.063645,2.7271,28.847,0.1161,NA,0.052,0
2026-09-28T14:42:02Z,9.8,18.0212,16.74,0.5356,0.0852,0.1692,2.2586,-42.669,-36.722448,2.7255,28.883,0.11612,NA,0.052,0
2026-09-28T14:42:02Z,9.814,18.0205,16.74,0.5394,0.1278,0.2115,2.3039,35.656,30.673656,2.7254,28.927,0.11623,8981.709748047371,0.052,0
2026-09-28T14:42:02Z,9.828,18.0198,16.74,0.5661,0.1278,0.2115,2.2737,82.634,71.096964,2.7265,28.971,0.11612,75012.87372593871,0.052,0
2026-09-28T14:42:02Z,9.841,18.0191,16.74,0.5623,0.1278,0.2115,2.3492,110.822,95.351041,2.7288,29.008,0.11612,159585.0092710902,0.051,0
2026-09-28T14:42:02Z,9.854,18.0185,16.74,0.5661,0.1278,0.2115,2.3492,127.749,109.91565,2.7322,29.037,0.11617,230165.96398710407,0.05,0
2026-09-28T14:42:02Z,9.867,18.0179,16.74,0.5661,0.0852,0.1692,2.2586,137.906,118.654671,2.7364,29.062,0.11605,280330.3709409353,0.048,0
2026-09-28T14:42:02Z,9.879,18.0174,16.74,0.5661,0.0852,0.1692,1.9866,143.983,123.882499,2.7406,29.087,0.11605,313280.79619022354,0.047,0
2026-09-28T14:42:02Z,9.89,18.0169,16.74,0.528,0.0852,0.1692,2.1377,147.624,127.015237,2.744,29.11,0.11628,334113.09209381667,0.046,0
2026-09-28T14:42:02Z,9.901,18.0165,16.74,0.5165,0.0852,0.1692,2.0773,149.828,128.910297,2.7468,29.126,0.1162,347117.37042697665,0.045,0
2026-09-28T14:42:02Z,9.912,18.0162,16.74,0.5165,0.0852,0.1692,2.1377,151.169,130.063022,2.7492,29.133,0.11628,355177.8531596845,0.044,0
2026-09-28T14:42:02Z,9.924,18.0159,16.74,0.5509,0.0852,0.1692,2.3643,151.979,130.758789,2.7516,29.132,0.11602,360100.49342471873,0.043,0
2026-09-28T14:42:02Z,9.935,18.0156,16.74,0.528,0.0852,0.1692,2.319,152.451,131.163121,2.7538,29.127,0.11623,362983.0088612919,0.043,0
2026-09-28T14:42:02Z,9.946,18.0152,16.74,0.528,0.0852,0.1692,2.2132,152.719,131.391845,2.7553,29.113,0.11605,364624.88340281206,0.042,0
2026-09-28T14:42:02Z,9.957,18.0148,16.74,0.5356,0.0852,0.1692,2.2435,152.871,131.521966,2.7559,29.083,0.11615,365564.7646733198,0.041,0
2026-09-28T14:42:02Z,9.968,18.0143,16.74,0.5013,0.1278,0.2115,2.3039,152.963,131.600192,2.7559,29.037,0.116,366136.2273648566,0.04,0
2026-09-28T14:42:02Z,9.978,18.0138,16.74,0.5203,0.1278,0.2115,2.1679,153.041,131.667399,2.7554,28.989,0.11592,366629.1899506493,0.038,0
2026-09-28T14:42:02Z,9.987,18.0134,16.74,0.5356,0.1278,0.2115,2.2737,153.109,131.725496,2.7541,28.958,0.116,367054.95588745555,0.037,0
2026-09-28T14:42:02Z,9.996,18.013,16.74,0.5547,0.1278,0.2115,2.2737,153.132,131.745942,2.7513,28.948,0.11602,367210.584338803,0.035,0
2026-09-28T14:42:02Z,10.005,18.0128,16.74,0.4975,0.1278,0.1692,2.2132,153.117,131.73419,2.747,28.957,0.11595,367130.6007527285,0.034,0
2026-09-28T14:42:02Z,10.013,18.0126,16.74,0.5242,0.1278,0.1692,2.4247,153.093,131.715128,2.7425,28.981,0.11615,366998.14706972765,0.033,0
2026-09-28T14:42:02Z,10.021,18.0126,16.74,0.5356,0.1278,0.1692,2.4247,153.079,131.705688,2.7396,29.012,0.11607,366930.37852580554,0.032,0
2026-09-28T14:42:02Z,10.029,18.0128,16.74,0.5089,0.1278,0.1692,2.319,153.079,131.709357,2.7387,29.045,0.11602,366952.30461609503,0.031,0
2026-09-28T14:42:02Z,10.037,18.0131,16.74,0.5432,0.1278,0.1692,2.3039,153.072,131.705097,2.7394,29.077,0.11602,366915.11162060907,0.031,0
2026-09-28T14:42:02Z,10.044,18.0137,16.74,0.444,0.0852,0.0846,2.3341,153.058,131.693775,2.7417,29.102,0.11607,366820.62716049224,0.03,0
2026-09-28T14:42:02Z,10.052,18.0146,16.74,0.4593,0.0852,0.0846,2.2435,153.061,131.69639,2.7446,29.108,0.11615,366819.5632089914,0.029,0
2026-09-28T14:42:02Z,10.059,18.0156,16.74,0.4746,0.0852,0.0846,2.2132,153.083,131.713637,2.7476,29.092,0.1159,366921.3079978421,0.029,0
2026-09-28T14:42:02Z,10.066,18.0163,16.74,0.4593,0.0852,0.0846,2.2888,153.1,131.726099,2.7507,29.064,0.1161,366995.3291709412,0.028,0
2026-09-28T14:42:02Z,10.073,18.0166,16.83,0.4631,0.0852,0.2538,2.0169,153.106,131.729093,2.753,29.031,0.116,367010.2060439739,0.027,0
2026-09-28T14:42:02Z,10.08,18.0165,16.83,0.4708,0.0852,0.2538,2.0773,153.119,131.739429,2.7535,29.007,0.11612,367086.60854311317,0.027,0
2026-09-28T14:42:02Z,10.087,18.0161,16.83,0.4593,0.0852,0.2538,2.2132,153.153,131.767869,2.752,29.006,0.11617,367299.64487505873,0.026,0
2026-09-28T14:42:02Z,10.094,18.0154,16.83,0.4784,0.0852,0.2538,2.1075,153.206,131.813991,2.7494,29.026,0.11602,367646.43533116597,0.025,0
2026-09-28T14:42:02Z,10.1,18.0147,16.83,0.5165,0.1278,0.2115,2.5607,153.259,131.862073,2.7463,29.062,0.11602,368007.53108680417,0.025,0
2026-09-28T14:42:02Z,10.106,18.0143,16.83,0.528,0.1278,0.2115,2.5607,153.287,131.88891,2.7441,29.104,0.11612,368209.38078749774,0.025,0
2026-09-28T14:42:02Z,10.112,18.0142,16.83,0.5318,0.1278,0.2115,2.4096,153.28,131.885647,2.744,29.134,0.11612,368188.1190642813,0.025,0
2026-09-28T14:42:02Z,10.118,18.0144,16.83,0.5509,0.1278,0.2115,2.5003,153.251,131.863422,2.7459,29.143,0.11612,368023.8552562263,0.026,0
2026-09-28T14:42:02Z,10.125,18.0149,16.83,0.547,0.1278,0.2115,2.2132,153.229,131.844331,2.7492,29.142,0.11595,367875.5398181094,0.028,0
2026-09-28T14:42:02Z,10.132,18.0159,16.74,0.5165,0.0852,0.1269,2.1075,153.219,131.831289,2.7532,29.141,0.11617,367759.6970794218,0.03,0
2026-09-28T14:42:02Z,10.14,18.0169,16.74,0.5509,0.0852,0.1269,2.1679,153.198,131.804805,2.756,29.135,0.11623,367547.2960312044,0.032,0
2026-09-28T14:42:02Z,10.148,18.0177,16.74,0.5089,0.0852,0.1269,2.1528,153.164,131.765823,2.7568,29.121,0.11617,367249.636100755,0.034,0
2026-09-28T14:42:02Z,10.157,18.0176,16.74,0.5318,0.0852,0.1269,2.2132,153.144,131.739974,2.7567,29.099,0.116,367066.2418251812,0.036,0
2026-09-28T14:42:02Z,10.167,18.0162,16.83,0.5547,0.0852,0.2115,2.3341,153.129,131.720363,2.7566,29.07,0.11605,366956.32138184545,0.038,0
2026-09-28T14:42:02Z,10.176,18.0136,16.83,0.5432,0.0852,0.2115,2.3945,153.091,131.681747,2.7563,29.024,0.11595,366736.4644711859,0.04,0
2026-09-28T14:42:02Z,10.187,18.0104,16.83,0.5394,0.0852,0.2115,2.3039,153.063,131.651855,2.7551,28.962,0.11605,366592.45540693146,0.042,0
2026-09-28T14:42:02Z,10.197,18.0076,16.83,0.5013,0.0852,0.2115,2.2132,153.076,131.656742,2.7532,28.896,0.11623,366689.17882583017,0.045,0
2026-09-28T14:42:02Z,10.209,18.0053,16.83,0.547,0.0852,0.1692,2.183,153.091,131.663685,2.7506,28.84,0.11597,366789.6702035342,0.048,0
2026-09-28T14:42:02Z,10.221,18.0034,16.83,0.528,0.0852,0.1692,2.4247,153.088,131.654521,2.7464,28.806,0.11605,366765.74977744214,0.051,0
2026-09-28T14:42:02Z,10.234,18.0016,16.83,0.5432,0.0852,0.1692,2.2888,153.094,131.652824,2.7406,28.798,0.11612,366793.2225321261,0.055,0
2026-09-28T14:42:02Z,10.249,17.9995,16.83,0.5776,0.0852,0.1692,2.2283,153.116,131.664147,2.7344,28.805,0.11628,366920.7883792822,0.059,0
2026-09-28T14:42:02Z,10.264,17.9974,16.83,0.5661,0.1278,0.2115,2.3643,153.139,131.677499,2.7292,28.804,0.11605,367062.96521745366,0.062,0
2026-09-28T14:42:02Z,10.282,17.9953,16.83,0.5585,0.1278,0.2115,2.2435,153.158,131.688433,2.7261,28.782,0.116,367187.8172226311,0.064,0
2026-09-28T14:42:02Z,10.3,17.9931,16.83,0.5661,0.1278,0.2115,2.2737,153.171,131.695863,2.7255,28.732,0.11602,367289.7339652797,0.065,0
2026-09-28T14:42:02Z,10.317,17.9907,16.83,0.5394,0.1278,0.2115,2.2283,153.182,131.701768,2.7263,28.663,0.11595,367385.13232361374,0.064,0
2026-09-28T14:42:02Z,10.334,17.9885,16.83,0.5318,0.1278,0.2115,2.3039,153.192,131.707725,2.7264,28.596,0.11607,367476.51392879005,0.063,0
2026-09-28T14:42:02Z,10.349,17.9868,16.83,0.528,0.1278,0.2538,2.2132,153.209,131.719323,2.7243,28.551,0.11605,367597.43581478606,0.06,0
2026-09-28T14:42:02Z,10.364,17.9855,16.83,0.5356,0.1278,0.2538,2.3794,153.226,131.731651,2.7196,28.541,0.11605,367714.803720984,0.058,0
2026-09-28T14:42:02Z,10.378,17.9844,16.83,0.4669,0.1278,0.2538,2.3794,153.224,131.72798,2.7132,28.57,0.11605,367712.7007613771,0.057,0
2026-09-28T14:42:02Z,10.392,17.9834,16.83,0.4593,0.1278,0.2538,2.3039,153.202,131.70733,2.7069,28.628,0.11612,367586.28072858637,0.057,0
2026-09-28T14:42:02Z,10.406,17.9825,16.83,0.4746,0.1278,0.2115,2.3341,153.184,131.690216,2.7027,28.7,0.11617,367483.0957952174,0.057,0
2026-09-28T14:42:02Z,10.42,17.9817,16.83,0.4708,0.1278,0.2115,2.2586,153.194,131.698092,2.7019,28.768,0.11605,367557.3894892567,0.057,0
2026-09-28T14:42:02Z,10.435,17.9811,16.83,0.4402,0.1278,0.2115,2.2737,153.215,131.715044,2.7046,28.819,0.11605,367692.55311382003,0.058,0
2026-09-28T14:42:02Z,10.45,17.9805,16.83,0.4784,0.1278,0.2115,2.319,153.217,131.715572,2.7102,28.843,0.11625,367709.6027508105,0.058,0
2026-09-28T14:42:02Z,10.465,17.9801,16.83,0.444,0.0852,0.1692,2.3039,153.203,131.70382,2.717,28.838,0.11617,367633.90872117947,0.057,0
2026-09-28T14:42:02Z,10.48,17.9797,16.83,0.444,0.0852,0.1692,2.3643,153.181,131.684658,2.7235,28.813,0.11605,367504.9381524719,0.056,0
2026-09-28T14:42:02Z,10.495,17.9794,16.83,0.4822,0.0852,0.1692,2.3341,153.153,131.660983,2.7283,28.774,0.11597,367341.34206109465,0.053,0
2026-09-28T14:42:02Z,10.509,17.9791,16.83,0.4669,0.0852,0.1692,2.2435,153.13,131.642493,2.7306,28.726,0.11635,367215.0531285732,0.05,0
2026-09-28T14:42:02Z,10.521,17.979,16.83,0.4708,0.0852,0.1692,2.3643,153.142,131.654281,2.7301,28.679,0.11595,367301.98424616223,0.047,0
2026-09-28T14:42:02Z,10.532,17.979,16.83,0.4593,0.1278,0.0846,2.1075,153.191,131.697488,2.7277,28.64,0.11602,367612.6441225526,0.043,0
2026-09-28T14:42:02Z,10.543,17.9792,16.83,0.5242,0.1278,0.0846,2.4701,153.231,131.733599,2.724,28.611,0.116,367867.9849009431,0.04,0
2026-09-28T14:42:02Z,10.552,17.9796,16.83,0.5356,0.1278,0.0846,2.2435,153.244,131.746223,2.7195,28.596,0.1163,367949.9732160248,0.037,0
2026-09-28T14:42:02Z,10.56,17.98,16.83,0.5356,0.1278,0.0846,2.2435,153.235,131.738728,2.715,28.598,0.116,367887.19579586183,0.035,0
2026-09-28T14:42:02Z,10.569,17.9806,16.83,0.528,0.0852,0.2115,2.2586,153.21,131.717121,2.7112,28.618,0.11623,367718.4889674763,0.034,0
2026-09-28T14:42:02Z,10.577,17.9811,16.83,0.5013,0.0852,0.2115,2.2888,153.181,131.691652,2.7085,28.658,0.1159,367524.27258815017,0.033,0
2026-09-28T14:42:02Z,10.586,17.9814,16.83,0.528,0.0852,0.2115,2.319,153.169,131.679548,2.7071,28.711,0.11607,367430.61697633954,0.033,0
2026-09-28T14:42:02Z,10.594,17.9815,16.83,0.5356,0.0852,0.2115,2.2737,153.179,131.685585,2.7072,28.767,0.1159,367471.80963952513,0.033,0
2026-09-28T14:42:02Z,10.602,17.9814,16.83,0.528,0.1704,0.2115,2.319,153.199,131.699366,2.7091,28.816,0.11607,367573.1072844422,0.033,0
2026-09-28T14:42:02Z,10.611,17.9812,16.83,0.6348,0.1704,0.2115,2.5003,153.23,131.720562,2.7129,28.854,0.1161,367729.965815518,0.033,0
2026-09-28T14:42:02Z,10.619,17.9808,16.83,0.6386,0.1704,0.2115,2.5758,153.257,131.738813,2.718,28.874,0.11612,367870.09888766654,0.033,0
2026-09-28T14:42:02Z,10.628,17.9801,16.83,0.631,0.1704,0.2115,2.5305,153.266,131.742974,2.7233,28.876,0.11612,367915.5101097487,0.032,0
2026-09-28T14:42:02Z,10.637,17.9787,16.83,0.6348,0.0852,0.1692,2.4852,153.268,131.742159,2.728,28.862,0.11602,367940.5967413564,0.031,0
2026-09-28T14:42:02Z,10.645,17.977,16.83,0.5585,0.0852,0.1692,2.319,153.268,131.740154,2.7317,28.837,0.1161,367963.75635737967,0.03,0
2026-09-28T14:42:02Z,10.652,17.9753,16.83,0.5432,0.0852,0.1692,2.2132,153.264,131.736425,2.7337,28.802,0.11595,367974.5109948474,0.028,0
2026-09-28T14:42:02Z,10.659,17.974,16.83,0.5776,0.0852,0.1692,2.3039,153.261,131.733981,2.734,28.757,0.11617,367985.66841464804,0.027,0
2026-09-28T14:42:02Z,10.665,17.9732,16.83,0.5699,0.0852,0.1692,2.2737,153.259,131.73217,2.7327,28.705,0.11617,367990.3245301683,0.026,0
2026-09-28T14:42:02Z,10.672,17.9728,16.83,0.5013,0.0852,0.1692,2.5758,153.26,131.734511,2.7303,28.649,0.11617,368016.0188786225,0.026,0
2026-09-28T14:42:02Z,10.678,17.9726,16.83,0.5356,0.0852,0.1692,2.5154,153.267,131.741629,2.727,28.594,0.11597,368071.6774197315,0.026,0
2026-09-28T14:42:02Z,10.684,17.9727,16.83,0.5089,0.0852,0.1692,2.5154,153.268,131.743413,2.7228,28.542,0.11587,368082.3048210836,0.027,0
2026-09-28T14:42:02Z,10.691,17.9728,16.83,0.5203,0.0852,0.1692,2.5154,153.24,131.720324,2.7178,28.497,0.11617,367913.90390783764,0.029,0
2026-09-28T14:42:02Z,10.698,17.9731,16.83,0.5356,0.1278,0.2538,2.606,153.182,131.670208,2.7125,28.459,0.116,367546.7149512621,0.031,0
2026-09-28T14:42:02Z,10.706,17.9734,16.83,0.547,0.1278,0.2538,2.4852,153.128,131.623733,2.7073,28.42,0.11605,367205.9260455337,0.034,0
2026-09-28T14:42:02Z,10.715,17.9738,16.83,0.547,0.1278,0.2538,2.5909,153.093,131.592525,2.7023,28.38,0.11623,366972.8166832042,0.037,0
2026-09-28T14:42:02Z,10.725,17.9741,16.83,0.5242,0.1278,0.2538,2.6211,153.068,131.570261,2.6981,28.342,0.1161,366806.2487559347,0.041,0
2026-09-28T14:42:02Z,10.736,17.9741,16.92,0.5356,0.0852,0.1692,2.8175,153.058,131.561013,2.6945,28.31,0.11605,366739.8180707011,0.044,0
2026-09-28T14:42:02Z,10.748,17.9738,16.92,0.528,0.0852,0.1692,2.742,153.066,131.566316,2.6908,28.288,0.11597,366784.51612569357,0.047,0
2026-09-28T14:42:02Z,10.761,17.9735,16.92,0.5203,0.0852,0.1692,2.8175,153.092,131.587586,2.6871,28.284,0.116,366943.9285458509,0.05,0
2026-09-28T14:42:02Z,10.774,17.9733,16.92,0.5203,0.0852,0.1692,2.7722,153.133,131.620487,2.6835,28.305,0.116,367184.7744784847,0.052,0
2026-09-28T14:42:02Z,10.788,17.9731,16.92,0.528,0.0852,0.1692,2.5607,153.168,131.647773,2.6804,28.35,0.11585,367385.34488478047,0.053,0
2026-09-28T14:42:02Z,10.802,17.9728,16.92,0.5089,0.1278,0.1269,2.5305,153.183,131.656704,2.6783,28.412,0.11597,367456.1844312641,0.053,0
2026-09-28T14:42:02Z,10.816,17.9724,16.92,0.5394,0.1278,0.1269,2.5003,153.188,131.657669,2.678,28.478,0.116,367471.952521504,0.053,0
2026-09-28T14:42:02Z,10.83,17.9717,16.92,0.5394,0.1278,0.1269,2.5758,153.188,131.654928,2.6801,28.536,0.11592,367467.6954519572,0.052,0
2026-09-28T14:42:02Z,10.843,17.9707,16.92,0.5356,0.1278,0.1269,2.5305,153.189,131.653753,2.6844,28.576,0.11602,367481.3262219868,0.051,0
2026-09-28T14:42:02Z,10.856,17.9696,16.92,0.5165,0.1278,0.1269,2.5456,153.212,131.671846,2.6903,28.59,0.11605,367635.76243971445,0.05,0
2026-09-28T14:42:02Z,10.868,17.9685,16.92,0.5165,0.1278,0.1269,2.5607,153.238,131.692013,2.6965,28.574,0.11617,367805.1702438982,0.05,0
2026-09-28T14:42:02Z,10.88,17.9676,16.92,0.5013,0.1278,0.1269,2.4549,153.232,131.685608,2.7021,28.53,0.1162,367778.9709094468,0.05,0
2026-09-28T14:42:02Z,10.893,17.9668,16.92,0.5013,0.1278,0.1269,2.5456,153.203,131.658929,2.706,28.458,0.116,367604.69276679284,0.05,0
2026-09-28T14:42:02Z,10.905,17.9662,16.83,0.5356,0.0852,0.2115,2.5154,153.174,131.632881,2.7073,28.366,0.11615,367430.5795105906,0.05,0
2026-09-28T14:42:02Z,10.918,17.9656,16.83,0.5318,0.0852,0.2115,2.5003,153.156,131.61653,2.7058,28.274,0.116,367326.2368535996,0.05,0
2026-09-28T14:42:02Z,10.931,17.9651,16.83,0.5165,0.0852,0.2115,2.6362,153.154,131.613523,2.7017,28.199,0.116,367315.6484128499,0.05,0
2026-09-28T14:42:02Z,10.944,17.9645,16.83,0.5318,0.0852,0.2115,2.5003,153.157,131.615052,2.6949,28.151,0.11612,367339.88608004386,0.05,0
2026-09-28T14:42:02Z,10.957,17.9641,16.92,0.528,0.1278,0.1269,2.5305,153.163,131.619521,2.6862,28.141,0.11607,367380.8527501004,0.049,0
2026-09-28T14:42:02Z,10.969,17.9638,16.92,0.5738,0.1278,0.1269,2.4549,153.181,131.634129,2.6775,28.172,0.11605,367492.5412352144,0.049,0
2026-09-28T14:42:02Z,10.982,17.9635,16.92,0.5242,0.1278,0.1269,2.4398,153.185,131.63675,2.6704,28.235,0.1162,367518.0170245837,0.048,0
2026-09-28T14:42:02Z,10.994,17.9632,16.92,0.5585,0.1278,0.1269,2.606,153.172,131.62408,2.6659,28.314,0.11607,367433.50350275787,0.048,0
2026-09-28T14:42:02Z,11.006,17.963,16.92,0.5547,0.1278,0.1269,2.5909,153.173,131.622764,2.665,28.39,0.11612,367428.4511047385,0.047,0
2026-09-28T14:42:02Z,11.018,17.9627,16.92,0.5776,0.1278,0.1269,2.5003,153.17,131.618439,2.668,28.455,0.116,367403.9649926867,0.046,0
2026-09-28T14:42:02Z,11.03,17.9623,16.92,0.5661,0.1278,0.1269,2.5456,153.132,131.583933,2.674,28.512,0.11617,367164.663608921,0.046,0
2026-09-28T14:42:02Z,11.041,17.9618,16.92,0.5165,0.1278,0.1269,2.5003,153.097,131.552076,2.6814,28.563,0.11605,366946.69612230523,0.045,0
2026-09-28T14:42:02Z,11.053,17.9612,16.92,0.5242,0.1278,0.1269,2.4398,153.109,131.560404,2.6886,28.605,0.11605,367019.7847612423,0.045,0
2026-09-28T14:42:02Z,11.064,17.9605,16.92,0.5623,0.1278,0.1692,2.4701,153.139,131.585122,2.6948,28.644,0.1161,367212.92900203133,0.044,0
2026-09-28T14:42:02Z,11.076,17.9598,16.92,0.5432,0.1278,0.1692,2.5909,153.161,131.602797,2.7003,28.686,0.11595,367355.485386325,0.044,0
2026-09-28T14:42:02Z,11.087,17.9591,16.92,0.5394,0.1278,0.1692,2.5305,153.185,131.622145,2.7051,28.734,0.11595,367510.11630980513,0.042,0
2026-09-28T14:42:02Z,11.098,17.9586,16.92,0.547,0.1278,0.1692,2.5305,153.221,131.652329,2.7092,28.784,0.11617,367738.35249378165,0.04,0
2026-09-28T14:42:02Z,11.108,17.9582,16.92,0.5089,0.1278,0.2115,2.5305,153.255,131.681384,2.7129,28.828,0.1159,367956.340527374,0.038,0
2026-09-28T14:42:02Z,11.118,17.9579,16.92,0.5203,0.1278,0.2115,2.5758,153.268,131.69304,2.7169,28.868,0.11595,368046.8990083632,0.035,0
2026-09-28T14:42:02Z,11.126,17.9575,16.92,0.5165,0.1278,0.2115,2.5154,153.282,131.706415,2.7215,28.908,0.116,368152.06655766786,0.032,0
2026-09-28T14:42:02Z,11.134,17.9573,16.92,0.5394,0.1278,0.2115,2.6211,153.306,131.729082,2.7262,28.946,0.1162,368319.76428979996,0.029,0
2026-09-28T14:42:02Z,11.14,17.9572,16.92,0.4975,0.1278,0.2115,2.5003,153.32,131.743065,2.7304,28.979,0.11597,368422.7202371244,0.026,0
2026-09-28T14:42:02Z,11.146,17.9574,16.92,0.5165,0.1278,0.1692,2.5607,153.327,131.752094,2.7341,29.006,0.11592,368483.34876214946,0.025,0
2026-09-28T14:42:02Z,11.152,17.9578,16.92,0.5242,0.1278,0.1692,2.2888,153.336,131.762579,2.7379,29.022,0.11592,368550.04434043984,0.025,0
2026-09-28T14:42:02Z,11.157,17.9584,16.92,0.5356,0.1278,0.1692,2.2737,153.33,131.757303,2.7414,29.021,0.11615,368498.72823230916,0.026,0
2026-09-28T14:42:02Z,11.164,17.9592,16.92,0.528,0.1278,0.1692,2.3039,153.311,131.73886100000001,2.7445,29.004,0.11605,368348.1307370034,0.029,0
2026-09-28T14:42:02Z,11.171,17.96,16.83,0.5242,0.1278,0.1692,2.2586,153.301,131.726354,2.747,28.968,0.11605,368240.3227282604,0.032,0
2026-09-28T14:42:02Z,11.179,17.9608,16.83,0.5432,0.1278,0.1692,2.5456,153.282,131.704435,2.7485,28.918,0.11607,368064.76273048774,0.036,0
2026-09-28T14:42:02Z,11.189,17.961,16.83,0.5585,0.1278,0.1692,2.5909,153.25,131.671265,2.7485,28.866,0.11607,367821.5440076765,0.04,0
2026-09-28T14:42:02Z,11.2,17.9604,16.83,0.5661,0.1278,0.1692,2.5003,153.238,131.654022,2.7468,28.82,0.116,367710.7073636055,0.044,0
2026-09-28T14:42:02Z,11.212,17.959,16.92,0.5814,0.1278,0.2538,2.5003,153.242,131.652112,2.7435,28.78,0.116,367727.90430275723,0.047,0
2026-09-28T14:42:02Z,11.225,17.9572,16.92,0.5738,0.1278,0.2538,2.5154,153.236,131.641008,2.7389,28.752,0.11605,367687.77609199606,0.049,0
2026-09-28T14:42:02Z,11.238,17.9552,16.92,0.5165,0.1278,0.2538,2.5607,153.214,131.617748,2.7341,28.753,0.1161,367564.5926925319,0.05,0
2026-09-28T14:42:02Z,11.251,17.9531,16.92,0.5318,0.1278,0.2538,2.5607,153.197,131.600147,2.7298,28.788,0.11595,367484.3460465127,0.051,0
2026-09-28T14:42:02Z,11.264,17.9512,16.92,0.5089,0.1278,0.1269,2.5456,153.2,131.599522,2.7261,28.856,0.11595,367521.8239158291,0.051,0
2026-09-28T14:42:02Z,11.277,17.9495,16.92,0.5547,0.1278,0.1269,2.4701,153.217,131.611706,2.7236,28.946,0.11602,367647.07181801705,0.051,0
2026-09-28T14:42:02Z,11.29,17.9481,16.92,0.5776,0.1278,0.1269,2.5305,153.233,131.623933,2.7237,29.05,0.11595,367766.03127460525,0.05,0
2026-09-28T14:42:02Z,11.303,17.9469,16.92,0.5547,0.1278,0.1269,2.5909,153.235,131.623455,2.7272,29.154,0.11605,367789.1208909899,0.05,0
2026-09-28T14:42:02Z,11.316,17.946,16.92,0.5509,0.1278,0.1269,2.4398,153.218,131.606139,2.7336,29.25,0.11607,367684.35751111404,0.049,0
2026-09-28T14:42:02Z,11.328,17.9453,16.92,0.5585,0.1278,0.1692,2.5003,153.201,131.589384,2.7422,29.33,0.11625,367579.22550991183,0.048,0
2026-09-28T14:42:02Z,11.341,17.9446,16.92,0.4784,0.1278,0.1692,2.4398,153.208,131.592739,2.752,29.379,0.11612,367618.8410209393,0.048,0
2026-09-28T14:42:02Z,11.352,17.9439,16.92,0.444,0.1278,0.1692,2.3341,153.235,131.613096,2.762,29.393,0.11585,367780.8618929137,0.047,0
2026-09-28T14:42:02Z,11.364,17.9431,16.92,0.4555,0.1278,0.1692,2.1679,153.265,131.63587,2.7711,29.378,0.11612,367962.55220607354,0.046,0
2026-09-28T14:42:02Z,11.376,17.9422,16.92,0.4517,0.1278,0.2961,2.2888,153.283,131.64912,2.7787,29.333,0.11587,368077.9043917584,0.046,0
2026-09-28T14:42:02Z,11.387,17.9414,16.92,0.444,0.1278,0.2961,2.606,153.294,131.656378,2.7834,29.255,0.11617,368147.89716874104,0.046,0
2026-09-28T14:42:02Z,11.399,17.9405,16.92,0.486,0.1278,0.2961,2.5758,153.32,131.675591,2.7849,29.146,0.11592,368306.26642768545,0.046,0
2026-09-28T14:42:02Z,11.411,17.9396,16.92,0.486,0.1278,0.2961,2.6664,153.356,131.703879,2.7834,29.024,0.11595,368530.10770949925,0.046,0
2026-09-28T14:42:02Z,11.422,17.9387,16.92,0.4784,0.1278,0.1269,2.4096,153.379,131.720762,2.7792,28.909,0.11607,368671.7889751043,0.045,0
2026-09-28T14:42:02Z,11.434,17.9379,16.92,0.4631,0.1278,0.1269,2.5305,153.38,131.718733,2.7719,28.809,0.11607,368674.8886719008,0.045,0
2026-09-28T14:42:02Z,11.445,17.937,16.92,0.4593,0.1278,0.1269,2.5909,153.371,131.709262,2.7616,28.726,0.11605,368626.5365263458,0.045,0
2026-09-28T14:42:02Z,11.457,17.9361,16.92,0.4631,0.1278,0.1269,2.5305,153.355,131.693823,2.7501,28.661,0.11612,368535.1537144735,0.044,0
2026-09-28T14:42:02Z,11.468,17.9352,16.92,0.4593,0.1278,0.1269,2.5154,153.328,131.670303,2.7393,28.612,0.11612,368385.52450455213,0.044,0
2026-09-28T14:42:02Z,11.479,17.9344,16.92,0.4364,0.1278,0.1692,2.6664,153.306,131.650443,2.7299,28.58,0.11605,368260.08961841324,0.043,0
2026-09-28T14:42:02Z,11.49,17.9337,16.92,0.4517,0.1278,0.1692,2.7571,153.289,131.63495,2.7221,28.566,0.11595,368163.9310973238,0.043,0
2026-09-28T14:42:02Z,11.5,17.9333,16.92,0.444,0.1278,0.1692,2.7873,153.292,131.635706,2.7159,28.566,0.11623,368178.23196325183,0.042,0
2026-09-28T14:42:02Z,11.511,17.933,16.92,0.4746,0.1278,0.1692,2.7873,153.322,131.658916,2.7113,28.58,0.11607,368352.1607029027,0.042,0
2026-09-28T14:42:02Z,11.522,17.9327,16.92,0.4898,0.1278,0.2115,2.5305,153.355,131.684751,2.7083,28.61,0.11605,368545.07033877634,0.042,0
2026-09-28T14:42:02Z,11.533,17.9324,16.92,0.4517,0.1278,0.2115,2.6211,153.364,131.690076,2.7069,28.656,0.11597,368590.11612462706,0.042,0
2026-09-28T14:42:02Z,11.544,17.9318,16.92,0.4517,0.1278,0.2115,2.5758,153.332,131.660299,2.707,28.711,0.11617,368388.70292702323,0.042,0
2026-09-28T14:42:02Z,11.555,17.9311,16.92,0.4631,0.1278,0.2115,2.4852,153.284,131.617503,2.7083,28.763,0.11605,368095.74480434245,0.041,0
2026-09-28T14:42:02Z,11.565,17.9303,16.92,0.4822,0.1278,0.2961,2.8175,153.26,131.594309,2.7112,28.804,0.11605,367946.33294811024,0.041,0
2026-09-28T14:42:02Z,11.575,17.9296,16.92,0.4746,0.1278,0.2961,2.6966,153.251,131.584529,2.7157,28.827,0.1161,367891.3634419893,0.041,0
2026-09-28T14:42:02Z,11.585,17.9289,16.92,0.4784,0.1278,0.2961,2.8024,153.237,131.569546,2.7209,28.828,0.11625,367798.9200094327,0.042,0
2026-09-28T14:42:02Z,11.595,17.9282,16.92,0.444,0.1278,0.2961,2.7571,153.225,131.55537,2.7259,28.812,0.11595,367712.299481941,0.044,0
2026-09-28T14:42:02Z,11.606,17.9275,16.92,0.444,0.1278,0.2538,2.4852,153.235,131.560238,2.7298,28.789,0.1161,367762.83784217725,0.046,0
2026-09-28T14:42:02Z,11.618,17.9267,16.92,0.4784,0.1278,0.2538,2.6513,153.258,131.575439,2.7319,28.774,0.11605,367890.03042677545,0.048,0
2026-09-28T14:42:02Z,11.631,17.9258,16.92,0.4822,0.1278,0.2538,2.4701,153.27,131.58101,2.7321,28.777,0.11605,367950.0788182121,0.051,0
2026-09-28T14:42:02Z,11.645,17.9246,16.92,0.4517,0.1278,0.2538,2.5909,153.291,131.594447,2.7306,28.803,0.11623,368073.462016135,0.053,0
2026-09-28T14:42:02Z,11.659,17.9232,16.92,0.5165,0.1278,0.2538,2.5003,153.328,131.621336,2.7286,28.853,0.11612,368298.2832909793,0.055,0
2026-09-28T14:42:02Z,11.673,17.9218,16.92,0.5432,0.1278,0.2115,2.5909,153.354,131.638825,2.7272,28.923,0.11615,368455.4082294673,0.057,0
2026-09-28T14:42:02Z,11.688,17.9204,16.92,0.547,0.1278,0.2115,2.5456,153.375,131.651575,2.7276,28.995,0.11602,368578.3983871759,0.059,0
2026-09-28T14:42:02Z,11.703,17.9189,16.92,0.5242,0.1278,0.2115,2.5003,153.408,131.674997,2.7301,29.054,0.11615,368780.645299438,0.06,0
2026-09-28T14:42:02Z,11.719,17.9173,16.92,0.5814,0.1278,0.2115,2.8628,153.443,131.699325,2.735,29.093,0.11623,368991.7336756663,0.061,0
2026-09-28T14:42:02Z,11.736,17.9157,16.92,0.5547,0.1278,0.2961,2.8779,153.459,131.707026,2.7417,29.108,0.11623,369082.8467132592,0.062,0
2026-09-28T14:42:02Z,11.752,17.914,16.92,0.5585,0.1278,0.2961,2.742,153.457,131.700155,2.7486,29.105,0.11615,369070.9750397755,0.062,0
2026-09-28T14:42:02Z,11.768,17.9122,16.92,0.5661,0.1278,0.2961,2.7873,153.458,131.696894,2.7544,29.09,0.11615,369087.3893895103,0.061,0
2026-09-28T14:42:02Z,11.783,17.9103,16.92,0.5089,0.1278,0.2961,3.0441,153.471,131.70438,2.7581,29.068,0.11585,369183.64114050183,0.06,0
2026-09-28T14:42:02Z,11.798,17.9085,16.92,0.5165,0.0852,0.2538,2.9837,153.489,131.716601,2.7596,29.039,0.11623,369311.90070300957,0.059,0
2026-09-28T14:42:02Z,11.813,17.9069,16.92,0.528,0.0852,0.2538,3.1498,153.508,131.728812,2.7594,29.007,0.11605,369435.68000627693,0.057,0
2026-09-28T14:42:02Z,11.828,17.9055,16.92,0.528,0.0852,0.2538,3.0441,153.506,131.724252,2.7581,28.97,0.1161,369433.8425652484,0.055,0
2026-09-28T14:42:02Z,11.842,17.9042,16.92,0.5623,0.0852,0.2538,2.5003,153.483,131.701707,2.7561,28.921,0.11612,369299.8278265658,0.052,0
2026-09-28T14:42:02Z,11.855,17.9031,16.92,0.5738,0.0852,0.2538,2.4852,153.469,131.687188,2.7534,28.853,0.11617,369219.3702311313,0.05,0
2026-09-28T14:42:02Z,11.868,17.9019,17.01,0.589,0.0852,0.2115,2.5003,153.458,131.676823,2.7505,28.756,0.11615,369171.1473342257,0.047,0
2026-09-28T14:42:02Z,11.879,17.9009,17.01,0.5585,0.0852,0.2115,2.4549,153.424,131.647833,2.747,28.634,0.11597,368983.9643617118,0.045,0
2026-09-28T14:42:02Z,11.89,17.9,17.01,0.5623,0.0852,0.2115,2.8175,153.374,131.604496,2.7424,28.503,0.11597,368691.04106026527,0.043,0
2026-09-28T14:42:02Z,11.9,17.8994,17.01,0.5699,0.0852,0.2115,2.8477,153.348,131.581291,2.7359,28.373,0.11585,368536.86414977274,0.041,0
2026-09-28T14:42:02Z,11.91,17.899,17.01,0.5509,0.0852,0.2538,2.7269,153.365,131.594044,2.7268,28.25,0.1161,368637.7731485753,0.04,0
2026-09-28T14:42:02Z,11.92,17.8989,17.01,0.5509,0.0852,0.2538,2.8175,153.39,131.612133,2.7152,28.139,0.11587,368770.5666667349,0.039,0
2026-09-28T14:42:02Z,11.93,17.8988,17.01,0.5661,0.0852,0.2538,2.8024,153.41,131.624367,2.7028,28.046,0.11623,368861.112410851,0.038,0
2026-09-28T14:42:02Z,11.94,17.8986,17.01,0.5738,0.0852,0.2538,2.6211,153.46,131.662031,2.6905,27.97,0.11595,369137.5685216271,0.038,0
2026-09-28T14:42:02Z,11.949,17.8979,17.01,0.5852,0.0852,0.2115,2.6664,153.538,131.723158,2.6788,27.907,0.11617,369594.8716631088,0.037,0
2026-09-28T14:42:02Z,11.959,17.8968,17.01,0.6005,0.0852,0.2115,2.742,153.608,131.776014,2.6684,27.854,0.11597,370001.6035357868,0.035,0
2026-09-28T14:42:02Z,11.968,17.8953,17.01,0.589,0.0852,0.2115,3.0139,153.673,131.824686,2.6597,27.811,0.11605,370387.2557724255,0.034,0
2026-09-28T14:42:02Z,11.976,17.8936,17.01,0.5661,0.0852,0.2115,2.893,153.733,131.870142,2.6526,27.783,0.11612,370754.3458510403,0.033,0
2026-09-28T14:42:02Z,11.985,17.8916,16.92,0.5814,0.1278,0.2115,3.0592,153.771,131.896484,2.6467,27.765,0.11633,370989.8484705905,0.031,0
2026-09-28T14:42:02Z,11.992,17.8894,16.92,0.5394,0.1278,0.2115,3.0139,153.783,131.90273,2.6418,27.75,0.11617,371084.2444951442,0.029,0
2026-09-28T14:42:02Z,11.999,17.8871,16.92,0.528,0.1278,0.2115,2.9988,153.79,131.906557,2.6379,27.731,0.11612,371163.36006928695,0.027,0
2026-09-28T14:42:02Z,12.006,17.8849,16.92,0.547,0.1278,0.2115,3.0592,153.807,131.920995,2.6352,27.708,0.1161,371317.20862135955,0.025,0
2026-09-28T14:42:02Z,12.012,17.883,16.92,0.5318,0.1278,0.2115,2.9535,153.815,131.929879,2.6337,27.681,0.11623,371424.11430587765,0.023,0
2026-09-28T14:42:02Z,12.017,17.8816,17.01,0.5356,0.1278,0.1692,2.9988,153.816,131.931574,2.6324,27.642,0.1162,371467.7102854271,0.021,0
2026-09-28T14:42:02Z,12.023,17.8809,17.01,0.5318,0.1278,0.1692,3.2103,153.818,131.934539,2.6306,27.589,0.11612,371504.8722002408,0.02,0
2026-09-28T14:42:02Z,12.027,17.881,17.01,0.4936,0.1278,0.1692,3.2707,153.814,131.93156,2.6284,27.53,0.11617,371481.0211255208,0.018,0
2026-09-28T14:42:02Z,12.032,17.8814,17.01,0.5585,0.1278,0.1692,3.1952,153.808,131.925844,2.6258,27.479,0.1161,371430.6084230537,0.017,0
2026-09-28T14:42:02Z,12.036,17.8819,16.92,0.5242,0.1278,0.2115,3.316,153.81,131.927876,2.6221,27.447,0.11617,371434.16849807726,0.017,0
2026-09-28T14:42:02Z,12.04,17.8822,16.92,0.5661,0.1278,0.2115,2.9988,153.813,131.930191,2.617,27.442,0.11612,371444.253062942,0.016,0
2026-09-28T14:42:02Z,12.044,17.8823,16.92,0.5661,0.1278,0.2115,3.0441,153.809,131.925402,2.6114,27.464,0.11612,371407.2760354414,0.016,0
2026-09-28T14:42:02Z,12.048,17.8823,16.92,0.5623,0.1278,0.2115,3.029,153.815,131.928244,2.6066,27.503,0.11602,371427.8902010741,0.016,0
2026-09-28T14:42:02Z,12.052,17.8823,16.92,0.5814,0.0852,0.1269,2.9988,153.827,131.935471,2.6036,27.553,0.1158,371480.3161215006,0.016,0
2026-09-28T14:42:02Z,12.056,17.8823,16.92,0.5356,0.0852,0.1269,3.029,153.843,131.945007,2.6031,27.601,0.11605,371549.49935596186,0.017,0
2026-09-28T14:42:02Z,12.06,17.882,16.92,0.5509,0.0852,0.1269,2.9232,153.899,131.987417,2.6052,27.631,0.11605,371863.997841493,0.018,0
2026-09-28T14:42:02Z,12.065,17.8812,16.92,0.5394,0.0852,0.1269,3.0441,153.993,132.059998,2.609,27.631,0.11592,372409.0473695876,0.02,0
2026-09-28T14:42:02Z,12.07,17.8801,16.92,0.5432,0.0852,0.1269,2.9535,154.091,132.13607,2.6137,27.6,0.11612,372986.7298229731,0.022,0
2026-09-28T14:42:02Z,12.075,17.8788,16.92,0.5699,0.0852,0.1269,3.1952,154.179,132.203894,2.6183,27.538,0.11615,373509.44238276203,0.024,0
2026-09-28T14:42:02Z,12.082,17.877,16.92,0.6005,0.0852,0.1269,3.2254,154.252,132.259539,2.6213,27.447,0.11612,373955.16094446037,0.027,0
2026-09-28T14:42:02Z,12.089,17.8744,16.92,0.5699,0.0852,0.1269,3.1952,154.325,132.31184,2.6215,27.323,0.11617,374394.8929380391,0.03,0
2026-09-28T14:42:02Z,12.097,17.8716,16.92,0.5776,0.0852,0.1269,3.2103,154.402,132.362734,2.6186,27.162,0.116,374829.24073068955,0.032,0
2026-09-28T14:42:02Z,12.105,17.8693,16.92,0.6348,0.0852,0.1269,3.739,154.472,132.405776,2.6129,26.957,0.11605,375195.32401379413,0.035,0
2026-09-28T14:42:02Z,12.115,17.8669,16.92,0.6081,0.0852,0.1269,3.6484,154.545,132.452444,2.6043,26.712,0.11617,375590.4177382289,0.037,0
2026-09-28T14:42:02Z,12.125,17.8635,16.92,0.631,0.0852,0.1269,3.6937,154.63,132.511177,2.5928,26.436,0.116,376096.6736153018,0.04,0
2026-09-28T14:42:02Z,12.135,17.8587,16.92,0.6272,0.0852,0.1269,3.6635,154.692,132.553602,2.5777,26.13,0.1161,376515.81194132584,0.041,0
2026-09-28T14:42:02Z,12.147,17.8533,17.01,0.6348,0.0852,0.1692,4.4792,154.723,132.571017,2.5585,25.793,0.1162,376765.7819144774,0.042,0
2026-09-28T14:42:02Z,12.158,17.8481,17.01,0.65,0.0852,0.1692,4.3886,154.738,132.576073,2.5355,25.434,0.11605,376920.82997570524,0.042,0
2026-09-28T14:42:02Z,12.169,17.8437,17.01,0.6539,0.0852,0.1692,4.4792,154.725,132.558107,2.5096,25.07,0.11617,376889.1038250302,0.042,0
2026-09-28T14:42:02Z,12.18,17.8401,17.01,0.6348,0.0852,0.1692,4.3886,154.674,132.508325,2.4808,24.719,0.11587,376606.1758122795,0.04,0
2026-09-28T14:42:02Z,12.19,17.8371,17.01,0.6996,0.0852,0.1692,5.159,154.613,132.451482,2.4489,24.395,0.11602,376258.0408309968,0.038,0
2026-09-28T14:42:02Z,12.2,17.8345,17.01,0.6767,0.0852,0.1692,5.1137,154.593,132.430463,2.415,24.11,0.11607,376163.1235218784,0.036,0
2026-09-28T14:42:02Z,12.209,17.8322,17.01,0.7111,0.0852,0.1692,5.1288,154.611,132.441667,2.3806,23.873,0.11605,376297.2619233592,0.034,0
2026-09-28T14:42:02Z,12.217,17.8303,17.01,0.6996,0.0852,0.1692,5.1892,154.651,132.470068,2.3473,23.693,0.11602,376548.3106059465,0.031,0
2026-09-28T14:42:02Z,12.224,17.8289,17.01,0.734,0.0852,0.1692,6.1107,154.72,132.523237,2.3166,23.574,0.11617,376969.63808063004,0.029,0
2026-09-28T14:42:02Z,12.231,17.8277,17.01,0.7721,0.1278,0.1269,6.1107,154.793,132.579325,2.2896,23.512,0.116,377408.1434966426,0.026,0
2026-09-28T14:42:02Z,12.237,17.8263,17.01,0.7569,0.1278,0.1269,6.1107,154.839,132.613258,2.2671,23.494,0.11597,377688.93715561833,0.024,0
2026-09-28T14:42:02Z,12.243,17.8246,17.01,0.753,0.1278,0.1269,6.0201,154.872,132.638085,2.2501,23.5,0.11617,377909.8570091215,0.023,0
2026-09-28T14:42:02Z,12.249,17.8226,17.01,0.8141,0.1278,0.1269,6.3826,154.897,132.658428,2.2389,23.512,0.1161,378104.7779534941,0.021,0
2026-09-28T14:42:02Z,12.254,17.8206,17.01,0.8103,0.1278,0.1692,6.4279,154.908,132.665698,2.2331,23.514,0.116,378203.744952814,0.02,0
2026-09-28T14:42:02Z,12.259,17.8188,17.01,0.8217,0.1278,0.1692,6.3071,154.916,132.667841,2.2314,23.496,0.11602,378260.5115901755,0.019,0
2026-09-28T14:42:02Z,12.263,17.8177,17.01,0.8141,0.1278,0.1692,6.292,154.919,132.663425,2.2321,23.46,0.116,378253.1415163613,0.017,0
2026-09-28T14:42:02Z,12.268,17.8173,17.01,0.9323,0.1278,0.1692,7.3041,154.903,132.643266,2.2333,23.414,0.11597,378114.1744075552,0.016,0
2026-09-28T14:42:02Z,12.272,17.8166,17.01,0.9323,0.1278,0.1269,7.3192,154.89,132.626006,2.2335,23.364,0.11605,378003.3586527387,0.015,0
2026-09-28T14:42:02Z,12.275,17.8151,17.01,0.9705,0.1278,0.1269,7.2437,154.904,132.635065,2.2318,23.316,0.11607,378104.06453343714,0.014,0
2026-09-28T14:42:02Z,12.279,17.8129,17.01,0.9362,0.1278,0.1269,7.3343,154.919,132.64884,2.2285,23.269,0.11595,378255.39809114335,0.013,0
2026-09-28T14:42:02Z,12.283,17.8107,17.01,0.8789,0.1278,0.1269,7.5458,154.918,132.650988,2.2242,23.22,0.116,378321.337164217,0.013,0
2026-09-28T14:42:02Z,12.286,17.8088,17.01,0.8866,0.1278,0.1269,7.5307,154.905,132.644083,2.2196,23.16,0.11602,378313.9159466522,0.012,0
2026-09-28T14:42:02Z,12.289,17.8078,17.01,0.9133,0.1278,0.2115,7.5609,154.875,132.624283,2.215,23.086,0.116,378191.22014398716,0.011,0
2026-09-28T14:42:02Z,12.291,17.808,17.01,0.8713,0.1278,0.2115,7.5458,154.878,132.632344,2.2106,23.002,0.11592,378245.89010618243,0.01,0
2026-09-28T14:42:02Z,12.294,17.809,17.01,0.8866,0.1278,0.2115,7.6062,154.94,132.690433,2.2059,22.918,0.116,378650.0562027909,0.01,0
2026-09-28T14:42:02Z,12.296,17.8105,17.01,0.9094,0.1278,0.2115,7.6365,155.013,132.755993,2.2002,22.848,0.1158,379098.01099570276,0.009,0
2026-09-28T14:42:02Z,12.298,17.8123,17.01,0.8904,0.0852,0.2538,7.5911,155.071,132.806477,2.1931,22.807,0.11597,379428.40564108285,0.009,0
2026-09-28T14:42:02Z,12.301,17.8141,17.01,0.8675,0.0852,0.2538,7.5609,155.118,132.845338,2.185,22.803,0.11597,379673.3504676545,0.01,0
2026-09-28T14:42:02Z,12.303,17.8156,17.01,0.8141,0.0852,0.2538,7.5609,155.152,132.868929,2.1769,22.835,0.11585,379812.7604916791,0.01,0
2026-09-28T14:42:02Z,12.306,17.8165,17.01,0.8217,0.0852,0.2538,7.5911,155.178,132.885541,2.1703,22.887,0.116,379914.51772978896,0.01,0
2026-09-28T14:42:02Z,12.308,17.8169,17.01,0.8065,0.1278,0.2115,7.5911,155.208,132.905609,2.1664,22.931,0.11617,380053.2014211954,0.01,0
2026-09-28T14:42:02Z,12.311,17.8163,17.01,0.8255,0.1278,0.2115,7.6516,155.236,132.926478,2.166,22.935,0.11617,380220.72897256026,0.01,0
2026-09-28T14:42:02Z,12.314,17.8147,17.01,0.8065,0.1278,0.2115,7.9688,155.274,132.957714,2.1691,22.882,0.11615,380487.6676205291,0.011,0
2026-09-28T14:42:02Z,12.317,17.8127,17.01,0.8141,0.1278,0.2115,7.9688,155.316,132.989635,2.1741,22.769,0.11582,380768.97339996323,0.011,0
2026-09-28T14:42:02Z,12.319,17.8111,17.01,0.8293,0.1278,0.2538,8.0745,155.357,133.018742,2.1783,22.607,0.1161,381020.4766596223,0.011,0
2026-09-28T14:42:02Z,12.322,17.8101,17.01,0.7721,0.1278,0.2538,7.999,155.42,133.062805,2.1788,22.415,0.1161,381368.74831331376,0.011,0
2026-09-28T14:42:02Z,12.325,17.8095,17.01,0.8141,0.1278,0.2538,7.9839,155.479,133.099547,2.1737,22.214,0.116,381653.93674514454,0.012,0
2026-09-28T14:42:02Z,12.328,17.8084,17.01,0.8713,0.1278,0.2538,7.6969,155.512,133.112743,2.1631,22.022,0.11612,381776.7491537944,0.012,0
2026-09-28T14:42:02Z,12.331,17.8064,17.01,0.8789,0.1278,0.2538,7.7875,155.52,133.105911,2.1478,21.847,0.11617,381772.2820927158,0.013,0
2026-09-28T14:42:02Z,12.334,17.8033,17.01,0.8866,0.1278,0.2115,7.7724,155.493,133.073226,2.1297,21.688,0.11607,381602.0795345166,0.013,0
2026-09-28T14:42:02Z,12.338,17.7989,17.01,0.8751,0.1278,0.2115,7.7271,155.442,133.025988,2.1108,21.535,0.11602,381354.2848780764,0.014,0
2026-09-28T14:42:02Z,12.341,17.794,17.01,0.959,0.1278,0.2115,8.2407,155.403,132.991631,2.0928,21.383,0.11607,381213.14957782265,0.015,0
2026-09-28T14:42:02Z,12.345,17.7895,17.01,0.9438,0.1278,0.2115,8.2558,155.406,132.993021,2.0763,21.236,0.11607,381326.8555230624,0.015,0
2026-09-28T14:42:02Z,12.349,17.7865,17.01,0.9514,0.0852,0.0846,8.1501,155.458,133.034531,2.0613,21.095,0.11628,381702.6343090134,0.016,0
2026-09-28T14:42:02Z,12.353,17.7852,17.01,0.9171,0.0852,0.0846,8.286,155.544,133.103211,2.0469,20.966,0.11607,382240.53698123177,0.016,0
2026-09-28T14:42:02Z,12.357,17.7849,17.01,0.8065,0.0852,0.0846,9.0111,155.646,133.181347,2.0324,20.859,0.11612,382825.8859611873,0.017,0
2026-09-28T14:42:02Z,12.362,17.7846,17.01,0.8217,0.0852,0.0846,8.9054,155.723,133.23573,2.0184,20.791,0.11605,383235.7259199894,0.017,0
2026-09-28T14:42:02Z,12.366,17.7836,17.19,0.8446,0.1278,0.1692,8.9205,155.758,133.25484,2.0051,20.765,0.11623,383400.4872481378,0.018,0
2026-09-28T14:42:02Z,12.371,17.7818,17.19,0.8332,0.1278,0.1692,8.9054,155.778,133.263789,1.9928,20.764,0.11615,383508.45491003926,0.017,0
2026-09-28T14:42:02Z,12.376,17.7789,17.19,0.9781,0.1278,0.1692,10.8239,155.786,133.264964,1.9828,20.763,0.11605,383584.240269881,0.017,0
2026-09-28T14:42:02Z,12.38,17.7753,17.19,1.001,0.1278,0.1692,10.975,155.776,133.252671,1.9766,20.736,0.116,383576.34102791385,0.016,0
2026-09-28T14:42:02Z,12.384,17.7718,17.19,1.001,0.1278,0.1692,10.839,155.756,133.233642,1.9742,20.661,0.116,383516.1637601518,0.015,0
2026-09-28T14:42:02Z,12.388,17.7692,17.37,0.9934,0.1278,0.1692,10.9599,155.738,133.218816,1.9742,20.535,0.11612,383466.3377750026,0.014,0
2026-09-28T14:42:02Z,12.391,17.7676,17.37,0.959,0.1278,0.1692,9.6456,155.726,133.212244,1.9742,20.376,0.116,383454.5986999217,0.012,0
2026-09-28T14:42:02Z,12.394,17.7665,17.37,0.9209,0.1278,0.1692,9.7665,155.712,133.20817,1.9717,20.2,0.1161,383449.82204892894,0.011,0
2026-09-28T14:42:02Z,12.396,17.7657,17.37,0.9247,0.1278,0.1692,9.7665,155.696,133.203509,1.9645,20.031,0.11592,383433.75280174764,0.01,0
2026-09-28T14:42:02Z,12.399,17.7658,17.64,0.9857,0.1278,0.1692,9.6607,155.68,133.199019,1.9526,19.9,0.11595,383398.1383653273,0.009,0
2026-09-28T14:42:02Z,12.401,17.7671,17.64,0.8217,0.1278,0.1692,6.8207,155.682,133.207514,1.9374,19.84,0.11623,383431.07725152106,0.008,0
2026-09-28T14:42:02Z,12.403,17.7696,17.64,0.8217,0.1278,0.1692,6.8207,155.692,133.221252,1.9205,19.868,0.11623,383475.1474366542,0.007,0
2026-09-28T14:42:02Z,12.404,17.7726,17.64,0.8217,0.1278,0.1692,6.8811,155.706,133.235891,1.9044,19.982,0.11612,383514.3322884384,0.006,0
2026-09-28T14:42:02Z,12.406,17.7754,17.82,0.795,0.1278,0.2961,6.9113,155.724,133.253331,1.8919,20.152,0.11605,383578.91282508406,0.005,0
2026-09-28T14:42:02Z,12.407,17.7776,17.82,0.9476,0.1278,0.2961,6.8207,155.707,133.242194,1.886,20.345,0.11615,383445.43896114343,0.004,0
2026-09-28T14:42:02Z,12.407,17.7792,17.82,0.9133,0.1278,0.2961,6.8056,155.664,133.21152,1.8886,20.528,0.11597,383181.0594690501,0.003,0
2026-09-28T14:42:02Z,12.408,17.7802,17.82,0.9285,0.1278,0.2961,6.7603,155.637,133.197166,1.8994,20.674,0.1161,383051.58317178977,0.003,0
2026-09-28T14:42:02Z,12.409,17.781,17.82,0.9094,0.1278,0.2115,6.8509,155.624,133.197305,1.9156,20.766,0.11612,383034.13412659575,0.002,0
2026-09-28T14:42:02Z,12.409,17.7821,17.82,0.8827,0.1278,0.2115,6.8358,155.61,133.199966,1.9338,20.805,0.11592,383028.4435883871,0.002,0
2026-09-28T14:42:02Z,12.409,17.7839,17.82,0.9094,0.1278,0.2115,6.8811,155.582,133.193848,1.9512,20.809,0.11623,382941.54906366684,0.001,0
2026-09-28T14:42:02Z,12.41,17.7866,17.82,0.8675,0.1278,0.2115,6.7452,155.525,133.165312,1.9649,20.806,0.11607,382667.8881526818,0.001,0
2026-09-28T14:42:02Z,12.41,17.7904,17.82,0.8751,0.1278,0.2115,6.8207,155.451,133.12276,1.9736,20.828,0.11617,382265.31108581653,0.001,0
2026-09-28T14:42:02Z,12.41,17.7952,17.82,0.9209,0.1704,0.2961,6.6847,155.389,133.090878,1.9771,20.898,0.11597,381918.9293682917,0.001,0
2026-09-28T14:42:02Z,12.41,17.8009,17.82,0.8942,0.1704,0.2961,6.8207,155.348,133.073173,1.9772,21.032,0.1162,381656.8688745386,0.001,0
2026-09-28T14:42:02Z,12.41,17.8073,17.82,0.8675,0.1704,0.2961,6.8962,155.311,133.052916,1.9767,21.227,0.11602,381360.0449999125,0,0
2026-09-28T14:42:02Z,12.411,17.8141,17.82,0.8789,0.1704,0.2961,6.7905,155.256,133.012696,1.9784,21.47,0.11595,380906.9434393145,0,0
2026-09-28T14:42:02Z,12.411,17.8209,17.82,0.8446,0.1704,0.2115,6.3977,155.187,132.9578,1.9849,21.744,0.11612,380346.1274330427,0,0
2026-09-28T14:42:02Z,12.411,17.8265,17.82,0.8141,0.1704,0.2115,6.2316,155.106,132.893605,1.9974,22.035,0.11605,379744.98135332135,7.3719e-10,0
2026-09-28T14:42:02Z,12.411,17.8301,17.82,0.7836,0.1704,0.2115,6.3675,155.011,132.817005,2.0157,22.331,0.11612,379099.02198116266,9.4782e-10,0
2026-09-28T14:42:02Z,12.411,17.8322,17.82,0.8332,0.1704,0.2115,6.3977,154.944,132.763616,2.0387,22.625,0.11607,378658.5933195729,1.2186e-9,0
2026-09-28T14:42:02Z,12.411,17.8337,17.73,0.8217,0.1704,0.2115,8.0594,154.947,132.769242,2.0646,22.907,0.1159,378665.7170041173,1.5668e-9,0
2026-09-28T14:42:02Z,12.411,17.8353,17.73,0.8141,0.1704,0.2115,7.9839,155.001,132.81737,2.0921,23.171,0.116,378982.9571927374,2.0145e-9,0
2026-09-28T14:42:02Z,12.411,17.8368,17.73,0.8179,0.1704,0.2115,8.0141,155.063,132.868792,2.1202,23.424,0.11607,379326.8500615538,2.59e-9,0
2026-09-28T14:42:02Z,12.411,17.838,17.73,0.8103,0.1704,0.2115,8.0443,155.097,132.895187,2.1481,23.672,0.11623,379493.6034708441,3.33e-9,0
2026-09-28T14:42:02Z,12.411,17.8391,17.73,0.7912,0.1704,0.2115,6.7754,155.105,132.89959,2.1748,23.907,0.11605,379500.8510796045,4.2815e-9,0
2026-09-28T14:42:02Z,12.411,17.8396,17.64,0.8217,0.1278,0.2115,6.8358,155.127,132.917203,2.1998,24.119,0.11595,379619.0183263896,5.5048e-9,0
2026-09-28T14:42:02Z,12.411,17.8393,17.64,0.8141,0.1278,0.2115,6.8811,155.186,132.966734,2.224,24.291,0.11602,379990.4836501289,7.0775e-9,0
2026-09-28T14:42:02Z,12.411,17.8383,17.64,0.7874,0.1278,0.2115,6.9113,155.258,133.027363,2.2475,24.409,0.11595,380459.99249681924,9.0997e-9,0
2026-09-28T14:42:02Z,12.412,17.8376,17.64,0.753,0.1278,0.2115,6.8358,155.314,133.077227,2.2699,24.466,0.11612,380843.60989253176,1.17e-8,0
2026-09-28T14:42:02Z,12.412,17.8372,17.55,0.7721,0.1278,0.2115,6.7905,155.351,133.11361,2.29,24.458,0.11607,381121.1286981265,1.5042e-8,0
2026-09-28T14:42:02Z,12.412,17.8368,17.55,0.7683,0.1278,0.2115,6.7452,155.356,133.124197,2.3063,24.386,0.116,381208.4205595275,1.934e-8,0
2026-09-28T14:42:02Z,12.412,17.8365,17.55,0.7492,0.1278,0.2115,6.8509,155.325,133.101802,2.3176,24.26,0.1161,381050.0956839848,2.4866e-8,0
2026-09-28T14:42:02Z,12.412,17.837,17.55,0.8065,0.1278,0.2115,6.4279,155.284,133.07048,2.3229,24.095,0.11595,380807.62618283456,3.197e-8,0
2026-09-28T14:42:02Z,12.412,17.8385,17.46,0.8179,0.1278,0.1269,6.3675,155.258,133.051901,2.3221,23.912,0.11605,380636.2534781866,4.1105e-8,0
2026-09-28T14:42:02Z,12.412,17.8404,17.46,0.8332,0.1278,0.1269,6.3675,155.262,133.057125,2.3152,23.739,0.1161,380631.1918098758,5.2849e-8,0
2026-09-28T14:42:02Z,12.412,17.842,17.46,0.8484,0.1278,0.1269,6.3675,155.281,133.075535,2.3031,23.6,0.1159,380730.2027924608,6.7949e-8,0
2026-09-28T14:42:02Z,12.412,17.8432,17.46,0.8217,0.1278,0.1269,6.0654,155.289,133.084018,2.2874,23.513,0.1162,380765.21383686585,8.7363e-8,0
2026-09-28T14:42:02Z,12.412,17.8443,17.28,0.8293,0.0852,0.1692,6.1409,155.28,133.080832,2.27,23.48,0.11585,380716.5001051858,1.1232e-7,0
2026-09-28T14:42:02Z,12.412,17.845,17.28,0.8255,0.0852,0.1692,6.0654,155.258,133.06913,2.2535,23.491,0.11612,380614.2012120044,1.4442e-7,0
2026-09-28T14:42:02Z,12.412,17.8456,17.28,0.8065,0.0852,0.1692,6.0805,155.237,133.057804,2.2403,23.538,0.11638,380516.9849942049,1.8568e-7,0
2026-09-28T14:42:02Z,12.412,17.8462,17.28,0.7721,0.0852,0.1692,6.5186,155.237,133.063848,2.232,23.615,0.11597,380547.76766363595,2.3873e-7,0
2026-09-28T14:42:02Z,12.412,17.8476,17.28,0.7569,0.0852,0.1692,6.715,155.261,133.088876,2.2288,23.714,0.11605,380700.11339849536,3.0694e-7,0
2026-09-28T14:42:02Z,12.412,17.8497,17.28,0.7569,0.1278,0.1692,6.5941,155.301,133.127552,2.2297,23.822,0.11612,380937.04287149076,2.8201e-7,0
2026-09-28T14:42:02Z,12.412,17.852,17.28,0.7607,0.1278,0.1692,6.4582,155.36,133.182182,2.2341,23.927,0.11602,381287.11885485076,1.6238e-7,0
2026-09-28T14:42:02Z,12.412,17.8539,17.28,0.7569,0.1278,0.1692,6.8056,155.414,133.233307,2.2414,24.022,0.11607,381620.67895613506,5.3057e-8,0
2026-09-28T14:42:02Z,12.412,17.8554,17.28,0.7454,0.1278,0.1692,6.8358,155.436,133.254528,2.2506,24.1,0.11605,381742.8215411873,8.8519e-11,0
2026-09-28T14:42:02Z,12.412,17.8568,17.37,0.7569,0.1278,0.1269,6.7905,155.424,133.245499,2.2608,24.147,0.11597,381643.99991563533,1.1381e-10,0
2026-09-28T14:42:02Z,12.412,17.8582,17.37,0.7569,0.1278,0.1269,6.7905,155.375,133.203813,2.2708,24.153,0.1161,381304.2902034855,1.4633e-10,0
2026-09-28T14:42:02Z,12.412,17.8596,17.37,0.8217,0.1278,0.1269,5.1892,155.295,133.136367,2.2797,24.124,0.11605,380774.9325116277,1.8814e-10,0
2026-09-28T14:42:02Z,12.412,17.8605,17.37,0.8141,0.1278,0.1269,5.1892,155.233,133.085225,2.287,24.072,0.11607,380377.56232930237,2.4189e-10,0
2026-09-28T14:42:02Z,12.413,17.8608,17.37,0.8408,0.1278,0.2961,5.159,155.229,133.082787,2.2915,24.006,0.1161,380352.73712055304,3.11e-10,0
2026-09-28T14:42:02Z,12.413,17.8609,17.37,0.8141,0.1278,0.2961,5.1892,155.261,133.108386,2.292,23.946,0.11612,380538.9808982641,3.9986e-10,0
2026-09-28T14:42:02Z,12.413,17.8614,17.37,0.6767,0.1278,0.2961,5.446,155.304,133.140827,2.2893,23.907,0.11597,380766.5227487994,5.141e-10,0
2026-09-28T14:42:02Z,12.413,17.862,17.37,0.6996,0.1278,0.2961,5.3554,155.354,133.178751,2.2843,23.897,0.116,381032.2654639643,6.6099e-10,0
2026-09-28T14:42:02Z,12.413,17.8622,17.37,0.6958,0.1278,0.2961,5.4007,155.395,133.210254,2.278,23.925,0.11623,381259.9462976785,8.4984e-10,0
2026-09-28T14:42:02Z,12.413,17.8616,17.46,0.692,0.1278,0.2961,5.4007,155.459,133.261751,2.2724,23.992,0.11607,381653.60688268836,1.0927e-9,0
2026-09-28T14:42:02Z,12.413,17.8603,17.46,0.753,0.1278,0.2961,5.6877,155.591,133.372995,2.2688,24.081,0.1159,382504.96861547144,1.4048e-9,0
2026-09-28T14:42:02Z,12.413,17.8588,17.46,0.753,0.1278,0.2961,5.6726,155.757,133.515604,2.2679,24.171,0.116,383594.2948729966,1.8062e-9,0
2026-09-28T14:42:02Z,12.413,17.8575,17.46,0.7378,0.1278,0.2961,5.6424,155.893,133.635531,2.2706,24.251,0.11612,384512.7820211951,2.3223e-9,0
2026-09-28T14:42:02Z,12.413,17.8565,17.64,0.7416,0.1278,0.2115,5.6122,155.984,133.718716,2.2771,24.309,0.11612,385152.9738720985,2.9858e-9,0
2026-09-28T14:42:02Z,12.413,17.856,17.64,0.6844,0.1278,0.2115,6.1107,156.029,133.763324,2.2855,24.327,0.11607,385495.71590255626,3.8389e-9,0
2026-09-28T14:42:02Z,12.413,17.856,17.64,0.6806,0.1278,0.2115,6.1409,156.02,133.75923,2.294,24.298,0.11597,385465.3172285067,4.9357e-9,0
2026-09-28T14:42:02Z,12.413,17.8569,17.64,0.6882,0.1278,0.2115,6.0352,155.973,133.719357,2.3016,24.223,0.11597,385148.45215147384,6.3459e-9,0
2026-09-28T14:42:02Z,12.413,17.8586,17.73,0.7149,0.0852,0.2961,6.0805,155.893,133.649085,2.307,24.108,0.11605,384587.79365042015,8.159e-9,0
2026-09-28T14:42:02Z,12.413,17.8605,17.73,0.6806,0.0852,0.2961,6.0654,155.763,133.53768,2.3086,23.959,0.1161,383718.4457101746,1.049e-8,0
2026-09-28T14:42:02Z,12.413,17.8617,17.73,0.6767,0.0852,0.2961,6.0956,155.615,133.415483,2.3058,23.788,0.11612,382786.73189340706,1.3487e-8,0
2026-09-28T14:42:02Z,12.413,17.8617,17.73,0.6844,0.0852,0.2961,6.1409,155.473,133.305957,2.2987,23.606,0.11625,381977.59114224376,1.7341e-8,0
2026-09-28T14:42:02Z,12.413,17.8612,17.82,0.7073,0.1278,0.2115,6.0654,155.331,133.203915,2.2878,23.435,0.11605,381236.1596570281,2.2295e-8,0
2026-09-28T14:42:02Z,12.413,17.8612,17.82,0.7378,0.1278,0.2115,5.9747,155.199,133.112172,2.2737,23.301,0.11617,380559.9939810739,2.8666e-8,0
2026-09-28T14:42:02Z,12.413,17.8629,17.82,0.7759,0.1278,0.2115,6.0956,155.081,133.028282,2.2574,23.229,0.11595,379903.4548127088,3.6856e-8,0
2026-09-28T14:42:02Z,12.413,17.8669,17.82,0.7721,0.1278,0.2115,6.1711,154.99,132.961902,2.24,23.229,0.11605,379323.8361231793,4.7386e-8,0
2026-09-28T14:42:02Z,12.413,17.8731,17.82,0.7569,0.1278,0.2115,6.1409,154.955,132.937364,2.2234,23.304,0.11612,379001.9834878598,-5.964e-8,0
2026-09-28T14:42:02Z,12.413,17.88,17.73,0.7378,0.1278,0.2538,5.8086,154.981,132.958134,2.2105,23.452,0.11628,378997.10156927234,-2.91e-7,0
2026-09-28T14:42:02Z,12.413,17.8858,17.73,0.7454,0.1278,0.2538,5.8086,155.041,133.003729,2.2033,23.652,0.116,379199.642493641,-5.409e-7,0
2026-09-28T14:42:02Z,12.413,17.8895,17.73,0.7836,0.1278,0.2538,5.8992000000000004,155.129,133.068292,2.2031,23.877,0.11602,379589.5433599592,-8.251e-7,0
2026-09-28T14:42:02Z,12.413,17.8912,17.73,0.7797,0.1278,0.2538,5.8841,155.215,133.127007,2.2102,24.105,0.11592,379982.3538876822,0,0
2026-09-28T14:42:02Z,12.413,17.8908,17.73,0.7645,0.1704,0.2961,5.159,155.255,133.141484,2.2242,24.317,0.11612,380097.9803807463,0,0
2026-09-28T14:42:02Z,12.413,17.8888,17.73,0.7416,0.1704,0.2961,5.2647,155.259,133.125592,2.2433,24.499,0.116,380026.84220520174,0,0
2026-09-28T14:42:02Z,12.413,17.8854,17.73,0.7569,0.1704,0.2961,5.2345,155.221,133.081097,2.2648,24.64,0.11607,379777.3800135574,0,0
2026-09-28T14:42:02Z,12.413,17.8805,17.73,0.7492,0.1704,0.2961,5.159,155.132,133.000135,2.2866,24.729,0.11605,379294.2355618922,-0,0
2026-09-28T14:42:02Z,12.413,17.8742,17.82,0.7111,0.1704,0.2961,4.8418,155.045,132.92717,2.307,24.767,0.116,378902.01129347173,-0,0
2026-09-28T14:42:02Z,12.413,17.8679,17.82,0.692,0.1704,0.2961,4.9324,154.982,132.876773,2.3246000000000002,24.766,0.116,378675.6005120337,-0,0
2026-09-28T14:42:02Z,12.413,17.8639,17.82,0.7073,0.1704,0.2961,4.9173,154.903,132.81549,2.3382,24.741,0.11595,378316.88730720803,-0,0
2026-09-28T14:42:02Z,12.413,17.8624,17.82,0.6806,0.1704,0.2961,4.9022,154.813,132.744993,2.3468,24.702,0.11597,377833.8386797027,0,0
2026-09-28T14:42:02Z,12.413,17.8628,17.82,0.6767,0.1704,0.2961,4.9173,154.728,132.68051,2.3503,24.668,0.1162,377352.0296326433,0,0
2026-09-28T14:42:02Z,12.414,17.8642,17.82,0.6882,0.1278,0.2538,5.0684,154.649,132.62086,2.3501,24.653,0.11595,376883.29901828046,0,0
