DateTime,Depth_m,Temp_C,Chla_ugL,Turbidity_NTU,Cond_uScm,SpCond_uScm,DO_mgL,DOsat_percent,pH,ORP_mV,PAR,Salinity,DescRate_ms ,Flag
2026-09-29T10:28:16Z,-0.113,19.3743,0.7192,6.2712,48.401,42.95926,4.3755,51.472,10.386,45.6899,921.31,19242.73776470448,0.035,0
2026-09-29T10:28:16Z,-0.1,19.3741,0.7262,6.2073,48.453,43.006783,4.505,51.712,10.386,45.0085,843.74,19296.513989371684,0.036,0
2026-09-29T10:28:16Z,-0.09,19.3741,0.7062,6.1066,48.596,43.134277,4.62,51.744,10.386,44.4012,741.73,19440.668577695236,0.036,0
2026-09-29T10:28:16Z,-0.083,19.3741,0.6938,6.1123,48.491,43.040907,4.6993,51.715,10.386,44.4566,668.34,19335.030649732907,0.034,0
2026-09-29T10:28:16Z,-0.075,19.3746,0.7013,6.2079,48.325,42.89342,4.7476,51.734,10.386,45.0756,639.84,19168.362614886857,0.031,0
2026-09-29T10:28:16Z,-0.065,19.375,0.7053,6.272,48.375,42.937839,4.7678,51.842,10.386,45.8631,680.67,19217.86884811538,0.029,0
2026-09-29T10:28:16Z,-0.058,19.3755,0.7087,6.2388,48.452,43.006726,4.7639,52.047,10.386,46.1479,744.87,19294.932938640195,0.027,0
2026-09-29T10:28:16Z,-0.054,19.3758,0.6919,6.113,48.405,42.964661,4.7586,52.344,10.384,46.1962,697.47,19247.198572008445,0.026,0
2026-09-29T10:28:16Z,-0.049,19.376,0.6931,6.1179,48.374,42.937015,4.7588,52.678,10.384,46.2755,591.01,19215.863917477,0.024,0
2026-09-29T10:28:16Z,-0.041,19.3761,0.7317,6.2642,48.434,42.989818,4.7691,52.937,10.386,46.2465,542.99,19275.218292526293,0.021,0
2026-09-29T10:28:16Z,-0.035,19.3758,0.7511,6.3442,48.482,43.031838,4.7874,53.006,10.387,46.1895,512.95,19322.944693125464,0.019,0
2026-09-29T10:28:16Z,-0.03,19.3755,0.7286,6.2656,48.447,43.000773,4.8164,52.827,10.387,46.2735,497.16,19288.217423174727,0.018,0
2026-09-29T10:28:16Z,-0.026,19.375,0.6919,6.0999,48.369,42.931567,4.8515,52.436,10.386,46.3165,515.14,19210.81073594938,0.017,0
2026-09-29T10:28:16Z,-0.024,19.3747,0.6984,6.1174,48.326,42.893276,4.879,51.879,10.385,46.2791,476.55,19168.090491225477,0.018,0
2026-09-29T10:28:16Z,-0.022,19.3746,0.7325,6.3051,48.355,42.918637,4.8886,51.197,10.385,46.2519,560.2,19196.69968427012,0.021,0
2026-09-29T10:28:16Z,-0.018,19.3745,0.746,6.3885,48.358,42.920844,4.8693,50.485,10.386,45.7296,683.54,19199.288703045087,0.026,0
2026-09-29T10:28:16Z,-0.01,19.3744,0.7294,6.306,48.285,42.856486,4.8318,49.833,10.386,44.6104,578.69,19127.11257732939,0.033,0
2026-09-29T10:28:16Z,0.001,19.3742,0.6904,6.1615,48.265,42.838683,4.7805,49.272,10.385,43.7326,405.84,19107.360963189407,0.043,0
2026-09-29T10:28:16Z,0.012,19.374,0.6903,6.2127,48.33,42.896003,4.7138,48.854,10.385,43.3754,267.04,19171.903998849804,0.053,0
2026-09-29T10:28:16Z,0.026,19.3737,0.7288,6.4457,48.352,42.914816,4.6443,48.637,10.385,43.8189,170.68,19193.369292071588,0.06,0
2026-09-29T10:28:16Z,0.043,19.3735,0.7477,6.5544,48.308,42.875734,4.585,48.595,10.385,44.9653,126.37,19149.675874142544,0.063,0
2026-09-29T10:28:16Z,0.065,19.3737,0.7353,6.5029,48.3,42.867772,4.5314,48.652,10.385,45.2773,102.82,19140.52257513333,0.063,0
2026-09-29T10:28:16Z,0.086,19.3735,0.7039,6.4034,48.316,42.88202,4.4897,48.764,10.386,45.0949,92.16,19156.73119305576,0.059,0
2026-09-29T10:28:16Z,0.101,19.3732,0.7007,6.3417,48.289,42.857587,4.4713,48.914,10.386,45.6862,84.734,19129.627784110613,0.054,0
2026-09-29T10:28:16Z,0.111,19.3726,0.7298,6.3382,48.254,42.82625,4.4706,49.087,10.385,46.2321,79.983,19095.131325243125,0.048,0
2026-09-29T10:28:16Z,0.118,19.372,0.7468,6.3612,48.247,42.820484,4.4774,49.314,10.385,46.2751,74.278,19089.311643926223,0.042,0
2026-09-29T10:28:16Z,0.126,19.3718,0.7328,6.312,48.282,42.851334,4.4871,49.636,10.385,46.2919,66.421,19124.112270359918,0.037,0
2026-09-29T10:28:16Z,0.136,19.3714,0.7098,6.1535,48.317,42.881899,4.5031,50.02,10.385,46.3487,60.146,19158.84738794093,0.033,0
2026-09-29T10:28:16Z,0.146,19.3711,0.7181,6.1177,48.307,42.872675,4.5172,50.405,10.385,46.4465,56.489,19148.81137788963,0.03,0
2026-09-29T10:28:16Z,0.155,19.371,0.7424,6.2556,48.301,42.866753,4.5356,50.75,10.386,46.5273,54.544,19142.27025097015,0.027,0
2026-09-29T10:28:16Z,0.161,19.3706,0.73740000000000006,6.2834,48.309,42.873774,4.5675,51.034,10.386,46.5515,53.638,19150.581106138292,0.023,0
2026-09-29T10:28:16Z,0.166,19.3703,0.6903,6.1459,48.332,42.894098,4.6047,51.218,10.386,46.6526,52.783,19173.731054266525,0.018,0
2026-09-29T10:28:16Z,0.17,19.3702,0.639,6.0623,48.363,42.922071,4.6424,51.274,10.385,46.7179,52.191,19205.286022055057,0.012,0
2026-09-29T10:28:16Z,0.173,19.3702,0.6416,6.1606,48.333,42.894631,4.6733,51.206,10.384,46.7384,52.074,19174.43702811193,0.005,0
2026-09-29T10:28:16Z,0.174,19.3699,0.6963,6.3097,48.245,42.816205,4.7016,50.993,10.385,46.8147,52.954,19086.760400943753,-0.003,0
2026-09-29T10:28:16Z,0.173,19.3697,0.7436,6.2594,48.225,42.798967,4.7198,50.666,10.385,46.7802,54.854,19067.665997018386,-0.009,0
2026-09-29T10:28:16Z,0.168,19.3698,0.7387,6.0659,48.313,42.876632,4.7232,50.303,10.385,46.7504,57.236,19154.648560719055,-0.011,0
2026-09-29T10:28:16Z,0.161,19.3694,0.7041,6.0193,48.374,42.930106,4.7194,49.938,10.385,46.8845,59.339,19215.187290272574,-0.008,0
2026-09-29T10:28:16Z,0.154,19.3694,0.6836,6.0718,48.311,42.87426,4.6989,49.565,10.385,46.9398,59.94,19152.415352053788,-0.002,0
2026-09-29T10:28:16Z,0.152,19.3693,0.6982,6.1199,48.268,42.836128,4.6645,49.183,10.385,46.8163,58.965,19109.735247355333,0.007,0
2026-09-29T10:28:16Z,0.157,19.3691,0.7395,6.2253,48.355,42.913361,4.6309,48.815,10.385,46.7684,56.313,19196.67513549807,0.016,0
2026-09-29T10:28:16Z,0.167,19.3692,0.7414,6.2518,48.433,42.982941,4.5977,48.502,10.384,46.7053,52.952,19274.90977415775,0.023,0
2026-09-29T10:28:16Z,0.177,19.3691,0.713,6.2354,48.429,42.979211,4.5634,48.239,10.384,46.225,50.277,19270.81239671992,0.025,0
2026-09-29T10:28:16Z,0.187,19.3689,0.7207,6.3013,48.375,42.931738,4.528,47.981,10.385,45.6927,48.44,19217.56076583049,0.025,0
2026-09-29T10:28:16Z,0.193,19.3688,0.7424,6.331,48.359,42.916718,4.4916,47.704,10.385,45.6041,47.763,19200.770924854467,0.022,0
2026-09-29T10:28:16Z,0.195,19.3687,0.7518,6.2871,48.439,42.988031,4.4629,47.431,10.385,45.7557,48.015,19281.187523102315,0.02,0
2026-09-29T10:28:16Z,0.195,19.3686,0.7425,6.2149,48.489,43.032301,4.4411,47.199,10.384,46.1497,47.946,19331.256273007435,0.02,0
2026-09-29T10:28:16Z,0.198,19.3687,0.7134,6.2091,48.39,42.944205,4.4181,46.991,10.384,46.582,47.466,19231.808076327965,0.02,0
2026-09-29T10:28:16Z,0.207,19.3686,0.699,6.3193,48.24,42.811484,4.3923,46.791,10.384,46.5083,46.751,19082.859673527375,0.021,0
2026-09-29T10:28:16Z,0.217,19.3687,0.7016,6.3859,48.182,42.7605,4.3643,46.651,10.383,46.377,44.821,19025.68680708458,0.025,0
2026-09-29T10:28:16Z,0.224,19.3688,0.7036,6.297,48.267,42.835537,4.3445,46.637,10.383,46.63,42.096,19109.603743105436,0.032,0
2026-09-29T10:28:16Z,0.228,19.3687,0.6891,6.2004,48.476,43.020562,4.3269,46.798,10.383,46.8132,40.115,19317.890230085675,0.041,0
2026-09-29T10:28:16Z,0.233,19.3688,0.6679,6.3116,48.558,43.093432,4.3055,47.13,10.383,46.7859,39.27,19400.159103297432,0.047,0
2026-09-29T10:28:16Z,0.245,19.3687,0.6806,6.5142,48.402,42.954933,4.291,47.679,10.383,46.9015,38.74,19243.885661271135,0.051,0
2026-09-29T10:28:16Z,0.268,19.3686,0.7011,6.5659,48.306,42.869331,4.2872,48.635,10.383,47.1788,38.714,19147.733253288436,0.053,0
2026-09-29T10:28:16Z,0.292,19.3683,0.6836,6.4593,48.395,42.947044,4.3028,50.026,10.383,47.3001,40.004,19235.429967313274,0.053,0
2026-09-29T10:28:16Z,0.306,19.3681,0.6426,6.319,48.462,43.005934,4.335,51.545,10.383,47.3356,41.559,19302.02490506491,0.05,0
2026-09-29T10:28:16Z,0.312,19.3678,0.6381,6.3384,48.397,42.946637,4.3749,52.899,10.382,47.435,42.738,19235.510054711893,0.045,0
2026-09-29T10:28:16Z,0.318,19.3674,0.671,6.4877,48.306,42.864816,4.4591,53.974,10.382,47.4693,43.539,19143.94944116963,0.038,0
2026-09-29T10:28:16Z,0.326,19.3668,0.6823,6.553,48.281,42.841778,4.6031,54.736,10.382,47.493,43.293,19118.740010172234,0.033,0
2026-09-29T10:28:16Z,0.337,19.3654,0.6499,6.4791,48.301,42.858503,4.7527,55.192,10.383,47.6354,42.104,19139.007362494893,0.033,0
2026-09-29T10:28:16Z,0.347,19.3637,0.5949,6.3461,48.322,42.876626,4.8793,55.354,10.384,47.8135,40.598,19161.18217814818,0.033,0
2026-09-29T10:28:16Z,0.354,19.3624,0.5759,6.3791,48.315,42.870483,4.9802,55.239,10.385,47.8395,39.003,19155.677767811154,0.033,0
2026-09-29T10:28:16Z,0.361,19.3615,0.6116,6.5713,48.29,42.847703,5.0497,54.936,10.384,47.7787,37.516,19131.067323699863,0.031,0
2026-09-29T10:28:16Z,0.37,19.3611,0.6598,6.6543,48.299,42.855084,5.0906,54.551,10.384,47.8521,36.445,19139.780605101372,0.027,0
2026-09-29T10:28:16Z,0.379,19.361,0.6762,6.5631,48.347,42.896248,5.1069,54.103,10.384,47.9529,35.987,19186.13431342643,0.021,0
2026-09-29T10:28:16Z,0.386,19.3609,0.6602,6.3904,48.353,42.901105,5.0925,53.572,10.383,48.0514,35.979,19191.70291899635,0.015,0
2026-09-29T10:28:16Z,0.39,19.3604,0.6667,6.3424,48.296,42.850337,5.0596,52.972,10.382,48.2679,36.041,19135.201707906497,0.007,0
2026-09-29T10:28:16Z,0.39,19.3596,0.6957,6.3924,48.3,42.853667,5.0249,52.337,10.383,48.4206,36.013,19139.798077124775,0,0
2026-09-29T10:28:16Z,0.385,19.3586,0.7037,6.3464,48.399,42.941367,4.9848,51.687,10.384,48.3486,35.8,19239.493474017843,-0.005,0
2026-09-29T10:28:16Z,0.38,19.3581,0.6795,6.2297,48.419,42.958612,4.9357,51.06,10.384,48.2579,35.614,19259.463861153858,-0.008,0
2026-09-29T10:28:16Z,0.376,19.3577,0.6442,6.1084,48.321,42.871768,4.8784,50.52,10.383,48.3564,35.401,19162.167948589846,-0.009,0
2026-09-29T10:28:16Z,0.375,19.3574,0.6513,6.1774,48.29,42.843436,4.8201,50.093,10.382,48.4218,35.161,19130.674332698247,-0.009,0
2026-09-29T10:28:16Z,0.375,19.3569,0.6908,6.3811,48.391,42.933413,4.7592,49.764,10.382,48.3594,34.792,19232.36935218788,-0.009,0
2026-09-29T10:28:16Z,0.375,19.3565,0.6977,6.4539,48.474,43.007578,4.6986,49.528,10.382,48.3767,34.042,19316.436231703385,-0.01,0
2026-09-29T10:28:16Z,0.373,19.3565,0.6677,6.4086,48.442,42.97849,4.6482,49.38,10.382,48.4585,33.137,19283.606925817534,-0.011,0
2026-09-29T10:28:16Z,0.368,19.3565,0.6442,6.3121,48.424,42.962545,4.6099,49.286,10.382,48.4882,32.307,19265.626039376933,-0.012,0
2026-09-29T10:28:16Z,0.363,19.3568,0.6559,6.2772,48.472,43.005214,4.5797,49.226,10.381,48.4776,31.767,19313.442737991125,-0.012,0
2026-09-29T10:28:16Z,0.358,19.3569,0.6841,6.2611,48.451,42.986605,4.5573,49.198,10.381,48.5024,31.344,19292.330352931003,-0.011,0
2026-09-29T10:28:16Z,0.357,19.3568,0.6933,6.2193,48.386,42.927971,4.5457,49.17,10.381,48.529,31.026,19226.35048988814,-0.01,0
2026-09-29T10:28:16Z,0.357,19.3565,0.6681,6.2503,48.389,42.931002,4.5378,49.147,10.382,48.5413,30.929,19230.086735981477,-0.008,0
2026-09-29T10:28:16Z,0.356,19.3562,0.6366,6.3284,48.422,42.959781,4.5309,49.14,10.382,48.5655,30.83,19262.834940499833,-0.006,0
2026-09-29T10:28:16Z,0.353,19.356,0.6456,6.4454,48.42,42.958571,4.5314,49.138,10.382,48.5632,30.619,19261.687097642593,-0.004,0
2026-09-29T10:28:16Z,0.351,19.3557,0.6766,6.4691,48.444,42.979837,4.5275,49.133,10.382,48.5994,30.294,19285.99278387115,-0.001,0
2026-09-29T10:28:16Z,0.35,19.3556,0.6707,6.3423,48.496,43.026488,4.525,49.114,10.381,48.6595,29.898,19338.77500067513,0.002,0
2026-09-29T10:28:16Z,0.35,19.3557,0.6324,6.2103,48.483,43.014848,4.5254,49.078,10.38,48.6023,29.467,19325.51532734015,0.006,0
2026-09-29T10:28:16Z,0.352,19.3556,0.6209,6.1716,48.428,42.96605,4.5243,49.006,10.381,48.4237,28.93,19270.551127364568,0.01,0
2026-09-29T10:28:16Z,0.357,19.3559,0.6486,6.2497,48.403,42.94425,4.5255,48.896,10.382,48.2207,28.345,19245.655834861846,0.013,0
2026-09-29T10:28:16Z,0.362,19.3561,0.6851,6.2665,48.4,42.94169,4.5225,48.76,10.382,48.0411,27.78,19242.55567010319,0.015,0
2026-09-29T10:28:16Z,0.366,19.356,0.7123,6.204,48.394,42.935092,4.521,48.614,10.381,47.9722,27.21,19235.231405234157,0.016,0
2026-09-29T10:28:16Z,0.369,19.356,0.7191,6.2448,48.386,42.927944,4.514,48.479,10.381,48.0762,26.685,19227.181757575687,0.018,0
2026-09-29T10:28:16Z,0.372,19.3559,0.7006,6.385,48.376,42.918735,4.5035,48.328,10.381,48.1807,26.269,19216.922046085067,0.019,0
2026-09-29T10:28:16Z,0.377,19.3558,0.697,6.533,48.34,42.887225,4.4908,48.136,10.382,48.2025,26.015,19181.58237268206,0.021,0
2026-09-29T10:28:16Z,0.383,19.3555,0.6916,6.5302,48.314,42.864323,4.4756,47.926,10.383,48.2544,25.852,19156.166386378532,0.023,0
2026-09-29T10:28:16Z,0.391,19.3552,0.653,6.3859,48.35,42.895716,4.4647,47.721,10.384,48.2919,25.688,19191.775056664683,0.024,0
2026-09-29T10:28:16Z,0.398,19.3551,0.637,6.3251,48.411,42.949427,4.4525,47.534,10.383,48.3116,25.464,19252.350340570323,0.025,0
2026-09-29T10:28:16Z,0.404,19.355,0.6404,6.4101,48.403,42.94249,4.4329,47.353,10.382,48.3208,25.108,19244.641544180307,0.026,0
2026-09-29T10:28:16Z,0.41,19.355,0.6515,6.525,48.328,42.875311,4.4132,47.139,10.381,48.2306,24.606,19169.04831497422,0.027,0
2026-09-29T10:28:16Z,0.417,19.3549,0.6637,6.4852,48.283,42.835375,4.3941,46.914,10.38,48.1675,24.036,19124.30571746297,0.027,0
2026-09-29T10:28:16Z,0.423,19.3546,0.6551,6.3397,48.289,42.840453,4.376,46.701,10.38,48.1604,23.492,19130.326237018817,0.028,0
2026-09-29T10:28:16Z,0.431,19.3545,0.6474,6.2679,48.326,42.873234,4.3633,46.501,10.381,48.1442,23.03,19167.250233098028,0.03,0
2026-09-29T10:28:16Z,0.44,19.3544,0.6537,6.3348,48.373,42.914365,4.341,46.326,10.382,48.1444,22.709,19213.61564217073,0.032,0
2026-09-29T10:28:16Z,0.447,19.3542,0.6724,6.4994,48.349,42.893457,4.3193,46.159,10.382,48.1629,22.491,19190.307227301346,0.035,0
2026-09-29T10:28:16Z,0.456,19.3539,0.6659,6.5161,48.257,42.81086,4.301,45.978,10.381,48.1953,22.254,19097.87547739356,0.038,0
2026-09-29T10:28:16Z,0.467,19.3536,0.6415,6.3658,48.25,42.804295,4.2804,45.786,10.381,48.2779,21.947,19090.83567230031,0.041,0
2026-09-29T10:28:16Z,0.478,19.3536,0.6357,6.2873,48.332,42.877554,4.2666,45.63,10.382,48.3014,21.678,19173.07028464489,0.043,0
2026-09-29T10:28:16Z,0.489,19.3534,0.6458,6.3868,48.326,42.871485,4.251,45.538,10.382,48.1339,21.508,19166.46346264565,0.044,0
2026-09-29T10:28:16Z,0.501,19.353,0.6801,6.5438,48.239,42.794393,4.2353,45.463,10.382,48.0608,21.363,19080.377191001906,0.043,0
2026-09-29T10:28:16Z,0.515,19.3526,0.6928,6.5119,48.213,42.770585,4.2154,45.383,10.382,48.1918,21.176,19054.134996703535,0.041,0
2026-09-29T10:28:16Z,0.527,19.3526,0.6659,6.343,48.288,42.837509,4.1987,45.315,10.382,48.2555,20.888,19129.160700231638,0.037,0
2026-09-29T10:28:16Z,0.535,19.3524,0.6294,6.2778,48.364,42.905374,4.1939,45.275,10.382,48.2283,20.448,19205.64599957243,0.033,0
2026-09-29T10:28:16Z,0.54,19.3522,0.6004,6.3727,48.35,42.892936,4.1873,45.246,10.382,48.2068,19.915,19191.86802007013,0.029,0
2026-09-29T10:28:16Z,0.545,19.3521,0.6074,6.5333,48.333,42.877545,4.1792,45.193,10.381,48.1682,19.421,19174.668884873965,0.025,0
2026-09-29T10:28:16Z,0.551,19.3521,0.6064,6.546,48.37,42.909698,4.1719,45.094,10.381,48.1908,18.996,19210.834277195834,0.023,0
2026-09-29T10:28:16Z,0.558,19.3522,0.5799,6.3895,48.36,42.900854,4.169,44.954,10.381,48.223,18.716,19200.774251420513,0.023,0
2026-09-29T10:28:16Z,0.564,19.352,0.5696,6.2818,48.285,42.834087,4.1677,44.793,10.381,48.1266,18.606,19125.961232888007,0.022,0
2026-09-29T10:28:16Z,0.57,19.3517,0.5904,6.337,48.247,42.800624,4.1638,44.619,10.381,48.0581,18.562,19088.747927942128,0.021,0
2026-09-29T10:28:16Z,0.576,19.3515,0.6311,6.4764,48.262,42.813619,4.1543,44.445,10.38,48.0831,18.532,19103.532477602108,0.018,0
2026-09-29T10:28:16Z,0.581,19.3513,0.6296,6.4298,48.247,42.800794,4.1404,44.295,10.379,48.0842,18.448,19089.365795171412,0.015,0
2026-09-29T10:28:16Z,0.584,19.3513,0.5884,6.1831,48.215,42.772489,4.1257,44.185,10.38,48.0716,18.256,19057.651705609835,0.013,0
2026-09-29T10:28:16Z,0.586,19.3512,0.5748,6.0214,48.234,42.788752,4.1092,44.133,10.38,48.1032,18.024,19075.976177375058,0.012,0
2026-09-29T10:28:16Z,0.586,19.3509,0.5892,6.0461,48.255,42.807012,4.0925,44.159,10.379,48.208,17.786,19096.765083269085,0.012,0
2026-09-29T10:28:16Z,0.588,19.3507,0.613,6.1401,48.251,42.802848,4.0779,44.244,10.379,48.3064,17.601,19092.31034146796,0.015,0
2026-09-29T10:28:16Z,0.592,19.3506,0.6208,6.2021,48.25,42.801882,4.0678,44.364,10.38,48.3467,17.493,19091.334189128444,0.02,0
2026-09-29T10:28:16Z,0.597,19.3501,0.5921,6.248,48.243,42.795337,4.0613,44.5,10.38,48.3505,17.374,19084.53198884652,0.025,0
2026-09-29T10:28:16Z,0.606,19.3498,0.5654,6.2849,48.234,42.787172,4.0649,44.619,10.38,48.2668,17.217,19075.701731412,0.03,0
2026-09-29T10:28:16Z,0.617,19.3497,0.5804,6.3751,48.211,42.766641,4.0741,44.719,10.38,48.1955,17.002,19052.81049760417,0.031,0
2026-09-29T10:28:16Z,0.627,19.3492,0.6162,6.4506,48.178,42.737515,4.0845,44.802,10.379,48.2623,16.712,19020.747678068576,0.03,0
2026-09-29T10:28:16Z,0.636,19.3491,0.6147,6.3786,48.195,42.752364,4.0998,44.855,10.378,48.3858,16.367,19037.46774274254,0.028,0
2026-09-29T10:28:16Z,0.641,19.3491,0.5795,6.2899,48.271,42.819239,4.1098,44.895,10.378,48.3978,15.987,19112.403756469637,0.024,0
2026-09-29T10:28:16Z,0.645,19.3488,0.5574,6.2669,48.303,42.847895,4.1187,44.931,10.378,48.3217,15.618,19144.892434641584,0.02,0
2026-09-29T10:28:16Z,0.649,19.3487,0.5712,6.339,48.228,42.781476,4.1279,44.953,10.378,48.3259,15.342,19070.493250020154,0.018,0
2026-09-29T10:28:16Z,0.652,19.3487,0.6054,6.4104,48.153,42.714374,4.1311,44.944,10.377,48.3624,15.176,18995.405531788365,0.017,0
2026-09-29T10:28:16Z,0.657,19.3483,0.6041,6.3444,48.177,42.734758,4.1347,44.926,10.376,48.3335,15.082,19018.621837823473,0.017,0
2026-09-29T10:28:16Z,0.662,19.3482,0.581,6.2933,48.222,42.77405,4.1383,44.936,10.376,48.32,15.038,19062.707926735027,0.017,0
2026-09-29T10:28:16Z,0.666,19.348,0.5838,6.3729,48.189,42.745145,4.1415,44.954,10.375,48.3716,14.998,19030.561316800922,0.018,0
2026-09-29T10:28:16Z,0.67,19.3476,0.6049,6.5212,48.141,42.702632,4.1403,44.945,10.374,48.4413,14.958,18983.454629291675,0.018,0
2026-09-29T10:28:16Z,0.675,19.3475,0.611,6.5149,48.143,42.704339,4.1356,44.93,10.374,48.4745,14.906,18985.467951240666,0.018,0
2026-09-29T10:28:16Z,0.679,19.3472,0.5917,6.3299,48.141,42.702309,4.1386,44.92,10.374,48.4282,14.793,18983.518929578076,0.019,0
2026-09-29T10:28:16Z,0.684,19.347,0.5787,6.2324,48.114,42.678081,4.142,44.893,10.373,48.3978,14.598,18956.675151909894,0.021,0
2026-09-29T10:28:16Z,0.689,19.3469,0.5874,6.3269,48.1,42.665295,4.1396,44.856,10.373,48.4515,14.34,18942.512165194967,0.022,0
2026-09-29T10:28:16Z,0.695,19.3467,0.614,6.4811,48.111,42.674658,4.1374,44.825,10.374,48.5625,14.062,18953.172577818972,0.022,0
2026-09-29T10:28:16Z,0.702,19.3463,0.6335,6.4921,48.1,42.664338,4.1383,44.778,10.374,48.6208,13.797,18942.08074141793,0.021,0
2026-09-29T10:28:16Z,0.709,19.346,0.6159,6.3912,48.032,42.603978,4.1355,44.711,10.373,48.5533,13.538,18875.12832869427,0.02,0
2026-09-29T10:28:16Z,0.714,19.3458,0.5836,6.3202,48.005,42.579571,4.1302,44.644,10.373,48.5217,13.275,18848.18056593955,0.019,0
2026-09-29T10:28:16Z,0.718,19.3452,0.5845,6.3506,48.055,42.623129,4.1296,44.589,10.372,48.5824,13.061,18897.30237453218,0.017,0
2026-09-29T10:28:16Z,0.721,19.3448,0.6104,6.4509,48.055,42.622858,4.1252,44.567,10.371,48.6849,12.902,18897.423917623364,0.015,0
2026-09-29T10:28:16Z,0.724,19.3447,0.5965,6.44,48.003,42.576285,4.118,44.576,10.371,48.7285,12.77,18845.686945700294,0.014,0
2026-09-29T10:28:16Z,0.727,19.3443,0.5405,6.3207,47.993,42.567793,4.112,44.6,10.371,48.6793,12.687,18836.66582864672,0.013,0
2026-09-29T10:28:16Z,0.731,19.3441,0.508,6.2727,48.013,42.58366,4.1054,44.653,10.371,48.6059,12.649,18854.524070772233,0.012,0
2026-09-29T10:28:16Z,0.735,19.3437,0.5202,6.3731,48.009,42.577713,4.104,44.765,10.37,48.5295,12.643,18848.330842947893,0.011,0
2026-09-29T10:28:16Z,0.737,19.3432,0.5307,6.4754,47.991,42.559353,4.1057,44.925,10.37,48.5295,12.642,18828.443158445225,0.01,0
2026-09-29T10:28:16Z,0.739,19.3426,0.5172,6.4159,47.986,42.552086,4.1076,45.096,10.37,48.5208,12.598,18820.999072729835,0.01,0
2026-09-29T10:28:16Z,0.74,19.3415,0.5076,6.3374,47.991,42.553319,4.1106,45.273,10.369,48.5096,12.517,18823.529551066757,0.011,0
2026-09-29T10:28:16Z,0.743,19.3398,0.5059,6.3117,48.02,42.574251,4.1214,45.452,10.369,48.5671,12.433,18848.598996995275,0.012,0
2026-09-29T10:28:16Z,0.746,19.3372,0.5134,6.3448,48.073,42.614754,4.1392,45.657,10.369,48.5277,12.32,18896.442552220662,0.013,0
2026-09-29T10:28:16Z,0.751,19.3338,0.5483,6.4979,48.136,42.6622,4.1537,45.908,10.369,48.4637,12.16,18952.96794289113,0.014,0
2026-09-29T10:28:16Z,0.755,19.3303,0.5859,6.5234,48.194,42.703608,4.1715,46.164,10.369,48.4808,11.992,19002.96115559878,0.015,0
2026-09-29T10:28:16Z,0.759,19.326,0.5855,6.3802,48.244,42.73457,4.1878,46.423,10.369,48.4759,11.82,19042.198706536637,0.015,0
2026-09-29T10:28:16Z,0.763,19.319,0.5685,6.3033,48.314,42.78265,4.2044,46.705,10.368,48.4911,11.644,19103.59122817836,0.015,0
2026-09-29T10:28:16Z,0.766,19.3104,0.5808,6.3453,48.397,42.840615,4.2324,47.001,10.367,48.5784,11.49,19177.969638825518,0.015,0
2026-09-29T10:28:16Z,0.77,19.3001,0.6178,6.4781,48.441,42.864145,4.2561,47.329,10.367,48.671,11.369,19215.56293520739,0.015,0
2026-09-29T10:28:16Z,0.773,19.2862,0.6242,6.5077,48.472,42.876712,4.2792,47.725,10.368,48.6644,11.276,19244.737371294967,0.015,0
2026-09-29T10:28:16Z,0.776,19.2707,0.5922,6.3957,48.549,42.929068,4.3087,48.197,10.368,48.5847,11.187,19320.681374553496,0.015,0
2026-09-29T10:28:16Z,0.78,19.2553,0.5713,6.3537,48.636,42.989384,4.3358,48.718,10.368,48.5678,11.115,19405.790915167956,0.016,0
2026-09-29T10:28:16Z,0.784,19.2391,0.5874,6.4099,48.706,43.034718,4.3665,49.274,10.367,48.6318,11.057,19475.014829290994,0.017,0
2026-09-29T10:28:16Z,0.789,19.2235,0.6204,6.4941,48.795,43.096335,4.4031,49.811,10.366,48.7566,10.981,19562.36865279345,0.017,0
2026-09-29T10:28:16Z,0.794,19.2087,0.6217,6.4849,48.888,43.163102,4.4505,50.287,10.366,48.7856,10.902,19655.04339285145,0.017,0
2026-09-29T10:28:16Z,0.799,19.1914,0.603,6.4348,48.954,43.207238,4.4994,50.776,10.366,48.6384,10.808,19724.83099315405,0.017,0
2026-09-29T10:28:16Z,0.803,19.1725,0.5949,6.4685,49.017,43.249127,4.554,51.295,10.365,48.5259,10.678,19794.022811367377,0.017,0
2026-09-29T10:28:16Z,0.807,19.1555,0.5974,6.4829,49.077,43.288722,4.6102,51.806,10.365,48.6297,10.539,19858.65079166271,0.017,0
2026-09-29T10:28:16Z,0.81,19.1398,0.6164,6.5062,49.108,43.305113,4.6487,52.29,10.365,48.7756,10.399,19895.163596955088,0.016,0
2026-09-29T10:28:16Z,0.814,19.125,0.6166,6.4763,49.137,43.320348,4.6962,52.708,10.365,48.7407,10.252,19929.393714394493,0.016,0
2026-09-29T10:28:16Z,0.819,19.1115,0.6002,6.3952,49.177,43.345969,4.7479,53.07,10.365,48.7234,10.117,19974.261950508266,0.015,0
2026-09-29T10:28:16Z,0.824,19.0984,0.6012,6.4147,49.203,43.360985,4.7951,53.444,10.365,48.824,9.9909,20006.451360668914,0.014,0
2026-09-29T10:28:16Z,0.828,19.0863,0.6117,6.4383,49.228,43.374951,4.8444,53.829,10.364,48.9254,9.8684,20036.340594331345,0.013,0
2026-09-29T10:28:16Z,0.83,19.0756,0.6281,6.4753,49.251,43.387866,4.8836,54.188,10.364,48.9174,9.7589,20063.465393362392,0.012,0
2026-09-29T10:28:16Z,0.832,19.0661,0.6164,6.4868,49.261,43.390187,4.9144,54.554,10.364,48.8131,9.6549,20076.924714560548,0.011,0
2026-09-29T10:28:16Z,0.833,19.0579,0.5952,6.4405,49.282,43.402998,4.9498,54.935,10.364,48.7827,9.5817,20101.147572768026,0.011,0
2026-09-29T10:28:16Z,0.836,19.0502,0.6047,6.4616,49.302,43.415808,4.9899,55.288,10.363,48.8072,9.5345,20124.82815321022,0.012,0
2026-09-29T10:28:16Z,0.84,19.0429,0.6145,6.5026,49.311,43.418118,5.0207,55.636,10.363,48.8516,9.4715,20135.81892454644,0.014,0
2026-09-29T10:28:16Z,0.844,19.0365,0.5966,6.4591,49.332,43.430928,5.0542,56.022,10.362,48.8893,9.3997,20158.05898033281,0.016,0
2026-09-29T10:28:16Z,0.848,19.0306,0.5467,6.3455,49.352,43.443737,5.0946,56.451,10.362,48.833,9.3317,20179.749647163168,0.017,0
2026-09-29T10:28:16Z,0.853,19.0251,0.5279,6.358,49.36,43.446037,5.1251,56.897,10.362,48.7734,9.2445,20188.708266599817,0.017,0
2026-09-29T10:28:16Z,0.858,19.0195,0.5444,6.4735,49.38,43.458723,5.1565,57.328,10.361,48.771,9.1541,20209.94252691638,0.017,0
2026-09-29T10:28:16Z,0.862,19.0142,0.5624,6.512,49.397,43.47017,5.193,57.708,10.36,48.7181,9.0742,20229.40162212862,0.017,0
2026-09-29T10:28:16Z,0.866,19.0095,0.5872,6.4823,49.387,43.457487,5.2341,57.983,10.359,48.6496,8.9707,20219.91309076966,0.017,0
2026-09-29T10:28:16Z,0.869,19.0048,0.5863,6.3879,49.363,43.432317,5.2771,58.103,10.359,48.6313,8.8527,20195.80421457462,0.018,0
2026-09-29T10:28:16Z,0.874,19.0002,0.5841,6.3607,49.354,43.419737,5.3182,58.071,10.359,48.5832,8.7245,20186.325982303013,0.018,0
2026-09-29T10:28:16Z,0.879,18.9959,0.6116,6.4612,49.373,43.432319,5.3562,57.937,10.358,48.584,8.5747,20205.963395426457,0.019,0
2026-09-29T10:28:16Z,0.885,18.9921,0.636,6.5451,49.407,43.457491,5.3843,57.772,10.357,48.6413,8.4395,20239.804337692116,0.019,0
2026-09-29T10:28:16Z,0.89,18.9883,0.6203,6.4867,49.426,43.470196,5.3954,57.626,10.358,48.5869,8.3379,20259.054983813137,0.018,0
2026-09-29T10:28:16Z,0.894,18.9838,0.5808,6.3007,49.418,43.458969,5.3911,57.478,10.358,48.5291,8.2654,20251.033476990382,0.017,0
2026-09-29T10:28:16Z,0.898,18.9791,0.566,6.2772,49.411,43.448688,5.377,57.327,10.358,48.5446,8.2105,20244.35087027698,0.016,0
2026-09-29T10:28:16Z,0.901,18.9746,0.5742,6.4761,49.443,43.472829,5.3591,57.219,10.357,48.5166,8.1529,20277.839860249256,0.013,0
2026-09-29T10:28:16Z,0.905,18.9702,0.5803,6.6224,49.474,43.496962,5.3485,57.169,10.357,48.4485,8.1044,20311.246065771888,0.01,0
2026-09-29T10:28:16Z,0.91,18.966,0.5646,6.5772,49.465,43.486575,5.3355,57.159,10.356,48.4095,8.066,20303.856174281915,0.006,0
2026-09-29T10:28:16Z,0.912,18.9615,0.5337,6.4087,49.454,43.474184,5.3191,57.15,10.356,48.3895,8.0159,20294.455199265027,0.004,0
2026-09-29T10:28:16Z,0.911,18.9576,0.5321,6.3611,49.456,43.474089,5.3095,57.104,10.355,48.2925,7.9662,20298.81949837815,0.003,0
2026-09-29T10:28:16Z,0.906,18.9545,0.5619,6.4801,49.471,43.485432,5.3055,57.007,10.353,48.1822,7.9303,20315.7190058611,0.004,0
2026-09-29T10:28:16Z,0.904,18.9517,0.5779,6.5481,49.472,43.484374,5.3065,56.869,10.353,48.1752,7.8955,20317.691541083706,0.007,0
2026-09-29T10:28:16Z,0.907,18.9493,0.5665,6.467,49.447,43.461301,5.3076,56.734,10.353,48.2077,7.8647,20293.311713101768,0.012,0
2026-09-29T10:28:16Z,0.912,18.9474,0.5575,6.2846,49.448,43.460346,5.3035,56.641,10.353,48.2315,7.8342,20294.369238923548,0.017,0
2026-09-29T10:28:16Z,0.919,18.9458,0.5857,6.1881,49.464,43.472832,5.295,56.586,10.352,48.2902,7.7776,20310.89056116457,0.022,0
2026-09-29T10:28:16Z,0.928,18.9443,0.6337,6.2557,49.481,43.485319,5.2803,56.539,10.351,48.4012,7.7139,20327.307594760678,0.023,0
2026-09-29T10:28:16Z,0.935,18.9426,0.6543,6.3163,49.482,43.484365,5.266,56.499,10.352,48.4555,7.6579,20328.13886376861,0.021,0
2026-09-29T10:28:16Z,0.94,18.941,0.6431,6.2382,49.457,43.461302,5.2584,56.491,10.352,48.4307,7.5916,20302.839327336525,0.018,0
2026-09-29T10:28:16Z,0.944,18.9392,0.6229,6.0967,49.458,43.460359,5.2544,56.508,10.352,48.4456,7.5243,20303.797055005205,0.015,0
2026-09-29T10:28:16Z,0.946,18.9375,0.6274,6.1092,49.474,43.472949,5.2511,56.528,10.352,48.4629,7.4599,20320.564217966756,0.013,0
2026-09-29T10:28:16Z,0.947,18.9355,0.6643,6.2519,49.492,43.486579,5.2452,56.548,10.351,48.4686,7.3926,20338.911406314895,0.012,0
2026-09-29T10:28:16Z,0.949,18.9335,0.6771,6.3531,49.508,43.498216,5.2453,56.548,10.35,48.428,7.3261,20354.922012135037,0.012,0
2026-09-29T10:28:16Z,0.952,18.932,0.6321,6.3764,49.498,43.486699,5.249,56.535,10.35,48.3159,7.2573,20343.07996780966,0.013,0
2026-09-29T10:28:16Z,0.956,18.9304,0.5786,6.3294,49.487,43.474266,5.2493,56.506,10.35,48.3178,7.1898,20330.277737278513,0.015,0
2026-09-29T10:28:16Z,0.961,18.9283,0.5713,6.3645,49.491,43.474839,5.2539,56.443,10.351,48.2783,7.126,20333.36792424091,0.016,0
2026-09-29T10:28:16Z,0.966,18.9255,0.5854,6.5285,49.515,43.493621,5.2528,56.371,10.351,48.1833,7.0754,20358.719625055768,0.017,0
2026-09-29T10:28:16Z,0.97,18.9226,0.5827,6.5699,49.538,43.510932,5.2514,56.294,10.35,48.2876,7.0548,20382.474534218214,0.018,0
2026-09-29T10:28:16Z,0.974,18.92,0.5633,6.4201,49.521,43.493715,5.2518,56.197,10.349,48.4204,7.0482,20365.166910383705,0.021,0
2026-09-29T10:28:16Z,0.979,18.9176,0.5258,6.3232,49.504,43.47587,5.243,56.102,10.348,48.4987,7.0199,20346.89599081675,0.025,0
2026-09-29T10:28:16Z,0.984,18.915,0.503,6.3894,49.518,43.485599,5.2374,56.041,10.348,48.5463,6.9648,20361.35876079855,0.027,0
2026-09-29T10:28:16Z,0.993,18.9124,0.5377,6.5028,49.519,43.484394,5.2316,56.019,10.348,48.4792,6.8916,20362.93348596107,0.027,0
2026-09-29T10:28:16Z,1.003,18.9092,0.5961,6.5324,49.495,43.461299,5.2216,56.028,10.347,48.3757,6.8033,20339.39371793163,0.026,0
2026-09-29T10:28:16Z,1.013,18.9064,0.6097,6.4409,49.497,43.46025,5.212,56.065,10.347,48.3279,6.7371,20341.38026431232,0.024,0
2026-09-29T10:28:16Z,1.018,18.9045,0.5863,6.3524,49.513,43.471705,5.2061,56.11,10.347,48.3311,6.7112,20357.072504043248,0.021,0
2026-09-29T10:28:16Z,1.02,18.9027,0.5791,6.3851,49.518,43.47285,5.2052,56.126,10.346,48.3283,6.7017,20360.496961913137,0.017,0
2026-09-29T10:28:16Z,1.022,18.9003,0.6143,6.495,49.522,43.47409,5.2055,56.079,10.346,48.2944,6.6819,20364.72573970082,0.014,0
2026-09-29T10:28:16Z,1.025,18.8975,0.6621,6.553,49.539,43.486699,5.2103,55.965,10.346,48.2654,6.6339,20382.832925562067,0.013,0
2026-09-29T10:28:16Z,1.029,18.8944,0.6657,6.4713,49.555,43.498345,5.2162,55.817,10.345,48.2353,6.5929,20400.161621043226,0.013,0
2026-09-29T10:28:16Z,1.032,18.8914,0.6256,6.4295,49.545,43.487949,5.2193,55.662,10.344,48.2748,6.5817,20391.34872665626,0.014,0
2026-09-29T10:28:16Z,1.035,18.8888,0.5671,6.5259,49.547,43.487949,5.2157,55.497,10.344,48.3132,6.5638,20394.35057373298,0.016,0
2026-09-29T10:28:16Z,1.039,18.8866,0.5331,6.5782,49.561,43.498347,5.2034,55.327,10.344,48.2684,6.5251,20409.174624981446,0.017,0
2026-09-29T10:28:16Z,1.044,18.8847,0.5481,6.5502,49.549,43.486713,5.1891,55.202,10.344,48.249,6.4843,20397.625017990908,0.019,0
2026-09-29T10:28:16Z,1.05,18.8826,0.5485,6.3915,49.536,43.474228,5.1747,55.141,10.344,48.2515,6.4429,20385.30443968015,0.021,0
2026-09-29T10:28:16Z,1.055,18.8807,0.5372,6.2308,49.537,43.47434,5.1611,55.124,10.344,48.2991,6.4002,20387.629677076933,0.022,0
2026-09-29T10:28:16Z,1.061,18.8793,0.545,6.2464,49.553,43.488075,5.1415,55.137,10.344,48.3938,6.3604,20405.471598828408,0.022,0
2026-09-29T10:28:16Z,1.067,18.878,0.5434,6.2733,49.583,43.513341,5.13,55.156,10.343,48.4507,6.3166,20436.84497247177,0.021,0
2026-09-29T10:28:16Z,1.073,18.877,0.5678,6.2828,49.599,43.52593,5.1262,55.202,10.343,48.4706,6.2648,20452.896924432916,0.02,0
2026-09-29T10:28:16Z,1.078,18.8761,0.6144,6.3271,49.586,43.513341,5.1234,55.263,10.342,48.4617,6.2169,20439.043544719578,0.019,0
2026-09-29T10:28:16Z,1.082,18.8751,0.6494,6.3994,49.559,43.488066,5.128,55.282,10.341,48.4299,6.1926,20410.313757173968,0.018,0
2026-09-29T10:28:16Z,1.086,18.8746,0.6661,6.4738,49.544,43.474227,5.1269,55.241,10.341,48.4301,6.1713,20394.538281052042,0.018,0
2026-09-29T10:28:16Z,1.09,18.8736,0.6667,6.5087,49.544,43.47297,5.1317,55.162,10.341,48.3786,6.1324,20394.207972891956,0.017,0
2026-09-29T10:28:16Z,1.094,18.8723,0.6651,6.4796,49.545,43.472865,5.141,55.071,10.34,48.3233,6.0893,20395.58530412315,0.017,0
2026-09-29T10:28:16Z,1.099,18.8712,0.6475,6.3612,49.546,43.47296,5.1427,54.977,10.339,48.4499,6.0601,20396.96791382058,0.017,0
2026-09-29T10:28:16Z,1.104,18.8702,0.645,6.3413,49.548,43.474114,5.1384,54.884,10.34,48.532,6.0397,20399.486486179707,0.016,0
2026-09-29T10:28:16Z,1.108,18.8693,0.6594,6.4094,49.564,43.486809,5.1298,54.809,10.341,48.4553,6.019,20415.531703538392,0.016,0
2026-09-29T10:28:16Z,1.112,18.868,0.6554,6.4339,49.579,43.499504,5.1215,54.764,10.341,48.4694,6.0039,20432.048592613715,0.016,0
2026-09-29T10:28:16Z,1.115,18.8668,0.6303,6.4655,49.581,43.500667,5.1128,54.735,10.34,48.53,5.9784,20434.81305940496,0.016,0
2026-09-29T10:28:16Z,1.119,18.8659,0.5886,6.4169,49.582,43.500866,5.1036,54.72,10.339,48.5004,5.9376,20436.09004815282,0.016,0
2026-09-29T10:28:16Z,1.124,18.8653,0.5842,6.3923,49.584,43.501915,5.0958,54.752,10.339,48.4554,5.9069,20438.025483866273,0.016,0
2026-09-29T10:28:16Z,1.128,18.8647,0.6093,6.4749,49.598,43.513342,5.0927,54.824,10.339,48.4161,5.879,20452.24371739099,0.016,0
2026-09-29T10:28:16Z,1.133,18.864,0.6014,6.4939,49.598,43.512085,5.0906,54.886,10.338,48.369,5.8348,20451.566501523288,0.015,0
2026-09-29T10:28:16Z,1.137,18.8631,0.5643,6.4175,49.571,43.486705,5.0872,54.911,10.338,48.4024,5.8021,20422.577967371177,0.014,0
2026-09-29T10:28:16Z,1.14,18.8625,0.5266,6.3365,49.543,43.46037,5.0903,54.907,10.338,48.5618,5.795,20392.139028637048,0.012,0
2026-09-29T10:28:16Z,1.142,18.8619,0.5443,6.3345,49.53,43.44758,5.0998,54.897,10.338,48.6622,5.7945,20377.722011782476,0.012,0
2026-09-29T10:28:16Z,1.145,18.8606,0.6042,6.3931,49.545,43.459007,5.1062,54.899,10.338,48.5837,5.7853,20392.72291633265,0.012,0
2026-09-29T10:28:16Z,1.148,18.8589,0.6352,6.4303,49.56,43.471578,5.1085,54.91,10.338,48.4717,5.7686,20409.546582485975,0.013,0
2026-09-29T10:28:16Z,1.151,18.8571,0.6278,6.3393,49.562,43.472627,5.1074,54.931,10.338,48.5133,5.7526,20412.868158408382,0.015,0
2026-09-29T10:28:16Z,1.154,18.855,0.5975,6.2161,49.562,43.471691,5.1057,54.962,10.338,48.5703,5.7241,20414.18965799374,0.017,0
2026-09-29T10:28:16Z,1.159,18.8534,0.5938,6.3061,49.551,43.460255,5.1067,54.991,10.338,48.4729,5.6705,20402.516852674045,0.017,0
2026-09-29T10:28:16Z,1.165,18.8524,0.6248,6.5057,49.554,43.461305,5.1078,55.001,10.337,48.454,5.6305,20404.913735201477,0.016,0
2026-09-29T10:28:16Z,1.171,18.8515,0.6389,6.5801,49.582,43.484388,5.1093,54.998,10.337,48.5139,5.6378,20433.25922579353,0.014,0
2026-09-29T10:28:16Z,1.174,18.8508,0.6064,6.4199,49.584,43.485447,5.1129,54.995,10.337,48.5089,5.6542,20435.32283236907,0.013,0
2026-09-29T10:28:16Z,1.174,18.8499,0.5489,6.174,49.573,43.474105,5.1168,54.991,10.336,48.4798,5.6475,20422.943614870834,0.012,0
2026-09-29T10:28:16Z,1.175,18.8486,0.534,6.1686,49.574,43.4742,5.1173,54.993,10.336,48.506,5.6299,20424.560239868882,0.012,0
2026-09-29T10:28:16Z,1.178,18.8471,0.5595,6.3215,49.59,43.486591,5.1165,55.017,10.336,48.5679,5.6102,20440.96145037413,0.013,0
2026-09-29T10:28:16Z,1.182,18.8456,0.5575,6.3144,49.604,43.49698,5.1168,55.064,10.336,48.5392,5.5784,20455.00072575079,0.016,0
2026-09-29T10:28:16Z,1.187,18.8441,0.5348,6.2198,49.578,43.472858,5.1163,55.118,10.336,48.5034,5.5403,20428.17987661854,0.02,0
2026-09-29T10:28:16Z,1.193,18.8429,0.5421,6.2696,49.551,43.448832,5.1156,55.154,10.336,48.4797,5.5032,20401.145861448524,0.023,0
2026-09-29T10:28:16Z,1.2,18.8417,0.5801,6.4051,49.564,43.460373,5.1184,55.174,10.335,48.4239,5.465,20416.1836202204,0.025,0
2026-09-29T10:28:16Z,1.206,18.84,0.6278,6.5255,49.593,43.485448,5.1228,55.203,10.334,48.4319,5.4138,20447.83188342344,0.027,0
2026-09-29T10:28:16Z,1.214,18.8388,0.6613,6.4964,49.608,43.498115,5.1298,55.256,10.334,48.4896,5.3404,20464.22751108472,0.027,0
2026-09-29T10:28:16Z,1.222,18.838,0.6599,6.3261,49.596,43.486583,5.1326,55.321,10.335,48.5201,5.2784,20451.4929054984,0.027,0
2026-09-29T10:28:16Z,1.229,18.8378,0.6363,6.2761,49.581,43.472962,5.1336,55.354,10.335,48.5423,5.2458,20435.594738506974,0.026,0
2026-09-29T10:28:16Z,1.236,18.8377,0.6343,6.4049,49.567,43.460372,5.1361,55.357,10.335,48.5858,5.2205,20420.80851662412,0.024,0
2026-09-29T10:28:16Z,1.241,18.8374,0.6679,6.5517,49.569,43.461307,5.1405,55.371,10.335,48.6154,5.1866,20422.261851386298,0.023,0
2026-09-29T10:28:16Z,1.246,18.8369,0.6938,6.548,49.597,43.484277,5.1499,55.386,10.334,48.6425,5.1525,20450.035103455633,0.021,0
2026-09-29T10:28:16Z,1.251,18.8365,0.6723,6.4276,49.598,43.48419,5.1523,55.377,10.334,48.6548,5.117,20450.39534734241,0.021,0
2026-09-29T10:28:16Z,1.257,18.8357,0.6326,6.3602,49.572,43.460258,5.1503,55.331,10.334,48.5926,5.0774,20422.986979339235,0.02,0
2026-09-29T10:28:16Z,1.262,18.8346,0.639,6.4166,49.561,43.448813,5.1524,55.243,10.333,48.4923,5.0329,20410.71700595425,0.02,0
2026-09-29T10:28:16Z,1.267,18.8334,0.6828,6.5283,49.59,43.472745,5.1556,55.186,10.333,48.4745,4.9774,20440.43202895439,0.02,0
2026-09-29T10:28:16Z,1.272,18.8319,0.7038,6.5156,49.617,43.495722,5.1542,55.22,10.332,48.5491,4.9365,20469.392039666076,0.02,0
2026-09-29T10:28:16Z,1.276,18.8306,0.6768,6.3656,49.592,43.472736,5.1521,55.305,10.331,48.6202,4.8972,20443.664945817458,0.02,0
2026-09-29T10:28:16Z,1.281,18.8293,0.6397,6.3537,49.565,43.44871,5.1406,55.402,10.331,48.7328,4.8462,20416.725723427746,0.021,0
2026-09-29T10:28:16Z,1.287,18.828,0.6383,6.5082,49.579,43.459125,5.1313,55.506,10.333,48.7921,4.7987,20430.558358802962,0.021,0
2026-09-29T10:28:16Z,1.292,18.827,0.6517,6.594,49.594,43.471716,5.1388,55.603,10.333,48.734,4.7492,20446.627626397258,0.021,0
2026-09-29T10:28:16Z,1.298,18.8261,0.6513,6.5371,49.598,43.473997,5.1472,55.675,10.332,48.7188,4.7026,20450.372621369548,0.021,0
2026-09-29T10:28:16Z,1.304,18.8251,0.6253,6.4021,49.613,43.4867,5.1564,55.703,10.332,48.6941,4.6535,20466.585562130116,0.02,0
2026-09-29T10:28:16Z,1.309,18.8239,0.6034,6.396,49.628,43.498354,5.1667,55.689,10.331,48.608,4.6112,20481.795399055638,0.019,0
2026-09-29T10:28:16Z,1.314,18.8229,0.6194,6.5309,49.617,43.487959,5.176,55.645,10.331,48.5386,4.5804,20470.63010678805,0.015,0
2026-09-29T10:28:16Z,1.318,18.8221,0.6274,6.5994,49.618,43.487959,5.1842,55.582,10.331,48.5434,4.5482,20471.558246469205,0.009,0
2026-09-29T10:28:16Z,1.322,18.8208,0.6258,6.5412,49.63,43.498356,5.1866,55.527,10.331,48.5796,4.533,20485.396746177274,0.003,0
2026-09-29T10:28:16Z,1.324,18.8199,0.616,6.408,49.618,43.486721,5.1841,55.483,10.331,48.5453,4.5668,20472.643157464638,-0.002,0
2026-09-29T10:28:16Z,1.321,18.8191,0.5929,6.3893,49.603,43.474224,5.1814,55.445,10.331,48.4735,4.647,20458.756640503267,-0.005,0
2026-09-29T10:28:16Z,1.314,18.8183,0.6044,6.5201,49.603,43.474214,5.173,55.417,10.332,48.4862,4.7195,20459.673216702708,-0.005,0
2026-09-29T10:28:16Z,1.308,18.8178,0.6298,6.5888,49.618,43.486597,5.1686,55.352,10.332,48.6128,4.7404,20474.934816319397,-0.003,0
2026-09-29T10:28:16Z,1.307,18.8173,0.6083,6.5028,49.631,43.496994,5.1656,55.242,10.331,48.7136,4.7032,20487.84727009971,0,0
2026-09-29T10:28:16Z,1.312,18.817,0.5531,6.3677,49.603,43.472976,5.1598,55.152,10.331,48.672,4.6348,20459.713927345063,0.005,0
2026-09-29T10:28:16Z,1.317,18.8169,0.537,6.3903,49.577,43.450094,5.1607,55.096,10.331,48.5403,4.5607,20432.718088997928,0.01,0
2026-09-29T10:28:16Z,1.322,18.8165,0.5639,6.5367,49.605,43.474225,5.1556,55.047,10.33,48.4117,4.4968,20461.773650112897,0.013,0
2026-09-29T10:28:16Z,1.324,18.8163,0.5787,6.601,49.647,43.510843,5.1407,55.011,10.328,48.3215,4.4698,20505.442288083985,0.015,0
2026-09-29T10:28:16Z,1.325,18.816,0.5576,6.5188,49.648,43.511992,5.133,54.994,10.328,48.3104,4.4513,20507.15505120192,0.018,0
2026-09-29T10:28:16Z,1.328,18.8155,0.5247,6.3625,49.621,43.488121,5.1295,55.002,10.328,48.363,4.4073,20479.411127903157,0.021,0
2026-09-29T10:28:16Z,1.334,18.8154,0.5304,6.3502,49.608,43.476113,5.1239,55.029,10.328,48.4417,4.3447,20465.287481175434,0.023,0
2026-09-29T10:28:16Z,1.344,18.8156,0.5604,6.5072,49.629,43.49375,5.1207,55.057,10.329,48.4874,4.2712,20485.97105679259,0.025,0
2026-09-29T10:28:16Z,1.354,18.8156,0.571,6.5862,49.65,43.510949,5.1187,55.081,10.329,48.4853,4.2086,20506.380142532806,0.026,0
2026-09-29T10:28:16Z,1.361,18.8156,0.5584,6.4863,49.63,43.493637,5.1197,55.111,10.327,48.5019,4.1743,20485.83597175855,0.025,0
2026-09-29T10:28:16Z,1.365,18.8155,0.5327,6.3238,49.609,43.474855,5.1228,55.139,10.327,48.5166,4.154,20463.678112503003,0.024,0
2026-09-29T10:28:16Z,1.369,18.8148,0.5268,6.33,49.609,43.474283,5.1263,55.151,10.327,48.5774,4.1346,20463.811945276313,0.022,0
2026-09-29T10:28:16Z,1.373,18.8138,0.5537,6.5264,49.624,43.486718,5.1272,55.156,10.326,48.634,4.1012,20479.718202299227,0.022,0
2026-09-29T10:28:16Z,1.379,18.8131,0.575,6.6487,49.637,43.498255,5.1307,55.147,10.326,48.5991,4.0453,20494.2185293372,0.022,0
2026-09-29T10:28:16Z,1.386,18.8125,0.5593,6.5456,49.624,43.486826,5.1345,55.104,10.327,48.5857,3.9861,20481.355033974847,0.023,0
2026-09-29T10:28:16Z,1.393,18.8122,0.5299,6.3722,49.611,43.475485,5.1346,55.049,10.327,48.6439,3.9266,20468.25249286037,0.025,0
2026-09-29T10:28:16Z,1.399,18.8119,0.544,6.3974,49.626,43.488075,5.1353,55.022,10.327,48.7004,3.872,20483.532770743306,0.026,0
2026-09-29T10:28:16Z,1.405,18.8116,0.597,6.5426,49.654,43.512102,5.1358,55.019,10.327,48.6668,3.8223,20512.397666631296,0.027,0
2026-09-29T10:28:16Z,1.411,18.8115,0.6299,6.5905,49.654,43.512093,5.1312,55.023,10.326,48.5814,3.7599,20512.502926963647,0.027,0
2026-09-29T10:28:16Z,1.419,18.8115,0.6173,6.5323,49.628,43.487972,5.1235,55.022,10.325,48.6147,3.6902,20483.874054957883,0.027,0
2026-09-29T10:28:16Z,1.427,18.8113,0.569,6.4886,49.613,43.474352,5.1219,55.01,10.325,48.7244,3.6281,20467.951531502775,0.026,0
2026-09-29T10:28:16Z,1.434,18.811,0.5455,6.5406,49.614,43.474353,5.1224,54.988,10.325,48.704,3.5849,20468.300388076987,0.025,0
2026-09-29T10:28:16Z,1.44,18.8108,0.5662,6.5798,49.63,43.487983,5.1227,54.945,10.326,48.6257,3.5598,20484.69879768639,0.024,0
2026-09-29T10:28:16Z,1.445,18.8102,0.5703,6.5518,49.658,43.512208,5.1235,54.892,10.326,48.6381,3.5282,20514.14954804418,0.024,0
2026-09-29T10:28:16Z,1.45,18.8094,0.5445,6.4763,49.66,43.513361,5.1217,54.858,10.325,48.6817,3.4916,20516.449124391314,0.025,0
2026-09-29T10:28:16Z,1.456,18.8086,0.5211,6.4528,49.647,43.501925,5.1205,54.827,10.325,48.7232,3.4706,20503.800478307832,0.029,0
2026-09-29T10:28:16Z,1.462,18.8078,0.5374,6.5404,49.646,43.500876,5.1171,54.773,10.326,48.7955,3.4406,20503.4849151512,0.034,0
2026-09-29T10:28:16Z,1.471,18.8074,0.5753,6.5789,49.646,43.500676,5.1092,54.713,10.326,48.781,3.3749,20503.71206278926,0.039,0
2026-09-29T10:28:16Z,1.483,18.8069,0.5877,6.474,49.646,43.499515,5.1078,54.654,10.325,48.6336,3.2911,20502.914416786807,0.041,0
2026-09-29T10:28:16Z,1.498,18.8067,0.5618,6.3312,49.632,43.486834,5.1066,54.609,10.325,48.4761,3.206,20488.094687661825,0.039,0
2026-09-29T10:28:16Z,1.512,18.8063,0.5199,6.3557,49.618,43.474295,5.0995,54.551,10.326,48.3401,3.144,20473.682270141795,0.036,0
2026-09-29T10:28:16Z,1.521,18.8059,0.5228,6.4968,49.619,43.474859,5.095,54.446,10.326,48.2792,3.1232,20474.815223125654,0.032,0
2026-09-29T10:28:16Z,1.524,18.8057,0.5716,6.5681,49.642,43.493649,5.0882,54.34,10.325,48.3426,3.1045,20497.343374219945,0.029,0
2026-09-29T10:28:16Z,1.526,18.8052,0.6111,6.5016,49.662,43.511055,5.0844,54.249,10.325,48.419,3.0741,20518.592494238226,0.027,0
2026-09-29T10:28:16Z,1.531,18.8043,0.6089,6.3408,49.644,43.494897,5.0828,54.118,10.324,48.4277,3.0326,20500.451958415186,0.026,0
2026-09-29T10:28:16Z,1.541,18.8036,0.5786,6.2973,49.638,43.488706,5.0694,53.97,10.324,48.4484,2.975,20493.916045793347,0.027,0
2026-09-29T10:28:16Z,1.551,18.8031,0.5607,6.3528,49.651,43.499675,5.0581,53.887,10.323,48.5832,2.9154,20507.51882790196,0.029,0
2026-09-29T10:28:16Z,1.559,18.8028,0.5596,6.3968,49.652,43.500568,5.0543,53.893,10.322,48.6805,2.8547,20508.927659165536,0.03,0
2026-09-29T10:28:16Z,1.566,18.8023,0.5654,6.4193,49.652,43.499506,5.0406,53.997,10.322,48.5931,2.8032,20508.247708330648,0.028,0
2026-09-29T10:28:16Z,1.573,18.8016,0.5552,6.3515,49.639,43.486829,5.0224,54.163,10.322,48.4726,2.7621000000000002,20494.010519224943,0.023,0
2026-09-29T10:28:16Z,1.58,18.8008,0.5194,6.3627,49.624,43.47424,5.0153,54.292,10.322,48.4283,2.7221,20479.999552448582,0.019,0
2026-09-29T10:28:16Z,1.585,18.8003,0.5069,6.5197,49.624,43.47424,5.0159,54.401,10.322,48.4879,2.7021,20480.580028121927,0.016,0
2026-09-29T10:28:16Z,1.586,18.7997,0.5212,6.6102,49.639,43.486829,5.024,54.516,10.322,48.5904,2.7031,20496.21810927387,0.014,0
2026-09-29T10:28:16Z,1.587,18.7989,0.5175,6.5338,49.654,43.499506,5.0479,54.552,10.323,48.6347,2.6918,20512.201409184076,0.014,0
2026-09-29T10:28:16Z,1.59,18.7986,0.495,6.3826,49.655,43.500569,5.0567,54.528,10.323,48.5932,2.6655,20513.812768466683,0.014,0
2026-09-29T10:28:16Z,1.595,18.7984,0.5158,6.3873,49.654,43.499677,5.0632,54.515,10.323,48.433,2.6408,20512.985651015457,0.015,0
2026-09-29T10:28:16Z,1.6,18.7983,0.5938,6.5232,49.641,43.488719,5.082,54.493,10.322,48.3329,2.6244,20500.088668181223,0.018,0
2026-09-29T10:28:16Z,1.605,18.7982,0.6485,6.5903,49.649,43.495024,5.0826,54.439,10.32,48.415,2.6059,20507.691455020926,0.02,0
2026-09-29T10:28:16Z,1.61,18.798,0.6526,6.5159,49.67,43.512441,5.076,54.368,10.32,48.4799,2.5702,20528.614666605277,0.021,0
2026-09-29T10:28:16Z,1.616,18.7981,0.6261,6.3411,49.666,43.508877,5.0776,54.299,10.321,48.4284,2.5344,20524.262913695937,0.022,0
2026-09-29T10:28:16Z,1.622,18.7982,0.603,6.3211,49.673,43.515414,5.0762,54.253,10.321,48.3946,2.515,20531.914106631735,0.024,0
2026-09-29T10:28:16Z,1.627,18.7978,0.6144,6.5125,49.688,43.528004,5.0701,54.238,10.32,48.4151,2.4912,20547.34599909657,0.027,0
2026-09-29T10:28:16Z,1.633,18.7975,0.6313,6.64,49.696,43.534154,5.0635,54.248,10.32,48.4185,2.4487,20555.008792709155,0.031,0
2026-09-29T10:28:16Z,1.641,18.797,0.6151,6.5646,49.688,43.52629,5.0553,54.227,10.321,48.4362,2.3977,20546.23967151215,0.035,0
2026-09-29T10:28:16Z,1.65,18.7964,0.5772,6.3872,49.655,43.496398,5.0527,54.204,10.321,48.457,2.3413,20511.414430638524,0.039,0
2026-09-29T10:28:16Z,1.662,18.7962,0.5729,6.3392,49.648,43.490103,5.0484,54.216,10.321,48.4975,2.2878,20504.170169406305,0.04,0
2026-09-29T10:28:16Z,1.675,18.7959,0.604,6.463,49.676,43.513652,5.0553,54.22,10.32,48.5817,2.2422,20532.495274916746,0.039,0
2026-09-29T10:28:16Z,1.688,18.7953,0.6293,6.5524,49.692,43.527231,5.0504,54.198,10.32,48.6148,2.2124,20549.336943718212,0.037,0
2026-09-29T10:28:16Z,1.697,18.7945,0.6211,6.4967,49.692,43.527331,5.0454,54.173,10.319,48.5543,2.1998,20550.387818666633,0.033,0
2026-09-29T10:28:16Z,1.702,18.7939,0.5798,6.3707,49.679,43.514859,5.0507,54.182,10.319,48.451,2.1838,20536.25781790286,0.029,0
2026-09-29T10:28:16Z,1.707,18.7934,0.5707,6.3603,49.666,43.503379,5.0506,54.254,10.319,48.3985,2.1634,20523.19585479217,0.027,0
2026-09-29T10:28:16Z,1.712,18.7928,0.61,6.4738,49.681,43.515483,5.0483,54.371,10.319,48.4367,2.1426,20538.280483175375,0.025,0
2026-09-29T10:28:16Z,1.72,18.7924,0.6224,6.5485,49.703,43.534254,5.0441,54.472,10.32,48.568,2.1071,20561.069776621578,0.025,0
2026-09-29T10:28:16Z,1.729,18.7917,0.5797,6.5115,49.71,43.539911,5.0446,54.562,10.32,48.6955,2.0668,20568.61663822807,0.025,0
2026-09-29T10:28:16Z,1.736,18.7909,0.5267,6.4025,49.688,43.520406,5.0501,54.635,10.32,48.6887,2.0479,20546.34641794927,0.025,0
2026-09-29T10:28:16Z,1.742,18.7905,0.5221,6.3911,49.653,43.488845,5.0668,54.649,10.319,48.5714,2.0443,20509.301154846627,0.024,0
2026-09-29T10:28:16Z,1.746,18.7899,0.5658,6.4429,49.639,43.475684,5.073,54.613,10.318,48.4818,2.0288,20494.368895080053,0.022,0
2026-09-29T10:28:16Z,1.751,18.7895,0.6061,6.4476,49.654,43.488222,5.0822,54.58,10.318,48.4658,2.0027,20509.723918861164,0.021,0
2026-09-29T10:28:16Z,1.757,18.7889,0.6099,6.4137,49.684,43.513493,5.0915,54.534,10.318,48.4638,1.9843,20540.455565721648,0.021,0
2026-09-29T10:28:16Z,1.762,18.7883,0.5865,6.3063,49.7,43.527331,5.0927,54.44,10.317,48.5429,1.9672,20557.612863409737,0.021,0
2026-09-29T10:28:16Z,1.767,18.7876,0.5892,6.3109,49.703,43.52859,5.0858,54.333,10.317,48.6482,1.9361,20559.926807512744,0.021,0
2026-09-29T10:28:16Z,1.773,18.7867,0.6095,6.3999,49.706,43.528705,5.0836,54.22,10.317,48.6188,1.8951,20561.1130315755,0.021,0
2026-09-29T10:28:16Z,1.779,18.7858,0.6157,6.3926,49.71,43.528715,5.0837,54.147,10.318,48.532,1.8745,20562.174463199022,0.019,0
2026-09-29T10:28:16Z,1.785,18.7849,0.6139,6.3935,49.714,43.528717,5.0695,54.118,10.318,48.5448,1.8713,20563.22632562779,0.016,0
2026-09-29T10:28:16Z,1.79,18.7839,0.605,6.4445,49.717,43.528721,5.0634,54.039,10.317,48.602,1.8618,20564.39742996179,0.013,0
2026-09-29T10:28:16Z,1.793,18.7815,0.6163,6.5319,49.718,43.528764,5.0492,53.916,10.316,48.5352,1.8645,20567.24868013804,0.012,0
2026-09-29T10:28:16Z,1.793,18.7781,0.6334,6.5276,49.718,43.529232,5.041,53.824,10.315,48.4248,1.8749,20571.773858312125,0.012,0
2026-09-29T10:28:16Z,1.792,18.7749,0.6285,6.4604,49.723,43.534383,5.0459,53.779,10.316,48.4714,1.8669,20581.643476574918,0.013,0
2026-09-29T10:28:16Z,1.795,18.772,0.5984,6.4367,49.713,43.527563,5.0373,53.784,10.316,48.5833,1.8449,20576.908115181872,0.014,0
2026-09-29T10:28:16Z,1.802,18.7706,0.5522,6.4122,49.69,43.510251,5.0217,53.844,10.316,48.5726,1.812,20557.93189286685,0.017,0
2026-09-29T10:28:16Z,1.809,18.7709,0.5449,6.4718,49.694,43.515496,5.0139,53.912,10.316,48.4278,1.7876,20563.824317789342,0.02,0
2026-09-29T10:28:16Z,1.814,18.7725,0.5683,6.4739,49.705,43.527514,5.0098,53.957,10.316,48.2957,1.7788,20576.264792613674,0.02,0
2026-09-29T10:28:16Z,1.819,18.7748,0.5604,6.3349,49.705,43.528608,5.008,53.985,10.316,48.2652,1.7608,20574.881776708655,0.019,0
2026-09-29T10:28:16Z,1.825,18.7772,0.525,6.2601,49.704,43.528722,5.0169,53.984,10.315,48.2316,1.7411,20572.21529893899,0.017,0
2026-09-29T10:28:16Z,1.828,18.7794,0.5055,6.3208,49.704,43.528887,5.0238,53.952,10.315,48.2342,1.7403,20569.843718733842,0.016,0
2026-09-29T10:28:16Z,1.829,18.7811,0.5244,6.4548,49.706,43.530605,5.0264,53.907,10.315,48.2963,1.7488,20569.90472004237,0.016,0
2026-09-29T10:28:16Z,1.832,18.7824,0.5541,6.5137,49.729,43.54949,5.0305,53.877,10.314,48.2943,1.7463,20590.87232938448,0.016,0
2026-09-29T10:28:16Z,1.838,18.7834,0.5564,6.4521,49.75,43.566802,5.0298,53.878,10.313,48.2095,1.7329,20610.328105933288,0.015,0
2026-09-29T10:28:16Z,1.844,18.7837,0.5359,6.3589,49.733,43.549504,5.0264,53.902,10.313,48.1324,1.7174,20589.36952592758,0.015,0
2026-09-29T10:28:16Z,1.849,18.7831,0.5139,6.3775,49.713,43.530766,5.0213,53.943,10.314,48.1358,1.71,20567.76109414813,0.015,0
2026-09-29T10:28:16Z,1.852,18.7823,0.5242,6.5065,49.714,43.530662,5.0176,53.995,10.315,48.1644,1.7152,20568.57074133996,0.014,0
2026-09-29T10:28:16Z,1.853,18.7811,0.5769,6.5521,49.736,43.548247,5.0187,54.041,10.315,48.1344,1.7221,20590.90935208326,0.012,0
2026-09-29T10:28:16Z,1.856,18.7793,0.6189,6.4851,49.742,43.552955,5.0209,54.066,10.314,48.1172,1.7199,20598.620934492916,0.011,0
2026-09-29T10:28:16Z,1.859,18.7777,0.6079,6.3782,49.71,43.524105,5.0251,54.041,10.314,48.214,1.7119,20566.13381662804,0.011,0
2026-09-29T10:28:16Z,1.862,18.7761,0.5846,6.3529,49.702,43.516803,5.031,53.955,10.314,48.3584,1.7082,20559.30978229117,0.01,0
2026-09-29T10:28:16Z,1.864,18.7749,0.5867,6.4528,49.715,43.528144,5.0354,53.842,10.314,48.4009,1.6969,20574.209829078918,0.009,0
2026-09-29T10:28:16Z,1.867,18.774,0.5833,6.5273,49.722,43.534284,5.0391,53.747,10.312,48.2977,1.6767,20582.5720660031,0.006,0
2026-09-29T10:28:16Z,1.87,18.7733,0.5692,6.5026,49.713,43.527554,5.0379,53.71,10.311,48.2291,1.6676,20575.374950876125,0.002,0
2026-09-29T10:28:16Z,1.871,18.7729,0.5568,6.4267,49.693,43.510255,5.028,53.724,10.312,48.2595,1.6755,20555.249575900496,0.001,0
2026-09-29T10:28:16Z,1.869,18.7728,0.5665,6.4301,49.698,43.515544,5.0163,53.741,10.312,48.3218,1.6984,20561.660948505643,0.001,0
2026-09-29T10:28:16Z,1.865,18.7733,0.6122,6.5431,49.712,43.52803,5.0055,53.74,10.312,48.3803,1.7191,20575.942103706348,0.003,0
2026-09-29T10:28:16Z,1.863,18.7741,0.6435,6.5977,49.718,43.534273,5.0019,53.716,10.312,48.3636,1.7195,20582.44247562189,0.007,0
2026-09-29T10:28:16Z,1.866,18.7752,0.637,6.5097,49.709,43.527553,5.0059,53.658,10.311,48.2921,1.7007,20573.156017260942,0.011,0
2026-09-29T10:28:16Z,1.873,18.7759,0.6082,6.3669,49.688,43.510254,5.0077,53.591,10.31,48.2911,1.6743,20551.749679587367,0.016,0
2026-09-29T10:28:16Z,1.881,18.7759,0.5786,6.3739,49.692,43.515543,5.007,53.527,10.31,48.3509,1.6578,20558.04241682352,0.02,0
2026-09-29T10:28:16Z,1.886,18.7765,0.578,6.5273,49.705,43.528028,5.0064,53.468,10.311,48.3263,1.6448,20572.202533336967,0.022,0
2026-09-29T10:28:16Z,1.89,18.7775,0.5921,6.5814,49.711,43.534262,4.9992,53.447,10.311,48.338,1.6211,20578.457303245552,0.022,0
2026-09-29T10:28:16Z,1.895,18.7793,0.5827,6.481,49.703,43.527437,4.9919,53.446,10.311,48.4061,1.6031,20568.230558179515,0.022,0
2026-09-29T10:28:16Z,1.901,18.7809,0.565,6.4069,49.682,43.508991,4.9877,53.439,10.311,48.3752,1.6013,20544.416260539863,0.023,0
2026-09-29T10:28:16Z,1.906,18.7821,0.5868,6.5398,49.674,43.501648,4.9787,53.479,10.311,48.3954,1.6042,20534.28543637647,0.024,0
2026-09-29T10:28:16Z,1.912,18.7833,0.6297,6.7557,49.675,43.502125,4.9781,53.596,10.31,48.4782,1.5972,20533.454355122685,0.024,0
2026-09-29T10:28:16Z,1.92,18.7836,0.6424,6.8307,49.691,43.514758,4.9802,53.726,10.31,48.5154,1.5693,20548.127311256776,0.023,0
2026-09-29T10:28:16Z,1.928,18.7837,0.6154,6.6955,49.707,43.527438,4.9761,53.8,10.309,48.5878,1.5255,20563.095760588836,0.022,0
2026-09-29T10:28:16Z,1.934,18.7833,0.5775,6.452,49.709,43.528492,4.9783,53.84,10.309,48.5788,1.5011,20564.816289574454,0.02,0
2026-09-29T10:28:16Z,1.938,18.7821,0.5836,6.3805,49.709,43.527505,4.9923,53.885,10.309,48.493,1.5055,20565.04159304844,0.018,0
2026-09-29T10:28:16Z,1.94,18.7807,0.6229,6.4795,49.694,43.515496,5.0086,53.945,10.309,48.4966,1.501,20552.385030814752,0.015,0
2026-09-29T10:28:16Z,1.943,18.7792,0.6366,6.5228,49.687,43.510241,5.0128,54.005,10.308,48.5357,1.4838,20547.882350091106,0.013,0
2026-09-29T10:28:16Z,1.946,18.7785,0.6156,6.4602,49.706,43.527449,5.0158,54.02,10.308,48.622,1.4683,20569.175430165677,0.013,0
2026-09-29T10:28:16Z,1.95,18.7785,0.5773,6.3717,49.712,43.533129,5.0196,53.993,10.309,48.7661,1.4636,20575.93701636742,0.013,0
2026-09-29T10:28:16Z,1.954,18.7792,0.5723,6.4088,49.692,43.51544,5.0248,53.966,10.309,48.9008,1.4746,20554.066722852243,0.014,0
2026-09-29T10:28:16Z,1.958,18.7801,0.6058,6.4646,49.679,43.504002,5.0337,53.96,10.308,48.9599,1.4746,20539.411810728758,0.014,0
2026-09-29T10:28:16Z,1.961,18.7805,0.6248,6.431,49.699,43.521786,5.0339,53.943,10.308,48.8787,1.4537,20560.1010632263,0.014,0
2026-09-29T10:28:16Z,1.965,18.7809,0.6101,6.4131,49.72,43.540038,5.03,53.893,10.308,48.7799,1.434,20581.360179683023,0.014,0
2026-09-29T10:28:16Z,1.968,18.7813,0.5786,6.3505,49.714,43.534268,5.026,53.825,10.309,48.7975,1.4245,20574.023291847985,0.014,0
2026-09-29T10:28:16Z,1.971,18.7811,0.5849,6.3577,49.693,43.515487,5.0274,53.724,10.31,48.8328,1.4207,20551.90614611871,0.014,0
2026-09-29T10:28:16Z,1.974,18.7809,0.6111,6.4318,49.679,43.503383,5.0273,53.59,10.309,48.8623,1.4137,20537.742537161215,0.015,0
2026-09-29T10:28:16Z,1.978,18.781,0.6128,6.4268,49.691,43.514872,5.0204,53.517,10.308,48.8969,1.3972,20551.29062811849,0.015,0
2026-09-29T10:28:16Z,1.983,18.7805,0.605,6.433,49.705,43.527448,5.0153,53.545,10.309,48.9064,1.385,20566.83800800795,0.016,0
2026-09-29T10:28:16Z,1.987,18.7803,0.5836,6.405,49.706,43.528492,5.0078,53.611,10.309,48.8918,1.3823,20568.313765095227,0.017,0
2026-09-29T10:28:16Z,1.991,18.7803,0.5786,6.4291,49.705,43.527494,4.9898,53.677,10.308,48.8922,1.3704,20567.12565325949,0.018,0
2026-09-29T10:28:16Z,1.996,18.7805,0.6031,6.4856,49.69,43.515381,4.9806,53.719,10.308,48.997,1.3566,20552.47814068871,0.018,0
2026-09-29T10:28:16Z,2,18.781,0.6212,6.4382,49.683,43.508982,4.9883,53.72,10.308,49.0412,1.3502,20544.283096007817,0.018,0
2026-09-29T10:28:16Z,2.005,18.7816,0.6152,6.4027,49.688,43.5136,4.9941,53.703,10.308,48.9967,1.3392,20549.0763482982,0.019,0
2026-09-29T10:28:16Z,2.01,18.7818,0.5885,6.4326,49.681,43.50774,5.0012,53.675,10.308,48.9748,1.3189,20541.8729548553,0.019,0
2026-09-29T10:28:16Z,2.015,18.782,0.5729,6.5263,49.675,43.501606,5.0064,53.617,10.309,48.9486,1.3074,20534.345546795717,0.018,0
2026-09-29T10:28:16Z,2.02,18.7824,0.5599,6.5118,49.679,43.502905,5.0047,53.547,10.309,49.0238,1.3076,20535.42376338943,0.017,0
2026-09-29T10:28:16Z,2.025,18.7824,0.5472,6.3931,49.704,43.523445,5.0026,53.491,10.308,49.1092,1.2835,20559.855018953764,0.016,0
2026-09-29T10:28:16Z,2.029,18.7823,0.5452,6.3547,49.747,43.559533,5.0019,53.438,10.307,49.1204,1.2504,20602.941093703124,0.015,0
2026-09-29T10:28:16Z,2.032,18.7817,0.5357,6.4242,49.748,43.558394,4.9955,53.371,10.306,49.1602,1.2441,20602.285274845162,0.014,0
2026-09-29T10:28:16Z,2.035,18.78,0.5396,6.5495,49.694,43.50967,4.9873,53.286,10.306,49.1598,1.2467,20546.264989616764,0.014,0
2026-09-29T10:28:16Z,2.038,18.7779,0.5421,6.5038,49.659,43.478205,4.9838,53.218,10.307,49.1153,1.2376,20511.30277279648,0.015,0
2026-09-29T10:28:16Z,2.042,18.7761,0.5161,6.316,49.679,43.495322,4.9791,53.219,10.307,49.2248,1.2279,20533.745365372255,0.015,0
2026-09-29T10:28:16Z,2.046,18.7745,0.5005,6.2263,49.714,43.526207,4.9736,53.272,10.306,49.4503,1.2266,20572.35967975878,0.015,0
2026-09-29T10:28:16Z,2.051,18.7734,0.5193,6.3067,49.724,43.534264,4.9647,53.321,10.305,49.5187,1.2189,20583.238062961154,0.016,0
2026-09-29T10:28:16Z,2.055,18.7724,0.5518,6.4681,49.719,43.529269,4.9555,53.368,10.305,49.4492,1.2007,20578.457000097285,0.016,0
2026-09-29T10:28:16Z,2.058,18.772,0.5695,6.47,49.72,43.529279,4.9564,53.421,10.305,49.3849,1.1802,20578.93576796087,0.015,0
2026-09-29T10:28:16Z,2.062,18.7719,0.5754,6.3292,49.726,43.534388,4.9654,53.48,10.304,49.4307,1.164,20585.137190115805,0.015,0
2026-09-29T10:28:16Z,2.066,18.7716,0.5814,6.2692,49.719,43.527565,4.9679,53.515,10.304,49.5728,1.148,20577.36129840178,0.015,0
2026-09-29T10:28:16Z,2.07,18.7709,0.5921,6.3252,49.699,43.510253,4.9724,53.467,10.304,49.5537,1.1268,20557.568292444786,0.014,0
2026-09-29T10:28:16Z,2.073,18.7703,0.5962,6.3577,49.705,43.515489,4.9782,53.383,10.304,49.4576,1.1117,20564.500432784058,0.014,0
2026-09-29T10:28:16Z,2.077,18.77,0.5652,6.2861,49.72,43.527402,4.9821,53.303,10.304,49.5297,1.0962,20579.034920798116,0.014,0
2026-09-29T10:28:16Z,2.08,18.7697,0.5247,6.2454,49.72,43.52735,4.9917,53.196,10.304,49.7368,1.0746,20579.323157697858,0.013,0
2026-09-29T10:28:16Z,2.083,18.7693,0.5148,6.2749,49.706,43.51485,4.9829,53.067,10.304,49.8966,1.0646,20564.906121500106,0.013,0
2026-09-29T10:28:16Z,2.087,18.769,0.5205,6.3703,49.695,43.503218,4.9727,52.934,10.304,49.8276,1.0596,20551.411408231837,0.014,0
2026-09-29T10:28:16Z,2.09,18.7685,0.5181,6.5096,49.709,43.513658,4.9693,52.806,10.304,49.7622,1.0482,20564.420273606727,0.014,0
2026-09-29T10:28:16Z,2.093,18.7681,0.4947,6.491,49.711,43.514127,4.9574,52.704,10.303,49.7947,1.0327,20565.445234869298,0.014,0
2026-09-29T10:28:16Z,2.098,18.7677,0.4615,6.35,49.706,43.508882,4.9451,52.633,10.303,49.7903,1.0114,20559.66808317632,0.014,0
2026-09-29T10:28:16Z,2.102,18.7661,0.4505,6.2742000000000004,49.712,43.513722,4.9329,52.61,10.303,49.8818,0.9907,20567.296771472356,0.013,0
2026-09-29T10:28:16Z,2.106,18.764,0.4697,6.3264,49.708,43.509166,4.9198,52.653,10.303,49.9542,0.99093,20564.323205691584,0.012,0
2026-09-29T10:28:16Z,2.108,18.7624,0.5015,6.4682,49.718,43.517276,4.9108,52.733,10.303,49.8907,0.99538,20575.848399474253,0.011,0
2026-09-29T10:28:16Z,2.11,18.7613,0.5022,6.4852,49.754,43.548297,4.904,52.84,10.303,49.8026,0.97977,20614.10322549726,0.009,0
2026-09-29T10:28:16Z,2.112,18.761,0.4706,6.361,49.776,43.566867,4.8998,52.97,10.303,49.8357,0.9648,20636.6058457873,0.006,0
2026-09-29T10:28:16Z,2.114,18.7605,0.4523,6.299,49.76,43.551372,4.9067,53.077,10.303,50.0331,0.95992,20618.70622089242,0.001,0
2026-09-29T10:28:16Z,2.116,18.76,0.4634,6.3514,49.762,43.551382,4.9138,53.121,10.303,50.1243,0.95829,20619.30314157272,-0.003,0
2026-09-29T10:28:16Z,2.115,18.7594,0.4974,6.482,49.782,43.566977,4.9237,53.126,10.303,50.0781,0.96221,20638.611124038252,-0.007,0
2026-09-29T10:28:16Z,2.11,18.7585,0.5222,6.5791,49.763,43.549512,4.9374,53.127,10.302,50.0772,0.97056,20618.82874113277,-0.008,0
2026-09-29T10:28:16Z,2.105,18.7568,0.5214,6.5008,49.743,43.530627,4.95,53.088,10.302,50.0268,0.9797,20598.30025893347,-0.007,0
2026-09-29T10:28:16Z,2.1,18.7551,0.5131,6.355,49.742,43.52907,4.953,52.988,10.301,49.9853,0.98462,20598.43219193534,-0.004,0
2026-09-29T10:28:16Z,2.1,18.7537,0.5212,6.3876,49.744,43.530684,4.9504,52.834,10.301,50.0917,0.97674,20601.993355937087,0.001,0
2026-09-29T10:28:16Z,2.103,18.7521,0.5532,6.519,49.766,43.550141000000004,4.9544,52.684,10.301,50.1946,0.96285,20627.071950221612,0.006,0
2026-09-29T10:28:16Z,2.107,18.7509,0.5753,6.5432,49.793,43.573902,4.9504,52.602,10.301,50.1961,0.95196,20656.842221488096,0.009,0
2026-09-29T10:28:16Z,2.111,18.7502,0.5554,6.4412,49.782,43.564079,4.9418,52.571,10.301,50.1964,0.93998,20645.933015370138,0.01,0
2026-09-29T10:28:16Z,2.115,18.7501,0.5206,6.3453,49.776,43.558313,4.925,52.564,10.301,50.1982,0.93109,20639.166549974958,0.01,0
2026-09-29T10:28:16Z,2.117,18.7503,0.529,6.4088,49.786,43.567654,4.9078,52.61,10.301,50.1312,0.92412,20650.08393338849,0.009,0
2026-09-29T10:28:16Z,2.117,18.7503,0.5645,6.5249,49.766,43.550083,4.9017,52.666,10.301,50.0749,0.92272,20629.10979992893,0.009,0
2026-09-29T10:28:16Z,2.118,18.75,0.568,6.5202,49.75,43.536281,4.9009,52.633,10.3,50.0342,0.93017,20612.994953932837,0.009,0
2026-09-29T10:28:16Z,2.121,18.7496,0.5295,6.4194,49.739,43.52773,4.8974,52.532,10.3,50.069,0.91473,20603.265194395997,0.009,0
2026-09-29T10:28:16Z,2.126,18.7497,0.4818,6.3658,49.718,43.510162,4.9022,52.399,10.3,50.1523,0.8828,20582.206906456813,0.008,0
2026-09-29T10:28:16Z,2.13,18.7503,0.4737,6.4523,49.723,43.514301,4.9152,52.245,10.3,50.1805,0.87125,20586.438005754357,0.007,0
2026-09-29T10:28:16Z,2.132,18.751,0.4818,6.5087,49.723,43.5143,4.9074,52.123,10.3,50.2376,0.86781,20585.618670431242,0.006,0
2026-09-29T10:28:16Z,2.132,18.7518,0.4799,6.4328,49.719,43.510147,4.8975,52.077,10.3,50.2403,0.86516,20579.73516946471,0.006,0
2026-09-29T10:28:16Z,2.13,18.7528,0.4837,6.3548,49.739,43.527558,4.8857,52.093,10.299,50.2133,0.86821,20599.317212712696,0.006,0
2026-09-29T10:28:16Z,2.13,18.7529,0.4694,6.3514,49.749,43.534391,4.8685,52.121,10.299,50.2554,0.85865,20607.34734532778,0.007,0
2026-09-29T10:28:16Z,2.132,18.7526,0.4827,6.4263,49.744,43.529284,4.8559,52.175,10.299,50.2332,0.84786,20601.608766785215,0.009,0
2026-09-29T10:28:16Z,2.137,18.7517,0.5272,6.4403,49.745,43.529284,4.8515,52.293,10.298,50.1173,0.84991,20602.66096839036,0.012,0
2026-09-29T10:28:16Z,2.142,18.7505,0.5422,6.3492,49.751,43.534392,4.8566,52.429,10.298,50.0585,0.84153,20610.155423106233,0.014,0
2026-09-29T10:28:16Z,2.146,18.7496,0.5463,6.2819,49.745,43.52757,4.8585,52.544,10.298,50.0384,0.82629,20603.072888389874,0.015,0
2026-09-29T10:28:16Z,2.15,18.7487,0.5528,6.3435,49.725,43.510273,4.8602,52.646,10.298,49.9601,0.81779,20583.50622211485,0.015,0
2026-09-29T10:28:16Z,2.152,18.7481,0.5625,6.4794,49.732,43.515674,4.8744,52.696,10.298,49.9723,0.81419,20590.644401922338,0.015,0
2026-09-29T10:28:16Z,2.155,18.7475,0.5557,6.4559,49.748,43.529408,4.8894,52.661,10.298,50.0994,0.81384,20607.72067691429,0.015,0
2026-09-29T10:28:16Z,2.159,18.7468,0.5366,6.3666,49.772,43.549386,4.8975,52.568,10.299,50.2066,0.80364,20632.374932357656,0.016,0
2026-09-29T10:28:16Z,2.164,18.7466,0.5316,6.4248,49.792,43.566799,4.9096,52.449,10.299,50.2354,0.78681,20653.39837174178,0.018,0
2026-09-29T10:28:16Z,2.169,18.7462,0.5451,6.5797,49.773,43.549511,4.9163,52.331,10.298,50.1896,0.78292,20633.226311182418,0.02,0
2026-09-29T10:28:16Z,2.174,18.7453,0.575,6.7353,49.753,43.530784,4.911,52.247,10.298,50.1694,0.77185,20611.93492997926,0.021,0
2026-09-29T10:28:16Z,2.18,18.7448,0.569,6.7348,49.753,43.530799,4.9014,52.217,10.298,50.1631,0.73951,20612.537581230947,0.021,0
2026-09-29T10:28:16Z,2.186,18.7442,0.531,6.6081,49.775,43.549685,4.8903,52.282,10.298,50.114,0.71275,20635.776136733413,0.02,0
2026-09-29T10:28:16Z,2.191,18.7435,0.514,6.5017,49.798,43.568715,4.8769,52.417,10.298,50.091,0.69902,20659.32106872136,0.019,0
2026-09-29T10:28:16Z,2.195,18.743,0.5219,6.4732,49.8,43.570459,4.8702,52.531,10.297,50.1437,0.6922,20661.990841908686,0.018,0
2026-09-29T10:28:16Z,2.199,18.7425,0.543,6.5372,49.801,43.570774,4.8646,52.591,10.296,50.2346,0.68254,20662.95361802752,0.018,0
2026-09-29T10:28:16Z,2.202,18.7419,0.5441,6.4893,49.803,43.572519,4.8708,52.622,10.297,50.2443,0.67173,20665.74238628095,0.018,0
2026-09-29T10:28:16Z,2.207,18.7413,0.5024,6.3722,49.826,43.591564,4.8892,52.649,10.297,50.1744,0.67023,20689.211035339053,0.019,0
2026-09-29T10:28:16Z,2.213,18.741,0.4637,6.4194,49.848,43.610617,4.8995,52.666,10.297,50.1637,0.66353,20712.35361064571,0.021,0
2026-09-29T10:28:16Z,2.219,18.7405,0.4753,6.5818,49.851,43.612463,4.9044,52.651,10.296,50.1154,0.64885,20715.150314285176,0.024,0
2026-09-29T10:28:16Z,2.224,18.7402,0.5091,6.7306,49.854,43.613879,4.9059,52.606,10.296,50.0202,0.6457,20717.19757506988,0.028,0
2026-09-29T10:28:16Z,2.231,18.7395,0.5071,6.7154,49.871,43.627732,4.9091,52.566,10.296,50.0457,0.63906,20734.604516239364,0.031,0
2026-09-29T10:28:16Z,2.239,18.7388,0.4758,6.5689,49.902,43.653009,4.9117,52.534,10.296,50.0796,0.61832,20765.71059314289,0.034,0
2026-09-29T10:28:16Z,2.249,18.7381,0.4546,6.4954,49.918,43.665599,4.911,52.479,10.296,49.9998,0.60902,20781.629582875525,0.035,0
2026-09-29T10:28:16Z,2.26,18.7369,0.4591,6.5786,49.905,43.653009,4.9044,52.394,10.296,49.9411,0.60918,20767.95036209468,0.033,0
2026-09-29T10:28:16Z,2.271,18.7358,0.4884,6.6875,49.878,43.627734,4.9007,52.272,10.296,49.9726,0.60182,20738.961925414726,0.03,0
2026-09-29T10:28:16Z,2.28,18.7346,0.4925,6.6503,49.863,43.613896,4.9003,52.126,10.297,50.0358,0.5897,20723.80427751185,0.025,0
2026-09-29T10:28:16Z,2.285,18.7332,0.4584,6.5732,49.862,43.612638,4.8939,51.996,10.298,50.0167,0.58114,20723.9458024158,0.02,0
2026-09-29T10:28:16Z,2.286,18.7319,0.4429,6.5406,49.862,43.612524,4.8875,51.901,10.298,49.9134,0.57455,20725.339539447858,0.016,0
2026-09-29T10:28:16Z,2.287,18.7307,0.4626,6.5637,49.863,43.612524,4.8756,51.829,10.297,49.9056,0.57069,20726.7521206969,0.014,0
2026-09-29T10:28:16Z,2.29,18.7296,0.4896,6.682,49.863,43.612638,4.8603,51.789,10.296,49.9231,0.56457,20728.183481890206,0.013,0
2026-09-29T10:28:16Z,2.295,18.7288,0.4856,6.7066,49.864,43.613896,4.8476,51.788,10.296,49.8665,0.55037,20730.63160765818,0.013,0
2026-09-29T10:28:16Z,2.3,18.7283,0.456,6.5877,49.879,43.627735,4.8398,51.794,10.296,49.8233,0.54473,20747.79801411276,0.013,0
2026-09-29T10:28:16Z,2.304,18.7281,0.4405,6.5768,49.908,43.653019,4.8328,51.79,10.295,49.8315,0.55369,20778.343243033854,0.012,0
2026-09-29T10:28:16Z,2.306,18.7282,0.4723,6.7116,49.923,43.665704,4.8275,51.73,10.294,49.8792,0.55588,20793.441809908487,0.01,0
2026-09-29T10:28:16Z,2.309,18.7285,0.5408,6.7822,49.91,43.654155,4.8303,51.575,10.295,49.9703,0.53502,20779.23323270549,0.007,0
2026-09-29T10:28:16Z,2.311,18.7287,0.5616,6.6798,49.894,43.640325,4.8298,51.373,10.296,50.0726,0.51476,20762.41441884085,0.003,0
2026-09-29T10:28:16Z,2.312,18.7288,0.5234,6.5322,49.878,43.625437,4.8313,51.205,10.295,50.0832,0.51763,20744.454667222853,0.001,0
2026-09-29T10:28:16Z,2.31,18.7286,0.5038,6.5689,49.85,43.601098,4.8289,51.12,10.295,50.0117,0.52419,20715.54299775687,0.001,0
2026-09-29T10:28:16Z,2.308,18.7285,0.5243,6.7477,49.848,43.599945,4.8111,51.074,10.295,49.9828,0.52695,20714.28068560444,0.003,0
2026-09-29T10:28:16Z,2.307,18.7282,0.5552,6.8153,49.861,43.611493,4.79,51.025,10.295,49.992,0.54326,20728.45977358407,0.007,0
2026-09-29T10:28:16Z,2.309,18.7279,0.5612,6.7031,49.864,43.613782,4.7715,51.017,10.295,49.9511,0.5537,20731.554145789076,0.013,0
2026-09-29T10:28:16Z,2.313,18.7278,0.5377,6.552,49.879,43.627621,4.766,51.037,10.294,49.9185,0.538,20748.249897760288,0.019,0
2026-09-29T10:28:16Z,2.321,18.728,0.5134,6.5599,49.906,43.651866,4.765,51.038,10.294,49.9428,0.51805,20777.077499243595,0.024,0
2026-09-29T10:28:16Z,2.331,18.7284,0.5162,6.7301,49.908,43.653021,4.7561,51.059,10.294,49.9008,0.50277,20777.989948916274,0.026,0
2026-09-29T10:28:16Z,2.341,18.7288,0.5382,6.7996,49.895,43.641594,4.7559,51.099,10.293,49.8407,0.48511,20763.815913326012,0.024,0
2026-09-29T10:28:16Z,2.348,18.7293,0.5219,6.6827,49.894,43.640649,4.7623,51.138,10.293,49.9039,0.46244,20762.09290813474,0.02,0
2026-09-29T10:28:16Z,2.351,18.7298,0.4692,6.5463,49.895,43.641594,4.7578,51.223,10.293,49.9764,0.46182,20762.63587425664,0.015,0
2026-09-29T10:28:16Z,2.351,18.7296,0.4416,6.518,49.908,43.653021,4.76,51.28,10.292,49.943,0.48848,20776.572351294595,0.01,0
2026-09-29T10:28:16Z,2.352,18.7294,0.4551,6.6137,49.907,43.651866,4.7683,51.256,10.29,49.9309,0.49761,20775.423313182222,0.007,0
2026-09-29T10:28:16Z,2.353,18.729,0.4732,6.6436,49.88,43.627631,4.7643,51.257,10.29,50.0874,0.48352,20746.845262603023,0.006,0
2026-09-29T10:28:16Z,2.354,18.7286,0.4611,6.5386,49.864,43.613887,4.778,51.301,10.29,50.2004,0.46787,20730.852842634977,0.006,0
2026-09-29T10:28:16Z,2.356,18.7285,0.4426,6.5048,49.862,43.612638,4.7884,51.337,10.29,50.0937,0.4653,20729.474710981503,0.007,0
2026-09-29T10:28:16Z,2.358,18.7284,0.4401,6.6103,49.862,43.612534,4.7763,51.317,10.29,50.0012,0.46229,20729.46772858476,0.008,0
2026-09-29T10:28:16Z,2.36,18.7283,0.4727,6.7213,49.862,43.612627,4.7791,51.217,10.29,50.0286,0.45206,20729.696724874855,0.009,0
2026-09-29T10:28:16Z,2.362,18.7284,0.5207,6.7198,49.862,43.613772,4.7847,51.111,10.291,50.08,0.44535,20730.950137586755,0.009,0
2026-09-29T10:28:16Z,2.364,18.7286,0.538,6.6271,49.877,43.626372,4.7889,51.058,10.291,50.1069,0.42658,20745.80750301728,0.01,0
2026-09-29T10:28:16Z,2.367,18.7289,0.5319,6.5571,49.891,43.638027,4.7903,51.043,10.29,50.0967,0.42022,20759.420639625765,0.012,0
2026-09-29T10:28:16Z,2.371,18.7292,0.5047,6.5557,49.88,43.627734,4.7762,51.071,10.289,50.1281,0.43786,20746.731876022845,0.013,0
2026-09-29T10:28:16Z,2.374,18.7294,0.501,6.611,49.882,43.628879,4.7634,51.122,10.289,50.1423,0.43949,20747.86795376604,0.014,0
2026-09-29T10:28:16Z,2.378,18.7295,0.5205,6.6445,49.909,43.651867,4.7612,51.152,10.289,50.0968,0.43195,20775.304903420794,0.014,0
2026-09-29T10:28:16Z,2.382,18.729,0.5231,6.5855,49.909,43.651772,4.7586,51.217,10.289,50.0938,0.42855,20775.780810417975,0.013,0
2026-09-29T10:28:16Z,2.386,18.7284,0.5243,6.5461,49.882,43.627737,4.7608,51.332,10.288,50.1054,0.41183,20747.6773461612,0.013,0
2026-09-29T10:28:16Z,2.39,18.7278,0.536,6.6113,49.868,43.615157,4.7707,51.392,10.288,50.1517,0.39315,20733.313799930565,0.012,0
2026-09-29T10:28:16Z,2.392,18.7271,0.564,6.7592,49.88,43.626613,4.7687,51.367,10.287,50.2229,0.38837,20747.862347115602,0.011,0
2026-09-29T10:28:16Z,2.393,18.7265,0.5634,6.798,49.895,43.639298,4.7728,51.312,10.287,50.1919,0.39302,20763.773153851995,0.011,0
2026-09-29T10:28:16Z,2.395,18.7263,0.5364,6.6365,49.897,43.641587,4.7907,51.264,10.287,50.1218,0.40309,20766.753221982308,0.011,0
2026-09-29T10:28:16Z,2.398,18.7263,0.5294,6.5135,49.912,43.654282,4.7968,51.241,10.286,50.1494,0.39914,20781.97722334378,0.012,0
2026-09-29T10:28:16Z,2.402,18.7266,0.5376,6.5755,49.926,43.665842,4.7907,51.202,10.285,50.1814,0.38466,20795.49170555108,0.014,0
2026-09-29T10:28:16Z,2.406,18.7268,0.5604,6.7027,49.913,43.654417,4.7855,51.086,10.284,50.0789,0.38096,20781.548440275583,0.015,0
2026-09-29T10:28:16Z,2.41,18.7268,0.5635,6.6851,49.9,43.643085,4.7798,50.946,10.284,49.9419,0.37995,20767.958553940214,0.016,0
2026-09-29T10:28:16Z,2.415,18.7267,0.5165,6.6021,49.915,43.65578,4.7782,50.864,10.284,49.987,0.37698,20783.300874774282,0.016,0
2026-09-29T10:28:16Z,2.419,18.7263,0.4665,6.6555,49.944,43.680962,4.7798,50.856,10.284,50.1089,0.37288,20813.994092759203,0.015,0
2026-09-29T10:28:16Z,2.423,18.726,0.4668,6.7845,49.959,43.693658,4.7651,50.895,10.284,50.1253,0.37037,20829.59599441143,0.015,0
2026-09-29T10:28:16Z,2.426,18.7259,0.5031,6.898,49.947,43.682335,4.7487,50.94,10.284,50.0992,0.37109,20816.115303669198,0.014,0
2026-09-29T10:28:16Z,2.429,18.7256,0.5229,6.8995,49.934,43.671015,4.7413,50.976,10.283,50.0512,0.36751,20802.879982533523,0.012,0
2026-09-29T10:28:16Z,2.433,18.7251,0.5152,6.7695,49.949,43.683731,4.7412,51.019,10.282,50.0621,0.3616,20818.737408068904,0.012,0
2026-09-29T10:28:16Z,2.436,18.7248,0.51,6.692,49.979,43.709131,4.7472,51.088,10.282,50.1445,0.35265,20849.60843316344,0.011,0
2026-09-29T10:28:16Z,2.438,18.7245,0.5264,6.7827,49.997,43.724229,4.7514,51.163,10.282,50.187,0.33949,20868.116577492234,0.011,0
2026-09-29T10:28:16Z,2.44,18.724,0.5379,6.8756,50.015,43.739326,4.7544,51.193,10.281,50.1453,0.33336,20886.87148408818,0.011,0
2026-09-29T10:28:16Z,2.443,18.7236,0.5166,6.7903,50.045,43.764716,4.757,51.171,10.281,50.0711,0.33488,20917.914013854974,0.011,0
2026-09-29T10:28:16Z,2.446,18.7231,0.4931,6.7075,50.061,43.777316,4.7644,51.122,10.281,50.1501,0.34288,20933.68858869235,0.012,0
2026-09-29T10:28:16Z,2.449,18.7223,0.495,6.7292,50.048,43.764718,4.774,51.06,10.281,50.3258,0.34723,20919.46128334247,0.012,0
2026-09-29T10:28:16Z,2.453,18.7213,0.523,6.8129,50.02,43.739338,4.777,50.977,10.281,50.3892,0.33793,20890.089861129356,0.012,0
2026-09-29T10:28:16Z,2.456,18.7205,0.5498,6.9004,50.004,43.724354,4.7734,50.842,10.281,50.4002,0.33574,20873.00934766824,0.012,0
2026-09-29T10:28:16Z,2.459,18.7198,0.5276,6.8646,49.989,43.710497,4.769,50.659,10.281,50.4579,0.34323,20857.173582313735,0.012,0
2026-09-29T10:28:16Z,2.461,18.7186,0.4788,6.7898,49.976,43.698737,4.7629,50.455,10.281,50.4853,0.34416,20844.457454853993,0.012,0
2026-09-29T10:28:16Z,2.464,18.7172,0.4585,6.7809,49.988,43.709123,4.7572,50.245,10.281,50.4729,0.34087,20858.6026095002,0.013,0
2026-09-29T10:28:16Z,2.468,18.7157,0.4748,6.8601,49.987,43.709122,4.7448,50.059,10.281,50.4807,0.33546,20860.37922294001,0.013,0
2026-09-29T10:28:16Z,2.471,18.715,0.501,6.9275,49.975,43.698725,4.7254,49.892,10.28,50.4933,0.33843,20848.70692135154,0.014,0
2026-09-29T10:28:16Z,2.475,18.7149,0.492,6.8446,49.988,43.71036,4.7079,49.731,10.279,50.5393,0.35395,20862.81610141886,0.015,0
2026-09-29T10:28:16Z,2.479,18.7151,0.458,6.7457,50.003,43.722855,4.6853,49.6,10.279,50.6076,0.35257,20877.610148471525,0.016,0
2026-09-29T10:28:16Z,2.483,18.7157,0.4805,6.8251,50.003,43.722847,4.669,49.515,10.279,50.6298,0.33285,20876.888498889086,0.016,0
2026-09-29T10:28:16Z,2.488,18.716,0.5562,6.9838,49.989,43.710266,4.6545,49.464,10.278,50.6363,0.31311,20861.398189766347,0.016,0
2026-09-29T10:28:16Z,2.492,18.7161,0.6069,6.9563,49.975,43.697696,4.6377,49.409,10.278,50.6854,0.29966,20846.165430728095,0.015,0
2026-09-29T10:28:16Z,2.495,18.716,0.6111,6.8005,49.975,43.697801,4.6252,49.328,10.279,50.7081,0.30155,20846.409986016162,0.015,0
2026-09-29T10:28:16Z,2.499,18.7159,0.5908,6.7398,49.99,43.711546,4.6172,49.232,10.279,50.6522,0.31168,20863.055507168836,0.015,0
2026-09-29T10:28:16Z,2.503,18.7156,0.5774,6.8374,50.02,43.736927,4.6147,49.163,10.279,50.5247,0.31896,20893.95174722813,0.015,0
2026-09-29T10:28:16Z,2.506,18.7156,0.59,6.99,50.036,43.750784,4.61,49.165,10.278,50.4574,0.31914,20910.637426318026,0.015,0
2026-09-29T10:28:16Z,2.509,18.7156,0.619,7.0131,50.037,43.752139,4.6023,49.229,10.278,50.5269,0.31751,20912.269308385497,0.016,0
2026-09-29T10:28:16Z,2.514,18.7157,0.6202,6.9128,50.039,43.753304,4.5917,49.319,10.278,50.5909,0.3057,20913.55342714864,0.016,0
2026-09-29T10:28:16Z,2.519,18.7156,0.5875,6.8013,50.053,43.764864,4.5831,49.42,10.278,50.7144,0.27745,20927.599623117112,0.016,0
2026-09-29T10:28:16Z,2.524,18.7152,0.5651,6.8268,50.054,43.764959,4.584,49.496,10.277,50.7304,0.26918,20928.18954708569,0.017,0
2026-09-29T10:28:16Z,2.528,18.715,0.5741,6.9818,50.042,43.754458,4.5919,49.522,10.277,50.4408,0.28557,20915.774753429887,0.017,0
2026-09-29T10:28:16Z,2.531,18.7141,0.6056,7.0017,50.055,43.764845,4.5999,49.555,10.277,50.1375,0.29112,20929.36011648235,0.017,0
2026-09-29T10:28:16Z,2.535,18.7133,0.6031,6.8624,50.054,43.763595,4.6107,49.632,10.276,49.9883,0.27755,20928.805055895227,0.016,0
2026-09-29T10:28:16Z,2.54,18.7131,0.5522,6.7666,50.027,43.739351,4.6204,49.712,10.275,50.0134,0.26189,20899.836927132936,0.015,0
2026-09-29T10:28:16Z,2.544,18.713,0.5237,6.7993,50.011,43.725607,4.6193,49.761,10.275,50.0975,0.2573,20883.409930178892,0.011,0
2026-09-29T10:28:16Z,2.548,18.7127,0.5415,6.916,50.01,43.724367,4.6203,49.768,10.275,50.145,0.25929,20882.27335023998,0.006,0
2026-09-29T10:28:16Z,2.55,18.7122,0.5506,6.9142,50.01,43.724357,4.6305,49.738,10.275,50.2427,0.26345,20882.854514371087,0,0
2026-09-29T10:28:16Z,2.55,18.7115,0.5255,6.7776,50.011,43.725492,4.6387,49.688,10.275,50.3325,0.2626,20885.051329977185,-0.005,0
2026-09-29T10:28:16Z,2.547,18.7109,0.5047,6.7332,50.026,43.73809,4.6438,49.641,10.274,50.4567,0.2611,20900.93117920386,-0.008,0
2026-09-29T10:28:16Z,2.541,18.7107,0.5067,6.8222,50.039,43.749726,4.6441,49.591,10.273,50.6254,0.2761,20915.184765402915,-0.008,0
2026-09-29T10:28:16Z,2.535,18.711,0.542,6.9303,50.027,43.739235,4.6412,49.516,10.273,50.6517,0.29073,20902.192117104223,-0.006,0
2026-09-29T10:28:16Z,2.533,18.7111,0.5819,6.9136,50.026,43.738195,4.635,49.418,10.273,50.6027,0.28953,20900.82103409517,-0.002,0
2026-09-29T10:28:16Z,2.535,18.7113,0.5728,6.7907,50.024,43.737146,4.631,49.298,10.272,50.6357,0.27877999999999997,20899.320090083118,0.004,0
2026-09-29T10:28:16Z,2.539,18.7113,0.557,6.7423,50.012,43.726551,4.6278,49.158,10.272,50.7059,0.27031,20886.56421206513,0.011,0
2026-09-29T10:28:16Z,2.543,18.7112,0.5823,6.8407,50.023,43.737043,4.62,49.013,10.272,50.7633,0.27104,20899.314346205083,0.016,0
2026-09-29T10:28:16Z,2.548,18.7114,0.6211,6.9902,50.023,43.737062,4.611,48.885,10.271,50.8136,0.26766,20899.099486482388,0.017,0
2026-09-29T10:28:16Z,2.554,18.7118,0.6186,6.9785,50.012,43.726772,4.5996,48.767,10.27,50.8846,0.2547,20886.23585873151,0.017,0
2026-09-29T10:28:16Z,2.56,18.7122,0.6013,6.8364,50.027,43.739581,4.5863,48.654,10.27,50.9334,0.25075,20901.181689947,0.016,0
2026-09-29T10:28:16Z,2.563,18.7125,0.6043,6.7749,50.057,43.764981,4.5714,48.587,10.271,50.8864,0.25391,20931.425354518607,0.014,0
2026-09-29T10:28:16Z,2.565,18.7126,0.604,6.8491,50.075,43.779974,4.5601,48.614,10.271,50.8332,0.24176,20949.381942801127,0.014,0
2026-09-29T10:28:16Z,2.566,18.7123,0.6146,6.9812,50.093,43.793919,4.5495,48.715,10.271,50.8928,0.22222,20966.560305337698,0.015,0
2026-09-29T10:28:16Z,2.57,18.7116,0.6072,6.9718,50.109,43.806625,4.5379,48.845,10.27,51.0048,0.22308,20982.728935743347,0.017,0
2026-09-29T10:28:16Z,2.575,18.711,0.5722,6.8384,50.111,43.806645,4.5286,48.986,10.269,50.9826,0.24478,20983.468391019633,0.017,0
2026-09-29T10:28:16Z,2.583,18.7101,0.5501,6.769,50.098,43.794162,4.5329,49.119,10.269,50.8818,0.2521,20969.474526764665,0.017,0
2026-09-29T10:28:16Z,2.589,18.7087,0.5484,6.816,50.085,43.78265,4.545,49.232,10.27,50.9051,0.23878,20957.252686076154,0.015,0
2026-09-29T10:28:16Z,2.593,18.7071,0.5678,6.928,50.099,43.7944,4.5561,49.303,10.27,51.0062,0.2356,20973.33721212854,0.012,0
2026-09-29T10:28:16Z,2.594,18.7054,0.5599,6.9283,50.117,43.809278,4.5716,49.332,10.27,51.0707,0.25011,20993.327606090297,0.008,0
2026-09-29T10:28:16Z,2.593,18.7041,0.5026,6.8199,50.148,43.835594,4.583,49.349,10.269,51.0835,0.24938,21026.678986080016,0.005,0
2026-09-29T10:28:16Z,2.593,18.7036,0.4581,6.7788,50.175,43.858676,4.5952,49.349,10.268,50.9883,0.23433,21055.19424114382,0.003,0
2026-09-29T10:28:16Z,2.594,18.7032,0.463,6.8409,50.149,43.83446,4.6025,49.299,10.268,50.8662,0.23383,21026.38382754358,0.003,0
2026-09-29T10:28:16Z,2.596,18.7027,0.4945,6.9555,50.108,43.7967,4.6024,49.151,10.269,50.8986,0.23677,20981.360429286204,0.003,0
2026-09-29T10:28:16Z,2.598,18.702,0.5238,6.97,50.094,43.782975,4.6053,48.896,10.269,50.9492,0.24099,20965.62767423792,0.003,0
2026-09-29T10:28:16Z,2.598,18.7012,0.5427,6.8442,50.109,43.795463,4.6059,48.6,10.268,51.0472,0.24697,20981.656018102574,0.004,0
2026-09-29T10:28:16Z,2.598,18.6999,0.5563,6.7672,50.139,43.820739,4.6038,48.335,10.267,51.3105,0.22908,21013.74160257637,0.005,0
2026-09-29T10:28:16Z,2.598,18.6979,0.5797,6.8585,50.155,43.83468,4.5909,48.094,10.267,51.4651,0.20731,21032.98661055808,0.006,0
2026-09-29T10:28:16Z,2.6,18.6964,0.6004,6.889,50.16,43.837073,4.5645,47.859,10.267,51.4528,0.22119,21037.674799545926,0.008,0
2026-09-29T10:28:16Z,2.604,18.6956,0.5823,6.6926,50.175,43.849673,4.5332,47.67,10.267,51.4206,0.23682,21053.87623937721,0.01,0
2026-09-29T10:28:16Z,2.607,18.6953,0.5435,6.5676,50.189,43.86007,4.5097,47.557,10.267,51.4206,0.22471,21066.81993442347,0.01,0
2026-09-29T10:28:16Z,2.61,18.6946,0.5229,6.5733,50.163,43.835825,4.4894,47.512,10.267,51.4516,0.21322,21038.317766987842,0.01,0
2026-09-29T10:28:16Z,2.614,18.6935,0.5415,6.6586,50.135,43.810435,4.4642,47.498,10.267,51.4516,0.21965,21008.932805441782,0.009,0
2026-09-29T10:28:16Z,2.616,18.6921,0.5851,6.8122,50.131,43.806983,4.4464,47.5,10.267,51.4202,0.23081,21006.43302091084,0.008,0
2026-09-29T10:28:16Z,2.617,18.6905,0.5917,6.826,50.115,43.79408,4.4357,47.517,10.266,51.4166,0.23146,20992.752303228815,0.007,0
2026-09-29T10:28:16Z,2.617,18.6888,0.5725,6.7905,50.098,43.781375,4.4339,47.535,10.265,51.4943,0.22113,20979.434605693186,0.007,0
2026-09-29T10:28:16Z,2.618,18.6877,0.5775,6.8611,50.094,43.780323,4.4329,47.525,10.264,51.585,0.21618,20979.476282147476,0.007,0
2026-09-29T10:28:16Z,2.621,18.6879,0.6021,6.9628,50.092,43.781373,4.4326,47.456,10.264,51.5673,0.21924,20980.5056143361,0.008,0
2026-09-29T10:28:16Z,2.625,18.6893,0.6278,6.9617000000000004,50.104,43.794067,4.4348,47.328,10.265,51.5384,0.21742,20994.168579795765,0.008,0
2026-09-29T10:28:16Z,2.627,18.6913,0.622,6.8477,50.117,43.806855,4.437,47.172,10.265,51.5796,0.21319,21007.23316534692,0.007,0
2026-09-29T10:28:16Z,2.629,18.694,0.5826,6.7459,50.118,43.80905,4.438,47.061,10.263,51.6356,0.2091,21006.660830643064,0.007,0
2026-09-29T10:28:16Z,2.629,18.6964,0.5592,6.7902,50.131,43.820601,4.43,47.038,10.263,51.6996,0.20528,21017.75495822175,0.007,0
2026-09-29T10:28:16Z,2.63,18.6983,0.5798,6.939,50.13,43.819571,4.4184,47.078,10.264,51.7505,0.21038,21014.239609469518,0.008,0
2026-09-29T10:28:16Z,2.631,18.7002,0.6155,6.9398,50.104,43.796595,4.4,47.171,10.265,51.7345,0.21243,20984.21379884242,0.01,0
2026-09-29T10:28:16Z,2.634,18.7014,0.6165,6.7993,50.104,43.7967,4.3872,47.292,10.264,51.678,0.1937,20982.90887867747,0.015,0
2026-09-29T10:28:16Z,2.639,18.7014,0.5746,6.7429,50.133,43.820841,4.3881,47.437,10.264,51.5842,0.18203,21012.070468336253,0.02,0
2026-09-29T10:28:16Z,2.644,18.7011,0.5337,6.8388,50.149,43.834576,4.3903,47.617,10.264,51.5462,0.18498,21029.031664400893,0.024,0
2026-09-29T10:28:16Z,2.653,18.7012,0.5387,6.9677,50.152,43.835825,4.4011,47.802,10.263,51.6495,0.19049,21030.421828030125,0.024,0
2026-09-29T10:28:16Z,2.663,18.701,0.5599,6.9357,50.154,43.835938,4.4124,47.974,10.263,51.7146,0.20567,21030.7969234971,0.022,0
2026-09-29T10:28:16Z,2.671,18.7005,0.5569,6.7935,50.157,43.835939,4.4242,48.13,10.263,51.7316,0.21137,21031.39537912282,0.018,0
2026-09-29T10:28:16Z,2.674,18.7,0.5527,6.7512,50.158,43.835837,4.4439,48.269,10.264,51.6824,0.19509,21031.869737023557,0.013,0
2026-09-29T10:28:16Z,2.673,18.6989,0.5747,6.8346,50.157,43.834692,4.4607,48.374,10.264,51.5494,0.17433,21031.80068904449,0.009,0
2026-09-29T10:28:16Z,2.672,18.697,0.607,6.9473,50.142,43.8221,4.4776,48.413,10.263,51.5864,0.16648,21018.847466214782,0.005,0
2026-09-29T10:28:16Z,2.672,18.6946,0.5943,6.9523,50.129,43.810539,4.4918,48.357,10.262,51.6992,0.1703,21007.74111872417,0.004,0
2026-09-29T10:28:16Z,2.674,18.693,0.5453,6.8263,50.142,43.821863,4.5057,48.184,10.262,51.7088,0.17956,21023.341768879513,0.004,0
2026-09-29T10:28:16Z,2.677,18.6929,0.5143,6.7232,50.154,43.832059,4.5169,47.922,10.262,51.7879,0.1863,21035.791897139985,0.005,0
2026-09-29T10:28:16Z,2.679,18.6932,0.5105,6.7989,50.125,43.806869,4.5209,47.619,10.262,51.8817,0.19253,21004.97757859867,0.006,0
2026-09-29T10:28:16Z,2.68,18.6937,0.5331,6.99,50.084,43.771197,4.5174,47.315,10.262,51.8962,0.20527,20961.300546634375,0.007,0
2026-09-29T10:28:16Z,2.68,18.6938,0.5458,7.0182,50.096,43.781603,4.4996,47.04,10.262,51.8776,0.19994,20973.742530024552,0.007,0
2026-09-29T10:28:16Z,2.681,18.6936,0.523,6.8657,50.124,43.805735,4.4734,46.816,10.262,51.8296,0.17308,21003.129434168128,0.008,0
2026-09-29T10:28:16Z,2.683,18.6933,0.5069,6.7521,50.128,43.809074,4.4441,46.674,10.262,51.8312,0.16053,21007.522678825106,0.01,0
2026-09-29T10:28:16Z,2.687,18.6931,0.5088,6.7384,50.144,43.821977,4.4145,46.65,10.262,51.8978,0.16972,21023.359264050985,0.011,0
2026-09-29T10:28:16Z,2.691,18.693,0.5209,6.8024,50.159,43.834794,4.3884,46.726,10.261,51.946,0.17591,21038.979801793666,0.011,0
2026-09-29T10:28:16Z,2.695,18.6928,0.5293,6.8427,50.163,43.837095,4.367,46.842,10.261,51.9845,0.17736,21042.002510342598,0.01,0
2026-09-29T10:28:16Z,2.697,18.6924,0.5179,6.7813,50.178,43.84979,4.3517,46.973,10.261,52.1904,0.17919,21057.8435679238,0.008,0
2026-09-29T10:28:16Z,2.699,18.6916,0.5166,6.7436,50.192,43.861342,4.3495,47.102,10.26,52.3712,0.17647,21072.787596696286,0.007,0
2026-09-29T10:28:16Z,2.699,18.691,0.5388,6.8298,50.18,43.849811,4.3606,47.2,10.26,52.2778,0.17383,21059.54540840218,0.006,0
2026-09-29T10:28:16Z,2.7,18.6902,0.5612,6.9695,50.167,43.837326,4.3711,47.27,10.26,52.1798,0.1737,21045.39305445833,0.006,0
2026-09-29T10:28:16Z,2.701,18.6891,0.5465,6.964,50.168,43.837336,4.3838,47.29,10.26,52.2183,0.17902,21046.721605275616,0.007,0
2026-09-29T10:28:16Z,2.703,18.6885,0.5184,6.832,50.183,43.849926,4.398,47.251,10.259,52.3133,0.18222,21062.678722790806,0.008,0
2026-09-29T10:28:16Z,2.706,18.688,0.5302,6.7749,50.198,43.862602,4.4056,47.179,10.259,52.3814,0.17298,21078.628088249192,0.009,0
2026-09-29T10:28:16Z,2.709,18.6875,0.5726,6.8533,50.2,43.863651,4.4138,47.048,10.259,52.3542,0.16713,21080.497929615733,0.01,0
2026-09-29T10:28:16Z,2.712,18.6868,0.623,6.9947,50.2,43.862603,4.4167,46.852,10.259,52.2417,0.17089,21080.067463564385,0.01,0
2026-09-29T10:28:16Z,2.714,18.6859,0.6313,6.9807,50.186,43.849926,4.4103,46.655,10.259,52.2262,0.16831,21065.79264074468,0.01,0
2026-09-29T10:28:16Z,2.715,18.6851,0.5823,6.8213,50.172,43.837327,4.406,46.522,10.259,52.3389,0.16177,21051.4980203985,0.011,0
2026-09-29T10:28:16Z,2.718,18.6842,0.5545,6.7421,50.172,43.837214,4.3947,46.451,10.259,52.3998,0.15587,21052.438668218958,0.011,0
2026-09-29T10:28:16Z,2.721,18.6836,0.5787,6.8429,50.186,43.848565,4.3731,46.395,10.258,52.4453,0.15332,21066.899812861608,0.011,0
2026-09-29T10:28:16Z,2.725,18.6831,0.6171,7.0493,50.186,43.84762,4.3525,46.339,10.258,52.4589,0.15692,21066.35427621836,0.011,0
2026-09-29T10:28:16Z,2.729,18.6826,0.6269,7.0513,50.162,43.825786,4.34,46.31,10.258,52.479,0.15392,21040.52244778208,0.01,0
2026-09-29T10:28:16Z,2.731,18.6822,0.5977,6.8329,50.178,43.838471,4.3363,46.323,10.258,52.5166,0.14768,21056.35440281577,0.008,0
2026-09-29T10:28:16Z,2.733,18.6819,0.5713,6.7311,50.22,43.874049,4.3312,46.351,10.258,52.4828,0.14926,21099.813939432534,0.005,0
2026-09-29T10:28:16Z,2.735,18.6812,0.5824,6.8107,50.222,43.8751,4.3248,46.363,10.257,52.5001,0.15247,21101.92798503748,0.002,0
2026-09-29T10:28:16Z,2.735,18.6801,0.5987,6.8738,50.195,43.851177,4.3208,46.361,10.257,52.554,0.15656,21074.256918013223,0.001,0
2026-09-29T10:28:16Z,2.732,18.6788,0.5605,6.8107,50.181,43.8387,4.3242,46.379,10.256,52.5317,0.15764,21060.703870919795,0.001,0
2026-09-29T10:28:16Z,2.729,18.6775,0.5042,6.7303,50.195,43.851187,4.3281,46.432,10.255,52.4891,0.15357,21077.386455103016,0.003,0
2026-09-29T10:28:16Z,2.729,18.6766,0.4918,6.722,50.222,43.875204,4.3289,46.482,10.255,52.4687,0.15679,21107.576788939485,0.007,0
2026-09-29T10:28:16Z,2.732,18.6761,0.518,6.813,50.222,43.875194,4.3277,46.5,10.256,52.4575,0.16564,21108.164778094833,0.013,0
2026-09-29T10:28:16Z,2.737,18.6764,0.5554,6.8746,50.195,43.851062,4.3276,46.465,10.256,52.5266,0.16632,21078.55324255443,0.019,0
2026-09-29T10:28:16Z,2.744,18.6771,0.5608,6.7827,50.18,43.837328,4.3354,46.381,10.255,52.6157,0.15122,21061.078293720868,0.022,0
2026-09-29T10:28:16Z,2.753,18.6769,0.5254,6.7267,50.179,43.836079,4.3401,46.268,10.255,52.5875,0.13386,21059.804869903674,0.022,0
2026-09-29T10:28:16Z,2.761,18.6768,0.5014,6.744,50.18,43.835966,4.3431,46.143,10.254,52.5305,0.13018,21059.787268288044,0.021,0
2026-09-29T10:28:16Z,2.766,18.6766,0.521,6.7872,50.18,43.835964,4.3396,46.037,10.253,52.5281,0.13691,21060.024116479628,0.018,0
2026-09-29T10:28:16Z,2.769,18.6758,0.5456,6.8392,50.18,43.836058,4.3305,45.973,10.253,52.559,0.14178,21061.096180625238,0.014,0
2026-09-29T10:28:16Z,2.77,18.6752,0.5322,6.7919,50.182,43.8371,4.3205,45.966,10.253,52.6453,0.13733,21063.076905725804,0.011,0
2026-09-29T10:28:16Z,2.772,18.6746,0.5085,6.7279,50.196,43.848555,4.307,46.012,10.253,52.7116,0.13271,21077.67182218381,0.009,0
2026-09-29T10:28:16Z,2.775,18.6743,0.5263,6.7831,50.196,43.847611,4.2969,46.097,10.253,52.6728,0.13533,21076.887630314624,0.009,0
2026-09-29T10:28:16Z,2.777,18.674,0.5639,6.912,50.171,43.825683,4.2901,46.192,10.252,52.6917,0.14221,21050.689236283135,0.01,0
2026-09-29T10:28:16Z,2.78,18.6734,0.5638,6.9201,50.185,43.837328,4.2897,46.248,10.251,52.7679,0.14756,21065.50913355116,0.011,0
2026-09-29T10:28:16Z,2.783,18.6727,0.5332,6.8121,50.213,43.861459,4.2946,46.246,10.251,52.8203,0.14241,21095.58953175484,0.011,0
2026-09-29T10:28:16Z,2.787,18.6722,0.5264,6.7679,50.215,43.863548,4.303,46.211,10.252,52.8089,0.13104,21098.722093722517,0.01,0
2026-09-29T10:28:16Z,2.789,18.6718,0.5645,6.8299,50.213,43.862585,4.3144,46.148,10.252,52.6304,0.13131,21098.0344337963,0.008,0
2026-09-29T10:28:16Z,2.791,18.6713,0.6113,6.9474,50.198,43.849813,4.3206,46.078,10.251,52.5541,0.1383,21083.152396638703,0.003,0
2026-09-29T10:28:16Z,2.794,18.671,0.6267,6.9579,50.182,43.836079,4.3181,46.011,10.251,52.6606,0.13844,21066.8714467131,0,0
2026-09-29T10:28:16Z,2.794,18.6713,0.6007,6.8206,50.168,43.823479,4.3159,45.923,10.251,52.6282,0.14088,21051.252839898883,-0.001,0
2026-09-29T10:28:16Z,2.789,18.6719,0.5548,6.7225,50.169,43.824424,4.3092,45.857,10.252,52.5068,0.14478,21051.678937720935,0,0
2026-09-29T10:28:16Z,2.785,18.6721,0.5387,6.7969,50.194,43.847497,4.3008,45.841,10.252,52.5693,0.13955,21079.38695573381,0.003,0
2026-09-29T10:28:16Z,2.785,18.6722,0.5635,6.9335,50.195,43.848555,4.2977,45.806,10.252,52.7811,0.13523,21080.54896646366,0.008,0
2026-09-29T10:28:16Z,2.789,18.6723,0.5796,6.906,50.181,43.837213,4.2873,45.754,10.252,52.8305,0.13718,21066.6875175974,0.014,0
2026-09-29T10:28:16Z,2.796,18.6726,0.5423,6.8055,50.181,43.837318,4.2771,45.705,10.252,52.736,0.13374,21066.454817267033,0.02,0
2026-09-29T10:28:16Z,2.804,18.6732,0.4788,6.8123,50.196,43.849823,4.283,45.668,10.251,52.7581,0.12843,21080.885123329557,0.025,0
2026-09-29T10:28:16Z,2.812,18.6738,0.4701,6.8858,50.209,43.861461,4.2765,45.709,10.25,52.8401,0.12754,21094.27012636342,0.025,0
2026-09-29T10:28:16Z,2.819,18.6741,0.5112,6.9768,50.198,43.851073,4.2705,45.817,10.25,52.8659,0.12664,21081.31961692511,0.024,0
2026-09-29T10:28:16Z,2.824,18.6745,0.5271,6.9555,50.198,43.851176,4.2691,45.942,10.25,52.8984,0.1269,21080.96443877791,0.021,0
2026-09-29T10:28:16Z,2.828,18.6744,0.5117,6.7995,50.211,43.862707,4.2584,46.036,10.25,52.9749,0.12715,21095.059591677484,0.018,0
2026-09-29T10:28:16Z,2.832,18.674,0.4993,6.7302,50.212,43.863548,4.2663,46.098,10.251,53.0164,0.12529,21096.558958908732,0.016,0
2026-09-29T10:28:16Z,2.836,18.6738,0.519,6.8342,50.21,43.861345,4.2763,46.169,10.251,53.056,0.12478,21094.1280802033,0.015,0
2026-09-29T10:28:16Z,2.838,18.6737,0.5585,6.9643,50.181,43.83607,4.2908,46.226,10.251,53.1096,0.12533,21063.622533673664,0.015,0
2026-09-29T10:28:16Z,2.842,18.6738,0.5528,6.9361,50.154,43.811844,4.2999,46.212,10.251,53.1485,0.12466000000000001,21034.17450131844,0.015,0
2026-09-29T10:28:16Z,2.847,18.6737,0.5162,6.8012,50.166,43.822335,4.3022,46.135,10.25,53.1817,0.12456,21046.991125819903,0.015,0
2026-09-29T10:28:16Z,2.851,18.6735,0.5074,6.7334,50.182,43.835955,4.3109,46.054,10.25,53.081,0.12508,21063.722021134596,0.015,0
2026-09-29T10:28:16Z,2.855,18.6733,0.5381,6.7998,50.198,43.849577,4.3183,45.955,10.25,52.8779,0.12447,21080.464009909614,0.015,0
2026-09-29T10:28:16Z,2.858,18.6732,0.5957,6.9554,50.21,43.860086,4.3182,45.869,10.249,52.8766,0.12384,21093.3204935747,0.014,0
2026-09-29T10:28:16Z,2.863,18.6729,0.6129,6.9754,50.183,43.836068,4.3053,45.868,10.249,52.9787,0.12379,21064.577132446226,0.011,0
2026-09-29T10:28:16Z,2.867,18.6726,0.5794,6.8355,50.157,43.813082,4.3014,45.935,10.249,52.909,0.12374,21037.106897239155,0.01,0
2026-09-29T10:28:16Z,2.868,18.6723,0.5496,6.767,50.184,43.83607,4.2912,46.02,10.249,52.8084,0.12372,21065.298148806945,0.01,0
2026-09-29T10:28:16Z,2.868,18.672,0.5434,6.865,50.211,43.860108,4.2779,46.09,10.249,52.7944,0.12376,21094.786530120004,0.011,0
2026-09-29T10:28:16Z,2.869,18.6718,0.5625,6.9958,50.2,43.849816,4.2809,46.141,10.249,52.9105,0.12376,21082.551643368504,0.014,0
2026-09-29T10:28:16Z,2.872,18.6715,0.5564,6.9473,50.187,43.838588,4.2881,46.186,10.248,53.0948,0.12373,21069.306810011076,0.019,0
2026-09-29T10:28:16Z,2.878,18.6712,0.5193,6.7923,50.202,43.851302,4.2976,46.221,10.248,53.1297,0.12374,21085.071589933348,0.024,0
2026-09-29T10:28:16Z,2.887,18.671,0.4888,6.7266,50.232,43.87658,4.304,46.227,10.247,53.0747,0.12375,21115.961716608228,0.028,0
2026-09-29T10:28:16Z,2.897,18.6709,0.4786,6.8024,50.249,43.890315,4.308,46.172,10.247,53.1179,0.1237,21132.74739399814,0.029,0
2026-09-29T10:28:16Z,2.907,18.6707,0.4961,6.9227,50.25,43.890429,4.3127,46.065,10.247,53.2224,0.12368,21133.125536553784,0.027,0
2026-09-29T10:28:16Z,2.915,18.6702,0.4923,6.9164,50.237,43.877953,4.3161,45.982,10.247,53.3054,0.12372,21118.586632653783,0.024,0
2026-09-29T10:28:16Z,2.919,18.6695,0.4737,6.8285,50.224,43.866422,4.3185,45.949,10.248,53.346,0.12377,21105.44025934758,0.02,0
2026-09-29T10:28:16Z,2.921,18.6685,0.4872,6.7823,50.238,43.877955,4.3141,45.933,10.248,53.3698,0.12381,21120.631520067807,0.018,0
2026-09-29T10:28:16Z,2.923,18.6674,0.5235,6.8365,50.253,43.890441,4.2996,45.899,10.247,53.4217,0.12378,21137.10733985629,0.016,0
2026-09-29T10:28:16Z,2.927,18.6666,0.5625,6.9376,50.253,43.89044,4.2912,45.804,10.247,53.3711,0.1237,21138.06800655747,0.014,0
2026-09-29T10:28:16Z,2.933,18.666,0.5591,6.9117,50.238,43.877944,4.2906,45.639,10.247,53.1876,0.12367,21123.621794356863,0.014,0
2026-09-29T10:28:16Z,2.938,18.6655,0.5158,6.7962,50.225,43.866309,4.2892,45.436,10.247,53.1818,0.1237,21110.10561170125,0.014,0
2026-09-29T10:28:16Z,2.942,18.6656,0.4967,6.7713,50.237,43.876707,4.2883,45.219,10.246,53.3863,0.12374,21122.600806298396,0.013,0
2026-09-29T10:28:16Z,2.944,18.6658,0.5194,6.8842,50.237,43.876707,4.2799,45.001,10.245,53.51,0.12376,21122.360446618808,0.012,0
2026-09-29T10:28:16Z,2.945,18.6658,0.5399,6.9304,50.225,43.86631,4.2623,44.822,10.245,53.5592,0.12379,21109.74619614085,0.011,0
2026-09-29T10:28:16Z,2.948,18.6658,0.5287,6.8181,50.239,43.877955,4.243,44.705,10.246,53.6368,0.1238,21123.874585328347,0.011,0
2026-09-29T10:28:16Z,2.951,18.6658,0.5178,6.756,50.254,43.890555,4.2228,44.622,10.247,53.5883,0.12376,21139.16838336336,0.012,0
2026-09-29T10:28:16Z,2.954,18.6655,0.5168,6.7601,50.256,43.8917,4.2007,44.567,10.247,53.4027,0.12375,21140.91914543655,0.013,0
2026-09-29T10:28:16Z,2.957,18.6651,0.5248,6.7996,50.256,43.891804,4.1827,44.552,10.247,53.3717,0.12371,21141.52639597902,0.013,0
2026-09-29T10:28:16Z,2.961,18.6648,0.5388,6.8584,50.257,43.891813,4.1739,44.562,10.246,53.472,0.12363,21141.897958618276,0.013,0
2026-09-29T10:28:16Z,2.965,18.6642,0.5287,6.8223,50.257,43.891804,4.1661,44.578,10.245,53.4962,0.12361,21142.6085733826,0.013,0
2026-09-29T10:28:16Z,2.968,18.6639,0.5109,6.7724,50.257,43.89169,4.1596,44.584,10.245,53.493,0.1237,21142.830930558204,0.013,0
2026-09-29T10:28:16Z,2.971,18.6635,0.5066,6.8357,50.255,43.890442,4.1599,44.559,10.245,53.5192,0.12377,21141.796561137184,0.012,0
2026-09-29T10:28:16Z,2.973,18.6633,0.5093,6.9728,50.24,43.876716,4.1612,44.539,10.244,53.5538,0.12375,21125.374324569384,0.011,0
2026-09-29T10:28:16Z,2.976,18.6633,0.5028,6.9608,50.213,43.85268,4.1625,44.568,10.244,53.5682,0.12375,21096.215399890698,0.011,0
2026-09-29T10:28:16Z,2.98,18.6631,0.4771,6.7934,50.214,43.853721,4.1653,44.592,10.244,53.5211,0.12382,21097.717509716746,0.012,0
2026-09-29T10:28:16Z,2.983,18.6632,0.4574,6.7246,50.255,43.889297,4.1612,44.572,10.244,53.5006,0.12382,21140.766414876587,0.012,0
2026-09-29T10:28:16Z,2.985,18.6628,0.4724,6.8813,50.27,43.901973,4.1559,44.541,10.245,53.5776,0.12379,21156.642655527256,0.013,0
2026-09-29T10:28:16Z,2.988,18.6623,0.5005,7.1506,50.246,43.880034,4.1625,44.482,10.245,53.5917,0.12381,21130.60283088702,0.013,0
2026-09-29T10:28:16Z,2.992,18.6619,0.4966,7.2132,50.244,43.877944,4.167,44.361,10.245,53.5856,0.1238,21128.54657685954,0.014,0
2026-09-29T10:28:16Z,2.996,18.6616,0.467,7.0579,50.243,43.876697,4.1615,44.232,10.244,53.6761,0.1238,21127.393392628666,0.014,0
2026-09-29T10:28:16Z,3,18.6614,0.4592,6.9469,50.229,43.864958,4.1599,44.137,10.243,53.739,0.12383,21113.387877088415,0.014,0
2026-09-29T10:28:16Z,3.004,18.661,0.5023,6.9981,50.227,43.862963,4.1578,44.063,10.243,53.7439,0.12383,21111.447784495795,0.013,0
2026-09-29T10:28:16Z,3.007,18.6605,0.5551,7.1303,50.215,43.852575,4.1426,44.045,10.243,53.7356,0.12378,21099.447327711172,0.012,0
2026-09-29T10:28:16Z,3.009,18.6604,0.557,7.1453,50.23,43.86631,4.1287,44.083,10.244,53.7251,0.12375,21116.229257910192,0.011,0
2026-09-29T10:28:16Z,3.011,18.6606,0.534,7.0088,50.27,43.902076,4.1223,44.108,10.245,53.7889,0.12375,21159.41490358882,0.011,0
2026-09-29T10:28:16Z,3.014,18.6607,0.5428,6.8456,50.273,43.904175,4.1129,44.11,10.245,53.9047,0.12375,21161.844640617383,0.011,0
2026-09-29T10:28:16Z,3.017,18.661,0.5798,6.8126,50.258,43.89169,4.1097,44.085,10.244,53.9212,0.12377,21146.317057487904,0.01,0
2026-09-29T10:28:16Z,3.021,18.6611,0.6151,6.9169,50.242,43.878068,4.119,44.012,10.244,53.9013,0.12376,21129.657046119057,0.009,0
2026-09-29T10:28:16Z,3.024,18.6612,0.6035,6.9789,50.228,43.866424,4.1195,43.923,10.244,53.9227,0.12371,21115.40544899755,0.009,0
2026-09-29T10:28:16Z,3.024,18.6618,0.5472,7.0165,50.242,43.877852,4.1193,43.857,10.243,53.9218,0.12366,21128.55314198117,0.009,0
2026-09-29T10:28:16Z,3.025,18.6624,0.5087,7.0642,50.255,43.889297,4.1198,43.833,10.241,53.9756,0.12369,21141.726173006813,0.008,0
2026-09-29T10:28:16Z,3.027,18.6626,0.5218,7.0768,50.242,43.877852,4.1097,43.85,10.24,54.0581,0.12379,21127.591198211663,0.008,0
2026-09-29T10:28:16Z,3.03,18.6622,0.5636,7.0321,50.229,43.866425,4.1013,43.894,10.24,54.0585,0.12386,21114.204925845665,0.009,0
2026-09-29T10:28:16Z,3.033,18.6619,0.5644,6.8661,50.243,43.878081,4.0939,43.926,10.24,54.0669,0.12383,21128.710384010563,0.01,0
2026-09-29T10:28:16Z,3.036,18.6619,0.5311,6.7436,50.259,43.891826,4.092,43.926,10.241,54.0737,0.12378,21145.39817044667,0.011,0
2026-09-29T10:28:16Z,3.039,18.6619,0.5191,6.7451,50.276,43.905666,4.094,43.928,10.242,54.0539,0.1237,21162.209636855994,0.011,0
2026-09-29T10:28:16Z,3.041,18.6617,0.5114,6.7477,50.291,43.918466,4.0992,43.951,10.242,54.0863,0.12363,21178.00633906901,0.012,0
2026-09-29T10:28:16Z,3.044,18.6612,0.5124,6.7418,50.292,43.919638,4.1044,43.984,10.241,54.1204,0.12367,21180.033480650032,0.012,0
2026-09-29T10:28:16Z,3.047,18.661,0.5229,6.7414,50.293,43.919839,4.1012,44.017,10.24,54.1229,0.12376,21180.51870565265,0.012,0
2026-09-29T10:28:16Z,3.05,18.6611,0.5144,6.7426,50.295,43.920888,4.1013,44.03,10.241,54.1162,0.12374,21181.673275540263,0.012,0
2026-09-29T10:28:16Z,3.054,18.6605,0.5085,6.7564,50.309,43.932326,4.1047,44.026,10.241,54.1258,0.1237,21196.305246109452,0.012,0
2026-09-29T10:28:16Z,3.057,18.6598,0.5273,6.8402,50.308,43.931182,4.107,44.024,10.24,54.1528,0.12374,21195.757997740904,0.01,0
2026-09-29T10:28:16Z,3.061,18.6592,0.5582,6.9697,50.281,43.90705,4.1119,44.022,10.24,54.1847,0.12378,21167.14186307196,0.007,0
2026-09-29T10:28:16Z,3.064,18.6586,0.5578,6.9558,50.267,43.89445,4.1128,43.996,10.24,54.2529,0.1238,21152.554882179007,0.004,0
2026-09-29T10:28:16Z,3.064,18.6582,0.5222,6.8095,50.28,43.905791,4.1112,43.909,10.24,54.2891,0.12381,21166.81607165474,0.002,0
2026-09-29T10:28:16Z,3.062,18.6578,0.5024,6.7722,50.293,43.917229,4.1114,43.781,10.239,54.2785,0.12379,21181.201853101502,0.001,0
2026-09-29T10:28:16Z,3.059,18.6573,0.5176,6.8808,50.281,43.905791,4.1118,43.681,10.238,54.2965,0.12373,21167.900706424127,0.002,0
2026-09-29T10:28:16Z,3.059,18.6571,0.5568,6.9957,50.268,43.894448,4.1114,43.606,10.238,54.3344,0.12369,21154.35855294436,0.004,0
2026-09-29T10:28:16Z,3.06,18.657,0.5678,6.9655,50.282,43.907029,4.1033,43.524,10.238,54.3931,0.12366,21169.766642663813,0.009,0
2026-09-29T10:28:16Z,3.064,18.6566,0.5343,6.7883,50.31,43.930962,4.0867000000000004,43.438,10.238,54.4037,0.12365,21199.350385655533,0.013,0
2026-09-29T10:28:16Z,3.069,18.6563,0.5099,6.7324,50.309,43.929913,4.0789,43.357,10.238,54.3772,0.12375,21198.43592011909,0.016,0
2026-09-29T10:28:16Z,3.075,18.6562,0.5146,6.8695,50.268,43.894345,4.0736,43.287,10.237,54.4171,0.12385,21155.31585496667,0.016,0
2026-09-29T10:28:16Z,3.08,18.6561,0.5407,6.9776,50.253,43.881764,4.0647,43.196,10.237,54.456,0.12385,21140.154210298988,0.015,0
2026-09-29T10:28:16Z,3.085,18.656,0.5522,6.9805,50.279,43.904752,4.0574,43.066,10.237,54.4173,0.12381,21168.20230949467,0.014,0
2026-09-29T10:28:16Z,3.086,18.6561,0.5277,6.9728,50.295,43.918382,4.048,42.942,10.237,54.3786,0.12377,21184.651693516545,0.012,0
2026-09-29T10:28:16Z,3.087,18.6563,0.503,7.0212,50.296,43.919612,4.0438,42.865,10.237,54.4184,0.12372,21185.906183970135,0.01,0
2026-09-29T10:28:16Z,3.09,18.6564,0.5111,7.1214,50.296,43.919629,4.0362,42.813,10.235,54.4687,0.12365,21185.806098344874,0.009,0
2026-09-29T10:28:16Z,3.094,18.6563,0.5256,7.1601,50.295,43.91859,4.0219,42.758,10.235,54.4695,0.12362,21184.66299141151,0.009,0
2026-09-29T10:28:16Z,3.096,18.6564,0.5114,7.0787,50.282,43.907042,4.0082,42.725,10.235,54.4287,0.12364,21170.50307284358,0.01,0
2026-09-29T10:28:16Z,3.098,18.6565,0.4974,7.0253,50.282,43.906947,4.0023,42.745,10.235,54.4049,0.12367,21170.267061397924,0.011,0
2026-09-29T10:28:16Z,3.1,18.6565,0.498,7.0613,50.294,43.917448,3.9998,42.816,10.235,54.4402,0.12372,21183.03288391489,0.013,0
2026-09-29T10:28:16Z,3.103,18.6564,0.5186,7.1378,50.283,43.907061,3.9924,42.921,10.234,54.339,0.12377,21170.525793562938,0.014,0
2026-09-29T10:28:16Z,3.107,18.6561,0.5386,7.1658,50.285,43.908311,3.9883,43.011,10.234,53.9564,0.12375,21172.406454153417,0.016,0
2026-09-29T10:28:16Z,3.113,18.6558,0.5245,7.0916,50.313,43.932556,3.9906,43.063,10.234,53.6002,0.1237,21202.25187889484,0.016,0
2026-09-29T10:28:16Z,3.118,18.6557,0.5057,7.0267,50.329,43.946303,3.9971,43.101,10.234,53.4736,0.12371,21219.10140195734,0.015,0
2026-09-29T10:28:16Z,3.122,18.6555,0.5026,7.0984,50.332,43.947568,4.0094,43.124,10.234,53.372,0.12374,21220.882486978928,0.013,0
2026-09-29T10:28:16Z,3.125,18.6553,0.5199,7.2404,50.333,43.947848,4.0192,43.11,10.234,53.2316,0.12374,21221.464711835662,0.01,0
2026-09-29T10:28:16Z,3.127,18.655,0.5329,7.2072,50.336,43.949695,4.0217,43.063,10.234,53.0676,0.12373,21224.075531670016,0.008,0
2026-09-29T10:28:16Z,3.127,18.6541,0.5098,7.0383,50.359,43.969896,4.0259,43.006,10.234,52.8514,0.12378,21249.76646852465,0.008,0
2026-09-29T10:28:16Z,3.127,18.653,0.4894,6.975,50.395,44.001672,4.0293,42.957,10.234,52.6821,0.12383,21289.836964593713,0.009,0
2026-09-29T10:28:16Z,3.129,18.6521,0.5033,7.0562,50.412,44.016519,4.0279,42.909,10.233,52.5693,0.12378,21309.044537493934,0.01,0
2026-09-29T10:28:16Z,3.133,18.6518,0.5197,7.2346,50.419,44.022455,4.0224,42.826,10.233,52.4342,0.12374,21316.654398705752,0.012,0
2026-09-29T10:28:16Z,3.138,18.6518,0.5046,7.2874,50.406,44.009969,4.0164,42.708,10.232,52.3392,0.12377,21301.41390748231,0.012,0
2026-09-29T10:28:16Z,3.143,18.6521,0.4698,7.1141,50.387,43.992502,4.0118,42.618,10.231,52.2815,0.1238,21279.74190324376,0.012,0
2026-09-29T10:28:16Z,3.146,18.6525,0.4493,6.983,50.398,44.001683,4.0092,42.571,10.231,52.1664,0.12383,21290.455095803925,0.011,0
2026-09-29T10:28:16Z,3.148,18.6526,0.4638,7.0347,50.389,43.99403,4.0023,42.513,10.23,51.9796,0.12385,21280.999296166097,0.009,0
2026-09-29T10:28:16Z,3.149,18.6519,0.4959,7.193,50.354,43.963442,3.9873,42.44,10.23,51.8304,0.12381,21244.562703042106,0.009,0
2026-09-29T10:28:16Z,3.15,18.6508,0.4963,7.2235,50.337,43.949223,3.9783,42.376,10.231,51.8246,0.12375,21228.57368979686,0.009,0
2026-09-29T10:28:16Z,3.152,18.6498,0.4692,7.0956,50.337,43.949065,3.9779,42.321,10.231,51.8235,0.12375,21229.58960091958,0.01,0
2026-09-29T10:28:16Z,3.155,18.6495,0.4592,7.0473,50.352,43.961538,3.9718,42.259,10.23,51.7307,0.12384,21245.14499408512,0.012,0
2026-09-29T10:28:16Z,3.159,18.6496,0.4752,7.1178,50.365,43.973068,3.9633,42.158,10.229,51.649,0.12383,21259.07419001625,0.013,0
2026-09-29T10:28:16Z,3.163,18.6497,0.4959,7.2312,50.352,43.961527,3.9582,42.015,10.229,51.6109,0.12376,21244.889227567273,0.014,0
2026-09-29T10:28:16Z,3.167,18.65,0.4853,7.2221,50.337,43.948952,3.9527,41.865,10.229,51.5278,0.12379,21229.209314699157,0.015,0
2026-09-29T10:28:16Z,3.171,18.6502,0.4552,7.111,50.336,43.947978,3.9489,41.745,10.229,51.418,0.12379,21227.781386427912,0.015,0
2026-09-29T10:28:16Z,3.174,18.65,0.4483,7.0825,50.338,43.949748,3.9396,41.663,10.228,51.4022,0.12375,21230.178292669974,0.016,0
2026-09-29T10:28:16Z,3.177,18.6499,0.4683,7.1169,50.362,43.970357,3.9247,41.626,10.227,51.5089,0.12375,21255.40595342042,0.017,0
2026-09-29T10:28:16Z,3.182,18.65,0.4966,7.185,50.405,44.00672,3.9093,41.666,10.226,51.6749,0.1238,21299.62916791176,0.019,0
2026-09-29T10:28:16Z,3.187,18.6499,0.4913,7.1885,50.408,44.008556,3.8978,41.786,10.226,51.8618,0.1238,21301.990648893967,0.02,0
2026-09-29T10:28:16Z,3.193,18.6498,0.4547,7.1255,50.39,43.99256,3.891,41.937,10.226,51.9613,0.1238,21282.595871350204,0.021,0
2026-09-29T10:28:16Z,3.2,18.6495,0.4364,7.1066,50.403,44.003734,3.8853,42.069,10.226,52.0175,0.12381,21296.59062543746,0.021,0
2026-09-29T10:28:16Z,3.205,18.649,0.4539,7.1311,50.418,44.016713,3.8887,42.155,10.226,52.1967,0.12382,21313.037511277074,0.02,0
2026-09-29T10:28:16Z,3.21,18.6484,0.4913,7.1829,50.426,44.022537,3.9025,42.189,10.225,52.3216,0.12383,21320.876213974938,0.019,0
2026-09-29T10:28:16Z,3.214,18.6477,0.4963,7.1512,50.413,44.010676,3.9181,42.18,10.224,52.3228,0.12383,21307.24464383371,0.018,0
2026-09-29T10:28:16Z,3.218,18.6472,0.4651,7.0557,50.403,44.000247,3.9315,42.139,10.224,52.2977,0.12378,21295.1230575433,0.017,0
2026-09-29T10:28:16Z,3.221,18.6468,0.4469,7.0178,50.431,44.023392,3.9396,42.056,10.223,52.3626,0.1237,21323.861968570403,0.017,0
2026-09-29T10:28:16Z,3.226,18.6461,0.4592,7.0698,50.448,44.036621,3.9428,41.946,10.222,52.5049,0.12366,21340.87191161067,0.018,0
2026-09-29T10:28:16Z,3.232,18.6456,0.4882,7.137,50.446,44.033241,3.9407,41.844,10.222,52.5553,0.12375,21337.349243565885,0.018,0
2026-09-29T10:28:16Z,3.237,18.6449,0.4898,7.0787,50.463,44.045988,3.9383,41.757,10.222,52.5414,0.12391,21353.777356290724,0.019,0
2026-09-29T10:28:16Z,3.241,18.6433,0.4625,6.9805,50.485,44.063796,3.9301,41.68,10.222,52.509,0.12396,21377.49962729549,0.019,0
2026-09-29T10:28:16Z,3.246,18.6414,0.4324,7.0428,50.481,44.058126,3.9179,41.599,10.222,52.595,0.12386,21372.876362630603,0.019,0
2026-09-29T10:28:16Z,3.251,18.6395,0.417,7.2165,50.462,44.040905,3.9092,41.512,10.221,52.7207,0.12378,21354.128587217947,0.02,0
2026-09-29T10:28:16Z,3.255,18.6375,0.4347,7.236,50.468,44.046004,3.9007,41.413,10.221,52.6515,0.12381,21362.795414229186,0.022,0
2026-09-29T10:28:16Z,3.26,18.6361,0.4382,7.0749,50.48,44.056297,3.8946,41.282,10.221,52.532,0.12384,21377.08919515691,0.026,0
2026-09-29T10:28:16Z,3.265,18.6344,0.4097,6.9765,50.46,44.0384,3.8872,41.107,10.221,52.4809,0.1238,21357.267082424692,0.031,0
2026-09-29T10:28:16Z,3.274,18.633,0.4066,7.0369,50.441,44.020043,3.8787,40.882,10.22,52.4644,0.12375,21336.527951167536,0.036,0
2026-09-29T10:28:16Z,3.285,18.6331,0.4504,7.1895,50.447,44.024778,3.8712,40.662,10.219,52.5039,0.12365,21342.192838547053,0.038,0
2026-09-29T10:28:16Z,3.299,18.6332,0.4981,7.2854,50.457,44.032166,3.8582,40.525,10.219,52.6145,0.12366,21351.101890742466,0.038,0
2026-09-29T10:28:16Z,3.312,18.6324,0.4921,7.2049,50.474,44.045891,3.8433,40.424,10.219,52.7689,0.12377,21368.859044850284,0.033,0
2026-09-29T10:28:16Z,3.321,18.6311,0.4452,7.0696,50.496,44.063779,3.8213,40.318,10.219,52.8229,0.12374,21392.331070601445,0.027,0
2026-09-29T10:28:16Z,3.326,18.63,0.4132,7.0851,50.49,44.058013,3.7942,40.242,10.218,52.7507,0.12368,21386.61290613263,0.021,0
2026-09-29T10:28:16Z,3.326,18.6287,0.413,7.1871,50.47,44.039658,3.7867,40.214,10.217,52.7566,0.12371,21365.73616207151,0.016,0
2026-09-29T10:28:16Z,3.325,18.6276,0.4266,7.2096,50.462,44.03227,3.7786,40.222,10.217,52.8082,0.12376,21358.038011305063,0.013,0
2026-09-29T10:28:16Z,3.328,18.6267,0.4189,7.1861,50.463,44.032166,3.7661,40.239,10.217,52.7731,0.12378,21359.00544098572,0.013,0
2026-09-29T10:28:16Z,3.334,18.6259,0.3951,7.2106,50.47,44.0384,3.759,40.242,10.216,52.7621,0.1238,21367.60412674903,0.014,0
2026-09-29T10:28:16Z,3.341,18.6253,0.3885,7.3353,50.477,44.044166,3.7568,40.226,10.215,52.8464,0.12384,21375.38902493313,0.016,0
2026-09-29T10:28:16Z,3.346,18.6246,0.4053,7.4641,50.47,44.0384,3.7587,40.209,10.215,52.9315,0.12378,21369.185579713692,0.016,0
2026-09-29T10:28:16Z,3.348,18.6241,0.4158,7.3671,50.463,44.032167,3.7609,40.196,10.215,52.9307,0.12371,21362.168555013493,0.015,0
2026-09-29T10:28:16Z,3.35,18.6242,0.3985,7.1191,50.463,44.03228,3.7621000000000002,40.194,10.215,52.9236,0.12369,21362.185047921637,0.014,0
2026-09-29T10:28:16Z,3.353,18.624,0.3881,6.993,50.472,44.039772,3.7588,40.217,10.215,53.0178,0.12364,21371.594316943945,0.014,0
2026-09-29T10:28:16Z,3.357,18.6239,0.3899,7.0382,50.494,44.059275,3.7581,40.266,10.215,53.1231,0.12365,21395.58832297533,0.014,0
2026-09-29T10:28:16Z,3.362,18.6241,0.4035,7.1881,50.516,44.07765,3.7559,40.304,10.214,53.1639,0.12374,21417.851020040227,0.014,0
2026-09-29T10:28:16Z,3.367,18.6241,0.4195,7.1994,50.51,44.071511,3.7559,40.289,10.213,53.167,0.12374,21410.329576175856,0.013,0
2026-09-29T10:28:16Z,3.37,18.6241,0.3995,7.0036,50.484,44.048524,3.757,40.199,10.213,53.16,0.12368,21382.1821013213,0.012,0
2026-09-29T10:28:16Z,3.372,18.6239,0.3787,6.9051,50.49,44.053622,3.7635,40.047,10.213,53.1661,0.12371,21388.666082743683,0.011,0
2026-09-29T10:28:16Z,3.374,18.6233,0.4009,7.0336,50.509,44.069682,3.7687,39.91,10.212,53.1546,0.12376,21409.064278183654,0.009,0
2026-09-29T10:28:16Z,3.376,18.6226,0.4429,7.224,50.489,44.052271,3.7677,39.813,10.212,53.1072,0.12375,21388.5956885289,0.009,0
2026-09-29T10:28:16Z,3.377,18.6221,0.4544,7.2268,50.468,44.033531,3.7605,39.732,10.212,53.023,0.12372,21366.26923330299,0.01,0
2026-09-29T10:28:16Z,3.38,18.6215,0.4234,7.0671,50.468,44.033531,3.7412,39.679,10.211,52.997,0.1237,21366.99927297515,0.013,0
2026-09-29T10:28:16Z,3.384,18.6211,0.3919,7.0008,50.49,44.052271,3.7281,39.646,10.211,53.1375,0.12371,21390.422837899758,0.017,0
2026-09-29T10:28:16Z,3.388,18.6211,0.3989,7.1765,50.51,44.069683,3.7215,39.601,10.211,53.3447,0.12374,21411.7479678624,0.022,0
2026-09-29T10:28:16Z,3.393,18.6208,0.4324,7.4497,50.491,44.053624,3.7122,39.545,10.211,53.4371,0.12377,21392.444515818304,0.025,0
2026-09-29T10:28:16Z,3.401,18.6206,0.439,7.4692,50.486,44.048535,3.7073,39.478,10.211,53.3951,0.1238,21386.45701676348,0.026,0
2026-09-29T10:28:16Z,3.411,18.6206,0.4122,7.275,50.513,44.071626,3.7067,39.407,10.211,53.3529,0.12378,21414.736851378955,0.026,0
2026-09-29T10:28:16Z,3.42,18.6204,0.3913,7.1851,50.522,44.078921,3.7012,39.367,10.211,53.3573,0.12372,21423.919692108433,0.024,0
2026-09-29T10:28:16Z,3.425,18.6203,0.4033,7.2703,50.517,44.073252,3.6963,39.348,10.209,53.3614,0.12366,21417.094238272515,0.021,0
2026-09-29T10:28:16Z,3.428,18.6201,0.4399,7.4172,50.511,44.06656,3.6911,39.358,10.208,53.3168,0.12366,21409.139003134962,0.017,0
2026-09-29T10:28:16Z,3.43,18.6194,0.4433,7.4243,50.506,44.061481,3.6808,39.413,10.209,53.2478,0.12371,21403.770873558366,0.014,0
2026-09-29T10:28:16Z,3.432,18.6184,0.4112,7.3231,50.522,44.075312,3.6793,39.471,10.21,53.3022,0.12377,21421.93676735732,0.013,0
2026-09-29T10:28:16Z,3.436,18.6175,0.3935,7.2866,50.559,44.106841,3.6775,39.502,10.209,53.3713,0.1238,21461.699838346765,0.013,0
2026-09-29T10:28:16Z,3.441,18.6165,0.4039,7.3233,50.581,44.125306,3.6758,39.493,10.209,53.3094,0.1238,21485.588092209728,0.014,0
2026-09-29T10:28:16Z,3.445,18.6157,0.4369,7.4253,50.562,44.108151,3.6848,39.437,10.209,53.3279,0.12376,21465.50800860734,0.015,0
2026-09-29T10:28:16Z,3.448,18.6151,0.4424,7.427,50.542,44.089847,3.6902,39.346,10.208,53.4233,0.12371,21443.785348878577,0.015,0
2026-09-29T10:28:16Z,3.451,18.6149,0.4044,7.2752,50.548,44.094427,3.6939,39.256,10.207,53.4304,0.12374,21449.647170805714,0.015,0
2026-09-29T10:28:16Z,3.455,18.614,0.3767,7.1963,50.555,44.100042,3.6932,39.183,10.207,53.3276,0.12377,21457.635540473628,0.014,0
2026-09-29T10:28:16Z,3.459,18.6127,0.39,7.2589,50.548,44.094262,3.6879,39.116,10.206,53.1266,0.12371,21452.133028372253,0.014,0
2026-09-29T10:28:16Z,3.463,18.6126,0.433,7.3143,50.542,44.088018,3.6777,39.069,10.207,52.8941,0.12369,21444.59557400255,0.015,0
2026-09-29T10:28:16Z,3.466,18.6123,0.4467,7.2856,50.543,44.088018,3.6683,39.041,10.208,52.6665,0.12375,21444.961936565847,0.015,0
2026-09-29T10:28:16Z,3.47,18.6114,0.4139,7.2529,50.55,44.094272,3.6637,39.05,10.206,52.5262,0.12382,21453.73362840758,0.014,0
2026-09-29T10:28:16Z,3.474,18.6109,0.3867,7.2262,50.557,44.100153,3.655,39.094,10.205,52.4879,0.12382,21461.561015724667,0.014,0
2026-09-29T10:28:16Z,3.478,18.6104,0.3841,7.2021,50.552,44.095646,3.6522,39.129,10.205,52.3757,0.12377,21456.641473185275,0.013,0
2026-09-29T10:28:16Z,3.481,18.6105,0.3984,7.2012,50.562,44.103252,3.6484,39.145,10.205,52.2021,0.12372,21465.85313569771,0.012,0
2026-09-29T10:28:16Z,3.484,18.6106,0.4097,7.2155,50.593,44.128642,3.6484,39.149,10.205,52.196,0.12369,21496.90755464357,0.011,0
2026-09-29T10:28:16Z,3.487,18.6102,0.3967,7.2383,50.617,44.148725,3.656,39.157,10.205,52.388,0.12373,21522.078410917493,0.01,0
2026-09-29T10:28:16Z,3.489,18.6096,0.3823,7.2721,50.627,44.155637,3.6582,39.161,10.205,52.5438,0.12377,21531.313066125076,0.009,0
2026-09-29T10:28:16Z,3.491,18.6085,0.3938,7.419,50.62,44.148736,3.6602,39.122,10.205,52.5313,0.1238,21524.176694235557,0.008,0
2026-09-29T10:28:16Z,3.493,18.6071,0.4268,7.5796,50.598,44.128768,3.6598,39.049,10.204,52.4956,0.12385,21501.349680071162,0.008,0
2026-09-29T10:28:16Z,3.495,18.6056,0.4399,7.5397,50.571,44.104638,3.6603,38.973,10.204,52.5421,0.12385,21473.548368232037,0.009,0
2026-09-29T10:28:16Z,3.497,18.604,0.4192,7.4489,50.579,44.11088,3.6635,38.89,10.204,52.6627,0.12383,21483.17164832543,0.009,0
2026-09-29T10:28:16Z,3.499,18.6029,0.4016,7.5064,50.614,44.140769,3.6592,38.801,10.204,52.7492,0.12378,21521.249244817747,0.01,0
2026-09-29T10:28:16Z,3.502,18.602,0.4106,7.6545,50.624,44.148633,3.6503,38.72,10.204,52.7282,0.1237,21532.024122844054,0.011,0
2026-09-29T10:28:16Z,3.506,18.6015,0.4363,7.702,50.619,44.142483,3.6444,38.631,10.203,52.8385,0.12369,21525.073763833272,0.011,0
2026-09-29T10:28:16Z,3.509,18.6013,0.4302,7.603,50.605,44.129892,3.6367,38.517,10.202,53.0509,0.12374,21509.8384338588,0.01,0
2026-09-29T10:28:16Z,3.511,18.6007,0.394,7.4479,50.599,44.123346,3.6272,38.395,10.201,53.1458,0.12377,21502.528127503276,0.008,0
2026-09-29T10:28:16Z,3.513,18.5994,0.3819,7.3645,50.603,44.126805,3.6206,38.275,10.202,53.2108,0.12377,21508.37283222527,0.007,0
2026-09-29T10:28:16Z,3.515,18.5983,0.4089,7.449,50.58,44.108238,3.6136,38.157,10.202,53.2348,0.12377,21486.904569659735,0.006,0
2026-09-29T10:28:16Z,3.515,18.5973,0.445,7.4779,50.557,44.08929,3.6018,38.053,10.202,53.1777,0.12386,21464.85865445018,0.006,0
2026-09-29T10:28:16Z,3.516,18.5964,0.4441,7.3379,50.554,44.088135,3.5896,37.95,10.201,53.1231,0.12389,21464.54156909063,0.006,0
2026-09-29T10:28:16Z,3.517,18.5966,0.4149,7.2255,50.559,44.094283,3.5798,37.851,10.201,53.0906,0.12381,21471.84564121641,0.006,0
2026-09-29T10:28:16Z,3.519,18.5976,0.4001,7.2803,50.564,44.100143,3.5666,37.792,10.201,53.1283,0.12374,21477.818112754052,0.007,0
2026-09-29T10:28:16Z,3.521,18.5992,0.4144,7.4536,50.557,44.095522,3.5584,37.777,10.201,53.2351,0.12372,21470.18521983878,0.008,0
2026-09-29T10:28:16Z,3.524,18.6003,0.4223,7.4768,50.562,44.101879,3.5489,37.804,10.2,53.3496,0.1237,21476.644937299614,0.008,0
2026-09-29T10:28:16Z,3.526,18.6014,0.3955,7.3216,50.575,44.113534,3.5369,37.88,10.2,53.3935,0.12369,21489.61346761358,0.008,0
2026-09-29T10:28:16Z,3.528,18.6037,0.3817,7.2512,50.57,44.109486,3.5322,38.013,10.2,53.3365,0.12374,21481.82498244346,0.009,0
2026-09-29T10:28:16Z,3.529,18.6061,0.389,7.3422,50.578,44.116406,3.5304,38.207,10.2,53.3481,0.12376,21487.385607560307,0.009,0
2026-09-29T10:28:16Z,3.532,18.6073,0.4001,7.4658,50.598,44.133732,3.5327,38.434,10.2,53.4483,0.1237,21507.202224626297,0.009,0
2026-09-29T10:28:16Z,3.535,18.6075,0.4078,7.4477,50.592,44.128538,3.5396,38.659,10.199,53.5156,0.12367,21500.574396065967,0.01,0
2026-09-29T10:28:16Z,3.537,18.6079,0.3904,7.3277,50.58,44.117093,3.5513,38.856,10.199,53.56,0.12374,21486.024940623483,0.01,0
2026-09-29T10:28:16Z,3.54,18.6078,0.3812,7.2788,50.588,44.122296,3.5709,38.995,10.199,53.5542,0.12379,21492.537972491424,0.011,0
2026-09-29T10:28:16Z,3.543,18.6075,0.3958,7.3348,50.595,44.127967,3.5933,39.062,10.2,53.5308,0.1238,21499.87231299383,0.011,0
2026-09-29T10:28:16Z,3.546,18.6073,0.4178,7.4248,50.589,44.122182,3.6149,39.068,10.2,53.536,0.1238,21493.009999620386,0.011,0
2026-09-29T10:28:16Z,3.549,18.6066,0.4311,7.4098,50.583,44.115833,3.6346,39.022,10.199,53.5313,0.12379,21486.068355641266,0.011,0
2026-09-29T10:28:16Z,3.552,18.6053,0.4148,7.2913,50.582,44.114679,3.6483,38.931,10.199,53.5598,0.12377,21486.24258224299,0.01,0
2026-09-29T10:28:16Z,3.554,18.6042,0.3951,7.2204,50.576,44.108227,3.6539,38.819,10.199,53.6222,0.12372,21479.665119007168,0.009,0
2026-09-29T10:28:16Z,3.557,18.6038,0.4095,7.3048,50.569,44.101304,3.6543,38.703,10.198,53.6835,0.12363,21471.653661760418,0.008,0
2026-09-29T10:28:16Z,3.559,18.6033,0.4471,7.4572,50.564,44.094441,3.6503,38.594,10.198,53.6987,0.12363,21463.83995242239,0.008,0
2026-09-29T10:28:16Z,3.56,18.6026,0.4502,7.4574,50.559,44.088718,3.6401,38.508,10.198,53.7204,0.12371,21457.671540333307,0.007,0
2026-09-29T10:28:16Z,3.561,18.6016,0.4225,7.3421,50.568,44.095585,3.6298,38.458,10.198,53.7735,0.12376,21467.32373781173,0.007,0
2026-09-29T10:28:16Z,3.564,18.6005,0.4117,7.2589,50.59,44.113998,3.6182,38.408,10.197,53.7379,0.12374,21491.283458627862,0.007,0
2026-09-29T10:28:16Z,3.566,18.5986,0.4192,7.271,50.599,44.120913,3.6084,38.323,10.197,53.7199,0.12374,21502.10818912967,0.007,0
2026-09-29T10:28:16Z,3.568,18.5964,0.4382,7.3858,50.593,44.115719,3.5989,38.257,10.197,53.8147,0.12374,21498.420671484113,0.006,0
2026-09-29T10:28:16Z,3.57,18.5953,0.4332,7.417,50.59,44.114669,3.5958,38.227,10.197,53.8515,0.12372,21498.478009110873,0.004,0
2026-09-29T10:28:16Z,3.57,18.595,0.4015,7.3064,50.581,44.108227,3.5948,38.237,10.197,53.907,0.12374,21490.929352108673,0.002,0
2026-09-29T10:28:16Z,3.57,18.5944,0.3875,7.2441,50.572,44.101299,3.5818,38.296,10.197,54.0556,0.12374,21483.152499768166,0.001,0
2026-09-29T10:28:16Z,3.57,18.5942,0.4055,7.3135,50.562,44.094379000000004,3.5762,38.354,10.197,54.099,0.12373,21474.897542700248,-0.001,0
2026-09-29T10:28:16Z,3.57,18.5954,0.4355,7.4273,50.553,44.08804,3.5741,38.366,10.196,54.088,0.12376,21465.645031142412,-0.003,0
2026-09-29T10:28:16Z,3.57,18.5972,0.4265,7.4247,50.551,44.088134,3.5725,38.346,10.195,54.008,0.12378,21463.55838128235,-0.003,0
2026-09-29T10:28:16Z,3.569,18.5987,0.3872,7.3164,50.559,44.095521,3.5814,38.333,10.195,53.9069,0.1238,21470.7928497733,-0.002,0
2026-09-29T10:28:16Z,3.566,18.6,0.3763,7.2445,50.579,44.113878,3.5881,38.315,10.195,53.9843,0.12383,21491.74832096629,-0.001,0
2026-09-29T10:28:16Z,3.565,18.6016,0.403,7.3079,50.584,44.119653,3.5888,38.269,10.194,54.0837,0.12382,21496.884009927962,0.001,0
2026-09-29T10:28:16Z,3.565,18.6033,0.4352,7.4684,50.562,44.101878,3.5841,38.244,10.194,54.0759,0.12381,21472.969734962568,0.003,0
2026-09-29T10:28:16Z,3.568,18.6042,0.4332,7.5451,50.548,44.089393,3.5835,38.284,10.194,54.0611,0.12378,21456.543045879884,0.005,0
2026-09-29T10:28:16Z,3.571,18.6049,0.4041,7.5173,50.556,44.095646,3.5845,38.364,10.194,54.0779,0.12379,21463.3613208594,0.008,0
2026-09-29T10:28:16Z,3.573,18.6059,0.3914,7.4742,50.578,44.114003,3.5766,38.431,10.194,54.1073,0.12385,21484.67636805509,0.01,0
2026-09-29T10:28:16Z,3.574,18.6072,0.4117,7.5364,50.588,44.120913,3.5727,38.459,10.194,54.1583,0.12382,21491.571861222208,0.011,0
2026-09-29T10:28:16Z,3.577,18.6078,0.4417,7.6199,50.583,44.115718,3.5776,38.476,10.193,54.1775,0.12374,21484.456227478368,0.013,0
2026-09-29T10:28:16Z,3.581,18.6069,0.4389,7.5626,50.582,44.114669,3.5871,38.514,10.193,54.1679,0.12374,21484.26951898403,0.013,0
2026-09-29T10:28:16Z,3.585,18.6048,0.4022,7.4917,50.574,44.108237,3.5951,38.554,10.194,54.1288,0.12376,21478.941095205617,0.013,0
2026-09-29T10:28:16Z,3.59,18.6029,0.3817,7.4801,50.566,44.101422,3.5961,38.565,10.194,54.0487,0.12376,21472.89774446031,0.012,0
2026-09-29T10:28:16Z,3.594,18.6023,0.4065,7.5596,50.56,44.095751,3.5959,38.53,10.194,54.0593,0.12375,21466.66910509347,0.011,0
2026-09-29T10:28:16Z,3.595,18.6029,0.4444,7.6323,50.569,44.103138,3.6012,38.481,10.193,54.1704,0.12375,21475.004467210518,0.01,0
2026-09-29T10:28:16Z,3.596,18.6035,0.4397,7.5736,50.598,44.12726,3.6053,38.44,10.193,54.2736,0.1238,21503.9017042054,0.009,0
2026-09-29T10:28:16Z,3.598,18.6032,0.4084,7.533,50.608,44.133503,3.608,38.379,10.193,54.2744,0.12383,21511.942448491864,0.009,0
2026-09-29T10:28:16Z,3.6,18.6025,0.3991,7.5518,50.589,44.115138,3.6029,38.301,10.193,54.1806,0.1238,21490.232174395333,0.011,0
2026-09-29T10:28:16Z,3.603,18.6023,0.4189,7.5614,50.569,44.095637,3.5964,38.221,10.192,54.1722,0.12378,21466.528652490844,0.014,0
2026-09-29T10:28:16Z,3.606,18.6011,0.4478,7.5132,50.562,44.088145,3.5958,38.146,10.191,54.2582,0.12379,21458.799646637442,0.018,0
2026-09-29T10:28:16Z,3.61,18.599,0.4413,7.3784,50.564,44.088033,3.589,38.102,10.192,54.2743,0.12377,21461.230249018183,0.02,0
2026-09-29T10:28:16Z,3.616,18.5973,0.4057,7.2629,50.573,44.094276,3.5812,38.103,10.192,54.2806,0.12373,21470.974409375158,0.02,0
2026-09-29T10:28:16Z,3.624,18.5958,0.3927,7.3472,50.581,44.100156,3.5746000000000002,38.127,10.192,54.335,0.12372,21480.031102771078,0.019,0
2026-09-29T10:28:16Z,3.631,18.5939,0.4089,7.5784,50.577,44.095638,3.566,38.155,10.191,54.3293,0.12375,21476.80715739982,0.016,0
2026-09-29T10:28:16Z,3.635,18.5917,0.4346,7.6673,50.586,44.10313,3.5612,38.161,10.191,54.2976,0.12378,21488.70451553468,0.013,0
2026-09-29T10:28:16Z,3.636,18.59,0.4375,7.567,50.615,44.127263,3.5632,38.143,10.191,54.2971,0.12377,21520.45554785296,0.011,0
2026-09-29T10:28:16Z,3.636,18.5889,0.4105,7.4243,50.623,44.133515,3.565,38.109,10.192,54.3226,0.12377,21529.49590938598,0.009,0
2026-09-29T10:28:16Z,3.637,18.588,0.3907,7.3773,50.604,44.115253,3.5698,38.057,10.191,54.2612,0.12379,21508.139443189764,0.009,0
2026-09-29T10:28:16Z,3.639,18.5874,0.4069,7.4418,50.584,44.096887,3.5698,37.991,10.19,53.9857,0.12374,21486.300052704748,0.012,0
2026-09-29T10:28:16Z,3.643,18.5867,0.4396,7.4188,50.592,44.101882,3.5676,37.901,10.19,53.7447,0.12368,21493.295578306457,0.016,0
2026-09-29T10:28:16Z,3.648,18.5858,0.4205,7.271,50.606,44.112165,3.5656,37.8,10.19,53.756100000000004,0.12365,21507.039253388513,0.017,0
2026-09-29T10:28:16Z,3.654,18.5847,0.358,7.1914,50.587,44.094257,3.5592,37.716,10.189,53.8653,0.12365,21486.374494938376,0.017,0
2026-09-29T10:28:16Z,3.66,18.5834,0.3341,7.276,50.568,44.075791,3.555,37.681,10.188,53.9468,0.1237,21465.28035470298,0.015,0
2026-09-29T10:28:16Z,3.665,18.5817,0.3563,7.4063,50.573,44.079325,3.5451,37.685,10.188,54.0538,0.12372,21471.701240158854,0.011,0
2026-09-29T10:28:16Z,3.668,18.5802,0.3683,7.4001,50.568,44.073498,3.5357,37.688,10.188,54.126,0.12372,21466.379440314347,0.006,0
2026-09-29T10:28:16Z,3.668,18.5784,0.3529,7.2696,50.563,44.068814,3.5257,37.672,10.188,54.1312,0.12373,21462.829028027056,0.002,0
2026-09-29T10:28:16Z,3.666,18.5763,0.3452,7.1952,50.582,44.086168,3.5232,37.651,10.188,54.203,0.12371,21486.72207415345,-0.001,0
2026-09-29T10:28:16Z,3.662,18.5747,0.3512,7.2857,50.589,44.092893,3.5262,37.669,10.187,54.22,0.12372,21496.949995783474,-0.002,0
2026-09-29T10:28:16Z,3.66,18.5736,0.3667,7.4414,50.581,44.08665,3.5261,37.718,10.187,54.1635,0.12379,21490.622974418115,0,0
2026-09-29T10:28:16Z,3.661,18.5734,0.3742,7.4393,50.567,44.074164,3.5257,37.754,10.187,54.2087,0.1238,21475.521997249245,0.004,0
2026-09-29T10:28:16Z,3.663,18.5743,0.3588,7.294,50.561,44.068874,3.52,37.771,10.187,54.2506,0.12374,21467.920657666047,0.009,0
2026-09-29T10:28:16Z,3.666,18.5754,0.3469,7.2218,50.581,44.086172,3.5225,37.795,10.187,54.2399,0.12373,21487.829624635386,0.014,0
2026-09-29T10:28:16Z,3.67,18.5753,0.3722,7.3518,50.589,44.092882,3.5296,37.831,10.187,54.2513,0.12376,21496.20051861258,0.018,0
2026-09-29T10:28:16Z,3.676,18.5752,0.4313,7.6016,50.583,44.086525,3.5326,37.847,10.187,54.2158,0.12382,21488.50785960885,0.021,0
2026-09-29T10:28:16Z,3.682,18.5754,0.4463,7.6799,50.568,44.07278,3.5333,37.845,10.187,54.155,0.12388,21471.37160824234,0.026,0
2026-09-29T10:28:16Z,3.688,18.5758,0.4202,7.5467,50.548,44.053653,3.5344,37.832,10.187,54.2042,0.12388,21447.391403829803,0.028,0
2026-09-29T10:28:16Z,3.696,18.5758,0.415,7.4597,50.541,44.045685,3.5404,37.792,10.186,54.209,0.12381,21437.61006104713,0.028,0
2026-09-29T10:28:16Z,3.706,18.5747,0.426,7.5516,50.536,44.039919,3.5415,37.746,10.185,54.1273,0.12377,21431.877180376454,0.026,0
2026-09-29T10:28:16Z,3.717,18.5729,0.444,7.7007,50.547,44.0474,3.5398,37.686,10.185,54.1623,0.12376,21443.25850981113,0.022,0
2026-09-29T10:28:16Z,3.723,18.5716,0.4413,7.6913,50.578,44.072666,3.5414,37.581,10.186,54.2027,0.12373,21475.88131851098,0.018,0
2026-09-29T10:28:16Z,3.723,18.5701,0.4183,7.5404,50.6,44.091499,3.5354,37.466,10.186,54.0125,0.12372,21500.870938428838,0.014,0
2026-09-29T10:28:16Z,3.722,18.5679,0.3909,7.3797,50.593,44.084674,3.5315,37.38,10.186,53.5844,0.12376,21495.17518704667,0.011,0
2026-09-29T10:28:16Z,3.722,18.5659,0.3682,7.3195,50.558,44.053632,3.5289,37.32,10.186,53.1561,0.12376,21459.473073744797,0.01,0
2026-09-29T10:28:16Z,3.726,18.5646,0.3771,7.3929,50.535,44.033551,3.5165,37.285,10.185,52.8779,0.12376,21436.402842328134,0.012,0
2026-09-29T10:28:16Z,3.731,18.5637,0.3732,7.3787,50.534,44.032303,3.504,37.255,10.184,52.7157,0.12376,21435.97045800549,0.015,0
2026-09-29T10:28:16Z,3.735,18.5633,0.3367,7.2503,50.541,44.038536,3.4975,37.222,10.184,52.5716,0.12374,21444.11201234236,0.017,0
2026-09-29T10:28:16Z,3.739,18.5631,0.3192,7.2072,50.55,44.045446,3.4905,37.232,10.184,52.4266,0.12376,21452.842581816025,0.017,0
2026-09-29T10:28:16Z,3.744,18.5628,0.3364,7.3018,50.559,44.052373,3.4886,37.272,10.185,52.2525,0.1238,21461.71860106183,0.016,0
2026-09-29T10:28:16Z,3.749,18.5622,0.37,7.472,50.567,44.058816,3.4875,37.305,10.185,52.0152,0.12376,21470.369496170857,0.015,0
2026-09-29T10:28:16Z,3.752,18.5619,0.3764,7.488,50.569,44.059865,3.4802,37.335,10.184,51.7945,0.12371,21472.025730072284,0.014,0
2026-09-29T10:28:16Z,3.755,18.5615,0.3467,7.3254,50.576,44.06506,3.483,37.362,10.184,51.6494,0.12372,21478.900745693565,0.013,0
2026-09-29T10:28:16Z,3.758,18.5606,0.327,7.2469,50.568,44.058141,3.4888,37.382,10.184,51.6371,0.12372,21471.49850192378,0.012,0
2026-09-29T10:28:16Z,3.761,18.5598,0.346,7.3247,50.548,44.039691,3.4905,37.386,10.184,51.6456,0.12368,21449.809291614027,0.011,0
2026-09-29T10:28:16Z,3.763,18.5592,0.3853,7.4462,50.54,44.032407,3.4939,37.362,10.184,51.5802,0.12368,21441.597439833033,0.011,0
2026-09-29T10:28:16Z,3.766,18.5589,0.3867,7.4866,50.541,44.033552,3.4967,37.327,10.184,51.3622,0.12375,21443.37020781681,0.011,0
2026-09-29T10:28:16Z,3.769,18.5588,0.3539,7.4716,50.565,44.053531,3.4984,37.259,10.183,51.0756,0.1238,21468.03617645482,0.011,0
2026-09-29T10:28:16Z,3.772,18.5586,0.3377,7.4704,50.601,44.083532,3.5003,37.147,10.181,50.9538,0.12377,21505.170049994835,0.011,0
2026-09-29T10:28:16Z,3.774,18.5582,0.3326,7.4719,50.597,44.07892,3.496,37.061,10.181,50.8362,0.12372,21499.986899681993,0.011,0
2026-09-29T10:28:16Z,3.777,18.5576,0.359,7.4213,50.577,44.06124,3.4938,37.042,10.182,50.5998,0.12376,21478.980638847734,0.012,0
2026-09-29T10:28:16Z,3.781,18.5566,0.407,7.3025,50.576,44.060191,3.4901,37.074,10.182,50.4193,0.12381,21478.91581501664,0.012,0
2026-09-29T10:28:16Z,3.784,18.5552,0.4055,7.231,50.584,44.066236,3.4747,37.143,10.183,50.3746,0.12375,21488.063681750402,0.012,0
2026-09-29T10:28:16Z,3.787,18.5544,0.3826,7.2399,50.591,44.07085,3.4658,37.24,10.183,50.3169,0.12369,21494.7187342364,0.012,0
2026-09-29T10:28:16Z,3.79,18.5544,0.3963,7.3412,50.571,44.052503,3.4652,37.343,10.183,50.2379,0.12371,21472.158985251364,0.012,0
2026-09-29T10:28:16Z,3.793,18.5541,0.4301,7.431,50.551,44.034823,3.4687,37.441,10.182,50.1937,0.12372,21450.800484591775,0.011,0
2026-09-29T10:28:16Z,3.796,18.5529,0.4329,7.3355,50.566,44.047518,3.4751,37.526,10.181,50.0404,0.12369,21467.868164737283,0.008,0
2026-09-29T10:28:16Z,3.798,18.5511,0.4051,7.2116,50.602,44.079047,3.4856,37.566,10.179,49.847,0.12373,21508.84992252974,0.003,0
2026-09-29T10:28:16Z,3.801,18.55,0.4021,7.2647,50.625,44.098652,3.4958,37.534,10.179,49.662,0.12378,21534.335468999183,-0.004,0
2026-09-29T10:28:16Z,3.802,18.5498,0.4302,7.4308,50.62,44.094135,3.5039,37.44,10.18,49.5242,0.12373,21529.01836303728,-0.01,0
2026-09-29T10:28:16Z,3.798,18.5496,0.4532,7.4443,50.611,44.0879,3.5142,37.33,10.18,49.5586,0.12368,21521.587428821407,-0.012,0
2026-09-29T10:28:16Z,3.788,18.5495,0.4479,7.2918,50.609,44.086755,3.5185,37.241,10.18,49.4751,0.12374,21520.301479010865,-0.012,0
2026-09-29T10:28:16Z,3.778,18.5496,0.4076,7.2256,50.601,44.080295,3.5157,37.154,10.179,49.2031,0.1238,21512.22771943248,-0.01,0
2026-09-29T10:28:16Z,3.776,18.55,0.3735,7.3271,50.593,44.073266,3.5046,37.049,10.178,49.0227,0.1238,21503.087102508704,-0.005,0
2026-09-29T10:28:16Z,3.78,18.551,0.3854,7.4944,50.583,44.065239,3.4926,36.954,10.178,48.9288,0.12379,21491.985566690048,0.001,0
2026-09-29T10:28:16Z,3.785,18.5521,0.4014,7.5068,50.562,44.046715,3.4852,36.887,10.178,48.8414,0.12379,21467.861290708963,0.006,0
2026-09-29T10:28:16Z,3.788,18.5524,0.3764,7.4081,50.553,44.039734,3.4787,36.846,10.178,48.655,0.12374,21458.914725067592,0.01,0
2026-09-29T10:28:16Z,3.789,18.5526,0.3406,7.4289,50.558,44.044299,3.4672,36.847,10.178,48.3962,0.12372,21464.279658703006,0.012,0
2026-09-29T10:28:16Z,3.791,18.5528,0.3343,7.553,50.551,44.038433,3.457,36.903,10.177,48.2932,0.12377,21456.826361680458,0.012,0
2026-09-29T10:28:16Z,3.794,18.5529,0.3584,7.6793,50.544,44.032284,3.4525,37.009,10.177,48.2695,0.12376,21449.149505416848,0.013,0
2026-09-29T10:28:16Z,3.798,18.5533,0.3741,7.6581,50.547,44.033436,3.4464,37.127,10.177,48.1962,0.12371,21450.075073189153,0.014,0
2026-09-29T10:28:16Z,3.803,18.5542,0.366,7.4664,50.572,44.05236,3.4471,37.228,10.177,48.0955,0.12372,21472.2273798197,0.015,0
2026-09-29T10:28:16Z,3.807,18.5545,0.3603,7.3089,50.596,44.070657,3.4515,37.313,10.177,47.9984,0.12377,21494.35742897421,0.015,0
2026-09-29T10:28:16Z,3.811,18.5543,0.3553,7.3259,50.592,44.064223,3.4632,37.375,10.177,47.882,0.12383,21486.689491404773,0.014,0
2026-09-29T10:28:16Z,3.814,18.5525,0.3643,7.4321,50.566,44.038046,3.4759,37.425,10.177,47.7205,0.12385,21456.71653548453,0.013,0
2026-09-29T10:28:16Z,3.818,18.5498,0.3851,7.398,50.534,44.00805,3.4844,37.467,10.177,47.5945,0.12378,21423.178747187332,0.012,0
2026-09-29T10:28:16Z,3.821,18.547,0.3987,7.2543,50.548,44.01892,3.494,37.488,10.177,47.3919,0.12376,21439.94854339635,0.012,0
2026-09-29T10:28:16Z,3.823,18.544,0.4052,7.2328,50.577,44.042522,3.4986,37.483,10.177,46.9904,0.12381,21472.62402429547,0.013,0
2026-09-29T10:28:16Z,3.825,18.5413,0.4137,7.3423,50.576,44.039512,3.5037,37.462,10.177,46.612,0.12383,21472.230137024842,0.015,0
2026-09-29T10:28:16Z,3.828,18.5387,0.4423,7.5202,50.586,44.046006,3.5082,37.42,10.177,46.5171,0.1238,21483.402046582374,0.02,0
2026-09-29T10:28:16Z,3.833,18.5366,0.4433,7.6409,50.601,44.057561,3.5111,37.373,10.177,46.5314,0.12376,21500.193746683617,0.026,0
2026-09-29T10:28:16Z,3.839,18.5349,0.4003,7.5719,50.596,44.052264,3.5093,37.333,10.178,46.4409,0.12379,21495.759670205447,0.033,0
2026-09-29T10:28:16Z,3.849,18.5332,0.3806,7.4716,50.589,44.04544,3.5086,37.263,10.178,46.2828,0.12381,21489.44663287988,0.038,0
2026-09-29T10:28:16Z,3.863,18.5314,0.4046,7.5208,50.583,44.03853,3.5045,37.167,10.177,46.0828,0.12375,21483.150754295166,0.04,0
2026-09-29T10:28:16Z,3.877,18.53,0.4402,7.6538,50.577,44.032183,3.4975,37.073,10.177,45.9151,0.12374,21477.057721621248,0.039,0
2026-09-29T10:28:16Z,3.889,18.5289,0.4447,7.6462,50.577,44.032174,3.4982,36.981,10.178,45.804,0.12372,21478.393894916622,0.035,0
2026-09-29T10:28:16Z,3.896,18.5275,0.4179,7.5307,50.584,44.038415,3.4899,36.864,10.178,45.6856,0.12368,21487.78810870478,0.029,0
2026-09-29T10:28:16Z,3.9,18.5262,0.3984,7.5221,50.591,44.044165,3.4802,36.73,10.177,45.6019,0.12368,21496.458711473068,0.024,0
2026-09-29T10:28:16Z,3.904,18.5254,0.409,7.6106,50.585,44.038232,3.4713,36.64,10.177,45.5665,0.12369,21490.137441323222,0.019,0
2026-09-29T10:28:16Z,3.907,18.5252,0.4467,7.7117000000000004,50.577,44.030154,3.464,36.626,10.177,45.3435,0.12371,21480.44253349021,0.016,0
2026-09-29T10:28:16Z,3.91,18.5253,0.4632,7.6865,50.555,44.009968,3.4538,36.662,10.177,44.971,0.12373,21455.493491550485,0.016,0
2026-09-29T10:28:16Z,3.915,18.5257,0.4163,7.4769,50.528,43.984593,3.4371,36.688,10.177,44.7621,0.12373,21423.821620999857,0.017,0
2026-09-29T10:28:16Z,3.921,18.5251,0.3551,7.2946,50.521,43.977244,3.4285,36.661,10.176,44.7104,0.12375,21415.52889313031,0.018,0
2026-09-29T10:28:16Z,3.926,18.5237,0.3552,7.3279,50.531,43.984593,3.4276,36.585,10.176,44.6902,0.12371,21426.265752067135,0.019,0
2026-09-29T10:28:16Z,3.93,18.5224,0.3926,7.4693,50.562,44.00997,3.4341,36.499,10.176,44.6035,0.1237,21459.045338489686,0.019,0
2026-09-29T10:28:16Z,3.935,18.5209,0.3915,7.5,50.586,44.030165,3.4379,36.438,10.176,44.5231,0.12381,21485.725674549696,0.018,0
2026-09-29T10:28:16Z,3.94,18.5193,0.3589,7.4606,50.595,44.038346,3.4356,36.41,10.177,44.578,0.12383,21497.7574794812,0.018,0
2026-09-29T10:28:16Z,3.945,18.5178,0.3395,7.4719,50.602,44.04541,3.4266,36.42,10.177,44.5792,0.12377,21508.296088366395,0.017,0
2026-09-29T10:28:16Z,3.949,18.5164,0.3478,7.5679,50.608,44.052092,3.4173,36.468,10.176,44.4513,0.12377,21518.245294899356,0.017,0
2026-09-29T10:28:16Z,3.952,18.5157,0.3765,7.7329,50.611,44.05566,3.412,36.545,10.176,44.3217,0.12376,21523.500816933247,0.017,0
2026-09-29T10:28:16Z,3.957,18.5159,0.3952,7.7584,50.576,44.025076,3.409,36.635,10.176,44.2169,0.1237,21485.591993853403,0.017,0
2026-09-29T10:28:16Z,3.961,18.517,0.3982,7.6371,50.547,43.999686,3.4098,36.725,10.175,44.1312,0.1236,21453.00974428955,0.016,0
2026-09-29T10:28:16Z,3.966,18.5184,0.3971,7.5643,50.551,44.002578,3.4146,36.803,10.174,44.0598,0.12359,21454.85134438997,0.014,0
2026-09-29T10:28:16Z,3.971,18.5195,0.4069,7.5621,50.545,43.996563,3.4221,36.844,10.174,43.9568,0.12369,21446.109527837376,0.012,0
2026-09-29T10:28:16Z,3.974,18.52,0.4247,7.5763,50.539,43.99044,3.431,36.82,10.174,43.8321,0.12373,21437.97168311462,0.01,0
2026-09-29T10:28:16Z,3.974,18.5194,0.4131,7.5312,50.541,43.992011,3.4402,36.782,10.174,43.7563,0.12371,21440.636551429357,0.01,0
2026-09-29T10:28:16Z,3.974,18.5184,0.383,7.4605,50.568,44.015564,3.4472,36.77,10.174,43.7284,0.12374,21470.822341651972,0.011,0
2026-09-29T10:28:16Z,3.975,18.5176,0.3766,7.4383,50.574,44.021318,3.4542,36.742,10.174,43.6665,0.12378,21478.882035779647,0.015,0
2026-09-29T10:28:16Z,3.98,18.5172,0.4032,7.4673,50.548,43.998098,3.4491,36.712,10.174,43.5248,0.12382,21450.811208672654,0.02,0
2026-09-29T10:28:16Z,3.986,18.5171,0.4292,7.4357,50.538,43.98872,3.4421,36.707,10.175,43.4776,0.12384,21439.404916420805,0.025,0
2026-09-29T10:28:16Z,3.994,18.5173,0.4157,7.2955,50.52,43.971409,3.4462,36.703,10.176,43.5255,0.12376,21417.889911891627,0.03,0
2026-09-29T10:28:16Z,4.003,18.5173,0.3906,7.241,50.53,43.979215,3.4412,36.713,10.176,43.5016,0.12366,21427.478812044865,0.033,0
2026-09-29T10:28:16Z,4.013,18.5167,0.4007,7.3245,50.578,44.019623,3.4364,36.755,10.176,43.4472,0.1237,21477.89707565343,0.033,0
2026-09-29T10:28:16Z,4.023,18.5159,0.438,7.4506,50.575,44.015645,3.4392,36.797,10.175,43.3832,0.12381,21473.982256119787,0.031,0
2026-09-29T10:28:16Z,4.032,18.5148,0.4504,7.4676,50.552,43.994589,3.4372,36.812,10.174,43.3308,0.12381,21449.431442889574,0.028,0
2026-09-29T10:28:16Z,4.038,18.5137,0.4337,7.3588,50.581,44.018937,3.437,36.824,10.174,43.2435,0.12378,21480.72883578118,0.023,0
2026-09-29T10:28:16Z,4.042,18.5125,0.4192,7.2965,50.626,44.056132,3.4429,36.84,10.173,43.1023,0.12377,21528.00829017924,0.019,0
2026-09-29T10:28:16Z,4.046,18.5112,0.4082,7.2955,50.636,44.063455,3.4487,36.828,10.173,43.0002,0.12375,21538.632428459605,0.017,0
2026-09-29T10:28:16Z,4.049,18.5097,0.4175,7.3807,50.615,44.043991,3.4479,36.777,10.173,42.9547,0.12372,21516.487050409596,0.016,0
2026-09-29T10:28:16Z,4.053,18.508,0.44,7.4388,50.58,44.011229,3.4487,36.693,10.174,42.9824,0.12371,21478.229565755108,0.016,0
2026-09-29T10:28:16Z,4.056,18.5064,0.4551,7.4171,50.551,43.984709,3.4527,36.584,10.174,42.9923,0.12372,21447.564141193587,0.017,0
2026-09-29T10:28:16Z,4.061,18.505,0.4426,7.4254,50.546,43.977241,3.4515,36.5,10.174,42.9028,0.12373,21440.094886143193,0.019,0
2026-09-29T10:28:16Z,4.066,18.5039,0.4213,7.4372,50.558,43.984415,3.4461,36.454,10.174,42.76,0.12374,21450.262573511445,0.02,0
2026-09-29T10:28:16Z,4.072,18.5026,0.4396,7.4913,50.589,44.007969,3.4394,36.398,10.174,42.7281,0.12373,21480.83641326407,0.021,0
2026-09-29T10:28:16Z,4.078,18.5011,0.4554,7.4305,50.592,44.00811,3.4264,36.334,10.174,42.8608,0.12374,21482.848996374567,0.021,0
2026-09-29T10:28:16Z,4.084,18.4982,0.4371,7.2493,50.569,43.986116,3.4174,36.285,10.174,42.9021,0.12376,21459.334492154157,0.02,0
2026-09-29T10:28:16Z,4.089,18.4946,0.4102,7.2125,50.581,43.995946000000004,3.4176,36.248,10.173,42.7981,0.12379,21475.843704424962,0.018,0
2026-09-29T10:28:16Z,4.094,18.4916,0.4127,7.3272,50.586,44.00002,3.4108,36.211,10.172,42.7213,0.12378,21484.53852503818,0.016,0
2026-09-29T10:28:16Z,4.097,18.4889,0.4511,7.4753,50.555,43.971887,3.404,36.169,10.172,42.6619,0.12375,21453.218483548193,0.014,0
2026-09-29T10:28:16Z,4.099,18.4871,0.45,7.4661,50.557,43.973174,3.4003,36.128,10.172,42.5964,0.12376,21457.00691587287,0.014,0
2026-09-29T10:28:16Z,4.102,18.4862,0.4085,7.3177,50.607,44.015575,3.397,36.068,10.172,42.617,0.12374,21510.329666602054,0.015,0
2026-09-29T10:28:16Z,4.105,18.4857,0.3982,7.2523,50.636,44.040223,3.3942,35.967,10.172,42.6528,0.12372,21541.336996916103,0.016,0
2026-09-29T10:28:16Z,4.11,18.4849,0.417,7.3245,50.611,44.017289,3.3891,35.84,10.171,42.5991,0.12377,21514.038734119928,0.018,0
2026-09-29T10:28:16Z,4.116,18.4837,0.4355,7.5073,50.582,43.992187,3.3867,35.72,10.171,42.5701,0.12377,21484.581413582604,0.02,0
2026-09-29T10:28:16Z,4.122,18.4827,0.4305,7.6178,50.581,43.990615,3.3824,35.636,10.172,42.6466,0.12375,21483.87156537297,0.021,0
2026-09-29T10:28:16Z,4.128,18.482,0.4067,7.5334,50.59,43.998277,3.3718,35.596,10.173,42.749,0.12376,21494.168679890234,0.022,0
2026-09-29T10:28:16Z,4.133,18.4816,0.3973,7.4435,50.616,44.021355,3.359,35.596,10.173,42.7761,0.12373,21523.105290539206,0.022,0
2026-09-29T10:28:16Z,4.138,18.4813,0.4163,7.5219,50.609,44.015746,3.3463,35.626,10.173,42.7159,0.12369,21516.557776820773,0.022,0
2026-09-29T10:28:16Z,4.143,18.4808,0.4457,7.6953,50.585,43.993931,3.3388,35.684,10.173,42.7101,0.1237,21490.286237906927,0.023,0
2026-09-29T10:28:16Z,4.149,18.4809,0.4448,7.6956,50.607,44.011505,3.335,35.769,10.173,42.878,0.12367,21511.820199514063,0.025,0
2026-09-29T10:28:16Z,4.156,18.4814,0.414,7.5254,50.64,44.037793,3.3354,35.844,10.173,43.0248,0.12363,21543.625781709863,0.026,0
2026-09-29T10:28:16Z,4.164,18.4816,0.3899,7.4476,50.666,44.057867,3.3388,35.882,10.172,43.0218,0.12368,21568.156154838063,0.027,0
2026-09-29T10:28:16Z,4.171,18.481,0.4023,7.5754,50.675,44.063789,3.3427,35.887,10.172,43.1013,0.12372,21576.20779574781,0.027,0
2026-09-29T10:28:16Z,4.178,18.4791,0.4388,7.8409,50.656,44.045915,3.3536,35.847,10.172,43.211,0.12372,21556.478521806657,0.026,0
2026-09-29T10:28:16Z,4.185,18.4765,0.4405,7.9585,50.642,44.03218,3.3614,35.758,10.172,43.2288,0.12376,21542.726710384573,0.025,0
2026-09-29T10:28:16Z,4.191,18.4742,0.4061,7.8358,50.636,44.024674,3.3643,35.641,10.172,43.2304,0.12378,21536.294306405754,0.024,0
2026-09-29T10:28:16Z,4.196,18.4723,0.389,7.7243,50.632,44.018639,3.3658,35.52,10.172,43.1448,0.12381,21531.185301720907,0.022,0
2026-09-29T10:28:16Z,4.202,18.4712,0.4088,7.8057,50.64,44.022679,3.3622,35.386,10.172,43.0552,0.12386,21537.522416823824,0.02,0
2026-09-29T10:28:16Z,4.207,18.4701,0.4369,7.9655,50.628,44.010047,3.3536,35.268,10.171,43.093,0.12383,21523.290734415263,0.019,0
2026-09-29T10:28:16Z,4.212,18.4681,0.4291,7.9494,50.612,43.99285,3.3405,35.187,10.171,43.1717,0.12379,21504.541903477668,0.019,0
2026-09-29T10:28:16Z,4.215,18.4655,0.3983,7.8498,50.63,44.005178,3.3316,35.12,10.172,43.318,0.12377,21522.93957714435,0.019,0
2026-09-29T10:28:16Z,4.219,18.4624,0.3892,7.922,50.665,44.032147,3.3174,35.094,10.172,43.5711,0.12373,21560.04123787708,0.019,0
2026-09-29T10:28:16Z,4.224,18.4595,0.4106,8.1047,50.706,44.06502,3.3047,35.116,10.171,43.6515,0.12373,21604.241727307068,0.02,0
2026-09-29T10:28:16Z,4.23,18.4563,0.4406,8.215,50.732,44.085259,3.3007,35.148,10.171,43.5156,0.12373,21633.234161019573,0.021,0
2026-09-29T10:28:16Z,4.237,18.4532,0.435,8.1963,50.737,44.086419,3.2916,35.148,10.171,43.3905,0.1237,21638.502258939956,0.022,0
2026-09-29T10:28:16Z,4.242,18.4502,0.4014,8.0843,50.732,44.079034,3.2892,35.082,10.171,43.3434,0.12367,21633.06827599702,0.022,0
2026-09-29T10:28:16Z,4.247,18.447,0.3847,8.0222,50.712,44.059445,3.2937,34.963,10.171,43.3764,0.1237,21612.77808579176,0.021,0
2026-09-29T10:28:16Z,4.252,18.4439,0.3997,8.0606,50.692,44.040003,3.2977,34.84,10.171,43.445,0.12376,21592.5550428541,0.02,0
2026-09-29T10:28:16Z,4.257,18.4407,0.4234,8.0358,50.688,44.034386,3.2997,34.718,10.171,43.4852,0.12378,21589.556840543144,0.02,0
2026-09-29T10:28:16Z,4.262,18.4377,0.4302,7.9613,50.713,44.054999,3.2934,34.593,10.171,43.4326,0.12376,21618.763903849587,0.02,0
2026-09-29T10:28:16Z,4.267,18.4355,0.4242,7.9453,50.765,44.098803,3.2793,34.472,10.17,43.3247,0.12374,21675.752554136594,0.02,0
2026-09-29T10:28:16Z,4.272,18.4342,0.4004,7.9456,50.79,44.119681,3.2686,34.337,10.17,43.3852,0.12374,21703.26155495744,0.02,0
2026-09-29T10:28:16Z,4.277,18.433,0.3841,7.9643,50.789,44.117004,3.258,34.191,10.17,43.5607,0.12378,21701.428170697258,0.02,0
2026-09-29T10:28:16Z,4.283,18.4313,0.4018,8.0352,50.804,44.129908,3.2444,34.052,10.17,43.6407,0.12377,21719.55486289762,0.02,0
2026-09-29T10:28:16Z,4.288,18.4296,0.4318,8.1867,50.827,44.148752,3.2358,33.946,10.17,43.7497,0.12376,21745.07253096165,0.019,0
2026-09-29T10:28:16Z,4.293,18.4286,0.4301,8.294,50.835,44.154416,3.2221,33.887,10.17,43.8465,0.12378,21753.35445859669,0.018,0
2026-09-29T10:28:16Z,4.298,18.4275,0.3978,8.2738,50.812,44.134906,3.2079,33.858,10.17,43.7787,0.12377,21730.48061621769,0.016,0
2026-09-29T10:28:16Z,4.302,18.4264,0.3997,8.3523,50.775,44.103281,3.1943,33.837,10.171,43.7046,0.12373,21692.585424799785,0.015,0
2026-09-29T10:28:16Z,4.305,18.4255,0.4277,8.4911,50.759,44.089432,3.1832,33.8,10.171,43.7251,0.12373,21676.521359052364,0.014,0
2026-09-29T10:28:16Z,4.308,18.4251,0.4372,8.5174,50.765,44.094417,3.1792,33.738,10.17,43.7682,0.1238,21683.200178120464,0.014,0
2026-09-29T10:28:16Z,4.311,18.4252,0.4304,8.4994,50.77,44.100068,3.1763,33.654,10.168,43.7957,0.12388,21690.086609964408,0.015,0
2026-09-29T10:28:16Z,4.315,18.4252,0.4373,8.5134,50.763,44.094292,3.1761,33.569,10.168,43.7126,0.12383,21682.9207055297,0.016,0
2026-09-29T10:28:16Z,4.319,18.4255,0.479,8.6178,50.755,44.088048,3.1721,33.496,10.168,43.6236,0.12374,21674.804043419263,0.016,0
2026-09-29T10:28:16Z,4.324,18.4262,0.5018,8.6683,50.755,44.088058,3.1671,33.45,10.168,43.7527,0.12374,21673.94877058797,0.016,0
2026-09-29T10:28:16Z,4.329,18.4266,0.4962,8.578,50.762,44.094416,3.1573,33.435,10.169,43.8969,0.12378,21681.338147723014,0.016,0
2026-09-29T10:28:16Z,4.333,18.4271,0.4785,8.4476,50.771,44.101442,3.1495,33.426,10.169,43.9045,0.12379,21689.43370186919,0.016,0
2026-09-29T10:28:16Z,4.337,18.4276,0.4463,8.356,50.781,44.109535,3.1425,33.455,10.169,43.93,0.12375,21698.855167522575,0.016,0
2026-09-29T10:28:16Z,4.34,18.4278,0.448,8.3934,50.804,44.128789,3.1364,33.542,10.169,43.9478,0.12373,21722.50832946127,0.016,0
2026-09-29T10:28:16Z,4.343,18.4276,0.4489,8.3874,50.822,44.143802,3.1387,33.628,10.168,43.861,0.12374,21741.40497861211,0.015,0
2026-09-29T10:28:16Z,4.348,18.427,0.4148,8.317,50.846,44.164103,3.1349,33.67,10.168,43.8277,0.12378,21767.384315588657,0.015,0
2026-09-29T10:28:16Z,4.353,18.4263,0.3941,8.3957,50.869,44.183814,3.1362,33.678,10.167,43.9752,0.12385,21792.77424411722,0.014,0
2026-09-29T10:28:16Z,4.357,18.4255,0.4065,8.5533,50.879,44.191698,3.1477,33.663,10.167,44.0956,0.12384,21803.5832779426,0.012,0
2026-09-29T10:28:16Z,4.36,18.4248,0.4397,8.6521,50.885,44.195958,3.1578,33.644,10.167,44.0782,0.1238,21809.759293003102,0.008,0
2026-09-29T10:28:16Z,4.363,18.4245,0.4466,8.5995,50.859,44.171835,3.1599,33.616,10.167,44.1101,0.1238,21780.11224511834,0.004,0
2026-09-29T10:28:16Z,4.364,18.424,0.4141,8.3954,50.839,44.153938,3.1617,33.572,10.166,44.2232,0.12377,21758.47814794492,0.001,0
2026-09-29T10:28:16Z,4.361,18.4237,0.3885,8.2339,50.858,44.169997,3.1583,33.54,10.165,44.2411,0.12375,21778.822327654256,0.001,0
2026-09-29T10:28:16Z,4.357,18.423,0.4036,8.2868,50.864,44.175563,3.1571,33.519,10.165,44.1536,0.12372,21786.61924001791,0.002,0
2026-09-29T10:28:16Z,4.357,18.4217,0.4464,8.4531,50.843,44.157759,3.1563,33.495,10.166,44.1123,0.12368,21766.091827884542,0.005,0
2026-09-29T10:28:16Z,4.361,18.4209,0.4486,8.4685,50.828,44.145168,3.149,33.45,10.166,44.1717,0.12365,21751.43270962138,0.009,0
2026-09-29T10:28:16Z,4.365,18.4207,0.4055,8.3021,50.834,44.150277,3.1477,33.366,10.166,44.2687,0.1236,21758.032503261325,0.013,0
2026-09-29T10:28:16Z,4.369,18.4208,0.3821,8.1838,50.841,44.156053,3.1453,33.246,10.167,44.2541,0.12362,21765.08978375215,0.014,0
2026-09-29T10:28:16Z,4.374,18.4212,0.3994,8.2348,50.836,44.151538,3.1439,33.116,10.168,44.1668,0.12375,21758.977598829442,0.014,0
2026-09-29T10:28:16Z,4.378,18.4214,0.4399,8.4048,50.846,44.159154,3.1403,33.006,10.168,44.2462,0.12383,21768.19858582518,0.013,0
2026-09-29T10:28:16Z,4.381,18.4213,0.447,8.5312,50.878,44.184659,3.1329,32.925,10.167,44.3531,0.12385,21800.05624951235,0.012,0
2026-09-29T10:28:16Z,4.383,18.4215,0.4109,8.4997,50.904,44.206011,3.1201,32.865,10.166,44.3412,0.12385,21826.39488179307,0.012,0
2026-09-29T10:28:16Z,4.385,18.4212,0.3936,8.4337,50.93,44.226886,3.1068,32.832,10.165,44.36,0.12385,21852.78343585807,0.012,0
2026-09-29T10:28:16Z,4.388,18.4199,0.4135,8.4855,50.954,44.246625,3.0964,32.838,10.165,44.3219,0.12378,21879.026415271772,0.014,0
2026-09-29T10:28:16Z,4.391,18.4181,0.4425,8.6133,50.964,44.25424,3.0892,32.876,10.165,44.1384,0.1237,21890.781875116078,0.017,0
2026-09-29T10:28:16Z,4.396,18.4163,0.4369,8.6132,50.966,44.25549,3.084,32.934,10.165,43.9488,0.12372,21894.59585446192,0.021,0
2026-09-29T10:28:16Z,4.401,18.4147,0.4037,8.4833,50.975,44.261735,3.0796,32.991,10.165,44.008,0.12374,21904.39664479862,0.023,0
2026-09-29T10:28:16Z,4.408,18.4136,0.3903,8.5115,50.981,44.266265,3.0814,33.05,10.165,44.252,0.12371,21911.431986839394,0.025,0
2026-09-29T10:28:16Z,4.417,18.4128,0.4086,8.7498,50.961,44.246776,3.0846,33.107,10.165,44.2326,0.12371,21888.100347832347,0.025,0
2026-09-29T10:28:16Z,4.425,18.4121,0.4419,8.9051,50.928,44.216526,3.0916,33.137,10.165,44.0306,0.1237,21851.2381867437,0.025,0
2026-09-29T10:28:16Z,4.43,18.411,0.4437,8.8515,50.931,44.217901,3.0964,33.131,10.166,43.9611,0.1237,21854.327477905812,0.024,0
2026-09-29T10:28:16Z,4.435,18.4096,0.4302,8.7847,50.984,44.263396,3.1018,33.059,10.166,43.994,0.1237,21912.860804053693,0.022,0
2026-09-29T10:28:16Z,4.441,18.4081,0.4451,8.8834,51.053,44.32226,3.1093,32.903,10.165,44.0848,0.12365,21988.353876938585,0.019,0
2026-09-29T10:28:16Z,4.446,18.4064,0.4742,9.0549,51.097,44.358331,3.1113,32.683,10.163,44.1986,0.12362,22035.682330923664,0.017,0
2026-09-29T10:28:16Z,4.45,18.4055,0.5075,9.1505,51.129,44.382138,3.1122,32.42,10.163,44.252,0.12366,22066.67585111929,0.017,0
2026-09-29T10:28:16Z,4.453,18.4049,0.5062,9.1163,51.179,44.419673,3.1069,32.129,10.164,44.2135,0.12374,22114.5630905768,0.017,0
2026-09-29T10:28:16Z,4.457,18.4044,0.4667,9.0849,51.199,44.43129,3.0905,31.852,10.164,44.1627,0.12377,22129.795399380695,0.017,0
2026-09-29T10:28:16Z,4.462,18.4022,0.4461,9.2495,51.164,44.395635,3.0696,31.642,10.164,44.1544,0.12379,22087.785356524993,0.017,0
2026-09-29T10:28:16Z,4.466,18.3977,0.4579,9.5018,51.138,44.369426,3.0453,31.531,10.164,44.1998,0.12383,22060.573441532506,0.017,0
2026-09-29T10:28:16Z,4.47,18.392,0.4843,9.675,51.139,44.368308,3.0162,31.492,10.163,44.1945,0.12381,22066.368270090406,0.017,0
2026-09-29T10:28:16Z,4.475,18.3857,0.49,9.7048,51.157,44.382114,2.9891,31.467,10.162,44.091,0.12378,22091.66596403287,0.017,0
2026-09-29T10:28:16Z,4.479,18.3806,0.4522,9.6568,51.192,44.409395,2.968,31.397,10.162,44.0669,0.12378,22132.414295061957,0.018,0
2026-09-29T10:28:16Z,4.482,18.3774,0.4092,9.6751,51.236,44.444241,2.9591,31.28,10.163,44.0754,0.12382,22180.33460969445,0.02,0
2026-09-29T10:28:16Z,4.486,18.3756,0.4119,9.7897,51.288,44.486042,2.9575,31.13,10.163,44.1071,0.12383,22235.318218872515,0.022,0
2026-09-29T10:28:16Z,4.493,18.374,0.4262,10.0514,51.347,44.533945,2.9579,30.916,10.163,44.1919,0.12375,22297.847487755695,0.024,0
2026-09-29T10:28:16Z,4.501,18.3712,0.4246,10.3797,51.403,44.579083,2.9515,30.632,10.162,44.1548,0.12369,22358.52729046204,0.026,0
2026-09-29T10:28:16Z,4.51,18.3677,0.4251,10.5482,51.418,44.58745,2.9382,30.317,10.162,44.0029,0.12367,22373.60730552392,0.026,0
2026-09-29T10:28:16Z,4.517,18.3647,0.4166,10.6544,51.404,44.571629,2.9275,30.046,10.162,43.9037,0.12363,22357.413348207316,0.026,0
2026-09-29T10:28:16Z,4.523,18.3613,0.438,11.1172,51.414,44.578217,2.9072,29.866,10.161,43.9882,0.12365,22370.113169149274,0.024,0
2026-09-29T10:28:16Z,4.529,18.3577,0.4751,11.7711,51.446,44.603631,2.8797,29.761,10.161,44.164,0.1237,22406.943535151036,0.022,0
2026-09-29T10:28:16Z,4.535,18.3535,0.4824,12.0026,51.475,44.624985,2.8475,29.704,10.161,44.2225,0.12375,22439.43514954527,0.02,0
2026-09-29T10:28:16Z,4.539,18.3492,0.4845,12.0031,51.505,44.645973,2.8196,29.652,10.161,44.1791,0.12379,22471.626341991923,0.018,0
2026-09-29T10:28:16Z,4.542,18.3472,0.4765,12.3921,51.535,44.66695,2.8049,29.565,10.161,44.1553,0.1238,22500.872168852144,0.016,0
2026-09-29T10:28:16Z,4.546,18.3458,0.4768,13.0509,51.565,44.688179,2.7954,29.452,10.16,44.1073,0.1238,22529.690280692674,0.016,0
2026-09-29T10:28:16Z,4.55,18.3422,0.4877,13.3413,51.598,44.71221,2.7916,29.319,10.159,44.0292,0.12381,22564.948977057233,0.017,0
2026-09-29T10:28:16Z,4.554,18.3372,0.4838,13.3077,51.591,44.703584,2.7895,29.136,10.159,43.9847,0.12379,22560.42450453468,0.019,0
2026-09-29T10:28:16Z,4.558,18.332,0.4711,13.3272,51.527,44.647361,2.7802,28.905,10.159,43.9998,0.12373,22495.55757879369,0.021,0
2026-09-29T10:28:16Z,4.563,18.3268,0.4587,13.6456,51.475,44.603721,2.7692,28.672,10.159,44.126,0.1237,22446.775313921655,0.021,0
2026-09-29T10:28:16Z,4.571,18.3224,0.4673,14.2539,51.491,44.620289,2.759,28.46,10.159,44.2193,0.12374,22473.500420186458,0.02,0
2026-09-29T10:28:16Z,4.579,18.3196,0.4919,14.533,51.532,44.65725,2.7421,28.246,10.158,44.0961,0.12376,22524.14747444129,0.019,0
2026-09-29T10:28:16Z,4.583,18.3194,0.5072,14.5274,51.546,44.669748,2.7176,27.998,10.158,43.8409,0.12377,22540.325472913344,0.019,0
2026-09-29T10:28:16Z,4.584,18.3213,0.5104,15.108,51.591,44.707917,2.6952,27.726,10.157,43.7146,0.12382,22586.52761722729,0.017,0
2026-09-29T10:28:16Z,4.587,18.3242,0.5141,16.19,51.699,44.801359,2.6758,27.483,10.156,43.7731,0.12384,22702.14833801017,0.014,0
2026-09-29T10:28:16Z,4.592,18.326,0.5354,16.8492,51.753,44.847364,2.6573,27.285,10.156,43.8599,0.12379,22758.716462063196,0.01,0
2026-09-29T10:28:16Z,4.598,18.3257,0.5669,16.9646,51.723,44.819818,2.6342,27.124,10.156,43.9035,0.12369,22723.821163140223,0.009,0
2026-09-29T10:28:16Z,4.6,18.3242,0.5792,16.9698,51.688,44.785684,2.6052,27.014,10.155,43.8703,0.12368,22682.09426400148,0.01,0
2026-09-29T10:28:16Z,4.598,18.3238,0.5601,16.9813,51.653,44.752044,2.5826,26.987,10.155,43.8032,0.12384,22639.615459034994,0.012,0
2026-09-29T10:28:16Z,4.598,18.3246,0.5273,16.9321,51.63,44.730467,2.5645,27.031,10.155,43.7801,0.12389,22611.02487881918,0.015,0
2026-09-29T10:28:16Z,4.602,18.3227,0.5233,16.9556,51.614,44.715237,2.5495,27.109,10.154,43.7634,0.12382,22594.051558414827,0.019,0
2026-09-29T10:28:16Z,4.61,18.3186,0.529,17.3678,51.593,44.694848,2.5367,27.162,10.153,43.7728,0.1238,22573.353343926592,0.023,0
2026-09-29T10:28:16Z,4.62,18.3151,0.5129,17.953,51.571,44.674382,2.5357,27.139,10.153,43.8934,0.12379,22551.788623150653,0.023,0
2026-09-29T10:28:16Z,4.629,18.3135,0.4859,18.1568,51.553,44.658207,2.541,27.064,10.152,43.9319,0.12374,22533.244599292222,0.02,0
2026-09-29T10:28:16Z,4.635,18.3133,0.4533,18.0903,51.588,44.689717,2.5497,26.922,10.151,43.8081,0.12369,22573.669443176423,0.013,0
2026-09-29T10:28:16Z,4.637,18.3104,0.4602,18.1048,51.642,44.737987,2.5592,26.704,10.151,43.687,0.12367,22639.053338146565,0.006,0
2026-09-29T10:28:16Z,4.636,18.3076,0.4945,18.1617,51.637,44.734007,2.5527,26.479,10.151,43.6719,0.12374,22637.603828382315,0.002,0
2026-09-29T10:28:16Z,4.631,18.3087,0.501,18.1283,51.603,44.705067,2.5479,26.299,10.151,43.7119,0.12378,22599.215384841667,0.002,0
2026-09-29T10:28:16Z,4.627,18.3097,0.4799,18.0088,51.602,44.705468,2.5361,26.178,10.151,43.654,0.12368,22598.431259088913,0.007,0
2026-09-29T10:28:16Z,4.628,18.3102,0.4478,18.3565,51.714,44.802341,2.5112,26.128,10.15,43.5747,0.12364,22721.642738223094,0.013,0
2026-09-29T10:28:16Z,4.635,18.3114,0.4539,19.2588,51.932,44.98765,2.4889,26.165,10.148,43.5272,0.12368,22958.174434258155,0.019,0
2026-09-29T10:28:16Z,4.646,18.3123,0.496,19.7978,52.149,45.168605,2.4715,26.283,10.147,43.4237,0.12368,23190.978071763817,0.024,0
2026-09-29T10:28:16Z,4.656,18.3129,0.5163,19.8853,52.355,45.339772,2.4601,26.444,10.148,43.27,0.1237,23412.872096487095,0.026,0
2026-09-29T10:28:16Z,4.662,18.3142,0.5073,19.9068,52.585,45.533682,2.454,26.602,10.149,43.132,0.12372,23664.997864289857,0.026,0
2026-09-29T10:28:16Z,4.666,18.3116,0.4785,20.331,52.899,45.799172,2.4579,26.72,10.149,43.045,0.12372,24018.957160177462,0.025,0
2026-09-29T10:28:16Z,4.671,18.3029,0.4683,21.2567,53.373,46.20096,2.4712,26.78,10.149,42.9928,0.12379,24567.71365275032,0.023,0
2026-09-29T10:28:16Z,4.676,18.2955,0.5,21.7737,53.899,46.646171,2.4881,26.795,10.149,42.9308,0.12385,25181.87143234827,0.023,0
2026-09-29T10:28:16Z,4.683,18.2907,0.5208,21.8689,54.24,46.92877,2.5044,26.772,10.148,42.8972,0.12383,25576.900889123976,0.024,0
2026-09-29T10:28:16Z,4.691,18.2849,0.486,22.5783,54.429,47.078443,2.5166,26.664,10.147,42.8452,0.1238,25792.555739805535,0.026,0
2026-09-29T10:28:16Z,4.697,18.2779,0.4206,23.8607,55.155,47.694,2.5218,26.399,10.147,42.6454,0.12377,26666.088930431593,0.031,0
2026-09-29T10:28:16Z,4.702,18.2688,0.3881,24.5643,57.017,49.292296,2.523,25.936,10.146,42.4607,0.12377,29005.93530436536,0.036,0
2026-09-29T10:28:16Z,4.709,18.2567,0.4086,24.7655,58.981,50.974763,2.523,25.243,10.144,42.5048,0.12379,31608.802468060218,0.041,0
2026-09-29T10:28:16Z,4.723,18.2424,0.4446,25.8153,59.57,51.464498,2.5173,24.289,10.144,42.6624,0.12376,32413.336733313055,0.043,0
2026-09-29T10:28:16Z,4.74,18.2311,0.4397,27.5905,59.3,51.213417,2.4934,23.075,10.143,42.7322,0.12375,32033.82743035775,0.041,0
2026-09-29T10:28:16Z,4.756,18.2238,0.3997,28.5695,59.572,51.43141,2.4508,21.623,10.141,42.6607,0.12378,32395.33074822942,0.038,0
2026-09-29T10:28:16Z,4.766,18.21,0.3852,28.7017,60.255,52.004694,2.3882,20.004,10.137,42.4859,0.12379,33348.256533429456,0.034,0
2026-09-29T10:28:16Z,4.768,18.1912,0.4067,28.9161,60.03,51.794879,2.2984,18.393,10.133,42.2531,0.12375,33043.18528727087,0.03,0
2026-09-29T10:28:16Z,4.768,18.1764,0.4338,29.3512,58.965,50.862954,2.1841,16.942,10.13,41.9968,0.12369,31579.680252936087,0.026,0
2026-09-29T10:28:16Z,4.773,18.1637,0.4304,29.5219,58.499,50.452239,2.0466,15.611,10.128,41.882,0.12374,30958.537062149833,0.024,0
2026-09-29T10:28:16Z,4.785,18.1499,0.3984,29.3743,58.649,50.575448,1.8872,14.234,10.125,41.898,0.12387,31175.95770124767,0.024,0
2026-09-29T10:28:16Z,4.796,18.1351,0.3808,29.2067,58.727,50.63824,1.7289,12.783,10.121,41.7603,0.1239,31301.298318674097,0.026,0
2026-09-29T10:28:16Z,4.802,18.1237,0.4001,29.0998,58.952,50.830469,1.5939,11.376,10.116,41.4213,0.12386,31625.098061724344,0.027,0
2026-09-29T10:28:16Z,4.804,18.1182,0.4403,29.1414,60.247,51.947209,1.4773,10.08,10.111,41.1545,0.12383,33432.56596852874,0.027,0
2026-09-29T10:28:16Z,4.808,18.113,0.4596,29.1969,63.716,54.932795,1.3486,8.884,10.104,41.116,0.12378,38557.33443820691,0.027,0
2026-09-29T10:28:16Z,4.815,18.1083,0.4419,29.0544,68.511,59.04842,1.2043,7.802,10.096,41.1275,0.12377,46377.84361797483,0.027,0
2026-09-29T10:28:16Z,4.825,18.1065,0.4094,28.3402,72.206,62.201249,1.0706,6.947,10.091,41.0358,0.1238,52981.589786313554,0.026,0
2026-09-29T10:28:16Z,4.835,18.1082,0.4078,27.3591,74.216,63.895149,0.9484,6.382,10.086,40.8678,0.12382,56748.19480564408,0.024,0
2026-09-29T10:28:16Z,4.843,18.1077,0.4309,26.9621,75.371,64.852657,0.8372,6.079,10.082,40.7301,0.12384,58953.52531724225,0.021,0
2026-09-29T10:28:16Z,4.846,18.0938,0.4393,26.9224,75.739,65.136892,0.7288,6.032,10.077,40.6617,0.12381,59666.55974780766,0.017,0
2026-09-29T10:28:16Z,4.846,18.0687,0.4421,26.6055,75.664,65.044352,0.6453,6.18,10.072,40.5572,0.12376,59537.66245223198,0.014,0
2026-09-29T10:28:16Z,4.847,18.0421,0.4319,26.0682,75.866,65.195205,0.5967,6.412,10.068,40.4132,0.12374,59986.10709026623,0.013,0
2026-09-29T10:28:16Z,4.851,18.0174,0.4077,25.7887,76.32,65.562863,0.5653,6.61,10.064,40.2978,0.12367,60945.491543452095,0.013,0
2026-09-29T10:28:16Z,4.856,17.9945,0.3987,25.6853,76.92,66.058308,0.5644,6.663,10.06,40.1083,0.12361,62216.8430324172,0.015,0
2026-09-29T10:28:16Z,4.861,17.9773,0.4152,24.6473,78.178,67.118673,0.5827,6.515,10.055,39.8414,0.12366,64875.13438996738,0.019,0
2026-09-29T10:28:16Z,4.865,17.9632,0.4412,22.7349,81.479,69.931715,0.608,6.132,10.051,39.5666,0.12372,72140.18559498312,0.023,0
2026-09-29T10:28:16Z,4.869,17.948,0.4545,21.6571,91.081,78.143685,0.6322,5.536,10.047,39.1086,0.12372,96033.25794317089,0.025,0
2026-09-29T10:28:16Z,4.876,17.9346,0.4423,21.3172,107.075,91.822235,0.6377,4.822,10.045,38.5195,0.12371,145550.89061774354,0.025,0
2026-09-29T10:28:16Z,4.885,17.9233,0.4272,19.3775,120.048,102.88451,0.6257,4.098,10.042,38.0368,0.1237,195232.0713077759,0.024,0
2026-09-29T10:28:16Z,4.895,17.9112,0.4382,16.0353,122.525,104.931171,0.5893,3.429,10.038,37.5743,0.1237,205544.59722795832,0.021,0
2026-09-29T10:28:16Z,4.901,17.897,0.4507,14.3142,117.322,100.399954,0.529,2.884,10.035,37.0568,0.12372,183605.3719017193,0.019,0
2026-09-29T10:28:16Z,4.903,17.8789,0.4534,14.1452,115.573,98.833179,0.4572,2.51,10.034,36.5986,0.12376,176506.31251551068,0.018,0
2026-09-29T10:28:16Z,4.903,17.851,0.4964,13.4788,124.598,106.484773,0.3872,2.287,10.031,36.2504,0.1238,214250.12373035433,0.018,0
2026-09-29T10:28:16Z,4.904,17.8155,0.5877,12.3717,139.838,119.437146,0.322,2.182,10.028,35.9441,0.1238,288609.0079583297,0.019,0
2026-09-29T10:28:16Z,4.911,17.7812,0.6412,11.8607,152.719,130.344547,0.2671,2.16,10.027,35.5619,0.12382,362250.01173844805,0.02,0
2026-09-29T10:28:16Z,4.921,17.7531,0.6437,11.9124,158.916,135.516348,0.234,2.148,10.026,35.0702,0.12386,401130.9616776781,0.023,0
2026-09-29T10:28:16Z,4.93,17.7293,0.6848,12.1773,159.411,135.81647,0.2139,2.111,10.024,34.5594,0.1238,404003.7263072954,0.024,0
2026-09-29T10:28:16Z,4.935,17.7054,0.7634,12.706,158.336,134.802291,0.2041,2.047,10.021,34.1187,0.1237,396848.747869707,0.023,0
2026-09-29T10:28:16Z,4.938,17.6751,0.787,13.0444,160.698,136.771713,0.2062,1.948,10.018,33.6987,0.12364,412714.2241005978,0.02,0
2026-09-29T10:28:16Z,4.943,17.6346,0.7785,13.1946,166.553,141.771579,0.2061,1.823,10.014,33.2679,0.12362,453821.9437273671,0.016,0
2026-09-29T10:28:16Z,4.948,17.5927,0.8193,14.8985,170.689,145.318361,0.2017,1.691,10.012,32.9535,0.12368,484877.0736521435,0.013,0
2026-09-29T10:28:16Z,4.951,17.5571,0.8723,18.001,170.484,145.14939,0.1972,1.564,10.009,32.7363,0.12379,484469.40062617435,0.011,0
2026-09-29T10:28:16Z,4.953,17.5429,0.9027,19.6896,168.49,143.428257,0.1867,1.435,10.006,32.3632,0.12383,470212.8999316244,0.009,0
2026-09-29T10:28:16Z,4.954,17.5563,0.921,20.0118,167.447,142.497524,0.1746,1.325,10.004,31.883,0.12382,462017.1756354496,0.007,0
2026-09-29T10:28:16Z,4.955,17.5667,0.9606,21.487,166.599,141.742338,0.1605,1.245,10.002,31.4902,0.12377,455448.5898184923,0.005,0
2026-09-29T10:28:16Z,4.956,17.5683,1.048,24.1694,166.413,141.568596,0.1501,1.184,9.999,31.0554,0.1237,453967.7483505958,0.005,0
2026-09-29T10:28:16Z,4.958,17.5619,1.1124,25.6635,168.575,143.39447,0.1364,1.156,9.996,30.4983,0.12375,469387.0536466727,0.006,0
2026-09-29T10:28:16Z,4.959,17.5438,1.1321,25.8535,171.32,145.703078,0.1248,1.149,9.994,29.9161,0.1238,489638.7258458171,0.007,0
2026-09-29T10:28:16Z,4.961,17.5332,1.1523,26.2284,172.024,146.26199,0.1195,1.122,9.992,29.3512,0.12374,494809.3994942792,0.007,0
2026-09-29T10:28:16Z,4.963,17.5309,1.2575,29.9909,169.668,144.219428,0.1113,1.078,9.99,28.8304,0.12366,477270.7379896139,0.008,0
2026-09-29T10:28:16Z,4.965,17.529,1.4304,36.9133,165.799,140.908929,0.1094,1.056,9.988,28.3515,0.12365,449606.97673123184,0.008,0
2026-09-29T10:28:16Z,4.967,17.5211,1.5112,40.6854,163.356,138.829716,0.111,1.042,9.986,27.9484,0.12365,432919.9210931954,0.008,0
2026-09-29T10:28:16Z,4.97,17.508,1.4849,41.2348,161.805,137.512906,0.1086,0.999,9.985,27.5699,0.12362,422754.5197793166,0.007,0
2026-09-29T10:28:16Z,4.972,17.494,1.2123,45.0931,157.734,134.042917,0.1014,0.936,9.984,27.045,0.12364,396147.65689567424,0.007,0
2026-09-29T10:28:16Z,4.973,17.4868,0.737,52.3907,160.082,136.018675,0.1004,0.882,9.983,26.506,0.12374,411548.0672146779,0.006,0
2026-09-29T10:28:16Z,4.975,17.4886,0.4819,56.4704,176.435,149.895231,0.1012,0.841,9.983,26.044,0.12377,528520.0419778083,0.006,0
2026-09-29T10:28:16Z,4.976,17.4908,0.4503,57.015,193.034,163.967054,0.0964,0.796,9.982,25.6746,0.1237,665817.6931957704,0.005,0
2026-09-29T10:28:16Z,4.977,17.4871,0.397,59.0783,202.455,171.902467,0.0886,0.742,9.98,25.3951,0.12375,752127.0180828127,0.004,0
2026-09-29T10:28:16Z,4.979,17.479,0.2951,62.9378,208.713,177.125552,0.0839,0.705,9.979,25.0737,0.12382,812756.9369664713,0.004,0
2026-09-29T10:28:16Z,4.979,17.4753,0.2339,65.0111,214.813,182.209625,0.0806,0.709,9.978,24.7141,0.12378,874346.9866551434,0.004,0
2026-09-29T10:28:16Z,4.98,17.4716,0.2311,64.4702,222.304,188.44756,0.0768,0.73,9.977,24.3161,0.12376,953658.7432129101,0.004,0
2026-09-29T10:28:16Z,4.981,17.4534,0.2194,56.5002,228.969,193.932796,0.0708,0.759,9.976,23.8755,0.12377,1027839.1716010665,0.003,0
2026-09-29T10:28:16Z,4.982,17.4268,0.184,41.8162,234.115,198.086837,0.0648,0.779,9.975,23.4306,0.12378,1087174.4540374218,0.003,0
2026-09-29T10:28:16Z,4.983,17.4095,0.153,33.7455,237.304,200.557445,0.0683,0.767,9.975,23.0661,0.12378,1123567.185529256,0.003,0
2026-09-29T10:28:16Z,4.983,17.3863,0.1273,32.9072,237,200.074875,0.0692,0.722,9.975,22.7385,0.12379,1118205.8916024622,0.003,0
2026-09-29T10:28:16Z,4.984,17.3481,0.1151,32.4316,235.006,198.200757,0.0728,0.633,9.975,22.3087,0.12381,1094009.7638365312,0.002,0
2026-09-29T10:28:16Z,4.985,17.3039,0.1296,31.8548,233.525,196.830707,0.0766,0.487,9.973,21.9135,0.12385,1077564.8060466375,0.002,0
2026-09-29T10:28:16Z,4.985,17.2539,0.1291,31.535,232.546,195.981562,0.0741,0.296,9.971,21.659,0.12387,1068902.8510322212,0.001,0
2026-09-29T10:28:16Z,4.985,17.2027,0.1163,31.4683,231.664,195.288547,0.0713,0.105,9.969,21.469,0.12385,1062522.629115865,0.001,0
2026-09-29T10:28:16Z,4.985,17.1598,0.1248,31.8004,230.611,194.463011,0.0627,-0.068,9.968,21.2519,0.12375,1053765.5029900232,0.001,0
2026-09-29T10:28:16Z,4.985,17.1314,0.1236,32.339,230.374,194.313561,0.0491,-0.238,9.967,20.8413,0.12369,1053510.143810219,0.001,0
2026-09-29T10:28:16Z,4.986,17.1267,0.1017,32.5159,230.83,194.760661,0.0285,-0.383,9.967,20.3751,0.12377,1060060.4605610466,0.001,0
2026-09-29T10:28:16Z,4.986,17.1456,0.0856,32.4701,230.658,194.689132,0.0087,-0.476,9.966,20.0036,0.12385,1057837.06871855,0.001,0
2026-09-29T10:28:16Z,4.986,17.1608,0.0869,32.7755,230.49,194.599935,-0.0057,-0.526,9.965,19.5321,0.12381,1055610.417080652,0.001,0
2026-09-29T10:28:16Z,4.986,17.1673,0.0921,33.4077,231.434,195.408887,-0.0238,-0.556,9.963,18.9769,0.12378,1066509.9619379845,0.001,0
2026-09-29T10:28:16Z,4.986,17.1812,0.0904,33.7593,233.092,196.795925,-0.0389,-0.577,9.961,18.4537,0.12381,1085166.6231323231,0.001,0
2026-09-29T10:28:16Z,4.986,17.201,0.0919,33.7825,233.707,197.300689,-0.0471,-0.589,9.959,17.9374,0.12381,1091019.5471531993,0.001,0
2026-09-29T10:28:16Z,4.987,17.2142,0.0933,33.8585,232.338,196.139707,-0.051,-0.594,9.956,17.4664,0.12379,1073719.8582189416,0.001,0
2026-09-29T10:28:16Z,4.987,17.215,0.0895,34.03,230.518,194.590015,-0.0536,-0.593,9.953,16.975,0.12379,1051985.3004267393,0.001,0
2026-09-29T10:28:16Z,4.987,17.2097,0.088,34.1474,229.761,193.911994,-0.056,-0.6,9.951,16.2985,0.12378,1042920.7228981113,0.001,0
2026-09-29T10:28:16Z,4.987,17.2061,0.1002,34.2199,229.809,193.889079,-0.0565,-0.609,9.949,15.5674,0.12376,1042832.855299215,0.001,0
2026-09-29T10:28:16Z,4.988,17.2062,0.1203,34.5986,229.856,193.865247,-0.0579,-0.602,9.947,14.9323,0.12372,1042496.8393024977,0.001,0
2026-09-29T10:28:16Z,4.988,17.2055,0.1228,35.2425,229.401,193.431918,-0.0563,-0.602,9.946,14.2113,0.12369,1036558.2541458263,0.001,0
2026-09-29T10:28:16Z,4.988,17.1969,0.114,35.5827,229.151,193.189746,-0.0576,-0.637,9.945,13.3033,0.12372,1033766.1122531203,0.001,0
2026-09-29T10:28:16Z,4.988,17.1805,0.1301,35.7401,229.902,193.814601,-0.0596,-0.681,9.944,12.472,0.12377,1043432.1914675582,0,0
2026-09-29T10:28:16Z,4.988,17.1657,0.1511,36.2573,230.967,194.720314,-0.0579,-0.72,9.942,11.7315,0.12381,1056974.3558923865,1.8628e-8,0
2026-09-29T10:28:16Z,4.988,17.1549,0.1436,36.9516,231.652,195.315971,-0.0559,-0.768,9.94,10.8021,0.12382,1066013.2454318951,2.0491e-7,0
2026-09-29T10:28:16Z,4.988,17.1473,0.1396,37.3379,231.716,195.389097,-0.0611,-0.807,9.939,9.8393,0.12381,1067535.5462532726,2.0491e-7,0
2026-09-29T10:28:16Z,4.988,17.1462,0.1519,37.5454,231.122,194.901054,-0.067,-0.842,9.936,9.0387,0.12382,1060762.2575801192,1.8633e-8,0
2026-09-29T10:28:16Z,4.989,17.1485,0.1592,37.8551,230.519,194.403177,-0.0674,-0.871,9.934,8.2636,0.12382,1053658.825574181,1.7539e-9,0
2026-09-29T10:28:16Z,4.989,17.1529,0.1613,38.2466,230.37,194.293407,-0.0758,-0.874,9.932,7.4366,0.12378,1051846.531039417,8.1978e-10,0
2026-09-29T10:28:16Z,4.989,17.158,0.1613,38.5214,230.094,194.085462,-0.0772,-0.859,9.929,6.6112,0.12379,1048626.7906225144,7.3382e-9,0
2026-09-29T10:28:16Z,4.989,17.1599,0.1585,38.5824,229.174,193.359726,-0.0809,-0.837,9.926,5.8554,0.1238,1038450.6267842554,8.0567e-8,0
2026-09-29T10:28:16Z,4.988,17.162,0.1619,38.642,227.814,192.296867,-0.0857,-0.827,9.924,5.0952,0.12375,1023700.5327706842,1.4773e-7,0
2026-09-29T10:28:16Z,4.988,17.1653,0.1687,38.7645,226.764,191.529395,-0.0838,-0.831,9.921,4.3019,0.12367,1013020.0467631905,8.0873e-8,0
2026-09-29T10:28:16Z,4.989,17.1691,0.1737,38.8339,227.113,191.945154,-0.0839,-0.842,9.917,3.5778,0.1237,1018449.6703656598,1.0711e-8,0
2026-09-29T10:28:16Z,4.989,17.1791,0.1731,38.8657,228.933,193.55138,-0.0792,-0.854,9.915,2.7933,0.1238,1039880.1230226126,3.7921e-8,0
2026-09-29T10:28:16Z,4.989,17.1978,0.1781,38.9782,231.16,195.411894,-0.0793,-0.849,9.912,1.9577,0.1238,1064567.8515663038,4.0987e-7,0
2026-09-29T10:28:16Z,4.989,17.226,0.1835,39.17,233.156,196.982737,-0.0799,-0.842,9.91,1.2179,0.12368,1084847.2859420555,0,0
2026-09-29T10:28:16Z,4.989,17.2581,0.1802,39.271,235.161,198.474483,-0.0802,-0.842,9.907,0.5597,0.12363,1103937.197839645,0,0
2026-09-29T10:28:16Z,4.989,17.2758,0.1797,39.2431,237.297,200.016893,-0.0837,-0.855,9.905,-0.0639,0.1237,1124918.7383589607,0.001,0
2026-09-29T10:28:16Z,4.989,17.2708,0.1701,38.9355,239.139,201.303794,-0.0806,-0.876,9.902,-0.6443,0.12375,1143972.6468068238,0.001,0
2026-09-29T10:28:16Z,4.989,17.2452,0.1719,38.4549,240.312,202.072144,-0.0811,-0.886,9.898,-1.1231,0.12371,1157038.7160859173,0.001,0
2026-09-29T10:28:16Z,4.989,17.2006,0.1763,38.2829,241.041,202.525871,-0.0804,-0.886,9.897,-1.7225,0.12373,1166902.1032684161,0.001,0
2026-09-29T10:28:16Z,4.99,17.1415,0.1573,38.2572,241.995,203.207116,-0.0816,-0.894,9.896,-2.5573,0.1238,1181277.4214790137,0.001,0
2026-09-29T10:28:16Z,4.99,17.081,0.1323,38.0758,243.568,204.423134,-0.0856,-0.934,9.895,-3.3011,0.12379,1203983.2038944762,0.001,0
2026-09-29T10:28:16Z,4.991,17.0346,0.1077,37.9001,245.31,205.776414,-0.0852,-0.97,9.895,-3.8328,0.12376,1228063.9027896589,0.001,0
2026-09-29T10:28:16Z,4.991,17.0043,0.0924,37.8398,246.808,206.90114,-0.0864,-0.971,9.895,-4.34,0.12377,1247707.7123987807,0.001,0
2026-09-29T10:28:16Z,4.991,16.9806,0.0897,37.6199,248.574,208.232257,-0.0836,-0.966,9.894,-5.0455,0.12377,1270291.6847261402,0.001,0
2026-09-29T10:28:16Z,4.991,16.9603,0.092,35.5145,251.726,210.736409,-0.091,-0.971,9.893,-6.2543,0.12382,1311563.924549821,0.002,0
2026-09-29T10:28:16Z,4.991,16.9404,0.1119,31.7863,257.665,215.611297,-0.0958,-0.982,9.892,-7.9423,0.12382,1392667.9180829485,0.003,0
2026-09-29T10:28:16Z,4.991,16.9131,0.1302,29.7079,266.402,222.878302,-0.0937,-0.991,9.888,-9.6233,0.12372,1519042.8135723616,0.005,0
2026-09-29T10:28:16Z,4.992,16.8801,0.1302,28.8991,275.607,230.53931,-0.0931,-0.994,9.882,-10.9206,0.12368,1660186.892586031,0.007,0
2026-09-29T10:28:16Z,4.995,16.8515,0.12,22.4851,282.96,236.570826,-0.0936,-0.979,9.874,-11.7544,0.12373,1777168.706519396,0.008,0
2026-09-29T10:28:16Z,4.998,16.831,0.0818,10.7407,287.242,239.937942,-0.0957,-0.962,9.868,-12.2185,0.12378,1845176.7186011514,0.009,0
2026-09-29T10:28:16Z,5.002,16.8254,0.0424,4.3055,288.297,240.555656,-0.0956,-0.961,9.865,-12.5754,0.12377,1858039.1827180537,0.009,0
2026-09-29T10:28:16Z,5.004,16.8271,0.0107,3.6025,287.732,239.809657,-0.098,-0.979,9.864,-12.9715,0.12376,1843085.9451390842,0.008,0
2026-09-29T10:28:16Z,5.006,16.8058,-0.0191,3.0597,287.213,239.121441,-0.0948,-1.004,9.864,-13.3948,0.1238,1831929.6717618166,0.006,0
2026-09-29T10:28:16Z,5.006,16.7647,-0.0343,2.3883,287.526,239.155827,-0.0926,-1.018,9.864,-13.8216,0.12383,1837243.1517061891,0.004,0
2026-09-29T10:28:16Z,5.007,16.7166,-0.0409,2.0778,289.118,240.289168,-0.0929,-1.043,9.865,-14.002,0.1238,1865196.7575764826,0.002,0
2026-09-29T10:28:16Z,5.007,16.6669,-0.0408,2.0382,291.278,241.92886,-0.0943,-1.077,9.868,-13.7693,0.12375,1903873.1957275944,0.001,0
2026-09-29T10:28:16Z,5.007,16.622,-0.033,2.0457,292.732,243.02171,-0.0994,-1.105,9.871,-13.5024,0.12378,1931371.867210716,0,0
2026-09-29T10:28:16Z,5.007,16.5824,-0.0052,2.1691,293.247,243.375298,-0.098,-1.142,9.873,-13.6142,0.1238,1943335.8661869066,2.066e-8,0
2026-09-29T10:28:16Z,5.007,16.5496,0.0301,2.3003,292.92,243.06309099999999,-0.1011,-1.17,9.876,-13.9164,0.1238,1940865.6878107227,2.2725e-7,0
2026-09-29T10:28:16Z,5.007,16.5228,0.0436,2.3339,291.499,241.874827,-0.1063,-1.179,9.879,-14.1454,0.12377,1919769.1381946544,2.2725e-7,0
2026-09-29T10:28:16Z,5.007,16.5024,0.0411,2.3369,289.779,240.481411,-0.1064,-1.179,9.883,-14.3174,0.1237,1893882.4064138508,2.0644e-8,0
2026-09-29T10:28:16Z,5.007,16.4908,0.0418,2.3369,289.117,239.995831,-0.1122,-1.183,9.886,-14.5337,0.12371,1885428.4876001102,1.7075e-9,0
2026-09-29T10:28:16Z,5.007,16.4844,0.0277,2.3337,289.417,240.298086,-0.1153,-1.208,9.89,-14.9538,0.12374,1892280.4261852598,1.1662e-12,0
2026-09-29T10:28:16Z,5.007,16.4808,-0.0052,2.2639,289.71,240.546919,-0.115,-1.226,9.894,-15.4395,0.1237,1897738.5028265074,1.2828e-11,0
2026-09-29T10:28:16Z,5.007,16.4875,-0.0229,2.1072,289.488,240.312636,-0.1155,-1.227,9.897,-15.502,0.12368,1892212.1674544013,1.4111e-10,0
2026-09-29T10:28:16Z,5.007,16.5022,-0.0191,2.0109,288.942,239.772601,-0.1136,-1.242,9.901,-15.1924,0.12368,1879603.9658047636,1.5522e-9,0
2026-09-29T10:28:16Z,5.008,16.5132,0.0069,2.056,288.908,239.657251,-0.1186,-1.259,9.906,-15.3095,0.12373,1876007.6259966455,1.7074e-8,0
2026-09-29T10:28:16Z,5.008,16.5149,0.0254,2.1395,289.791,240.32781,-0.1211,-1.27,9.91,-16.0575,0.12377,1889318.277517535,1.8781e-7,0
2026-09-29T10:28:16Z,5.008,16.5049,0.0052,2.1323,290.809,241.150619,-0.118,-1.275,9.914,-16.9239,0.12379,1907150.9447952982,1.8781e-7,0
2026-09-29T10:28:16Z,5.008,16.4873,0.0037,2.1396,291.554,241.786502,-0.1218,-1.263,9.918,-17.6964,0.12384,1922180.1195832242,1.7074e-8,0
2026-09-29T10:28:16Z,5.008,16.4707,0.0317,2.2281,292.444,242.56816800000001,-0.123,-1.243,9.922,-18.5157,0.12384,1940166.6254232088,1.5522e-9,0
2026-09-29T10:28:16Z,5.008,16.4594,0.0273,2.3137,293.341,243.358685,-0.1238,-1.224,9.926,-19.4307,0.12379,1957810.6443505322,1.4113e-10,0
2026-09-29T10:28:16Z,5.008,16.4554,-0.007,2.3555,293.813,243.78093,-0.1257,-1.219,9.929,-20.327,0.12375,1967031.1109901895,1.3061e-11,0
2026-09-29T10:28:16Z,5.008,16.4594,-0.0332,2.2888,293.93,243.891577,-0.1233,-1.229,9.933,-21.265,0.12376,1968837.373973054,3.7316e-12,0
2026-09-29T10:28:16Z,5.008,16.4685,-0.0398,2.1573,293.963,243.927307,-0.1217,-1.247,9.935,-22.341,0.1238,1968470.4336863435,2.8326e-11,0
2026-09-29T10:28:16Z,5.008,16.4776,-0.0376,2.063,293.827,243.828323,-0.1189,-1.265,9.939,-23.3558,0.12382,1965314.3973669885,3.1043e-10,0
2026-09-29T10:28:16Z,5.008,16.4831,-0.0399,2.0375,292.975,243.143508,-0.1183,-1.28,9.943,-24.242,0.12374,1950509.5100627826,3.4146e-9,0
2026-09-29T10:28:16Z,5.008,16.4845,-0.0339,2.0529,291.318,241.800865,-0.12,-1.303,9.946,-25.2262,0.12367,1922805.9931306504,3.7561e-8,0
2026-09-29T10:28:16Z,5.008,16.485,-0.0074,2.1468,289.586,240.414109,-0.1216,-1.321,9.948,-26.3942,0.12371,1894557.2696138208,4.1317e-7,0
2026-09-29T10:28:16Z,5.008,16.4874,0.0227,2.2852,288.351,239.451691,-0.1242,-1.325,9.951,-27.6097,0.12376,1874864.1033998844,0,0
2026-09-29T10:28:16Z,5.008,16.4912,0.0396,2.3248,287.616,238.880797,-0.124,-1.321,9.953,-28.7372,0.12377,1862968.899930416,0,0
2026-09-29T10:28:16Z,5.008,16.4959,0.0301,2.2851,287.185,238.510421,-0.1274,-1.311,9.954,-29.8741,0.12379,1855021.3218877602,0.001,0
2026-09-29T10:28:16Z,5.008,16.5044,-0.0013,2.2145,286.92,238.24189,-0.1299,-1.316,9.956,-31.2031,0.12381,1848691.503965605,0.001,0
2026-09-29T10:28:16Z,5.009,16.5185,-0.0234,2.222,286.605,237.941028,-0.1288,-1.339,9.96,-32.5888,0.12384,1841097.7314944295,0.002,0
2026-09-29T10:28:16Z,5.01,16.5279,-0.0293,2.7529,286.08,237.500118,-0.1298,-1.354,9.965,-33.7223,0.12385,1831285.546205442,0.002,0
2026-09-29T10:28:16Z,5.01,16.5242,-0.0307,3.6801,285.79,237.268531,-0.1271,-1.354,9.969,-34.7554,0.12381,1827120.4407448955,0.001,0
2026-09-29T10:28:16Z,5.011,16.5124,-0.0317,4.1404,286.169,237.576085,-0.1272,-1.334,9.972,-35.874,0.12378,1834545.4957907512,0.001,0
