DateTime,Depth_m,Temp_C,Chla_ugL,Turbidity_NTU,Cond_uScm,SpCond_uScm,DO_mgL,DOsat_percent,pH,ORP_mV,PAR,Salinity,DescRate_ms ,Flag
2026-10-06T10:49:33Z,-0.107,18.6634,0.4369,2.4553,47.073,41.115267,5.4546,57.785,9.798,65.2505,1407.6,17938.413161063785,0.051,0
2026-10-06T10:49:33Z,-0.091,18.6631,0.4132,2.5068,47.125,41.163951,5.4464,57.717,9.793,64.9627,1243.7,17992.0932024309,0.071,0
2026-10-06T10:49:33Z,-0.067,18.6629,0.4382,2.6306,47.199,41.231296,5.4288,57.698,9.789,64.9527,990.24,18066.296941385153,0.088,0
2026-10-06T10:49:33Z,-0.039,18.6637,0.4558,2.6537,47.27,41.294871,5.4027,57.72,9.785,66.6772,723.64,18135.508241898715,0.101,0
2026-10-06T10:49:33Z,-0.007,18.6664,0.4347,2.6148,47.347,41.361412,5.3954,57.789,9.783,69.0361,539.65,18206.204309523153,0.106,0
2026-10-06T10:49:33Z,0.025,18.6706,0.3912,2.6388,47.396,41.401164,5.3868,57.908,9.783,68.6089,475.99,18245.84426372701,0.105,0
2026-10-06T10:49:33Z,0.054,18.6744,0.3881,2.7732,47.393,41.394694,5.3854,57.963,9.783,66.6748,387.27,18234.75987103045,0.101,0
2026-10-06T10:49:33Z,0.076,18.6761,0.4306,2.8741,47.415,41.410116,5.3883,57.845,9.781,65.3535,222.22,18250.070706659197,0.093,0
2026-10-06T10:49:33Z,0.096,18.675,0.447,2.7989,47.478,41.460692,5.3909,57.522,9.778,64.5927,105.27,18307.247519549957,0.082,0
2026-10-06T10:49:33Z,0.116,18.6716,0.42,2.6504,47.526,41.498462,5.4099,57.006,9.775,64.2739,71.323,18352.70034527533,0.068,0
2026-10-06T10:49:33Z,0.137,18.6674,0.3875,2.6493,47.516,41.485969,5.4182,56.344,9.775,64.1658,53.728,18343.183842335882,0.052,0
2026-10-06T10:49:33Z,0.153,18.6629,0.3864,2.7853,47.463,41.436567,5.4086,55.599,9.775,64.1467,43.773,18293.022593696234,0.037,0
2026-10-06T10:49:33Z,0.159,18.6585,0.3987,2.792,47.434,41.408894,5.3788,54.845,9.776,64.129,39.23,18266.90096158148,0.023,0
2026-10-06T10:49:33Z,0.157,18.6543,0.4031,2.6283,47.432,41.405245,5.329,54.152,9.777,64.124,36.923,18267.20099339524,0.01,0
2026-10-06T10:49:33Z,0.153,18.6503,0.4142,2.5821,47.419,41.392441,5.266,53.578,9.779,64.1712,35.98,18257.14996683434,0.002,0
2026-10-06T10:49:33Z,0.149,18.6467,0.4086,2.7117,47.407,41.381015,5.1936,53.145,9.781,64.184,36.271,18248.213511121932,0.002,0
2026-10-06T10:49:33Z,0.148,18.6441,0.4011,2.8292,47.423,41.39403,5.122,52.87,9.784,64.107,37.732,18265.32135600842,0.008,0
2026-10-06T10:49:33Z,0.15,18.642,0.4073,2.8066,47.456,41.422869,5.0543,52.764,9.787,64.015,39.752,18299.4780950165,0.016,0
2026-10-06T10:49:33Z,0.156,18.6406,0.4088,2.6772,47.517,41.475837,5.0011,52.759,9.788,63.8455,41.354,18359.770902076118,0.026,0
2026-10-06T10:49:33Z,0.167,18.6397,0.4111,2.5978,47.576,41.526716,4.9605,52.795,9.789,63.6062,42.229,18417.342080091952,0.035,0
2026-10-06T10:49:33Z,0.18,18.639,0.3921,2.5974,47.582,41.530293,4.9328,52.87,9.791,63.616,42.027,18422.05765408135,0.043,0
2026-10-06T10:49:33Z,0.19,18.6388,0.3882,2.6721,47.571,41.51908,4.9265,52.973,9.793,63.9643,40.165,18409.772347170816,0.051,0
2026-10-06T10:49:33Z,0.201,18.6388,0.4052,2.7156,47.572,41.51807,4.9289,53.079,9.794,64.2041,37.428,18408.646639871065,0.056,0
2026-10-06T10:49:33Z,0.215,18.638,0.4071,2.6451,47.573,41.518083,4.931,53.153,9.794,64.3639,34.978,18409.49464945126,0.058,0
2026-10-06T10:49:33Z,0.234,18.6361,0.4104,2.6393,47.575,41.519229,4.9389,53.143,9.795,64.6921,32.964,18412.751805984826,0.057,0
2026-10-06T10:49:33Z,0.254,18.6341,0.4123,2.748,47.591,41.53193,4.9496,53.048,9.796,64.9886,31.447,18428.992456190954,0.055,0
2026-10-06T10:49:33Z,0.269,18.6325,0.4213,2.8662,47.606,41.544718,4.9603,52.928,9.797,65.1958,30.659,18444.923139758786,0.051,0
2026-10-06T10:49:33Z,0.278,18.6314,0.4198,2.8388,47.608,41.546913,4.9701,52.813,9.798,65.3899,30.449,18448.521071245912,0.044,0
2026-10-06T10:49:33Z,0.286,18.6306,0.4105,2.6902,47.621,41.558462,4.9696,52.706,9.799,65.6158,30.797,18462.24467970821,0.034,0
2026-10-06T10:49:33Z,0.295,18.6303,0.4089,2.6072,47.62,41.557422,4.957,52.612,9.8,65.7763,31.752,18461.397106804587,0.025,0
2026-10-06T10:49:33Z,0.302,18.63,0.4003,2.6541,47.594,41.534335,4.9458,52.532,9.801,65.8674,32.893,18435.952830577506,0.019,0
2026-10-06T10:49:33Z,0.305,18.6296,0.4143,2.8126,47.592,41.533192,4.9349,52.457,9.803,66.1149,33.735,18435.0957989751,0.018,0
2026-10-06T10:49:33Z,0.305,18.6297,0.42,2.8502,47.604,41.543607,4.9244,52.368,9.806,66.3593,34.182,18446.608143044712,0.018,0
2026-10-06T10:49:33Z,0.306,18.6296,0.387,2.7672,47.593,41.533327,4.9162,52.288,9.81,66.4137,34.319,18435.246516907362,0.021,0
2026-10-06T10:49:33Z,0.312,18.6295,0.3725,2.7327,47.595,41.535822,4.9083,52.254,9.812,66.5998,34.192,18438.13306472284,0.029,0
2026-10-06T10:49:33Z,0.322,18.6298,0.3951,2.74,47.638,41.573787,4.9029,52.265,9.812,66.9748,33.872,18480.190499174303,0.041,0
2026-10-06T10:49:33Z,0.331,18.6301,0.4275,2.8214,47.682,41.611545,4.8936,52.304,9.812,67.2482,33.226,18522.076272935476,0.052,0
2026-10-06T10:49:33Z,0.345,18.6302,0.4308,2.7948,47.682,41.611537,4.8837,52.351,9.812,67.4109,32.114,18521.961859062638,0.057,0
2026-10-06T10:49:33Z,0.366,18.63,0.4015,2.6904,47.639,41.573687,4.8816,52.403,9.813,67.5654,31.555,18479.8670103984,0.056,0
2026-10-06T10:49:33Z,0.39,18.6303,0.3806,2.6524,47.594,41.534715,4.8828,52.442,9.814,67.739,32.041,18436.05826173752,0.051,0
2026-10-06T10:49:33Z,0.406,18.6309,0.3955,2.643,47.578,41.521149,4.8873,52.402,9.815,67.8755,32.671,18420.30658142285,0.043,0
2026-10-06T10:49:33Z,0.412,18.6308,0.4146,2.6797,47.596,41.53659,4.892,52.253,9.818,68.0116,33.433,18437.62581928827,0.035,0
2026-10-06T10:49:33Z,0.412,18.6308,0.3961,2.6521,47.662,41.594478,4.896,52.032,9.819,68.2666,34.371,18502.255401069844,0.029,0
2026-10-06T10:49:33Z,0.411,18.6302,0.3794,2.6507,47.726,41.649857,4.9039,51.821,9.819,68.4629,35.347,18564.847977137273,0.027,0
2026-10-06T10:49:33Z,0.416,18.6295,0.3793,2.6974,47.709,41.634951,4.9006,51.706,9.82,68.4923,36.429,18548.89236139495,0.03,0
2026-10-06T10:49:33Z,0.429,18.6296,0.3858,2.7381,47.675,41.604644,4.8855,51.703,9.822,68.5362,37.175,18514.877937618374,0.035,0
2026-10-06T10:49:33Z,0.444,18.63,0.4086,2.7329,47.672,41.600765,4.862,51.767,9.824,68.7348,37.414,18510.12039275881,0.04,0
2026-10-06T10:49:33Z,0.457,18.6305,0.4049,2.532,47.657,41.588054,4.8384,51.814,9.825,69.0015,37.422,18495.388112119766,0.043,0
2026-10-06T10:49:33Z,0.467,18.63,0.3747,2.3924,47.646,41.577886,4.8277,51.779,9.826,69.1796,37.047,18484.551369139554,0.043,0
2026-10-06T10:49:33Z,0.475,18.629,0.3678,2.4115,47.678,41.60477,4.8291,51.669,9.827,69.3391,36.307,18515.645709073484,0.042,0
2026-10-06T10:49:33Z,0.485,18.6283,0.3883,2.5235,47.741,41.659228,4.8381,51.517,9.828,69.4669,35.605,18577.341954396656,0.039,0
2026-10-06T10:49:33Z,0.496,18.6277,0.4134,2.689,47.748,41.665114,4.8457,51.342,9.829,69.5211,34.931,18584.569806781055,0.034,0
2026-10-06T10:49:33Z,0.507,18.6272,0.4136,2.6697,47.688,41.612465,4.8415,51.174,9.83,69.6499,34.381,18526.13954451306,0.029,0
2026-10-06T10:49:33Z,0.517,18.6267,0.3919,2.6321,47.667,41.593879,4.8292,51.028,9.831,69.8196,34.119,18505.878749678603,0.025,0
2026-10-06T10:49:33Z,0.521,18.6265,0.4004,2.7463,47.709,41.630788,4.8158,50.923,9.833,70.0242,34.016,18547.379147085077,0.022,0
2026-10-06T10:49:33Z,0.521,18.6261,0.4494,2.8207,47.764,41.677917,4.7972,50.857,9.834,70.2309,34.146,18600.60922057919,0.022,0
2026-10-06T10:49:33Z,0.522,18.6253,0.4845,2.7458,47.812,41.71943,4.7821,50.795,9.835,70.2536,34.303,18648.049465683373,0.022,0
2026-10-06T10:49:33Z,0.529,18.625,0.4757,2.5931,47.849,41.751906,4.7676,50.725,9.837,70.2129,34.133,18684.871030643044,0.025,0
2026-10-06T10:49:33Z,0.539,18.6249,0.4675,2.5791,47.852,41.753232,4.7569,50.642,9.838,70.2552,33.81,18686.467721007066,0.03,0
2026-10-06T10:49:33Z,0.549,18.6247,0.4852,2.7134,47.833,41.735467,4.7537,50.547,9.84,70.4204,33.399,18666.703220225925,0.034,0
2026-10-06T10:49:33Z,0.558,18.6244,0.4897,2.7481,47.825,41.727511,4.747,50.447,9.841,70.6622,32.684,18658.078384286127,0.036,0
2026-10-06T10:49:33Z,0.567,18.6239,0.4808,2.5892,47.817,41.720498,4.7413,50.332,9.843,70.7696,31.814,18650.72666845323,0.036,0
2026-10-06T10:49:33Z,0.577,18.6229,0.4612,2.3969,47.811,41.714143,4.7333,50.177,9.843,70.7726,31.17,18644.64399703117,0.032,0
2026-10-06T10:49:33Z,0.587,18.6219,0.4522,2.405,47.811,41.714143,4.724,49.986,9.843,70.7836,30.629,18645.700394617706,0.027,0
2026-10-06T10:49:33Z,0.594,18.6211,0.4799,2.5849,47.818,41.720499,4.7152,49.798,9.844,70.817,30.028,18653.686640392036,0.022,0
2026-10-06T10:49:33Z,0.599,18.6204,0.4965,2.6928,47.826,41.727525,4.7057,49.618,9.845,70.9186,29.449,18662.322840709832,0.017,0
2026-10-06T10:49:33Z,0.6,18.6202,0.4948,2.6506,47.836,41.735628,4.6918,49.469,9.846,71.0651,28.937,18671.643749968618,0.013,0
2026-10-06T10:49:33Z,0.6,18.6201,0.4852,2.5868,47.858,41.755001,4.6707,49.397,9.847,71.2122,28.496,18693.540234791362,0.012,0
2026-10-06T10:49:33Z,0.601,18.62,0.4714,2.6736,47.877,41.771357,4.6544,49.388,9.849,71.3205,28.163,18712.055775429682,0.013,0
2026-10-06T10:49:33Z,0.605,18.6197,0.4698,2.846,47.917,41.806448,4.6373,49.426,9.849,71.3419,28.118,18751.909762492876,0.017,0
2026-10-06T10:49:33Z,0.61,18.6195,0.4738,2.8942,47.981,41.861937,4.6197,49.491,9.85,71.3858,28.395,18814.747361716625,0.022,0
2026-10-06T10:49:33Z,0.618,18.6198,0.4612,2.778,47.991,41.871039,4.6153,49.542,9.85,71.5068,28.75,18824.71168180124,0.028,0
2026-10-06T10:49:33Z,0.625,18.6199,0.4178,2.6372,47.971,41.853041,4.6146,49.565,9.85,71.5137,28.781,18804.271000703462,0.033,0
2026-10-06T10:49:33Z,0.634,18.6198,0.3988,2.6602,47.951,41.834732,4.6181,49.541,9.85,71.4692,28.164,18783.706370374704,0.039,0
2026-10-06T10:49:33Z,0.645,18.6196,0.4142,2.8173,47.886,41.776602,4.6269,49.448,9.85,71.5707,27.059,18718.383748201235,0.044,0
2026-10-06T10:49:33Z,0.656,18.6191,0.4215,2.9309,47.822,41.721419,4.631,49.297,9.849,71.7953,25.908,18656.83220866069,0.048,0
2026-10-06T10:49:33Z,0.67,18.6185,0.4115,2.8722,47.84,41.738731,4.6341,49.117,9.849,72.0341,24.653,18676.92902053049,0.052,0
2026-10-06T10:49:33Z,0.685,18.6174,0.3846,2.6882,47.902,41.795517,4.6333,48.944,9.848,72.1341,23.418,18742.02793669965,0.053,0
2026-10-06T10:49:33Z,0.7,18.6165,0.3787,2.6532,47.945,41.836793,4.6239,48.788,9.847,72.1437,22.526,18789.544396910394,0.05,0
2026-10-06T10:49:33Z,0.714,18.6169,0.3904,2.8248,47.964,41.856989,4.6092,48.65,9.847,72.1505,21.803,18811.925146179074,0.045,0
2026-10-06T10:49:33Z,0.727,18.6183,0.3848,2.9186,47.951,41.849299,4.5903,48.556,9.847,72.0444,21.298,18801.745080676388,0.039,0
2026-10-06T10:49:33Z,0.735,18.6208,0.3609,2.7968,47.9,41.807291,4.5737,48.539,9.847,71.9794,21.006,18751.68303991303,0.034,0
2026-10-06T10:49:33Z,0.74,18.6248,0.3266,2.6501,47.882,41.793358,4.5596,48.589,9.847,72.1394,20.801,18731.730731715095,0.031,0
2026-10-06T10:49:33Z,0.744,18.6293,0.3283,2.7166,47.969,41.871251,4.5445,48.617,9.847,72.2574,20.824,18814.806329906718,0.031,0
2026-10-06T10:49:33Z,0.749,18.6332,0.3733,2.8829,48.101,41.987455,4.5347,48.566,9.847,72.2025,20.876,18942.15999785468,0.033,0
2026-10-06T10:49:33Z,0.759,18.6357,0.3961,2.9189,48.178,42.055918,4.5318,48.469,9.846,72.164,20.657,19017.21494122544,0.036,0
2026-10-06T10:49:33Z,0.772,18.6377,0.3706,2.8109,48.188,42.064342,4.5408,48.339,9.845,72.1346,20.248,19024.635336487387,0.039,0
2026-10-06T10:49:33Z,0.785,18.6392,0.3316,2.6704,48.218,42.089306,4.5461,48.151,9.845,72.1057,19.759,19051.41608123057,0.041,0
2026-10-06T10:49:33Z,0.796,18.6407,0.3315,2.7573,48.31,42.167346,4.538,47.904,9.846,72.1587,19.282,19138.739191206227,0.044,0
2026-10-06T10:49:33Z,0.804,18.6421,0.362,3.0078,48.403,42.246261,4.5288,47.59,9.846,72.2599,18.817,19227.417775256814,0.046,0
2026-10-06T10:49:33Z,0.812,18.6421,0.3757,3.1022,48.448,42.281819,4.5183,47.175,9.845,72.3821,18.206,19268.146622658525,0.048,0
2026-10-06T10:49:33Z,0.825,18.6407,0.3639,3.0112,48.451,42.279916,4.5005,46.682,9.845,72.4322,17.496,19267.495094998092,0.05,0
2026-10-06T10:49:33Z,0.842,18.6383,0.3528,2.8632,48.464,42.286718,4.477,46.164,9.845,72.4357,16.875,19277.916520918876,0.05,0
2026-10-06T10:49:33Z,0.858,18.6355,0.3658,2.8157,48.484,42.30058,4.4506,45.599,9.846,72.5099,16.392,19296.88019703549,0.049,0
2026-10-06T10:49:33Z,0.872,18.6315,0.3792,2.8471,48.511,42.32058,4.4113,44.95,9.846,72.6416,16.088,19324.222750073546,0.045,0
2026-10-06T10:49:33Z,0.882,18.6267,0.382,2.8672,48.535,42.338105,4.3619,44.26,9.846,72.7369,15.962,19349.628008510717,0.039,0
2026-10-06T10:49:33Z,0.89,18.6223,0.3665,2.8187,48.52,42.322067,4.316,43.609,9.846,72.8024,15.894,19336.02351601397,0.032,0
2026-10-06T10:49:33Z,0.895,18.618,0.3492,2.7732,48.517,42.317076,4.2657,43.046,9.847,72.8312,15.856,19335.006547503755,0.026,0
2026-10-06T10:49:33Z,0.9,18.6144,0.3732,2.8644,48.547,42.341226,4.2033,42.58,9.849,72.741,15.819,19366.732664417836,0.022,0
2026-10-06T10:49:33Z,0.905,18.6112,0.3989,2.9306,48.571,42.360171,4.136,42.171,9.849,72.7443,15.756,19392.06110850022,0.02,0
2026-10-06T10:49:33Z,0.91,18.6082,0.3849,2.8563,48.567,42.355731,4.0737,41.807,9.85,72.8705,15.654,19390.250594285633,0.02,0
2026-10-06T10:49:33Z,0.914,18.6059,0.3459,2.7169,48.562,42.351008,4.0209,41.549,9.852,72.9766,15.453,19387.343335306745,0.021,0
2026-10-06T10:49:33Z,0.919,18.6038,0.318,2.6804,48.581,42.36654,3.979,41.426,9.852,72.9947,15.199,19407.549060158726,0.022,0
2026-10-06T10:49:33Z,0.925,18.6022,0.3302,2.7905,48.567,42.353107,3.943,41.396,9.852,72.9171,14.938,19393.83434309693,0.024,0
2026-10-06T10:49:33Z,0.932,18.6009,0.3519,2.7842,48.525,42.315525,3.9048,41.412,9.852,72.9853,14.631,19352.000400011482,0.027,0
2026-10-06T10:49:33Z,0.94,18.5997,0.3396,2.6047,48.5,42.292965,3.8797,41.455,9.852,73.2169,14.306,19327.374228081797,0.03,0
2026-10-06T10:49:33Z,0.947,18.5989,0.3222,2.4988,48.475,42.270745,3.8708,41.518,9.852,73.3941,13.992,19302.718594252714,0.032,0
2026-10-06T10:49:33Z,0.955,18.5981,0.325,2.563,48.437,42.237275,3.8691,41.552,9.852,73.4071,13.649,19265.172426672307,0.034,0
2026-10-06T10:49:33Z,0.965,18.5974,0.3244,2.6639,48.402,42.205643,3.8724,41.537,9.852,73.3739,13.279,19229.6676006509,0.035,0
2026-10-06T10:49:33Z,0.975,18.5964,0.3146,2.6943,48.402,42.205631,3.8745,41.502,9.852,73.4223,12.919,19230.745089870186,0.034,0
2026-10-06T10:49:33Z,0.985,18.5957,0.30620000000000003,2.7593,48.438,42.237137,3.8838,41.445,9.852,73.562,12.617,19267.637750104826,0.033,0
2026-10-06T10:49:33Z,0.994,18.5955,0.3058,2.8688,48.475,42.269225,3.8884,41.405,9.853,73.7731,12.39,19304.6965446496,0.03,0
2026-10-06T10:49:33Z,1.002,18.595,0.3187,2.9602,48.484,42.276249,3.8835,41.461,9.853,73.9095,12.254,19313.314559303108,0.026,0
2026-10-06T10:49:33Z,1.007,18.5945,0.3453,3.0099,48.465,42.258589,3.8826,41.63,9.853,73.9204,12.168,19293.57504385472,0.022,0
2026-10-06T10:49:33Z,1.011,18.5944,0.3526,2.8539,48.451,42.246124,3.8758,41.882,9.854,73.9059,12.071,19279.372817650248,0.02,0
2026-10-06T10:49:33Z,1.015,18.5943,0.3319,2.6123,48.46,42.252472,3.8677,42.177,9.854,73.9921,12.014,19286.769649119953,0.018,0
2026-10-06T10:49:33Z,1.018,18.5936,0.3207,2.5475,48.482,42.271868,3.8734,42.43,9.854,74.1875,11.98,19309.814837003367,0.018,0
2026-10-06T10:49:33Z,1.023,18.5927,0.3493,2.6509,48.504,42.290224,3.8907,42.572,9.854,74.2904,11.901,19331.9015901409,0.019,0
2026-10-06T10:49:33Z,1.029,18.5921,0.4113,2.769,48.498,42.284001,3.9143,42.597,9.855,74.289,11.806,19325.4047226455,0.02,0
2026-10-06T10:49:33Z,1.035,18.5914,0.4216,2.7122,48.47,42.260091,3.946,42.505,9.856,74.3429,11.719,19298.695299765466,0.021,0
2026-10-06T10:49:33Z,1.04,18.5908,0.3732,2.5788,48.465,42.255014,3.9726,42.311,9.856,74.3404,11.617,19293.521105078165,0.022,0
2026-10-06T10:49:33Z,1.045,18.5902,0.3507,2.6256,48.5,42.286083,3.9847,42.081,9.855,74.2575,11.453,19329.883109154332,0.024,0
2026-10-06T10:49:33Z,1.051,18.5895,0.3746,2.8681,48.537,42.31839,3.9877,41.905,9.855,74.2019,11.232,19367.824245087857,0.024,0
2026-10-06T10:49:33Z,1.057,18.5891,0.4209,3.0851,48.549,42.328283,3.979,41.835,9.856,74.2702,11.025,19379.65613892209,0.024,0
2026-10-06T10:49:33Z,1.065,18.589,0.4284,3.0629,48.565,42.342225,3.9586,41.858,9.856,74.3954,10.825,19395.827957586465,0.023,0
2026-10-06T10:49:33Z,1.071,18.5891,0.3902,2.9071,48.585,42.360027,3.9334,41.932,9.856,74.3385,10.654,19416.238543118718,0.021,0
2026-10-06T10:49:33Z,1.076,18.5892,0.3662,2.8409,48.578,42.35311,3.9148,42.019,9.857,74.1842,10.545,19408.15285916025,0.018,0
2026-10-06T10:49:33Z,1.08,18.5894,0.3877,2.9122,48.543,42.322062,3.9093,42.091,9.858,74.0789,10.446,19372.160475281275,0.015,0
2026-10-06T10:49:33Z,1.083,18.5895,0.4333,3.0507,48.519,42.301981,3.9129,42.123,9.858,74.0986,10.353,19348.936266967557,0.014,0
2026-10-06T10:49:33Z,1.085,18.5893,0.4355,3.0816,48.518,42.300722,3.9215,42.102,9.858,74.2504,10.295,19347.707330352943,0.015,0
2026-10-06T10:49:33Z,1.087,18.5888,0.3971,2.9443,48.525,42.30685,3.93,42.028,9.859,74.3651,10.274,19355.308321152577,0.017,0
2026-10-06T10:49:33Z,1.091,18.5884,0.3767,2.8938,48.531,42.312596,3.9382,41.932,9.86,74.3663,10.229,19362.361590338536,0.02,0
2026-10-06T10:49:33Z,1.097,18.5882,0.3981,3.0179,48.524,42.306726,3.9413,41.864,9.859,74.3514,10.111,19355.824660319933,0.024,0
2026-10-06T10:49:33Z,1.104,18.5883,0.4386,3.0779,48.516,42.299348,3.9395,41.821,9.857,74.3567,9.9554,19347.2241427485,0.026,0
2026-10-06T10:49:33Z,1.114,18.5888,0.4337,2.9703,48.502,42.286861,3.9321,41.764,9.857,74.4307,9.8054,19332.310807745947,0.028,0
2026-10-06T10:49:33Z,1.123,18.5891,0.3901,2.8441,48.498,42.282689,3.9195,41.675,9.857,74.5573,9.6956,19327.183481618275,0.03,0
2026-10-06T10:49:33Z,1.129,18.5892,0.3688,2.85,48.533,42.312376,3.9143,41.568,9.856,74.5968,9.5786,19361.226393256242,0.031,0
2026-10-06T10:49:33Z,1.135,18.589,0.3842,2.939,48.552,42.328441,3.9118,41.448,9.854,74.5644,9.3779,19379.9438449945,0.032,0
2026-10-06T10:49:33Z,1.143,18.5882,0.4009,2.9635,48.505,42.286521,3.9075,41.328,9.854,74.5092,9.1429,19332.57686147685,0.034,0
2026-10-06T10:49:33Z,1.152,18.5875,0.3882,2.8731,48.464,42.249811,3.898,41.245,9.854,74.4457,8.9458,19291.154350099598,0.036,0
2026-10-06T10:49:33Z,1.162,18.5868,0.3718,2.8031,48.482,42.26541,3.8882,41.205,9.853,74.4855,8.773,19309.842129938654,0.038,0
2026-10-06T10:49:33Z,1.173,18.5859,0.3693,2.8331,48.505,42.28471,3.8773,41.225,9.852,74.6465,8.5907,19333.017621009847,0.039,0
2026-10-06T10:49:33Z,1.184,18.5852,0.3736,2.9296,48.514,42.292764,3.863,41.316,9.852,74.7574,8.3822,19343.050424430698,0.038,0
2026-10-06T10:49:33Z,1.194,18.5846,0.3661,2.9784,48.521,42.299319,3.8572,41.453,9.851,74.7944,8.1686,19351.251700350964,0.035,0
2026-10-06T10:49:33Z,1.203,18.5842,0.3366,2.9106,48.522,42.300494,3.8521,41.618,9.85,74.7494,7.9958,19353.043104238528,0.031,0
2026-10-06T10:49:33Z,1.211,18.584,0.3173,2.8624,48.529,42.306967,3.8527,41.792,9.85,74.6426,7.865,19360.713318845028,0.027,0
2026-10-06T10:49:33Z,1.216,18.584,0.3322,2.9078,48.538,42.314115,3.8634,41.929,9.85,74.7083,7.764,19368.942797714153,0.025,0
2026-10-06T10:49:33Z,1.22,18.5843,0.3663,3.0156,48.548,42.323449,3.8762,41.991,9.85,74.9416,7.7233,19379.36230705993,0.025,0
2026-10-06T10:49:33Z,1.224,18.5846,0.3725,3.0385,48.586,42.356352,3.8922,41.979,9.849,75.0545,7.7182,19416.954890875313,0.026,0
2026-10-06T10:49:33Z,1.229,18.5847,0.3407,2.9456,48.63,42.394583,3.91,41.912,9.849,74.9549,7.6827,19460.966326389444,0.028,0
2026-10-06T10:49:33Z,1.239,18.5849,0.30620000000000003,2.8827,48.641,42.404868,3.9249,41.815,9.849,74.9418,7.6162,19472.625012195997,0.029,0
2026-10-06T10:49:33Z,1.249,18.5849,0.2965,2.927,48.656,42.417243,3.9298,41.698,9.848,75.0682,7.5477,19486.92491494976,0.031,0
2026-10-06T10:49:33Z,1.259,18.585,0.3155,3.072,48.729,42.480738,3.9281,41.533,9.848,75.1061,7.4827,19560.291905520953,0.031,0
2026-10-06T10:49:33Z,1.266,18.5849,0.3108,3.0979,48.868,42.601336,3.9212,41.307,9.848,75.056,7.3824,19700.440945478615,0.03,0
2026-10-06T10:49:33Z,1.272,18.5847,0.2729,2.933,49.018,42.732887,3.9108,41.046,9.848,74.9791,7.2614,19854.138227320454,0.028,0
2026-10-06T10:49:33Z,1.279,18.5846,0.2739,2.8208,49.098,42.801876,3.902,40.784,9.849,74.8644,7.1488,19935.035719274154,0.027,0
2026-10-06T10:49:33Z,1.285,18.5846,0.3223,2.8685,49.098,42.800758,3.8871000000000002,40.548,9.85,74.7879,7.0175,19933.724619895533,0.028,0
2026-10-06T10:49:33Z,1.291,18.5842,0.3673,2.9973,49.078,42.782836,3.8645,40.318,9.849,74.8288,6.877,19913.17184024489,0.029,0
2026-10-06T10:49:33Z,1.299,18.584,0.3683,3.0108,49.071,42.775601,3.8392,40.023,9.849,74.9287,6.7155,19904.921790900324,0.029,0
2026-10-06T10:49:33Z,1.308,18.5837,0.3339,2.9288,49.073,42.776759,3.8133,39.627,9.849,75.0486,6.5282,19906.617281659615,0.028,0
2026-10-06T10:49:33Z,1.318,18.583,0.3189,2.9284,49.097,42.796831,3.7917,39.155,9.85,74.9882,6.3736,19930.931906137008,0.026,0
2026-10-06T10:49:33Z,1.325,18.5822,0.3444,2.9724,49.133,42.827869,3.7738,38.67,9.852,74.887,6.2906,19968.248604600354,0.025,0
2026-10-06T10:49:33Z,1.329,18.5815,0.3841,3.0499,49.142,42.834683,3.7477,38.226,9.853,75.0289,6.2458,19977.04270392069,0.024,0
2026-10-06T10:49:33Z,1.332,18.5804,0.3828,3.0466,49.121,42.815736,3.7092,37.844,9.853,75.1557,6.1998,19956.05273910896,0.023,0
2026-10-06T10:49:33Z,1.336,18.5794,0.3449,2.9667,49.091,42.789203,3.6633,37.535,9.853,75.1296,6.1599,19926.067843024346,0.023,0
2026-10-06T10:49:33Z,1.343,18.5787,0.3262,2.9717,49.066,42.76776,3.6151,37.283,9.853,75.057,6.1182,19901.732089510697,0.023,0
2026-10-06T10:49:33Z,1.352,18.578,0.3397,3.0049,49.043,42.746889,3.5744,37.092,9.854,75.0529,6.0522,19878.083674212732,0.024,0
2026-10-06T10:49:33Z,1.359,18.5776,0.3572,2.992,49.021,42.727265,3.537,37.001,9.854,75.1659,5.9775,19855.572200496637,0.024,0
2026-10-06T10:49:33Z,1.364,18.5771,0.3303,2.919,49.013,42.720908,3.5094,36.965,9.854,75.3046,5.924,19848.701096437908,0.023,0
2026-10-06T10:49:33Z,1.369,18.577,0.2718,2.9071,49.028,42.733496,3.4871,36.906,9.854,75.3533,5.8766,19863.53879501834,0.022,0
2026-10-06T10:49:33Z,1.374,18.5768,0.2417,2.917,49.049,42.752516,3.4648,36.834,9.854,75.2388,5.8027,19886.026625100512,0.019,0
2026-10-06T10:49:33Z,1.38,18.5766,0.2745,2.9023,49.059,42.760475,3.4592,36.8,9.855,75.1247,5.7155,19895.57286165715,0.017,0
2026-10-06T10:49:33Z,1.385,18.5768,0.3431,2.9337,49.066,42.766248,3.46,36.829,9.857,75.1782,5.6515,19902.108497166024,0.016,0
2026-10-06T10:49:33Z,1.388,18.5769,0.3636,2.8869,49.057,42.758849,3.4528,36.909,9.857,75.1963,5.6171,19893.3287171076,0.014,0
2026-10-06T10:49:33Z,1.39,18.5769,0.3313,2.8826,49.028,42.734485,3.4443,37.023,9.857,75.0857,5.5971,19864.80762342836,0.012,0
2026-10-06T10:49:33Z,1.392,18.5769,0.3187,3.0188,49.018,42.725554,3.4402,37.156,9.857,75.046,5.565,19854.359185986606,0.011,0
2026-10-06T10:49:33Z,1.395,18.5769,0.3443,3.099,49.005,42.714336,3.4432,37.27,9.858,75.1464,5.528,19841.2398911339,0.013,0
2026-10-06T10:49:33Z,1.397,18.5769,0.3663,3.0323,48.945,42.662316,3.4523,37.35,9.858,75.2669,5.5026,19780.475196502146,0.018,0
2026-10-06T10:49:33Z,1.4,18.577,0.3516,2.8961,48.879,42.604356,3.4617,37.392,9.859,75.2987,5.4381,19712.797702392447,0.023,0
2026-10-06T10:49:33Z,1.406,18.577,0.3252,2.8867,48.857,42.584794,3.477,37.371,9.86,75.2727,5.3283,19690.026331960482,0.027,0
2026-10-06T10:49:33Z,1.417,18.577,0.3215,3.0204,48.893,42.616216,3.4879,37.325,9.86,75.2971,5.2373,19726.610318083563,0.029,0
2026-10-06T10:49:33Z,1.428,18.5769,0.34,3.1122,48.952,42.666914,3.494,37.28,9.859,75.3359,5.1743,19785.839622331147,0.031,0
2026-10-06T10:49:33Z,1.437,18.5769,0.3656,3.075,48.979,42.690004,3.5015,37.247,9.859,75.3112,5.1155,19812.80059394851,0.031,0
2026-10-06T10:49:33Z,1.443,18.5765,0.3647,2.9455,48.996,42.70498,3.4961,37.277,9.858,75.2566,5.0638,19830.750720213353,0.029,0
2026-10-06T10:49:33Z,1.449,18.5762,0.3542,2.9138,49.015,42.72105,3.491,37.362,9.858,75.2783,5.0141,19849.877931542887,0.027,0
2026-10-06T10:49:33Z,1.455,18.5759,0.3637,3.0327,49.056,42.757357,3.4887,37.446,9.858,75.4875,4.9682,19892.70857134995,0.026,0
2026-10-06T10:49:33Z,1.461,18.5757,0.3717,3.1193,49.136,42.826601,3.4808,37.495,9.858,75.7203,4.9172,19974.134203532598,0.027,0
2026-10-06T10:49:33Z,1.467,18.5758,0.3842,3.0726,49.174,42.860083,3.4852,37.495,9.857,75.7707,4.8414,20013.357527799988,0.028,0
2026-10-06T10:49:33Z,1.474,18.5757,0.3818,2.9463,49.156,42.844819,3.4958,37.454,9.855,75.7519,4.7468,19995.531493742707,0.028,0
2026-10-06T10:49:33Z,1.484,18.5756,0.3675,2.925,49.142,42.832458,3.5039,37.372,9.853,75.7514,4.6339,19981.124311328895,0.027,0
2026-10-06T10:49:33Z,1.494,18.5758,0.369,3.0195,49.148,42.837567,3.5097,37.216,9.853,75.7649,4.535,19986.89698516231,0.025,0
2026-10-06T10:49:33Z,1.501,18.5759,0.367,3.0976,49.155,42.843126,3.5086,36.978,9.853,75.8287,4.487,19993.313276067667,0.022,0
2026-10-06T10:49:33Z,1.504,18.5761,0.36,3.0499,49.146,42.836196,3.5047,36.689,9.852,75.9207,4.4725,19984.945098629876,0.017,0
2026-10-06T10:49:33Z,1.505,18.5758,0.3415,2.9219,49.125,42.817248,3.4985,36.363,9.852,75.9308,4.4471,19963.038142447967,0.013,0
2026-10-06T10:49:33Z,1.507,18.5758,0.335,2.9494,49.11,42.80445,3.4852,36.049,9.853,75.8648,4.4078,19948.019948010653,0.01,0
2026-10-06T10:49:33Z,1.51,18.5759,0.348,3.0754,49.115,42.808395,3.4598,35.8,9.855,75.897,4.3906,19952.534767116245,0.008,0
2026-10-06T10:49:33Z,1.513,18.5757,0.3409,3.114,49.107,42.801476,3.4342,35.595,9.857,75.9762,4.3831,19944.64406246182,0.008,0
2026-10-06T10:49:33Z,1.515,18.5756,0.3084,3.0402,49.087,42.784266,3.4018,35.445,9.858,75.9616,4.3665,19924.575143377475,0.008,0
2026-10-06T10:49:33Z,1.516,18.5758,0.2713,2.8998,49.094,42.790726,3.3684,35.378,9.858,75.9786,4.3642,19931.92251401374,0.009,0
2026-10-06T10:49:33Z,1.517,18.5757,0.2668,2.8843,49.123,42.816115,3.3488,35.398,9.858,76.0957,4.3598,19961.82111692612,0.011,0
2026-10-06T10:49:33Z,1.519,18.5756,0.2779,2.9554,49.148,42.837342,3.3281,35.542,9.858,76.0873,4.3234,19986.85871309997,0.014,0
2026-10-06T10:49:33Z,1.523,18.5757,0.2977,2.974,49.171,42.856964,3.312,35.789,9.859,76.0492,4.266,20009.8015423014,0.018,0
2026-10-06T10:49:33Z,1.529,18.5756,0.3312,2.9728,49.178,42.862947,3.3083,36.059,9.859,76.2374,4.1993,20016.948657820572,0.022,0
2026-10-06T10:49:33Z,1.536,18.5755,0.3258,2.9067,49.159,42.846215,3.3066,36.327,9.859,76.4697,4.1475,19997.39556556088,0.023,0
2026-10-06T10:49:33Z,1.543,18.5753,0.3233,2.9269,49.157,42.84508,3.3203,36.539,9.86,76.4491,4.1052,19996.2889730906,0.023,0
2026-10-06T10:49:33Z,1.55,18.5752,0.3598,3.0122,49.162,42.849224,3.3493,36.634,9.86,76.2463,4.0517,20001.271762062443,0.021,0
2026-10-06T10:49:33Z,1.556,18.575,0.3841,2.9476,49.144,42.832845,3.3723,36.629,9.861,76.1685,4.0115,19982.25634320615,0.017,0
2026-10-06T10:49:33Z,1.561,18.5749,0.3757,2.7941,49.149,42.837455,3.3999,36.556,9.861,76.1966,3.9865,19987.78457946051,0.012,0
2026-10-06T10:49:33Z,1.563,18.5748,0.3407,2.6594,49.154,42.841493,3.4235,36.436,9.861,76.2411,3.9688,19992.641889838684,0.008,0
2026-10-06T10:49:33Z,1.563,18.5747,0.3279,2.7543,49.127,42.818203,3.4301,36.302,9.862,76.3627,3.9674,19965.40455462085,0.005,0
2026-10-06T10:49:33Z,1.562,18.5749,0.3537,3.0183,49.117,42.809748,3.4287,36.174,9.864,76.4627,3.972,19955.254166275277,0.004,0
2026-10-06T10:49:33Z,1.562,18.5749,0.3786,3.1197,49.108,42.802733,3.4219,36.064,9.864,76.4176,3.9605,19947.02329433977,0.005,0
2026-10-06T10:49:33Z,1.563,18.575,0.3705,3.0573,49.102,42.796853,3.4088,36.014,9.864,76.3339,3.9355,19940.012280894396,0.007,0
2026-10-06T10:49:33Z,1.565,18.5751,0.3308,3.0156,49.108,42.802131,3.3955,36.035,9.865,76.3114,3.9015,19946.09000557822,0.01,0
2026-10-06T10:49:33Z,1.568,18.5753,0.3308,3.0595,49.109,42.803074,3.3842,36.11,9.866,76.3177,3.851,19946.96918637715,0.013,0
2026-10-06T10:49:33Z,1.573,18.5752,0.3713,3.0759,49.115,42.808258,3.3715,36.235,9.866,76.3237,3.7986,19953.164704654246,0.015,0
2026-10-06T10:49:33Z,1.578,18.5751,0.3792,3.0765,49.107,42.801338,3.3662,36.379,9.867,76.2981,3.764,19945.158879876475,0.015,0
2026-10-06T10:49:33Z,1.583,18.5753,0.3427,3.0675,49.086,42.782868,3.37,36.527,9.867,76.2668,3.7519,19923.272076651043,0.015,0
2026-10-06T10:49:33Z,1.586,18.5754,0.2872,3.0359,49.077,42.775358,3.376,36.692,9.867,76.2887,3.733,19914.35600180471,0.015,0
2026-10-06T10:49:33Z,1.588,18.5755,0.2757,3.1035,49.076,42.774005,3.3892,36.83,9.867,76.3047,3.6961,19912.657023199372,0.014,0
2026-10-06T10:49:33Z,1.592,18.5754,0.3121,3.1679,49.068,42.766505,3.4041,36.907,9.867,76.2883,3.6688,19903.98189085304,0.012,0
2026-10-06T10:49:33Z,1.596,18.5753,0.3101,3.0633,49.048,42.74815,3.4151,36.939,9.868,76.2633,3.6587,19882.5976385329,0.011,0
2026-10-06T10:49:33Z,1.599,18.5749,0.2685,2.863,49.042,42.742499,3.4339,36.941,9.87,76.2598,3.6591,19876.434070270006,0.008,0
2026-10-06T10:49:33Z,1.601,18.5743,0.2583,2.8635,49.065,42.761644,3.4483,36.926,9.87,76.2463,3.6569,19899.531552922293,0.005,0
2026-10-06T10:49:33Z,1.602,18.5738,0.287,3.0703,49.097,42.789218,3.4535,36.917,9.87,76.0989,3.6644,19932.416125065647,0.002,0
2026-10-06T10:49:33Z,1.603,18.5732,0.3154,3.1429,49.135,42.821994,3.457,36.944,9.87,76.1133,3.6884,19971.556246432025,0.001,0
2026-10-06T10:49:33Z,1.601,18.5728,0.31,2.9556,49.156,42.840577,3.4564,37.009,9.87,76.4194,3.6879,19993.837651691625,0.001,0
2026-10-06T10:49:33Z,1.598,18.5721,0.2803,2.6844,49.136,42.823491,3.4546,37.074,9.869,76.6177,3.6525,19974.563975039142,0.002,0
2026-10-06T10:49:33Z,1.599,18.5716,0.2731,2.6309,49.115,42.805821,3.4526,37.125,9.869,76.6175,3.5997,19954.388743829844,0.003,0
2026-10-06T10:49:33Z,1.603,18.5715,0.2973,2.7514,49.129,42.817349,3.4544,37.175,9.87,76.589,3.5467,19968.03342777673,0.005,0
2026-10-06T10:49:33Z,1.606,18.5715,0.3238,2.8096,49.149,42.835944,3.4626,37.167,9.87,76.618,3.5074,19989.872105256894,0.008,0
2026-10-06T10:49:33Z,1.606,18.5717,0.3268,2.7544,49.153,42.840233,3.4699,37.077,9.87,76.7098,3.4644,19994.684063114903,0.012,0
2026-10-06T10:49:33Z,1.607,18.5718,0.3009,2.6306,49.113,42.805724,3.4717,36.98,9.87,76.7526,3.4092,19954.04746341423,0.015,0
2026-10-06T10:49:33Z,1.611,18.5724,0.2682,2.6455,49.033,42.736072,3.4801,36.892,9.869,76.7056,3.3521,19871.735735407095,0.016,0
2026-10-06T10:49:33Z,1.618,18.573,0.2722,2.865,48.988,42.696264,3.4816,36.789,9.869,76.6572,3.3064,19824.49905970935,0.018,0
2026-10-06T10:49:33Z,1.624,18.5733,0.3087,3.0643,48.999,42.705245,3.4673,36.671,9.869,76.6841,3.2853,19834.658170648763,0.022,0
2026-10-06T10:49:33Z,1.629,18.5736,0.3097,3.0406,49.014,42.717717,3.4591,36.551,9.868,76.772,3.2718,19848.903494701746,0.025,0
2026-10-06T10:49:33Z,1.634,18.574,0.2748,2.8856,49.017,42.720116,3.4523,36.47,9.867,76.7738,3.239,19851.257797185135,0.025,0
2026-10-06T10:49:33Z,1.642,18.5739,0.27,2.8979,49.034,42.734244,3.4419,36.483,9.867,76.706,3.1922,19867.899660656545,0.025,0
2026-10-06T10:49:33Z,1.651,18.5737,0.3023,3.0532,49.067,42.761586,3.4314,36.603,9.867,76.7269,3.1509,19900.139577874957,0.025,0
2026-10-06T10:49:33Z,1.657,18.5732,0.3238,3.1234,49.108,42.796828,3.4184,36.77,9.866,76.7675,3.111,19942.01862659931,0.026,0
2026-10-06T10:49:33Z,1.662,18.5721,0.3142,3.0637,49.161,42.842993,3.409,36.95,9.866,76.7666,3.0715,19997.469159646305,0.027,0
2026-10-06T10:49:33Z,1.667,18.5712,0.2862,2.9472,49.199,42.875444,3.4084,37.144,9.866,76.8029,3.0462,20036.65101928643,0.027,0
2026-10-06T10:49:33Z,1.675,18.5705,0.2752,2.9439,49.194,42.871833,3.4238,37.299,9.866,76.9481,3.0237,20033.199815116674,0.028,0
2026-10-06T10:49:33Z,1.684,18.5701,0.2984,3.0573,49.183,42.862812,3.4404,37.345,9.865,77.1447,2.9857,20023.043605553383,0.028,0
2026-10-06T10:49:33Z,1.692,18.5696,0.3171,3.1232,49.217,42.893311,3.4553,37.238,9.864,77.2014,2.9415,20059.504087455698,0.028,0
2026-10-06T10:49:33Z,1.699,18.5696,0.3021,3.0574,49.251,42.923227,3.4769,37.017,9.864,77.1177,2.9061,20094.748169981223,0.026,0
2026-10-06T10:49:33Z,1.706,18.57,0.266,2.9445,49.232,42.907161,3.4926,36.724,9.864,77.079,2.8668,20075.35854157648,0.023,0
2026-10-06T10:49:33Z,1.711,18.5703,0.2633,2.9875,49.212,42.889473,3.5006,36.389,9.864,77.1641,2.8323,20054.185527314978,0.019,0
2026-10-06T10:49:33Z,1.716,18.5708,0.3035,3.1002,49.223,42.899783,3.4869,36.067,9.864,77.1996,2.8241,20065.75429838275,0.016,0
2026-10-06T10:49:33Z,1.719,18.5711,0.327,3.1111,49.228,42.904874,3.4651,35.777,9.864,77.0781,2.8168,20071.407709324627,0.013,0
2026-10-06T10:49:33Z,1.721,18.5714,0.3063,3.0168,49.208,42.887561,3.4382,35.517,9.865,76.8995,2.7883,20050.679581697965,0.01,0
2026-10-06T10:49:33Z,1.724,18.5719,0.2694,2.8826,49.201,42.880869,3.403,35.309,9.866,76.7611,2.7594,20042.23322760172,0.008,0
2026-10-06T10:49:33Z,1.727,18.5725,0.2727,2.8888,49.208,42.887434,3.3734,35.171,9.867,76.7814,2.7573,20049.275150529324,0.008,0
2026-10-06T10:49:33Z,1.727,18.5727,0.3133,3.0236,49.227,42.903466,3.3462,35.076,9.867,76.8873,2.7783,20067.922233956127,0.011,0
2026-10-06T10:49:33Z,1.727,18.5729,0.3358,3.0433,49.277,42.947762,3.3215,35.022,9.866,76.8367,2.808,20119.90309674296,0.015,0
2026-10-06T10:49:33Z,1.729,18.5732,0.3196,2.9223,49.312,42.978707,3.3,35.022,9.865,76.6858,2.816,20156.08250817237,0.017,0
2026-10-06T10:49:33Z,1.737,18.5732,0.2834,2.8591,49.29,42.960257,3.2898,35.045,9.865,76.6977,2.7834,20134.301473234336,0.018,0
2026-10-06T10:49:33Z,1.747,18.5734,0.2811,2.9271,49.239,42.915112,3.2805,35.07,9.864,76.8942,2.7449,20080.839788742134,0.02,0
2026-10-06T10:49:33Z,1.753,18.5735,0.3163,2.9592,49.195,42.877164,3.2736,35.079,9.864,76.9964,2.7252,20036.048153180574,0.021,0
2026-10-06T10:49:33Z,1.755,18.574,0.3433,2.9055,49.201,42.882254,3.2764,35.047,9.865,76.9877,2.7095,20041.467176906175,0.021,0
2026-10-06T10:49:33Z,1.757,18.5741,0.3492,2.8933,49.237,42.913189,3.2782,34.967,9.867,77.0463,2.6861,20077.77439248535,0.021,0
2026-10-06T10:49:33Z,1.762,18.574,0.3297,2.9143,49.261,42.933832,3.2811,34.859,9.867,77.0176,2.6583,20102.21550833987,0.021,0
2026-10-06T10:49:33Z,1.768,18.5741,0.3152,2.9883,49.27,42.941427,3.2834,34.772,9.867,76.8987,2.6231,20111.055829525078,0.021,0
2026-10-06T10:49:33Z,1.776,18.574,0.3071,3.0372,49.27,42.941551,3.2803,34.738,9.868,76.8987,2.5846,20111.315978933842,0.021,0
2026-10-06T10:49:33Z,1.785,18.5738,0.2985,2.9927,49.263,42.93533,3.2725,34.75,9.868,76.9321,2.5614,20104.208859982384,0.019,0
2026-10-06T10:49:33Z,1.79,18.5735,0.3029,2.9285,49.257,42.92968,3.2603,34.78,9.868,77.0437,2.5514,20097.890825596005,0.016,0
2026-10-06T10:49:33Z,1.793,18.5731,0.2774,2.8412,49.266,42.936714,3.2509,34.819,9.869,77.302,2.5409,20106.640847678795,0.014,0
2026-10-06T10:49:33Z,1.793,18.573,0.2641,2.8937,49.289,42.9569,3.2481,34.873,9.869,77.3884,2.5358,20130.565656845985,0.012,0
2026-10-06T10:49:33Z,1.794,18.5731,0.2841,3.0177,49.319,42.983329,3.2506,34.908,9.869,77.3142,2.528,20161.652032514943,0.012,0
2026-10-06T10:49:33Z,1.797,18.5728,0.2866,2.9733,49.341,43.002369,3.2541,34.883,9.87,77.3504,2.501,20184.49290915419,0.013,0
2026-10-06T10:49:33Z,1.802,18.5725,0.2847,2.9043,49.334,42.996699,3.2561,34.793,9.871,77.4822,2.4807,20178.135785221293,0.014,0
2026-10-06T10:49:33Z,1.806,18.5723,0.2952,2.9342,49.313,42.978249,3.2634,34.667,9.871,77.5317,2.4809,20156.568986485912,0.015,0
2026-10-06T10:49:33Z,1.81,18.5724,0.3387,3.0272,49.303,42.969709,3.268,34.537,9.87,77.5187,2.4718,20146.37034275907,0.015,0
2026-10-06T10:49:33Z,1.814,18.5725,0.3692,3.0378,49.288,42.95691,3.2658,34.429,9.87,77.5829,2.4467,20131.14874418213,0.013,0
2026-10-06T10:49:33Z,1.819,18.5725,0.365,2.9253,49.281,42.950449,3.2563,34.355,9.87,77.7053,2.4246,20123.525331225334,0.01,0
2026-10-06T10:49:33Z,1.822,18.5728,0.3461,2.863,49.287,42.95506,3.2432,34.315,9.871,77.7934,2.4173,20128.621759906673,0.006,0
2026-10-06T10:49:33Z,1.823,18.5729,0.3068,2.8994,49.28,42.94919,3.2303,34.292,9.871,77.7883,2.4278,20121.581829074963,0.003,0
2026-10-06T10:49:33Z,1.822,18.5727,0.2979,2.9897,49.273,42.94294,3.2199,34.289,9.871,77.7303,2.4487,20114.43875990916,0.001,0
2026-10-06T10:49:33Z,1.819,18.5726,0.3049,2.9977,49.273,42.942965,3.2127,34.331,9.872,77.6935,2.4591,20114.582912358674,0.001,0
2026-10-06T10:49:33Z,1.817,18.5727,0.2997,2.8951,49.281,42.949504,3.2099,34.404,9.873,77.774,2.4467,20122.181668031863,0.001,0
2026-10-06T10:49:33Z,1.819,18.5726,0.3013,2.8424,49.291,42.958532,3.2082,34.483,9.874,77.8435,2.4267,20132.94808445729,0.004,0
2026-10-06T10:49:33Z,1.822,18.5724,0.325,2.9071,49.326,42.988643,3.2054,34.581,9.875,77.76,2.4116,20168.73067460352,0.011,0
2026-10-06T10:49:33Z,1.824,18.5722,0.3695,3.0283,49.407,43.059681,3.2111,34.7,9.876,77.7095,2.4043,20252.995352458536,0.019,0
2026-10-06T10:49:33Z,1.826,18.5721,0.3647,3.0088,49.476,43.119246,3.2189,34.793,9.876,77.75,2.385,20323.743013658597,0.025,0
2026-10-06T10:49:33Z,1.834,18.5719,0.3175,2.8768,49.498,43.137574,3.2255,34.848,9.876,77.7327,2.3322,20345.738556258122,0.028,0
2026-10-06T10:49:33Z,1.847,18.5716,0.3059,2.8331,49.518,43.154337,3.2336,34.88,9.876,77.7587,2.2752,20366.004406934255,0.03,0
2026-10-06T10:49:33Z,1.859,18.5714,0.3328,2.89,49.565,43.194972,3.2479,34.852,9.876,77.8923,2.2358,20414.573083496132,0.03,0
2026-10-06T10:49:33Z,1.866,18.5714,0.3517,2.9496000000000002,49.626,43.248051,3.2569,34.729,9.876,77.9718,2.2099,20477.821420218846,0.029,0
2026-10-06T10:49:33Z,1.87,18.5711,0.3349,2.9741,49.672,43.28832,3.2598,34.504,9.877,78.0312,2.1916,20526.238045641006,0.027,0
2026-10-06T10:49:33Z,1.874,18.5706,0.3123,3.049,49.687,43.301013,3.2658,34.18,9.877,78.0945,2.1656,20541.988154288145,0.023,0
2026-10-06T10:49:33Z,1.881,18.5703,0.3033,3.0685,49.657,43.274575,3.264,33.801,9.877,78.0493,2.1403,20510.756824881977,0.019,0
2026-10-06T10:49:33Z,1.887,18.5702,0.3168,3.0732,49.598,43.222559,3.2525,33.413,9.877,78.0005,2.1222,20448.825483281926,0.017,0
2026-10-06T10:49:33Z,1.892,18.5698,0.3515,3.1398,49.549,43.179879,3.2319,33.023,9.878,78.0204,2.1109,20398.466328877428,0.014,0
2026-10-06T10:49:33Z,1.895,18.5695,0.3566,3.0546,49.504,43.139384,3.1998,32.638,9.879,78.0322,2.1178,20350.664428390515,0.011,0
2026-10-06T10:49:33Z,1.897,18.569,0.3285,2.8976,49.475,43.113776,3.162,32.294,9.879,78.0574,2.131,20320.830552595715,0.007,0
2026-10-06T10:49:33Z,1.897,18.5686,0.3122,2.8466,49.487,43.124142,3.1266,32.026,9.88,78.0664,2.143,20333.601027800712,0.006,0
2026-10-06T10:49:33Z,1.897,18.5679,0.3168,2.9158,49.503,43.137769,3.0899,31.865,9.88,78.0547,2.154,20350.598655464873,0.007,0
2026-10-06T10:49:33Z,1.897,18.5673,0.326,3.0168,49.518,43.151598,3.0522,31.814,9.881,78.0882,2.1582,20367.730014059955,0.008,0
2026-10-06T10:49:33Z,1.899,18.5668,0.3079,2.9758,49.532,43.164399,3.0194,31.866,9.882,78.1279,2.1515,20383.531972237983,0.011,0
2026-10-06T10:49:33Z,1.904,18.5667,0.2715,2.8637,49.533,43.165593,2.9927,32.029,9.882,78.1902,2.1223,20385.06791334163,0.014,0
2026-10-06T10:49:33Z,1.909,18.5672,0.277,2.8575,49.534,43.166043,2.9778,32.266,9.882,78.2395,2.0923,20385.022602713136,0.016,0
2026-10-06T10:49:33Z,1.914,18.5677,0.3254,2.9345,49.539,43.169838,2.9739,32.518,9.882,78.1216,2.0813,20388.956463861767,0.016,0
2026-10-06T10:49:33Z,1.919,18.5679,0.3729,3.0429,49.588,43.211469,2.9771,32.749,9.882,77.9691,2.0723,20438.285623821106,0.017,0
2026-10-06T10:49:33Z,1.923,18.5678,0.3781,3.0752,49.677,43.288564,2.9941,32.936,9.882,77.9436,2.0622,20530.382947256207,0.019,0
2026-10-06T10:49:33Z,1.924,18.5673,0.3384,3.0187,49.737,43.340298,3.0189,33.038,9.883,77.9861,2.0503,20592.83767531139,0.023,0
2026-10-06T10:49:33Z,1.927,18.5667,0.3086,3.0767,49.724,43.329186,3.0432,33.035,9.883,78.0534,2.0254,20580.241661420037,0.028,0
2026-10-06T10:49:33Z,1.936,18.5661,0.3256,3.229,49.669,43.281163,3.0655,32.956,9.882,78.1546,1.9869,20523.527339820357,0.033,0
2026-10-06T10:49:33Z,1.949,18.5656,0.3693,3.3231,49.654,43.26745,3.0844,32.798,9.882,78.2635,1.9491,20507.733274741353,0.037,0
2026-10-06T10:49:33Z,1.963,18.5654,0.3793,3.2917,49.68,43.290324,3.0959,32.55,9.882,78.3371,1.9191,20535.28922200203,0.039,0
2026-10-06T10:49:33Z,1.974,18.5653,0.3299,3.1582,49.695,43.303832,3.0927,32.253,9.882,78.3566,1.8988,20551.551788377365,0.037,0
2026-10-06T10:49:33Z,1.984,18.5648,0.2714,3.1086,49.695,43.303831,3.0859,31.958,9.882,78.3271,1.8782,20552.135066592604,0.032,0
2026-10-06T10:49:33Z,1.99,18.5644,0.2625,3.205,49.679,43.290314,3.0727,31.714,9.882,78.3249,1.8437,20536.444915187913,0.027,0
2026-10-06T10:49:33Z,1.994,18.5644,0.2979,3.2647,49.652,43.267352,3.047,31.556,9.884,78.4161,1.8267,20509.014644914485,0.022,0
2026-10-06T10:49:33Z,1.997,18.5649,0.3234,3.1468,49.667,43.280092,3.0179,31.456,9.885,78.569,1.8231,20523.64635159316,0.018,0
2026-10-06T10:49:33Z,2.001,18.5651,0.3057,2.9412,49.71,43.317401,2.9889,31.381,9.884,78.6242,1.7993,20568.011723246007,0.017,0
2026-10-06T10:49:33Z,2.006,18.5654,0.2672,2.8958,49.733,43.33761,2.9635,31.319,9.884,78.4818,1.7855,20591.84281264704,0.017,0
2026-10-06T10:49:33Z,2.01,18.5655,0.2656,3.0083,49.802,43.397487,2.9508,31.251,9.885,78.3102,1.7921,20663.480358851175,0.019,0
2026-10-06T10:49:33Z,2.014,18.5654,0.286,3.0033,49.958,43.533574,2.9432,31.178,9.885,78.2698,1.7956,20827.264160189,0.023,0
2026-10-06T10:49:33Z,2.018,18.5655,0.2891,2.8691,50.092,43.650055,2.9351,31.095,9.885,78.3379,1.7808,20967.874508097073,0.027,0
2026-10-06T10:49:33Z,2.025,18.5654,0.2861,2.7868,50.108,43.663305,2.9316,30.999,9.885,78.5305,1.7498,20984.03961885569,0.031,0
2026-10-06T10:49:33Z,2.035,18.5655,0.2676,2.8619,50.071,43.630313,2.9235,30.879,9.885,78.706,1.7133,20943.979965736973,0.035,0
2026-10-06T10:49:33Z,2.047,18.5656,0.2645,3.025,50.075,43.631994,2.9178,30.698,9.884,78.7386,1.6703,20945.893594913756,0.038,0
2026-10-06T10:49:33Z,2.059,18.5655,0.2815,3.0172,50.136,43.683623,2.9101,30.412,9.884,78.7529,1.6362,21008.538183922337,0.039,0
2026-10-06T10:49:33Z,2.069,18.5648,0.2907,2.8705,50.211,43.746756,2.9008,29.985,9.884,78.621,1.613,21085.995426198,0.038,0
2026-10-06T10:49:33Z,2.079,18.5636,0.2923,2.8224,50.228,43.760586000000004,2.8919,29.478,9.884,78.4336,1.5799,21104.245766981516,0.036,0
2026-10-06T10:49:33Z,2.087,18.5621,0.2839,2.9136,50.187,43.723875,2.875,28.965,9.884,78.4661,1.5428,21061.445428202103,0.033,0
2026-10-06T10:49:33Z,2.095,18.5604,0.3058,3.0858,50.142,43.683731,2.8521,28.437,9.884,78.4984,1.5199,21014.773204631045,0.031,0
2026-10-06T10:49:33Z,2.103,18.5589,0.3149,3.1277,50.112,43.656064,2.809,27.905,9.884,78.4805,1.5076,20983.034971690697,0.031,0
2026-10-06T10:49:33Z,2.11,18.5574,0.2952,3.01,50.098,43.643257,2.7569,27.398,9.883,78.507,1.4887,20969.315281624054,0.03,0
2026-10-06T10:49:33Z,2.116,18.5559,0.3008,2.9955,50.113,43.655828,2.7125,26.979,9.881,78.4755,1.4625,20986.33571262103,0.027,0
2026-10-06T10:49:33Z,2.125,18.5548,0.3069,3.1233,50.143,43.681112,2.6612,26.728,9.88,78.4433,1.4395,21018.30231791877,0.022,0
2026-10-06T10:49:33Z,2.134,18.5543,0.319,3.2565,50.16,43.695066,2.6109,26.621,9.881,78.4622,1.4268,21035.829479040804,0.016,0
2026-10-06T10:49:33Z,2.139,18.5539,0.3216,3.2399,50.164,43.697592,2.5627,26.63,9.881,78.4454,1.4336,21039.37429899957,0.008,0
2026-10-06T10:49:33Z,2.138,18.5532,0.2893,3.0939,50.181,43.711651,2.5171,26.744,9.882,78.24,1.4527,21057.281228831696,0.002,0
2026-10-06T10:49:33Z,2.134,18.5519,0.2608,2.9596,50.212,43.738091,2.4978,26.913,9.882,77.9575,1.4602,21090.96584074199,-0.001,0
2026-10-06T10:49:33Z,2.129,18.5505,0.2685,2.9145,50.242,43.763386,2.4885,27.125,9.881,77.9554,1.453,21123.413408532153,-0.001,0
2026-10-06T10:49:33Z,2.126,18.5495,0.2998,2.9924,50.242,43.763581,2.4877,27.35,9.881,78.2144,1.4443,21124.855125489634,0.003,0
2026-10-06T10:49:33Z,2.128,18.5491,0.2973,3.0131,50.216,43.740453,2.503,27.531,9.881,78.3355,1.4264,21097.204646264487,0.009,0
2026-10-06T10:49:33Z,2.134,18.549,0.2719,2.9603,50.213,43.737649,2.5169,27.661,9.881,78.1305,1.3958,21093.9152339309,0.016,0
2026-10-06T10:49:33Z,2.142,18.5485,0.2683,3.0031,50.204,43.729676,2.538,27.734,9.88,77.8859,1.3718,21084.82389267816,0.025,0
2026-10-06T10:49:33Z,2.147,18.5482,0.2866,3.1206,50.106,43.644056,2.5626,27.733,9.878,77.8728,1.3529,20981.278250409592,0.032,0
2026-10-06T10:49:33Z,2.154,18.548,0.318,3.2537,49.972,43.527597,2.5781,27.666,9.877,77.9721,1.3263,20840.699841108322,0.034,0
2026-10-06T10:49:33Z,2.165,18.5474,0.3141,3.2114,49.899,43.464131,2.591,27.576,9.876,77.9689,1.2868,20764.91850473631,0.033,0
2026-10-06T10:49:33Z,2.178,18.547,0.274,2.9514,49.88,43.447966,2.5985,27.478,9.874,78.0056,1.2451,20745.935397382706,0.032,0
2026-10-06T10:49:33Z,2.188,18.5472,0.2577,2.8085,49.891,43.459087,2.5985,27.352,9.872,78.1572,1.2267,20759.08160698635,0.031,0
2026-10-06T10:49:33Z,2.193,18.5475,0.2745,2.9189,49.905,43.47165,2.5902,27.209,9.871,78.168,1.225,20773.851520386685,0.028,0
2026-10-06T10:49:33Z,2.197,18.548,0.3025,3.0555,49.906,43.472906,2.5804,27.074,9.87,78.1358,1.218,20774.772009500295,0.023,0
2026-10-06T10:49:33Z,2.202,18.5488,0.3045,3.0593,49.908,43.474284,2.574,27.005,9.87,78.1986,1.2117,20775.484191509466,0.019,0
2026-10-06T10:49:33Z,2.208,18.5496,0.2738,3.0338,49.924,43.488314,2.5603,27.075,9.87,78.1523,1.2135,20791.435605276045,0.017,0
2026-10-06T10:49:33Z,2.213,18.5502,0.2561,3.0548,49.955,43.515593,2.5467,27.262,9.87,78.0061,1.2185,20823.60466341478,0.015,0
2026-10-06T10:49:33Z,2.217,18.5504,0.2741,3.0729,49.995,43.550214,2.5328,27.5,9.87,78.066,1.2247,20865.1432063657,0.014,0
2026-10-06T10:49:33Z,2.219,18.5507,0.3082,3.0478,50.04,43.589543,2.5212,27.742,9.869,78.3602,1.2209,20912.306372466723,0.012,0
2026-10-06T10:49:33Z,2.221,18.5507,0.3107,2.9569,50.064,43.610261,2.5304,27.943,9.868,78.5523,1.2026,20937.366286485674,0.012,0
2026-10-06T10:49:33Z,2.223,18.5508,0.2783,2.8623,50.064,43.610286,2.5504,28.068,9.867,78.5817,1.1869,20937.27709715666,0.012,0
2026-10-06T10:49:33Z,2.226,18.5506,0.258,2.8943,50.04,43.589856,2.5735,28.09,9.866,78.6301,1.1819,20912.803694150833,0.012,0
2026-10-06T10:49:33Z,2.23,18.5502,0.2575,3.0016,50,43.553665,2.5981,27.999,9.866,78.7062,1.1898,20869.547389506057,0.011,0
2026-10-06T10:49:33Z,2.235,18.5504,0.2631,3.0333,50,43.553547,2.6178,27.8,9.866,78.7278,1.1951,20869.166752814235,0.009,0
2026-10-06T10:49:33Z,2.239,18.5502,0.2515,2.9694,50.04,43.588429,2.6307,27.523,9.865,78.7189,1.1876,20911.553950812475,0.006,0
2026-10-06T10:49:33Z,2.24,18.5499,0.2165,2.8781,50.047,43.594566,2.6327,27.223,9.865,78.7709,1.188,20919.33261707118,0.003,0
2026-10-06T10:49:33Z,2.238,18.5496,0.2067,2.9205,50.013,43.564283,2.6243,26.95,9.865,78.8409,1.1974,20883.085674426577,0.002,0
2026-10-06T10:49:33Z,2.235,18.5493,0.249,3.0724,49.985,43.539653,2.6049,26.725,9.865,78.876,1.1994,20853.70012669062,0.002,0
2026-10-06T10:49:33Z,2.235,18.5492,0.3035,3.0747,49.997,43.550656,2.5767,26.554,9.865,78.9372,1.1866,20867.102707954386,0.003,0
2026-10-06T10:49:33Z,2.236,18.549,0.3082,2.9485,50.021,43.570372,2.5469,26.414,9.865,78.9792,1.172,20891.15699710741,0.006,0
2026-10-06T10:49:33Z,2.239,18.5488,0.2724,2.9471,50.041,43.587615,2.5208,26.295,9.865,78.8667,1.1808,20912.238133742874,0.009,0
2026-10-06T10:49:33Z,2.244,18.5485,0.2548,3.126,50.092,43.63219,2.4993,26.213,9.866,78.7821,1.2053,20966.53894239255,0.013,0
2026-10-06T10:49:33Z,2.247,18.5483,0.2703,3.3018,50.13,43.665002,2.4846,26.188,9.867,78.9022,1.2122,21006.54221571941,0.018,0
2026-10-06T10:49:33Z,2.249,18.5483,0.3008,3.2621000000000002,50.132,43.666962,2.472,26.242,9.867,79.0288,1.2029,21008.918882702237,0.022,0
2026-10-06T10:49:33Z,2.254,18.5482,0.3073,3.0901,50.12,43.655893,2.4598,26.378,9.868,79.0221,1.1859,20995.61764232724,0.025,0
2026-10-06T10:49:33Z,2.263,18.548,0.2822,3.0324,50.123,43.658111,2.4519,26.585,9.868,78.9067,1.1481,20998.54530687878,0.027,0
2026-10-06T10:49:33Z,2.274,18.5477,0.2636,3.1107,50.164,43.693785,2.4485,26.832,9.867,78.8385,1.1201,21042.180695395753,0.028,0
2026-10-06T10:49:33Z,2.284,18.5475,0.2741,3.2168,50.179,43.706375,2.4534,27.082,9.867,78.8865,1.111,21057.706751141275,0.026,0
2026-10-06T10:49:33Z,2.29,18.5473,0.2844,3.1542,50.153,43.683379,2.4667,27.307,9.867,78.9698,1.0863,21030.029656095252,0.022,0
2026-10-06T10:49:33Z,2.294,18.547,0.2634,2.9345,50.137,43.669645,2.487,27.482,9.868,79.071,1.0705,21013.726951602028,0.016,0
2026-10-06T10:49:33Z,2.297,18.5468,0.2443,2.8155,50.135,43.66726,2.5118,27.59,9.868,79.0781,1.0835,21011.073573314927,0.01,0
2026-10-06T10:49:33Z,2.298,18.5463,0.2446,2.876,50.121,43.654547,2.5357,27.623,9.868,78.9699,1.089,20996.256870744317,0.006,0
2026-10-06T10:49:33Z,2.297,18.5458,0.2678,3.0513,50.108,43.642881,2.5578,27.568,9.868,78.8807,1.0732,20982.715362442024,0.004,0
2026-10-06T10:49:33Z,2.296,18.5456,0.2921,3.0898,50.119,43.65316,2.5751,27.451,9.868,78.8608,1.0603,20995.41337569098,0.004,0
2026-10-06T10:49:33Z,2.297,18.5454,0.2798,2.9322,50.118,43.651885,2.5843,27.3,9.868,78.9878,1.0571,20994.107015141042,0.005,0
2026-10-06T10:49:33Z,2.299,18.5449,0.2609,2.8196,50.091,43.627459,2.5896,27.115,9.868,79.125,1.0495,20965.10730663176,0.006,0
2026-10-06T10:49:33Z,2.302,18.5447,0.2548,2.7874,50.073,43.611728,2.5823,26.905,9.869,79.0566,1.0356,20946.29782125092,0.008,0
2026-10-06T10:49:33Z,2.305,18.5445,0.2653,2.9179,50.046,43.588629,2.5702,26.676,9.869,78.9351,1.0263,20918.585799595156,0.008,0
2026-10-06T10:49:33Z,2.307,18.5442,0.2789,3.1345,49.989,43.538595,2.5572,26.443,9.869,78.947,1.0255,20858.479584601144,0.008,0
2026-10-06T10:49:33Z,2.309,18.544,0.2778,3.152,49.962,43.514567,2.5387,26.233,9.869,79.0285,1.0303,20829.719069859464,0.008,0
2026-10-06T10:49:33Z,2.31,18.5439,0.2766,3.0952,50.005,43.552011,2.5194,26.069,9.869,79.0601,1.0342,20875.038089018388,0.009,0
2026-10-06T10:49:33Z,2.311,18.5439,0.2894,3.1312,50.072,43.610489,2.4974,25.959,9.869,79.157,1.0243,20945.75252498298,0.01,0
2026-10-06T10:49:33Z,2.313,18.5436,0.3162,3.1767,50.118,43.650342,2.4746,25.895,9.87,79.2542,1.0086,20994.389513678456,0.01,0
2026-10-06T10:49:33Z,2.317,18.5436,0.3092,3.0989,50.121,43.65302,2.4537,25.831,9.87,79.203,1.0062,20997.635896101314,0.01,0
2026-10-06T10:49:33Z,2.322,18.5434,0.2788,2.9075,50.11,43.642866,2.4388,25.736,9.87,79.2263,1.008,20985.566143704295,0.009,0
2026-10-06T10:49:33Z,2.325,18.5432,0.2733,2.8097,50.124,43.654523,2.4279,25.615,9.87,79.3636,1.009,20999.936443156465,0.009,0
2026-10-06T10:49:33Z,2.325,18.5432,0.2845,2.9069,50.138,43.66701,2.424,25.468,9.871,79.4865,1.0139,21015.080540808452,0.008,0
2026-10-06T10:49:33Z,2.326,18.5429,0.3058,3.0583,50.138,43.666896,2.42,25.319,9.872,79.5074,1.0117,21015.301623168598,0.006,0
2026-10-06T10:49:33Z,2.327,18.5427,0.3058,3.0683,50.123,43.65315,2.4093,25.199,9.871,79.3584,1.0105,20998.870048143825,0.005,0
2026-10-06T10:49:33Z,2.329,18.5423,0.2769,2.9944,50.094,43.627745,2.3992,25.114,9.871,79.3184,1.016,20968.558935403245,0.003,0
2026-10-06T10:49:33Z,2.331,18.5421,0.2559,2.9848,50.079,43.613621,2.3844,25.09,9.871,79.4546,1.0107,20951.69226236951,0.002,0
2026-10-06T10:49:33Z,2.331,18.5417,0.2681,3.0539,50.074,43.609334,2.3685,25.146,9.871,79.4569,1.0055,20946.97948077127,-0.001,0
2026-10-06T10:49:33Z,2.33,18.5413,0.3077,3.1812,50.036,43.575908,2.3586,25.262,9.872,79.4317,1.0177,20907.01392446655,-0.003,0
2026-10-06T10:49:33Z,2.328,18.5411,0.3111,3.1574,49.98,43.526843,2.3488,25.397,9.872,79.4942,1.0275,20847.97500905754,-0.004,0
2026-10-06T10:49:33Z,2.325,18.5407,0.2674,2.9369,49.977,43.523895,2.3457,25.517,9.872,79.524,1.0235,20844.892177009046,-0.003,0
2026-10-06T10:49:33Z,2.324,18.5403,0.2452,2.8038,49.996,43.540263,2.3522,25.618,9.872,79.5349,1.023,20865.12945693281,-0.002,0
2026-10-06T10:49:33Z,2.324,18.5401,0.2678,2.8808,49.989,43.534326,2.364,25.696,9.871,79.539,1.0299,20858.197735957245,0.001,0
2026-10-06T10:49:33Z,2.325,18.5398,0.2826,2.9793,49.968,43.515582,2.3788,25.735,9.871,79.3155,1.0364,20835.928760489194,0.004,0
2026-10-06T10:49:33Z,2.327,18.5395,0.2569,2.9699,49.954,43.504067,2.3893,25.728,9.871,77.3498,1.0407,20822.392841358695,0.009,0
2026-10-06T10:49:33Z,2.328,18.5396,0.2404,3.0061,49.974,43.522032,2.3987,25.718,9.871,73.3236,1.0307,20843.950044848243,0.014,0
2026-10-06T10:49:33Z,2.332,18.5395,0.2499,3.0757,49.998,43.542379,2.4071,25.788,9.871,69.8691,1.0078,20868.635953140598,0.019,0
2026-10-06T10:49:33Z,2.337,18.5395,0.2724,3.1617,50.018,43.559662,2.4109,25.962,9.87,67.846,0.98579,20889.51767694122,0.023,0
2026-10-06T10:49:33Z,2.345,18.5397,0.3044,3.2265,50.068,43.604045,2.4095,26.233,9.869,66.1565,0.96202,20942.963545927138,0.025,0
2026-10-06T10:49:33Z,2.355,18.5399,0.3032,3.1079,50.103,43.634684,2.4041,26.616,9.868,64.498,0.94057,20979.834149603284,0.025,0
2026-10-06T10:49:33Z,2.365,18.5401,0.2656,2.9919,50.078,43.612744,2.4104,27.069,9.868,62.7648,0.93108,20953.01666360214,0.023,0
2026-10-06T10:49:33Z,2.37,18.5402,0.2417,3.0194,50.055,43.592662,2.4281,27.496,9.868,60.8595,0.9309,20928.588682357255,0.02,0
2026-10-06T10:49:33Z,2.372,18.5403,0.2637,3.1333,50.116,43.645776,2.4513,27.834,9.869,59.0127,0.93352,20992.799382958077,0.018,0
2026-10-06T10:49:33Z,2.373,18.5406,0.3067,3.2076,50.232,43.747138,2.4888,28.063,9.87,57.3857,0.92326,21115.54815941881,0.017,0
2026-10-06T10:49:33Z,2.375,18.5408,0.3125,3.1321,50.296,43.802619,2.5355,28.172,9.869,55.8995,0.89649,21182.88126982155,0.02,0
2026-10-06T10:49:33Z,2.379,18.5407,0.2843,3.0741,50.303,43.808798,2.5773,28.151,9.869,54.552,0.88382,21190.53602920305,0.026,0
2026-10-06T10:49:33Z,2.387,18.5406,0.265,3.1551,50.318,43.821848,2.6094,28.027,9.869,53.31,0.88632,21206.574192677468,0.032,0
2026-10-06T10:49:33Z,2.398,18.5407,0.2791,3.2917,50.333,43.833449,2.6307,27.832,9.869,52.413,0.87077,21220.60912774454,0.037,0
2026-10-06T10:49:33Z,2.41,18.5406,0.3048,3.2906,50.321,43.82211,2.6423,27.577,9.868,52.3957,0.84359,21206.892348277855,0.039,0
2026-10-06T10:49:33Z,2.423,18.5402,0.2925,3.1418,50.31,43.811706,2.6385,27.282,9.867,53.1871,0.82839,21194.68393147009,0.039,0
2026-10-06T10:49:33Z,2.434,18.5397,0.264,3.0639,50.337,43.834598,2.6257,26.957,9.866,54.1523,0.82473,21223.219510559666,0.037,0
2026-10-06T10:49:33Z,2.444,18.5394,0.2672,3.1008,50.35,43.845,2.6081,26.61,9.867,54.8588,0.82406,21236.281968975964,0.032,0
2026-10-06T10:49:33Z,2.45,18.5385,0.2977,3.1788,50.311,43.810516,2.5824,26.269,9.867,55.2769,0.82276,21195.285373928287,0.027,0
2026-10-06T10:49:33Z,2.455,18.5375,0.3255,3.1866,50.297,43.798508,2.5554,25.963,9.867,55.5083,0.81791,21181.850033803777,0.022,0
2026-10-06T10:49:33Z,2.459,18.5367,0.312,3.1265,50.33,43.826766,2.5246,25.72,9.867,55.6773,0.8087,21217.288512701376,0.02,0
2026-10-06T10:49:33Z,2.463,18.5362,0.2686,3.1014,50.413,43.898271,2.4911,25.553,9.867,56.0303,0.80015,21305.283130549826,0.022,0
2026-10-06T10:49:33Z,2.466,18.5357,0.2503,3.1565,50.563,44.02831,2.4583,25.446,9.866,56.4203,0.78766,21465.399476982133,0.027,0
2026-10-06T10:49:33Z,2.472,18.535,0.2732,3.281,50.753,44.19302,2.4287,25.396,9.864,56.5205,0.76424,21669.37272655993,0.031,0
2026-10-06T10:49:33Z,2.483,18.5344,0.3124,3.2735,50.953,44.366323,2.4054,25.406,9.863,56.5533,0.7484,21885.12925560102,0.034,0
2026-10-06T10:49:33Z,2.497,18.534,0.3159,3.1342,51.078,44.473307,2.3904,25.413,9.862,56.7309,0.74232,22019.02911855367,0.036,0
2026-10-06T10:49:33Z,2.508,18.5334,0.2829,3.0653,51.077,44.47091,2.3815,25.366,9.862,56.9468,0.72521,22016.788321776447,0.037,0
2026-10-06T10:49:33Z,2.516,18.5327,0.2797,3.1235,50.998,44.400815,2.3746,25.28,9.862,57.185,0.70489,21930.20804998593,0.036,0
2026-10-06T10:49:33Z,2.522,18.532,0.3098,3.2923,50.913,44.324047,2.3788,25.081,9.862,57.4604,0.69082,21835.54398915195,0.032,0
2026-10-06T10:49:33Z,2.53,18.531,0.2971,3.3298,50.893,44.304437,2.3833,24.678,9.861,57.6954,0.67405,21812.425290542957,0.029,0
2026-10-06T10:49:33Z,2.539,18.5295,0.2346,3.1665,50.953,44.354138,2.3744,24.108,9.86,57.875,0.65674,21876.083030624544,0.027,0
2026-10-06T10:49:33Z,2.546,18.5276,0.2039,3.0599,51.027,44.41716,2.3708,23.45,9.86,57.9975,0.64893,21956.973770233424,0.026,0
2026-10-06T10:49:33Z,2.551,18.5253,0.2169,3.1337,51.044,44.431655,2.3573,22.78,9.86,58.0581,0.64705,21977.94392228068,0.025,0
2026-10-06T10:49:33Z,2.557,18.5224,0.2505,3.308,51.01,44.402442,2.3165,22.215,9.86,58.006100000000004,0.63847,21945.13581990731,0.022,0
2026-10-06T10:49:33Z,2.563,18.5201,0.2775,3.356,51.058,44.44481,2.2601,21.816,9.861,57.8847,0.61963,22000.898160209632,0.019,0
2026-10-06T10:49:33Z,2.569,18.5187,0.2685,3.2703,51.267,44.626532,2.1979,21.551,9.86,57.8807,0.60789,22230.390884686094,0.017,0
2026-10-06T10:49:33Z,2.573,18.518,0.2586,3.229,51.42,44.758772,2.1295,21.421,9.86,57.9582,0.60692,22397.933450214976,0.016,0
2026-10-06T10:49:33Z,2.574,18.5183,0.2824,3.3001,51.294,44.647189,2.0736,21.412,9.86,57.9602,0.608,22256.879657664416,0.015,0
2026-10-06T10:49:33Z,2.576,18.5189,0.3227,3.4135,51.036,44.419989,2.0404,21.476,9.86,57.9049,0.61708,21971.41385608007,0.014,0
2026-10-06T10:49:33Z,2.581,18.5191,0.3214,3.3704,50.824,44.233448,2.0132,21.563,9.859,57.9788,0.62206,21739.125163233763,0.014,0
2026-10-06T10:49:33Z,2.585,18.5183,0.2838,3.2224,50.679,44.105622,2.0019,21.587,9.858,58.1654,0.59907,21581.997946561238,0.014,0
2026-10-06T10:49:33Z,2.59,18.5165,0.2509,3.1617,50.65,44.080505,2.0036,21.487,9.858,58.3544,0.57449,21553.227162530075,0.013,0
2026-10-06T10:49:33Z,2.595,18.5139,0.2402,3.251,50.695,44.120195,2.0101,21.312,9.858,58.5425,0.58142,21605.413082528452,0.012,0
2026-10-06T10:49:33Z,2.598,18.5116,0.2626,3.4145,50.719,44.141166,2.0221,21.178,9.858,58.7186,0.59186,21634.164976767483,0.009,0
2026-10-06T10:49:33Z,2.598,18.5104,0.2552,3.3963,50.722,44.143639,2.0274,21.188,9.858,59.0211,0.59121,21638.704701483868,0.006,0
2026-10-06T10:49:33Z,2.599,18.51,0.2083,3.236,50.728,44.150107,2.0157,21.395,9.858,59.2746,0.59344,21647.197018426403,0.004,0
2026-10-06T10:49:33Z,2.599,18.5103,0.2038,3.1835,50.733,44.155894,1.9945,21.764,9.858,59.2888,0.59243,21653.98388999405,0.003,0
2026-10-06T10:49:33Z,2.599,18.5109,0.2583,3.2746,50.726,44.150131,1.9792,22.212,9.859,59.3658,0.58549,21646.114537389294,0.004,0
2026-10-06T10:49:33Z,2.6,18.5117,0.31,3.4151,50.718,44.143901,1.9771,22.667,9.86,59.6025,0.58212,21637.42269764254,0.005,0
2026-10-06T10:49:33Z,2.601,18.5124,0.3043,3.4131,50.718,44.14405,1.9985,23.069,9.861,59.8272,0.58602,21636.742136657835,0.007,0
2026-10-06T10:49:33Z,2.603,18.513,0.2644,3.2838,50.727,44.151925,2.0364,23.387,9.862,60.0181,0.5918,21645.73771051357,0.01,0
2026-10-06T10:49:33Z,2.606,18.5135,0.244,3.2523,50.754,44.175644,2.08,23.594,9.862,60.1902,0.58987,21674.462247120468,0.013,0
2026-10-06T10:49:33Z,2.609,18.514,0.2663,3.3746,50.829,44.240398,2.1256,23.669,9.862,60.273,0.58037,21754.074214442924,0.016,0
2026-10-06T10:49:33Z,2.614,18.5143,0.3085,3.4988,50.97,44.363572,2.1631,23.639,9.861,60.3313,0.57198,21906.82507810658,0.02,0
2026-10-06T10:49:33Z,2.619,18.5145,0.3139,3.4217,51.153,44.522337,2.1942,23.558,9.86,60.4639,0.5699,22104.933973317515,0.022,0
2026-10-06T10:49:33Z,2.626,18.5148,0.2811,3.2274,51.285,44.636559,2.2148,23.451,9.86,60.6722,0.56912,22247.952952835883,0.023,0
2026-10-06T10:49:33Z,2.634,18.515,0.2611,3.1304,51.247,44.602009,2.2206,23.321,9.861,60.8706,0.55603,22204.262207267147,0.022,0
2026-10-06T10:49:33Z,2.641,18.5151,0.2718,3.2055,51.115,44.485468,2.2156,23.176,9.862,60.9704,0.53717,22058.01298062029,0.019,0
2026-10-06T10:49:33Z,2.647,18.5149,0.2946,3.3841,51.058,44.433547,2.2069,22.976,9.862,61.0179,0.53111,21993.358275035665,0.016,0
2026-10-06T10:49:33Z,2.649,18.5142,0.2947,3.4798,51.115,44.48205,2.1979,22.68,9.863,61.1018,0.53406,22054.869745466254,0.013,0
2026-10-06T10:49:33Z,2.649,18.5127,0.2732,3.4745,51.284,44.627567,2.1842,22.312,9.863,61.2958,0.53618,22239.309949533003,0.011,0
2026-10-06T10:49:33Z,2.65,18.5104,0.2598,3.4572,51.552,44.859943,2.1725,21.92,9.863,61.4706,0.53348,22535.742682378455,0.01,0
2026-10-06T10:49:33Z,2.653,18.5084,0.2743,3.4755,51.94,45.196901,2.1565,21.56,9.864,61.4945,0.52549,22968.26211613184,0.01,0
2026-10-06T10:49:33Z,2.658,18.5071,0.3149,3.4903,52.323,45.527713,2.1266,21.287,9.865,61.498,0.51219,23397.059960744762,0.011,0
2026-10-06T10:49:33Z,2.662,18.5061,0.3267,3.432,52.508,45.685751,2.091,21.102,9.865,61.5999,0.50618,23604.18364813856,0.012,0
2026-10-06T10:49:33Z,2.665,18.5053,0.2922,3.3848,52.615,45.774625,2.0528,20.931,9.865,61.7794,0.50587,23721.490372317443,0.011,0
2026-10-06T10:49:33Z,2.667,18.5044,0.2805,3.4661,52.697,45.840494,2.0165,20.701,9.865,61.8628,0.49035,23809.08865163414,0.01,0
2026-10-06T10:49:33Z,2.67,18.5029,0.3102,3.6293,52.566,45.720376,1.9907,20.34,9.866,61.9198,0.48815,23653.75339682199,0.008,0
2026-10-06T10:49:33Z,2.672,18.5001,0.326,3.6501,52.352,45.52843,1.9768,19.757,9.866,62.0373,0.50174,23407.367396698006,0.007,0
2026-10-06T10:49:33Z,2.673,18.4956,0.3221,3.5809,52.456,45.614568,1.9636,18.939,9.866,62.0797,0.50198,23525.493056535877,0.007,0
2026-10-06T10:49:33Z,2.674,18.4897,0.3126,3.5787,52.756,45.873117,1.9434,17.976,9.866,62.1737,0.5055,23872.03395306387,0.008,0
2026-10-06T10:49:33Z,2.675,18.4837,0.3022,3.589,52.818,45.924803,1.9145,17.002,9.866,62.3132,0.51415,23948.316139353952,0.009,0
2026-10-06T10:49:33Z,2.678,18.478,0.314,3.6709,52.744,45.858623,1.8605,16.16,9.867,62.3901,0.51194,23868.968257463566,0.011,0
2026-10-06T10:49:33Z,2.682,18.4739,0.3222,3.6812,52.791,45.89821,1.7801,15.538,9.868,62.4156,0.50667,23926.708955110356,0.013,0
2026-10-06T10:49:33Z,2.686,18.4715,0.3173,3.5773,52.862,45.959066,1.6858,15.102,9.868,62.3639,0.49266,24010.291696261,0.014,0
2026-10-06T10:49:33Z,2.69,18.4697,0.3138,3.5415,52.865,45.959607,1.5894,14.776,9.869,62.3664,0.47397,24013.48353906164,0.015,0
2026-10-06T10:49:33Z,2.695,18.4686,0.3041,3.5561,52.878,45.96823,1.5064,14.543,9.869,62.4466,0.47582,24026.3901219829,0.016,0
2026-10-06T10:49:33Z,2.698,18.4676,0.3084,3.6162,52.917,45.999833,1.4503,14.386,9.869,62.5592,0.48315,24069.55247027404,0.016,0
2026-10-06T10:49:33Z,2.701,18.4662,0.3079,3.5853,52.947,46.024304,1.4135,14.26,9.87,62.7819,0.48396,24103.87357302084,0.016,0
2026-10-06T10:49:33Z,2.706,18.4642,0.2812,3.5239,52.934,46.010175,1.3821,14.135,9.872,62.9015,0.48134,24087.93090147657,0.015,0
2026-10-06T10:49:33Z,2.71,18.4621,0.2518,3.5914,52.801,45.892481,1.3607,14.005,9.872,62.8012,0.46918,23935.34096503095,0.013,0
2026-10-06T10:49:33Z,2.714,18.4601,0.2521,3.7189,52.633,45.743951,1.3482,13.882,9.872,62.6878,0.44953,23742.731014586145,0.011,0
2026-10-06T10:49:33Z,2.717,18.4579,0.2841,3.9035,52.7,45.801356,1.3376,13.799,9.872,62.6491,0.44445,23821.1175880004,0.01,0
2026-10-06T10:49:33Z,2.718,18.4554,0.2736,3.8768,52.946,46.015218,1.3255,13.776,9.873,62.6761,0.44712,24106.766148786897,0.01,0
2026-10-06T10:49:33Z,2.718,18.4527,0.2169,3.6013,52.98,46.044382,1.3136,13.804,9.873,62.7567,0.43885,24149.15415179578,0.01,0
2026-10-06T10:49:33Z,2.72,18.4509,0.1894,3.4415,52.669,45.77309,1.3007,13.915,9.872,62.9357,0.43712,23793.520585073482,0.009,0
2026-10-06T10:49:33Z,2.725,18.4501,0.2074,3.4818,52.315,45.464758,1.2914,14.108,9.872,63.1196,0.43915,23391.623806220945,0.008,0
2026-10-06T10:49:33Z,2.73,18.4502,0.2594,3.6447,52.273,45.426957,1.2915,14.279,9.872,63.1736,0.4426,23342.380079010305,0.007,0
2026-10-06T10:49:33Z,2.732,18.4503,0.3106,3.771,52.438,45.569963,1.2915,14.343,9.873,63.1575,0.44905,23528.371960668755,0.005,0
2026-10-06T10:49:33Z,2.731,18.4495,0.3187,3.7115,52.554,45.670293,1.3009,14.331,9.874,63.1835,0.45538,23660.591208257818,0.002,0
2026-10-06T10:49:33Z,2.729,18.448,0.2905,3.5391,52.574,45.687833,1.3242,14.348,9.875,63.2305,0.46482,23685.6008132314,0,0
2026-10-06T10:49:33Z,2.728,18.447,0.2616,3.4296,52.536,45.655066,1.344,14.483,9.875,63.2093,0.46894,23644.046492692327,0,0
2026-10-06T10:49:33Z,2.728,18.4468,0.2524,3.4797,52.536,45.655001,1.3483,14.741,9.876,63.1846,0.46587,23644.232448631803,0.001,0
2026-10-06T10:49:33Z,2.729,18.4467,0.2537,3.6329,52.572,45.68705,1.343,15.041,9.876,63.3626,0.45918,23686.339758118113,0.004,0
2026-10-06T10:49:33Z,2.73,18.4466,0.2429,3.6414,52.542,45.66167,1.3414,15.285,9.875,63.6401,0.45549,23653.233376626406,0.006,0
2026-10-06T10:49:33Z,2.731,18.4467,0.2218,3.4811,52.472,45.602063,1.3536,15.444,9.874,63.701,0.46789,23575.141391353915,0.009,0
2026-10-06T10:49:33Z,2.734,18.4473,0.2401,3.4708,52.47,45.601161,1.3811,15.541,9.873,63.6688,0.47889,23573.152163339677,0.013,0
2026-10-06T10:49:33Z,2.737,18.4479,0.2977,3.6539,52.526,45.650759,1.4131,15.568,9.872,63.6811,0.46729,23637.18965421919,0.018,0
2026-10-06T10:49:33Z,2.741,18.4481,0.3281,3.7818,52.574,45.69391,1.4374,15.516,9.873,63.7634,0.44166,23693.42764137166,0.023,0
2026-10-06T10:49:33Z,2.748,18.4491,0.3163,3.7187,52.629,45.742009,1.4494,15.418,9.874,63.8903,0.41034,23755.153581317918,0.028,0
2026-10-06T10:49:33Z,2.757,18.4499,0.2885,3.5401,52.755,45.851424,1.4599,15.318,9.874,63.9246,0.39222,23897.95154277233,0.032,0
2026-10-06T10:49:33Z,2.768,18.4509,0.2828,3.5358,53.001,46.064608,1.4632,15.24,9.874,64.0058,0.39142,24178.47771993869,0.034,0
2026-10-06T10:49:33Z,2.778,18.452,0.3052,3.7357,53.332,46.351644,1.4564,15.178,9.874,64.0979,0.38416,24559.750443477165,0.035,0
2026-10-06T10:49:33Z,2.787,18.4527,0.318,3.8382,53.611,46.592169,1.4461,15.105,9.874,64.0055,0.37093,24882.420154806885,0.034,0
2026-10-06T10:49:33Z,2.795,18.453,0.3043,3.785,53.724,46.687359,1.4353,15.01,9.873,63.9208,0.36713,25010.811152324986,0.031,0
2026-10-06T10:49:33Z,2.803,18.4523,0.2738,3.706,53.717,46.677292,1.4285,14.851,9.872,64.0203,0.36837,24998.171963622357,0.028,0
2026-10-06T10:49:33Z,2.81,18.4509,0.2735,3.772,53.702,46.660888,1.4244,14.556,9.872,64.1767,0.36641,24977.956439222675,0.024,0
2026-10-06T10:49:33Z,2.816,18.449,0.301,3.9687,53.727,46.679468,1.4168,14.083,9.873,64.1759,0.35884,25005.856777181056,0.02,0
2026-10-06T10:49:33Z,2.82,18.4466,0.3063,4.0345,53.768,46.711483,1.4094,13.429,9.873,64.0972,0.35467,25052.726478055887,0.016,0
2026-10-06T10:49:33Z,2.823,18.4436,0.2868,3.9176,53.794,46.730559,1.398,12.647,9.874,64.1714,0.35739,25082.943237808875,0.013,0
2026-10-06T10:49:33Z,2.825,18.4404,0.2575,3.786,53.784,46.719655,1.3712,11.844,9.874,64.299,0.34823,25072.742734819443,0.009,0
2026-10-06T10:49:33Z,2.827,18.4371,0.2678,3.8092,53.698,46.643129,1.3277,11.128,9.874,64.2637,0.3377,24973.68873285457,0.006,0
2026-10-06T10:49:33Z,2.829,18.4336,0.3193,3.9602,53.613,46.567102,1.2643,10.53,9.875,64.088,0.34604,24875.824353015414,0.005,0
2026-10-06T10:49:33Z,2.83,18.4304,0.3401,4.0393,53.681,46.625702,1.1877,10.065,9.875,63.9818,0.3572,24959.687876949763,0.006,0
2026-10-06T10:49:33Z,2.829,18.4277,0.3115,3.9466,53.786,46.716818,1.1074,9.772,9.875,64.0115,0.34958,25087.18174872425,0.008,0
2026-10-06T10:49:33Z,2.829,18.4257,0.2725,3.7615,53.859,46.780001,1.0403,9.644,9.875,64.103,0.3377,25176.023167792835,0.013,0
2026-10-06T10:49:33Z,2.832,18.4246,0.2762,3.7483,54.051,46.94524,0.9843,9.644,9.875,64.1422,0.34264,25403.30195192494,0.02,0
2026-10-06T10:49:33Z,2.838,18.424,0.3156,3.9223,54.263,47.127572,0.9381,9.732,9.874,64.1408,0.33849,25654.68238308475,0.03,0
2026-10-06T10:49:33Z,2.847,18.4239,0.3324,4.0212,54.357,47.206975,0.9115,9.847,9.872,64.1719,0.32453,25764.401568226163,0.039,0
2026-10-06T10:49:33Z,2.859,18.4236,0.304,3.9537,54.36,47.206936,0.9008,9.924,9.871,64.0882,0.31929,25764.79111064765,0.046,0
2026-10-06T10:49:33Z,2.874,18.4225,0.2639,3.7899,54.344,47.190588,0.9018,9.904,9.871,63.9891,0.30351,25743.83428592242,0.048,0
2026-10-06T10:49:33Z,2.89,18.421,0.2723,3.8172,54.358,47.199764,0.9123,9.741,9.87,64.0931,0.28573,25758.72980001933,0.045,0
2026-10-06T10:49:33Z,2.906,18.4189,0.3219,4.0781,54.35,47.190912,0.9254,9.393,9.869,64.2265,0.27543,25749.60822763446,0.039,0
2026-10-06T10:49:33Z,2.916,18.4161,0.3475,4.2114,54.302,47.147041,0.9346,8.875,9.869,64.3114,0.26055,25693.181761293934,0.03,0
2026-10-06T10:49:33Z,2.921,18.4135,0.3237,4.1309,54.266,47.113723,0.9341,8.276,9.87,64.4314,0.25709,25651.07391131447,0.02,0
2026-10-06T10:49:33Z,2.922,18.4113,0.2923,4.0615,54.259,47.10549,0.9206,7.679,9.87,64.4728,0.26325,25642.970841882478,0.012,0
2026-10-06T10:49:33Z,2.921,18.4091,0.2846,4.0891,54.266,47.110987,0.8884,7.143,9.869,64.4674,0.2592,25653.791921935084,0.007,0
2026-10-06T10:49:33Z,2.92,18.4072,0.2962,4.1235,54.273,47.116696,0.835,6.732,9.869,64.4524,0.25212,25664.466487553273,0.007,0
2026-10-06T10:49:33Z,2.92,18.4055,0.3252,4.1701,54.268,47.111028,0.7768,6.484,9.868,64.3774,0.24592,25659.159202039198,0.009,0
2026-10-06T10:49:33Z,2.924,18.4041,0.3266,4.14,54.263,47.105938,0.719,6.386,9.867,64.3358,0.24356,25654.206236739014,0.014,0
2026-10-06T10:49:33Z,2.93,18.403,0.2965,4.0674,54.278,47.118648,0.6666,6.401,9.867,64.2936,0.2462,25673.357076445685,0.018,0
2026-10-06T10:49:33Z,2.936,18.4024,0.2775,4.0779,54.3,47.137719,0.6257,6.485,9.867,64.2969,0.23861,25700.558515510438,0.021,0
2026-10-06T10:49:33Z,2.942,18.4021,0.2887,4.0962,54.31,47.146066,0.6041,6.583,9.867,64.3756,0.23112,25712.524997573943,0.022,0
2026-10-06T10:49:33Z,2.949,18.4016,0.3071,4.0836,54.322,47.156089,0.5956,6.657,9.867,64.3843,0.23774,25727.10585064393,0.021,0
2026-10-06T10:49:33Z,2.955,18.401,0.2838,4.0286,54.368,47.195412,0.5985,6.667,9.867,64.3162,0.24074,25782.346170100118,0.019,0
2026-10-06T10:49:33Z,2.96,18.4006,0.2558,4.0459,54.42,47.240603,0.6088,6.622,9.867,64.2404,0.23662,25845.492668407893,0.015,0
2026-10-06T10:49:33Z,2.963,18.4003,0.2523,4.053,54.441,47.258085,0.6185,6.569,9.868,64.2419,0.229,25870.162932393658,0.011,0
2026-10-06T10:49:33Z,2.965,18.3998,0.2499,3.9437,54.466,47.279809,0.6276,6.527,9.868,64.3352,0.22119,25901.030266845697,0.008,0
2026-10-06T10:49:33Z,2.966,18.3996,0.2681,3.886,54.505,47.312812,0.6283,6.483,9.868,64.4222,0.22175,25947.133813734705,0.006,0
2026-10-06T10:49:33Z,2.966,18.3993,0.2897,3.8671,54.537,47.33969,0.6215,6.443,9.869,64.4337,0.21342,25984.92423071204,0.005,0
2026-10-06T10:49:33Z,2.966,18.3989,0.278,3.8517,54.551,47.350841,0.6158,6.398,9.87,64.302,0.19967,26001.024757805208,0.005,0
2026-10-06T10:49:33Z,2.967,18.3983,0.2596,3.8707,54.517,47.320668,0.6137,6.33,9.87,64.1208,0.20741,25959.98603210946,0.007,0
2026-10-06T10:49:33Z,2.969,18.3977,0.2664,3.9609,54.485,47.292299,0.6079,6.234,9.87,64.1356,0.22822,25921.490108509835,0.012,0
2026-10-06T10:49:33Z,2.972,18.3972,0.2937,4.054,54.523,47.325269,0.6051,6.117,9.87,64.223,0.24234,25968.020839976693,0.018,0
2026-10-06T10:49:33Z,2.976,18.3966,0.2985,3.9708,54.612,47.401866,0.6018,5.999,9.87,64.145,0.24139,26075.486068622093,0.023,0
2026-10-06T10:49:33Z,2.983,18.3958,0.2747,3.878,54.749,47.520064,0.5952,5.87,9.87,63.8806,0.23044,26241.677026174733,0.027,0
2026-10-06T10:49:33Z,2.994,18.3953,0.2552,3.9907,54.855,47.611629,0.5866,5.725,9.869,63.6935,0.21777,26370.6964493487,0.028,0
2026-10-06T10:49:33Z,3.004,18.3948,0.2552,4.1722,54.865,47.620151,0.5738,5.572,9.867,63.7755,0.20561,26383.412586322123,0.027,0
2026-10-06T10:49:33Z,3.011,18.3946,0.2733,4.1942,54.87,47.623099,0.5635,5.377,9.867,63.9254,0.20643,26387.85329557069,0.025,0
2026-10-06T10:49:33Z,3.016,18.3942,0.2833,4.1194,54.9,47.647275,0.5524,5.092,9.867,64.0429,0.21269,26422.40676658425,0.02,0
2026-10-06T10:49:33Z,3.02,18.3937,0.2766,4.0881,54.915,47.65851,0.5369,4.711,9.866,64.0779,0.20957,26438.952280633806,0.016,0
2026-10-06T10:49:33Z,3.022,18.3928,0.2747,4.0887,54.886,47.631964,0.5246,4.27,9.866,64.0047,0.20398,26403.03211470508,0.012,0
2026-10-06T10:49:33Z,3.024,18.3918,0.2937,4.1952,54.828,47.580252,0.5082,3.821,9.867,63.8457,0.19401,26332.000974923816,0.01,0
2026-10-06T10:49:33Z,3.027,18.3907,0.3154,4.2136,54.784,47.541159,0.4814,3.4,9.867,63.7037,0.17899,26278.900558161324,0.01,0
2026-10-06T10:49:33Z,3.03,18.389,0.2961,4.0383,54.783,47.540218,0.4449,3.06,9.867,63.6655,0.17218,26280.154165491622,0.011,0
2026-10-06T10:49:33Z,3.032,18.3876,0.2433,3.954,54.816,47.568878,0.4005,2.831,9.867,63.641,0.1736,26322.42226216319,0.012,0
2026-10-06T10:49:33Z,3.035,18.3862,0.2259,4.0144,54.891,47.633733,0.3586,2.7,9.867,63.5796,0.17686,26415.54921059611,0.013,0
2026-10-06T10:49:33Z,3.038,18.3852,0.2529,4.1196,55.028,47.752983,0.3162,2.676,9.867,63.5251,0.18201,26584.92591826391,0.014,0
2026-10-06T10:49:33Z,3.042,18.3846,0.2534,4.1328,55.161,47.867943,0.283,2.757,9.868,63.5841,0.19098,26748.29641749929,0.014,0
2026-10-06T10:49:33Z,3.046,18.3847,0.231,4.0028,55.251,47.944409,0.2636,2.898,9.868,63.6906,0.1975,26856.539413265808,0.014,0
2026-10-06T10:49:33Z,3.05,18.3851,0.2325,3.9149,55.366,48.042642,0.2498,3.066,9.868,63.6947,0.18883,26995.57311916329,0.013,0
2026-10-06T10:49:33Z,3.054,18.3851,0.2475,3.992,55.585,48.230307,0.247,3.222,9.868,63.6345,0.18072,27263.624589340474,0.012,0
2026-10-06T10:49:33Z,3.056,18.3846,0.2789,4.1496,55.825,48.435748,0.2575,3.314,9.869,63.564,0.18943,27559.75874850813,0.012,0
2026-10-06T10:49:33Z,3.058,18.3839,0.3209,4.1815,55.971,48.558432,0.2713,3.346,9.869,63.531,0.19454,27738.20078607607,0.012,0
2026-10-06T10:49:33Z,3.061,18.3824,0.3303,4.001,56.137,48.697813,0.2875,3.327,9.869,63.6668,0.1801,27942.943696179223,0.012,0
2026-10-06T10:49:33Z,3.064,18.3802,0.3007,3.7788,56.394,48.914659,0.3061,3.243,9.869,63.8286,0.16666,28263.159527731183,0.013,0
2026-10-06T10:49:33Z,3.068,18.3776,0.2711,3.7486,56.598,49.085083,0.3128,3.106,9.868,63.8524,0.16881,28517.880013467162,0.014,0
2026-10-06T10:49:33Z,3.071,18.3741,0.2796,3.8401,56.704,49.171103,0.3156,2.943,9.868,63.8691,0.16805,28650.618583511055,0.014,0
2026-10-06T10:49:33Z,3.076,18.3695,0.3125,3.8268,56.809,49.256291,0.3153,2.77,9.868,63.8576,0.15393,28784.3575752598,0.014,0
2026-10-06T10:49:33Z,3.08,18.3642,0.3275,3.6908,56.927,49.353165,0.3064,2.594,9.868,63.7995,0.14338,28937.065200953708,0.013,0
2026-10-06T10:49:33Z,3.084,18.3588,0.3112,3.5275,57.049,49.453493,0.2926,2.428,9.869,63.7695,0.14696,29095.639504997267,0.013,0
2026-10-06T10:49:33Z,3.086,18.3532,0.2814,3.5604,57.128,49.51694,0.2767,2.284,9.869,63.667,0.15912,29199.906194676394,0.013,0
2026-10-06T10:49:33Z,3.088,18.3479,0.2587,3.7813,57.023,49.42187,0.2606,2.174,9.87,63.5055,0.16777,29066.74303872498,0.013,0
2026-10-06T10:49:33Z,3.091,18.343,0.2531,3.9092,56.835,49.25639,0.2433,2.086,9.87,63.3659,0.15845,28828.58082513405,0.014,0
2026-10-06T10:49:33Z,3.096,18.3379,0.2631,3.8769,56.807,49.230446,0.228,2.012,9.871,63.2699,0.14785,28798.551071824357,0.015,0
2026-10-06T10:49:33Z,3.1,18.3336,0.2553,3.7325,56.812,49.235174,0.2129,1.956,9.871,63.2909,0.14748,28812.72390542539,0.015,0
2026-10-06T10:49:33Z,3.103,18.33,0.2432,3.6675,56.683,49.12307,0.204,1.897,9.871,63.3629,0.14828,28652.527047794443,0.015,0
2026-10-06T10:49:33Z,3.108,18.3277,0.2493,3.74,56.561,49.017867,0.196,1.8,9.871,63.2797,0.14704,28500.898311538276,0.014,0
2026-10-06T10:49:33Z,3.113,18.3269,0.2547,3.7548,56.515,48.979054,0.1883,1.67,9.871,63.0582,0.14263,28444.999804424784,0.013,0
2026-10-06T10:49:33Z,3.116,18.3269,0.258,3.7097,56.505,48.971245,0.1837,1.518,9.871,63.0086,0.14573,28433.496951504632,0.013,0
2026-10-06T10:49:33Z,3.117,18.327,0.2557,3.6731,56.521,48.986942,0.1803,1.348,9.871,63.1091,0.15082,28456.457182993905,0.014,0
2026-10-06T10:49:33Z,3.118,18.3274,0.2599,3.6526,56.51,48.978375,0.1702,1.185,9.871,63.0692,0.14874,28443.17801643476,0.016,0
2026-10-06T10:49:33Z,3.123,18.3284,0.2671,3.7015,56.601,49.05814,0.1573,1.054,9.871,62.9576,0.14235,28559.18286399824,0.019,0
2026-10-06T10:49:33Z,3.13,18.3294,0.2596,3.7515,57.044,49.443439,0.1442,0.981,9.871,62.9639,0.13355,29130.060165365496,0.022,0
2026-10-06T10:49:33Z,3.137,18.3306,0.2363,3.6425,57.706,50.017878,0.1257,0.967,9.871,62.9731,0.12928,29994.75708487382,0.026,0
2026-10-06T10:49:33Z,3.144,18.3318,0.2098,3.4775,58.238,50.479641,0.111,0.973,9.871,62.8971,0.13263,30700.85866451468,0.028,0
2026-10-06T10:49:33Z,3.151,18.3327,0.1978,3.4299,58.503,50.708883,0.0969,0.98,9.872,62.8181,0.13938,31054.651272592102,0.028,0
2026-10-06T10:49:33Z,3.159,18.3333,0.1989,3.5118,58.563,50.757728,0.0898,0.998,9.872,62.7932,0.14051,31129.623106321058,0.027,0
2026-10-06T10:49:33Z,3.167,18.3339,0.2226,3.6129,58.563,50.752734,0.0906,1.004,9.871,62.7678,0.13332,31120.760778276785,0.027,0
2026-10-06T10:49:33Z,3.174,18.3344,0.235,3.5259,58.671,50.838984,0.092,0.962,9.87,62.6825,0.12879,31254.402890696816,0.027,0
2026-10-06T10:49:33Z,3.179,18.3344,0.2159,3.313,58.91,51.038585,0.0914,0.895,9.87,62.623,0.12901,31567.153177631022,0.027,0
2026-10-06T10:49:33Z,3.184,18.3322,0.2083,3.225,59.103,51.197654,0.0938,0.825,9.87,62.6505,0.12656,31821.839860927153,0.027,0
2026-10-06T10:49:33Z,3.191,18.3273,0.2264,3.3497,59.158,51.238295,0.097,0.74,9.87,62.7573,0.12435,31895.132381483378,0.026,0
2026-10-06T10:49:33Z,3.201,18.321,0.2597,3.5912,59.137,51.212471,0.0911,0.657,9.87,62.7958,0.12454,31865.917673296935,0.023,0
2026-10-06T10:49:33Z,3.208,18.3144,0.2617,3.6512,59.133,51.202906,0.0835,0.586,9.87,62.6856,0.12459,31862.97350083296,0.02,0
2026-10-06T10:49:33Z,3.213,18.3078,0.242,3.4945,59.193,51.249627,0.0787,0.508,9.87,62.6294,0.12511,31949.13861622912,0.017,0
2026-10-06T10:49:33Z,3.216,18.3015,0.2376,3.3704,59.295,51.332876,0.0695,0.423,9.87,62.7187,0.12746,32092.936411779498,0.014,0
2026-10-06T10:49:33Z,3.216,18.2955,0.2345,3.3813,59.431,51.447471,0.0607,0.342,9.87,62.7329,0.1285,32286.603829126925,0.013,0
2026-10-06T10:49:33Z,3.217,18.2902,0.2453,3.4894,59.559,51.555681,0.0561,0.272,9.868,62.6285,0.126,32469.508247337624,0.014,0
2026-10-06T10:49:33Z,3.221,18.2856,0.2597,3.5496,59.644,51.625242,0.048,0.23,9.867,62.5748,0.124,32589.703906327344,0.017,0
2026-10-06T10:49:33Z,3.226,18.2817,0.2503,3.4596,59.681,51.653512,0.0398,0.226,9.867,62.6001,0.12383,32642.482637327426,0.021,0
2026-10-06T10:49:33Z,3.234,18.2788,0.2235,3.2902,59.673,51.643497000000004,0.0317,0.231,9.867,62.5905,0.12382,32631.880559898742,0.024,0
2026-10-06T10:49:33Z,3.242,18.2762,0.2195,3.2775,59.663,51.631145,0.0249,0.221,9.868,62.4581,0.12384,32616.95743410474,0.026,0
2026-10-06T10:49:33Z,3.249,18.2733,0.2513,3.443,59.666,51.631158,0.0197,0.217,9.868,62.2898,0.12389,32622.465422838985,0.026,0
2026-10-06T10:49:33Z,3.256,18.2702,0.2754,3.548,59.683,51.643649,0.0209,0.198,9.869,62.1903,0.12391,32648.407605293443,0.025,0
2026-10-06T10:49:33Z,3.261,18.2674,0.2614,3.4549,59.698,51.65517,0.0233,0.138,9.869,62.1163,0.12391,32672.23752968999,0.022,0
2026-10-06T10:49:33Z,3.267,18.2649,0.2231,3.2744,59.688,51.643458,0.0196,0.05,9.869,61.9971,0.12389,32658.14076998447,0.02,0
2026-10-06T10:49:33Z,3.273,18.2623,0.2196,3.2776,59.673,51.629043,0.0208,-0.05,9.868,61.9536,0.12385,32639.890127042887,0.018,0
2026-10-06T10:49:33Z,3.277,18.2602,0.2353,3.3576,59.65,51.607872,0.0207,-0.16,9.866,62.0207,0.12377,32609.84174364697,0.018,0
2026-10-06T10:49:33Z,3.279,18.2586,0.2302,3.3526,59.543,51.514485,0.0138,-0.26,9.863,62.0337,0.12372,32463.02809915016,0.017,0
2026-10-06T10:49:33Z,3.283,18.2569,0.2242,3.3536,59.325,51.325403,0.0047,-0.323,9.863,61.9395,0.12379,32164.128801263512,0.016,0
2026-10-06T10:49:33Z,3.288,18.2556,0.2055,3.3025,59.064,51.099679,-0.0039,-0.353,9.863,61.8278,0.12389,31808.181817659075,0.014,0
2026-10-06T10:49:33Z,3.293,18.2545,0.1954,3.2128,58.883,50.944235,-0.0154,-0.362,9.863,61.7156,0.12395,31564.855424363366,0.012,0
2026-10-06T10:49:33Z,3.296,18.2536,0.2264,3.2251,58.837,50.906407,-0.026,-0.354,9.862,61.7009,0.12395,31506.969944793585,0.011,0
2026-10-06T10:49:33Z,3.298,18.2529,0.264,3.3491,58.822,50.896297,-0.0315,-0.339,9.86,61.8226,0.12385,31492.349123452215,0.009,0
2026-10-06T10:49:33Z,3.298,18.2526,0.2587,3.3799,58.808,50.885505,-0.0339,-0.328,9.86,61.7246,0.12381,31475.929974597755,0.007,0
2026-10-06T10:49:33Z,3.299,18.2539,0.2209,3.2559,58.901,50.96641,-0.0346,-0.305,9.859,61.4631,0.12384,31600.883447333064,0.006,0
2026-10-06T10:49:33Z,3.301,18.2563,0.1975,3.1809,59.143,51.176038,-0.0339,-0.264,9.857,61.3275,0.12384,31927.836476324705,0.009,0
2026-10-06T10:49:33Z,3.302,18.2586,0.2089,3.2593,59.461,51.451639,-0.0311,-0.218,9.856,61.2033,0.1238,32362.43056914708,0.015,0
2026-10-06T10:49:33Z,3.304,18.2597,0.2423,3.4178,59.743,51.695214,-0.0315,-0.175,9.855,61.0803,0.12376,32751.307497651324,0.023,0
2026-10-06T10:49:33Z,3.309,18.2599,0.2526,3.4238,59.906,51.835086,-0.0297,-0.14,9.854,60.9579,0.12378,32976.744074586066,0.032,0
2026-10-06T10:49:33Z,3.318,18.2603,0.2328,3.2641,59.951,51.872805,-0.0249,-0.125,9.852,60.7558,0.12379,33037.03749542897,0.04,0
2026-10-06T10:49:33Z,3.333,18.2607,0.2195,3.1955,59.981,51.897265,-0.0205,-0.147,9.85,60.616,0.12379,33075.90173535527,0.049,0
2026-10-06T10:49:33Z,3.349,18.2605,0.2328,3.3111,60.033,51.940328,-0.0162,-0.216,9.849,60.6441,0.12379,33146.13200417808,0.057,0
2026-10-06T10:49:33Z,3.364,18.2597,0.2603,3.5001,60.044,51.948968,-0.0126,-0.332,9.846,60.579,0.12379,33161.69607312868,0.063,0
2026-10-06T10:49:33Z,3.379,18.2584,0.2694,3.5686,60.034,51.938218,-0.0105,-0.481,9.842,60.26,0.12375,33146.74598463256,0.068,0
2026-10-06T10:49:33Z,3.398,18.2569,0.2517,3.4552,60.035,51.937344,-0.0123,-0.636,9.838,59.7124,0.12373,33148.21196739851,0.068,0
2026-10-06T10:49:33Z,3.419,18.2553,0.2212,3.2911,60.039,51.9384,-0.0185,-0.777,9.835,58.7759,0.12377,33153.00370919035,0.065,0
2026-10-06T10:49:33Z,3.439,18.254,0.2168,3.2918,60.055,51.950986,-0.0302,-0.895,9.833,57.6273,0.12376,33175.942768240995,0.059,0
2026-10-06T10:49:33Z,3.457,18.2525,0.2317,3.3956,60.07,51.962522,-0.0452,-0.979,9.831,56.5798,0.12368,33197.57229751992,0.051,0
2026-10-06T10:49:33Z,3.468,18.2509,0.2353,3.4188,60.058,51.950872,-0.0607,-1.041,9.828,55.574,0.12372,33181.72657721362,0.041,0
2026-10-06T10:49:33Z,3.473,18.2497,0.2358,3.402,60.043,51.937132,-0.0735,-1.086,9.826,54.5861,0.12384,33161.72070682323,0.031,0
2026-10-06T10:49:33Z,3.476,18.2485,0.2205,3.329,60.028,51.923393,-0.0859,-1.094,9.825,53.8423,0.12384,33141.722746161824,0.022,0
2026-10-06T10:49:33Z,3.481,18.2473,0.2165,3.3208,60.014,51.911754,-0.0929,-1.085,9.825,53.3782,0.12377,33125.13900761826,0.015,0
2026-10-06T10:49:33Z,3.485,18.2464,0.2458,3.4402,60.029,51.923414,-0.0976,-1.076,9.825,52.9319,0.12373,33145.797305937405,0.011,0
2026-10-06T10:49:33Z,3.487,18.2458,0.275,3.5085,60.045,51.937372,-0.1045,-1.057,9.825,52.4048,0.12375,33169.61950291238,0.009,0
2026-10-06T10:49:33Z,3.488,18.2452,0.2698,3.4296,60.064,51.953517,-0.1033,-1.033,9.824,51.8232,0.1238,33197.00727949978,0.009,0
2026-10-06T10:49:33Z,3.489,18.2449,0.2332,3.272,60.108,51.991607,-0.1015,-0.997,9.823,51.2342,0.12377,33259.52604530824,0.01,0
2026-10-06T10:49:33Z,3.49,18.2444,0.2148,3.2422,60.138,52.016911,-0.1024,-0.938,9.823,50.7031,0.12373,33301.68115561594,0.012,0
2026-10-06T10:49:33Z,3.493,18.2442,0.2306,3.3774,60.127,52.005459,-0.0992,-0.878,9.822,50.2205,0.12374,33283.42224954591,0.016,0
2026-10-06T10:49:33Z,3.498,18.2443,0.2579,3.5057,60.099,51.980147,-0.0978,-0.834,9.822,49.787,0.12376,33242.04016060449,0.019,0
2026-10-06T10:49:33Z,3.506,18.2441,0.2701,3.4617,60.082,51.964871,-0.0951,-0.808,9.822,49.3327,0.1238,33217.583063239246,0.021,0
2026-10-06T10:49:33Z,3.513,18.2434,0.2454,3.2885,60.063,51.947758,-0.0883,-0.794,9.823,48.858,0.1238,33191.11541506656,0.021,0
2026-10-06T10:49:33Z,3.519,18.2421,0.2086,3.1877,60.009,51.900237,-0.0819,-0.79,9.824,48.4351,0.12376,33116.4452251229,0.02,0
2026-10-06T10:49:33Z,3.523,18.241,0.2164,3.2679,59.934,51.834802,-0.0781,-0.795,9.824,48.0049,0.12376,33012.46797563435,0.018,0
2026-10-06T10:49:33Z,3.525,18.2402,0.2567,3.4044,59.884,51.791601,-0.0757,-0.814,9.824,47.6146,0.1238,32944.07066914173,0.018,0
2026-10-06T10:49:33Z,3.528,18.2398,0.2551,3.4382,59.919,51.822392,-0.0743,-0.839,9.823,47.2439,0.12381,32994.66946649743,0.019,0
2026-10-06T10:49:33Z,3.533,18.2394,0.2051,3.4368,59.997,51.889594,-0.0744,-0.857,9.823,46.7918,0.12381,33104.364445678286,0.02,0
2026-10-06T10:49:33Z,3.538,18.2391,0.1766,3.4566,60.015,51.905629,-0.0741,-0.854,9.823,46.3638,0.12383,33130.96587378584,0.02,0
2026-10-06T10:49:33Z,3.545,18.2392,0.2014,3.5406,59.996,51.889265,-0.0765,-0.841,9.823,46.0275,0.12385,33104.214233341154,0.019,0
2026-10-06T10:49:33Z,3.553,18.2393,0.2473,3.6325,59.988,51.882243,-0.0793,-0.856,9.824,45.6501,0.12385,33092.62872208571,0.018,0
2026-10-06T10:49:33Z,3.558,18.2394,0.257,3.5085,59.99,51.884229,-0.0813,-0.887,9.825,45.0709,0.12383,33095.65796995543,0.015,0
2026-10-06T10:49:33Z,3.56,18.2394,0.2269,3.3058,60.024,51.913275,-0.0814,-0.902,9.825,44.1859,0.12383,33142.800579513416,0.011,0
2026-10-06T10:49:33Z,3.561,18.2392,0.2083,3.2658,60.101,51.979433,-0.0775,-0.903,9.825,43.1249,0.12383,33250.71978549448,0.008,0
2026-10-06T10:49:33Z,3.562,18.2394,0.2066,3.2631,60.181,52.049125,-0.0798,-0.903,9.825,42.0514,0.1238,33363.84532387052,0.006,0
2026-10-06T10:49:33Z,3.562,18.2398,0.2227,3.2738,60.264,52.1209,-0.085,-0.92,9.825,40.8423,0.12377,33480.22385664783,0.006,0
2026-10-06T10:49:33Z,3.564,18.2396,0.2528,3.3949,60.371,52.212247,-0.0848,-0.941,9.826,39.5186,0.12377,33630.08414867292,0.006,0
2026-10-06T10:49:33Z,3.567,18.2397,0.2553,3.4287,60.434,52.264567,-0.0859,-0.941,9.826,38.1782,0.1238,33715.68612166506,0.007,0
2026-10-06T10:49:33Z,3.569,18.2396,0.2279,3.3062,60.415,52.245475,-0.0837,-0.928,9.826,36.7672,0.12387,33684.55758602843,0.009,0
2026-10-06T10:49:33Z,3.57,18.239,0.221,3.2802,60.406,52.235411,-0.0864,-0.899,9.826,35.45,0.12385,33669.22634372281,0.012,0
2026-10-06T10:49:33Z,3.572,18.2382,0.2467,3.3877,60.449,52.269882,-0.0902,-0.875,9.828,34.2979,0.12371,33727.34810423925,0.015,0
2026-10-06T10:49:33Z,3.575,18.2369,0.2638,3.4457,60.464,52.281249,-0.0882,-0.873,9.828,33.2479,0.12367,33748.55987285883,0.016,0
2026-10-06T10:49:33Z,3.581,18.2346,0.2536,3.3664,60.424,52.245844,-0.0887,-0.88,9.827,32.3901,0.12376,33694.948369122685,0.015,0
2026-10-06T10:49:33Z,3.59,18.2321,0.2229,3.2483,60.398,52.222809,-0.0843,-0.89,9.826,31.6702,0.12384,33662.05512076717,0.014,0
2026-10-06T10:49:33Z,3.595,18.2302,0.217,3.282,60.438,52.256744,-0.0811,-0.906,9.825,30.9964,0.12386,33721.45339821026,0.013,0
2026-10-06T10:49:33Z,3.594,18.2288,0.2488,3.4316,60.533,52.338634,-0.0823,-0.933,9.825,30.3519,0.12386,33858.81416440859,0.012,0
2026-10-06T10:49:33Z,3.593,18.2278,0.2665,3.52,60.59,52.387412,-0.0826,-0.967,9.825,29.8142,0.12383,33941.13062790801,0.01,0
2026-10-06T10:49:33Z,3.595,18.2274,0.2484,3.4632,60.533,52.338497,-0.0837,-0.99,9.825,29.3997,0.12379,33861.343503996206,0.008,0
2026-10-06T10:49:33Z,3.599,18.2272,0.2129,3.2916,60.438,52.255222,-0.0849,-0.996,9.826,28.9545,0.12378,33724.83289922324,0.006,0
2026-10-06T10:49:33Z,3.603,18.2271,0.1945,3.1862,60.382,52.206069,-0.0873,-0.99,9.826,28.389,0.12374,33644.382677662456,0.004,0
2026-10-06T10:49:33Z,3.605,18.227,0.1935,3.2481,60.363,52.188704,-0.0918,-0.989,9.826,27.7246,0.1237,33616.11572986144,0.002,0
2026-10-06T10:49:33Z,3.604,18.2268,0.2088,3.3912,60.344,52.172266,-0.0938,-0.989,9.826,27.1158,0.12371,33589.577011852554,-0.001,0
2026-10-06T10:49:33Z,3.601,18.2263,0.2295,3.4138,60.299,52.134323,-0.0944,-0.975,9.825,26.534300000000002,0.12376,33528.44266559824,-0.005,0
2026-10-06T10:49:33Z,3.597,18.2257,0.2351,3.282,60.272,52.110953,-0.0929,-0.963,9.824,25.9424,0.12383,33491.39093902251,-0.005,0
2026-10-06T10:49:33Z,3.596,18.2253,0.2354,3.198,60.31,52.143709,-0.0927,-0.963,9.824,25.4651,0.12386,33545.74972047507,0,0
2026-10-06T10:49:33Z,3.595,18.225,0.2332,3.3204,60.463,52.276364,-0.0944,-0.97,9.824,24.9794,0.12384,33763.873939514684,0.01,0
2026-10-06T10:49:33Z,3.594,18.225,0.2502,3.6009,60.731,52.508331,-0.0915,-0.98,9.823,24.458,0.12378,34146.38066313505,0.025,0
2026-10-06T10:49:33Z,3.599,18.2251,0.2578,3.6863,60.983,52.72581,-0.0903,-0.987,9.823,23.979,0.12375,34507.234917176596,0.04,0
2026-10-06T10:49:33Z,3.613,18.2251,0.2417,3.5324,61.082,52.810272,-0.0908,-0.998,9.823,23.4905,0.12381,34648.09300769324,0.051,0
2026-10-06T10:49:33Z,3.634,18.2257,0.2386,3.4482,61.035,52.767514,-0.0911,-1.02,9.822,22.9386,0.12383,34575.531709049326,0.056,0
2026-10-06T10:49:33Z,3.658,18.2262,0.2454,3.4195,60.98,52.716856,-0.0927,-1.046,9.822,22.2975,0.12378,34490.11185946827,0.055,0
2026-10-06T10:49:33Z,3.678,18.2261,0.2655,3.3569,61.045,52.769297,-0.0928,-1.066,9.822,21.5892,0.12376,34577.69681592545,0.049,0
2026-10-06T10:49:33Z,3.687,18.2256,0.2819,3.3402,61.266,52.957043,-0.0935,-1.092,9.821,20.7416,0.12379,34892.69536496835,0.041,0
2026-10-06T10:49:33Z,3.689,18.2235,0.2765,3.2847,61.486,53.145243,-0.0958,-1.141,9.82,19.7931,0.12383,35213.52491544435,0.033,0
2026-10-06T10:49:33Z,3.69,18.2204,0.251,3.1311,61.63,53.266684,-0.0991,-1.181,9.82,18.8957,0.12388,35425.13253852877,0.029,0
2026-10-06T10:49:33Z,3.696,18.2172,0.239,3.1225,61.797,53.409279,-0.1005,-1.196,9.821,17.8931,0.12389,35673.73315231554,0.031,0
2026-10-06T10:49:33Z,3.706,18.2146,0.2488,3.2485,61.946,53.535727,-0.1012,-1.216,9.821,16.6196,0.12384,35894.62270355273,0.037,0
2026-10-06T10:49:33Z,3.716,18.2127,0.244,3.3226,62.086,53.652459,-0.1081,-1.246,9.82,15.3711,0.12382,36098.266045387994,0.047,0
2026-10-06T10:49:33Z,3.73,18.2106,0.2311,3.3018,62.267,53.804561,-0.1129,-1.256,9.819,14.4128,0.12379,36363.921069040676,0.058,0
2026-10-06T10:49:33Z,3.745,18.2087,0.2086,3.1668,62.4,53.914111,-0.1121,-1.26,9.817,13.6369,0.12373,36556.84805526159,0.068,0
2026-10-06T10:49:33Z,3.761,18.2071,0.1968,3.0577,62.46,53.960906,-0.1136,-1.277,9.816,12.9592,0.12369,36641.13937786921,0.074,0
2026-10-06T10:49:33Z,3.783,18.2043,0.205,3.0747,62.499,53.989305,-0.1189,-1.293,9.815,12.3279,0.12369,36696.26385919581,0.077,0
2026-10-06T10:49:33Z,3.811,18.2004,0.2251,3.2701,62.521,54.003445,-0.1187,-1.312,9.814,11.6823,0.12374,36729.091720707635,0.075,0
2026-10-06T10:49:33Z,3.834,18.1961,0.2399,3.5072,62.527,54.004845,-0.1174,-1.335,9.813,11.0889,0.12383,36740.71800075837,0.07,0
2026-10-06T10:49:33Z,3.851,18.192,0.2174,3.517,62.533,54.006224,-0.1213,-1.355,9.813,10.6607,0.12385,36751.88450959162,0.062,0
2026-10-06T10:49:33Z,3.863,18.188,0.2037,3.4228,62.553,54.020119,-0.1215,-1.375,9.813,10.2902,0.1238,36784.54839105517,0.052,0
2026-10-06T10:49:33Z,3.871,18.1841,0.2315,3.393,62.586,54.045834,-0.1235,-1.391,9.814,9.7927,0.1238,36837.54275432214,0.044,0
2026-10-06T10:49:33Z,3.878,18.1805,0.2709,3.3957,62.609,54.0631,-0.1263,-1.411,9.815,9.2919,0.12385,36875.26590947848,0.039,0
2026-10-06T10:49:33Z,3.887,18.1776,0.272,3.3187,62.656,54.101863,-0.1273,-1.423,9.815,8.7944,0.12382,36948.90409921365,0.036,0
2026-10-06T10:49:33Z,3.898,18.1753,0.2446,3.1455,62.769,54.196963,-0.1303,-1.418,9.816,8.2522,0.12374,37119.575943254546,0.035,0
2026-10-06T10:49:33Z,3.909,18.1733,0.2396,3.0426,62.846,54.260331,-0.1307,-1.421,9.816,7.7262,0.12374,37234.59595386214,0.034,0
2026-10-06T10:49:33Z,3.918,18.1711,0.2449,3.1345,62.817,54.23295,-0.1331,-1.431,9.816,7.0802,0.12376,37191.50993802918,0.033,0
2026-10-06T10:49:33Z,3.925,18.1692,0.2589,3.3337,62.762,54.183434,-0.1357,-1.431,9.817,6.3788,0.12373,37109.164048672195,0.031,0
2026-10-06T10:49:33Z,3.932,18.1676,0.2752,3.4012,62.748,54.169703,-0.1327,-1.422,9.819,5.6993,0.12368,37088.66777841449,0.028,0
2026-10-06T10:49:33Z,3.938,18.1655,0.2766,3.3364,62.778,54.193941,-0.1338,-1.407,9.82,4.9725,0.12371,37135.509771378645,0.025,0
2026-10-06T10:49:33Z,3.945,18.1633,0.2755,3.2344,62.813,54.222458,-0.1354,-1.378,9.821,4.2164,0.12378,37190.08711489302,0.022,0
2026-10-06T10:49:33Z,3.951,18.1616,0.2867,3.1916,62.858,54.260472,-0.1354,-1.356,9.822,3.3543,0.12379,37260.24841550875,0.02,0
2026-10-06T10:49:33Z,3.955,18.1602,0.2949,3.263,62.947,54.336015,-0.134,-1.364,9.823,2.4647,0.12377,37395.622503230064,0.02,0
2026-10-06T10:49:33Z,3.959,18.1591,0.2917,3.3118,63.066,54.437255,-0.1334,-1.355,9.823,1.7205,0.12373,37575.83777837024,0.02,0
2026-10-06T10:49:33Z,3.962,18.1578,0.282,3.3041,63.178,54.53192,-0.1305,-1.332,9.823,1.1525,0.12371,37745.44279913036,0.02,0
2026-10-06T10:49:33Z,3.967,18.1568,0.2435,3.2724,63.248,54.59147,-0.1253,-1.342,9.824,0.6725,0.12377,37852.78536791518,0.019,0
2026-10-06T10:49:33Z,3.975,18.1559,0.2092,3.2359,63.244,54.585676,-0.1303,-1.378,9.825,0.0476,0.12386,37844.53358600483,0.017,0
2026-10-06T10:49:33Z,3.982,18.1548,0.2008,3.2036,63.103,54.461862000000004,-0.1292,-1.409,9.825,-0.7243,0.12388,37628.571029734776,0.014,0
2026-10-06T10:49:33Z,3.985,18.1536,0.2158,3.2244,62.845,54.237602,-0.1233,-1.414,9.826,-1.3466,0.12382,37237.61171475509,0.009,0
2026-10-06T10:49:33Z,3.986,18.1522,0.2582,3.214,62.609,54.033467,-0.1259,-1.405,9.827,-1.7984,0.12379,36884.58466443252,0.003,0
2026-10-06T10:49:33Z,3.985,18.1505,0.2635,3.1121,62.453,53.898936,-0.13,-1.403,9.828,-2.2285,0.12383,36654.72030143583,-0.002,0
2026-10-06T10:49:33Z,3.982,18.1489,0.2218,3.0848,62.358,53.817645,-0.1345,-1.404,9.827,-2.6751,0.12387,36517.46733029613,-0.004,0
2026-10-06T10:49:33Z,3.979,18.1476,0.2114,3.157,62.349,53.812665,-0.1338,-1.397,9.827,-3.1554,0.12388,36511.62778448222,-0.003,0
2026-10-06T10:49:33Z,3.977,18.147,0.2464,3.2677,62.524,53.965742,-0.1322,-1.383,9.828,-3.5612,0.12387,36778.07317698836,0.003,0
2026-10-06T10:49:33Z,3.977,18.147,0.2703,3.2622,62.949,54.334831,-0.132,-1.366,9.829,-3.8818,0.12382,37422.34455053154,0.013,0
2026-10-06T10:49:33Z,3.978,18.1478,0.2668,3.1937,63.464,54.782324,-0.133,-1.346,9.829,-4.2797,0.12376,38211.04434670896,0.025,0
2026-10-06T10:49:33Z,3.985,18.1494,0.2458,3.2249,63.782,55.057707,-0.1322,-1.341,9.829,-4.7585,0.12374,38698.97705330897,0.038,0
2026-10-06T10:49:33Z,4,18.1518,0.2164,3.2637,63.787,55.060546,-0.1299,-1.343,9.829,-5.1106,0.12377,38698.64078846661,0.049,0
2026-10-06T10:49:33Z,4.017,18.1544,0.228,3.3216,63.656,54.943673,-0.1301,-1.342,9.829,-5.2667,0.12385,38483.740826530106,0.056,0
2026-10-06T10:49:33Z,4.035,18.1563,0.2696,3.378,63.627,54.914828,-0.1254,-1.347,9.829,-5.4419,0.1239,38427.997509586006,0.058,0
2026-10-06T10:49:33Z,4.053,18.1571,0.2621,3.2965,63.69,54.965818,-0.1267,-1.348,9.829,-5.7663,0.12389,38517.21934478542,0.055,0
2026-10-06T10:49:33Z,4.068,18.156,0.2193,3.1221,63.72,54.988576,-0.1273,-1.343,9.83,-6.0908,0.12384,38560.359829083944,0.049,0
2026-10-06T10:49:33Z,4.078,18.1528,0.2022,3.1132,63.736,54.999465,-0.1255,-1.341,9.831,-6.3539,0.12381,38587.03398305021,0.041,0
2026-10-06T10:49:33Z,4.086,18.1493,0.2043,3.2235,63.778,55.033962,-0.1279,-1.352,9.832,-6.6251,0.12388,38656.65952858822,0.033,0
2026-10-06T10:49:33Z,4.094,18.1464,0.2201,3.2599,63.843,55.088114,-0.1272,-1.366,9.832,-6.9606,0.12393,38760.26416002782,0.027,0
2026-10-06T10:49:33Z,4.099,18.1442,0.2439,3.2799,63.912,55.146129,-0.1271,-1.371,9.833,-7.3988,0.12383,38869.408628681784,0.024,0
2026-10-06T10:49:33Z,4.102,18.1423,0.234,3.2614,63.934,55.163806,-0.1255,-1.373,9.834,-7.7933,0.12379,38905.49814246615,0.023,0
2026-10-06T10:49:33Z,4.105,18.1405,0.2008,3.2402,63.949,55.174822,-0.1274,-1.376,9.834,-8.0307,0.12388,38929.40073666745,0.024,0
2026-10-06T10:49:33Z,4.113,18.1391,0.1914,3.2629,64.071,55.279324,-0.1296,-1.394,9.834,-8.205,0.12394,39120.86736931641,0.025,0
2026-10-06T10:49:33Z,4.121,18.1379,0.2208,3.296,64.224,55.411144,-0.1289,-1.415,9.835,-8.4384,0.12386,39361.93559265894,0.028,0
2026-10-06T10:49:33Z,4.128,18.1368,0.2643,3.2992,64.326,55.498399,-0.1303,-1.426,9.836,-8.7016,0.12381,39522.72463656583,0.031,0
2026-10-06T10:49:33Z,4.136,18.1357,0.2678,3.1995,64.486,55.635694,-0.1287,-1.435,9.836,-8.8922,0.12382,39775.10091781311,0.033,0
2026-10-06T10:49:33Z,4.146,18.1348,0.2301,3.1155,64.679,55.800906,-0.1315,-1.432,9.836,-9.1084,0.12382,40079.143355453256,0.034,0
2026-10-06T10:49:33Z,4.154,18.1347,0.2243,3.205,64.804,55.908131,-0.1345,-1.424,9.837,-9.422,0.12383,40276.10910129084,0.035,0
2026-10-06T10:49:33Z,4.162,18.1343,0.2732,3.3597,64.891,55.979438,-0.134,-1.424,9.837,-9.7578,0.1238,40408.216173164525,0.036,0
2026-10-06T10:49:33Z,4.172,18.1333,0.3221,3.3464,64.952,56.027943,-0.1362,-1.419,9.838,-10.0713,0.12376,40499.95626207777,0.038,0
2026-10-06T10:49:33Z,4.181,18.1329,0.3407,3.283,64.983,56.049988,-0.1354,-1.402,9.838,-10.2873,0.12376,40541.565764679384,0.038,0
2026-10-06T10:49:33Z,4.191,18.132,0.3237,3.2773,64.996,56.055443,-0.1337,-1.401,9.838,-10.5625,0.1238,40553.764665125906,0.038,0
2026-10-06T10:49:33Z,4.203,18.1295,0.2819,3.2092,64.973,56.030369,-0.1347,-1.415,9.839,-10.9904,0.12378,40513.42512365937,0.037,0
2026-10-06T10:49:33Z,4.214,18.1259,0.2775,3.2102,64.872,55.937355,-0.135,-1.425,9.839,-11.3305,0.12373,40350.575586152445,0.035,0
2026-10-06T10:49:33Z,4.222,18.1221,0.32,3.2901,64.742,55.820001,-0.1312,-1.436,9.839,-11.578,0.12375,40143.912745151625,0.033,0
2026-10-06T10:49:33Z,4.228,18.1178,0.3301,3.2865,64.672,55.754691,-0.1313,-1.451,9.839,-11.8308,0.12377,40034.282933881615,0.032,0
2026-10-06T10:49:33Z,4.234,18.1134,0.2747,3.2005,64.635,55.719315,-0.1347,-1.462,9.838,-12.0639,0.12377,39979.807804525684,0.032,0
2026-10-06T10:49:33Z,4.242,18.1091,0.2161,3.105,64.7,55.773341,-0.1339,-1.464,9.837,-12.4186,0.12379,40088.829726231816,0.035,0
2026-10-06T10:49:33Z,4.249,18.1049,0.1958,3.0537,64.921,55.963323,-0.1357,-1.459,9.834,-12.9359,0.12381,40448.00391287627,0.042,0
2026-10-06T10:49:33Z,4.259,18.1014,0.1953,3.0583,65.166,56.174475,-0.1371,-1.455,9.833,-13.3276,0.12384,40846.83187535534,0.051,0
2026-10-06T10:49:33Z,4.274,18.0986,0.2188,3.0244,65.452,56.420941,-0.1385,-1.44,9.832,-13.5412,0.12384,41312.41603094611,0.057,0
2026-10-06T10:49:33Z,4.291,18.096800000000002,0.2392,2.9169,65.874,56.783806,-0.1388,-1.424,9.831,-13.7974,0.12383,41998.2612991931,0.061,0
2026-10-06T10:49:33Z,4.311,18.0961,0.2168,2.8517,66.133,57.004939,-0.137,-1.419,9.831,-14.1023,0.12387,42418.70678697296,0.061,0
2026-10-06T10:49:33Z,4.33,18.0969,0.1973,2.8507,66.13,56.998599,-0.1384,-1.426,9.831,-14.3891,0.12392,42404.67767482406,0.056,0
2026-10-06T10:49:33Z,4.346,18.0975,0.2193,2.9733,66.313,57.151774,-0.1358,-1.444,9.831,-14.6837,0.1239,42694.669130883776,0.05,0
2026-10-06T10:49:33Z,4.357,18.096800000000002,0.2593,3.2068,66.603,57.396049,-0.134,-1.444,9.831,-14.9104,0.12382,43163.84555830942,0.042,0
2026-10-06T10:49:33Z,4.362,18.0948,0.2803,3.3171,66.774,57.538426,-0.1341,-1.424,9.831,-15.1522,0.12373,43442.8361642195,0.036,0
2026-10-06T10:49:33Z,4.367,18.0914,0.2648,3.2471,67.076,57.793417,-0.1336,-1.427,9.832,-15.5418,0.12374,43944.885363552596,0.031,0
2026-10-06T10:49:33Z,4.375,18.0878,0.2302,3.0791,67.471,58.1289,-0.1376,-1.454,9.832,-15.8354,0.1238,44608.716845934054,0.03,0
2026-10-06T10:49:33Z,4.382,18.0841,0.2284,2.9934,67.74,58.35519,-0.1376,-1.463,9.831,-16.2077,0.12377,45063.40163859524,0.032,0
2026-10-06T10:49:33Z,4.39,18.0803,0.2609,3.0992,67.839,58.43328,-0.1333,-1.452,9.831,-18.924,0.12377,45227.681896798975,0.035,0
2026-10-06T10:49:33Z,4.402,18.0765,0.2731,3.1631,67.854,58.437858,-0.1334,-1.436,9.832,-25.1033,0.12382,45246.81504574695,0.036,0
2026-10-06T10:49:33Z,4.412,18.0726,0.251,3.0482,67.905,58.474055,-0.139,-1.43,9.833,-31.9846,0.12382,45328.81175797455,0.036,0
2026-10-06T10:49:33Z,4.42,18.0681,0.2185,2.9054,67.858,58.426267,-0.1388,-1.452,9.833,-37.8537,0.12382,45246.176852290846,0.037,0
2026-10-06T10:49:33Z,4.43,18.0631,0.2042,2.8704,67.652,58.241167,-0.1372,-1.461,9.834,-43.1517,0.12387,44894.07336167468,0.038,0
2026-10-06T10:49:33Z,4.439,18.0573,0.2116,2.9332,67.545,58.141655,-0.1363,-1.441,9.835,-47.9462,0.12387,44713.60887859144,0.038,0
2026-10-06T10:49:33Z,4.447,18.0512,0.2324,3.0494,67.592,58.175888,-0.1328,-1.436,9.836,-52.2016,0.12379,44796.91011458018,0.038,0
2026-10-06T10:49:33Z,4.458,18.0457,0.2399,3.0808,67.637,58.210423,-0.1384,-1.448,9.836,-56.144,0.12373,44879.34506192374,0.036,0
2026-10-06T10:49:33Z,4.471,18.0401,0.2269,2.9705,67.678,58.241605,-0.1399,-1.443,9.835,-59.9922,0.12375,44955.54662835051,0.033,0
2026-10-06T10:49:33Z,4.481,18.0345,0.2251,2.8769,67.822,58.362343,-0.1353,-1.434,9.835,-63.713,0.1238,45208.85147213643,0.029,0
2026-10-06T10:49:33Z,4.486,18.03,0.252,2.9061,68.016,58.526866,-0.1343,-1.434,9.836,-67.1468,0.12377,45547.17481184953,0.024,0
2026-10-06T10:49:33Z,4.49,18.0266,0.3024,3.0501,68.081,58.579264,-0.139,-1.435,9.837,-70.1916,0.12377,45660.54091576087,0.019,0
2026-10-06T10:49:33Z,4.493,18.0239,0.3341,3.1495,68.051,58.551224,-0.1364,-1.452,9.838,-73.0802,0.12381,45611.95031618575,0.014,0
2026-10-06T10:49:33Z,4.495,18.0219,0.3357,3.0483,68.149,58.632493,-0.1344,-1.462,9.839,-76.0891,0.12381,45779.25127079223,0.012,0
2026-10-06T10:49:33Z,4.496,18.0198,0.3144,2.8853,68.346,58.799603,-0.1371,-1.467,9.84,-78.9534,0.12383,46119.05880538738,0.013,0
2026-10-06T10:49:33Z,4.498,18.0178,0.2846,2.8529,68.416,58.856637,-0.1337,-1.483,9.841,-81.6416,0.12384,46238.88308359824,0.014,0
2026-10-06T10:49:33Z,4.502,18.0157,0.2661,2.8949,68.37,58.813905,-0.1385,-1.487,9.843,-84.3294,0.12379,46158.84054245524,0.016,0
2026-10-06T10:49:33Z,4.508,18.0134,0.258,2.9158,68.273,58.727588,-0.1386,-1.465,9.844,-86.8442,0.12372,45992.15007570682,0.017,0
2026-10-06T10:49:33Z,4.514,18.0112,0.2703,2.8664,68.098,58.575247,-0.1375,-1.441,9.844,-89.2467,0.12374,45693.83709366195,0.019,0
2026-10-06T10:49:33Z,4.519,18.0091,0.2644,2.8102,67.935,58.43297,-0.1411,-1.441,9.844,-91.6105,0.12378,45416.41153689031,0.02,0
2026-10-06T10:49:33Z,4.523,18.0069,0.2201,2.851,67.757,58.277762,-0.1419,-1.451,9.844,-93.8288,0.12376,45114.69451517565,0.02,0
2026-10-06T10:49:33Z,4.528,18.005,0.1929,2.95,67.472,58.032591,-0.1388,-1.448,9.845,-95.935,0.12376,44636.44308075713,0.02,0
2026-10-06T10:49:33Z,4.533,18.0037,0.2089,3.0509,67.222,57.818882,-0.1349,-1.438,9.846,-97.9755,0.12375,44221.18193677419,0.02,0
2026-10-06T10:49:33Z,4.538,18.0022,0.2307,3.0803,67.04,57.662957,-0.1363,-1.445,9.848,-100.0019,0.12367,43921.125397202784,0.02,0
2026-10-06T10:49:33Z,4.544,18.0009,0.2396,3.0658,66.828,57.481231,-0.1378,-1.461,9.849,-102.0244,0.12367,43571.84480602783,0.019,0
2026-10-06T10:49:33Z,4.55,18.0009,0.2421,3.0812,66.732,57.40018,-0.1376,-1.47,9.85,-103.93,0.12377,43415.13706075361,0.018,0
2026-10-06T10:49:33Z,4.555,18.0011,0.2201,3.1628,66.932,57.572232,-0.1348,-1.471,9.85,-105.8351,0.12381,43747.692767916735,0.016,0
2026-10-06T10:49:33Z,4.558,18.0015,0.2145,3.2673,67.251,57.846482,-0.1365,-1.461,9.851,-107.7651,0.12377,44280.82880029999,0.014,0
2026-10-06T10:49:33Z,4.559,18.0027,0.2487,3.2519,67.339,57.92127,-0.1389,-1.452,9.851,-109.5401,0.12376,44424.06461946547,0.012,0
2026-10-06T10:49:33Z,4.562,18.0041,0.2758,3.1474,67.247,57.841288,-0.1386,-1.442,9.852,-111.2941,0.1238,44263.91926460625,0.011,0
2026-10-06T10:49:33Z,4.565,18.0042,0.2679,3.0286,67.237,57.832228,-0.1405,-1.439,9.853,-113.0552,0.12383,44245.95399929488,0.01,0
2026-10-06T10:49:33Z,4.568,18.0034,0.2454,2.9767,67.285,57.875251,-0.1376,-1.443,9.854,-114.7443,0.12378,44332.151064464844,0.01,0
2026-10-06T10:49:33Z,4.571,18.0025,0.2364,3.0327,67.33,57.916832,-0.1378,-1.433,9.855,-116.401,0.12372,44415.891395788916,0.01,0
2026-10-06T10:49:33Z,4.574,18.0017,0.2343,3.0914,67.372,57.953872,-0.1364,-1.417,9.855,-117.9433,0.1237,44490.56793379359,0.011,0
2026-10-06T10:49:33Z,4.574,18.0019,0.2528,3.1397,67.357,57.941968,-0.1353,-1.421,9.855,-119.368,0.12374,44466.7084095745,0.013,0
2026-10-06T10:49:33Z,4.576,18.0032,0.2605,3.0694,67.308,57.899945,-0.1378,-1.44,9.856,-120.8076,0.1238,44380.99842071331,0.016,0
2026-10-06T10:49:33Z,4.58,18.005,0.2265,2.8229,67.371,57.953945,-0.1358,-1.453,9.857,-122.3572,0.12383,44482.093551490376,0.021,0
2026-10-06T10:49:33Z,4.587,18.0065,0.1998,2.6527,67.525,58.086701,-0.1331,-1.458,9.858,-123.8215,0.12384,44738.88217055933,0.026,0
2026-10-06T10:49:33Z,4.595,18.0069,0.2128,2.6848,67.549,58.107643,-0.1335,-1.458,9.858,-125.0045,0.12387,44779.041923971585,0.029,0
2026-10-06T10:49:33Z,4.605,18.0067,0.2513,2.8356,67.516,58.080119,-0.1372,-1.466,9.858,-126.1636,0.12387,44725.407254579295,0.03,0
2026-10-06T10:49:33Z,4.615,18.0064,0.2902,2.9393,67.578,58.135036,-0.1372,-1.486,9.858,-127.512,0.12383,44834.29706023867,0.029,0
2026-10-06T10:49:33Z,4.623,18.0066,0.3084,2.9131,67.577,58.136434,-0.1386,-1.491,9.859,-128.9175,0.12381,44836.52387586561,0.029,0
2026-10-06T10:49:33Z,4.627,18.0073,0.2887,2.8607,67.382,57.969989,-0.1376,-1.483,9.86,-130.1664,0.1238,44507.53954364663,0.03,0
2026-10-06T10:49:33Z,4.631,18.0078,0.2765,2.9204,67.228,57.837604,-0.1378,-1.475,9.86,-131.2543,0.12378,44247.1034951801,0.031,0
2026-10-06T10:49:33Z,4.638,18.0086,0.3019,3.0884,67.266,57.869693,-0.1416,-1.453,9.86,-132.4344,0.12377,44307.74716968535,0.033,0
2026-10-06T10:49:33Z,4.649,18.0106,0.3219,3.1839,67.243,57.849823,-0.1419,-1.413,9.861,-133.6806,0.12379,44263.70570175118,0.035,0
2026-10-06T10:49:33Z,4.663,18.012,0.3099,3.1187,67.467,58.04199,-0.1397,-1.401,9.862,-134.7934,0.1238,44636.55313164376,0.038,0
2026-10-06T10:49:33Z,4.674,18.012,0.281,2.9492,68.49,58.922715,-0.1399,-1.411,9.862,-135.9074,0.1238,46387.434222284784,0.04,0
2026-10-06T10:49:33Z,4.682,18.0113,0.2645,2.8077,70.246,60.43123,-0.1394,-1.406,9.861,-137.0834,0.12383,49486.132229151226,0.041,0
2026-10-06T10:49:33Z,4.69,18.0109,0.2761,2.8768,72.067,61.987879,-0.1317,-1.413,9.86,-138.2572,0.12386,52814.047467705794,0.041,0
2026-10-06T10:49:33Z,4.701,18.011,0.3052,3.0678,73.055,62.814464,-0.1312,-1.445,9.86,-139.4311,0.12384,54635.031500302954,0.04,0
2026-10-06T10:49:33Z,4.714,18.0117,0.3085,3.1018,73.522,63.182738,-0.1353,-1.452,9.86,-140.4356,0.12377,55456.54177315528,0.039,0
2026-10-06T10:49:33Z,4.726,18.012,0.2827,2.9813,74.253,63.772063,-0.1325,-1.432,9.86,-141.3689,0.12372,56789.67386329061,0.036,0
2026-10-06T10:49:33Z,4.736,18.0061,0.2681,2.8742,75.713,64.983965,-0.1318,-1.444,9.86,-142.456,0.12372,59615.92251620132,0.033,0
2026-10-06T10:49:33Z,4.741,17.9901,0.2818,2.9002,79.633,68.304472,-0.1384,-1.464,9.86,-143.5986,0.12376,67803.7492098482,0.03,0
2026-10-06T10:49:33Z,4.746,17.9659,0.2984,3.056,84.83,72.714904,-0.1396,-1.461,9.86,-144.8593,0.12379,79728.98828243678,0.031,0
2026-10-06T10:49:33Z,4.751,17.9385,0.2859,3.1861,86.101,73.755261,-0.1332,-1.468,9.86,-146.0836,0.12382,82826.10704478018,0.036,0
2026-10-06T10:49:33Z,4.757,17.911,0.2551,3.1759,83.651,71.604219,-0.1364,-1.483,9.859,-146.9585,0.12383,76889.56880927035,0.042,0
2026-10-06T10:49:33Z,4.768,17.8842,0.2264,3.1033,81.876,70.035673,-0.1413,-1.491,9.858,-147.7802,0.12378,72755.7216219189,0.047,0
2026-10-06T10:49:33Z,4.788,17.8568,0.2124,3.0943,80.966,69.219372,-0.1372,-1.497,9.858,-148.7914,0.12377,70714.36404739144,0.049,0
2026-10-06T10:49:33Z,4.808,17.8268,0.228,3.2712,80.049,68.407632,-0.1391,-1.489,9.858,-149.8061,0.1238,68728.53529610595,0.049,0
2026-10-06T10:49:33Z,4.822,17.7936,0.2564,3.6024,80.31,68.610123,-0.1419,-1.471,9.857,-150.7565,0.12378,69388.26726562312,0.047,0
2026-10-06T10:49:33Z,4.829,17.7619,0.2643,3.7854,81.153,69.316162,-0.1409,-1.459,9.857,-151.8513,0.12377,71369.45665205852,0.043,0
2026-10-06T10:49:33Z,4.835,17.7392,0.2657,3.7415,81.389,69.508418,-0.1435,-1.444,9.855,-153.2353,0.12377,71975.61484310581,0.04,0
2026-10-06T10:49:33Z,4.844,17.7228,0.2568,3.584,83.962,71.697423,-0.1422,-1.431,9.851,-154.6698,0.12375,78014.88229351616,0.042,0
2026-10-06T10:49:33Z,4.853,17.71,0.2318,3.4535,94.387,80.590257,-0.1395,-1.44,9.844,-155.8593,0.12382,105442.26264579402,0.048,0
2026-10-06T10:49:33Z,4.863,17.7019,0.238,3.4607,108.52,92.641697,-0.1392,-1.464,9.835,-156.7768,0.12391,151009.73655657924,0.055,0
2026-10-06T10:49:33Z,4.879,17.697,0.2813,3.569,114.788,97.955297,-0.1377,-1.472,9.829,-157.5895,0.12383,174389.36714854077,0.059,0
2026-10-06T10:49:33Z,4.902,17.6926,0.3148,3.7042,114.868,97.954127,-0.1353,-1.469,9.824,-158.459,0.12373,174430.12185777634,0.058,0
2026-10-06T10:49:33Z,4.923,17.6884,0.3347,3.8311,114.701,97.718787,-0.1363,-1.481,9.82,-159.2874,0.12373,173396.35668615933,0.054,0
2026-10-06T10:49:33Z,4.938,17.6838,0.3562,3.9082,112.719,95.936813,-0.1407,-1.499,9.818,-160.0339,0.12378,165413.53458069352,0.046,0
2026-10-06T10:49:33Z,4.944,17.6691,0.3658,3.8844,110.059,93.591696,-0.1408,-1.505,9.817,-160.7746,0.12378,155335.75338259284,0.036,0
2026-10-06T10:49:33Z,4.947,17.6379,0.3591,3.8172,108.73,92.401421,-0.139,-1.499,9.816,-161.4454,0.12377,150580.82701832434,0.026,0
2026-10-06T10:49:33Z,4.952,17.5932,0.3329,3.7439,109.554,93.062406,-0.1413,-1.495,9.816,-162.2075,0.1238,153783.34493790768,0.016,0
2026-10-06T10:49:33Z,4.957,17.548,0.3161,3.7162,112.564,95.601719,-0.1437,-1.506,9.816,-163.1926,0.1238,165274.12734423613,0.011,0
2026-10-06T10:49:33Z,4.958,17.5116,0.3391,3.7894,114.092,96.886013,-0.1444,-1.514,9.816,-164.0644,0.12374,171429.9622542713,0.009,0
2026-10-06T10:49:33Z,4.959,17.483,0.3782,3.9121,112.091,95.163248,-0.1434,-1.512,9.816,-164.7462,0.12373,163969.5295689714,0.008,0
2026-10-06T10:49:33Z,4.96,17.4654,0.3901,3.97,109.25,92.717837,-0.1419,-1.508,9.816,-165.5857,0.12384,153497.7136785344,0.007,0
2026-10-06T10:49:33Z,4.962,17.4606,0.3658,3.8744,108.381,91.945478,-0.1446,-1.503,9.817,-166.4714,0.12388,150269.46616043706,0.01,0
2026-10-06T10:49:33Z,4.963,17.4576,0.3506,3.7467,112.603,95.496472,-0.1454,-1.501,9.818,-167.1945,0.12378,165706.27768034965,0.015,0
2026-10-06T10:49:33Z,4.966,17.4465,0.3564,3.7246,119.375,101.219062,-0.1445,-1.495,9.821,-167.8764,0.12372,192640.95595609423,0.021,0
2026-10-06T10:49:33Z,4.97,17.4293,0.3355,3.6753,119.794,101.563852,-0.1448,-1.484,9.825,-168.6072,0.12374,194538.4132827091,0.026,0
2026-10-06T10:49:33Z,4.98,17.4125,0.3155,3.5944,115.388,97.823713,-0.1435,-1.478,9.829,-169.4047,0.12377,176791.12658521227,0.029,0
2026-10-06T10:49:33Z,4.994,17.3989,0.347,3.6341,113.129,95.907968,-0.1442,-1.472,9.833,-170.1203,0.12377,168146.6030947566,0.029,0
2026-10-06T10:49:33Z,5.005,17.3895,0.3911,3.7456,113.571,96.286189,-0.1438,-1.467,9.836,-170.7215,0.1238,169956.66471416835,0.029,0
2026-10-06T10:49:33Z,5.01,17.3863,0.3992,3.8833,118.75,100.678464,-0.1418,-1.472,9.839,-171.4248,0.12381,190693.44633332448,0.027,0
2026-10-06T10:49:33Z,5.013,17.3846,0.3787,3.9332,126.064,106.869022,-0.1416,-1.48,9.842,-172.1699,0.1238,222414.4570520549,0.022,0
2026-10-06T10:49:33Z,5.017,17.3839,0.3682,3.8023,126.507,107.217942,-0.1413,-1.486,9.843,-172.7619,0.12379,224300.22742297265,0.018,0
2026-10-06T10:49:33Z,5.022,17.3859,0.3634,3.7015,121.787,103.184899,-0.1401,-1.497,9.844,-173.3349,0.1238,203172.8894060953,0.015,0
2026-10-06T10:49:33Z,5.027,17.3883,0.3542,3.6365,118.211,100.128318,-0.1408,-1.501,9.847,-173.9352,0.12387,187997.27723206015,0.014,0
2026-10-06T10:49:33Z,5.03,17.3859,0.3656,3.4946,117.619,99.608208,-0.1425,-1.494,9.851,-174.5142,0.12389,185518.27376509458,0.014,0
2026-10-06T10:49:33Z,5.032,17.3732,0.4014,3.4881,121.046,102.498007,-0.1416,-1.489,9.853,-175.1725,0.12385,199859.34705643787,0.014,0
2026-10-06T10:49:33Z,5.034,17.3572,0.4369,3.661,130.131,110.177603,-0.144,-1.488,9.855,-175.786,0.12375,240996.01097856162,0.016,0
2026-10-06T10:49:33Z,5.037,17.3454,0.4289,3.7064,143.326,121.328428,-0.1448,-1.495,9.856,-176.3385,0.1237,309194.74072922417,0.02,0
2026-10-06T10:49:33Z,5.042,17.3388,0.4211,3.7634,152.692,129.216625,-0.1426,-1.503,9.856,-176.8636,0.1238,363837.60561789287,0.025,0
2026-10-06T10:49:33Z,5.049,17.3341,0.4675,4.0432,155.112,131.19158,-0.1432,-1.505,9.857,-177.317,0.12388,378449.4239635519,0.029,0
2026-10-06T10:49:33Z,5.059,17.33,0.5069,4.186,155.229,131.18584,-0.1424,-1.501,9.857,-177.8625,0.12379,378501.0109283029,0.031,0
2026-10-06T10:49:33Z,5.071,17.3247,0.506,4.0899,153.859,129.912186,-0.1431,-1.481,9.857,-178.3821,0.12373,369222.28051580075,0.033,0
2026-10-06T10:49:33Z,5.08,17.3128,0.5075,3.9052,150.485,126.946201,-0.145,-1.467,9.857,-178.7821,0.12382,348139.25403021724,0.033,0
2026-10-06T10:49:33Z,5.085,17.2892,0.5246,3.7296,151.98,128.086507,-0.1438,-1.474,9.857,-179.1711,0.12388,356766.9237642164,0.033,0
2026-10-06T10:49:33Z,5.092,17.253,0.5207,3.6742,161.708,136.173225,-0.1459,-1.483,9.858,-179.8158,0.12384,418656.5677621034,0.032,0
2026-10-06T10:49:33Z,5.101,17.2131,0.5024,3.6807,173.078,145.662202,-0.1419,-1.498,9.858,-180.8983,0.1238,499215.74854040775,0.03,0
2026-10-06T10:49:33Z,5.11,17.1744,0.495,3.6703,181.281,152.510211,-0.1395,-1.51,9.857,-182.0211,0.12376,563258.4918912796,0.029,0
2026-10-06T10:49:33Z,5.119,17.135,0.4975,3.6858,185.316,155.870619,-0.1432,-1.509,9.855,-182.9811,0.12376,597214.2311117527,0.028,0
2026-10-06T10:49:33Z,5.126,17.0989,0.5004,3.7308,186.092,156.490332,-0.1417,-1.5,9.854,-183.9012,0.12379,604679.82479589,0.025,0
2026-10-06T10:49:33Z,5.131,17.0727,0.4962,3.7704,186.53,156.811953,-0.1452,-1.501,9.854,-184.7143,0.12375,608859.2974231461,0.021,0
2026-10-06T10:49:33Z,5.135,17.0586,0.5045,3.8568,186.855,157.014477,-0.1461,-1.516,9.855,-185.3266,0.12372,611413.102244416,0.017,0
2026-10-06T10:49:33Z,5.139,17.0513,0.5169,3.8881,186.76,156.832382,-0.1463,-1.526,9.855,-185.7976,0.12378,609860.7034311885,0.013,0
2026-10-06T10:49:33Z,5.142,17.0437,0.5223,3.8413,187.912,157.673944,-0.1443,-1.525,9.856,-186.6239,0.12379,618611.5149893556,0.012,0
2026-10-06T10:49:33Z,5.144,17.0324,0.5286,3.9054,191.663,160.678803,-0.144,-1.519,9.859,-187.9174,0.12376,649876.8708603508,0.012,0
2026-10-06T10:49:33Z,5.146,17.014,0.5263,4.0142,201.361,168.648667,-0.1471,-1.529,9.862,-188.9616,0.12385,736972.9757002478,0.015,0
2026-10-06T10:49:33Z,5.148,16.9856,0.5527,4.0981,214.899,179.821385,-0.1473,-1.541,9.861,-189.6996,0.12397,870784.500880567,0.02,0
2026-10-06T10:49:33Z,5.152,16.9514,0.5811,4.1678,233.292,195.027065,-0.1485,-1.529,9.857,-190.4728,0.12398,1075268.3815026204,0.025,0
2026-10-06T10:49:33Z,5.161,16.9149,0.561,4.1399,262.67,219.361349,-0.1456,-1.509,9.853,-191.1691,0.12393,1458048.4426571855,0.03,0
2026-10-06T10:49:33Z,5.172,16.8745,0.5605,4.1362,286.155,238.709675,-0.1477,-1.5,9.852,-191.7519,0.12388,1816158.656564566,0.034,0
2026-10-06T10:49:33Z,5.182,16.8359,0.5914,4.2945,292.254,243.477345,-0.1511,-1.503,9.852,-192.1849,0.12381,1915303.2559939881,0.035,0
2026-10-06T10:49:33Z,5.192,16.7992,0.6264,4.483,295.795,246.069474,-0.148,-1.505,9.855,-192.27440000000001,0.12376,1972539.3742281538,0.034,0
2026-10-06T10:49:33Z,5.203,16.7584,0.6754,4.6389,301.926,250.817279,-0.1462,-1.505,9.859,-192.146,0.12377,2076934.041799767,0.031,0
2026-10-06T10:49:33Z,5.21,16.7106,0.7011,4.8813,305.626,253.565698,-0.145,-1.505,9.864,-192.3537,0.12378,2142148.78063154,0.027,0
2026-10-06T10:49:33Z,5.214,16.6529,0.696,5.2277,307.842,255.125888,-0.1465,-1.512,9.869,-192.9784,0.1238,2183891.083294069,0.025,0
2026-10-06T10:49:33Z,5.218,16.5906,0.6894,5.4792,310.897,257.431023,-0.1468,-1.542,9.873,-193.6759,0.12379,2243495.27856771,0.023,0
2026-10-06T10:49:33Z,5.223,16.5315,0.6704,5.5649,314.039,259.820311,-0.1462,-1.558,9.877,-194.5061,0.12379,2305718.024332565,0.021,0
2026-10-06T10:49:33Z,5.23,16.4766,0.6412,5.8202,315.887,261.113683,-0.1478,-1.548,9.882,-195.3595,0.12382,2343221.2296919916,0.02,0
2026-10-06T10:49:33Z,5.237,16.4301,0.6187,6.2766,317.469,262.163134,-0.1452,-1.555,9.887,-195.9922,0.1238,2374280.8893109364,0.019,0
2026-10-06T10:49:33Z,5.242,16.3968,0.6156,6.5402,320.449,264.360619,-0.1519,-1.566,9.891,-196.4767,0.12379,2430686.994961913,0.017,0
2026-10-06T10:49:33Z,5.245,16.366,0.6451,6.7197,325.93,268.625962,-0.1546,-1.554,9.894,-196.9157,0.1238,2537419.2988514365,0.015,0
2026-10-06T10:49:33Z,5.248,16.3275,0.6928,7.5575,334.06,275.100315,-0.1496,-1.529,9.898,-197.3431,0.12383,2703717.6970337206,0.013,0
2026-10-06T10:49:33Z,5.25,16.286,0.7262,8.9163,341.448,281.016036,-0.1525,-1.515,9.903,-197.8596,0.12387,2862711.3689401657,0.012,0
2026-10-06T10:49:33Z,5.253,16.2447,0.7154,9.5878,343.993,283.009191,-0.1545,-1.52,9.907,-198.5135,0.12388,2922547.939054867,0.011,0
2026-10-06T10:49:33Z,5.257,16.2039,0.6794,9.6293,343.909,282.889706,-0.1535,-1.545,9.911,-199.2263,0.12388,2926786.40058729,0.011,0
2026-10-06T10:49:33Z,5.261,16.1686,0.6817,10.9905,345.564,284.195274,-0.1492,-1.572,9.916,-200.0249,0.12388,2968049.597909623,0.011,0
2026-10-06T10:49:33Z,5.263,16.1433,0.7349,13.7486,348.549,286.527249,-0.1486,-1.583,9.921,-200.9427,0.12385,3035670.5791273764,0.01,0
2026-10-06T10:49:33Z,5.265,16.1287,0.7894,15.3764,350.379,287.833469,-0.1485,-1.597,9.925,-201.9767,0.12385,3074070.4740438564,0.008,0
2026-10-06T10:49:33Z,5.266,16.1248,0.8084,15.6754,349.205,286.627296,-0.1516,-1.609,9.929,-202.8912,0.12394,3041885.0365440845,0.006,0
2026-10-06T10:49:33Z,5.268,16.121,0.7895,16.7151,345.32,283.184198,-0.1562,-1.6,9.933,-203.4822,0.12394,2949759.212989973,0.005,0
2026-10-06T10:49:33Z,5.269,16.1031,0.753,18.5541,341.015,279.409204,-0.1551,-1.585,9.938,-203.8743,0.12379,2853137.918672421,0.004,0
2026-10-06T10:49:33Z,5.27,16.0728,0.7337,19.5324,338.365,277.011354,-0.157,-1.578,9.942,-204.1908,0.1237,2796023.6503422405,0.003,0
2026-10-06T10:49:33Z,5.27,16.0365,0.756,19.73,337.963,276.473435,-0.1598,-1.577,9.945,-204.6411,0.1237,2788411.1892599287,0.002,0
2026-10-06T10:49:33Z,5.27,15.9987,0.7975,19.9529,338.78,276.950133,-0.1577,-1.583,9.949,-205.2743,0.12373,2807360.599932914,0.001,0
2026-10-06T10:49:33Z,5.27,15.9622,0.8102,20.1095,339.364,277.253211,-0.1555,-1.581,9.953,-205.9106,0.12378,2821658.010181244,0.001,0
2026-10-06T10:49:33Z,5.27,15.9288,0.7854,20.0867,339.466,277.184279,-0.1564,-1.577,9.957,-206.398,0.12381,2825737.7390805064,0.001,0
2026-10-06T10:49:33Z,5.27,15.8983,0.7472,19.9845,340.202,277.657454,-0.1549,-1.577,9.96,-206.7785,0.12381,2843532.0957300668,0.001,0
2026-10-06T10:49:33Z,5.271,15.8699,0.7309,20.6157,341.727,278.800541,-0.1573,-1.572,9.963,-207.2418,0.12381,2878752.421931407,0.001,0
2026-10-06T10:49:33Z,5.271,15.844,0.7544,21.98,342.914,279.704204,-0.1567,-1.582,9.967,-207.7845,0.12385,2907442.5521380687,0.002,0
2026-10-06T10:49:33Z,5.271,15.8214,0.79,22.8165,343.801,280.428647,-0.1549,-1.586,9.97,-208.264,0.12386,2930929.6645928924,0.002,0
2026-10-06T10:49:33Z,5.272,15.8028,0.787,23.1464,346.471,282.679347,-0.1576,-1.571,9.973,-208.6516,0.12383,2995115.330561166,0.003,0
2026-10-06T10:49:33Z,5.273,15.7877,0.7517,25.7634,352.208,287.457048,-0.154,-1.57,9.977,-209.1155,0.12383,3129597.8389489106,0.004,0
2026-10-06T10:49:33Z,5.274,15.7762,0.7289,30.5814,358.259,292.460826,-0.1571,-1.59,9.98,-209.829,0.12383,3273531.7323675957,0.006,0
2026-10-06T10:49:33Z,5.275,15.7749,0.7194,33.167,361.424,295.061351,-0.1588,-1.612,9.983,-210.7391,0.12378,3348944.704878464,0.007,0
2026-10-06T10:49:33Z,5.277,15.789,0.7119,33.9336,362.476,295.897251,-0.1541,-1.621,9.986,-211.516,0.12376,3370347.1014893106,0.007,0
2026-10-06T10:49:33Z,5.28,15.8063,0.6559,40.6017,363.391,296.591186,-0.1552,-1.622,9.99,-211.995,0.12378,3386981.420299275,0.007,0
2026-10-06T10:49:33Z,5.283,15.8155,0.5418,52.7817,364.49,297.410565,-0.1568,-1.623,9.992,-212.314,0.12378,3409058.3773418614,0.007,0
2026-10-06T10:49:33Z,5.284,15.8173,0.447,59.287,365.199,297.899239,-0.1604,-1.606,9.994,-212.3616,0.12378,3423050.017507373,0.007,0
2026-10-06T10:49:33Z,5.285,15.8138,0.3834,58.7251,365.434,298.000713,-0.1607,-1.587,9.996,-212.8286,0.12377,3426788.9705087966,0.007,0
2026-10-06T10:49:33Z,5.287,15.8062,0.2639,47.1495,367.024,299.215828,-0.1597,-1.577,9.998,-214.5189,0.1237,3464364.2616085433,0.009,0
2026-10-06T10:49:33Z,5.289,15.795,0.0846,25.8708,370.589,302.049247,-0.1623,-1.558,9.999,-216.2801,0.12371,3551557.2834928078,0.012,0
2026-10-06T10:49:33Z,5.29,15.7819,-0.0117,14.1223,373.977,304.747417,-0.159,-1.534,10.001,-217.2596,0.12381,3636412.022123439,0.015,0
2026-10-06T10:49:33Z,5.294,15.7694,-0.0183,12.7017,376.134,306.446239,-0.1564,-1.54,10.002,-217.3277,0.12386,3691472.4199193143,0.017,0
2026-10-06T10:49:33Z,5.301,15.7582,-0.0037,9.5827,376.846,306.966025,-0.1568,-1.572,10.003,-216.3288,0.12383,3710137.158075302,0.018,0
2026-10-06T10:49:33Z,5.309,15.7484,0.0233,4.0803,376.229,306.402757,-0.1552,-1.597,10.004,-215.4203,0.12379,3694980.022697938,0.018,0
2026-10-06T10:49:33Z,5.314,15.7401,0.0171,1.0326,375.093,305.422512,-0.1505,-1.61,10.005,-215.7211,0.12386,3666665.272202772,0.017,0
2026-10-06T10:49:33Z,5.316,15.7328,-0.0203,0.5735,373.628,304.179602,-0.1512,-1.611,10.008,-217.1276,0.1239,3630203.998121961,0.015,0
2026-10-06T10:49:33Z,5.318,15.7245,-0.0384,0.4412,371.457,302.368674,-0.1571,-1.612,10.01,-218.9181,0.12385,3576928.353306549,0.015,0
2026-10-06T10:49:33Z,5.321,15.7161,-0.0352,0.492,372.523,303.197786,-0.1583,-1.611,10.01,-220.5921,0.12383,3604014.02806653,0.015,0
2026-10-06T10:49:33Z,5.325,15.7089,-0.0316,0.471,379.142,308.542622,-0.1605,-1.602,10.012,-222.2245,0.12383,3770777.9890443413,0.016,0
2026-10-06T10:49:33Z,5.329,15.7021,-0.0279,0.3926,383.872,312.339446,-0.1596,-1.598,10.016,-223.6844,0.12379,3892479.585946381,0.017,0
2026-10-06T10:49:33Z,5.335,15.6962,-0.0073,0.3632,383.532,312.004856,-0.1598,-1.6,10.02,-224.8213,0.1237,3883238.5445714574,0.017,0
2026-10-06T10:49:33Z,5.34,15.6915,0.0272,0.3207,382.12,310.80016,-0.1608,-1.595,10.025,-225.7326,0.12367,3846067.290327901,0.016,0
2026-10-06T10:49:33Z,5.345,15.6864,0.0307,0.1871,380.79,309.671668,-0.1584,-1.585,10.03,-226.6147,0.12376,3811602.4390758136,0.014,0
2026-10-06T10:49:33Z,5.348,15.6794,0.0022,0.0108,379.421,308.52105,-0.1586,-1.593,10.034,-227.7436,0.12383,3777072.1994735897,0.011,0
2026-10-06T10:49:33Z,5.35,15.6713,-0.0103,-6e-4,378.44,307.691488,-0.1588,-1.608,10.038,-228.8856,0.12381,3753005.253209868,0.007,0
2026-10-06T10:49:33Z,5.35,15.6638,-0.0037,0.0838,377.51,306.907761,-0.1594,-1.608,10.042,-229.8385,0.12376,3730309.189962956,0.004,0
2026-10-06T10:49:33Z,5.351,15.6575,-0.0092,0.041,376.725,306.246532,-0.1561,-1.601,10.047,-230.9187,0.12374,3711212.4354029987,0.002,0
2026-10-06T10:49:33Z,5.351,15.6527,-0.0193,-0.0406,378.258,307.476637,-0.1576,-1.588,10.051,-232.2244,0.12374,3750661.049535649,0.002,0
2026-10-06T10:49:33Z,5.351,15.6489,-6e-4,0.0197,383.765,311.942143,-0.1613,-1.588,10.055,-233.4084,0.12376,3892754.0413366174,0.002,0
2026-10-06T10:49:33Z,5.351,15.645,0.0249,0.1893,397.381,323.003528,-0.1591,-1.598,10.059,-234.5651,0.12379,4257283.386829218,0.003,0
2026-10-06T10:49:33Z,5.352,15.6418,0.0073,0.1993,421.938,342.956217,-0.1601,-1.597,10.062,-236.7458,0.12382,4964567.9210177185,0.005,0
2026-10-06T10:49:33Z,5.353,15.6399,-0.0311,0.0392,444.765,361.495363,-0.1568,-1.606,10.066,-240.8461,0.12381,5681397.995683546,0.008,0
2026-10-06T10:49:33Z,5.354,15.6384,-0.0401,-0.0394,439.378,357.09171,-0.1571,-1.625,10.072,-246.6284,0.12383,5506478.482680076,0.012,0
2026-10-06T10:49:33Z,5.358,15.6378,-0.0101,0.0347,387.375,314.793349,-0.1602,-1.64,10.081,-253.2287,0.1239,3987341.440365325,0.017,0
2026-10-06T10:49:33Z,5.363,15.6372,0.0325,0.1839,319.95,259.965588,-0.1577,-1.655,10.092,-259.046,0.12385,2441131.4003742593,0.023,0
2026-10-06T10:49:33Z,5.37,15.6356,0.0512,0.2612,291.009,236.432704,-0.159,-1.665,10.098,-261.4698,0.12378,1913551.5782000169,0.026,0
2026-10-06T10:49:33Z,5.378,15.6328,NA,NA,NA,NA,-0.1621,NA,NA,NA,0.12376,NA,NA,0
2026-10-06T10:49:33Z,5.387,15.6275,NA,NA,NA,NA,-0.1626,NA,NA,NA,0.12371,NA,NA,0
2026-10-06T10:49:33Z,5.399,15.6205,NA,NA,NA,NA,-0.1644,NA,NA,NA,0.12368,NA,NA,0
2026-10-06T10:49:33Z,5.406,15.6165,NA,NA,NA,NA,-0.1669,NA,NA,NA,0.12368,NA,NA,0
