DateTime,Depth_m,Temp_C,Chla_ugL,Turbidity_NTU,Cond_uScm,SpCond_uScm,DO_mgL,DOsat_percent,pH,ORP_mV,PAR,Salinity,DescRate_ms ,Flag
2026-10-06T09:50:59Z,-0.106,18.0281,0.2722,1.9746,42.057,36.255155,8.3644,88.809,8.497,65.2839,1035.1,13574.824966498307,0.046,0
2026-10-06T09:50:59Z,-0.094,18.0482,0.2575,1.9187,42.095,36.304849,8.3736,88.887,8.514,66.2455,1040.9,13605.766632755038,0.044,0
2026-10-06T09:50:59Z,-0.082,18.0668,0.2409,1.849,42.143,36.366731,8.3827,89.115,8.531,66.9294,1044.7,13649.272024251615,0.042,0
2026-10-06T09:50:59Z,-0.069,18.0807,0.2637,1.8829,42.191,36.432326,8.3886,90.254,8.549,67.7022,1049,13699.939648072868,0.039,0
2026-10-06T09:50:59Z,-0.058,18.0956,0.3,1.8509,42.196,36.463457,8.3854,92.405,8.567,68.3621,1054.6,13717.581252346725,0.035,0
2026-10-06T09:50:59Z,-0.051,18.1165,0.3133,1.7694,42.193,36.489357,8.4,93.905,8.587,68.5408,1057,13725.667925353044,0.034,0
2026-10-06T09:50:59Z,-0.046,18.1407,0.2991,1.7513,42.238,36.555159,8.3805,93.462,8.609,68.0556,1053.7,13768.614148533468,0.038,0
2026-10-06T09:50:59Z,-0.041,18.1695,0.2789,1.7342,42.289,36.624579,8.4498,91.2,8.633,67.4859,980.02,13811.409238971375,0.048,0
2026-10-06T09:50:59Z,-0.031,18.2023,0.2934,1.7678,42.268,36.630754,8.7446,87.785,8.658,67.6749,850.15,13791.674597266425,0.065,0
2026-10-06T09:50:59Z,-0.016,18.2362,0.3247,1.7479,42.093,36.502946,8.9236,83.781,8.679,68.7059,797.24,13645.983955863998,0.085,0
2026-10-06T09:50:59Z,0.008,18.2689,0.3155,1.6301,41.822,36.284884,8.8584,79.452,8.69,69.7138,767.54,13419.128991143118,0.099,0
2026-10-06T09:50:59Z,0.043,18.299,0.2735,1.574,41.659,36.151586,8.6183,75.133,8.694,69.9672,697.16,13274.254550908634,0.099,0
2026-10-06T09:50:59Z,0.087,18.3281,0.2595,1.6496,41.6,36.096841,8.2672,71.438,8.704,70.1351,668.35,13202.679964214369,0.078,0
2026-10-06T09:50:59Z,0.124,18.3576,0.2871,1.8272,41.584,36.067131,7.8858,68.865,8.725,70.7965,654.55,13153.852412618298,0.042,0
2026-10-06T09:50:59Z,0.139,18.3803,0.3158,1.8766,41.66,36.109602,7.4645,67.347,8.753,71.6832,614.2,13175.632430976997,-0.001,0
2026-10-06T09:50:59Z,0.121,18.3897,0.3063,1.7341,41.752,36.166162,7.0359,66.5,8.784,72.5107,601.43,13220.073155922733,-0.041,0
2026-10-06T09:50:59Z,0.079,18.3854,0.2724,1.6413,41.787,36.179904,6.6649,65.992,8.815,73.1445,601.93,13235.772495431453,-0.068,0
2026-10-06T09:50:59Z,0.037,18.3654,0.2648,1.7113,41.763,36.148827,6.4338,65.632,8.841,73.7539,638.74,13222.332512934032,-0.078,0
2026-10-06T09:50:59Z,0.012,18.3343,0.2889,1.8288,41.721,36.107654,6.3111,65.379,8.862,74.4587,747.45,13207.92840515149,-0.071,0
2026-10-06T09:50:59Z,0.003,18.3034,0.2969,1.8327,41.743,36.126243,6.2448,65.174,8.88,75.127,805.27,13247.831785673783,-0.051,0
2026-10-06T09:50:59Z,0.002,18.2836,0.2785,1.7238,41.807,36.183223,6.2083,64.929,8.9,75.725,770.56,13314.71103613953,-0.028,0
2026-10-06T09:50:59Z,0.004,18.2723,0.2918,1.7081,41.852,36.225538,6.1734,64.668,8.919,76.269,704.23,13361.995293063019,-0.011,0
2026-10-06T09:50:59Z,0.004,18.2671,0.324,1.8476,41.882,36.257167,6.1525,64.469,8.938,76.4556,713.73,13394.977405219624,-0.002,0
2026-10-06T09:50:59Z,0.002,18.2673,0.335,1.9412,41.864,36.248387,6.1383,64.347,8.955,76.4331,843.01,13386.752320641262,0.003,0
2026-10-06T09:50:59Z,0.001,18.2687,0.3413,1.849,41.779,36.182852,6.1134,64.326,8.965,76.5994,880.21,13325.530887061632,0.007,0
2026-10-06T09:50:59Z,0.002,18.2727,0.333,1.6899,41.749,36.162767,6.084,64.466,8.97,76.7453,813.24,13304.132417854515,0.009,0
2026-10-06T09:50:59Z,0.007,18.2798,0.3355,1.7256,41.784,36.195897,6.0651,64.78,8.976,77.0786,776.82,13329.171018299612,0.012,0
2026-10-06T09:50:59Z,0.014,18.2886,0.371,1.8715,41.788,36.202718,6.0527,65.262,8.982,77.5315,711.97,13328.827989853324,0.015,0
2026-10-06T09:50:59Z,0.02,18.2985,0.3884,1.9164,41.757,36.181802,6.0453,65.892,8.989,77.8336,676.82,13302.262155840897,0.016,0
2026-10-06T09:50:59Z,0.021,18.3065,0.3624,1.8575,41.697,36.133353,6.0585,66.542,8.994,78.1503,677.62,13252.012533082796,0.013,0
2026-10-06T09:50:59Z,0.024,18.3079,0.3233,1.7749,41.685,36.124539,6.0883,67.017,8.999,78.0913,659.32,13242.926791332267,0.008,0
2026-10-06T09:50:59Z,0.029,18.3116,0.3061,1.8057,41.773,36.202142,6.132,67.232,9.006,77.8075,706.28,13311.080184168026,0.003,0
2026-10-06T09:50:59Z,0.03,18.3205,0.2956,1.8196,41.822,36.24677,6.1948,67.218,9.014,77.9034,794.72,13345.288962639552,0,0
2026-10-06T09:50:59Z,0.028,18.3246,0.2803,1.7032,41.787,36.219976,6.2641,67,9.024,78.1322,787.1,13317.677287952618,0,0
2026-10-06T09:50:59Z,0.023,18.3257,0.2713,1.6284,41.754,36.195453,6.3113,66.593,9.035,78.3365,685.11,13294.42315371435,-0.001,0
2026-10-06T09:50:59Z,0.022,18.3268,0.2618,1.6333,41.688,36.140621,6.3283,66.06,9.042,78.4802,694.96,13243.535911363886,-0.002,0
2026-10-06T09:50:59Z,0.025,18.3285,0.2809,1.6933,41.596,36.06462,6.3264,65.519,9.046,78.0627,801.12,13173.080327779264,-0.004,0
2026-10-06T09:50:59Z,0.027,18.3352,0.3029,1.7401,41.631,36.101401,6.3054,65.072,9.051,77.4191,776.24,13201.569000273845,-0.006,0
2026-10-06T09:50:59Z,0.027,18.3402,0.295,1.6859,41.739,36.204643,6.2643,64.754,9.058,77.4105,654.32,13291.995577436024,-0.008,0
2026-10-06T09:50:59Z,0.024,18.3411,0.2934,1.6527,41.759,36.234241,6.21,64.561,9.065,77.5282,597.27,13318.38654031676,-0.008,0
2026-10-06T09:50:59Z,0.015,18.3472,0.3005,1.7149,41.71,36.205485,6.1539,64.486,9.074,77.2072,639.75,13287.540964517231,-0.008,0
2026-10-06T09:50:59Z,0.008,18.3539,0.3143,1.8233,41.664,36.174232,6.1107,64.534,9.084,76.8852,681.22,13254.025245364825,-0.007,0
2026-10-06T09:50:59Z,0.009,18.3627,0.3017,1.8359,41.658,36.173637,6.08,64.677,9.095,76.7325,644.05,13246.936403924425,-0.004,0
2026-10-06T09:50:59Z,0.014,18.3809,0.2648,1.6963,41.683,36.198292,6.0601,64.851,9.105,76.7373,636.82,13255.869624769979,-0.001,0
2026-10-06T09:50:59Z,0.016,18.3984,0.2511,1.6041,41.704,36.218528,6.0502,65.032,9.115,76.8566,680.05,13261.291456513818,0.003,0
2026-10-06T09:50:59Z,0.016,18.4091,0.261,1.6777,41.713,36.227956,6.0537,65.195,9.124,77.0563,670.25,13261.92128403293,0.003,0
2026-10-06T09:50:59Z,0.016,18.4148,0.2922,1.8345,41.734,36.248834,6.0706,65.299,9.131,77.4314,640.17,13276.704837002182,0.002,0
2026-10-06T09:50:59Z,0.015,18.4169,0.3042,1.8612,41.769,36.280618,6.0859,65.354,9.137,77.778,666.19,13304.130543827143,0,0
2026-10-06T09:50:59Z,0.015,18.4188,0.2726,1.727,41.784,36.29499,6.1033,65.406,9.144,77.9772,782.3,13315.832749472434,0,0
2026-10-06T09:50:59Z,0.015,18.4212,0.2599,1.7143,41.782,36.295709,6.1209,65.474,9.152,78.1198,875.91,13314.696686907837,0.001,0
2026-10-06T09:50:59Z,0.015,18.4231,0.2929,1.8453,41.774,36.289309,6.1298,65.537,9.161,78.2976,818.86,13307.435492862807,0.002,0
2026-10-06T09:50:59Z,0.016,18.4248,0.3292,1.9097,41.764,36.281059,6.1323,65.567,9.167,78.6638,748.19,13298.638792378219,0.003,0
2026-10-06T09:50:59Z,0.018,18.427,0.3247,1.8428,41.742,36.259417,6.1365,65.54,9.173,79.0197,771.58,13277.265726030611,0.003,0
2026-10-06T09:50:59Z,0.019,18.4297,0.2889,1.7548,41.553,36.091084,6.1433,65.416,9.181,79.1597,766.54,13122.431743806603,0.003,0
2026-10-06T09:50:59Z,0.019,18.4319,0.2793,1.8026,41.188,35.768578,6.1506,65.183,9.187,79.2386,716.64,12831.171742010547,0.003,0
2026-10-06T09:50:59Z,0.02,18.4322,0.2998,1.9084,40.998,35.595989,6.153,64.852,9.194,79.2848,713.24,12677.630673623124,0.002,0
2026-10-06T09:50:59Z,0.02,18.4296,0.2957,1.8727,41.001,35.590579,6.153,64.415,9.202,79.46,732.48,12674.68715120859,0.001,0
2026-10-06T09:50:59Z,0.02,18.4246,0.2627,1.712,40.922,35.51281,6.1428,63.925,9.211,79.8943,721.9,12609.511205063218,0.001,0
2026-10-06T09:50:59Z,0.02,18.4173,0.2585,1.7075,40.968,35.543967,6.1195,63.419,9.219,80.2342,693.54,12642.17894353347,0.001,0
2026-10-06T09:50:59Z,0.02,18.408,0.2953,1.8527,41.245,35.776941,6.0927,62.892,9.228,80.4725,673.15,12855.826492009535,0.001,0
2026-10-06T09:50:59Z,0.02,18.3973,0.3244,1.8283,41.416,35.918572,6.0491,62.373,9.236,80.8821,671.6,12990.534538740349,0.002,0
2026-10-06T09:50:59Z,0.02,18.3865,0.3111,1.6862,41.43,35.923959,6.0032,61.881,9.243,81.3148,692.13,13003.250867814233,0.002,0
2026-10-06T09:50:59Z,0.021,18.3763,0.2758,1.6373,41.417,35.905514,5.9588,61.415,9.249,81.5739,720.26,12994.081240530484,0.002,0
2026-10-06T09:50:59Z,0.022,18.3668,0.2719,1.7148,41.402,35.885897,5.9079,60.984,9.256,81.6925,727.85,12983.34656885329,0.002,0
2026-10-06T09:50:59Z,0.023,18.3584,0.2984,1.8714,41.401,35.877113,5.8598,60.584,9.263,81.8024,702.78,12981.558197540453,0.002,0
2026-10-06T09:50:59Z,0.023,18.3507,0.2962,1.8904,41.393,35.86274,5.815,60.192,9.27,81.9554,689.41,12974.230085101764,0.002,0
2026-10-06T09:50:59Z,0.023,18.3424,0.2693,1.74,41.373,35.839014,5.7714,59.824,9.275,82.1674,699.93,12958.925895122984,0.001,0
2026-10-06T09:50:59Z,0.023,18.3334,0.2561,1.659,41.386,35.844043,5.732,59.544,9.281,82.4721,706.17,12969.995892631623,0.001,0
2026-10-06T09:50:59Z,0.024,18.3244,0.2531,1.7307,41.411,35.860079,5.6968,59.384,9.286,82.8005,711.47,12990.991272954854,0.001,0
2026-10-06T09:50:59Z,0.024,18.3159,0.2758,1.8901,41.397,35.84254,5.6608,59.332,9.291,83.2121,717.83,12981.385374718613,0.001,0
2026-10-06T09:50:59Z,0.024,18.308,0.2966,1.9119,41.38,35.822331,5.6238,59.377,9.294,83.663,720.51,12968.938729110823,0.001,0
2026-10-06T09:50:59Z,0.024,18.3005,0.2717,1.7208,41.367,35.806082,5.597,59.466,9.298,83.9508,714.49,12959.768077264656,0.001,0
2026-10-06T09:50:59Z,0.025,18.2935,0.2416,1.5955,41.335,35.772969,5.5847,59.527,9.303,84.1961,703.21,12935.064532834585,0.001,0
2026-10-06T09:50:59Z,0.025,18.2871,0.2561,1.6605,41.303,35.739204,5.5792,59.527,9.309,84.4779,704.45,12909.361910194148,0.001,0
2026-10-06T09:50:59Z,0.025,18.2809,0.2978,1.7895,41.283,35.715072,5.5866,59.429,9.316,84.6044,710.71,12892.183880425011,0.001,0
2026-10-06T09:50:59Z,0.025,18.2745,0.2968,1.8229,41.241,35.671529,5.599,59.217,9.322,84.5218,710.5,12857.75571842707,0,0
2026-10-06T09:50:59Z,0.025,18.2678,0.2602,1.7224,41.161,35.593424,5.6053,58.9,9.329,84.5115,709.58,12792.686900252214,0,0
2026-10-06T09:50:59Z,0.025,18.2605,0.2467,1.6338,41.1,35.532106,5.6082,58.504,9.336,84.6521,714.32,12743.193960666493,0.001,0
2026-10-06T09:50:59Z,0.025,18.2523,0.2828,1.7073,41.075,35.501174,5.6003,58.034,9.342,84.6734,722.01,12721.491980582998,0.001,0
2026-10-06T09:50:59Z,0.025,18.2433,0.3558,1.8601,41.055,35.473212,5.5812,57.514,9.347,84.6819,710.91,12703.01833844065,0.001,0
2026-10-06T09:50:59Z,0.026,18.2336,0.3808,1.8425,41.039,35.447799,5.5509,57.024,9.352,84.7556,692.71,12687.319344463041,0.001,0
2026-10-06T09:50:59Z,0.026,18.223,0.3429,1.6984,41.052,35.447691,5.5148,56.559,9.357,84.8759,700.31,12694.776589592811,0.002,0
2026-10-06T09:50:59Z,0.026,18.2111,0.3314,1.7237,41.093,35.471899,5.4729,56.084,9.361,85.1043,727.12,12724.83752381234,0.003,0
2026-10-06T09:50:59Z,0.027,18.1977,0.3574,1.9097,41.121,35.486675,5.4193,55.632,9.366,85.1942,735.87,12747.610372133095,0.006,0
2026-10-06T09:50:59Z,0.028,18.1836,0.3743,1.9662,41.146,35.499445,5.3763,55.229,9.37,85.2745,720.03,12769.130851611564,0.009,0
2026-10-06T09:50:59Z,0.031,18.1696,0.36,1.8594,41.152,35.49939,5.3371,54.875,9.372,85.5594,701.96,12779.134769323195,0.012,0
2026-10-06T09:50:59Z,0.034,18.1557,0.343,1.7795,41.14,35.485999,5.2903,54.577,9.375,85.713,694.83,12777.136053620172,0.015,0
2026-10-06T09:50:59Z,0.039,18.1436,0.3607,1.8202,41.264,35.591329,5.2487,54.341,9.377,85.6687,692.36,12880.406109363776,0.016,0
2026-10-06T09:50:59Z,0.045,18.1339,0.366,1.8401,41.679,35.948072,5.2122,54.247,9.379,85.713,679.58,13211.208575442995,0.016,0
2026-10-06T09:50:59Z,0.05,18.127,0.3572,1.7118,42.231,36.436453,5.1786,54.546,9.379,85.9035,661.67,13668.025892449357,0.015,0
2026-10-06T09:50:59Z,0.054,18.1234,0.3542,1.6011,42.596,36.800904,5.1515,55.727,9.38,86.1654,628.27,14014.201086172123,0.012,0
2026-10-06T09:50:59Z,0.056,18.1218,0.3391,1.6627,42.715,36.991689,5.1276,58.346,9.383,86.2981,560.99,14197.396254363211,0.009,0
2026-10-06T09:50:59Z,0.058,18.1173,0.3487,1.8085,42.711,37.093546,5.1114,62.402,9.387,86.1313,495.74,14298.769488590753,0.006,0
2026-10-06T09:50:59Z,0.058,18.118,0.3536,1.8263,42.653,37.144231,5.1247,67.202,9.39,85.7833,475.1,14347.005758426592,0.004,0
2026-10-06T09:50:59Z,0.059,18.173,0.3234,1.7751,42.57,37.160469,5.2035,71.917,9.394,85.5324,468.8,14318.071425769489,0.002,0
2026-10-06T09:50:59Z,0.059,18.2914,0.3077,1.7703,42.487,37.163079,5.4359,76.003,9.398,85.7654,443.91,14225.196611513471,0.001,0
2026-10-06T09:50:59Z,0.059,18.4222,0.3225,1.8018,42.43,37.175885,5.8315,79.141,9.402,86.2779,413.21,14132.945549517395,0.001,0
2026-10-06T09:50:59Z,0.059,18.543,0.3528,1.9179,42.386,37.188476,6.297,81.139,9.406,86.4795,390.36,14049.216346529098,0.001,0
2026-10-06T09:50:59Z,0.06,18.6478,0.3574,1.9109,42.342,37.188472,6.7401,82.024,9.41,86.5689,372.1,13966.915036038587,0.001,0
2026-10-06T09:50:59Z,0.06,18.7353,0.3282,1.7847,42.295,37.175882,7.1173,82.008,9.413,86.7569,342.34,13886.97426921822,0.001,0
2026-10-06T09:50:59Z,0.06,18.8095,0.3158,1.7587,42.256,37.163207,7.4083,81.449,9.416,87.1179,314.94,13817.780627496908,0.001,0
2026-10-06T09:50:59Z,0.06,18.8688,0.3402,1.8013,42.236,37.162158,7.5819,80.711,9.42,87.7495,317.26,13771.168416320153,0.001,0
2026-10-06T09:50:59Z,0.06,18.9135,0.3735,1.89,42.223,37.163215,7.6517,80.019,9.424,88.2848,359.06,13737.871459561547,0.001,0
2026-10-06T09:50:59Z,0.06,18.9465,0.3691,1.874,42.227,37.176008,7.6318,79.436,9.427,88.5994,442.41,13724.402134258347,0.001,0
2026-10-06T09:50:59Z,0.061,18.971,0.3291,1.7789,42.237,37.189937,7.5628,78.927,9.432,88.5422,533.05,13718.48770928125,0.001,0
2026-10-06T09:50:59Z,0.061,18.9907,0.3229,1.7995,42.248,37.204725,7.485,78.498,9.436,88.1962,582.2,13717.030059443265,0.001,0
2026-10-06T09:50:59Z,0.061,19.0056,0.3607,1.85,42.269,37.227913,7.4158,78.167,9.44,88.1149,612.04,13726.947016879416,0.002,0
2026-10-06T09:50:59Z,0.062,19.0153,0.3866,1.8089,42.251,37.21648,7.3643,77.928,9.445,88.2475,638.84,13709.051659394974,0.002,0
2026-10-06T09:50:59Z,0.062,19.0217,0.3688,1.7115,42.221,37.193406,7.3144,77.756,9.449,88.5097,675.06,13683.024196546801,0.003,0
2026-10-06T09:50:59Z,0.063,19.027,0.3285,1.6971,42.228,37.202749,7.2735,77.618,9.452,88.9619,690.04,13687.550472386662,0.003,0
2026-10-06T09:50:59Z,0.064,19.0321,0.3245,1.8065,42.225,37.202539,7.2422,77.497,9.454,89.3263,626.59,13683.477231841985,0.003,0
2026-10-06T09:50:59Z,0.065,19.0366,0.3615,1.9061,42.21,37.190879,7.22,77.379,9.457,89.1297,581.44,13669.380014634402,0.003,0
2026-10-06T09:50:59Z,0.066,19.0417,0.385,1.8432,42.207,37.188675,7.2054,77.283,9.46,88.478,579.94,13663.488651799655,0.002,0
2026-10-06T09:50:59Z,0.066,19.0455,0.3587,1.6952,42.194,37.17589,7.1912,77.228,9.463,88.2437,619.89,13648.912080154798,0.002,0
2026-10-06T09:50:59Z,0.066,19.0487,0.3184,1.7216,42.181,37.16321,7.1814,77.207,9.466,88.5338,704.61,13634.898360800475,0.002,0
2026-10-06T09:50:59Z,0.066,19.0513,0.3217,1.8891,42.18,37.162263,7.1687,77.198,9.468,88.802,706.93,13632.063410328905,0.002,0
2026-10-06T09:50:59Z,0.067,19.0504,0.3322,1.8763,42.182,37.164447,7.1586,77.162,9.471,88.82,659.07,13634.740169436449,0.002,0
2026-10-06T09:50:59Z,0.067,19.0486,0.313,1.7033,42.21,37.18961,7.1554,77.112,9.473,88.578,677.37,13659.104375697652,0.002,0
2026-10-06T09:50:59Z,0.068,19.0474,0.305,1.6418,42.236,37.212694,7.1525,77.069,9.469,88.2005,674.71,13681.138328894469,0,0
2026-10-06T09:50:59Z,0.068,19.0468,0.3285,1.7136,42.209,37.189724,7.1555,77.055,9.458,88.0409,543.98,13660.57520250235,-0.005,0
2026-10-06T09:50:59Z,0.069,19.0478,0.3635,1.8202,42.18,37.165705,7.15,77.095,9.44,87.9386,373.5,13637.859685105235,-0.015,0
2026-10-06T09:50:59Z,0.069,19.0485,0.3624,1.8377,42.19,37.176107,7.1445,77.146,9.419,87.3081,341.36,13646.834675659253,-0.031,0
2026-10-06T09:50:59Z,0.064,19.0479,0.3234,1.7191,42.205,37.18859,7.1413,77.182,9.402,86.3543,488.34,13658.703013157388,-0.053,0
2026-10-06T09:50:59Z,0.05,19.0492,0.2993,1.6505,42.21,37.189725,7.1362,77.206,9.392,85.6124,675.51,13658.75469440218,-0.072,0
2026-10-06T09:50:59Z,0.025,19.0522,0.3042,1.7596,42.217,37.18983,7.1437,77.228,9.383,85.3073,798.63,13656.574576408986,-0.082,0
2026-10-06T09:50:59Z,-0.011,19.0542,0.3239,1.8776,42.223,37.189849,7.1479,77.274,9.374,85.4186,861.21,13655.075799393893,-0.082,0
2026-10-06T09:50:59Z,-0.048,19.0545,0.3134,1.813,42.228,37.189945,7.151,77.347,9.369,85.7533,892.29,13654.93811704182,-0.073,0
2026-10-06T09:50:59Z,-0.069,19.0499,0.2684,1.6621,42.232,37.190985,7.1541,77.415,9.369,86.0851,914.87,13659.381464459882,-0.055,0
2026-10-06T09:50:59Z,-0.071,19.0409,0.2458,1.6246,42.244,37.202426,7.1557,77.462,9.374,86.419,923.23,13676.687065219046,-0.03,0
2026-10-06T09:50:59Z,-0.067,19.0338,0.2653,1.7341,42.239,37.201369,7.161,77.492,9.379,86.6925,918.45,13681.11837830121,-0.003,0
2026-10-06T09:50:59Z,-0.064,19.0289,0.2956,1.8246,42.208,37.1782,7.17,77.5,9.384,86.7248,913.51,13663.632793000617,0.021,0
2026-10-06T09:50:59Z,-0.058,19.0256,0.2962,1.7628,42.2,37.176119,7.1776,77.473,9.389,86.7244,923.46,13664.23513299552,0.037,0
2026-10-06T09:50:59Z,-0.045,19.027,0.3056,1.704,42.192,37.176223,7.1807,77.397,9.394,86.8597,903.57,13663.266103917702,0.046,0
2026-10-06T09:50:59Z,-0.029,19.0314,0.334,1.7627,42.186,37.179466,7.1838,77.307,9.399,87.3274,834.49,13662.890536440897,0.051,0
2026-10-06T09:50:59Z,-0.013,19.0365,0.3483,1.8234,42.217,37.215334,7.1833,77.243,9.402,88.164,911.95,13691.853008068065,0.052,0
2026-10-06T09:50:59Z,0.004,19.043,0.3704,1.8235,42.224,37.229186,7.1818,77.197,9.407,88.8008,945.62,13699.595286422078,0.048,0
2026-10-06T09:50:59Z,0.019,19.0513,0.3684,1.7637,42.207,37.220042,7.1714,77.137,9.412,88.8321,678.52,13684.901510045558,0.04,0
2026-10-06T09:50:59Z,0.029,19.0608,0.3486,1.7494,42.215,37.231692,7.1601,77.068,9.418,88.4562,547.15,13688.340692178635,0.03,0
2026-10-06T09:50:59Z,0.032,19.0715,0.3649,1.856,42.224,37.243152,7.153,77.026,9.426,88.2134,686.19,13690.692082562324,0.021,0
2026-10-06T09:50:59Z,0.032,19.0813,0.3814,1.9249,42.208,37.231701,7.1487,77.025,9.436,88.7362,763.91,13672.766081772097,0.015,0
2026-10-06T09:50:59Z,0.033,19.0885,0.3734,1.8305,42.192,37.220155,7.1427,77.05,9.444,89.6148,727.57,13656.747715901385,0.012,0
2026-10-06T09:50:59Z,0.034,19.0938,0.3693,1.705,42.202,37.230454,7.1328,77.063,9.45,89.6301,731.57,13662.136537428556,0.013,0
2026-10-06T09:50:59Z,0.037,19.0979,0.3896,1.7407,42.198,37.229309,7.1291,77.064,9.454,89.0081,758.78,13657.979877997164,0.016,0
2026-10-06T09:50:59Z,0.043,19.101,0.4191,1.8527,42.17,37.206319,7.1276,77.075,9.458,88.6328,693.73,13634.642200762208,0.019,0
2026-10-06T09:50:59Z,0.05,19.1033,0.4086,1.8289,42.169,37.206309,7.1328,77.102,9.462,88.7921,555.67,13632.89166473975,0.02,0
2026-10-06T09:50:59Z,0.056,19.1053,0.3556,1.6922,42.194,37.229193,7.1328,77.118,9.466,89.2986,392.56,13652.261827581753,0.019,0
2026-10-06T09:50:59Z,0.063,19.1076,0.3106,1.6344,42.193,37.229184,7.1314,77.097,9.469,89.6809,333.26,13650.509786009847,0.017,0
2026-10-06T09:50:59Z,0.068,19.1097,0.3135,1.7104,42.166,37.206204,7.1323,77.09,9.472,89.8878,472.66,13627.95153234671,0.013,0
2026-10-06T09:50:59Z,0.069,19.1111,0.3485,1.8258,42.166,37.205163,7.1347,77.13,9.476,89.9926,575.16,13625.943112440385,0.009,0
2026-10-06T09:50:59Z,0.069,19.1122,0.352,1.8006,42.18,37.216597,7.1395,77.185,9.481,89.8292,475.32,13635.538707120235,0.005,0
2026-10-06T09:50:59Z,0.069,19.1136,0.3224,1.6443,42.182,37.217543,7.1331,77.218,9.486,89.5473,382.33,13635.341789855353,0.002,0
2026-10-06T09:50:59Z,0.069,19.1148,0.307,1.5758,42.182,37.216588,7.1315,77.237,9.491,89.596,387.23,13633.56236116482,0,0
2026-10-06T09:50:59Z,0.07,19.1136,0.3243,1.655,42.169,37.205051,7.1368,77.269,9.495,89.9015,400.83,13623.950002092328,2.6079e-8,0
2026-10-06T09:50:59Z,0.07,19.1114,0.3643,1.7824,42.167,37.204956,7.144,77.315,9.5,90.1435,393.75,13625.527384572306,2.8687e-7,0
2026-10-06T09:50:59Z,0.07,19.1102,0.3664,1.7836,42.176,37.215443,7.1467,77.358,9.504,90.2854,389.92,13636.000020765732,2.8687e-7,0
2026-10-06T09:50:59Z,0.07,19.109,0.3247,1.6695,42.161,37.204945,7.1472,77.398,9.509,90.2399,408.87,13627.3330247793,2.6107e-8,0
2026-10-06T09:50:59Z,0.07,19.1091,0.3097,1.6328,42.157,37.204945,7.1502,77.453,9.514,90.1103,403.81,13627.257367300293,2.6787e-9,0
2026-10-06T09:50:59Z,0.07,19.111,0.3515,1.7498,42.167,37.215442,7.1552,77.495,9.517,90.2667,393.73,13635.393428267747,3.6026e-9,0
2026-10-06T09:50:59Z,0.07,19.1143,0.4221,1.8548,42.154,37.204955,7.1589,77.486,9.52,90.6679,388.28,13623.333024874602,3.7277e-8,0
2026-10-06T09:50:59Z,0.07,19.1181,0.4394,1.7752,42.153,37.205059,7.1601,77.445,9.523,91.0891,317.26,13620.554404704437,4.0984e-7,0
2026-10-06T09:50:59Z,0.07,19.1216,0.4025,1.6405,42.165,37.216699,7.1666,77.42,9.526,90.9721,247.78,13628.518168586354,0,0
2026-10-06T09:50:59Z,0.07,19.1241,0.3756,1.6608,42.167,37.218798,7.1715,77.4,9.531,90.2855,237.51,13628.54060969528,0,0
2026-10-06T09:50:59Z,0.07,19.1255,0.3641,1.7816,42.18,37.23043,7.1706,77.384,9.535,90.0151,275.26,13638.08779093582,0.001,0
2026-10-06T09:50:59Z,0.07,19.1265,0.363,1.7689,42.18,37.23044,7.1625,77.388,9.537,90.1981,334.17,13637.33994264809,0.001,0
2026-10-06T09:50:59Z,0.07,19.1276,0.3459,1.6444,42.166,37.218912,7.1626,77.388,9.54,90.5189,395.35,13625.99725294494,0.001,0
2026-10-06T09:50:59Z,0.071,19.1282,0.3148,1.5737,42.165,37.217958,7.1608,77.37,9.544,90.9683,464.32,13624.673998153472,0.001,0
2026-10-06T09:50:59Z,0.072,19.1283,0.3202,1.6324,42.166,37.218902,7.1571,77.353,9.548,90.9853,538.91,13625.458718101856,0.002,0
2026-10-06T09:50:59Z,0.073,19.1285,0.3607,1.8076,42.178,37.230326,7.1599,77.362,9.552,90.5529,579.61,13635.72212900462,0.002,0
2026-10-06T09:50:59Z,0.073,19.1288,0.3806,1.8476,42.175,37.229181,7.1596,77.366,9.555,90.3002,504.66,13634.451036400229,0.002,0
2026-10-06T09:50:59Z,0.073,19.1289,0.353,1.706,42.146,37.205059,7.1578,77.366,9.557,90.3382,455.24,13612.391977343732,0.002,0
2026-10-06T09:50:59Z,0.074,19.1291,0.3341,1.701,42.131,37.192482,7.1536,77.395,9.559,90.4962,499.59,13600.787901108473,0.002,0
2026-10-06T09:50:59Z,0.075,19.1299,0.3526,1.8544,42.143,37.204027,7.1572,77.432,9.562,90.7485,530.94,13610.696498743375,0.002,0
2026-10-06T09:50:59Z,0.075,19.1314,0.3686,1.9214,42.158,37.217739,7.1577,77.459,9.565,91.0655,573.98,13622.054750219542,0.003,0
2026-10-06T09:50:59Z,0.076,19.133,0.3699,1.8282,42.172,37.231364,7.1542,77.497,9.568,91.1459,617.98,13633.263158996195,0.006,0
2026-10-06T09:50:59Z,0.076,19.1341,0.351,1.6845,42.182,37.241862,7.159,77.543,9.57,91.0326,592.75,13642.003110157717,0.01,0
2026-10-06T09:50:59Z,0.077,19.1349,0.3398,1.6867,42.153,37.217757,7.1631,77.585,9.571,91.0718,523.09,13619.42542572837,0.015,0
2026-10-06T09:50:59Z,0.08,19.1363,0.3674,1.8197,42.125,37.193739,7.1637,77.618,9.572,91.2753,496.47,13596.498509697722,0.019,0
2026-10-06T09:50:59Z,0.087,19.1383,0.393,1.8929,42.137,37.205276,7.1674,77.63,9.572,91.8591,503.97,13605.490011556409,0.021,0
2026-10-06T09:50:59Z,0.097,19.1402,0.3922,1.8197,42.165,37.230334,7.172,77.626,9.572,92.5377,500.42,13626.877356066407,0.021,0
2026-10-06T09:50:59Z,0.105,19.1415,0.3818,1.6866,42.179,37.2429,7.1753,77.614,9.573,92.7697,529.78,13637.346902877473,0.019,0
2026-10-06T09:50:59Z,0.11,19.1421,0.3922,1.7182,42.164,37.230313,7.1794,77.572,9.576,92.943,591.35,13625.420970090358,0.016,0
2026-10-06T09:50:59Z,0.111,19.1429,0.4265,1.8946,42.134,37.205056,7.1801,77.504,9.58,93.0842,644.71,13601.816517433743,0.011,0
2026-10-06T09:50:59Z,0.112,19.1438,0.4388,1.9745,42.118,37.191336,7.1786,77.46,9.583,93.4452,654.65,13588.654494962802,0.007,0
2026-10-06T09:50:59Z,0.113,19.1443,0.3994,1.8648,42.118,37.191326,7.179,77.447,9.585,94.2096,632.68,13588.268409348577,0.004,0
2026-10-06T09:50:59Z,0.113,19.1448,0.3423,1.6956,42.133,37.204943,7.1756,77.45,9.587,94.4101,644.04,13600.279806558692,0.002,0
2026-10-06T09:50:59Z,0.113,19.1458,0.3308,1.7048,42.162,37.229065,7.1655,77.47,9.59,94.2356,643.22,13621.487014925926,0.002,0
2026-10-06T09:50:59Z,0.114,19.1467,0.3427,1.8057,42.164,37.22917,7.162,77.491,9.594,94.1652,620.46,13620.902474918446,0.003,0
2026-10-06T09:50:59Z,0.114,19.1469,0.3283,1.7537,42.139,37.206201,7.1618,77.492,9.598,93.9032,626.86,13599.84005890711,0.003,0
2026-10-06T09:50:59Z,0.115,19.1469,0.3149,1.657,42.138,37.20517,7.1611,77.493,9.601,93.9923,642.32,13598.901852761212,0.004,0
2026-10-06T09:50:59Z,0.116,19.146,0.3143,1.6261,42.151,37.216709,7.164,77.509,9.602,94.6413,634.16,13610.083606714206,0.005,0
2026-10-06T09:50:59Z,0.118,19.1432,0.3291,1.6885,42.153,37.218799,7.1675,77.523,9.604,95.0381,583.54,13614.101241593567,0.006,0
2026-10-06T09:50:59Z,0.12,19.1415,0.3531,1.7621,42.165,37.230439,7.167,77.545,9.607,95.0903,540.08,13625.98900974185,0.006,0
2026-10-06T09:50:59Z,0.122,19.1416,0.3451,1.6964,42.164,37.230551,7.1655,77.571,9.609,95.1871,559.18,13626.015361316575,0.005,0
2026-10-06T09:50:59Z,0.123,19.1417,0.3164,1.6112,42.152,37.220159,7.1696,77.568,9.612,95.2616,591.27,13616.472782071944,0.004,0
2026-10-06T09:50:59Z,0.124,19.1431,0.305,1.6199,42.164,37.231698,7.1688,77.536,9.615,95.3025,593.47,13625.926300191693,0.003,0
2026-10-06T09:50:59Z,0.124,19.1447,0.341,1.7329,42.177,37.243148,7.1705,77.481,9.617,95.5096,618.29,13635.15084900357,0.002,0
2026-10-06T09:50:59Z,0.124,19.1455,0.394,1.8172,42.165,37.231697,7.1755,77.436,9.619,95.8729,645.66,13624.11093156166,0.002,0
2026-10-06T09:50:59Z,0.124,19.1464,0.3957,1.7512,42.152,37.220159,7.1734,77.424,9.621,96.1679,608.2,13612.922311148624,0.002,0
2026-10-06T09:50:59Z,0.125,19.1465,0.3874,1.7533,42.165,37.230553,7.1718,77.413,9.623,96.3224,563.42,13622.312849525762,0.002,0
2026-10-06T09:50:59Z,0.126,19.1462,0.4094,1.8774,42.165,37.23045,7.165,77.402,9.625,96.1928,572.7,13622.4457253397,0.002,0
2026-10-06T09:50:59Z,0.126,19.1459,0.4291,1.9194,42.151,37.218912,7.1587,77.412,9.627,95.8915,588.61,13612.164426132267,0.002,0
2026-10-06T09:50:59Z,0.127,19.1453,0.4171,1.851,42.149,37.217966,7.1611,77.446,9.629,95.9486,589.08,13611.75617657607,0.002,0
2026-10-06T09:50:59Z,0.128,19.1446,0.381,1.7336,42.15,37.219015,7.1592,77.5,9.631,96.2811,622.78,13613.240029527185,0.002,0
2026-10-06T09:50:59Z,0.128,19.1445,0.3841,1.6956,42.165,37.231594,7.1571,77.54,9.634,96.6416,639.33,13624.772872613725,0.002,0
2026-10-06T09:50:59Z,0.128,19.1451,0.4206,1.8012,42.18,37.243139,7.1585,77.535,9.636,96.608,614.35,13634.839831523572,0.002,0
2026-10-06T09:50:59Z,0.129,19.1458,0.4319,1.8839,42.169,37.231696,7.1609,77.523,9.638,96.0469,611.41,13623.883058299418,0.002,0
2026-10-06T09:50:59Z,0.13,19.146,0.412,1.8069,42.157,37.220151,7.1672,77.535,9.639,95.7079,599.91,13613.216912852333,0.002,0
2026-10-06T09:50:59Z,0.13,19.1451,0.3804,1.7239,42.167,37.23045,7.1735,77.555,9.642,95.693,577.41,13623.276991091583,0.002,0
2026-10-06T09:50:59Z,0.131,19.1429,0.3819,1.8033,42.165,37.229305,7.1706,77.56,9.644,95.9528,584.56,13623.896847294898,0.002,0
2026-10-06T09:50:59Z,0.131,19.1403,0.4219,1.8441,42.139,37.206317,7.1683,77.539,9.645,96.4403,586.86,13604.925838878593,0.002,0
2026-10-06T09:50:59Z,0.132,19.1398,0.4489,1.8077,42.14,37.206327,7.1713,77.503,9.647,96.3386,565.95,13605.312394194436,0.002,0
2026-10-06T09:50:59Z,0.132,19.1413,0.4328,1.8076,42.165,37.22942,7.1729,77.493,9.649,95.7552,536.86,13625.21118796694,0.003,0
2026-10-06T09:50:59Z,0.132,19.1427,0.3938,1.8079,42.167,37.231708,7.174,77.518,9.65,95.5815,531.94,13626.237432237618,0.005,0
2026-10-06T09:50:59Z,0.133,19.1429,0.3854,1.8795,42.168,37.233994,7.172,77.552,9.646,95.6155,572.06,13628.169232518385,0.006,0
2026-10-06T09:50:59Z,0.134,19.1421,0.4143,1.8875,42.192,37.257067,7.1665,77.57,9.636,95.4776,595.61,13649.810612322191,0.001,0
2026-10-06T09:50:59Z,0.139,19.1421,0.4348,1.802,42.189,37.256867,7.1651,77.563,9.625,95.3776,575.29,13649.628085231398,-0.012,0
2026-10-06T09:50:59Z,0.144,19.143,0.4098,1.7685,42.16,37.231582,7.1693,77.55,9.615,95.2662,571.12,13625.895157990524,-0.033,0
2026-10-06T09:50:59Z,0.141,19.1449,0.3603,1.7557,42.134,37.20516,7.1719,77.535,9.607,94.9913,607.22,13600.400223036144,-0.058,0
2026-10-06T09:50:59Z,0.122,19.1476,0.3527,1.8183,42.124,37.191221,7.1748,77.499,9.602,94.8065,597.37,13585.684805280856,-0.083,0
2026-10-06T09:50:59Z,0.089,19.1502,0.3766,1.842,42.132,37.189955,7.1718,77.453,9.6,94.8388,454.48,13582.5759296238,-0.099,0
2026-10-06T09:50:59Z,0.047,19.1513,0.3495,1.7347,42.141,37.189841,7.1707,77.423,9.599,94.8661,308.42,13581.645475394425,-0.102,0
2026-10-06T09:50:59Z,0.006,19.1484,0.2826,1.6822,42.148,37.189831,7.171,77.42,9.6,95.2228,282.15,13583.823641949914,-0.092,0
2026-10-06T09:50:59Z,-0.022,19.1407,0.2589,1.7546,42.152,37.189831,7.1678,77.421,9.6,95.8815,253.32,13589.629181751265,-0.072,0
2026-10-06T09:50:59Z,-0.03,19.1302,0.2794,1.8581,42.153,37.189832,7.1647,77.435,9.601,96.1191,198.69,13597.55025324129,-0.047,0
2026-10-06T09:50:59Z,-0.027,19.12,0.2895,1.8057,42.152,37.189841,7.162,77.479,9.602,96.0306,197.85,13605.257839266844,-0.024,0
2026-10-06T09:50:59Z,-0.024,19.1126,0.2725,1.6336,42.149,37.189945,7.1647,77.538,9.604,95.931,294.51,13610.942235037788,-0.006,0
2026-10-06T09:50:59Z,-0.023,19.108,0.2568,1.5878,42.148,37.191089,7.1651,77.617,9.605,96.2049,458.56,13615.461130080821,0.003,0
2026-10-06T09:50:59Z,-0.022,19.107,0.2581,1.696,42.16,37.203675,7.1646,77.681,9.605,96.8466,470,13627.692177973724,0.004,0
2026-10-06T09:50:59Z,-0.022,19.1092,0.2967,1.849,42.171,37.215213,7.1709,77.664,9.606,97.1507,364.9,13636.551371813337,0.002,0
2026-10-06T09:50:59Z,-0.022,19.1126,0.3404,1.8672,42.156,37.203686,7.1741,77.59,9.607,97.1289,364.79,13623.465953221898,0.002,0
2026-10-06T09:50:59Z,-0.021,19.1159,0.3285,1.7449,42.141,37.191213,7.1816,77.501,9.609,97.0131,351.44,13609.604140948422,0.001,0
2026-10-06T09:50:59Z,-0.021,19.118,0.3284,1.7355,42.139,37.191317,7.1923,77.395,9.612,96.7826,247.93,13608.112527585172,0.001,0
2026-10-06T09:50:59Z,-0.021,19.1191,0.3558,1.789,42.151,37.204944,7.1873,77.284,9.616,96.9242,212.84,13619.697591027701,0,0
2026-10-06T09:50:59Z,-0.021,19.1204,0.3591,1.8109,42.175,37.229068,7.179,77.229,9.619,97.4341,319.55,13640.710773267656,0,0
2026-10-06T09:50:59Z,-0.021,19.1222,0.3526,1.8284,42.173,37.22918,7.1709,77.258,9.623,97.6128,458.56,13639.450090956316,0.001,0
2026-10-06T09:50:59Z,-0.021,19.1249,0.336,1.7284,42.146,37.206305,7.1614,77.341,9.627,97.3645,475.74,13616.553752117848,0.002,0
2026-10-06T09:50:59Z,-0.02,19.1282,0.3406,1.6945,42.145,37.206314,7.1472,77.436,9.631,97.0125,434.44,13614.068220081124,0.004,0
2026-10-06T09:50:59Z,-0.02,19.1315,0.3752,1.8288,42.169,37.229294,7.1404,77.505,9.633,96.885,380.89,13632.515230043737,0.008,0
2026-10-06T09:50:59Z,-0.019,19.1338,0.3887,1.9175,42.167,37.230334,7.1451,77.56,9.635,97.0275,262.32,13631.723190348084,0.014,0
2026-10-06T09:50:59Z,-0.015,19.1351,0.3705,1.8784,42.151,37.218891,7.1529,77.628,9.637,97.2728,174.88,13620.311632341392,0.019,0
2026-10-06T09:50:59Z,-0.01,19.1364,0.3378,1.8001,42.147,37.21785,7.1642,77.684,9.639,97.4427,162.66,13618.380460095215,0.024,0
2026-10-06T09:50:59Z,-0.001,19.1383,0.3346,1.8248,42.143,37.217755,7.169,77.704,9.64,97.5323,205.89,13616.85775156464,0.026,0
2026-10-06T09:50:59Z,0.01,19.1415,0.3571,1.8361,42.14,37.217736,7.172,77.714,9.64,97.5827,283.42,13614.422199958502,0.026,0
2026-10-06T09:50:59Z,0.02,19.1452,0.368,1.7658,42.138,37.217631,7.1789,77.719,9.642,97.3637,291.41,13611.5314039166,0.023,0
2026-10-06T09:50:59Z,0.025,19.1489,0.3655,1.7256,42.135,37.216477,7.186,77.724,9.645,97.0348,225.2,13607.686854876973,0.018,0
2026-10-06T09:50:59Z,0.027,19.1526,0.3604,1.76,42.119,37.203796,7.1843,77.747,9.647,96.9614,185.03,13593.356494149437,0.013,0
2026-10-06T09:50:59Z,0.027,19.1554,0.3725,1.8746,42.104,37.19122,7.1857,77.759,9.65,97.1647,181.35,13579.811356206415,0.009,0
2026-10-06T09:50:59Z,0.028,19.1573,0.3706,1.8813,42.104,37.191325,7.1863,77.754,9.652,97.4279,184.59,13578.4756721651,0.009,0
2026-10-06T09:50:59Z,0.029,19.159,0.3545,1.773,42.118,37.205064,7.1835,77.717,9.654,97.1319,225.98,13589.684474858897,0.011,0
2026-10-06T09:50:59Z,0.032,19.1601,0.3444,1.7255,42.145,37.230426,7.1897,77.668,9.657,96.4254,360.39,13611.927600729581,0.015,0
2026-10-06T09:50:59Z,0.037,19.1603,0.3401,1.7522,42.158,37.244166,7.1883,77.644,9.658,96.1138,508.5,13624.285974920507,0.021,0
2026-10-06T09:50:59Z,0.043,19.161,0.3683,1.8563,42.155,37.24428,7.1897,77.62,9.659,96.2026,571.85,13623.860405399524,0.026,0
2026-10-06T09:50:59Z,0.049,19.1626,0.3695,1.8569,42.14,37.231808,7.1859,77.61,9.66,96.4661,621.34,13611.297084543905,0.031,0
2026-10-06T09:50:59Z,0.059,19.1649,0.3221,1.6914,42.125,37.22028,7.1767,77.619,9.662,96.7186,721.84,13599.072322655085,0.035,0
2026-10-06T09:50:59Z,0.07,19.1675,0.3027,1.5977,42.136,37.231809,7.1789,77.634,9.663,96.6746,786.94,13607.59820027128,0.038,0
2026-10-06T09:50:59Z,0.079,19.1701,0.3265,1.68,42.148,37.244289,7.1734,77.66,9.664,96.2782,702.45,13616.992264013312,0.04,0
2026-10-06T09:50:59Z,0.089,19.1725,0.3689,1.8669,42.147,37.244278,7.1724,77.679,9.665,95.8833,702.64,13615.169475394481,0.042,0
2026-10-06T09:50:59Z,0.101,19.1747,0.3738,1.9099,42.131,37.231683,7.1745,77.678,9.666,95.6868,863.09,13602.049838015355,0.046,0
2026-10-06T09:50:59Z,0.114,19.1766,0.3274,1.7558,42.116,37.218906,7.1737,77.652,9.666,95.6221,977.41,13589.000068677127,0.051,0
2026-10-06T09:50:59Z,0.124,19.1782,0.2987,1.6774,42.113,37.216705,7.1779,77.606,9.666,95.8758,948.72,13585.79399599728,0.056,0
2026-10-06T09:50:59Z,0.136,19.1796,0.3186,1.7479,42.099,37.205063,7.1791,77.578,9.666,96.2597,713.63,13574.163035954693,0.06,0
2026-10-06T09:50:59Z,0.155,19.1807,0.3588,1.8232,42.099,37.205053,7.1792,77.574,9.666,96.3055,530.55,13573.325145286639,0.062,0
2026-10-06T09:50:59Z,0.176,19.1814,0.3608,1.8023,42.111,37.21659,7.1773,77.574,9.667,96.1717,479.55,13583.276730643272,0.061,0
2026-10-06T09:50:59Z,0.195,19.1824,0.3262,1.7334,42.112,37.217649,7.1702,77.57,9.668,96.2766,432.98,13583.484885340498,0.06,0
2026-10-06T09:50:59Z,0.21,19.1831,0.3321,1.7428,42.112,37.21785,7.1677,77.572,9.67,96.6266,445.02,13583.139634374651,0.056,0
2026-10-06T09:50:59Z,0.22,19.1832,0.3734,1.813,42.113,37.219022,7.1689,77.605,9.67,97.135,479.83,13584.128799374785,0.049,0
2026-10-06T09:50:59Z,0.229,19.1834,0.3926,1.7968,42.128,37.231817,7.1682,77.643,9.669,97.6907,474.47,13595.605755810002,0.041,0
2026-10-06T09:50:59Z,0.241,19.1835,0.3734,1.7169,42.144,37.245652,7.1683,77.634,9.669,98.012,466.36,13608.109765373458,0.034,0
2026-10-06T09:50:59Z,0.252,19.1838,0.3413,1.7014,42.16,37.259382,7.1666,77.609,9.67,98.0082,471.69,13620.374406020785,0.027,0
2026-10-06T09:50:59Z,0.259,19.1841,0.353,1.7456,42.174,37.270919,7.1702,77.601,9.671,97.817,482.46,13630.6493647368,0.021,0
2026-10-06T09:50:59Z,0.261,19.184,0.3908,1.8079,42.159,37.258236,7.1779,77.592,9.674,98.0225,488.06,13619.180138304173,0.015,0
2026-10-06T09:50:59Z,0.262,19.1837,0.3993,1.8053,42.129,37.232951,7.1739,77.577,9.678,98.7725,449.88,13596.408857733853,0.009,0
2026-10-06T09:50:59Z,0.263,19.1833,0.3714,1.7144,42.113,37.219012,7.1702,77.572,9.682,99.141,449.98,13584.042430479441,0.006,0
2026-10-06T09:50:59Z,0.263,19.1832,0.3285,1.6646,42.111,37.21661,7.1714,77.581,9.686,98.8648,490.3,13581.935518883107,0.006,0
2026-10-06T09:50:59Z,0.263,19.1837,0.3051,1.6815,42.096,37.20391,7.1701,77.601,9.689,98.6165,485.72,13570.025021884923,0.01,0
2026-10-06T09:50:59Z,0.265,19.184,0.3042,1.6796,42.083,37.192363,7.1685,77.639,9.691,98.6341,463.1,13559.317976430213,0.016,0
2026-10-06T09:50:59Z,0.269,19.1845,0.3179,1.6423,42.097,37.203909,7.1673,77.678,9.692,99.0767,460.26,13569.422039313342,0.022,0
2026-10-06T09:50:59Z,0.276,19.1848,0.3302,1.6058,42.111,37.2166,7.169,77.69,9.694,99.9247,481.3,13580.721115951192,0.03,0
2026-10-06T09:50:59Z,0.286,19.1849,0.3188,1.6824,42.114,37.218898,7.1697,77.692,9.696,100.4552,509.54,13582.732895934887,0.037,0
2026-10-06T09:50:59Z,0.297,19.1844,0.3219,1.8513,42.129,37.231693,7.174,77.702,9.697,100.5876,514.61,13594.736140899444,0.042,0
2026-10-06T09:50:59Z,0.31,19.1838,0.3419,1.8378,42.144,37.244393,7.1797,77.717,9.698,100.7508,462.96,13606.73530138712,0.045,0
2026-10-06T09:50:59Z,0.324,19.184,0.3452,1.6549,42.146,37.245537,7.1789,77.719,9.7,101.0515,410.47,13607.624103482058,0.045,0
2026-10-06T09:50:59Z,0.336,19.1844,0.3449,1.5879,42.146,37.245529,7.179,77.699,9.701,101.3844,400.54,13607.314480221417,0.045,0
2026-10-06T09:50:59Z,0.345,19.1838,0.3471,1.6756,42.146,37.244289,7.1797,77.672,9.702,101.592,392.76,13606.639064677078,0.043,0
2026-10-06T09:50:59Z,0.355,19.1829,0.363,1.7938,42.132,37.230551,7.1819,77.638,9.704,101.7548,369.29,13594.826110202992,0.039,0
2026-10-06T09:50:59Z,0.367,19.1822,0.3713,1.8217,42.107,37.206324,7.1834,77.591,9.706,101.8048,354.86,13573.34099388617,0.035,0
2026-10-06T09:50:59Z,0.378,19.1811,0.3477,1.7402,42.107,37.20518,7.1799,77.54,9.708,101.8515,366.79,13573.129301491697,0.031,0
2026-10-06T09:50:59Z,0.385,19.1799,0.3355,1.6616,42.121,37.216716,7.1784,77.491,9.71,101.976,408.12,13584.511631171528,0.029,0
2026-10-06T09:50:59Z,0.389,19.1784,0.3737,1.6907,42.124,37.2189,7.1755,77.46,9.711,102.0195,436.53,13587.62615053356,0.027,0
2026-10-06T09:50:59Z,0.393,19.1763,0.4265,1.819,42.139,37.23158,7.1711,77.463,9.712,102.2906,415.04,13600.73626265401,0.026,0
2026-10-06T09:50:59Z,0.399,19.1747,0.4236,1.8466,42.152,37.243126,7.1663,77.481,9.714,102.8459,409.72,13612.446185893315,0.027,0
2026-10-06T09:50:59Z,0.407,19.1735,0.3731,1.7861,42.14,37.23159,7.1619,77.501,9.715,103.3134,436.18,13602.856698392954,0.028,0
2026-10-06T09:50:59Z,0.416,19.1725,0.3318,1.7701,42.126,37.219014,7.1577,77.538,9.715,103.2966,433.19,13592.174631098984,0.031,0
2026-10-06T09:50:59Z,0.424,19.1721,0.3315,1.7556,42.125,37.217974,7.1595,77.575,9.716,102.9863,379.7,13591.53029090873,0.033,0
2026-10-06T09:50:59Z,0.432,19.172,0.3615,1.8161,42.126,37.219014,7.1619,77.594,9.718,103.0034,350.02,13592.550826873674,0.035,0
2026-10-06T09:50:59Z,0.441,19.1717,0.3611,1.8181,42.139,37.231591,7.1621,77.585,9.719,103.3313,363.09,13604.213985534585,0.035,0
2026-10-06T09:50:59Z,0.451,19.1713,0.3354,1.7461,42.15,37.243127,7.1671,77.547,9.721,103.681,357.2,13615.011738671787,0.035,0
2026-10-06T09:50:59Z,0.461,19.171,0.3509,1.833,42.136,37.231589,7.171,77.505,9.722,103.9626,349.8,13604.739430561885,0.036,0
2026-10-06T09:50:59Z,0.47,19.1713,0.3814,1.9467,42.122,37.219003,7.1727,77.478,9.722,103.9828,360.35,13593.066698995433,0.038,0
2026-10-06T09:50:59Z,0.478,19.1729,0.3877,1.9588,42.12,37.21785,7.1724,77.458,9.722,103.7522,367.38,13590.81222965135,0.039,0
2026-10-06T09:50:59Z,0.487,19.1743,0.3774,1.878,42.12,37.217652,7.1672,77.455,9.723,103.7559,359.17,13589.576853077859,0.041,0
2026-10-06T09:50:59Z,0.498,19.1751,0.365,1.789,42.119,37.216603,7.1621,77.48,9.724,103.941,340.96,13588.020018336021,0.042,0
2026-10-06T09:50:59Z,0.511,19.1756,0.3794,1.8386,42.106,37.205168,7.1612,77.521,9.724,104.0983,340.43,13577.252322943259,0.044,0
2026-10-06T09:50:59Z,0.524,19.1758,0.401,1.9321,42.107,37.206313,7.158,77.556,9.725,104.4532,345.88,13578.141311983474,0.045,0
2026-10-06T09:50:59Z,0.535,19.1762,0.3855,1.8607,42.135,37.230437,7.1572,77.561,9.727,104.6192,335.39,13599.76584904568,0.045,0
2026-10-06T09:50:59Z,0.546,19.1766,0.3495,1.6919,42.15,37.243023,7.1603,77.531,9.728,104.3847,333.18,13610.91166614376,0.044,0
2026-10-06T09:50:59Z,0.558,19.1764,0.3487,1.7017,42.136,37.231582,7.1646,77.504,9.728,104.2846,323.99,13600.655238876652,0.043,0
2026-10-06T09:50:59Z,0.569,19.1753,0.3759,1.8427,42.121,37.219013,7.1691,77.499,9.729,104.2694,303.15,13590.056521967568,0.042,0
2026-10-06T09:50:59Z,0.579,19.1742,0.3703,1.8252,42.12,37.217964,7.1701,77.491,9.73,104.2001,294.19,13589.93159888278,0.041,0
2026-10-06T09:50:59Z,0.589,19.1743,0.3402,1.6953,42.122,37.2189,7.1656,77.471,9.733,104.48,288.73,13590.706646940496,0.04,0
2026-10-06T09:50:59Z,0.599,19.1754,0.3287,1.6386,42.137,37.230333,7.1618,77.466,9.735,105.0721,285.73,13600.271673956096,0.039,0
2026-10-06T09:50:59Z,0.609,19.1768,0.3475,1.6859,42.137,37.229293,7.1627,77.495,9.735,105.4228,290,13598.269785106759,0.039,0
2026-10-06T09:50:59Z,0.618,19.177,0.3753,1.8237,42.112,37.206323,7.1626,77.54,9.734,105.4513,288.8,13577.242885805255,0.038,0
2026-10-06T09:50:59Z,0.628,19.1756,0.3651,1.8691,42.113,37.206418,7.1594,77.573,9.734,105.4154,275.03,13578.382704553742,0.034,0
2026-10-06T09:50:59Z,0.639,19.1737,0.3321,1.7563,42.142,37.230437,7.1582,77.577,9.734,105.677,268.39,13601.64671470938,0.029,0
2026-10-06T09:50:59Z,0.648,19.1716,0.3266,1.6559,42.157,37.242919,7.1625,77.569,9.735,106.2915,275.13,13614.586975575718,0.024,0
2026-10-06T09:50:59Z,0.653,19.1699,0.3481,1.6796,42.143,37.230428,7.1674,77.565,9.738,106.65,276.85,13604.504576639018,0.019,0
2026-10-06T09:50:59Z,0.655,19.1688,0.3752,1.8039,42.116,37.206315,7.1718,77.555,9.74,106.5701,275.81,13583.408970898234,0.014,0
2026-10-06T09:50:59Z,0.655,19.1681,0.3719,1.8263,42.115,37.205181,7.1715,77.543,9.74,106.3577,277.17,13582.905667652823,0.01,0
2026-10-06T09:50:59Z,0.656,19.1675,0.3329,1.7448,42.127,37.216719,7.1692,77.536,9.741,106.3193,271.18,13593.846360535032,0.008,0
2026-10-06T09:50:59Z,0.659,19.1671,0.3117,1.7069,42.13,37.218911,7.1709,77.545,9.744,106.7088,264.46,13596.14108972502,0.008,0
2026-10-06T09:50:59Z,0.661,19.1667,0.3317,1.7449,42.145,37.231686,7.1687,77.578,9.746,107.3669,267.34,13608.06356755928,0.008,0
2026-10-06T09:50:59Z,0.664,19.1665,0.3668,1.7944,42.159,37.244272,7.1676,77.595,9.748,107.7369,270.38,13619.669611573638,0.008,0
2026-10-06T09:50:59Z,0.666,19.1666,0.3693,1.7239,42.159,37.244178,7.1675,77.58,9.749,107.655,260.14,13619.508355543709,0.008,0
2026-10-06T09:50:59Z,0.668,19.1667,0.337,1.679,42.143,37.230552,7.166,77.56,9.752,107.4965,246.77,13607.03143954819,0.009,0
2026-10-06T09:50:59Z,0.669,19.1666,0.3175,1.7975,42.115,37.206429,7.1726,77.558,9.754,107.4549,238.93,13585.169321403364,0.011,0
2026-10-06T09:50:59Z,0.67,19.1665,0.3337,1.9276,42.115,37.206325,7.1739,77.57,9.755,107.4958,231.55,13585.150087589529,0.015,0
2026-10-06T09:50:59Z,0.674,19.1665,0.3667,1.8854,42.142,37.229295,7.1715,77.578,9.755,107.732,226.63,13606.038515931015,0.019,0
2026-10-06T09:50:59Z,0.679,19.1669,0.3673,1.7314,42.145,37.230335,7.1687,77.572,9.755,108.0737,221.99,13606.682608719097,0.022,0
2026-10-06T09:50:59Z,0.688,19.1676,0.3574,1.7398,42.134,37.218902,7.1684,77.543,9.756,108.2721,215.47,13595.754651243491,0.024,0
2026-10-06T09:50:59Z,0.697,19.168,0.3804,1.8841,42.135,37.217957,7.1708,77.503,9.759,108.1516,210.33,13594.593229532235,0.025,0
2026-10-06T09:50:59Z,0.704,19.1669,0.4037,1.9728,42.137,37.218912,7.1709,77.472,9.762,107.6498,209.53,13596.290748214222,0.025,0
2026-10-06T09:50:59Z,0.708,19.1647,0.4054,1.9243,42.151,37.23045,7.1725,77.464,9.764,107.1103,212.26,13608.446316430765,0.024,0
2026-10-06T09:50:59Z,0.712,19.1627,0.3844,1.7763,42.152,37.230554,7.1682,77.46,9.765,106.9621,216.41,13610.050520998688,0.024,0
2026-10-06T09:50:59Z,0.717,19.1609,0.3659,1.7545,42.141,37.220171,7.1654,77.446,9.766,107.2351,224.25,13601.961024921384,0.024,0
2026-10-06T09:50:59Z,0.724,19.1595,0.3815,1.865,42.155,37.231812,7.1609,77.447,9.766,107.4849,228.95,13613.611034548312,0.025,0
2026-10-06T09:50:59Z,0.732,19.1585,0.3994,1.9175,42.17,37.244397,7.1616,77.472,9.766,107.3157,224.35,13625.825497367181,0.027,0
2026-10-06T09:50:59Z,0.739,19.1575,0.3743,1.8417,42.171,37.245429,7.1629,77.53,9.766,106.9956,223.18,13627.521171968063,0.03,0
2026-10-06T09:50:59Z,0.747,19.1566,0.3272,1.701,42.17,37.244286,7.159,77.582,9.766,107.0561,227.94,13627.160053119962,0.032,0
2026-10-06T09:50:59Z,0.754,19.1557,0.3298,1.7193,42.155,37.230574,7.1607,77.594,9.766,107.3591,238.98,13615.352542611216,0.032,0
2026-10-06T09:50:59Z,0.762,19.1551,0.372,1.8579,42.129,37.206546,7.161,77.594,9.767,107.4762,246.4,13593.939637246249,0.031,0
2026-10-06T09:50:59Z,0.772,19.1548,0.3719,1.8395,42.131,37.207577,7.1686,77.593,9.767,107.4395,238.55,13595.10318626235,0.03,0
2026-10-06T09:50:59Z,0.782,19.1547,0.336,1.7019,42.171,37.243038,7.1757,77.584,9.768,107.517,232.21,13627.457932717003,0.03,0
2026-10-06T09:50:59Z,0.789,19.1543,0.3218,1.6285,42.185,37.254576,7.1743,77.575,9.769,107.6387,227.64,13638.273634429648,0.031,0
2026-10-06T09:50:59Z,0.794,19.1535,0.3413,1.7044,42.146,37.220173,7.1743,77.559,9.769,107.6203,227.26,13607.54396571985,0.031,0
2026-10-06T09:50:59Z,0.799,19.1528,0.3715,1.8679,42.132,37.207804,7.1753,77.547,9.768,107.639,229.43,13596.816939557113,0.031,0
2026-10-06T09:50:59Z,0.809,19.1524,0.3631,1.8626,42.16,37.231937,7.1734,77.566,9.768,107.7798,224.33,13619.084077037985,0.032,0
2026-10-06T09:50:59Z,0.82,19.1522,0.3226,1.6748,42.19,37.258141,7.1733,77.589,9.769,108.031,222.77,13643.11121318205,0.034,0
2026-10-06T09:50:59Z,0.829,19.1519,0.3058,1.5785,42.205,37.270813,7.1723,77.573,9.77,108.353,223.81,13654.894147322504,0.034,0
2026-10-06T09:50:59Z,0.837,19.1517,0.3267,1.6895,42.191,37.258244,7.1685,77.527,9.77,108.5755,221.08,13643.582961531858,0.033,0
2026-10-06T09:50:59Z,0.846,19.1516,0.3582,1.821,42.163,37.233082,7.1721,77.474,9.77,108.5708,215.71,13620.72963453533,0.03,0
2026-10-06T09:50:59Z,0.854,19.1511,0.3551,1.7672,42.149,37.220402,7.1765,77.423,9.771,108.3827,210.2,13609.561493240702,0.026,0
2026-10-06T09:50:59Z,0.861,19.1503,0.3393,1.7225,42.161,37.231836,7.1741,77.394,9.772,108.2797,207.62,13620.576549277748,0.023,0
2026-10-06T09:50:59Z,0.866,19.1496,0.3415,1.8273,42.176,37.244412,7.1688,77.404,9.775,108.2712,211.88,13632.562671331632,0.021,0
2026-10-06T09:50:59Z,0.87,19.1494,0.3476,1.9071,42.178,37.245555,7.1644,77.418,9.778,108.1086,217.43,13633.75541190367,0.021,0
2026-10-06T09:50:59Z,0.873,19.1496,0.3632,1.8335,42.178,37.245659,7.1585,77.422,9.78,108.0339,212.97,13633.698811065067,0.025,0
2026-10-06T09:50:59Z,0.877,19.1494,0.3558,1.6881,42.178,37.245659,7.1548,77.45,9.78,108.2293,205.27,13633.849962925693,0.032,0
2026-10-06T09:50:59Z,0.883,19.1489,0.3252,1.6875,42.178,37.245556,7.1576,77.487,9.78,108.406,204.54,13634.134095239348,0.041,0
2026-10-06T09:50:59Z,0.894,19.1486,0.3337,1.826,42.178,37.244411,7.1604,77.511,9.78,108.4499,207.78,13633.317154544911,0.047,0
2026-10-06T09:50:59Z,0.913,19.1483,0.3677,1.928,42.163,37.231825,7.1575,77.534,9.779,108.4154,205.44,13622.075693612363,0.049,0
2026-10-06T09:50:59Z,0.935,19.148,0.3615,1.8612,42.15,37.220288,7.1617,77.544,9.778,108.4194,195.27,13611.794694678007,0.049,0
2026-10-06T09:50:59Z,0.95,19.1478,0.3257,1.7008,42.165,37.231826,7.167,77.534,9.778,108.4114,187.79,13622.452622457258,0.044,0
2026-10-06T09:50:59Z,0.956,19.1473,0.3094,1.6294,42.18,37.244411,7.1666,77.51,9.778,108.3189,186.09,13634.297580013503,0.035,0
2026-10-06T09:50:59Z,0.96,19.1468,0.33,1.7149,42.182,37.245556,7.1714,77.481,9.78,108.3342,184.33,13635.71923783242,0.026,0
2026-10-06T09:50:59Z,0.964,19.1465,0.375,1.8805,42.182,37.24566,7.1712,77.466,9.782,108.5095,182.85,13636.040785570776,0.021,0
2026-10-06T09:50:59Z,0.966,19.1459,0.3787,1.8891,42.182,37.245661,7.1706,77.477,9.782,108.6317,181.95,13636.495631335258,0.021,0
2026-10-06T09:50:59Z,0.97,19.1449,0.3341,1.751,42.182,37.245567,7.1683,77.507,9.781,108.6922,180.01,13637.166528718828,0.021,0
2026-10-06T09:50:59Z,0.978,19.1444,0.327,1.7135,42.182,37.244527,7.165,77.539,9.78,108.8113,178.41,13636.596415244941,0.021,0
2026-10-06T09:50:59Z,0.988,19.1444,0.3674,1.8125,42.17,37.233085,7.1629,77.56,9.779,108.8682,176.9,13626.168192573023,0.02,0
2026-10-06T09:50:59Z,0.994,19.1438,0.3895,1.8882,42.172,37.234134,7.1643,77.557,9.781,108.8635,175.78,13627.577404094913,0.017,0
2026-10-06T09:50:59Z,0.997,19.1427,0.3694,1.8437,42.198,37.257208,7.1686,77.54,9.784,109.012,177.13,13649.445875422536,0.014,0
2026-10-06T09:50:59Z,0.998,19.1417,0.3327,1.7864,42.198,37.258257,7.1708,77.5,9.784,109.2881,178.12,13651.160222481469,0.009,0
2026-10-06T09:50:59Z,0.999,19.1411,0.329,1.8447,42.184,37.246815,7.1748,77.428,9.785,109.4486,176.47,13641.17901238793,0.005,0
2026-10-06T09:50:59Z,1,19.141,0.3665,1.8996,42.183,37.245775,7.1728,77.361,9.787,109.4028,175.34,13640.306370050304,0.003,0
2026-10-06T09:50:59Z,1,19.1415,0.3698,1.8003,42.182,37.24568,7.1719,77.319,9.788,109.165,175.29,13639.841246469667,0.003,0
2026-10-06T09:50:59Z,1.001,19.1422,0.3277,1.6696,42.182,37.245662,7.1695,77.305,9.789,108.8963,174.11,13639.295019617004,0.004,0
2026-10-06T09:50:59Z,1.001,19.143,0.3151,1.7198,42.182,37.245557,7.1601,77.322,9.791,108.8205,172.75,13638.593777218994,0.008,0
2026-10-06T09:50:59Z,1.001,19.1436,0.3418,1.8949,42.181,37.244412,7.1537,77.344,9.793,108.8515,173.09,13637.095881318688,0.013,0
2026-10-06T09:50:59Z,1.003,19.1438,0.3756,1.942,42.167,37.231826,7.1498,77.343,9.794,108.9265,173.82,13625.47412038343,0.017,0
2026-10-06T09:50:59Z,1.008,19.144,0.3749,1.8105,42.154,37.22029,7.148,77.331,9.794,109.0399,173.08,13614.81475350945,0.019,0
2026-10-06T09:50:59Z,1.018,19.1438,0.3334,1.6721,42.169,37.231837,7.1506,77.33,9.793,109.0182,171.04,13625.483362402114,0.02,0
2026-10-06T09:50:59Z,1.028,19.1436,0.30620000000000003,1.6695,42.184,37.244528,7.1543,77.346,9.793,109.0075,168.69,13637.200296740268,0.019,0
2026-10-06T09:50:59Z,1.032,19.1433,0.3206,1.7792,42.186,37.246825,7.1529,77.374,9.793,109.2549,166.98,13639.521390372895,0.017,0
2026-10-06T09:50:59Z,1.034,19.1427,0.3403,1.8031,42.201,37.25962,7.1514,77.398,9.795,109.4288,166.95,13651.644488455631,0.013,0
2026-10-06T09:50:59Z,1.035,19.142,0.3285,1.6851,42.215,37.27231,7.1513,77.43,9.796,109.3888,166.42,13663.754654619328,0.01,0
2026-10-06T09:50:59Z,1.037,19.1414,0.311,1.6158,42.216,37.27335,7.1524,77.471,9.796,109.2875,163.9,13665.158874386017,0.009,0
2026-10-06T09:50:59Z,1.038,19.1408,0.3032,1.6487,42.214,37.272196,7.1571,77.51,9.797,109.065,162.12,13664.560429941468,0.009,0
2026-10-06T09:50:59Z,1.04,19.1405,0.3176,1.7407,42.199,37.258361,7.1576,77.536,9.798,109.0208,161.16,13652.16241437337,0.009,0
2026-10-06T09:50:59Z,1.044,19.1409,0.3443,1.7712,42.171,37.23298,7.1608,77.538,9.798,109.2703,160.14,13628.716570328184,0.009,0
2026-10-06T09:50:59Z,1.048,19.1411,0.3338,1.6767,42.156,37.219135,7.165,77.525,9.798,109.4998,159.55,13615.951758683657,0.008,0
2026-10-06T09:50:59Z,1.049,19.1411,0.3326,1.6911,42.156,37.217868,7.1689,77.53,9.799,109.6458,160.19,13614.797886421715,0.006,0
2026-10-06T09:50:59Z,1.05,19.141,0.3551,1.8416,42.156,37.217658,7.172,77.546,9.8,109.6581,161.91,13614.682133745018,0.004,0
2026-10-06T09:50:59Z,1.05,19.1404,0.3559,1.9252,42.156,37.216599,7.1722,77.536,9.801,109.5622,163.86,13614.170946135306,0.002,0
2026-10-06T09:50:59Z,1.05,19.1397,0.3509,1.8826,42.142,37.205062,7.1696,77.537,9.801,109.6054,164.42,13604.195001432297,0,0
2026-10-06T09:50:59Z,1.05,19.1387,0.3444,1.7708,42.142,37.205071,7.1693,77.56,9.803,109.6639,162.57,13604.958077557352,-0.001,0
2026-10-06T09:50:59Z,1.05,19.1377,0.3607,1.7693,42.156,37.216703,7.1749,77.55,9.804,109.4948,160.89,13616.305526328271,-0.002,0
2026-10-06T09:50:59Z,1.05,19.1371,0.3982,1.8984,42.161,37.218802,7.1706,77.508,9.804,109.2818,159.77,13618.67092924712,-0.002,0
2026-10-06T09:50:59Z,1.05,19.1372,0.4057,1.9651,42.176,37.230444,7.1698,77.467,9.803,109.2388,159.61,13629.203334320118,-0.001,0
2026-10-06T09:50:59Z,1.048,19.1376,0.3768,1.8928,42.177,37.230557,7.1758,77.434,9.801,109.2339,161.74,13629.003929788663,0,0
2026-10-06T09:50:59Z,1.046,19.1366,0.3404,1.7413,42.166,37.220175,7.1742,77.417,9.801,109.1365,163.3,13620.299910670105,0.004,0
2026-10-06T09:50:59Z,1.048,19.1339,0.3404,1.7389,42.18,37.231818,7.1686,77.43,9.8,109.094,160.66,13632.952290607558,0.011,0
2026-10-06T09:50:59Z,1.051,19.1317,0.3682,1.8302,42.194,37.244413,7.1659,77.466,9.799,109.0642,157.18,13646.103379101112,0.019,0
2026-10-06T09:50:59Z,1.054,19.131,0.3853,1.8197,42.194,37.245558,7.1627,77.504,9.797,109.2927,156,13647.678145749978,0.026,0
2026-10-06T09:50:59Z,1.063,19.1307,0.3722,1.7836,42.193,37.245662,7.1602,77.536,9.797,109.8775,152.48,13647.999955214857,0.031,0
2026-10-06T09:50:59Z,1.078,19.1298,0.3514,1.7691,42.191,37.245671,7.1617,77.552,9.798,110.0261,147.87,13648.68902625142,0.033,0
2026-10-06T09:50:59Z,1.091,19.1296,0.3665,1.8501,42.189,37.245672,7.1664,77.552,9.799,109.713,146.69,13648.840761893907,0.034,0
2026-10-06T09:50:59Z,1.097,19.1309,0.381,1.8738,42.189,37.245672,7.1697,77.562,9.799,109.5325,146.08,13647.855877846821,0.036,0
2026-10-06T09:50:59Z,1.102,19.1331,0.3765,1.8171,42.188,37.245671,7.1721,77.562,9.799,109.6505,144.26,13646.188381596507,0.036,0
2026-10-06T09:50:59Z,1.108,19.1355,0.3621,1.813,42.187,37.245663,7.1749,77.516,9.799,110.0218,142.66,13644.36337133481,0.034,0
2026-10-06T09:50:59Z,1.118,19.1366,0.34,1.7898,42.186,37.245568,7.1717,77.462,9.8,110.3217,140.64,13643.443389616625,0.033,0
2026-10-06T09:50:59Z,1.133,19.1369,0.3496,1.8444,42.185,37.244528,7.1739,77.434,9.801,110.3514,138.02,13642.266898358623,0.034,0
2026-10-06T09:50:59Z,1.143,19.1376,0.3789,1.8584,42.171,37.233086,7.1768,77.424,9.801,110.2952,135.79,13631.304658487737,0.034,0
2026-10-06T09:50:59Z,1.148,19.1386,0.3784,1.7196,42.171,37.234133,7.1691,77.413,9.802,110.3304,134.72,13631.502487519705,0.033,0
2026-10-06T09:50:59Z,1.154,19.1397,0.3513,1.6353,42.196,37.257198,7.1633,77.403,9.804,110.3461,134.53,13651.702389125157,0.03,0
2026-10-06T09:50:59Z,1.163,19.1404,0.3503,1.6924,42.196,37.258143,7.1606,77.395,9.804,110.3135,134.19,13652.033685609651,0.028,0
2026-10-06T09:50:59Z,1.171,19.1411,0.3754,1.8295,42.181,37.245556,7.1612,77.408,9.804,110.3669,133.09,13640.023185785807,0.027,0
2026-10-06T09:50:59Z,1.177,19.142,0.3715,1.8581,42.165,37.231929,7.1593,77.448,9.805,110.4753,130.91,13626.921084939924,0.027,0
2026-10-06T09:50:59Z,1.184,19.1432,0.3375,1.7315,42.151,37.220288,7.1583,77.468,9.807,110.6772,128.94,13615.409347268595,0.027,0
2026-10-06T09:50:59Z,1.191,19.1444,0.313,1.631,42.164,37.231713,7.1572,77.457,9.808,110.6573,128.58,13624.90901862364,0.028,0
2026-10-06T09:50:59Z,1.196,19.1452,0.3251,1.6676,42.177,37.243155,7.1561,77.452,9.808,110.2352,128.15,13634.730726754693,0.029,0
2026-10-06T09:50:59Z,1.202,19.146,0.3596,1.799,42.163,37.231723,7.1638,77.48,9.808,109.9617,125.83,13623.708237511397,0.029,0
2026-10-06T09:50:59Z,1.212,19.1464,0.3634,1.8185,42.15,37.220403,7.1654,77.517,9.81,110.017,123.17,13613.095585580835,0.029,0
2026-10-06T09:50:59Z,1.222,19.1467,0.3374,1.6646,42.164,37.233188,7.1626,77.519,9.812,110.3022,122.42,13624.51265826388,0.029,0
2026-10-06T09:50:59Z,1.228,19.1473,0.3374,1.6465,42.193,37.259402,7.1611,77.513,9.812,110.7431,122.2,13647.95258599154,0.029,0
2026-10-06T09:50:59Z,1.233,19.1479,0.3715,1.8042,42.221,37.283534,7.1636,77.53,9.813,110.8734,120.44,13669.516705018134,0.028,0
2026-10-06T09:50:59Z,1.24,19.1482,0.392,1.8632,42.207,37.271146,7.1708,77.544,9.815,110.5006,118.59,13657.98311064389,0.026,0
2026-10-06T09:50:59Z,1.248,19.1485,0.368,1.8128,42.168,37.236536,7.1685,77.549,9.815,110.1933,117.39,13626.200925738498,0.026,0
2026-10-06T09:50:59Z,1.255,19.1487,0.3307,1.7424,42.179,37.245785,7.1658,77.54,9.816,110.2554,116.24,13634.47724919698,0.027,0
2026-10-06T09:50:59Z,1.26,19.1486,0.3331,1.7631,42.191,37.256074,7.1703,77.514,9.816,110.3913,115.42,13643.932146136513,0.027,0
2026-10-06T09:50:59Z,1.265,19.1483,0.3472,1.8242,42.166,37.234031,7.1706,77.489,9.818,110.5456,114.14,13624.069356379818,0.027,0
2026-10-06T09:50:59Z,1.275,19.1477,0.3431,1.7632,42.165,37.233076,7.1717,77.476,9.82,110.7451,112.52,13623.652418199332,0.027,0
2026-10-06T09:50:59Z,1.284,19.1473,0.35,1.6747,42.179,37.244526,7.1714,77.466,9.82,110.7378,111.81,13634.387470391492,0.027,0
2026-10-06T09:50:59Z,1.289,19.1471,0.348,1.6424,42.181,37.245567,7.1679,77.458,9.821,110.5433,111.88,13635.487502355447,0.027,0
2026-10-06T09:50:59Z,1.293,19.1468,0.3519,1.7141,42.181,37.245652,7.1651,77.46,9.823,110.3724,111.55,13635.791862736962,0.027,0
2026-10-06T09:50:59Z,1.3,19.1464,0.3632,1.7906,42.181,37.245557,7.1647,77.472,9.825,110.3063,109.65,13636.007545922776,0.027,0
2026-10-06T09:50:59Z,1.309,19.1459,0.3525,1.7133,42.18,37.244413,7.1638,77.484,9.825,110.6046,107.4,13635.342586142533,0.028,0
2026-10-06T09:50:59Z,1.317,19.1453,0.3384,1.6332,42.166,37.231828,7.1628,77.487,9.826,111.0535,106.21,13624.327767833896,0.03,0
2026-10-06T09:50:59Z,1.323,19.1449,0.3177,1.6755,42.153,37.220301,7.163,77.489,9.828,111.0875,105.33,13614.130697392551,0.031,0
2026-10-06T09:50:59Z,1.331,19.1447,0.327,1.7817,42.167,37.231942,7.1643,77.466,9.829,110.9301,104.26,13624.884660974974,0.031,0
2026-10-06T09:50:59Z,1.341,19.1445,0.3585,1.7897,42.182,37.245672,7.1667,77.424,9.829,110.8709,103.29,13637.548078467647,0.032,0
2026-10-06T09:50:59Z,1.349,19.1444,0.3662,1.6701,42.197,37.259402,7.165,77.391,9.83,111.0599,102.49,13650.143516801934,0.036,0
2026-10-06T09:50:59Z,1.354,19.1444,0.3612,1.5996,42.21,37.271043,7.1676,77.353,9.831,111.4093,101.49,13660.764268163934,0.041,0
2026-10-06T09:50:59Z,1.363,19.1445,0.3564,1.688,42.196,37.259516,7.1654,77.328,9.83,111.4814,100.04,13650.17129571625,0.047,0
2026-10-06T09:50:59Z,1.377,19.1444,0.3663,1.851,42.181,37.24694,7.1584,77.335,9.829,111.5014,98.271,13638.778243979197,0.054,0
2026-10-06T09:50:59Z,1.394,19.1447,0.3567,1.8621,42.18,37.245892,7.1583,77.355,9.829,111.6509,96.432,13637.594990866142,0.06,0
2026-10-06T09:50:59Z,1.411,19.1454,0.3233,1.7196,42.18,37.246837,7.1529,77.367,9.829,111.7401,94.319,13637.925967204219,0.064,0
2026-10-06T09:50:59Z,1.43,19.146,0.3126,1.6318,42.194,37.258374,7.1495,77.382,9.829,111.7204,92.137,13647.990536032325,0.064,0
2026-10-06T09:50:59Z,1.45,19.1464,0.3352,1.7223,42.194,37.258478,7.1512,77.41,9.829,111.6704,90.294,13647.78145160175,0.059,0
2026-10-06T09:50:59Z,1.467,19.147,0.3718,1.8924,42.182,37.248094,7.154,77.429,9.83,111.7375,88.883,13637.85850103769,0.051,0
2026-10-06T09:50:59Z,1.478,19.1474,0.3719,1.8784,42.195,37.259727,7.1545,77.444,9.832,111.9299,87.91,13648.162043265724,0.041,0
2026-10-06T09:50:59Z,1.485,19.1474,0.337,1.7231,42.21,37.272217,7.1546,77.452,9.833,112.1044,87.603,13659.555540974137,0.031,0
2026-10-06T09:50:59Z,1.49,19.1473,0.3159,1.6546,42.21,37.272208,7.1595,77.445,9.833,111.8676,87.762,13659.622941892923,0.023,0
2026-10-06T09:50:59Z,1.493,19.1473,0.3327,1.7326,42.195,37.259621,7.16,77.446,9.834,111.3906,87.715,13648.140458891603,0.017,0
2026-10-06T09:50:59Z,1.495,19.1472,0.3733,1.8807,42.18,37.24694,7.1616,77.457,9.835,111.327,87.353,13636.654093479323,0.013,0
2026-10-06T09:50:59Z,1.499,19.147,0.3744,1.8746,42.179,37.245788,7.1635,77.441,9.835,111.615,86.833,13635.755138272474,0.01,0
2026-10-06T09:50:59Z,1.503,19.147,0.3295,1.7953,42.18,37.245683,7.1611,77.414,9.836,111.8611,86.538,13635.659203037301,0.008,0
2026-10-06T09:50:59Z,1.504,19.1471,0.3217,1.8776,42.18,37.245673,7.1608,77.422,9.837,111.8939,86.743,13635.574429724544,0.006,0
2026-10-06T09:50:59Z,1.505,19.1473,0.3629,1.9818,42.18,37.245672,7.1646,77.45,9.837,111.7527,87.121,13635.42215700809,0.005,0
2026-10-06T09:50:59Z,1.505,19.147,0.3868,1.9965,42.179,37.245673,7.1621,77.461,9.839,111.6159,87.128,13635.650042318017,0.003,0
2026-10-06T09:50:59Z,1.505,19.1464,0.369,1.9181,42.179,37.245682,7.1569,77.458,9.84,111.6173,87.045,13636.11220881378,0.002,0
2026-10-06T09:50:59Z,1.506,19.1464,0.3485,1.8201,42.179,37.245786,7.1588,77.46,9.841,111.5975,87.232,13636.206960345251,0.002,0
2026-10-06T09:50:59Z,1.508,19.1465,0.3633,1.8701,42.181,37.246931,7.1632,77.461,9.843,111.4625,87.286,13637.174910922844,0.003,0
2026-10-06T09:50:59Z,1.508,19.1469,0.3897,1.9421,42.196,37.259517,7.164,77.461,9.846,111.4479,87.223,13648.3478475084,0.006,0
2026-10-06T09:50:59Z,1.508,19.1474,0.3931,1.8369,42.211,37.271054,7.1621,77.472,9.848,111.5932,87.204,13658.493388417271,0.009,0
2026-10-06T09:50:59Z,1.509,19.1471,0.3707,1.6579,42.2,37.259517,7.1632,77.485,9.848,111.6707,86.978,13648.196337624438,0.013,0
2026-10-06T09:50:59Z,1.513,19.1464,0.36,1.6563,42.186,37.246931,7.1636,77.494,9.849,111.6104,86.24,13637.250441691855,0.018,0
2026-10-06T09:50:59Z,1.52,19.145,0.3802,1.817,42.185,37.245777,7.1627,77.494,9.849,111.6388,85.211,13637.257538865402,0.024,0
2026-10-06T09:50:59Z,1.528,19.143,0.3736,1.824,42.185,37.245569,7.1648,77.485,9.849,111.8423,84.552,13638.580926436392,0.029,0
2026-10-06T09:50:59Z,1.535,19.142,0.3311,1.6734,42.185,37.244415,7.1664,77.494,9.848,112.1775,83.956,13638.285364089646,0.033,0
2026-10-06T09:50:59Z,1.543,19.1419,0.3067,1.6019,42.171,37.231829,7.1669,77.52,9.848,112.4225,82.627,13626.889236342126,0.035,0
2026-10-06T09:50:59Z,1.555,19.1412,0.3201,1.6425,42.158,37.220302,7.1682,77.536,9.849,112.3951,81.271,13616.91643387794,0.036,0
2026-10-06T09:50:59Z,1.566,19.1402,0.3342,1.6861,42.173,37.231944,7.1653,77.539,9.849,112.3629,80.536,13628.278322474402,0.039,0
2026-10-06T09:50:59Z,1.574,19.1393,0.3189,1.651,42.19,37.245674,7.1665,77.535,9.849,112.2909,79.866,13641.47522657654,0.042,0
2026-10-06T09:50:59Z,1.582,19.1392,0.3109,1.6276,42.205,37.259404,7.1709,77.546,9.85,112.2125,78.901,13654.074555852216,0.044,0
2026-10-06T09:50:59Z,1.594,19.139,0.3202,1.6429,42.218,37.271045,7.1712,77.569,9.85,112.4476,77.382,13664.849812313843,0.045,0
2026-10-06T09:50:59Z,1.609,19.1375,0.3405,1.699,42.203,37.259517,7.1726,77.559,9.85,112.7243,75.906,13655.464552468811,0.048,0
2026-10-06T09:50:59Z,1.622,19.1361,0.3812,1.8268,42.188,37.246932,7.1709,77.522,9.85,112.7195,75.132,13645.043128891126,0.049,0
2026-10-06T09:50:59Z,1.633,19.1362,0.3887,1.8555,42.186,37.245788,7.1716,77.49,9.852,112.6471,74.104,13643.923710602146,0.048,0
2026-10-06T09:50:59Z,1.647,19.1373,0.3476,1.7385,42.185,37.245684,7.1765,77.458,9.854,112.7097,72.656,13642.995240052123,0.045,0
2026-10-06T09:50:59Z,1.661,19.1382,0.3162,1.6431,42.184,37.245674,7.1747,77.418,9.854,112.7015,71.895,13642.30398742506,0.041,0
2026-10-06T09:50:59Z,1.669,19.1389,0.3261,1.6922,42.183,37.245673,7.1694,77.387,9.854,112.5479,71.529,13641.772855500587,0.039,0
2026-10-06T09:50:59Z,1.676,19.14,0.367,1.8197,42.182,37.245674,7.1668,77.37,9.854,112.5731,70.65,13640.940823758825,0.038,0
2026-10-06T09:50:59Z,1.685,19.1413,0.378,1.8183,42.181,37.245683,7.1646,77.354,9.854,112.8342,69.655,13639.964541834875,0.038,0
2026-10-06T09:50:59Z,1.694,19.1424,0.3425,1.7095,42.181,37.245787,7.1594,77.35,9.854,112.9526,68.925,13639.226336174183,0.039,0
2026-10-06T09:50:59Z,1.704,19.1434,0.3128,1.7007,42.181,37.246931,7.1559,77.373,9.854,112.714,68.049,13639.512124810217,0.042,0
2026-10-06T09:50:59Z,1.716,19.1445,0.3271,1.8139,42.196,37.259508,7.1556,77.406,9.855,112.4436,66.978,13650.148006860685,0.046,0
2026-10-06T09:50:59Z,1.728,19.1455,0.3737,1.8819,42.21,37.270951,7.1533,77.437,9.856,112.3507,66.048,13659.829592712613,0.05,0
2026-10-06T09:50:59Z,1.74,19.146,0.3764,1.8063,42.196,37.258373,7.1514,77.46,9.857,112.2786,65.094,13647.975656136425,0.052,0
2026-10-06T09:50:59Z,1.755,19.1463,0.3514,1.7874,42.169,37.234345,7.1552,77.447,9.858,112.347,63.668,13625.845271314665,0.054,0
2026-10-06T09:50:59Z,1.772,19.1461,0.3712,1.9271,42.169,37.23425,7.1585,77.41,9.858,112.5753,62.269,13625.909098430962,0.056,0
2026-10-06T09:50:59Z,1.786,19.1455,0.3989,1.9917,42.195,37.25722,7.1608,77.386,9.859,112.5436,61.4,13647.300596775876,0.056,0
2026-10-06T09:50:59Z,1.799,19.1445,0.4033,1.9202,42.196,37.258251,7.1654,77.375,9.859,112.222,60.335,13648.997842922661,0.055,0
2026-10-06T09:50:59Z,1.814,19.144,0.3831,1.7803,42.182,37.246714,7.1634,77.369,9.859,112.128,58.984,13638.855225807387,0.053,0
2026-10-06T09:50:59Z,1.83,19.1444,0.3626,1.7008,42.179,37.244634,7.1578,77.374,9.859,112.3531,58.105,13636.65547059099,0.052,0
2026-10-06T09:50:59Z,1.841,19.145,0.38,1.7785,42.166,37.233107,7.1561,77.374,9.86,112.5354,57.508,13625.69623456891,0.05,0
2026-10-06T09:50:59Z,1.851,19.1454,0.4024,1.8658,42.167,37.234251,7.1557,77.371,9.86,112.6112,56.505,13626.435805130117,0.046,0
2026-10-06T09:50:59Z,1.865,19.1457,0.4006,1.8679,42.194,37.25847,7.1538,77.391,9.859,112.6677,55.335,13648.28562340676,0.04,0
2026-10-06T09:50:59Z,1.879,19.1462,0.3745,1.8034,42.21,37.272115,7.1557,77.415,9.858,112.7021,54.751,13660.35422684815,0.032,0
2026-10-06T09:50:59Z,1.887,19.1463,0.3612,1.8031,42.21,37.272314,7.156,77.43,9.859,112.8547,54.647,13660.459743005775,0.025,0
2026-10-06T09:50:59Z,1.89,19.1463,0.3821,1.8991,42.196,37.260881,7.1532,77.449,9.86,113.0506,54.529,13650.029137724578,0.017,0
2026-10-06T09:50:59Z,1.891,19.1465,0.3772,1.872,42.196,37.260796,7.1571,77.459,9.86,113.092,54.479,13649.800079318393,0.01,0
2026-10-06T09:50:59Z,1.891,19.1466,0.3433,1.7138,42.208,37.271285,7.1599,77.437,9.861,113.2688,54.559,13659.293275912236,0.005,0
2026-10-06T09:50:59Z,1.891,19.1467,0.3219,1.6254,42.196,37.260787,7.1597,77.397,9.862,113.6397,54.552,13649.640388848647,0.002,0
2026-10-06T09:50:59Z,1.892,19.1468,0.3263,1.6921,42.196,37.260778,7.1622,77.367,9.862,113.7902,54.416,13649.556394265981,0.002,0
2026-10-06T09:50:59Z,1.892,19.1469,0.3629,1.8375,42.208,37.27118,7.1646,77.353,9.862,113.7122,54.315,13658.970034350925,0.002,0
2026-10-06T09:50:59Z,1.893,19.1469,0.3736,1.8459,42.195,37.259644,7.1614,77.352,9.863,113.6437,54.323,13648.446351979937,0.002,0
2026-10-06T09:50:59Z,1.893,19.147,0.331,1.6909,42.183,37.248202,7.1569,77.372,9.865,113.6494,54.333,13637.937801251786,0.003,0
2026-10-06T09:50:59Z,1.893,19.1473,0.3052,1.6021,42.197,37.259748,7.1536,77.407,9.867,113.7816,54.32,13648.23822633108,0.006,0
2026-10-06T09:50:59Z,1.894,19.1471,0.3283,1.6951,42.212,37.272336,7.1531,77.449,9.869,113.9507,54.3,13659.87317811055,0.011,0
2026-10-06T09:50:59Z,1.895,19.1469,0.3697,1.7914,42.215,37.273489,7.1524,77.518,9.869,113.9735,54.174,13661.076880243882,0.017,0
2026-10-06T09:50:59Z,1.898,19.1465,0.3726,1.7417,42.215,37.273687,7.154,77.578,9.87,113.8858,53.732,13661.560754684117,0.022,0
2026-10-06T09:50:59Z,1.907,19.1456,0.3458,1.7423,42.217,37.274736,7.1594,77.592,9.871,113.8362,52.868,13663.200020487673,0.026,0
2026-10-06T09:50:59Z,1.92,19.1445,0.3373,1.7996,42.231,37.28617,7.1603,77.57,9.873,113.8901,51.979,13674.471993252258,0.029,0
2026-10-06T09:50:59Z,1.931,19.1432,0.3451,1.8186,42.231,37.285017,7.1695,77.53,9.873,114.0212,51.511,13674.405128961633,0.03,0
2026-10-06T09:50:59Z,1.936,19.1422,0.365,1.8361,42.206,37.260799,7.177,77.491,9.873,114.1312,51.258,13653.058151685083,0.027,0
2026-10-06T09:50:59Z,1.941,19.1418,0.3617,1.7715,42.192,37.247164,7.1769,77.455,9.873,114.1881,50.836,13640.92491609508,0.022,0
2026-10-06T09:50:59Z,1.946,19.1409,0.33,1.7557,42.193,37.247059,7.175,77.417,9.874,114.279,50.432,13641.510135020011,0.017,0
2026-10-06T09:50:59Z,1.95,19.1391,0.3155,1.7814,42.208,37.259531,7.1702,77.39,9.875,114.2829,50.276,13654.249478196753,0.013,0
2026-10-06T09:50:59Z,1.953,19.1371,0.3358,1.7744,42.223,37.271057,7.1675,77.384,9.876,114.1496,50.245,13666.285510589107,0.01,0
2026-10-06T09:50:59Z,1.955,19.1362,0.3672,1.8075,42.212,37.259511,7.1644,77.394,9.876,114.1296,50.157,13656.428843140913,0.007,0
2026-10-06T09:50:59Z,1.955,19.1352,0.3625,1.7724,42.197,37.246831,7.1608,77.433,9.877,114.2992,50.007,13645.61767835751,0.005,0
2026-10-06T09:50:59Z,1.956,19.1326,0.3363,1.7937,42.194,37.244646,7.1573,77.473,9.878,114.5655,49.955,13645.593585139672,0.003,0
2026-10-06T09:50:59Z,1.957,19.1303,0.3416,1.9283,42.179,37.233099,7.1588,77.477,9.878,114.7684,49.954,13636.803555035633,0.002,0
2026-10-06T09:50:59Z,1.957,19.1292,0.3776,1.9652,42.179,37.234139,7.158,77.466,9.879,114.6875,49.948,13638.58457259928,0.001,0
2026-10-06T09:50:59Z,1.957,19.1294,0.3891,1.8645,42.205,37.257212,7.1628,77.448,9.881,114.5335,50.001,13659.48520750012,0.001,0
2026-10-06T09:50:59Z,1.957,19.1309,0.3633,1.7351,42.205,37.258261,7.1693,77.438,9.881,114.6274,50.031,13659.30550875175,0.001,0
2026-10-06T09:50:59Z,1.957,19.1325,0.3573,1.7666,42.191,37.246819,7.1663,77.456,9.881,114.7054,49.983,13647.651588512912,0.001,0
2026-10-06T09:50:59Z,1.957,19.1336,0.3832,1.9036,42.19,37.245778,7.1661,77.475,9.883,114.6158,49.896,13645.868799877038,0.001,0
2026-10-06T09:50:59Z,1.958,19.1344,0.4013,1.924,42.191,37.245673,7.1639,77.471,9.884,114.576,49.788,13645.167118831501,0.001,0
2026-10-06T09:50:59Z,1.958,19.1351,0.3843,1.8425,42.194,37.245552000000004,7.161,77.479,9.885,114.6545,49.714,13644.526614370232,0.001,0
2026-10-06T09:50:59Z,1.958,19.136,0.345,1.7719,42.197,37.244303,7.1643,77.512,9.887,114.7042,49.656,13642.706029842126,0.001,0
2026-10-06T09:50:59Z,1.959,19.1364,0.3423,1.8219,42.187,37.230573,7.1678,77.538,9.888,114.6605,49.606,13629.88518244488,0.001,0
2026-10-06T09:50:59Z,1.959,19.1348,0.3761,1.9345,42.164,37.206449,7.1649,77.539,9.889,114.556,49.581,13609.116587065908,0,0
2026-10-06T09:50:59Z,1.959,19.1315,0.3792,1.8695,42.167,37.206439,7.1657,77.528,9.891,114.302,49.544,13611.599948830191,-0.003,0
2026-10-06T09:50:59Z,1.959,19.1263,0.3472,1.6847,42.196,37.230449,7.1714,77.516,9.891,114.1702,49.524,13637.4144604933,-0.012,0
2026-10-06T09:50:59Z,1.959,19.1201,0.3211,1.6467,42.212,37.24292,7.1752,77.486,9.889,114.253,49.524,13653.489103475438,-0.029,0
2026-10-06T09:50:59Z,1.956,19.1155,0.3296,1.7867,42.198,37.230324,7.1755,77.443,9.887,114.0127,50.019,13645.478711568048,-0.057,0
2026-10-06T09:50:59Z,1.946,19.1134,0.367,1.9419,42.17,37.205056,7.1735,77.425,9.886,113.674,51.612,13624.021107657527,-0.088,0
2026-10-06T09:50:59Z,1.923,19.1119,0.3738,1.9176,42.155,37.191231,7.1745,77.435,9.882,113.7713,54.304,13612.55509960337,-0.112,0
2026-10-06T09:50:59Z,1.881,19.1099,0.337,1.7666,42.154,37.190077,7.1718,77.456,9.874,114.1569,58.274,13613.016657431304,-0.126,0
2026-10-06T09:50:59Z,1.823,19.1098,0.3138,1.6875,42.156,37.191097,7.1654,77.466,9.864,114.5506,62.658,13614.02490565416,-0.137,0
2026-10-06T09:50:59Z,1.773,19.1098,0.3345,1.747,42.171,37.203569,7.1646,77.461,9.858,114.6596,64.714,13625.397061377224,-0.152,0
2026-10-06T09:50:59Z,1.753,19.1077,0.3708,1.8369,42.183,37.213971,7.1658,77.464,9.854,114.5286,64.613,13636.474078414087,-0.172,0
2026-10-06T09:50:59Z,1.741,19.1071,0.3705,1.7839,42.155,37.189951,7.1689,77.486,9.853,114.4295,66.849,13615.024155983805,-0.196,0
2026-10-06T09:50:59Z,1.7,19.1073,0.3556,1.7547,42.129,37.166973,7.1704,77.518,9.853,114.4075,73.738,13593.942068203993,-0.219,0
2026-10-06T09:50:59Z,1.622,19.1057,0.3488,1.8599,42.156,37.189961,7.1686,77.553,9.853,114.4344,83.642,13616.097214967287,-0.242,0
2026-10-06T09:50:59Z,1.527,19.1053,0.3375,1.9288,42.183,37.214085,7.1686,77.584,9.853,114.4965,94.072,13638.40565445569,-0.266,0
2026-10-06T09:50:59Z,1.441,19.106,0.3355,1.8702,42.171,37.204837,7.1714,77.604,9.852,114.6425,102.59,13629.443180686158,-0.283,0
2026-10-06T09:50:59Z,1.377,19.1055,0.3245,1.7327,42.169,37.205054,7.1742,77.619,9.85,114.7361,109.07,13630.022102307474,-0.29,0
2026-10-06T09:50:59Z,1.323,19.1051,0.3296,1.7351,42.18,37.216714,7.178,77.641,9.848,114.6824,117,13640.964886629466,-0.29,0
2026-10-06T09:50:59Z,1.257,19.1059,0.3486,1.8647,42.179,37.218918,7.1812,77.689,9.847,114.3375,129.02,13642.37315260365,-0.296,0
2026-10-06T09:50:59Z,1.175,19.1077,0.3459,1.9334,42.189,37.231703,7.1818,77.747,9.847,113.6631,142.98,13652.683651072104,-0.316,0
2026-10-06T09:50:59Z,1.089,19.1096,0.338,1.8824,42.199,37.244403,7.1835,77.779,9.848,113.2387,157.93,13662.844689585902,-0.345,0
2026-10-06T09:50:59Z,1.003,19.1121,0.3191,1.727,42.196,37.245566,7.1837,77.777,9.85,113.3362,177.68,13662.013955451068,-0.367,0
2026-10-06T09:50:59Z,0.903,19.1161,0.3258,1.6943,42.192,37.245773,7.1881,77.747,9.851,113.5507,199.75,13659.173541654789,-0.372,0
2026-10-06T09:50:59Z,0.788,19.121,0.3689,1.7595,42.19,37.246917,7.1949,77.711,9.852,113.5101,224.31,13656.508456531395,-0.359,0
2026-10-06T09:50:59Z,0.678,19.1255,0.3991,1.7637,42.2,37.259399,7.1964,77.671,9.853,113.1901,247.02,13664.49771887435,-0.329,0
2026-10-06T09:50:59Z,0.592,19.1298,0.3913,1.7794,42.206,37.269791,7.1962,77.631,9.854,112.7788,259.87,13670.729431251591,-0.283,0
2026-10-06T09:50:59Z,0.53,19.1338,0.3501,1.7448,42.173,37.245667,7.1914,77.626,9.852,112.6662,270.06,13645.680549910665,-0.223,0
2026-10-06T09:50:59Z,0.484,19.1374,0.3166,1.6866,42.141,37.221543,7.1875,77.632,9.849,112.8615,278.9,13620.966987273554,-0.159,0
2026-10-06T09:50:59Z,0.455,19.142,0.328,1.6909,42.149,37.231936,7.1845,77.635,9.847,112.9039,283.65,13626.960330775879,-0.102,0
2026-10-06T09:50:59Z,0.445,19.1479,0.3706,1.7628,42.16,37.244418,7.1759,77.648,9.847,112.8342,293.93,13633.873208012259,-0.059,0
2026-10-06T09:50:59Z,0.445,19.1539,0.3744,1.8039,42.159,37.245552000000004,7.1778,77.637,9.848,112.8791,315.67,13630.36832744939,-0.028,0
2026-10-06T09:50:59Z,0.447,19.159,0.332,1.7091,42.156,37.245655,7.1781,77.6,9.849,112.8441,316.9,13626.606277244951,-0.008,0
2026-10-06T09:50:59Z,0.448,19.1628,0.3241,1.7106,42.154,37.245664,7.1752,77.582,9.849,112.6699,290.88,13623.742358195024,0.002,0
2026-10-06T09:50:59Z,0.45,19.1657,0.3533,1.7877,42.152,37.245665,7.1795,77.586,9.849,112.5801,294.12,13621.551833643458,0.005,0
2026-10-06T09:50:59Z,0.452,19.1683,0.3528,1.7195,42.15,37.245665,7.1777,77.588,9.849,112.6189,311.91,13619.587577962695,0.005,0
2026-10-06T09:50:59Z,0.453,19.171,0.3267,1.6713,42.149,37.245664,7.1714,77.587,9.85,112.8797,293.13,13617.547313379564,0.005,0
2026-10-06T09:50:59Z,0.454,19.1734,0.3211,1.7516,42.148,37.245664,7.1694,77.571,9.85,113.4097,269.73,13615.734806097189,0.004,0
2026-10-06T09:50:59Z,0.455,19.1754,0.3422,1.8711,42.147,37.245663,7.1715,77.559,9.85,113.7802,268.32,13614.223751047128,0.004,0
2026-10-06T09:50:59Z,0.456,19.1773,0.3742,1.8859,42.147,37.245653,7.17,77.585,9.85,113.6595,273.09,13612.780220243218,0.003,0
2026-10-06T09:50:59Z,0.456,19.1789,0.3752,1.7594,42.147,37.245539,7.1711,77.612,9.851,113.326,305.17,13611.468757472698,0.003,0
2026-10-06T09:50:59Z,0.457,19.18,0.3381,1.6398,42.145,37.24429,7.1693,77.618,9.853,113.5346,339.4,13609.50224669939,0.002,0
2026-10-06T09:50:59Z,0.457,19.1807,0.3248,1.6697,42.129,37.23055,7.1644,77.636,9.855,114.203,327.78,13596.4790186863,-0.002,0
2026-10-06T09:50:59Z,0.458,19.181,0.3561,1.813,42.101,37.206323,7.1705,77.669,9.856,114.352,314.05,13574.239102291347,-0.009,0
2026-10-06T09:50:59Z,0.459,19.1812,0.3911,1.8357,42.099,37.205178,7.1736,77.692,9.857,113.9589,317.78,13573.048662605855,-0.018,0
2026-10-06T09:50:59Z,0.456,19.1815,0.3818,1.7046,42.113,37.216706,7.1715,77.689,9.859,113.6659,340.56,13583.294221469385,-0.028,0
2026-10-06T09:50:59Z,0.446,19.1818,0.3433,1.6278,42.115,37.218795,7.174,77.686,9.861,113.6495,353.86,13584.966711352077,-0.035,0
2026-10-06T09:50:59Z,0.431,19.1824,0.3348,1.6943,42.129,37.230436,7.1772,77.671,9.862,113.7607,329.7,13595.094940005076,-0.038,0
2026-10-06T09:50:59Z,0.413,19.1828,0.3613,1.8256,42.13,37.230549,7.1813,77.649,9.864,113.9768,325.3,13594.897151009482,-0.037,0
2026-10-06T09:50:59Z,0.401,19.1823,0.3723,1.8484,42.119,37.220167000000004,7.1781,77.663,9.866,114.2836,343.85,13585.83901769868,-0.031,0
2026-10-06T09:50:59Z,0.396,19.1822,0.3428,1.7303,42.133,37.231809,7.1793,77.7,9.867,114.4595,365.12,13596.495498230806,-0.021,0
2026-10-06T09:50:59Z,0.394,19.1821,0.3299,1.7301,42.147,37.244404,7.1791,77.719,9.868,114.3827,387.58,13608.024112099827,-0.011,0
2026-10-06T09:50:59Z,0.394,19.1814,0.3582,1.8802,42.148,37.245549,7.173,77.714,9.869,114.0428,377.9,13609.593895347442,-0.001,0
2026-10-06T09:50:59Z,0.397,19.1801,0.3848,1.974,42.149,37.245653,7.1765,77.712,9.87,113.7063,362.9,13610.669417592533,0.004,0
2026-10-06T09:50:59Z,0.4,19.179,0.3758,1.9073,42.15,37.245663,7.1812,77.706,9.871,113.6697,372.71,13611.508568218922,0.006,0
2026-10-06T09:50:59Z,0.402,19.1791,0.3417,1.7223,42.152,37.245665,7.1841,77.687,9.874,113.7715,368.76,13611.434863087503,0.006,0
2026-10-06T09:50:59Z,0.403,19.1794,0.339,1.685,42.153,37.245665,7.1809,77.677,9.876,113.9049,409,13611.20838398958,0.005,0
2026-10-06T09:50:59Z,0.404,19.1791,0.3688,1.8319,42.153,37.245665,7.182,77.666,9.876,113.8198,467.01,13611.43477140275,0.003,0
2026-10-06T09:50:59Z,0.404,19.1779,0.3855,1.8929,42.153,37.245665,7.1827,77.643,9.877,113.5166,417.35,13612.340509090956,0.002,0
2026-10-06T09:50:59Z,0.404,19.1761,0.3735,1.8069,42.152,37.245666,7.1784,77.628,9.879,113.5948,373.96,13613.700291740555,0.001,0
2026-10-06T09:50:59Z,0.404,19.1749,0.341,1.7153,42.151,37.245675,7.1796,77.632,9.88,113.9055,409.07,13614.614467511443,0.001,0
2026-10-06T09:50:59Z,0.404,19.1743,0.3329,1.7414,42.151,37.245778,7.179,77.642,9.881,114.0025,413.29,13615.161225398106,0.001,0
2026-10-06T09:50:59Z,0.404,19.1741,0.351,1.7804,42.151,37.246913,7.1757,77.657,9.883,113.9935,375.18,13616.345130783871,0.002,0
2026-10-06T09:50:59Z,0.405,19.1748,0.3599,1.7437,42.166,37.259394,7.1737,77.663,9.886,113.7971,353.71,13627.17798152091,0.002,0
2026-10-06T09:50:59Z,0.406,19.1765,0.3578,1.7414,42.177,37.269788,7.1746,77.621,9.889,113.4355,354.36,13635.358544761071,0.002,0
2026-10-06T09:50:59Z,0.406,19.1774,0.3417,1.7182,42.149,37.245664,7.1754,77.546,9.891,113.2346,370.46,13612.716941180406,0.001,0
2026-10-06T09:50:59Z,0.406,19.1778,0.3478,1.7027,42.121,37.221541,7.1764,77.481,9.892,113.1741,402.55,13590.477692700097,0,0
2026-10-06T09:50:59Z,0.407,19.1779,0.3653,1.7245,42.132,37.231934,7.18,77.439,9.893,113.2216,429.55,13599.850870246579,-0.001,0
2026-10-06T09:50:59Z,0.407,19.178,0.3625,1.7095,42.146,37.244416,7.1748,77.415,9.894,113.4642,427.98,13611.128565054507,-0.001,0
2026-10-06T09:50:59Z,0.406,19.1787,0.3556,1.6914,42.147,37.24555,7.1654,77.409,9.896,113.6982,411.76,13611.631924984173,-0.001,0
2026-10-06T09:50:59Z,0.405,19.1792,0.3477,1.7104,42.147,37.245653,7.1599,77.413,9.897,113.7278,408.51,13611.34832986176,-0.001,0
2026-10-06T09:50:59Z,0.404,19.1795,0.3677,1.8036,42.148,37.245663,7.1557,77.431,9.898,113.7359,452.44,13611.131041985742,-0.001,0
2026-10-06T09:50:59Z,0.405,19.1803,0.3729,1.793,42.149,37.245664,7.1538,77.479,9.899,113.7101,491.95,13610.528113126169,-0.001,0
2026-10-06T09:50:59Z,0.405,19.1808,0.3352,1.6503,42.15,37.245664,7.1528,77.538,9.899,113.4153,433.9,13610.1507608747,-0.004,0
2026-10-06T09:50:59Z,0.405,19.1805,0.3112,1.6493,42.15,37.245663,7.1543,77.6,9.899,113.1833,393.08,13610.376260828227,-0.011,0
2026-10-06T09:50:59Z,0.405,19.1797,0.3242,1.7806,42.151,37.245654,7.1537,77.665,9.899,113.2278,416.83,13610.971856789283,-0.023,0
2026-10-06T09:50:59Z,0.402,19.1787,0.3673,1.8724,42.151,37.245549,7.1601,77.699,9.901,113.1796,402.92,13611.631152709204,-0.039,0
2026-10-06T09:50:59Z,0.394,19.1777,0.3757,1.8367,42.149,37.244395,7.1664,77.719,9.903,112.8591,381.09,13611.336308640119,-0.054,0
2026-10-06T09:50:59Z,0.375,19.1774,0.3338,1.725,42.133,37.231705,7.1698,77.718,9.903,112.5356,395.86,13600.020938851312,-0.064,0
2026-10-06T09:50:59Z,0.347,19.1768,0.3098,1.6828,42.118,37.219024,7.1807,77.703,9.904,112.5381,417.81,13588.946219846363,-0.064,0
2026-10-06T09:50:59Z,0.318,19.1765,0.3346,1.7359,42.116,37.217975,7.18,77.738,9.905,112.7164,468.83,13588.220368684442,-0.054,0
2026-10-06T09:50:59Z,0.298,19.1772,0.3841,1.8544,42.116,37.219023,7.1834,77.793,9.904,112.7989,556.31,13588.646429466666,-0.037,0
2026-10-06T09:50:59Z,0.295,19.1785,0.3924,1.8858,42.128,37.231704,7.1851,77.818,9.901,112.6754,564.49,13599.194443371169,-0.021,0
2026-10-06T09:50:59Z,0.303,19.1802,0.3515,1.8093,42.14,37.244393,7.1766,77.836,9.899,112.3404,482.91,13609.451979414984,-0.015,0
2026-10-06T09:50:59Z,0.315,19.1809,0.3392,1.8176,42.14,37.245537,7.1837,77.846,9.898,112.0189,448.42,13609.963841003542,-0.026,0
2026-10-06T09:50:59Z,0.323,19.1818,0.3682,1.8841,42.139,37.245537,7.191,77.831,9.897,111.8862,470.85,13609.28391981009,-0.048,0
2026-10-06T09:50:59Z,0.313,19.1837,0.3865,1.9301,42.137,37.244402,7.1903,77.812,9.894,111.9406,494.75,13606.818199420435,-0.064,0
2026-10-06T09:50:59Z,0.275,19.1858,0.378,1.8947,42.122,37.231817,7.1925,77.802,9.89,112.0735,500.75,13593.794149469764,-0.068,0
2026-10-06T09:50:59Z,0.22,19.1875,0.3562,1.8321,42.109,37.22028,7.1944,77.774,9.885,112.2024,479.27,13582.033781289403,-0.059,0
2026-10-06T09:50:59Z,0.186,19.189,0.3561,1.89,42.122,37.231817,7.1914,77.721,9.88,112.2947,494.03,13591.38806068093,-0.039,0
2026-10-06T09:50:59Z,0.196,19.1903,0.3851,1.9455,42.135,37.244402,7.1884,77.666,9.876,112.3288,565.6,13601.845976863655,-0.01,0
2026-10-06T09:50:59Z,0.225,19.1904,0.3996,1.8549,42.133,37.245536,7.1894,77.621,9.874,112.3565,583.88,13602.799775451895,0.02,0
2026-10-06T09:50:59Z,0.246,19.1902,0.3806,1.7159,42.13,37.245526,7.1871,77.6,9.874,112.3717,529.71,13602.940734866535,0.041,0
2026-10-06T09:50:59Z,0.258,19.1905,0.3551,1.734,42.125,37.244287,7.1807,77.594,9.875,112.3416,512.24,13601.587539521923,0.046,0
2026-10-06T09:50:59Z,0.266,19.1916,0.3577,1.8688,42.106,37.230558,7.1755,77.569,9.876,112.2503,573.05,13588.280579895265,0.037,0
2026-10-06T09:50:59Z,0.271,19.1947,0.3797,1.8768,42.076,37.206434,7.1704,77.549,9.878,112.1273,642.18,13564.0427263114,0.025,0
2026-10-06T09:50:59Z,0.275,19.1992,0.3789,1.7636,42.075,37.206434,7.1672,77.581,9.88,112.1456,614.88,13560.659887136693,0.018,0
2026-10-06T09:50:59Z,0.278,19.2029,0.3484,1.6961,42.101,37.230558,7.1689,77.637,9.882,112.2131,565.27,13579.771522548028,0.013,0
2026-10-06T09:50:59Z,0.28,19.206,0.3274,1.7781,42.116,37.244297,7.1652,77.691,9.884,112.1695,533.2,13589.914242649318,0.01,0
2026-10-06T09:50:59Z,0.282,19.2085,0.3488,1.9343,42.116,37.245648,7.1592,77.745,9.887,112.1335,466.87,13589.258306445283,0.008,0
2026-10-06T09:50:59Z,0.284,19.21,0.3659,1.9105,42.116,37.246895,7.165,77.787,9.89,112.1226,455.58,13589.261031615873,0.006,0
2026-10-06T09:50:59Z,0.286,19.2112,0.3505,1.73,42.129,37.259378,7.1706,77.822,9.892,112.1237,470.26,13599.696639225433,0.004,0
2026-10-06T09:50:59Z,0.286,19.2126,0.3389,1.63,42.139,37.269667,7.1743,77.828,9.892,112.1471,476.36,13607.99159165523,0.003,0
2026-10-06T09:50:59Z,0.286,19.2141,0.3337,1.6924,42.109,37.244391,7.1807,77.782,9.893,112.1478,519.4,13583.90017518139,0.002,0
2026-10-06T09:50:59Z,0.286,19.2154,0.3447,1.8352,42.066,37.207586,7.1832,77.735,9.894,112.2184,510.93,13549.534936265127,0.001,0
2026-10-06T09:50:59Z,0.286,19.2168,0.3472,1.8542,42.063,37.205392,7.1871,77.722,9.897,112.3979,444.87,13546.495505846195,0.001,0
2026-10-06T09:50:59Z,0.287,19.2184,0.3152,1.7171,42.078,37.217865,7.1897,77.734,9.9,112.4255,422.8,13556.600379181438,0.001,0
2026-10-06T09:50:59Z,0.287,19.2197,0.299,1.6119,42.093,37.231481,7.1819,77.767,9.902,112.2083,480.01,13567.971605712368,0.001,0
2026-10-06T09:50:59Z,0.288,19.2203,0.3175,1.675,42.107,37.243114,7.1759,77.799,9.903,112.0086,536.86,13578.075168692634,0.001,0
2026-10-06T09:50:59Z,0.288,19.2204,0.3472,1.8316,42.094,37.231605,7.1767,77.818,9.904,111.9899,500.28,13567.55781430785,0.001,0
2026-10-06T09:50:59Z,0.288,19.2203,0.3578,1.8315,42.08,37.219238,7.1767,77.835,9.905,112.1537,457.55,13556.418035802146,0.001,0
2026-10-06T09:50:59Z,0.288,19.2202,0.3386,1.6734,42.081,37.220496,7.181,77.855,9.906,112.3547,462.27,13557.63374114001,0.001,0
2026-10-06T09:50:59Z,0.288,19.2198,0.3313,1.628,42.111,37.246813,7.1848,77.878,9.907,112.1823,448.79,13581.808584196418,0,0
2026-10-06T09:50:59Z,0.288,19.2197,0.3695,1.761,42.153,37.283618,7.1855,77.904,9.909,111.7903,457.33,13615.317473751085,1.2733e-11,0
2026-10-06T09:50:59Z,0.288,19.2199,0.418,1.8808,42.154,37.284772,7.1873,77.914,9.911,111.7452,493.43,13616.215692250547,1.4007e-10,0
2026-10-06T09:50:59Z,0.288,19.22,0.4178,1.8125,42.126,37.260762,7.1891,77.895,9.912,111.8951,477.2,13594.323011101986,1.5407e-9,0
2026-10-06T09:50:59Z,0.288,19.2201,0.3834,1.6527,42.11,37.247145,7.1907,77.868,9.914,112.0545,426.64,13581.884166623402,1.6948e-8,0
2026-10-06T09:50:59Z,0.288,19.22,0.3851,1.6567,42.11,37.247041,7.1942,77.837,9.915,112.2092,400.74,13581.86502386795,1.8643e-7,0
2026-10-06T09:50:59Z,0.288,19.2199,0.4215,1.7925,42.123,37.259504,7.1959,77.802,9.917,112.1322,421.71,13593.25578626226,1.8643e-7,0
2026-10-06T09:50:59Z,0.288,19.2202,0.4405,1.8597,42.135,37.270918,7.1924,77.774,9.919,111.8969,453.29,13603.398032148398,1.6948e-8,0
2026-10-06T09:50:59Z,0.288,19.2208,0.431,1.8209,42.12,37.25814,7.1904,77.765,9.92,111.7739,451.21,13591.339305721389,1.5408e-9,0
2026-10-06T09:50:59Z,0.288,19.2214,0.3989,1.7671,42.089,37.231928,7.1875,77.77,9.921,111.7634,437.57,13567.099079011323,1.4007e-10,0
2026-10-06T09:50:59Z,0.289,19.2219,0.3772,1.8235,42.061,37.207805,7.1835,77.769,9.922,111.8553,430.93,13544.854567450158,1.2734e-11,0
2026-10-06T09:50:59Z,0.289,19.2228,0.385,1.9223,42.075,37.220287,7.1806,77.767,9.923,112.1971,414.02,13555.491400523637,1.1576e-12,0
2026-10-06T09:50:59Z,0.289,19.2241,0.3935,1.937,42.115,37.255937,7.1791,77.766,9.924,112.5399,394.02,13586.854310883888,1.0524e-13,0
2026-10-06T09:50:59Z,0.289,19.2251,0.38,1.8644,42.118,37.258131,7.1811,77.731,9.926,112.5585,380.89,13588.093251349079,9.567e-15,0
2026-10-06T09:50:59Z,0.289,19.2258,0.3634,1.8306,42.106,37.246803,7.1804,77.68,9.926,112.5081,410.95,13577.285118416423,8.697e-16,0
2026-10-06T09:50:59Z,0.289,19.2266,0.3759,1.904,42.106,37.245877,7.1789,77.658,9.926,112.5326,450.95,13575.843178946858,7.9064e-17,0
2026-10-06T09:50:59Z,0.289,19.2268,0.3723,1.8638,42.108,37.246927,7.182,77.671,9.927,112.5106,439.9,13576.645378356892,7.1746e-18,0
2026-10-06T09:50:59Z,0.289,19.2257,0.3448,1.6858,42.123,37.259504,7.1774,77.705,9.929,112.8445,433.8,13588.8880052807,5.11e-19,0
2026-10-06T09:50:59Z,0.289,19.2243,0.3518,1.5972,42.137,37.27103,7.1706,77.745,9.93,113.4721,412.52,13600.40956817849,-1.508e-18,0
2026-10-06T09:50:59Z,0.289,19.2235,0.3913,1.6799,42.124,37.259389,7.1693,77.783,9.931,113.7322,376.96,13590.440156421348,-1.723e-17,0
2026-10-06T09:50:59Z,0.289,19.2226,0.4304,1.8663,42.109,37.245659,7.1708,77.808,9.932,113.667,379.68,13578.654293126565,-1.896e-16,0
2026-10-06T09:50:59Z,0.289,19.221800000000002,0.4334,1.9036,42.093,37.231929,7.1749,77.812,9.933,113.5436,365.37,13566.799266785707,-2.086e-15,0
2026-10-06T09:50:59Z,0.289,19.2215,0.3949,1.7214,42.078,37.220287,7.1785,77.807,9.934,113.6171,311.62,13556.467709394241,-2.294e-14,0
2026-10-06T09:50:59Z,0.289,19.2209,0.364,1.6103,42.09,37.231815,7.183,77.801,9.935,114.0395,269.98,13567.372389978415,-2.524e-13,0
2026-10-06T09:50:59Z,0.289,19.2209,0.3765,1.6882,42.103,37.24441,7.1854,77.788,9.935,114.434,262.21,13578.799820406426,-2.776e-12,0
2026-10-06T09:50:59Z,0.289,19.2216,0.395,1.7742,42.103,37.245658,7.1852,77.772,9.936,114.5158,273.87,13579.405762739712,-3.054e-11,0
2026-10-06T09:50:59Z,0.289,19.2223,0.3798,1.7286,42.104,37.246905,7.1841,77.761,9.937,114.4269,283.91,13580.010792688825,-3.359e-10,0
2026-10-06T09:50:59Z,0.289,19.2237,0.3589,1.6831,42.117,37.259491,7.1838,77.749,9.939,114.3054,301.29,13590.382120401853,-3.695e-9,0
2026-10-06T09:50:59Z,0.289,19.2255,0.3589,1.7021,42.129,37.270925,7.1825,77.743,9.94,114.1647,358.08,13599.409930120488,-4.064e-8,0
2026-10-06T09:50:59Z,0.289,19.227,0.3893,1.7527,42.114,37.258244,7.1798,77.744,9.94,114.1018,412.84,13586.76548451405,-4.4710000000000003e-07,0
2026-10-06T09:50:59Z,0.289,19.2284,0.4347,1.8173,42.085,37.233072,7.1797,77.75,9.941,114.2337,447.39,13562.875790448878,-0,0
2026-10-06T09:50:59Z,0.29,19.2294,0.4329,1.7657,42.07,37.22039,7.1776,77.775,9.942,114.3832,487.01,13550.629222635205,-0,0
2026-10-06T09:50:59Z,0.29,19.2304,0.3927,1.7094,42.082,37.231823,7.1766,77.81,9.943,114.3611,501.81,13560.240850979597,-0.001,0
2026-10-06T09:50:59Z,0.29,19.2311,0.3732,1.7169,42.097,37.244399,7.1774,77.816,9.945,113.9656,476.01,13571.118443195031,-0.002,0
2026-10-06T09:50:59Z,0.289,19.2315,0.3794,1.7546,42.098,37.245541,7.1767,77.801,9.945,113.3867,453.66,13571.853569346938,-0.002,0
2026-10-06T09:50:59Z,0.288,19.2319,0.3933,1.8241,42.098,37.245636,7.1791,77.807,9.945,113.2125,469.42,13571.639092664293,-0.002,0
2026-10-06T09:50:59Z,0.286,19.2321,0.375,1.7711,42.098,37.245542,7.1846,77.816,9.946,113.322,494.66,13571.403516143317,-0.002,0
2026-10-06T09:50:59Z,0.286,19.2323,0.3332,1.7291,42.098,37.244399,7.1852,77.796,9.947,113.5068,524.98,13570.216496613733,-0.002,0
2026-10-06T09:50:59Z,0.286,19.2325,0.3371,1.8281,42.085,37.231813,7.1805,77.759,9.947,113.7267,523.45,13558.654508271911,-0.001,0
2026-10-06T09:50:59Z,0.286,19.2328,0.3718,1.9095,42.075,37.220276,7.1827,77.734,9.948,113.4842,460.2,13547.974258402199,0,0
2026-10-06T09:50:59Z,0.286,19.2322,0.3786,1.8592,42.09,37.231814,7.1852,77.736,9.95,112.8124,416.9,13558.880783708268,-6.616e-8,0
2026-10-06T09:50:59Z,0.286,19.2307,0.3523,1.7323,42.105,37.2444,7.1825,77.766,9.95,112.4879,417.28,13571.42026075306,-7.277e-7,0
2026-10-06T09:50:59Z,0.286,19.2291,0.3377,1.7408,42.106,37.245545,7.1784,77.804,9.951,112.6584,413.49,13573.6618798457,-0,0
2026-10-06T09:50:59Z,0.286,19.227,0.3684,1.8603,42.106,37.245659,7.1759,77.839,9.952,112.8944,406.93,13575.344634876012,-0,0
2026-10-06T09:50:59Z,0.286,19.2252,0.398,1.913,42.106,37.245772,7.1761,77.875,9.951,112.9314,437.04,13576.801043439209,-0.001,0
2026-10-06T09:50:59Z,0.286,19.2241,0.3961,1.8311,42.107,37.246916,7.18,77.908,9.951,112.8478,489.07,13578.666625992937,-0.002,0
2026-10-06T09:50:59Z,0.286,19.2234,0.3708,1.6557,42.121,37.259492,7.1844,77.928,9.951,112.8299,505.27,13590.609072583044,-0.006,0
2026-10-06T09:50:59Z,0.286,19.2232,0.3673,1.6377,42.134,37.270924,7.1865,77.922,9.951,112.7151,513.96,13601.142391805388,-0.013,0
2026-10-06T09:50:59Z,0.284,19.2235,0.4198,1.7834,42.119,37.258233,7.1907,77.889,9.951,112.4068,514.09,13589.390698584262,-0.025,0
2026-10-06T09:50:59Z,0.279,19.224,0.4393,1.7787,42.091,37.232956,7.1935,77.845,9.951,112.1134,476.81,13566.077539430771,-0.043,0
2026-10-06T09:50:59Z,0.27,19.2246,0.404,1.6485,42.077,37.219121,7.1963,77.815,9.952,112.1794,465.47,13553.083548344206,-0.063,0
2026-10-06T09:50:59Z,0.253,19.2252,0.3673,1.609,42.077,37.217854,7.1955,77.794,9.952,112.5161,501.92,13551.485426169287,-0.079,0
2026-10-06T09:50:59Z,0.225,19.2255,0.3532,1.7119,42.079,37.217636,7.192,77.777,9.951,112.5704,573.07,13551.063915470419,-0.089,0
2026-10-06T09:50:59Z,0.188,19.2252,0.3757,1.8676,42.08,37.216481,7.1866,77.782,9.949,112.4928,635.94,13550.24431121862,-0.096,0
2026-10-06T09:50:59Z,0.157,19.2237,0.3729,1.8524,42.069,37.203893,7.1843,77.792,9.947,112.3516,650.08,13539.966192256794,-0.103,0
2026-10-06T09:50:59Z,0.138,19.2208,0.3269,1.6993,42.058,37.192347,7.1839,77.786,9.946,112.4125,643.22,13531.684219140723,-0.109,0
2026-10-06T09:50:59Z,0.123,19.2181,0.3032,1.6555,42.072,37.20378,7.1805,77.777,9.947,113.0566,564.97,13544.066213821978,-0.11,0
2026-10-06T09:50:59Z,0.097,19.2159,0.3271,1.7672,42.085,37.215223,7.1829,77.783,9.947,113.5144,586.88,13556.091081751294,-0.105,0
2026-10-06T09:50:59Z,0.059,19.2134,0.3658,1.922,42.071,37.20379,7.185,77.793,9.946,113.559,782.8,13547.605843412972,-0.098,0
2026-10-06T09:50:59Z,0.019,19.2114,0.3642,1.9214,42.058,37.192462,7.1841,77.784,9.946,113.3379,792.07,13538.843083422857,-0.091,0
2026-10-06T09:50:59Z,-0.007,19.2103,0.3412,1.8284,42.073,37.205163,7.1823,77.744,9.947,112.8199,685.95,13551.181181426551,-0.085,0
2026-10-06T09:50:59Z,-0.016,19.2102,0.3365,1.8229,42.102,37.23044,7.1838,77.695,9.947,112.6305,789.88,13574.184830909486,-0.076,0
2026-10-06T09:50:59Z,-0.019,19.2111,0.3413,1.8548,42.117,37.244275,7.1854,77.681,9.946,113.0273,964.98,13586.066820617794,-0.063,0
2026-10-06T09:50:59Z,-0.033,19.2113,0.3483,1.8383,42.118,37.245533,7.1849,77.702,9.946,113.4875,979.36,13587.059085621875,-0.049,0
2026-10-06T09:50:59Z,-0.059,19.2106,0.3463,1.726,42.117,37.245648,7.1811,77.735,9.946,113.5481,949.32,13587.692264318912,-0.038,0
2026-10-06T09:50:59Z,-0.079,19.2101,0.3506,1.6928,42.117,37.245658,7.1736,77.778,9.947,113.3304,949.49,13588.079098953223,-0.029,0
2026-10-06T09:50:59Z,-0.079,19.2103,0.3506,1.7783,42.116,37.245658,7.1731,77.814,9.947,113.0921,939.1,13587.928169845454,-0.019,0
2026-10-06T09:50:59Z,-0.073,19.2112,0.3386,1.8363,42.116,37.245659,7.1763,77.817,9.947,112.9039,945.5,13587.250908691944,-0.005,0
2026-10-06T09:50:59Z,-0.068,19.2119,0.338,1.8138,42.116,37.24567,7.1785,77.793,9.947,112.9474,955,13586.733590850466,0.007,0
2026-10-06T09:50:59Z,-0.065,19.2125,0.327,1.7122,42.116,37.245784,7.183,77.778,9.947,113.1885,963.81,13586.385209870887,0.013,0
2026-10-06T09:50:59Z,-0.063,19.2134,0.3297,1.7342,42.118,37.247031,7.1878,77.784,9.947,113.495,967.78,13586.839893203518,0.014,0
2026-10-06T09:50:59Z,-0.06,19.2135,0.3623,1.8753,42.133,37.260752,7.1874,77.8,9.948,113.7287,968.07,13599.227098225263,0.014,0
2026-10-06T09:50:59Z,-0.057,19.2133,0.3803,1.9495,42.16,37.284771,7.184,77.825,9.948,113.4327,975.62,13621.211577248067,0.018,0
2026-10-06T09:50:59Z,-0.054,19.213,0.3648,1.9137,42.157,37.283626,7.1817,77.857,9.949,112.7553,982.85,13620.396658583188,0.026,0
2026-10-06T09:50:59Z,-0.049,19.2128,0.333,1.7844,42.113,37.246916,7.1834,77.877,9.95,112.6801,991.16,13587.186688748145,0.035,0
2026-10-06T09:50:59Z,-0.039,19.2132,0.3367,1.7527,42.083,37.221638,7.1848,77.894,9.952,113.126,934.15,13563.943903818341,0.044,0
2026-10-06T09:50:59Z,-0.022,19.2138,0.3759,1.8374,42.093,37.231823,7.1863,77.895,9.953,113.3284,795.22,13572.732287156536,0.05,0
2026-10-06T09:50:59Z,-0.005,19.2153,0.3911,1.8866,42.105,37.243152,7.1912,77.857,9.953,113.0616,709.84,13581.88512230517,0.053,0
2026-10-06T09:50:59Z,0.01,19.2176,0.3704,1.869,42.092,37.231701,7.1911,77.806,9.953,112.4814,698.75,13569.762417524913,0.053,0
2026-10-06T09:50:59Z,0.024,19.2198,0.3417,1.762,42.079,37.220277,7.1927,77.771,9.954,112.1635,649.01,13557.747390104721,0.048,0
2026-10-06T09:50:59Z,0.037,19.2214,0.3443,1.7535,42.093,37.231937,7.1949,77.759,9.954,112.1436,687.81,13567.118487140302,0.04,0
2026-10-06T09:50:59Z,0.046,19.2225,0.3763,1.8688,42.108,37.245772,7.1887,77.746,9.954,112.1549,866.86,13578.842916043284,0.031,0
2026-10-06T09:50:59Z,0.051,19.2227,0.3717,1.8233,42.124,37.260647,7.1836,77.735,9.955,112.2994,842,13592.19552608566,0.024,0
2026-10-06T09:50:59Z,0.055,19.2221,0.3292,1.6826,42.15,37.284873,7.18,77.773,9.955,112.5153,586.95,13614.658105479777,0.018,0
2026-10-06T09:50:59Z,0.058,19.2217,0.312,1.6706,42.147,37.284872,7.1799,77.843,9.956,112.6142,405.3,13614.958839433828,0.013,0
2026-10-06T09:50:59Z,0.061,19.2221,0.3395,1.7464,42.116,37.260646,7.18,77.899,9.957,112.6343,391.56,13592.64609530664,0.01,0
2026-10-06T09:50:59Z,0.063,19.2229,0.3785,1.8138,42.097,37.245771,7.1745,77.937,9.957,112.586,506.34,13578.540382461693,0.009,0
2026-10-06T09:50:59Z,0.064,19.2244,0.3758,1.8017,42.08,37.231936,7.1795,77.961,9.957,112.3745,660.79,13564.861555076324,0.009,0
2026-10-06T09:50:59Z,0.066,19.2274,0.3405,1.702,42.065,37.220286,7.1883,77.976,9.958,112.487,767.91,13552.046414818666,0.014,0
2026-10-06T09:50:59Z,0.068,19.2309,0.3175,1.702,42.076,37.231813,7.1917,77.978,9.958,112.9996,812.02,13559.866067522902,0.021,0
2026-10-06T09:50:59Z,0.071,19.2337,0.3304,1.8356,42.091,37.244398,7.1954,77.941,9.958,113.1515,727.48,13569.172988186783,0.028,0
2026-10-06T09:50:59Z,0.078,19.2358,0.3711,1.8821,42.092,37.245552000000004,7.1968,77.87,9.958,112.8608,627.85,13568.640813354577,0.034,0
2026-10-06T09:50:59Z,0.094,19.2373,0.3776,1.7867,42.093,37.24576,7.1977,77.795,9.957,112.6688,605.72,13567.70106003403,0.042,0
2026-10-06T09:50:59Z,0.109,19.2383,0.3584,1.7408,42.094,37.246914,7.1993,77.73,9.956,112.8079,526.97,13567.995063716746,0.051,0
2026-10-06T09:50:59Z,0.119,19.2383,0.3637,1.8402,42.109,37.2595,7.196,77.669,9.955,113.4241,396.08,13579.409960386116,0.058,0
2026-10-06T09:50:59Z,0.13,19.2381,0.3761,1.9296,42.123,37.271028,7.1874,77.607,9.954,114.2693,301.26,13590.020845736608,0.062,0
2026-10-06T09:50:59Z,0.149,19.2378,0.383,1.8647,42.11,37.259386,7.1807,77.555,9.953,114.5956,384.8,13579.681271178813,0.063,0
2026-10-06T09:50:59Z,0.17,19.2371,0.3721,1.7045,42.095,37.245647,7.1748,77.528,9.951,114.5294,517.8,13567.745524541431,0.063,0
2026-10-06T09:50:59Z,0.19,19.2366,0.3605,1.701,42.08,37.231812,7.1697,77.512,9.95,114.4156,479.27,13555.57893461093,0.064,0
2026-10-06T09:50:59Z,0.205,19.2358,0.3673,1.891,42.066,37.219027,7.1636,77.499,9.949,114.2523,458.12,13544.595369719862,0.064,0
2026-10-06T09:50:59Z,0.215,19.235,0.371,1.9861,42.065,37.217969,7.158,77.536,9.948,114.2762,513.93,13544.23693936747,0.06,0
2026-10-06T09:50:59Z,0.23,19.2345,0.3639,1.8599,42.067,37.219018,7.1561,77.628,9.948,114.5319,535.27,13545.561675964318,0.057,0
2026-10-06T09:50:59Z,0.248,19.2339,0.3399,1.6969,42.082,37.231708,7.1565,77.714,9.948,114.8484,532.75,13557.509586897126,0.056,0
2026-10-06T09:50:59Z,0.263,19.2337,0.3387,1.7238,42.097,37.244503,7.1521,77.777,9.949,115.092,517.11,13569.259433860538,0.057,0
2026-10-06T09:50:59Z,0.274,19.2336,0.3743,1.8769,42.099,37.246801,7.1547,77.822,9.95,115.1539,492.9,13571.418338393843,0.058,0
2026-10-06T09:50:59Z,0.287,19.2333,0.4129,1.9088,42.114,37.259492,7.1678,77.858,9.951,114.908,502.55,13583.156802269736,0.057,0
2026-10-06T09:50:59Z,0.304,19.2328,0.4306,1.7681,42.127,37.271039,7.1746,77.9,9.952,114.7003,500.98,13594.013625158841,0.057,0
2026-10-06T09:50:59Z,0.32,19.2324,0.4132,1.6436,42.114,37.259502,7.1807,77.936,9.953,115.0521,448.13,13583.841529109204,0.057,0
2026-10-06T09:50:59Z,0.335,19.2322,0.4114,1.7028,42.099,37.246917,7.1845,77.931,9.953,115.7198,435.57,13572.573242114513,0.058,0
2026-10-06T09:50:59Z,0.348,19.2322,0.4264,1.8013,42.098,37.245773,7.1871,77.887,9.954,116.2345,455.21,13571.535108097098,0.058,0
2026-10-06T09:50:59Z,0.362,19.232,0.41,1.8089,42.097,37.245669,7.1912,77.853,9.956,116.0275,441.03,13571.590504241625,0.058,0
2026-10-06T09:50:59Z,0.377,19.2318,0.3718,1.794,42.097,37.24566,7.1965,77.823,9.957,115.2811,407.06,13571.732067094692,0.058,0
2026-10-06T09:50:59Z,0.392,19.2322,0.3309,1.6903,42.097,37.245667,7.1963,77.762,9.959,115.0397,394.54,13571.437000871514,0.059,0
2026-10-06T09:50:59Z,0.408,19.2327,0.3061,1.5798,42.097,37.245761,7.1891,77.692,9.959,115.2593,406.81,13571.145579469534,0.062,0
2026-10-06T09:50:59Z,0.423,19.2332,0.314,1.5848,42.098,37.246791,7.1863,77.644,9.959,115.6141,412.03,13571.703225471407,0.066,0
2026-10-06T09:50:59Z,0.438,19.2336,0.3516,1.6826,42.112,37.258119,7.1865,77.622,9.96,115.9731,407.31,13581.678492043366,0.068,0
2026-10-06T09:50:59Z,0.456,19.2337,0.3689,1.772,42.111,37.255823,7.1783,77.615,9.96,115.9871,397.58,13579.519160254806,0.07,0
2026-10-06T09:50:59Z,0.478,19.2336,0.3489,1.71,42.071,37.219019,7.1712,77.615,9.961,115.8699,362.42,13546.226586130244,0.071,0
2026-10-06T09:50:59Z,0.498,19.2331,0.3674,1.7183,42.046,37.193857,7.1669,77.632,9.961,115.932,331.71,13523.817935040817,0.072,0
2026-10-06T09:50:59Z,0.515,19.2325,0.4177,1.8038,42.062,37.205402,7.1646,77.639,9.961,116.1354,321.71,13534.717392100023,0.074,0
2026-10-06T09:50:59Z,0.53,19.2313,0.4164,1.7188,42.094,37.231701,7.1662,77.651,9.96,116.3508,319.92,13559.44342940628,0.075,0
2026-10-06T09:50:59Z,0.548,19.2293,0.3847,1.647,42.128,37.258009,7.1636,77.696,9.96,116.8153,327.87,13584.809500828036,0.075,0
2026-10-06T09:50:59Z,0.569,19.2259,0.3922,1.7217,42.146,37.269659,7.169,77.743,9.96,117.44970000000001,325.16,13597.946164954488,0.076,0
2026-10-06T09:50:59Z,0.592,19.2225,0.433,1.8362,42.125,37.245652,7.1689,77.753,9.96,117.6539,309.06,13578.709500889232,0.077,0
2026-10-06T09:50:59Z,0.612,19.2198,0.4448,1.8358,42.102,37.221549,7.1679,77.737,9.96,117.4783,293,13558.874438479874,0.078,0
2026-10-06T09:50:59Z,0.629,19.2161,0.4093,1.7169,42.117,37.232047,7.1751,77.725,9.96,117.2188,295.82,13571.176683563524,0.079,0
2026-10-06T09:50:59Z,0.649,19.2103,0.3614,1.6626,42.133,37.245674,7.1817,77.717,9.96,117.5281,305.99,13587.909885968424,0.079,0
2026-10-06T09:50:59Z,0.669,19.2041,0.3485,1.7253,42.148,37.259395,7.1833,77.703,9.959,118.4647,294.2,13605.047610730531,0.08,0
2026-10-06T09:50:59Z,0.689,19.1992,0.3786,1.8267,42.161,37.271036,7.1802,77.661,9.959,118.9062,275.1,13619.329807086067,0.082,0
2026-10-06T09:50:59Z,0.711,19.1958,0.3759,1.8289,42.147,37.259517,7.1809,77.596,9.96,118.8228,262.72,13611.417788556195,0.085,0
2026-10-06T09:50:59Z,0.734,19.1948,0.3325,1.7866,42.133,37.247026,7.1796,77.551,9.96,118.8333,253.24,13600.813835786528,0.088,0
2026-10-06T09:50:59Z,0.756,19.1954,0.3361,1.8612,42.134,37.246912,7.1798,77.528,9.959,118.7749,245.7,13600.256783116956,0.089,0
2026-10-06T09:50:59Z,0.777,19.1967,0.3776,1.9456,42.149,37.258146000000004,7.176,77.515,9.956,118.891,239.1,13609.489019606755,0.087,0
2026-10-06T09:50:59Z,0.802,19.1973,0.3937,1.9532,42.15,37.255944,7.1669,77.52,9.955,119.5485,231.35,13607.033057084462,0.083,0
2026-10-06T09:50:59Z,0.828,19.1973,0.3811,1.8843,42.113,37.220283,7.1635,77.535,9.955,120.0136,222.24,13574.632189890712,0.076,0
2026-10-06T09:50:59Z,0.848,19.1965,0.3499,1.7964,42.102,37.207697,7.1625,77.555,9.955,119.9549,217.01,13563.809605112805,0.068,0
2026-10-06T09:50:59Z,0.862,19.1937,0.3412,1.8466,42.13,37.230677,7.1602,77.58,9.955,119.7851,214.79,13586.780304358294,0.059,0
2026-10-06T09:50:59Z,0.875,19.1898,0.367,1.945,42.147,37.244303,7.1622,77.582,9.956,119.6808,210.96,13602.102189442956,0.052,0
2026-10-06T09:50:59Z,0.884,19.1861,0.3792,1.9609,42.149,37.245542,7.1645,77.556,9.958,119.7267,205.96,13606.019157420582,0.047,0
2026-10-06T09:50:59Z,0.891,19.183,0.3642,1.868,42.149,37.245654,7.1659,77.531,9.959,119.9107,201.52,13608.459711595353,0.046,0
2026-10-06T09:50:59Z,0.902,19.1806,0.3356,1.7785,42.149,37.245664,7.1704,77.536,9.959,120.0977,198.12,13610.279468688977,0.046,0
2026-10-06T09:50:59Z,0.918,19.179,0.3415,1.834,42.148,37.245656,7.171,77.556,9.959,120.2672,193.2,13611.478957853304,0.046,0
2026-10-06T09:50:59Z,0.933,19.1784,0.385,1.857,42.148,37.245552000000004,7.1676,77.569,9.959,120.4109,185.28,13611.836441132711,0.049,0
2026-10-06T09:50:59Z,0.943,19.1788,0.4046,1.7486,42.146,37.244407,7.1636,77.577,9.96,120.1152,179.52,13610.49241223737,0.053,0
2026-10-06T09:50:59Z,0.952,19.1792,0.3868,1.651,42.131,37.231821,7.1647,77.578,9.961,119.531,176.62,13598.743385396248,0.057,0
2026-10-06T09:50:59Z,0.966,19.1796,0.3526,1.7015,42.117,37.220284,7.168,77.572,9.961,119.4561,174.32,13587.95385712231,0.061,0
2026-10-06T09:50:59Z,0.985,19.1801,0.34,1.8475,42.129,37.231822,7.1683,77.562,9.961,119.8106,173.25,13598.06411528039,0.065,0
2026-10-06T09:50:59Z,1.004,19.1803,0.3512,1.8442,42.144,37.244407,7.1692,77.546,9.961,120.1183,171.34,13609.35771420625,0.066,0
2026-10-06T09:50:59Z,1.024,19.1807,0.3549,1.696,42.145,37.24555,7.1696,77.533,9.962,119.9925,167,13610.094746887167,0.064,0
2026-10-06T09:50:59Z,1.043,19.1818,0.3439,1.6266,42.145,37.245645,7.1682,77.548,9.963,119.4081,163.58,13609.350030993604,0.059,0
2026-10-06T09:50:59Z,1.058,19.1828,0.3255,1.723,42.145,37.245551,7.1678,77.589,9.965,118.9891,162.48,13608.509238426233,0.053,0
2026-10-06T09:50:59Z,1.068,19.1831,0.341,1.9047,42.145,37.244407,7.1661,77.636,9.965,118.9714,160.99,13607.242024658814,0.047,0
2026-10-06T09:50:59Z,1.077,19.183,0.3648,1.9108,42.13,37.231821,7.1633,77.671,9.965,119.1939,159.7,13595.872676993002,0.045,0
2026-10-06T09:50:59Z,1.085,19.1828,0.3463,1.7285,42.117,37.220284,7.1651,77.67,9.965,119.4417,158.62,13585.537845868928,0.046,0
2026-10-06T09:50:59Z,1.093,19.1823,0.3263,1.6475,42.131,37.231822,7.17,77.64,9.965,119.5587,155,13596.400735447134,0.05,0
2026-10-06T09:50:59Z,1.107,19.1822,0.3389,1.751,42.146,37.244408,7.1741,77.61,9.966,119.4906,150.23,13607.920351290546,0.056,0
2026-10-06T09:50:59Z,1.126,19.1823,0.3662,1.8871,42.149,37.245553,7.1792,77.581,9.966,119.3062,146.67,13608.885416760373,0.061,0
2026-10-06T09:50:59Z,1.145,19.1822,0.3637,1.8584,42.151,37.245666,7.1786,77.561,9.966,119.3078,143.37,13609.062793229547,0.066,0
2026-10-06T09:50:59Z,1.162,19.1817,0.3343,1.7121,42.152,37.24577,7.1739,77.569,9.966,119.4248,140.52,13609.533884067447,0.068,0
2026-10-06T09:50:59Z,1.178,19.1802,0.3192,1.6211,42.154,37.246802,7.1728,77.59,9.966,119.6878,138.34,13611.604135044734,0.068,0
2026-10-06T09:50:59Z,1.195,19.1784,0.3391,1.6796,42.167,37.25814,7.1695,77.596,9.966,120.0786,134.73,13623.280679274685,0.066,0
2026-10-06T09:50:59Z,1.214,19.1768,0.3833,1.8391,42.166,37.255946,7.1667,77.591,9.967,120.1926,131.14,13622.491217563753,0.063,0
2026-10-06T09:50:59Z,1.231,19.1756,0.3878,1.875,42.126,37.220285,7.1686,77.601,9.968,120.2051,129.07,13590.956893200959,0.06,0
2026-10-06T09:50:59Z,1.244,19.1749,0.343,1.7723,42.111,37.20769,7.1719,77.613,9.969,120.1432,126.91,13580.037759116436,0.058,0
2026-10-06T09:50:59Z,1.257,19.1742,0.3332,1.7588,42.137,37.230565,7.1725,77.6,9.97,120.0467,124.58,13601.358176619273,0.055,0
2026-10-06T09:50:59Z,1.271,19.1738,0.3693,1.8838,42.151,37.243046,7.1704,77.567,9.969,120.5867,122.47,13613.013573846665,0.052,0
2026-10-06T09:50:59Z,1.284,19.1737,0.3882,1.951,42.138,37.23169,7.1719,77.528,9.969,121.4242,120.17,13602.757371528473,0.05,0
2026-10-06T09:50:59Z,1.297,19.1736,0.3696,1.8535,42.125,37.220171,7.175,77.502,9.97,121.6552,117.78,13592.357814046542,0.049,0
2026-10-06T09:50:59Z,1.311,19.1737,0.3358,1.7978,42.138,37.230678,7.1725,77.499,9.971,121.487,115.89,13601.835705122565,0.049,0
2026-10-06T09:50:59Z,1.322,19.1738,0.3376,1.893,42.139,37.231823,7.1695,77.496,9.971,121.3697,114.46,13602.801117373518,0.049,0
2026-10-06T09:50:59Z,1.332,19.1737,0.3752,1.9795,42.142,37.234007,7.1654,77.492,9.971,121.4414,112.56,13604.862757685736,0.05,0
2026-10-06T09:50:59Z,1.344,19.1735,0.3903,2.0245,42.169,37.257081,7.1616,77.5,9.971,121.7518,110.14,13626.012251741804,0.051,0
2026-10-06T09:50:59Z,1.359,19.1732,0.362,1.9586,42.169,37.256995,7.1636,77.506,9.971,121.9393,107.85,13626.159878561712,0.052,0
2026-10-06T09:50:59Z,1.374,19.1727,0.3249,1.8661,42.142,37.232968,7.1631,77.5,9.972,121.8143,105.98,13604.670154707985,0.055,0
2026-10-06T09:50:59Z,1.387,19.1724,0.333,1.9299,42.128,37.220391,7.1613,77.483,9.973,121.7901,104.28,13593.458338660783,0.059,0
2026-10-06T09:50:59Z,1.401,19.1719,0.3519,1.9101,42.141,37.231834,7.1637,77.466,9.972,121.991,102.27,13604.241055338005,0.06,0
2026-10-06T09:50:59Z,1.417,19.1713,0.3369,1.7292,42.156,37.244411,7.164,77.46,9.972,121.8339,100.12,13616.136959483576,0.059,0
2026-10-06T09:50:59Z,1.434,19.1711,0.326,1.6213,42.157,37.245555,7.164,77.464,9.973,121.3539,97.766,13617.328459443248,0.059,0
2026-10-06T09:50:59Z,1.451,19.1711,0.3452,1.6984,42.157,37.245668,7.1617,77.474,9.973,121.2634,95.679,13617.430395468864,0.06,0
2026-10-06T09:50:59Z,1.466,19.1709,0.3782,1.8767,42.157,37.245773,7.1598,77.494,9.973,121.513,94.487,13617.676374206814,0.061,0
2026-10-06T09:50:59Z,1.477,19.1708,0.375,1.898,42.158,37.246824,7.1593,77.545,9.972,121.791,92.937,13618.70820263512,0.061,0
2026-10-06T09:50:59Z,1.491,19.1708,0.3391,1.7506,42.172,37.25837,7.1595,77.603,9.972,121.69970000000001,90.577,13629.220114264692,0.061,0
2026-10-06T09:50:59Z,1.51,19.1708,0.3193,1.6658,42.172,37.258465,7.1613,77.636,9.973,121.1839,88.433,13629.305668347579,0.061,0
2026-10-06T09:50:59Z,1.528,19.1706,0.3348,1.7274,42.161,37.247977,7.1611,77.661,9.973,120.9746,86.427,13619.906411267417,0.061,0
2026-10-06T09:50:59Z,1.544,19.1705,0.3693,1.8802,42.174,37.258466,7.1669,77.668,9.973,121.1486,84.712,13629.531752956578,0.061,0
2026-10-06T09:50:59Z,1.558,19.1703,0.3696,1.8739,42.174,37.25837,7.1751,77.633,9.973,121.3944,83.468,13629.594914911862,0.06,0
2026-10-06T09:50:59Z,1.572,19.1697,0.3396,1.685,42.16,37.246815,7.1754,77.566,9.973,121.5374,81.966,13619.526573964838,0.059,0
2026-10-06T09:50:59Z,1.586,19.1691,0.3226,1.6116,42.159,37.245672,7.1789,77.493,9.974,121.2426,80.164,13618.938652223682,0.059,0
2026-10-06T09:50:59Z,1.602,19.1688,0.3384,1.7043,42.158,37.244546,7.1813,77.458,9.974,120.8412,78.604,13618.13951866771,0.064,0
2026-10-06T09:50:59Z,1.617,19.1685,0.3727,1.8143,42.145,37.2332,7.1764,77.456,9.974,120.8141,77.196,13608.039662138754,0.069,0
2026-10-06T09:50:59Z,1.632,19.1683,0.3625,1.7812,42.148,37.235402,7.171,77.451,9.973,120.9148,75.143,13610.19365224474,0.073,0
2026-10-06T09:50:59Z,1.654,19.1683,0.3232,1.6792,42.189,37.271167,7.1607,77.433,9.973,121.0268,72.536,13642.761985520718,0.075,0
2026-10-06T09:50:59Z,1.679,19.1682,0.3137,1.6742,42.205,37.284899,7.1588,77.427,9.973,121.3077,70.402,13655.354453952947,0.075,0
2026-10-06T09:50:59Z,1.7,19.1679,0.3306,1.7552,42.194,37.274515,7.16,77.446,9.973,121.5581,69.022,13646.113773076811,0.073,0
2026-10-06T09:50:59Z,1.716,19.1675,0.3701,1.8055,42.192,37.272531,7.1599,77.45,9.973,121.5592,67.748,13644.607651286977,0.069,0
2026-10-06T09:50:59Z,1.732,19.1672,0.3833,1.7353,42.18,37.26091,7.1579,77.429,9.973,121.5786,66.38,13634.244676997905,0.064,0
2026-10-06T09:50:59Z,1.747,19.1668,0.349,1.657,42.181,37.260912,7.1549,77.409,9.973,121.621,65.12,13634.548317265939,0.06,0
2026-10-06T09:50:59Z,1.761,19.166,0.3469,1.7129,42.196,37.272553,7.1605,77.394,9.974,121.4696,63.875,13645.761025686345,0.058,0
2026-10-06T09:50:59Z,1.776,19.1649,0.3819,1.8654,42.201,37.274755,7.1608,77.385,9.975,121.6407,62.664,13648.600364529864,0.058,0
2026-10-06T09:50:59Z,1.791,19.1638,0.3984,1.8611,42.217,37.287533,7.1573,77.392,9.977,122.227,61.5,13661.085489725258,0.058,0
2026-10-06T09:50:59Z,1.806,19.1627,0.3876,1.695,42.232,37.300137,7.156,77.423,9.977,122.5357,60.442,13673.419531577598,0.059,0
2026-10-06T09:50:59Z,1.819,19.1611,0.3511,1.6332,42.232,37.300241,7.1548,77.463,9.977,122.3619,59.479,13674.727717372361,0.061,0
2026-10-06T09:50:59Z,1.833,19.159300000000002,0.3399,1.7288,42.221,37.28879,7.154,77.495,9.976,122.0192,58.156,13665.641526733072,0.061,0
2026-10-06T09:50:59Z,1.852,19.1581,0.3769,1.8939,42.222,37.28859,7.1541,77.52,9.976,122.005,56.659,13666.367992922304,0.061,0
2026-10-06T09:50:59Z,1.871,19.1571,0.3991,1.9224,42.232,37.297821,7.1579,77.521,9.977,122.3623,55.637,13675.551037947118,0.062,0
2026-10-06T09:50:59Z,1.885,19.1561,0.3835,1.765,42.205,37.273489,7.1627,77.489,9.977,122.6406,54.781,13654.10549703054,0.062,0
2026-10-06T09:50:59Z,1.898,19.1549,0.3635,1.7335,42.176,37.248211,7.1649,77.464,9.977,122.7021,53.626,13631.969573237082,0.062,0
2026-10-06T09:50:59Z,1.915,19.1538,0.3735,1.8829,42.174,37.246007,7.1682,77.455,9.977,122.7612,52.442,13630.792363625615,0.06,0
2026-10-06T09:50:59Z,1.931,19.1532,0.3792,1.8632,42.175,37.246838,7.17,77.445,9.977,122.8394,51.415,13632.00256328903,0.055,0
2026-10-06T09:50:59Z,1.946,19.1531,0.3575,1.6663,42.188,37.258262,7.1639,77.44,9.978,122.7878,50.409,13642.48966970764,0.05,0
2026-10-06T09:50:59Z,1.961,19.153,0.3441,1.62,42.187,37.257221,7.1619,77.449,9.979,122.7385,49.644,13641.61562368762,0.044,0
2026-10-06T09:50:59Z,1.972,19.1529,0.3511,1.7476,42.161,37.234261,7.1625,77.472,9.979,122.8464,49.295,13620.770298415673,0.039,0
2026-10-06T09:50:59Z,1.977,19.1529,0.3755,1.8768,42.161,37.234461,7.1604,77.489,9.98,122.8879,48.994,13620.952307323387,0.035,0
2026-10-06T09:50:59Z,1.982,19.153,0.3724,1.8847,42.189,37.259643,7.16,77.491,9.98,122.8098,48.538,13643.82277261968,0.032,0
2026-10-06T09:50:59Z,1.989,19.1529,0.33,1.774,42.218,37.284910000000004,7.1604,77.491,9.98,122.676,48.013,13666.94644153354,0.032,0
2026-10-06T09:50:59Z,1.997,19.1529,0.313,1.6659,42.22,37.286149,7.1637,77.494,9.981,122.4748,47.463,13668.076861550897,0.033,0
2026-10-06T09:50:59Z,2.007,19.1525,0.3415,1.7054,42.207,37.274621,7.1656,77.482,9.982,122.3562,46.833,13657.860299567401,0.035,0
2026-10-06T09:50:59Z,2.018,19.1524,0.3833,1.8762,42.205,37.272439,7.1656,77.467,9.982,122.2739,46.131,13655.945014884093,0.035,0
2026-10-06T09:50:59Z,2.028,19.1525,0.3852,1.8865,42.191,37.259767,7.1643,77.472,9.981,122.3403,45.544,13644.31216865468,0.033,0
2026-10-06T09:50:59Z,2.038,19.1522,0.3472,1.83,42.178,37.248317,7.1666,77.484,9.981,122.5564,45.06,13634.101895763026,0.028,0
2026-10-06T09:50:59Z,2.044,19.152,0.3242,1.8759,42.193,37.260904,7.1646,77.484,9.982,122.4789,44.699,13645.726597344119,0.024,0
2026-10-06T09:50:59Z,2.049,19.152,0.3402,1.8608,42.221,37.285037,7.1616,77.469,9.983,122.1773,44.554,13667.742071356122,0.022,0
2026-10-06T09:50:59Z,2.051,19.1517,0.3576,1.7835,42.223,37.286285,7.1639,77.461,9.984,122.0936,44.428,13669.108723360765,0.02,0
2026-10-06T09:50:59Z,2.054,19.151,0.3348,1.6931,42.212,37.275997,7.1647,77.466,9.985,122.069,44.098,13660.250476443598,0.02,0
2026-10-06T09:50:59Z,2.06,19.1501,0.3219,1.7234,42.226,37.287554,7.1659,77.456,9.985,121.9656,43.603,13671.480448969414,0.022,0
2026-10-06T09:50:59Z,2.069,19.1494,0.3353,1.7739,42.239,37.29911,7.1631,77.436,9.986,122.0475,43.199,13682.563749040786,0.026,0
2026-10-06T09:50:59Z,2.076,19.1492,0.3469,1.7582,42.229,37.288813,7.162,77.437,9.986,122.1128,42.927,13673.31191650292,0.032,0
2026-10-06T09:50:59Z,2.081,19.1489,0.3542,1.8058,42.231,37.289968,7.1643,77.45,9.986,121.981,42.504,13674.59398719371,0.037,0
2026-10-06T09:50:59Z,2.09,19.1482,0.34,1.7691,42.258,37.313073,7.1634,77.449,9.986,121.8305,41.782,13696.232574917136,0.043,0
2026-10-06T09:50:59Z,2.103,19.1472,0.3333,1.7592,42.261,37.314342,7.1594,77.443,9.986,121.7556,41.019,13698.151970474864,0.051,0
2026-10-06T09:50:59Z,2.117,19.1461,0.3641,1.8912,42.251,37.305313,7.1605,77.432,9.985,121.7635,40.325,13690.735284379689,0.061,0
2026-10-06T09:50:59Z,2.132,19.1451,0.397,1.964,42.281,37.330808,7.1638,77.424,9.983,122.0119,39.53,13714.806142173355,0.069,0
2026-10-06T09:50:59Z,2.151,19.1443,0.39,1.9216,42.325,37.368778,7.1619,77.427,9.983,122.4361,38.418,13750.18063696513,0.073,0
2026-10-06T09:50:59Z,2.175,19.1434,0.3619,1.789,42.344,37.383683,7.1624,77.412,9.983,122.5907,37.136,13764.529743890509,0.074,0
2026-10-06T09:50:59Z,2.2,19.1426,0.3578,1.762,42.346,37.3841,7.1615,77.375,9.982,122.5912,36.262,13765.522107845294,0.07,0
2026-10-06T09:50:59Z,2.218,19.1416,0.3735,1.9019,42.336,37.373823,7.1589,77.336,9.982,122.6141,35.712,13756.862656886095,0.062,0
2026-10-06T09:50:59Z,2.232,19.1405,0.3855,1.9778,42.352,37.386325,7.1624,77.299,9.982,122.6951,35.174,13769.166502514312,0.05,0
2026-10-06T09:50:59Z,2.243,19.1389,0.3779,1.8933,42.377,37.408352,7.1608,77.274,9.982,122.9696,34.86,13790.604156684596,0.039,0
2026-10-06T09:50:59Z,2.249,19.137,0.3476,1.7348,42.353,37.386326,7.156,77.259,9.984,123.1794,34.76,13771.842327795539,0.031,0
2026-10-06T09:50:59Z,2.252,19.1352,0.3443,1.735,42.339,37.373834,7.1539,77.249,9.985,123.1668,34.682,13761.760004055017,0.027,0
2026-10-06T09:50:59Z,2.255,19.1335,0.3793,1.8611,42.351,37.384227,7.1493,77.248,9.984,122.9884,34.5,13772.592651993522,0.027,0
2026-10-06T09:50:59Z,2.261,19.1324,0.3795,1.8254,42.352,37.385067,7.148,77.26,9.984,122.8289,34.046,13774.204454112416,0.028,0
2026-10-06T09:50:59Z,2.272,19.1319,0.339,1.6788,42.352,37.384,7.1465,77.287,9.984,122.8729,33.476,13773.60720386828,0.032,0
2026-10-06T09:50:59Z,2.284,19.1314,0.3138,1.6593,42.338,37.371316,7.1454,77.311,9.984,123.0052,33.134,13762.352741489218,0.037,0
2026-10-06T09:50:59Z,2.292,19.1311,0.3328,1.7608,42.323,37.358626,7.1457,77.321,9.984,123.1374,32.899,13750.946086934591,0.04,0
2026-10-06T09:50:59Z,2.3,19.1307,0.3767,1.8479,42.322,37.357473,7.1458,77.33,9.984,123.2664,32.43,13750.194424763298,0.04,0
2026-10-06T09:50:59Z,2.312,19.1305,0.379,1.8238,42.322,37.357369,7.1498,77.344,9.983,123.3612,31.864,13750.251133999824,0.038,0
2026-10-06T09:50:59Z,2.326,19.1304,0.3358,1.7078,42.322,37.357359,7.1524,77.359,9.983,123.1651,31.444,13750.317572613723,0.034,0
2026-10-06T09:50:59Z,2.336,19.1303,0.3121,1.6756,42.322,37.357358,7.1525,77.366,9.983,122.788,31.172,13750.392538778739,0.031,0
2026-10-06T09:50:59Z,2.342,19.13,0.3333,1.7764,42.322,37.357358,7.1532,77.37,9.984,122.7599,31.01,13750.621345392434,0.03,0
2026-10-06T09:50:59Z,2.345,19.1301,0.3755,1.9015,42.323,37.357358,7.1547,77.387,9.984,122.9976,30.908,13750.544860397962,0.028,0
2026-10-06T09:50:59Z,2.349,19.13,0.3819,1.9245,42.323,37.357358,7.1565,77.407,9.985,123.2526,30.718,13750.621114438512,0.027,0
2026-10-06T09:50:59Z,2.356,19.1298,0.3609,1.8838,42.323,37.357358,7.1572,77.41,9.986,123.434,30.357,13750.773485647538,0.027,0
2026-10-06T09:50:59Z,2.366,19.1297,0.3541,1.9223,42.323,37.357358,7.1566,77.405,9.986,123.298,29.998,13750.849233282794,0.028,0
2026-10-06T09:50:59Z,2.376,19.1295,0.3579,1.9462,42.324,37.357359,7.1584,77.408,9.986,122.8983,29.731,13751.002478398426,0.028,0
2026-10-06T09:50:59Z,2.383,19.1294,0.3824,1.8982,42.324,37.357368,7.1618,77.402,9.986,122.7315,29.481,13751.08680145969,0.027,0
2026-10-06T09:50:59Z,2.388,19.129,0.3841,1.8207,42.324,37.357472,7.1615,77.388,9.987,122.8294,29.277,13751.48717731814,0.024,0
2026-10-06T09:50:59Z,2.393,19.1287,0.3701,1.7608,42.325,37.358617,7.1595,77.384,9.987,122.8779,29.137,13752.765759003185,0.021,0
2026-10-06T09:50:59Z,2.397,19.1285,0.3706,1.8227,42.34,37.371202,7.1618,77.381,9.987,122.8877,28.988,13764.459440035154,0.02,0
2026-10-06T09:50:59Z,2.402,19.1282,0.3572,1.9203,42.353,37.38273,7.161,77.384,9.988,122.8614,28.788,13775.265770922986,0.02,0
2026-10-06T09:50:59Z,2.408,19.1279,0.3419,1.8821,42.34,37.371089,7.1578,77.375,9.988,122.7327,28.609,13764.813811477909,0.02,0
2026-10-06T09:50:59Z,2.413,19.1278,0.318,1.736,42.325,37.357368,7.1597,77.346,9.988,122.622,28.441,13752.30709087095,0.019,0
2026-10-06T09:50:59Z,2.419,19.1276,0.3261,1.7253,42.309,37.343742,7.1578,77.325,9.988,122.555,28.2,13739.970815279652,0.018,0
2026-10-06T09:50:59Z,2.424,19.1274,0.374,1.8903,42.298,37.333246,7.1593,77.31,9.989,122.526,28.011,13730.507712028795,0.017,0
2026-10-06T09:50:59Z,2.428,19.1271,0.3887,1.9888,42.325,37.357371,7.1596,77.295,9.99,122.7871,27.94,13752.843630839941,0.015,0
2026-10-06T09:50:59Z,2.43,19.1273,0.3623,1.8911,42.352,37.381606,7.1542,77.289,9.99,123.2162,27.885,13774.921344452545,0.014,0
2026-10-06T09:50:59Z,2.433,19.1273,0.3297,1.7332,42.342,37.372461,7.1535,77.294,9.991,123.413,27.8,13766.529989129525,0.014,0
2026-10-06T09:50:59Z,2.436,19.1268,0.336,1.7537,42.344,37.373709,7.1523,77.291,9.992,123.3593,27.672,13768.057005343684,0.014,0
2026-10-06T09:50:59Z,2.44,19.1266,0.372,1.8993,42.37,37.396698,7.1505,77.263,9.992,123.1691,27.523,13789.312008889681,0.014,0
2026-10-06T09:50:59Z,2.444,19.1265,0.3903,1.9576,42.37,37.396585,7.1497,77.236,9.992,123.2637,27.387,13789.284669002409,0.015,0
2026-10-06T09:50:59Z,2.448,19.1266,0.3738,1.8773,42.343,37.372349,7.1507,77.23,9.993,123.7291,27.281,13766.961606894965,0.017,0
2026-10-06T09:50:59Z,2.451,19.1263,0.3389,1.7483,42.327,37.357475,7.152,77.25,9.993,123.9781,27.168,13753.548939864737,0.02,0
2026-10-06T09:50:59Z,2.455,19.1261,0.3427,1.7302,42.312,37.343651,7.1476,77.295,9.993,123.9523,27.003,13741.030101390035,0.024,0
2026-10-06T09:50:59Z,2.461,19.1262,0.3784,1.761,42.299,37.332114,7.1443,77.323,9.993,123.9324,26.76,13730.384198997586,0.026,0
2026-10-06T09:50:59Z,2.47,19.1257,0.3883,1.7449,42.314,37.344889,7.1446,77.315,9.993,124.0819,26.409,13742.469148239723,0.028,0
2026-10-06T09:50:59Z,2.48,19.1245,0.3703,1.74,42.344,37.371205,7.145,77.308,9.993,124.2974,26.077,13767.515964377395,0.028,0
2026-10-06T09:50:59Z,2.489,19.1236,0.3439,1.7017,42.373,37.396484,7.152,77.317,9.993,124.3866,25.896,13791.410693510756,0.027,0
2026-10-06T09:50:59Z,2.494,19.1233,0.3595,1.7265,42.374,37.396711,7.1559,77.323,9.993,124.4724,25.812,13791.848795057196,0.025,0
2026-10-06T09:50:59Z,2.498,19.1231,0.4178,1.766,42.349,37.373949,7.1526,77.328,9.993,124.5606,25.715,13771.1035819554,0.022,0
2026-10-06T09:50:59Z,2.503,19.1231,0.4331,1.667,42.35,37.375094,7.1515,77.338,9.994,124.593,25.544,13772.154123952216,0.019,0
2026-10-06T09:50:59Z,2.509,19.1231,0.4031,1.589,42.39,37.410557,7.1537,77.356,9.995,124.4332,25.375,13804.72348736787,0.017,0
2026-10-06T09:50:59Z,2.514,19.1225,0.3964,1.6769,42.403,37.421992,7.1541,77.398,9.995,124.0052,25.264,13815.695986338329,0.017,0
2026-10-06T09:50:59Z,2.518,19.1222,0.4193,1.8412,42.363,37.386444,7.1536,77.428,9.995,123.8059,25.149,13783.261061903939,0.017,0
2026-10-06T09:50:59Z,2.521,19.1222,0.4303,1.834,42.335,37.361489,7.1563,77.409,9.996,124.003,25.035,13760.358866193112,0.017,0
2026-10-06T09:50:59Z,2.525,19.122,0.4125,1.6916,42.349,37.374086,7.1552,77.375,9.996,124.2371,24.964,13772.069268503905,0.017,0
2026-10-06T09:50:59Z,2.528,19.122,0.3872,1.6227,42.392,37.411837,7.1612,77.351,9.996,123.9693,24.865,13806.742552462376,0.018,0
2026-10-06T09:50:59Z,2.532,19.1218,0.3831,1.6841,42.421,37.437199,7.1668,77.32,9.997,123.3457,24.695,13830.221268449917,0.021,0
2026-10-06T09:50:59Z,2.538,19.1214,0.4042,1.8196,42.41,37.426919,7.1619,77.272,9.997,123.1506,24.497,13821.070499836454,0.023,0
2026-10-06T09:50:59Z,2.545,19.1213,0.4173,1.8264,42.395,37.414446,7.1582,77.235,9.997,123.2445,24.278,13809.677033185235,0.024,0
2026-10-06T09:50:59Z,2.553,19.121,0.3998,1.6973,42.394,37.413302,7.1569,77.231,9.997,123.4489,24.045,13808.855045446495,0.024,0
2026-10-06T09:50:59Z,2.56,19.1208,0.4005,1.6929,42.393,37.413086,7.1551,77.251,9.997,123.7287,23.835,13808.8094943871,0.022,0
2026-10-06T09:50:59Z,2.566,19.1206,0.4346,1.8762,42.391,37.411829,7.149,77.273,9.997,123.6171,23.675,13807.8070458763,0.02,0
2026-10-06T09:50:59Z,2.571,19.1209,0.4543,2.0007,42.376,37.398112,7.1446,77.294,9.997,123.2171,23.585,13794.970902634495,0.017,0
2026-10-06T09:50:59Z,2.573,19.1212,0.4386,1.8999,42.35,37.374144,7.1444,77.304,9.998,122.9365,23.536,13772.732240510464,0.016,0
2026-10-06T09:50:59Z,2.575,19.1215,0.403,1.7509,42.352,37.375853,7.1481,77.307,9.999,122.892,23.458,13774.071274870943,0.017,0
2026-10-06T09:50:59Z,2.579,19.1217,0.4061,1.77,42.401,37.418765,7.1492000000000004,77.341,9.999,123.0235,23.351,13813.339567272415,0.018,0
2026-10-06T09:50:59Z,2.584,19.1213,0.4434,1.8912,42.435,37.448813,7.1516,77.373,9.998,123.2347,23.198,13841.29309206831,0.021,0
2026-10-06T09:50:59Z,2.589,19.1209,0.4546,1.9534,42.405,37.421886,7.1539,77.371,9.998,123.467,22.953,13816.822976930931,0.025,0
2026-10-06T09:50:59Z,2.597,19.1208,0.4329,1.8728,42.392,37.410463,7.15,77.341,9.998,123.4238,22.686,13806.3965932953,0.026,0
2026-10-06T09:50:59Z,2.606,19.1204,0.3972,1.7704,42.422,37.437609,7.1567,77.313,9.999,123.2285,22.468,13831.670668052522,0.026,0
2026-10-06T09:50:59Z,2.614,19.1201,0.398,1.8431,42.417,37.432839,7.1602,77.298,9.999,123.0842,22.285,13827.511487146969,0.025,0
2026-10-06T09:50:59Z,2.62,19.1198,0.4422,1.9661,42.399,37.416234,7.1598,77.261,10,122.8847,22.155,13812.468113261333,0.022,0
2026-10-06T09:50:59Z,2.624,19.1199,0.4579,1.9595,42.412,37.427207,7.1561,77.199,10.001,123.1391,22.085,13822.483001896733,0.02,0
2026-10-06T09:50:59Z,2.627,19.1202,0.4123,1.832,42.425,37.438599,7.1518,77.143,10.001,123.8367,21.971,13832.734556451625,0.02,0
2026-10-06T09:50:59Z,2.632,19.1201,0.3483,1.756,42.413,37.427059,7.1537,77.124,10,124.0921,21.834,13822.19298145778,0.024,0
2026-10-06T09:50:59Z,2.636,19.1196,0.3336,1.8609,42.399,37.41459,7.1494,77.143,10,123.8181,21.765,13811.109247617384,0.029,0
2026-10-06T09:50:59Z,2.641,19.119,0.3513,1.9042,42.399,37.414746,7.1431,77.165,10,123.6207,21.52,13811.712913276318,0.034,0
2026-10-06T09:50:59Z,2.654,19.1183,0.3541,1.767,42.415,37.428944,7.1363,77.186,10,123.8566,21.082,13825.308378272106,0.039,0
2026-10-06T09:50:59Z,2.67,19.118,0.3507,1.6706,42.449,37.459353,7.1347,77.224,10,124.3473,20.832,13853.534235344458,0.044,0
2026-10-06T09:50:59Z,2.68,19.1179,0.3362,1.7294,42.456,37.465136,7.138,77.244,9.999,124.6491,20.663,13858.939192341344,0.046,0
2026-10-06T09:50:59Z,2.69,19.1178,0.3199,1.7612,42.423,37.435409,7.1407,77.239,9.999,124.6668,20.32,13831.639958769714,0.043,0
2026-10-06T09:50:59Z,2.704,19.1179,0.3189,1.6443,42.403,37.417206,7.14,77.224,9.999,124.5616,19.98,13814.815925324585,0.038,0
2026-10-06T09:50:59Z,2.717,19.1176,0.3254,1.5808,42.424,37.435409,7.1468,77.192,9.999,124.5809,19.826,13831.792186085559,0.034,0
2026-10-06T09:50:59Z,2.722,19.1174,0.3234,1.6078,42.459,37.465136,7.1487,77.153,9.999,124.556,19.753,13859.3222002125,0.031,0
2026-10-06T09:50:59Z,2.726,19.1175,0.3193,1.6641,42.453,37.459353,7.1466,77.131,9.999,124.433,19.646,13853.916807699823,0.029,0
2026-10-06T09:50:59Z,2.731,19.1166,0.3424,1.7828,42.418,37.428945,7.1469,77.143,9.999,124.5561,19.521,13826.611366081308,0.027,0
2026-10-06T09:50:59Z,2.738,19.1157,0.361,1.8137,42.401,37.414746,7.1427,77.168,9.999,124.668,19.328,13814.24027451818,0.026,0
2026-10-06T09:50:59Z,2.747,19.1151,0.3369,1.6955,42.401,37.414589,7.1395,77.193,9.999,124.4095,19.102,13814.55583385597,0.027,0
2026-10-06T09:50:59Z,2.755,19.1146,0.3084,1.618,42.416,37.427047,7.1352,77.211,10,123.1516,18.957,13826.399873144446,0.028,0
2026-10-06T09:50:59Z,2.762,19.1144,0.3246,1.6965,42.429,37.43847,7.1386,77.205,10,121.1604,18.841,13837.067128480541,0.028,0
2026-10-06T09:50:59Z,2.768,19.1145,0.3656,1.8591,42.415,37.42579,7.1406,77.185,10,120.1228,18.687,13825.319380468598,0.028,0
2026-10-06T09:50:59Z,2.775,19.1145,0.364,1.9104,42.387,37.400637,7.1429,77.16,10,120.3286,18.551,13802.186931100676,0.028,0
2026-10-06T09:50:59Z,2.781,19.1143,0.3298,1.8035,42.373,37.388165,7.146,77.131,10.001,120.8953,18.398,13790.879044231413,0.027,0
2026-10-06T09:50:59Z,2.788,19.1141,0.3353,1.7623,42.388,37.401901,7.1446,77.109,10.002,121.4675,18.167,13803.654977529202,0.027,0
2026-10-06T09:50:59Z,2.796,19.114,0.3727,1.8908,42.431,37.439807,7.1423,77.103,10.002,121.6555,17.986,13838.603889150827,0.026,0
2026-10-06T09:50:59Z,2.804,19.1141,0.3905,1.9903,42.46,37.465756,7.1404,77.109,10.001,121.3614,17.906,13862.431021077642,0.026,0
2026-10-06T09:50:59Z,2.809,19.114,0.3758,1.9068,42.456,37.461832,7.1374,77.129,10.001,121.1804,17.792,13858.891393566893,0.025,0
2026-10-06T09:50:59Z,2.815,19.1139,0.3447,1.8032,42.45,37.455811,7.1345,77.165,10.002,121.3599,17.632,13853.420058201555,0.024,0
2026-10-06T09:50:59Z,2.822,19.1139,0.3471,1.8309,42.451,37.456414,7.1348,77.22,10.002,121.7257,17.518,13853.975304523537,0.022,0
2026-10-06T09:50:59Z,2.827,19.1138,0.3802,1.8996,42.466,37.469116,7.1347,77.273,10.002,122.0753,17.426,13865.75830335263,0.02,0
2026-10-06T09:50:59Z,2.833,19.1137,0.3957,1.9506,42.482,37.482482,7.137,77.3,10.002,122.3176,17.313,13878.160075823118,0.017,0
2026-10-06T09:50:59Z,2.838,19.1134,0.3761,1.9017,42.492,37.491111,7.1396,77.3,10.002,122.418,17.225,13886.351875146955,0.014,0
2026-10-06T09:50:59Z,2.84,19.1129,0.3345,1.8209,42.514,37.509996,7.1457,77.287,10.002,122.2562,17.187,13904.170625703799,0.012,0
2026-10-06T09:50:59Z,2.841,19.1126,0.3339,1.8956,42.527,37.520456,7.152,77.285,10.003,121.996,17.173,13914.064357459562,0.012,0
2026-10-06T09:50:59Z,2.842,19.1121,0.3689,1.9173,42.494,37.490665,7.1541,77.271,10.003,122.0258,17.158,13886.943283738181,0.016,0
2026-10-06T09:50:59Z,2.844,19.1112,0.3827,1.8439,42.467,37.46707,7.1545,77.214,10.003,122.4441,17.099,13865.874302850538,0.024,0
2026-10-06T09:50:59Z,2.849,19.1103,0.3679,1.8284,42.492,37.488987,7.1512,77.154,10.002,122.9239,16.925,13886.783498883578,0.031,0
2026-10-06T09:50:59Z,2.859,19.1096,0.3488,1.8321,42.507,37.501842,7.1524,77.123,10.002,123.0948,16.601,13899.189655222086,0.036,0
2026-10-06T09:50:59Z,2.876,19.109,0.3673,1.8883,42.499,37.495592,7.1538,77.09,10.002,123.1342,16.271,13893.881752770989,0.038,0
2026-10-06T09:50:59Z,2.891,19.1087,0.4,1.8595,42.477,37.476868,7.1455,77.045,10.002,123.1414,16.106,13876.834205830773,0.037,0
2026-10-06T09:50:59Z,2.9,19.1086,0.3867,1.6888,42.465,37.465827,7.1385,76.999,10.001,123.1823,16.028,13866.728873877335,0.036,0
2026-10-06T09:50:59Z,2.904,19.1087,0.3395,1.6001,42.492,37.489002,7.1381,76.974,10,123.4563,15.967,13888.02934802442,0.033,0
2026-10-06T09:50:59Z,2.908,19.1091,0.3207,1.7091,42.509,37.503257,7.1348,76.99,10,123.7021,15.915,13900.880021338808,0.029,0
2026-10-06T09:50:59Z,2.913,19.1093,0.3498,1.8797,42.519,37.511272,7.13,77.016,10,123.8315,15.731,13908.127846172834,0.026,0
2026-10-06T09:50:59Z,2.924,19.1088,0.3672,1.8531,42.532,37.522456,7.1258,77.031,10,123.8156,15.464,13918.847284047048,0.025,0
2026-10-06T09:50:59Z,2.935,19.1082,0.3401,1.6941,42.52,37.511568,7.1213,77.04,10,123.5958,15.349,13909.25012477584,0.023,0
2026-10-06T09:50:59Z,2.94,19.1074,0.3213,1.631,42.515,37.506529,7.1254,77.038,10,123.5832,15.33,13905.213680898143,0.02,0
2026-10-06T09:50:59Z,2.942,19.1068,0.3405,1.7052,42.535,37.524988,7.1286,77.04,10,123.921,15.292,13922.733978011762,0.015,0
2026-10-06T09:50:59Z,2.943,19.1062,0.3722,1.8399,42.557,37.544389,7.1287,77.041,10.001,124.2385,15.266,13941.140117833493,0.011,0
2026-10-06T09:50:59Z,2.944,19.1058,0.3717,1.8584,42.565,37.550735,7.1315,77.043,10.001,124.4105,15.238,13947.322107678789,0.009,0
2026-10-06T09:50:59Z,2.946,19.1058,0.3336,1.7246,42.551,37.538262,7.129,77.06,10.001,124.4522,15.19,13935.782024515878,0.009,0
2026-10-06T09:50:59Z,2.948,19.1055,0.3119,1.6231,42.532,37.520494,7.1305,77.089,10.002,124.2266,15.158,13919.585443819695,0.012,0
2026-10-06T09:50:59Z,2.95,19.1053,0.3342,1.6891,42.539,37.526269,7.1306,77.136,10.003,123.92,15.128,13925.078565139922,0.018,0
2026-10-06T09:50:59Z,2.954,19.1053,0.3786,1.8396,42.559,37.54463,7.1293,77.188,10.002,123.8415,15.056,13942.060039819826,0.026,0
2026-10-06T09:50:59Z,2.959,19.1049,0.3819,1.8378,42.568,37.55212,7.1326,77.23,10.001,123.9663,14.926,13949.30102835668,0.033,0
2026-10-06T09:50:59Z,2.969,19.1046,0.3411,1.7015,42.57,37.553378,7.1336,77.254,10.001,124.2245,14.642,13950.697679256706,0.036,0
2026-10-06T09:50:59Z,2.986,19.1044,0.3264,1.6255,42.578,37.559837,7.1393,77.236,10.001,124.2953,14.301,13956.83109781685,0.036,0
2026-10-06T09:50:59Z,3.002,19.1042,0.3543,1.6706,42.587,37.566755,7.1447,77.186,10.001,124.1352,14.147,13963.391462426205,0.034,0
2026-10-06T09:50:59Z,3.009,19.1038,0.3871,1.7686,42.596,37.573574,7.148,77.126,10.001,124.0956,14.109,13970.018260431665,0.03,0
2026-10-06T09:50:59Z,3.011,19.1026,0.3813,1.7518,42.603,37.578823,7.1525,77.062,10.001,124.1605,14.076,13975.813796848419,0.025,0
2026-10-06T09:50:59Z,3.012,19.1017,0.3499,1.6714,42.591,37.566766,7.1499,77.017,10.002,124.3171,14.044,13965.341897584629,0.022,0
2026-10-06T09:50:59Z,3.016,19.1011,0.3489,1.7199,42.578,37.554701,7.1443,76.997,10.003,124.4401,13.969,13954.634492529136,0.023,0
2026-10-06T09:50:59Z,3.021,19.0999,0.3781,1.8594,42.584,37.559855,7.1396,76.991,10.002,124.4432,13.827,13960.33770929666,0.028,0
2026-10-06T09:50:59Z,3.029,19.0982,0.3953,1.9246,42.591,37.565624,7.1326,76.995,10.002,124.441,13.613,13967.000588083989,0.032,0
2026-10-06T09:50:59Z,3.042,19.0969,0.3736,1.8588,42.586,37.560995,7.1279,77.001,10.002,124.3274,13.369,13963.721056357792,0.035,0
2026-10-06T09:50:59Z,3.056,19.0964,0.3483,1.8144,42.593,37.56734,7.1277,77.009,10.003,124.1881,13.205,13969.986764053701,0.038,0
2026-10-06T09:50:59Z,3.065,19.0962,0.3653,1.9004,42.606,37.578886,7.1264,77.027,10.004,124.3061,13.14,13980.84279836472,0.039,0
2026-10-06T09:50:59Z,3.07,19.0957,0.3951,1.9764,42.6,37.573694,7.1272,77.032,10.003,124.5489,13.047,13976.418501896425,0.039,0
2026-10-06T09:50:59Z,3.078,19.0953,0.4095,1.9479,42.595,37.568017,7.1285,77.016,10.001,124.7151,12.836,13971.467682687482,0.036,0
2026-10-06T09:50:59Z,3.091,19.0952,0.3893,1.8295,42.602,37.5737,7.1278,76.993,10.001,124.8526,12.595,13976.81159064911,0.032,0
2026-10-06T09:50:59Z,3.104,19.0953,0.3665,1.7737,42.608,37.57895,7.1313,76.963,10,124.921,12.49,13981.599767551608,0.03,0
2026-10-06T09:50:59Z,3.111,19.0952,0.3841,1.8886,42.596,37.568037,7.1321,76.934,10,124.9397,12.462,13971.562206799916,0.028,0
2026-10-06T09:50:59Z,3.113,19.0951,0.3774,1.8867,42.597,37.568672,7.129,76.909,9.999,124.9928,12.399,13972.228331991791,0.025,0
2026-10-06T09:50:59Z,3.117,19.0944,0.3354,1.7846,42.618,37.586621,7.1282,76.871,9.997,124.9611,12.342,13989.412308532867,0.022,0
2026-10-06T09:50:59Z,3.122,19.0939,0.3184,1.8496,42.628,37.594689,7.1247,76.816,9.997,124.8998,12.262,13997.285049529642,0.022,0
2026-10-06T09:50:59Z,3.129,19.0937,0.337,1.9897,42.638,37.602761,7.1216,76.756,9.998,125.0263,12.16,14004.930774298795,0.027,0
2026-10-06T09:50:59Z,3.136,19.0934,0.3692,2.1126,42.659,37.620766,7.1209,76.744,9.997,125.1994,12.101,14021.881075406549,0.033,0
2026-10-06T09:50:59Z,3.142,19.0928,0.3666,2.1054,42.661,37.622016,7.1164,76.801,9.996,125.1872,12.002,14023.509843779124,0.037,0
2026-10-06T09:50:59Z,3.152,19.0921,0.3296,1.9706,42.657,37.617875,7.1125,76.844,9.994,125.0506,11.749,14020.208923554588,0.038,0
2026-10-06T09:50:59Z,3.169,19.0913,0.3132,1.9177,42.677,37.634147,7.1047,76.855,9.993,125.0103,11.499,14035.950587591473,0.037,0
2026-10-06T09:50:59Z,3.184,19.0906,0.3354,2.0126,42.671,37.628402,7.1006,76.871,9.993,125.0434,11.418,14031.15683969519,0.036,0
2026-10-06T09:50:59Z,3.189,19.0894,0.3733,2.161,42.652,37.611858,7.1124,76.865,9.993,125.1073,11.38,14016.72352845619,0.034,0
2026-10-06T09:50:59Z,3.193,19.0883,0.3718,2.1745,42.667,37.62448,7.1164,76.844,9.993,125.2664,11.313,14029.306598129735,0.033,0
2026-10-06T09:50:59Z,3.198,19.0873,0.3341,2.1083,42.701,37.654102,7.1139,76.854,9.993,125.3325,11.266,14057.63110095261,0.033,0
2026-10-06T09:50:59Z,3.204,19.0868,0.3175,2.078,42.773,37.716191,7.1187,76.849,9.992,125.2178,11.151,14115.868620760146,0.037,0
2026-10-06T09:50:59Z,3.217,19.0865,0.3375,2.047,42.949,37.867543,7.1184,76.828,9.99,125.0838,10.942,14257.744951909099,0.044,0
2026-10-06T09:50:59Z,3.232,19.086,0.3753,2.1094,43.137,38.024579,7.1117,76.83,9.988,125.0892,10.782,14406.049154338321,0.05,0
2026-10-06T09:50:59Z,3.244,19.0854,0.3758,2.1832,43.229,38.091925,7.1174,76.811,9.987,125.1974,10.647,14470.258739524397,0.052,0
2026-10-06T09:50:59Z,3.258,19.0843,0.3345,2.2227,43.418,38.237605,7.1173,76.756,9.987,125.2735,10.424,14609.615858215602,0.052,0
2026-10-06T09:50:59Z,3.276,19.0808,0.3098,2.279,43.691,38.453335,7.1111,76.663,9.986,125.4071,10.228,14819.089196958972,0.048,0
2026-10-06T09:50:59Z,3.289,19.0731,0.3186,2.283,43.82,38.542685,7.1177,76.498,9.986,125.5217,10.141,14911.605083314365,0.042,0
2026-10-06T09:50:59Z,3.297,19.0577,0.3411,2.2711,43.933,38.619851,7.1167,76.242,9.986,125.4557,10.059,14999.144766246287,0.037,0
2026-10-06T09:50:59Z,3.305,19.0308,0.332,2.2037,44.106,38.751722,7.1155,75.902,9.986,125.3835,9.9845,15150.125783055122,0.032,0
2026-10-06T09:50:59Z,3.311,19.0011,0.2907,2.185,44.26,38.86792,7.1128,75.491,9.986,125.336,9.9621,15289.229859921896,0.029,0
2026-10-06T09:50:59Z,3.315,18.9727,0.2744,2.3874,44.37,38.945945,7.1024,75.029,9.986,125.4841,9.9071,15390.468822335259,0.027,0
2026-10-06T09:50:59Z,3.321,18.9468,0.293,2.6006,44.38,38.933577,7.0813,74.538,9.986,125.8841,9.793,15400.556190378788,0.026,0
2026-10-06T09:50:59Z,3.331,18.9252,0.3081,2.5768,44.383,38.908727,7.0531,74.035,9.986,126.1277,9.693,15394.599363248084,0.023,0
2026-10-06T09:50:59Z,3.34,18.9031,0.2907,2.4404,44.407,38.8993,7.0173,73.526,9.987,126.1931,9.6467,15404.3277193458,0.021,0
2026-10-06T09:50:59Z,3.345,18.8851,0.2656,2.3864,44.42,38.883016,6.9757,73.004,9.987,126.1581,9.6216,15403.736413362796,0.02,0
2026-10-06T09:50:59Z,3.347,18.8624,0.2791,2.4706,44.465,38.902176,6.9335,72.526,9.988,126.0489,9.5925,15442.346265458324,0.019,0
2026-10-06T09:50:59Z,3.348,18.828,0.3207,2.6396,44.514,38.940562,6.8898,72.171,9.989,126.1639,9.56,15510.353925041529,0.019,0
2026-10-06T09:50:59Z,3.352,18.794,0.3355,2.6196,44.465,38.902915,6.8494,71.922,9.988,126.5153,9.5027,15502.433512453452,0.02,0
2026-10-06T09:50:59Z,3.358,18.7604,0.3086,2.4335,44.3,38.76429,6.8032,71.756,9.987,126.7699,9.4202,15393.705173360591,0.022,0
2026-10-06T09:50:59Z,3.366,18.7325,0.2949,2.4386,44.177,38.660576,6.7575,71.672,9.986,126.8335,9.3454,15314.933622793518,0.024,0
2026-10-06T09:50:59Z,3.373,18.7302,0.3203,2.5784,44.099,38.600818,6.7275,71.645,9.986,126.7682,9.2846,15257.808397836247,0.025,0
2026-10-06T09:50:59Z,3.38,18.7446,0.3404,2.6205,44.027,38.549452,6.7031,71.678,9.987,126.6692,9.2036,15194.834756518028,0.025,0
2026-10-06T09:50:59Z,3.387,18.7482,0.33,2.5379,44.007,38.547192,6.6856,71.806,9.987,126.6678,9.1209,15189.539683809817,0.023,0
2026-10-06T09:50:59Z,3.393,18.7491,0.3026,2.4002,44.012,38.573513,6.6802,72.022,9.987,126.7521,9.0619,15214.701494786053,0.02,0
2026-10-06T09:50:59Z,3.398,18.7609,0.2926,2.4245,44.029,38.61389,6.6755,72.284,9.988,126.8284,9.0156,15244.433540178814,0.017,0
2026-10-06T09:50:59Z,3.402,18.7733,0.3175,2.5915,43.909,38.527747,6.6752,72.564,9.988,126.8162,8.9936,15149.054850146846,0.017,0
2026-10-06T09:50:59Z,3.405,18.7893,0.3452,2.6779,43.561,38.230028,6.685,72.836,9.988,126.5179,8.9829,14845.032618947287,0.019,0
2026-10-06T09:50:59Z,3.406,18.8159,0.3357,2.6485,43.293,37.996744,6.7041,73.076,9.988,126.0607,8.9662,14598.176275876167,0.023,0
2026-10-06T09:50:59Z,3.41,18.8482,0.2942,2.5444,43.275,37.99162,6.724,73.28,9.987,125.934,8.8763,14566.920282622987,0.026,0
2026-10-06T09:50:59Z,3.42,18.8752,0.2848,2.5115,43.383,38.104626,6.7475,73.443,9.986,126.1049,8.6867,14653.154963662837,0.026,0
2026-10-06T09:50:59Z,3.434,18.8792,0.3138,2.5925,43.567,38.284337,6.7736,73.608,9.986,126.3209,8.5469,14822.958575506911,0.026,0
2026-10-06T09:50:59Z,3.444,18.8735,0.311,2.6357,43.744,38.451153,6.7957,73.857,9.986,126.3943,8.5099,14989.54844089557,0.024,0
2026-10-06T09:50:59Z,3.447,18.8872,0.2848,2.6244,43.77,38.471685,6.8141,74.232,9.986,126.045,8.5023,14998.044330666336,0.02,0
2026-10-06T09:50:59Z,3.447,18.9117,0.2798,2.6262,43.635,38.34221,6.8245,74.652,9.986,125.5396,8.5007,14851.949341367334,0.017,0
2026-10-06T09:50:59Z,3.448,18.9362,0.2928,2.6916,43.505,38.218293,6.8325,74.933,9.985,125.3598,8.4832,14712.254039749418,0.016,0
2026-10-06T09:50:59Z,3.45,18.9523,0.2999,2.7322,43.54,38.242566,6.8524,75.022,9.985,125.5062,8.4279,14722.342225655106,0.017,0
2026-10-06T09:50:59Z,3.457,18.9467,0.283,2.6042,43.634,38.318401,6.8886,74.96,9.985,125.8464,8.315,14799.95585916782,0.018,0
2026-10-06T09:50:59Z,3.467,18.929,0.2633,2.4429,43.702,38.373699,6.9409,74.829,9.985,125.9461,8.2057,14868.035494947782,0.019,0
2026-10-06T09:50:59Z,3.474,18.9175,0.2614,2.3866,43.809,38.466954,6.9683,74.73,9.985,125.5928,8.1684,14968.045545725194,0.02,0
2026-10-06T09:50:59Z,3.476,18.9126,0.2846,2.4359,43.915,38.557519,6.9744,74.6,9.985,125.2747,8.1449,15060.343834684661,0.02,0
2026-10-06T09:50:59Z,3.477,18.9031,0.3027,2.5271,44.023,38.64374,6.9712,74.428,9.984,125.1977,8.1119,15152.665856856225,0.019,0
2026-10-06T09:50:59Z,3.481,18.8975,0.2889,2.5667,44.157,38.747934,6.9487,74.272,9.984,125.2641,8.05,15259.735998738646,0.019,0
2026-10-06T09:50:59Z,3.488,18.8993,0.292,2.6424,44.234,38.801953,6.9492,74.149,9.983,125.3888,7.9501,15311.4106255492,0.019,0
2026-10-06T09:50:59Z,3.495,18.8985,0.2993,2.7584,44.233,38.78918,6.9351,74.059,9.983,125.5868,7.8711,15299.502637546162,0.019,0
2026-10-06T09:50:59Z,3.501,18.8888,0.2941,2.7734,44.238,38.783863,6.9166,73.876,9.982,125.7652,7.8191,15302.571473767479,0.019,0
2026-10-06T09:50:59Z,3.506,18.8713,0.2952,2.6529,44.264,38.801119,6.9075,73.555,9.982,125.6527,7.789,15334.616118419455,0.018,0
2026-10-06T09:50:59Z,3.509,18.8537,0.2794,2.4638,44.275,38.807432,6.893,73.201,9.981,125.432,7.7585,15355.988466524594,0.016,0
2026-10-06T09:50:59Z,3.512,18.8407,0.2866,2.4333,44.268,38.796719,6.896,72.876,9.981,125.4188,7.7046,15356.580282997642,0.016,0
2026-10-06T09:50:59Z,3.516,18.8306,0.3406,2.5922,44.277,38.798507,6.8818,72.6,9.982,125.7516,7.667,15367.047370786482,0.018,0
2026-10-06T09:50:59Z,3.519,18.8246,0.3829,2.6767,44.392,38.892508,6.8459,72.395,9.982,126.1861,7.621,15465.486723890586,0.02,0
2026-10-06T09:50:59Z,3.524,18.8213,0.3734,2.6014,44.572,39.044823,6.8126,72.256,9.982,126.2838,7.5152,15620.262166346352,0.022,0
2026-10-06T09:50:59Z,3.533,18.8157,0.3342,2.4675,44.73,39.18055,6.7834,72.164,9.981,125.987,7.3946,15761.372361587039,0.023,0
2026-10-06T09:50:59Z,3.541,18.8093,0.3163,2.5262,45.116,39.518197,6.7567,72.112,9.98,125.523,7.3161,16109.224982162876,0.028,0
2026-10-06T09:50:59Z,3.546,18.8008,0.324,2.7996,45.839,40.144544,6.7395,72.059,9.978,125.5783,7.2749,16764.30563563805,0.035,0
2026-10-06T09:50:59Z,3.55,18.793,0.3269,2.9368,46.389,40.597724,6.7287,71.935,9.975,126.1388,7.2241,17250.321973099988,0.04,0
2026-10-06T09:50:59Z,3.558,18.7915,0.3015,2.8523,46.553,40.681993,6.7198,71.716,9.969,126.4493,7.0806,17341.72885890288,0.043,0
2026-10-06T09:50:59Z,3.576,18.7922,0.266,2.8032,46.678,40.719104,6.7158,71.41,9.963,126.579,6.8663,17380.747289238305,0.045,0
2026-10-06T09:50:59Z,3.597,18.7933,0.2812,2.8902,46.838,40.792471,6.7144,70.982,9.958,126.7607,6.7366,17458.323566384333,0.047,0
2026-10-06T09:50:59Z,3.609,18.7691,0.3266,2.9481,46.916,40.807383,6.7066,70.387,9.953,127.0984,6.7078,17498.204425443553,0.047,0
2026-10-06T09:50:59Z,3.614,18.695,0.341,2.9222,46.996,40.835872,6.6951,69.662,9.948,127.5642,6.6548,17602.35260940267,0.043,0
2026-10-06T09:50:59Z,3.623,18.6082,0.323,2.8163,47.086,40.883012,6.6792,68.877,9.943,127.8326,6.5473,17740.24747177308,0.036,0
2026-10-06T09:50:59Z,3.634,18.5371,0.2906,2.7267,47.104,40.869587,6.6525,68.091,9.938,128.0206,6.4478,17797.142040586965,0.03,0
2026-10-06T09:50:59Z,3.644,18.4789,0.2824,2.7957,47.057,40.800447,6.6018,67.377,9.934,128.117,6.3959,17780.228603104377,0.028,0
2026-10-06T09:50:59Z,3.65,18.4382,0.3069,2.8297,47.022,40.745132,6.5362,66.722,9.93,127.9659,6.375,17760.744284515145,0.031,0
2026-10-06T09:50:59Z,3.652,18.409300000000002,0.3298,2.7963,47.296,40.962332,6.4669,66.121,9.924,127.8281,6.3493,18028.980854403446,0.036,0
2026-10-06T09:50:59Z,3.656,18.3784,0.317,2.8357,47.753,41.332137,6.3906,65.606,9.917,127.9135,6.2958,18473.0881549296,0.04,0
2026-10-06T09:50:59Z,3.666,18.3458,0.2778,2.931,47.885,41.408352,6.332,65.177,9.91,128.1377,6.1718,18593.283693763664,0.043,0
2026-10-06T09:50:59Z,3.686,18.3171,0.2718,3.06,47.895,41.376087,6.2733,64.812,9.903,128.2162,6.0005,18587.246663544272,0.044,0
2026-10-06T09:50:59Z,3.708,18.3009,0.303,3.0971,48.02,41.449715,6.2169,64.419,9.897,128.1733,5.91,18687.73913790534,0.042,0
2026-10-06T09:50:59Z,3.719,18.2819,0.3134,2.9706,48.161,41.536929,6.1719,63.896,9.891,128.1353,5.9101,18807.110032152716,0.037,0
2026-10-06T09:50:59Z,3.721,18.232,0.2722,2.7936,48.358,41.668926,6.1368,63.222,9.886,128.0155,5.9063,19011.81528227549,0.031,0
2026-10-06T09:50:59Z,3.723,18.1854,0.2297,2.7681,48.603,41.83972,6.1128,62.484,9.881,127.9292,5.8882,19259.65039852094,0.023,0
2026-10-06T09:50:59Z,3.726,18.1571,0.2408,2.901,48.789,41.951736,6.0825,61.764,9.877,128.0377,5.8512,19421.061993077274,0.018,0
2026-10-06T09:50:59Z,3.732,18.1194,0.2645,2.9315,48.84,41.944258,6.04,61.09,9.872,128.1235,5.7931,19454.278086554343,0.017,0
2026-10-06T09:50:59Z,3.74,18.0802,0.276,2.7946,48.815,41.87618,5.976,60.498,9.867,127.9341,5.7546,19418.452736215822,0.017,0
2026-10-06T09:50:59Z,3.745,18.0421,0.2877,2.6816,48.794,41.826724,5.9084,60.045,9.863,127.7267,5.7431,19403.102200702568,0.016,0
2026-10-06T09:50:59Z,3.748,17.991,0.2808,2.6925,48.769,41.79053,5.8458,59.772,9.859,127.7667,5.7443,19417.687184951003,0.015,0
2026-10-06T09:50:59Z,3.749,17.9334,0.2843,2.7896,48.733,41.755882,5.7881,59.671,9.855,127.9014,5.7407,19441.359766388996,0.014,0
2026-10-06T09:50:59Z,3.751,17.8828,0.2972,2.7966,48.692,41.725142,5.7354,59.692,9.85,127.9794,5.7142,19461.8470580789,0.012,0
2026-10-06T09:50:59Z,3.756,17.8491,0.2862,2.6741,48.617,41.672734,5.6953,59.832,9.845,127.9344,5.682,19437.998925458134,0.012,0
2026-10-06T09:50:59Z,3.76,17.8369,0.2761,2.6076,48.474,41.566528,5.6701,60.063,9.842,127.7872,5.6558,19327.10987199085,0.013,0
2026-10-06T09:50:59Z,3.763,17.8344,0.2669,2.607,48.326,41.456536,5.6643,60.288,9.838,127.7487,5.629,19201.426727824597,0.014,0
2026-10-06T09:50:59Z,3.766,17.8375,0.275,2.7345,48.266,41.42181,5.6653,60.487,9.834,127.8995,5.6081,19157.566619833364,0.014,0
2026-10-06T09:50:59Z,3.768,17.8535,0.2904,2.9203,48.223,41.400557,5.6751,60.678,9.83,128.0612,5.5809,19115.25829289075,0.015,0
2026-10-06T09:50:59Z,3.773,17.8709,0.2956,2.9065,48.121,41.326524,5.7031,60.877,9.826,128.0701,5.5506,19010.365960479605,0.017,0
2026-10-06T09:50:59Z,3.778,17.886,0.3047,2.8403,48.066,41.288318,5.7203,61.097,9.823,128.0928,5.5409,18949.747722909422,0.02,0
2026-10-06T09:50:59Z,3.782,17.9077,0.2999,2.9398,48.094,41.319424,5.7368,61.317,9.821,128.249,5.5109,18962.043350195825,0.022,0
2026-10-06T09:50:59Z,3.787,17.9229,0.3128,3.1184,48.086,41.321827,5.7523,61.472,9.818,128.4962,5.4162,18948.281466151475,0.022,0
2026-10-06T09:50:59Z,3.796,17.9361,0.3191,3.1218,48.071,41.317392,5.7688,61.502,9.813,128.7588,5.3364,18928.825298486194,0.021,0
2026-10-06T09:50:59Z,3.803,17.9481,0.2929,2.9467,48.156,41.39274,5.789,61.435,9.81,128.8431,5.3302,19002.68781709842,0.021,0
2026-10-06T09:50:59Z,3.806,17.9514,0.2789,2.9144,48.253,41.471238,5.8118,61.336,9.808,128.8271,5.3251,19089.859070132225,0.022,0
2026-10-06T09:50:59Z,3.81,17.9619,0.2824,3.1072,48.302,41.504886,5.8283,61.199,9.805,128.8234,5.2906,19117.3306518445,0.022,0
2026-10-06T09:50:59Z,3.815,17.9732,0.3109,3.2961,48.357,41.545686,5.8285,60.996,9.803,128.8848,5.255,19152.227947475847,0.021,0
2026-10-06T09:50:59Z,3.822,17.976,0.3151,3.2856,48.406,41.583731,5.818,60.75,9.8,129.0533,5.2101,19193.30197716593,0.019,0
2026-10-06T09:50:59Z,3.83,17.9707,0.2747,3.1515,48.409,41.584068,5.8101,60.494,9.797,129.1395,5.167,19199.528558236576,0.019,0
2026-10-06T09:50:59Z,3.835,17.9583,0.2562,3.0747,48.373,41.549762,5.8014,60.279,9.794,129.0663,5.1549,19173.334962092053,0.018,0
2026-10-06T09:50:59Z,3.836,17.9514,0.2826,3.1422,48.378,41.549747000000004,5.78,60.126,9.792,129.0282,5.1533,19180.90950510867,0.016,0
2026-10-06T09:50:59Z,3.838,17.9495,0.3189,3.2847,48.573,41.710809,5.7575,60.008,9.791,129.1093,5.132,19370.66801658735,0.016,0
2026-10-06T09:50:59Z,3.842,17.9463,0.3123,3.2607,48.973,42.037353,5.7306,59.904,9.79,129.2736,5.0975,19758.308574418166,0.017,0
2026-10-06T09:50:59Z,3.846,17.9433,0.278,3.1254,49.277,42.260996,5.7097,59.821,9.787,129.2938,5.0581,20027.544154457453,0.019,0
2026-10-06T09:50:59Z,3.851,17.939,0.2617,3.0828,49.327,42.25683,5.6974,59.753,9.785,129.0956,5.0028,20027.520829088462,0.021,0
2026-10-06T09:50:59Z,3.858,17.9343,0.2817,3.1217,49.348,42.240796,5.6875,59.678,9.784,129.0277,4.9267,20013.791816540055,0.025,0
2026-10-06T09:50:59Z,3.867,17.9242,0.304,3.1524,49.532,42.384451,5.6782,59.621,9.783,129.161,4.868,20197.41078546284,0.03,0
2026-10-06T09:50:59Z,3.872,17.8812,0.2892,3.112,49.797,42.597362,5.6752,59.604,9.78,129.3308,4.8383,20504.71040828179,0.034,0
2026-10-06T09:50:59Z,3.878,17.8221,0.2697,3.0766,49.917,42.657032,5.6779,59.611,9.778,129.4455,4.7646,20647.369980163206,0.036,0
2026-10-06T09:50:59Z,3.89,17.786,0.2595,3.0661,50.011,42.661566,5.6729,59.644,9.776,129.4298,4.6491,20695.94462790976,0.039,0
2026-10-06T09:50:59Z,3.905,17.7786,0.2748,3.1556,50.397,42.905966,5.6674,59.738,9.774,129.2265,4.5749,21005.156686676808,0.045,0
2026-10-06T09:50:59Z,3.916,17.7806,0.2878,3.3047,50.907,43.263442,5.6669,59.881,9.77,129.052,4.5518,21446.920786289822,0.052,0
2026-10-06T09:50:59Z,3.922,17.7374,0.2499,3.2983,51.182,43.429178,5.6727,60.006,9.766,129.127,4.5162,21708.985304114558,0.057,0
2026-10-06T09:50:59Z,3.935,17.6489,0.2154,3.2498,51.277,43.449891,5.6841,60.048,9.762,129.3594,4.3985,21846.749309351977,0.057,0
2026-10-06T09:50:59Z,3.96,17.5605,0.2048,3.2647,51.41,43.513805,5.7034,59.96,9.759,129.5379,4.2508,22040.648207395643,0.057,0
2026-10-06T09:50:59Z,3.982,17.4852,0.213,3.3413,51.594,43.630625,5.7298,59.71,9.754,129.565,4.1881,22287.63564049491,0.057,0
2026-10-06T09:50:59Z,3.992,17.4192,0.2479,3.3898,51.742,43.719749,5.7509,59.306,9.749,129.5158,4.1721,22488.982560997392,0.055,0
2026-10-06T09:50:59Z,3.999,17.3592,0.2522,3.305,51.843,43.766169,5.7638,58.784,9.746,129.459,4.1035,22628.295365761405,0.049,0
2026-10-06T09:50:59Z,4.013,17.3113,0.2145,3.2723,51.944,43.81099,5.7627,58.199,9.744,129.6523,4.0065,22750.346181899422,0.042,0
2026-10-06T09:50:59Z,4.026,17.2777,0.216,3.4382,52.074,43.880768,5.742,57.633,9.74,130.1326,3.9513,22886.862126625118,0.038,0
2026-10-06T09:50:59Z,4.035,17.2458,0.2714,3.6708,52.23,43.975037,5.706,57.169,9.736,130.448,3.9202,23054.2548722657,0.038,0
2026-10-06T09:50:59Z,4.041,17.2066,0.3179,3.6935,52.449,44.125552,5.6583,56.867,9.734,130.3681,3.8742,23307.618437044337,0.04,0
2026-10-06T09:50:59Z,4.049,17.1667,0.3121,3.5429,52.699,44.304097,5.6041,56.731,9.731,130.285,3.8286,23601.893443478995,0.04,0
2026-10-06T09:50:59Z,4.059,17.1284,0.2604,3.4547,52.878,44.419891,5.5505,56.683,9.728,130.8197,3.774,23811.598302050876,0.041,0
2026-10-06T09:50:59Z,4.072,17.092,0.2336,3.5156,53.029,44.509932,5.5086,56.718,9.726,131.6708,3.698,23985.029611231323,0.042,0
2026-10-06T09:50:59Z,4.087,17.0607,0.2536,3.6638,53.143,44.567522,5.4813,56.874,9.723,132.0578,3.6451,24107.861247258203,0.045,0
2026-10-06T09:50:59Z,4.097,17.0317,0.2695,3.6757,53.085,44.481367,5.4765,57.066,9.721,131.971,3.62,24030.97730306619,0.047,0
2026-10-06T09:50:59Z,4.105,16.9989,0.2519,3.5577,52.97,44.356891,5.4764,57.242,9.719,131.8264,3.574,23907.185211388038,0.047,0
2026-10-06T09:50:59Z,4.117,16.9632,0.2154,3.5349,52.958,44.332008,5.4777,57.411,9.716,132.0295,3.483,23923.38978939295,0.044,0
2026-10-06T09:50:59Z,4.134,16.928,0.2028,3.6724,52.934,44.307446,5.5042,57.531,9.713,132.4481,3.3945,23939.35050767755,0.041,0
2026-10-06T09:50:59Z,4.148,16.8898,0.2236,3.8549,52.864,44.250343,5.5289,57.596,9.708,132.5864,3.3658,23915.034412842157,0.039,0
2026-10-06T09:50:59Z,4.154,16.8595,0.2501,3.8962,52.813,44.212878,5.546,57.621,9.705,132.0666,3.3582,23906.426729645325,0.037,0
2026-10-06T09:50:59Z,4.158,16.8485,0.2486,3.7962,52.757,44.171848,5.5684,57.584,9.704,130.7232,3.3298,23865.77947187799,0.036,0
2026-10-06T09:50:59Z,4.165,16.8462,0.2233,3.7392,52.857,44.262083,5.5794,57.498,9.702,129.0778,3.2973,23992.591602224707,0.036,0
2026-10-06T09:50:59Z,4.175,16.8471,0.2187,3.8219,53.184,44.542172,5.5839,57.394,9.7,127.7452,3.2685,24377.437310657322,0.039,0
2026-10-06T09:50:59Z,4.185,16.854,0.2432,3.976,53.378,44.701883,5.5884,57.284,9.698,126.6552,3.2166,24589.334497509488,0.042,0
2026-10-06T09:50:59Z,4.199,16.8596,0.2527,4.0311,53.357,44.669668,5.5824,57.172,9.695,125.536,3.1328,24536.395088767506,0.042,0
2026-10-06T09:50:59Z,4.215,16.8653,0.2243,3.9751,53.444,44.723952,5.5723,57.063,9.693,124.4517,3.0743,24603.692794228868,0.039,0
2026-10-06T09:50:59Z,4.226,16.8755,0.1999,3.9482,53.776,44.977326,5.5608,56.946,9.692,123.0952,3.0603,24943.191282704465,0.035,0
2026-10-06T09:50:59Z,4.231,16.874,0.2169,4.0136,54.229,45.320941,5.5505,56.815,9.689,121.4387,3.0558,25430.97140931007,0.033,0
2026-10-06T09:50:59Z,4.234,16.8563,0.2545,4.1174,54.594,45.577568,5.5408,56.667,9.686,120.2542,3.0436,25824.40004856118,0.032,0
2026-10-06T09:50:59Z,4.239,16.8393,0.2554,4.1094,54.775,45.667849,5.5333,56.494,9.683,119.6152,3.0052,25980.302628266614,0.032,0
2026-10-06T09:50:59Z,4.249,16.8199,0.2191,3.9854,54.824,45.650675,5.5243,56.314,9.681,118.6161,2.9352,25985.295956210186,0.033,0
2026-10-06T09:50:59Z,4.262,16.7867,0.2063,3.9161,54.838,45.623765,5.5147,56.124,9.679,117.0357,2.8593,25997.42636694855,0.034,0
2026-10-06T09:50:59Z,4.275,16.7442,0.2262,4.0574,54.834,45.596368,5.5071,55.919,9.677,115.8213,2.8123,26023.1703971304,0.033,0
2026-10-06T09:50:59Z,4.284,16.6821,0.2589,4.3276,54.834,45.573313,5.4951,55.711,9.675,115.2913,2.7916,26085.502457158433,0.031,0
2026-10-06T09:50:59Z,4.289,16.6211,0.2685,4.3822,54.898,45.59891,5.4857,55.508,9.672,115.0152,2.7742,26217.230151382653,0.027,0
2026-10-06T09:50:59Z,4.293,16.5905,0.2346,4.2388,54.995,45.651898,5.4709,55.318,9.669,114.2034,2.7711,26342.29840347571,0.025,0
2026-10-06T09:50:59Z,4.297,16.574,0.2074,4.1653,55.095,45.7061,5.452,55.171,9.667,112.7892,2.7711,26447.55669287821,0.024,0
2026-10-06T09:50:59Z,4.302,16.5541,0.2224,4.2443,55.18,45.746375,5.4339,55.093,9.665,111.6827,2.7401,26538.022628561208,0.025,0
2026-10-06T09:50:59Z,4.309,16.5248,0.2577,4.4084,55.23,45.757929,5.4173,55.041,9.664,111.1495,2.6936,26601.265179265218,0.026,0
2026-10-06T09:50:59Z,4.319,16.5021,0.2512,4.4076,55.216,45.718795,5.401,54.996,9.661,110.816,2.6556,26579.41876928437,0.025,0
2026-10-06T09:50:59Z,4.328,16.4781,0.2029,4.2693,55.169,45.65407,5.3858,54.99,9.658,110.2324,2.6295,26521.883949906733,0.024,0
2026-10-06T09:50:59Z,4.335,16.4468,0.1734,4.2383,55.136,45.61013,5.3858,54.99,9.656,109.3414,2.6228,26506.469293383838,0.021,0
2026-10-06T09:50:59Z,4.338,16.4209,0.1774,4.3405,55.087,45.568386,5.3846,54.96,9.654,108.4748,2.6092,26485.75385704699,0.018,0
2026-10-06T09:50:59Z,4.34,16.3959,0.2011,4.4466,55.023,45.530226999999996,5.3791,54.916,9.653,107.8428,2.5728,26468.88318083688,0.015,0
2026-10-06T09:50:59Z,4.343,16.3702,0.1934,4.3934,54.989,45.529667,5.3848,54.876,9.651,107.2919,2.5488,26508.58199588769,0.015,0
2026-10-06T09:50:59Z,4.346,16.3531,0.1505,4.2789,55.149,45.688612,5.3882,54.86,9.649,106.8034,2.543,26771.209582271975,0.018,0
2026-10-06T09:50:59Z,4.349,16.351,0.1317,4.2572,55.508,45.991959,5.384,54.88,9.647,106.4104,2.5421,27227.912846007534,0.023,0
2026-10-06T09:50:59Z,4.353,16.3654,0.1572,4.336,55.733,46.150267,5.3778,54.899,9.647,105.8961,2.5295,27442.825601137803,0.028,0
2026-10-06T09:50:59Z,4.363,16.395,0.2093,4.48,55.789,46.142573,5.3701,54.898,9.647,105.4036,2.4795,27382.871029389415,0.031,0
2026-10-06T09:50:59Z,4.378,16.4247,0.2379,4.5295,55.873,46.152796,5.3634,54.897,9.646,105.2733,2.4225,27349.84597241487,0.031,0
2026-10-06T09:50:59Z,4.39,16.437,0.2117,4.4221,55.928,46.146826,5.3667,54.881,9.645,105.1814,2.3993,27320.853398199233,0.03,0
2026-10-06T09:50:59Z,4.394,16.4086,0.1667,4.2744,55.885,46.070327,5.3725,54.805,9.644,104.808,2.3847,27252.111065086596,0.027,0
2026-10-06T09:50:59Z,4.397,16.3505,0.168,4.2812,55.824,45.989602,5.3769,54.651,9.643,104.2866,2.3632,27225.179883182653,0.021,0
2026-10-06T09:50:59Z,4.402,16.2944,0.195,4.3673,55.777,45.932551,5.3844,54.466,9.642,103.6961,2.3512,27230.506915680573,0.016,0
2026-10-06T09:50:59Z,4.407,16.2493,0.1934,4.3588,55.737,45.888368,5.3895,54.308,9.641,103.5187,2.3496,27237.306605604706,0.014,0
2026-10-06T09:50:59Z,4.409,16.2116,0.173,4.3153,55.762,45.899748,5.3884,54.208,9.64,103.6902,2.3593,27315.898569478923,0.016,0
2026-10-06T09:50:59Z,4.411,16.1828,0.148,4.2513,56.055,46.133622,5.3731,54.163,9.639,103.4468,2.3605,27718.27266547843,0.022,0
2026-10-06T09:50:59Z,4.414,16.1697,0.1497,4.3361,56.581,46.557659,5.3549,54.171,9.639,102.8126,2.3356,28392.057191671465,0.03,0
2026-10-06T09:50:59Z,4.42,16.1624,0.1771,4.5216,56.948,46.836794,5.3386,54.217,9.639,102.2173,2.293,28839.07019786609,0.038,0
2026-10-06T09:50:59Z,4.432,16.1514,0.196,4.5806,57.08,46.905731,5.3308,54.231,9.638,102.0133,2.2302,28966.118853400792,0.044,0
2026-10-06T09:50:59Z,4.451,16.1459,0.1873,4.5712,57.107,46.883231,5.3275,54.171,9.636,102.0671,2.1675,28940.36226611725,0.047,0
2026-10-06T09:50:59Z,4.47,16.1439,0.1633,4.5445,57.222,46.945605,5.3267,54.042,9.634,101.835,2.1295,29041.77138135224,0.048,0
2026-10-06T09:50:59Z,4.482,16.1245,0.18,4.565,57.57,47.215438,5.3385,53.831,9.632,101.3582,2.0976,29502.153790833137,0.048,0
2026-10-06T09:50:59Z,4.488,16.0866,0.198,4.5462,57.919,47.479316,5.3449,53.509,9.631,100.9472,2.0663,29991.230365606123,0.045,0
2026-10-06T09:50:59Z,4.495,16.0404,0.1807,4.5215,58.121,47.596632,5.3435,53.098,9.629,100.7377,2.0437,30263.886825250782,0.04,0
2026-10-06T09:50:59Z,4.507,16.0079,0.1711,4.5743,58.226,47.618033,5.335,52.661,9.627,100.6328,2.0185,30357.759816373346,0.037,0
2026-10-06T09:50:59Z,4.52,16.0051,0.1737,4.6373,58.294,47.611018,5.3161,52.223,9.625,100.367,1.9967,30351.49710847372,0.036,0
2026-10-06T09:50:59Z,4.529,15.9959,0.195,4.7379,58.395,47.638716,5.2851,51.793,9.624,99.934,1.9793,30413.245827617135,0.036,0
2026-10-06T09:50:59Z,4.536,15.9475,0.2206,4.7656,58.532,47.69891,5.2457,51.383,9.622,99.526,1.9518,30600.083528691022,0.034,0
2026-10-06T09:50:59Z,4.543,15.8851,0.2246,4.7334,58.68,47.767364,5.2099,51.01,9.622,99.3063,1.9272,30827.59830805837,0.031,0
2026-10-06T09:50:59Z,4.552,15.8307,0.2025,4.6553,58.821,47.831434,5.1724,50.705,9.622,99.2558,1.9047,31034.57613313257,0.028,0
2026-10-06T09:50:59Z,4.56,15.7848,0.1615,4.5725,58.967,47.902115,5.1333,50.455,9.622,99.1739,1.8656,31237.857764755485,0.027,0
2026-10-06T09:50:59Z,4.566,15.744,0.1611,4.6551,59.132,47.987013,5.0983,50.245,9.621,99.0046,1.8265,31456.413455499016,0.028,0
2026-10-06T09:50:59Z,4.571,15.6975,0.2067,4.7664,59.327,48.096007,5.0631,50.103,9.618,98.6708,1.812,31727.708283037886,0.03,0
2026-10-06T09:50:59Z,4.577,15.6529,0.213,4.7568,59.522,48.204059,5.0388,49.998,9.617,98.1503,1.8058,31995.770903800603,0.031,0
2026-10-06T09:50:59Z,4.586,15.615,0.1715,4.7102,59.596,48.214076,5.0204,49.9,9.616,97.7864,1.7841,32086.31937615066,0.031,0
2026-10-06T09:50:59Z,4.598,15.573,0.1457,4.7482,59.575,48.153568,4.9997,49.802,9.615,97.6273,1.7571,32065.472607242813,0.032,0
2026-10-06T09:50:59Z,4.609,15.5308,0.1422,4.7728,59.632,48.170798,4.9934,49.653,9.613,97.2589,1.7374,32177.005065035457,0.034,0
2026-10-06T09:50:59Z,4.615,15.4902,0.1539,4.7342,59.722,48.231894,4.9885,49.431,9.61,96.6883,1.7193,32360.73977393966,0.038,0
2026-10-06T09:50:59Z,4.619,15.4454,0.1705,4.7258,59.673,48.193873,4.9819,49.14,9.608,96.2341,1.6866,32383.898526911875,0.04,0
2026-10-06T09:50:59Z,4.629,15.4061,0.16,4.6711,59.616,48.15552,4.9799,48.772,9.606,95.8975,1.6426,32395.672855402907,0.042,0
2026-10-06T09:50:59Z,4.644,15.3801,0.1525,4.6882,59.753,48.276108,4.9685,48.365,9.604,95.7156,1.6138,32654.330828631417,0.046,0
2026-10-06T09:50:59Z,4.66,15.3726,0.1791,4.9326,60.119,48.572568,4.9455,47.981,9.601,95.5832,1.5995,33182.738901500925,0.051,0
2026-10-06T09:50:59Z,4.672,15.3773,0.2074,5.166,60.533,48.882897,4.9178,47.621,9.598,95.3294,1.5803,33715.94389703125,0.054,0
2026-10-06T09:50:59Z,4.683,15.3819,0.2034,5.153,60.645,48.917162,4.8791,47.264,9.595,95.0558,1.5413,33766.73364237888,0.053,0
2026-10-06T09:50:59Z,4.698,15.3943,0.1804,5.015,60.512,48.732823,4.8329,46.914,9.592,94.77,1.4889,33418.172249791016,0.048,0
2026-10-06T09:50:59Z,4.716,15.402,0.1619,4.9321,60.387,48.558734,4.7951,46.539,9.589,94.4555,1.4563,33099.33064105556,0.043,0
2026-10-06T09:50:59Z,4.728,15.3838,0.1634,4.9705,60.321,48.462957,4.7621,46.044,9.586,94.1782,1.4492,32969.79499028575,0.038,0
2026-10-06T09:50:59Z,4.733,15.333,0.19,5.1032,60.312,48.463614,4.7306,45.385,9.582,93.913,1.4427,33073.16157161909,0.033,0
2026-10-06T09:50:59Z,4.737,15.2626,0.2015,5.1025,60.31,48.5032,4.7028,44.65,9.578,93.6579,1.434,33284.68931843342,0.028,0
2026-10-06T09:50:59Z,4.743,15.1935,0.1772,4.9624,60.254,48.497206,4.6777,44,9.576,93.4165,1.432,33414.96839874124,0.024,0
2026-10-06T09:50:59Z,4.749,15.1494,0.1372,4.8769,60.176,48.454682,4.6342,43.553,9.575,93.1452,1.4245,33430.390323097214,0.024,0
2026-10-06T09:50:59Z,4.754,15.1617,0.1091,4.9225,60.156,48.433513,4.5631,43.308,9.572,92.8734,1.4193,33368.0692597142,0.026,0
2026-10-06T09:50:59Z,4.759,15.2103,0.12,5.0704,60.188,48.431715,4.4782,43.236,9.569,92.625,1.4146,33265.93006294936,0.027,0
2026-10-06T09:50:59Z,4.768,15.2475,0.1446,5.0941,60.308,48.496399,4.4035,43.313,9.566,92.4655,1.3814,33303.48792582477,0.027,0
2026-10-06T09:50:59Z,4.779,15.2631,0.1314,4.9691,60.443,48.580644,4.3599,43.515,9.564,92.3205,1.3504,33419.25026989852,0.026,0
2026-10-06T09:50:59Z,4.786,15.2632,0.0934,4.8919,60.539,48.624913,4.3356,43.801,9.562,92.0766,1.3409,33496.70114906422,0.024,0
2026-10-06T09:50:59Z,4.791,15.2313,0.0856,4.9465,60.694,48.714149,4.3326,44.114,9.56,91.7545,1.3372,33719.22058352283,0.021,0
2026-10-06T09:50:59Z,4.796,15.1967,0.1113,5.1164,60.782,48.770665,4.3439,44.402,9.558,91.436,1.3368,33890.61491439722,0.018,0
2026-10-06T09:50:59Z,4.798,15.1902,0.1208,5.1364,60.671,48.673315,4.3662,44.63,9.556,91.2374,1.3267,33731.86907447991,0.017,0
2026-10-06T09:50:59Z,4.8,15.16,0.1088,4.949,60.545,48.552953,4.4003,44.781,9.555,91.0746,1.3112,33581.65853776321,0.019,0
2026-10-06T09:50:59Z,4.804,15.1157,0.1,4.8655,60.593,48.585173,4.4371,44.836,9.553,90.7584,1.3027,33729.80518334716,0.021,0
2026-10-06T09:50:59Z,4.81,15.1134,0.0975,4.9809,60.684,48.681931,4.4687,44.807,9.552,90.3388,1.2891,33906.05853462008,0.021,0
2026-10-06T09:50:59Z,4.819,15.1178,0.1284,5.1487,60.672,48.707015,4.49,44.717,9.551,90.0448,1.2664,33941.461155711375,0.021,0
2026-10-06T09:50:59Z,4.827,15.0867,0.1657,5.1526,60.625,48.698027,4.5108,44.595,9.549,89.9579,1.2488,33990.18296875732,0.02,0
2026-10-06T09:50:59Z,4.831,15.0742,0.1662,4.9939,60.596,48.700278,4.5158,44.481,9.548,89.8902,1.2389,34020.23547542,0.017,0
2026-10-06T09:50:59Z,4.833,15.1067,0.1587,4.8688,60.528,48.670782,4.5091,44.399,9.546,89.6567,1.2351,33900.17367838397,0.013,0
2026-10-06T09:50:59Z,4.836,15.1385,0.1587,4.9382,60.4,48.595386,4.4966,44.354,9.545,89.3715,1.2317,33700.80871167132,0.009,0
2026-10-06T09:50:59Z,4.838,15.1598,0.1657,5.1498,60.231,48.487096,4.4799,44.339,9.544,89.1082,1.2316,33466.10477137909,0.009,0
2026-10-06T09:50:59Z,4.838,15.1813,0.1687,5.2414,60.069,48.37735,4.4663,44.345,9.543,88.7972,1.2414,33229.704256333884,0.011,0
2026-10-06T09:50:59Z,4.839,15.2009,0.1615,5.1569,60.024,48.347828,4.4552,44.359,9.541,88.4506,1.2489,33138.33669468855,0.016,0
2026-10-06T09:50:59Z,4.842,15.2238,0.1455,5.0166,60.007,48.320626,4.4496,44.359,9.54,88.1002,1.2465,33044.58887979256,0.021,0
2026-10-06T09:50:59Z,4.85,15.2496,0.1333,4.9797,60.019,48.302398,4.4454,44.334,9.539,87.8305,1.2318,32960.86846554406,0.028,0
2026-10-06T09:50:59Z,4.859,15.2679,0.1463,5.0867000000000004,60.139,48.381359,4.4449,44.301,9.539,87.7714,1.2089,33061.36236353916,0.033,0
2026-10-06T09:50:59Z,4.867,15.2774,0.1622,5.1825,60.224,48.449937,4.4462,44.29,9.538,87.9007,1.1831,33161.65584528963,0.036,0
2026-10-06T09:50:59Z,4.879,15.2647,0.1676,5.1135,60.27,48.496663,4.4481,44.299,9.537,87.9308,1.1529,33268.98240184001,0.038,0
2026-10-06T09:50:59Z,4.893,15.231,0.1615,4.9017,60.261,48.501897,4.4483,44.303,9.536,87.7058,1.135,33346.68733752066,0.038,0
2026-10-06T09:50:59Z,4.9,15.2135,0.1635,4.8092,60.176,48.449738,4.4445,44.266,9.534,87.3323,1.127,33290.96002550452,0.037,0
2026-10-06T09:50:59Z,4.906,15.2189,0.1916,4.9172,60.138,48.437461,4.4439,44.183,9.533,86.9419,1.1049,33258.49405018262,0.034,0
2026-10-06T09:50:59Z,4.917,15.2299,0.2094,5.0116,60.18,48.480466,4.4437,44.043,9.533,86.8568,1.0812,33311.391625906974,0.03,0
2026-10-06T09:50:59Z,4.927,15.2382,0.1955,4.9253,60.233,48.525271,4.4464,43.823,9.533,87.0776,1.076,33372.96852571423,0.027,0
2026-10-06T09:50:59Z,4.931,15.2511,0.1659,4.7276,60.244,48.534757,4.44,43.54,9.532,87.0301,1.075,33363.29882418657,0.025,0
2026-10-06T09:50:59Z,4.936,15.2718,0.1676,4.7041,60.249,48.531673,4.4302,43.25,9.53,86.6273,1.062,33315.764163342836,0.022,0
2026-10-06T09:50:59Z,4.942,15.2788,0.1912,4.8466,60.299,48.55147,4.4177,42.995,9.53,86.3368,1.0497,33336.155387167164,0.02,0
2026-10-06T09:50:59Z,4.947,15.2762,0.1847,4.9821,60.449,48.647117,4.3941,42.74,9.53,86.2716,1.0477,33509.071416532584,0.022,0
2026-10-06T09:50:59Z,4.95,15.2809,0.1477,5.0451,60.905,48.989686,4.3646,42.495,9.529,86.2695,1.0465,34103.95048416729,0.028,0
2026-10-06T09:50:59Z,4.954,15.2769,0.1012,4.993,61.445,49.391792,4.3312,42.303,9.528,86.3111,1.0393,34830.621533911566,0.033,0
2026-10-06T09:50:59Z,4.962,15.2572,0.0963,5.0007,61.578,49.44536,4.3124,42.13,9.528,86.1724,1.0105,34969.102135810324,0.034,0
2026-10-06T09:50:59Z,4.978,15.2329,0.1303,5.0019,61.58,49.383365,4.2877,41.926,9.528,85.6244,0.97052,34909.24011782949,0.034,0
2026-10-06T09:50:59Z,4.995,15.2159,0.1465,4.8362,61.669,49.404062,4.2613,41.624,9.527,85.0198,0.96611,34982.914530807386,0.031,0
2026-10-06T09:50:59Z,5.003,15.1978,0.1264,4.6375,61.68,49.378082,4.2467,41.108,9.526,84.6259,0.98007,34974.73431932129,0.025,0
2026-10-06T09:50:59Z,5.003,15.1479,0.0867,4.4781,61.724,49.38667,4.2353,40.321,9.525,84.304,0.97332,35097.309752563364,0.019,0
2026-10-06T09:50:59Z,5.004,15.0871,0.0659,4.4124,61.825,49.444367,4.2214,39.343,9.525,83.6236,0.97153,35333.39835086907,0.015,0
2026-10-06T09:50:59Z,5.004,15.0476,0.0912,4.5602,62.088,49.631211,4.2005,38.305,9.524,82.5936,0.96982,35761.54629682118,0.02,0
2026-10-06T09:50:59Z,5.005,15.0213,0.1346,4.8298,62.664,50.058384,4.1538,37.341,9.523,82.089,0.95432,36611.23261477599,0.035,0
2026-10-06T09:50:59Z,5.008,15.0016,0.1326,4.9058,63.187,50.418538,4.0716,36.546,9.519,82.1689,0.94393,37332.46684998408,0.05,0
2026-10-06T09:50:59Z,5.022,14.9836,0.1004,4.7616,63.384,50.493461,3.9705,35.939,9.516,82.0967,0.90485,37515.76264244403,0.059,0
2026-10-06T09:50:59Z,5.054,14.9659,0.0863,4.6237,63.447,50.456198,3.8617,35.437,9.515,81.4747,0.83313,37485.92515504529,0.066,0
2026-10-06T09:50:59Z,5.088,14.9465,0.1033,4.6046,63.567,50.475863,3.7629,34.889,9.514,80.6708,0.79138,37568.063329911885,0.071,0
2026-10-06T09:50:59Z,5.102,14.9025,0.1401,4.6672,63.806,50.604154,3.6845,34.133,9.511,80.2928,0.79403,37914.94569338366,0.075,0
2026-10-06T09:50:59Z,5.105,14.8281,0.14,4.6283,64.048,50.737328,3.6328,33.06,9.509,80.1742,0.7995,38345.805374320946,0.07,0
2026-10-06T09:50:59Z,5.118,14.7537,0.1017,4.4762,64.149,50.75253,3.5934,31.695,9.507,79.838,0.76697,38551.89528278376,0.06,0
2026-10-06T09:50:59Z,5.144,14.6946,0.0858,4.3999,64.191,50.724384,3.5485,30.18,9.505,79.2399,0.71353,38638.2551438903,0.051,0
2026-10-06T09:50:59Z,5.167,14.6505,0.1053,4.4915,64.238,50.714435,3.4803,28.704,9.504,78.7068,0.69507,38724.4537865278,0.048,0
2026-10-06T09:50:59Z,5.175,14.6088,0.1369,4.6611,64.258,50.695688,3.3726,27.362,9.503,78.2963,0.70469,38787.958287447895,0.044,0
2026-10-06T09:50:59Z,5.176,14.5537,0.1358,4.7096,64.277,50.688159,3.2329,26.16,9.501,77.9769,0.69933,38905.92384536921,0.039,0
2026-10-06T09:50:59Z,5.183,14.5015,0.0995,4.6328,64.372,50.750375,3.0731,25.16,9.499,77.8558,0.67569,39154.68901469294,0.036,0
2026-10-06T09:50:59Z,5.19,14.467,0.0812,4.5869,64.559,50.87644,2.9212,24.434,9.497,77.8653,0.66444,39488.229843228786,0.04,0
2026-10-06T09:50:59Z,5.197,14.4404,0.0976,4.6665,64.703,50.942409,2.7893,23.981,9.495,77.7468,0.6673,39684.77326457704,0.046,0
2026-10-06T09:50:59Z,5.212,14.4216,0.1313,4.7411,64.747,50.912962,2.6633,23.746,9.493,77.2835,0.649,39672.52951189766,0.048,0
2026-10-06T09:50:59Z,5.236,14.4178,0.1558,4.6695,64.807,50.90131,2.5584,23.645,9.49,76.9958,0.61522,39658.69944622312,0.048,0
2026-10-06T09:50:59Z,5.254,14.4087,0.1442,4.552,64.898,50.928456,2.4854,23.624,9.489,77.1078,0.60268,39735.25953206521,0.047,0
2026-10-06T09:50:59Z,5.259,14.3686,0.1076,4.4476,64.94,50.923632,2.4429,23.676,9.489,76.9166,0.60594,39824.908983579204,0.044,0
2026-10-06T09:50:59Z,5.262,14.3102,0.1044,4.4662,64.963,50.906448,2.4259,23.779,9.488,76.3191,0.59474,39935.58884784015,0.041,0
2026-10-06T09:50:59Z,5.271,14.263,0.1389,4.6062,65.011,50.911135,2.4205,23.885,9.487,75.9061,0.5803,40062.72322954849,0.037,0
2026-10-06T09:50:59Z,5.281,14.2325,0.1586,4.6717,65.053,50.916765,2.4185,23.965,9.487,75.8806,0.56914,40150.389676607476,0.036,0
2026-10-06T09:50:59Z,5.293,14.2049,0.1426,4.6089,65.07,50.910986,2.4268,24.016,9.487,75.7528,0.55074,40207.96561695394,0.038,0
2026-10-06T09:50:59Z,5.307,14.1766,0.1045,4.4954,65.08,50.904741,2.4408,24.047,9.486,75.3075,0.54154,40266.47579126007,0.039,0
2026-10-06T09:50:59Z,5.317,14.1504,0.0967,4.5295,65.095,50.904741,2.4541,24.044,9.485,74.7982,0.54609,40332.46189142734,0.038,0
2026-10-06T09:50:59Z,5.322,14.1288,0.1317,4.6802,65.118,50.910968,2.4638,24.01,9.483,74.3269,0.54795,40399.60169864567,0.037,0
2026-10-06T09:50:59Z,5.329,14.1152,0.1536,4.7458,65.139,50.916523,2.4682,23.962,9.483,73.9118,0.53542,40445.26154415199,0.037,0
2026-10-06T09:50:59Z,5.341,14.1057,0.1356,4.6729,65.139,50.908398,2.4739,23.903,9.483,73.5647,0.5183,40452.795046557236,0.037,0
2026-10-06T09:50:59Z,5.351,14.0972,0.1064,4.5171,65.107,50.876216,2.4734,23.824,9.482,73.2273,0.51167,40408.92933854363,0.042,0
2026-10-06T09:50:59Z,5.359,14.088,0.1004,4.4336,65.072,50.844896,2.4695,23.709,9.48,72.586,0.50507,40368.591864013484,0.049,0
2026-10-06T09:50:59Z,5.371,14.0781,0.1206,4.4826,65.063,50.847187,2.4653,23.569,9.48,71.6615,0.49292,40398.264795099676,0.056,0
2026-10-06T09:50:59Z,5.387,14.0733,0.1519,4.6311,65.019,50.840431,2.4594,23.404,9.48,71.1691,0.47563,40396.6762602537,0.062,0
2026-10-06T09:50:59Z,5.405,14.0678,0.1453,4.6929,64.953,50.826749,2.4531,23.199,9.48,71.1061,0.44433,40382.78638726156,0.069,0
2026-10-06T09:50:59Z,5.424,14.0609,0.0987,4.6146,64.961,50.87229,2.4404,22.951,9.48,70.8138,0.41045,40492.85123965108,0.075,0
2026-10-06T09:50:59Z,5.445,14.0672,0.0799,4.5383,65.023,50.94662,2.4255,22.596,9.478,70.1308,0.3867,40628.269204508404,0.076,0
2026-10-06T09:50:59Z,5.466,14.0904,0.1094,4.5223,65.049,50.963517,2.4094,22.108,9.477,69.3865,0.37327,40603.718047475864,0.073,0
2026-10-06T09:50:59Z,5.488,14.1212,0.1475,4.5573,65.059,50.94959,2.3838,21.526,9.477,68.957,0.36708,40497.23397553123,0.066,0
2026-10-06T09:50:59Z,5.508,14.1557,0.1415,4.5169,65.109,50.968695,2.3613,20.891,9.478,68.7235,0.3645,40448.71435035072,0.058,0
2026-10-06T09:50:59Z,5.521,14.1824,0.1035,4.4435,65.179,51.004,2.3245,20.232,9.478,68.2836,0.36295,40452.82578684489,0.051,0
2026-10-06T09:50:59Z,5.527,14.1764,0.0788,4.422,65.289,51.058943,2.272,19.585,9.477,67.6811,0.35978,40579.542930793934,0.044,0
2026-10-06T09:50:59Z,5.532,14.1503,0.0761,4.496,65.441,51.124968,2.2131,19.029,9.475,67.2897,0.35649,40780.324728769294,0.039,0
2026-10-06T09:50:59Z,5.542,14.136,0.0869,4.6555,65.591,51.167252,2.1464,18.622,9.475,67.0791,0.34651,40903.18520707097,0.037,0
2026-10-06T09:50:59Z,5.554,14.1265,0.0932,4.7448,65.73,51.189113999999996,2.0796,18.348,9.475,66.8548,0.32734,40972.22864415632,0.039,0
2026-10-06T09:50:59Z,5.565,14.105,0.0777,4.6878,65.859,51.198697,2.0097,18.214,9.475,66.5566,0.31642,41047.02887415906,0.043,0
2026-10-06T09:50:59Z,5.576,14.0651,0.049,4.6146,65.998,51.219507,1.9517,18.288,9.476,66.1406,0.30702,41192.48286861047,0.045,0
2026-10-06T09:50:59Z,5.587,14.0045,0.0456,4.7142,66.135,51.250122,1.9141,18.596,9.476,65.6978,0.28411,41412.459908013996,0.045,0
2026-10-06T09:50:59Z,5.6,13.936,0.0697,4.8667,66.215,51.251286,1.8896,19.101,9.477,65.4182,0.2697,41593.25498140168,0.043,0
2026-10-06T09:50:59Z,5.614,13.8661,0.0908,4.9221,66.254,51.233501,1.8737,19.743,9.477,65.4274,0.26231,41739.243830793646,0.041,0
2026-10-06T09:50:59Z,5.625,13.7976,0.0847,4.8714,66.289,51.225538,1.884,20.471,9.477,65.5513,0.25174,41902.82646857692,0.038,0
2026-10-06T09:50:59Z,5.632,13.7397,0.0544,4.7658,66.308,51.218467,1.92,21.219,9.475,65.3678,0.24731,42041.05793924382,0.034,0
2026-10-06T09:50:59Z,5.638,13.694,0.0565,4.8063,66.312,51.211475,1.9767,21.892,9.475,64.9289,0.24999,42147.6279455071,0.029,0
2026-10-06T09:50:59Z,5.646,13.6585,0.094,4.9855,66.308,51.204491,2.0468,22.442,9.476,64.8039,0.25593,42227.39066103371,0.024,0
2026-10-06T09:50:59Z,5.653,13.6311,0.1085,5.0547,66.301,51.19752,2.1247,22.861,9.476,64.8899,0.25143,42285.75748917974,0.02,0
2026-10-06T09:50:59Z,5.657,13.6142,0.0993,4.9257,66.287,51.190688,2.209,23.13,9.476,64.7641,0.24703,42316.45793190361,0.017,0
2026-10-06T09:50:59Z,5.66,13.6092,0.0905,4.758,66.265,51.185385,2.2797,23.246,9.476,64.4872,0.25308,42318.60405228324,0.016,0
2026-10-06T09:50:59Z,5.661,13.6082,0.1015,4.7681,66.265,51.19692,2.337,23.241,9.475,64.2092,0.2501,42345.68729790036,0.015,0
2026-10-06T09:50:59Z,5.665,13.6053,0.132,4.9115,66.263,51.203164,2.3815,23.162,9.475,63.9836,0.23394,42366.66467089541,0.015,0
2026-10-06T09:50:59Z,5.67,13.6064,0.1347,4.9889,66.248,51.197389,2.4103,23.079,9.475,63.7381,0.22073,42351.49424029155,0.017,0
2026-10-06T09:50:59Z,5.675,13.6186,0.0927,4.918,66.232,51.190607,2.42,23.022,9.475,63.478,0.21557,42304.52677176436,0.019,0
2026-10-06T09:50:59Z,5.679,13.6297,0.0489,4.7723,66.219,51.184672,2.4173,22.957,9.475,63.2476,0.21253,42262.342563088045,0.02,0
2026-10-06T09:50:59Z,5.685,13.6332,0.0383,4.6954,66.219,51.189129,2.4062,22.895,9.474,63.0185,0.21245,42262.418523286186,0.02,0
2026-10-06T09:50:59Z,5.691,13.6374,0.0731,4.7407,66.197,51.181008,2.3943,22.864,9.473,62.7727,0.21192,42234.06228648632,0.021,0
2026-10-06T09:50:59Z,5.696,13.642,0.1281,4.8409,66.146,51.149987,2.3926,22.849,9.473,62.5118,0.21418,42156.34855805522,0.021,0
2026-10-06T09:50:59Z,5.7,13.6444,0.1285,4.8142,66.115,51.131562,2.3839,22.829,9.473,62.3592,0.21394,42111.1237000398,0.02,0
2026-10-06T09:50:59Z,5.707,13.647,0.0869,4.6907,66.13,51.148736,2.3755,22.789,9.473,62.2183,0.20144,42140.40706612144,0.019,0
2026-10-06T09:50:59Z,5.714,13.6549,0.0744,4.7144,66.148,51.167146,2.3735,22.729,9.473,61.8412,0.1985,42158.20127247906,0.018,0
2026-10-06T09:50:59Z,5.716,13.6626,0.0934,4.9303,66.143,51.163662,2.372,22.667,9.473,61.4991,0.20672,42130.37937912893,0.018,0
2026-10-06T09:50:59Z,5.718,13.6644,0.1249,5.1139,66.151,51.170115,2.3707,22.627,9.472,61.3511,0.21292,42139.190248530176,0.019,0
2026-10-06T09:50:59Z,5.722,13.6705,0.1314,5.0562,66.159,51.181668,2.3661,22.611,9.472,61.1705,0.21583,42147.31251518933,0.021,0
2026-10-06T09:50:59Z,5.728,13.6747,0.1047,4.9153,66.133,51.176357,2.3593,22.599,9.471,60.9503,0.20672,42124.95827207258,0.022,0
2026-10-06T09:50:59Z,5.735,13.6728,0.0775,4.8456,66.103,51.169414,2.3514,22.593,9.471,60.6678,0.19575,42115.384121134666,0.025,0
2026-10-06T09:50:59Z,5.745,13.6729,0.0686,4.8282,66.081,51.161237,2.3474,22.585,9.471,60.336,0.1914,42097.89931466055,0.027,0
2026-10-06T09:50:59Z,5.752,13.6739,0.0888,4.9093,66.037,51.141,2.3468,22.538,9.471,60.1219,0.19053,42052.65168887291,0.029,0
2026-10-06T09:50:59Z,5.757,13.6872,0.1052,4.9727,65.96,51.115244,2.3446,22.443,9.471,59.8863,0.18569,41963.264831828455,0.031,0
2026-10-06T09:50:59Z,5.763,13.7061,0.0838,4.9461,65.885,51.103853,2.3424,22.301,9.47,59.5516,0.16958,41889.38889068495,0.032,0
2026-10-06T09:50:59Z,5.773,13.7075,0.0468,4.9288,65.867,51.130331,2.3446,22.135,9.469,59.345,0.16091,41941.236761717715,0.035,0
2026-10-06T09:50:59Z,5.783,13.7102,0.0487,5.0028,65.91,51.181436,2.3386,21.95,9.469,59.282,0.15947,42041.4171102348,0.038,0
2026-10-06T09:50:59Z,5.793,13.7398,0.0815,5.1571,65.966,51.213783,2.3279,21.712,9.47,59.22,0.1518,42030.94020574687,0.041,0
2026-10-06T09:50:59Z,5.803,13.7811,0.0943,5.3259,66.077,51.267432,2.3101,21.435,9.471,59.0255,0.14699,42034.18269413575,0.043,0
2026-10-06T09:50:59Z,5.815,13.817,0.0786,5.4375,66.292,51.385556,2.2892,21.153,9.471,58.7366,0.14437,42186.965264622646,0.045,0
2026-10-06T09:50:59Z,5.826,13.8322,0.0496,5.4144,66.525,51.49895,2.2737,20.9,9.472,58.5664,0.14174,42385.002697954325,0.045,0
2026-10-06T09:50:59Z,5.837,13.8206,0.0513,5.4562,66.72,51.558887,2.2469,20.698,9.473,58.5157,0.13884,42542.3828864862,0.044,0
2026-10-06T09:50:59Z,5.851,13.7938,0.082,5.6706,66.916,51.602139,2.2193,20.56,9.473,58.3822,0.13405,42705.75998695481,0.042,0
2026-10-06T09:50:59Z,5.863,13.7581,0.0969,5.8198,67.115,51.640769,2.1899,20.524,9.474,58.157,0.13318,42883.96001126627,0.039,0
2026-10-06T09:50:59Z,5.871,13.7103,0.0809,5.7918,67.26,51.644822,2.1652,20.675,9.475,57.9438,0.1338,43022.038320987216,0.037,0
2026-10-06T09:50:59Z,5.879,13.6408,0.0476,5.6724,67.391,51.65102,2.1476,21.095,9.476,57.7835,0.13584,43224.45617638895,0.035,0
2026-10-06T09:50:59Z,5.887,13.5559,0.0431,5.6059,67.588,51.715602,2.136,21.799,9.477,57.5945,0.13745,43596.27842498972,0.034,0
2026-10-06T09:50:59Z,5.895,13.4661,0.0847,5.7054,67.791,51.790565,2.1335,22.721,9.477,57.3797,0.13461,44007.7733260514,0.034,0
2026-10-06T09:50:59Z,5.904,13.3845,0.1349,5.8853,67.889,51.79529,2.1485,23.71,9.477,57.2518,0.13261,44246.45953201675,0.035,0
2026-10-06T09:50:59Z,5.913,13.3172,0.1434,5.9023,67.938,51.772644,2.1968,24.674,9.477,56.9941,0.13016,44386.25840235475,0.036,0
2026-10-06T09:50:59Z,5.923,13.2536,0.1036,5.8082,68.002,51.770697,2.2733,25.573,9.478,56.6733,0.12594,44561.84204805602,0.039,0
2026-10-06T09:50:59Z,5.932,13.1931,0.0618,5.7719,68.06,51.771685,2.3825,26.303,9.479,56.5562,0.124,44735.99659039253,0.04,0
2026-10-06T09:50:59Z,5.942,13.1405,0.0621,5.7709,68.122,51.78455,2.492,26.821,9.478,56.4386,0.12396,44914.790858999004,0.039,0
2026-10-06T09:50:59Z,5.954,13.0978,0.0907,5.831,68.173,51.799205,2.5939,27.145,9.478,56.1981,0.12545,45069.951777829345,0.038,0
2026-10-06T09:50:59Z,5.967,13.0611,0.0828,5.8154,68.222,51.82184,2.6982,27.304,9.479,55.8859,0.12681,45226.25379779585,0.038,0
2026-10-06T09:50:59Z,5.976,13.0287,0.0416,5.7184,68.298,51.867709,2.7775,27.415,9.479,55.7608,0.12539,45422.79518083799,0.039,0
2026-10-06T09:50:59Z,5.981,13.0031,0.0251,5.7524,68.381,51.909278,2.8315,27.587,9.479,55.8888,0.12388,45590.66119504739,0.041,0
2026-10-06T09:50:59Z,5.989,12.9842,0.0502,5.9189,68.462,51.943405,2.8687,27.794,9.48,55.7994,0.12383,45722.72297388035,0.044,0
2026-10-06T09:50:59Z,6.001,12.9767,0.0871,6.1257,68.523,51.962798,2.8798,28.01,9.48,55.5409,0.12393,45788.43431434843,0.046,0
2026-10-06T09:50:59Z,6.016,12.9723,0.1042,6.2376,68.544,51.953218,2.8853,28.265,9.48,55.6029,0.12393,45779.69082376458,0.046,0
2026-10-06T09:50:59Z,6.033,12.9547,0.0907,6.2119,68.575,51.954544,2.9085,28.527,9.48,55.9464,0.12383,45834.27071334127,0.044,0
2026-10-06T09:50:59Z,6.048,12.9319,0.057,6.1221,68.631,51.978809,2.9334,28.751,9.479,56.1659,0.12377,45956.162912013584,0.04,0
2026-10-06T09:50:59Z,6.054,12.9138,0.0461,6.1431,68.671,51.992573,2.9537,28.951,9.479,56.1061,0.12376,46040.68634100792,0.036,0
2026-10-06T09:50:59Z,6.057,12.8938,0.0672,6.2607,68.697,51.99394,2.984,29.134,9.48,55.998,0.12378,46102.81865665578,0.033,0
2026-10-06T09:50:59Z,6.062,12.8763,0.0879,6.3147,68.725,51.995315,3.0165,29.289,9.48,56.0635,0.12382,46157.67783850445,0.031,0
2026-10-06T09:50:59Z,6.069,12.8659,0.0794,6.2834,68.772,52.009183,3.038,29.426,9.481,56.1241,0.12387,46220.034801121605,0.031,0
2026-10-06T09:50:59Z,6.079,12.854,0.0487,6.1901,68.836,52.034588,3.0605,29.562,9.481,56.0419,0.12389,46313.23721787556,0.033,0
2026-10-06T09:50:59Z,6.093,12.84,0.0487,6.2108,68.881,52.048448,3.0817,29.689,9.481,55.9303,0.12388,46386.48627236086,0.034,0
2026-10-06T09:50:59Z,6.104,12.826,0.0799,6.3282,68.907,52.04973,3.0984,29.815,9.481,55.6346,0.12388,46431.09440463762,0.033,0
2026-10-06T09:50:59Z,6.11,12.8098,0.0939,6.3801,68.931,52.050065,3.1125,29.95,9.481,55.2199,0.12388,46480.15245391042,0.031,0
2026-10-06T09:50:59Z,6.115,12.7926,0.0759,6.3264,68.956,52.052482,3.1296,30.071,9.482,55.2186,0.12383,46537.0343764621,0.031,0
2026-10-06T09:50:59Z,6.121,12.7777,0.0451,6.2253,69.011,52.078935,3.1437,30.18,9.482,55.4468,0.12382,46642.27494229054,0.033,0
2026-10-06T09:50:59Z,6.126,12.7645,0.046,6.2512,69.079,52.115874,3.1559,30.285,9.483,55.5694,0.12387,46766.748837679064,0.037,0
2026-10-06T09:50:59Z,6.136,12.7518,0.0783,6.366,69.1,52.118081,3.1742,30.385,9.483,55.5828,0.12385,46810.001543276245,0.038,0
2026-10-06T09:50:59Z,6.152,12.7399,0.0945,6.4178,69.1,52.1056,3.1866,30.473,9.482,55.2651,0.12379,46817.05838518468,0.038,0
2026-10-06T09:50:59Z,6.168,12.7292,0.0751,6.3303,69.098,52.091965,3.1988,30.58,9.482,54.9118,0.12374,46817.84643711304,0.037,0
2026-10-06T09:50:59Z,6.178,12.719,0.0437,6.1632,69.096,52.080213,3.2106,30.798,9.482,55.0106,0.12375,46821.467550829504,0.034,0
2026-10-06T09:50:59Z,6.18,12.7091,0.0308,6.1047,69.123,52.090493,3.2225,31.143,9.482,54.9965,0.12384,46874.98878789512,0.029,0
2026-10-06T09:50:59Z,6.183,12.6993,0.0442,6.2041,69.134,52.089244,3.2328,31.572,9.482,54.4829,0.12389,46901.65671795356,0.023,0
2026-10-06T09:50:59Z,6.19,12.6906,0.0718,6.3396,69.114,52.065103,3.2385,32.05,9.482,54.1354,0.12391,46872.178624868735,0.019,0
2026-10-06T09:50:59Z,6.196,12.6836,0.0733,6.3082,69.107,52.052602,3.2619,32.512,9.482,54.0634,0.12391,46864.432675162905,0.019,0
2026-10-06T09:50:59Z,6.2,12.6768,0.0466,6.1331,69.134,52.065094,3.3029,32.909,9.482,54.0434,0.12386,46913.78690065609,0.02,0
2026-10-06T09:50:59Z,6.203,12.6696,0.032,6.0656,69.179,52.089133,3.3476,33.218,9.483,53.9804,0.1238,46991.096896749455,0.02,0
2026-10-06T09:50:59Z,6.208,12.6624,0.046,6.1756,69.189,52.089238,3.4032,33.418,9.483,53.8176,0.12384,47013.11773766842,0.021,0
2026-10-06T09:50:59Z,6.215,12.6578,0.0753,6.3364,69.164,52.066356999999996,3.4545,33.537,9.483,53.6239,0.12391,46974.10167851347,0.021,0
2026-10-06T09:50:59Z,6.221,12.6528,0.0773,6.3356,69.168,52.066472,3.4961,33.584,9.483,53.5313,0.12388,46989.487380349565,0.021,0
2026-10-06T09:50:59Z,6.227,12.6444,0.0463,6.1663,69.206,52.090626,3.533,33.578,9.483,53.9888,0.12378,47070.83433462231,0.02,0
2026-10-06T09:50:59Z,6.234,12.6379,0.0253,6.0654,69.227,52.104389,3.5513,33.57,9.483,54.6804,0.12373,47122.43868733741,0.018,0
2026-10-06T09:50:59Z,6.239,12.6365,0.0477,6.1405,69.227,52.105866,3.5646,33.555,9.483,54.7519,0.12379,47130.11094756337,0.015,0
2026-10-06T09:50:59Z,6.24,12.6352,0.0918,6.2883,69.227,52.108489,3.5703,33.485,9.484,54.4241,0.12387,47140.13910998372,0.015,0
2026-10-06T09:50:59Z,6.241,12.631,0.1094,6.3498,69.263,52.136105,3.5654,33.347,9.484,54.6749,0.12389,47216.980523962484,0.018,0
2026-10-06T09:50:59Z,6.242,12.6285,0.0936,6.2693,69.331,52.185763,3.5663,33.147,9.484,55.3754,0.12388,47339.98228660683,0.022,0
2026-10-06T09:50:59Z,6.247,12.6308,0.0593,6.1686,69.356,52.200869,3.5668,32.909,9.484,55.4934,0.12383,47368.10382741807,0.026,0
2026-10-06T09:50:59Z,6.258,12.6336,0.045,6.2591,69.351,52.191739,3.5594,32.696,9.484,55.1558,0.1238,47338.328767550156,0.029,0
2026-10-06T09:50:59Z,6.272,12.6342,0.0699,6.4077,69.369,52.202378,3.5439,32.568,9.484,55.0779,0.1238,47361.239035804676,0.03,0
2026-10-06T09:50:59Z,6.282,12.6328,0.0934,6.3944,69.371,52.202494,3.523,32.541,9.484,55.3263,0.12377,47365.778051248,0.029,0
2026-10-06T09:50:59Z,6.286,12.6295,0.0797,6.2687,69.362,52.193136,3.4948,32.613,9.483,55.5788,0.12378,47354.07613176137,0.025,0
2026-10-06T09:50:59Z,6.29,12.6252,0.0456,6.1181,69.398,52.216238,3.4699,32.77,9.482,55.6355,0.12381,47420.961938167726,0.02,0
2026-10-06T09:50:59Z,6.295,12.6229,0.0479,6.1106,69.418,52.227794,3.4563,32.995,9.483,55.5813,0.12384,47454.90165877309,0.015,0
2026-10-06T09:50:59Z,6.297,12.6231,0.0827,6.246,69.393,52.205859,3.4534,33.268,9.483,55.5258,0.12385,47403.21110027327,0.014,0
2026-10-06T09:50:59Z,6.299,12.6212,0.0831,6.2865,69.395,52.205028,3.4618,33.561,9.483,55.567,0.12381,47407.0782552781,0.016,0
2026-10-06T09:50:59Z,6.303,12.6172,0.0442,6.1908,69.413,52.217736,3.4795,33.815,9.483,55.7348,0.12379,47448.893970954116,0.018,0
2026-10-06T09:50:59Z,6.308,12.615,0.0209,6.1131,69.432,52.232508,3.5045,33.99,9.483,55.834,0.12383,47490.04526581514,0.019,0
2026-10-06T09:50:59Z,6.314,12.6129,0.0264,6.0985,69.463,52.256632,3.5334,34.096,9.483,55.562,0.12384,47552.73227538804,0.023,0
2026-10-06T09:50:59Z,6.322,12.6106,0.0436,6.1509,69.461,52.255401,3.5687,34.151,9.484,55.1137,0.12381,47556.90601656507,0.029,0
2026-10-06T09:50:59Z,6.328,12.6107,0.0711,6.2688,69.411,52.217623,3.5968,34.166,9.485,55.1454,0.1238,47468.50199238315,0.034,0
2026-10-06T09:50:59Z,6.334,12.6114,0.0753,6.2938,69.366,52.180876,3.6148,34.171,9.484,55.5148,0.12383,47380.76935827737,0.038,0
2026-10-06T09:50:59Z,6.346,12.6113,0.0446,6.1805,69.388,52.192119,3.6247,34.224,9.484,55.4499,0.12384,47407.250395788775,0.04,0
2026-10-06T09:50:59Z,6.361,12.6115,0.025,6.0935,69.441,52.22655,3.6308,34.339,9.484,54.963,0.12385,47486.85845905227,0.04,0
2026-10-06T09:50:59Z,6.372,12.612,0.0459,6.1652,69.431,52.216151,3.6321,34.497,9.484,54.7046,0.12392,47461.09084930766,0.039,0
2026-10-06T09:50:59Z,6.382,12.6107,0.0884,6.3302,69.406,52.193387,3.6284,34.681,9.485,54.8204,0.12399,47412.031803897255,0.037,0
2026-10-06T09:50:59Z,6.391,12.6058,0.0903,6.3454,69.426,52.205317,3.6352,34.898,9.485,54.9866,0.12394,47454.79934400522,0.034,0
2026-10-06T09:50:59Z,6.397,12.6013,0.0693,6.2127,69.468,52.233384,3.648,35.151,9.485,54.9936,0.12385,47534.01858667417,0.034,0
2026-10-06T09:50:59Z,6.403,12.5992,0.0669,6.161,69.534,52.278731,3.6667,35.419,9.485,54.8191,0.12387,47646.3417326678,0.035,0
2026-10-06T09:50:59Z,6.411,12.5972,0.0697,6.3006,69.584,52.309074,3.6852,35.674,9.485,54.6839,0.12393,47723.42805477137,0.035,0
2026-10-06T09:50:59Z,6.422,12.5942,0.0861,6.5337,69.563,52.282735,3.7082,35.889,9.485,54.8212,0.12392,47671.05613386178,0.036,0
2026-10-06T09:50:59Z,6.436,12.5919,0.0909,6.6571,69.569,52.277775,3.7371,36.077,9.485,55.0172,0.12386,47666.52535392492,0.04,0
2026-10-06T09:50:59Z,6.446,12.5905,0.0607,6.5975,69.627,52.312591,3.7654,36.238,9.484,54.9886,0.12382,47752.26846897944,0.044,0
2026-10-06T09:50:59Z,6.45,12.585,0.0296,6.4276,69.654,52.322657,3.7959,36.358,9.484,54.9054,0.12383,47792.77367281885,0.046,0
2026-10-06T09:50:59Z,6.461,12.576,0.0386,6.3786,69.689,52.33597,3.8175,36.489,9.484,54.957,0.12385,47851.716995934694,0.044,0
2026-10-06T09:50:59Z,6.482,12.5693,0.0617,6.5179,69.72,52.346537,3.8377,36.68,9.484,55.182,0.12388,47897.179887104416,0.042,0
2026-10-06T09:50:59Z,6.498,12.5637,0.0673,6.6089,69.705,52.323406,3.8583,36.918,9.484,55.4753,0.12392,47860.2088939134,0.041,0
2026-10-06T09:50:59Z,6.504,12.5561,0.0649,6.5226,69.701,52.310301,3.8679,37.178,9.485,55.5774,0.12393,47852.92960791613,0.04,0
2026-10-06T09:50:59Z,6.507,12.5467,0.0407,6.3621,69.715,52.315077,3.8801,37.44,9.485,55.4703,0.12392,47893.16522922406,0.037,0
2026-10-06T09:50:59Z,6.515,12.5377,0.0325,6.3424,69.719,52.317641,3.9028,37.695,9.485,55.3853,0.1239,47927.00477997637,0.035,0
2026-10-06T09:50:59Z,6.525,12.5293,0.0498,6.4205,69.746,52.341296,3.9298,37.945,9.485,55.4963,0.12387,48008.60514788089,0.039,0
2026-10-06T09:50:59Z,6.535,12.5208,0.0586,6.4521,69.753,52.347079,3.9587,38.184,9.485,55.6935,0.12382,48048.55923840068,0.044,0
2026-10-06T09:50:59Z,6.547,12.5161,0.064,6.4519,69.732,52.324054,3.988,38.375,9.485,55.7913,0.12377,48008.94578409256,0.047,0
2026-10-06T09:50:59Z,6.563,12.5163,0.0485,6.3843,69.739,52.316913,4.0145,38.526,9.486,55.8182,0.12377,47991.52472492254,0.047,0
2026-10-06T09:50:59Z,6.579,12.52,0.0208,6.3173,69.765,52.324229,4.0405,38.691,9.486,55.76,0.12383,47997.26865669764,0.045,0
2026-10-06T09:50:59Z,6.592,12.5228,0.0283,6.393,69.814,52.348996,4.0681,38.885,9.486,55.6901,0.1239,48046.861689955986,0.042,0
2026-10-06T09:50:59Z,6.6,12.5165,0.0736,6.549,69.844,52.362331,4.0893,39.067,9.487,55.7483,0.1239,48097.80692094323,0.037,0
2026-10-06T09:50:59Z,6.605,12.5055,0.0846,6.5287,69.849,52.358442,4.1025,39.214,9.487,55.7747,0.12381,48122.80900517637,0.031,0
2026-10-06T09:50:59Z,6.611,12.4968,0.0616,6.3531,69.865,52.365471,4.1205,39.33,9.487,55.6648,0.12376,48166.42781508131,0.025,0
2026-10-06T09:50:59Z,6.618,12.4887,0.054,6.3394,69.893,52.383812,4.1446,39.414,9.487,55.5388,0.12379,48234.92673885264,0.022,0
2026-10-06T09:50:59Z,6.625,12.4816,0.0507,6.5339,69.903,52.389691,4.1653,39.447,9.487,55.4556,0.12386,48270.94146934428,0.022,0
2026-10-06T09:50:59Z,6.629,12.4763,0.063,6.7232,69.882,52.373044,4.181,39.43,9.487,55.3461,0.12394,48248.13315142482,0.022,0
2026-10-06T09:50:59Z,6.633,12.4725,0.0696,6.7156,69.882,52.373044,4.1937,39.398,9.489,55.1619,0.12393,48259.979455927016,0.023,0
2026-10-06T09:50:59Z,6.638,12.4706,0.0479,6.5783,69.904,52.389691,4.2038,39.342,9.489,54.949,0.12384,48305.25585696863,0.023,0
2026-10-06T09:50:59Z,6.645,12.4698,0.033,6.5319,69.897,52.383814,4.2081,39.248,9.488,54.752,0.12381,48293.855755791265,0.024,0
2026-10-06T09:50:59Z,6.652,12.4696,0.0478,6.6326,69.873,52.365489,4.2033,39.155,9.488,54.5858,0.12384,48251.16571612449,0.026,0
2026-10-06T09:50:59Z,6.659,12.4693,0.0862,6.7712,69.865,52.358627,4.2007,39.066,9.488,54.488,0.12379,48235.88685387719,0.029,0
2026-10-06T09:50:59Z,6.665,12.4689,0.1055,6.7732,69.874,52.364352,4.1975,38.993,9.488,54.517,0.12374,48250.659730151,0.03,0
2026-10-06T09:50:59Z,6.672,12.4689,0.0809,6.5891,69.884,52.371215,4.1824,38.97,9.488,54.5911,0.12381,48266.87804510725,0.029,0
2026-10-06T09:50:59Z,6.682,12.4688,0.0468,6.3896,69.893,52.378094,4.1749,38.97,9.488,54.5242,0.12384,48283.448938813926,0.027,0
2026-10-06T09:50:59Z,6.693,12.4682,0.0513,6.4102,69.901,52.384019,4.1654,38.991,9.488,54.3967,0.12381,48299.327619464886,0.025,0
2026-10-06T09:50:59Z,6.699,12.4674,0.085,6.6333,69.894,52.379353,4.1535,39.07,9.488,54.4258,0.12383,48290.79098459406,0.023,0
2026-10-06T09:50:59Z,6.7,12.4671,0.1045,6.833,69.901,52.385178,4.1549,39.173,9.488,54.5323,0.12385,48305.50074831815,0.022,0
2026-10-06T09:50:59Z,6.703,12.4671,0.0885,6.8436,69.909,52.390952,4.1547,39.235,9.488,54.5662,0.12387,48319.15599942218,0.02,0
2026-10-06T09:50:59Z,6.708,12.4671,0.0492,6.6928,69.903,52.385662,4.1538,39.264,9.488,54.5766,0.12387,48306.64447192222,0.019,0
2026-10-06T09:50:59Z,6.715,12.4677,0.0456,6.649,69.902,52.384717,4.1637,39.269,9.488,54.5725,0.12388,48302.53616081917,0.019,0
2026-10-06T09:50:59Z,6.721,12.468,0.0776,6.7236,69.894,52.379521,4.1796,39.231,9.488,54.517,0.12392,48289.31380881369,0.02,0
2026-10-06T09:50:59Z,6.726,12.4677,0.0959,6.7066,69.902,52.386345,4.184,39.186,9.488,54.5077,0.12392,48306.3847032052,0.022,0
2026-10-06T09:50:59Z,6.731,12.4671,0.0838,6.5804,69.925,52.403725,4.186,39.135,9.488,54.5462,0.12386,48349.368772515445,0.027,0
2026-10-06T09:50:59Z,6.734,12.4669,0.0474,6.3924,69.92,52.399154,4.1899,39.054,9.488,54.4655,0.12381,48339.17852759867,0.031,0
2026-10-06T09:50:59Z,6.739,12.4676,0.0303,6.2793,69.914,52.394574,4.1818,38.974,9.488,54.2208,0.12386,48326.157918927274,0.034,0
2026-10-06T09:50:59Z,6.753,12.4684,0.0601,6.3734,69.936,52.411845,4.1773,38.914,9.487,53.9972,0.1239,48364.51894296335,0.035,0
2026-10-06T09:50:59Z,6.771,12.4683,0.0996,6.5401,69.945,52.417465,4.1749,38.874,9.489,53.9118,0.12391,48378.12943839564,0.035,0
2026-10-06T09:50:59Z,6.782,12.4679,0.0918,6.5184,69.921,52.399031,4.1631,38.886,9.489,53.8778,0.12388,48335.758147120956,0.034,0
2026-10-06T09:50:59Z,6.784,12.4677,0.0575,6.4192,69.896,52.37947,4.1537,38.973,9.489,53.6721,0.1238,48290.12202467503,0.032,0
2026-10-06T09:50:59Z,6.787,12.4682,0.0425,6.467,69.884,52.37146,4.1492000000000004,39.118,9.489,53.3166,0.12377,48269.62689118708,0.03,0
2026-10-06T09:50:59Z,6.794,12.4679,0.0516,6.6184,69.874,52.365687,4.1423,39.291,9.489,53.1071,0.12383,48256.91715561298,0.031,0
2026-10-06T09:50:59Z,6.803,12.4667,0.0763,6.7808,69.879,52.373171,4.1426,39.482,9.488,53.0326,0.1239,48278.34790862864,0.036,0
2026-10-06T09:50:59Z,6.811,12.4664,0.0673,6.7908,69.906,52.398447,4.153,39.678,9.488,53.1046,0.12391,48339.05882690609,0.042,0
2026-10-06T09:50:59Z,6.823,12.4671,0.0256,6.6374,69.926,52.417288,4.1699,39.841,9.488,53.1162,0.12385,48381.456680845986,0.044,0
2026-10-06T09:50:59Z,6.84,12.4685,0.0129,6.5311,69.914,52.410465,4.1884,39.97,9.488,52.9154,0.12378,48360.93054706508,0.044,0
2026-10-06T09:50:59Z,6.857,12.471,0.0379,6.5988,69.868,52.379467,4.2076,40.046,9.489,52.827,0.1238,48279.81068166902,0.042,0
2026-10-06T09:50:59Z,6.867,12.4748,0.0712,6.7731,69.837,52.360011,4.2324,40.064,9.489,52.8225,0.12389,48221.99400400379,0.038,0
2026-10-06T09:50:59Z,6.871,12.4778,0.0904,6.8624,69.842,52.365737,4.2469,40.071,9.489,52.8596,0.12389,48226.171420624974,0.032,0
2026-10-06T09:50:59Z,6.876,12.4793,0.0788,6.7896,69.867,52.385204,4.2621,40.066,9.488,52.9318,0.12385,48267.48225083399,0.024,0
2026-10-06T09:50:59Z,6.884,12.481,0.0473,6.6449,69.893,52.404869,4.272,40.043,9.487,52.8355,0.12389,48308.65511633417,0.018,0
2026-10-06T09:50:59Z,6.889,12.4839,0.0339,6.5471,69.903,52.412997,4.2683,40.01,9.488,52.6415,0.12392,48318.819059902075,0.015,0
2026-10-06T09:50:59Z,6.892,12.4863,0.0503,6.599,69.914,52.419982,4.2714,39.959,9.488,52.7379,0.12387,48327.84154029178,0.015,0
2026-10-06T09:50:59Z,6.893,12.4865,0.0788,6.7591,69.926,52.425808,4.2705,39.893,9.488,53.0536,0.12381,48340.992402399774,0.016,0
2026-10-06T09:50:59Z,6.894,12.487,0.0783,6.7409,69.923,52.419942,4.2672,39.83,9.488,53.0173,0.12384,48325.56152069072,0.017,0
2026-10-06T09:50:59Z,6.898,12.4874,0.045,6.5834,69.92,52.412551,4.2648,39.776,9.488,52.6428,0.12391,48306.84148197673,0.02,0
2026-10-06T09:50:59Z,6.904,12.485900000000001,0.0425,6.6309,69.912,52.399946,4.2591,39.717,9.488,52.3976,0.12396,48281.73144156925,0.024,0
2026-10-06T09:50:59Z,6.914,12.4838,0.0815,6.7694,69.917,52.394534,4.2517,39.671,9.488,52.6345,0.12398,48275.491121194405,0.027,0
2026-10-06T09:50:59Z,6.924,12.481,0.1081,6.7884,69.951,52.410605,4.244,39.662,9.488,53.0975,0.12395,48322.21153763476,0.028,0
2026-10-06T09:50:59Z,6.93,12.4776,0.1069,6.6908,69.951,52.403739,4.2406,39.682,9.488,53.1772,0.12389,48316.58982126789,0.028,0
2026-10-06T09:50:59Z,6.936,12.473,0.0835,6.5453,69.918,52.375018,4.2335,39.722,9.489,52.9105,0.12384,48263.049632520495,0.028,0
2026-10-06T09:50:59Z,6.943,12.4661,0.0501,6.4975,69.928,52.380848,4.2274,39.753,9.489,52.7982,0.12386,48298.35412029689,0.029,0
2026-10-06T09:50:59Z,6.948,12.4585,0.0444,6.5912,69.968,52.410726,4.2286,39.736,9.49,52.9372,0.12388,48392.79676553449,0.031,0
2026-10-06T09:50:59Z,6.953,12.4541,0.0725,6.7562,69.978,52.418741,4.231,39.671,9.49,53.0428,0.12386,48425.54677140717,0.033,0
2026-10-06T09:50:59Z,6.963,12.4519,0.0816,6.7849,69.968,52.414264,4.2365,39.596,9.489,53.0423,0.12386,48421.82414953442,0.034,0
2026-10-06T09:50:59Z,6.978,12.4502,0.0555,6.6644,69.972,52.420103,4.2422,39.537,9.488,52.8451,0.12388,48440.979756288,0.033,0
2026-10-06T09:50:59Z,6.99,12.45,0.031,6.5979,69.977,52.425834,4.2406,39.492,9.489,52.5515,0.12384,48455.187648976804,0.032,0
2026-10-06T09:50:59Z,6.996,12.4504,0.0347,6.6644,69.971,52.420062,4.2308,39.445,9.49,52.5032,0.12376,48440.254232021885,0.031,0
2026-10-06T09:50:59Z,6.999,12.4525,0.067,6.8184,69.966,52.413817,4.2222,39.411,9.49,52.6917,0.12376,48418.88294882656,0.03,0
2026-10-06T09:50:59Z,7.003,12.4558,0.0715,6.8201,69.972,52.413817,4.2155,39.417,9.49,52.8525,0.12378,48408.556748319446,0.029,0
2026-10-06T09:50:59Z,7.012,12.4571,0.056,6.651,69.988,52.420065,4.2119,39.443,9.489,52.6395,0.12377,48419.287724147136,0.029,0
2026-10-06T09:50:59Z,7.022,12.4561,0.0629,6.5843,70.004,52.425848,4.2065,39.47,9.488,52.1814,0.1238,48436.116660875065,0.03,0
2026-10-06T09:50:59Z,7.032,12.4541,0.0717,6.7305,70.003,52.420232,4.2003,39.497,9.488,51.9595,0.12384,48429.06980479244,0.033,0
2026-10-06T09:50:59Z,7.039,12.4508,0.0868,6.9844,70,52.415652,4.2039,39.526,9.488,52.0218,0.12384,48428.54687654803,0.035,0
2026-10-06T09:50:59Z,7.046,12.4463,0.0966,7.1267,70.022,52.433973,4.2074,39.567,9.488,51.9025,0.12378,48486.071452905715,0.035,0
2026-10-06T09:50:59Z,7.055,12.4417,0.0898,7.0504,70.035,52.451244,4.2104,39.609,9.488,51.4638,0.12382,48541.47241345771,0.036,0
2026-10-06T09:50:59Z,7.066,12.4378,0.0716,6.8821,69.996,52.433971,4.214,39.618,9.488,51.2773,0.12391,48512.715032203654,0.037,0
2026-10-06T09:50:59Z,7.076,12.4361,0.0595,6.8676,69.955,52.415648,4.2165,39.61,9.488,51.3682,0.1239,48474.575758587314,0.04,0
2026-10-06T09:50:59Z,7.086,12.4364,0.0682,7.0116,69.945,52.420227,4.2206,39.61,9.489,51.2718,0.12387,48484.495468008485,0.041,0
2026-10-06T09:50:59Z,7.096,12.4419,0.0772,7.0866,69.943,52.425843,4.2276,39.608,9.489,50.9724,0.12384,48480.575052032065,0.041,0
2026-10-06T09:50:59Z,7.107,12.4519,0.0855,7.022,69.938,52.420061,4.2261,39.627,9.489,50.7594,0.12374,48435.54285092398,0.04,0
2026-10-06T09:50:59Z,7.119,12.461,0.0766,6.948,69.944,52.413815,4.2221,39.685,9.488,50.7623,0.12374,48392.272872833615,0.037,0
2026-10-06T09:50:59Z,7.13,12.4708,0.0688,7.0804,69.962,52.413817,4.224,39.781,9.488,50.8341,0.12383,48361.641264312966,0.032,0
2026-10-06T09:50:59Z,7.137,12.478,0.0837,7.3254,69.988,52.420065,4.2204,39.9,9.488,50.9401,0.12387,48353.927689699514,0.026,0
2026-10-06T09:50:59Z,7.142,12.4752,0.0901,7.416,70.01,52.425839,4.2226,40,9.488,51.0108,0.12386,48376.33773847906,0.02,0
2026-10-06T09:50:59Z,7.145,12.4661,0.0796,7.3223,70.011,52.420119,4.2298,40.086,9.488,50.8285,0.12382,48391.24686104281,0.015,0
2026-10-06T09:50:59Z,7.148,12.4557,0.0486,7.1485,70.009,52.414394,4.2406,40.173,9.488,50.5439,0.12383,48410.219034150075,0.012,0
2026-10-06T09:50:59Z,7.15,12.4455,0.0226,7.0565,70.024,52.420121,4.2575,40.225,9.487,50.6666,0.12385,48455.72165850159,0.012,0
2026-10-06T09:50:59Z,7.151,12.4376,0.0237,7.1325,70.039,52.425858,4.2683,40.213,9.487,51.1939,0.1238,48494.08349891428,0.015,0
2026-10-06T09:50:59Z,7.154,12.4336,0.0449,7.2817,70.035,52.420248,4.2757,40.149,9.488,51.3267,0.1238,48493.315421139014,0.018,0
2026-10-06T09:50:59Z,7.159,12.4312,0.0548,7.2551,70.028,52.415792,4.2886,40.076,9.489,50.982,0.12384,48490.2680130125,0.022,0
2026-10-06T09:50:59Z,7.166,12.4276,0.0424,7.0845,70.053,52.435477,4.2951,40.026,9.489,51.0702,0.12385,48548.28529354882,0.027,0
2026-10-06T09:50:59Z,7.175,12.4227,0.0446,7.0293,70.097,52.467745,4.2937,39.963,9.489,51.6182,0.12384,48640.35464943511,0.033,0
2026-10-06T09:50:59Z,7.181,12.42,0.0648,7.1333,70.128,52.488424,4.2856,39.854,9.489,51.8433,0.12384,48698.04009564424,0.038,0
2026-10-06T09:50:59Z,7.189,12.4213,0.0873,7.2841,70.143,52.494984,4.2747,39.731,9.489,51.5547,0.12382,48709.555366628374,0.04,0
2026-10-06T09:50:59Z,7.204,12.4229,0.076,7.2814,70.133,52.483563,4.2724,39.605,9.49,51.1403,0.12374,48677.34067165119,0.039,0
2026-10-06T09:50:59Z,7.222,12.4228,0.0523,7.1349,70.128,52.477338,4.2677,39.452,9.49,51.1344,0.12371,48662.84615720188,0.037,0
2026-10-06T09:50:59Z,7.232,12.421,0.0506,7.0489,70.14,52.483217,4.2532,39.245,9.49,51.3976,0.12377,48682.49559157603,0.033,0
2026-10-06T09:50:59Z,7.233,12.417,0.0557,7.0623,70.157,52.491133,4.2405,38.981,9.49,51.3968,0.12377,48713.932425833234,0.028,0
2026-10-06T09:50:59Z,7.237,12.4129,0.0809,7.0918,70.19,52.509542,4.2289,38.714,9.49,51.2113,0.12375,48770.69476023565,0.023,0
2026-10-06T09:50:59Z,7.243,12.4122,0.1051,7.0975,70.205,52.515278,4.213,38.455,9.49,51.0475,0.12376,48786.56793416317,0.023,0
2026-10-06T09:50:59Z,7.248,12.4114,0.0992,7.0294,70.186,52.496976,4.1928,38.17,9.49,50.9645,0.12381,48745.49359413607,0.031,0
2026-10-06T09:50:59Z,7.249,12.4069,0.0673,6.9508,70.165,52.478769,4.1611,37.889,9.49,50.9826,0.12386,48716.32498778422,0.042,0
2026-10-06T09:50:59Z,7.257,12.402,0.0527,7.0703,70.176,52.485649,4.1322,37.649,9.489,51.0071,0.12384,48748.158319230475,0.048,0
2026-10-06T09:50:59Z,7.278,12.3981,0.0643,7.2785,70.219,52.516654,4.1088,37.447,9.488,50.6594,0.12381,48834.371803088856,0.05,0
2026-10-06T09:50:59Z,7.305,12.395,0.0658,7.3505,70.245,52.536121,4.0758,37.3,9.488,50.0481,0.12381,48890.61751335792,0.05,0
2026-10-06T09:50:59Z,7.322,12.3934,0.0622,7.3252,70.238,52.530509,4.0442,37.235,9.489,49.8963,0.12382,48882.28187967993,0.047,0
2026-10-06T09:50:59Z,7.327,12.3927,0.0458,7.2806,70.214,52.512302,4.0197,37.23,9.489,50.1155,0.12387,48841.05034307965,0.04,0
2026-10-06T09:50:59Z,7.329,12.3921,0.0342,7.255,70.206,52.506491,3.9975,37.237,9.488,49.8586,0.12386,48829.08486812358,0.034,0
2026-10-06T09:50:59Z,7.334,12.3919,0.0384,7.3225,70.23,52.523761,3.9801,37.249,9.488,49.1133,0.12382,48870.92050068155,0.031,0
2026-10-06T09:50:59Z,7.34,12.3919,0.0472,7.4821,70.239,52.530593,3.9735,37.274,9.488,48.7622,0.12381,48887.22636689005,0.033,0
2026-10-06T09:50:59Z,7.348,12.3918,0.0571,7.5106,70.232,52.525596,3.9768,37.299,9.488,48.8825,0.12381,48875.6151233136,0.036,0
2026-10-06T09:50:59Z,7.363,12.3915,0.0414,7.3604,70.234,52.526846,3.9763,37.309,9.488,49.0187,0.12383,48879.54545408847,0.04,0
2026-10-06T09:50:59Z,7.379,12.391,0.0242,7.2714,70.261,52.545698,3.9776,37.299,9.488,48.8609,0.12383,48926.13507890266,0.042,0
2026-10-06T09:50:59Z,7.388,12.3911,0.0402,7.2893,70.286,52.563019,3.9807,37.272,9.488,48.4367,0.1238,48967.19544920654,0.042,0
2026-10-06T09:50:59Z,7.394,12.3917,0.0679,7.3032,70.266,52.545761,3.984,37.211,9.489,48.192,0.1238,48924.0683041277,0.04,0
2026-10-06T09:50:59Z,7.405,12.3913,0.0676,7.2346,70.246,52.527545,3.986,37.126,9.489,48.2255,0.12384,48881.84137411215,0.039,0
2026-10-06T09:50:59Z,7.417,12.3906,0.0625,7.1768,70.258,52.533281,3.9832,37.026,9.489,48.3256,0.12384,48897.747225814164,0.041,0
2026-10-06T09:50:59Z,7.424,12.3897,0.0728,7.2869,70.287,52.551604,3.9829,36.889,9.489,48.1977,0.12377,48944.35429284169,0.048,0
2026-10-06T09:50:59Z,7.432,12.3876,0.0747,7.5074,70.3,52.558569,3.9753,36.697,9.488,47.8842,0.12372,48967.64911265994,0.054,0
2026-10-06T09:50:59Z,7.447,12.3851,0.0859,7.7251,70.297,52.553998,3.9653,36.482,9.488,47.7181,0.12375,48964.64687845799,0.057,0
2026-10-06T09:50:59Z,7.469,12.3829,0.1001,7.8699,70.308,52.559829,3.9568,36.281,9.488,47.9098,0.12385,48985.555052979216,0.058,0
2026-10-06T09:50:59Z,7.49,12.3807,0.0881,7.823,70.318,52.56556,3.9432,36.083,9.489,48.2234,0.12392,49006.23164315769,0.062,0
2026-10-06T09:50:59Z,7.505,12.3788,0.0572,7.7049,70.313,52.559789,3.9213,35.877,9.489,48.154,0.12392,48998.45706533275,0.067,0
2026-10-06T09:50:59Z,7.513,12.377,0.0518,7.8081,70.307,52.553552,3.8959,35.671,9.489,47.759,0.12387,48989.252108202476,0.068,0
2026-10-06T09:50:59Z,7.526,12.3754,0.0812,8.0117,70.309,52.553648,3.8762,35.477,9.488,47.4055,0.12384,48994.55501742116,0.065,0
2026-10-06T09:50:59Z,7.549,12.374,0.0962,8.084,70.319,52.560945,3.8556,35.288,9.488,47.4939,0.12388,49016.445160366144,0.059,0
2026-10-06T09:50:59Z,7.576,12.3726,0.0743,7.9984,70.344,52.578273,3.8335,35.087,9.488,47.8812,0.12393,49062.34816343699,0.054,0
2026-10-06T09:50:59Z,7.592,12.3714,0.0414,7.8307,70.338,52.572647,3.8105,34.889,9.488,47.7857,0.12393,49052.69210193633,0.046,0
2026-10-06T09:50:59Z,7.597,12.3704,0.0395,7.7986,70.318,52.556426,3.7902,34.734,9.488,47.2858,0.12392,49017.05339627571,0.036,0
2026-10-06T09:50:59Z,7.597,12.37,0.0511,7.8834,70.341,52.572657,3.7713,34.628,9.49,47.1713,0.12389,49057.162784879925,0.026,0
2026-10-06T09:50:59Z,7.601,12.3694,0.0571,7.9332,70.349,52.578392,3.7493,34.52,9.49,47.4341,0.12383,49072.796404247885,0.021,0
2026-10-06T09:50:59Z,7.604,12.3684,0.0619,7.8885,70.328,52.562257,3.7262,34.406,9.489,47.5379,0.12381,49037.3524599044,0.024,0
2026-10-06T09:50:59Z,7.607,12.3673,0.0428,7.7527,70.336,52.568076,3.7087,34.33,9.488,47.308,0.12386,49054.772308199084,0.029,0
2026-10-06T09:50:59Z,7.615,12.3665,0.0258,7.6919,70.359,52.585253,3.7012,34.288,9.489,46.8908,0.12386,49098.440752190385,0.032,0
2026-10-06T09:50:59Z,7.63,12.3662,0.0392,7.7684,70.352,52.57943,3.6898,34.257,9.489,46.7098,0.12382,49085.44702056377,0.035,0
2026-10-06T09:50:59Z,7.645,12.3663,0.0718,7.9267,70.329,52.561175,3.6742,34.237,9.489,46.841,0.12386,49041.425598887145,0.04,0
2026-10-06T09:50:59Z,7.65,12.3664,0.0958,7.966,70.323,52.555035,3.667,34.215,9.488,46.9282,0.12387,49026.41469907022,0.041,0
2026-10-06T09:50:59Z,7.655,12.366,0.0878,7.8336,70.343,52.568691,3.6643,34.168,9.487,46.818,0.12382,49060.36847269643,0.037,0
2026-10-06T09:50:59Z,7.67,12.3658,0.058,7.7602,70.386,52.599291,3.66,34.107,9.486,46.3687,0.12385,49134.288859037006,0.032,0
2026-10-06T09:50:59Z,7.685,12.3653,0.044,7.8305,70.399,52.607486,3.6583,34.032,9.486,45.7981,0.1239,49155.516367954406,0.028,0
2026-10-06T09:50:59Z,7.69,12.3643,0.0684,7.9658,70.395,52.604273,3.6582,33.924,9.487,45.6831,0.12388,49150.99817428855,0.025,0
2026-10-06T09:50:59Z,7.69,12.3628,0.0859,7.9619,70.423,52.623941,3.6513,33.786,9.487,45.8389,0.1238,49202.93026687334,0.023,0
2026-10-06T09:50:59Z,7.692,12.3615,0.0647,7.8511,70.466,52.654775,3.6451,33.619,9.487,45.5306,0.12373,49281.064370287255,0.02,0
2026-10-06T09:50:59Z,7.697,12.3608,0.0373,7.8556,70.475,52.659557,3.6392,33.451,9.487,44.8803,0.12381,49294.7800402779,0.019,0
2026-10-06T09:50:59Z,7.702,12.3603,0.0286,7.9816,70.423,52.618257,3.6261,33.334,9.488,44.6875,0.12387,49197.26157788387,0.02,0
2026-10-06T09:50:59Z,7.711,12.3597,0.043,8.1457,70.402,52.599946,3.6123,33.254,9.488,44.8344,0.12385,49155.265899379316,0.021,0
2026-10-06T09:50:59Z,7.718,12.359,0.0535,8.1661,70.444,52.628668,3.5938,33.177,9.488,44.5058,0.12382,49226.376686765914,0.021,0
2026-10-06T09:50:59Z,7.722,12.3577,0.0393,8.0231,70.473,52.648018,3.5721,33.109,9.487,43.8975,0.12381,49276.96560418224,0.019,0
2026-10-06T09:50:59Z,7.726,12.3557,0.029,7.9544,70.467,52.643381,3.5613,33.04,9.487,43.6741,0.12384,49272.21459270621,0.016,0
2026-10-06T09:50:59Z,7.73,12.3537,0.0293,8.0528,70.457,52.636102,3.5555,32.972,9.487,43.6972,0.12387,49261.119999137925,0.012,0
2026-10-06T09:50:59Z,7.732,12.3518,0.0513,8.2216,70.44,52.623516,3.5452,32.926,9.487,43.7472,0.12384,49236.96913829609,0.01,0
2026-10-06T09:50:59Z,7.733,12.3503,0.0865,8.2538,70.432,52.618216,3.5394,32.87,9.487,43.6757,0.12377,49229.03244347637,0.01,0
2026-10-06T09:50:59Z,7.736,12.3497,0.0891,8.0664,70.455,52.635535,3.533,32.797,9.487,43.4357,0.12376,49272.5224423024,0.009,0
2026-10-06T09:50:59Z,7.738,12.3502,0.0581,7.8685,70.465,52.642401,3.5223,32.752,9.487,43.3406,0.12378,49287.41492476856,0.009,0
2026-10-06T09:50:59Z,7.74,12.3505,0.0277,7.8761,70.46,52.637727,3.5206,32.738,9.487,43.3005,0.12377,49275.23247463287,0.01,0
2026-10-06T09:50:59Z,7.743,12.3507,0.0296,8.0566,70.467,52.642517,3.5155,32.775,9.486,43.2948,0.12382,49286.09658022441,0.01,0
2026-10-06T09:50:59Z,7.747,12.351,0.0552,8.2059,70.461,52.63681,3.5034,32.863,9.486,43.4434,0.12389,49271.43379559897,0.01,0
2026-10-06T09:50:59Z,7.749,12.3503,0.0712,8.1789,70.454,52.632239,3.501,32.947,9.487,43.3769,0.12389,49262.69204229154,0.01,0
2026-10-06T09:50:59Z,7.751,12.3498,0.0562,8.0704,70.477,52.650751,3.4974,32.997,9.488,43.0066,0.12388,49308.74774185386,0.013,0
2026-10-06T09:50:59Z,7.752,12.3496,0.0323,8.0214,70.503,52.670122,3.5007,33.037,9.488,42.9245,0.12382,49355.93733904011,0.022,0
2026-10-06T09:50:59Z,7.754,12.3485,0.0322,8.0996,70.513,52.675941,3.5139,33.082,9.487,43.2438,0.12375,49373.44409323452,0.036,0
2026-10-06T09:50:59Z,7.76,12.3487,0.0542,8.2642,70.491,52.657593,3.524,33.13,9.487,43.2539,0.12374,49328.70048933468,0.053,0
2026-10-06T09:50:59Z,7.774,12.3507,0.0897,8.269,70.466,52.638785,3.5272,33.154,9.487,42.8743,0.12379,49277.131256012886,0.067,0
2026-10-06T09:50:59Z,7.8,12.3513,0.0958,8.2264,70.465,52.639047,3.5311,33.134,9.488,42.4402,0.12382,49275.84199219961,0.074,0
2026-10-06T09:50:59Z,7.835,12.3491,0.0608,8.3637,70.493,52.660777,3.5364,33.094,9.488,42.2215,0.12377,49335.064337145835,0.077,0
2026-10-06T09:50:59Z,7.862,12.3468,0.0418,8.5288,70.56,52.710999,3.5421,33.024,9.488,42.294,0.12381,49463.21595723614,0.077,0
2026-10-06T09:50:59Z,7.873,12.3471,0.0574,8.651,70.596,52.738238,3.5475,32.899,9.488,42.1988,0.12391,49527.850310388436,0.073,0
2026-10-06T09:50:59Z,7.878,12.3485,0.067,8.679,70.592,52.736104,3.5416,32.728,9.487,41.9311,0.12392,49518.21846115152,0.065,0
2026-10-06T09:50:59Z,7.892,12.349,0.0498,8.5604,70.61,52.748703,3.539,32.52,9.486,41.7233,0.12385,49546.96575408754,0.057,0
2026-10-06T09:50:59Z,7.915,12.3491,0.0401,8.4804,70.632,52.763562,3.5331,32.262,9.487,41.4934,0.12386,49582.453569821664,0.054,0
2026-10-06T09:50:59Z,7.934,12.3495,0.0412,8.5666,70.668,52.788752,3.5183,31.932,9.487,41.302,0.12385,49641.91322106183,0.056,0
2026-10-06T09:50:59Z,7.944,12.35,0.0465,8.7144,70.769,52.862752,3.4997,31.52,9.486,41.1302,0.12379,49819.019822921524,0.058,0
2026-10-06T09:50:59Z,7.953,12.3495,0.0711,8.8332,70.902,52.959721,3.4779,31.039,9.485,40.707,0.12382,50055.43074947365,0.057,0
2026-10-06T09:50:59Z,7.967,12.3482,0.0978,8.8747,70.973,53.008618,3.4518,30.539,9.485,40.2291,0.1239,50178.313233903806,0.053,0
2026-10-06T09:50:59Z,7.984,12.3467,0.0861,8.8067,70.985,53.009419,3.4166,30.079,9.486,40.085,0.1239,50185.13394616656,0.05,0
2026-10-06T09:50:59Z,8.002,12.3454,0.0458,8.762,71.03,53.032896,3.3729,29.634,9.486,40.0822,0.12385,50246.40940514769,0.049,0
2026-10-06T09:50:59Z,8.015,12.345,0.0268,8.8813,71.135,53.101952,3.3192,29.119,9.486,39.7652,0.12384,50415.756465129656,0.047,0
2026-10-06T09:50:59Z,8.022,12.3426,0.0402,9.0198,71.205,53.14579,3.2626,28.532,9.486,39.1773,0.12384,50530.47446206685,0.045,0
2026-10-06T09:50:59Z,8.028,12.3362,0.074,8.933,71.177,53.118384,3.215,27.957,9.486,38.8254,0.12383,50484.579438748675,0.043,0
2026-10-06T09:50:59Z,8.038,12.3284,0.0855,8.7547,71.143,53.088109,3.1728,27.415,9.486,38.6933,0.12383,50436.27737958192,0.04,0
2026-10-06T09:50:59Z,8.051,12.3215,0.0713,8.7769,71.159,53.09727,3.1192,26.879,9.486,38.527,0.12387,50481.18706887679,0.038,0
2026-10-06T09:50:59Z,8.066,12.3156,0.0598,8.9276,71.168,53.102133,3.0505,26.344,9.486,38.1051,0.1239,50512.36861447954,0.036,0
2026-10-06T09:50:59Z,8.076,12.3108,0.0553,9.0066,71.144,53.083401,2.9893,25.842,9.486,37.5497,0.12387,50482.37059123032,0.035,0
2026-10-06T09:50:59Z,8.081,12.3074,0.0749,8.9799,71.115,53.061293,2.934,25.431,9.486,37.3187,0.12382,50439.561306898526,0.034,0
2026-10-06T09:50:59Z,8.085,12.3056,0.0725,8.912,71.066,53.025347,2.8759,25.159,9.486,37.2902,0.12378,50357.810988225065,0.033,0
2026-10-06T09:50:59Z,8.092,12.3047,0.035,8.9032,70.984,52.966309,2.8185,25.019,9.486,37.2061,0.12374,50217.00802281057,0.036,0
2026-10-06T09:50:59Z,8.102,12.304,0.0206,8.9763,70.916,52.919024,2.7617,24.962,9.487,36.9899,0.12373,50104.33842021861,0.041,0
2026-10-06T09:50:59Z,8.115,12.3036,0.0401,9.0785,70.882,52.898173,2.716,24.975,9.487,36.6546,0.1237,50054.99918290505,0.044,0
2026-10-06T09:50:59Z,8.129,12.3042,0.063,9.1479,70.883,52.904721,2.6863,25.051,9.487,36.336,0.12368,50068.948237745666,0.044,0
2026-10-06T09:50:59Z,8.144,12.3055,0.0717,9.1662,70.915,52.934692,2.675,25.172,9.486,36.3201,0.12373,50137.52620856611,0.043,0
2026-10-06T09:50:59Z,8.157,12.3075,0.0702,9.1635,70.92,52.943034,2.6683,25.347,9.486,36.4621,0.12381,50151.294709916234,0.041,0
2026-10-06T09:50:59Z,8.162,12.3109,0.0462,9.1837,70.915,52.942078,2.6693,25.592,9.486,36.2465,0.12381,50137.916285039086,0.04,0
2026-10-06T09:50:59Z,8.166,12.3153,0.0218,9.2396,70.971,52.986634,2.6791,25.902,9.487,35.6925,0.12374,50231.91822363279,0.037,0
2026-10-06T09:50:59Z,8.176,12.3197,0.0252,9.2922,71.036,53.037231,2.6907,26.269,9.487,35.1849,0.12374,50340.71701076969,0.036,0
2026-10-06T09:50:59Z,8.19,12.3228,0.0544,9.3757,71.046,53.045801,2.7086,26.687,9.487,35.0986,0.12379,50351.46776652501,0.038,0
2026-10-06T09:50:59Z,8.201,12.325,0.0666,9.4297,71.021,53.026741,2.7345,27.095,9.487,35.2519,0.12385,50297.88545210505,0.043,0
2026-10-06T09:50:59Z,8.209,12.327,0.0398,9.3987,70.983,52.997292,2.7686,27.401,9.486,35.2319,0.12386,50219.73441972407,0.045,0
2026-10-06T09:50:59Z,8.219,12.3286,0.0461,9.4788,70.997,53.007268,2.8068,27.576,9.486,35.0286,0.12376,50238.78040109191,0.045,0
2026-10-06T09:50:59Z,8.233,12.3294,0.0847,9.6461,71.099,53.083857,2.8538,27.624,9.486,34.8581,0.12376,50422.620796478834,0.043,0
2026-10-06T09:50:59Z,8.248,12.3288,0.0988,9.6792,71.287,53.224759,2.9026,27.548,9.487,34.8054,0.12386,50768.723451975326,0.043,0
2026-10-06T09:50:59Z,8.259,12.3281,0.0837,9.6059,71.747,53.567788,2.9357,27.375,9.488,34.6494,0.12388,51614.968161517994,0.043,0
2026-10-06T09:50:59Z,8.265,12.328,0.0607,9.6484,72.15,53.86547,2.9535,27.162,9.488,34.4345,0.12384,52354.687371755594,0.043,0
2026-10-06T09:50:59Z,8.273,12.3283,0.0537,9.8175,72.037,53.775634,2.9596,26.953,9.487,34.1867,0.12382,52129.84997528744,0.039,0
2026-10-06T09:50:59Z,8.287,12.3285,0.0562,9.9084,72.015,53.751764,2.9499,26.738,9.487,33.8046,0.12383,52069.80214760928,0.036,0
2026-10-06T09:50:59Z,8.301,12.3284,0.0751,9.9276,72.385,54.021423,2.9294,26.495,9.488,33.5133,0.12383,52743.27614751043,0.034,0
2026-10-06T09:50:59Z,8.307,12.327,0.0828,9.845,72.604,54.178154,2.9038,26.18,9.488,33.3318,0.12383,53141.81008913322,0.031,0
2026-10-06T09:50:59Z,8.311,12.3221,0.0574,9.6602,72.54,54.122569,2.8832,25.728,9.488,32.9878,0.12386,53018.815972570366,0.028,0
2026-10-06T09:50:59Z,8.318,12.3165,0.0421,9.5722,72.45,54.047939,2.8617,25.155,9.489,32.4508,0.12386,52850.54980204235,0.024,0
2026-10-06T09:50:59Z,8.324,12.3128,0.0562,9.6702,72.358,53.974409,2.836,24.534,9.489,32.0873,0.12385,52678.82587870474,0.021,0
2026-10-06T09:50:59Z,8.329,12.3083,0.0866,9.8195,72.22,53.868599,2.8081,23.9,9.488,32.0345,0.12386,52429.459939874025,0.021,0
2026-10-06T09:50:59Z,8.334,12.3021,0.085,9.84,72.111,53.784748,2.7582,23.268,9.488,31.9848,0.12386,52241.253431530575,0.021,0
2026-10-06T09:50:59Z,8.34,12.2967,0.0534,9.8159,72.029,53.722669,2.6932,22.698,9.488,31.6584,0.12385,52104.88393041191,0.021,0
2026-10-06T09:50:59Z,8.345,12.2933,0.0377,9.836,72.067,53.75308,2.6262,22.277,9.487,31.1849,0.12386,52192.13891865936,0.024,0
2026-10-06T09:50:59Z,8.35,12.2918,0.0444,10.0825,72.601,54.152453,2.5588,22.055,9.487,30.9055,0.12389,53198.52768112001,0.032,0
2026-10-06T09:50:59Z,8.355,12.2899,0.0678,10.5078,73.476,54.804368,2.4889,22.043,9.487,30.6905,0.12388,54865.19722626274,0.042,0
2026-10-06T09:50:59Z,8.363,12.2887,0.0871,10.7087,73.954,55.157263,2.4233,22.205,9.487,30.3911,0.12381,55781.41539839126,0.049,0
2026-10-06T09:50:59Z,8.38,12.291,0.0779,10.7004,73.993,55.180224,2.3772,22.465,9.488,30.0393,0.12377,55832.72490272005,0.053,0
2026-10-06T09:50:59Z,8.405,12.293,0.0487,10.6466,74.041,55.20901,2.3521,22.73,9.488,29.6206,0.12382,55900.29142273611,0.056,0
2026-10-06T09:50:59Z,8.425,12.2919,0.0502,10.9117,74.276,55.378282,2.3528,22.869,9.487,29.2001,0.12386,56345.58525305405,0.059,0
2026-10-06T09:50:59Z,8.434,12.2888,0.0793,11.5154,74.633,55.639037,2.373,22.701,9.487,28.741,0.12383,57041.09278083577,0.06,0
2026-10-06T09:50:59Z,8.439,12.2843,0.0847,11.8312,74.887,55.821231,2.4049,22.116,9.488,28.2854,0.12382,57538.99547893023,0.059,0
2026-10-06T09:50:59Z,8.453,12.2799,0.0662,11.7586,74.957,55.866279,2.4372,21.166,9.488,27.8216,0.12382,57674.86301159625,0.056,0
2026-10-06T09:50:59Z,8.475,12.2758,0.0543,11.765,75.052,55.929645,2.4606,19.983,9.488,27.3481,0.12386,57858.50135517818,0.056,0
2026-10-06T09:50:59Z,8.495,12.2719,0.0668,11.9761,75.347,56.142773,2.4488,18.645,9.488,26.9486,0.12391,58441.4851902426,0.06,0
2026-10-06T09:50:59Z,8.507,12.2675,0.0998,12.1251,75.716,56.410685,2.3824,17.192,9.488,26.52,0.1239,59177.701007777956,0.062,0
2026-10-06T09:50:59Z,8.518,12.2622,0.1371,12.2346,76.016,56.628296,2.2752,15.733,9.488,26.0365,0.12385,59786.73846581298,0.061,0
2026-10-06T09:50:59Z,8.534,12.2571,0.1344,12.2416,76.261,56.804861,2.1453,14.394,9.488,25.5765,0.12384,60286.99942508239,0.057,0
2026-10-06T09:50:59Z,8.554,12.2527,0.1014,12.0727,76.474,56.957581,2.0035,13.231,9.489,25.1755,0.12384,60721.84478305672,0.055,0
2026-10-06T09:50:59Z,8.569,12.2485,0.0962,11.9686,76.64,57.077412,1.842,12.207,9.49,24.8013,0.12381,61067.44286178586,0.054,0
2026-10-06T09:50:59Z,8.58,12.2442,0.1293,12.0417,76.774,57.173913,1.681,11.289,9.49,24.3213,0.12384,61350.36226729926,0.051,0
2026-10-06T09:50:59Z,8.59,12.2405,0.1768,12.2049,77.031,57.362138,1.5345,10.494,9.49,23.8458,0.12387,61885.80350413488,0.047,0
2026-10-06T09:50:59Z,8.602,12.237,0.2048,12.3023,77.746,57.892278,1.413,9.817,9.49,23.5258,0.12381,63381.3511881998,0.044,0
2026-10-06T09:50:59Z,8.613,12.2342,0.2019,12.2281,78.825,58.692634,1.3058,9.258,9.491,23.1193,0.12371,65671.09600785529,0.044,0
2026-10-06T09:50:59Z,8.623,12.232,0.1754,12.0599,79.12,58.908283,1.2038,8.826,9.491,22.4591,0.1237,66302.97359688292,0.042,0
2026-10-06T09:50:59Z,8.634,12.2302,0.1502,11.9424,78.446,58.40341,1.1214,8.519,9.49,21.5664,0.1238,64859.00616716162,0.039,0
2026-10-06T09:50:59Z,8.648,12.2285,0.1464,11.8666,78.488,58.432402,1.0477,8.331,9.49,20.7573,0.12389,64949.03388008062,0.039,0
2026-10-06T09:50:59Z,8.657,12.2266,0.1545,11.8258,79.942,59.512897,0.9875,8.25,9.49,20.1616,0.12391,68091.54240178458,0.043,0
2026-10-06T09:50:59Z,8.661,12.2244,0.1568,11.7567,81.326,60.541187,0.9418,8.28,9.491,19.5258,0.12389,71170.06495004115,0.046,0
2026-10-06T09:50:59Z,8.668,12.2221,0.133,11.6124,81.372,60.574039,0.9082,8.403,9.492,18.8356,0.12387,71280.19585667763,0.047,0
2026-10-06T09:50:59Z,8.686,12.2206,0.0997,11.3105,80.823,60.16427,0.8902,8.561,9.493,18.1831,0.12387,70052.89471787555,0.047,0
2026-10-06T09:50:59Z,8.708,12.2196,0.0956,10.9416,81.588,60.732551,0.8798,8.718,9.493,17.6589,0.12388,71772.90265572279,0.048,0
2026-10-06T09:50:59Z,8.721,12.2185,0.1157,10.8412,83.694,62.29883,0.8836,8.845,9.493,16.8854,0.12386,76640.01181445265,0.048,0
2026-10-06T09:50:59Z,8.726,12.2176,0.1351,10.7797,85.359,63.536534,0.9003,8.919,9.493,15.4558,0.12382,80626.90727723781,0.048,0
2026-10-06T09:50:59Z,8.734,12.2169,0.1307,10.4372,86.25,64.197724,0.9178,8.944,9.494,13.795,0.12377,82809.3658551704,0.045,0
2026-10-06T09:50:59Z,8.746,12.2161,0.1032,10.0824,86.588,64.447549,0.9355,8.924,9.494,12.379,0.12377,83646.3244799882,0.042,0
2026-10-06T09:50:59Z,8.76,12.2155,0.0861,10.0081,86.778,64.587395,0.9511,8.857,9.493,11.155,0.12379,84117.95641764216,0.042,0
2026-10-06T09:50:59Z,8.774,12.2147,0.1069,10.0855,87.589,65.189608,0.958,8.735,9.493,10.0078,0.12381,86157.77089698862,0.042,0
2026-10-06T09:50:59Z,8.784,12.2132,0.1472,10.027,88.952,66.200546,0.9605,8.549,9.494,8.8337,0.12383,89651.21779028827,0.041,0
2026-10-06T09:50:59Z,8.792,12.2119,0.1574,9.7797,90.577,67.40576,0.959,8.331,9.494,7.6274,0.12384,93925.88011825614,0.039,0
2026-10-06T09:50:59Z,8.799,12.2114,0.1294,9.5545,92.158,68.577044,0.9511,8.12,9.494,6.5218,0.12381,98193.82689083474,0.039,0
2026-10-06T09:50:59Z,8.808,12.2106,0.0921,9.4564,92.801,69.050041,0.94,7.898,9.494,5.1889,0.1238,99954.53771201229,0.041,0
2026-10-06T09:50:59Z,8.819,12.209,0.0887,9.3448,92.05,68.485206,0.9183,7.631,9.494,3.5565,0.12383,97870.61247119808,0.046,0
2026-10-06T09:50:59Z,8.831,12.2065,0.139,9.1966,91.97,68.420887,0.8918,7.299,9.492,2.1857,0.12386,97649.86486598417,0.051,0
2026-10-06T09:50:59Z,8.844,12.2035,0.2003,9.1674,93.568,69.606798,0.8716,6.905,9.49,1.1772,0.12383,102093.17284033496,0.055,0
2026-10-06T09:50:59Z,8.859,12.2003,0.2226,9.1969,94.508,70.303353,0.8487,6.469,9.488,-0.1203,0.12377,104770.22327335553,0.055,0
2026-10-06T09:50:59Z,8.877,12.1968,0.201,8.9374,93.991,69.915341,0.8213,6.009,9.486,-1.9729,0.12376,103309.49764011528,0.054,0
2026-10-06T09:50:59Z,8.895,12.1943,0.1632,8.4557,93.255,69.364509,0.7854,5.539,9.484,-3.5836,0.12381,101240.60816779832,0.054,0
2026-10-06T09:50:59Z,8.907,12.1928,0.1405,8.223,94.283,70.126203,0.7422,5.066,9.479,-4.7971,0.12385,104142.14171560325,0.056,0
2026-10-06T09:50:59Z,8.915,12.1911,0.1502,8.3101,98.437,73.213346,0.6951,4.622,9.473,-6.7513,0.1239,116393.27354040951,0.062,0
2026-10-06T09:50:59Z,8.925,12.1891,0.1982,8.2446,103.624,77.0685,0.6443,4.227,9.467,-9.5731,0.1239,132887.72660463766,0.072,0
2026-10-06T09:50:59Z,8.942,12.1875,0.2545,7.8757,107.137,79.674855,0.5952,3.87,9.462,-12.3291,0.12385,144813.12996929928,0.082,0
2026-10-06T09:50:59Z,8.968,12.186,0.2814,7.5734,108.69,80.819407,0.5419,3.527,9.459,-15.4668,0.12385,150258.52732830588,0.089,0
2026-10-06T09:50:59Z,9.003,12.1851,0.2661,7.3217,109.959,81.750274,0.494,3.172,9.457,-19.2032,0.12386,154775.74610748052,0.094,0
2026-10-06T09:50:59Z,9.036,12.1846,0.2531,6.8138,113.341,84.252257,0.4519,2.769,9.455,-21.8851,0.12381,167307.3055143042,0.098,0
2026-10-06T09:50:59Z,9.056,12.1815,0.2901,6.2492,119.491,88.809385,0.4148,2.297,9.455,-23.2866,0.12379,191720.96664924797,0.099,0
2026-10-06T09:50:59Z,9.071,12.1762,0.3383,6.0967,125.779,93.465491,0.3786,1.782,9.456,-25.3075,0.12377,218839.44673081225,0.098,0
2026-10-06T09:50:59Z,9.092,12.1703,0.3778,6.1314,129.404,96.139528,0.3423,1.251,9.459,-28.3374,0.1237,235466.58885333882,0.094,0
2026-10-06T09:50:59Z,9.122,12.1649,0.3862,5.9857,130.968,97.278707,0.3007,0.741,9.462,-31.4424,0.12371,242825.77088658395,0.088,0
2026-10-06T09:50:59Z,9.154,12.1593,0.3898,5.4965,131.812,97.883696,0.2477,0.274,9.467,-34.4567,0.12383,246836.08604548665,0.081,0
2026-10-06T09:50:59Z,9.178,12.1525,0.4297,4.7593,132.057,98.044515,0.1924,-0.136,9.472,-37.0778,0.12388,247996.28524068196,0.071,0
2026-10-06T09:50:59Z,9.192,12.1444,0.4428,4.3138,131.526,97.631975,0.1335,-0.46,9.476,-38.957,0.12387,245442.29447955388,0.056,0
2026-10-06T09:50:59Z,9.2,12.1355,0.4326,4.2093,129.965,96.459835,0.0776,-0.68,9.479,-40.8311,0.12386,238045.43895769355,0.04,0
2026-10-06T09:50:59Z,9.205,12.1269,0.43120000000000003,4.2475,126.995,94.246132,0.0276,-0.8,9.484,-42.8738,0.12384,224321.05272573576,0.026,0
2026-10-06T09:50:59Z,9.208,12.1185,0.4506,4.3995,122.592,90.975496,-0.0181,-0.815,9.49,-44.4687,0.12381,204881.19380223806,0.016,0
2026-10-06T09:50:59Z,9.212,12.1114,0.4926,4.5102,118.705,88.092997,-0.053900000000000003,-0.74,9.495,-46.4347,0.12381,188625.27046726237,0.011,0
2026-10-06T09:50:59Z,9.214,12.1061,0.5145,4.4929,117.401,87.133598,-0.0763,-0.609,9.499,-48.8332,0.12384,183430.95369115265,0.008,0
2026-10-06T09:50:59Z,9.215,12.1025,0.4989,4.4294,117.651,87.327853,-0.0901,-0.408,9.502,-50.411,0.12384,184532.6398298027,0.006,0
2026-10-06T09:50:59Z,9.215,12.1012,0.4624,4.3917,117.295,87.070219,-0.0916,-0.12,9.507,-51.6592,0.12384,183145.99807495964,0.005,0
2026-10-06T09:50:59Z,9.215,12.1022,0.4392,4.3782,115.835,85.990591,-0.0807,0.221,9.511,-53.3418,0.12384,177328.20034990023,0.005,0
2026-10-06T09:50:59Z,9.216,12.1061,0.4435,4.4713,114.185,84.769826,-0.0678,0.608,9.515,-54.7518,0.12383,170857.23917257515,0.005,0
2026-10-06T09:50:59Z,9.218,12.1108,0.4561,4.6986,113.843,84.522759,-0.0486,1.052,9.518,-55.6294,0.12382,169521.8656095623,0.006,0
2026-10-06T09:50:59Z,9.22,12.1134,0.4582,4.8717,114.869,85.293217,-0.014,1.535,9.522,-56.2961,0.1238,173510.41401914987,0.006,0
2026-10-06T09:50:59Z,9.223,12.115,0.4514,4.8557,115.138,85.498485,0.0222,2.07,9.526,-56.6181,0.12383,174572.11256629837,0.006,0
2026-10-06T09:50:59Z,9.225,12.116,0.4492,4.8136,114.251,84.841933,0.0623,2.65,9.53,-56.253,0.12386,171120.7007722603,0.005,0
2026-10-06T09:50:59Z,9.227,12.1188,0.4075,5.1132,113.846,84.542497,0.1125,3.189,9.533,-55.6666,0.12384,169534.42798517217,0.003,0
2026-10-06T09:50:59Z,9.227,12.1241,0.313,5.6774,113.597,84.358829,0.1628,3.631,9.535,-55.7229,0.12384,168526.1394552996,0.002,0
2026-10-06T09:50:59Z,9.226,12.1267,0.2558,5.998,113.141,84.020498,0.2193,3.973,9.538,-55.6436,0.12382,166758.05599510734,0.001,0
2026-10-06T09:50:59Z,9.226,12.1265,0.2646,6.0529,113.045,83.949988,0.2867,4.183,9.541,-54.9653,0.12376,166399.2042633482,0,0
2026-10-06T09:50:59Z,9.226,12.1273,0.3034,6.3067,112.444,83.506322,0.3474,4.286,9.542,-54.7497,0.12376,164129.69473779513,0,0
2026-10-06T09:50:59Z,9.226,12.128,0.3329,6.7104,110.702,82.217806,0.3925,4.365,9.544,-54.7574,0.12382,157664.02907487075,0,0
2026-10-06T09:50:59Z,9.227,12.1277,0.3139,6.8008,108.832,80.835987,0.4323,4.424,9.548,-54.3695,0.12384,150917.41647464386,0.001,0
2026-10-06T09:50:59Z,9.227,12.128,0.2739,6.6477,107.729,80.026893,0.455,4.451,9.551,-54.4476,0.1238,147046.2645788518,0.001,0
2026-10-06T09:50:59Z,9.227,12.1292,0.265,6.5679,107.079,79.557566,0.4592,4.481,9.553,-55.3577,0.12376,144819.2373966115,0.001,0
2026-10-06T09:50:59Z,9.227,12.1311,0.2899,6.6555,106.359,79.040405,0.4698,4.53,9.554,-56.1678,0.12381,142384.10804382956,0.002,0
2026-10-06T09:50:59Z,9.227,12.1349,0.3253,6.8178,104.893,77.97079,0.4775,4.575,9.555,-56.3266,0.12391,137429.86034373302,0.003,0
2026-10-06T09:50:59Z,9.227,12.1396,0.3431,6.8905,102.176,75.971852,0.4771,4.572,9.557,-56.8486,0.12397,128481.32709713657,0.005,0
2026-10-06T09:50:59Z,9.228,12.1452,0.3213,6.8175,99.601,74.072492,0.4806,4.511,9.559,-58.0045,0.12392,120312.26708942279,0.008,0
2026-10-06T09:50:59Z,9.231,12.1536,0.2791,6.6531,98.488,73.252249,0.4858,4.445,9.561,-58.5145,0.12384,116840.74686032505,0.01,0
2026-10-06T09:50:59Z,9.234,12.1639,0.2574,6.6098,98.209,73.047448,0.4932,4.42,9.562,-58.6276,0.12378,115921.35166717207,0.012,0
2026-10-06T09:50:59Z,9.238,12.1751,0.2587,6.6356,98.905,73.566889,0.4936,4.45,9.564,-59.5436,0.12376,117972.71338643706,0.015,0
2026-10-06T09:50:59Z,9.242,12.1832,0.2775,6.6246,100.685,74.891973,0.4838,4.535,9.566,-60.9861,0.12379,123467.02354341488,0.017,0
2026-10-06T09:50:59Z,9.246,12.1864,0.3099,6.6136,102.736,76.417978,0.475,4.677,9.567,-61.8726,0.12379,130035.64357066738,0.019,0
2026-10-06T09:50:59Z,9.251,12.1868,0.3263,6.4675,104.054,77.394887,0.4721,4.865,9.57,-62.0884,0.12377,134365.14457324872,0.019,0
2026-10-06T09:50:59Z,9.257,12.1872,0.3089,6.2588,103.413,76.912246,0.4753,5.081,9.572,-61.8743,0.12381,132210.06417841298,0.018,0
2026-10-06T09:50:59Z,9.263,12.1883,0.2741,6.1056,102.088,75.9233,0.4842,5.305,9.574,-61.1769,0.12384,127858.75107798893,0.017,0
2026-10-06T09:50:59Z,9.268,12.1892,0.2721,6.0501,102.096,75.928424,0.4996,5.502,9.575,-60.2813,0.12384,127873.43871005686,0.016,0
2026-10-06T09:50:59Z,9.271,12.1877,0.3178,6.1341,103.333,76.847057,0.5214,5.649,9.577,-59.5632,0.12381,131916.75044961614,0.016,0
2026-10-06T09:50:59Z,9.272,12.1837,0.3678,6.2678,104.552,77.747724,0.5439,5.716,9.579,-59.4641,0.12376,135979.3782136615,0.015,0
2026-10-06T09:50:59Z,9.276,12.1817,0.3861,6.3345,104.962,78.044079,0.5711,5.698,9.58,-59.5121,0.12386,137339.11839963304,0.014,0
2026-10-06T09:50:59Z,9.281,12.1822,0.3564,6.3936,105.186,78.204881,0.5917,5.632,9.581,-59.0259,0.12394,138066.03227270822,0.014,0
2026-10-06T09:50:59Z,9.286,12.1819,0.3008,6.4691,105.82,78.674589,0.609,5.543,9.582,-58.7475,0.12387,140219.06188675304,0.015,0
2026-10-06T09:50:59Z,9.29,12.1788,0.2633,6.4961,106.195,78.954309,0.6178,5.466,9.582,-58.814,0.12378,141538.24149949854,0.016,0
2026-10-06T09:50:59Z,9.292,12.1737,0.2528,6.5497,105.541,78.471205,0.6119,5.395,9.583,-58.7973,0.12378,139360.76384267418,0.018,0
2026-10-06T09:50:59Z,9.295,12.1705,0.2981,6.6053,105.737,78.619671,0.6065,5.298,9.584,-59.061,0.12379,140071.80052113632,0.019,0
2026-10-06T09:50:59Z,9.301,12.1705,0.3943,6.5872,106.376,79.095507,0.5934,5.186,9.586,-59.766,0.12376,142270.2606463264,0.02,0
2026-10-06T09:50:59Z,9.309,12.1712,0.4499,6.5362,102.926,76.530042,0.5859,5.077,9.589,-60.4379,0.12376,130658.99619113238,0.021,0
2026-10-06T09:50:59Z,9.315,12.1728,0.4374,6.4664,98.219,73.032121,0.5813,5.007,9.591,-60.6462,0.12377,115790.77865587648,0.024,0
2026-10-06T09:50:59Z,9.319,12.1744,0.4104,6.3924,97.967,72.850757,0.568,4.977,9.593,-60.65,0.12377,115038.40610529987,0.025,0
2026-10-06T09:50:59Z,9.324,12.1745,0.4153,6.359,100.727,74.910558,0.5573,4.956,9.593,-61.0852,0.12375,123616.84644177026,0.025,0
2026-10-06T09:50:59Z,9.332,12.1739,0.4546,6.4379,104.242,77.530588,0.5429,4.968,9.593,-61.8651,0.12375,135088.68992059538,0.024,0
2026-10-06T09:50:59Z,9.341,12.1743,0.503,6.6639,107.2,79.733203,0.5346,5.029,9.592,-62.2506,0.12379,145213.22321697124,0.024,0
2026-10-06T09:50:59Z,9.348,12.1779,0.5764,7.5884,109.852,81.703874,0.5357,5.139,9.592,-62.5625,0.12383,154622.41542044037,0.024,0
2026-10-06T09:50:59Z,9.351,12.1826,0.6599,9.1102,113.799,84.632137,0.5295,5.271,9.593,-63.227,0.12386,169284.0291918846,0.023,0
2026-10-06T09:50:59Z,9.355,12.1855,0.6803,9.8283,117.549,87.408232,0.5313,5.345,9.593,-63.6606,0.12388,183959.4747788461,0.022,0
2026-10-06T09:50:59Z,9.363,12.1867,0.6638,9.8485,120.48,89.572357,0.5375,5.299,9.592,-63.9326,0.12389,195935.375645095,0.022,0
2026-10-06T09:50:59Z,9.37,12.1862,0.6608,10.4481,123.382,91.713002,0.5493,5.112,9.591,-64.365,0.12389,208262.79334253588,0.022,0
2026-10-06T09:50:59Z,9.374,12.1831,0.6523,16.7365,125.731,93.439895,0.5686,4.793,9.591,-64.7585,0.1239,218584.86470154807,0.023,0
2026-10-06T09:50:59Z,9.379,12.1773,0.6356,28.1859,127.157,94.481128,0.5779,4.35,9.591,-65.0764,0.12388,225016.41558301452,0.024,0
2026-10-06T09:50:59Z,9.385,12.1704,0.6331,34.3449,127.21,94.50283,0.5745,3.805,9.591,-65.3703,0.12387,225252.69597390128,0.026,0
2026-10-06T09:50:59Z,9.392,12.1636,0.6231,34.0897,127.008,94.338538,0.5533,3.23,9.591,-65.3866,0.12387,224343.78935135872,0.028,0
2026-10-06T09:50:59Z,9.398,12.156,0.4558,25.6815,128.221,95.230841,0.5191,2.702,9.59,-65.1867,0.12382,229979.93326672644,0.029,0
2026-10-06T09:50:59Z,9.408,12.1485,0.1507,10.2917,130.293,96.764233,0.4716,2.247,9.589,-65.4486,0.12383,239783.53173683796,0.029,0
2026-10-06T09:50:59Z,9.418,12.141,-0.0201,1.9353,132.035,98.05028,0.4097,1.863,9.588,-65.9723,0.12388,248222.8298174309,0.028,0
2026-10-06T09:50:59Z,9.425,12.1352,-0.0362,1.1968,132.65,98.496818,0.3446,1.565,9.589,-66.1845,0.12387,251248.98367251919,0.027,0
2026-10-06T09:50:59Z,9.43,12.1325,-0.019,1.0893,132.634,98.471973,0.287,1.383,9.589,-66.4648,0.12391,251130.2750374372,0.025,0
2026-10-06T09:50:59Z,9.435,12.1305,0.0132,1.011,132.019,98.004483,0.2389,1.285,9.589,-66.8663,0.12391,248096.03478281657,0.023,0
2026-10-06T09:50:59Z,9.44,12.1281,0.0372,1.0018,131.253,97.426883,0.1975,1.226,9.59,-67.1678,0.1238,244376.6998382433,0.022,0
2026-10-06T09:50:59Z,9.445,12.124,0.0457,1.012,132.262,98.171083,0.1626,1.193,9.59,-67.6153,0.12373,249293.8833548488,0.022,0
2026-10-06T09:50:59Z,9.45,12.1187,0.0322,0.7934,134.042,99.492054,0.1452,1.156,9.589,-68.0613,0.12381,258139.0913245245,0.022,0
2026-10-06T09:50:59Z,9.456,12.1144,-6e-4,0.3738,139.487,103.533167,0.1379,1.11,9.589,-68.2581,0.12391,286171.85886337503,0.021,0
2026-10-06T09:50:59Z,9.464,12.1104,-0.0263,0.1403,147.302,109.333936,0.1294,1.062,9.589,-68.5318,0.1239,329513.00053406577,0.02,0
2026-10-06T09:50:59Z,9.469,12.109,-0.0374,0.1224,150.556,111.749433,0.1296,1.008,9.588,-68.9615,0.12388,348670.1983870634,0.018,0
2026-10-06T09:50:59Z,9.473,12.1095,-0.0431,0.0889,152.161,112.940484,0.1242,0.954,9.588,-69.4099,0.12389,358333.2804393609,0.015,0
2026-10-06T09:50:59Z,9.476,12.1089,-0.0281,0.0771,151.777,112.653858,0.1193,0.912,9.589,-69.9097,0.12381,356004.45523450436,0.012,0
2026-10-06T09:50:59Z,9.478,12.1091,-0.0142,0.15,148.471,110.196098,0.1146,0.885,9.589,-70.2727,0.1237,336292.53157858126,0.009,0
2026-10-06T09:50:59Z,9.479,12.1095,-0.0162,0.1849,148.607,110.292056,0.108,0.84,9.589,-70.6148,0.12379,337040.1594383264,0.008,0
2026-10-06T09:50:59Z,9.481,12.1093,-0.0036,0.1227,160.053,118.781183,0.1026,0.771,9.589,-71.2072,0.12396,408150.15448233276,0.008,0
2026-10-06T09:50:59Z,9.482,12.1087,0.0225,0.0812,183.85,136.436338,0.0961,0.688,9.589,-71.8423,0.12394,583614.552112471,0.011,0
2026-10-06T09:50:59Z,9.484,12.1076,0.0499,0.1616,216.474,160.636719,0.0969,0.608,9.588,-72.0991,0.12384,889156.0078428307,0.017,0
2026-10-06T09:50:59Z,9.488,12.1062,0.0519,0.241,253.243,187.896666,0.091,0.54,9.587,-72.3332,0.12379,1331412.1983059882,0.024,0
2026-10-06T09:50:59Z,9.493,12.1039,0.039,0.256,274.086,203.322962,0.0835,0.459,9.585,-73.0373,0.12376,1631304.4532720328,0.03,0
2026-10-06T09:50:59Z,9.503,12.1024,0.0439,0.2742,265.618,197.003799,0.074,0.359,9.584,-73.8158,0.12379,1504216.8424978033,0.034,0
2026-10-06T09:50:59Z,9.518,12.1016,0.0525,0.2557,246.659,182.918782,0.064,0.263,9.584,-74.6049,0.12387,1242893.5686226573,0.034,0
2026-10-06T09:50:59Z,9.532,12.0971,0.0519,0.204,233.114,172.866663,0.0591,0.15,9.585,-75.6082,0.12386,1074893.8219822359,0.031,0
2026-10-06T09:50:59Z,9.538,12.0882,0.0529,0.1955,214.663,159.185733,0.0504,-0.015,9.586,-76.8266,0.12381,869730.8837892885,0.025,0
2026-10-06T09:50:59Z,9.541,12.0797,0.0559,0.152,193.714,143.657481,0.0378,-0.21,9.587,-77.9793,0.12379,667925.7222853961,0.018,0
2026-10-06T09:50:59Z,9.543,12.075,0.0474,0.0881,183.624,136.186978,0.0284,-0.392,9.588,-78.791,0.1238,582170.6650328415,0.01,0
2026-10-06T09:50:59Z,9.543,12.0744,0.0247,0.0718,180.654,133.999907,0.0192,-0.563,9.591,-79.4135,0.12385,558381.2047772751,0.005,0
2026-10-06T09:50:59Z,9.544,12.0749,-0.0013,-0.0111,178.893,132.708186,-5e-4,-0.727,9.593,-79.9134,0.12388,544582.959024609,0.004,0
2026-10-06T09:50:59Z,9.544,12.0762,-0.0173,-0.0934,179.098,132.874279,-0.0235,-0.846,9.594,-80.4472,0.12386,546295.778728232,0.004,0
2026-10-06T09:50:59Z,9.545,12.0798,-0.0276,-0.1044,182.102,135.115038,-0.0428,-0.902,9.597,-80.9638,0.12385,570241.9783842252,0.005,0
2026-10-06T09:50:59Z,9.546,12.0847,-0.0344,-0.1091,187.604,139.206228,-0.06,-0.907,9.6,-81.4273,0.12385,615647.7867005314,0.006,0
2026-10-06T09:50:59Z,9.548,12.0889,-0.0332,-0.1159,195.619,145.160895,-0.0803,-0.876,9.602,-82.007,0.12381,685678.583246384,0.007,0
2026-10-06T09:50:59Z,9.551,12.0925,-0.0294,-0.0504,204.054,151.425214,-0.0937,-0.847,9.603,-82.4664,0.12381,764398.2413559512,0.007,0
2026-10-06T09:50:59Z,9.554,12.0959,-0.0218,0.0337,207.368,153.88735,-0.0982,-0.831,9.605,-82.7657,0.12381,796665.9051332799,0.007,0
2026-10-06T09:50:59Z,9.556,12.0985,4e-4,0.0464,204.506,151.765205,-0.0998,-0.819,9.609,-83.1304,0.12375,768523.1173591589,0.006,0
2026-10-06T09:50:59Z,9.557,12.1003,0.0143,0.0359,202.663,150.400902,-0.0933,-0.818,9.611,-83.7791,0.1237,750750.7199372408,0.005,0
2026-10-06T09:50:59Z,9.557,12.1014,0.013,0.0432,203.446,150.986316,-0.0903,-0.849,9.612,-84.5861,0.12375,758251.0302751518,0.004,0
2026-10-06T09:50:59Z,9.558,12.1021,0.0268,0.1337,203.279,150.866821,-0.0895,-0.929,9.615,-85.3162,0.12376,756669.8555719947,0.004,0
2026-10-06T09:50:59Z,9.559,12.1023,0.0308,0.2084,202.077,149.977369,-0.0875,-1.027,9.618,-86.2406,0.12376,745213.8153677584,0.003,0
2026-10-06T09:50:59Z,9.56,12.103,0.0273,0.1955,198.657,147.442663,-0.0871,-1.114,9.621,-87.3313,0.12381,713143.6751010601,0.003,0
2026-10-06T09:50:59Z,9.561,12.1044,0.0435,0.1826,192.487,142.869785,-0.0884,-1.169,9.623,-88.2653,0.12382,657441.5007135987,0.003,0
2026-10-06T09:50:59Z,9.561,12.1056,0.051,0.1889,185.403,137.620085,-0.0997,-1.193,9.624,-89.0153,0.12384,596887.56980733,0.003,0
2026-10-06T09:50:59Z,9.562,12.106,0.0433,0.2032,180.732,134.163127,-0.1107,-1.213,9.625,-89.6023,0.12379,558961.4092380236,0.003,0
2026-10-06T09:50:59Z,9.563,12.1068,0.0419,0.2182,183.556,136.272557,-0.121,-1.238,9.628,-90.3724,0.12374,581882.66574251,0.002,0
2026-10-06T09:50:59Z,9.563,12.1084,0.051,0.1658,188.867,140.22782,-0.1276,-1.265,9.63,-91.443,0.12379,626379.1965277987,0.002,0
2026-10-06T09:50:59Z,9.564,12.1105,0.038,0.0133,186.775,138.684033,-0.1275,-1.278,9.63,-92.566,0.12386,608663.7381123771,0.002,0
2026-10-06T09:50:59Z,9.564,12.1134,0.0013,-0.0882,181.746,134.95689,-0.1307,-1.266,9.631,-93.5404,0.12391,567252.8889322493,0.002,0
2026-10-06T09:50:59Z,9.565,12.1171,-0.0192,-0.0707,180.706,134.193442,-0.1324,-1.227,9.633,-94.0174,0.12389,558874.6877040451,0.002,0
2026-10-06T09:50:59Z,9.565,12.1209,-0.0268,-0.0472,181.352,134.682151,-0.1368,-1.18,9.635,-94.3764,0.12384,563997.5843185701,0.002,0
2026-10-06T09:50:59Z,9.566,12.1232,-0.0318,-0.0783,180.14,133.788241,-0.1381,-1.147,9.637,-95.1278,0.12384,554307.0390659872,0.002,0
2026-10-06T09:50:59Z,9.567,12.1247,-0.0303,-0.1057,179.092,133.012932,-0.1372,-1.118,9.639,-96.2192,0.12383,546003.928716908,0.002,0
2026-10-06T09:50:59Z,9.567,12.1272,-0.0328,-0.0363,179.788,133.532804,-0.1326,-1.093,9.64,-97.3332,0.12382,551434.4295944916,0.001,0
2026-10-06T09:50:59Z,9.567,12.1301,-0.03,0.1119,179.233,133.124426,-0.1252,-1.068,9.643,-98.1866,0.1239,546989.028887233,0.001,0
2026-10-06T09:50:59Z,9.567,12.132,-0.0046,0.2169,177.321,131.709726,-0.1238,-1.054,9.645,-98.7943,0.12395,532051.6775784207,0.001,0
2026-10-06T09:50:59Z,9.567,12.1327,0.0254,0.2431,173.733,129.051567,-0.1193,-1.076,9.645,-99.1743,0.1239,504764.5267484524,0.001,0
2026-10-06T09:50:59Z,9.568,12.1333,0.0413,0.2239,168.63,125.270701,-0.1173,-1.1,9.646,-99.5113,0.12384,467465.64347244287,0.001,0
2026-10-06T09:50:59Z,9.568,12.1341,0.0462,0.1894,165.593,123.027903,-0.1153,-1.101,9.647,-99.7708,0.12384,446148.3722732301,0.001,0
2026-10-06T09:50:59Z,9.568,12.1356,0.0424,0.0995,164.632,122.329753,-0.1102,-1.091,9.648,-99.9035,0.12384,439599.94241365563,0.001,0
2026-10-06T09:50:59Z,9.568,12.1378,0.0206,-0.0434,163.985,121.863671,-0.1159,-1.078,9.649,-100.1688,0.12378,435226.7572849297,0.001,0
2026-10-06T09:50:59Z,9.568,12.1404,-0.017,-0.0701,163.527,121.534551,-0.1199,-1.073,9.65,-100.3981,0.1237,432125.0137733406,0,0
2026-10-06T09:50:59Z,9.568,12.1445,-0.0461,-0.0186,163.947,121.855085,-0.1175,-1.063,9.651,-100.439,0.12372,434954.0796151379,1.8628e-8,0
2026-10-06T09:50:59Z,9.568,12.1497,-0.0485,-0.0356,166.079,123.445198,-0.1185,-1.043,9.653,-100.4045,0.1238,449598.1952370882,2.049e-7,0
2026-10-06T09:50:59Z,9.568,12.1543,-0.0299,-0.0021,170.851,126.995661,-0.1142,-1.03,9.654,-100.4118,0.12386,483581.97958988283,2.049e-7,0
2026-10-06T09:50:59Z,9.568,12.1579,-0.012,0.0793,178.128,132.405183,-0.1156,-1.012,9.656,-100.4416,0.12391,538402.3222852295,1.8627e-8,0
2026-10-06T09:50:59Z,9.569,12.1602,0.0098,0.0939,182.802,135.875825,-0.1154,-0.99,9.658,-100.4196,0.1239,575477.0004426446,1.6934e-9,0
