"CH4_GC_headspace_ppm","CO2_GC_headspace_ppm","CH4_standard_dev","CO2_standard_dev","CH4_tvalue","CO2_tvalue","CH4_umolL","CO2_umolL"
3.82229290928492,273.451711784847,1.6197521090871,115.87913260678,2.35980116206744,2.35980116206744,0.0197649523684147,7.32439798504556
