"CH4_GC_headspace_ppm","CO2_GC_headspace_ppm","CH4_standard_dev","CO2_standard_dev","CH4_tvalue","CO2_tvalue","CH4_umolL","CO2_umolL"
3.85491395403294,265.941918948262,1.63315278859268,112.66756968198,2.36041231473193,2.36041231473193,0.019933634730273,7.12324835185671
