"CH4_GC_headspace_ppm","CO2_GC_headspace_ppm","CH4_standard_dev","CO2_standard_dev","CH4_tvalue","CO2_tvalue","CH4_umolL","CO2_umolL"
2.71636374619084,287.422741604577,1.15379453546347,122.084823542624,2.35428723459824,2.35428723459824,0.0140462286206095,7.69861170633745
