"CH4_GC_headspace_ppm","CO2_GC_headspace_ppm","CH4_standard_dev","CO2_standard_dev","CH4_tvalue","CO2_tvalue","CH4_umolL","CO2_umolL"
4.04618352302968,245.612929412575,1.71170180898909,103.904356585343,2.36383668100421,2.36383668100421,0.0209226834532436,6.57873682175389
