"CH4_GC_headspace_ppm","CO2_GC_headspace_ppm","CH4_standard_dev","CO2_standard_dev","CH4_tvalue","CO2_tvalue","CH4_umolL","CO2_umolL"
2.96847328004808,284.467233440607,1.26076688341991,120.81862745761,2.35449813846308,2.35449813846308,0.0153498788239226,7.61944848625858
