"CH4_GC_headspace_ppm","CO2_GC_headspace_ppm","CH4_standard_dev","CO2_standard_dev","CH4_tvalue","CO2_tvalue","CH4_umolL","CO2_umolL"
3.96950108947992,251.750187481451,1.6800419986465,106.550137813763,2.3627392009711,2.3627392009711,0.020526161082359,6.74312314188323
