"CH4_GC_headspace_ppm","CO2_GC_headspace_ppm","CH4_standard_dev","CO2_standard_dev","CH4_tvalue","CO2_tvalue","CH4_umolL","CO2_umolL"
1.78783199939111,299.41016729327,0.758339606964178,126.999957861581,2.35756115462339,2.35756115462339,0.00924482114514446,8.01969463533819
