"CH4_GC_headspace_ppm","CO2_GC_headspace_ppm","CH4_standard_dev","CO2_standard_dev","CH4_tvalue","CO2_tvalue","CH4_umolL","CO2_umolL"
1.77301425899247,298.315213508958,0.752218377562405,126.563102789374,2.35704725100974,2.35704725100974,0.00916819909127852,7.9903663227115
