"CH4_GC_headspace_ppm","CO2_GC_headspace_ppm","CH4_standard_dev","CO2_standard_dev","CH4_tvalue","CO2_tvalue","CH4_umolL","CO2_umolL"
3.41521748030398,274.186871233572,1.44778585383804,116.233849167563,2.35892447163394,2.35892447163394,0.0176599785594699,7.34408921443953
