"CH4_GC_headspace_ppm","CO2_GC_headspace_ppm","CH4_standard_dev","CO2_standard_dev","CH4_tvalue","CO2_tvalue","CH4_umolL","CO2_umolL"
3.58843491904632,271.969330802915,1.52084307583893,115.265480055603,2.35950373582551,2.35950373582551,0.0185556803037827,7.28469244359452
