"CH4_GC_headspace_ppm","CO2_GC_headspace_ppm","CH4_standard_dev","CO2_standard_dev","CH4_tvalue","CO2_tvalue","CH4_umolL","CO2_umolL"
3.39494814972808,273.389568961011,1.43986458174861,115.949917349403,2.35782461264875,2.35782461264875,0.0175551665100324,7.3227334908988
