"CH4_GC_headspace_ppm","CO2_GC_headspace_ppm","CH4_standard_dev","CO2_standard_dev","CH4_tvalue","CO2_tvalue","CH4_umolL","CO2_umolL"
3.29595844654626,276.498136827407,1.39834211856987,117.30699785885,2.35704725100974,2.35704725100974,0.0170432939731058,7.40599641168434
