"CH4_GC_headspace_ppm","CO2_GC_headspace_ppm","CH4_standard_dev","CO2_standard_dev","CH4_tvalue","CO2_tvalue","CH4_umolL","CO2_umolL"
3.23055002264208,277.843314416698,1.37102233742517,117.914716596154,2.35630735871829,2.35630735871829,0.0167050691395724,7.44202696333173
