"CH4_GC_headspace_ppm","CO2_GC_headspace_ppm","CH4_standard_dev","CO2_standard_dev","CH4_tvalue","CO2_tvalue","CH4_umolL","CO2_umolL"
4.15687833241508,240.062687663459,1.75824710188504,101.540023811518,2.36421736623848,2.36421736623848,0.0214950827138075,6.43007372062206
