"CH4_GC_headspace_ppm","CO2_GC_headspace_ppm","CH4_standard_dev","CO2_standard_dev","CH4_tvalue","CO2_tvalue","CH4_umolL","CO2_umolL"
2.25917011841585,288.13805904677,0.959683030987654,122.399461463665,2.35407946735375,2.35407946735375,0.0116820952350794,7.71777146803017
