"Year","CH4_GC_headspace_ppm","CO2_GC_headspace_ppm","CH4_STDEV","CO2_STDEV","CH4_tvalue","CO2_tvalue","CH4_umolL_MDL","CO2_umolL_MDL"
2023,1.77301425899247,298.315213508958,0.752218377562405,126.563102789374,2.35704725100974,2.35704725100974,0.00858265228679003,7.48004434776585
2024,4.15687833241508,240.062687663459,1.75824710188504,101.540023811518,2.36421736623848,2.36421736623848,0.0201222529061238,6.01940319719099
2025,3.65655677750098,214.540733956028,1.53479116823553,90.0506251478249,2.38244580316731,2.38244580316731,0.0177003401010604,5.37945814267073
