"CH4_GC_headspace_ppm","CO2_GC_headspace_ppm","CH4_standard_dev","CO2_standard_dev","CH4_tvalue","CO2_tvalue","CH4_umolL","CO2_umolL"
3.60051723963948,274.746433736703,1.52615276802957,116.456887287535,2.35921155146751,2.35921155146751,0.018618157590765,7.35907708357258
