"CH4_GC_headspace_ppm","CO2_GC_headspace_ppm","CH4_standard_dev","CO2_standard_dev","CH4_tvalue","CO2_tvalue","CH4_umolL","CO2_umolL"
3.59341060474567,274.401226993237,1.52332584105868,116.324719291741,2.35892447163394,2.35892447163394,0.0185814094127709,7.34983072866859
