"CH4_GC_headspace_ppm","CO2_GC_headspace_ppm","CH4_standard_dev","CO2_standard_dev","CH4_tvalue","CO2_tvalue","CH4_umolL","CO2_umolL"
3.7080570909505,274.545943408318,1.57192700976223,116.38606776509,2.35892447163394,2.35892447163394,0.0191742426656962,7.35370695461029
