"CH4_GC_headspace_ppm","CO2_GC_headspace_ppm","CH4_standard_dev","CO2_standard_dev","CH4_tvalue","CO2_tvalue","CH4_umolL","CO2_umolL"
2.98346275054925,285.951534524391,1.26690101230637,121.42678452842,2.3549296445173,2.3549296445173,0.0154273888885657,7.6592054575948
