"CH4_GC_headspace_ppm","CO2_GC_headspace_ppm","CH4_standard_dev","CO2_standard_dev","CH4_tvalue","CO2_tvalue","CH4_umolL","CO2_umolL"
3.07077905377124,281.94916433868,1.30321668028978,119.657209954157,2.35630735871829,2.35630735871829,0.0158788986538106,7.55200206167421
