"CH4_GC_headspace_ppm","CO2_GC_headspace_ppm","CH4_standard_dev","CO2_standard_dev","CH4_tvalue","CO2_tvalue","CH4_umolL","CO2_umolL"
3.13000985658173,279.828330848167,1.32862094365496,118.781025628754,2.35583359688072,2.35583359688072,0.0161851792095075,7.49519558405836
