"CH4_GC_headspace_ppm","CO2_GC_headspace_ppm","CH4_standard_dev","CO2_standard_dev","CH4_tvalue","CO2_tvalue","CH4_umolL","CO2_umolL"
3.09490703425104,279.457220966221,1.31318376966182,118.575027561837,2.35679659294606,2.35679659294606,0.0160036636564536,7.48525541416944
