"CH4_GC_headspace_ppm","CO2_GC_headspace_ppm","CH4_standard_dev","CO2_standard_dev","CH4_tvalue","CO2_tvalue","CH4_umolL","CO2_umolL"
4.06078967252731,241.288361548639,1.71732200200948,102.04168290706,2.36460586178694,2.36460586178694,0.0209982113774394,6.46290336822728
