"CH4_GC_headspace_ppm","CO2_GC_headspace_ppm","CH4_standard_dev","CO2_standard_dev","CH4_tvalue","CO2_tvalue","CH4_umolL","CO2_umolL"
3.37169229756726,274.733588200679,1.43031830343937,116.545771408776,2.35730207007743,2.35730207007743,0.0174349112545734,7.35873301617745
