"CH4_GC_headspace_ppm","CO2_GC_headspace_ppm","CH4_standard_dev","CO2_standard_dev","CH4_tvalue","CO2_tvalue","CH4_umolL","CO2_umolL"
3.91730467340963,259.098421050861,1.65936415597343,109.753687447265,2.36072634165804,2.36072634165804,0.0202562551118026,6.93994541371373
