"CH4_GC_headspace_ppm","CO2_GC_headspace_ppm","CH4_standard_dev","CO2_standard_dev","CH4_tvalue","CO2_tvalue","CH4_umolL","CO2_umolL"
3.79976518242447,272.957746456927,1.61060807796608,115.698715652328,2.35921155146751,2.35921155146751,0.0196484622252119,7.31116713478361
