"CH4_GC_headspace_ppm","CO2_GC_headspace_ppm","CH4_standard_dev","CO2_standard_dev","CH4_tvalue","CO2_tvalue","CH4_umolL","CO2_umolL"
3.77425548694558,273.632739744758,1.60018133524429,116.012814809649,2.35864236372273,2.35864236372273,0.0195165524192292,7.32924681490351
