"CH4_GC_headspace_ppm","CO2_GC_headspace_ppm","CH4_standard_dev","CO2_standard_dev","CH4_tvalue","CO2_tvalue","CH4_umolL","CO2_umolL"
2.82843472510489,286.2226997802,1.20128985404557,121.564207295163,2.35449813846308,2.35449813846308,0.0146257440090657,7.66646861290766
