"CH4_GC_headspace_ppm","CO2_GC_headspace_ppm","CH4_standard_dev","CO2_standard_dev","CH4_tvalue","CO2_tvalue","CH4_umolL","CO2_umolL"
2.06273322756232,290.82675223331,0.876002249154047,123.508404124376,2.35471225051568,2.35471225051568,0.0106663264587807,7.78978805490528
