"CH4_GC_headspace_ppm","CO2_GC_headspace_ppm","CH4_standard_dev","CO2_standard_dev","CH4_tvalue","CO2_tvalue","CH4_umolL","CO2_umolL"
2.9874917651166,283.894657097213,1.26849298862037,120.542050103541,2.35515039650778,2.35515039650778,0.0154482227919072,7.60411204170512
