"CH4_GC_headspace_ppm","CO2_GC_headspace_ppm","CH4_standard_dev","CO2_standard_dev","CH4_tvalue","CO2_tvalue","CH4_umolL","CO2_umolL"
3.58909529847939,274.991621396129,1.52131134499017,116.56081508463,2.35921155146751,2.35921155146751,0.0185590951043617,7.36564442954725
