"CH4_GC_headspace_ppm","CO2_GC_headspace_ppm","CH4_standard_dev","CO2_standard_dev","CH4_tvalue","CO2_tvalue","CH4_umolL","CO2_umolL"
3.95190398278372,250.106082456613,1.67208161279745,105.82184778435,2.3634635729126,2.3634635729126,0.0204351670157276,6.69908582555954
