"CH4_GC_headspace_ppm","CO2_GC_headspace_ppm","CH4_standard_dev","CO2_standard_dev","CH4_tvalue","CO2_tvalue","CH4_umolL","CO2_umolL"
2.97788278082024,285.337055846547,1.26464827291236,121.17703799437,2.35471225051568,2.35471225051568,0.0153985350465058,7.64274665995013
