"CH4_GC_headspace_ppm","CO2_GC_headspace_ppm","CH4_standard_dev","CO2_standard_dev","CH4_tvalue","CO2_tvalue","CH4_umolL","CO2_umolL"
3.22113324138248,276.661121922619,1.36674214950217,117.388629443318,2.35679659294606,2.35679659294606,0.0166563752698253,7.41036196381481
