"CH4_GC_headspace_ppm","CO2_GC_headspace_ppm","CH4_standard_dev","CO2_standard_dev","CH4_tvalue","CO2_tvalue","CH4_umolL","CO2_umolL"
3.30022959675432,275.592172709003,1.40044964207929,116.947305729804,2.35654999479623,2.35654999479623,0.0170653799519736,7.38173018303267
