"CH4_GC_headspace_ppm","CO2_GC_headspace_ppm","CH4_standard_dev","CO2_standard_dev","CH4_tvalue","CO2_tvalue","CH4_umolL","CO2_umolL"
2.19567617147885,288.709086040054,0.932628839510972,122.631207355343,2.35428723459824,2.35428723459824,0.0113537700997021,7.7330664132756
