"CH4_GC_headspace_ppm","CO2_GC_headspace_ppm","CH4_standard_dev","CO2_standard_dev","CH4_tvalue","CO2_tvalue","CH4_umolL","CO2_umolL"
3.41533350316161,272.707259141006,1.44817844515155,115.634029344066,2.35836509968507,2.35836509968507,0.0176605785098947,7.30445783762823
