"CH4_GC_headspace_ppm","CO2_GC_headspace_ppm","CH4_standard_dev","CO2_standard_dev","CH4_tvalue","CO2_tvalue","CH4_umolL","CO2_umolL"
3.52917210480463,278.339628650683,1.49454299020646,117.871990524411,2.361372090285,2.361372090285,0.0182492342180157,7.4553207289901
