"CH4_GC_headspace_ppm","CO2_GC_headspace_ppm","CH4_standard_dev","CO2_standard_dev","CH4_tvalue","CO2_tvalue","CH4_umolL","CO2_umolL"
2.92671613612999,284.466569839494,1.24303183269469,120.818345613636,2.35449813846308,2.35449813846308,0.015133953990277,7.61943071171761
