"CH4_GC_headspace_ppm","CO2_GC_headspace_ppm","CH4_standard_dev","CO2_standard_dev","CH4_tvalue","CO2_tvalue","CH4_umolL","CO2_umolL"
2.70990978051101,288.652532330066,1.15115475840637,122.618006882556,2.35407946735375,2.35407946735375,0.0140128553739021,7.73155162341827
