"CH4_GC_headspace_ppm","CO2_GC_headspace_ppm","CH4_standard_dev","CO2_standard_dev","CH4_tvalue","CO2_tvalue","CH4_umolL","CO2_umolL"
3.94146691923899,258.410261910312,1.66914267152335,109.432250416377,2.361372090285,2.361372090285,0.0203811972994542,6.9215130865232
