"CH4_GC_headspace_ppm","CO2_GC_headspace_ppm","CH4_standard_dev","CO2_standard_dev","CH4_tvalue","CO2_tvalue","CH4_umolL","CO2_umolL"
3.96232249234318,258.62640453256,1.67749834734433,109.492694504635,2.36204256094557,2.36204256094557,0.0204890407899463,6.92730246182658
