"CH4_GC_headspace_ppm","CO2_GC_headspace_ppm","CH4_standard_dev","CO2_standard_dev","CH4_tvalue","CO2_tvalue","CH4_umolL","CO2_umolL"
3.10985904505842,278.87171356686,1.31966605925003,118.338976123006,2.35654999479623,2.35654999479623,0.0160809800182379,7.46957261157105
