"CH4_GC_headspace_ppm","CO2_GC_headspace_ppm","CH4_standard_dev","CO2_standard_dev","CH4_tvalue","CO2_tvalue","CH4_umolL","CO2_umolL"
3.46425256399702,274.729312951936,1.46783896147165,116.40559744406,2.36010397252556,2.36010397252556,0.0179135373830807,7.35861850373549
