"CH4_GC_headspace_ppm","CO2_GC_headspace_ppm","CH4_standard_dev","CO2_standard_dev","CH4_tvalue","CO2_tvalue","CH4_umolL","CO2_umolL"
3.49608562851624,276.367785557822,1.48093642487201,117.068963344441,2.36072634165804,2.36072634165804,0.0180781451247937,7.40250495584351
