"CH4_GC_headspace_ppm","CO2_GC_headspace_ppm","CH4_standard_dev","CO2_standard_dev","CH4_tvalue","CO2_tvalue","CH4_umolL","CO2_umolL"
2.65461110334555,289.226671040759,1.12766418473104,122.861897846585,2.35407946735375,2.35407946735375,0.0137269077120794,7.7469299159449
