"CH4_GC_headspace_ppm","CO2_GC_headspace_ppm","CH4_standard_dev","CO2_standard_dev","CH4_tvalue","CO2_tvalue","CH4_umolL","CO2_umolL"
3.01628604750525,282.908485385866,1.2807190793326,120.123320279403,2.35515039650778,2.35515039650778,0.0155971170900161,7.57769745447011
