"CH4_GC_headspace_ppm","CO2_GC_headspace_ppm","CH4_standard_dev","CO2_standard_dev","CH4_tvalue","CO2_tvalue","CH4_umolL","CO2_umolL"
3.03271256681735,282.632595357078,1.28719196873274,119.959408889024,2.35606858998902,2.35606858998902,0.015682058087341,7.57030774621868
