"CH4_GC_headspace_ppm","CO2_GC_headspace_ppm","CH4_standard_dev","CO2_standard_dev","CH4_tvalue","CO2_tvalue","CH4_umolL","CO2_umolL"
3.0264668410998,283.521642982077,1.28491954549801,120.372209499244,2.35537458489418,2.35537458489418,0.0156497616427085,7.59412086697279
