"CH4_GC_headspace_ppm","CO2_GC_headspace_ppm","CH4_standard_dev","CO2_standard_dev","CH4_tvalue","CO2_tvalue","CH4_umolL","CO2_umolL"
3.43648015127577,273.329178785764,1.4564419200097,115.841808019065,2.35950373582551,2.35950373582551,0.0177699271398002,7.32111594140531
