"CH4_GC_headspace_ppm","CO2_GC_headspace_ppm","CH4_standard_dev","CO2_standard_dev","CH4_tvalue","CO2_tvalue","CH4_umolL","CO2_umolL"
3.05154198296931,282.089370450364,1.2953130420628,119.740787644709,2.35583359688072,2.35583359688072,0.0157794243861049,7.55575747924031
