"CH4_GC_headspace_ppm","CO2_GC_headspace_ppm","CH4_standard_dev","CO2_standard_dev","CH4_tvalue","CO2_tvalue","CH4_umolL","CO2_umolL"
2.97266373012767,283.620361453692,1.26207684722098,120.414121504344,2.35537458489418,2.35537458489418,0.0153715475050496,7.59676503902738
