"CH4_GC_headspace_ppm","CO2_GC_headspace_ppm","CH4_standard_dev","CO2_standard_dev","CH4_tvalue","CO2_tvalue","CH4_umolL","CO2_umolL"
2.29654893328853,287.149091387475,0.975646183567803,121.989961139641,2.35387476727513,2.35387476727513,0.0118753798715738,7.69128199139191
