"CH4_GC_headspace_ppm","CO2_GC_headspace_ppm","CH4_standard_dev","CO2_standard_dev","CH4_tvalue","CO2_tvalue","CH4_umolL","CO2_umolL"
2.82685606811217,285.440560832117,1.20051019715598,121.220994526871,2.35471225051568,2.35471225051568,0.0146175808250796,7.64551903867399
