"CH4_GC_headspace_ppm","CO2_GC_headspace_ppm","CH4_standard_dev","CO2_standard_dev","CH4_tvalue","CO2_tvalue","CH4_umolL","CO2_umolL"
3.15996978829159,277.513482624196,1.341204497067,117.786673869919,2.35606858998902,2.35606858998902,0.0163401010423603,7.43319242614548
