"CH4_GC_headspace_ppm","CO2_GC_headspace_ppm","CH4_standard_dev","CO2_standard_dev","CH4_tvalue","CO2_tvalue","CH4_umolL","CO2_umolL"
2.92969632804028,285.551518839602,1.24418443374501,121.268116211255,2.35471225051568,2.35471225051568,0.0151493644657569,7.64849104642314
