"CH4_GC_headspace_ppm","CO2_GC_headspace_ppm","CH4_standard_dev","CO2_standard_dev","CH4_tvalue","CO2_tvalue","CH4_umolL","CO2_umolL"
2.81882101481415,286.325845090075,1.19731397825601,121.618909061849,2.35428723459824,2.35428723459824,0.014576031825701,7.66923135772606
