"CH4_GC_headspace_ppm","CO2_GC_headspace_ppm","CH4_standard_dev","CO2_standard_dev","CH4_tvalue","CO2_tvalue","CH4_umolL","CO2_umolL"
3.14052684243646,277.92013564541,1.33281714323752,117.947318976496,2.35630735871829,2.35630735871829,0.0162395622014476,7.44408461822486
